// Liberation Mono Bold, cap height 50px, U+0020..U+045F (ASCII + Cyrillic)
#pragma once

static const uint8_t LibMono50_bitmap[] PROGMEM = {
  0xFF,0xFF,0xFF,0xFF,0xFF,0xFF,0xFF,0xFF,0xDF,0xFB,0xFF,0x7F,0xEF,0xFD,0xFF,0xBF,0xF7,0xFE,0xFF,0xDF,0xFB,0xFF,0x7F,0xEF,
  0xFD,0xFF,0xBF,0xF7,0xFE,0xFF,0xDF,0xFB,0xFF,0x7F,0xCF,0xF9,0xFF,0x3F,0xE7,0xFC,0xFF,0x9F,0xF3,0xFE,0x7F,0xCF,0xF8,0x00,
  0x00,0x00,0x00,0x00,0x00,0x00,0x00,0xFF,0xFF,0xFF,0xFF,0xFF,0xFF,0xFF,0xFF,0xFF,0xFF,0xFF,0xFF,0xFF,0xFC,0xFF,0xC0,0x7F,
  0xFF,0xF8,0x0F,0xFF,0xFF,0x01,0xFF,0xFF,0xE0,0x3F,0xFF,0xFC,0x07,0xFE,0xFF,0x80,0xFF,0xDF,0xF0,0x0F,0xFB,0xFE,0x01,0xFF,
  0x7F,0xC0,0x3F,0xEF,0xF8,0x07,0xFD,0xFF,0x00,0xFF,0xBF,0xE0,0x1F,0xF7,0xFC,0x03,0xFE,0xFF,0x80,0x7F,0xDF,0xF0,0x0F,0xFB,
  0xFE,0x01,0xFE,0x7F,0x80,0x3F,0xCF,0xF0,0x07,0xF9,0xFE,0x00,0xFF,0x3F,0xC0,0x1F,0xE7,0xF8,0x03,0xFC,0xFF,0x00,0x7F,0x8F,
  0xE0,0x0F,0xF0,0x00,0x03,0xF0,0x00,0xF8,0x00,0x01,0xF8,0x00,0xFC,0x00,0x00,0xFC,0x00,0x7E,0x00,0x00,0x7E,0x00,0x3F,0x00,
  0x00,0x3E,0x00,0x1F,0x80,0x00,0x3F,0x00,0x1F,0x80,0x00,0x1F,0x80,0x0F,0xC0,0x00,0x0F,0xC0,0x07,0xE0,0x00,0x07,0xE0,0x03,
  0xF0,0x00,0x07,0xE0,0x01,0xF0,0x00,0x03,0xF0,0x01,0xF8,0x00,0x01,0xF8,0x00,0xFC,0x00,0x00,0xFC,0x00,0x7E,0x00,0x00,0x7E,
  0x00,0x3F,0x00,0xFF,0xFF,0xFF,0xFF,0xFE,0x7F,0xFF,0xFF,0xFF,0xFF,0x3F,0xFF,0xFF,0xFF,0xFF,0x9F,0xFF,0xFF,0xFF,0xFF,0xCF,
  0xFF,0xFF,0xFF,0xFF,0xE7,0xFF,0xFF,0xFF,0xFF,0xF0,0x03,0xF0,0x01,0xF8,0x00,0x01,0xF8,0x00,0xFC,0x00,0x00,0xFC,0x00,0x7E,
  0x00,0x00,0xFC,0x00,0x3E,0x00,0x00,0x7E,0x00,0x3F,0x00,0x00,0x3F,0x00,0x1F,0x80,0x00,0x1F,0x80,0x0F,0xC0,0x00,0x0F,0x80,
  0x07,0xE0,0x00,0x0F,0xC0,0x07,0xE0,0x00,0x07,0xE0,0x03,0xF0,0x00,0x03,0xF0,0x01,0xF8,0x01,0xFF,0xFF,0xFF,0xFF,0xFE,0xFF,
  0xFF,0xFF,0xFF,0xFF,0x7F,0xFF,0xFF,0xFF,0xFF,0xBF,0xFF,0xFF,0xFF,0xFF,0xDF,0xFF,0xFF,0xFF,0xFF,0xEF,0xFF,0xFF,0xFF,0xFF,
  0xE0,0x1F,0x80,0x07,0xC0,0x00,0x0F,0xC0,0x07,0xE0,0x00,0x07,0xE0,0x03,0xF0,0x00,0x03,0xF0,0x01,0xF8,0x00,0x01,0xF0,0x00,
  0xFC,0x00,0x01,0xF8,0x00,0xFC,0x00,0x00,0xFC,0x00,0x7E,0x00,0x00,0x7E,0x00,0x3F,0x00,0x00,0x3E,0x00,0x1F,0x80,0x00,0x3F,
  0x00,0x0F,0x80,0x00,0x1F,0x80,0x0F,0xC0,0x00,0x0F,0xC0,0x07,0xE0,0x00,0x07,0xE0,0x03,0xF0,0x00,0x00,0x00,0x00,0x3C,0x00,
  0x00,0x00,0x00,0x3C,0x00,0x00,0x00,0x00,0x3C,0x00,0x00,0x00,0x00,0x3C,0x00,0x00,0x00,0x00,0x3C,0x00,0x00,0x00,0x07,0xFF,
  0xC0,0x00,0x00,0x7F,0xFF,0xFC,0x00,0x01,0xFF,0xFF,0xFF,0x00,0x03,0xFF,0xFF,0xFF,0x80,0x07,0xFF,0xFF,0xFF,0xC0,0x0F,0xFF,
  0xFF,0xFF,0xE0,0x1F,0xFF,0xFF,0xFF,0xF0,0x3F,0xFF,0x3D,0xFF,0xF0,0x3F,0xF8,0x3C,0x7F,0xF8,0x3F,0xF0,0x3C,0x3F,0xF8,0x3F,
  0xF0,0x3C,0x1F,0xFC,0x7F,0xE0,0x3C,0x0F,0xFC,0x7F,0xE0,0x3C,0x0F,0xFC,0x7F,0xE0,0x3C,0x0F,0xFC,0x7F,0xE0,0x3C,0x07,0x80,
  0x7F,0xF0,0x3C,0x00,0x00,0x3F,0xF0,0x3C,0x00,0x00,0x3F,0xF8,0x3C,0x00,0x00,0x3F,0xFE,0x3C,0x00,0x00,0x1F,0xFF,0xFC,0x00,
  0x00,0x1F,0xFF,0xFE,0x00,0x00,0x0F,0xFF,0xFF,0xC0,0x00,0x07,0xFF,0xFF,0xF8,0x00,0x07,0xFF,0xFF,0xFF,0x00,0x01,0xFF,0xFF,
  0xFF,0xC0,0x00,0xFF,0xFF,0xFF,0xE0,0x00,0x3F,0xFF,0xFF,0xF0,0x00,0x07,0xFF,0xFF,0xF8,0x00,0x00,0x7F,0xFF,0xFC,0x00,0x00,
  0x3F,0xFF,0xFC,0x00,0x00,0x3C,0x7F,0xFE,0x00,0x00,0x3C,0x1F,0xFE,0x00,0x00,0x3C,0x07,0xFE,0x00,0x00,0x3C,0x07,0xFF,0x00,
  0x00,0x3C,0x03,0xFF,0x03,0x80,0x3C,0x03,0xFF,0xFF,0x80,0x3C,0x03,0xFF,0xFF,0xC0,0x3C,0x03,0xFF,0xFF,0xC0,0x3C,0x03,0xFF,
  0xFF,0xE0,0x3C,0x07,0xFF,0x7F,0xE0,0x3C,0x07,0xFE,0x7F,0xF8,0x3C,0x0F,0xFE,0x7F,0xFC,0x3C,0x3F,0xFE,0x3F,0xFF,0xFF,0xFF,
  0xFC,0x1F,0xFF,0xFF,0xFF,0xF8,0x0F,0xFF,0xFF,0xFF,0xF8,0x07,0xFF,0xFF,0xFF,0xF0,0x03,0xFF,0xFF,0xFF,0xC0,0x01,0xFF,0xFF,
  0xFF,0x80,0x00,0x7F,0xFF,0xFC,0x00,0x00,0x07,0xFF,0xC0,0x00,0x00,0x00,0x3C,0x00,0x00,0x00,0x00,0x3C,0x00,0x00,0x00,0x00,
  0x3C,0x00,0x00,0x00,0x00,0x3C,0x00,0x00,0x00,0x00,0x3C,0x00,0x00,0x00,0x00,0x3C,0x00,0x00,0x01,0xFE,0x00,0x00,0x00,0x00,
  0x3F,0xFE,0x00,0x00,0x3F,0x81,0xFF,0xFC,0x00,0x00,0xFC,0x0F,0xFF,0xF8,0x00,0x07,0xF0,0x3F,0xFF,0xF0,0x00,0x3F,0x81,0xFE,
  0x3F,0xC0,0x00,0xFC,0x07,0xF0,0x3F,0x80,0x07,0xF0,0x3F,0x80,0xFE,0x00,0x3F,0x80,0xFE,0x03,0xF8,0x00,0xFC,0x03,0xF8,0x07,
  0xE0,0x07,0xF0,0x0F,0xE0,0x1F,0x80,0x3F,0x80,0x3F,0x80,0x7E,0x00,0xFC,0x00,0xFE,0x01,0xF8,0x07,0xF0,0x03,0xF8,0x07,0xE0,
  0x3F,0x80,0x0F,0xE0,0x1F,0x81,0xFC,0x00,0x3F,0x80,0xFE,0x07,0xE0,0x00,0xFE,0x03,0xF8,0x3F,0x80,0x01,0xF8,0x0F,0xE1,0xFC,
  0x00,0x07,0xF0,0x7F,0x07,0xE0,0x00,0x1F,0xE3,0xFC,0x3F,0x80,0x00,0x3F,0xFF,0xF1,0xFC,0x00,0x00,0xFF,0xFF,0x87,0xE0,0x00,
  0x01,0xFF,0xFC,0x3F,0x80,0x00,0x01,0xFF,0xE1,0xFC,0x00,0x00,0x01,0xFC,0x07,0xE0,0x00,0x00,0x00,0x00,0x3F,0x80,0x00,0x00,
  0x00,0x01,0xFC,0x00,0x00,0x00,0x00,0x0F,0xE0,0x7F,0x80,0x00,0x00,0x3F,0x07,0xFF,0x80,0x00,0x01,0xFC,0x3F,0xFF,0x00,0x00,
  0x0F,0xE1,0xFF,0xFE,0x00,0x00,0x3F,0x0F,0xFF,0xFC,0x00,0x01,0xFC,0x7F,0x87,0xF0,0x00,0x0F,0xE1,0xFC,0x0F,0xE0,0x00,0x3F,
  0x07,0xF0,0x3F,0x80,0x01,0xFC,0x1F,0x80,0x7E,0x00,0x0F,0xE0,0xFE,0x01,0xFC,0x00,0x3F,0x03,0xF8,0x07,0xF0,0x01,0xF8,0x0F,
  0xE0,0x1F,0xC0,0x0F,0xE0,0x3F,0x80,0x7F,0x00,0x7F,0x00,0xFE,0x01,0xFC,0x01,0xF8,0x03,0xF8,0x07,0xF0,0x0F,0xE0,0x0F,0xE0,
  0x1F,0x80,0x7F,0x00,0x1F,0x80,0x7E,0x01,0xF8,0x00,0x7F,0x03,0xF8,0x0F,0xE0,0x01,0xFC,0x0F,0xE0,0x7F,0x00,0x03,0xFC,0xFF,
  0x01,0xF8,0x00,0x0F,0xFF,0xFC,0x0F,0xE0,0x00,0x1F,0xFF,0xE0,0x7F,0x00,0x00,0x3F,0xFF,0x01,0xF8,0x00,0x00,0x7F,0xF8,0x00,
  0x00,0x00,0x00,0x7F,0x80,0x00,0x00,0x7F,0xC0,0x00,0x00,0x00,0x3F,0xFF,0x80,0x00,0x00,0x07,0xFF,0xFC,0x00,0x00,0x00,0xFF,
  0xFF,0xF0,0x00,0x00,0x1F,0xFF,0xFF,0x00,0x00,0x03,0xFF,0xFF,0xF8,0x00,0x00,0x7F,0xE0,0xFF,0xC0,0x00,0x07,0xFC,0x07,0xFC,
  0x00,0x00,0x7F,0x80,0x3F,0xC0,0x00,0x07,0xF8,0x03,0xFC,0x00,0x00,0x7F,0x00,0x3F,0xC0,0x00,0x0F,0xF0,0x03,0xFC,0x00,0x00,
  0xFF,0x00,0x3F,0xC0,0x00,0x07,0xF0,0x03,0xFC,0x00,0x00,0x7F,0x80,0x7F,0xC0,0x00,0x07,0xF8,0x0F,0xF8,0x00,0x00,0x7F,0x83,
  0xFF,0x80,0x00,0x07,0xFC,0x7F,0xF0,0x00,0x00,0x3F,0xDF,0xFE,0x00,0x00,0x03,0xFF,0xFF,0xC0,0x00,0x00,0x3F,0xFF,0xF8,0x00,
  0x00,0x01,0xFF,0xFE,0x00,0x00,0x00,0x3F,0xFF,0x80,0x00,0x00,0x0F,0xFF,0xF0,0x00,0x00,0x01,0xFF,0xFC,0x00,0x78,0x00,0x3F,
  0xFF,0x80,0x0F,0xF0,0x07,0xFF,0xFC,0x00,0xFF,0x00,0xFF,0xFF,0xC0,0x0F,0xF0,0x1F,0xFF,0xFE,0x00,0xFF,0x03,0xFF,0x9F,0xF0,
  0x1F,0xE0,0x3F,0xF1,0xFF,0x01,0xFE,0x07,0xFE,0x0F,0xF8,0x1F,0xE0,0x7F,0xC0,0xFF,0xC3,0xFE,0x0F,0xFC,0x07,0xFE,0x3F,0xC0,
  0xFF,0x80,0x3F,0xE7,0xFC,0x0F,0xF8,0x03,0xFF,0x7F,0x80,0xFF,0x80,0x1F,0xFF,0xF8,0x0F,0xF8,0x00,0xFF,0xFF,0x80,0xFF,0x80,
  0x07,0xFF,0xF0,0x0F,0xF8,0x00,0x7F,0xFF,0x00,0xFF,0x80,0x03,0xFF,0xE0,0x0F,0xFC,0x00,0x1F,0xFE,0x00,0x7F,0xE0,0x01,0xFF,
  0xF0,0x07,0xFE,0x00,0x3F,0xFF,0xC0,0x7F,0xF8,0x0F,0xFF,0xFF,0xF3,0xFF,0xFF,0xFF,0xFF,0xFF,0x1F,0xFF,0xFF,0xFF,0xFF,0xF1,
  0xFF,0xFF,0xFF,0xFF,0xFF,0x0F,0xFF,0xFF,0xF1,0xFF,0xF0,0x3F,0xFF,0xFC,0x07,0xFF,0x00,0xFF,0xFF,0x00,0x1F,0xF0,0x01,0xFF,
  0x80,0x00,0x3E,0xFF,0xFF,0xFF,0xFF,0xFF,0xFF,0xFF,0xFF,0xFF,0xFE,0xFF,0xBF,0xEF,0xFB,0xFE,0xFF,0xBF,0xE7,0xF9,0xFE,0x7F,
  0x9F,0xE7,0xF9,0xFE,0x7F,0x9F,0xE7,0xF8,0x00,0x3F,0xF8,0x01,0xFF,0x80,0x1F,0xFC,0x01,0xFF,0xC0,0x0F,0xFC,0x00,0xFF,0xE0,
  0x07,0xFE,0x00,0x7F,0xF0,0x03,0xFF,0x00,0x3F,0xF8,0x01,0xFF,0x80,0x1F,0xFC,0x00,0xFF,0xC0,0x0F,0xFE,0x00,0x7F,0xF0,0x03,
  0xFF,0x00,0x3F,0xF8,0x01,0xFF,0xC0,0x0F,0xFC,0x00,0x7F,0xE0,0x07,0xFF,0x00,0x3F,0xF8,0x01,0xFF,0x80,0x0F,0xFC,0x00,0x7F,
  0xE0,0x07,0xFF,0x00,0x3F,0xF8,0x01,0xFF,0xC0,0x0F,0xFC,0x00,0x7F,0xE0,0x03,0xFF,0x00,0x1F,0xF8,0x00,0xFF,0xC0,0x07,0xFE,
  0x00,0x3F,0xF0,0x01,0xFF,0x80,0x0F,0xFC,0x00,0x7F,0xE0,0x03,0xFF,0x00,0x1F,0xF8,0x00,0xFF,0xC0,0x07,0xFE,0x00,0x3F,0xF0,
  0x01,0xFF,0xC0,0x0F,0xFE,0x00,0x7F,0xF0,0x01,0xFF,0x80,0x0F,0xFC,0x00,0x7F,0xE0,0x03,0xFF,0x80,0x1F,0xFC,0x00,0x7F,0xE0,
  0x03,0xFF,0x00,0x1F,0xFC,0x00,0xFF,0xE0,0x03,0xFF,0x00,0x1F,0xFC,0x00,0xFF,0xE0,0x03,0xFF,0x00,0x1F,0xFC,0x00,0x7F,0xE0,
  0x03,0xFF,0x80,0x0F,0xFC,0x00,0x7F,0xF0,0x01,0xFF,0x80,0x0F,0xFE,0x00,0x3F,0xF0,0x01,0xFF,0xC0,0x07,0xFF,0x00,0x1F,0xF8,
  0x00,0xFF,0xE0,0xFF,0xC0,0x07,0xFF,0x00,0x1F,0xFC,0x00,0x7F,0xE0,0x03,0xFF,0x80,0x0F,0xFC,0x00,0x7F,0xF0,0x01,0xFF,0x80,
  0x0F,0xFE,0x00,0x3F,0xF0,0x01,0xFF,0xC0,0x07,0xFE,0x00,0x3F,0xF8,0x00,0xFF,0xC0,0x07,0xFF,0x00,0x3F,0xF8,0x00,0xFF,0xC0,
  0x07,0xFF,0x00,0x3F,0xF8,0x00,0xFF,0xC0,0x07,0xFE,0x00,0x3F,0xF8,0x01,0xFF,0xC0,0x0F,0xFE,0x00,0x3F,0xF0,0x01,0xFF,0x80,
  0x0F,0xFC,0x00,0x7F,0xE0,0x03,0xFF,0x80,0x1F,0xFC,0x00,0xFF,0xE0,0x07,0xFF,0x00,0x3F,0xF8,0x01,0xFF,0xC0,0x0F,0xFE,0x00,
  0x7F,0xF0,0x03,0xFF,0x80,0x1F,0xFC,0x00,0xFF,0xE0,0x07,0xFF,0x00,0x3F,0xF8,0x01,0xFF,0xC0,0x0F,0xFE,0x00,0x7F,0xE0,0x03,
  0xFF,0x00,0x1F,0xF8,0x00,0xFF,0xC0,0x0F,0xFE,0x00,0x7F,0xF0,0x03,0xFF,0x80,0x1F,0xF8,0x00,0xFF,0xC0,0x0F,0xFE,0x00,0x7F,
  0xF0,0x03,0xFF,0x00,0x3F,0xF8,0x01,0xFF,0x80,0x0F,0xFC,0x00,0xFF,0xE0,0x07,0xFE,0x00,0x7F,0xF0,0x03,0xFF,0x00,0x3F,0xF8,
  0x01,0xFF,0x80,0x1F,0xFC,0x00,0xFF,0xC0,0x0F,0xFE,0x00,0x7F,0xE0,0x07,0xFF,0x00,0x7F,0xF0,0x03,0xFF,0x00,0x00,0x00,0x1F,
  0xE0,0x00,0x00,0xFF,0x00,0x00,0x07,0xF8,0x00,0x00,0x3F,0xC0,0x00,0x01,0xFE,0x00,0x00,0x0F,0xF0,0x00,0xC0,0x7F,0x80,0x87,
  0x83,0xF8,0x1E,0x3F,0x1F,0xC7,0xF3,0xFE,0xFE,0xFF,0x9F,0xFF,0xFF,0xFE,0xFF,0xFF,0xFF,0xFF,0xFF,0xFF,0xFF,0xBF,0xFF,0xFF,
  0xFC,0x3F,0xFF,0xFE,0x00,0x1F,0xFF,0x00,0x00,0x7F,0xF8,0x00,0x07,0xFF,0xE0,0x00,0x7F,0xFF,0x80,0x07,0xFB,0xFE,0x00,0x7F,
  0xCF,0xF0,0x07,0xFC,0x7F,0xC0,0x7F,0xE1,0xFF,0x03,0xFE,0x07,0xFC,0x0F,0xE0,0x3F,0xC0,0x3F,0x00,0xF8,0x00,0x70,0x07,0x80,
  0x01,0x80,0x10,0x00,0x00,0x03,0xFE,0x00,0x00,0x00,0x0F,0xF8,0x00,0x00,0x00,0x3F,0xE0,0x00,0x00,0x00,0xFF,0x80,0x00,0x00,
  0x03,0xFE,0x00,0x00,0x00,0x0F,0xF8,0x00,0x00,0x00,0x3F,0xE0,0x00,0x00,0x00,0xFF,0x80,0x00,0x00,0x03,0xFE,0x00,0x00,0x00,
  0x0F,0xF8,0x00,0x00,0x00,0x3F,0xE0,0x00,0x00,0x00,0xFF,0x80,0x00,0x00,0x03,0xFE,0x00,0x00,0x00,0x0F,0xF8,0x00,0x00,0x00,
  0x3F,0xE0,0x00,0x3F,0xFF,0xFF,0xFF,0xFF,0xFF,0xFF,0xFF,0xFF,0xFF,0xFF,0xFF,0xFF,0xFF,0xFF,0xFF,0xFF,0xFF,0xFF,0xFF,0xFF,
  0xFF,0xFF,0xFF,0xFF,0xFF,0xFF,0xFF,0xFF,0xFF,0xFF,0xFF,0xFF,0xFF,0xFF,0xFF,0xFF,0xFF,0xC0,0x00,0xFF,0x80,0x00,0x00,0x03,
  0xFE,0x00,0x00,0x00,0x0F,0xF8,0x00,0x00,0x00,0x3F,0xE0,0x00,0x00,0x00,0xFF,0x80,0x00,0x00,0x03,0xFE,0x00,0x00,0x00,0x0F,
  0xF8,0x00,0x00,0x00,0x3F,0xE0,0x00,0x00,0x00,0xFF,0x80,0x00,0x00,0x03,0xFE,0x00,0x00,0x00,0x0F,0xF8,0x00,0x00,0x00,0x3F,
  0xE0,0x00,0x00,0x00,0xFF,0x80,0x00,0x00,0x03,0xFE,0x00,0x00,0x00,0x0F,0xF8,0x00,0x00,0x00,0x1F,0xC0,0x00,0x00,0x03,0xFF,
  0x83,0xFF,0xC1,0xFF,0xC0,0xFF,0xE0,0x7F,0xF0,0x7F,0xF0,0x3F,0xF8,0x1F,0xF8,0x0F,0xFC,0x0F,0xFC,0x07,0xFE,0x03,0xFE,0x01,
  0xFF,0x01,0xFF,0x00,0xFF,0x80,0x7F,0x80,0x3F,0xC0,0x3F,0xE0,0x1F,0xE0,0x0F,0xF0,0x07,0xF0,0x07,0xF8,0x03,0xF8,0x01,0xFC,
  0x00,0xFC,0x00,0x00,0xFF,0xFF,0xFF,0xFF,0xFF,0xFF,0xFF,0xFF,0xFF,0xFF,0xFF,0xFF,0xFF,0xFF,0xFF,0xFF,0xFF,0xFF,0xFF,0xFF,
  0xFF,0xFF,0xFF,0xFF,0xFC,0xFF,0xFF,0xFF,0xFF,0xFF,0xFF,0xFF,0xFF,0xFF,0xFF,0xFF,0xFF,0xFF,0xFF,0xFF,0x80,0x00,0x00,0x00,
  0x03,0xFE,0x00,0x00,0x00,0x07,0xF8,0x00,0x00,0x00,0x1F,0xF0,0x00,0x00,0x00,0x3F,0xC0,0x00,0x00,0x00,0xFF,0x80,0x00,0x00,
  0x01,0xFE,0x00,0x00,0x00,0x07,0xFC,0x00,0x00,0x00,0x0F,0xF0,0x00,0x00,0x00,0x3F,0xE0,0x00,0x00,0x00,0x7F,0x80,0x00,0x00,
  0x01,0xFF,0x00,0x00,0x00,0x07,0xFC,0x00,0x00,0x00,0x0F,0xF8,0x00,0x00,0x00,0x3F,0xE0,0x00,0x00,0x00,0x7F,0x80,0x00,0x00,
  0x01,0xFF,0x00,0x00,0x00,0x03,0xFC,0x00,0x00,0x00,0x0F,0xF8,0x00,0x00,0x00,0x1F,0xE0,0x00,0x00,0x00,0x7F,0xC0,0x00,0x00,
  0x00,0xFF,0x00,0x00,0x00,0x03,0xFE,0x00,0x00,0x00,0x0F,0xF8,0x00,0x00,0x00,0x1F,0xF0,0x00,0x00,0x00,0x7F,0xC0,0x00,0x00,
  0x00,0xFF,0x00,0x00,0x00,0x03,0xFE,0x00,0x00,0x00,0x07,0xF8,0x00,0x00,0x00,0x1F,0xF0,0x00,0x00,0x00,0x3F,0xC0,0x00,0x00,
  0x00,0xFF,0x80,0x00,0x00,0x01,0xFE,0x00,0x00,0x00,0x07,0xFC,0x00,0x00,0x00,0x1F,0xF0,0x00,0x00,0x00,0x3F,0xE0,0x00,0x00,
  0x00,0xFF,0x80,0x00,0x00,0x01,0xFF,0x00,0x00,0x00,0x07,0xFC,0x00,0x00,0x00,0x0F,0xF0,0x00,0x00,0x00,0x3F,0xE0,0x00,0x00,
  0x00,0x7F,0x80,0x00,0x00,0x01,0xFF,0x00,0x00,0x00,0x03,0xFC,0x00,0x00,0x00,0x0F,0xF8,0x00,0x00,0x00,0x3F,0xE0,0x00,0x00,
  0x00,0x7F,0xC0,0x00,0x00,0x01,0xFF,0x00,0x00,0x00,0x03,0xFE,0x00,0x00,0x00,0x0F,0xF8,0x00,0x00,0x00,0x1F,0xE0,0x00,0x00,
  0x00,0x7F,0xC0,0x00,0x00,0x00,0xFF,0x00,0x00,0x00,0x03,0xFE,0x00,0x00,0x00,0x07,0xF8,0x00,0x00,0x00,0x1F,0xF0,0x00,0x00,
  0x00,0x7F,0xC0,0x00,0x00,0x00,0x00,0x03,0xFF,0x00,0x00,0x00,0xFF,0xFF,0x00,0x00,0x1F,0xFF,0xFE,0x00,0x01,0xFF,0xFF,0xF8,
  0x00,0x3F,0xFF,0xFF,0xE0,0x01,0xFF,0xFF,0xFF,0x80,0x1F,0xFF,0xFF,0xFE,0x01,0xFF,0xFF,0xFF,0xF0,0x0F,0xFF,0x87,0xFF,0xC0,
  0xFF,0xF0,0x0F,0xFE,0x07,0xFF,0x00,0x3F,0xF8,0x7F,0xF0,0x00,0xFF,0xC3,0xFF,0x00,0x07,0xFF,0x1F,0xF8,0x00,0x3F,0xF9,0xFF,
  0xC0,0x00,0xFF,0xCF,0xFE,0x00,0x07,0xFE,0x7F,0xE0,0x00,0x3F,0xFB,0xFF,0x00,0x01,0xFF,0xDF,0xF8,0x00,0x0F,0xFE,0xFF,0xC0,
  0x00,0x7F,0xF7,0xFE,0x00,0x01,0xFF,0xFF,0xF0,0xFF,0x0F,0xFF,0xFF,0x87,0xF8,0x7F,0xFF,0xFC,0x3F,0xC3,0xFF,0xFF,0xE1,0xFE,
  0x1F,0xFF,0xFF,0x0F,0xF0,0xFF,0xFF,0xF8,0x7F,0x87,0xFF,0xFF,0xC3,0xFC,0x3F,0xFF,0xFE,0x1F,0xE1,0xFF,0xFF,0xF0,0xFF,0x0F,
  0xFF,0xFF,0x80,0x00,0x7F,0xEF,0xFC,0x00,0x07,0xFF,0x7F,0xE0,0x00,0x3F,0xFB,0xFF,0x00,0x01,0xFF,0xDF,0xF8,0x00,0x0F,0xFE,
  0xFF,0xC0,0x00,0x7F,0xE7,0xFF,0x00,0x03,0xFF,0x1F,0xF8,0x00,0x1F,0xF8,0xFF,0xC0,0x01,0xFF,0xC7,0xFF,0x00,0x0F,0xFC,0x3F,
  0xF8,0x00,0xFF,0xE0,0xFF,0xE0,0x07,0xFF,0x07,0xFF,0x80,0x7F,0xF0,0x1F,0xFF,0x0F,0xFF,0x80,0xFF,0xFF,0xFF,0xF8,0x03,0xFF,
  0xFF,0xFF,0x80,0x0F,0xFF,0xFF,0xFC,0x00,0x3F,0xFF,0xFF,0xC0,0x00,0xFF,0xFF,0xFC,0x00,0x03,0xFF,0xFF,0x80,0x00,0x07,0xFF,
  0xF0,0x00,0x00,0x07,0xFE,0x00,0x00,0x00,0x01,0xFF,0x80,0x00,0x00,0x1F,0xFC,0x00,0x00,0x00,0xFF,0xE0,0x00,0x00,0x0F,0xFF,
  0x00,0x00,0x01,0xFF,0xF8,0x00,0x00,0x1F,0xFF,0xC0,0x00,0x03,0xFF,0xFE,0x00,0x01,0xFF,0xFF,0xF0,0x00,0xFF,0xFF,0xFF,0x80,
  0x07,0xFF,0xFF,0xFC,0x00,0x3F,0xFF,0x7F,0xE0,0x01,0xFF,0xF3,0xFF,0x00,0x0F,0xFF,0x1F,0xF8,0x00,0x7F,0xE0,0xFF,0xC0,0x03,
  0xFC,0x07,0xFE,0x00,0x1F,0x00,0x3F,0xF0,0x00,0x00,0x01,0xFF,0x80,0x00,0x00,0x0F,0xFC,0x00,0x00,0x00,0x7F,0xE0,0x00,0x00,
  0x03,0xFF,0x00,0x00,0x00,0x1F,0xF8,0x00,0x00,0x00,0xFF,0xC0,0x00,0x00,0x07,0xFE,0x00,0x00,0x00,0x3F,0xF0,0x00,0x00,0x01,
  0xFF,0x80,0x00,0x00,0x0F,0xFC,0x00,0x00,0x00,0x7F,0xE0,0x00,0x00,0x03,0xFF,0x00,0x00,0x00,0x1F,0xF8,0x00,0x00,0x00,0xFF,
  0xC0,0x00,0x00,0x07,0xFE,0x00,0x00,0x00,0x3F,0xF0,0x00,0x00,0x01,0xFF,0x80,0x00,0x00,0x0F,0xFC,0x00,0x00,0x00,0x7F,0xE0,
  0x00,0x00,0x03,0xFF,0x00,0x00,0x00,0x1F,0xF8,0x00,0x00,0x00,0xFF,0xC0,0x00,0x00,0x07,0xFE,0x00,0x00,0x00,0x3F,0xF0,0x00,
  0x00,0x01,0xFF,0x80,0x00,0x00,0x0F,0xFC,0x00,0x1F,0xFF,0xFF,0xFF,0xFF,0xFF,0xFF,0xFF,0xFF,0xFF,0xFF,0xFF,0xFF,0xFF,0xFF,
  0xFF,0xFF,0xFF,0xFF,0xFF,0xFF,0xFF,0xFF,0xFF,0xFF,0xFF,0xFF,0xFF,0xFF,0xFF,0xFF,0xFF,0xFF,0xFF,0xFF,0xFF,0xFF,0xC0,0x00,
  0x03,0xFF,0x00,0x00,0x01,0xFF,0xFF,0x80,0x00,0x3F,0xFF,0xFF,0x00,0x03,0xFF,0xFF,0xFC,0x00,0x3F,0xFF,0xFF,0xF8,0x03,0xFF,
  0xFF,0xFF,0xE0,0x3F,0xFF,0xFF,0xFF,0x01,0xFF,0xFF,0xFF,0xFC,0x1F,0xFF,0xCF,0xFF,0xE1,0xFF,0xF0,0x0F,0xFF,0x8F,0xFF,0x00,
  0x1F,0xFC,0x7F,0xF0,0x00,0xFF,0xE7,0xFF,0x00,0x07,0xFF,0x3F,0xF8,0x00,0x1F,0xF9,0xFF,0xC0,0x00,0xFF,0xC7,0xFE,0x00,0x0F,
  0xFE,0x00,0x00,0x00,0x7F,0xF0,0x00,0x00,0x03,0xFF,0x80,0x00,0x00,0x3F,0xF8,0x00,0x00,0x03,0xFF,0xC0,0x00,0x00,0x3F,0xFC,
  0x00,0x00,0x03,0xFF,0xE0,0x00,0x00,0x3F,0xFE,0x00,0x00,0x03,0xFF,0xE0,0x00,0x00,0x3F,0xFF,0x00,0x00,0x07,0xFF,0xF0,0x00,
  0x00,0x7F,0xFF,0x00,0x00,0x07,0xFF,0xF0,0x00,0x00,0x7F,0xFE,0x00,0x00,0x07,0xFF,0xE0,0x00,0x00,0x7F,0xFE,0x00,0x00,0x07,
  0xFF,0xE0,0x00,0x00,0x7F,0xFC,0x00,0x00,0x07,0xFF,0xC0,0x00,0x00,0x7F,0xFC,0x00,0x00,0x07,0xFF,0xC0,0x00,0x00,0x7F,0xFC,
  0x00,0x00,0x07,0xFF,0xC0,0x00,0x00,0x3F,0xFC,0x00,0x00,0x03,0xFF,0xC0,0x00,0x00,0x3F,0xFC,0x00,0x00,0x01,0xFF,0xC0,0x00,
  0x00,0x1F,0xFF,0xFF,0xFF,0xFE,0xFF,0xFF,0xFF,0xFF,0xFF,0xFF,0xFF,0xFF,0xFF,0xFF,0xFF,0xFF,0xFF,0xFF,0xFF,0xFF,0xFF,0xFF,
  0xFF,0xFF,0xFF,0xFF,0xFF,0xFF,0xFF,0xFF,0xFF,0xFF,0xFF,0xFF,0xFF,0xFF,0xFF,0xFF,0xFF,0xFF,0xFE,0x00,0x07,0xFF,0x00,0x00,
  0x00,0xFF,0xFF,0xC0,0x00,0x0F,0xFF,0xFF,0xC0,0x00,0xFF,0xFF,0xFF,0xC0,0x07,0xFF,0xFF,0xFF,0x80,0x3F,0xFF,0xFF,0xFF,0x01,
  0xFF,0xFF,0xFF,0xFC,0x0F,0xFF,0xFF,0xFF,0xF8,0x3F,0xFF,0x8F,0xFF,0xF1,0xFF,0xF0,0x07,0xFF,0xC7,0xFF,0x00,0x0F,0xFF,0x1F,
  0xFC,0x00,0x1F,0xFC,0x7F,0xE0,0x00,0x7F,0xF3,0xFF,0x80,0x00,0xFF,0xC0,0x00,0x00,0x03,0xFF,0x00,0x00,0x00,0x0F,0xFC,0x00,
  0x00,0x00,0x7F,0xF0,0x00,0x00,0x01,0xFF,0xC0,0x00,0x00,0x0F,0xFE,0x00,0x00,0x00,0x7F,0xF8,0x00,0x00,0x0F,0xFF,0xC0,0x00,
  0x1F,0xFF,0xFE,0x00,0x00,0x7F,0xFF,0xF0,0x00,0x01,0xFF,0xFF,0x00,0x00,0x07,0xFF,0xE0,0x00,0x00,0x1F,0xFF,0xC0,0x00,0x00,
  0x7F,0xFF,0xE0,0x00,0x01,0xFF,0xFF,0xE0,0x00,0x07,0xFF,0xFF,0xC0,0x00,0x01,0xFF,0xFF,0x80,0x00,0x00,0x1F,0xFF,0x00,0x00,
  0x00,0x1F,0xFC,0x00,0x00,0x00,0x3F,0xF8,0x00,0x00,0x00,0xFF,0xE0,0x00,0x00,0x01,0xFF,0xC0,0x00,0x00,0x07,0xFF,0x03,0xC0,
  0x00,0x1F,0xFF,0xFF,0x00,0x00,0x7F,0xFF,0xFE,0x00,0x01,0xFF,0xFF,0xF8,0x00,0x0F,0xFF,0xFF,0xF0,0x00,0x3F,0xFB,0xFF,0xE0,
  0x01,0xFF,0xE7,0xFF,0xC0,0x1F,0xFF,0x9F,0xFF,0xFF,0xFF,0xFC,0x3F,0xFF,0xFF,0xFF,0xF0,0x7F,0xFF,0xFF,0xFF,0x81,0xFF,0xFF,
  0xFF,0xFC,0x03,0xFF,0xFF,0xFF,0xE0,0x03,0xFF,0xFF,0xFF,0x00,0x07,0xFF,0xFF,0xF8,0x00,0x03,0xFF,0xFF,0x00,0x00,0x01,0xFF,
  0xE0,0x00,0x00,0x00,0x07,0xFF,0x80,0x00,0x00,0x07,0xFF,0x80,0x00,0x00,0x0F,0xFF,0x80,0x00,0x00,0x1F,0xFF,0x80,0x00,0x00,
  0x1F,0xFF,0x80,0x00,0x00,0x3F,0xFF,0x80,0x00,0x00,0x7F,0xFF,0x80,0x00,0x00,0xFF,0xFF,0x80,0x00,0x00,0xFF,0xFF,0x80,0x00,
  0x01,0xFF,0xFF,0x80,0x00,0x03,0xFF,0xFF,0x80,0x00,0x03,0xFE,0xFF,0x80,0x00,0x07,0xFD,0xFF,0x80,0x00,0x0F,0xF9,0xFF,0x80,
  0x00,0x0F,0xF9,0xFF,0x80,0x00,0x1F,0xF1,0xFF,0x80,0x00,0x3F,0xE1,0xFF,0x80,0x00,0x3F,0xE1,0xFF,0x80,0x00,0x7F,0xC1,0xFF,
  0x80,0x00,0xFF,0x81,0xFF,0x80,0x01,0xFF,0x81,0xFF,0x80,0x01,0xFF,0x01,0xFF,0x80,0x03,0xFE,0x01,0xFF,0x80,0x07,0xFC,0x01,
  0xFF,0x80,0x07,0xFC,0x01,0xFF,0x80,0x0F,0xF8,0x01,0xFF,0x80,0x1F,0xF0,0x01,0xFF,0x80,0x1F,0xF0,0x01,0xFF,0x80,0x3F,0xE0,
  0x01,0xFF,0x80,0x7F,0xC0,0x01,0xFF,0x80,0x7F,0xC0,0x01,0xFF,0x80,0xFF,0x80,0x01,0xFF,0x80,0xFF,0xFF,0xFF,0xFF,0xFF,0xFF,
  0xFF,0xFF,0xFF,0xFF,0xFF,0xFF,0xFF,0xFF,0xFF,0xFF,0xFF,0xFF,0xFF,0xFF,0xFF,0xFF,0xFF,0xFF,0xFF,0xFF,0xFF,0xFF,0xFF,0xFF,
  0xFF,0xFF,0xFF,0xFF,0xFF,0xFF,0xFF,0xFF,0xFF,0xFF,0x00,0x00,0x01,0xFF,0x80,0x00,0x00,0x01,0xFF,0x80,0x00,0x00,0x01,0xFF,
  0x80,0x00,0x00,0x01,0xFF,0x80,0x00,0x00,0x01,0xFF,0x80,0x00,0x00,0x01,0xFF,0x80,0x00,0x00,0x01,0xFF,0x80,0x00,0x00,0x01,
  0xFF,0x80,0x00,0x00,0x01,0xFF,0x80,0x00,0x00,0x01,0xFF,0x80,0x1F,0xFF,0xFF,0xFF,0xE0,0x7F,0xFF,0xFF,0xFF,0x81,0xFF,0xFF,
  0xFF,0xFE,0x07,0xFF,0xFF,0xFF,0xF8,0x1F,0xFF,0xFF,0xFF,0xE0,0x7F,0xFF,0xFF,0xFF,0x81,0xFF,0xFF,0xFF,0xFE,0x07,0xFF,0xFF,
  0xFF,0xF8,0x1F,0xF8,0x00,0x00,0x00,0x7F,0xE0,0x00,0x00,0x03,0xFF,0x80,0x00,0x00,0x0F,0xFC,0x00,0x00,0x00,0x3F,0xF0,0x00,
  0x00,0x00,0xFF,0xC0,0x00,0x00,0x03,0xFF,0x00,0x00,0x00,0x0F,0xFC,0x00,0x00,0x00,0x3F,0xF0,0x00,0x00,0x00,0xFF,0xC1,0xFF,
  0x00,0x03,0xFF,0x3F,0xFF,0x80,0x0F,0xFD,0xFF,0xFF,0x80,0x3F,0xFF,0xFF,0xFF,0x00,0xFF,0xFF,0xFF,0xFE,0x03,0xFF,0xFF,0xFF,
  0xFC,0x0F,0xFF,0xFF,0xFF,0xF8,0x3F,0xFF,0xFF,0xFF,0xF0,0xFF,0xFF,0xFF,0xFF,0xC7,0xFF,0xE0,0x1F,0xFF,0x1F,0xFE,0x00,0x3F,
  0xFE,0x7F,0xF0,0x00,0x7F,0xF8,0x00,0x00,0x00,0xFF,0xE0,0x00,0x00,0x03,0xFF,0xC0,0x00,0x00,0x07,0xFF,0x00,0x00,0x00,0x1F,
  0xFC,0x00,0x00,0x00,0x7F,0xF0,0x00,0x00,0x01,0xFF,0xC0,0x00,0x00,0x07,0xFF,0x0F,0xC0,0x00,0x1F,0xFF,0xFF,0x80,0x00,0xFF,
  0xEF,0xFE,0x00,0x03,0xFF,0xBF,0xFC,0x00,0x1F,0xFE,0x7F,0xF8,0x00,0xFF,0xF1,0xFF,0xF0,0x07,0xFF,0xC3,0xFF,0xF8,0xFF,0xFE,
  0x0F,0xFF,0xFF,0xFF,0xF8,0x1F,0xFF,0xFF,0xFF,0xC0,0x3F,0xFF,0xFF,0xFE,0x00,0x7F,0xFF,0xFF,0xF0,0x00,0xFF,0xFF,0xFF,0x80,
  0x01,0xFF,0xFF,0xF8,0x00,0x01,0xFF,0xFF,0x80,0x00,0x00,0x7F,0xF0,0x00,0x00,0x00,0x03,0xFF,0x00,0x00,0x01,0xFF,0xFE,0x00,
  0x00,0x7F,0xFF,0xF8,0x00,0x0F,0xFF,0xFF,0xC0,0x03,0xFF,0xFF,0xFE,0x00,0x7F,0xFF,0xFF,0xF0,0x07,0xFF,0xFF,0xFF,0x80,0xFF,
  0xFF,0xFF,0xF8,0x1F,0xFF,0x87,0xFF,0xC1,0xFF,0xE0,0x1F,0xFC,0x3F,0xFC,0x00,0xFF,0xE3,0xFF,0x80,0x0F,0xFE,0x7F,0xF0,0x00,
  0x78,0x07,0xFF,0x00,0x00,0x00,0x7F,0xE0,0x00,0x00,0x07,0xFE,0x00,0x00,0x00,0xFF,0xE0,0x00,0x00,0x0F,0xFC,0x00,0x00,0x00,
  0xFF,0xC0,0x7F,0xC0,0x0F,0xFC,0x3F,0xFF,0x00,0xFF,0xC7,0xFF,0xFC,0x0F,0xFC,0xFF,0xFF,0xE0,0xFF,0xDF,0xFF,0xFF,0x0F,0xFF,
  0xFF,0xFF,0xF8,0xFF,0xFF,0xFF,0xFF,0xCF,0xFF,0xFF,0xFF,0xFC,0xFF,0xFE,0x03,0xFF,0xEF,0xFF,0x80,0x1F,0xFE,0xFF,0xF0,0x00,
  0xFF,0xFF,0xFF,0x00,0x07,0xFF,0xFF,0xE0,0x00,0x7F,0xFF,0xFE,0x00,0x07,0xFF,0xFF,0xE0,0x00,0x3F,0xFF,0xFE,0x00,0x03,0xFF,
  0xFF,0xE0,0x00,0x3F,0xF7,0xFE,0x00,0x03,0xFF,0x7F,0xE0,0x00,0x3F,0xF7,0xFE,0x00,0x03,0xFF,0x7F,0xF0,0x00,0x7F,0xF3,0xFF,
  0x00,0x07,0xFF,0x3F,0xF8,0x00,0xFF,0xF3,0xFF,0x80,0x0F,0xFE,0x1F,0xFE,0x01,0xFF,0xE0,0xFF,0xF0,0x7F,0xFC,0x0F,0xFF,0xFF,
  0xFF,0xC0,0x7F,0xFF,0xFF,0xF8,0x03,0xFF,0xFF,0xFF,0x00,0x1F,0xFF,0xFF,0xE0,0x00,0xFF,0xFF,0xFC,0x00,0x07,0xFF,0xFF,0x80,
  0x00,0x1F,0xFF,0xE0,0x00,0x00,0x3F,0xF0,0x00,0xFF,0xFF,0xFF,0xFF,0xFF,0xFF,0xFF,0xFF,0xFF,0xFF,0xFF,0xFF,0xFF,0xFF,0xFF,
  0xFF,0xFF,0xFF,0xFF,0xFF,0xFF,0xFF,0xFF,0xFF,0xFF,0xFF,0xFF,0xFF,0xFF,0xFF,0xFF,0xFF,0xFF,0xFF,0xFF,0xFF,0xFF,0xFF,0xFF,
  0xFF,0xE0,0x00,0x00,0x07,0xFE,0x00,0x00,0x00,0xFF,0xC0,0x00,0x00,0x1F,0xF8,0x00,0x00,0x01,0xFF,0x80,0x00,0x00,0x3F,0xF0,
  0x00,0x00,0x07,0xFE,0x00,0x00,0x00,0xFF,0xE0,0x00,0x00,0x0F,0xFC,0x00,0x00,0x01,0xFF,0x80,0x00,0x00,0x3F,0xF8,0x00,0x00,
  0x03,0xFF,0x00,0x00,0x00,0x7F,0xE0,0x00,0x00,0x0F,0xFE,0x00,0x00,0x00,0xFF,0xC0,0x00,0x00,0x1F,0xFC,0x00,0x00,0x01,0xFF,
  0x80,0x00,0x00,0x3F,0xF8,0x00,0x00,0x03,0xFF,0x00,0x00,0x00,0x7F,0xF0,0x00,0x00,0x07,0xFE,0x00,0x00,0x00,0xFF,0xE0,0x00,
  0x00,0x0F,0xFC,0x00,0x00,0x01,0xFF,0xC0,0x00,0x00,0x1F,0xFC,0x00,0x00,0x01,0xFF,0x80,0x00,0x00,0x3F,0xF8,0x00,0x00,0x03,
  0xFF,0x80,0x00,0x00,0x3F,0xF0,0x00,0x00,0x07,0xFF,0x00,0x00,0x00,0x7F,0xF0,0x00,0x00,0x07,0xFF,0x00,0x00,0x00,0xFF,0xE0,
  0x00,0x00,0x0F,0xFE,0x00,0x00,0x00,0xFF,0xE0,0x00,0x00,0x0F,0xFE,0x00,0x00,0x00,0xFF,0xE0,0x00,0x00,0x0F,0xFE,0x00,0x00,
  0x00,0xFF,0xE0,0x00,0x00,0x1F,0xFE,0x00,0x00,0x01,0xFF,0xC0,0x00,0x00,0x1F,0xFC,0x00,0x00,0x00,0x07,0xFF,0x00,0x00,0x00,
  0xFF,0xFF,0xC0,0x00,0x0F,0xFF,0xFF,0xC0,0x00,0xFF,0xFF,0xFF,0xC0,0x07,0xFF,0xFF,0xFF,0x80,0x3F,0xFF,0xFF,0xFF,0x01,0xFF,
  0xFF,0xFF,0xFC,0x07,0xFF,0xE3,0xFF,0xF8,0x3F,0xFC,0x01,0xFF,0xE0,0xFF,0xE0,0x03,0xFF,0xC7,0xFF,0x80,0x07,0xFF,0x1F,0xFC,
  0x00,0x1F,0xFC,0x7F,0xF0,0x00,0x7F,0xF1,0xFF,0xC0,0x01,0xFF,0xC7,0xFF,0x00,0x07,0xFF,0x1F,0xFC,0x00,0x1F,0xFC,0x3F,0xF0,
  0x00,0x7F,0xF0,0xFF,0xE0,0x01,0xFF,0xC3,0xFF,0x80,0x0F,0xFE,0x07,0xFF,0x00,0x7F,0xF0,0x0F,0xFF,0x03,0xFF,0xC0,0x1F,0xFF,
  0xFF,0xFE,0x00,0x3F,0xFF,0xFF,0xF0,0x00,0x3F,0xFF,0xFF,0x00,0x00,0x3F,0xFF,0xF0,0x00,0x03,0xFF,0xFF,0xF0,0x00,0x3F,0xFF,
  0xFF,0xF0,0x03,0xFF,0xFF,0xFF,0xE0,0x1F,0xFF,0x8F,0xFF,0xC0,0xFF,0xF0,0x07,0xFF,0x83,0xFF,0x80,0x07,0xFF,0x1F,0xFC,0x00,
  0x0F,0xFC,0x7F,0xF0,0x00,0x3F,0xFB,0xFF,0x80,0x00,0xFF,0xEF,0xFE,0x00,0x01,0xFF,0xBF,0xF8,0x00,0x07,0xFF,0xFF,0xE0,0x00,
  0x1F,0xFF,0xFF,0x80,0x00,0x7F,0xFF,0xFE,0x00,0x01,0xFF,0xFF,0xF8,0x00,0x0F,0xFE,0xFF,0xF0,0x00,0x3F,0xF9,0xFF,0xC0,0x00,
  0xFF,0xE7,0xFF,0x80,0x07,0xFF,0x9F,0xFF,0x00,0x3F,0xFC,0x3F,0xFF,0xCF,0xFF,0xF0,0x7F,0xFF,0xFF,0xFF,0x81,0xFF,0xFF,0xFF,
  0xFC,0x03,0xFF,0xFF,0xFF,0xE0,0x03,0xFF,0xFF,0xFF,0x00,0x07,0xFF,0xFF,0xF0,0x00,0x07,0xFF,0xFF,0x00,0x00,0x01,0xFF,0xE0,
  0x00,0x00,0x07,0xFE,0x00,0x00,0x01,0xFF,0xFE,0x00,0x00,0x3F,0xFF,0xFC,0x00,0x07,0xFF,0xFF,0xF8,0x00,0x7F,0xFF,0xFF,0xE0,
  0x07,0xFF,0xFF,0xFF,0x80,0x7F,0xFF,0xFF,0xFE,0x03,0xFF,0xFF,0xFF,0xF0,0x3F,0xFF,0x0F,0xFF,0xC1,0xFF,0xE0,0x1F,0xFE,0x1F,
  0xFE,0x00,0x7F,0xF8,0xFF,0xE0,0x01,0xFF,0xC7,0xFF,0x00,0x07,0xFE,0x7F,0xF0,0x00,0x3F,0xFB,0xFF,0x80,0x01,0xFF,0xDF,0xFC,
  0x00,0x07,0xFE,0xFF,0xE0,0x00,0x3F,0xF7,0xFF,0x00,0x01,0xFF,0xFF,0xF8,0x00,0x0F,0xFF,0xFF,0xC0,0x00,0x7F,0xFF,0xFE,0x00,
  0x03,0xFF,0xBF,0xF8,0x00,0x3F,0xFD,0xFF,0xC0,0x01,0xFF,0xEF,0xFF,0x00,0x1F,0xFF,0x7F,0xFC,0x01,0xFF,0xF9,0xFF,0xF0,0x1F,
  0xFF,0xCF,0xFF,0xFF,0xFF,0xFE,0x3F,0xFF,0xFF,0xFF,0xF0,0xFF,0xFF,0xFF,0xFF,0x87,0xFF,0xFF,0xEF,0xFC,0x1F,0xFF,0xFE,0x7F,
  0xE0,0x3F,0xFF,0xE3,0xFF,0x00,0xFF,0xFC,0x3F,0xF8,0x00,0xFF,0x01,0xFF,0x80,0x00,0x00,0x0F,0xFC,0x00,0x00,0x00,0x7F,0xE0,
  0x00,0x00,0x03,0xFF,0x00,0x00,0x00,0x3F,0xF8,0x07,0x80,0x01,0xFF,0x8F,0xFE,0x00,0x1F,0xFC,0x7F,0xF0,0x00,0xFF,0xE1,0xFF,
  0xC0,0x0F,0xFE,0x0F,0xFF,0x00,0xFF,0xF0,0x3F,0xFE,0x3F,0xFF,0x01,0xFF,0xFF,0xFF,0xF0,0x07,0xFF,0xFF,0xFF,0x80,0x3F,0xFF,
  0xFF,0xF8,0x00,0xFF,0xFF,0xFF,0x80,0x03,0xFF,0xFF,0xF8,0x00,0x0F,0xFF,0xFF,0x00,0x00,0x1F,0xFF,0xE0,0x00,0x00,0x1F,0xFC,
  0x00,0x00,0xFF,0xFF,0xFF,0xFF,0xFF,0xFF,0xFF,0xFF,0xFF,0xFF,0xFF,0xFF,0xFF,0xFF,0xFF,0x80,0x00,0x00,0x00,0x00,0x00,0x00,
  0x00,0x00,0x00,0x00,0x00,0x00,0x00,0x00,0x00,0x00,0x00,0x00,0x00,0x00,0x00,0x00,0x00,0x01,0xFF,0xFF,0xFF,0xFF,0xFF,0xFF,
  0xFF,0xFF,0xFF,0xFF,0xFF,0xFF,0xFF,0xFF,0xFF,0x03,0xFF,0x80,0xFF,0xE0,0x3F,0xF8,0x0F,0xFE,0x03,0xFF,0x80,0xFF,0xE0,0x3F,
  0xF8,0x0F,0xFE,0x03,0xFF,0x80,0xFF,0xE0,0x3F,0xF8,0x00,0x00,0x00,0x00,0x00,0x00,0x00,0x00,0x00,0x00,0x00,0x00,0x00,0x00,
  0x00,0x00,0x00,0x00,0x00,0x00,0x00,0x00,0x00,0x00,0x00,0x00,0x00,0x00,0x00,0x00,0x00,0x00,0x00,0x00,0x00,0x00,0x00,0x00,
  0x00,0x00,0x00,0xFF,0xF0,0x3F,0xF8,0x0F,0xFE,0x07,0xFF,0x81,0xFF,0xC0,0x7F,0xF0,0x1F,0xF8,0x0F,0xFE,0x03,0xFF,0x00,0xFF,
  0xC0,0x3F,0xE0,0x1F,0xF8,0x07,0xFC,0x01,0xFF,0x00,0x7F,0x80,0x3F,0xE0,0x0F,0xF8,0x03,0xFC,0x00,0xFF,0x00,0x7F,0x80,0x1F,
  0xE0,0x07,0xF0,0x01,0xFC,0x00,0xFE,0x00,0x3F,0x80,0x00,0x00,0x00,0x00,0x00,0x0C,0x00,0x00,0x00,0x00,0xF0,0x00,0x00,0x00,
  0x1F,0xC0,0x00,0x00,0x03,0xFF,0x00,0x00,0x00,0x3F,0xFC,0x00,0x00,0x07,0xFF,0xF0,0x00,0x00,0x7F,0xFF,0xC0,0x00,0x0F,0xFF,
  0xFF,0x00,0x01,0xFF,0xFF,0xFC,0x00,0x1F,0xFF,0xFF,0x80,0x03,0xFF,0xFF,0xF8,0x00,0x7F,0xFF,0xFF,0x00,0x07,0xFF,0xFF,0xF0,
  0x00,0xFF,0xFF,0xFE,0x00,0x0F,0xFF,0xFF,0xE0,0x00,0x3F,0xFF,0xFC,0x00,0x00,0xFF,0xFF,0x80,0x00,0x03,0xFF,0xF8,0x00,0x00,
  0x0F,0xFF,0x00,0x00,0x00,0x3F,0xF0,0x00,0x00,0x00,0xFF,0x00,0x00,0x00,0x03,0xFF,0x00,0x00,0x00,0x0F,0xFF,0x00,0x00,0x00,
  0x3F,0xFF,0x80,0x00,0x00,0xFF,0xFF,0x80,0x00,0x03,0xFF,0xFF,0xC0,0x00,0x0F,0xFF,0xFF,0xC0,0x00,0x0F,0xFF,0xFF,0xE0,0x00,
  0x07,0xFF,0xFF,0xF0,0x00,0x03,0xFF,0xFF,0xF0,0x00,0x03,0xFF,0xFF,0xF8,0x00,0x01,0xFF,0xFF,0xF8,0x00,0x01,0xFF,0xFF,0xFC,
  0x00,0x00,0xFF,0xFF,0xF0,0x00,0x00,0x7F,0xFF,0xC0,0x00,0x00,0x7F,0xFF,0x00,0x00,0x00,0x3F,0xFC,0x00,0x00,0x00,0x1F,0xF0,
  0x00,0x00,0x00,0x1F,0xC0,0x00,0x00,0x00,0x0F,0x00,0x00,0x00,0x00,0x0C,0xFF,0xFF,0xFF,0xFF,0xFF,0xFF,0xFF,0xFF,0xFF,0xFF,
  0xFF,0xFF,0xFF,0xFF,0xFF,0xFF,0xFF,0xFF,0xFF,0xFF,0xFF,0xFF,0xFF,0xFF,0xFF,0xFF,0xFF,0xFF,0xFF,0xFF,0xFF,0xFF,0xFF,0xFF,
  0xFF,0xFF,0xFF,0xFF,0x00,0x00,0x00,0x00,0x00,0x00,0x00,0x00,0x00,0x00,0x00,0x00,0x00,0x00,0x00,0x00,0x00,0x00,0x00,0x00,
  0x00,0x00,0x00,0x00,0x00,0x00,0x00,0x00,0x00,0x00,0x00,0x00,0x00,0x00,0x00,0x00,0x00,0x00,0x00,0x00,0x00,0x00,0x00,0x00,
  0x00,0x00,0x00,0x00,0x00,0x00,0x00,0x00,0x00,0x00,0x00,0x00,0x00,0x00,0x00,0x00,0x00,0x03,0xFF,0xFF,0xFF,0xFF,0xFF,0xFF,
  0xFF,0xFF,0xFF,0xFF,0xFF,0xFF,0xFF,0xFF,0xFF,0xFF,0xFF,0xFF,0xFF,0xFF,0xFF,0xFF,0xFF,0xFF,0xFF,0xFF,0xFF,0xFF,0xFF,0xFF,
  0xFF,0xFF,0xFF,0xFF,0xFF,0xFF,0xFF,0xFC,0x80,0x00,0x00,0x00,0x03,0xC0,0x00,0x00,0x00,0x0F,0xE0,0x00,0x00,0x00,0x3F,0xE0,
  0x00,0x00,0x00,0xFF,0xF0,0x00,0x00,0x03,0xFF,0xF0,0x00,0x00,0x0F,0xFF,0xF8,0x00,0x00,0x3F,0xFF,0xFC,0x00,0x00,0xFF,0xFF,
  0xFC,0x00,0x00,0xFF,0xFF,0xFE,0x00,0x00,0x7F,0xFF,0xFF,0x00,0x00,0x7F,0xFF,0xFF,0x00,0x00,0x3F,0xFF,0xFF,0x80,0x00,0x3F,
  0xFF,0xFF,0x80,0x00,0x1F,0xFF,0xFF,0xC0,0x00,0x0F,0xFF,0xFF,0x00,0x00,0x0F,0xFF,0xFC,0x00,0x00,0x07,0xFF,0xF0,0x00,0x00,
  0x07,0xFF,0xC0,0x00,0x00,0x03,0xFF,0x00,0x00,0x00,0x03,0xFC,0x00,0x00,0x00,0x3F,0xF0,0x00,0x00,0x07,0xFF,0xC0,0x00,0x00,
  0x7F,0xFF,0x00,0x00,0x0F,0xFF,0xFC,0x00,0x00,0xFF,0xFF,0xF0,0x00,0x1F,0xFF,0xFF,0xC0,0x01,0xFF,0xFF,0xF8,0x00,0x3F,0xFF,
  0xFF,0x80,0x07,0xFF,0xFF,0xF0,0x00,0x7F,0xFF,0xFE,0x00,0x0F,0xFF,0xFF,0xE0,0x00,0xFF,0xFF,0xFC,0x00,0x03,0xFF,0xFF,0xC0,
  0x00,0x0F,0xFF,0xF8,0x00,0x00,0x3F,0xFF,0x00,0x00,0x00,0xFF,0xF0,0x00,0x00,0x03,0xFE,0x00,0x00,0x00,0x0F,0xC0,0x00,0x00,
  0x00,0x3C,0x00,0x00,0x00,0x00,0x80,0x00,0x00,0x00,0x00,0x00,0x03,0xFF,0x80,0x00,0x00,0xFF,0xFF,0xE0,0x00,0x0F,0xFF,0xFF,
  0xE0,0x00,0x7F,0xFF,0xFF,0xE0,0x07,0xFF,0xFF,0xFF,0xC0,0x3F,0xFF,0xFF,0xFF,0x81,0xFF,0xFF,0xFF,0xFF,0x07,0xFF,0xFF,0xFF,
  0xFE,0x3F,0xFF,0xEF,0xFF,0xF9,0xFF,0xF8,0x03,0xFF,0xF7,0xFF,0x80,0x03,0xFF,0xDF,0xFC,0x00,0x07,0xFF,0xFF,0xF0,0x00,0x1F,
  0xFF,0xFF,0x80,0x00,0x3F,0xFF,0xFE,0x00,0x00,0xFF,0xFF,0xF8,0x00,0x03,0xFF,0x00,0x00,0x00,0x1F,0xFC,0x00,0x00,0x00,0x7F,
  0xF0,0x00,0x00,0x03,0xFF,0xC0,0x00,0x00,0x0F,0xFE,0x00,0x00,0x00,0xFF,0xF8,0x00,0x00,0x07,0xFF,0xC0,0x00,0x00,0x3F,0xFE,
  0x00,0x00,0x01,0xFF,0xF0,0x00,0x00,0x1F,0xFF,0x80,0x00,0x00,0xFF,0xFC,0x00,0x00,0x07,0xFF,0xE0,0x00,0x00,0x3F,0xFE,0x00,
  0x00,0x01,0xFF,0xF0,0x00,0x00,0x07,0xFF,0x80,0x00,0x00,0x3F,0xFC,0x00,0x00,0x00,0xFF,0xE0,0x00,0x00,0x07,0xFF,0x00,0x00,
  0x00,0x1F,0xF8,0x00,0x00,0x00,0x7F,0xE0,0x00,0x00,0x01,0xFF,0x80,0x00,0x00,0x00,0x00,0x00,0x00,0x00,0x00,0x00,0x00,0x00,
  0x00,0x00,0x00,0x00,0x00,0x00,0x00,0x00,0x00,0x00,0x00,0x00,0x00,0x00,0x00,0x3F,0xF8,0x00,0x00,0x00,0xFF,0xE0,0x00,0x00,
  0x03,0xFF,0x80,0x00,0x00,0x0F,0xFE,0x00,0x00,0x00,0x3F,0xF8,0x00,0x00,0x00,0xFF,0xE0,0x00,0x00,0x03,0xFF,0x80,0x00,0x00,
  0x0F,0xFE,0x00,0x00,0x00,0x3F,0xF8,0x00,0x00,0x00,0xFF,0xE0,0x00,0x00,0x00,0x00,0x3F,0xE0,0x00,0x00,0x00,0x7F,0xFF,0x00,
  0x00,0x00,0x7F,0xFF,0xF0,0x00,0x00,0x3F,0xFF,0xFE,0x00,0x00,0x1F,0xFF,0xFF,0xC0,0x00,0x0F,0xF0,0x07,0xF8,0x00,0x07,0xF0,
  0x00,0x7F,0x00,0x03,0xF8,0x00,0x0F,0xE0,0x01,0xFC,0x00,0x01,0xFC,0x00,0xFE,0x00,0x00,0x3F,0x00,0x3F,0x00,0x00,0x07,0xE0,
  0x1F,0x80,0x00,0x00,0xF8,0x0F,0xC0,0x00,0x00,0x3F,0x03,0xF0,0x00,0x00,0x07,0xC0,0xF8,0x01,0xF0,0x01,0xF0,0x7E,0x01,0xFF,
  0x1F,0x7E,0x1F,0x00,0xFF,0xE7,0xCF,0x8F,0xC0,0x7F,0xF9,0xF3,0xE3,0xF0,0x3F,0xFF,0x7C,0xF8,0xF8,0x1F,0xC3,0xFF,0x3F,0x7E,
  0x0F,0xE0,0x7F,0x87,0xDF,0x83,0xF0,0x1F,0xE1,0xF7,0xC1,0xF8,0x03,0xF8,0x7D,0xF0,0x7E,0x00,0xFE,0x1F,0x7C,0x3F,0x00,0x3F,
  0x87,0xFF,0x0F,0xC0,0x0F,0xC1,0xFF,0xC3,0xF0,0x03,0xF0,0x7F,0xE0,0xF8,0x00,0xFC,0x1F,0xF8,0x7E,0x00,0x3F,0x07,0xFE,0x1F,
  0x80,0x0F,0xC1,0xFF,0x87,0xE0,0x03,0xF0,0x7F,0xE1,0xF8,0x01,0xF8,0x1F,0xF8,0x7C,0x00,0x7E,0x07,0xFE,0x3F,0x00,0x1F,0x81,
  0xFF,0x8F,0xC0,0x07,0xE0,0x7F,0xE3,0xF0,0x01,0xF8,0x1F,0xF8,0xFC,0x00,0x7C,0x07,0xFE,0x3F,0x00,0x3F,0x03,0xEF,0x8F,0xC0,
  0x0F,0xC0,0xFB,0xE3,0xF0,0x03,0xF0,0x3E,0xF8,0xFC,0x01,0xFC,0x0F,0xBE,0x3F,0x00,0x7F,0x03,0xEF,0x87,0xC0,0x1F,0x81,0xF3,
  0xE1,0xF8,0x0F,0xE0,0x7C,0xF8,0x7E,0x03,0xF8,0x3E,0x3F,0x1F,0x81,0xFE,0x0F,0x87,0xC3,0xF0,0xF7,0xC7,0xE1,0xF0,0xFF,0xFC,
  0xFF,0xF0,0x7C,0x1F,0xFE,0x3F,0xF8,0x1F,0x87,0xFF,0x0F,0xFC,0x03,0xE0,0xFF,0x81,0xFE,0x00,0xF8,0x0F,0x80,0x3F,0x00,0x3F,
  0x00,0x00,0x00,0x00,0x07,0xC0,0x00,0x00,0x00,0x01,0xF8,0x00,0x00,0x00,0x00,0x3F,0x00,0x00,0x00,0x00,0x0F,0xC0,0x00,0x00,
  0x60,0x01,0xF8,0x00,0x00,0x38,0x00,0x3F,0x80,0x00,0x3F,0x00,0x0F,0xF0,0x00,0x3F,0xE0,0x01,0xFF,0x00,0x3F,0xE0,0x00,0x3F,
  0xFF,0xFF,0xF0,0x00,0x07,0xFF,0xFF,0xF0,0x00,0x00,0x7F,0xFF,0xF8,0x00,0x00,0x07,0xFF,0xF0,0x00,0x00,0x00,0x3F,0xE0,0x00,
  0x00,0x00,0x00,0xFF,0xF8,0x00,0x00,0x00,0x03,0xFF,0xF0,0x00,0x00,0x00,0x0F,0xFF,0xC0,0x00,0x00,0x00,0x7F,0xFF,0x00,0x00,
  0x00,0x01,0xFF,0xFE,0x00,0x00,0x00,0x07,0xFF,0xF8,0x00,0x00,0x00,0x3F,0xFF,0xE0,0x00,0x00,0x00,0xFF,0xFF,0xC0,0x00,0x00,
  0x03,0xFF,0xFF,0x00,0x00,0x00,0x1F,0xF7,0xFC,0x00,0x00,0x00,0x7F,0xCF,0xF8,0x00,0x00,0x01,0xFF,0x3F,0xE0,0x00,0x00,0x0F,
  0xFC,0xFF,0x80,0x00,0x00,0x3F,0xE3,0xFF,0x00,0x00,0x00,0xFF,0x87,0xFC,0x00,0x00,0x07,0xFE,0x1F,0xF0,0x00,0x00,0x1F,0xF0,
  0x7F,0xE0,0x00,0x00,0x7F,0xC1,0xFF,0x80,0x00,0x03,0xFF,0x03,0xFE,0x00,0x00,0x0F,0xFC,0x0F,0xFC,0x00,0x00,0x3F,0xE0,0x3F,
  0xF0,0x00,0x01,0xFF,0x80,0x7F,0xC0,0x00,0x07,0xFE,0x01,0xFF,0x80,0x00,0x1F,0xF8,0x07,0xFE,0x00,0x00,0xFF,0xC0,0x1F,0xF8,
  0x00,0x03,0xFF,0x00,0x3F,0xF0,0x00,0x0F,0xFC,0x00,0xFF,0xC0,0x00,0x7F,0xE0,0x03,0xFF,0x00,0x01,0xFF,0x80,0x0F,0xFE,0x00,
  0x07,0xFE,0x00,0x1F,0xF8,0x00,0x3F,0xFF,0xFF,0xFF,0xE0,0x00,0xFF,0xFF,0xFF,0xFF,0xC0,0x03,0xFF,0xFF,0xFF,0xFF,0x00,0x1F,
  0xFF,0xFF,0xFF,0xFC,0x00,0x7F,0xFF,0xFF,0xFF,0xF8,0x01,0xFF,0xFF,0xFF,0xFF,0xE0,0x0F,0xFF,0xFF,0xFF,0xFF,0x80,0x3F,0xFF,
  0xFF,0xFF,0xFF,0x00,0xFF,0xC0,0x00,0x1F,0xFC,0x07,0xFF,0x00,0x00,0x3F,0xF0,0x1F,0xFC,0x00,0x00,0xFF,0xE0,0x7F,0xE0,0x00,
  0x03,0xFF,0x83,0xFF,0x80,0x00,0x0F,0xFE,0x0F,0xFE,0x00,0x00,0x1F,0xFC,0x3F,0xF8,0x00,0x00,0x7F,0xF1,0xFF,0xC0,0x00,0x01,
  0xFF,0xC7,0xFF,0x00,0x00,0x03,0xFF,0x9F,0xFC,0x00,0x00,0x0F,0xFE,0xFF,0xE0,0x00,0x00,0x3F,0xFB,0xFF,0x80,0x00,0x00,0xFF,
  0xF0,0xFF,0xFF,0xFF,0x80,0x01,0xFF,0xFF,0xFF,0xF0,0x03,0xFF,0xFF,0xFF,0xF8,0x07,0xFF,0xFF,0xFF,0xF8,0x0F,0xFF,0xFF,0xFF,
  0xF8,0x1F,0xFF,0xFF,0xFF,0xF8,0x3F,0xFF,0xFF,0xFF,0xF8,0x7F,0xFF,0xFF,0xFF,0xF0,0xFF,0xE0,0x07,0xFF,0xE1,0xFF,0xC0,0x03,
  0xFF,0xE3,0xFF,0x80,0x03,0xFF,0xC7,0xFF,0x00,0x03,0xFF,0x8F,0xFE,0x00,0x07,0xFF,0x1F,0xFC,0x00,0x0F,0xFE,0x3F,0xF8,0x00,
  0x1F,0xFC,0x7F,0xF0,0x00,0x3F,0xF8,0xFF,0xE0,0x00,0x7F,0xE1,0xFF,0xC0,0x01,0xFF,0xC3,0xFF,0x80,0x07,0xFF,0x87,0xFF,0x00,
  0x1F,0xFE,0x0F,0xFF,0xFF,0xFF,0xF8,0x1F,0xFF,0xFF,0xFF,0xE0,0x3F,0xFF,0xFF,0xFF,0x00,0x7F,0xFF,0xFF,0xF0,0x00,0xFF,0xFF,
  0xFF,0xFC,0x01,0xFF,0xFF,0xFF,0xFF,0x03,0xFF,0xFF,0xFF,0xFF,0x07,0xFF,0xFF,0xFF,0xFF,0x8F,0xFE,0x00,0x1F,0xFF,0x9F,0xFC,
  0x00,0x0F,0xFF,0x3F,0xF8,0x00,0x07,0xFF,0x7F,0xF0,0x00,0x0F,0xFE,0xFF,0xE0,0x00,0x0F,0xFF,0xFF,0xC0,0x00,0x1F,0xFF,0xFF,
  0x80,0x00,0x3F,0xFF,0xFF,0x00,0x00,0x7F,0xFF,0xFE,0x00,0x00,0xFF,0xFF,0xFC,0x00,0x01,0xFF,0xFF,0xF8,0x00,0x07,0xFF,0xFF,
  0xF0,0x00,0x0F,0xFF,0xFF,0xE0,0x00,0x3F,0xFD,0xFF,0xC0,0x03,0xFF,0xFB,0xFF,0xFF,0xFF,0xFF,0xF7,0xFF,0xFF,0xFF,0xFF,0xCF,
  0xFF,0xFF,0xFF,0xFF,0x1F,0xFF,0xFF,0xFF,0xFC,0x3F,0xFF,0xFF,0xFF,0xF0,0x7F,0xFF,0xFF,0xFF,0xC0,0xFF,0xFF,0xFF,0xFE,0x01,
  0xFF,0xFF,0xFF,0xC0,0x00,0x00,0x01,0xFF,0xC0,0x00,0x00,0x0F,0xFF,0xF8,0x00,0x00,0x3F,0xFF,0xFE,0x00,0x00,0xFF,0xFF,0xFF,
  0x00,0x01,0xFF,0xFF,0xFF,0xC0,0x03,0xFF,0xFF,0xFF,0xE0,0x07,0xFF,0xFF,0xFF,0xE0,0x0F,0xFF,0xFF,0xFF,0xF0,0x0F,0xFF,0xFF,
  0xFF,0xF8,0x1F,0xFF,0x80,0xFF,0xF8,0x1F,0xFF,0x00,0x3F,0xFC,0x3F,0xFE,0x00,0x1F,0xFC,0x3F,0xFC,0x00,0x1F,0xFE,0x3F,0xF8,
  0x00,0x0F,0xFE,0x7F,0xF8,0x00,0x0F,0xFE,0x7F,0xF8,0x00,0x07,0xF0,0x7F,0xF0,0x00,0x07,0x00,0x7F,0xF0,0x00,0x00,0x00,0xFF,
  0xF0,0x00,0x00,0x00,0xFF,0xF0,0x00,0x00,0x00,0xFF,0xE0,0x00,0x00,0x00,0xFF,0xE0,0x00,0x00,0x00,0xFF,0xE0,0x00,0x00,0x00,
  0xFF,0xE0,0x00,0x00,0x00,0xFF,0xE0,0x00,0x00,0x00,0xFF,0xE0,0x00,0x00,0x00,0xFF,0xE0,0x00,0x00,0x00,0xFF,0xE0,0x00,0x00,
  0x00,0xFF,0xE0,0x00,0x00,0x00,0xFF,0xE0,0x00,0x00,0x00,0xFF,0xE0,0x00,0x00,0x00,0xFF,0xF0,0x00,0x00,0x00,0xFF,0xF0,0x00,
  0x00,0x00,0xFF,0xF0,0x00,0x00,0x00,0x7F,0xF0,0x00,0x03,0x80,0x7F,0xF0,0x00,0x03,0xFC,0x7F,0xF8,0x00,0x07,0xFF,0x7F,0xF8,
  0x00,0x07,0xFF,0x3F,0xFC,0x00,0x0F,0xFF,0x3F,0xFC,0x00,0x0F,0xFE,0x3F,0xFE,0x00,0x1F,0xFE,0x1F,0xFF,0x00,0x3F,0xFC,0x1F,
  0xFF,0xC0,0x7F,0xFC,0x0F,0xFF,0xFF,0xFF,0xF8,0x07,0xFF,0xFF,0xFF,0xF0,0x03,0xFF,0xFF,0xFF,0xF0,0x03,0xFF,0xFF,0xFF,0xE0,
  0x00,0xFF,0xFF,0xFF,0xC0,0x00,0x7F,0xFF,0xFF,0x80,0x00,0x3F,0xFF,0xFE,0x00,0x00,0x0F,0xFF,0xF8,0x00,0x00,0x00,0xFF,0xC0,
  0x00,0xFF,0xFF,0xF0,0x00,0x03,0xFF,0xFF,0xFC,0x00,0x0F,0xFF,0xFF,0xFE,0x00,0x3F,0xFF,0xFF,0xFC,0x00,0xFF,0xFF,0xFF,0xFC,
  0x03,0xFF,0xFF,0xFF,0xF8,0x0F,0xFF,0xFF,0xFF,0xF0,0x3F,0xFF,0xFF,0xFF,0xE0,0xFF,0xE3,0xFF,0xFF,0xC3,0xFF,0x80,0x7F,0xFF,
  0x0F,0xFE,0x00,0x7F,0xFE,0x3F,0xF8,0x00,0x7F,0xF8,0xFF,0xE0,0x00,0xFF,0xF3,0xFF,0x80,0x03,0xFF,0xCF,0xFE,0x00,0x07,0xFF,
  0x3F,0xF8,0x00,0x1F,0xFE,0xFF,0xE0,0x00,0x3F,0xFB,0xFF,0x80,0x00,0xFF,0xEF,0xFE,0x00,0x03,0xFF,0xBF,0xF8,0x00,0x0F,0xFE,
  0xFF,0xE0,0x00,0x3F,0xFF,0xFF,0x80,0x00,0xFF,0xFF,0xFE,0x00,0x03,0xFF,0xFF,0xF8,0x00,0x07,0xFF,0xFF,0xE0,0x00,0x1F,0xFF,
  0xFF,0x80,0x00,0x7F,0xFF,0xFE,0x00,0x01,0xFF,0xFF,0xF8,0x00,0x0F,0xFF,0xFF,0xE0,0x00,0x3F,0xFF,0xFF,0x80,0x00,0xFF,0xEF,
  0xFE,0x00,0x03,0xFF,0xBF,0xF8,0x00,0x0F,0xFE,0xFF,0xE0,0x00,0x3F,0xFB,0xFF,0x80,0x01,0xFF,0xEF,0xFE,0x00,0x07,0xFF,0xBF,
  0xF8,0x00,0x1F,0xFC,0xFF,0xE0,0x00,0xFF,0xF3,0xFF,0x80,0x07,0xFF,0xCF,0xFE,0x00,0x1F,0xFE,0x3F,0xF8,0x01,0xFF,0xF8,0xFF,
  0xE0,0x0F,0xFF,0xC3,0xFF,0xFF,0xFF,0xFE,0x0F,0xFF,0xFF,0xFF,0xF8,0x3F,0xFF,0xFF,0xFF,0xC0,0xFF,0xFF,0xFF,0xFE,0x03,0xFF,
  0xFF,0xFF,0xF0,0x0F,0xFF,0xFF,0xFF,0x80,0x3F,0xFF,0xFF,0xF8,0x00,0xFF,0xFF,0xFF,0x80,0x03,0xFF,0xFF,0xE0,0x00,0x00,0xFF,
  0xFF,0xFF,0xFF,0xF3,0xFF,0xFF,0xFF,0xFF,0xCF,0xFF,0xFF,0xFF,0xFF,0x3F,0xFF,0xFF,0xFF,0xFC,0xFF,0xFF,0xFF,0xFF,0xF3,0xFF,
  0xFF,0xFF,0xFF,0xCF,0xFF,0xFF,0xFF,0xFF,0x3F,0xFF,0xFF,0xFF,0xFC,0xFF,0xFF,0xFF,0xFF,0xF3,0xFF,0x80,0x00,0x00,0x0F,0xFE,
  0x00,0x00,0x00,0x3F,0xF8,0x00,0x00,0x00,0xFF,0xE0,0x00,0x00,0x03,0xFF,0x80,0x00,0x00,0x0F,0xFE,0x00,0x00,0x00,0x3F,0xF8,
  0x00,0x00,0x00,0xFF,0xE0,0x00,0x00,0x03,0xFF,0x80,0x00,0x00,0x0F,0xFE,0x00,0x00,0x00,0x3F,0xF8,0x00,0x00,0x00,0xFF,0xFF,
  0xFF,0xFF,0xC3,0xFF,0xFF,0xFF,0xFF,0x0F,0xFF,0xFF,0xFF,0xFC,0x3F,0xFF,0xFF,0xFF,0xF0,0xFF,0xFF,0xFF,0xFF,0xC3,0xFF,0xFF,
  0xFF,0xFF,0x0F,0xFF,0xFF,0xFF,0xFC,0x3F,0xFF,0xFF,0xFF,0xF0,0xFF,0xFF,0xFF,0xFF,0x83,0xFF,0x80,0x00,0x00,0x0F,0xFE,0x00,
  0x00,0x00,0x3F,0xF8,0x00,0x00,0x00,0xFF,0xE0,0x00,0x00,0x03,0xFF,0x80,0x00,0x00,0x0F,0xFE,0x00,0x00,0x00,0x3F,0xF8,0x00,
  0x00,0x00,0xFF,0xE0,0x00,0x00,0x03,0xFF,0x80,0x00,0x00,0x0F,0xFE,0x00,0x00,0x00,0x3F,0xF8,0x00,0x00,0x00,0xFF,0xE0,0x00,
  0x00,0x03,0xFF,0xFF,0xFF,0xFF,0xEF,0xFF,0xFF,0xFF,0xFF,0xFF,0xFF,0xFF,0xFF,0xFF,0xFF,0xFF,0xFF,0xFF,0xFF,0xFF,0xFF,0xFF,
  0xFF,0xFF,0xFF,0xFF,0xFF,0xFF,0xFF,0xFF,0xFF,0xFF,0xFF,0xFF,0xFF,0xFF,0xFF,0xFF,0xFF,0xFF,0xFF,0xFF,0xF0,0xFF,0xFF,0xFF,
  0xFF,0xFF,0xFF,0xFF,0xFF,0xFF,0xFF,0xFF,0xFF,0xFF,0xFF,0xFF,0xFF,0xFF,0xFF,0xFF,0xFF,0xFF,0xFF,0xFF,0xFF,0xFF,0xFF,0xFF,
  0xFF,0xFF,0xFF,0xFF,0xFF,0xFF,0xFF,0xFF,0xFF,0xFF,0xFF,0xFF,0xFF,0xFC,0x00,0x00,0x03,0xFF,0x80,0x00,0x00,0x7F,0xF0,0x00,
  0x00,0x0F,0xFE,0x00,0x00,0x01,0xFF,0xC0,0x00,0x00,0x3F,0xF8,0x00,0x00,0x07,0xFF,0x00,0x00,0x00,0xFF,0xE0,0x00,0x00,0x1F,
  0xFC,0x00,0x00,0x03,0xFF,0x80,0x00,0x00,0x7F,0xF0,0x00,0x00,0x0F,0xFE,0x00,0x00,0x01,0xFF,0xC0,0x00,0x00,0x3F,0xF8,0x00,
  0x00,0x07,0xFF,0xFF,0xFF,0xFE,0xFF,0xFF,0xFF,0xFF,0xDF,0xFF,0xFF,0xFF,0xFB,0xFF,0xFF,0xFF,0xFF,0x7F,0xFF,0xFF,0xFF,0xEF,
  0xFF,0xFF,0xFF,0xFD,0xFF,0xFF,0xFF,0xFF,0xBF,0xFF,0xFF,0xFF,0xF7,0xFF,0xFF,0xFF,0xFE,0xFF,0xE0,0x00,0x00,0x1F,0xFC,0x00,
  0x00,0x03,0xFF,0x80,0x00,0x00,0x7F,0xF0,0x00,0x00,0x0F,0xFE,0x00,0x00,0x01,0xFF,0xC0,0x00,0x00,0x3F,0xF8,0x00,0x00,0x07,
  0xFF,0x00,0x00,0x00,0xFF,0xE0,0x00,0x00,0x1F,0xFC,0x00,0x00,0x03,0xFF,0x80,0x00,0x00,0x7F,0xF0,0x00,0x00,0x0F,0xFE,0x00,
  0x00,0x01,0xFF,0xC0,0x00,0x00,0x3F,0xF8,0x00,0x00,0x07,0xFF,0x00,0x00,0x00,0xFF,0xE0,0x00,0x00,0x1F,0xFC,0x00,0x00,0x00,
  0x00,0x01,0xFF,0x80,0x00,0x00,0x1F,0xFF,0xE0,0x00,0x00,0xFF,0xFF,0xF0,0x00,0x07,0xFF,0xFF,0xF8,0x00,0x1F,0xFF,0xFF,0xF8,
  0x00,0x7F,0xFF,0xFF,0xF8,0x01,0xFF,0xFF,0xFF,0xF0,0x07,0xFF,0xFF,0xFF,0xF0,0x0F,0xFF,0xFF,0xFF,0xF0,0x3F,0xFF,0x01,0xFF,
  0xE0,0x7F,0xF8,0x01,0xFF,0xE1,0xFF,0xE0,0x01,0xFF,0xC3,0xFF,0xC0,0x03,0xFF,0x87,0xFF,0x00,0x03,0xFF,0x9F,0xFE,0x00,0x07,
  0xFC,0x3F,0xF8,0x00,0x0F,0x00,0x7F,0xF0,0x00,0x00,0x00,0xFF,0xE0,0x00,0x00,0x03,0xFF,0xC0,0x00,0x00,0x07,0xFF,0x00,0x00,
  0x00,0x0F,0xFE,0x00,0x00,0x00,0x1F,0xFC,0x00,0x00,0x00,0x3F,0xF8,0x00,0x00,0x00,0x7F,0xF0,0x0F,0xFF,0xFF,0xFF,0xE0,0x1F,
  0xFF,0xFF,0xFF,0xC0,0x3F,0xFF,0xFF,0xFF,0x80,0x7F,0xFF,0xFF,0xFF,0x00,0xFF,0xFF,0xFF,0xFE,0x01,0xFF,0xFF,0xFF,0xFC,0x03,
  0xFF,0xFF,0xFF,0xF8,0x07,0xFF,0xFF,0xFF,0xF8,0x00,0x03,0xFF,0xFF,0xF0,0x00,0x07,0xFE,0xFF,0xE0,0x00,0x0F,0xFD,0xFF,0xC0,
  0x00,0x1F,0xFB,0xFF,0x80,0x00,0x3F,0xF7,0xFF,0x80,0x00,0x7F,0xEF,0xFF,0x00,0x00,0xFF,0xCF,0xFF,0x00,0x01,0xFF,0x9F,0xFE,
  0x00,0x03,0xFF,0x1F,0xFE,0x00,0x0F,0xFE,0x3F,0xFE,0x00,0x3F,0xFC,0x3F,0xFF,0x01,0xFF,0xF8,0x7F,0xFF,0xFF,0xFF,0xF0,0x7F,
  0xFF,0xFF,0xFF,0xE0,0x7F,0xFF,0xFF,0xFF,0x00,0x7F,0xFF,0xFF,0xFC,0x00,0x7F,0xFF,0xFF,0xF0,0x00,0x7F,0xFF,0xFF,0x80,0x00,
  0x7F,0xFF,0xFC,0x00,0x00,0x3F,0xFF,0xE0,0x00,0x00,0x0F,0xFE,0x00,0x00,0xFF,0xE0,0x00,0xFF,0xFF,0xFE,0x00,0x0F,0xFF,0xFF,
  0xE0,0x00,0xFF,0xFF,0xFE,0x00,0x0F,0xFF,0xFF,0xE0,0x00,0xFF,0xFF,0xFE,0x00,0x0F,0xFF,0xFF,0xE0,0x00,0xFF,0xFF,0xFE,0x00,
  0x0F,0xFF,0xFF,0xE0,0x00,0xFF,0xFF,0xFE,0x00,0x0F,0xFF,0xFF,0xE0,0x00,0xFF,0xFF,0xFE,0x00,0x0F,0xFF,0xFF,0xE0,0x00,0xFF,
  0xFF,0xFE,0x00,0x0F,0xFF,0xFF,0xE0,0x00,0xFF,0xFF,0xFE,0x00,0x0F,0xFF,0xFF,0xE0,0x00,0xFF,0xFF,0xFE,0x00,0x0F,0xFF,0xFF,
  0xE0,0x00,0xFF,0xFF,0xFE,0x00,0x0F,0xFF,0xFF,0xFF,0xFF,0xFF,0xFF,0xFF,0xFF,0xFF,0xFF,0xFF,0xFF,0xFF,0xFF,0xFF,0xFF,0xFF,
  0xFF,0xFF,0xFF,0xFF,0xFF,0xFF,0xFF,0xFF,0xFF,0xFF,0xFF,0xFF,0xFF,0xFF,0xFF,0xFF,0xFF,0xFF,0xFF,0xFF,0xFF,0xFF,0xFF,0xFF,
  0xFF,0xFE,0x00,0x0F,0xFF,0xFF,0xE0,0x00,0xFF,0xFF,0xFE,0x00,0x0F,0xFF,0xFF,0xE0,0x00,0xFF,0xFF,0xFE,0x00,0x0F,0xFF,0xFF,
  0xE0,0x00,0xFF,0xFF,0xFE,0x00,0x0F,0xFF,0xFF,0xE0,0x00,0xFF,0xFF,0xFE,0x00,0x0F,0xFF,0xFF,0xE0,0x00,0xFF,0xFF,0xFE,0x00,
  0x0F,0xFF,0xFF,0xE0,0x00,0xFF,0xFF,0xFE,0x00,0x0F,0xFF,0xFF,0xE0,0x00,0xFF,0xFF,0xFE,0x00,0x0F,0xFF,0xFF,0xE0,0x00,0xFF,
  0xFF,0xFE,0x00,0x0F,0xFF,0xFF,0xE0,0x00,0xFF,0xFF,0xFE,0x00,0x0F,0xFF,0xFF,0xE0,0x00,0xFF,0xFF,0xFE,0x00,0x0F,0xFF,0xFF,
  0xFF,0xFF,0xFF,0xFF,0xFF,0xFF,0xFF,0xFF,0xFF,0xFF,0xFF,0xFF,0xFF,0xFF,0xFF,0xFF,0xFF,0xFF,0xFF,0xFF,0xFF,0xFF,0xFF,0xFF,
  0xFF,0xFF,0xFF,0xFF,0xFF,0xFF,0xFF,0xFF,0xFF,0xFF,0xFF,0xFF,0xFF,0x80,0x07,0xFF,0x00,0x00,0x01,0xFF,0xC0,0x00,0x00,0x7F,
  0xF0,0x00,0x00,0x1F,0xFC,0x00,0x00,0x07,0xFF,0x00,0x00,0x01,0xFF,0xC0,0x00,0x00,0x7F,0xF0,0x00,0x00,0x1F,0xFC,0x00,0x00,
  0x07,0xFF,0x00,0x00,0x01,0xFF,0xC0,0x00,0x00,0x7F,0xF0,0x00,0x00,0x1F,0xFC,0x00,0x00,0x07,0xFF,0x00,0x00,0x01,0xFF,0xC0,
  0x00,0x00,0x7F,0xF0,0x00,0x00,0x1F,0xFC,0x00,0x00,0x07,0xFF,0x00,0x00,0x01,0xFF,0xC0,0x00,0x00,0x7F,0xF0,0x00,0x00,0x1F,
  0xFC,0x00,0x00,0x07,0xFF,0x00,0x00,0x01,0xFF,0xC0,0x00,0x00,0x7F,0xF0,0x00,0x00,0x1F,0xFC,0x00,0x00,0x07,0xFF,0x00,0x00,
  0x01,0xFF,0xC0,0x00,0x00,0x7F,0xF0,0x00,0x00,0x1F,0xFC,0x00,0x00,0x07,0xFF,0x00,0x00,0x01,0xFF,0xC0,0x00,0x00,0x7F,0xF0,
  0x00,0x00,0x1F,0xFC,0x00,0x3F,0xFF,0xFF,0xFF,0xEF,0xFF,0xFF,0xFF,0xFF,0xFF,0xFF,0xFF,0xFF,0xFF,0xFF,0xFF,0xFF,0xFF,0xFF,
  0xFF,0xFF,0xFF,0xFF,0xFF,0xFF,0xFF,0xFF,0xFF,0xFF,0xFF,0xFF,0xFF,0xFF,0xFF,0xFF,0xFF,0xFF,0xFF,0xF0,0x00,0x0F,0xFF,0xFF,
  0xC0,0x03,0xFF,0xFF,0xF0,0x00,0xFF,0xFF,0xFC,0x00,0x3F,0xFF,0xFF,0x00,0x0F,0xFF,0xFF,0xC0,0x03,0xFF,0xFF,0xF0,0x00,0xFF,
  0xFF,0xFC,0x00,0x3F,0xFF,0xFF,0x00,0x0F,0xFF,0xFF,0xC0,0x00,0x00,0x7F,0xF0,0x00,0x00,0x1F,0xFC,0x00,0x00,0x07,0xFF,0x00,
  0x00,0x01,0xFF,0xC0,0x00,0x00,0x7F,0xF0,0x00,0x00,0x1F,0xFC,0x00,0x00,0x07,0xFF,0x00,0x00,0x01,0xFF,0xC0,0x00,0x00,0x7F,
  0xF0,0x00,0x00,0x1F,0xFC,0x00,0x00,0x07,0xFF,0x00,0x00,0x01,0xFF,0xC0,0x00,0x00,0x7F,0xF0,0x00,0x00,0x1F,0xFC,0x00,0x00,
  0x07,0xFF,0x00,0x00,0x01,0xFF,0xC0,0x00,0x00,0x7F,0xF0,0x00,0x00,0x1F,0xFC,0x00,0x00,0x07,0xFF,0x00,0x00,0x01,0xFF,0xC0,
  0x00,0x00,0x7F,0xF0,0x00,0x00,0x1F,0xFC,0x00,0x00,0x07,0xFF,0x00,0x00,0x01,0xFF,0xC0,0x00,0x00,0x7F,0xF0,0x1E,0x00,0x1F,
  0xFF,0xFF,0x80,0x07,0xFF,0xFF,0xE0,0x01,0xFF,0xFF,0xFC,0x00,0xFF,0xFF,0xFF,0x00,0x3F,0xF9,0xFF,0xE0,0x0F,0xFE,0x7F,0xF8,
  0x07,0xFF,0x9F,0xFF,0x03,0xFF,0xE3,0xFF,0xFF,0xFF,0xF0,0xFF,0xFF,0xFF,0xFC,0x1F,0xFF,0xFF,0xFE,0x03,0xFF,0xFF,0xFF,0x00,
  0x7F,0xFF,0xFF,0x80,0x0F,0xFF,0xFF,0xC0,0x01,0xFF,0xFF,0xE0,0x00,0x1F,0xFF,0xE0,0x00,0x00,0xFF,0xC0,0x00,0xFF,0xE0,0x00,
  0x1F,0xFF,0xFF,0xE0,0x00,0x3F,0xFE,0xFF,0xE0,0x00,0x7F,0xFC,0xFF,0xE0,0x00,0x7F,0xF8,0xFF,0xE0,0x00,0xFF,0xF0,0xFF,0xE0,
  0x01,0xFF,0xF0,0xFF,0xE0,0x03,0xFF,0xE0,0xFF,0xE0,0x03,0xFF,0xC0,0xFF,0xE0,0x07,0xFF,0x80,0xFF,0xE0,0x0F,0xFF,0x00,0xFF,
  0xE0,0x1F,0xFF,0x00,0xFF,0xE0,0x1F,0xFE,0x00,0xFF,0xE0,0x3F,0xFC,0x00,0xFF,0xE0,0x7F,0xF8,0x00,0xFF,0xE0,0x7F,0xF0,0x00,
  0xFF,0xE0,0xFF,0xF0,0x00,0xFF,0xE1,0xFF,0xE0,0x00,0xFF,0xE3,0xFF,0xC0,0x00,0xFF,0xE3,0xFF,0x80,0x00,0xFF,0xE7,0xFF,0x00,
  0x00,0xFF,0xEF,0xFF,0x00,0x00,0xFF,0xFF,0xFE,0x00,0x00,0xFF,0xFF,0xFF,0x00,0x00,0xFF,0xFF,0xFF,0x00,0x00,0xFF,0xFF,0xFF,
  0x80,0x00,0xFF,0xFF,0xFF,0x80,0x00,0xFF,0xFF,0xFF,0xC0,0x00,0xFF,0xFF,0xFF,0xE0,0x00,0xFF,0xFF,0xFF,0xE0,0x00,0xFF,0xFF,
  0xFF,0xF0,0x00,0xFF,0xFE,0xFF,0xF8,0x00,0xFF,0xFC,0x7F,0xF8,0x00,0xFF,0xF8,0x7F,0xFC,0x00,0xFF,0xF0,0x3F,0xFC,0x00,0xFF,
  0xE0,0x1F,0xFE,0x00,0xFF,0xE0,0x1F,0xFF,0x00,0xFF,0xE0,0x0F,0xFF,0x00,0xFF,0xE0,0x0F,0xFF,0x80,0xFF,0xE0,0x07,0xFF,0xC0,
  0xFF,0xE0,0x03,0xFF,0xC0,0xFF,0xE0,0x03,0xFF,0xE0,0xFF,0xE0,0x01,0xFF,0xE0,0xFF,0xE0,0x01,0xFF,0xF0,0xFF,0xE0,0x00,0xFF,
  0xF8,0xFF,0xE0,0x00,0xFF,0xF8,0xFF,0xE0,0x00,0x7F,0xFC,0xFF,0xE0,0x00,0x3F,0xFC,0xFF,0xE0,0x00,0x3F,0xFE,0xFF,0xE0,0x00,
  0x1F,0xFF,0xFF,0xE0,0x00,0x1F,0xFF,0xFF,0xE0,0x00,0x00,0x3F,0xF8,0x00,0x00,0x0F,0xFE,0x00,0x00,0x03,0xFF,0x80,0x00,0x00,
  0xFF,0xE0,0x00,0x00,0x3F,0xF8,0x00,0x00,0x0F,0xFE,0x00,0x00,0x03,0xFF,0x80,0x00,0x00,0xFF,0xE0,0x00,0x00,0x3F,0xF8,0x00,
  0x00,0x0F,0xFE,0x00,0x00,0x03,0xFF,0x80,0x00,0x00,0xFF,0xE0,0x00,0x00,0x3F,0xF8,0x00,0x00,0x0F,0xFE,0x00,0x00,0x03,0xFF,
  0x80,0x00,0x00,0xFF,0xE0,0x00,0x00,0x3F,0xF8,0x00,0x00,0x0F,0xFE,0x00,0x00,0x03,0xFF,0x80,0x00,0x00,0xFF,0xE0,0x00,0x00,
  0x3F,0xF8,0x00,0x00,0x0F,0xFE,0x00,0x00,0x03,0xFF,0x80,0x00,0x00,0xFF,0xE0,0x00,0x00,0x3F,0xF8,0x00,0x00,0x0F,0xFE,0x00,
  0x00,0x03,0xFF,0x80,0x00,0x00,0xFF,0xE0,0x00,0x00,0x3F,0xF8,0x00,0x00,0x0F,0xFE,0x00,0x00,0x03,0xFF,0x80,0x00,0x00,0xFF,
  0xE0,0x00,0x00,0x3F,0xF8,0x00,0x00,0x0F,0xFE,0x00,0x00,0x03,0xFF,0x80,0x00,0x00,0xFF,0xE0,0x00,0x00,0x3F,0xF8,0x00,0x00,
  0x0F,0xFE,0x00,0x00,0x03,0xFF,0x80,0x00,0x00,0xFF,0xE0,0x00,0x00,0x3F,0xFF,0xFF,0xFF,0xEF,0xFF,0xFF,0xFF,0xFF,0xFF,0xFF,
  0xFF,0xFF,0xFF,0xFF,0xFF,0xFF,0xFF,0xFF,0xFF,0xFF,0xFF,0xFF,0xFF,0xFF,0xFF,0xFF,0xFF,0xFF,0xFF,0xFF,0xFF,0xFF,0xFF,0xFF,
  0xFF,0xFF,0xFF,0xF0,0xFF,0xF8,0x00,0x7F,0xFF,0xFF,0xE0,0x01,0xFF,0xFF,0xFF,0x80,0x07,0xFF,0xFF,0xFF,0x00,0x3F,0xFF,0xFF,
  0xFC,0x00,0xFF,0xFF,0xFF,0xF0,0x03,0xFF,0xFF,0xFF,0xC0,0x0F,0xFF,0xFF,0xFF,0x80,0x7F,0xFF,0xFF,0xFE,0x01,0xFF,0xFF,0xFF,
  0xF8,0x07,0xFF,0xFF,0xFF,0xE0,0x1F,0xFF,0xFF,0xFF,0xC0,0xFE,0xFF,0xFF,0xFF,0x03,0xFB,0xFF,0xFD,0xFC,0x0F,0xEF,0xFF,0xF7,
  0xF8,0x3F,0xBF,0xFF,0xDF,0xE1,0xFE,0xFF,0xFF,0x7F,0x87,0xF3,0xFF,0xFC,0xFE,0x1F,0xCF,0xFF,0xF3,0xFC,0xFF,0x3F,0xFF,0xCF,
  0xF3,0xFC,0xFF,0xFF,0x3F,0xCF,0xE3,0xFF,0xFC,0x7F,0x3F,0x8F,0xFF,0xF1,0xFC,0xFE,0x3F,0xFF,0xC7,0xFF,0xF8,0xFF,0xFF,0x1F,
  0xFF,0xC3,0xFF,0xFC,0x3F,0xFF,0x0F,0xFF,0xF0,0xFF,0xFC,0x3F,0xFF,0xC3,0xFF,0xE0,0xFF,0xFF,0x0F,0xFF,0x83,0xFF,0xFC,0x1F,
  0xFE,0x0F,0xFF,0xF0,0x7F,0xF8,0x3F,0xFF,0xC1,0xFF,0xC0,0xFF,0xFF,0x03,0xFF,0x03,0xFF,0xFC,0x0F,0xFC,0x0F,0xFF,0xF0,0x3F,
  0xF0,0x3F,0xFF,0xC0,0xFF,0x80,0xFF,0xFF,0x01,0xFE,0x03,0xFF,0xFC,0x00,0x00,0x0F,0xFF,0xF0,0x00,0x00,0x3F,0xFF,0xC0,0x00,
  0x00,0xFF,0xFF,0x00,0x00,0x03,0xFF,0xFC,0x00,0x00,0x0F,0xFF,0xF0,0x00,0x00,0x3F,0xFF,0xC0,0x00,0x00,0xFF,0xFF,0x00,0x00,
  0x03,0xFF,0xFC,0x00,0x00,0x0F,0xFF,0xF0,0x00,0x00,0x3F,0xFF,0xC0,0x00,0x00,0xFF,0xFF,0x00,0x00,0x03,0xFF,0xFC,0x00,0x00,
  0x0F,0xF0,0xFF,0xF8,0x00,0x3F,0xFF,0xFF,0x80,0x03,0xFF,0xFF,0xFC,0x00,0x3F,0xFF,0xFF,0xC0,0x03,0xFF,0xFF,0xFC,0x00,0x3F,
  0xFF,0xFF,0xE0,0x03,0xFF,0xFF,0xFE,0x00,0x3F,0xFF,0xFF,0xE0,0x03,0xFF,0xFF,0xFF,0x00,0x3F,0xFF,0xFF,0xF0,0x03,0xFF,0xFF,
  0xFF,0x80,0x3F,0xFF,0xFF,0xF8,0x03,0xFF,0xFF,0xFF,0x80,0x3F,0xFF,0xFF,0xFC,0x03,0xFF,0xFF,0xFF,0xC0,0x3F,0xFF,0xFB,0xFC,
  0x03,0xFF,0xFF,0xBF,0xE0,0x3F,0xFF,0xFB,0xFE,0x03,0xFF,0xFF,0x9F,0xF0,0x3F,0xFF,0xF9,0xFF,0x03,0xFF,0xFF,0x9F,0xF0,0x3F,
  0xFF,0xF8,0xFF,0x83,0xFF,0xFF,0x8F,0xF8,0x3F,0xFF,0xFC,0x7F,0xC3,0xFF,0xFF,0xC7,0xFC,0x3F,0xFF,0xFC,0x7F,0xC3,0xFF,0xFF,
  0xC3,0xFE,0x3F,0xFF,0xFC,0x3F,0xE3,0xFF,0xFF,0xC1,0xFE,0x3F,0xFF,0xFC,0x1F,0xF3,0xFF,0xFF,0xC1,0xFF,0x3F,0xFF,0xFC,0x0F,
  0xFB,0xFF,0xFF,0xC0,0xFF,0xBF,0xFF,0xFC,0x0F,0xFB,0xFF,0xFF,0xC0,0x7F,0xDF,0xFF,0xFC,0x07,0xFD,0xFF,0xFF,0xC0,0x3F,0xFF,
  0xFF,0xFC,0x03,0xFF,0xFF,0xFF,0xC0,0x3F,0xFF,0xFF,0xFC,0x01,0xFF,0xFF,0xFF,0xC0,0x1F,0xFF,0xFF,0xFC,0x01,0xFF,0xFF,0xFF,
  0xC0,0x0F,0xFF,0xFF,0xFC,0x00,0xFF,0xFF,0xFF,0xC0,0x07,0xFF,0xFF,0xFC,0x00,0x7F,0xFF,0xFF,0xC0,0x07,0xFF,0xFF,0xFC,0x00,
  0x3F,0xFF,0xFF,0xC0,0x03,0xFF,0xFF,0xFC,0x00,0x1F,0xFF,0x00,0x01,0xFF,0x80,0x00,0x00,0x1F,0xFF,0xF0,0x00,0x00,0x7F,0xFF,
  0xFC,0x00,0x00,0xFF,0xFF,0xFF,0x00,0x01,0xFF,0xFF,0xFF,0x80,0x03,0xFF,0xFF,0xFF,0xC0,0x07,0xFF,0xFF,0xFF,0xE0,0x0F,0xFF,
  0xFF,0xFF,0xF0,0x1F,0xFF,0xFF,0xFF,0xF0,0x1F,0xFF,0x01,0xFF,0xF8,0x3F,0xFE,0x00,0x7F,0xF8,0x3F,0xFC,0x00,0x3F,0xFC,0x3F,
  0xF8,0x00,0x3F,0xFC,0x7F,0xF8,0x00,0x1F,0xFC,0x7F,0xF0,0x00,0x1F,0xFE,0x7F,0xF0,0x00,0x0F,0xFE,0xFF,0xF0,0x00,0x0F,0xFE,
  0xFF,0xF0,0x00,0x0F,0xFE,0xFF,0xE0,0x00,0x0F,0xFE,0xFF,0xE0,0x00,0x0F,0xFF,0xFF,0xE0,0x00,0x07,0xFF,0xFF,0xE0,0x00,0x07,
  0xFF,0xFF,0xE0,0x00,0x07,0xFF,0xFF,0xE0,0x00,0x07,0xFF,0xFF,0xE0,0x00,0x07,0xFF,0xFF,0xE0,0x00,0x07,0xFF,0xFF,0xE0,0x00,
  0x07,0xFF,0xFF,0xE0,0x00,0x07,0xFF,0xFF,0xE0,0x00,0x07,0xFF,0xFF,0xE0,0x00,0x07,0xFF,0xFF,0xE0,0x00,0x07,0xFF,0xFF,0xE0,
  0x00,0x0F,0xFF,0xFF,0xE0,0x00,0x0F,0xFF,0xFF,0xE0,0x00,0x0F,0xFE,0xFF,0xF0,0x00,0x0F,0xFE,0x7F,0xF0,0x00,0x0F,0xFE,0x7F,
  0xF0,0x00,0x1F,0xFE,0x7F,0xF0,0x00,0x1F,0xFE,0x7F,0xF8,0x00,0x1F,0xFC,0x3F,0xF8,0x00,0x3F,0xFC,0x3F,0xFC,0x00,0x3F,0xFC,
  0x3F,0xFE,0x00,0x7F,0xF8,0x1F,0xFF,0x01,0xFF,0xF8,0x0F,0xFF,0xFF,0xFF,0xF0,0x0F,0xFF,0xFF,0xFF,0xE0,0x07,0xFF,0xFF,0xFF,
  0xE0,0x03,0xFF,0xFF,0xFF,0xC0,0x01,0xFF,0xFF,0xFF,0x80,0x00,0xFF,0xFF,0xFF,0x00,0x00,0x7F,0xFF,0xFC,0x00,0x00,0x1F,0xFF,
  0xF0,0x00,0x00,0x01,0xFF,0x80,0x00,0xFF,0xFF,0xFF,0x00,0x07,0xFF,0xFF,0xFF,0x80,0x3F,0xFF,0xFF,0xFF,0x01,0xFF,0xFF,0xFF,
  0xFE,0x0F,0xFF,0xFF,0xFF,0xF8,0x7F,0xFF,0xFF,0xFF,0xE3,0xFF,0xFF,0xFF,0xFF,0x9F,0xFF,0xFF,0xFF,0xFC,0xFF,0xFF,0xFF,0xFF,
  0xF7,0xFF,0x00,0x1F,0xFF,0xBF,0xF8,0x00,0x3F,0xFF,0xFF,0xC0,0x00,0xFF,0xFF,0xFE,0x00,0x03,0xFF,0xFF,0xF0,0x00,0x1F,0xFF,
  0xFF,0x80,0x00,0xFF,0xFF,0xFC,0x00,0x07,0xFF,0xFF,0xE0,0x00,0x3F,0xFF,0xFF,0x00,0x01,0xFF,0xFF,0xF8,0x00,0x0F,0xFF,0xFF,
  0xC0,0x00,0x7F,0xFF,0xFE,0x00,0x07,0xFF,0xFF,0xF0,0x00,0x7F,0xFB,0xFF,0x80,0x07,0xFF,0xDF,0xFC,0x0F,0xFF,0xFE,0xFF,0xFF,
  0xFF,0xFF,0xE7,0xFF,0xFF,0xFF,0xFE,0x3F,0xFF,0xFF,0xFF,0xE1,0xFF,0xFF,0xFF,0xFE,0x0F,0xFF,0xFF,0xFF,0xE0,0x7F,0xFF,0xFF,
  0xFE,0x03,0xFF,0xFF,0xFF,0x80,0x1F,0xFF,0xFF,0xE0,0x00,0xFF,0xE0,0x00,0x00,0x07,0xFF,0x00,0x00,0x00,0x3F,0xF8,0x00,0x00,
  0x01,0xFF,0xC0,0x00,0x00,0x0F,0xFE,0x00,0x00,0x00,0x7F,0xF0,0x00,0x00,0x03,0xFF,0x80,0x00,0x00,0x1F,0xFC,0x00,0x00,0x00,
  0xFF,0xE0,0x00,0x00,0x07,0xFF,0x00,0x00,0x00,0x3F,0xF8,0x00,0x00,0x01,0xFF,0xC0,0x00,0x00,0x0F,0xFE,0x00,0x00,0x00,0x7F,
  0xF0,0x00,0x00,0x03,0xFF,0x80,0x00,0x00,0x1F,0xFC,0x00,0x00,0x00,0xFF,0xE0,0x00,0x00,0x07,0xFF,0x00,0x00,0x00,0x00,0x00,
  0x01,0xFF,0x80,0x00,0x00,0x1F,0xFF,0xF0,0x00,0x00,0x7F,0xFF,0xFC,0x00,0x00,0xFF,0xFF,0xFF,0x00,0x01,0xFF,0xFF,0xFF,0x80,
  0x03,0xFF,0xFF,0xFF,0xC0,0x07,0xFF,0xFF,0xFF,0xE0,0x0F,0xFF,0xFF,0xFF,0xE0,0x1F,0xFF,0xFF,0xFF,0xF0,0x1F,0xFF,0x01,0xFF,
  0xF8,0x3F,0xFE,0x00,0x7F,0xF8,0x3F,0xFC,0x00,0x3F,0xFC,0x3F,0xF8,0x00,0x3F,0xFC,0x7F,0xF8,0x00,0x1F,0xFC,0x7F,0xF0,0x00,
  0x1F,0xFE,0x7F,0xF0,0x00,0x0F,0xFE,0xFF,0xF0,0x00,0x0F,0xFE,0xFF,0xF0,0x00,0x0F,0xFE,0xFF,0xE0,0x00,0x0F,0xFE,0xFF,0xE0,
  0x00,0x0F,0xFF,0xFF,0xE0,0x00,0x0F,0xFF,0xFF,0xE0,0x00,0x07,0xFF,0xFF,0xE0,0x00,0x07,0xFF,0xFF,0xE0,0x00,0x07,0xFF,0xFF,
  0xE0,0x00,0x07,0xFF,0xFF,0xE0,0x00,0x07,0xFF,0xFF,0xE0,0x00,0x07,0xFF,0xFF,0xE0,0x00,0x07,0xFF,0xFF,0xE0,0x00,0x07,0xFF,
  0xFF,0xE0,0x00,0x07,0xFF,0xFF,0xE0,0x00,0x07,0xFF,0xFF,0xE0,0x00,0x07,0xFF,0xFF,0xE0,0x00,0x0F,0xFF,0xFF,0xE0,0x00,0x0F,
  0xFF,0xFF,0xF0,0x00,0x0F,0xFE,0xFF,0xF0,0x00,0x0F,0xFE,0x7F,0xF0,0x00,0x0F,0xFE,0x7F,0xF0,0x00,0x1F,0xFE,0x7F,0xF8,0x00,
  0x1F,0xFC,0x7F,0xF8,0x00,0x3F,0xFC,0x3F,0xFC,0x00,0x3F,0xFC,0x3F,0xFE,0x00,0x7F,0xF8,0x1F,0xFF,0x00,0xFF,0xF8,0x1F,0xFF,
  0xC3,0xFF,0xF0,0x0F,0xFF,0xFF,0xFF,0xF0,0x07,0xFF,0xFF,0xFF,0xE0,0x07,0xFF,0xFF,0xFF,0xC0,0x03,0xFF,0xFF,0xFF,0x80,0x01,
  0xFF,0xFF,0xFF,0x00,0x00,0x7F,0xFF,0xFE,0x00,0x00,0x3F,0xFF,0xF8,0x00,0x00,0x07,0xFF,0xE0,0x00,0x00,0x01,0xFF,0xC0,0x00,
  0x00,0x01,0xFF,0xE0,0x00,0x00,0x00,0xFF,0xF0,0x00,0x00,0x00,0xFF,0xF0,0x00,0x00,0x00,0x7F,0xFC,0x00,0x00,0x00,0x7F,0xFF,
  0x00,0x00,0x00,0x3F,0xFF,0xFF,0x00,0x00,0x3F,0xFF,0xFF,0x00,0x00,0x1F,0xFF,0xFF,0x00,0x00,0x0F,0xFF,0xFF,0x00,0x00,0x07,
  0xFF,0xFF,0x00,0x00,0x03,0xFF,0xFF,0x00,0x00,0x00,0xFF,0xFF,0x00,0x00,0x00,0x1F,0xFC,0xFF,0xFF,0xFF,0x80,0x00,0xFF,0xFF,
  0xFF,0xF8,0x00,0xFF,0xFF,0xFF,0xFE,0x00,0xFF,0xFF,0xFF,0xFF,0x80,0xFF,0xFF,0xFF,0xFF,0xC0,0xFF,0xFF,0xFF,0xFF,0xE0,0xFF,
  0xFF,0xFF,0xFF,0xF0,0xFF,0xFF,0xFF,0xFF,0xF0,0xFF,0xFF,0xFF,0xFF,0xF8,0xFF,0xE0,0x01,0xFF,0xF8,0xFF,0xE0,0x00,0x7F,0xFC,
  0xFF,0xE0,0x00,0x3F,0xFC,0xFF,0xE0,0x00,0x3F,0xFC,0xFF,0xE0,0x00,0x1F,0xFC,0xFF,0xE0,0x00,0x1F,0xFC,0xFF,0xE0,0x00,0x1F,
  0xFC,0xFF,0xE0,0x00,0x1F,0xFC,0xFF,0xE0,0x00,0x3F,0xFC,0xFF,0xE0,0x00,0x3F,0xF8,0xFF,0xE0,0x00,0x7F,0xF8,0xFF,0xE0,0x00,
  0xFF,0xF8,0xFF,0xE0,0x03,0xFF,0xF0,0xFF,0xFF,0xFF,0xFF,0xF0,0xFF,0xFF,0xFF,0xFF,0xE0,0xFF,0xFF,0xFF,0xFF,0xC0,0xFF,0xFF,
  0xFF,0xFF,0x80,0xFF,0xFF,0xFF,0xFE,0x00,0xFF,0xFF,0xFF,0xF8,0x00,0xFF,0xFF,0xFF,0xF0,0x00,0xFF,0xFF,0xFF,0xF8,0x00,0xFF,
  0xFF,0xFF,0xF8,0x00,0xFF,0xE0,0x3F,0xFC,0x00,0xFF,0xE0,0x3F,0xFC,0x00,0xFF,0xE0,0x1F,0xFE,0x00,0xFF,0xE0,0x0F,0xFE,0x00,
  0xFF,0xE0,0x0F,0xFF,0x00,0xFF,0xE0,0x07,0xFF,0x80,0xFF,0xE0,0x07,0xFF,0x80,0xFF,0xE0,0x03,0xFF,0xC0,0xFF,0xE0,0x03,0xFF,
  0xC0,0xFF,0xE0,0x01,0xFF,0xE0,0xFF,0xE0,0x01,0xFF,0xF0,0xFF,0xE0,0x00,0xFF,0xF0,0xFF,0xE0,0x00,0x7F,0xF8,0xFF,0xE0,0x00,
  0x7F,0xF8,0xFF,0xE0,0x00,0x3F,0xFC,0xFF,0xE0,0x00,0x3F,0xFE,0xFF,0xE0,0x00,0x1F,0xFE,0xFF,0xE0,0x00,0x1F,0xFF,0xFF,0xE0,
  0x00,0x0F,0xFF,0x00,0x01,0xFF,0xE0,0x00,0x00,0x0F,0xFF,0xFE,0x00,0x00,0x1F,0xFF,0xFF,0xC0,0x00,0x3F,0xFF,0xFF,0xF8,0x00,
  0x3F,0xFF,0xFF,0xFE,0x00,0x3F,0xFF,0xFF,0xFF,0x80,0x3F,0xFF,0xFF,0xFF,0xE0,0x1F,0xFF,0xFF,0xFF,0xF8,0x1F,0xFF,0x00,0xFF,
  0xFC,0x0F,0xFE,0x00,0x1F,0xFF,0x0F,0xFE,0x00,0x07,0xFF,0x87,0xFF,0x00,0x01,0xFF,0xC3,0xFF,0x80,0x00,0xFF,0xF1,0xFF,0xC0,
  0x00,0x3F,0xF8,0xFF,0xE0,0x00,0x1F,0x80,0x7F,0xF0,0x00,0x00,0x00,0x3F,0xFC,0x00,0x00,0x00,0x1F,0xFF,0x00,0x00,0x00,0x0F,
  0xFF,0xC0,0x00,0x00,0x03,0xFF,0xFC,0x00,0x00,0x01,0xFF,0xFF,0xC0,0x00,0x00,0x7F,0xFF,0xFE,0x00,0x00,0x1F,0xFF,0xFF,0xE0,
  0x00,0x07,0xFF,0xFF,0xFE,0x00,0x01,0xFF,0xFF,0xFF,0xC0,0x00,0x7F,0xFF,0xFF,0xF0,0x00,0x0F,0xFF,0xFF,0xFE,0x00,0x01,0xFF,
  0xFF,0xFF,0x80,0x00,0x1F,0xFF,0xFF,0xE0,0x00,0x00,0xFF,0xFF,0xF0,0x00,0x00,0x0F,0xFF,0xFC,0x00,0x00,0x00,0x7F,0xFE,0x00,
  0x00,0x00,0x0F,0xFF,0x80,0x00,0x00,0x03,0xFF,0xC0,0x00,0x00,0x00,0xFF,0xE0,0x00,0x00,0x00,0x7F,0xF0,0x3C,0x00,0x00,0x3F,
  0xFF,0xFF,0x00,0x00,0x1F,0xFF,0xFF,0x80,0x00,0x0F,0xFF,0xFF,0xE0,0x00,0x07,0xFF,0xFF,0xF0,0x00,0x03,0xFF,0xBF,0xFC,0x00,
  0x03,0xFF,0xDF,0xFF,0x80,0x03,0xFF,0xC7,0xFF,0xF8,0x1F,0xFF,0xE1,0xFF,0xFF,0xFF,0xFF,0xE0,0xFF,0xFF,0xFF,0xFF,0xE0,0x3F,
  0xFF,0xFF,0xFF,0xE0,0x0F,0xFF,0xFF,0xFF,0xE0,0x01,0xFF,0xFF,0xFF,0xE0,0x00,0x3F,0xFF,0xFF,0xC0,0x00,0x07,0xFF,0xFF,0x80,
  0x00,0x00,0x3F,0xFC,0x00,0x00,0xFF,0xFF,0xFF,0xFF,0xFF,0xFF,0xFF,0xFF,0xFF,0xFF,0xFF,0xFF,0xFF,0xFF,0xFF,0xFF,0xFF,0xFF,
  0xFF,0xFF,0xFF,0xFF,0xFF,0xFF,0xFF,0xFF,0xFF,0xFF,0xFF,0xFF,0xFF,0xFF,0xFF,0xFF,0xFF,0xFF,0xFF,0xFF,0xFF,0xFF,0xFF,0x7F,
  0xFF,0xFF,0xFF,0xFF,0x80,0x00,0xFF,0xE0,0x00,0x00,0x00,0x7F,0xF0,0x00,0x00,0x00,0x3F,0xF8,0x00,0x00,0x00,0x1F,0xFC,0x00,
  0x00,0x00,0x0F,0xFE,0x00,0x00,0x00,0x07,0xFF,0x00,0x00,0x00,0x03,0xFF,0x80,0x00,0x00,0x01,0xFF,0xC0,0x00,0x00,0x00,0xFF,
  0xE0,0x00,0x00,0x00,0x7F,0xF0,0x00,0x00,0x00,0x3F,0xF8,0x00,0x00,0x00,0x1F,0xFC,0x00,0x00,0x00,0x0F,0xFE,0x00,0x00,0x00,
  0x07,0xFF,0x00,0x00,0x00,0x03,0xFF,0x80,0x00,0x00,0x01,0xFF,0xC0,0x00,0x00,0x00,0xFF,0xE0,0x00,0x00,0x00,0x7F,0xF0,0x00,
  0x00,0x00,0x3F,0xF8,0x00,0x00,0x00,0x1F,0xFC,0x00,0x00,0x00,0x0F,0xFE,0x00,0x00,0x00,0x07,0xFF,0x00,0x00,0x00,0x03,0xFF,
  0x80,0x00,0x00,0x01,0xFF,0xC0,0x00,0x00,0x00,0xFF,0xE0,0x00,0x00,0x00,0x7F,0xF0,0x00,0x00,0x00,0x3F,0xF8,0x00,0x00,0x00,
  0x1F,0xFC,0x00,0x00,0x00,0x0F,0xFE,0x00,0x00,0x00,0x07,0xFF,0x00,0x00,0x00,0x03,0xFF,0x80,0x00,0x00,0x01,0xFF,0xC0,0x00,
  0x00,0x00,0xFF,0xE0,0x00,0x00,0x00,0x7F,0xF0,0x00,0x00,0x00,0x3F,0xF8,0x00,0x00,0x00,0x1F,0xFC,0x00,0x00,0x00,0x0F,0xFE,
  0x00,0x00,0x00,0x07,0xFF,0x00,0x00,0x00,0x03,0xFF,0x80,0x00,0x00,0x01,0xFF,0xC0,0x00,0x00,0x00,0xFF,0xE0,0x00,0x00,0xFF,
  0xE0,0x00,0x7F,0xFF,0xFE,0x00,0x07,0xFF,0xFF,0xE0,0x00,0x7F,0xFF,0xFE,0x00,0x07,0xFF,0xFF,0xE0,0x00,0x7F,0xFF,0xFE,0x00,
  0x07,0xFF,0xFF,0xE0,0x00,0x7F,0xFF,0xFE,0x00,0x07,0xFF,0xFF,0xE0,0x00,0x7F,0xFF,0xFE,0x00,0x07,0xFF,0xFF,0xE0,0x00,0x7F,
  0xFF,0xFE,0x00,0x07,0xFF,0xFF,0xE0,0x00,0x7F,0xFF,0xFE,0x00,0x07,0xFF,0xFF,0xE0,0x00,0x7F,0xFF,0xFE,0x00,0x07,0xFF,0xFF,
  0xE0,0x00,0x7F,0xFF,0xFE,0x00,0x07,0xFF,0xFF,0xE0,0x00,0x7F,0xFF,0xFE,0x00,0x07,0xFF,0xFF,0xE0,0x00,0x7F,0xFF,0xFE,0x00,
  0x07,0xFF,0xFF,0xE0,0x00,0x7F,0xFF,0xFE,0x00,0x07,0xFF,0xFF,0xE0,0x00,0x7F,0xFF,0xFE,0x00,0x07,0xFF,0xFF,0xE0,0x00,0x7F,
  0xFF,0xFE,0x00,0x07,0xFF,0xFF,0xE0,0x00,0x7F,0xFF,0xFE,0x00,0x07,0xFF,0xFF,0xE0,0x00,0x7F,0xFF,0xFE,0x00,0x07,0xFF,0xFF,
  0xE0,0x00,0x7F,0xFF,0xFE,0x00,0x07,0xFF,0xFF,0xE0,0x00,0x7F,0xFF,0xFE,0x00,0x0F,0xFF,0xFF,0xE0,0x00,0xFF,0xEF,0xFF,0x00,
  0x0F,0xFE,0xFF,0xF0,0x00,0xFF,0xE7,0xFF,0x00,0x1F,0xFE,0x7F,0xF8,0x03,0xFF,0xC7,0xFF,0xC0,0x7F,0xFC,0x3F,0xFF,0xFF,0xFF,
  0xC3,0xFF,0xFF,0xFF,0xF8,0x1F,0xFF,0xFF,0xFF,0x01,0xFF,0xFF,0xFF,0xF0,0x0F,0xFF,0xFF,0xFE,0x00,0x7F,0xFF,0xFF,0xC0,0x01,
  0xFF,0xFF,0xF0,0x00,0x07,0xFF,0xFC,0x00,0x00,0x0F,0xFE,0x00,0x00,0xFF,0xF0,0x00,0x00,0x3F,0xFB,0xFF,0x80,0x00,0x01,0xFF,
  0xDF,0xFC,0x00,0x00,0x1F,0xFE,0xFF,0xF0,0x00,0x00,0xFF,0xE3,0xFF,0x80,0x00,0x07,0xFF,0x1F,0xFC,0x00,0x00,0x7F,0xF8,0xFF,
  0xF0,0x00,0x03,0xFF,0x83,0xFF,0x80,0x00,0x1F,0xFC,0x1F,0xFC,0x00,0x00,0xFF,0xE0,0xFF,0xE0,0x00,0x0F,0xFE,0x03,0xFF,0x80,
  0x00,0x7F,0xF0,0x1F,0xFC,0x00,0x03,0xFF,0x80,0xFF,0xE0,0x00,0x3F,0xF8,0x03,0xFF,0x80,0x01,0xFF,0xC0,0x1F,0xFC,0x00,0x0F,
  0xFE,0x00,0xFF,0xE0,0x00,0xFF,0xE0,0x03,0xFF,0x80,0x07,0xFF,0x00,0x1F,0xFC,0x00,0x3F,0xF8,0x00,0xFF,0xE0,0x01,0xFF,0x80,
  0x03,0xFF,0x00,0x1F,0xFC,0x00,0x1F,0xFC,0x00,0xFF,0xE0,0x00,0xFF,0xE0,0x07,0xFE,0x00,0x03,0xFF,0x00,0x7F,0xF0,0x00,0x1F,
  0xFC,0x03,0xFF,0x80,0x00,0xFF,0xE0,0x1F,0xF8,0x00,0x03,0xFF,0x00,0xFF,0xC0,0x00,0x1F,0xFC,0x0F,0xFE,0x00,0x00,0x7F,0xE0,
  0x7F,0xE0,0x00,0x03,0xFF,0x03,0xFF,0x00,0x00,0x1F,0xF8,0x3F,0xF8,0x00,0x00,0x7F,0xE1,0xFF,0x80,0x00,0x03,0xFF,0x0F,0xFC,
  0x00,0x00,0x1F,0xF8,0xFF,0xC0,0x00,0x00,0x7F,0xE7,0xFE,0x00,0x00,0x03,0xFF,0x3F,0xF0,0x00,0x00,0x1F,0xF9,0xFF,0x00,0x00,
  0x00,0x7F,0xDF,0xF8,0x00,0x00,0x03,0xFF,0xFF,0xC0,0x00,0x00,0x1F,0xFF,0xFC,0x00,0x00,0x00,0x7F,0xFF,0xE0,0x00,0x00,0x03,
  0xFF,0xFF,0x00,0x00,0x00,0x1F,0xFF,0xF0,0x00,0x00,0x00,0x7F,0xFF,0x80,0x00,0x00,0x03,0xFF,0xFC,0x00,0x00,0x00,0x1F,0xFF,
  0xC0,0x00,0x00,0x00,0x7F,0xFE,0x00,0x00,0x00,0x03,0xFF,0xF0,0x00,0x00,0x00,0x1F,0xFF,0x00,0x00,0x00,0x00,0x7F,0xF8,0x00,
  0x00,0x00,0x03,0xFF,0xC0,0x00,0x00,0xFF,0xC0,0x00,0x00,0x0F,0xFF,0xFF,0x00,0x00,0x00,0x3F,0xEF,0xFC,0x00,0x00,0x00,0xFF,
  0xBF,0xF0,0x00,0x00,0x07,0xFE,0x7F,0xC0,0x00,0x00,0x1F,0xF9,0xFF,0x00,0x00,0x00,0x7F,0xE7,0xFE,0x00,0x00,0x01,0xFF,0x9F,
  0xF8,0x00,0x00,0x07,0xFC,0x7F,0xE0,0x00,0x00,0x1F,0xF1,0xFF,0x80,0x00,0x00,0x7F,0xC3,0xFE,0x00,0x00,0x01,0xFF,0x0F,0xF8,
  0x00,0x00,0x0F,0xFC,0x3F,0xE0,0x00,0x00,0x3F,0xF0,0xFF,0x80,0x00,0x00,0xFF,0xC3,0xFF,0x01,0xFE,0x03,0xFE,0x0F,0xFC,0x07,
  0xF8,0x0F,0xF8,0x1F,0xF0,0x3F,0xE0,0x3F,0xE0,0x7F,0xC0,0xFF,0xC0,0xFF,0x81,0xFF,0x03,0xFF,0x03,0xFE,0x07,0xFC,0x0F,0xFC,
  0x0F,0xF8,0x1F,0xF0,0x7F,0xF0,0x7F,0xC0,0x7F,0xC1,0xFF,0xE1,0xFF,0x01,0xFF,0x87,0xFF,0x87,0xFC,0x03,0xFE,0x3F,0xFE,0x1F,
  0xF0,0x0F,0xF8,0xFF,0xFC,0x7F,0xC0,0x3F,0xE3,0xFF,0xF1,0xFF,0x00,0xFF,0x9F,0xFF,0xC7,0xFC,0x03,0xFE,0x7F,0xFF,0x1F,0xE0,
  0x0F,0xF9,0xFD,0xFE,0x7F,0x80,0x1F,0xE7,0xF3,0xFB,0xFE,0x00,0x7F,0x9F,0xCF,0xEF,0xF8,0x01,0xFE,0xFF,0x3F,0xBF,0xE0,0x07,
  0xFB,0xF8,0xFF,0xFF,0x80,0x1F,0xFF,0xE3,0xFF,0xFC,0x00,0x7F,0xFF,0x87,0xFF,0xF0,0x01,0xFF,0xFE,0x1F,0xFF,0xC0,0x03,0xFF,
  0xF0,0x7F,0xFF,0x00,0x0F,0xFF,0xC1,0xFF,0xFC,0x00,0x3F,0xFF,0x03,0xFF,0xF0,0x00,0xFF,0xFC,0x0F,0xFF,0x80,0x03,0xFF,0xE0,
  0x3F,0xFE,0x00,0x0F,0xFF,0x80,0xFF,0xF8,0x00,0x1F,0xFE,0x01,0xFF,0xE0,0x00,0x7F,0xF8,0x07,0xFF,0x80,0x01,0xFF,0xC0,0x1F,
  0xFE,0x00,0x07,0xFF,0x00,0x7F,0xF8,0x00,0x1F,0xFC,0x00,0xFF,0xC0,0x00,0x7F,0xF0,0x03,0xFF,0x00,0x00,0xFF,0x80,0x0F,0xFC,
  0x00,0x03,0xFE,0x00,0x3F,0xF0,0x00,0x3F,0xF8,0x00,0x00,0xFF,0xF1,0xFF,0xE0,0x00,0x07,0xFF,0x07,0xFF,0x80,0x00,0x7F,0xF0,
  0x1F,0xFC,0x00,0x07,0xFF,0x80,0xFF,0xF0,0x00,0x3F,0xF8,0x03,0xFF,0xC0,0x03,0xFF,0x80,0x0F,0xFE,0x00,0x1F,0xFC,0x00,0x7F,
  0xF8,0x01,0xFF,0xC0,0x01,0xFF,0xC0,0x1F,0xFC,0x00,0x07,0xFF,0x00,0xFF,0xE0,0x00,0x3F,0xFC,0x0F,0xFE,0x00,0x00,0xFF,0xE0,
  0xFF,0xE0,0x00,0x03,0xFF,0x87,0xFF,0x00,0x00,0x1F,0xFC,0x7F,0xF0,0x00,0x00,0x7F,0xF3,0xFF,0x00,0x00,0x01,0xFF,0xFF,0xF8,
  0x00,0x00,0x0F,0xFF,0xFF,0x80,0x00,0x00,0x3F,0xFF,0xF8,0x00,0x00,0x00,0xFF,0xFF,0xC0,0x00,0x00,0x07,0xFF,0xFC,0x00,0x00,
  0x00,0x1F,0xFF,0xC0,0x00,0x00,0x00,0x7F,0xFE,0x00,0x00,0x00,0x03,0xFF,0xE0,0x00,0x00,0x00,0x0F,0xFE,0x00,0x00,0x00,0x00,
  0xFF,0xF8,0x00,0x00,0x00,0x07,0xFF,0xC0,0x00,0x00,0x00,0x7F,0xFF,0x00,0x00,0x00,0x07,0xFF,0xFC,0x00,0x00,0x00,0x3F,0xFF,
  0xE0,0x00,0x00,0x03,0xFF,0xFF,0x80,0x00,0x00,0x1F,0xFF,0xFE,0x00,0x00,0x01,0xFF,0xFF,0xF0,0x00,0x00,0x1F,0xFD,0xFF,0xC0,
  0x00,0x00,0xFF,0xE7,0xFF,0x00,0x00,0x0F,0xFE,0x3F,0xF8,0x00,0x00,0xFF,0xF0,0xFF,0xE0,0x00,0x07,0xFF,0x03,0xFF,0x80,0x00,
  0x7F,0xF0,0x1F,0xFC,0x00,0x07,0xFF,0x80,0x7F,0xF0,0x00,0x3F,0xF8,0x01,0xFF,0xC0,0x03,0xFF,0xC0,0x0F,0xFE,0x00,0x3F,0xFC,
  0x00,0x3F,0xF8,0x01,0xFF,0xC0,0x01,0xFF,0xE0,0x1F,0xFE,0x00,0x07,0xFF,0x01,0xFF,0xE0,0x00,0x1F,0xFC,0x0F,0xFE,0x00,0x00,
  0xFF,0xF0,0xFF,0xF0,0x00,0x03,0xFF,0x87,0xFF,0x00,0x00,0x1F,0xFE,0x7F,0xF8,0x00,0x00,0x7F,0xFF,0xFF,0x80,0x00,0x01,0xFF,
  0xC0,0xFF,0xF0,0x00,0x00,0x3F,0xFB,0xFF,0x80,0x00,0x03,0xFF,0xCF,0xFE,0x00,0x00,0x1F,0xFC,0x7F,0xF8,0x00,0x01,0xFF,0xC1,
  0xFF,0xC0,0x00,0x1F,0xFE,0x0F,0xFF,0x00,0x00,0xFF,0xE0,0x3F,0xF8,0x00,0x0F,0xFF,0x01,0xFF,0xE0,0x00,0x7F,0xF0,0x07,0xFF,
  0x00,0x07,0xFF,0x00,0x1F,0xFC,0x00,0x3F,0xF8,0x00,0xFF,0xE0,0x03,0xFF,0x80,0x03,0xFF,0x80,0x1F,0xFC,0x00,0x1F,0xFC,0x01,
  0xFF,0xC0,0x00,0x7F,0xF0,0x0F,0xFE,0x00,0x01,0xFF,0x80,0xFF,0xE0,0x00,0x0F,0xFE,0x0F,0xFE,0x00,0x00,0x3F,0xF8,0x7F,0xF0,
  0x00,0x01,0xFF,0xC7,0xFF,0x00,0x00,0x07,0xFF,0x3F,0xF8,0x00,0x00,0x1F,0xFB,0xFF,0x80,0x00,0x00,0xFF,0xFF,0xF8,0x00,0x00,
  0x03,0xFF,0xFF,0xC0,0x00,0x00,0x1F,0xFF,0xFC,0x00,0x00,0x00,0x7F,0xFF,0xE0,0x00,0x00,0x01,0xFF,0xFE,0x00,0x00,0x00,0x0F,
  0xFF,0xE0,0x00,0x00,0x00,0x3F,0xFF,0x00,0x00,0x00,0x01,0xFF,0xF0,0x00,0x00,0x00,0x07,0xFF,0x80,0x00,0x00,0x00,0x3F,0xF8,
  0x00,0x00,0x00,0x01,0xFF,0xC0,0x00,0x00,0x00,0x0F,0xFE,0x00,0x00,0x00,0x00,0x7F,0xF0,0x00,0x00,0x00,0x03,0xFF,0x80,0x00,
  0x00,0x00,0x1F,0xFC,0x00,0x00,0x00,0x00,0xFF,0xE0,0x00,0x00,0x00,0x07,0xFF,0x00,0x00,0x00,0x00,0x3F,0xF8,0x00,0x00,0x00,
  0x01,0xFF,0xC0,0x00,0x00,0x00,0x0F,0xFE,0x00,0x00,0x00,0x00,0x7F,0xF0,0x00,0x00,0x00,0x03,0xFF,0x80,0x00,0x00,0x00,0x1F,
  0xFC,0x00,0x00,0x00,0x00,0xFF,0xE0,0x00,0x00,0x00,0x07,0xFF,0x00,0x00,0x00,0x00,0x3F,0xF8,0x00,0x00,0x00,0x01,0xFF,0xC0,
  0x00,0x00,0x00,0x0F,0xFE,0x00,0x00,0x00,0x00,0x7F,0xF0,0x00,0x00,0x00,0x03,0xFF,0x80,0x00,0x00,0x1F,0xFF,0xFF,0xFF,0xFC,
  0x3F,0xFF,0xFF,0xFF,0xF8,0x7F,0xFF,0xFF,0xFF,0xF0,0xFF,0xFF,0xFF,0xFF,0xE1,0xFF,0xFF,0xFF,0xFF,0xC3,0xFF,0xFF,0xFF,0xFF,
  0x87,0xFF,0xFF,0xFF,0xFF,0x0F,0xFF,0xFF,0xFF,0xFE,0x1F,0xFF,0xFF,0xFF,0xF8,0x00,0x00,0x01,0xFF,0xE0,0x00,0x00,0x03,0xFF,
  0xC0,0x00,0x00,0x0F,0xFF,0x00,0x00,0x00,0x3F,0xFC,0x00,0x00,0x00,0xFF,0xF0,0x00,0x00,0x01,0xFF,0xE0,0x00,0x00,0x07,0xFF,
  0x80,0x00,0x00,0x1F,0xFE,0x00,0x00,0x00,0x7F,0xF8,0x00,0x00,0x00,0xFF,0xF0,0x00,0x00,0x03,0xFF,0xC0,0x00,0x00,0x0F,0xFF,
  0x00,0x00,0x00,0x1F,0xFE,0x00,0x00,0x00,0x7F,0xF8,0x00,0x00,0x01,0xFF,0xE0,0x00,0x00,0x07,0xFF,0x80,0x00,0x00,0x0F,0xFF,
  0x00,0x00,0x00,0x3F,0xFC,0x00,0x00,0x00,0xFF,0xF0,0x00,0x00,0x03,0xFF,0xC0,0x00,0x00,0x07,0xFF,0x80,0x00,0x00,0x1F,0xFE,
  0x00,0x00,0x00,0x7F,0xF8,0x00,0x00,0x01,0xFF,0xE0,0x00,0x00,0x03,0xFF,0xC0,0x00,0x00,0x0F,0xFF,0x00,0x00,0x00,0x3F,0xFC,
  0x00,0x00,0x00,0xFF,0xF8,0x00,0x00,0x01,0xFF,0xE0,0x00,0x00,0x07,0xFF,0x80,0x00,0x00,0x1F,0xFE,0x00,0x00,0x00,0x7F,0xFC,
  0x00,0x00,0x00,0xFF,0xFF,0xFF,0xFF,0xFF,0xFF,0xFF,0xFF,0xFF,0xFF,0xFF,0xFF,0xFF,0xFF,0xFF,0xFF,0xFF,0xFF,0xFF,0xFF,0xFF,
  0xFF,0xFF,0xFF,0xFF,0xFF,0xFF,0xFF,0xFF,0xFF,0xFF,0xFF,0xFF,0xFF,0xFF,0xFF,0xFF,0xFF,0xFF,0xFF,0xFF,0xFF,0xFF,0xFC,0xFF,
  0xFF,0xFF,0xFF,0xFF,0xFF,0xFF,0xFF,0xFF,0xFF,0xFF,0xFF,0xFF,0xFF,0xFF,0xFF,0xFF,0xFF,0xFF,0xFF,0xF0,0x00,0xFF,0xC0,0x03,
  0xFF,0x00,0x0F,0xFC,0x00,0x3F,0xF0,0x00,0xFF,0xC0,0x03,0xFF,0x00,0x0F,0xFC,0x00,0x3F,0xF0,0x00,0xFF,0xC0,0x03,0xFF,0x00,
  0x0F,0xFC,0x00,0x3F,0xF0,0x00,0xFF,0xC0,0x03,0xFF,0x00,0x0F,0xFC,0x00,0x3F,0xF0,0x00,0xFF,0xC0,0x03,0xFF,0x00,0x0F,0xFC,
  0x00,0x3F,0xF0,0x00,0xFF,0xC0,0x03,0xFF,0x00,0x0F,0xFC,0x00,0x3F,0xF0,0x00,0xFF,0xC0,0x03,0xFF,0x00,0x0F,0xFC,0x00,0x3F,
  0xF0,0x00,0xFF,0xC0,0x03,0xFF,0x00,0x0F,0xFC,0x00,0x3F,0xF0,0x00,0xFF,0xC0,0x03,0xFF,0x00,0x0F,0xFC,0x00,0x3F,0xF0,0x00,
  0xFF,0xC0,0x03,0xFF,0x00,0x0F,0xFC,0x00,0x3F,0xF0,0x00,0xFF,0xC0,0x03,0xFF,0x00,0x0F,0xFC,0x00,0x3F,0xF0,0x00,0xFF,0xC0,
  0x03,0xFF,0x00,0x0F,0xFC,0x00,0x3F,0xF0,0x00,0xFF,0xC0,0x03,0xFF,0x00,0x0F,0xFC,0x00,0x3F,0xF0,0x00,0xFF,0xC0,0x03,0xFF,
  0x00,0x0F,0xFC,0x00,0x3F,0xF0,0x00,0xFF,0xFF,0xFF,0xFF,0xFF,0xFF,0xFF,0xFF,0xFF,0xFF,0xFF,0xFF,0xFF,0xFF,0xFF,0xFF,0xFF,
  0xFF,0xFF,0xC0,0xFF,0x00,0x00,0x00,0x03,0xFE,0x00,0x00,0x00,0x07,0xF8,0x00,0x00,0x00,0x1F,0xF0,0x00,0x00,0x00,0x3F,0xC0,
  0x00,0x00,0x00,0xFF,0x80,0x00,0x00,0x01,0xFE,0x00,0x00,0x00,0x07,0xFC,0x00,0x00,0x00,0x0F,0xF8,0x00,0x00,0x00,0x3F,0xE0,
  0x00,0x00,0x00,0x7F,0xC0,0x00,0x00,0x00,0xFF,0x00,0x00,0x00,0x03,0xFE,0x00,0x00,0x00,0x07,0xF8,0x00,0x00,0x00,0x1F,0xF0,
  0x00,0x00,0x00,0x3F,0xC0,0x00,0x00,0x00,0xFF,0x80,0x00,0x00,0x01,0xFE,0x00,0x00,0x00,0x07,0xFC,0x00,0x00,0x00,0x0F,0xF8,
  0x00,0x00,0x00,0x3F,0xE0,0x00,0x00,0x00,0x7F,0xC0,0x00,0x00,0x01,0xFF,0x00,0x00,0x00,0x03,0xFE,0x00,0x00,0x00,0x07,0xF8,
  0x00,0x00,0x00,0x1F,0xF0,0x00,0x00,0x00,0x3F,0xC0,0x00,0x00,0x00,0xFF,0x80,0x00,0x00,0x01,0xFE,0x00,0x00,0x00,0x07,0xFC,
  0x00,0x00,0x00,0x0F,0xF8,0x00,0x00,0x00,0x3F,0xE0,0x00,0x00,0x00,0x7F,0xC0,0x00,0x00,0x01,0xFF,0x00,0x00,0x00,0x03,0xFE,
  0x00,0x00,0x00,0x07,0xF8,0x00,0x00,0x00,0x1F,0xF0,0x00,0x00,0x00,0x3F,0xC0,0x00,0x00,0x00,0xFF,0x80,0x00,0x00,0x01,0xFE,
  0x00,0x00,0x00,0x07,0xFC,0x00,0x00,0x00,0x0F,0xF0,0x00,0x00,0x00,0x3F,0xE0,0x00,0x00,0x00,0x7F,0xC0,0x00,0x00,0x01,0xFF,
  0x00,0x00,0x00,0x03,0xFE,0x00,0x00,0x00,0x0F,0xF8,0x00,0x00,0x00,0x1F,0xF0,0x00,0x00,0x00,0x3F,0xC0,0x00,0x00,0x00,0xFF,
  0x80,0x00,0x00,0x01,0xFE,0x00,0x00,0x00,0x07,0xFC,0x00,0x00,0x00,0x0F,0xF0,0x00,0x00,0x00,0x3F,0xE0,0x00,0x00,0x00,0x7F,
  0xC0,0x00,0x00,0x01,0xFF,0xFF,0xFF,0xFF,0xFF,0xFF,0xFF,0xFF,0xFF,0xFF,0xFF,0xFF,0xFF,0xFF,0xFF,0xFF,0xFF,0xFF,0xFF,0xFF,
  0xFF,0x80,0x03,0xFF,0x00,0x07,0xFE,0x00,0x0F,0xFC,0x00,0x1F,0xF8,0x00,0x3F,0xF0,0x00,0x7F,0xE0,0x00,0xFF,0xC0,0x01,0xFF,
  0x80,0x03,0xFF,0x00,0x07,0xFE,0x00,0x0F,0xFC,0x00,0x1F,0xF8,0x00,0x3F,0xF0,0x00,0x7F,0xE0,0x00,0xFF,0xC0,0x01,0xFF,0x80,
  0x03,0xFF,0x00,0x07,0xFE,0x00,0x0F,0xFC,0x00,0x1F,0xF8,0x00,0x3F,0xF0,0x00,0x7F,0xE0,0x00,0xFF,0xC0,0x01,0xFF,0x80,0x03,
  0xFF,0x00,0x07,0xFE,0x00,0x0F,0xFC,0x00,0x1F,0xF8,0x00,0x3F,0xF0,0x00,0x7F,0xE0,0x00,0xFF,0xC0,0x01,0xFF,0x80,0x03,0xFF,
  0x00,0x07,0xFE,0x00,0x0F,0xFC,0x00,0x1F,0xF8,0x00,0x3F,0xF0,0x00,0x7F,0xE0,0x00,0xFF,0xC0,0x01,0xFF,0x80,0x03,0xFF,0x00,
  0x07,0xFE,0x00,0x0F,0xFC,0x00,0x1F,0xF8,0x00,0x3F,0xF0,0x00,0x7F,0xE0,0x00,0xFF,0xC0,0x01,0xFF,0x80,0x03,0xFF,0x00,0x07,
  0xFE,0x00,0x0F,0xFC,0x00,0x1F,0xF8,0x00,0x3F,0xF0,0x00,0x7F,0xE0,0x00,0xFF,0xC0,0x01,0xFF,0x80,0x03,0xFF,0xFF,0xFF,0xFF,
  0xFF,0xFF,0xFF,0xFF,0xFF,0xFF,0xFF,0xFF,0xFF,0xFF,0xFF,0xFF,0xFF,0xFF,0xFF,0xFF,0xFF,0x80,0x00,0x03,0xFF,0xC0,0x00,0x00,
  0x03,0xFF,0xF0,0x00,0x00,0x01,0xFF,0xF8,0x00,0x00,0x00,0xFF,0xFE,0x00,0x00,0x00,0xFF,0xFF,0x00,0x00,0x00,0x7F,0xFF,0xC0,
  0x00,0x00,0x7F,0xDF,0xE0,0x00,0x00,0x3F,0xCF,0xF8,0x00,0x00,0x3F,0xE7,0xFC,0x00,0x00,0x1F,0xE1,0xFE,0x00,0x00,0x1F,0xF0,
  0xFF,0x80,0x00,0x0F,0xF0,0x3F,0xC0,0x00,0x07,0xF8,0x1F,0xF0,0x00,0x07,0xFC,0x07,0xF8,0x00,0x03,0xFC,0x03,0xFE,0x00,0x03,
  0xFE,0x00,0xFF,0x00,0x01,0xFE,0x00,0x7F,0x80,0x01,0xFF,0x00,0x3F,0xE0,0x00,0xFF,0x00,0x0F,0xF0,0x00,0x7F,0x80,0x07,0xFC,
  0x00,0x7F,0xC0,0x01,0xFE,0x00,0x3F,0xC0,0x00,0xFF,0x80,0x3F,0xE0,0x00,0x3F,0xC0,0x1F,0xE0,0x00,0x1F,0xF0,0x1F,0xF0,0x00,
  0x0F,0xF8,0x0F,0xF0,0x00,0x03,0xFC,0x0F,0xF8,0x00,0x01,0xFF,0x07,0xFC,0x00,0x00,0x7F,0x83,0xFC,0x00,0x00,0x3F,0xE3,0xFE,
  0x00,0x00,0x0F,0xF1,0xFE,0x00,0x00,0x07,0xFD,0xFF,0x00,0x00,0x03,0xFE,0xFF,0x00,0x00,0x00,0xFF,0x80,0xFF,0xFF,0xFF,0xFF,
  0xFF,0xFF,0xFF,0xFF,0xFF,0xFF,0xFF,0xFF,0xFF,0xFF,0xFF,0xFF,0xFF,0xFF,0xFF,0xFF,0xFF,0xFF,0xFE,0xFF,0xC0,0x1F,0xFC,0x01,
  0xFF,0xC0,0x0F,0xFC,0x00,0xFF,0xC0,0x07,0xFC,0x00,0x7F,0xC0,0x03,0xFC,0x00,0x3F,0xC0,0x01,0xFC,0x00,0x07,0xFF,0x00,0x00,
  0x00,0x3F,0xFF,0xE0,0x00,0x00,0xFF,0xFF,0xF8,0x00,0x03,0xFF,0xFF,0xFC,0x00,0x07,0xFF,0xFF,0xFE,0x00,0x07,0xFF,0xFF,0xFF,
  0x00,0x0F,0xFF,0xFF,0xFF,0x00,0x1F,0xFE,0x07,0xFF,0x80,0x1F,0xFC,0x03,0xFF,0x80,0x3F,0xFC,0x01,0xFF,0x80,0x3F,0xF8,0x01,
  0xFF,0xC0,0x3F,0xF8,0x01,0xFF,0xC0,0x3F,0xF8,0x01,0xFF,0xC0,0x00,0x00,0x00,0xFF,0xC0,0x00,0x00,0x00,0xFF,0xC0,0x00,0x00,
  0x00,0xFF,0xC0,0x00,0x00,0x00,0xFF,0xC0,0x00,0x1F,0xFF,0xFF,0xC0,0x01,0xFF,0xFF,0xFF,0xC0,0x07,0xFF,0xFF,0xFF,0xC0,0x0F,
  0xFF,0xFF,0xFF,0xC0,0x1F,0xFF,0xFF,0xFF,0xC0,0x3F,0xFF,0xFF,0xFF,0xC0,0x7F,0xFE,0x00,0xFF,0xC0,0x7F,0xF8,0x00,0xFF,0xC0,
  0x7F,0xF0,0x00,0xFF,0xC0,0xFF,0xE0,0x00,0xFF,0xC0,0xFF,0xE0,0x01,0xFF,0xC0,0xFF,0xE0,0x01,0xFF,0xC0,0xFF,0xE0,0x01,0xFF,
  0xC0,0xFF,0xE0,0x03,0xFF,0xC0,0xFF,0xE0,0x03,0xFF,0xC0,0xFF,0xF0,0x07,0xFF,0xC0,0xFF,0xF0,0x1F,0xFF,0xE0,0x7F,0xFC,0x7F,
  0xFF,0xE0,0x7F,0xFF,0xFF,0x7F,0xFF,0x7F,0xFF,0xFE,0x7F,0xFF,0x3F,0xFF,0xFC,0x3F,0xFF,0x1F,0xFF,0xFC,0x3F,0xFF,0x0F,0xFF,
  0xF0,0x1F,0xFF,0x07,0xFF,0xE0,0x0F,0xFF,0x00,0xFF,0x00,0x01,0xF8,0xFF,0xE0,0x00,0x00,0x07,0xFF,0x00,0x00,0x00,0x3F,0xF8,
  0x00,0x00,0x01,0xFF,0xC0,0x00,0x00,0x0F,0xFE,0x00,0x00,0x00,0x7F,0xF0,0x00,0x00,0x03,0xFF,0x80,0x00,0x00,0x1F,0xFC,0x00,
  0x00,0x00,0xFF,0xE0,0x00,0x00,0x07,0xFF,0x00,0x00,0x00,0x3F,0xF8,0x00,0x00,0x01,0xFF,0xC0,0x00,0x00,0x0F,0xFE,0x00,0x00,
  0x00,0x7F,0xF0,0x00,0x00,0x03,0xFF,0x80,0x7F,0x80,0x1F,0xFC,0x1F,0xFF,0x00,0xFF,0xE1,0xFF,0xFE,0x07,0xFF,0x3F,0xFF,0xF8,
  0x3F,0xFB,0xFF,0xFF,0xE1,0xFF,0xDF,0xFF,0xFF,0x0F,0xFF,0xFF,0xFF,0xFC,0x7F,0xFF,0xC3,0xFF,0xE3,0xFF,0xF8,0x0F,0xFF,0x9F,
  0xFF,0x80,0x3F,0xFC,0xFF,0xF8,0x00,0xFF,0xF7,0xFF,0xC0,0x03,0xFF,0xBF,0xFC,0x00,0x1F,0xFD,0xFF,0xE0,0x00,0xFF,0xEF,0xFF,
  0x00,0x07,0xFF,0xFF,0xF0,0x00,0x1F,0xFF,0xFF,0x80,0x00,0xFF,0xFF,0xFC,0x00,0x07,0xFF,0xFF,0xE0,0x00,0x3F,0xFF,0xFF,0x00,
  0x01,0xFF,0xFF,0xF8,0x00,0x0F,0xFF,0xFF,0xC0,0x00,0x7F,0xFF,0xFE,0x00,0x03,0xFF,0xFF,0xF0,0x00,0x1F,0xFF,0xFF,0x80,0x00,
  0xFF,0xFF,0xFC,0x00,0x07,0xFF,0xFF,0xE0,0x00,0x3F,0xFF,0xFF,0x80,0x03,0xFF,0xBF,0xFC,0x00,0x1F,0xFD,0xFF,0xE0,0x00,0xFF,
  0xEF,0xFF,0x80,0x07,0xFF,0x7F,0xFC,0x00,0x7F,0xF3,0xFF,0xF0,0x07,0xFF,0x9F,0xFF,0xC0,0x7F,0xFC,0xFF,0xFF,0x87,0xFF,0xC7,
  0xFF,0xFF,0xFF,0xFE,0x3F,0xFB,0xFF,0xFF,0xE1,0xFF,0xCF,0xFF,0xFE,0x0F,0xFE,0x3F,0xFF,0xE0,0x7F,0xF0,0xFF,0xFE,0x03,0xFF,
  0x03,0xFF,0xE0,0x00,0x00,0x07,0xF8,0x00,0x00,0x03,0xFF,0x00,0x00,0x00,0xFF,0xFF,0x00,0x00,0x1F,0xFF,0xFE,0x00,0x03,0xFF,
  0xFF,0xFC,0x00,0x3F,0xFF,0xFF,0xF0,0x03,0xFF,0xFF,0xFF,0xC0,0x3F,0xFF,0xFF,0xFF,0x01,0xFF,0xF0,0xFF,0xFC,0x1F,0xFE,0x01,
  0xFF,0xE1,0xFF,0xE0,0x07,0xFF,0x8F,0xFE,0x00,0x1F,0xFC,0x7F,0xF0,0x00,0x7F,0xE7,0xFF,0x00,0x03,0xFF,0xBF,0xF8,0x00,0x1F,
  0xF9,0xFF,0xC0,0x00,0x00,0x1F,0xFE,0x00,0x00,0x00,0xFF,0xE0,0x00,0x00,0x07,0xFF,0x00,0x00,0x00,0x3F,0xF8,0x00,0x00,0x01,
  0xFF,0xC0,0x00,0x00,0x0F,0xFE,0x00,0x00,0x00,0x7F,0xF0,0x00,0x00,0x03,0xFF,0x80,0x00,0x00,0x1F,0xFC,0x00,0x00,0x00,0xFF,
  0xE0,0x00,0x00,0x07,0xFF,0x00,0x00,0x00,0x3F,0xFC,0x00,0x00,0x00,0xFF,0xE0,0x00,0x3F,0xF7,0xFF,0x00,0x03,0xFF,0xBF,0xF8,
  0x00,0x1F,0xFD,0xFF,0xE0,0x00,0xFF,0xE7,0xFF,0x00,0x0F,0xFE,0x3F,0xFC,0x00,0xFF,0xF0,0xFF,0xF0,0x0F,0xFF,0x07,0xFF,0xE1,
  0xFF,0xF8,0x1F,0xFF,0xFF,0xFF,0x80,0x7F,0xFF,0xFF,0xF8,0x01,0xFF,0xFF,0xFF,0x80,0x07,0xFF,0xFF,0xF8,0x00,0x0F,0xFF,0xFF,
  0x00,0x00,0x1F,0xFF,0xE0,0x00,0x00,0x1F,0xF8,0x00,0x00,0x00,0x00,0x00,0x3F,0xF0,0x00,0x00,0x03,0xFF,0x00,0x00,0x00,0x3F,
  0xF0,0x00,0x00,0x03,0xFF,0x00,0x00,0x00,0x3F,0xF0,0x00,0x00,0x03,0xFF,0x00,0x00,0x00,0x3F,0xF0,0x00,0x00,0x03,0xFF,0x00,
  0x00,0x00,0x3F,0xF0,0x00,0x00,0x03,0xFF,0x00,0x00,0x00,0x3F,0xF0,0x00,0x00,0x03,0xFF,0x00,0x00,0x00,0x3F,0xF0,0x00,0x00,
  0x03,0xFF,0x00,0x3F,0xC0,0x3F,0xF0,0x0F,0xFF,0x83,0xFF,0x03,0xFF,0xFC,0x3F,0xF0,0x7F,0xFF,0xE3,0xFF,0x0F,0xFF,0xFF,0x3F,
  0xF1,0xFF,0xFF,0xFB,0xFF,0x1F,0xFF,0xFF,0xFF,0xF3,0xFF,0xF0,0xFF,0xFF,0x3F,0xFC,0x03,0xFF,0xF7,0xFF,0x80,0x1F,0xFF,0x7F,
  0xF8,0x00,0xFF,0xF7,0xFF,0x00,0x0F,0xFF,0xFF,0xF0,0x00,0x7F,0xFF,0xFE,0x00,0x07,0xFF,0xFF,0xE0,0x00,0x7F,0xFF,0xFE,0x00,
  0x07,0xFF,0xFF,0xE0,0x00,0x7F,0xFF,0xFE,0x00,0x03,0xFF,0xFF,0xE0,0x00,0x3F,0xFF,0xFE,0x00,0x03,0xFF,0xFF,0xE0,0x00,0x3F,
  0xFF,0xFE,0x00,0x03,0xFF,0xFF,0xE0,0x00,0x3F,0xFF,0xFE,0x00,0x03,0xFF,0xFF,0xE0,0x00,0x3F,0xFF,0xFE,0x00,0x07,0xFF,0xFF,
  0xE0,0x00,0x7F,0xFF,0xFE,0x00,0x07,0xFF,0xFF,0xE0,0x00,0x7F,0xFF,0xFF,0x00,0x0F,0xFF,0x7F,0xF0,0x00,0xFF,0xF7,0xFF,0x80,
  0x1F,0xFF,0x7F,0xF8,0x01,0xFF,0xF3,0xFF,0xC0,0x3F,0xFF,0x3F,0xFF,0x0F,0xFF,0xF1,0xFF,0xFF,0xFB,0xFF,0x1F,0xFF,0xFF,0xBF,
  0xF0,0xFF,0xFF,0xF3,0xFF,0x07,0xFF,0xFE,0x3F,0xF0,0x3F,0xFF,0xC3,0xFF,0x00,0xFF,0xF8,0x3F,0xF0,0x03,0xFC,0x00,0x00,0x00,
  0x03,0xFF,0x00,0x00,0x00,0x7F,0xFF,0x80,0x00,0x07,0xFF,0xFF,0x80,0x00,0x7F,0xFF,0xFF,0x80,0x03,0xFF,0xFF,0xFF,0x00,0x1F,
  0xFF,0xFF,0xFE,0x00,0xFF,0xFF,0xFF,0xFC,0x07,0xFF,0x80,0x7F,0xF0,0x1F,0xFC,0x00,0xFF,0xE0,0xFF,0xE0,0x01,0xFF,0x83,0xFF,
  0x00,0x03,0xFF,0x1F,0xFC,0x00,0x07,0xFC,0x7F,0xE0,0x00,0x1F,0xF9,0xFF,0x80,0x00,0x7F,0xEF,0xFE,0x00,0x00,0xFF,0xBF,0xF8,
  0x00,0x03,0xFE,0xFF,0xFF,0xFF,0xFF,0xFF,0xFF,0xFF,0xFF,0xFF,0xFF,0xFF,0xFF,0xFF,0xFF,0xFF,0xFF,0xFF,0xFF,0xFF,0xFF,0xFF,
  0xFF,0xFF,0xFF,0xFF,0xFF,0xFF,0xFF,0xFF,0xFF,0xFF,0xFF,0xFF,0xFF,0xF8,0x00,0x00,0x00,0xFF,0xE0,0x00,0x00,0x03,0xFF,0x80,
  0x00,0x00,0x0F,0xFE,0x00,0x00,0x00,0x3F,0xF8,0x00,0x00,0x00,0x7F,0xF0,0x00,0x00,0x01,0xFF,0xC0,0x00,0x00,0x07,0xFF,0x00,
  0x01,0xFC,0x0F,0xFE,0x00,0x07,0xFE,0x3F,0xFC,0x00,0x3F,0xF8,0x7F,0xF8,0x01,0xFF,0xC1,0xFF,0xF8,0x1F,0xFE,0x03,0xFF,0xFF,
  0xFF,0xF8,0x07,0xFF,0xFF,0xFF,0xC0,0x0F,0xFF,0xFF,0xFE,0x00,0x1F,0xFF,0xFF,0xE0,0x00,0x1F,0xFF,0xFF,0x00,0x00,0x1F,0xFF,
  0xF0,0x00,0x00,0x0F,0xFE,0x00,0x00,0x00,0x00,0x0F,0xFF,0xC0,0x00,0x01,0xFF,0xFF,0xF0,0x00,0x1F,0xFF,0xFF,0xC0,0x00,0xFF,
  0xFF,0xFF,0x00,0x07,0xFF,0xFF,0xFC,0x00,0x3F,0xFF,0xFF,0xF0,0x01,0xFF,0xFF,0xFF,0xC0,0x07,0xFF,0xE0,0x1F,0x00,0x3F,0xFC,
  0x00,0x00,0x00,0xFF,0xE0,0x00,0x00,0x03,0xFF,0x80,0x00,0x00,0x0F,0xFE,0x00,0x00,0x00,0x3F,0xF0,0x00,0x00,0x00,0xFF,0xC0,
  0x00,0x00,0x03,0xFF,0x00,0x00,0x00,0x0F,0xFC,0x00,0x00,0xFF,0xFF,0xFF,0xFF,0xFB,0xFF,0xFF,0xFF,0xFF,0xEF,0xFF,0xFF,0xFF,
  0xFF,0xBF,0xFF,0xFF,0xFF,0xFE,0xFF,0xFF,0xFF,0xFF,0xFB,0xFF,0xFF,0xFF,0xFF,0xEF,0xFF,0xFF,0xFF,0xFF,0x80,0x0F,0xFC,0x00,
  0x00,0x00,0x3F,0xF0,0x00,0x00,0x00,0xFF,0xC0,0x00,0x00,0x03,0xFF,0x00,0x00,0x00,0x0F,0xFC,0x00,0x00,0x00,0x3F,0xF0,0x00,
  0x00,0x00,0xFF,0xC0,0x00,0x00,0x03,0xFF,0x00,0x00,0x00,0x0F,0xFC,0x00,0x00,0x00,0x3F,0xF0,0x00,0x00,0x00,0xFF,0xC0,0x00,
  0x00,0x03,0xFF,0x00,0x00,0x00,0x0F,0xFC,0x00,0x00,0x00,0x3F,0xF0,0x00,0x00,0x00,0xFF,0xC0,0x00,0x00,0x03,0xFF,0x00,0x00,
  0x00,0x0F,0xFC,0x00,0x00,0x00,0x3F,0xF0,0x00,0x00,0x00,0xFF,0xC0,0x00,0x00,0x03,0xFF,0x00,0x00,0x00,0x0F,0xFC,0x00,0x00,
  0x00,0x3F,0xF0,0x00,0x00,0x00,0xFF,0xC0,0x00,0x00,0x03,0xFF,0x00,0x00,0x00,0x0F,0xFC,0x00,0x00,0x00,0x3F,0xF0,0x00,0x00,
  0x00,0xFF,0xC0,0x00,0x00,0x03,0xFF,0x00,0x00,0x00,0x0F,0xFC,0x00,0x00,0x00,0x3F,0xF0,0x00,0x00,0x00,0xFF,0xC0,0x00,0x00,
  0x03,0xFF,0x00,0x00,0x00,0x0F,0xFC,0x00,0x00,0x00,0x3F,0xC0,0x00,0x00,0x0F,0xFF,0x83,0xFF,0x03,0xFF,0xFC,0x3F,0xF0,0x7F,
  0xFF,0xE3,0xFF,0x0F,0xFF,0xFF,0x3F,0xF1,0xFF,0xFF,0xFB,0xFF,0x1F,0xFF,0xFF,0xFF,0xF3,0xFF,0xF0,0xFF,0xFF,0x3F,0xFC,0x03,
  0xFF,0xF7,0xFF,0x80,0x1F,0xFF,0x7F,0xF8,0x00,0xFF,0xF7,0xFF,0x00,0x0F,0xFF,0xFF,0xF0,0x00,0x7F,0xFF,0xFE,0x00,0x07,0xFF,
  0xFF,0xE0,0x00,0x7F,0xFF,0xFE,0x00,0x07,0xFF,0xFF,0xE0,0x00,0x7F,0xFF,0xFE,0x00,0x03,0xFF,0xFF,0xE0,0x00,0x3F,0xFF,0xFE,
  0x00,0x03,0xFF,0xFF,0xE0,0x00,0x3F,0xFF,0xFE,0x00,0x03,0xFF,0xFF,0xE0,0x00,0x3F,0xFF,0xFE,0x00,0x03,0xFF,0xFF,0xE0,0x00,
  0x7F,0xFF,0xFE,0x00,0x07,0xFF,0xFF,0xE0,0x00,0x7F,0xFF,0xFE,0x00,0x07,0xFF,0xFF,0xF0,0x00,0x7F,0xF7,0xFF,0x00,0x0F,0xFF,
  0x7F,0xF8,0x00,0xFF,0xF7,0xFF,0x80,0x1F,0xFF,0x7F,0xFC,0x03,0xFF,0xF3,0xFF,0xF0,0xFF,0xFF,0x3F,0xFF,0xFF,0xFF,0xF1,0xFF,
  0xFF,0xFB,0xFF,0x0F,0xFF,0xFF,0x3F,0xF0,0x7F,0xFF,0xE3,0xFF,0x03,0xFF,0xFC,0x3F,0xF0,0x1F,0xFF,0x03,0xFF,0x00,0x3F,0xC0,
  0x3F,0xF0,0x00,0x00,0x03,0xFF,0x00,0x00,0x00,0x3F,0xF0,0x00,0x00,0x07,0xFF,0x00,0x00,0x00,0x7F,0xF0,0x1F,0x00,0x07,0xFF,
  0x7F,0xF0,0x00,0xFF,0xE3,0xFF,0x80,0x0F,0xFE,0x3F,0xFC,0x01,0xFF,0xC3,0xFF,0xE0,0x7F,0xFC,0x1F,0xFF,0xFF,0xFF,0x80,0xFF,
  0xFF,0xFF,0xF0,0x07,0xFF,0xFF,0xFF,0x00,0x3F,0xFF,0xFF,0xC0,0x01,0xFF,0xFF,0xF8,0x00,0x07,0xFF,0xFE,0x00,0x00,0x0F,0xFF,
  0x00,0x00,0xFF,0xE0,0x00,0x00,0x0F,0xFE,0x00,0x00,0x00,0xFF,0xE0,0x00,0x00,0x0F,0xFE,0x00,0x00,0x00,0xFF,0xE0,0x00,0x00,
  0x0F,0xFE,0x00,0x00,0x00,0xFF,0xE0,0x00,0x00,0x0F,0xFE,0x00,0x00,0x00,0xFF,0xE0,0x00,0x00,0x0F,0xFE,0x00,0x00,0x00,0xFF,
  0xE0,0x00,0x00,0x0F,0xFE,0x00,0x00,0x00,0xFF,0xE0,0x00,0x00,0x0F,0xFE,0x00,0x00,0x00,0xFF,0xE0,0x1F,0xF0,0x0F,0xFE,0x07,
  0xFF,0xC0,0xFF,0xE1,0xFF,0xFF,0x0F,0xFE,0x3F,0xFF,0xF8,0xFF,0xE7,0xFF,0xFF,0x8F,0xFE,0xFF,0xFF,0xFC,0xFF,0xEF,0xFF,0xFF,
  0xEF,0xFF,0xFF,0xFF,0xFE,0xFF,0xFF,0x03,0xFF,0xEF,0xFF,0xE0,0x0F,0xFE,0xFF,0xFC,0x00,0xFF,0xFF,0xFF,0x80,0x07,0xFF,0xFF,
  0xF0,0x00,0x7F,0xFF,0xFF,0x00,0x07,0xFF,0xFF,0xE0,0x00,0x7F,0xFF,0xFE,0x00,0x07,0xFF,0xFF,0xE0,0x00,0x7F,0xFF,0xFE,0x00,
  0x07,0xFF,0xFF,0xE0,0x00,0x3F,0xFF,0xFE,0x00,0x03,0xFF,0xFF,0xE0,0x00,0x3F,0xFF,0xFE,0x00,0x03,0xFF,0xFF,0xE0,0x00,0x3F,
  0xFF,0xFE,0x00,0x03,0xFF,0xFF,0xE0,0x00,0x3F,0xFF,0xFE,0x00,0x03,0xFF,0xFF,0xE0,0x00,0x3F,0xFF,0xFE,0x00,0x03,0xFF,0xFF,
  0xE0,0x00,0x3F,0xFF,0xFE,0x00,0x03,0xFF,0xFF,0xE0,0x00,0x3F,0xFF,0xFE,0x00,0x03,0xFF,0xFF,0xE0,0x00,0x3F,0xFF,0xFE,0x00,
  0x03,0xFF,0xFF,0xE0,0x00,0x3F,0xFF,0xFE,0x00,0x03,0xFF,0xFF,0xE0,0x00,0x3F,0xFF,0xFE,0x00,0x03,0xFF,0xFF,0xE0,0x00,0x3F,
  0xFF,0xFE,0x00,0x03,0xFF,0xFF,0xE0,0x00,0x3F,0xF0,0x00,0x01,0xFF,0xC0,0x00,0x00,0x03,0xFF,0x80,0x00,0x00,0x07,0xFF,0x00,
  0x00,0x00,0x0F,0xFE,0x00,0x00,0x00,0x1F,0xFC,0x00,0x00,0x00,0x3F,0xF8,0x00,0x00,0x00,0x7F,0xF0,0x00,0x00,0x00,0xFF,0xE0,
  0x00,0x00,0x00,0x00,0x00,0x00,0x00,0x00,0x00,0x00,0x00,0x00,0x00,0x00,0x00,0x00,0x00,0x00,0x00,0x00,0x00,0x00,0x00,0x00,
  0x00,0x00,0x00,0x00,0x00,0x00,0x00,0x00,0x00,0x00,0x00,0x07,0xFF,0xFF,0xE0,0x00,0x0F,0xFF,0xFF,0xC0,0x00,0x1F,0xFF,0xFF,
  0x80,0x00,0x3F,0xFF,0xFF,0x00,0x00,0x7F,0xFF,0xFE,0x00,0x00,0xFF,0xFF,0xFC,0x00,0x01,0xFF,0xFF,0xF8,0x00,0x00,0x00,0x7F,
  0xF0,0x00,0x00,0x00,0xFF,0xE0,0x00,0x00,0x01,0xFF,0xC0,0x00,0x00,0x03,0xFF,0x80,0x00,0x00,0x07,0xFF,0x00,0x00,0x00,0x0F,
  0xFE,0x00,0x00,0x00,0x1F,0xFC,0x00,0x00,0x00,0x3F,0xF8,0x00,0x00,0x00,0x7F,0xF0,0x00,0x00,0x00,0xFF,0xE0,0x00,0x00,0x01,
  0xFF,0xC0,0x00,0x00,0x03,0xFF,0x80,0x00,0x00,0x07,0xFF,0x00,0x00,0x00,0x0F,0xFE,0x00,0x00,0x00,0x1F,0xFC,0x00,0x00,0x00,
  0x3F,0xF8,0x00,0x00,0x00,0x7F,0xF0,0x00,0x00,0x00,0xFF,0xE0,0x00,0x00,0x01,0xFF,0xC0,0x00,0x00,0x03,0xFF,0x80,0x00,0x00,
  0x07,0xFF,0x00,0x00,0x00,0x0F,0xFE,0x00,0x00,0x00,0x1F,0xFC,0x00,0x00,0x00,0x3F,0xF8,0x00,0x00,0x00,0x7F,0xF0,0x00,0x00,
  0x00,0xFF,0xE0,0x00,0xFF,0xFF,0xFF,0xFF,0xFF,0xFF,0xFF,0xFF,0xFF,0xFF,0xFF,0xFF,0xFF,0xFF,0xFF,0xFF,0xFF,0xFF,0xFF,0xFF,
  0xFF,0xFF,0xFF,0xFF,0xFF,0xFF,0xFF,0xFF,0xFF,0xFF,0xFF,0xFF,0xFF,0xFF,0x80,0x00,0x00,0x3F,0xF0,0x00,0x03,0xFF,0x00,0x00,
  0x3F,0xF0,0x00,0x03,0xFF,0x00,0x00,0x3F,0xF0,0x00,0x03,0xFF,0x00,0x00,0x3F,0xF0,0x00,0x03,0xFF,0x00,0x00,0x00,0x00,0x00,
  0x00,0x00,0x00,0x00,0x00,0x00,0x00,0x00,0x00,0x00,0x00,0x00,0x00,0x00,0x00,0x00,0x00,0x00,0x00,0x00,0xFF,0xFF,0xFF,0x0F,
  0xFF,0xFF,0xF0,0xFF,0xFF,0xFF,0x0F,0xFF,0xFF,0xF0,0xFF,0xFF,0xFF,0x0F,0xFF,0xFF,0xF0,0xFF,0xFF,0xFF,0x00,0x00,0x7F,0xF0,
  0x00,0x03,0xFF,0x00,0x00,0x3F,0xF0,0x00,0x03,0xFF,0x00,0x00,0x3F,0xF0,0x00,0x03,0xFF,0x00,0x00,0x3F,0xF0,0x00,0x03,0xFF,
  0x00,0x00,0x3F,0xF0,0x00,0x03,0xFF,0x00,0x00,0x3F,0xF0,0x00,0x03,0xFF,0x00,0x00,0x3F,0xF0,0x00,0x03,0xFF,0x00,0x00,0x3F,
  0xF0,0x00,0x03,0xFF,0x00,0x00,0x3F,0xF0,0x00,0x03,0xFF,0x00,0x00,0x3F,0xF0,0x00,0x03,0xFF,0x00,0x00,0x3F,0xF0,0x00,0x03,
  0xFF,0x00,0x00,0x3F,0xF0,0x00,0x03,0xFF,0x00,0x00,0x3F,0xF0,0x00,0x03,0xFF,0x00,0x00,0x3F,0xF0,0x00,0x03,0xFF,0x00,0x00,
  0x3F,0xF0,0x00,0x03,0xFF,0x00,0x00,0x3F,0xF0,0x00,0x03,0xFF,0x00,0x00,0x3F,0xF0,0x00,0x07,0xFF,0x00,0x00,0x7F,0xF0,0x00,
  0x07,0xFF,0x00,0x00,0x7F,0xF0,0x00,0x07,0xFF,0x00,0x00,0xFF,0xE0,0x00,0x1F,0xFE,0xF8,0x07,0xFF,0xEF,0xFF,0xFF,0xFC,0xFF,
  0xFF,0xFF,0xCF,0xFF,0xFF,0xF8,0xFF,0xFF,0xFF,0x0F,0xFF,0xFF,0xE0,0xFF,0xFF,0xF8,0x07,0xFF,0xFE,0x00,0x07,0xFF,0x00,0x00,
  0xFF,0xE0,0x00,0x00,0x07,0xFF,0x00,0x00,0x00,0x3F,0xF8,0x00,0x00,0x01,0xFF,0xC0,0x00,0x00,0x0F,0xFE,0x00,0x00,0x00,0x7F,
  0xF0,0x00,0x00,0x03,0xFF,0x80,0x00,0x00,0x1F,0xFC,0x00,0x00,0x00,0xFF,0xE0,0x00,0x00,0x07,0xFF,0x00,0x00,0x00,0x3F,0xF8,
  0x00,0x00,0x01,0xFF,0xC0,0x00,0x00,0x0F,0xFE,0x00,0x00,0x00,0x7F,0xF0,0x00,0x00,0x03,0xFF,0x80,0x00,0x00,0x1F,0xFC,0x00,
  0x0F,0xFE,0xFF,0xE0,0x00,0xFF,0xE7,0xFF,0x00,0x0F,0xFE,0x3F,0xF8,0x00,0xFF,0xE1,0xFF,0xC0,0x0F,0xFE,0x0F,0xFE,0x00,0xFF,
  0xE0,0x7F,0xF0,0x0F,0xFF,0x03,0xFF,0x80,0x7F,0xF0,0x1F,0xFC,0x07,0xFF,0x00,0xFF,0xE0,0x7F,0xF0,0x07,0xFF,0x07,0xFF,0x00,
  0x3F,0xF8,0x7F,0xF0,0x01,0xFF,0xC7,0xFF,0x00,0x0F,0xFE,0x7F,0xF0,0x00,0x7F,0xF3,0xFF,0x00,0x03,0xFF,0xBF,0xF8,0x00,0x1F,
  0xFF,0xFF,0xC0,0x00,0xFF,0xFF,0xFF,0x00,0x07,0xFF,0xFF,0xF8,0x00,0x3F,0xFF,0xFF,0xE0,0x01,0xFF,0xFF,0xFF,0x00,0x0F,0xFF,
  0xFF,0xFC,0x00,0x7F,0xFF,0x7F,0xF0,0x03,0xFF,0xE3,0xFF,0x80,0x1F,0xFE,0x0F,0xFE,0x00,0xFF,0xE0,0x7F,0xF8,0x07,0xFF,0x01,
  0xFF,0xC0,0x3F,0xF8,0x07,0xFF,0x01,0xFF,0xC0,0x3F,0xF8,0x0F,0xFE,0x00,0xFF,0xE0,0x7F,0xF0,0x07,0xFF,0x83,0xFF,0x80,0x1F,
  0xFC,0x1F,0xFC,0x00,0x7F,0xF0,0xFF,0xE0,0x03,0xFF,0x87,0xFF,0x00,0x0F,0xFE,0x3F,0xF8,0x00,0x7F,0xF9,0xFF,0xC0,0x01,0xFF,
  0xCF,0xFE,0x00,0x07,0xFF,0x7F,0xF0,0x00,0x3F,0xFF,0xFF,0x80,0x00,0xFF,0xE0,0xFF,0xFF,0xFC,0x00,0x1F,0xFF,0xFF,0x80,0x03,
  0xFF,0xFF,0xF0,0x00,0x7F,0xFF,0xFE,0x00,0x0F,0xFF,0xFF,0xC0,0x01,0xFF,0xFF,0xF8,0x00,0x3F,0xFF,0xFF,0x00,0x00,0x00,0xFF,
  0xE0,0x00,0x00,0x1F,0xFC,0x00,0x00,0x03,0xFF,0x80,0x00,0x00,0x7F,0xF0,0x00,0x00,0x0F,0xFE,0x00,0x00,0x01,0xFF,0xC0,0x00,
  0x00,0x3F,0xF8,0x00,0x00,0x07,0xFF,0x00,0x00,0x00,0xFF,0xE0,0x00,0x00,0x1F,0xFC,0x00,0x00,0x03,0xFF,0x80,0x00,0x00,0x7F,
  0xF0,0x00,0x00,0x0F,0xFE,0x00,0x00,0x01,0xFF,0xC0,0x00,0x00,0x3F,0xF8,0x00,0x00,0x07,0xFF,0x00,0x00,0x00,0xFF,0xE0,0x00,
  0x00,0x1F,0xFC,0x00,0x00,0x03,0xFF,0x80,0x00,0x00,0x7F,0xF0,0x00,0x00,0x0F,0xFE,0x00,0x00,0x01,0xFF,0xC0,0x00,0x00,0x3F,
  0xF8,0x00,0x00,0x07,0xFF,0x00,0x00,0x00,0xFF,0xE0,0x00,0x00,0x1F,0xFC,0x00,0x00,0x03,0xFF,0x80,0x00,0x00,0x7F,0xF0,0x00,
  0x00,0x0F,0xFE,0x00,0x00,0x01,0xFF,0xC0,0x00,0x00,0x3F,0xF8,0x00,0x00,0x07,0xFF,0x00,0x00,0x00,0xFF,0xE0,0x00,0x00,0x1F,
  0xFC,0x00,0x00,0x03,0xFF,0x80,0x00,0x00,0x7F,0xF0,0x00,0x00,0x0F,0xFE,0x00,0x00,0x01,0xFF,0xC0,0x00,0x00,0x3F,0xF8,0x00,
  0x00,0x03,0xFF,0x80,0x00,0x00,0x7F,0xFC,0x00,0x00,0x0F,0xFF,0xFF,0xE0,0x00,0xFF,0xFF,0xFC,0x00,0x1F,0xFF,0xFF,0x80,0x01,
  0xFF,0xFF,0xF0,0x00,0x0F,0xFF,0xFE,0x00,0x00,0x7F,0xFF,0xC0,0x00,0x03,0xFF,0xF8,0x00,0x07,0xE0,0x0F,0xE0,0xFE,0x1F,0xF0,
  0x1F,0xF0,0xFE,0x3F,0xF8,0x3F,0xF8,0xFF,0x7F,0xFC,0x7F,0xFC,0xFF,0x7F,0xFC,0xFF,0xFE,0xFF,0xFF,0xFC,0xFF,0xFE,0xFF,0xFF,
  0xFF,0xFF,0xFE,0xFF,0xE3,0xFF,0xC3,0xFE,0xFF,0xC1,0xFF,0xC3,0xFF,0xFF,0xC1,0xFF,0x81,0xFF,0xFF,0x81,0xFF,0x81,0xFF,0xFF,
  0x81,0xFF,0x81,0xFF,0xFF,0x81,0xFF,0x81,0xFF,0xFF,0x81,0xFF,0x01,0xFF,0xFF,0x81,0xFF,0x01,0xFF,0xFF,0x80,0xFF,0x01,0xFF,
  0xFF,0x00,0xFF,0x01,0xFF,0xFF,0x00,0xFF,0x01,0xFF,0xFF,0x00,0xFF,0x01,0xFF,0xFF,0x00,0xFF,0x01,0xFF,0xFF,0x00,0xFF,0x01,
  0xFF,0xFF,0x00,0xFF,0x01,0xFF,0xFF,0x00,0xFF,0x01,0xFF,0xFF,0x00,0xFF,0x01,0xFF,0xFF,0x00,0xFF,0x01,0xFF,0xFF,0x00,0xFF,
  0x01,0xFF,0xFF,0x00,0xFF,0x01,0xFF,0xFF,0x00,0xFF,0x01,0xFF,0xFF,0x00,0xFF,0x01,0xFF,0xFF,0x00,0xFF,0x01,0xFF,0xFF,0x00,
  0xFF,0x01,0xFF,0xFF,0x00,0xFF,0x01,0xFF,0xFF,0x00,0xFF,0x01,0xFF,0xFF,0x00,0xFF,0x01,0xFF,0xFF,0x00,0xFF,0x01,0xFF,0xFF,
  0x00,0xFF,0x01,0xFF,0xFF,0x00,0xFF,0x01,0xFF,0xFF,0x00,0xFF,0x01,0xFF,0xFF,0x00,0xFF,0x01,0xFF,0xFF,0x00,0xFF,0x01,0xFF,
  0xFF,0x00,0xFF,0x01,0xFF,0x00,0x00,0x1F,0xF0,0x0F,0xFC,0x07,0xFF,0xC0,0xFF,0xC1,0xFF,0xFF,0x0F,0xFC,0x3F,0xFF,0xF8,0xFF,
  0xC7,0xFF,0xFF,0x8F,0xFC,0xFF,0xFF,0xFC,0xFF,0xCF,0xFF,0xFF,0xCF,0xFD,0xFF,0xFF,0xFE,0xFF,0xFF,0x03,0xFF,0xEF,0xFF,0xE0,
  0x1F,0xFE,0xFF,0xFC,0x00,0xFF,0xFF,0xFF,0x80,0x07,0xFF,0xFF,0xF0,0x00,0x7F,0xFF,0xFF,0x00,0x07,0xFF,0xFF,0xF0,0x00,0x7F,
  0xFF,0xFE,0x00,0x07,0xFF,0xFF,0xE0,0x00,0x7F,0xFF,0xFE,0x00,0x07,0xFF,0xFF,0xE0,0x00,0x3F,0xFF,0xFE,0x00,0x03,0xFF,0xFF,
  0xE0,0x00,0x3F,0xFF,0xFE,0x00,0x03,0xFF,0xFF,0xE0,0x00,0x3F,0xFF,0xFE,0x00,0x03,0xFF,0xFF,0xE0,0x00,0x3F,0xFF,0xFE,0x00,
  0x03,0xFF,0xFF,0xE0,0x00,0x3F,0xFF,0xFE,0x00,0x03,0xFF,0xFF,0xE0,0x00,0x3F,0xFF,0xFE,0x00,0x03,0xFF,0xFF,0xE0,0x00,0x3F,
  0xFF,0xFE,0x00,0x03,0xFF,0xFF,0xE0,0x00,0x3F,0xFF,0xFE,0x00,0x03,0xFF,0xFF,0xE0,0x00,0x3F,0xFF,0xFE,0x00,0x03,0xFF,0xFF,
  0xE0,0x00,0x3F,0xFF,0xFE,0x00,0x03,0xFF,0xFF,0xE0,0x00,0x3F,0xFF,0xFE,0x00,0x03,0xFF,0xFF,0xE0,0x00,0x3F,0xF0,0x00,0x03,
  0xFF,0xC0,0x00,0x00,0x3F,0xFF,0xF0,0x00,0x01,0xFF,0xFF,0xF8,0x00,0x07,0xFF,0xFF,0xF8,0x00,0x3F,0xFF,0xFF,0xFC,0x00,0xFF,
  0xFF,0xFF,0xFC,0x01,0xFF,0xFF,0xFF,0xF8,0x07,0xFF,0xE1,0xFF,0xF8,0x1F,0xFE,0x00,0xFF,0xF8,0x3F,0xF8,0x00,0x7F,0xF0,0xFF,
  0xE0,0x00,0xFF,0xF1,0xFF,0xC0,0x00,0xFF,0xE7,0xFF,0x80,0x01,0xFF,0xCF,0xFE,0x00,0x03,0xFF,0x9F,0xFC,0x00,0x03,0xFF,0xBF,
  0xF8,0x00,0x07,0xFF,0x7F,0xF0,0x00,0x0F,0xFE,0xFF,0xE0,0x00,0x1F,0xFF,0xFF,0xC0,0x00,0x3F,0xFF,0xFF,0x00,0x00,0x7F,0xFF,
  0xFE,0x00,0x00,0xFF,0xFF,0xFC,0x00,0x01,0xFF,0xFF,0xF8,0x00,0x03,0xFF,0xFF,0xF8,0x00,0x07,0xFF,0x7F,0xF0,0x00,0x0F,0xFE,
  0xFF,0xE0,0x00,0x1F,0xFD,0xFF,0xC0,0x00,0x3F,0xFB,0xFF,0x80,0x00,0x7F,0xF7,0xFF,0x00,0x01,0xFF,0xC7,0xFF,0x00,0x03,0xFF,
  0x8F,0xFE,0x00,0x07,0xFF,0x1F,0xFE,0x00,0x1F,0xFC,0x1F,0xFC,0x00,0x7F,0xF8,0x3F,0xFC,0x01,0xFF,0xE0,0x3F,0xFE,0x0F,0xFF,
  0xC0,0x3F,0xFF,0xFF,0xFF,0x00,0x7F,0xFF,0xFF,0xFC,0x00,0x7F,0xFF,0xFF,0xF0,0x00,0x3F,0xFF,0xFF,0xC0,0x00,0x3F,0xFF,0xFE,
  0x00,0x00,0x1F,0xFF,0xF0,0x00,0x00,0x07,0xFF,0x00,0x00,0x00,0x00,0x1F,0xE0,0x07,0xFE,0x07,0xFF,0xC0,0x3F,0xF8,0x7F,0xFF,
  0x01,0xFF,0xC7,0xFF,0xFC,0x0F,0xFE,0x7F,0xFF,0xF0,0x7F,0xF7,0xFF,0xFF,0xC3,0xFF,0xFF,0xFF,0xFF,0x1F,0xFF,0xF0,0xFF,0xF8,
  0xFF,0xFE,0x03,0xFF,0xE7,0xFF,0xE0,0x0F,0xFF,0x3F,0xFE,0x00,0x3F,0xFD,0xFF,0xF0,0x00,0xFF,0xEF,0xFF,0x00,0x07,0xFF,0x7F,
  0xF8,0x00,0x3F,0xFB,0xFF,0xC0,0x01,0xFF,0xFF,0xFC,0x00,0x07,0xFF,0xFF,0xE0,0x00,0x3F,0xFF,0xFF,0x00,0x01,0xFF,0xFF,0xF8,
  0x00,0x0F,0xFF,0xFF,0xC0,0x00,0x7F,0xFF,0xFE,0x00,0x03,0xFF,0xFF,0xF0,0x00,0x1F,0xFF,0xFF,0x80,0x00,0xFF,0xFF,0xFC,0x00,
  0x07,0xFF,0xFF,0xE0,0x00,0x3F,0xFF,0xFF,0x00,0x01,0xFF,0xFF,0xF8,0x00,0x0F,0xFF,0xFF,0xC0,0x00,0xFF,0xFF,0xFF,0x00,0x07,
  0xFF,0x7F,0xF8,0x00,0x3F,0xFB,0xFF,0xE0,0x01,0xFF,0xDF,0xFF,0x00,0x1F,0xFE,0xFF,0xFC,0x01,0xFF,0xE7,0xFF,0xF0,0x1F,0xFF,
  0x3F,0xFF,0xE1,0xFF,0xF1,0xFF,0xFF,0xFF,0xFF,0x8F,0xFE,0xFF,0xFF,0xF8,0x7F,0xF7,0xFF,0xFF,0x83,0xFF,0x9F,0xFF,0xF8,0x1F,
  0xFC,0x7F,0xFF,0x80,0xFF,0xE0,0xFF,0xF8,0x07,0xFF,0x01,0xFE,0x00,0x3F,0xF8,0x00,0x00,0x01,0xFF,0xC0,0x00,0x00,0x0F,0xFE,
  0x00,0x00,0x00,0x7F,0xF0,0x00,0x00,0x03,0xFF,0x80,0x00,0x00,0x1F,0xFC,0x00,0x00,0x00,0xFF,0xE0,0x00,0x00,0x07,0xFF,0x00,
  0x00,0x00,0x3F,0xF8,0x00,0x00,0x01,0xFF,0xC0,0x00,0x00,0x0F,0xFE,0x00,0x00,0x00,0x7F,0xF0,0x00,0x00,0x03,0xFF,0x80,0x00,
  0x00,0x1F,0xFC,0x00,0x00,0x00,0xFF,0xE0,0x00,0x00,0x00,0x00,0x3F,0xC0,0x00,0x00,0x0F,0xFF,0x03,0xFF,0x01,0xFF,0xFC,0x3F,
  0xF0,0x7F,0xFF,0xE3,0xFF,0x0F,0xFF,0xFF,0x3F,0xF0,0xFF,0xFF,0xFB,0xFF,0x1F,0xFF,0xFF,0xBF,0xF3,0xFF,0xF0,0xFF,0xFF,0x3F,
  0xFC,0x03,0xFF,0xF3,0xFF,0x80,0x1F,0xFF,0x7F,0xF8,0x01,0xFF,0xF7,0xFF,0x00,0x0F,0xFF,0xFF,0xF0,0x00,0xFF,0xFF,0xFE,0x00,
  0x07,0xFF,0xFF,0xE0,0x00,0x7F,0xFF,0xFE,0x00,0x07,0xFF,0xFF,0xE0,0x00,0x7F,0xFF,0xFE,0x00,0x03,0xFF,0xFF,0xE0,0x00,0x3F,
  0xFF,0xFE,0x00,0x03,0xFF,0xFF,0xE0,0x00,0x3F,0xFF,0xFE,0x00,0x03,0xFF,0xFF,0xE0,0x00,0x3F,0xFF,0xFE,0x00,0x03,0xFF,0xFF,
  0xE0,0x00,0x3F,0xFF,0xFE,0x00,0x07,0xFF,0xFF,0xE0,0x00,0x7F,0xFF,0xFE,0x00,0x07,0xFF,0xFF,0xE0,0x00,0x7F,0xFF,0xFF,0x00,
  0x0F,0xFF,0x7F,0xF0,0x00,0xFF,0xF7,0xFF,0x80,0x0F,0xFF,0x7F,0xF8,0x01,0xFF,0xF3,0xFF,0xC0,0x3F,0xFF,0x3F,0xFF,0x0F,0xFF,
  0xF1,0xFF,0xFF,0xFF,0xFF,0x1F,0xFF,0xFF,0xBF,0xF0,0xFF,0xFF,0xF3,0xFF,0x07,0xFF,0xFE,0x3F,0xF0,0x3F,0xFF,0xC3,0xFF,0x01,
  0xFF,0xF8,0x3F,0xF0,0x03,0xFC,0x03,0xFF,0x00,0x00,0x00,0x3F,0xF0,0x00,0x00,0x03,0xFF,0x00,0x00,0x00,0x3F,0xF0,0x00,0x00,
  0x03,0xFF,0x00,0x00,0x00,0x3F,0xF0,0x00,0x00,0x03,0xFF,0x00,0x00,0x00,0x3F,0xF0,0x00,0x00,0x03,0xFF,0x00,0x00,0x00,0x3F,
  0xF0,0x00,0x00,0x03,0xFF,0x00,0x00,0x00,0x3F,0xF0,0x00,0x00,0x03,0xFF,0x00,0x00,0x00,0x3F,0xF0,0x00,0x00,0x03,0xFF,0x00,
  0x00,0x00,0x3F,0xF0,0x00,0x00,0x07,0xFF,0xFF,0xF0,0x1F,0xFF,0xDF,0xF8,0x1F,0xFF,0xEF,0xFC,0x1F,0xFF,0xF7,0xFE,0x1F,0xFF,
  0xFB,0xFF,0x9F,0xFF,0xFD,0xFF,0xDF,0xFF,0xFE,0x7F,0xEF,0xFF,0xFF,0x3F,0xFF,0xFF,0xFF,0x9F,0xFF,0xFC,0x00,0x0F,0xFF,0xF8,
  0x00,0x07,0xFF,0xF8,0x00,0x03,0xFF,0xF8,0x00,0x01,0xFF,0xF8,0x00,0x00,0xFF,0xF8,0x00,0x00,0x7F,0xFC,0x00,0x00,0x3F,0xFC,
  0x00,0x00,0x1F,0xFE,0x00,0x00,0x0F,0xFF,0x00,0x00,0x07,0xFF,0x00,0x00,0x03,0xFF,0x80,0x00,0x01,0xFF,0xC0,0x00,0x00,0xFF,
  0xE0,0x00,0x00,0x7F,0xF0,0x00,0x00,0x3F,0xF8,0x00,0x00,0x1F,0xFC,0x00,0x00,0x0F,0xFE,0x00,0x00,0x07,0xFF,0x00,0x00,0x03,
  0xFF,0x80,0x00,0x01,0xFF,0xC0,0x00,0x00,0xFF,0xE0,0x00,0x00,0x7F,0xF0,0x00,0x00,0x3F,0xF8,0x00,0x00,0x1F,0xFC,0x00,0x00,
  0x0F,0xFE,0x00,0x00,0x07,0xFF,0x00,0x00,0x03,0xFF,0x80,0x00,0x01,0xFF,0xC0,0x00,0x00,0xFF,0xE0,0x00,0x00,0x7F,0xF0,0x00,
  0x00,0x3F,0xF8,0x00,0x00,0x00,0x00,0x0F,0xFF,0x00,0x00,0x07,0xFF,0xFE,0x00,0x01,0xFF,0xFF,0xF8,0x00,0x7F,0xFF,0xFF,0xE0,
  0x0F,0xFF,0xFF,0xFF,0x01,0xFF,0xFF,0xFF,0xF8,0x3F,0xFF,0xFF,0xFF,0x83,0xFF,0xC0,0x3F,0xFC,0x3F,0xF0,0x00,0xFF,0xC7,0xFE,
  0x00,0x07,0xFE,0x7F,0xE0,0x00,0x7F,0xE7,0xFE,0x00,0x03,0xE0,0x7F,0xE0,0x00,0x00,0x07,0xFF,0x00,0x00,0x00,0x7F,0xF8,0x00,
  0x00,0x07,0xFF,0xF8,0x00,0x00,0x3F,0xFF,0xF8,0x00,0x03,0xFF,0xFF,0xF8,0x00,0x1F,0xFF,0xFF,0xF0,0x00,0xFF,0xFF,0xFF,0xC0,
  0x07,0xFF,0xFF,0xFF,0x00,0x3F,0xFF,0xFF,0xF8,0x00,0xFF,0xFF,0xFF,0xC0,0x01,0xFF,0xFF,0xFE,0x00,0x01,0xFF,0xFF,0xE0,0x00,
  0x01,0xFF,0xFE,0x00,0x00,0x01,0xFF,0xF0,0x00,0x00,0x07,0xFF,0x00,0x00,0x00,0x3F,0xF0,0x00,0x00,0x03,0xFF,0x07,0x80,0x00,
  0x3F,0xFF,0xF8,0x00,0x03,0xFF,0xFF,0xC0,0x00,0x3F,0xFF,0xFE,0x00,0x07,0xFE,0x7F,0xF8,0x01,0xFF,0xE7,0xFF,0xFF,0xFF,0xFC,
  0x3F,0xFF,0xFF,0xFF,0xC1,0xFF,0xFF,0xFF,0xF8,0x0F,0xFF,0xFF,0xFE,0x00,0x7F,0xFF,0xFF,0xC0,0x00,0xFF,0xFF,0xF0,0x00,0x01,
  0xFF,0xF0,0x00,0x00,0x3F,0x80,0x00,0x00,0x7F,0x80,0x00,0x00,0x7F,0x80,0x00,0x00,0x7F,0x80,0x00,0x00,0xFF,0x80,0x00,0x00,
  0xFF,0x80,0x00,0x00,0xFF,0x80,0x00,0x01,0xFF,0x80,0x00,0x01,0xFF,0x80,0x00,0x01,0xFF,0x80,0x00,0xFF,0xFF,0xFF,0xFE,0xFF,
  0xFF,0xFF,0xFE,0xFF,0xFF,0xFF,0xFE,0xFF,0xFF,0xFF,0xFE,0xFF,0xFF,0xFF,0xFE,0xFF,0xFF,0xFF,0xFE,0xFF,0xFF,0xFF,0xFE,0x03,
  0xFF,0x80,0x00,0x03,0xFF,0x80,0x00,0x03,0xFF,0x80,0x00,0x03,0xFF,0x80,0x00,0x03,0xFF,0x80,0x00,0x03,0xFF,0x80,0x00,0x03,
  0xFF,0x80,0x00,0x03,0xFF,0x80,0x00,0x03,0xFF,0x80,0x00,0x03,0xFF,0x80,0x00,0x03,0xFF,0x80,0x00,0x03,0xFF,0x80,0x00,0x03,
  0xFF,0x80,0x00,0x03,0xFF,0x80,0x00,0x03,0xFF,0x80,0x00,0x03,0xFF,0x80,0x00,0x03,0xFF,0x80,0x00,0x03,0xFF,0x80,0x00,0x03,
  0xFF,0x80,0x00,0x03,0xFF,0x80,0x00,0x03,0xFF,0x80,0x00,0x03,0xFF,0x80,0x00,0x03,0xFF,0x80,0x00,0x03,0xFF,0x80,0x00,0x03,
  0xFF,0x80,0x00,0x03,0xFF,0xC0,0x00,0x01,0xFF,0xF0,0x0F,0x01,0xFF,0xFF,0xFF,0x00,0xFF,0xFF,0xFF,0x00,0xFF,0xFF,0xFF,0x00,
  0x7F,0xFF,0xFF,0x00,0x3F,0xFF,0xFF,0x00,0x0F,0xFF,0xFF,0x00,0x01,0xFF,0xF0,0xFF,0xE0,0x00,0xFF,0xFF,0xFC,0x00,0x1F,0xFF,
  0xFF,0x80,0x03,0xFF,0xFF,0xF0,0x00,0x7F,0xFF,0xFE,0x00,0x0F,0xFF,0xFF,0xC0,0x01,0xFF,0xFF,0xF8,0x00,0x3F,0xFF,0xFF,0x00,
  0x07,0xFF,0xFF,0xE0,0x00,0xFF,0xFF,0xFC,0x00,0x1F,0xFF,0xFF,0x80,0x03,0xFF,0xFF,0xF0,0x00,0x7F,0xFF,0xFE,0x00,0x0F,0xFF,
  0xFF,0xC0,0x01,0xFF,0xFF,0xF8,0x00,0x3F,0xFF,0xFF,0x00,0x07,0xFF,0xFF,0xE0,0x00,0xFF,0xFF,0xFC,0x00,0x1F,0xFF,0xFF,0x80,
  0x03,0xFF,0xFF,0xF0,0x00,0x7F,0xFF,0xFE,0x00,0x0F,0xFF,0xFF,0xC0,0x01,0xFF,0xFF,0xF8,0x00,0x3F,0xFF,0xFF,0x00,0x07,0xFF,
  0xFF,0xE0,0x00,0xFF,0xFF,0xFC,0x00,0x1F,0xFF,0xFF,0x80,0x03,0xFF,0xFF,0xF0,0x00,0xFF,0xFF,0xFE,0x00,0x1F,0xFF,0xFF,0xE0,
  0x07,0xFF,0xFF,0xFC,0x00,0xFF,0xFB,0xFF,0xC0,0x3F,0xFF,0x7F,0xFC,0x1F,0xFF,0xEF,0xFF,0xFF,0xEF,0xFC,0xFF,0xFF,0xFD,0xFF,
  0x9F,0xFF,0xFF,0x3F,0xF1,0xFF,0xFF,0xC7,0xFE,0x1F,0xFF,0xF0,0xFF,0xC1,0xFF,0xFC,0x1F,0xF8,0x1F,0xFF,0x03,0xFF,0x00,0xFF,
  0x00,0x00,0x00,0xFF,0xE0,0x00,0x00,0xFF,0xEF,0xFE,0x00,0x00,0x1F,0xFD,0xFF,0xC0,0x00,0x07,0xFF,0x3F,0xF8,0x00,0x00,0xFF,
  0xE3,0xFF,0x80,0x00,0x1F,0xFC,0x7F,0xF0,0x00,0x07,0xFF,0x07,0xFE,0x00,0x00,0xFF,0xE0,0xFF,0xE0,0x00,0x1F,0xF8,0x1F,0xFC,
  0x00,0x07,0xFF,0x01,0xFF,0x80,0x00,0xFF,0xE0,0x3F,0xF8,0x00,0x1F,0xF8,0x07,0xFF,0x00,0x07,0xFF,0x00,0x7F,0xE0,0x00,0xFF,
  0xC0,0x0F,0xFE,0x00,0x1F,0xF8,0x00,0xFF,0xC0,0x07,0xFF,0x00,0x1F,0xF8,0x00,0xFF,0xC0,0x03,0xFF,0x80,0x1F,0xF8,0x00,0x3F,
  0xF0,0x07,0xFF,0x00,0x07,0xFE,0x00,0xFF,0xC0,0x00,0xFF,0xE0,0x3F,0xF8,0x00,0x0F,0xFC,0x07,0xFE,0x00,0x01,0xFF,0x80,0xFF,
  0xC0,0x00,0x1F,0xF8,0x3F,0xF8,0x00,0x03,0xFF,0x07,0xFE,0x00,0x00,0x7F,0xE0,0xFF,0xC0,0x00,0x07,0xFE,0x3F,0xF0,0x00,0x00,
  0xFF,0xC7,0xFE,0x00,0x00,0x1F,0xF8,0xFF,0xC0,0x00,0x01,0xFF,0x9F,0xF0,0x00,0x00,0x3F,0xF7,0xFE,0x00,0x00,0x03,0xFE,0xFF,
  0x80,0x00,0x00,0x7F,0xFF,0xF0,0x00,0x00,0x0F,0xFF,0xFE,0x00,0x00,0x00,0xFF,0xFF,0x80,0x00,0x00,0x1F,0xFF,0xF0,0x00,0x00,
  0x03,0xFF,0xFE,0x00,0x00,0x00,0x3F,0xFF,0x80,0x00,0x00,0x07,0xFF,0xF0,0x00,0x00,0x00,0x7F,0xFC,0x00,0x00,0x00,0x0F,0xFF,
  0x80,0x00,0xFF,0x80,0x00,0x00,0x07,0xFB,0xFC,0x00,0x00,0x00,0x3F,0xDF,0xE0,0x00,0x00,0x03,0xFE,0xFF,0x00,0x00,0x00,0x1F,
  0xF7,0xFC,0x00,0x00,0x00,0xFF,0x3F,0xE0,0x00,0x00,0x07,0xF9,0xFF,0x00,0x00,0x00,0x3F,0xC7,0xF8,0x00,0x00,0x01,0xFE,0x3F,
  0xC0,0x00,0x00,0x1F,0xF1,0xFE,0x00,0x00,0x00,0xFF,0x8F,0xF0,0x07,0xF8,0x07,0xF8,0x7F,0xC0,0x3F,0xC0,0x3F,0xC3,0xFE,0x03,
  0xFE,0x01,0xFE,0x0F,0xF0,0x1F,0xF8,0x0F,0xF0,0x7F,0x80,0xFF,0xC0,0x7F,0x83,0xFC,0x0F,0xFE,0x07,0xFC,0x1F,0xE0,0x7F,0xF0,
  0x3F,0xC0,0xFF,0x03,0xFF,0xC1,0xFE,0x07,0xF8,0x3F,0xFE,0x0F,0xF0,0x1F,0xE1,0xFF,0xF0,0x7F,0x80,0xFF,0x0F,0xDF,0xC3,0xFC,
  0x07,0xF8,0xFE,0xFE,0x1F,0xC0,0x3F,0xC7,0xF3,0xF1,0xFE,0x01,0xFE,0x3F,0x9F,0xCF,0xF0,0x0F,0xF3,0xF8,0xFE,0x7F,0x80,0x3F,
  0x9F,0xC3,0xF3,0xFC,0x01,0xFC,0xFE,0x1F,0xDF,0xE0,0x0F,0xF7,0xE0,0xFE,0xFE,0x00,0x7F,0xFF,0x03,0xF7,0xF0,0x03,0xFF,0xF8,
  0x1F,0xFF,0x80,0x0F,0xFF,0x80,0xFF,0xFC,0x00,0x7F,0xFC,0x07,0xFF,0xE0,0x03,0xFF,0xE0,0x1F,0xFF,0x00,0x1F,0xFE,0x00,0xFF,
  0xF0,0x00,0xFF,0xF0,0x07,0xFF,0x80,0x07,0xFF,0x80,0x1F,0xFC,0x00,0x1F,0xF8,0x00,0xFF,0xE0,0x00,0xFF,0xC0,0x07,0xFF,0x00,
  0x07,0xFE,0x00,0x1F,0xF0,0x00,0x3F,0xE0,0x00,0xFF,0x80,0x7F,0xF0,0x00,0x07,0xFF,0x9F,0xFC,0x00,0x03,0xFF,0x8F,0xFF,0x00,
  0x03,0xFF,0x83,0xFF,0x80,0x03,0xFF,0x80,0xFF,0xE0,0x03,0xFF,0xC0,0x3F,0xF8,0x01,0xFF,0xC0,0x1F,0xFC,0x01,0xFF,0xC0,0x07,
  0xFF,0x01,0xFF,0xC0,0x01,0xFF,0xC0,0xFF,0xE0,0x00,0x7F,0xE0,0xFF,0xE0,0x00,0x3F,0xF8,0xFF,0xE0,0x00,0x0F,0xFE,0x7F,0xE0,
  0x00,0x03,0xFF,0x7F,0xF0,0x00,0x01,0xFF,0xFF,0xF0,0x00,0x00,0x7F,0xFF,0xF0,0x00,0x00,0x1F,0xFF,0xF0,0x00,0x00,0x07,0xFF,
  0xF8,0x00,0x00,0x03,0xFF,0xF8,0x00,0x00,0x00,0xFF,0xF8,0x00,0x00,0x00,0x3F,0xFC,0x00,0x00,0x00,0x3F,0xFF,0x00,0x00,0x00,
  0x3F,0xFF,0x80,0x00,0x00,0x1F,0xFF,0xE0,0x00,0x00,0x1F,0xFF,0xF8,0x00,0x00,0x1F,0xFF,0xFE,0x00,0x00,0x1F,0xFF,0xFF,0x00,
  0x00,0x0F,0xFD,0xFF,0xC0,0x00,0x0F,0xFC,0x7F,0xF0,0x00,0x0F,0xFE,0x1F,0xF8,0x00,0x0F,0xFE,0x0F,0xFE,0x00,0x07,0xFE,0x03,
  0xFF,0x80,0x07,0xFF,0x00,0xFF,0xE0,0x07,0xFF,0x00,0x7F,0xF0,0x07,0xFF,0x00,0x1F,0xFC,0x03,0xFF,0x80,0x07,0xFF,0x03,0xFF,
  0x80,0x03,0xFF,0xC3,0xFF,0x80,0x00,0xFF,0xE1,0xFF,0xC0,0x00,0x3F,0xF9,0xFF,0xC0,0x00,0x1F,0xFF,0xFF,0xC0,0x00,0x07,0xFF,
  0xFF,0xE0,0x00,0x01,0xFF,0xFF,0xF8,0x00,0x00,0x7F,0xFF,0xFE,0x00,0x00,0x3F,0xF9,0xFF,0xC0,0x00,0x0F,0xFE,0x7F,0xF0,0x00,
  0x03,0xFF,0x0F,0xFE,0x00,0x01,0xFF,0xC3,0xFF,0x80,0x00,0x7F,0xF0,0x7F,0xE0,0x00,0x1F,0xF8,0x1F,0xFC,0x00,0x0F,0xFE,0x07,
  0xFF,0x00,0x03,0xFF,0x00,0xFF,0xC0,0x00,0xFF,0xC0,0x3F,0xF8,0x00,0x7F,0xF0,0x07,0xFE,0x00,0x1F,0xF8,0x01,0xFF,0x80,0x07,
  0xFE,0x00,0x7F,0xF0,0x03,0xFF,0x00,0x0F,0xFC,0x00,0xFF,0xC0,0x03,0xFF,0x80,0x3F,0xF0,0x00,0x7F,0xE0,0x1F,0xF8,0x00,0x1F,
  0xF8,0x07,0xFE,0x00,0x03,0xFF,0x01,0xFF,0x00,0x00,0xFF,0xC0,0xFF,0xC0,0x00,0x3F,0xF0,0x3F,0xF0,0x00,0x07,0xFE,0x0F,0xF8,
  0x00,0x01,0xFF,0x87,0xFE,0x00,0x00,0x3F,0xE1,0xFF,0x80,0x00,0x0F,0xFC,0x7F,0xC0,0x00,0x03,0xFF,0x1F,0xF0,0x00,0x00,0x7F,
  0xCF,0xF8,0x00,0x00,0x1F,0xF3,0xFE,0x00,0x00,0x03,0xFE,0xFF,0x80,0x00,0x00,0xFF,0xFF,0xC0,0x00,0x00,0x1F,0xFF,0xF0,0x00,
  0x00,0x07,0xFF,0xF8,0x00,0x00,0x01,0xFF,0xFE,0x00,0x00,0x00,0x3F,0xFF,0x80,0x00,0x00,0x0F,0xFF,0xC0,0x00,0x00,0x01,0xFF,
  0xF0,0x00,0x00,0x00,0x7F,0xF8,0x00,0x00,0x00,0x0F,0xFE,0x00,0x00,0x00,0x03,0xFF,0x80,0x00,0x00,0x00,0xFF,0xC0,0x00,0x00,
  0x00,0x7F,0xF0,0x00,0x00,0x00,0x1F,0xF8,0x00,0x00,0x00,0x0F,0xFE,0x00,0x00,0x00,0x03,0xFF,0x80,0x00,0x00,0x01,0xFF,0xC0,
  0x00,0x00,0x00,0xFF,0xF0,0x00,0x00,0x00,0xFF,0xF8,0x00,0x00,0x1F,0xFF,0xFE,0x00,0x00,0x07,0xFF,0xFF,0x00,0x00,0x01,0xFF,
  0xFF,0x80,0x00,0x00,0x7F,0xFF,0xC0,0x00,0x00,0x1F,0xFF,0xE0,0x00,0x00,0x07,0xFF,0xF0,0x00,0x00,0x01,0xFF,0xF0,0x00,0x00,
  0x00,0x3F,0xE0,0x00,0x00,0x00,0x3F,0xFF,0xFF,0xFF,0x87,0xFF,0xFF,0xFF,0xF0,0xFF,0xFF,0xFF,0xFE,0x1F,0xFF,0xFF,0xFF,0xC3,
  0xFF,0xFF,0xFF,0xF8,0x7F,0xFF,0xFF,0xFF,0x0F,0xFF,0xFF,0xFF,0xE1,0xFF,0xFF,0xFF,0xFC,0x00,0x00,0x0F,0xFF,0x00,0x00,0x01,
  0xFF,0xE0,0x00,0x00,0x7F,0xF8,0x00,0x00,0x1F,0xFE,0x00,0x00,0x07,0xFF,0x80,0x00,0x01,0xFF,0xE0,0x00,0x00,0x7F,0xF8,0x00,
  0x00,0x1F,0xFE,0x00,0x00,0x03,0xFF,0xC0,0x00,0x00,0xFF,0xF0,0x00,0x00,0x3F,0xFC,0x00,0x00,0x0F,0xFF,0x00,0x00,0x03,0xFF,
  0xC0,0x00,0x00,0xFF,0xF0,0x00,0x00,0x1F,0xFE,0x00,0x00,0x07,0xFF,0x80,0x00,0x01,0xFF,0xE0,0x00,0x00,0x7F,0xF8,0x00,0x00,
  0x1F,0xFE,0x00,0x00,0x07,0xFF,0x80,0x00,0x00,0xFF,0xE0,0x00,0x00,0x3F,0xFC,0x00,0x00,0x0F,0xFF,0x00,0x00,0x03,0xFF,0xC0,
  0x00,0x00,0xFF,0xFF,0xFF,0xFF,0xFF,0xFF,0xFF,0xFF,0xFF,0xFF,0xFF,0xFF,0xFF,0xFF,0xFF,0xFF,0xFF,0xFF,0xFF,0xFF,0xFF,0xFF,
  0xFF,0xFF,0xFF,0xFF,0xFF,0xFF,0xFF,0xFF,0xFF,0xFF,0xFF,0xFF,0xFF,0x00,0x00,0xFF,0xFF,0x00,0x07,0xFF,0xFF,0x00,0x0F,0xFF,
  0xFF,0x00,0x1F,0xFF,0xFF,0x00,0x3F,0xFF,0xFF,0x00,0x3F,0xFF,0xFF,0x00,0x7F,0xFF,0xFF,0x00,0x7F,0xFC,0x00,0x00,0x7F,0xF8,
  0x00,0x00,0x7F,0xF0,0x00,0x00,0x7F,0xE0,0x00,0x00,0x7F,0xE0,0x00,0x00,0x7F,0xE0,0x00,0x00,0x7F,0xE0,0x00,0x00,0x7F,0xE0,
  0x00,0x00,0x7F,0xC0,0x00,0x00,0x7F,0xC0,0x00,0x00,0x7F,0xC0,0x00,0x00,0x7F,0xC0,0x00,0x00,0x7F,0xC0,0x00,0x00,0x7F,0xC0,
  0x00,0x00,0x7F,0xC0,0x00,0x00,0x7F,0xC0,0x00,0x00,0x7F,0xC0,0x00,0x00,0x7F,0xC0,0x00,0x00,0xFF,0xC0,0x00,0x00,0xFF,0xC0,
  0x00,0x00,0xFF,0xC0,0x00,0x01,0xFF,0xC0,0x00,0x01,0xFF,0xC0,0x00,0x03,0xFF,0x80,0x00,0x1F,0xFF,0x80,0x00,0xFF,0xFF,0x00,
  0x00,0xFF,0xFE,0x00,0x00,0xFF,0xFC,0x00,0x00,0xFF,0xE0,0x00,0x00,0xFF,0xF8,0x00,0x00,0xFF,0xFE,0x00,0x00,0xFF,0xFF,0x00,
  0x00,0x3F,0xFF,0x80,0x00,0x07,0xFF,0x80,0x00,0x01,0xFF,0xC0,0x00,0x01,0xFF,0xC0,0x00,0x00,0xFF,0xC0,0x00,0x00,0xFF,0xC0,
  0x00,0x00,0xFF,0xC0,0x00,0x00,0x7F,0xC0,0x00,0x00,0x7F,0xC0,0x00,0x00,0x7F,0xC0,0x00,0x00,0x7F,0xC0,0x00,0x00,0x7F,0xC0,
  0x00,0x00,0x7F,0xC0,0x00,0x00,0x7F,0xC0,0x00,0x00,0x7F,0xC0,0x00,0x00,0x7F,0xC0,0x00,0x00,0x7F,0xC0,0x00,0x00,0x7F,0xE0,
  0x00,0x00,0x7F,0xE0,0x00,0x00,0x7F,0xE0,0x00,0x00,0x7F,0xE0,0x00,0x00,0x7F,0xE0,0x00,0x00,0x7F,0xF0,0x00,0x00,0x7F,0xF8,
  0x00,0x00,0x7F,0xFC,0x00,0x00,0x7F,0xFF,0xFF,0x00,0x3F,0xFF,0xFF,0x00,0x3F,0xFF,0xFF,0x00,0x1F,0xFF,0xFF,0x00,0x0F,0xFF,
  0xFF,0x00,0x07,0xFF,0xFF,0x00,0x00,0xFF,0xFF,0xFF,0xFF,0xFF,0xFF,0xFF,0xFF,0xFF,0xFF,0xFF,0xFF,0xFF,0xFF,0xFF,0xFF,0xFF,
  0xFF,0xFF,0xFF,0xFF,0xFF,0xFF,0xFF,0xFF,0xFF,0xFF,0xFF,0xFF,0xFF,0xFF,0xFF,0xFF,0xFF,0xFF,0xFF,0xFF,0xFF,0xFF,0xFF,0xFF,
  0xFF,0xFF,0xFF,0xFF,0xFF,0xFF,0xFF,0xFF,0xFF,0xFF,0xFF,0xFF,0xFF,0xFF,0xFF,0xFF,0xFF,0xFF,0xFF,0xFF,0xFF,0xFF,0xFF,0xFF,
  0xFF,0xFF,0xFF,0xFF,0xFF,0xFF,0xFF,0xFF,0xFF,0xFF,0xFF,0xFF,0xFF,0xFF,0xFF,0xFF,0xFF,0xFF,0xFF,0xFF,0xFF,0xFF,0xFF,0xFF,
  0xFF,0xFF,0xFF,0xFF,0xFF,0x00,0x01,0xFF,0xFF,0x80,0x03,0xFF,0xFF,0xC0,0x07,0xFF,0xFF,0xC0,0x0F,0xFF,0xFF,0x80,0x1F,0xFF,
  0xFF,0x80,0x3F,0xFF,0xFF,0x00,0x00,0x3F,0xFF,0x00,0x00,0x1F,0xFE,0x00,0x00,0x1F,0xFC,0x00,0x00,0x3F,0xF8,0x00,0x00,0x3F,
  0xF0,0x00,0x00,0x7F,0xE0,0x00,0x00,0xFF,0xC0,0x00,0x01,0xFF,0x80,0x00,0x03,0xFF,0x00,0x00,0x07,0xFE,0x00,0x00,0x0F,0xFC,
  0x00,0x00,0x1F,0xF8,0x00,0x00,0x3F,0xF0,0x00,0x00,0x7F,0xE0,0x00,0x00,0xFF,0xC0,0x00,0x01,0xFF,0x80,0x00,0x03,0xFF,0x00,
  0x00,0x07,0xFE,0x00,0x00,0x0F,0xFC,0x00,0x00,0x1F,0xF8,0x00,0x00,0x3F,0xF8,0x00,0x00,0x7F,0xF0,0x00,0x00,0x7F,0xF0,0x00,
  0x00,0xFF,0xF0,0x00,0x00,0xFF,0xF8,0x00,0x00,0xFF,0xFE,0x00,0x00,0xFF,0xFC,0x00,0x00,0xFF,0xF8,0x00,0x00,0x7F,0xF0,0x00,
  0x03,0xFF,0xE0,0x00,0x0F,0xFF,0xC0,0x00,0x3F,0xFF,0x80,0x00,0xFF,0xFC,0x00,0x03,0xFF,0xC0,0x00,0x07,0xFF,0x00,0x00,0x1F,
  0xFC,0x00,0x00,0x3F,0xF8,0x00,0x00,0x7F,0xE0,0x00,0x00,0xFF,0xC0,0x00,0x01,0xFF,0x80,0x00,0x03,0xFF,0x00,0x00,0x07,0xFE,
  0x00,0x00,0x0F,0xFC,0x00,0x00,0x1F,0xF8,0x00,0x00,0x3F,0xF0,0x00,0x00,0x7F,0xE0,0x00,0x00,0xFF,0xC0,0x00,0x01,0xFF,0x80,
  0x00,0x03,0xFF,0x00,0x00,0x07,0xFE,0x00,0x00,0x0F,0xFC,0x00,0x00,0x1F,0xF8,0x00,0x00,0x3F,0xF0,0x00,0x00,0xFF,0xE0,0x00,
  0x01,0xFF,0xC0,0x00,0x07,0xFF,0x80,0x00,0x3F,0xFF,0x00,0xFF,0xFF,0xFC,0x01,0xFF,0xFF,0xF8,0x03,0xFF,0xFF,0xE0,0x07,0xFF,
  0xFF,0x80,0x0F,0xFF,0xFE,0x00,0x1F,0xFF,0xF8,0x00,0x3F,0xFF,0xC0,0x00,0x00,0x03,0xFE,0x00,0x00,0x00,0x3F,0xFF,0xC0,0x00,
  0x05,0xFF,0xFF,0xF0,0x00,0x1F,0xFF,0xFF,0xFC,0x01,0xFF,0xFF,0xFF,0xFF,0xFF,0xFF,0xFF,0xFF,0xFF,0xFF,0xFF,0xFF,0xFF,0xFF,
  0xFF,0xFF,0xFF,0xFF,0xFF,0xFF,0xFC,0x01,0xFF,0xFF,0xFF,0xC0,0x00,0x7F,0xFF,0xF8,0x00,0x00,0x1F,0xFF,0xE0,0x00,0x00,0x03,
  0xFE,0x00,0x00,0xFE,0x00,0x03,0xFF,0xC0,0x0F,0xFF,0xE0,0x1F,0xFF,0xF0,0x3F,0xFF,0xF8,0x3F,0xFF,0xFC,0x7F,0x81,0xFE,0x7E,
  0x00,0xFE,0xFE,0x00,0x7E,0xFC,0x00,0x7F,0xFC,0x00,0x3F,0xFC,0x00,0x3F,0xFC,0x00,0x3F,0xFC,0x00,0x7F,0xFE,0x00,0x7E,0x7E,
  0x00,0xFE,0x7F,0x01,0xFE,0x3F,0xFF,0xFC,0x3F,0xFF,0xF8,0x1F,0xFF,0xF0,0x0F,0xFF,0xE0,0x03,0xFF,0xC0,0x00,0xFE,0x00,0x07,
  0xFE,0x00,0x00,0x00,0x1F,0xFC,0x00,0x00,0x00,0x1F,0xFC,0x00,0x00,0x00,0x3F,0xF8,0x00,0x00,0x00,0x3F,0xF0,0x00,0x00,0x00,
  0x7F,0xE0,0x00,0x00,0x00,0x7F,0xC0,0x00,0x00,0x00,0xFF,0x80,0x00,0x00,0x01,0xFF,0x00,0x00,0x00,0x01,0xFC,0x00,0x00,0x00,
  0x00,0x00,0x00,0x00,0x00,0x00,0x00,0x00,0x00,0x00,0x00,0x00,0x03,0xFF,0xFF,0xFF,0xFF,0xCF,0xFF,0xFF,0xFF,0xFF,0x3F,0xFF,
  0xFF,0xFF,0xFC,0xFF,0xFF,0xFF,0xFF,0xF3,0xFF,0xFF,0xFF,0xFF,0xCF,0xFF,0xFF,0xFF,0xFF,0x3F,0xFF,0xFF,0xFF,0xFC,0xFF,0xFF,
  0xFF,0xFF,0xF3,0xFF,0xFF,0xFF,0xFF,0xCF,0xFE,0x00,0x00,0x00,0x3F,0xF8,0x00,0x00,0x00,0xFF,0xE0,0x00,0x00,0x03,0xFF,0x80,
  0x00,0x00,0x0F,0xFE,0x00,0x00,0x00,0x3F,0xF8,0x00,0x00,0x00,0xFF,0xE0,0x00,0x00,0x03,0xFF,0x80,0x00,0x00,0x0F,0xFE,0x00,
  0x00,0x00,0x3F,0xF8,0x00,0x00,0x00,0xFF,0xE0,0x00,0x00,0x03,0xFF,0xFF,0xFF,0xFF,0x0F,0xFF,0xFF,0xFF,0xFC,0x3F,0xFF,0xFF,
  0xFF,0xF0,0xFF,0xFF,0xFF,0xFF,0xC3,0xFF,0xFF,0xFF,0xFF,0x0F,0xFF,0xFF,0xFF,0xFC,0x3F,0xFF,0xFF,0xFF,0xF0,0xFF,0xFF,0xFF,
  0xFF,0xC3,0xFF,0xFF,0xFF,0xFE,0x0F,0xFE,0x00,0x00,0x00,0x3F,0xF8,0x00,0x00,0x00,0xFF,0xE0,0x00,0x00,0x03,0xFF,0x80,0x00,
  0x00,0x0F,0xFE,0x00,0x00,0x00,0x3F,0xF8,0x00,0x00,0x00,0xFF,0xE0,0x00,0x00,0x03,0xFF,0x80,0x00,0x00,0x0F,0xFE,0x00,0x00,
  0x00,0x3F,0xF8,0x00,0x00,0x00,0xFF,0xE0,0x00,0x00,0x03,0xFF,0x80,0x00,0x00,0x0F,0xFF,0xFF,0xFF,0xFF,0xBF,0xFF,0xFF,0xFF,
  0xFF,0xFF,0xFF,0xFF,0xFF,0xFF,0xFF,0xFF,0xFF,0xFF,0xFF,0xFF,0xFF,0xFF,0xFF,0xFF,0xFF,0xFF,0xFF,0xFF,0xFF,0xFF,0xFF,0xFF,
  0xFF,0xFF,0xFF,0xFF,0xFF,0xFF,0xFF,0xFF,0xFF,0xFF,0xC0,0x03,0xFC,0x07,0xFC,0x00,0x0F,0xF0,0x1F,0xF0,0x00,0x3F,0xC0,0x7F,
  0xC0,0x00,0xFF,0x01,0xFF,0x00,0x03,0xFC,0x07,0xFC,0x00,0x0F,0xF0,0x1F,0xF0,0x00,0x3F,0xC0,0x7F,0xC0,0x00,0xFF,0x01,0xFF,
  0x00,0x00,0x00,0x00,0x00,0x00,0x00,0x00,0x00,0x00,0x00,0x00,0x00,0x00,0x00,0x3F,0xFF,0xFF,0xFF,0xFC,0xFF,0xFF,0xFF,0xFF,
  0xF3,0xFF,0xFF,0xFF,0xFF,0xCF,0xFF,0xFF,0xFF,0xFF,0x3F,0xFF,0xFF,0xFF,0xFC,0xFF,0xFF,0xFF,0xFF,0xF3,0xFF,0xFF,0xFF,0xFF,
  0xCF,0xFF,0xFF,0xFF,0xFF,0x3F,0xFF,0xFF,0xFF,0xFC,0xFF,0xE0,0x00,0x00,0x03,0xFF,0x80,0x00,0x00,0x0F,0xFE,0x00,0x00,0x00,
  0x3F,0xF8,0x00,0x00,0x00,0xFF,0xE0,0x00,0x00,0x03,0xFF,0x80,0x00,0x00,0x0F,0xFE,0x00,0x00,0x00,0x3F,0xF8,0x00,0x00,0x00,
  0xFF,0xE0,0x00,0x00,0x03,0xFF,0x80,0x00,0x00,0x0F,0xFE,0x00,0x00,0x00,0x3F,0xFF,0xFF,0xFF,0xF0,0xFF,0xFF,0xFF,0xFF,0xC3,
  0xFF,0xFF,0xFF,0xFF,0x0F,0xFF,0xFF,0xFF,0xFC,0x3F,0xFF,0xFF,0xFF,0xF0,0xFF,0xFF,0xFF,0xFF,0xC3,0xFF,0xFF,0xFF,0xFF,0x0F,
  0xFF,0xFF,0xFF,0xFC,0x3F,0xFF,0xFF,0xFF,0xE0,0xFF,0xE0,0x00,0x00,0x03,0xFF,0x80,0x00,0x00,0x0F,0xFE,0x00,0x00,0x00,0x3F,
  0xF8,0x00,0x00,0x00,0xFF,0xE0,0x00,0x00,0x03,0xFF,0x80,0x00,0x00,0x0F,0xFE,0x00,0x00,0x00,0x3F,0xF8,0x00,0x00,0x00,0xFF,
  0xE0,0x00,0x00,0x03,0xFF,0x80,0x00,0x00,0x0F,0xFE,0x00,0x00,0x00,0x3F,0xF8,0x00,0x00,0x00,0xFF,0xFF,0xFF,0xFF,0xFB,0xFF,
  0xFF,0xFF,0xFF,0xFF,0xFF,0xFF,0xFF,0xFF,0xFF,0xFF,0xFF,0xFF,0xFF,0xFF,0xFF,0xFF,0xFF,0xFF,0xFF,0xFF,0xFF,0xFF,0xFF,0xFF,
  0xFF,0xFF,0xFF,0xFF,0xFF,0xFF,0xFF,0xFF,0xFF,0xFF,0xFF,0xFF,0xFC,0xFF,0xFF,0xFF,0xFE,0x00,0x0F,0xFF,0xFF,0xFF,0xE0,0x00,
  0xFF,0xFF,0xFF,0xFE,0x00,0x0F,0xFF,0xFF,0xFF,0xE0,0x00,0xFF,0xFF,0xFF,0xFE,0x00,0x0F,0xFF,0xFF,0xFF,0xE0,0x00,0xFF,0xFF,
  0xFF,0xFE,0x00,0x0F,0xFF,0xFF,0xFF,0xE0,0x00,0xFF,0xFF,0xFF,0xFE,0x00,0x00,0x03,0xFF,0x00,0x00,0x00,0x00,0x3F,0xF0,0x00,
  0x00,0x00,0x03,0xFF,0x00,0x00,0x00,0x00,0x3F,0xF0,0x00,0x00,0x00,0x03,0xFF,0x00,0x00,0x00,0x00,0x3F,0xF0,0x00,0x00,0x00,
  0x03,0xFF,0x00,0x00,0x00,0x00,0x3F,0xF0,0x0F,0xF0,0x00,0x03,0xFF,0x07,0xFF,0xE0,0x00,0x3F,0xF3,0xFF,0xFF,0x00,0x03,0xFF,
  0xFF,0xFF,0xF8,0x00,0x3F,0xFF,0xFF,0xFF,0xC0,0x03,0xFF,0xFF,0xFF,0xFC,0x00,0x3F,0xFF,0xFF,0xFF,0xE0,0x03,0xFF,0xFF,0xFF,
  0xFE,0x00,0x3F,0xFF,0xE1,0xFF,0xE0,0x03,0xFF,0xE0,0x07,0xFF,0x00,0x3F,0xF0,0x00,0x3F,0xF0,0x03,0xFF,0x00,0x03,0xFF,0x00,
  0x3F,0xF0,0x00,0x3F,0xF0,0x03,0xFF,0x00,0x03,0xFF,0x00,0x3F,0xF0,0x00,0x3F,0xF0,0x03,0xFF,0x00,0x03,0xFF,0x00,0x3F,0xF0,
  0x00,0x3F,0xF0,0x03,0xFF,0x00,0x03,0xFF,0x00,0x3F,0xF0,0x00,0x3F,0xF0,0x03,0xFF,0x00,0x03,0xFF,0x00,0x3F,0xF0,0x00,0x3F,
  0xF0,0x03,0xFF,0x00,0x03,0xFF,0x00,0x3F,0xF0,0x00,0x3F,0xF0,0x03,0xFF,0x01,0x83,0xFF,0x00,0x3F,0xF0,0xFC,0x3F,0xF0,0x03,
  0xFF,0x3F,0xC3,0xFE,0x00,0x3F,0xF3,0xFE,0x7F,0xE0,0x03,0xFF,0x3F,0xFF,0xFE,0x00,0x3F,0xF1,0xFF,0xFF,0xE0,0x03,0xFF,0x1F,
  0xFF,0xFC,0x00,0x3F,0xF0,0xFF,0xFF,0xC0,0x03,0xFF,0x0F,0xFF,0xF8,0x00,0x3F,0xF0,0x7F,0xFF,0x00,0x03,0xFF,0x01,0xFF,0xE0,
  0x00,0x00,0x00,0x07,0xF8,0x00,0x00,0x00,0x03,0xFF,0x00,0x00,0x00,0x3F,0xF8,0x00,0x00,0x07,0xFF,0x00,0x00,0x00,0x7F,0xF0,
  0x00,0x00,0x07,0xFE,0x00,0x00,0x00,0x7F,0xE0,0x00,0x00,0x07,0xFC,0x00,0x00,0x00,0x7F,0xC0,0x00,0x00,0x07,0xF8,0x00,0x00,
  0x00,0x3F,0x80,0x00,0x00,0x00,0x00,0x00,0x00,0x00,0x00,0x00,0x00,0x00,0x00,0x00,0x00,0x00,0x7F,0xFF,0xFF,0xFF,0xFF,0xFF,
  0xFF,0xFF,0xFF,0xFF,0xFF,0xFF,0xFF,0xFF,0xFF,0xFF,0xFF,0xFF,0xFF,0xFF,0xFF,0xFF,0xFF,0xFF,0xFF,0xFF,0xFF,0xFF,0xFF,0xFF,
  0xFF,0xFF,0xFF,0xFF,0xFF,0xFF,0xFF,0xFF,0xFF,0xFF,0xFF,0xFB,0xFF,0xC0,0x00,0x00,0x1F,0xFE,0x00,0x00,0x00,0xFF,0xF0,0x00,
  0x00,0x07,0xFF,0x80,0x00,0x00,0x3F,0xFC,0x00,0x00,0x01,0xFF,0xE0,0x00,0x00,0x0F,0xFF,0x00,0x00,0x00,0x7F,0xF8,0x00,0x00,
  0x03,0xFF,0xC0,0x00,0x00,0x1F,0xFE,0x00,0x00,0x00,0xFF,0xF0,0x00,0x00,0x07,0xFF,0x80,0x00,0x00,0x3F,0xFC,0x00,0x00,0x01,
  0xFF,0xE0,0x00,0x00,0x0F,0xFF,0x00,0x00,0x00,0x7F,0xF8,0x00,0x00,0x03,0xFF,0xC0,0x00,0x00,0x1F,0xFE,0x00,0x00,0x00,0xFF,
  0xF0,0x00,0x00,0x07,0xFF,0x80,0x00,0x00,0x3F,0xFC,0x00,0x00,0x01,0xFF,0xE0,0x00,0x00,0x0F,0xFF,0x00,0x00,0x00,0x7F,0xF8,
  0x00,0x00,0x03,0xFF,0xC0,0x00,0x00,0x1F,0xFE,0x00,0x00,0x00,0xFF,0xF0,0x00,0x00,0x07,0xFF,0x80,0x00,0x00,0x3F,0xFC,0x00,
  0x00,0x01,0xFF,0xE0,0x00,0x00,0x0F,0xFF,0x00,0x00,0x00,0x7F,0xF8,0x00,0x00,0x03,0xFF,0xC0,0x00,0x00,0x1F,0xFE,0x00,0x00,
  0x00,0xFF,0xF0,0x00,0x00,0x07,0xFF,0x80,0x00,0x00,0x3F,0xFC,0x00,0x00,0x01,0xFF,0xE0,0x00,0x00,0x0F,0xFF,0x00,0x00,0x00,
  0x7F,0xF8,0x00,0x00,0x03,0xFF,0xC0,0x00,0x00,0x00,0x00,0x01,0xFF,0xC0,0x00,0x00,0x0F,0xFF,0xF8,0x00,0x00,0x3F,0xFF,0xFE,
  0x00,0x00,0xFF,0xFF,0xFF,0x00,0x01,0xFF,0xFF,0xFF,0xC0,0x03,0xFF,0xFF,0xFF,0xE0,0x07,0xFF,0xFF,0xFF,0xE0,0x0F,0xFF,0xFF,
  0xFF,0xF0,0x0F,0xFF,0xFF,0xFF,0xF8,0x1F,0xFF,0x80,0xFF,0xF8,0x1F,0xFF,0x00,0x3F,0xFC,0x3F,0xFE,0x00,0x1F,0xFC,0x3F,0xFC,
  0x00,0x1F,0xFE,0x3F,0xF8,0x00,0x0F,0xFE,0x7F,0xF8,0x00,0x0F,0xFE,0x7F,0xF8,0x00,0x07,0xF0,0x7F,0xF0,0x00,0x07,0x00,0x7F,
  0xF0,0x00,0x00,0x00,0xFF,0xF0,0x00,0x00,0x00,0xFF,0xF0,0x00,0x00,0x00,0xFF,0xE0,0x00,0x00,0x00,0xFF,0xE0,0x00,0x00,0x00,
  0xFF,0xFF,0xFF,0xC0,0x00,0xFF,0xFF,0xFF,0xC0,0x00,0xFF,0xFF,0xFF,0xC0,0x00,0xFF,0xFF,0xFF,0xC0,0x00,0xFF,0xFF,0xFF,0xC0,
  0x00,0xFF,0xFF,0xFF,0xC0,0x00,0xFF,0xFF,0xFF,0xC0,0x00,0xFF,0xFF,0xFF,0xC0,0x00,0xFF,0xFF,0xFF,0x80,0x00,0xFF,0xE0,0x00,
  0x00,0x00,0xFF,0xE0,0x00,0x00,0x00,0xFF,0xF0,0x00,0x00,0x00,0x7F,0xF0,0x00,0x03,0x80,0x7F,0xF0,0x00,0x03,0xFC,0x7F,0xF8,
  0x00,0x07,0xFF,0x7F,0xF8,0x00,0x07,0xFF,0x3F,0xF8,0x00,0x0F,0xFF,0x3F,0xFC,0x00,0x0F,0xFE,0x3F,0xFE,0x00,0x1F,0xFE,0x1F,
  0xFF,0x00,0x3F,0xFC,0x1F,0xFF,0xC0,0x7F,0xFC,0x0F,0xFF,0xFF,0xFF,0xF8,0x07,0xFF,0xFF,0xFF,0xF0,0x03,0xFF,0xFF,0xFF,0xF0,
  0x03,0xFF,0xFF,0xFF,0xE0,0x00,0xFF,0xFF,0xFF,0xC0,0x00,0x7F,0xFF,0xFF,0x80,0x00,0x3F,0xFF,0xFE,0x00,0x00,0x0F,0xFF,0xF8,
  0x00,0x00,0x00,0xFF,0xC0,0x00,0x00,0x01,0xFF,0xE0,0x00,0x00,0x0F,0xFF,0xFE,0x00,0x00,0x1F,0xFF,0xFF,0xC0,0x00,0x3F,0xFF,
  0xFF,0xF8,0x00,0x3F,0xFF,0xFF,0xFE,0x00,0x3F,0xFF,0xFF,0xFF,0x80,0x3F,0xFF,0xFF,0xFF,0xE0,0x1F,0xFF,0xFF,0xFF,0xF8,0x1F,
  0xFF,0x00,0xFF,0xFC,0x0F,0xFE,0x00,0x1F,0xFF,0x0F,0xFE,0x00,0x07,0xFF,0x87,0xFF,0x00,0x01,0xFF,0xC3,0xFF,0x80,0x00,0xFF,
  0xF1,0xFF,0xC0,0x00,0x3F,0xF8,0xFF,0xE0,0x00,0x1F,0x80,0x7F,0xF0,0x00,0x00,0x00,0x3F,0xFC,0x00,0x00,0x00,0x1F,0xFF,0x00,
  0x00,0x00,0x0F,0xFF,0xC0,0x00,0x00,0x03,0xFF,0xFC,0x00,0x00,0x01,0xFF,0xFF,0xC0,0x00,0x00,0x7F,0xFF,0xFE,0x00,0x00,0x1F,
  0xFF,0xFF,0xE0,0x00,0x07,0xFF,0xFF,0xFE,0x00,0x01,0xFF,0xFF,0xFF,0xC0,0x00,0x7F,0xFF,0xFF,0xF0,0x00,0x0F,0xFF,0xFF,0xFE,
  0x00,0x01,0xFF,0xFF,0xFF,0x80,0x00,0x1F,0xFF,0xFF,0xE0,0x00,0x00,0xFF,0xFF,0xF0,0x00,0x00,0x0F,0xFF,0xFC,0x00,0x00,0x00,
  0x7F,0xFE,0x00,0x00,0x00,0x0F,0xFF,0x80,0x00,0x00,0x03,0xFF,0xC0,0x00,0x00,0x00,0xFF,0xE0,0x00,0x00,0x00,0x7F,0xF0,0x3C,
  0x00,0x00,0x3F,0xFF,0xFF,0x00,0x00,0x1F,0xFF,0xFF,0x80,0x00,0x0F,0xFF,0xFF,0xE0,0x00,0x07,0xFF,0xFF,0xF0,0x00,0x03,0xFF,
  0xBF,0xFC,0x00,0x03,0xFF,0xDF,0xFF,0x80,0x03,0xFF,0xC7,0xFF,0xF8,0x1F,0xFF,0xE1,0xFF,0xFF,0xFF,0xFF,0xE0,0xFF,0xFF,0xFF,
  0xFF,0xE0,0x3F,0xFF,0xFF,0xFF,0xE0,0x0F,0xFF,0xFF,0xFF,0xE0,0x01,0xFF,0xFF,0xFF,0xE0,0x00,0x3F,0xFF,0xFF,0xC0,0x00,0x07,
  0xFF,0xFF,0x80,0x00,0x00,0x3F,0xFC,0x00,0x00,0xFF,0xFF,0xFF,0xFF,0xFF,0xFF,0xFF,0xFF,0xFF,0xFF,0xFF,0xFF,0xFF,0xFF,0xFF,
  0xFF,0xFF,0xFF,0xFF,0xFF,0xFF,0xFF,0xFF,0xFF,0xFF,0xFF,0xFF,0xFF,0xFF,0xFF,0xFF,0xFF,0xFF,0xFF,0xFF,0xFF,0xFF,0xFF,0x80,
  0x07,0xFF,0x00,0x00,0x01,0xFF,0xC0,0x00,0x00,0x7F,0xF0,0x00,0x00,0x1F,0xFC,0x00,0x00,0x07,0xFF,0x00,0x00,0x01,0xFF,0xC0,
  0x00,0x00,0x7F,0xF0,0x00,0x00,0x1F,0xFC,0x00,0x00,0x07,0xFF,0x00,0x00,0x01,0xFF,0xC0,0x00,0x00,0x7F,0xF0,0x00,0x00,0x1F,
  0xFC,0x00,0x00,0x07,0xFF,0x00,0x00,0x01,0xFF,0xC0,0x00,0x00,0x7F,0xF0,0x00,0x00,0x1F,0xFC,0x00,0x00,0x07,0xFF,0x00,0x00,
  0x01,0xFF,0xC0,0x00,0x00,0x7F,0xF0,0x00,0x00,0x1F,0xFC,0x00,0x00,0x07,0xFF,0x00,0x00,0x01,0xFF,0xC0,0x00,0x00,0x7F,0xF0,
  0x00,0x00,0x1F,0xFC,0x00,0x00,0x07,0xFF,0x00,0x00,0x01,0xFF,0xC0,0x00,0x00,0x7F,0xF0,0x00,0x00,0x1F,0xFC,0x00,0x00,0x07,
  0xFF,0x00,0x00,0x01,0xFF,0xC0,0x00,0x00,0x7F,0xF0,0x00,0x00,0x1F,0xFC,0x00,0x3F,0xFF,0xFF,0xFF,0xEF,0xFF,0xFF,0xFF,0xFF,
  0xFF,0xFF,0xFF,0xFF,0xFF,0xFF,0xFF,0xFF,0xFF,0xFF,0xFF,0xFF,0xFF,0xFF,0xFF,0xFF,0xFF,0xFF,0xFF,0xFF,0xFF,0xFF,0xFF,0xFF,
  0xFF,0xFF,0xFF,0xFF,0xFF,0xF0,0x07,0xF8,0x0F,0xF8,0x01,0xFE,0x03,0xFE,0x00,0x7F,0x80,0xFF,0x80,0x1F,0xE0,0x3F,0xE0,0x07,
  0xF8,0x0F,0xF8,0x01,0xFE,0x03,0xFE,0x00,0x7F,0x80,0xFF,0x80,0x1F,0xE0,0x3F,0xE0,0x00,0x00,0x00,0x00,0x00,0x00,0x00,0x00,
  0x00,0x00,0x00,0x00,0x03,0xFF,0xFF,0xFF,0xFF,0xFF,0xFF,0xFF,0xFF,0xFF,0xFF,0xFF,0xFF,0xFF,0xFF,0xFF,0xFF,0xFF,0xFF,0xFF,
  0xFF,0xFF,0xFF,0xFF,0xFF,0xFF,0xFF,0xFF,0xFF,0xFF,0xFF,0xFF,0xFF,0xFF,0xFF,0xFF,0xFF,0xFF,0xFE,0x00,0x1F,0xFC,0x00,0x00,
  0x07,0xFF,0x00,0x00,0x01,0xFF,0xC0,0x00,0x00,0x7F,0xF0,0x00,0x00,0x1F,0xFC,0x00,0x00,0x07,0xFF,0x00,0x00,0x01,0xFF,0xC0,
  0x00,0x00,0x7F,0xF0,0x00,0x00,0x1F,0xFC,0x00,0x00,0x07,0xFF,0x00,0x00,0x01,0xFF,0xC0,0x00,0x00,0x7F,0xF0,0x00,0x00,0x1F,
  0xFC,0x00,0x00,0x07,0xFF,0x00,0x00,0x01,0xFF,0xC0,0x00,0x00,0x7F,0xF0,0x00,0x00,0x1F,0xFC,0x00,0x00,0x07,0xFF,0x00,0x00,
  0x01,0xFF,0xC0,0x00,0x00,0x7F,0xF0,0x00,0x00,0x1F,0xFC,0x00,0x00,0x07,0xFF,0x00,0x00,0x01,0xFF,0xC0,0x00,0x00,0x7F,0xF0,
  0x00,0x00,0x1F,0xFC,0x00,0x00,0x07,0xFF,0x00,0x00,0x01,0xFF,0xC0,0x00,0x00,0x7F,0xF0,0x00,0x00,0x1F,0xFC,0x00,0x00,0x07,
  0xFF,0x00,0x00,0x01,0xFF,0xC0,0x00,0x00,0x7F,0xF0,0x00,0xFF,0xFF,0xFF,0xFF,0xBF,0xFF,0xFF,0xFF,0xFF,0xFF,0xFF,0xFF,0xFF,
  0xFF,0xFF,0xFF,0xFF,0xFF,0xFF,0xFF,0xFF,0xFF,0xFF,0xFF,0xFF,0xFF,0xFF,0xFF,0xFF,0xFF,0xFF,0xFF,0xFF,0xFF,0xFF,0xFF,0xFF,
  0xFF,0xC0,0x00,0x0F,0xFF,0xFF,0xC0,0x03,0xFF,0xFF,0xF0,0x00,0xFF,0xFF,0xFC,0x00,0x3F,0xFF,0xFF,0x00,0x0F,0xFF,0xFF,0xC0,
  0x03,0xFF,0xFF,0xF0,0x00,0xFF,0xFF,0xFC,0x00,0x3F,0xFF,0xFF,0x00,0x0F,0xFF,0xFF,0xC0,0x00,0x00,0x7F,0xF0,0x00,0x00,0x1F,
  0xFC,0x00,0x00,0x07,0xFF,0x00,0x00,0x01,0xFF,0xC0,0x00,0x00,0x7F,0xF0,0x00,0x00,0x1F,0xFC,0x00,0x00,0x07,0xFF,0x00,0x00,
  0x01,0xFF,0xC0,0x00,0x00,0x7F,0xF0,0x00,0x00,0x1F,0xFC,0x00,0x00,0x07,0xFF,0x00,0x00,0x01,0xFF,0xC0,0x00,0x00,0x7F,0xF0,
  0x00,0x00,0x1F,0xFC,0x00,0x00,0x07,0xFF,0x00,0x00,0x01,0xFF,0xC0,0x00,0x00,0x7F,0xF0,0x00,0x00,0x1F,0xFC,0x00,0x00,0x07,
  0xFF,0x00,0x00,0x01,0xFF,0xC0,0x00,0x00,0x7F,0xF0,0x00,0x00,0x1F,0xFC,0x00,0x00,0x07,0xFF,0x00,0x00,0x01,0xFF,0xC0,0x00,
  0x00,0x7F,0xF0,0x1E,0x00,0x1F,0xFF,0xFF,0x80,0x07,0xFF,0xFF,0xE0,0x01,0xFF,0xFF,0xFC,0x00,0xFF,0xFF,0xFF,0x00,0x3F,0xF9,
  0xFF,0xE0,0x0F,0xFE,0x7F,0xF8,0x07,0xFF,0x9F,0xFF,0x03,0xFF,0xE3,0xFF,0xFF,0xFF,0xF0,0xFF,0xFF,0xFF,0xFC,0x1F,0xFF,0xFF,
  0xFE,0x03,0xFF,0xFF,0xFF,0x00,0x7F,0xFF,0xFF,0x80,0x0F,0xFF,0xFF,0xC0,0x01,0xFF,0xFF,0xE0,0x00,0x1F,0xFF,0xE0,0x00,0x00,
  0xFF,0xC0,0x00,0x00,0xFF,0xFF,0xF8,0x00,0x00,0x07,0xFF,0xFF,0xC0,0x00,0x00,0x3F,0xFF,0xFE,0x00,0x00,0x01,0xFF,0xFF,0xF0,
  0x00,0x00,0x0F,0xFF,0xFF,0x80,0x00,0x00,0x7F,0xFF,0xFC,0x00,0x00,0x03,0xFF,0xFF,0xE0,0x00,0x00,0x1F,0xFF,0xFF,0x00,0x00,
  0x00,0xFF,0x07,0xF8,0x00,0x00,0x07,0xF8,0x3F,0xC0,0x00,0x00,0x3F,0xC1,0xFE,0x00,0x00,0x01,0xFE,0x0F,0xF0,0x00,0x00,0x0F,
  0xF0,0x7F,0x80,0x00,0x00,0xFF,0x83,0xFC,0x00,0x00,0x07,0xFC,0x1F,0xE0,0x00,0x00,0x3F,0xE0,0xFF,0x00,0x00,0x01,0xFF,0x07,
  0xF8,0x00,0x00,0x0F,0xF8,0x3F,0xC0,0x00,0x00,0x7F,0xC1,0xFE,0x00,0x00,0x03,0xFC,0x0F,0xF0,0x00,0x00,0x1F,0xE0,0x7F,0xFC,
  0x00,0x00,0xFF,0x03,0xFF,0xFC,0x00,0x07,0xF8,0x1F,0xFF,0xF8,0x00,0x3F,0xC0,0xFF,0xFF,0xE0,0x01,0xFE,0x07,0xFF,0xFF,0x80,
  0x0F,0xF0,0x3F,0xFF,0xFE,0x00,0x7F,0x81,0xFF,0xFF,0xF8,0x03,0xFC,0x0F,0xF9,0xFF,0xE0,0x1F,0xE0,0x7F,0x83,0xFF,0x00,0xFF,
  0x03,0xFC,0x0F,0xF8,0x07,0xF8,0x1F,0xE0,0x3F,0xE0,0x7F,0xC0,0xFF,0x01,0xFF,0x03,0xFE,0x07,0xF8,0x0F,0xF8,0x1F,0xF0,0x3F,
  0xC0,0x3F,0xC0,0xFF,0x81,0xFE,0x01,0xFE,0x07,0xFC,0x0F,0xF0,0x0F,0xF0,0x3F,0xE0,0x7F,0x80,0x7F,0x81,0xFE,0x03,0xFC,0x07,
  0xFC,0x0F,0xF0,0x1F,0xE0,0x3F,0xE0,0xFF,0x80,0xFF,0x01,0xFF,0x07,0xFC,0x07,0xF8,0x1F,0xF0,0x7F,0xE0,0x3F,0xC1,0xFF,0xBF,
  0xFF,0x01,0xFF,0x3F,0xF9,0xFF,0xF0,0x0F,0xFF,0xFF,0xCF,0xFF,0x80,0x7F,0xFF,0xFC,0x7F,0xF8,0x03,0xFF,0xFF,0xC3,0xFF,0xC0,
  0x1F,0xFF,0xFC,0x1F,0xFC,0x00,0xFF,0xFF,0xC0,0xFF,0xC0,0x07,0xFF,0xF8,0x07,0xFC,0x00,0x3F,0xFE,0x00,0x3F,0x80,0x00,0x00,
  0x00,0x00,0xFF,0x00,0x7F,0x80,0x00,0x3F,0xC0,0x1F,0xE0,0x00,0x0F,0xF0,0x07,0xF8,0x00,0x03,0xFC,0x01,0xFE,0x00,0x00,0xFF,
  0x00,0x7F,0x80,0x00,0x3F,0xC0,0x1F,0xE0,0x00,0x0F,0xF0,0x07,0xF8,0x00,0x03,0xFC,0x01,0xFE,0x00,0x00,0xFF,0x00,0x7F,0x80,
  0x00,0x3F,0xC0,0x1F,0xE0,0x00,0x0F,0xF0,0x07,0xF8,0x00,0x03,0xFC,0x01,0xFE,0x00,0x00,0xFF,0x00,0x7F,0x80,0x00,0x3F,0xC0,
  0x1F,0xE0,0x00,0x0F,0xF0,0x07,0xF8,0x00,0x03,0xFC,0x01,0xFE,0x00,0x00,0xFF,0x00,0x7F,0x80,0x00,0x3F,0xC0,0x1F,0xE0,0x00,
  0x0F,0xF0,0x07,0xF8,0x00,0x03,0xFC,0x01,0xFE,0x00,0x00,0xFF,0xFF,0xFF,0xFE,0x00,0x3F,0xFF,0xFF,0xFF,0xF0,0x0F,0xFF,0xFF,
  0xFF,0xFF,0x03,0xFF,0xFF,0xFF,0xFF,0xE0,0xFF,0xFF,0xFF,0xFF,0xFC,0x3F,0xFF,0xFF,0xFF,0xFF,0x8F,0xFF,0xFF,0xFF,0xFF,0xF3,
  0xFE,0x03,0xFF,0x7F,0xFC,0xFF,0x00,0x7F,0x83,0xFF,0xBF,0xC0,0x1F,0xE0,0x7F,0xEF,0xF0,0x07,0xF8,0x0F,0xFB,0xFC,0x01,0xFE,
  0x01,0xFF,0xFF,0x00,0x7F,0x80,0x7F,0xFF,0xC0,0x1F,0xE0,0x1F,0xFF,0xF0,0x07,0xF8,0x07,0xFF,0xFC,0x01,0xFE,0x01,0xFF,0xFF,
  0x00,0x7F,0x80,0x7F,0xFF,0xC0,0x1F,0xE0,0x1F,0xFF,0xF0,0x07,0xF8,0x07,0xFB,0xFC,0x01,0xFE,0x03,0xFE,0xFF,0x00,0x7F,0x81,
  0xFF,0xBF,0xC0,0x1F,0xE0,0xFF,0xEF,0xF0,0x07,0xFF,0xFF,0xF3,0xFC,0x01,0xFF,0xFF,0xF8,0xFF,0x00,0x7F,0xFF,0xFE,0x3F,0xC0,
  0x1F,0xFF,0xFF,0x0F,0xF0,0x07,0xFF,0xFF,0x83,0xFC,0x01,0xFF,0xFF,0x80,0xFF,0x00,0x7F,0xFF,0x80,0x3F,0xC0,0x1F,0xFF,0x00,
  0x00,0xFF,0xFF,0xFF,0xFE,0x00,0x0F,0xFF,0xFF,0xFF,0xE0,0x00,0xFF,0xFF,0xFF,0xFE,0x00,0x0F,0xFF,0xFF,0xFF,0xE0,0x00,0xFF,
  0xFF,0xFF,0xFE,0x00,0x0F,0xFF,0xFF,0xFF,0xE0,0x00,0xFF,0xFF,0xFF,0xFE,0x00,0x0F,0xFF,0xFF,0xFF,0xE0,0x00,0xFF,0xFF,0xFF,
  0xFE,0x00,0x00,0x03,0xFF,0x00,0x00,0x00,0x00,0x3F,0xF0,0x00,0x00,0x00,0x03,0xFF,0x00,0x00,0x00,0x00,0x3F,0xF0,0x00,0x00,
  0x00,0x03,0xFF,0x00,0x00,0x00,0x00,0x3F,0xF0,0x00,0x00,0x00,0x03,0xFF,0x00,0x00,0x00,0x00,0x3F,0xF0,0x0F,0xF0,0x00,0x03,
  0xFF,0x07,0xFF,0xE0,0x00,0x3F,0xF3,0xFF,0xFF,0x00,0x03,0xFF,0xFF,0xFF,0xF8,0x00,0x3F,0xFF,0xFF,0xFF,0xC0,0x03,0xFF,0xFF,
  0xFF,0xFC,0x00,0x3F,0xFF,0xFF,0xFF,0xE0,0x03,0xFF,0xFF,0xFF,0xFE,0x00,0x3F,0xFF,0xE1,0xFF,0xE0,0x03,0xFF,0xE0,0x07,0xFF,
  0x00,0x3F,0xF8,0x00,0x3F,0xF0,0x03,0xFF,0x00,0x03,0xFF,0x00,0x3F,0xF0,0x00,0x3F,0xF0,0x03,0xFF,0x00,0x03,0xFF,0x00,0x3F,
  0xF0,0x00,0x3F,0xF0,0x03,0xFF,0x00,0x03,0xFF,0x00,0x3F,0xF0,0x00,0x3F,0xF0,0x03,0xFF,0x00,0x03,0xFF,0x00,0x3F,0xF0,0x00,
  0x3F,0xF0,0x03,0xFF,0x00,0x03,0xFF,0x00,0x3F,0xF0,0x00,0x3F,0xF0,0x03,0xFF,0x00,0x03,0xFF,0x00,0x3F,0xF0,0x00,0x3F,0xF0,
  0x03,0xFF,0x00,0x03,0xFF,0x00,0x3F,0xF0,0x00,0x3F,0xF0,0x03,0xFF,0x00,0x03,0xFF,0x00,0x3F,0xF0,0x00,0x3F,0xF0,0x03,0xFF,
  0x00,0x03,0xFF,0x00,0x3F,0xF0,0x00,0x3F,0xF0,0x03,0xFF,0x00,0x03,0xFF,0x00,0x3F,0xF0,0x00,0x3F,0xF0,0x03,0xFF,0x00,0x03,
  0xFF,0x00,0x3F,0xF0,0x00,0x3F,0xF0,0x03,0xFF,0x00,0x03,0xFF,0x00,0x00,0x03,0xFF,0x00,0x00,0x00,0x07,0xFF,0x00,0x00,0x00,
  0x0F,0xFE,0x00,0x00,0x00,0x1F,0xF8,0x00,0x00,0x00,0x3F,0xF0,0x00,0x00,0x00,0x7F,0xC0,0x00,0x00,0x00,0xFF,0x80,0x00,0x00,
  0x01,0xFF,0x00,0x00,0x00,0x03,0xFC,0x00,0x00,0x00,0x07,0xF8,0x00,0x00,0x00,0x00,0x00,0x00,0x00,0x00,0x00,0x00,0x00,0x00,
  0x00,0x00,0x00,0x00,0x00,0xFF,0xE0,0x00,0x1F,0xFE,0xFF,0xE0,0x00,0x1F,0xFC,0xFF,0xE0,0x00,0x3F,0xFC,0xFF,0xE0,0x00,0x3F,
  0xF8,0xFF,0xE0,0x00,0x7F,0xF0,0xFF,0xE0,0x00,0xFF,0xF0,0xFF,0xE0,0x00,0xFF,0xE0,0xFF,0xE0,0x01,0xFF,0xC0,0xFF,0xE0,0x01,
  0xFF,0xC0,0xFF,0xE0,0x03,0xFF,0x80,0xFF,0xE0,0x07,0xFF,0x80,0xFF,0xE0,0x07,0xFF,0x00,0xFF,0xE0,0x0F,0xFE,0x00,0xFF,0xE0,
  0x1F,0xFE,0x00,0xFF,0xE0,0x1F,0xFC,0x00,0xFF,0xE0,0x3F,0xF8,0x00,0xFF,0xE0,0x7F,0xF0,0x00,0xFF,0xE0,0xFF,0xF0,0x00,0xFF,
  0xE1,0xFF,0xE0,0x00,0xFF,0xE7,0xFF,0xC0,0x00,0xFF,0xFF,0xFF,0x80,0x00,0xFF,0xFF,0xFF,0x00,0x00,0xFF,0xFF,0xFF,0x00,0x00,
  0xFF,0xFF,0xFF,0x80,0x00,0xFF,0xFF,0xFF,0x80,0x00,0xFF,0xFF,0xFF,0xC0,0x00,0xFF,0xFF,0xFF,0xC0,0x00,0xFF,0xFF,0xFF,0xE0,
  0x00,0xFF,0xF0,0xFF,0xF0,0x00,0xFF,0xE0,0x7F,0xF0,0x00,0xFF,0xE0,0x7F,0xF8,0x00,0xFF,0xE0,0x3F,0xF8,0x00,0xFF,0xE0,0x3F,
  0xFC,0x00,0xFF,0xE0,0x1F,0xFE,0x00,0xFF,0xE0,0x1F,0xFE,0x00,0xFF,0xE0,0x0F,0xFF,0x00,0xFF,0xE0,0x0F,0xFF,0x00,0xFF,0xE0,
  0x07,0xFF,0x80,0xFF,0xE0,0x03,0xFF,0xC0,0xFF,0xE0,0x03,0xFF,0xC0,0xFF,0xE0,0x01,0xFF,0xE0,0xFF,0xE0,0x01,0xFF,0xE0,0xFF,
  0xE0,0x00,0xFF,0xF0,0xFF,0xE0,0x00,0xFF,0xF8,0xFF,0xE0,0x00,0x7F,0xF8,0xFF,0xE0,0x00,0x3F,0xFC,0xFF,0xE0,0x00,0x3F,0xFC,
  0xFF,0xE0,0x00,0x1F,0xFE,0xFF,0xE0,0x00,0x1F,0xFF,0xFF,0xE0,0x00,0x0F,0xFF,0x07,0xFE,0x00,0x00,0x00,0x7F,0xF0,0x00,0x00,
  0x01,0xFF,0xC0,0x00,0x00,0x0F,0xFE,0x00,0x00,0x00,0x3F,0xF0,0x00,0x00,0x01,0xFF,0x80,0x00,0x00,0x07,0xFC,0x00,0x00,0x00,
  0x3F,0xE0,0x00,0x00,0x01,0xFF,0x00,0x00,0x00,0x07,0xF0,0x00,0x00,0x00,0x00,0x00,0x00,0x00,0x00,0x00,0x00,0x00,0x00,0x00,
  0x00,0x0F,0xFC,0x00,0x1F,0xFF,0xFF,0xC0,0x03,0xFF,0xFF,0xFC,0x00,0x3F,0xFF,0xFF,0xC0,0x03,0xFF,0xFF,0xFC,0x00,0x7F,0xFF,
  0xFF,0xC0,0x07,0xFF,0xFF,0xFC,0x00,0x7F,0xFF,0xFF,0xC0,0x0F,0xFF,0xFF,0xFC,0x00,0xFF,0xFF,0xFF,0xC0,0x1F,0xFF,0xFF,0xFC,
  0x01,0xFF,0xFF,0xFF,0xC0,0x1F,0xFF,0xFF,0xFC,0x03,0xFF,0xFF,0xFF,0xC0,0x3F,0xFF,0xFF,0xFC,0x03,0xFF,0xFF,0xFF,0xC0,0x7F,
  0xDF,0xFF,0xFC,0x07,0xFD,0xFF,0xFF,0xC0,0xFF,0x9F,0xFF,0xFC,0x0F,0xFB,0xFF,0xFF,0xC0,0xFF,0xBF,0xFF,0xFC,0x1F,0xF3,0xFF,
  0xFF,0xC1,0xFF,0x3F,0xFF,0xFC,0x1F,0xE3,0xFF,0xFF,0xC3,0xFE,0x3F,0xFF,0xFC,0x3F,0xE3,0xFF,0xFF,0xC7,0xFC,0x3F,0xFF,0xFC,
  0x7F,0xC3,0xFF,0xFF,0xC7,0xFC,0x3F,0xFF,0xFC,0xFF,0x83,0xFF,0xFF,0x8F,0xF8,0x3F,0xFF,0xF9,0xFF,0x03,0xFF,0xFF,0x9F,0xF0,
  0x3F,0xFF,0xF9,0xFF,0x03,0xFF,0xFF,0xBF,0xE0,0x3F,0xFF,0xFB,0xFE,0x03,0xFF,0xFF,0xBF,0xC0,0x3F,0xFF,0xFF,0xFC,0x03,0xFF,
  0xFF,0xFF,0xC0,0x3F,0xFF,0xFF,0xF8,0x03,0xFF,0xFF,0xFF,0x80,0x3F,0xFF,0xFF,0xF8,0x03,0xFF,0xFF,0xFF,0x00,0x3F,0xFF,0xFF,
  0xF0,0x03,0xFF,0xFF,0xFE,0x00,0x3F,0xFF,0xFF,0xE0,0x03,0xFF,0xFF,0xFE,0x00,0x3F,0xFF,0xFF,0xC0,0x03,0xFF,0xFF,0xFC,0x00,
  0x3F,0xFF,0xFF,0xC0,0x03,0xFF,0xFF,0xF8,0x00,0x3F,0xF0,0x00,0xFF,0x80,0x03,0xFC,0x00,0x07,0xFC,0x00,0x1F,0xE0,0x00,0x3F,
  0xE0,0x01,0xFF,0x00,0x01,0xFF,0x00,0x0F,0xF8,0x00,0x07,0xFC,0x00,0xFF,0xC0,0x00,0x3F,0xF8,0x1F,0xFC,0x00,0x00,0xFF,0xFF,
  0xFF,0xE0,0x00,0x03,0xFF,0xFF,0xFE,0x00,0x00,0x0F,0xFF,0xFF,0xE0,0x00,0x00,0x1F,0xFF,0xFC,0x00,0x00,0x00,0x1F,0xFF,0x00,
  0x00,0x00,0x00,0x00,0x00,0x00,0x00,0x00,0x00,0x00,0x00,0x00,0x00,0x00,0x00,0x00,0x00,0x03,0xFF,0xC0,0x00,0x00,0xFF,0xEF,
  0xFE,0x00,0x00,0x0F,0xFF,0x3F,0xF8,0x00,0x00,0x7F,0xF1,0xFF,0xE0,0x00,0x03,0xFF,0x87,0xFF,0x00,0x00,0x3F,0xF8,0x3F,0xFC,
  0x00,0x01,0xFF,0xC0,0xFF,0xE0,0x00,0x1F,0xFC,0x07,0xFF,0x80,0x00,0xFF,0xE0,0x1F,0xFC,0x00,0x07,0xFE,0x00,0x7F,0xF0,0x00,
  0x7F,0xF0,0x03,0xFF,0x80,0x03,0xFF,0x00,0x0F,0xFE,0x00,0x3F,0xF8,0x00,0x7F,0xF0,0x01,0xFF,0x80,0x01,0xFF,0xC0,0x0F,0xFC,
  0x00,0x07,0xFE,0x00,0xFF,0xE0,0x00,0x3F,0xF8,0x07,0xFE,0x00,0x00,0xFF,0xE0,0x7F,0xF0,0x00,0x07,0xFF,0x03,0xFF,0x00,0x00,
  0x1F,0xFC,0x1F,0xF8,0x00,0x00,0xFF,0xE1,0xFF,0x80,0x00,0x03,0xFF,0x8F,0xFC,0x00,0x00,0x0F,0xFC,0xFF,0xC0,0x00,0x00,0x7F,
  0xF7,0xFE,0x00,0x00,0x01,0xFF,0xFF,0xE0,0x00,0x00,0x0F,0xFF,0xFF,0x00,0x00,0x00,0x3F,0xFF,0xF0,0x00,0x00,0x00,0xFF,0xFF,
  0x80,0x00,0x00,0x07,0xFF,0xFC,0x00,0x00,0x00,0x1F,0xFF,0xC0,0x00,0x00,0x00,0xFF,0xFE,0x00,0x00,0x00,0x03,0xFF,0xE0,0x00,
  0x00,0x00,0x1F,0xFF,0x00,0x00,0x00,0x00,0x7F,0xF0,0x00,0x00,0x00,0x03,0xFF,0x80,0x00,0x00,0x00,0x1F,0xF8,0x00,0x00,0x00,
  0x01,0xFF,0xC0,0x00,0x00,0x00,0x0F,0xFC,0x00,0x00,0x00,0x00,0xFF,0xE0,0x00,0x00,0x00,0x0F,0xFE,0x00,0x00,0x00,0x00,0xFF,
  0xF0,0x00,0x00,0x1C,0x0F,0xFF,0x00,0x00,0x00,0xFF,0xFF,0xF8,0x00,0x00,0x0F,0xFF,0xFF,0x80,0x00,0x00,0x7F,0xFF,0xFC,0x00,
  0x00,0x03,0xFF,0xFF,0xC0,0x00,0x00,0x3F,0xFF,0xFE,0x00,0x00,0x01,0xFF,0xFF,0xE0,0x00,0x00,0x0F,0xFF,0xFE,0x00,0x00,0x00,
  0xFF,0xFF,0xE0,0x00,0x00,0x01,0xFF,0xFC,0x00,0x00,0x00,0x01,0xFF,0x00,0x00,0x00,0x00,0xFF,0xE0,0x00,0xFF,0xFF,0xFE,0x00,
  0x0F,0xFF,0xFF,0xE0,0x00,0xFF,0xFF,0xFE,0x00,0x0F,0xFF,0xFF,0xE0,0x00,0xFF,0xFF,0xFE,0x00,0x0F,0xFF,0xFF,0xE0,0x00,0xFF,
  0xFF,0xFE,0x00,0x0F,0xFF,0xFF,0xE0,0x00,0xFF,0xFF,0xFE,0x00,0x0F,0xFF,0xFF,0xE0,0x00,0xFF,0xFF,0xFE,0x00,0x0F,0xFF,0xFF,
  0xE0,0x00,0xFF,0xFF,0xFE,0x00,0x0F,0xFF,0xFF,0xE0,0x00,0xFF,0xFF,0xFE,0x00,0x0F,0xFF,0xFF,0xE0,0x00,0xFF,0xFF,0xFE,0x00,
  0x0F,0xFF,0xFF,0xE0,0x00,0xFF,0xFF,0xFE,0x00,0x0F,0xFF,0xFF,0xE0,0x00,0xFF,0xFF,0xFE,0x00,0x0F,0xFF,0xFF,0xE0,0x00,0xFF,
  0xFF,0xFE,0x00,0x0F,0xFF,0xFF,0xE0,0x00,0xFF,0xFF,0xFE,0x00,0x0F,0xFF,0xFF,0xE0,0x00,0xFF,0xFF,0xFE,0x00,0x0F,0xFF,0xFF,
  0xE0,0x00,0xFF,0xFF,0xFE,0x00,0x0F,0xFF,0xFF,0xE0,0x00,0xFF,0xFF,0xFE,0x00,0x0F,0xFF,0xFF,0xE0,0x00,0xFF,0xFF,0xFE,0x00,
  0x0F,0xFF,0xFF,0xE0,0x00,0xFF,0xFF,0xFE,0x00,0x0F,0xFF,0xFF,0xE0,0x00,0xFF,0xFF,0xFE,0x00,0x0F,0xFF,0xFF,0xE0,0x00,0xFF,
  0xFF,0xFE,0x00,0x0F,0xFF,0xFF,0xE0,0x00,0xFF,0xFF,0xFF,0xFF,0xFF,0xFF,0xFF,0xFF,0xFF,0xFF,0xFF,0xFF,0xFF,0xFF,0xFF,0xFF,
  0xFF,0xFF,0xFF,0xFF,0xFF,0xFF,0xFF,0xFF,0xFF,0xFF,0xFF,0xFF,0xFF,0xFF,0xFF,0xFF,0xFF,0xFF,0xFF,0xFF,0xFF,0xFF,0xFF,0xFF,
  0xFF,0xFF,0x00,0x07,0xFE,0x00,0x00,0x00,0x7F,0xE0,0x00,0x00,0x07,0xFE,0x00,0x00,0x00,0x7F,0xE0,0x00,0x00,0x07,0xFE,0x00,
  0x00,0x00,0x7F,0xE0,0x00,0x00,0x07,0xFE,0x00,0x00,0x00,0x7F,0xE0,0x00,0x00,0x07,0xFE,0x00,0x00,0x00,0x7F,0xE0,0x00,0x00,
  0x07,0xFE,0x00,0x00,0x00,0x7F,0xE0,0x00,0x00,0x07,0xFE,0x00,0x00,0x00,0x7F,0xE0,0x00,0x00,0x07,0xFE,0x00,0x00,0x00,0x7F,
  0xE0,0x00,0x00,0x00,0xFF,0xF8,0x00,0x00,0x00,0x03,0xFF,0xF0,0x00,0x00,0x00,0x0F,0xFF,0xC0,0x00,0x00,0x00,0x7F,0xFF,0x00,
  0x00,0x00,0x01,0xFF,0xFE,0x00,0x00,0x00,0x07,0xFF,0xF8,0x00,0x00,0x00,0x3F,0xFF,0xE0,0x00,0x00,0x00,0xFF,0xFF,0xC0,0x00,
  0x00,0x03,0xFF,0xFF,0x00,0x00,0x00,0x1F,0xF7,0xFC,0x00,0x00,0x00,0x7F,0xCF,0xF8,0x00,0x00,0x01,0xFF,0x3F,0xE0,0x00,0x00,
  0x0F,0xFC,0xFF,0x80,0x00,0x00,0x3F,0xE3,0xFF,0x00,0x00,0x00,0xFF,0x87,0xFC,0x00,0x00,0x07,0xFE,0x1F,0xF0,0x00,0x00,0x1F,
  0xF0,0x7F,0xE0,0x00,0x00,0x7F,0xC1,0xFF,0x80,0x00,0x03,0xFF,0x03,0xFE,0x00,0x00,0x0F,0xFC,0x0F,0xFC,0x00,0x00,0x3F,0xE0,
  0x3F,0xF0,0x00,0x01,0xFF,0x80,0x7F,0xC0,0x00,0x07,0xFE,0x01,0xFF,0x80,0x00,0x1F,0xF8,0x07,0xFE,0x00,0x00,0xFF,0xC0,0x1F,
  0xF8,0x00,0x03,0xFF,0x00,0x3F,0xF0,0x00,0x0F,0xFC,0x00,0xFF,0xC0,0x00,0x7F,0xE0,0x03,0xFF,0x00,0x01,0xFF,0x80,0x0F,0xFE,
  0x00,0x07,0xFE,0x00,0x1F,0xF8,0x00,0x3F,0xFF,0xFF,0xFF,0xE0,0x00,0xFF,0xFF,0xFF,0xFF,0xC0,0x03,0xFF,0xFF,0xFF,0xFF,0x00,
  0x1F,0xFF,0xFF,0xFF,0xFC,0x00,0x7F,0xFF,0xFF,0xFF,0xF8,0x01,0xFF,0xFF,0xFF,0xFF,0xE0,0x0F,0xFF,0xFF,0xFF,0xFF,0x80,0x3F,
  0xFF,0xFF,0xFF,0xFF,0x00,0xFF,0xC0,0x00,0x1F,0xFC,0x07,0xFF,0x00,0x00,0x3F,0xF0,0x1F,0xFC,0x00,0x00,0xFF,0xE0,0x7F,0xE0,
  0x00,0x03,0xFF,0x83,0xFF,0x80,0x00,0x0F,0xFE,0x0F,0xFE,0x00,0x00,0x1F,0xFC,0x3F,0xF8,0x00,0x00,0x7F,0xF1,0xFF,0xC0,0x00,
  0x01,0xFF,0xC7,0xFF,0x00,0x00,0x03,0xFF,0x9F,0xFC,0x00,0x00,0x0F,0xFE,0xFF,0xE0,0x00,0x00,0x3F,0xFB,0xFF,0x80,0x00,0x00,
  0xFF,0xF0,0xFF,0xFF,0xFF,0xFF,0xE1,0xFF,0xFF,0xFF,0xFF,0xC3,0xFF,0xFF,0xFF,0xFF,0x87,0xFF,0xFF,0xFF,0xFF,0x0F,0xFF,0xFF,
  0xFF,0xFE,0x1F,0xFF,0xFF,0xFF,0xFC,0x3F,0xFF,0xFF,0xFF,0xF8,0x7F,0xFF,0xFF,0xFF,0xF0,0xFF,0xF0,0x00,0x00,0x01,0xFF,0xC0,
  0x00,0x00,0x03,0xFF,0x80,0x00,0x00,0x07,0xFF,0x00,0x00,0x00,0x0F,0xFE,0x00,0x00,0x00,0x1F,0xFC,0x00,0x00,0x00,0x3F,0xF8,
  0x00,0x00,0x00,0x7F,0xF0,0x00,0x00,0x00,0xFF,0xE0,0x00,0x00,0x01,0xFF,0xC0,0x00,0x00,0x03,0xFF,0x80,0x00,0x00,0x07,0xFF,
  0x00,0x00,0x00,0x0F,0xFF,0xFF,0xFE,0x00,0x1F,0xFF,0xFF,0xFF,0x80,0x3F,0xFF,0xFF,0xFF,0xC0,0x7F,0xFF,0xFF,0xFF,0xE0,0xFF,
  0xFF,0xFF,0xFF,0xE1,0xFF,0xFF,0xFF,0xFF,0xE3,0xFF,0xFF,0xFF,0xFF,0xE7,0xFF,0xFF,0xFF,0xFF,0xCF,0xFF,0x07,0xFF,0xFF,0xDF,
  0xFC,0x00,0x1F,0xFF,0xBF,0xF8,0x00,0x0F,0xFF,0x7F,0xF0,0x00,0x0F,0xFF,0xFF,0xE0,0x00,0x1F,0xFF,0xFF,0xC0,0x00,0x3F,0xFF,
  0xFF,0x80,0x00,0x3F,0xFF,0xFF,0x00,0x00,0x7F,0xFF,0xFE,0x00,0x01,0xFF,0xFF,0xFC,0x00,0x03,0xFF,0xFF,0xF8,0x00,0x07,0xFF,
  0x7F,0xF0,0x00,0x1F,0xFE,0xFF,0xE0,0x00,0xFF,0xFD,0xFF,0xFF,0xFF,0xFF,0xF3,0xFF,0xFF,0xFF,0xFF,0xE7,0xFF,0xFF,0xFF,0xFF,
  0x8F,0xFF,0xFF,0xFF,0xFE,0x1F,0xFF,0xFF,0xFF,0xF8,0x3F,0xFF,0xFF,0xFF,0xE0,0x7F,0xFF,0xFF,0xFF,0x00,0xFF,0xFF,0xFF,0xF8,
  0x01,0xFF,0xFF,0xFF,0x80,0x00,0xFF,0xFF,0xFF,0x80,0x01,0xFF,0xFF,0xFF,0xF0,0x03,0xFF,0xFF,0xFF,0xF8,0x07,0xFF,0xFF,0xFF,
  0xF8,0x0F,0xFF,0xFF,0xFF,0xF8,0x1F,0xFF,0xFF,0xFF,0xF8,0x3F,0xFF,0xFF,0xFF,0xF8,0x7F,0xFF,0xFF,0xFF,0xF0,0xFF,0xE0,0x07,
  0xFF,0xE1,0xFF,0xC0,0x03,0xFF,0xE3,0xFF,0x80,0x03,0xFF,0xC7,0xFF,0x00,0x03,0xFF,0x8F,0xFE,0x00,0x07,0xFF,0x1F,0xFC,0x00,
  0x0F,0xFE,0x3F,0xF8,0x00,0x1F,0xFC,0x7F,0xF0,0x00,0x3F,0xF8,0xFF,0xE0,0x00,0x7F,0xE1,0xFF,0xC0,0x01,0xFF,0xC3,0xFF,0x80,
  0x07,0xFF,0x87,0xFF,0x00,0x1F,0xFE,0x0F,0xFF,0xFF,0xFF,0xF8,0x1F,0xFF,0xFF,0xFF,0xE0,0x3F,0xFF,0xFF,0xFF,0x00,0x7F,0xFF,
  0xFF,0xF0,0x00,0xFF,0xFF,0xFF,0xFC,0x01,0xFF,0xFF,0xFF,0xFF,0x03,0xFF,0xFF,0xFF,0xFF,0x07,0xFF,0xFF,0xFF,0xFF,0x8F,0xFE,
  0x00,0x1F,0xFF,0x9F,0xFC,0x00,0x0F,0xFF,0x3F,0xF8,0x00,0x07,0xFF,0x7F,0xF0,0x00,0x0F,0xFE,0xFF,0xE0,0x00,0x0F,0xFF,0xFF,
  0xC0,0x00,0x1F,0xFF,0xFF,0x80,0x00,0x3F,0xFF,0xFF,0x00,0x00,0x7F,0xFF,0xFE,0x00,0x00,0xFF,0xFF,0xFC,0x00,0x01,0xFF,0xFF,
  0xF8,0x00,0x07,0xFF,0xFF,0xF0,0x00,0x0F,0xFF,0xFF,0xE0,0x00,0x3F,0xFD,0xFF,0xC0,0x03,0xFF,0xFB,0xFF,0xFF,0xFF,0xFF,0xF7,
  0xFF,0xFF,0xFF,0xFF,0xCF,0xFF,0xFF,0xFF,0xFF,0x1F,0xFF,0xFF,0xFF,0xFC,0x3F,0xFF,0xFF,0xFF,0xF0,0x7F,0xFF,0xFF,0xFF,0xC0,
  0xFF,0xFF,0xFF,0xFE,0x01,0xFF,0xFF,0xFF,0xC0,0x00,0xFF,0xFF,0xFF,0xFF,0xFF,0xFF,0xFF,0xFF,0xFF,0xFF,0xFF,0xFF,0xFF,0xFF,
  0xFF,0xFF,0xFF,0xFF,0xFF,0xFF,0xFF,0xFF,0xFF,0xFF,0xFF,0xFF,0xFF,0xFF,0xFF,0xFF,0xFF,0xFF,0xFF,0xFF,0xFF,0xFF,0xFF,0xFF,
  0xFF,0xFF,0xFF,0xF7,0xFF,0x80,0x00,0x00,0x3F,0xFC,0x00,0x00,0x01,0xFF,0xE0,0x00,0x00,0x0F,0xFF,0x00,0x00,0x00,0x7F,0xF8,
  0x00,0x00,0x03,0xFF,0xC0,0x00,0x00,0x1F,0xFE,0x00,0x00,0x00,0xFF,0xF0,0x00,0x00,0x07,0xFF,0x80,0x00,0x00,0x3F,0xFC,0x00,
  0x00,0x01,0xFF,0xE0,0x00,0x00,0x0F,0xFF,0x00,0x00,0x00,0x7F,0xF8,0x00,0x00,0x03,0xFF,0xC0,0x00,0x00,0x1F,0xFE,0x00,0x00,
  0x00,0xFF,0xF0,0x00,0x00,0x07,0xFF,0x80,0x00,0x00,0x3F,0xFC,0x00,0x00,0x01,0xFF,0xE0,0x00,0x00,0x0F,0xFF,0x00,0x00,0x00,
  0x7F,0xF8,0x00,0x00,0x03,0xFF,0xC0,0x00,0x00,0x1F,0xFE,0x00,0x00,0x00,0xFF,0xF0,0x00,0x00,0x07,0xFF,0x80,0x00,0x00,0x3F,
  0xFC,0x00,0x00,0x01,0xFF,0xE0,0x00,0x00,0x0F,0xFF,0x00,0x00,0x00,0x7F,0xF8,0x00,0x00,0x03,0xFF,0xC0,0x00,0x00,0x1F,0xFE,
  0x00,0x00,0x00,0xFF,0xF0,0x00,0x00,0x07,0xFF,0x80,0x00,0x00,0x3F,0xFC,0x00,0x00,0x01,0xFF,0xE0,0x00,0x00,0x0F,0xFF,0x00,
  0x00,0x00,0x7F,0xF8,0x00,0x00,0x03,0xFF,0xC0,0x00,0x00,0x1F,0xFE,0x00,0x00,0x00,0xFF,0xF0,0x00,0x00,0x07,0xFF,0x80,0x00,
  0x00,0x00,0x00,0x07,0xFF,0xFF,0xF8,0x00,0x00,0x7F,0xFF,0xFF,0x80,0x00,0x07,0xFF,0xFF,0xF8,0x00,0x00,0x7F,0xFF,0xFF,0x80,
  0x00,0x07,0xFF,0xFF,0xF8,0x00,0x00,0x7F,0xFF,0xFF,0x80,0x00,0x0F,0xFF,0xFF,0xF8,0x00,0x00,0xFF,0xFF,0xFF,0x80,0x00,0x0F,
  0xF8,0x0F,0xF8,0x00,0x00,0xFF,0x80,0xFF,0x80,0x00,0x0F,0xF8,0x0F,0xF8,0x00,0x00,0xFF,0x80,0xFF,0x80,0x00,0x0F,0xF8,0x0F,
  0xF8,0x00,0x00,0xFF,0x00,0xFF,0x80,0x00,0x0F,0xF0,0x0F,0xF8,0x00,0x01,0xFF,0x00,0xFF,0x80,0x00,0x1F,0xF0,0x0F,0xF8,0x00,
  0x01,0xFF,0x00,0xFF,0x80,0x00,0x1F,0xF0,0x0F,0xF8,0x00,0x01,0xFF,0x00,0xFF,0x80,0x00,0x1F,0xF0,0x0F,0xF8,0x00,0x01,0xFF,
  0x00,0xFF,0x80,0x00,0x1F,0xF0,0x0F,0xF8,0x00,0x03,0xFE,0x00,0xFF,0x80,0x00,0x3F,0xE0,0x0F,0xF8,0x00,0x03,0xFE,0x00,0xFF,
  0x80,0x00,0x3F,0xE0,0x0F,0xF8,0x00,0x03,0xFE,0x00,0xFF,0x80,0x00,0x3F,0xE0,0x0F,0xF8,0x00,0x07,0xFE,0x00,0xFF,0x80,0x00,
  0x7F,0xC0,0x0F,0xF8,0x00,0x07,0xFC,0x00,0xFF,0x80,0x00,0x7F,0xC0,0x0F,0xF8,0x00,0x0F,0xFC,0x00,0xFF,0x80,0x00,0xFF,0x80,
  0x0F,0xF8,0x00,0x1F,0xF8,0x00,0xFF,0x80,0x01,0xFF,0x80,0x0F,0xF8,0x00,0x1F,0xF0,0x00,0xFF,0x80,0x03,0xFF,0x00,0x0F,0xF8,
  0x00,0x3F,0xE0,0x00,0xFF,0x80,0x07,0xFE,0x00,0x0F,0xF8,0x00,0xFF,0xE0,0x00,0xFF,0x80,0xFF,0xFF,0xFF,0xFF,0xFF,0xFF,0xFF,
  0xFF,0xFF,0xFF,0xFF,0xFF,0xFF,0xFF,0xFF,0xFF,0xFF,0xFF,0xFF,0xFF,0xFF,0xFF,0xFF,0xFF,0xFF,0xFF,0xFF,0xFF,0xFF,0xFF,0xFF,
  0xFF,0xFF,0xFF,0xFF,0xFF,0xFF,0xFF,0xFF,0xFF,0xFF,0xFF,0xFF,0xFF,0xFF,0x80,0x00,0x00,0x1F,0xFF,0xF8,0x00,0x00,0x01,0xFF,
  0xFF,0x80,0x00,0x00,0x1F,0xFF,0xF8,0x00,0x00,0x01,0xFF,0xFF,0x80,0x00,0x00,0x1F,0xFF,0xF8,0x00,0x00,0x01,0xFF,0xFF,0x80,
  0x00,0x00,0x1F,0xFF,0xF8,0x00,0x00,0x01,0xFF,0xFF,0x80,0x00,0x00,0x1F,0xFF,0xF8,0x00,0x00,0x01,0xFF,0xFF,0x80,0x00,0x00,
  0x1F,0xFF,0xF8,0x00,0x00,0x01,0xFF,0xFF,0x80,0x00,0x00,0x1F,0xFF,0xF8,0x00,0x00,0x01,0xFF,0xFF,0x80,0x00,0x00,0x1F,0xF0,
  0xFF,0xFF,0xFF,0xFF,0xF3,0xFF,0xFF,0xFF,0xFF,0xCF,0xFF,0xFF,0xFF,0xFF,0x3F,0xFF,0xFF,0xFF,0xFC,0xFF,0xFF,0xFF,0xFF,0xF3,
  0xFF,0xFF,0xFF,0xFF,0xCF,0xFF,0xFF,0xFF,0xFF,0x3F,0xFF,0xFF,0xFF,0xFC,0xFF,0xFF,0xFF,0xFF,0xF3,0xFF,0x80,0x00,0x00,0x0F,
  0xFE,0x00,0x00,0x00,0x3F,0xF8,0x00,0x00,0x00,0xFF,0xE0,0x00,0x00,0x03,0xFF,0x80,0x00,0x00,0x0F,0xFE,0x00,0x00,0x00,0x3F,
  0xF8,0x00,0x00,0x00,0xFF,0xE0,0x00,0x00,0x03,0xFF,0x80,0x00,0x00,0x0F,0xFE,0x00,0x00,0x00,0x3F,0xF8,0x00,0x00,0x00,0xFF,
  0xFF,0xFF,0xFF,0xC3,0xFF,0xFF,0xFF,0xFF,0x0F,0xFF,0xFF,0xFF,0xFC,0x3F,0xFF,0xFF,0xFF,0xF0,0xFF,0xFF,0xFF,0xFF,0xC3,0xFF,
  0xFF,0xFF,0xFF,0x0F,0xFF,0xFF,0xFF,0xFC,0x3F,0xFF,0xFF,0xFF,0xF0,0xFF,0xFF,0xFF,0xFF,0x83,0xFF,0x80,0x00,0x00,0x0F,0xFE,
  0x00,0x00,0x00,0x3F,0xF8,0x00,0x00,0x00,0xFF,0xE0,0x00,0x00,0x03,0xFF,0x80,0x00,0x00,0x0F,0xFE,0x00,0x00,0x00,0x3F,0xF8,
  0x00,0x00,0x00,0xFF,0xE0,0x00,0x00,0x03,0xFF,0x80,0x00,0x00,0x0F,0xFE,0x00,0x00,0x00,0x3F,0xF8,0x00,0x00,0x00,0xFF,0xE0,
  0x00,0x00,0x03,0xFF,0xFF,0xFF,0xFF,0xEF,0xFF,0xFF,0xFF,0xFF,0xFF,0xFF,0xFF,0xFF,0xFF,0xFF,0xFF,0xFF,0xFF,0xFF,0xFF,0xFF,
  0xFF,0xFF,0xFF,0xFF,0xFF,0xFF,0xFF,0xFF,0xFF,0xFF,0xFF,0xFF,0xFF,0xFF,0xFF,0xFF,0xFF,0xFF,0xFF,0xFF,0xFF,0xF0,0x7F,0xC0,
  0x1F,0xE0,0x0F,0xFB,0xFE,0x00,0xFF,0x00,0x7F,0xDF,0xF0,0x07,0xF8,0x07,0xFC,0xFF,0x80,0x3F,0xC0,0x3F,0xE3,0xFE,0x01,0xFE,
  0x01,0xFF,0x1F,0xF0,0x0F,0xF0,0x0F,0xF8,0xFF,0x80,0x7F,0x80,0xFF,0x83,0xFE,0x03,0xFC,0x07,0xFC,0x1F,0xF0,0x1F,0xE0,0x3F,
  0xE0,0xFF,0x80,0xFF,0x03,0xFE,0x03,0xFC,0x07,0xF8,0x1F,0xF0,0x1F,0xF0,0x3F,0xC0,0xFF,0x80,0xFF,0x81,0xFE,0x07,0xF8,0x07,
  0xFC,0x0F,0xF0,0x7F,0xC0,0x1F,0xF0,0x7F,0x83,0xFE,0x00,0xFF,0x83,0xFC,0x1F,0xF0,0x07,0xFC,0x1F,0xE1,0xFF,0x00,0x1F,0xF0,
  0xFF,0x0F,0xF8,0x00,0xFF,0xC7,0xF8,0xFF,0x80,0x03,0xFE,0x3F,0xCF,0xFC,0x00,0x1F,0xFD,0xFE,0xFF,0xC0,0x00,0x7F,0xFF,0xFF,
  0xFE,0x00,0x01,0xFF,0xFF,0xFF,0xE0,0x00,0x0F,0xFF,0xFF,0xFE,0x00,0x00,0x7F,0xFF,0xFF,0xF0,0x00,0x03,0xFF,0xFF,0xFF,0xC0,
  0x00,0x3F,0xFF,0xFF,0xFE,0x00,0x01,0xFF,0xFF,0xFF,0xF8,0x00,0x0F,0xF3,0xFE,0x7F,0xC0,0x00,0xFF,0x8F,0xF1,0xFE,0x00,0x07,
  0xFC,0x7F,0x8F,0xF8,0x00,0x3F,0xC3,0xFC,0x7F,0xC0,0x03,0xFE,0x1F,0xE1,0xFE,0x00,0x1F,0xF0,0xFF,0x0F,0xF8,0x00,0xFF,0x07,
  0xF8,0x7F,0xC0,0x0F,0xF8,0x3F,0xC1,0xFE,0x00,0x7F,0xC1,0xFE,0x0F,0xF8,0x03,0xFC,0x0F,0xF0,0x7F,0xC0,0x3F,0xE0,0x7F,0x83,
  0xFE,0x01,0xFF,0x03,0xFC,0x0F,0xF8,0x1F,0xF8,0x1F,0xE0,0x7F,0xC0,0xFF,0x80,0xFF,0x03,0xFE,0x07,0xFC,0x07,0xF8,0x0F,0xF8,
  0x7F,0xE0,0x3F,0xC0,0x7F,0xC3,0xFE,0x01,0xFE,0x03,0xFF,0x1F,0xF0,0x0F,0xF0,0x0F,0xF9,0xFF,0x80,0x7F,0x80,0x7F,0xCF,0xF8,
  0x03,0xFC,0x03,0xFF,0x7F,0xC0,0x1F,0xE0,0x1F,0xFF,0xFE,0x00,0xFF,0x00,0x7F,0xC0,0x00,0x00,0xFF,0xE0,0x00,0x00,0x01,0xFF,
  0xFF,0x80,0x00,0x03,0xFF,0xFF,0xF8,0x00,0x01,0xFF,0xFF,0xFF,0x80,0x01,0xFF,0xFF,0xFF,0xF0,0x00,0xFF,0xFF,0xFF,0xFE,0x00,
  0x7F,0xFF,0xFF,0xFF,0xC0,0x3F,0xFF,0xFF,0xFF,0xF8,0x0F,0xFF,0xC0,0xFF,0xFE,0x07,0xFF,0xC0,0x07,0xFF,0xC3,0xFF,0xE0,0x00,
  0xFF,0xF0,0xFF,0xF0,0x00,0x1F,0xFC,0x3F,0xF8,0x00,0x07,0xFF,0x1F,0xFC,0x00,0x01,0xFF,0xC0,0xFF,0x00,0x00,0x7F,0xF0,0x03,
  0x80,0x00,0x1F,0xFC,0x00,0x00,0x00,0x07,0xFF,0x00,0x00,0x00,0x01,0xFF,0x80,0x00,0x00,0x00,0xFF,0xE0,0x00,0x00,0x00,0xFF,
  0xF0,0x00,0x00,0x01,0xFF,0xF8,0x00,0x00,0x3F,0xFF,0xFC,0x00,0x00,0x0F,0xFF,0xFE,0x00,0x00,0x03,0xFF,0xFE,0x00,0x00,0x00,
  0xFF,0xFE,0x00,0x00,0x00,0x3F,0xFF,0xE0,0x00,0x00,0x0F,0xFF,0xFE,0x00,0x00,0x03,0xFF,0xFF,0xE0,0x00,0x00,0xFF,0xFF,0xFC,
  0x00,0x00,0x07,0xFF,0xFF,0x80,0x00,0x00,0x03,0xFF,0xF0,0x00,0x00,0x00,0x3F,0xFC,0x00,0x00,0x00,0x07,0xFF,0x80,0x00,0x00,
  0x00,0xFF,0xE0,0x00,0x00,0x00,0x3F,0xF8,0x03,0x00,0x00,0x07,0xFE,0x07,0xC0,0x00,0x01,0xFF,0xC7,0xF8,0x00,0x00,0x7F,0xEF,
  0xFF,0x00,0x00,0x3F,0xFB,0xFF,0xC0,0x00,0x0F,0xFE,0x7F,0xF8,0x00,0x07,0xFF,0x9F,0xFF,0x00,0x03,0xFF,0xE3,0xFF,0xF0,0x01,
  0xFF,0xF0,0x7F,0xFF,0xFF,0xFF,0xFC,0x1F,0xFF,0xFF,0xFF,0xFE,0x03,0xFF,0xFF,0xFF,0xFF,0x00,0x7F,0xFF,0xFF,0xFF,0x80,0x0F,
  0xFF,0xFF,0xFF,0xC0,0x00,0xFF,0xFF,0xFF,0xE0,0x00,0x1F,0xFF,0xFF,0xE0,0x00,0x00,0xFF,0xFF,0xE0,0x00,0x00,0x03,0xFF,0x80,
  0x00,0xFF,0xC0,0x01,0xFF,0xFF,0xFC,0x00,0x3F,0xFF,0xFF,0xC0,0x03,0xFF,0xFF,0xFC,0x00,0x3F,0xFF,0xFF,0xC0,0x07,0xFF,0xFF,
  0xFC,0x00,0x7F,0xFF,0xFF,0xC0,0x07,0xFF,0xFF,0xFC,0x00,0xFF,0xFF,0xFF,0xC0,0x0F,0xFF,0xFF,0xFC,0x01,0xFF,0xFF,0xFF,0xC0,
  0x1F,0xFF,0xFF,0xFC,0x01,0xFF,0xFF,0xFF,0xC0,0x3F,0xFF,0xFF,0xFC,0x03,0xFF,0xFF,0xFF,0xC0,0x3F,0xFF,0xFF,0xFC,0x07,0xFD,
  0xFF,0xFF,0xC0,0x7F,0xDF,0xFF,0xFC,0x0F,0xF9,0xFF,0xFF,0xC0,0xFF,0xBF,0xFF,0xFC,0x0F,0xFB,0xFF,0xFF,0xC1,0xFF,0x3F,0xFF,
  0xFC,0x1F,0xF3,0xFF,0xFF,0xC1,0xFE,0x3F,0xFF,0xFC,0x3F,0xE3,0xFF,0xFF,0xC3,0xFE,0x3F,0xFF,0xFC,0x7F,0xC3,0xFF,0xFF,0xC7,
  0xFC,0x3F,0xFF,0xFC,0x7F,0xC3,0xFF,0xFF,0xCF,0xF8,0x3F,0xFF,0xF8,0xFF,0x83,0xFF,0xFF,0x9F,0xF0,0x3F,0xFF,0xF9,0xFF,0x03,
  0xFF,0xFF,0x9F,0xF0,0x3F,0xFF,0xFB,0xFE,0x03,0xFF,0xFF,0xBF,0xE0,0x3F,0xFF,0xFB,0xFC,0x03,0xFF,0xFF,0xFF,0xC0,0x3F,0xFF,
  0xFF,0xFC,0x03,0xFF,0xFF,0xFF,0x80,0x3F,0xFF,0xFF,0xF8,0x03,0xFF,0xFF,0xFF,0x80,0x3F,0xFF,0xFF,0xF0,0x03,0xFF,0xFF,0xFF,
  0x00,0x3F,0xFF,0xFF,0xE0,0x03,0xFF,0xFF,0xFE,0x00,0x3F,0xFF,0xFF,0xE0,0x03,0xFF,0xFF,0xFC,0x00,0x3F,0xFF,0xFF,0xC0,0x03,
  0xFF,0xFF,0xFC,0x00,0x3F,0xFF,0xFF,0x80,0x03,0xFF,0x1F,0xE0,0x00,0xFF,0x81,0xFE,0x00,0x0F,0xF8,0x1F,0xE0,0x00,0xFF,0x81,
  0xFF,0x00,0x0F,0xF0,0x1F,0xF8,0x01,0xFF,0x00,0xFF,0xE0,0x7F,0xF0,0x0F,0xFF,0xFF,0xFE,0x00,0x7F,0xFF,0xFF,0xC0,0x03,0xFF,
  0xFF,0xF8,0x00,0x0F,0xFF,0xFE,0x00,0x00,0x1F,0xFF,0x00,0x00,0x00,0x00,0x00,0x00,0x00,0x00,0x00,0x00,0x00,0x00,0x00,0x00,
  0x00,0xFF,0xC0,0x01,0xFF,0xFF,0xFC,0x00,0x3F,0xFF,0xFF,0xC0,0x03,0xFF,0xFF,0xFC,0x00,0x3F,0xFF,0xFF,0xC0,0x07,0xFF,0xFF,
  0xFC,0x00,0x7F,0xFF,0xFF,0xC0,0x07,0xFF,0xFF,0xFC,0x00,0xFF,0xFF,0xFF,0xC0,0x0F,0xFF,0xFF,0xFC,0x01,0xFF,0xFF,0xFF,0xC0,
  0x1F,0xFF,0xFF,0xFC,0x01,0xFF,0xFF,0xFF,0xC0,0x3F,0xFF,0xFF,0xFC,0x03,0xFF,0xFF,0xFF,0xC0,0x3F,0xFF,0xFF,0xFC,0x07,0xFD,
  0xFF,0xFF,0xC0,0x7F,0xDF,0xFF,0xFC,0x0F,0xF9,0xFF,0xFF,0xC0,0xFF,0xBF,0xFF,0xFC,0x0F,0xFB,0xFF,0xFF,0xC1,0xFF,0x3F,0xFF,
  0xFC,0x1F,0xF3,0xFF,0xFF,0xC1,0xFE,0x3F,0xFF,0xFC,0x3F,0xE3,0xFF,0xFF,0xC3,0xFE,0x3F,0xFF,0xFC,0x7F,0xC3,0xFF,0xFF,0xC7,
  0xFC,0x3F,0xFF,0xFC,0x7F,0xC3,0xFF,0xFF,0xCF,0xF8,0x3F,0xFF,0xF8,0xFF,0x83,0xFF,0xFF,0x9F,0xF0,0x3F,0xFF,0xF9,0xFF,0x03,
  0xFF,0xFF,0x9F,0xF0,0x3F,0xFF,0xFB,0xFE,0x03,0xFF,0xFF,0xBF,0xE0,0x3F,0xFF,0xFB,0xFC,0x03,0xFF,0xFF,0xFF,0xC0,0x3F,0xFF,
  0xFF,0xFC,0x03,0xFF,0xFF,0xFF,0x80,0x3F,0xFF,0xFF,0xF8,0x03,0xFF,0xFF,0xFF,0x80,0x3F,0xFF,0xFF,0xF0,0x03,0xFF,0xFF,0xFF,
  0x00,0x3F,0xFF,0xFF,0xE0,0x03,0xFF,0xFF,0xFE,0x00,0x3F,0xFF,0xFF,0xE0,0x03,0xFF,0xFF,0xFC,0x00,0x3F,0xFF,0xFF,0xC0,0x03,
  0xFF,0xFF,0xFC,0x00,0x3F,0xFF,0xFF,0x80,0x03,0xFF,0xFF,0xE0,0x00,0x1F,0xFE,0xFF,0xE0,0x00,0x1F,0xFC,0xFF,0xE0,0x00,0x3F,
  0xFC,0xFF,0xE0,0x00,0x3F,0xF8,0xFF,0xE0,0x00,0x7F,0xF0,0xFF,0xE0,0x00,0xFF,0xF0,0xFF,0xE0,0x00,0xFF,0xE0,0xFF,0xE0,0x01,
  0xFF,0xC0,0xFF,0xE0,0x01,0xFF,0xC0,0xFF,0xE0,0x03,0xFF,0x80,0xFF,0xE0,0x07,0xFF,0x80,0xFF,0xE0,0x07,0xFF,0x00,0xFF,0xE0,
  0x0F,0xFE,0x00,0xFF,0xE0,0x1F,0xFE,0x00,0xFF,0xE0,0x1F,0xFC,0x00,0xFF,0xE0,0x3F,0xF8,0x00,0xFF,0xE0,0x7F,0xF0,0x00,0xFF,
  0xE0,0xFF,0xF0,0x00,0xFF,0xE1,0xFF,0xE0,0x00,0xFF,0xE7,0xFF,0xC0,0x00,0xFF,0xFF,0xFF,0x80,0x00,0xFF,0xFF,0xFF,0x00,0x00,
  0xFF,0xFF,0xFF,0x00,0x00,0xFF,0xFF,0xFF,0x80,0x00,0xFF,0xFF,0xFF,0x80,0x00,0xFF,0xFF,0xFF,0xC0,0x00,0xFF,0xFF,0xFF,0xC0,
  0x00,0xFF,0xFF,0xFF,0xE0,0x00,0xFF,0xF0,0xFF,0xF0,0x00,0xFF,0xE0,0x7F,0xF0,0x00,0xFF,0xE0,0x7F,0xF8,0x00,0xFF,0xE0,0x3F,
  0xF8,0x00,0xFF,0xE0,0x3F,0xFC,0x00,0xFF,0xE0,0x1F,0xFE,0x00,0xFF,0xE0,0x1F,0xFE,0x00,0xFF,0xE0,0x0F,0xFF,0x00,0xFF,0xE0,
  0x0F,0xFF,0x00,0xFF,0xE0,0x07,0xFF,0x80,0xFF,0xE0,0x03,0xFF,0xC0,0xFF,0xE0,0x03,0xFF,0xC0,0xFF,0xE0,0x01,0xFF,0xE0,0xFF,
  0xE0,0x01,0xFF,0xE0,0xFF,0xE0,0x00,0xFF,0xF0,0xFF,0xE0,0x00,0xFF,0xF8,0xFF,0xE0,0x00,0x7F,0xF8,0xFF,0xE0,0x00,0x3F,0xFC,
  0xFF,0xE0,0x00,0x3F,0xFC,0xFF,0xE0,0x00,0x1F,0xFE,0xFF,0xE0,0x00,0x1F,0xFF,0xFF,0xE0,0x00,0x0F,0xFF,0x00,0x07,0xFF,0xFF,
  0xFF,0x80,0x07,0xFF,0xFF,0xFF,0xC0,0x03,0xFF,0xFF,0xFF,0xE0,0x01,0xFF,0xFF,0xFF,0xF0,0x00,0xFF,0xFF,0xFF,0xF8,0x00,0x7F,
  0xFF,0xFF,0xFC,0x00,0x3F,0xFF,0xFF,0xFE,0x00,0x1F,0xFF,0xFF,0xFF,0x00,0x0F,0xFF,0xFF,0xFF,0x80,0x0F,0xFE,0x01,0xFF,0xC0,
  0x07,0xFF,0x00,0xFF,0xE0,0x03,0xFF,0x80,0x7F,0xF0,0x01,0xFF,0xC0,0x3F,0xF8,0x00,0xFF,0xE0,0x1F,0xFC,0x00,0x7F,0xF0,0x0F,
  0xFE,0x00,0x3F,0xF8,0x07,0xFF,0x00,0x1F,0xF8,0x03,0xFF,0x80,0x1F,0xFC,0x01,0xFF,0xC0,0x0F,0xFE,0x00,0xFF,0xE0,0x07,0xFF,
  0x00,0x7F,0xF0,0x03,0xFF,0x80,0x3F,0xF8,0x01,0xFF,0xC0,0x1F,0xFC,0x00,0xFF,0xE0,0x0F,0xFE,0x00,0x7F,0xF0,0x07,0xFF,0x00,
  0x7F,0xF0,0x03,0xFF,0x80,0x3F,0xF8,0x01,0xFF,0xC0,0x1F,0xFC,0x00,0xFF,0xE0,0x0F,0xFE,0x00,0x7F,0xF0,0x07,0xFF,0x00,0x3F,
  0xF8,0x03,0xFF,0x80,0x1F,0xFC,0x03,0xFF,0xC0,0x0F,0xFE,0x01,0xFF,0xC0,0x07,0xFF,0x00,0xFF,0xE0,0x03,0xFF,0x80,0x7F,0xF0,
  0x01,0xFF,0xC0,0x7F,0xF8,0x00,0xFF,0xE0,0x3F,0xFC,0x00,0x7F,0xF0,0x1F,0xFC,0x00,0x3F,0xF8,0x1F,0xFE,0x00,0x1F,0xFC,0x0F,
  0xFF,0x00,0x0F,0xFE,0x07,0xFF,0x80,0x07,0xFF,0x07,0xFF,0x80,0x03,0xFF,0xBF,0xFF,0xC0,0x01,0xFF,0xFF,0xFF,0xC0,0x00,0xFF,
  0xFF,0xFF,0xE0,0x00,0x7F,0xFF,0xFF,0xF0,0x00,0x3F,0xFF,0xFF,0xF0,0x00,0x1F,0xFF,0xFF,0xF0,0x00,0x0F,0xFF,0xFF,0xF0,0x00,
  0x07,0xFF,0xFF,0xF0,0x00,0x03,0xFF,0xFF,0xF0,0x00,0x01,0xFF,0xDF,0xE0,0x00,0x00,0x00,0x00,0xFF,0xF8,0x00,0x7F,0xFF,0xFF,
  0xE0,0x01,0xFF,0xFF,0xFF,0x80,0x07,0xFF,0xFF,0xFF,0x00,0x3F,0xFF,0xFF,0xFC,0x00,0xFF,0xFF,0xFF,0xF0,0x03,0xFF,0xFF,0xFF,
  0xC0,0x0F,0xFF,0xFF,0xFF,0x80,0x7F,0xFF,0xFF,0xFE,0x01,0xFF,0xFF,0xFF,0xF8,0x07,0xFF,0xFF,0xFF,0xE0,0x1F,0xFF,0xFF,0xFF,
  0xC0,0xFE,0xFF,0xFF,0xFF,0x03,0xFB,0xFF,0xFD,0xFC,0x0F,0xEF,0xFF,0xF7,0xF8,0x3F,0xBF,0xFF,0xDF,0xE1,0xFE,0xFF,0xFF,0x7F,
  0x87,0xF3,0xFF,0xFC,0xFE,0x1F,0xCF,0xFF,0xF3,0xFC,0xFF,0x3F,0xFF,0xCF,0xF3,0xFC,0xFF,0xFF,0x3F,0xCF,0xE3,0xFF,0xFC,0x7F,
  0x3F,0x8F,0xFF,0xF1,0xFC,0xFE,0x3F,0xFF,0xC7,0xFF,0xF8,0xFF,0xFF,0x1F,0xFF,0xC3,0xFF,0xFC,0x3F,0xFF,0x0F,0xFF,0xF0,0xFF,
  0xFC,0x3F,0xFF,0xC3,0xFF,0xE0,0xFF,0xFF,0x0F,0xFF,0x83,0xFF,0xFC,0x1F,0xFE,0x0F,0xFF,0xF0,0x7F,0xF8,0x3F,0xFF,0xC1,0xFF,
  0xC0,0xFF,0xFF,0x03,0xFF,0x03,0xFF,0xFC,0x0F,0xFC,0x0F,0xFF,0xF0,0x3F,0xF0,0x3F,0xFF,0xC0,0xFF,0x80,0xFF,0xFF,0x01,0xFE,
  0x03,0xFF,0xFC,0x00,0x00,0x0F,0xFF,0xF0,0x00,0x00,0x3F,0xFF,0xC0,0x00,0x00,0xFF,0xFF,0x00,0x00,0x03,0xFF,0xFC,0x00,0x00,
  0x0F,0xFF,0xF0,0x00,0x00,0x3F,0xFF,0xC0,0x00,0x00,0xFF,0xFF,0x00,0x00,0x03,0xFF,0xFC,0x00,0x00,0x0F,0xFF,0xF0,0x00,0x00,
  0x3F,0xFF,0xC0,0x00,0x00,0xFF,0xFF,0x00,0x00,0x03,0xFF,0xFC,0x00,0x00,0x0F,0xF0,0xFF,0xE0,0x00,0xFF,0xFF,0xFE,0x00,0x0F,
  0xFF,0xFF,0xE0,0x00,0xFF,0xFF,0xFE,0x00,0x0F,0xFF,0xFF,0xE0,0x00,0xFF,0xFF,0xFE,0x00,0x0F,0xFF,0xFF,0xE0,0x00,0xFF,0xFF,
  0xFE,0x00,0x0F,0xFF,0xFF,0xE0,0x00,0xFF,0xFF,0xFE,0x00,0x0F,0xFF,0xFF,0xE0,0x00,0xFF,0xFF,0xFE,0x00,0x0F,0xFF,0xFF,0xE0,
  0x00,0xFF,0xFF,0xFE,0x00,0x0F,0xFF,0xFF,0xE0,0x00,0xFF,0xFF,0xFE,0x00,0x0F,0xFF,0xFF,0xE0,0x00,0xFF,0xFF,0xFE,0x00,0x0F,
  0xFF,0xFF,0xE0,0x00,0xFF,0xFF,0xFE,0x00,0x0F,0xFF,0xFF,0xFF,0xFF,0xFF,0xFF,0xFF,0xFF,0xFF,0xFF,0xFF,0xFF,0xFF,0xFF,0xFF,
  0xFF,0xFF,0xFF,0xFF,0xFF,0xFF,0xFF,0xFF,0xFF,0xFF,0xFF,0xFF,0xFF,0xFF,0xFF,0xFF,0xFF,0xFF,0xFF,0xFF,0xFF,0xFF,0xFF,0xFF,
  0xFF,0xFF,0xFF,0xFE,0x00,0x0F,0xFF,0xFF,0xE0,0x00,0xFF,0xFF,0xFE,0x00,0x0F,0xFF,0xFF,0xE0,0x00,0xFF,0xFF,0xFE,0x00,0x0F,
  0xFF,0xFF,0xE0,0x00,0xFF,0xFF,0xFE,0x00,0x0F,0xFF,0xFF,0xE0,0x00,0xFF,0xFF,0xFE,0x00,0x0F,0xFF,0xFF,0xE0,0x00,0xFF,0xFF,
  0xFE,0x00,0x0F,0xFF,0xFF,0xE0,0x00,0xFF,0xFF,0xFE,0x00,0x0F,0xFF,0xFF,0xE0,0x00,0xFF,0xFF,0xFE,0x00,0x0F,0xFF,0xFF,0xE0,
  0x00,0xFF,0xFF,0xFE,0x00,0x0F,0xFF,0xFF,0xE0,0x00,0xFF,0xFF,0xFE,0x00,0x0F,0xFF,0xFF,0xE0,0x00,0xFF,0xFF,0xFE,0x00,0x0F,
  0xFF,0x00,0x01,0xFF,0x80,0x00,0x00,0x1F,0xFF,0xF0,0x00,0x00,0x7F,0xFF,0xFC,0x00,0x00,0xFF,0xFF,0xFF,0x00,0x01,0xFF,0xFF,
  0xFF,0x80,0x03,0xFF,0xFF,0xFF,0xC0,0x07,0xFF,0xFF,0xFF,0xE0,0x0F,0xFF,0xFF,0xFF,0xF0,0x1F,0xFF,0xFF,0xFF,0xF0,0x1F,0xFF,
  0x01,0xFF,0xF8,0x3F,0xFE,0x00,0x7F,0xF8,0x3F,0xFC,0x00,0x3F,0xFC,0x3F,0xF8,0x00,0x3F,0xFC,0x7F,0xF8,0x00,0x1F,0xFC,0x7F,
  0xF0,0x00,0x1F,0xFE,0x7F,0xF0,0x00,0x0F,0xFE,0xFF,0xF0,0x00,0x0F,0xFE,0xFF,0xF0,0x00,0x0F,0xFE,0xFF,0xE0,0x00,0x0F,0xFE,
  0xFF,0xE0,0x00,0x0F,0xFF,0xFF,0xE0,0x00,0x07,0xFF,0xFF,0xE0,0x00,0x07,0xFF,0xFF,0xE0,0x00,0x07,0xFF,0xFF,0xE0,0x00,0x07,
  0xFF,0xFF,0xE0,0x00,0x07,0xFF,0xFF,0xE0,0x00,0x07,0xFF,0xFF,0xE0,0x00,0x07,0xFF,0xFF,0xE0,0x00,0x07,0xFF,0xFF,0xE0,0x00,
  0x07,0xFF,0xFF,0xE0,0x00,0x07,0xFF,0xFF,0xE0,0x00,0x07,0xFF,0xFF,0xE0,0x00,0x0F,0xFF,0xFF,0xE0,0x00,0x0F,0xFF,0xFF,0xE0,
  0x00,0x0F,0xFE,0xFF,0xF0,0x00,0x0F,0xFE,0x7F,0xF0,0x00,0x0F,0xFE,0x7F,0xF0,0x00,0x1F,0xFE,0x7F,0xF0,0x00,0x1F,0xFE,0x7F,
  0xF8,0x00,0x1F,0xFC,0x3F,0xF8,0x00,0x3F,0xFC,0x3F,0xFC,0x00,0x3F,0xFC,0x3F,0xFE,0x00,0x7F,0xF8,0x1F,0xFF,0x01,0xFF,0xF8,
  0x0F,0xFF,0xFF,0xFF,0xF0,0x0F,0xFF,0xFF,0xFF,0xE0,0x07,0xFF,0xFF,0xFF,0xE0,0x03,0xFF,0xFF,0xFF,0xC0,0x01,0xFF,0xFF,0xFF,
  0x80,0x00,0xFF,0xFF,0xFF,0x00,0x00,0x7F,0xFF,0xFC,0x00,0x00,0x1F,0xFF,0xF0,0x00,0x00,0x01,0xFF,0x80,0x00,0xFF,0xFF,0xFF,
  0xFF,0xFF,0xFF,0xFF,0xFF,0xFF,0xFF,0xFF,0xFF,0xFF,0xFF,0xFF,0xFF,0xFF,0xFF,0xFF,0xFF,0xFF,0xFF,0xFF,0xFF,0xFF,0xFF,0xFF,
  0xFF,0xFF,0xFF,0xFF,0xFF,0xFF,0xFF,0xFF,0xFF,0xFF,0xFF,0xFF,0xFF,0xFF,0xFE,0x00,0x0F,0xFF,0xFF,0xE0,0x00,0xFF,0xFF,0xFE,
  0x00,0x0F,0xFF,0xFF,0xE0,0x00,0xFF,0xFF,0xFE,0x00,0x0F,0xFF,0xFF,0xE0,0x00,0xFF,0xFF,0xFE,0x00,0x0F,0xFF,0xFF,0xE0,0x00,
  0xFF,0xFF,0xFE,0x00,0x0F,0xFF,0xFF,0xE0,0x00,0xFF,0xFF,0xFE,0x00,0x0F,0xFF,0xFF,0xE0,0x00,0xFF,0xFF,0xFE,0x00,0x0F,0xFF,
  0xFF,0xE0,0x00,0xFF,0xFF,0xFE,0x00,0x0F,0xFF,0xFF,0xE0,0x00,0xFF,0xFF,0xFE,0x00,0x0F,0xFF,0xFF,0xE0,0x00,0xFF,0xFF,0xFE,
  0x00,0x0F,0xFF,0xFF,0xE0,0x00,0xFF,0xFF,0xFE,0x00,0x0F,0xFF,0xFF,0xE0,0x00,0xFF,0xFF,0xFE,0x00,0x0F,0xFF,0xFF,0xE0,0x00,
  0xFF,0xFF,0xFE,0x00,0x0F,0xFF,0xFF,0xE0,0x00,0xFF,0xFF,0xFE,0x00,0x0F,0xFF,0xFF,0xE0,0x00,0xFF,0xFF,0xFE,0x00,0x0F,0xFF,
  0xFF,0xE0,0x00,0xFF,0xFF,0xFE,0x00,0x0F,0xFF,0xFF,0xE0,0x00,0xFF,0xFF,0xFE,0x00,0x0F,0xFF,0xFF,0xE0,0x00,0xFF,0xFF,0xFE,
  0x00,0x0F,0xFF,0xFF,0xE0,0x00,0xFF,0xFF,0xFE,0x00,0x0F,0xFF,0xFF,0xE0,0x00,0xFF,0xFF,0xFE,0x00,0x0F,0xFF,0xFF,0xE0,0x00,
  0xFF,0xFF,0xFE,0x00,0x0F,0xFF,0xFF,0xFF,0xFF,0x00,0x07,0xFF,0xFF,0xFF,0x80,0x3F,0xFF,0xFF,0xFF,0x01,0xFF,0xFF,0xFF,0xFE,
  0x0F,0xFF,0xFF,0xFF,0xF8,0x7F,0xFF,0xFF,0xFF,0xE3,0xFF,0xFF,0xFF,0xFF,0x9F,0xFF,0xFF,0xFF,0xFC,0xFF,0xFF,0xFF,0xFF,0xF7,
  0xFF,0x00,0x1F,0xFF,0xBF,0xF8,0x00,0x3F,0xFF,0xFF,0xC0,0x00,0xFF,0xFF,0xFE,0x00,0x03,0xFF,0xFF,0xF0,0x00,0x1F,0xFF,0xFF,
  0x80,0x00,0xFF,0xFF,0xFC,0x00,0x07,0xFF,0xFF,0xE0,0x00,0x3F,0xFF,0xFF,0x00,0x01,0xFF,0xFF,0xF8,0x00,0x0F,0xFF,0xFF,0xC0,
  0x00,0x7F,0xFF,0xFE,0x00,0x07,0xFF,0xFF,0xF0,0x00,0x7F,0xFB,0xFF,0x80,0x07,0xFF,0xDF,0xFC,0x0F,0xFF,0xFE,0xFF,0xFF,0xFF,
  0xFF,0xE7,0xFF,0xFF,0xFF,0xFE,0x3F,0xFF,0xFF,0xFF,0xE1,0xFF,0xFF,0xFF,0xFE,0x0F,0xFF,0xFF,0xFF,0xE0,0x7F,0xFF,0xFF,0xFE,
  0x03,0xFF,0xFF,0xFF,0x80,0x1F,0xFF,0xFF,0xE0,0x00,0xFF,0xE0,0x00,0x00,0x07,0xFF,0x00,0x00,0x00,0x3F,0xF8,0x00,0x00,0x01,
  0xFF,0xC0,0x00,0x00,0x0F,0xFE,0x00,0x00,0x00,0x7F,0xF0,0x00,0x00,0x03,0xFF,0x80,0x00,0x00,0x1F,0xFC,0x00,0x00,0x00,0xFF,
  0xE0,0x00,0x00,0x07,0xFF,0x00,0x00,0x00,0x3F,0xF8,0x00,0x00,0x01,0xFF,0xC0,0x00,0x00,0x0F,0xFE,0x00,0x00,0x00,0x7F,0xF0,
  0x00,0x00,0x03,0xFF,0x80,0x00,0x00,0x1F,0xFC,0x00,0x00,0x00,0xFF,0xE0,0x00,0x00,0x07,0xFF,0x00,0x00,0x00,0x00,0x00,0x01,
  0xFF,0xC0,0x00,0x00,0x0F,0xFF,0xF8,0x00,0x00,0x3F,0xFF,0xFE,0x00,0x00,0xFF,0xFF,0xFF,0x00,0x01,0xFF,0xFF,0xFF,0xC0,0x03,
  0xFF,0xFF,0xFF,0xE0,0x07,0xFF,0xFF,0xFF,0xE0,0x0F,0xFF,0xFF,0xFF,0xF0,0x0F,0xFF,0xFF,0xFF,0xF8,0x1F,0xFF,0x80,0xFF,0xF8,
  0x1F,0xFF,0x00,0x3F,0xFC,0x3F,0xFE,0x00,0x1F,0xFC,0x3F,0xFC,0x00,0x1F,0xFE,0x3F,0xF8,0x00,0x0F,0xFE,0x7F,0xF8,0x00,0x0F,
  0xFE,0x7F,0xF8,0x00,0x07,0xF0,0x7F,0xF0,0x00,0x07,0x00,0x7F,0xF0,0x00,0x00,0x00,0xFF,0xF0,0x00,0x00,0x00,0xFF,0xF0,0x00,
  0x00,0x00,0xFF,0xE0,0x00,0x00,0x00,0xFF,0xE0,0x00,0x00,0x00,0xFF,0xE0,0x00,0x00,0x00,0xFF,0xE0,0x00,0x00,0x00,0xFF,0xE0,
  0x00,0x00,0x00,0xFF,0xE0,0x00,0x00,0x00,0xFF,0xE0,0x00,0x00,0x00,0xFF,0xE0,0x00,0x00,0x00,0xFF,0xE0,0x00,0x00,0x00,0xFF,
  0xE0,0x00,0x00,0x00,0xFF,0xE0,0x00,0x00,0x00,0xFF,0xF0,0x00,0x00,0x00,0xFF,0xF0,0x00,0x00,0x00,0xFF,0xF0,0x00,0x00,0x00,
  0x7F,0xF0,0x00,0x03,0x80,0x7F,0xF0,0x00,0x03,0xFC,0x7F,0xF8,0x00,0x07,0xFF,0x7F,0xF8,0x00,0x07,0xFF,0x3F,0xFC,0x00,0x0F,
  0xFF,0x3F,0xFC,0x00,0x0F,0xFE,0x3F,0xFE,0x00,0x1F,0xFE,0x1F,0xFF,0x00,0x3F,0xFC,0x1F,0xFF,0xC0,0x7F,0xFC,0x0F,0xFF,0xFF,
  0xFF,0xF8,0x07,0xFF,0xFF,0xFF,0xF0,0x03,0xFF,0xFF,0xFF,0xF0,0x03,0xFF,0xFF,0xFF,0xE0,0x00,0xFF,0xFF,0xFF,0xC0,0x00,0x7F,
  0xFF,0xFF,0x80,0x00,0x3F,0xFF,0xFE,0x00,0x00,0x0F,0xFF,0xF8,0x00,0x00,0x00,0xFF,0xC0,0x00,0xFF,0xFF,0xFF,0xFF,0xFF,0xFF,
  0xFF,0xFF,0xFF,0xFF,0xFF,0xFF,0xFF,0xFF,0xFF,0xFF,0xFF,0xFF,0xFF,0xFF,0xFF,0xFF,0xFF,0xFF,0xFF,0xFF,0xFF,0xFF,0xFF,0xFF,
  0xFF,0xFF,0xFF,0xFF,0xFF,0xFF,0xFF,0xFF,0xFF,0xFF,0xFF,0x7F,0xFF,0xFF,0xFF,0xFF,0x80,0x00,0xFF,0xE0,0x00,0x00,0x00,0x7F,
  0xF0,0x00,0x00,0x00,0x3F,0xF8,0x00,0x00,0x00,0x1F,0xFC,0x00,0x00,0x00,0x0F,0xFE,0x00,0x00,0x00,0x07,0xFF,0x00,0x00,0x00,
  0x03,0xFF,0x80,0x00,0x00,0x01,0xFF,0xC0,0x00,0x00,0x00,0xFF,0xE0,0x00,0x00,0x00,0x7F,0xF0,0x00,0x00,0x00,0x3F,0xF8,0x00,
  0x00,0x00,0x1F,0xFC,0x00,0x00,0x00,0x0F,0xFE,0x00,0x00,0x00,0x07,0xFF,0x00,0x00,0x00,0x03,0xFF,0x80,0x00,0x00,0x01,0xFF,
  0xC0,0x00,0x00,0x00,0xFF,0xE0,0x00,0x00,0x00,0x7F,0xF0,0x00,0x00,0x00,0x3F,0xF8,0x00,0x00,0x00,0x1F,0xFC,0x00,0x00,0x00,
  0x0F,0xFE,0x00,0x00,0x00,0x07,0xFF,0x00,0x00,0x00,0x03,0xFF,0x80,0x00,0x00,0x01,0xFF,0xC0,0x00,0x00,0x00,0xFF,0xE0,0x00,
  0x00,0x00,0x7F,0xF0,0x00,0x00,0x00,0x3F,0xF8,0x00,0x00,0x00,0x1F,0xFC,0x00,0x00,0x00,0x0F,0xFE,0x00,0x00,0x00,0x07,0xFF,
  0x00,0x00,0x00,0x03,0xFF,0x80,0x00,0x00,0x01,0xFF,0xC0,0x00,0x00,0x00,0xFF,0xE0,0x00,0x00,0x00,0x7F,0xF0,0x00,0x00,0x00,
  0x3F,0xF8,0x00,0x00,0x00,0x1F,0xFC,0x00,0x00,0x00,0x0F,0xFE,0x00,0x00,0x00,0x07,0xFF,0x00,0x00,0x00,0x03,0xFF,0x80,0x00,
  0x00,0x01,0xFF,0xC0,0x00,0x00,0x00,0xFF,0xE0,0x00,0x00,0xFF,0xF0,0x00,0x00,0x3F,0xFB,0xFF,0x80,0x00,0x03,0xFF,0xCF,0xFE,
  0x00,0x00,0x1F,0xFC,0x7F,0xF8,0x00,0x00,0xFF,0xE1,0xFF,0xC0,0x00,0x0F,0xFE,0x0F,0xFF,0x00,0x00,0x7F,0xF0,0x3F,0xF8,0x00,
  0x07,0xFF,0x01,0xFF,0xE0,0x00,0x3F,0xF8,0x07,0xFF,0x00,0x01,0xFF,0x80,0x1F,0xFC,0x00,0x1F,0xFC,0x00,0xFF,0xE0,0x00,0xFF,
  0xC0,0x03,0xFF,0x80,0x0F,0xFE,0x00,0x1F,0xFC,0x00,0x7F,0xE0,0x00,0x7F,0xF0,0x03,0xFF,0x00,0x01,0xFF,0x80,0x3F,0xF8,0x00,
  0x0F,0xFE,0x01,0xFF,0x80,0x00,0x3F,0xF8,0x1F,0xFC,0x00,0x01,0xFF,0xC0,0xFF,0xC0,0x00,0x07,0xFF,0x07,0xFE,0x00,0x00,0x3F,
  0xF8,0x7F,0xE0,0x00,0x00,0xFF,0xE3,0xFF,0x00,0x00,0x03,0xFF,0x3F,0xF0,0x00,0x00,0x1F,0xFD,0xFF,0x80,0x00,0x00,0x7F,0xFF,
  0xF8,0x00,0x00,0x03,0xFF,0xFF,0xC0,0x00,0x00,0x0F,0xFF,0xFC,0x00,0x00,0x00,0x3F,0xFF,0xE0,0x00,0x00,0x01,0xFF,0xFF,0x00,
  0x00,0x00,0x07,0xFF,0xF0,0x00,0x00,0x00,0x3F,0xFF,0x80,0x00,0x00,0x00,0xFF,0xF8,0x00,0x00,0x00,0x07,0xFF,0xC0,0x00,0x00,
  0x00,0x1F,0xFC,0x00,0x00,0x00,0x00,0xFF,0xE0,0x00,0x00,0x00,0x07,0xFE,0x00,0x00,0x00,0x00,0x7F,0xF0,0x00,0x00,0x00,0x03,
  0xFF,0x00,0x00,0x00,0x00,0x3F,0xF8,0x00,0x00,0x00,0x03,0xFF,0x80,0x00,0x00,0x00,0x3F,0xFC,0x00,0x00,0x07,0x03,0xFF,0xC0,
  0x00,0x00,0x3F,0xFF,0xFE,0x00,0x00,0x03,0xFF,0xFF,0xE0,0x00,0x00,0x1F,0xFF,0xFF,0x00,0x00,0x00,0xFF,0xFF,0xF0,0x00,0x00,
  0x0F,0xFF,0xFF,0x80,0x00,0x00,0x7F,0xFF,0xF8,0x00,0x00,0x03,0xFF,0xFF,0x80,0x00,0x00,0x3F,0xFF,0xF8,0x00,0x00,0x00,0x7F,
  0xFF,0x00,0x00,0x00,0x00,0x7F,0xC0,0x00,0x00,0x00,0x00,0x00,0x3F,0xE0,0x00,0x00,0x00,0x01,0xFF,0x00,0x00,0x00,0x00,0x0F,
  0xF8,0x00,0x00,0x00,0x00,0x7F,0xC0,0x00,0x00,0x00,0x03,0xFE,0x00,0x00,0x00,0x00,0x1F,0xF0,0x00,0x00,0x00,0x00,0xFF,0xC0,
  0x00,0x00,0x03,0xFF,0xFF,0xF8,0x00,0x00,0x7F,0xFF,0xFF,0xF8,0x00,0x0F,0xFF,0xFF,0xFF,0xE0,0x00,0xFF,0xFF,0xFF,0xFF,0xC0,
  0x0F,0xFF,0xFF,0xFF,0xFF,0x00,0xFF,0xFF,0xFF,0xFF,0xF8,0x0F,0xFF,0xFF,0xFF,0xFF,0xE0,0x7F,0xF8,0xFF,0x8F,0xFF,0x87,0xFF,
  0x87,0xFC,0x1F,0xFC,0x3F,0xF8,0x3F,0xE0,0x7F,0xF3,0xFF,0x81,0xFF,0x01,0xFF,0x9F,0xF8,0x0F,0xF8,0x0F,0xFE,0xFF,0xC0,0x7F,
  0xC0,0x3F,0xF7,0xFE,0x03,0xFE,0x01,0xFF,0xBF,0xE0,0x1F,0xF0,0x0F,0xFF,0xFF,0x00,0xFF,0x80,0x3F,0xFF,0xF8,0x07,0xFC,0x01,
  0xFF,0xFF,0xC0,0x3F,0xE0,0x0F,0xFF,0xFE,0x01,0xFF,0x00,0x7F,0xFF,0xF0,0x0F,0xF8,0x03,0xFF,0xFF,0x80,0x7F,0xC0,0x1F,0xFF,
  0xFC,0x03,0xFE,0x01,0xFF,0xBF,0xE0,0x1F,0xF0,0x0F,0xFD,0xFF,0x80,0xFF,0x80,0x7F,0xEF,0xFC,0x07,0xFC,0x03,0xFF,0x7F,0xE0,
  0x3F,0xE0,0x3F,0xF1,0xFF,0x81,0xFF,0x01,0xFF,0x8F,0xFE,0x0F,0xF8,0x1F,0xF8,0x3F,0xF8,0x7F,0xC1,0xFF,0xC1,0xFF,0xE3,0xFE,
  0x3F,0xFC,0x07,0xFF,0xFF,0xFF,0xFF,0xE0,0x1F,0xFF,0xFF,0xFF,0xFE,0x00,0x7F,0xFF,0xFF,0xFF,0xE0,0x01,0xFF,0xFF,0xFF,0xFE,
  0x00,0x07,0xFF,0xFF,0xFF,0xE0,0x00,0x0F,0xFF,0xFF,0xFC,0x00,0x00,0x1F,0xFF,0xFF,0x80,0x00,0x00,0x03,0xFF,0x00,0x00,0x00,
  0x00,0x1F,0xF0,0x00,0x00,0x00,0x00,0xFF,0x80,0x00,0x00,0x00,0x07,0xFC,0x00,0x00,0x00,0x00,0x3F,0xE0,0x00,0x00,0x00,0x01,
  0xFF,0x00,0x00,0x00,0x00,0x0F,0xF8,0x00,0x00,0x00,0x00,0x7F,0xC0,0x00,0x00,0x3F,0xF8,0x00,0x00,0xFF,0xF1,0xFF,0xE0,0x00,
  0x07,0xFF,0x07,0xFF,0x80,0x00,0x7F,0xF0,0x1F,0xFC,0x00,0x07,0xFF,0x80,0xFF,0xF0,0x00,0x3F,0xF8,0x03,0xFF,0xC0,0x03,0xFF,
  0x80,0x0F,0xFE,0x00,0x1F,0xFC,0x00,0x7F,0xF8,0x01,0xFF,0xC0,0x01,0xFF,0xC0,0x1F,0xFC,0x00,0x07,0xFF,0x00,0xFF,0xE0,0x00,
  0x3F,0xFC,0x0F,0xFE,0x00,0x00,0xFF,0xE0,0xFF,0xE0,0x00,0x03,0xFF,0x87,0xFF,0x00,0x00,0x1F,0xFC,0x7F,0xF0,0x00,0x00,0x7F,
  0xF3,0xFF,0x00,0x00,0x01,0xFF,0xFF,0xF8,0x00,0x00,0x0F,0xFF,0xFF,0x80,0x00,0x00,0x3F,0xFF,0xF8,0x00,0x00,0x00,0xFF,0xFF,
  0xC0,0x00,0x00,0x07,0xFF,0xFC,0x00,0x00,0x00,0x1F,0xFF,0xC0,0x00,0x00,0x00,0x7F,0xFE,0x00,0x00,0x00,0x03,0xFF,0xE0,0x00,
  0x00,0x00,0x0F,0xFE,0x00,0x00,0x00,0x00,0xFF,0xF8,0x00,0x00,0x00,0x07,0xFF,0xC0,0x00,0x00,0x00,0x7F,0xFF,0x00,0x00,0x00,
  0x07,0xFF,0xFC,0x00,0x00,0x00,0x3F,0xFF,0xE0,0x00,0x00,0x03,0xFF,0xFF,0x80,0x00,0x00,0x1F,0xFF,0xFE,0x00,0x00,0x01,0xFF,
  0xFF,0xF0,0x00,0x00,0x1F,0xFD,0xFF,0xC0,0x00,0x00,0xFF,0xE7,0xFF,0x00,0x00,0x0F,0xFE,0x3F,0xF8,0x00,0x00,0xFF,0xF0,0xFF,
  0xE0,0x00,0x07,0xFF,0x03,0xFF,0x80,0x00,0x7F,0xF0,0x1F,0xFC,0x00,0x07,0xFF,0x80,0x7F,0xF0,0x00,0x3F,0xF8,0x01,0xFF,0xC0,
  0x03,0xFF,0xC0,0x0F,0xFE,0x00,0x3F,0xFC,0x00,0x3F,0xF8,0x01,0xFF,0xC0,0x01,0xFF,0xE0,0x1F,0xFE,0x00,0x07,0xFF,0x01,0xFF,
  0xE0,0x00,0x1F,0xFC,0x0F,0xFE,0x00,0x00,0xFF,0xF0,0xFF,0xF0,0x00,0x03,0xFF,0x87,0xFF,0x00,0x00,0x1F,0xFE,0x7F,0xF8,0x00,
  0x00,0x7F,0xFF,0xFF,0x80,0x00,0x01,0xFF,0xC0,0xFF,0xE0,0x01,0xFF,0xC0,0x7F,0xF0,0x00,0xFF,0xE0,0x3F,0xF8,0x00,0x7F,0xF0,
  0x1F,0xFC,0x00,0x3F,0xF8,0x0F,0xFE,0x00,0x1F,0xFC,0x07,0xFF,0x00,0x0F,0xFE,0x03,0xFF,0x80,0x07,0xFF,0x01,0xFF,0xC0,0x03,
  0xFF,0x80,0xFF,0xE0,0x01,0xFF,0xC0,0x7F,0xF0,0x00,0xFF,0xE0,0x3F,0xF8,0x00,0x7F,0xF0,0x1F,0xFC,0x00,0x3F,0xF8,0x0F,0xFE,
  0x00,0x1F,0xFC,0x07,0xFF,0x00,0x0F,0xFE,0x03,0xFF,0x80,0x07,0xFF,0x01,0xFF,0xC0,0x03,0xFF,0x80,0xFF,0xE0,0x01,0xFF,0xC0,
  0x7F,0xF0,0x00,0xFF,0xE0,0x3F,0xF8,0x00,0x7F,0xF0,0x1F,0xFC,0x00,0x3F,0xF8,0x0F,0xFE,0x00,0x1F,0xFC,0x07,0xFF,0x00,0x0F,
  0xFE,0x03,0xFF,0x80,0x07,0xFF,0x01,0xFF,0xC0,0x03,0xFF,0x80,0xFF,0xE0,0x01,0xFF,0xC0,0x7F,0xF0,0x00,0xFF,0xE0,0x3F,0xF8,
  0x00,0x7F,0xF0,0x1F,0xFC,0x00,0x3F,0xF8,0x0F,0xFE,0x00,0x1F,0xFC,0x07,0xFF,0x00,0x0F,0xFE,0x03,0xFF,0x80,0x07,0xFF,0x01,
  0xFF,0xC0,0x03,0xFF,0x80,0xFF,0xE0,0x01,0xFF,0xC0,0x7F,0xF0,0x00,0xFF,0xE0,0x3F,0xF8,0x00,0x7F,0xF0,0x1F,0xFC,0x00,0x3F,
  0xF8,0x0F,0xFE,0x00,0x1F,0xFC,0x07,0xFF,0x00,0x0F,0xFE,0x03,0xFF,0x80,0x07,0xFF,0x01,0xFF,0xC0,0x03,0xFF,0x80,0xFF,0xE0,
  0x01,0xFF,0xC0,0x7F,0xFF,0xFF,0xFF,0xFF,0xFF,0xFF,0xFF,0xFF,0xFF,0xFF,0xFF,0xFF,0xFF,0xFF,0xFF,0xFF,0xFF,0xFF,0xFF,0xFF,
  0xFF,0xFF,0xFF,0xFF,0xFF,0xFF,0xFF,0xFF,0xFF,0xFF,0xFF,0xFF,0xFF,0xFF,0xFF,0xFF,0xFF,0xFF,0xFF,0xFF,0xFF,0xFF,0xFF,0xFF,
  0xFF,0xC0,0x00,0x00,0x00,0x7F,0xE0,0x00,0x00,0x00,0x3F,0xF0,0x00,0x00,0x00,0x1F,0xF8,0x00,0x00,0x00,0x0F,0xFC,0x00,0x00,
  0x00,0x07,0xFE,0x00,0x00,0x00,0x03,0xFF,0x00,0x00,0x00,0x01,0xFF,0x80,0x00,0x00,0x00,0xFF,0xC0,0x00,0x00,0x00,0x7F,0xE0,
  0x00,0x00,0x00,0x3F,0xF0,0x00,0x00,0x00,0x1F,0xF8,0x00,0x00,0x00,0x0F,0xFC,0x00,0x00,0x00,0x07,0xFE,0x00,0x00,0x00,0x03,
  0xFF,0x00,0x00,0x00,0x01,0xFF,0x80,0x00,0x00,0x00,0xFF,0xC0,0xFF,0xE0,0x00,0x1F,0xFF,0xFF,0xC0,0x00,0x3F,0xFF,0xFF,0x80,
  0x00,0x7F,0xFF,0xFF,0x00,0x00,0xFF,0xFF,0xFE,0x00,0x01,0xFF,0xFF,0xFC,0x00,0x03,0xFF,0xFF,0xF8,0x00,0x07,0xFF,0xFF,0xF0,
  0x00,0x0F,0xFF,0xFF,0xE0,0x00,0x1F,0xFF,0xFF,0xC0,0x00,0x3F,0xFF,0xFF,0x80,0x00,0x7F,0xFF,0xFF,0x00,0x00,0xFF,0xFF,0xFE,
  0x00,0x01,0xFF,0xFF,0xFC,0x00,0x03,0xFF,0xFF,0xF8,0x00,0x07,0xFF,0xFF,0xF0,0x00,0x0F,0xFF,0xFF,0xE0,0x00,0x1F,0xFF,0xFF,
  0xC0,0x00,0x3F,0xFF,0xFF,0x80,0x00,0x7F,0xFF,0xFF,0x00,0x00,0xFF,0xF7,0xFE,0x00,0x01,0xFF,0xEF,0xFE,0x00,0x03,0xFF,0xDF,
  0xFC,0x00,0x07,0xFF,0xBF,0xFC,0x00,0x0F,0xFF,0x7F,0xFC,0x00,0x1F,0xFE,0x7F,0xFC,0x01,0xFF,0xFC,0xFF,0xFF,0xFF,0xFF,0xF9,
  0xFF,0xFF,0xFF,0xFF,0xF1,0xFF,0xFF,0xFF,0xFF,0xE1,0xFF,0xFF,0xFF,0xFF,0xC3,0xFF,0xFF,0xFF,0xFF,0x81,0xFF,0xFF,0xFF,0xFF,
  0x01,0xFF,0xFF,0xDF,0xFE,0x00,0xFF,0xF8,0x3F,0xFC,0x00,0x00,0x00,0x7F,0xF8,0x00,0x00,0x00,0xFF,0xF0,0x00,0x00,0x01,0xFF,
  0xE0,0x00,0x00,0x03,0xFF,0xC0,0x00,0x00,0x07,0xFF,0x80,0x00,0x00,0x0F,0xFF,0x00,0x00,0x00,0x1F,0xFE,0x00,0x00,0x00,0x3F,
  0xFC,0x00,0x00,0x00,0x7F,0xF8,0x00,0x00,0x00,0xFF,0xF0,0x00,0x00,0x01,0xFF,0xE0,0x00,0x00,0x03,0xFF,0xC0,0x00,0x00,0x07,
  0xFF,0x80,0x00,0x00,0x0F,0xFF,0x00,0x00,0x00,0x1F,0xFE,0x00,0x00,0x00,0x3F,0xFC,0xFF,0x81,0xFF,0x03,0xFF,0xFF,0x03,0xFE,
  0x07,0xFF,0xFE,0x07,0xFC,0x0F,0xFF,0xFC,0x0F,0xF8,0x1F,0xFF,0xF8,0x1F,0xF0,0x3F,0xFF,0xF0,0x3F,0xE0,0x7F,0xFF,0xE0,0x7F,
  0xC0,0xFF,0xFF,0xC0,0xFF,0x81,0xFF,0xFF,0x81,0xFF,0x03,0xFF,0xFF,0x03,0xFE,0x07,0xFF,0xFE,0x07,0xFC,0x0F,0xFF,0xFC,0x0F,
  0xF8,0x1F,0xFF,0xF8,0x1F,0xF0,0x3F,0xFF,0xF0,0x3F,0xE0,0x7F,0xFF,0xE0,0x7F,0xC0,0xFF,0xFF,0xC0,0xFF,0x81,0xFF,0xFF,0x81,
  0xFF,0x03,0xFF,0xFF,0x03,0xFE,0x07,0xFF,0xFE,0x07,0xFC,0x0F,0xFF,0xFC,0x0F,0xF8,0x1F,0xFF,0xF8,0x1F,0xF0,0x3F,0xFF,0xF0,
  0x3F,0xE0,0x7F,0xFF,0xE0,0x7F,0xC0,0xFF,0xFF,0xC0,0xFF,0x81,0xFF,0xFF,0x81,0xFF,0x03,0xFF,0xFF,0x03,0xFE,0x07,0xFF,0xFE,
  0x07,0xFC,0x0F,0xFF,0xFC,0x0F,0xF8,0x1F,0xFF,0xF8,0x1F,0xF0,0x3F,0xFF,0xF0,0x3F,0xE0,0x7F,0xFF,0xE0,0x7F,0xC0,0xFF,0xFF,
  0xC0,0xFF,0x81,0xFF,0xFF,0x81,0xFF,0x03,0xFF,0xFF,0x03,0xFE,0x07,0xFF,0xFE,0x07,0xFC,0x0F,0xFF,0xFC,0x0F,0xF8,0x1F,0xFF,
  0xF8,0x1F,0xF0,0x3F,0xFF,0xF0,0x3F,0xE0,0x7F,0xFF,0xE0,0x7F,0xC0,0xFF,0xFF,0xC0,0xFF,0x81,0xFF,0xFF,0x81,0xFF,0x03,0xFF,
  0xFF,0x83,0xFF,0x07,0xFF,0xFF,0xFF,0xFF,0xFF,0xFF,0xFF,0xFF,0xFF,0xFF,0xFF,0xFF,0xFF,0xFF,0xFF,0xFF,0xFF,0xFF,0xFF,0xFF,
  0xFF,0xFF,0xFF,0xFF,0xFF,0xFF,0xFF,0xFF,0xFF,0xFF,0xFF,0xFF,0xFF,0xFF,0xFF,0xFF,0xFF,0xFF,0xFF,0xFC,0xFF,0x81,0xFF,0x03,
  0xFE,0x1F,0xF0,0x3F,0xE0,0x7F,0xC3,0xFE,0x07,0xFC,0x0F,0xF8,0x7F,0xC0,0xFF,0x81,0xFF,0x0F,0xF8,0x1F,0xF0,0x3F,0xE1,0xFF,
  0x03,0xFE,0x07,0xFC,0x3F,0xE0,0x7F,0xC0,0xFF,0x87,0xFC,0x0F,0xF8,0x1F,0xF0,0xFF,0x81,0xFF,0x03,0xFE,0x1F,0xF0,0x3F,0xE0,
  0x7F,0xC3,0xFE,0x07,0xFC,0x0F,0xF8,0x7F,0xC0,0xFF,0x81,0xFF,0x0F,0xF8,0x1F,0xF0,0x3F,0xE1,0xFF,0x03,0xFE,0x07,0xFC,0x3F,
  0xE0,0x7F,0xC0,0xFF,0x87,0xFC,0x0F,0xF8,0x1F,0xF0,0xFF,0x81,0xFF,0x03,0xFE,0x1F,0xF0,0x3F,0xE0,0x7F,0xC3,0xFE,0x07,0xFC,
  0x0F,0xF8,0x7F,0xC0,0xFF,0x81,0xFF,0x0F,0xF8,0x1F,0xF0,0x3F,0xE1,0xFF,0x03,0xFE,0x07,0xFC,0x3F,0xE0,0x7F,0xC0,0xFF,0x87,
  0xFC,0x0F,0xF8,0x1F,0xF0,0xFF,0x81,0xFF,0x03,0xFE,0x1F,0xF0,0x3F,0xE0,0x7F,0xC3,0xFE,0x07,0xFC,0x0F,0xF8,0x7F,0xC0,0xFF,
  0x81,0xFF,0x0F,0xF8,0x1F,0xF0,0x3F,0xE1,0xFF,0x03,0xFE,0x07,0xFC,0x3F,0xE0,0x7F,0xC0,0xFF,0x87,0xFC,0x0F,0xF8,0x1F,0xF0,
  0xFF,0x81,0xFF,0x03,0xFE,0x1F,0xF0,0x3F,0xE0,0x7F,0xC3,0xFE,0x07,0xFC,0x0F,0xF8,0x7F,0xC0,0xFF,0x81,0xFF,0x0F,0xF8,0x1F,
  0xF0,0x3F,0xE1,0xFF,0x03,0xFE,0x07,0xFC,0x3F,0xE0,0x7F,0xC0,0xFF,0x87,0xFC,0x0F,0xF8,0x1F,0xF0,0xFF,0x81,0xFF,0x03,0xFE,
  0x1F,0xF8,0x3F,0xF0,0x7F,0xC3,0xFF,0xFF,0xFF,0xFF,0xFF,0x7F,0xFF,0xFF,0xFF,0xFF,0xFF,0xFF,0xFF,0xFF,0xFF,0xFF,0xFF,0xFF,
  0xFF,0xFF,0xFF,0xFF,0xFF,0xFF,0xFF,0xFF,0xFF,0xFF,0xFF,0xFF,0xFF,0xFF,0xFF,0xFF,0xFF,0xFF,0xFF,0xFF,0xFF,0xFF,0xFF,0xFF,
  0xFC,0x00,0x00,0x00,0x00,0xFF,0x80,0x00,0x00,0x00,0x1F,0xF0,0x00,0x00,0x00,0x03,0xFE,0x00,0x00,0x00,0x00,0x7F,0xC0,0x00,
  0x00,0x00,0x0F,0xF8,0x00,0x00,0x00,0x01,0xFF,0x00,0x00,0x00,0x00,0x3F,0xE0,0x00,0x00,0x00,0x07,0xFC,0x00,0x00,0x00,0x00,
  0xFF,0x80,0x00,0x00,0x00,0x1F,0xF0,0x00,0x00,0x00,0x03,0xFE,0x00,0x00,0x00,0x00,0x7F,0xC0,0x00,0x00,0x00,0x0F,0xF8,0x00,
  0x00,0x00,0x01,0xFF,0x00,0x00,0x00,0x00,0x3F,0xE0,0x00,0x00,0x00,0x07,0xFC,0xFF,0xFF,0xF8,0x00,0x00,0x0F,0xFF,0xFF,0x80,
  0x00,0x00,0xFF,0xFF,0xF8,0x00,0x00,0x0F,0xFF,0xFF,0x80,0x00,0x00,0xFF,0xFF,0xF8,0x00,0x00,0x0F,0xFF,0xFF,0x80,0x00,0x00,
  0xFF,0xFF,0xF8,0x00,0x00,0x0F,0xFF,0xFF,0x80,0x00,0x00,0xFF,0xFF,0xF8,0x00,0x00,0x00,0x03,0xFF,0x80,0x00,0x00,0x00,0x3F,
  0xF8,0x00,0x00,0x00,0x03,0xFF,0x80,0x00,0x00,0x00,0x3F,0xF8,0x00,0x00,0x00,0x03,0xFF,0x80,0x00,0x00,0x00,0x3F,0xF8,0x00,
  0x00,0x00,0x03,0xFF,0x80,0x00,0x00,0x00,0x3F,0xF8,0x00,0x00,0x00,0x03,0xFF,0x80,0x00,0x00,0x00,0x3F,0xF8,0x00,0x00,0x00,
  0x03,0xFF,0xFF,0xC0,0x00,0x00,0x3F,0xFF,0xFF,0xC0,0x00,0x03,0xFF,0xFF,0xFF,0x00,0x00,0x3F,0xFF,0xFF,0xFC,0x00,0x03,0xFF,
  0xFF,0xFF,0xE0,0x00,0x3F,0xFF,0xFF,0xFF,0x00,0x03,0xFF,0xFF,0xFF,0xF8,0x00,0x3F,0xFF,0xFF,0xFF,0xC0,0x03,0xFF,0x81,0xFF,
  0xFE,0x00,0x3F,0xF8,0x03,0xFF,0xE0,0x03,0xFF,0x80,0x1F,0xFE,0x00,0x3F,0xF8,0x00,0xFF,0xF0,0x03,0xFF,0x80,0x0F,0xFF,0x00,
  0x3F,0xF8,0x00,0x7F,0xF0,0x03,0xFF,0x80,0x07,0xFF,0x00,0x3F,0xF8,0x00,0x7F,0xF0,0x03,0xFF,0x80,0x07,0xFF,0x00,0x3F,0xF8,
  0x00,0x7F,0xF0,0x03,0xFF,0x80,0x0F,0xFF,0x00,0x3F,0xF8,0x00,0xFF,0xF0,0x03,0xFF,0x80,0x1F,0xFE,0x00,0x3F,0xF8,0x07,0xFF,
  0xE0,0x03,0xFF,0x83,0xFF,0xFC,0x00,0x3F,0xFF,0xFF,0xFF,0xC0,0x03,0xFF,0xFF,0xFF,0xF8,0x00,0x3F,0xFF,0xFF,0xFF,0x00,0x03,
  0xFF,0xFF,0xFF,0xE0,0x00,0x3F,0xFF,0xFF,0xF8,0x00,0x03,0xFF,0xFF,0xFF,0x00,0x00,0x3F,0xFF,0xFF,0x80,0x00,0x03,0xFF,0xFF,
  0xC0,0x00,0xFF,0x80,0x00,0x03,0xFF,0xFF,0x80,0x00,0x03,0xFF,0xFF,0x80,0x00,0x03,0xFF,0xFF,0x80,0x00,0x03,0xFF,0xFF,0x80,
  0x00,0x03,0xFF,0xFF,0x80,0x00,0x03,0xFF,0xFF,0x80,0x00,0x03,0xFF,0xFF,0x80,0x00,0x03,0xFF,0xFF,0x80,0x00,0x03,0xFF,0xFF,
  0x80,0x00,0x03,0xFF,0xFF,0x80,0x00,0x03,0xFF,0xFF,0x80,0x00,0x03,0xFF,0xFF,0x80,0x00,0x03,0xFF,0xFF,0x80,0x00,0x03,0xFF,
  0xFF,0x80,0x00,0x03,0xFF,0xFF,0x80,0x00,0x03,0xFF,0xFF,0x80,0x00,0x03,0xFF,0xFF,0x80,0x00,0x03,0xFF,0xFF,0x80,0x00,0x03,
  0xFF,0xFF,0x80,0x00,0x03,0xFF,0xFF,0xFF,0x00,0x03,0xFF,0xFF,0xFF,0xE0,0x03,0xFF,0xFF,0xFF,0xF8,0x03,0xFF,0xFF,0xFF,0xFC,
  0x03,0xFF,0xFF,0xFF,0xFF,0x03,0xFF,0xFF,0xFF,0xFF,0x03,0xFF,0xFF,0xFF,0xFF,0x83,0xFF,0xFF,0xC7,0xFF,0xC3,0xFF,0xFF,0x81,
  0xFF,0xC3,0xFF,0xFF,0x80,0xFF,0xC3,0xFF,0xFF,0x80,0x7F,0xE3,0xFF,0xFF,0x80,0x3F,0xE3,0xFF,0xFF,0x80,0x3F,0xE3,0xFF,0xFF,
  0x80,0x3F,0xE3,0xFF,0xFF,0x80,0x3F,0xE3,0xFF,0xFF,0x80,0x3F,0xE3,0xFF,0xFF,0x80,0x3F,0xE3,0xFF,0xFF,0x80,0x3F,0xE3,0xFF,
  0xFF,0x80,0x3F,0xE3,0xFF,0xFF,0x80,0x7F,0xE3,0xFF,0xFF,0x80,0xFF,0xC3,0xFF,0xFF,0x81,0xFF,0xC3,0xFF,0xFF,0xFF,0xFF,0x83,
  0xFF,0xFF,0xFF,0xFF,0x83,0xFF,0xFF,0xFF,0xFF,0x03,0xFF,0xFF,0xFF,0xFE,0x03,0xFF,0xFF,0xFF,0xFC,0x03,0xFF,0xFF,0xFF,0xF8,
  0x03,0xFF,0xFF,0xFF,0xE0,0x03,0xFF,0xFF,0xFF,0x00,0x03,0xFF,0xFF,0xE0,0x00,0x00,0x01,0xFF,0xC0,0x00,0x00,0x03,0xFF,0x80,
  0x00,0x00,0x07,0xFF,0x00,0x00,0x00,0x0F,0xFE,0x00,0x00,0x00,0x1F,0xFC,0x00,0x00,0x00,0x3F,0xF8,0x00,0x00,0x00,0x7F,0xF0,
  0x00,0x00,0x00,0xFF,0xE0,0x00,0x00,0x01,0xFF,0xC0,0x00,0x00,0x03,0xFF,0x80,0x00,0x00,0x07,0xFF,0x00,0x00,0x00,0x0F,0xFE,
  0x00,0x00,0x00,0x1F,0xFC,0x00,0x00,0x00,0x3F,0xF8,0x00,0x00,0x00,0x7F,0xF0,0x00,0x00,0x00,0xFF,0xE0,0x00,0x00,0x01,0xFF,
  0xC0,0x00,0x00,0x03,0xFF,0x80,0x00,0x00,0x07,0xFF,0xFF,0xFE,0x00,0x0F,0xFF,0xFF,0xFF,0x80,0x1F,0xFF,0xFF,0xFF,0xC0,0x3F,
  0xFF,0xFF,0xFF,0xE0,0x7F,0xFF,0xFF,0xFF,0xE0,0xFF,0xFF,0xFF,0xFF,0xE1,0xFF,0xFF,0xFF,0xFF,0xE3,0xFF,0xFF,0xFF,0xFF,0xE7,
  0xFF,0x83,0xFF,0xFF,0xCF,0xFE,0x00,0x0F,0xFF,0xDF,0xFC,0x00,0x0F,0xFF,0xBF,0xF8,0x00,0x0F,0xFF,0x7F,0xF0,0x00,0x0F,0xFF,
  0xFF,0xE0,0x00,0x1F,0xFF,0xFF,0xC0,0x00,0x1F,0xFF,0xFF,0x80,0x00,0x3F,0xFF,0xFF,0x00,0x00,0x7F,0xFF,0xFE,0x00,0x01,0xFF,
  0xFF,0xFC,0x00,0x03,0xFF,0xBF,0xF8,0x00,0x0F,0xFF,0x7F,0xF0,0x00,0x3F,0xFE,0xFF,0xE0,0x01,0xFF,0xFD,0xFF,0xFF,0xFF,0xFF,
  0xF3,0xFF,0xFF,0xFF,0xFF,0xC7,0xFF,0xFF,0xFF,0xFF,0x8F,0xFF,0xFF,0xFF,0xFE,0x1F,0xFF,0xFF,0xFF,0xF8,0x3F,0xFF,0xFF,0xFF,
  0xC0,0x7F,0xFF,0xFF,0xFF,0x00,0xFF,0xFF,0xFF,0xF0,0x01,0xFF,0xFF,0xFF,0x00,0x00,0x00,0x01,0xFF,0x80,0x00,0x00,0x07,0xFF,
  0xFC,0x00,0x00,0x0F,0xFF,0xFF,0x80,0x00,0x1F,0xFF,0xFF,0xE0,0x00,0x1F,0xFF,0xFF,0xFC,0x00,0x1F,0xFF,0xFF,0xFF,0x00,0x1F,
  0xFF,0xFF,0xFF,0x80,0x1F,0xFF,0xFF,0xFF,0xE0,0x0F,0xFF,0xFF,0xFF,0xF8,0x0F,0xFF,0x80,0xFF,0xFC,0x07,0xFF,0x80,0x1F,0xFF,
  0x07,0xFF,0x80,0x07,0xFF,0x83,0xFF,0x80,0x01,0xFF,0xE3,0xFF,0xC0,0x00,0xFF,0xF1,0xFF,0xC0,0x00,0x3F,0xF8,0x0F,0xE0,0x00,
  0x1F,0xFE,0x00,0x60,0x00,0x0F,0xFF,0x00,0x00,0x00,0x03,0xFF,0x80,0x00,0x00,0x01,0xFF,0xC0,0x00,0x00,0x00,0xFF,0xE0,0x00,
  0x00,0x00,0x7F,0xF0,0x00,0x00,0x00,0x3F,0xFC,0x00,0x07,0xFF,0xFF,0xFE,0x00,0x03,0xFF,0xFF,0xFF,0x00,0x01,0xFF,0xFF,0xFF,
  0x80,0x00,0xFF,0xFF,0xFF,0xC0,0x00,0x7F,0xFF,0xFF,0xE0,0x00,0x3F,0xFF,0xFF,0xF0,0x00,0x1F,0xFF,0xFF,0xF8,0x00,0x0F,0xFF,
  0xFF,0xFC,0x00,0x07,0xFF,0xFF,0xFC,0x00,0x00,0x00,0x0F,0xFE,0x00,0x00,0x00,0x07,0xFF,0x00,0x00,0x00,0x03,0xFF,0x80,0x70,
  0x00,0x01,0xFF,0xC7,0xFC,0x00,0x01,0xFF,0xEF,0xFE,0x00,0x00,0xFF,0xE3,0xFF,0x80,0x00,0x7F,0xF1,0xFF,0xC0,0x00,0x7F,0xF8,
  0xFF,0xF0,0x00,0x3F,0xFC,0x3F,0xFC,0x00,0x3F,0xFC,0x1F,0xFF,0x00,0x3F,0xFE,0x07,0xFF,0xC0,0x7F,0xFE,0x03,0xFF,0xFF,0xFF,
  0xFF,0x00,0xFF,0xFF,0xFF,0xFF,0x00,0x3F,0xFF,0xFF,0xFF,0x00,0x0F,0xFF,0xFF,0xFF,0x00,0x03,0xFF,0xFF,0xFF,0x00,0x00,0xFF,
  0xFF,0xFF,0x00,0x00,0x3F,0xFF,0xFE,0x00,0x00,0x07,0xFF,0xFC,0x00,0x00,0x00,0x3F,0xF0,0x00,0x00,0x00,0x00,0x01,0xFC,0x00,
  0xFF,0x80,0x07,0xFF,0x00,0xFF,0x80,0x1F,0xFF,0xC0,0xFF,0x80,0x3F,0xFF,0xE0,0xFF,0x80,0x7F,0xFF,0xF0,0xFF,0x80,0xFF,0xFF,
  0xF0,0xFF,0x80,0xFF,0xFF,0xF8,0xFF,0x81,0xFF,0xDF,0xF8,0xFF,0x81,0xFF,0x07,0xFC,0xFF,0x81,0xFE,0x07,0xFC,0xFF,0x83,0xFE,
  0x03,0xFE,0xFF,0x83,0xFE,0x03,0xFE,0xFF,0x83,0xFC,0x03,0xFE,0xFF,0x87,0xFC,0x01,0xFE,0xFF,0x87,0xFC,0x01,0xFF,0xFF,0x87,
  0xFC,0x01,0xFF,0xFF,0x87,0xFC,0x01,0xFF,0xFF,0x87,0xFC,0x01,0xFF,0xFF,0x87,0xF8,0x01,0xFF,0xFF,0x8F,0xF8,0x01,0xFF,0xFF,
  0x8F,0xF8,0x01,0xFF,0xFF,0x8F,0xF8,0x01,0xFF,0xFF,0xFF,0xF8,0x01,0xFF,0xFF,0xFF,0xF8,0x01,0xFF,0xFF,0xFF,0xF8,0x00,0xFF,
  0xFF,0xFF,0xF8,0x00,0xFF,0xFF,0xFF,0xF8,0x00,0xFF,0xFF,0xFF,0xF8,0x00,0xFF,0xFF,0xFF,0xF8,0x01,0xFF,0xFF,0x8F,0xF8,0x01,
  0xFF,0xFF,0x8F,0xF8,0x01,0xFF,0xFF,0x87,0xF8,0x01,0xFF,0xFF,0x87,0xF8,0x01,0xFF,0xFF,0x87,0xFC,0x01,0xFF,0xFF,0x87,0xFC,
  0x01,0xFF,0xFF,0x87,0xFC,0x01,0xFF,0xFF,0x87,0xFC,0x01,0xFF,0xFF,0x87,0xFC,0x01,0xFE,0xFF,0x83,0xFC,0x01,0xFE,0xFF,0x83,
  0xFC,0x03,0xFE,0xFF,0x83,0xFE,0x03,0xFE,0xFF,0x83,0xFE,0x03,0xFC,0xFF,0x81,0xFE,0x07,0xFC,0xFF,0x81,0xFF,0x07,0xFC,0xFF,
  0x80,0xFF,0x9F,0xF8,0xFF,0x80,0xFF,0xFF,0xF8,0xFF,0x80,0x7F,0xFF,0xF0,0xFF,0x80,0x7F,0xFF,0xE0,0xFF,0x80,0x3F,0xFF,0xE0,
  0xFF,0x80,0x1F,0xFF,0xC0,0xFF,0x80,0x07,0xFF,0x00,0x00,0x00,0x01,0xFC,0x00,0x00,0x01,0xFF,0xFF,0xFF,0x80,0x07,0xFF,0xFF,
  0xFF,0xC0,0x1F,0xFF,0xFF,0xFF,0xE0,0x1F,0xFF,0xFF,0xFF,0xF0,0x1F,0xFF,0xFF,0xFF,0xF8,0x1F,0xFF,0xFF,0xFF,0xFC,0x1F,0xFF,
  0xFF,0xFF,0xFE,0x1F,0xFF,0xFF,0xFF,0xFF,0x0F,0xFF,0xFF,0xFF,0xFF,0x8F,0xFF,0xC0,0x03,0xFF,0xC7,0xFF,0xC0,0x01,0xFF,0xE3,
  0xFF,0xC0,0x00,0xFF,0xF1,0xFF,0xC0,0x00,0x7F,0xF8,0xFF,0xE0,0x00,0x3F,0xFC,0x7F,0xF0,0x00,0x1F,0xFE,0x3F,0xF8,0x00,0x0F,
  0xFF,0x1F,0xFC,0x00,0x07,0xFF,0x8F,0xFE,0x00,0x03,0xFF,0xC7,0xFF,0x80,0x01,0xFF,0xE3,0xFF,0xC0,0x00,0xFF,0xF0,0xFF,0xF8,
  0x00,0x7F,0xF8,0x7F,0xFF,0x00,0x3F,0xFC,0x1F,0xFF,0xFF,0xFF,0xFE,0x07,0xFF,0xFF,0xFF,0xFF,0x01,0xFF,0xFF,0xFF,0xFF,0x80,
  0x7F,0xFF,0xFF,0xFF,0xC0,0x1F,0xFF,0xFF,0xFF,0xE0,0x03,0xFF,0xFF,0xFF,0xF0,0x00,0x7F,0xFF,0xFF,0xF8,0x00,0x7F,0xFF,0xFF,
  0xFC,0x00,0x7F,0xFF,0xFF,0xFE,0x00,0x3F,0xFC,0x0F,0xFF,0x00,0x3F,0xFC,0x07,0xFF,0x80,0x1F,0xFE,0x03,0xFF,0xC0,0x1F,0xFE,
  0x01,0xFF,0xE0,0x0F,0xFE,0x00,0xFF,0xF0,0x0F,0xFF,0x00,0x7F,0xF8,0x0F,0xFF,0x00,0x3F,0xFC,0x07,0xFF,0x80,0x1F,0xFE,0x07,
  0xFF,0x80,0x0F,0xFF,0x03,0xFF,0xC0,0x07,0xFF,0x83,0xFF,0xC0,0x03,0xFF,0xC3,0xFF,0xE0,0x01,0xFF,0xE1,0xFF,0xE0,0x00,0xFF,
  0xF1,0xFF,0xE0,0x00,0x7F,0xF8,0xFF,0xF0,0x00,0x3F,0xFC,0xFF,0xF0,0x00,0x1F,0xFE,0xFF,0xF8,0x00,0x0F,0xFF,0x7F,0xF8,0x00,
  0x07,0xFF,0xFF,0xFC,0x00,0x03,0xFF,0xC0,0x00,0x07,0xFF,0x00,0x00,0x00,0x3F,0xFF,0xE0,0x00,0x00,0xFF,0xFF,0xF8,0x00,0x03,
  0xFF,0xFF,0xFC,0x00,0x07,0xFF,0xFF,0xFE,0x00,0x07,0xFF,0xFF,0xFF,0x00,0x0F,0xFF,0xFF,0xFF,0x00,0x1F,0xFE,0x07,0xFF,0x80,
  0x1F,0xFC,0x03,0xFF,0x80,0x3F,0xFC,0x01,0xFF,0x80,0x3F,0xF8,0x01,0xFF,0xC0,0x3F,0xF8,0x01,0xFF,0xC0,0x3F,0xF8,0x01,0xFF,
  0xC0,0x00,0x00,0x00,0xFF,0xC0,0x00,0x00,0x00,0xFF,0xC0,0x00,0x00,0x00,0xFF,0xC0,0x00,0x00,0x00,0xFF,0xC0,0x00,0x1F,0xFF,
  0xFF,0xC0,0x01,0xFF,0xFF,0xFF,0xC0,0x07,0xFF,0xFF,0xFF,0xC0,0x0F,0xFF,0xFF,0xFF,0xC0,0x1F,0xFF,0xFF,0xFF,0xC0,0x3F,0xFF,
  0xFF,0xFF,0xC0,0x7F,0xFE,0x00,0xFF,0xC0,0x7F,0xF8,0x00,0xFF,0xC0,0x7F,0xF0,0x00,0xFF,0xC0,0xFF,0xE0,0x00,0xFF,0xC0,0xFF,
  0xE0,0x01,0xFF,0xC0,0xFF,0xE0,0x01,0xFF,0xC0,0xFF,0xE0,0x01,0xFF,0xC0,0xFF,0xE0,0x03,0xFF,0xC0,0xFF,0xE0,0x03,0xFF,0xC0,
  0xFF,0xF0,0x07,0xFF,0xC0,0xFF,0xF0,0x1F,0xFF,0xE0,0x7F,0xFC,0x7F,0xFF,0xE0,0x7F,0xFF,0xFF,0x7F,0xFF,0x7F,0xFF,0xFE,0x7F,
  0xFF,0x3F,0xFF,0xFC,0x3F,0xFF,0x1F,0xFF,0xFC,0x3F,0xFF,0x0F,0xFF,0xF0,0x1F,0xFF,0x07,0xFF,0xE0,0x0F,0xFF,0x00,0xFF,0x00,
  0x01,0xF8,0x00,0x00,0x00,0x00,0xF8,0x00,0x00,0x00,0x7F,0xF0,0x00,0x00,0x3F,0xFF,0xE0,0x00,0x07,0xFF,0xFF,0xC0,0x00,0x3F,
  0xFF,0xFF,0x80,0x03,0xFF,0xFF,0xFF,0x00,0x0F,0xFF,0xFF,0xFE,0x00,0x7F,0xFF,0xFF,0xFC,0x01,0xFF,0xFF,0xFF,0xF8,0x07,0xFF,
  0xFF,0xFC,0x00,0x1F,0xFF,0xFC,0x00,0x00,0x3F,0xFF,0x00,0x00,0x00,0xFF,0xF0,0x00,0x00,0x03,0xFF,0x00,0x00,0x00,0x07,0xF8,
  0x00,0x00,0x00,0x1F,0xE0,0x00,0x00,0x00,0x3F,0x80,0x00,0x00,0x00,0x7F,0x00,0x00,0x00,0x01,0xFC,0x01,0xFF,0x80,0x03,0xF8,
  0x1F,0xFF,0xE0,0x07,0xE0,0xFF,0xFF,0xF0,0x0F,0xC3,0xFF,0xFF,0xF0,0x3F,0x8F,0xFF,0xFF,0xF0,0x7F,0x3F,0xFF,0xFF,0xF0,0xFC,
  0xFF,0xFF,0xFF,0xF1,0xF9,0xFF,0x07,0xFF,0xE3,0xF7,0xF8,0x03,0xFF,0xE7,0xEF,0xE0,0x03,0xFF,0xCF,0xFF,0x80,0x03,0xFF,0xDF,
  0xFE,0x00,0x07,0xFF,0xBF,0xFC,0x00,0x07,0xFF,0x7F,0xF8,0x00,0x0F,0xFE,0xFF,0xE0,0x00,0x1F,0xFD,0xFF,0xC0,0x00,0x3F,0xFF,
  0xFF,0x80,0x00,0x3F,0xFF,0xFF,0x00,0x00,0x7F,0xFF,0xFE,0x00,0x00,0xFF,0xFF,0xFC,0x00,0x01,0xFF,0xFF,0xF8,0x00,0x03,0xFF,
  0xFF,0xF0,0x00,0x07,0xFF,0xFF,0xE0,0x00,0x0F,0xFE,0xFF,0xC0,0x00,0x3F,0xFD,0xFF,0x80,0x00,0x7F,0xF3,0xFF,0x80,0x00,0xFF,
  0xE7,0xFF,0x00,0x01,0xFF,0xC7,0xFE,0x00,0x07,0xFF,0x8F,0xFE,0x00,0x0F,0xFE,0x1F,0xFE,0x00,0x3F,0xFC,0x1F,0xFE,0x00,0xFF,
  0xF0,0x1F,0xFF,0x07,0xFF,0xE0,0x3F,0xFF,0xFF,0xFF,0x80,0x3F,0xFF,0xFF,0xFE,0x00,0x3F,0xFF,0xFF,0xF8,0x00,0x3F,0xFF,0xFF,
  0xE0,0x00,0x1F,0xFF,0xFF,0x80,0x00,0x1F,0xFF,0xF8,0x00,0x00,0x03,0xFF,0x80,0x00,0xFF,0xFF,0xFF,0xC0,0x07,0xFF,0xFF,0xFF,
  0xE0,0x3F,0xFF,0xFF,0xFF,0xC1,0xFF,0xFF,0xFF,0xFF,0x0F,0xFF,0xFF,0xFF,0xFC,0x7F,0xFF,0xFF,0xFF,0xF3,0xFF,0xFF,0xFF,0xFF,
  0x9F,0xFC,0x00,0x3F,0xFE,0xFF,0xE0,0x00,0xFF,0xF7,0xFF,0x00,0x03,0xFF,0xBF,0xF8,0x00,0x1F,0xFD,0xFF,0xC0,0x00,0xFF,0xEF,
  0xFE,0x00,0x07,0xFF,0x7F,0xF0,0x00,0x7F,0xF3,0xFF,0x80,0x03,0xFF,0x9F,0xFC,0x00,0xFF,0xF8,0xFF,0xFF,0xFF,0xFF,0x87,0xFF,
  0xFF,0xFF,0xF0,0x3F,0xFF,0xFF,0xFC,0x01,0xFF,0xFF,0xFF,0xF8,0x0F,0xFF,0xFF,0xFF,0xF0,0x7F,0xFF,0xFF,0xFF,0xE3,0xFF,0x80,
  0xFF,0xFF,0x9F,0xFC,0x00,0x1F,0xFE,0xFF,0xE0,0x00,0x7F,0xF7,0xFF,0x00,0x01,0xFF,0xFF,0xF8,0x00,0x0F,0xFF,0xFF,0xC0,0x00,
  0x7F,0xFF,0xFE,0x00,0x03,0xFF,0xFF,0xF0,0x00,0x1F,0xFF,0xFF,0x80,0x00,0xFF,0xFF,0xFC,0x00,0x0F,0xFF,0xFF,0xE0,0x00,0xFF,
  0xF7,0xFF,0xFF,0xFF,0xFF,0xBF,0xFF,0xFF,0xFF,0xF9,0xFF,0xFF,0xFF,0xFF,0xCF,0xFF,0xFF,0xFF,0xFC,0x7F,0xFF,0xFF,0xFF,0x83,
  0xFF,0xFF,0xFF,0xF0,0x1F,0xFF,0xFF,0xF8,0x00,0xFF,0xFF,0xFF,0xFF,0xFF,0xFF,0xFF,0xFF,0xFF,0xFF,0xFF,0xFF,0xFF,0xFF,0xFF,
  0xFF,0xFF,0xFF,0xFF,0xFF,0xFF,0xFF,0xFF,0xFF,0xFF,0xFF,0xFF,0xFF,0xF0,0x00,0x00,0xFF,0xE0,0x00,0x01,0xFF,0xC0,0x00,0x03,
  0xFF,0x80,0x00,0x07,0xFF,0x00,0x00,0x0F,0xFE,0x00,0x00,0x1F,0xFC,0x00,0x00,0x3F,0xF8,0x00,0x00,0x7F,0xF0,0x00,0x00,0xFF,
  0xE0,0x00,0x01,0xFF,0xC0,0x00,0x03,0xFF,0x80,0x00,0x07,0xFF,0x00,0x00,0x0F,0xFE,0x00,0x00,0x1F,0xFC,0x00,0x00,0x3F,0xF8,
  0x00,0x00,0x7F,0xF0,0x00,0x00,0xFF,0xE0,0x00,0x01,0xFF,0xC0,0x00,0x03,0xFF,0x80,0x00,0x07,0xFF,0x00,0x00,0x0F,0xFE,0x00,
  0x00,0x1F,0xFC,0x00,0x00,0x3F,0xF8,0x00,0x00,0x7F,0xF0,0x00,0x00,0xFF,0xE0,0x00,0x01,0xFF,0xC0,0x00,0x03,0xFF,0x80,0x00,
  0x07,0xFF,0x00,0x00,0x0F,0xFE,0x00,0x00,0x1F,0xFC,0x00,0x00,0x3F,0xF8,0x00,0x00,0x7F,0xF0,0x00,0x00,0x00,0x07,0xFF,0xFF,
  0xFE,0x00,0x00,0x7F,0xFF,0xFF,0xE0,0x00,0x07,0xFF,0xFF,0xFE,0x00,0x00,0x7F,0xFF,0xFF,0xE0,0x00,0x07,0xFF,0xFF,0xFE,0x00,
  0x00,0x7F,0xFF,0xFF,0xE0,0x00,0x0F,0xFF,0xFF,0xFE,0x00,0x00,0xFF,0xC0,0xFF,0xE0,0x00,0x0F,0xFC,0x0F,0xFE,0x00,0x00,0xFF,
  0xC0,0xFF,0xE0,0x00,0x0F,0xF8,0x0F,0xFE,0x00,0x00,0xFF,0x80,0xFF,0xE0,0x00,0x1F,0xF8,0x0F,0xFE,0x00,0x01,0xFF,0x80,0xFF,
  0xE0,0x00,0x1F,0xF8,0x0F,0xFE,0x00,0x01,0xFF,0x80,0xFF,0xE0,0x00,0x1F,0xF0,0x0F,0xFE,0x00,0x03,0xFF,0x00,0xFF,0xE0,0x00,
  0x3F,0xF0,0x0F,0xFE,0x00,0x03,0xFF,0x00,0xFF,0xE0,0x00,0x3F,0xF0,0x0F,0xFE,0x00,0x03,0xFE,0x00,0xFF,0xE0,0x00,0x7F,0xE0,
  0x0F,0xFE,0x00,0x07,0xFE,0x00,0xFF,0xE0,0x00,0x7F,0xE0,0x0F,0xFE,0x00,0x0F,0xFE,0x00,0xFF,0xE0,0x00,0xFF,0xC0,0x0F,0xFE,
  0x00,0x0F,0xFC,0x00,0xFF,0xE0,0x01,0xFF,0xC0,0x0F,0xFE,0x00,0x1F,0xF8,0x00,0xFF,0xE0,0x03,0xFF,0x80,0x0F,0xFE,0x00,0x3F,
  0xF0,0x00,0xFF,0xE0,0x07,0xFF,0x00,0x0F,0xFE,0x0F,0xFF,0xFF,0xFF,0xFF,0xFF,0xFF,0xFF,0xFF,0xFF,0xFF,0xFF,0xFF,0xFF,0xFF,
  0xFF,0xFF,0xFF,0xFF,0xFF,0xFF,0xFF,0xFF,0xFF,0xFF,0xFF,0xFF,0xFF,0xFF,0xFF,0xFF,0xFF,0xFF,0xFF,0xFF,0xFF,0xFF,0xFF,0xFF,
  0xFF,0xC0,0x00,0x00,0x1F,0xFF,0xFC,0x00,0x00,0x01,0xFF,0xFF,0xC0,0x00,0x00,0x1F,0xFF,0xFC,0x00,0x00,0x01,0xFF,0xFF,0xC0,
  0x00,0x00,0x1F,0xFF,0xFC,0x00,0x00,0x01,0xFF,0xFF,0xC0,0x00,0x00,0x1F,0xFF,0xFC,0x00,0x00,0x01,0xFF,0xFF,0xC0,0x00,0x00,
  0x1F,0xFF,0xFC,0x00,0x00,0x01,0xFF,0xFF,0xC0,0x00,0x00,0x1F,0xFF,0xFC,0x00,0x00,0x01,0xFF,0xFF,0xC0,0x00,0x00,0x1F,0xFF,
  0xFC,0x00,0x00,0x01,0xFF,0xFF,0xC0,0x00,0x00,0x1F,0xF0,0x00,0x03,0xFF,0x00,0x00,0x00,0x7F,0xFF,0x80,0x00,0x07,0xFF,0xFF,
  0x80,0x00,0x7F,0xFF,0xFF,0x80,0x03,0xFF,0xFF,0xFF,0x00,0x1F,0xFF,0xFF,0xFE,0x00,0xFF,0xFF,0xFF,0xFC,0x07,0xFF,0x80,0x7F,
  0xF0,0x1F,0xFC,0x00,0xFF,0xE0,0xFF,0xE0,0x01,0xFF,0x83,0xFF,0x00,0x03,0xFF,0x1F,0xFC,0x00,0x07,0xFC,0x7F,0xE0,0x00,0x1F,
  0xF9,0xFF,0x80,0x00,0x7F,0xEF,0xFE,0x00,0x00,0xFF,0xBF,0xF8,0x00,0x03,0xFE,0xFF,0xFF,0xFF,0xFF,0xFF,0xFF,0xFF,0xFF,0xFF,
  0xFF,0xFF,0xFF,0xFF,0xFF,0xFF,0xFF,0xFF,0xFF,0xFF,0xFF,0xFF,0xFF,0xFF,0xFF,0xFF,0xFF,0xFF,0xFF,0xFF,0xFF,0xFF,0xFF,0xFF,
  0xFF,0xF8,0x00,0x00,0x00,0xFF,0xE0,0x00,0x00,0x03,0xFF,0x80,0x00,0x00,0x0F,0xFE,0x00,0x00,0x00,0x3F,0xF8,0x00,0x00,0x00,
  0x7F,0xF0,0x00,0x00,0x01,0xFF,0xC0,0x00,0x00,0x07,0xFF,0x00,0x01,0xFC,0x0F,0xFE,0x00,0x07,0xFE,0x3F,0xFC,0x00,0x3F,0xF8,
  0x7F,0xF8,0x01,0xFF,0xC1,0xFF,0xF8,0x1F,0xFE,0x03,0xFF,0xFF,0xFF,0xF8,0x07,0xFF,0xFF,0xFF,0xC0,0x0F,0xFF,0xFF,0xFE,0x00,
  0x1F,0xFF,0xFF,0xE0,0x00,0x1F,0xFF,0xFF,0x00,0x00,0x1F,0xFF,0xF0,0x00,0x00,0x0F,0xFE,0x00,0x00,0x7F,0xC0,0x1F,0xE0,0x0F,
  0xFB,0xFE,0x00,0xFF,0x00,0x7F,0xDF,0xF8,0x07,0xF8,0x07,0xFC,0x7F,0xC0,0x3F,0xC0,0x3F,0xE3,0xFE,0x01,0xFE,0x03,0xFE,0x0F,
  0xF8,0x0F,0xF0,0x1F,0xF0,0x7F,0xC0,0x7F,0x80,0xFF,0x81,0xFE,0x03,0xFC,0x0F,0xF8,0x0F,0xF8,0x1F,0xE0,0x7F,0xC0,0x7F,0xC0,
  0xFF,0x07,0xFC,0x01,0xFF,0x07,0xF8,0x3F,0xE0,0x0F,0xF8,0x3F,0xC1,0xFE,0x00,0x3F,0xE1,0xFE,0x1F,0xF0,0x01,0xFF,0x0F,0xF1,
  0xFF,0x00,0x07,0xFC,0x7F,0x8F,0xF8,0x00,0x3F,0xF3,0xFD,0xFF,0x80,0x00,0xFF,0xFF,0xFF,0xFC,0x00,0x03,0xFF,0xFF,0xFF,0xC0,
  0x00,0x1F,0xFF,0xFF,0xFC,0x00,0x00,0xFF,0xFF,0xFF,0xF0,0x00,0x07,0xFF,0xFF,0xFF,0x80,0x00,0x7F,0xFF,0xFF,0xFE,0x00,0x03,
  0xFC,0x7F,0x8F,0xF0,0x00,0x3F,0xE3,0xFC,0x7F,0x80,0x01,0xFE,0x1F,0xE3,0xFE,0x00,0x1F,0xF0,0xFF,0x0F,0xF0,0x00,0xFF,0x07,
  0xF8,0x7F,0xC0,0x0F,0xF8,0x3F,0xC1,0xFE,0x00,0x7F,0xC1,0xFE,0x0F,0xF8,0x03,0xFC,0x0F,0xF0,0x7F,0xC0,0x3F,0xE0,0x7F,0x81,
  0xFE,0x01,0xFF,0x03,0xFC,0x0F,0xF8,0x1F,0xF0,0x1F,0xE0,0x7F,0xC0,0xFF,0x80,0xFF,0x01,0xFF,0x0F,0xF8,0x07,0xF8,0x0F,0xF8,
  0x7F,0xC0,0x3F,0xC0,0x3F,0xE3,0xFE,0x01,0xFE,0x01,0xFF,0x3F,0xE0,0x0F,0xF0,0x0F,0xFD,0xFF,0x00,0x7F,0x80,0x3F,0xFF,0xF0,
  0x03,0xFC,0x01,0xFF,0x00,0x07,0xFF,0x80,0x00,0x03,0xFF,0xFF,0x80,0x00,0x7F,0xFF,0xFF,0x00,0x0F,0xFF,0xFF,0xFE,0x00,0xFF,
  0xFF,0xFF,0xF8,0x0F,0xFF,0xFF,0xFF,0xE0,0xFF,0xFF,0xFF,0xFF,0x07,0xFF,0x00,0x7F,0xFC,0x7F,0xE0,0x00,0xFF,0xE3,0xFE,0x00,
  0x03,0xFF,0x1F,0xF0,0x00,0x1F,0xF8,0x3F,0x80,0x00,0xFF,0xC0,0x00,0x00,0x07,0xFE,0x00,0x00,0x00,0x3F,0xF0,0x00,0x00,0x03,
  0xFF,0x80,0x00,0x00,0x3F,0xF8,0x00,0x00,0x1F,0xFF,0x80,0x00,0x3F,0xFF,0xF8,0x00,0x01,0xFF,0xFF,0x80,0x00,0x0F,0xFF,0xE0,
  0x00,0x00,0x7F,0xFF,0x80,0x00,0x03,0xFF,0xFF,0x00,0x00,0x1F,0xFF,0xFE,0x00,0x00,0xFF,0xFF,0xF8,0x00,0x00,0x07,0xFF,0xE0,
  0x00,0x00,0x07,0xFF,0x80,0x00,0x00,0x1F,0xFC,0x00,0x00,0x00,0xFF,0xE0,0x00,0x00,0x03,0xFF,0x83,0xC0,0x00,0x1F,0xFF,0xFE,
  0x00,0x00,0xFF,0xFF,0xF8,0x00,0x0F,0xFF,0xFF,0xE0,0x00,0x7F,0xF3,0xFF,0x80,0x07,0xFF,0x9F,0xFF,0x01,0xFF,0xFC,0x7F,0xFF,
  0xFF,0xFF,0xC1,0xFF,0xFF,0xFF,0xFC,0x07,0xFF,0xFF,0xFF,0xC0,0x1F,0xFF,0xFF,0xFC,0x00,0x7F,0xFF,0xFF,0x80,0x00,0xFF,0xFF,
  0xF0,0x00,0x00,0x7F,0xF8,0x00,0x00,0xFF,0xC0,0x00,0x7F,0xFF,0xFC,0x00,0x0F,0xFF,0xFF,0xC0,0x01,0xFF,0xFF,0xFC,0x00,0x1F,
  0xFF,0xFF,0xC0,0x03,0xFF,0xFF,0xFC,0x00,0x3F,0xFF,0xFF,0xC0,0x07,0xFF,0xFF,0xFC,0x00,0x7F,0xFF,0xFF,0xC0,0x0F,0xFF,0xFF,
  0xFC,0x00,0xFF,0xFF,0xFF,0xC0,0x1F,0xFF,0xFF,0xFC,0x03,0xFF,0xFF,0xFF,0xC0,0x3F,0xFF,0xFF,0xFC,0x07,0xFF,0xFF,0xFF,0xC0,
  0x7F,0xBF,0xFF,0xFC,0x0F,0xFB,0xFF,0xFF,0xC0,0xFF,0x3F,0xFF,0xFC,0x1F,0xF3,0xFF,0xFF,0xC3,0xFE,0x3F,0xFF,0xFC,0x3F,0xC3,
  0xFF,0xFF,0xC7,0xFC,0x3F,0xFF,0xFC,0x7F,0x83,0xFF,0xFF,0xCF,0xF8,0x3F,0xFF,0xFC,0xFF,0x03,0xFF,0xFF,0xDF,0xF0,0x3F,0xFF,
  0xF9,0xFE,0x03,0xFF,0xFF,0xBF,0xE0,0x3F,0xFF,0xFF,0xFC,0x03,0xFF,0xFF,0xFF,0xC0,0x3F,0xFF,0xFF,0xF8,0x03,0xFF,0xFF,0xFF,
  0x00,0x3F,0xFF,0xFF,0xF0,0x03,0xFF,0xFF,0xFE,0x00,0x3F,0xFF,0xFF,0xE0,0x03,0xFF,0xFF,0xFC,0x00,0x3F,0xFF,0xFF,0xC0,0x03,
  0xFF,0xFF,0xF8,0x00,0x3F,0xFF,0xFF,0x80,0x03,0xFF,0xFF,0xF0,0x00,0x3F,0xFF,0xFF,0x00,0x03,0xFF,0x1F,0xE0,0x00,0xFF,0x81,
  0xFE,0x00,0x0F,0xF8,0x1F,0xE0,0x00,0xFF,0x81,0xFF,0x00,0x0F,0xF0,0x1F,0xF8,0x01,0xFF,0x00,0xFF,0xE0,0x7F,0xF0,0x0F,0xFF,
  0xFF,0xFE,0x00,0x7F,0xFF,0xFF,0xC0,0x03,0xFF,0xFF,0xF8,0x00,0x0F,0xFF,0xFE,0x00,0x00,0x1F,0xFF,0x00,0x00,0x00,0x00,0x00,
  0x00,0x00,0x00,0x00,0x00,0x00,0x00,0x00,0x00,0x00,0x00,0x00,0x00,0x00,0x0F,0xFC,0x00,0x07,0xFF,0xFF,0xC0,0x00,0xFF,0xFF,
  0xFC,0x00,0x1F,0xFF,0xFF,0xC0,0x01,0xFF,0xFF,0xFC,0x00,0x3F,0xFF,0xFF,0xC0,0x03,0xFF,0xFF,0xFC,0x00,0x7F,0xFF,0xFF,0xC0,
  0x07,0xFF,0xFF,0xFC,0x00,0xFF,0xFF,0xFF,0xC0,0x0F,0xFF,0xFF,0xFC,0x01,0xFF,0xFF,0xFF,0xC0,0x3F,0xFF,0xFF,0xFC,0x03,0xFF,
  0xFF,0xFF,0xC0,0x7F,0xFF,0xFF,0xFC,0x07,0xFB,0xFF,0xFF,0xC0,0xFF,0xBF,0xFF,0xFC,0x0F,0xF3,0xFF,0xFF,0xC1,0xFF,0x3F,0xFF,
  0xFC,0x3F,0xE3,0xFF,0xFF,0xC3,0xFC,0x3F,0xFF,0xFC,0x7F,0xC3,0xFF,0xFF,0xC7,0xF8,0x3F,0xFF,0xFC,0xFF,0x83,0xFF,0xFF,0xCF,
  0xF0,0x3F,0xFF,0xFD,0xFF,0x03,0xFF,0xFF,0x9F,0xE0,0x3F,0xFF,0xFB,0xFE,0x03,0xFF,0xFF,0xFF,0xC0,0x3F,0xFF,0xFF,0xFC,0x03,
  0xFF,0xFF,0xFF,0x80,0x3F,0xFF,0xFF,0xF0,0x03,0xFF,0xFF,0xFF,0x00,0x3F,0xFF,0xFF,0xE0,0x03,0xFF,0xFF,0xFE,0x00,0x3F,0xFF,
  0xFF,0xC0,0x03,0xFF,0xFF,0xFC,0x00,0x3F,0xFF,0xFF,0x80,0x03,0xFF,0xFF,0xF8,0x00,0x3F,0xFF,0xFF,0x00,0x03,0xFF,0xFF,0xF0,
  0x00,0x3F,0xF0,0xFF,0xE0,0x00,0x3F,0xFB,0xFF,0x80,0x00,0xFF,0xEF,0xFE,0x00,0x07,0xFF,0x3F,0xF8,0x00,0x1F,0xF8,0xFF,0xE0,
  0x00,0xFF,0xE3,0xFF,0x80,0x07,0xFF,0x0F,0xFE,0x00,0x1F,0xF8,0x3F,0xF8,0x00,0xFF,0xE0,0xFF,0xE0,0x07,0xFF,0x03,0xFF,0x80,
  0x1F,0xF8,0x0F,0xFE,0x00,0xFF,0xE0,0x3F,0xF8,0x07,0xFF,0x00,0xFF,0xE0,0x1F,0xFC,0x03,0xFF,0x80,0xFF,0xE0,0x0F,0xFE,0x0F,
  0xFF,0x00,0x3F,0xF8,0xFF,0xF8,0x00,0xFF,0xFF,0xFF,0xE0,0x03,0xFF,0xFF,0xFF,0x00,0x0F,0xFF,0xFF,0xF0,0x00,0x3F,0xFF,0xFF,
  0xE0,0x00,0xFF,0xFF,0xFF,0x80,0x03,0xFF,0xFF,0xFF,0x00,0x0F,0xFF,0xEF,0xFE,0x00,0x3F,0xF8,0x1F,0xF8,0x00,0xFF,0xE0,0x7F,
  0xF0,0x03,0xFF,0x80,0xFF,0xE0,0x0F,0xFE,0x01,0xFF,0x80,0x3F,0xF8,0x07,0xFF,0x00,0xFF,0xE0,0x0F,0xFE,0x03,0xFF,0x80,0x3F,
  0xF8,0x0F,0xFE,0x00,0x7F,0xF0,0x3F,0xF8,0x00,0xFF,0xE0,0xFF,0xE0,0x03,0xFF,0x83,0xFF,0x80,0x07,0xFF,0x0F,0xFE,0x00,0x0F,
  0xFE,0x3F,0xF8,0x00,0x3F,0xF8,0xFF,0xE0,0x00,0x7F,0xF3,0xFF,0x80,0x01,0xFF,0xEF,0xFE,0x00,0x03,0xFF,0xBF,0xF8,0x00,0x07,
  0xFF,0x00,0x1F,0xFF,0xFF,0xFF,0x00,0x1F,0xFF,0xFF,0xFF,0x00,0x1F,0xFF,0xFF,0xFF,0x00,0x1F,0xFF,0xFF,0xFF,0x00,0x3F,0xFF,
  0xFF,0xFF,0x00,0x3F,0xFF,0xFF,0xFF,0x00,0x3F,0xFF,0xFF,0xFF,0x00,0x3F,0xF0,0x07,0xFF,0x00,0x3F,0xF0,0x07,0xFF,0x00,0x3F,
  0xF0,0x07,0xFF,0x00,0x3F,0xE0,0x07,0xFF,0x00,0x7F,0xE0,0x07,0xFF,0x00,0x7F,0xE0,0x07,0xFF,0x00,0x7F,0xE0,0x07,0xFF,0x00,
  0x7F,0xE0,0x07,0xFF,0x00,0x7F,0xE0,0x07,0xFF,0x00,0x7F,0xE0,0x07,0xFF,0x00,0x7F,0xC0,0x07,0xFF,0x00,0xFF,0xC0,0x07,0xFF,
  0x00,0xFF,0xC0,0x07,0xFF,0x00,0xFF,0xC0,0x07,0xFF,0x00,0xFF,0xC0,0x07,0xFF,0x00,0xFF,0xC0,0x07,0xFF,0x00,0xFF,0xC0,0x07,
  0xFF,0x01,0xFF,0x80,0x07,0xFF,0x01,0xFF,0x80,0x07,0xFF,0x01,0xFF,0x80,0x07,0xFF,0x01,0xFF,0x80,0x07,0xFF,0x01,0xFF,0x80,
  0x07,0xFF,0x03,0xFF,0x00,0x07,0xFF,0x03,0xFF,0x00,0x07,0xFF,0x07,0xFF,0x00,0x07,0xFF,0x07,0xFE,0x00,0x07,0xFF,0x1F,0xFE,
  0x00,0x07,0xFF,0xFF,0xFE,0x00,0x07,0xFF,0xFF,0xFC,0x00,0x07,0xFF,0xFF,0xFC,0x00,0x07,0xFF,0xFF,0xF8,0x00,0x07,0xFF,0xFF,
  0xF0,0x00,0x07,0xFF,0xFF,0xE0,0x00,0x07,0xFF,0xFF,0x80,0x00,0x00,0x00,0xFF,0xF0,0x00,0x3F,0xFF,0xFF,0xC0,0x00,0xFF,0xFF,
  0xFF,0x80,0x07,0xFF,0xFF,0xFE,0x00,0x1F,0xFF,0xFF,0xF8,0x00,0x7F,0xFF,0xFF,0xE0,0x01,0xFF,0xFF,0xFF,0xC0,0x0F,0xFF,0xFF,
  0xFF,0x00,0x3F,0xFF,0xFF,0xFC,0x00,0xFF,0xFF,0xFF,0xF0,0x03,0xFF,0xFF,0xEF,0xE0,0x1F,0xFF,0xFF,0xBF,0x80,0x7F,0xFF,0xFE,
  0xFE,0x01,0xFB,0xFF,0xF9,0xF8,0x07,0xEF,0xFF,0xE7,0xF0,0x3F,0xBF,0xFF,0x9F,0xC0,0xFE,0xFF,0xFE,0x7F,0x03,0xF3,0xFF,0xF8,
  0xFC,0x0F,0xCF,0xFF,0xE3,0xF8,0x7F,0x3F,0xFF,0x8F,0xE1,0xFC,0xFF,0xFE,0x3F,0x87,0xE3,0xFF,0xF8,0x7E,0x1F,0x8F,0xFF,0xE1,
  0xFC,0xFE,0x3F,0xFF,0x87,0xF3,0xF8,0xFF,0xFE,0x1F,0xCF,0xC3,0xFF,0xF8,0x3F,0x3F,0x0F,0xFF,0xE0,0xFC,0xFC,0x3F,0xFF,0x83,
  0xFB,0xF0,0xFF,0xFE,0x0F,0xFF,0xC3,0xFF,0xF8,0x1F,0xFE,0x0F,0xFF,0xE0,0x7F,0xF8,0x3F,0xFF,0x81,0xFF,0xE0,0xFF,0xFE,0x07,
  0xFF,0x83,0xFF,0xF8,0x0F,0xFC,0x0F,0xFF,0xE0,0x3F,0xF0,0x3F,0xFF,0x80,0xFF,0xC0,0xFF,0xFE,0x03,0xFF,0x03,0xFF,0xF8,0x07,
  0xF8,0x0F,0xFF,0xE0,0x1F,0xE0,0x3F,0xFF,0x80,0x7F,0x80,0xFF,0xFF,0xE0,0x00,0x7F,0xFF,0xFE,0x00,0x07,0xFF,0xFF,0xE0,0x00,
  0x7F,0xFF,0xFE,0x00,0x07,0xFF,0xFF,0xE0,0x00,0x7F,0xFF,0xFE,0x00,0x07,0xFF,0xFF,0xE0,0x00,0x7F,0xFF,0xFE,0x00,0x07,0xFF,
  0xFF,0xE0,0x00,0x7F,0xFF,0xFE,0x00,0x07,0xFF,0xFF,0xE0,0x00,0x7F,0xFF,0xFE,0x00,0x07,0xFF,0xFF,0xE0,0x00,0x7F,0xFF,0xFE,
  0x00,0x07,0xFF,0xFF,0xE0,0x00,0x7F,0xFF,0xFE,0x00,0x07,0xFF,0xFF,0xFF,0xFF,0xFF,0xFF,0xFF,0xFF,0xFF,0xFF,0xFF,0xFF,0xFF,
  0xFF,0xFF,0xFF,0xFF,0xFF,0xFF,0xFF,0xFF,0xFF,0xFF,0xFF,0xFF,0xFF,0xFF,0xFF,0xFF,0xFF,0xFF,0xFF,0xFF,0xFE,0x00,0x07,0xFF,
  0xFF,0xE0,0x00,0x7F,0xFF,0xFE,0x00,0x07,0xFF,0xFF,0xE0,0x00,0x7F,0xFF,0xFE,0x00,0x07,0xFF,0xFF,0xE0,0x00,0x7F,0xFF,0xFE,
  0x00,0x07,0xFF,0xFF,0xE0,0x00,0x7F,0xFF,0xFE,0x00,0x07,0xFF,0xFF,0xE0,0x00,0x7F,0xFF,0xFE,0x00,0x07,0xFF,0xFF,0xE0,0x00,
  0x7F,0xFF,0xFE,0x00,0x07,0xFF,0xFF,0xE0,0x00,0x7F,0xFF,0xFE,0x00,0x07,0xFF,0xFF,0xE0,0x00,0x7F,0xFF,0xFE,0x00,0x07,0xFF,
  0x00,0x03,0xFF,0xC0,0x00,0x00,0x3F,0xFF,0xF0,0x00,0x01,0xFF,0xFF,0xF8,0x00,0x07,0xFF,0xFF,0xF8,0x00,0x3F,0xFF,0xFF,0xFC,
  0x00,0xFF,0xFF,0xFF,0xFC,0x01,0xFF,0xFF,0xFF,0xF8,0x07,0xFF,0xE1,0xFF,0xF8,0x1F,0xFE,0x00,0xFF,0xF8,0x3F,0xF8,0x00,0x7F,
  0xF0,0xFF,0xE0,0x00,0xFF,0xF1,0xFF,0xC0,0x00,0xFF,0xE7,0xFF,0x80,0x01,0xFF,0xCF,0xFE,0x00,0x03,0xFF,0x9F,0xFC,0x00,0x03,
  0xFF,0xBF,0xF8,0x00,0x07,0xFF,0x7F,0xF0,0x00,0x0F,0xFE,0xFF,0xE0,0x00,0x1F,0xFF,0xFF,0xC0,0x00,0x3F,0xFF,0xFF,0x00,0x00,
  0x7F,0xFF,0xFE,0x00,0x00,0xFF,0xFF,0xFC,0x00,0x01,0xFF,0xFF,0xF8,0x00,0x03,0xFF,0xFF,0xF8,0x00,0x07,0xFF,0x7F,0xF0,0x00,
  0x0F,0xFE,0xFF,0xE0,0x00,0x1F,0xFD,0xFF,0xC0,0x00,0x3F,0xFB,0xFF,0x80,0x00,0x7F,0xF7,0xFF,0x00,0x01,0xFF,0xC7,0xFF,0x00,
  0x03,0xFF,0x8F,0xFE,0x00,0x07,0xFF,0x1F,0xFE,0x00,0x1F,0xFC,0x1F,0xFC,0x00,0x7F,0xF8,0x3F,0xFC,0x01,0xFF,0xE0,0x3F,0xFE,
  0x0F,0xFF,0xC0,0x3F,0xFF,0xFF,0xFF,0x00,0x7F,0xFF,0xFF,0xFC,0x00,0x7F,0xFF,0xFF,0xF0,0x00,0x3F,0xFF,0xFF,0xC0,0x00,0x3F,
  0xFF,0xFE,0x00,0x00,0x1F,0xFF,0xF0,0x00,0x00,0x07,0xFF,0x00,0x00,0xFF,0xFF,0xFF,0xFF,0xFF,0xFF,0xFF,0xFF,0xFF,0xFF,0xFF,
  0xFF,0xFF,0xFF,0xFF,0xFF,0xFF,0xFF,0xFF,0xFF,0xFF,0xFF,0xFF,0xFF,0xFF,0xFF,0xFF,0xFF,0xFF,0xFF,0xFF,0xFF,0xFE,0x00,0x07,
  0xFF,0xFF,0xE0,0x00,0x7F,0xFF,0xFE,0x00,0x07,0xFF,0xFF,0xE0,0x00,0x7F,0xFF,0xFE,0x00,0x07,0xFF,0xFF,0xE0,0x00,0x7F,0xFF,
  0xFE,0x00,0x07,0xFF,0xFF,0xE0,0x00,0x7F,0xFF,0xFE,0x00,0x07,0xFF,0xFF,0xE0,0x00,0x7F,0xFF,0xFE,0x00,0x07,0xFF,0xFF,0xE0,
  0x00,0x7F,0xFF,0xFE,0x00,0x07,0xFF,0xFF,0xE0,0x00,0x7F,0xFF,0xFE,0x00,0x07,0xFF,0xFF,0xE0,0x00,0x7F,0xFF,0xFE,0x00,0x07,
  0xFF,0xFF,0xE0,0x00,0x7F,0xFF,0xFE,0x00,0x07,0xFF,0xFF,0xE0,0x00,0x7F,0xFF,0xFE,0x00,0x07,0xFF,0xFF,0xE0,0x00,0x7F,0xFF,
  0xFE,0x00,0x07,0xFF,0xFF,0xE0,0x00,0x7F,0xFF,0xFE,0x00,0x07,0xFF,0xFF,0xE0,0x00,0x7F,0xFF,0xFE,0x00,0x07,0xFF,0xFF,0xE0,
  0x00,0x7F,0xFF,0xFE,0x00,0x07,0xFF,0xFF,0xE0,0x00,0x7F,0xFF,0xFE,0x00,0x07,0xFF,0xFF,0xE0,0x00,0x7F,0xFF,0xFE,0x00,0x07,
  0xFF,0x00,0x00,0x1F,0xE0,0x07,0xFE,0x07,0xFF,0xC0,0x3F,0xF8,0x7F,0xFF,0x01,0xFF,0xC7,0xFF,0xFC,0x0F,0xFE,0x7F,0xFF,0xF0,
  0x7F,0xF7,0xFF,0xFF,0xC3,0xFF,0xFF,0xFF,0xFF,0x1F,0xFF,0xF0,0xFF,0xF8,0xFF,0xFE,0x03,0xFF,0xE7,0xFF,0xE0,0x0F,0xFF,0x3F,
  0xFE,0x00,0x3F,0xFD,0xFF,0xF0,0x00,0xFF,0xEF,0xFF,0x00,0x07,0xFF,0x7F,0xF8,0x00,0x3F,0xFB,0xFF,0xC0,0x01,0xFF,0xFF,0xFC,
  0x00,0x07,0xFF,0xFF,0xE0,0x00,0x3F,0xFF,0xFF,0x00,0x01,0xFF,0xFF,0xF8,0x00,0x0F,0xFF,0xFF,0xC0,0x00,0x7F,0xFF,0xFE,0x00,
  0x03,0xFF,0xFF,0xF0,0x00,0x1F,0xFF,0xFF,0x80,0x00,0xFF,0xFF,0xFC,0x00,0x07,0xFF,0xFF,0xE0,0x00,0x3F,0xFF,0xFF,0x00,0x01,
  0xFF,0xFF,0xF8,0x00,0x0F,0xFF,0xFF,0xC0,0x00,0xFF,0xFF,0xFF,0x00,0x07,0xFF,0x7F,0xF8,0x00,0x3F,0xFB,0xFF,0xE0,0x01,0xFF,
  0xDF,0xFF,0x00,0x1F,0xFE,0xFF,0xFC,0x01,0xFF,0xE7,0xFF,0xF0,0x1F,0xFF,0x3F,0xFF,0xE1,0xFF,0xF1,0xFF,0xFF,0xFF,0xFF,0x8F,
  0xFE,0xFF,0xFF,0xF8,0x7F,0xF7,0xFF,0xFF,0x83,0xFF,0x9F,0xFF,0xF8,0x1F,0xFC,0x7F,0xFF,0x80,0xFF,0xE0,0xFF,0xF8,0x07,0xFF,
  0x01,0xFE,0x00,0x3F,0xF8,0x00,0x00,0x01,0xFF,0xC0,0x00,0x00,0x0F,0xFE,0x00,0x00,0x00,0x7F,0xF0,0x00,0x00,0x03,0xFF,0x80,
  0x00,0x00,0x1F,0xFC,0x00,0x00,0x00,0xFF,0xE0,0x00,0x00,0x07,0xFF,0x00,0x00,0x00,0x3F,0xF8,0x00,0x00,0x01,0xFF,0xC0,0x00,
  0x00,0x0F,0xFE,0x00,0x00,0x00,0x7F,0xF0,0x00,0x00,0x03,0xFF,0x80,0x00,0x00,0x1F,0xFC,0x00,0x00,0x00,0xFF,0xE0,0x00,0x00,
  0x00,0x00,0x03,0xFF,0x00,0x00,0x00,0xFF,0xFF,0x00,0x00,0x1F,0xFF,0xFE,0x00,0x03,0xFF,0xFF,0xFC,0x00,0x3F,0xFF,0xFF,0xF0,
  0x03,0xFF,0xFF,0xFF,0xC0,0x3F,0xFF,0xFF,0xFF,0x01,0xFF,0xF0,0xFF,0xFC,0x1F,0xFE,0x01,0xFF,0xE1,0xFF,0xE0,0x07,0xFF,0x8F,
  0xFE,0x00,0x1F,0xFC,0x7F,0xF0,0x00,0x7F,0xE7,0xFF,0x00,0x03,0xFF,0xBF,0xF8,0x00,0x1F,0xF9,0xFF,0xC0,0x00,0x00,0x1F,0xFE,
  0x00,0x00,0x00,0xFF,0xE0,0x00,0x00,0x07,0xFF,0x00,0x00,0x00,0x3F,0xF8,0x00,0x00,0x01,0xFF,0xC0,0x00,0x00,0x0F,0xFE,0x00,
  0x00,0x00,0x7F,0xF0,0x00,0x00,0x03,0xFF,0x80,0x00,0x00,0x1F,0xFC,0x00,0x00,0x00,0xFF,0xE0,0x00,0x00,0x07,0xFF,0x00,0x00,
  0x00,0x3F,0xFC,0x00,0x00,0x00,0xFF,0xE0,0x00,0x3F,0xF7,0xFF,0x00,0x03,0xFF,0xBF,0xF8,0x00,0x1F,0xFD,0xFF,0xE0,0x00,0xFF,
  0xE7,0xFF,0x00,0x0F,0xFE,0x3F,0xFC,0x00,0xFF,0xF0,0xFF,0xF0,0x0F,0xFF,0x07,0xFF,0xE1,0xFF,0xF8,0x1F,0xFF,0xFF,0xFF,0x80,
  0x7F,0xFF,0xFF,0xF8,0x01,0xFF,0xFF,0xFF,0x80,0x07,0xFF,0xFF,0xF8,0x00,0x0F,0xFF,0xFF,0x00,0x00,0x1F,0xFF,0xE0,0x00,0x00,
  0x1F,0xF8,0x00,0x00,0xFF,0xFF,0xFF,0xFF,0xFF,0xFF,0xFF,0xFF,0xFF,0xFF,0xFF,0xFF,0xFF,0xFF,0xFF,0xFF,0xFF,0xFF,0xFF,0xFF,
  0xFF,0xFF,0xFF,0xFF,0xFF,0xFF,0xFF,0xFF,0xFF,0xFF,0xFF,0xFF,0xFF,0xC0,0x01,0xFF,0xC0,0x00,0x00,0x07,0xFF,0x00,0x00,0x00,
  0x1F,0xFC,0x00,0x00,0x00,0x7F,0xF0,0x00,0x00,0x01,0xFF,0xC0,0x00,0x00,0x07,0xFF,0x00,0x00,0x00,0x1F,0xFC,0x00,0x00,0x00,
  0x7F,0xF0,0x00,0x00,0x01,0xFF,0xC0,0x00,0x00,0x07,0xFF,0x00,0x00,0x00,0x1F,0xFC,0x00,0x00,0x00,0x7F,0xF0,0x00,0x00,0x01,
  0xFF,0xC0,0x00,0x00,0x07,0xFF,0x00,0x00,0x00,0x1F,0xFC,0x00,0x00,0x00,0x7F,0xF0,0x00,0x00,0x01,0xFF,0xC0,0x00,0x00,0x07,
  0xFF,0x00,0x00,0x00,0x1F,0xFC,0x00,0x00,0x00,0x7F,0xF0,0x00,0x00,0x01,0xFF,0xC0,0x00,0x00,0x07,0xFF,0x00,0x00,0x00,0x1F,
  0xFC,0x00,0x00,0x00,0x7F,0xF0,0x00,0x00,0x01,0xFF,0xC0,0x00,0x00,0x07,0xFF,0x00,0x00,0x00,0x1F,0xFC,0x00,0x00,0x00,0x7F,
  0xF0,0x00,0x00,0x01,0xFF,0xC0,0x00,0x00,0x07,0xFF,0x00,0x00,0x00,0x1F,0xFC,0x00,0x00,0x00,0x7F,0xF0,0x00,0x00,0x01,0xFF,
  0xC0,0x00,0xFF,0xE0,0x00,0x01,0xFF,0xFF,0xF8,0x00,0x00,0x7F,0xFF,0xFE,0x00,0x00,0x3F,0xF9,0xFF,0xC0,0x00,0x0F,0xFE,0x7F,
  0xF0,0x00,0x03,0xFF,0x0F,0xFE,0x00,0x01,0xFF,0xC3,0xFF,0x80,0x00,0x7F,0xF0,0x7F,0xE0,0x00,0x1F,0xF8,0x1F,0xFC,0x00,0x0F,
  0xFE,0x07,0xFF,0x00,0x03,0xFF,0x00,0xFF,0xC0,0x00,0xFF,0xC0,0x3F,0xF8,0x00,0x7F,0xF0,0x07,0xFE,0x00,0x1F,0xF8,0x01,0xFF,
  0x80,0x07,0xFE,0x00,0x7F,0xF0,0x03,0xFF,0x00,0x0F,0xFC,0x00,0xFF,0xC0,0x03,0xFF,0x80,0x3F,0xF0,0x00,0x7F,0xE0,0x1F,0xF8,
  0x00,0x1F,0xF8,0x07,0xFE,0x00,0x03,0xFF,0x01,0xFF,0x00,0x00,0xFF,0xC0,0xFF,0xC0,0x00,0x3F,0xF0,0x3F,0xF0,0x00,0x07,0xFE,
  0x0F,0xF8,0x00,0x01,0xFF,0x87,0xFE,0x00,0x00,0x3F,0xE1,0xFF,0x80,0x00,0x0F,0xFC,0x7F,0xC0,0x00,0x03,0xFF,0x1F,0xF0,0x00,
  0x00,0x7F,0xCF,0xF8,0x00,0x00,0x1F,0xF3,0xFE,0x00,0x00,0x03,0xFE,0xFF,0x80,0x00,0x00,0xFF,0xFF,0xC0,0x00,0x00,0x1F,0xFF,
  0xF0,0x00,0x00,0x07,0xFF,0xF8,0x00,0x00,0x01,0xFF,0xFE,0x00,0x00,0x00,0x3F,0xFF,0x80,0x00,0x00,0x0F,0xFF,0xC0,0x00,0x00,
  0x01,0xFF,0xF0,0x00,0x00,0x00,0x7F,0xF8,0x00,0x00,0x00,0x0F,0xFE,0x00,0x00,0x00,0x03,0xFF,0x80,0x00,0x00,0x00,0xFF,0xC0,
  0x00,0x00,0x00,0x7F,0xF0,0x00,0x00,0x00,0x1F,0xF8,0x00,0x00,0x00,0x0F,0xFE,0x00,0x00,0x00,0x03,0xFF,0x80,0x00,0x00,0x01,
  0xFF,0xC0,0x00,0x00,0x00,0xFF,0xF0,0x00,0x00,0x00,0xFF,0xF8,0x00,0x00,0x1F,0xFF,0xFE,0x00,0x00,0x07,0xFF,0xFF,0x00,0x00,
  0x01,0xFF,0xFF,0x80,0x00,0x00,0x7F,0xFF,0xC0,0x00,0x00,0x1F,0xFF,0xE0,0x00,0x00,0x07,0xFF,0xF0,0x00,0x00,0x01,0xFF,0xF0,
  0x00,0x00,0x00,0x3F,0xE0,0x00,0x00,0x00,0x00,0x00,0x7F,0x80,0x00,0x00,0x00,0x1F,0xE0,0x00,0x00,0x00,0x07,0xF8,0x00,0x00,
  0x00,0x01,0xFE,0x00,0x00,0x00,0x00,0x7F,0x80,0x00,0x00,0x00,0x1F,0xE0,0x00,0x00,0x00,0x07,0xF8,0x00,0x00,0x00,0x01,0xFE,
  0x00,0x00,0x00,0x00,0x7F,0x80,0x00,0x00,0x00,0x1F,0xE0,0x00,0x00,0x00,0x07,0xF8,0x00,0x00,0x00,0x01,0xFE,0x00,0x00,0x00,
  0x00,0x7F,0x80,0x00,0x00,0x00,0x1F,0xE0,0x00,0x00,0x00,0x3F,0xFF,0x00,0x00,0x00,0x7F,0xFF,0xF8,0x00,0x00,0x7F,0xFF,0xFF,
  0x80,0x00,0x7F,0xFF,0xFF,0xF0,0x00,0x3F,0xFF,0xFF,0xFF,0x00,0x1F,0xFF,0xFF,0xFF,0xE0,0x0F,0xFF,0xFF,0xFF,0xF8,0x07,0xFF,
  0x9F,0xE7,0xFF,0x01,0xFF,0x87,0xF8,0xFF,0xE0,0xFF,0xC1,0xFE,0x1F,0xF8,0x3F,0xE0,0x7F,0x83,0xFF,0x1F,0xF8,0x1F,0xE0,0x7F,
  0xC7,0xFC,0x07,0xF8,0x1F,0xF9,0xFF,0x01,0xFE,0x03,0xFE,0xFF,0xC0,0x7F,0x80,0xFF,0xBF,0xE0,0x1F,0xE0,0x3F,0xEF,0xF8,0x07,
  0xF8,0x0F,0xFF,0xFE,0x01,0xFE,0x01,0xFF,0xFF,0x80,0x7F,0x80,0x7F,0xFF,0xE0,0x1F,0xE0,0x1F,0xFF,0xF8,0x07,0xF8,0x07,0xFF,
  0xFE,0x01,0xFE,0x01,0xFF,0xFF,0x80,0x7F,0x80,0x7F,0xFF,0xE0,0x1F,0xE0,0x1F,0xFF,0xF8,0x07,0xF8,0x07,0xFF,0xFE,0x01,0xFE,
  0x03,0xFF,0xFF,0x80,0x7F,0x80,0xFF,0xBF,0xF0,0x1F,0xE0,0x3F,0xE7,0xFC,0x07,0xF8,0x0F,0xF9,0xFF,0x01,0xFE,0x07,0xFE,0x7F,
  0xE0,0x7F,0x81,0xFF,0x0F,0xF8,0x1F,0xE0,0xFF,0xC3,0xFF,0x07,0xF8,0x7F,0xE0,0x7F,0xE1,0xFE,0x3F,0xF8,0x1F,0xFE,0x7F,0x9F,
  0xFC,0x03,0xFF,0xFF,0xFF,0xFE,0x00,0x7F,0xFF,0xFF,0xFF,0x80,0x0F,0xFF,0xFF,0xFF,0xC0,0x01,0xFF,0xFF,0xFF,0xC0,0x00,0x1F,
  0xFF,0xFF,0xE0,0x00,0x01,0xFF,0xFF,0xE0,0x00,0x00,0x0F,0xFF,0xC0,0x00,0x00,0x00,0x7F,0x80,0x00,0x00,0x00,0x1F,0xE0,0x00,
  0x00,0x00,0x07,0xF8,0x00,0x00,0x00,0x01,0xFE,0x00,0x00,0x00,0x00,0x7F,0x80,0x00,0x00,0x00,0x1F,0xE0,0x00,0x00,0x00,0x07,
  0xF8,0x00,0x00,0x00,0x01,0xFE,0x00,0x00,0x00,0x00,0x7F,0x80,0x00,0x00,0x00,0x1F,0xE0,0x00,0x00,0x00,0x07,0xF8,0x00,0x00,
  0x00,0x01,0xFE,0x00,0x00,0x00,0x00,0x7F,0x80,0x00,0x00,0x00,0x1F,0xE0,0x00,0x00,0x00,0x07,0xF8,0x00,0x00,0x7F,0xF0,0x00,
  0x07,0xFF,0x9F,0xFC,0x00,0x03,0xFF,0x8F,0xFF,0x00,0x03,0xFF,0x83,0xFF,0x80,0x03,0xFF,0x80,0xFF,0xE0,0x03,0xFF,0xC0,0x3F,
  0xF8,0x01,0xFF,0xC0,0x1F,0xFC,0x01,0xFF,0xC0,0x07,0xFF,0x01,0xFF,0xC0,0x01,0xFF,0xC0,0xFF,0xE0,0x00,0x7F,0xE0,0xFF,0xE0,
  0x00,0x3F,0xF8,0xFF,0xE0,0x00,0x0F,0xFE,0x7F,0xE0,0x00,0x03,0xFF,0x7F,0xF0,0x00,0x01,0xFF,0xFF,0xF0,0x00,0x00,0x7F,0xFF,
  0xF0,0x00,0x00,0x1F,0xFF,0xF0,0x00,0x00,0x07,0xFF,0xF8,0x00,0x00,0x03,0xFF,0xF8,0x00,0x00,0x00,0xFF,0xF8,0x00,0x00,0x00,
  0x3F,0xFC,0x00,0x00,0x00,0x3F,0xFF,0x00,0x00,0x00,0x3F,0xFF,0x80,0x00,0x00,0x1F,0xFF,0xE0,0x00,0x00,0x1F,0xFF,0xF8,0x00,
  0x00,0x1F,0xFF,0xFE,0x00,0x00,0x1F,0xFF,0xFF,0x00,0x00,0x0F,0xFD,0xFF,0xC0,0x00,0x0F,0xFC,0x7F,0xF0,0x00,0x0F,0xFE,0x1F,
  0xF8,0x00,0x0F,0xFE,0x0F,0xFE,0x00,0x07,0xFE,0x03,0xFF,0x80,0x07,0xFF,0x00,0xFF,0xE0,0x07,0xFF,0x00,0x7F,0xF0,0x07,0xFF,
  0x00,0x1F,0xFC,0x03,0xFF,0x80,0x07,0xFF,0x03,0xFF,0x80,0x03,0xFF,0xC3,0xFF,0x80,0x00,0xFF,0xE1,0xFF,0xC0,0x00,0x3F,0xF9,
  0xFF,0xC0,0x00,0x1F,0xFF,0xFF,0xC0,0x00,0x07,0xFF,0xFF,0xE0,0x00,0xFF,0xC0,0xFF,0xE0,0x00,0xFF,0xC0,0xFF,0xE0,0x00,0xFF,
  0xC0,0xFF,0xE0,0x00,0xFF,0xC0,0xFF,0xE0,0x00,0xFF,0xC0,0xFF,0xE0,0x00,0xFF,0xC0,0xFF,0xE0,0x00,0xFF,0xC0,0xFF,0xE0,0x00,
  0xFF,0xC0,0xFF,0xE0,0x00,0xFF,0xC0,0xFF,0xE0,0x00,0xFF,0xC0,0xFF,0xE0,0x00,0xFF,0xC0,0xFF,0xE0,0x00,0xFF,0xC0,0xFF,0xE0,
  0x00,0xFF,0xC0,0xFF,0xE0,0x00,0xFF,0xC0,0xFF,0xE0,0x00,0xFF,0xC0,0xFF,0xE0,0x00,0xFF,0xC0,0xFF,0xE0,0x00,0xFF,0xC0,0xFF,
  0xE0,0x00,0xFF,0xC0,0xFF,0xE0,0x00,0xFF,0xC0,0xFF,0xE0,0x00,0xFF,0xC0,0xFF,0xE0,0x00,0xFF,0xC0,0xFF,0xE0,0x00,0xFF,0xC0,
  0xFF,0xE0,0x00,0xFF,0xC0,0xFF,0xE0,0x00,0xFF,0xC0,0xFF,0xE0,0x00,0xFF,0xC0,0xFF,0xE0,0x00,0xFF,0xC0,0xFF,0xE0,0x00,0xFF,
  0xC0,0xFF,0xE0,0x00,0xFF,0xC0,0xFF,0xE0,0x00,0xFF,0xC0,0xFF,0xE0,0x00,0xFF,0xC0,0xFF,0xE0,0x00,0xFF,0xC0,0xFF,0xE0,0x00,
  0xFF,0xC0,0xFF,0xE0,0x00,0xFF,0xC0,0xFF,0xFF,0xFF,0xFF,0xFF,0xFF,0xFF,0xFF,0xFF,0xFF,0xFF,0xFF,0xFF,0xFF,0xFF,0xFF,0xFF,
  0xFF,0xFF,0xFF,0xFF,0xFF,0xFF,0xFF,0xFF,0xFF,0xFF,0xFF,0xFF,0xFF,0xFF,0xFF,0xFF,0xFF,0xFF,0x00,0x00,0x00,0x01,0xFF,0x00,
  0x00,0x00,0x01,0xFF,0x00,0x00,0x00,0x01,0xFF,0x00,0x00,0x00,0x01,0xFF,0x00,0x00,0x00,0x01,0xFF,0x00,0x00,0x00,0x01,0xFF,
  0x00,0x00,0x00,0x01,0xFF,0x00,0x00,0x00,0x01,0xFF,0x00,0x00,0x00,0x01,0xFF,0x00,0x00,0x00,0x01,0xFF,0x00,0x00,0x00,0x01,
  0xFF,0x00,0x00,0x00,0x01,0xFF,0x00,0x00,0x00,0x01,0xFF,0x00,0x00,0x00,0x01,0xFF,0x00,0x00,0x00,0x01,0xFF,0xFF,0xE0,0x00,
  0x3F,0xFF,0xFF,0x00,0x01,0xFF,0xFF,0xF8,0x00,0x0F,0xFF,0xFF,0xC0,0x00,0x7F,0xFF,0xFE,0x00,0x03,0xFF,0xFF,0xF0,0x00,0x1F,
  0xFF,0xFF,0x80,0x00,0xFF,0xFF,0xFC,0x00,0x07,0xFF,0xFF,0xE0,0x00,0x3F,0xFF,0xFF,0x00,0x01,0xFF,0xFF,0xF8,0x00,0x0F,0xFF,
  0xFF,0xC0,0x00,0x7F,0xFF,0xFE,0x00,0x03,0xFF,0xFF,0xF0,0x00,0x1F,0xFF,0xFF,0x80,0x00,0xFF,0xFF,0xFC,0x00,0x07,0xFF,0xFF,
  0xE0,0x00,0x3F,0xFF,0xFF,0x00,0x01,0xFF,0xFF,0xFC,0x00,0x0F,0xFF,0xFF,0xF0,0x07,0xFF,0xF7,0xFF,0xFF,0xFF,0xFF,0xBF,0xFF,
  0xFF,0xFF,0xFD,0xFF,0xFF,0xFF,0xFF,0xE7,0xFF,0xFF,0xFF,0xFF,0x1F,0xFF,0xFF,0xFF,0xF8,0x7F,0xFF,0xF9,0xFF,0xC1,0xFF,0xFE,
  0x0F,0xFE,0x03,0xFF,0x00,0x7F,0xF0,0x00,0x00,0x03,0xFF,0x80,0x00,0x00,0x1F,0xFC,0x00,0x00,0x00,0xFF,0xE0,0x00,0x00,0x07,
  0xFF,0x00,0x00,0x00,0x3F,0xF8,0x00,0x00,0x01,0xFF,0xC0,0x00,0x00,0x0F,0xFE,0x00,0x00,0x00,0x7F,0xF0,0x00,0x00,0x03,0xFF,
  0x80,0x00,0x00,0x1F,0xFC,0x00,0x00,0x00,0xFF,0xE0,0x00,0x00,0x07,0xFF,0xFF,0x00,0xFF,0x01,0xFF,0xFF,0x00,0xFF,0x01,0xFF,
  0xFF,0x00,0xFF,0x01,0xFF,0xFF,0x00,0xFF,0x01,0xFF,0xFF,0x00,0xFF,0x01,0xFF,0xFF,0x00,0xFF,0x01,0xFF,0xFF,0x00,0xFF,0x01,
  0xFF,0xFF,0x00,0xFF,0x01,0xFF,0xFF,0x00,0xFF,0x01,0xFF,0xFF,0x00,0xFF,0x01,0xFF,0xFF,0x00,0xFF,0x01,0xFF,0xFF,0x00,0xFF,
  0x01,0xFF,0xFF,0x00,0xFF,0x01,0xFF,0xFF,0x00,0xFF,0x01,0xFF,0xFF,0x00,0xFF,0x01,0xFF,0xFF,0x00,0xFF,0x01,0xFF,0xFF,0x00,
  0xFF,0x01,0xFF,0xFF,0x00,0xFF,0x01,0xFF,0xFF,0x00,0xFF,0x01,0xFF,0xFF,0x00,0xFF,0x01,0xFF,0xFF,0x00,0xFF,0x01,0xFF,0xFF,
  0x00,0xFF,0x01,0xFF,0xFF,0x00,0xFF,0x01,0xFF,0xFF,0x00,0xFF,0x01,0xFF,0xFF,0x00,0xFF,0x01,0xFF,0xFF,0x00,0xFF,0x01,0xFF,
  0xFF,0x00,0xFF,0x01,0xFF,0xFF,0x00,0xFF,0x01,0xFF,0xFF,0x00,0xFF,0x01,0xFF,0xFF,0x00,0xFF,0x01,0xFF,0xFF,0x00,0xFF,0x01,
  0xFF,0xFF,0x00,0xFF,0x01,0xFF,0xFF,0x00,0xFF,0x01,0xFF,0xFF,0xFF,0xFF,0xFF,0xFF,0xFF,0xFF,0xFF,0xFF,0xFF,0xFF,0xFF,0xFF,
  0xFF,0xFF,0xFF,0xFF,0xFF,0xFF,0xFF,0xFF,0xFF,0xFF,0xFF,0xFF,0xFF,0xFF,0xFF,0xFF,0xFF,0xFF,0xFF,0xFF,0xFF,0xFF,0xFF,0x00,
  0xFF,0x01,0xFF,0x3F,0xC0,0x3F,0xC0,0x7F,0xCF,0xF0,0x0F,0xF0,0x1F,0xF3,0xFC,0x03,0xFC,0x07,0xFC,0xFF,0x00,0xFF,0x01,0xFF,
  0x3F,0xC0,0x3F,0xC0,0x7F,0xCF,0xF0,0x0F,0xF0,0x1F,0xF3,0xFC,0x03,0xFC,0x07,0xFC,0xFF,0x00,0xFF,0x01,0xFF,0x3F,0xC0,0x3F,
  0xC0,0x7F,0xCF,0xF0,0x0F,0xF0,0x1F,0xF3,0xFC,0x03,0xFC,0x07,0xFC,0xFF,0x00,0xFF,0x01,0xFF,0x3F,0xC0,0x3F,0xC0,0x7F,0xCF,
  0xF0,0x0F,0xF0,0x1F,0xF3,0xFC,0x03,0xFC,0x07,0xFC,0xFF,0x00,0xFF,0x01,0xFF,0x3F,0xC0,0x3F,0xC0,0x7F,0xCF,0xF0,0x0F,0xF0,
  0x1F,0xF3,0xFC,0x03,0xFC,0x07,0xFC,0xFF,0x00,0xFF,0x01,0xFF,0x3F,0xC0,0x3F,0xC0,0x7F,0xCF,0xF0,0x0F,0xF0,0x1F,0xF3,0xFC,
  0x03,0xFC,0x07,0xFC,0xFF,0x00,0xFF,0x01,0xFF,0x3F,0xC0,0x3F,0xC0,0x7F,0xCF,0xF0,0x0F,0xF0,0x1F,0xF3,0xFC,0x03,0xFC,0x07,
  0xFC,0xFF,0x00,0xFF,0x01,0xFF,0x3F,0xC0,0x3F,0xC0,0x7F,0xCF,0xF0,0x0F,0xF0,0x1F,0xF3,0xFC,0x03,0xFC,0x07,0xFC,0xFF,0x00,
  0xFF,0x01,0xFF,0x3F,0xFF,0xFF,0xFF,0xFF,0xFF,0xFF,0xFF,0xFF,0xFF,0xFF,0xFF,0xFF,0xFF,0xFF,0xFF,0xFF,0xFF,0xFF,0xFF,0xFF,
  0xFF,0xFF,0xFF,0xFF,0xFF,0xFF,0xFF,0xFF,0xFF,0xFF,0xFF,0xFF,0xFF,0xFF,0xFF,0xFF,0x00,0x00,0x00,0x00,0x3F,0xC0,0x00,0x00,
  0x00,0x0F,0xF0,0x00,0x00,0x00,0x03,0xFC,0x00,0x00,0x00,0x00,0xFF,0x00,0x00,0x00,0x00,0x3F,0xC0,0x00,0x00,0x00,0x0F,0xF0,
  0x00,0x00,0x00,0x03,0xFC,0x00,0x00,0x00,0x00,0xFF,0x00,0x00,0x00,0x00,0x3F,0xC0,0x00,0x00,0x00,0x0F,0xF0,0x00,0x00,0x00,
  0x03,0xFC,0x00,0x00,0x00,0x00,0xFF,0x00,0x00,0x00,0x00,0x3F,0xC0,0x00,0x00,0x00,0x0F,0xF0,0x00,0x00,0x00,0x03,0xFC,0xFF,
  0xFF,0xF8,0x00,0x00,0x0F,0xFF,0xFF,0x80,0x00,0x00,0xFF,0xFF,0xF8,0x00,0x00,0x0F,0xFF,0xFF,0x80,0x00,0x00,0xFF,0xFF,0xF8,
  0x00,0x00,0x0F,0xFF,0xFF,0x80,0x00,0x00,0xFF,0xFF,0xF8,0x00,0x00,0x00,0x03,0xFF,0x80,0x00,0x00,0x00,0x3F,0xF8,0x00,0x00,
  0x00,0x03,0xFF,0x80,0x00,0x00,0x00,0x3F,0xF8,0x00,0x00,0x00,0x03,0xFF,0x80,0x00,0x00,0x00,0x3F,0xF8,0x00,0x00,0x00,0x03,
  0xFF,0x80,0x00,0x00,0x00,0x3F,0xF8,0x00,0x00,0x00,0x03,0xFF,0x80,0x00,0x00,0x00,0x3F,0xFF,0xFF,0x80,0x00,0x03,0xFF,0xFF,
  0xFF,0x80,0x00,0x3F,0xFF,0xFF,0xFE,0x00,0x03,0xFF,0xFF,0xFF,0xF0,0x00,0x3F,0xFF,0xFF,0xFF,0x80,0x03,0xFF,0xFF,0xFF,0xFC,
  0x00,0x3F,0xFF,0xFF,0xFF,0xE0,0x03,0xFF,0x80,0x1F,0xFE,0x00,0x3F,0xF8,0x00,0xFF,0xE0,0x03,0xFF,0x80,0x07,0xFF,0x00,0x3F,
  0xF8,0x00,0x7F,0xF0,0x03,0xFF,0x80,0x07,0xFF,0x00,0x3F,0xF8,0x00,0x7F,0xF0,0x03,0xFF,0x80,0x07,0xFF,0x00,0x3F,0xF8,0x00,
  0xFF,0xE0,0x03,0xFF,0x80,0x0F,0xFE,0x00,0x3F,0xF8,0x03,0xFF,0xE0,0x03,0xFF,0x8F,0xFF,0xFC,0x00,0x3F,0xFF,0xFF,0xFF,0xC0,
  0x03,0xFF,0xFF,0xFF,0xF8,0x00,0x3F,0xFF,0xFF,0xFF,0x00,0x03,0xFF,0xFF,0xFF,0xC0,0x00,0x3F,0xFF,0xFF,0xF0,0x00,0x03,0xFF,
  0xFF,0xF0,0x00,0xFF,0x80,0x00,0x0F,0xFF,0xFE,0x00,0x00,0x3F,0xFF,0xF8,0x00,0x00,0xFF,0xFF,0xE0,0x00,0x03,0xFF,0xFF,0x80,
  0x00,0x0F,0xFF,0xFE,0x00,0x00,0x3F,0xFF,0xF8,0x00,0x00,0xFF,0xFF,0xE0,0x00,0x03,0xFF,0xFF,0x80,0x00,0x0F,0xFF,0xFE,0x00,
  0x00,0x3F,0xFF,0xF8,0x00,0x00,0xFF,0xFF,0xE0,0x00,0x03,0xFF,0xFF,0x80,0x00,0x0F,0xFF,0xFE,0x00,0x00,0x3F,0xFF,0xF8,0x00,
  0x00,0xFF,0xFF,0xE0,0x00,0x03,0xFF,0xFF,0xFF,0x80,0x0F,0xFF,0xFF,0xFF,0xC0,0x3F,0xFF,0xFF,0xFF,0xC0,0xFF,0xFF,0xFF,0xFF,
  0x83,0xFF,0xFF,0xFF,0xFF,0x0F,0xFF,0xFF,0xFF,0xFC,0x3F,0xFF,0xFF,0xFF,0xF8,0xFF,0xFF,0xE0,0x7F,0xE3,0xFF,0xFF,0x80,0xFF,
  0x8F,0xFF,0xFE,0x03,0xFF,0x3F,0xFF,0xF8,0x0F,0xFC,0xFF,0xFF,0xE0,0x3F,0xF3,0xFF,0xFF,0x80,0xFF,0xCF,0xFF,0xFE,0x03,0xFF,
  0x3F,0xFF,0xF8,0x0F,0xFC,0xFF,0xFF,0xE0,0x3F,0xE3,0xFF,0xFF,0x81,0xFF,0x8F,0xFF,0xFE,0xFF,0xFE,0x3F,0xFF,0xFF,0xFF,0xF0,
  0xFF,0xFF,0xFF,0xFF,0x83,0xFF,0xFF,0xFF,0xFC,0x0F,0xFF,0xFF,0xFF,0xE0,0x3F,0xFF,0xFF,0xFE,0x00,0xFF,0xFF,0xFF,0xC0,0x03,
  0xFF,0xFF,0xE0,0x00,0x00,0x07,0xFF,0x00,0x00,0x00,0x3F,0xF8,0x00,0x00,0x01,0xFF,0xC0,0x00,0x00,0x0F,0xFE,0x00,0x00,0x00,
  0x7F,0xF0,0x00,0x00,0x03,0xFF,0x80,0x00,0x00,0x1F,0xFC,0x00,0x00,0x00,0xFF,0xE0,0x00,0x00,0x07,0xFF,0x00,0x00,0x00,0x3F,
  0xF8,0x00,0x00,0x01,0xFF,0xC0,0x00,0x00,0x0F,0xFE,0x00,0x00,0x00,0x7F,0xF0,0x00,0x00,0x03,0xFF,0x80,0x00,0x00,0x1F,0xFC,
  0x00,0x00,0x00,0xFF,0xFF,0xFF,0xE0,0x07,0xFF,0xFF,0xFF,0xE0,0x3F,0xFF,0xFF,0xFF,0xE1,0xFF,0xFF,0xFF,0xFF,0x8F,0xFF,0xFF,
  0xFF,0xFE,0x7F,0xFF,0xFF,0xFF,0xFB,0xFF,0xFF,0xFF,0xFF,0xDF,0xFC,0x00,0x1F,0xFF,0xFF,0xE0,0x00,0x3F,0xFF,0xFF,0x00,0x01,
  0xFF,0xFF,0xF8,0x00,0x07,0xFF,0xFF,0xC0,0x00,0x3F,0xFF,0xFE,0x00,0x01,0xFF,0xFF,0xF0,0x00,0x1F,0xFF,0xFF,0x80,0x00,0xFF,
  0xFF,0xFC,0x00,0x0F,0xFF,0xFF,0xE0,0x00,0xFF,0xF7,0xFF,0x01,0xFF,0xFF,0xBF,0xFF,0xFF,0xFF,0xF9,0xFF,0xFF,0xFF,0xFF,0x8F,
  0xFF,0xFF,0xFF,0xF8,0x7F,0xFF,0xFF,0xFF,0x83,0xFF,0xFF,0xFF,0xE0,0x1F,0xFF,0xFF,0xF8,0x00,0x00,0x07,0xFE,0x00,0x00,0x01,
  0xFF,0xFE,0x00,0x00,0x3F,0xFF,0xFC,0x00,0x07,0xFF,0xFF,0xF8,0x00,0x7F,0xFF,0xFF,0xE0,0x07,0xFF,0xFF,0xFF,0x80,0x7F,0xFF,
  0xFF,0xFE,0x07,0xFF,0xE1,0xFF,0xF0,0x3F,0xFC,0x03,0xFF,0xC3,0xFF,0x80,0x0F,0xFF,0x1F,0xFC,0x00,0x3F,0xF8,0xFF,0xC0,0x00,
  0xFF,0xCF,0xFE,0x00,0x07,0xFF,0x7F,0xF0,0x00,0x3F,0xF8,0x00,0x00,0x01,0xFF,0xC0,0x00,0x00,0x07,0xFE,0x00,0x00,0x00,0x3F,
  0xF8,0x00,0x1F,0xFF,0xFF,0xC0,0x00,0xFF,0xFF,0xFE,0x00,0x07,0xFF,0xFF,0xF0,0x00,0x3F,0xFF,0xFF,0x80,0x01,0xFF,0xFF,0xFC,
  0x00,0x0F,0xFF,0xFF,0xE0,0x00,0x7F,0xFF,0xFF,0x00,0x00,0x00,0x3F,0xF8,0x00,0x00,0x01,0xFF,0xC0,0x00,0x00,0x1F,0xFD,0xFF,
  0x80,0x00,0xFF,0xEF,0xFE,0x00,0x07,0xFF,0x7F,0xF0,0x00,0x3F,0xFB,0xFF,0x80,0x03,0xFF,0x8F,0xFE,0x00,0x1F,0xFC,0x7F,0xF0,
  0x01,0xFF,0xE1,0xFF,0xE0,0x1F,0xFE,0x0F,0xFF,0xC3,0xFF,0xE0,0x3F,0xFF,0xFF,0xFF,0x00,0xFF,0xFF,0xFF,0xF0,0x03,0xFF,0xFF,
  0xFF,0x00,0x0F,0xFF,0xFF,0xF0,0x00,0x1F,0xFF,0xFE,0x00,0x00,0x3F,0xFF,0xC0,0x00,0x00,0x3F,0xF0,0x00,0x00,0x00,0x00,0x01,
  0xFE,0x00,0x7F,0xC0,0x03,0xFF,0xC0,0x3F,0xE0,0x03,0xFF,0xF8,0x1F,0xF0,0x03,0xFF,0xFE,0x0F,0xF8,0x03,0xFF,0xFF,0x87,0xFC,
  0x03,0xFF,0xFF,0xC3,0xFE,0x03,0xFF,0xFF,0xF1,0xFF,0x01,0xFF,0x8F,0xFC,0xFF,0x81,0xFF,0x83,0xFE,0x7F,0xC0,0xFF,0x80,0xFF,
  0x3F,0xE0,0x7F,0x80,0x7F,0xDF,0xF0,0x7F,0xC0,0x3F,0xEF,0xF8,0x3F,0xE0,0x0F,0xF7,0xFC,0x1F,0xF0,0x07,0xFF,0xFE,0x0F,0xF0,
  0x03,0xFF,0xFF,0x07,0xF8,0x01,0xFF,0xFF,0x87,0xFC,0x00,0xFF,0xFF,0xFF,0xFE,0x00,0x7F,0xFF,0xFF,0xFF,0x00,0x3F,0xFF,0xFF,
  0xFF,0x80,0x1F,0xFF,0xFF,0xFF,0xC0,0x0F,0xFF,0xFF,0xFF,0xE0,0x07,0xFF,0xFF,0xFF,0xF0,0x03,0xFF,0xFF,0xFF,0xF8,0x01,0xFF,
  0xFF,0x87,0xFC,0x00,0xFF,0xFF,0xC3,0xFE,0x00,0x7F,0xFF,0xE0,0xFF,0x00,0x3F,0xFF,0xF0,0x7F,0x80,0x1F,0xFF,0xF8,0x3F,0xE0,
  0x0F,0xFF,0xFC,0x1F,0xF0,0x07,0xFB,0xFE,0x0F,0xF8,0x07,0xFD,0xFF,0x07,0xFC,0x03,0xFE,0xFF,0x81,0xFF,0x01,0xFF,0x7F,0xC0,
  0xFF,0x81,0xFF,0x3F,0xE0,0x3F,0xF1,0xFF,0x9F,0xF0,0x1F,0xFF,0xFF,0x8F,0xF8,0x07,0xFF,0xFF,0xC7,0xFC,0x01,0xFF,0xFF,0xC3,
  0xFE,0x00,0xFF,0xFF,0xC1,0xFF,0x00,0x1F,0xFF,0xC0,0xFF,0x80,0x07,0xFF,0xC0,0x00,0x00,0x00,0xFF,0x00,0x00,0x00,0x03,0xFF,
  0xFF,0xFF,0x00,0x1F,0xFF,0xFF,0xFF,0x00,0x7F,0xFF,0xFF,0xFF,0x01,0xFF,0xFF,0xFF,0xFF,0x03,0xFF,0xFF,0xFF,0xFF,0x07,0xFF,
  0xFF,0xFF,0xFF,0x07,0xFF,0xFF,0xFF,0xFF,0x0F,0xFF,0x80,0x07,0xFF,0x0F,0xFF,0x00,0x07,0xFF,0x0F,0xFE,0x00,0x07,0xFF,0x1F,
  0xFC,0x00,0x07,0xFF,0x1F,0xFC,0x00,0x07,0xFF,0x1F,0xFC,0x00,0x07,0xFF,0x0F,0xFC,0x00,0x07,0xFF,0x0F,0xFE,0x00,0x07,0xFF,
  0x0F,0xFE,0x00,0x07,0xFF,0x0F,0xFF,0x00,0x07,0xFF,0x07,0xFF,0xC0,0x07,0xFF,0x07,0xFF,0xFF,0xFF,0xFF,0x03,0xFF,0xFF,0xFF,
  0xFF,0x01,0xFF,0xFF,0xFF,0xFF,0x00,0xFF,0xFF,0xFF,0xFF,0x00,0x3F,0xFF,0xFF,0xFF,0x00,0x0F,0xFF,0xFF,0xFF,0x00,0x1F,0xFC,
  0x07,0xFF,0x00,0x3F,0xF8,0x07,0xFF,0x00,0x3F,0xF0,0x07,0xFF,0x00,0x7F,0xF0,0x07,0xFF,0x00,0xFF,0xE0,0x07,0xFF,0x00,0xFF,
  0xC0,0x07,0xFF,0x01,0xFF,0xC0,0x07,0xFF,0x03,0xFF,0x80,0x07,0xFF,0x07,0xFF,0x00,0x07,0xFF,0x07,0xFF,0x00,0x07,0xFF,0x0F,
  0xFE,0x00,0x07,0xFF,0x1F,0xFE,0x00,0x07,0xFF,0x1F,0xFC,0x00,0x07,0xFF,0x3F,0xF8,0x00,0x07,0xFF,0x7F,0xF8,0x00,0x07,0xFF,
  0xFF,0xF0,0x00,0x07,0xFF,0x03,0xFF,0x00,0x00,0x00,0x0F,0xFE,0x00,0x00,0x00,0x1F,0xFC,0x00,0x00,0x00,0x1F,0xF8,0x00,0x00,
  0x00,0x3F,0xF0,0x00,0x00,0x00,0x3F,0xE0,0x00,0x00,0x00,0x7F,0xC0,0x00,0x00,0x00,0x7F,0x80,0x00,0x00,0x00,0xFF,0x80,0x00,
  0x00,0x00,0xFE,0x00,0x00,0x00,0x00,0x00,0x00,0x00,0x00,0x00,0x00,0x00,0x00,0x00,0x00,0x00,0x00,0x00,0x0F,0xFC,0x00,0x00,
  0x01,0xFF,0xFE,0x00,0x00,0x1F,0xFF,0xFE,0x00,0x01,0xFF,0xFF,0xFE,0x00,0x0F,0xFF,0xFF,0xFC,0x00,0x7F,0xFF,0xFF,0xF8,0x03,
  0xFF,0xFF,0xFF,0xF0,0x1F,0xFE,0x01,0xFF,0xC0,0x7F,0xF0,0x03,0xFF,0x83,0xFF,0x80,0x07,0xFE,0x0F,0xFC,0x00,0x0F,0xFC,0x7F,
  0xF0,0x00,0x1F,0xF1,0xFF,0x80,0x00,0x7F,0xE7,0xFE,0x00,0x01,0xFF,0xBF,0xF8,0x00,0x03,0xFE,0xFF,0xE0,0x00,0x0F,0xFB,0xFF,
  0xFF,0xFF,0xFF,0xFF,0xFF,0xFF,0xFF,0xFF,0xFF,0xFF,0xFF,0xFF,0xFF,0xFF,0xFF,0xFF,0xFF,0xFF,0xFF,0xFF,0xFF,0xFF,0xFF,0xFF,
  0xFF,0xFF,0xFF,0xFF,0xFF,0xFF,0xFF,0xFF,0xFF,0xE0,0x00,0x00,0x03,0xFF,0x80,0x00,0x00,0x0F,0xFE,0x00,0x00,0x00,0x3F,0xF8,
  0x00,0x00,0x00,0xFF,0xE0,0x00,0x00,0x01,0xFF,0xC0,0x00,0x00,0x07,0xFF,0x00,0x00,0x00,0x1F,0xFC,0x00,0x07,0xF0,0x3F,0xF8,
  0x00,0x1F,0xF8,0xFF,0xF0,0x00,0xFF,0xE1,0xFF,0xE0,0x07,0xFF,0x07,0xFF,0xE0,0x7F,0xF8,0x0F,0xFF,0xFF,0xFF,0xE0,0x1F,0xFF,
  0xFF,0xFF,0x00,0x3F,0xFF,0xFF,0xF8,0x00,0x7F,0xFF,0xFF,0x80,0x00,0x7F,0xFF,0xFC,0x00,0x00,0x7F,0xFF,0xC0,0x00,0x00,0x3F,
  0xF8,0x00,0x00,0x01,0xFE,0x03,0xFE,0x00,0x07,0xF8,0x0F,0xF8,0x00,0x1F,0xE0,0x3F,0xE0,0x00,0x7F,0x80,0xFF,0x80,0x01,0xFE,
  0x03,0xFE,0x00,0x07,0xF8,0x0F,0xF8,0x00,0x1F,0xE0,0x3F,0xE0,0x00,0x7F,0x80,0xFF,0x80,0x00,0x00,0x00,0x00,0x00,0x00,0x00,
  0x00,0x00,0x00,0x00,0x00,0x00,0x00,0x00,0x00,0x00,0x00,0x00,0x00,0x03,0xFF,0x00,0x00,0x00,0x7F,0xFF,0x80,0x00,0x07,0xFF,
  0xFF,0x80,0x00,0x7F,0xFF,0xFF,0x80,0x03,0xFF,0xFF,0xFF,0x00,0x1F,0xFF,0xFF,0xFE,0x00,0xFF,0xFF,0xFF,0xFC,0x07,0xFF,0x80,
  0x7F,0xF0,0x1F,0xFC,0x00,0xFF,0xE0,0xFF,0xE0,0x01,0xFF,0x83,0xFF,0x00,0x03,0xFF,0x1F,0xFC,0x00,0x07,0xFC,0x7F,0xE0,0x00,
  0x1F,0xF9,0xFF,0x80,0x00,0x7F,0xEF,0xFE,0x00,0x00,0xFF,0xBF,0xF8,0x00,0x03,0xFE,0xFF,0xFF,0xFF,0xFF,0xFF,0xFF,0xFF,0xFF,
  0xFF,0xFF,0xFF,0xFF,0xFF,0xFF,0xFF,0xFF,0xFF,0xFF,0xFF,0xFF,0xFF,0xFF,0xFF,0xFF,0xFF,0xFF,0xFF,0xFF,0xFF,0xFF,0xFF,0xFF,
  0xFF,0xFF,0xF8,0x00,0x00,0x00,0xFF,0xE0,0x00,0x00,0x03,0xFF,0x80,0x00,0x00,0x0F,0xFE,0x00,0x00,0x00,0x3F,0xF8,0x00,0x00,
  0x00,0x7F,0xF0,0x00,0x00,0x01,0xFF,0xC0,0x00,0x00,0x07,0xFF,0x00,0x01,0xFC,0x0F,0xFE,0x00,0x07,0xFE,0x3F,0xFC,0x00,0x3F,
  0xF8,0x7F,0xF8,0x01,0xFF,0xC1,0xFF,0xF8,0x1F,0xFE,0x03,0xFF,0xFF,0xFF,0xF8,0x07,0xFF,0xFF,0xFF,0xC0,0x0F,0xFF,0xFF,0xFE,
  0x00,0x1F,0xFF,0xFF,0xE0,0x00,0x1F,0xFF,0xFF,0x00,0x00,0x1F,0xFF,0xF0,0x00,0x00,0x0F,0xFE,0x00,0x00,0x07,0xFF,0x00,0x00,
  0x00,0x03,0xFF,0x80,0x00,0x00,0x01,0xFF,0xC0,0x00,0x00,0x00,0xFF,0xE0,0x00,0x00,0x00,0x7F,0xF0,0x00,0x00,0x07,0xFF,0xFF,
  0xFF,0x00,0x03,0xFF,0xFF,0xFF,0x80,0x01,0xFF,0xFF,0xFF,0xC0,0x00,0xFF,0xFF,0xFF,0xE0,0x00,0x7F,0xFF,0xFF,0xF0,0x00,0x3F,
  0xFF,0xFF,0xF8,0x00,0x00,0xFF,0xE0,0x00,0x00,0x00,0x7F,0xF0,0x00,0x00,0x00,0x3F,0xF8,0x00,0x00,0x00,0x1F,0xFC,0x00,0x00,
  0x00,0x0F,0xFE,0x00,0x00,0x00,0x07,0xFF,0x00,0xFF,0x80,0x03,0xFF,0x81,0xFF,0xF0,0x01,0xFF,0xC3,0xFF,0xFE,0x00,0xFF,0xE3,
  0xFF,0xFF,0x80,0x7F,0xF3,0xFF,0xFF,0xC0,0x3F,0xFB,0xFF,0xFF,0xF0,0x1F,0xFD,0xFF,0xFF,0xFC,0x0F,0xFF,0xFF,0xFF,0xFE,0x07,
  0xFF,0xF8,0x1F,0xFF,0x03,0xFF,0xF8,0x07,0xFF,0x81,0xFF,0xF8,0x01,0xFF,0xE0,0xFF,0xF8,0x00,0x7F,0xF0,0x7F,0xF8,0x00,0x3F,
  0xF8,0x3F,0xFC,0x00,0x1F,0xFC,0x1F,0xFC,0x00,0x0F,0xFE,0x0F,0xFE,0x00,0x07,0xFF,0x07,0xFF,0x00,0x03,0xFF,0x83,0xFF,0x80,
  0x01,0xFF,0xC1,0xFF,0xC0,0x00,0x7F,0xE0,0xFF,0xE0,0x00,0x3F,0xF0,0x7F,0xF0,0x00,0x1F,0xF8,0x3F,0xF8,0x00,0x0F,0xFC,0x1F,
  0xFC,0x00,0x07,0xFE,0x0F,0xFE,0x00,0x03,0xFF,0x07,0xFF,0x00,0x01,0xFF,0x83,0xFF,0x80,0x00,0xFF,0xC1,0xFF,0xC0,0x00,0x7F,
  0xE0,0xFF,0xE0,0x00,0x3F,0xF0,0x7F,0xF0,0x00,0x1F,0xF8,0x3F,0xF8,0x00,0x0F,0xFC,0x1F,0xFC,0x00,0x07,0xFE,0x0F,0xFE,0x00,
  0x03,0xFF,0x07,0xFF,0x00,0x01,0xFF,0x83,0xFF,0x80,0x00,0xFF,0xC1,0xFF,0xC0,0x00,0x7F,0xE0,0xFF,0xE0,0x00,0x3F,0xF0,0x7F,
  0xF0,0x00,0x1F,0xF8,0x3F,0xF8,0x00,0x0F,0xFC,0x1F,0xFC,0x00,0x07,0xFE,0x00,0x00,0x00,0x03,0xFF,0x00,0x00,0x00,0x01,0xFF,
  0x80,0x00,0x00,0x00,0xFF,0xC0,0x00,0x00,0x00,0xFF,0xE0,0x00,0x00,0x00,0x7F,0xF0,0x00,0x00,0x00,0x3F,0xF8,0x00,0x00,0x00,
  0x1F,0xFC,0x00,0x00,0x00,0x1F,0xFE,0x00,0x00,0x01,0xFF,0xFF,0x00,0x00,0x00,0xFF,0xFF,0x00,0x00,0x00,0x7F,0xFF,0x80,0x00,
  0x00,0x3F,0xFF,0xC0,0x00,0x00,0x1F,0xFF,0xC0,0x00,0x00,0x0F,0xFF,0xC0,0x00,0x00,0x07,0xFF,0xC0,0x00,0x00,0x03,0xFF,0x00,
  0x00,0x00,0x1F,0xF8,0x00,0x00,0x7F,0xF0,0x00,0x01,0xFF,0xC0,0x00,0x07,0xFE,0x00,0x00,0x1F,0xF8,0x00,0x00,0x7F,0xC0,0x00,
  0x01,0xFF,0x00,0x00,0x0F,0xF8,0x00,0x00,0x3F,0xE0,0x00,0x00,0x7F,0x00,0x00,0x00,0x00,0x00,0x00,0x00,0x00,0x00,0x00,0x00,
  0x00,0x00,0x00,0x00,0x00,0x00,0x3F,0xFF,0xFF,0xFF,0xFF,0xFF,0xFF,0xFF,0xFF,0xFF,0xFF,0xFF,0xFF,0xFF,0xFF,0xFF,0xFF,0xFF,
  0xFF,0xFF,0xFF,0xFF,0xFF,0xFF,0xFF,0xFF,0xFF,0xFF,0xFC,0x00,0x00,0x3F,0xF8,0x00,0x00,0x7F,0xF0,0x00,0x00,0xFF,0xE0,0x00,
  0x01,0xFF,0xC0,0x00,0x03,0xFF,0x80,0x00,0x07,0xFF,0x00,0x00,0x0F,0xFE,0x00,0x00,0x1F,0xFC,0x00,0x00,0x3F,0xF8,0x00,0x00,
  0x7F,0xF0,0x00,0x00,0xFF,0xE0,0x00,0x01,0xFF,0xC0,0x00,0x03,0xFF,0x80,0x00,0x07,0xFF,0x00,0x00,0x0F,0xFE,0x00,0x00,0x1F,
  0xFC,0x00,0x00,0x3F,0xF8,0x00,0x00,0x7F,0xF0,0x00,0x00,0xFF,0xE0,0x00,0x01,0xFF,0xC0,0x00,0x03,0xFF,0x80,0x00,0x07,0xFF,
  0x00,0x00,0x0F,0xFE,0x00,0x00,0x1F,0xFC,0x00,0x00,0x3F,0xF8,0x00,0x00,0x7F,0xF0,0x00,0x00,0xFF,0xE0,0x00,0x01,0xFF,0xC0,
  0x00,0x03,0xFF,0x80,0x00,0x07,0xFF,0x00,0x00,0x0F,0xFE,0x00,0x00,0x1F,0xFC,0x00,0x00,0x00,0x00,0x03,0xFF,0x00,0x00,0x01,
  0xFF,0xFF,0x00,0x00,0x3F,0xFF,0xFE,0x00,0x03,0xFF,0xFF,0xFC,0x00,0x3F,0xFF,0xFF,0xF0,0x03,0xFF,0xFF,0xFF,0xC0,0x3F,0xFF,
  0xFF,0xFF,0x03,0xFF,0xF0,0xFF,0xF8,0x1F,0xFC,0x01,0xFF,0xE1,0xFF,0xC0,0x07,0xFF,0x0F,0xFC,0x00,0x1F,0xFC,0xFF,0xE0,0x00,
  0xFF,0xE7,0xFF,0x00,0x03,0xFF,0x3F,0xF0,0x00,0x1F,0xFB,0xFF,0x80,0x00,0x00,0x1F,0xFC,0x00,0x00,0x00,0xFF,0xE0,0x00,0x00,
  0x07,0xFF,0xFF,0xE0,0x00,0x3F,0xFF,0xFF,0x00,0x01,0xFF,0xFF,0xF8,0x00,0x0F,0xFF,0xFF,0xC0,0x00,0x7F,0xFF,0xFE,0x00,0x03,
  0xFF,0xFF,0xF0,0x00,0x1F,0xFF,0xFF,0x80,0x00,0xFF,0xE0,0x00,0x00,0x07,0xFF,0x00,0x00,0x00,0x3F,0xF8,0x00,0x00,0x01,0xFF,
  0xC0,0x00,0x7F,0xE7,0xFE,0x00,0x03,0xFF,0xBF,0xF8,0x00,0x1F,0xF9,0xFF,0xC0,0x01,0xFF,0xC7,0xFF,0x00,0x0F,0xFE,0x3F,0xF8,
  0x00,0xFF,0xE1,0xFF,0xE0,0x0F,0xFF,0x07,0xFF,0xE1,0xFF,0xF0,0x1F,0xFF,0xFF,0xFF,0x80,0x7F,0xFF,0xFF,0xF8,0x01,0xFF,0xFF,
  0xFF,0x80,0x07,0xFF,0xFF,0xF8,0x00,0x1F,0xFF,0xFF,0x00,0x00,0x3F,0xFF,0xE0,0x00,0x00,0x3F,0xF8,0x00,0x00,0x00,0x0F,0xFF,
  0x00,0x00,0x07,0xFF,0xFE,0x00,0x01,0xFF,0xFF,0xF8,0x00,0x7F,0xFF,0xFF,0xE0,0x0F,0xFF,0xFF,0xFF,0x01,0xFF,0xFF,0xFF,0xF8,
  0x3F,0xFF,0xFF,0xFF,0x83,0xFF,0xC0,0x3F,0xFC,0x3F,0xF0,0x00,0xFF,0xC7,0xFE,0x00,0x07,0xFE,0x7F,0xE0,0x00,0x7F,0xE7,0xFE,
  0x00,0x03,0xE0,0x7F,0xE0,0x00,0x00,0x07,0xFF,0x00,0x00,0x00,0x7F,0xF8,0x00,0x00,0x07,0xFF,0xF8,0x00,0x00,0x3F,0xFF,0xF8,
  0x00,0x03,0xFF,0xFF,0xF8,0x00,0x1F,0xFF,0xFF,0xF0,0x00,0xFF,0xFF,0xFF,0xC0,0x07,0xFF,0xFF,0xFF,0x00,0x3F,0xFF,0xFF,0xF8,
  0x00,0xFF,0xFF,0xFF,0xC0,0x01,0xFF,0xFF,0xFE,0x00,0x01,0xFF,0xFF,0xE0,0x00,0x01,0xFF,0xFE,0x00,0x00,0x01,0xFF,0xF0,0x00,
  0x00,0x07,0xFF,0x00,0x00,0x00,0x3F,0xF0,0x00,0x00,0x03,0xFF,0x07,0x80,0x00,0x3F,0xFF,0xF8,0x00,0x03,0xFF,0xFF,0xC0,0x00,
  0x3F,0xFF,0xFE,0x00,0x07,0xFE,0x7F,0xF8,0x01,0xFF,0xE7,0xFF,0xFF,0xFF,0xFC,0x3F,0xFF,0xFF,0xFF,0xC1,0xFF,0xFF,0xFF,0xF8,
  0x0F,0xFF,0xFF,0xFE,0x00,0x7F,0xFF,0xFF,0xC0,0x00,0xFF,0xFF,0xF0,0x00,0x01,0xFF,0xF0,0x00,0x00,0x01,0xFF,0xC0,0x00,0x00,
  0x03,0xFF,0x80,0x00,0x00,0x07,0xFF,0x00,0x00,0x00,0x0F,0xFE,0x00,0x00,0x00,0x1F,0xFC,0x00,0x00,0x00,0x3F,0xF8,0x00,0x00,
  0x00,0x7F,0xF0,0x00,0x00,0x00,0xFF,0xE0,0x00,0x00,0x00,0x00,0x00,0x00,0x00,0x00,0x00,0x00,0x00,0x00,0x00,0x00,0x00,0x00,
  0x00,0x00,0x00,0x00,0x00,0x00,0x00,0x00,0x00,0x00,0x00,0x00,0x00,0x00,0x00,0x00,0x00,0x00,0x00,0x07,0xFF,0xFF,0xE0,0x00,
  0x0F,0xFF,0xFF,0xC0,0x00,0x1F,0xFF,0xFF,0x80,0x00,0x3F,0xFF,0xFF,0x00,0x00,0x7F,0xFF,0xFE,0x00,0x00,0xFF,0xFF,0xFC,0x00,
  0x01,0xFF,0xFF,0xF8,0x00,0x00,0x00,0x7F,0xF0,0x00,0x00,0x00,0xFF,0xE0,0x00,0x00,0x01,0xFF,0xC0,0x00,0x00,0x03,0xFF,0x80,
  0x00,0x00,0x07,0xFF,0x00,0x00,0x00,0x0F,0xFE,0x00,0x00,0x00,0x1F,0xFC,0x00,0x00,0x00,0x3F,0xF8,0x00,0x00,0x00,0x7F,0xF0,
  0x00,0x00,0x00,0xFF,0xE0,0x00,0x00,0x01,0xFF,0xC0,0x00,0x00,0x03,0xFF,0x80,0x00,0x00,0x07,0xFF,0x00,0x00,0x00,0x0F,0xFE,
  0x00,0x00,0x00,0x1F,0xFC,0x00,0x00,0x00,0x3F,0xF8,0x00,0x00,0x00,0x7F,0xF0,0x00,0x00,0x00,0xFF,0xE0,0x00,0x00,0x01,0xFF,
  0xC0,0x00,0x00,0x03,0xFF,0x80,0x00,0x00,0x07,0xFF,0x00,0x00,0x00,0x0F,0xFE,0x00,0x00,0x00,0x1F,0xFC,0x00,0x00,0x00,0x3F,
  0xF8,0x00,0x00,0x00,0x7F,0xF0,0x00,0x00,0x00,0xFF,0xE0,0x00,0xFF,0xFF,0xFF,0xFF,0xFF,0xFF,0xFF,0xFF,0xFF,0xFF,0xFF,0xFF,
  0xFF,0xFF,0xFF,0xFF,0xFF,0xFF,0xFF,0xFF,0xFF,0xFF,0xFF,0xFF,0xFF,0xFF,0xFF,0xFF,0xFF,0xFF,0xFF,0xFF,0xFF,0xFF,0x80,0x00,
  0xFF,0x80,0xFF,0x00,0x01,0xFF,0x01,0xFE,0x00,0x03,0xFE,0x03,0xFC,0x00,0x07,0xFC,0x07,0xF8,0x00,0x0F,0xF8,0x0F,0xF0,0x00,
  0x1F,0xF0,0x1F,0xE0,0x00,0x3F,0xE0,0x3F,0xC0,0x00,0x7F,0xC0,0x7F,0x80,0x00,0x00,0x00,0x00,0x00,0x00,0x00,0x00,0x00,0x00,
  0x00,0x00,0x00,0x00,0x00,0x00,0x00,0x00,0x00,0x00,0x00,0x00,0x00,0x00,0x01,0xFF,0xFF,0xF8,0x00,0x03,0xFF,0xFF,0xF0,0x00,
  0x07,0xFF,0xFF,0xE0,0x00,0x0F,0xFF,0xFF,0xC0,0x00,0x1F,0xFF,0xFF,0x80,0x00,0x3F,0xFF,0xFF,0x00,0x00,0x7F,0xFF,0xFE,0x00,
  0x00,0x00,0x1F,0xFC,0x00,0x00,0x00,0x3F,0xF8,0x00,0x00,0x00,0x7F,0xF0,0x00,0x00,0x00,0xFF,0xE0,0x00,0x00,0x01,0xFF,0xC0,
  0x00,0x00,0x03,0xFF,0x80,0x00,0x00,0x07,0xFF,0x00,0x00,0x00,0x0F,0xFE,0x00,0x00,0x00,0x1F,0xFC,0x00,0x00,0x00,0x3F,0xF8,
  0x00,0x00,0x00,0x7F,0xF0,0x00,0x00,0x00,0xFF,0xE0,0x00,0x00,0x01,0xFF,0xC0,0x00,0x00,0x03,0xFF,0x80,0x00,0x00,0x07,0xFF,
  0x00,0x00,0x00,0x0F,0xFE,0x00,0x00,0x00,0x1F,0xFC,0x00,0x00,0x00,0x3F,0xF8,0x00,0x00,0x00,0x7F,0xF0,0x00,0x00,0x00,0xFF,
  0xE0,0x00,0x00,0x01,0xFF,0xC0,0x00,0x00,0x03,0xFF,0x80,0x00,0x00,0x07,0xFF,0x00,0x00,0x00,0x0F,0xFE,0x00,0x00,0x00,0x1F,
  0xFC,0x00,0x00,0x00,0x3F,0xF8,0x00,0x3F,0xFF,0xFF,0xFF,0xFF,0xFF,0xFF,0xFF,0xFF,0xFF,0xFF,0xFF,0xFF,0xFF,0xFF,0xFF,0xFF,
  0xFF,0xFF,0xFF,0xFF,0xFF,0xFF,0xFF,0xFF,0xFF,0xFF,0xFF,0xFF,0xFF,0xFF,0xFF,0xFF,0xFF,0xE0,0x00,0x00,0x3F,0xF0,0x00,0x03,
  0xFF,0x00,0x00,0x3F,0xF0,0x00,0x03,0xFF,0x00,0x00,0x3F,0xF0,0x00,0x03,0xFF,0x00,0x00,0x3F,0xF0,0x00,0x03,0xFF,0x00,0x00,
  0x00,0x00,0x00,0x00,0x00,0x00,0x00,0x00,0x00,0x00,0x00,0x00,0x00,0x00,0x00,0x00,0x00,0x00,0x00,0x00,0x00,0x00,0x00,0xFF,
  0xFF,0xFF,0x0F,0xFF,0xFF,0xF0,0xFF,0xFF,0xFF,0x0F,0xFF,0xFF,0xF0,0xFF,0xFF,0xFF,0x0F,0xFF,0xFF,0xF0,0xFF,0xFF,0xFF,0x00,
  0x00,0x7F,0xF0,0x00,0x03,0xFF,0x00,0x00,0x3F,0xF0,0x00,0x03,0xFF,0x00,0x00,0x3F,0xF0,0x00,0x03,0xFF,0x00,0x00,0x3F,0xF0,
  0x00,0x03,0xFF,0x00,0x00,0x3F,0xF0,0x00,0x03,0xFF,0x00,0x00,0x3F,0xF0,0x00,0x03,0xFF,0x00,0x00,0x3F,0xF0,0x00,0x03,0xFF,
  0x00,0x00,0x3F,0xF0,0x00,0x03,0xFF,0x00,0x00,0x3F,0xF0,0x00,0x03,0xFF,0x00,0x00,0x3F,0xF0,0x00,0x03,0xFF,0x00,0x00,0x3F,
  0xF0,0x00,0x03,0xFF,0x00,0x00,0x3F,0xF0,0x00,0x03,0xFF,0x00,0x00,0x3F,0xF0,0x00,0x03,0xFF,0x00,0x00,0x3F,0xF0,0x00,0x03,
  0xFF,0x00,0x00,0x3F,0xF0,0x00,0x03,0xFF,0x00,0x00,0x3F,0xF0,0x00,0x03,0xFF,0x00,0x00,0x3F,0xF0,0x00,0x07,0xFF,0x00,0x00,
  0x7F,0xF0,0x00,0x07,0xFF,0x00,0x00,0x7F,0xF0,0x00,0x07,0xFF,0x00,0x00,0xFF,0xE0,0x00,0x1F,0xFE,0xF8,0x07,0xFF,0xEF,0xFF,
  0xFF,0xFC,0xFF,0xFF,0xFF,0xCF,0xFF,0xFF,0xF8,0xFF,0xFF,0xFF,0x0F,0xFF,0xFF,0xE0,0xFF,0xFF,0xF8,0x07,0xFF,0xFE,0x00,0x07,
  0xFF,0x00,0x00,0x00,0xFF,0xFF,0xF8,0x00,0x00,0x03,0xFF,0xFF,0xE0,0x00,0x00,0x0F,0xFF,0xFF,0x80,0x00,0x00,0x3F,0xFF,0xFE,
  0x00,0x00,0x00,0xFF,0xFF,0xF8,0x00,0x00,0x03,0xFF,0xFF,0xE0,0x00,0x00,0x0F,0xFF,0xFF,0x80,0x00,0x00,0x3F,0xC7,0xFE,0x00,
  0x00,0x00,0xFF,0x1F,0xF8,0x00,0x00,0x03,0xFC,0x7F,0xE0,0x00,0x00,0x1F,0xF1,0xFF,0x80,0x00,0x00,0x7F,0x87,0xFE,0x00,0x00,
  0x01,0xFE,0x1F,0xF8,0x00,0x00,0x07,0xF8,0x7F,0xE0,0x00,0x00,0x1F,0xE1,0xFF,0x80,0x00,0x00,0x7F,0x87,0xFE,0x00,0x00,0x01,
  0xFE,0x1F,0xFF,0xF8,0x00,0x07,0xF8,0x7F,0xFF,0xFC,0x00,0x1F,0xE1,0xFF,0xFF,0xF8,0x00,0x7F,0x87,0xFF,0xFF,0xF8,0x01,0xFE,
  0x1F,0xFF,0xFF,0xF0,0x07,0xF8,0x7F,0xFF,0xFF,0xC0,0x3F,0xC1,0xFF,0xFF,0xFF,0x80,0xFF,0x07,0xFE,0x07,0xFE,0x03,0xFC,0x1F,
  0xF8,0x0F,0xF8,0x0F,0xF0,0x7F,0xE0,0x3F,0xE0,0x3F,0xC1,0xFF,0x80,0xFF,0xC0,0xFF,0x07,0xFE,0x03,0xFF,0x03,0xFC,0x1F,0xF8,
  0x0F,0xFC,0x0F,0xF0,0x7F,0xE0,0x3F,0xF0,0x7F,0xC1,0xFF,0x80,0xFF,0x81,0xFE,0x07,0xFE,0x03,0xFE,0x07,0xF8,0x1F,0xF8,0x1F,
  0xF8,0x3F,0xE0,0x7F,0xEF,0xFF,0xCF,0xFF,0x81,0xFF,0xFF,0xFF,0x3F,0xFC,0x07,0xFF,0xFF,0xF8,0xFF,0xF0,0x1F,0xFF,0xFF,0xC3,
  0xFF,0x80,0x7F,0xFF,0xFE,0x0F,0xFE,0x01,0xFF,0xFF,0xE0,0x3F,0xF0,0x07,0xFF,0xFC,0x00,0xFF,0x00,0x00,0x00,0x00,0x00,0xFF,
  0x80,0x7F,0xC0,0x00,0x1F,0xF0,0x1F,0xF8,0x00,0x03,0xFE,0x03,0xFF,0x00,0x00,0x7F,0xC0,0x7F,0xE0,0x00,0x0F,0xF8,0x0F,0xFC,
  0x00,0x01,0xFF,0x01,0xFF,0x80,0x00,0x3F,0xE0,0x3F,0xF0,0x00,0x07,0xFC,0x07,0xFE,0x00,0x00,0xFF,0x80,0xFF,0xC0,0x00,0x1F,
  0xF0,0x1F,0xF8,0x00,0x03,0xFE,0x03,0xFF,0x00,0x00,0x7F,0xC0,0x7F,0xE0,0x00,0x0F,0xF8,0x0F,0xFC,0x00,0x01,0xFF,0x01,0xFF,
  0x80,0x00,0x3F,0xE0,0x3F,0xF0,0x00,0x07,0xFC,0x07,0xFE,0x00,0x00,0xFF,0xFF,0xFF,0xFF,0xC0,0x1F,0xFF,0xFF,0xFF,0xFF,0x03,
  0xFF,0xFF,0xFF,0xFF,0xF0,0x7F,0xFF,0xFF,0xFF,0xFF,0x8F,0xFF,0xFF,0xFF,0xFF,0xF9,0xFF,0xFF,0xFF,0xFF,0xFF,0x3F,0xF0,0x3F,
  0xFF,0xFF,0xF7,0xFC,0x07,0xFE,0x07,0xFE,0xFF,0x80,0xFF,0xC0,0x7F,0xDF,0xF0,0x1F,0xF8,0x0F,0xFB,0xFE,0x03,0xFF,0x01,0xFF,
  0xFF,0xC0,0x7F,0xE0,0x3F,0xFF,0xF8,0x0F,0xFC,0x07,0xFF,0xFF,0x01,0xFF,0x80,0xFF,0xFF,0xE0,0x3F,0xF0,0x1F,0xF7,0xFC,0x07,
  0xFE,0x03,0xFE,0xFF,0x80,0xFF,0xC0,0xFF,0xDF,0xF0,0x1F,0xFB,0xFF,0xF3,0xFE,0x03,0xFF,0xFF,0xFE,0x7F,0xC0,0x7F,0xFF,0xFF,
  0x8F,0xF8,0x0F,0xFF,0xFF,0xE1,0xFF,0x01,0xFF,0xFF,0xF8,0x3F,0xE0,0x3F,0xFF,0xFC,0x07,0xFC,0x07,0xFF,0xFC,0x00,0x07,0xFF,
  0x00,0x00,0x00,0x03,0xFF,0x80,0x00,0x00,0x01,0xFF,0xC0,0x00,0x00,0x00,0xFF,0xE0,0x00,0x00,0x00,0x7F,0xF0,0x00,0x00,0x07,
  0xFF,0xFF,0xFF,0x00,0x03,0xFF,0xFF,0xFF,0x80,0x01,0xFF,0xFF,0xFF,0xC0,0x00,0xFF,0xFF,0xFF,0xE0,0x00,0x7F,0xFF,0xFF,0xF0,
  0x00,0x3F,0xFF,0xFF,0xF8,0x00,0x00,0xFF,0xE0,0x00,0x00,0x00,0x7F,0xF0,0x00,0x00,0x00,0x3F,0xF8,0x00,0x00,0x00,0x1F,0xFC,
  0x00,0x00,0x00,0x0F,0xFE,0x00,0x00,0x00,0x07,0xFF,0x00,0xFF,0x80,0x03,0xFF,0x81,0xFF,0xF0,0x01,0xFF,0xC3,0xFF,0xFE,0x00,
  0xFF,0xE3,0xFF,0xFF,0x80,0x7F,0xF3,0xFF,0xFF,0xC0,0x3F,0xFB,0xFF,0xFF,0xF0,0x1F,0xFD,0xFF,0xFF,0xFC,0x0F,0xFF,0xFF,0xFF,
  0xFE,0x07,0xFF,0xF8,0x1F,0xFF,0x03,0xFF,0xF8,0x03,0xFF,0x81,0xFF,0xF8,0x01,0xFF,0xE0,0xFF,0xF8,0x00,0x7F,0xF0,0x7F,0xF8,
  0x00,0x3F,0xF8,0x3F,0xFC,0x00,0x1F,0xFC,0x1F,0xFC,0x00,0x0F,0xFE,0x0F,0xFE,0x00,0x07,0xFF,0x07,0xFF,0x00,0x03,0xFF,0x83,
  0xFF,0x80,0x01,0xFF,0xC1,0xFF,0xC0,0x00,0x7F,0xE0,0xFF,0xE0,0x00,0x3F,0xF0,0x7F,0xF0,0x00,0x1F,0xF8,0x3F,0xF8,0x00,0x0F,
  0xFC,0x1F,0xFC,0x00,0x07,0xFE,0x0F,0xFE,0x00,0x03,0xFF,0x07,0xFF,0x00,0x01,0xFF,0x83,0xFF,0x80,0x00,0xFF,0xC1,0xFF,0xC0,
  0x00,0x7F,0xE0,0xFF,0xE0,0x00,0x3F,0xF0,0x7F,0xF0,0x00,0x1F,0xF8,0x3F,0xF8,0x00,0x0F,0xFC,0x1F,0xFC,0x00,0x07,0xFE,0x0F,
  0xFE,0x00,0x03,0xFF,0x07,0xFF,0x00,0x01,0xFF,0x83,0xFF,0x80,0x00,0xFF,0xC1,0xFF,0xC0,0x00,0x7F,0xE0,0xFF,0xE0,0x00,0x3F,
  0xF0,0x7F,0xF0,0x00,0x1F,0xF8,0x3F,0xF8,0x00,0x0F,0xFC,0x1F,0xFC,0x00,0x07,0xFE,0x00,0x00,0x07,0xFE,0x00,0x00,0x00,0x3F,
  0xF8,0x00,0x00,0x01,0xFF,0xC0,0x00,0x00,0x0F,0xFC,0x00,0x00,0x00,0x7F,0xE0,0x00,0x00,0x03,0xFE,0x00,0x00,0x00,0x1F,0xF0,
  0x00,0x00,0x00,0xFF,0x80,0x00,0x00,0x07,0xF8,0x00,0x00,0x00,0x3F,0xC0,0x00,0x00,0x00,0x00,0x00,0x00,0x00,0x00,0x00,0x00,
  0x00,0x00,0x00,0x00,0x00,0x00,0x00,0x00,0x00,0x00,0x0F,0xFE,0x00,0x03,0xFF,0xBF,0xF8,0x00,0x0F,0xFE,0xFF,0xE0,0x00,0x7F,
  0xF3,0xFF,0x80,0x01,0xFF,0x8F,0xFE,0x00,0x0F,0xFE,0x3F,0xF8,0x00,0x7F,0xF0,0xFF,0xE0,0x01,0xFF,0x83,0xFF,0x80,0x0F,0xFE,
  0x0F,0xFE,0x00,0x7F,0xF0,0x3F,0xF8,0x01,0xFF,0x80,0xFF,0xE0,0x0F,0xFE,0x03,0xFF,0x80,0x7F,0xF0,0x0F,0xFE,0x01,0xFF,0xC0,
  0x3F,0xF8,0x0F,0xFE,0x00,0xFF,0xE0,0xFF,0xF0,0x03,0xFF,0x8F,0xFF,0x80,0x0F,0xFF,0xFF,0xFE,0x00,0x3F,0xFF,0xFF,0xF0,0x00,
  0xFF,0xFF,0xFF,0x00,0x03,0xFF,0xFF,0xFE,0x00,0x0F,0xFF,0xFF,0xF8,0x00,0x3F,0xFF,0xFF,0xF0,0x00,0xFF,0xFE,0xFF,0xE0,0x03,
  0xFF,0x81,0xFF,0x80,0x0F,0xFE,0x07,0xFF,0x00,0x3F,0xF8,0x0F,0xFE,0x00,0xFF,0xE0,0x1F,0xF8,0x03,0xFF,0x80,0x7F,0xF0,0x0F,
  0xFE,0x00,0xFF,0xE0,0x3F,0xF8,0x03,0xFF,0x80,0xFF,0xE0,0x07,0xFF,0x03,0xFF,0x80,0x0F,0xFE,0x0F,0xFE,0x00,0x3F,0xF8,0x3F,
  0xF8,0x00,0x7F,0xF0,0xFF,0xE0,0x00,0xFF,0xE3,0xFF,0x80,0x03,0xFF,0x8F,0xFE,0x00,0x07,0xFF,0x3F,0xF8,0x00,0x1F,0xFE,0xFF,
  0xE0,0x00,0x3F,0xFB,0xFF,0x80,0x00,0x7F,0xF0,0x0F,0xFC,0x00,0x00,0x00,0xFF,0xE0,0x00,0x00,0x03,0xFF,0x80,0x00,0x00,0x1F,
  0xFC,0x00,0x00,0x00,0x7F,0xE0,0x00,0x00,0x03,0xFF,0x00,0x00,0x00,0x0F,0xF8,0x00,0x00,0x00,0x7F,0xC0,0x00,0x00,0x03,0xFE,
  0x00,0x00,0x00,0x0F,0xE0,0x00,0x00,0x00,0x00,0x00,0x00,0x00,0x00,0x00,0x00,0x00,0x00,0x00,0x00,0x00,0x00,0x00,0x00,0x00,
  0xFF,0xC0,0x00,0x7F,0xFF,0xFC,0x00,0x0F,0xFF,0xFF,0xC0,0x01,0xFF,0xFF,0xFC,0x00,0x1F,0xFF,0xFF,0xC0,0x03,0xFF,0xFF,0xFC,
  0x00,0x3F,0xFF,0xFF,0xC0,0x07,0xFF,0xFF,0xFC,0x00,0x7F,0xFF,0xFF,0xC0,0x0F,0xFF,0xFF,0xFC,0x00,0xFF,0xFF,0xFF,0xC0,0x1F,
  0xFF,0xFF,0xFC,0x03,0xFF,0xFF,0xFF,0xC0,0x3F,0xFF,0xFF,0xFC,0x07,0xFF,0xFF,0xFF,0xC0,0x7F,0xBF,0xFF,0xFC,0x0F,0xFB,0xFF,
  0xFF,0xC0,0xFF,0x3F,0xFF,0xFC,0x1F,0xF3,0xFF,0xFF,0xC3,0xFE,0x3F,0xFF,0xFC,0x3F,0xC3,0xFF,0xFF,0xC7,0xFC,0x3F,0xFF,0xFC,
  0x7F,0x83,0xFF,0xFF,0xCF,0xF8,0x3F,0xFF,0xFC,0xFF,0x03,0xFF,0xFF,0xDF,0xF0,0x3F,0xFF,0xF9,0xFE,0x03,0xFF,0xFF,0xBF,0xE0,
  0x3F,0xFF,0xFF,0xFC,0x03,0xFF,0xFF,0xFF,0xC0,0x3F,0xFF,0xFF,0xF8,0x03,0xFF,0xFF,0xFF,0x00,0x3F,0xFF,0xFF,0xF0,0x03,0xFF,
  0xFF,0xFE,0x00,0x3F,0xFF,0xFF,0xE0,0x03,0xFF,0xFF,0xFC,0x00,0x3F,0xFF,0xFF,0xC0,0x03,0xFF,0xFF,0xF8,0x00,0x3F,0xFF,0xFF,
  0x80,0x03,0xFF,0xFF,0xF0,0x00,0x3F,0xFF,0xFF,0x00,0x03,0xFF,0x03,0xFE,0x00,0x0F,0xF0,0x00,0xFF,0x80,0x03,0xFC,0x00,0x3F,
  0xE0,0x00,0xFF,0x00,0x07,0xF8,0x00,0x7F,0xC0,0x01,0xFF,0x00,0x3F,0xF0,0x00,0x7F,0xF0,0x3F,0xF8,0x00,0x0F,0xFF,0xFF,0xFE,
  0x00,0x01,0xFF,0xFF,0xFF,0x00,0x00,0x3F,0xFF,0xFF,0x80,0x00,0x03,0xFF,0xFF,0x80,0x00,0x00,0x1F,0xFF,0x00,0x00,0x00,0x00,
  0x00,0x00,0x00,0x00,0x00,0x00,0x00,0x00,0x00,0x00,0x00,0x00,0x00,0x00,0x00,0x00,0x00,0x00,0x03,0xFF,0x80,0x00,0x07,0xFF,
  0xFF,0xE0,0x00,0x01,0xFF,0xFF,0xF8,0x00,0x00,0xFF,0xE7,0xFF,0x00,0x00,0x3F,0xF9,0xFF,0xC0,0x00,0x0F,0xFC,0x3F,0xF8,0x00,
  0x07,0xFF,0x0F,0xFE,0x00,0x01,0xFF,0xC1,0xFF,0x80,0x00,0x7F,0xE0,0x7F,0xF0,0x00,0x3F,0xF8,0x1F,0xFC,0x00,0x0F,0xFC,0x03,
  0xFF,0x00,0x03,0xFF,0x00,0xFF,0xE0,0x01,0xFF,0xC0,0x1F,0xF8,0x00,0x7F,0xE0,0x07,0xFE,0x00,0x1F,0xF8,0x01,0xFF,0xC0,0x0F,
  0xFC,0x00,0x3F,0xF0,0x03,0xFF,0x00,0x0F,0xFE,0x00,0xFF,0xC0,0x01,0xFF,0x80,0x7F,0xE0,0x00,0x7F,0xE0,0x1F,0xF8,0x00,0x0F,
  0xFC,0x07,0xFC,0x00,0x03,0xFF,0x03,0xFF,0x00,0x00,0xFF,0xC0,0xFF,0xC0,0x00,0x1F,0xF8,0x3F,0xE0,0x00,0x07,0xFE,0x1F,0xF8,
  0x00,0x00,0xFF,0x87,0xFE,0x00,0x00,0x3F,0xF1,0xFF,0x00,0x00,0x0F,0xFC,0x7F,0xC0,0x00,0x01,0xFF,0x3F,0xE0,0x00,0x00,0x7F,
  0xCF,0xF8,0x00,0x00,0x0F,0xFB,0xFE,0x00,0x00,0x03,0xFF,0xFF,0x00,0x00,0x00,0x7F,0xFF,0xC0,0x00,0x00,0x1F,0xFF,0xE0,0x00,
  0x00,0x07,0xFF,0xF8,0x00,0x00,0x00,0xFF,0xFE,0x00,0x00,0x00,0x3F,0xFF,0x00,0x00,0x00,0x07,0xFF,0xC0,0x00,0x00,0x01,0xFF,
  0xE0,0x00,0x00,0x00,0x3F,0xF8,0x00,0x00,0x00,0x0F,0xFE,0x00,0x00,0x00,0x03,0xFF,0x00,0x00,0x00,0x01,0xFF,0xC0,0x00,0x00,
  0x00,0x7F,0xE0,0x00,0x00,0x00,0x3F,0xF8,0x00,0x00,0x00,0x0F,0xFE,0x00,0x00,0x00,0x07,0xFF,0x00,0x00,0x00,0x03,0xFF,0xC0,
  0x00,0x00,0x03,0xFF,0xE0,0x00,0x00,0x7F,0xFF,0xF8,0x00,0x00,0x1F,0xFF,0xFC,0x00,0x00,0x07,0xFF,0xFE,0x00,0x00,0x01,0xFF,
  0xFF,0x00,0x00,0x00,0x7F,0xFF,0x80,0x00,0x00,0x1F,0xFF,0xC0,0x00,0x00,0x07,0xFF,0xC0,0x00,0x00,0x00,0xFF,0x80,0x00,0x00,
  0x00,0xFF,0xE0,0x00,0x7F,0xFF,0xFE,0x00,0x07,0xFF,0xFF,0xE0,0x00,0x7F,0xFF,0xFE,0x00,0x07,0xFF,0xFF,0xE0,0x00,0x7F,0xFF,
  0xFE,0x00,0x07,0xFF,0xFF,0xE0,0x00,0x7F,0xFF,0xFE,0x00,0x07,0xFF,0xFF,0xE0,0x00,0x7F,0xFF,0xFE,0x00,0x07,0xFF,0xFF,0xE0,
  0x00,0x7F,0xFF,0xFE,0x00,0x07,0xFF,0xFF,0xE0,0x00,0x7F,0xFF,0xFE,0x00,0x07,0xFF,0xFF,0xE0,0x00,0x7F,0xFF,0xFE,0x00,0x07,
  0xFF,0xFF,0xE0,0x00,0x7F,0xFF,0xFE,0x00,0x07,0xFF,0xFF,0xE0,0x00,0x7F,0xFF,0xFE,0x00,0x07,0xFF,0xFF,0xE0,0x00,0x7F,0xFF,
  0xFE,0x00,0x07,0xFF,0xFF,0xE0,0x00,0x7F,0xFF,0xFE,0x00,0x07,0xFF,0xFF,0xE0,0x00,0x7F,0xFF,0xFE,0x00,0x07,0xFF,0xFF,0xE0,
  0x00,0x7F,0xFF,0xFE,0x00,0x07,0xFF,0xFF,0xE0,0x00,0x7F,0xFF,0xFE,0x00,0x07,0xFF,0xFF,0xE0,0x00,0x7F,0xFF,0xFE,0x00,0x07,
  0xFF,0xFF,0xE0,0x00,0x7F,0xFF,0xFF,0xFF,0xFF,0xFF,0xFF,0xFF,0xFF,0xFF,0xFF,0xFF,0xFF,0xFF,0xFF,0xFF,0xFF,0xFF,0xFF,0xFF,
  0xFF,0xFF,0xFF,0xFF,0xFF,0xFF,0xFF,0xFF,0xFF,0xFF,0xFF,0xFF,0xFF,0x00,0x07,0xFC,0x00,0x00,0x00,0x7F,0xC0,0x00,0x00,0x07,
  0xFC,0x00,0x00,0x00,0x7F,0xC0,0x00,0x00,0x07,0xFC,0x00,0x00,0x00,0x7F,0xC0,0x00,0x00,0x07,0xFC,0x00,0x00,0x00,0x7F,0xC0,
  0x00,0x00,0x07,0xFC,0x00,0x00,0x00,0x7F,0xC0,0x00,0x00,0x07,0xFC,0x00,0x00,0x00,0x7F,0xC0,0x00,0x00,0x07,0xFC,0x00,0x00,
  0x00,0x7F,0xC0,0x00,0x00,0x07,0xFC,0x00,0x00,
  0x00};
static const lgfx::GFXglyph LibMono50_glyphs[] PROGMEM = {
  {0,0,0,46,0,0},
  {0,11,50,46,17,-50},
  {69,27,23,46,9,-55},
  {147,41,50,46,2,-50},
  {404,40,62,46,3,-56},
  {714,46,52,46,0,-51},
  {1013,44,52,46,1,-51},
  {1299,10,23,46,18,-55},
  {1328,21,71,46,13,-55},
  {1515,21,71,46,12,-55},
  {1702,29,28,46,8,-55},
  {1804,38,39,46,4,-44},
  {1990,17,25,46,10,-11},
  {2044,22,9,46,12,-24},
  {2069,11,11,46,17,-11},
  {2085,39,56,46,3,-55},
  {2358,37,52,46,4,-51},
  {2599,37,50,46,5,-50},
  {2831,37,51,46,4,-51},
  {3067,38,52,46,4,-51},
  {3314,40,50,46,3,-50},
  {3564,38,51,46,4,-50},
  {3807,36,52,46,5,-51},
  {4041,36,50,46,5,-50},
  {4266,38,52,46,4,-51},
  {4513,37,52,46,4,-51},
  {4754,11,40,46,17,-40},
  {4809,18,54,46,12,-40},
  {4931,38,41,46,4,-46},
  {5126,38,29,46,4,-40},
  {5264,38,41,46,4,-46},
  {5459,38,51,46,3,-51},
  {5702,42,66,46,2,-55},
  {6049,46,50,46,0,-50},
  {6337,39,50,46,5,-50},
  {6581,40,52,46,3,-51},
  {6841,38,50,46,5,-50},
  {7079,38,50,46,5,-50},
  {7317,35,50,46,6,-50},
  {7536,39,52,46,3,-51},
  {7790,36,50,46,5,-50},
  {8015,34,50,46,6,-50},
  {8228,34,51,46,4,-50},
  {8445,40,50,46,5,-50},
  {8695,34,50,46,8,-50},
  {8908,38,50,46,4,-50},
  {9146,36,50,46,5,-50},
  {9371,40,52,46,3,-51},
  {9631,37,50,46,5,-50},
  {9863,40,66,46,3,-51},
  {10193,40,50,46,5,-50},
  {10443,41,52,46,2,-51},
  {10710,41,50,46,2,-50},
  {10967,36,51,46,5,-50},
  {11197,45,50,46,0,-50},
  {11479,46,50,46,0,-50},
  {11767,45,50,46,0,-50},
  {12049,45,50,46,0,-50},
  {12331,39,50,46,3,-50},
  {12575,22,71,46,14,-55},
  {12771,38,56,46,4,-55},
  {13037,23,71,46,9,-55},
  {13242,41,33,46,2,-52},
  {13412,46,4,46,0,5},
  {13435,19,10,46,13,-54},
  {13459,40,42,46,4,-41},
  {13669,37,56,46,5,-55},
  {13928,37,42,46,4,-41},
  {14123,36,56,46,4,-55},
  {14375,38,42,46,4,-41},
  {14575,38,56,46,4,-56},
  {14841,36,57,46,5,-41},
  {15098,36,55,46,5,-55},
  {15346,39,55,46,4,-55},
  {15615,28,71,46,4,-55},
  {15864,37,55,46,6,-55},
  {16119,35,55,46,8,-55},
  {16360,40,41,46,3,-41},
  {16565,36,41,46,5,-41},
  {16750,39,42,46,3,-41},
  {16955,37,57,46,5,-41},
  {17219,36,57,46,4,-41},
  {17476,33,41,46,7,-41},
  {17646,36,42,46,5,-41},
  {17835,32,51,46,6,-50},
  {18039,35,41,46,5,-40},
  {18219,43,40,46,1,-40},
  {18434,45,40,46,0,-40},
  {18659,41,40,46,2,-40},
  {18864,42,56,46,2,-40},
  {19158,35,40,46,5,-40},
  {19333,32,71,46,7,-55},
  {19617,10,72,46,18,-55},
  {19707,31,71,46,7,-55},
  {19983,39,12,46,3,-31},
  {0,0,0,0,0,0},
  {0,0,0,0,0,0},
  {0,0,0,0,0,0},
  {0,0,0,0,0,0},
  {0,0,0,0,0,0},
  {0,0,0,0,0,0},
  {0,0,0,0,0,0},
  {0,0,0,0,0,0},
  {0,0,0,0,0,0},
  {0,0,0,0,0,0},
  {0,0,0,0,0,0},
  {0,0,0,0,0,0},
  {0,0,0,0,0,0},
  {0,0,0,0,0,0},
  {0,0,0,0,0,0},
  {0,0,0,0,0,0},
  {0,0,0,0,0,0},
  {0,0,0,0,0,0},
  {0,0,0,0,0,0},
  {0,0,0,0,0,0},
  {0,0,0,0,0,0},
  {0,0,0,0,0,0},
  {0,0,0,0,0,0},
  {0,0,0,0,0,0},
  {0,0,0,0,0,0},
  {0,0,0,0,0,0},
  {0,0,0,0,0,0},
  {0,0,0,0,0,0},
  {0,0,0,0,0,0},
  {0,0,0,0,0,0},
  {0,0,0,0,0,0},
  {0,0,0,0,0,0},
  {0,0,0,0,0,0},
  {0,0,0,0,0,0},
  {0,0,0,0,0,0},
  {0,0,0,0,0,0},
  {0,0,0,0,0,0},
  {0,0,0,0,0,0},
  {0,0,0,0,0,0},
  {0,0,0,0,0,0},
  {0,0,0,0,0,0},
  {0,0,0,0,0,0},
  {0,0,0,0,0,0},
  {0,0,0,0,0,0},
  {0,0,0,0,0,0},
  {0,0,0,0,0,0},
  {0,0,0,0,0,0},
  {0,0,0,0,0,0},
  {0,0,0,0,0,0},
  {20042,24,23,46,11,-53},
  {0,0,0,0,0,0},
  {0,0,0,0,0,0},
  {0,0,0,0,0,0},
  {0,0,0,0,0,0},
  {0,0,0,0,0,0},
  {0,0,0,0,0,0},
  {0,0,0,0,0,0},
  {0,0,0,0,0,0},
  {0,0,0,0,0,0},
  {0,0,0,0,0,0},
  {0,0,0,0,0,0},
  {0,0,0,0,0,0},
  {0,0,0,0,0,0},
  {0,0,0,0,0,0},
  {0,0,0,0,0,0},
  {0,0,0,0,0,0},
  {0,0,0,0,0,0},
  {0,0,0,0,0,0},
  {0,0,0,0,0,0},
  {0,0,0,0,0,0},
  {0,0,0,0,0,0},
  {0,0,0,0,0,0},
  {0,0,0,0,0,0},
  {0,0,0,0,0,0},
  {0,0,0,0,0,0},
  {0,0,0,0,0,0},
  {0,0,0,0,0,0},
  {0,0,0,0,0,0},
  {0,0,0,0,0,0},
  {0,0,0,0,0,0},
  {0,0,0,0,0,0},
  {0,0,0,0,0,0},
  {0,0,0,0,0,0},
  {0,0,0,0,0,0},
  {0,0,0,0,0,0},
  {0,0,0,0,0,0},
  {0,0,0,0,0,0},
  {0,0,0,0,0,0},
  {0,0,0,0,0,0},
  {0,0,0,0,0,0},
  {0,0,0,0,0,0},
  {0,0,0,0,0,0},
  {0,0,0,0,0,0},
  {0,0,0,0,0,0},
  {0,0,0,0,0,0},
  {0,0,0,0,0,0},
  {0,0,0,0,0,0},
  {0,0,0,0,0,0},
  {0,0,0,0,0,0},
  {0,0,0,0,0,0},
  {0,0,0,0,0,0},
  {0,0,0,0,0,0},
  {0,0,0,0,0,0},
  {0,0,0,0,0,0},
  {0,0,0,0,0,0},
  {0,0,0,0,0,0},
  {0,0,0,0,0,0},
  {0,0,0,0,0,0},
  {0,0,0,0,0,0},
  {0,0,0,0,0,0},
  {0,0,0,0,0,0},
  {0,0,0,0,0,0},
  {0,0,0,0,0,0},
  {0,0,0,0,0,0},
  {0,0,0,0,0,0},
  {0,0,0,0,0,0},
  {0,0,0,0,0,0},
  {0,0,0,0,0,0},
  {0,0,0,0,0,0},
  {0,0,0,0,0,0},
  {0,0,0,0,0,0},
  {0,0,0,0,0,0},
  {0,0,0,0,0,0},
  {0,0,0,0,0,0},
  {0,0,0,0,0,0},
  {0,0,0,0,0,0},
  {0,0,0,0,0,0},
  {0,0,0,0,0,0},
  {0,0,0,0,0,0},
  {0,0,0,0,0,0},
  {0,0,0,0,0,0},
  {0,0,0,0,0,0},
  {0,0,0,0,0,0},
  {0,0,0,0,0,0},
  {0,0,0,0,0,0},
  {0,0,0,0,0,0},
  {0,0,0,0,0,0},
  {0,0,0,0,0,0},
  {0,0,0,0,0,0},
  {0,0,0,0,0,0},
  {0,0,0,0,0,0},
  {0,0,0,0,0,0},
  {0,0,0,0,0,0},
  {0,0,0,0,0,0},
  {0,0,0,0,0,0},
  {0,0,0,0,0,0},
  {0,0,0,0,0,0},
  {0,0,0,0,0,0},
  {0,0,0,0,0,0},
  {0,0,0,0,0,0},
  {0,0,0,0,0,0},
  {0,0,0,0,0,0},
  {0,0,0,0,0,0},
  {0,0,0,0,0,0},
  {0,0,0,0,0,0},
  {0,0,0,0,0,0},
  {0,0,0,0,0,0},
  {0,0,0,0,0,0},
  {0,0,0,0,0,0},
  {0,0,0,0,0,0},
  {0,0,0,0,0,0},
  {0,0,0,0,0,0},
  {0,0,0,0,0,0},
  {0,0,0,0,0,0},
  {0,0,0,0,0,0},
  {0,0,0,0,0,0},
  {0,0,0,0,0,0},
  {0,0,0,0,0,0},
  {0,0,0,0,0,0},
  {0,0,0,0,0,0},
  {0,0,0,0,0,0},
  {0,0,0,0,0,0},
  {0,0,0,0,0,0},
  {0,0,0,0,0,0},
  {0,0,0,0,0,0},
  {0,0,0,0,0,0},
  {0,0,0,0,0,0},
  {0,0,0,0,0,0},
  {0,0,0,0,0,0},
  {0,0,0,0,0,0},
  {0,0,0,0,0,0},
  {0,0,0,0,0,0},
  {0,0,0,0,0,0},
  {0,0,0,0,0,0},
  {0,0,0,0,0,0},
  {0,0,0,0,0,0},
  {0,0,0,0,0,0},
  {0,0,0,0,0,0},
  {0,0,0,0,0,0},
  {0,0,0,0,0,0},
  {0,0,0,0,0,0},
  {0,0,0,0,0,0},
  {0,0,0,0,0,0},
  {0,0,0,0,0,0},
  {0,0,0,0,0,0},
  {0,0,0,0,0,0},
  {0,0,0,0,0,0},
  {0,0,0,0,0,0},
  {0,0,0,0,0,0},
  {0,0,0,0,0,0},
  {0,0,0,0,0,0},
  {0,0,0,0,0,0},
  {0,0,0,0,0,0},
  {0,0,0,0,0,0},
  {0,0,0,0,0,0},
  {0,0,0,0,0,0},
  {0,0,0,0,0,0},
  {0,0,0,0,0,0},
  {0,0,0,0,0,0},
  {0,0,0,0,0,0},
  {0,0,0,0,0,0},
  {0,0,0,0,0,0},
  {0,0,0,0,0,0},
  {0,0,0,0,0,0},
  {0,0,0,0,0,0},
  {0,0,0,0,0,0},
  {0,0,0,0,0,0},
  {0,0,0,0,0,0},
  {0,0,0,0,0,0},
  {0,0,0,0,0,0},
  {0,0,0,0,0,0},
  {0,0,0,0,0,0},
  {0,0,0,0,0,0},
  {0,0,0,0,0,0},
  {0,0,0,0,0,0},
  {0,0,0,0,0,0},
  {0,0,0,0,0,0},
  {0,0,0,0,0,0},
  {0,0,0,0,0,0},
  {0,0,0,0,0,0},
  {0,0,0,0,0,0},
  {0,0,0,0,0,0},
  {0,0,0,0,0,0},
  {0,0,0,0,0,0},
  {0,0,0,0,0,0},
  {0,0,0,0,0,0},
  {0,0,0,0,0,0},
  {0,0,0,0,0,0},
  {0,0,0,0,0,0},
  {0,0,0,0,0,0},
  {0,0,0,0,0,0},
  {0,0,0,0,0,0},
  {0,0,0,0,0,0},
  {0,0,0,0,0,0},
  {0,0,0,0,0,0},
  {0,0,0,0,0,0},
  {0,0,0,0,0,0},
  {0,0,0,0,0,0},
  {0,0,0,0,0,0},
  {0,0,0,0,0,0},
  {0,0,0,0,0,0},
  {0,0,0,0,0,0},
  {0,0,0,0,0,0},
  {0,0,0,0,0,0},
  {0,0,0,0,0,0},
  {0,0,0,0,0,0},
  {0,0,0,0,0,0},
  {0,0,0,0,0,0},
  {0,0,0,0,0,0},
  {0,0,0,0,0,0},
  {0,0,0,0,0,0},
  {0,0,0,0,0,0},
  {0,0,0,0,0,0},
  {0,0,0,0,0,0},
  {0,0,0,0,0,0},
  {0,0,0,0,0,0},
  {0,0,0,0,0,0},
  {0,0,0,0,0,0},
  {0,0,0,0,0,0},
  {0,0,0,0,0,0},
  {0,0,0,0,0,0},
  {0,0,0,0,0,0},
  {0,0,0,0,0,0},
  {0,0,0,0,0,0},
  {0,0,0,0,0,0},
  {0,0,0,0,0,0},
  {0,0,0,0,0,0},
  {0,0,0,0,0,0},
  {0,0,0,0,0,0},
  {0,0,0,0,0,0},
  {0,0,0,0,0,0},
  {0,0,0,0,0,0},
  {0,0,0,0,0,0},
  {0,0,0,0,0,0},
  {0,0,0,0,0,0},
  {0,0,0,0,0,0},
  {0,0,0,0,0,0},
  {0,0,0,0,0,0},
  {0,0,0,0,0,0},
  {0,0,0,0,0,0},
  {0,0,0,0,0,0},
  {0,0,0,0,0,0},
  {0,0,0,0,0,0},
  {0,0,0,0,0,0},
  {0,0,0,0,0,0},
  {0,0,0,0,0,0},
  {0,0,0,0,0,0},
  {0,0,0,0,0,0},
  {0,0,0,0,0,0},
  {0,0,0,0,0,0},
  {0,0,0,0,0,0},
  {0,0,0,0,0,0},
  {0,0,0,0,0,0},
  {0,0,0,0,0,0},
  {0,0,0,0,0,0},
  {0,0,0,0,0,0},
  {0,0,0,0,0,0},
  {0,0,0,0,0,0},
  {0,0,0,0,0,0},
  {0,0,0,0,0,0},
  {0,0,0,0,0,0},
  {0,0,0,0,0,0},
  {0,0,0,0,0,0},
  {0,0,0,0,0,0},
  {0,0,0,0,0,0},
  {0,0,0,0,0,0},
  {0,0,0,0,0,0},
  {0,0,0,0,0,0},
  {0,0,0,0,0,0},
  {0,0,0,0,0,0},
  {0,0,0,0,0,0},
  {0,0,0,0,0,0},
  {0,0,0,0,0,0},
  {0,0,0,0,0,0},
  {0,0,0,0,0,0},
  {0,0,0,0,0,0},
  {0,0,0,0,0,0},
  {0,0,0,0,0,0},
  {0,0,0,0,0,0},
  {0,0,0,0,0,0},
  {0,0,0,0,0,0},
  {0,0,0,0,0,0},
  {0,0,0,0,0,0},
  {0,0,0,0,0,0},
  {0,0,0,0,0,0},
  {0,0,0,0,0,0},
  {0,0,0,0,0,0},
  {0,0,0,0,0,0},
  {0,0,0,0,0,0},
  {0,0,0,0,0,0},
  {0,0,0,0,0,0},
  {0,0,0,0,0,0},
  {0,0,0,0,0,0},
  {0,0,0,0,0,0},
  {0,0,0,0,0,0},
  {0,0,0,0,0,0},
  {0,0,0,0,0,0},
  {0,0,0,0,0,0},
  {0,0,0,0,0,0},
  {0,0,0,0,0,0},
  {0,0,0,0,0,0},
  {0,0,0,0,0,0},
  {0,0,0,0,0,0},
  {0,0,0,0,0,0},
  {0,0,0,0,0,0},
  {0,0,0,0,0,0},
  {0,0,0,0,0,0},
  {0,0,0,0,0,0},
  {0,0,0,0,0,0},
  {0,0,0,0,0,0},
  {0,0,0,0,0,0},
  {0,0,0,0,0,0},
  {0,0,0,0,0,0},
  {0,0,0,0,0,0},
  {0,0,0,0,0,0},
  {0,0,0,0,0,0},
  {0,0,0,0,0,0},
  {0,0,0,0,0,0},
  {0,0,0,0,0,0},
  {0,0,0,0,0,0},
  {0,0,0,0,0,0},
  {0,0,0,0,0,0},
  {0,0,0,0,0,0},
  {0,0,0,0,0,0},
  {0,0,0,0,0,0},
  {0,0,0,0,0,0},
  {0,0,0,0,0,0},
  {0,0,0,0,0,0},
  {0,0,0,0,0,0},
  {0,0,0,0,0,0},
  {0,0,0,0,0,0},
  {0,0,0,0,0,0},
  {0,0,0,0,0,0},
  {0,0,0,0,0,0},
  {0,0,0,0,0,0},
  {0,0,0,0,0,0},
  {0,0,0,0,0,0},
  {0,0,0,0,0,0},
  {0,0,0,0,0,0},
  {0,0,0,0,0,0},
  {0,0,0,0,0,0},
  {0,0,0,0,0,0},
  {0,0,0,0,0,0},
  {0,0,0,0,0,0},
  {0,0,0,0,0,0},
  {0,0,0,0,0,0},
  {0,0,0,0,0,0},
  {0,0,0,0,0,0},
  {0,0,0,0,0,0},
  {0,0,0,0,0,0},
  {0,0,0,0,0,0},
  {0,0,0,0,0,0},
  {0,0,0,0,0,0},
  {0,0,0,0,0,0},
  {0,0,0,0,0,0},
  {0,0,0,0,0,0},
  {0,0,0,0,0,0},
  {0,0,0,0,0,0},
  {0,0,0,0,0,0},
  {0,0,0,0,0,0},
  {0,0,0,0,0,0},
  {0,0,0,0,0,0},
  {0,0,0,0,0,0},
  {0,0,0,0,0,0},
  {0,0,0,0,0,0},
  {0,0,0,0,0,0},
  {0,0,0,0,0,0},
  {0,0,0,0,0,0},
  {0,0,0,0,0,0},
  {0,0,0,0,0,0},
  {0,0,0,0,0,0},
  {0,0,0,0,0,0},
  {0,0,0,0,0,0},
  {0,0,0,0,0,0},
  {0,0,0,0,0,0},
  {0,0,0,0,0,0},
  {0,0,0,0,0,0},
  {0,0,0,0,0,0},
  {0,0,0,0,0,0},
  {0,0,0,0,0,0},
  {0,0,0,0,0,0},
  {0,0,0,0,0,0},
  {0,0,0,0,0,0},
  {0,0,0,0,0,0},
  {0,0,0,0,0,0},
  {0,0,0,0,0,0},
  {0,0,0,0,0,0},
  {0,0,0,0,0,0},
  {0,0,0,0,0,0},
  {0,0,0,0,0,0},
  {0,0,0,0,0,0},
  {0,0,0,0,0,0},
  {0,0,0,0,0,0},
  {0,0,0,0,0,0},
  {0,0,0,0,0,0},
  {0,0,0,0,0,0},
  {0,0,0,0,0,0},
  {0,0,0,0,0,0},
  {0,0,0,0,0,0},
  {0,0,0,0,0,0},
  {0,0,0,0,0,0},
  {0,0,0,0,0,0},
  {0,0,0,0,0,0},
  {0,0,0,0,0,0},
  {0,0,0,0,0,0},
  {0,0,0,0,0,0},
  {0,0,0,0,0,0},
  {0,0,0,0,0,0},
  {0,0,0,0,0,0},
  {0,0,0,0,0,0},
  {0,0,0,0,0,0},
  {0,0,0,0,0,0},
  {0,0,0,0,0,0},
  {0,0,0,0,0,0},
  {0,0,0,0,0,0},
  {0,0,0,0,0,0},
  {0,0,0,0,0,0},
  {0,0,0,0,0,0},
  {0,0,0,0,0,0},
  {0,0,0,0,0,0},
  {0,0,0,0,0,0},
  {0,0,0,0,0,0},
  {0,0,0,0,0,0},
  {0,0,0,0,0,0},
  {0,0,0,0,0,0},
  {0,0,0,0,0,0},
  {0,0,0,0,0,0},
  {0,0,0,0,0,0},
  {0,0,0,0,0,0},
  {0,0,0,0,0,0},
  {0,0,0,0,0,0},
  {0,0,0,0,0,0},
  {0,0,0,0,0,0},
  {0,0,0,0,0,0},
  {0,0,0,0,0,0},
  {0,0,0,0,0,0},
  {0,0,0,0,0,0},
  {0,0,0,0,0,0},
  {0,0,0,0,0,0},
  {0,0,0,0,0,0},
  {0,0,0,0,0,0},
  {0,0,0,0,0,0},
  {0,0,0,0,0,0},
  {0,0,0,0,0,0},
  {0,0,0,0,0,0},
  {0,0,0,0,0,0},
  {0,0,0,0,0,0},
  {0,0,0,0,0,0},
  {0,0,0,0,0,0},
  {0,0,0,0,0,0},
  {0,0,0,0,0,0},
  {0,0,0,0,0,0},
  {0,0,0,0,0,0},
  {0,0,0,0,0,0},
  {0,0,0,0,0,0},
  {0,0,0,0,0,0},
  {0,0,0,0,0,0},
  {0,0,0,0,0,0},
  {0,0,0,0,0,0},
  {0,0,0,0,0,0},
  {0,0,0,0,0,0},
  {0,0,0,0,0,0},
  {0,0,0,0,0,0},
  {0,0,0,0,0,0},
  {0,0,0,0,0,0},
  {0,0,0,0,0,0},
  {0,0,0,0,0,0},
  {0,0,0,0,0,0},
  {0,0,0,0,0,0},
  {0,0,0,0,0,0},
  {0,0,0,0,0,0},
  {0,0,0,0,0,0},
  {0,0,0,0,0,0},
  {0,0,0,0,0,0},
  {0,0,0,0,0,0},
  {0,0,0,0,0,0},
  {0,0,0,0,0,0},
  {0,0,0,0,0,0},
  {0,0,0,0,0,0},
  {0,0,0,0,0,0},
  {0,0,0,0,0,0},
  {0,0,0,0,0,0},
  {0,0,0,0,0,0},
  {0,0,0,0,0,0},
  {0,0,0,0,0,0},
  {0,0,0,0,0,0},
  {0,0,0,0,0,0},
  {0,0,0,0,0,0},
  {0,0,0,0,0,0},
  {0,0,0,0,0,0},
  {0,0,0,0,0,0},
  {0,0,0,0,0,0},
  {0,0,0,0,0,0},
  {0,0,0,0,0,0},
  {0,0,0,0,0,0},
  {0,0,0,0,0,0},
  {0,0,0,0,0,0},
  {0,0,0,0,0,0},
  {0,0,0,0,0,0},
  {0,0,0,0,0,0},
  {0,0,0,0,0,0},
  {0,0,0,0,0,0},
  {0,0,0,0,0,0},
  {0,0,0,0,0,0},
  {0,0,0,0,0,0},
  {0,0,0,0,0,0},
  {0,0,0,0,0,0},
  {0,0,0,0,0,0},
  {0,0,0,0,0,0},
  {0,0,0,0,0,0},
  {0,0,0,0,0,0},
  {0,0,0,0,0,0},
  {0,0,0,0,0,0},
  {0,0,0,0,0,0},
  {0,0,0,0,0,0},
  {0,0,0,0,0,0},
  {0,0,0,0,0,0},
  {0,0,0,0,0,0},
  {0,0,0,0,0,0},
  {0,0,0,0,0,0},
  {0,0,0,0,0,0},
  {0,0,0,0,0,0},
  {0,0,0,0,0,0},
  {0,0,0,0,0,0},
  {0,0,0,0,0,0},
  {0,0,0,0,0,0},
  {0,0,0,0,0,0},
  {0,0,0,0,0,0},
  {0,0,0,0,0,0},
  {0,0,0,0,0,0},
  {0,0,0,0,0,0},
  {0,0,0,0,0,0},
  {0,0,0,0,0,0},
  {0,0,0,0,0,0},
  {0,0,0,0,0,0},
  {0,0,0,0,0,0},
  {0,0,0,0,0,0},
  {0,0,0,0,0,0},
  {0,0,0,0,0,0},
  {0,0,0,0,0,0},
  {0,0,0,0,0,0},
  {0,0,0,0,0,0},
  {0,0,0,0,0,0},
  {0,0,0,0,0,0},
  {0,0,0,0,0,0},
  {0,0,0,0,0,0},
  {0,0,0,0,0,0},
  {0,0,0,0,0,0},
  {0,0,0,0,0,0},
  {0,0,0,0,0,0},
  {0,0,0,0,0,0},
  {0,0,0,0,0,0},
  {0,0,0,0,0,0},
  {0,0,0,0,0,0},
  {0,0,0,0,0,0},
  {0,0,0,0,0,0},
  {0,0,0,0,0,0},
  {0,0,0,0,0,0},
  {0,0,0,0,0,0},
  {0,0,0,0,0,0},
  {0,0,0,0,0,0},
  {0,0,0,0,0,0},
  {0,0,0,0,0,0},
  {0,0,0,0,0,0},
  {0,0,0,0,0,0},
  {0,0,0,0,0,0},
  {0,0,0,0,0,0},
  {0,0,0,0,0,0},
  {0,0,0,0,0,0},
  {0,0,0,0,0,0},
  {0,0,0,0,0,0},
  {0,0,0,0,0,0},
  {0,0,0,0,0,0},
  {0,0,0,0,0,0},
  {0,0,0,0,0,0},
  {0,0,0,0,0,0},
  {0,0,0,0,0,0},
  {0,0,0,0,0,0},
  {0,0,0,0,0,0},
  {0,0,0,0,0,0},
  {0,0,0,0,0,0},
  {0,0,0,0,0,0},
  {0,0,0,0,0,0},
  {0,0,0,0,0,0},
  {0,0,0,0,0,0},
  {0,0,0,0,0,0},
  {0,0,0,0,0,0},
  {0,0,0,0,0,0},
  {0,0,0,0,0,0},
  {0,0,0,0,0,0},
  {0,0,0,0,0,0},
  {0,0,0,0,0,0},
  {0,0,0,0,0,0},
  {0,0,0,0,0,0},
  {0,0,0,0,0,0},
  {0,0,0,0,0,0},
  {0,0,0,0,0,0},
  {0,0,0,0,0,0},
  {0,0,0,0,0,0},
  {0,0,0,0,0,0},
  {0,0,0,0,0,0},
  {0,0,0,0,0,0},
  {0,0,0,0,0,0},
  {0,0,0,0,0,0},
  {0,0,0,0,0,0},
  {0,0,0,0,0,0},
  {0,0,0,0,0,0},
  {0,0,0,0,0,0},
  {0,0,0,0,0,0},
  {0,0,0,0,0,0},
  {0,0,0,0,0,0},
  {0,0,0,0,0,0},
  {0,0,0,0,0,0},
  {0,0,0,0,0,0},
  {0,0,0,0,0,0},
  {0,0,0,0,0,0},
  {0,0,0,0,0,0},
  {0,0,0,0,0,0},
  {0,0,0,0,0,0},
  {0,0,0,0,0,0},
  {0,0,0,0,0,0},
  {0,0,0,0,0,0},
  {0,0,0,0,0,0},
  {0,0,0,0,0,0},
  {0,0,0,0,0,0},
  {0,0,0,0,0,0},
  {0,0,0,0,0,0},
  {0,0,0,0,0,0},
  {0,0,0,0,0,0},
  {0,0,0,0,0,0},
  {0,0,0,0,0,0},
  {0,0,0,0,0,0},
  {0,0,0,0,0,0},
  {0,0,0,0,0,0},
  {0,0,0,0,0,0},
  {0,0,0,0,0,0},
  {0,0,0,0,0,0},
  {0,0,0,0,0,0},
  {0,0,0,0,0,0},
  {0,0,0,0,0,0},
  {0,0,0,0,0,0},
  {0,0,0,0,0,0},
  {0,0,0,0,0,0},
  {0,0,0,0,0,0},
  {0,0,0,0,0,0},
  {0,0,0,0,0,0},
  {0,0,0,0,0,0},
  {0,0,0,0,0,0},
  {0,0,0,0,0,0},
  {0,0,0,0,0,0},
  {0,0,0,0,0,0},
  {0,0,0,0,0,0},
  {0,0,0,0,0,0},
  {0,0,0,0,0,0},
  {0,0,0,0,0,0},
  {0,0,0,0,0,0},
  {0,0,0,0,0,0},
  {0,0,0,0,0,0},
  {0,0,0,0,0,0},
  {0,0,0,0,0,0},
  {0,0,0,0,0,0},
  {0,0,0,0,0,0},
  {0,0,0,0,0,0},
  {0,0,0,0,0,0},
  {0,0,0,0,0,0},
  {0,0,0,0,0,0},
  {0,0,0,0,0,0},
  {0,0,0,0,0,0},
  {0,0,0,0,0,0},
  {0,0,0,0,0,0},
  {0,0,0,0,0,0},
  {0,0,0,0,0,0},
  {0,0,0,0,0,0},
  {0,0,0,0,0,0},
  {0,0,0,0,0,0},
  {0,0,0,0,0,0},
  {0,0,0,0,0,0},
  {0,0,0,0,0,0},
  {0,0,0,0,0,0},
  {0,0,0,0,0,0},
  {0,0,0,0,0,0},
  {0,0,0,0,0,0},
  {0,0,0,0,0,0},
  {0,0,0,0,0,0},
  {0,0,0,0,0,0},
  {0,0,0,0,0,0},
  {0,0,0,0,0,0},
  {0,0,0,0,0,0},
  {0,0,0,0,0,0},
  {0,0,0,0,0,0},
  {0,0,0,0,0,0},
  {0,0,0,0,0,0},
  {0,0,0,0,0,0},
  {0,0,0,0,0,0},
  {0,0,0,0,0,0},
  {0,0,0,0,0,0},
  {0,0,0,0,0,0},
  {0,0,0,0,0,0},
  {0,0,0,0,0,0},
  {0,0,0,0,0,0},
  {0,0,0,0,0,0},
  {0,0,0,0,0,0},
  {0,0,0,0,0,0},
  {0,0,0,0,0,0},
  {0,0,0,0,0,0},
  {0,0,0,0,0,0},
  {0,0,0,0,0,0},
  {0,0,0,0,0,0},
  {0,0,0,0,0,0},
  {0,0,0,0,0,0},
  {0,0,0,0,0,0},
  {0,0,0,0,0,0},
  {0,0,0,0,0,0},
  {0,0,0,0,0,0},
  {0,0,0,0,0,0},
  {0,0,0,0,0,0},
  {0,0,0,0,0,0},
  {0,0,0,0,0,0},
  {0,0,0,0,0,0},
  {0,0,0,0,0,0},
  {0,0,0,0,0,0},
  {0,0,0,0,0,0},
  {0,0,0,0,0,0},
  {0,0,0,0,0,0},
  {0,0,0,0,0,0},
  {0,0,0,0,0,0},
  {0,0,0,0,0,0},
  {0,0,0,0,0,0},
  {0,0,0,0,0,0},
  {0,0,0,0,0,0},
  {0,0,0,0,0,0},
  {0,0,0,0,0,0},
  {0,0,0,0,0,0},
  {0,0,0,0,0,0},
  {0,0,0,0,0,0},
  {0,0,0,0,0,0},
  {0,0,0,0,0,0},
  {0,0,0,0,0,0},
  {0,0,0,0,0,0},
  {0,0,0,0,0,0},
  {0,0,0,0,0,0},
  {0,0,0,0,0,0},
  {0,0,0,0,0,0},
  {0,0,0,0,0,0},
  {0,0,0,0,0,0},
  {0,0,0,0,0,0},
  {0,0,0,0,0,0},
  {0,0,0,0,0,0},
  {0,0,0,0,0,0},
  {0,0,0,0,0,0},
  {0,0,0,0,0,0},
  {0,0,0,0,0,0},
  {0,0,0,0,0,0},
  {0,0,0,0,0,0},
  {0,0,0,0,0,0},
  {0,0,0,0,0,0},
  {0,0,0,0,0,0},
  {0,0,0,0,0,0},
  {0,0,0,0,0,0},
  {0,0,0,0,0,0},
  {0,0,0,0,0,0},
  {0,0,0,0,0,0},
  {0,0,0,0,0,0},
  {0,0,0,0,0,0},
  {0,0,0,0,0,0},
  {0,0,0,0,0,0},
  {0,0,0,0,0,0},
  {0,0,0,0,0,0},
  {0,0,0,0,0,0},
  {0,0,0,0,0,0},
  {0,0,0,0,0,0},
  {0,0,0,0,0,0},
  {0,0,0,0,0,0},
  {0,0,0,0,0,0},
  {0,0,0,0,0,0},
  {0,0,0,0,0,0},
  {0,0,0,0,0,0},
  {0,0,0,0,0,0},
  {0,0,0,0,0,0},
  {0,0,0,0,0,0},
  {0,0,0,0,0,0},
  {0,0,0,0,0,0},
  {0,0,0,0,0,0},
  {0,0,0,0,0,0},
  {0,0,0,0,0,0},
  {0,0,0,0,0,0},
  {0,0,0,0,0,0},
  {0,0,0,0,0,0},
  {0,0,0,0,0,0},
  {0,0,0,0,0,0},
  {0,0,0,0,0,0},
  {0,0,0,0,0,0},
  {0,0,0,0,0,0},
  {0,0,0,0,0,0},
  {0,0,0,0,0,0},
  {0,0,0,0,0,0},
  {0,0,0,0,0,0},
  {0,0,0,0,0,0},
  {0,0,0,0,0,0},
  {0,0,0,0,0,0},
  {0,0,0,0,0,0},
  {0,0,0,0,0,0},
  {0,0,0,0,0,0},
  {0,0,0,0,0,0},
  {0,0,0,0,0,0},
  {0,0,0,0,0,0},
  {0,0,0,0,0,0},
  {0,0,0,0,0,0},
  {0,0,0,0,0,0},
  {0,0,0,0,0,0},
  {0,0,0,0,0,0},
  {0,0,0,0,0,0},
  {0,0,0,0,0,0},
  {0,0,0,0,0,0},
  {0,0,0,0,0,0},
  {0,0,0,0,0,0},
  {0,0,0,0,0,0},
  {0,0,0,0,0,0},
  {0,0,0,0,0,0},
  {0,0,0,0,0,0},
  {0,0,0,0,0,0},
  {0,0,0,0,0,0},
  {0,0,0,0,0,0},
  {0,0,0,0,0,0},
  {0,0,0,0,0,0},
  {0,0,0,0,0,0},
  {0,0,0,0,0,0},
  {0,0,0,0,0,0},
  {0,0,0,0,0,0},
  {0,0,0,0,0,0},
  {0,0,0,0,0,0},
  {0,0,0,0,0,0},
  {0,0,0,0,0,0},
  {0,0,0,0,0,0},
  {0,0,0,0,0,0},
  {0,0,0,0,0,0},
  {0,0,0,0,0,0},
  {0,0,0,0,0,0},
  {0,0,0,0,0,0},
  {0,0,0,0,0,0},
  {0,0,0,0,0,0},
  {0,0,0,0,0,0},
  {0,0,0,0,0,0},
  {0,0,0,0,0,0},
  {0,0,0,0,0,0},
  {0,0,0,0,0,0},
  {0,0,0,0,0,0},
  {20111,38,63,46,5,-63},
  {20411,38,61,46,5,-61},
  {20701,44,51,46,0,-50},
  {20982,37,63,46,6,-63},
  {21274,40,52,46,3,-51},
  {21534,41,52,46,2,-51},
  {21801,34,50,46,6,-50},
  {22014,34,61,46,6,-61},
  {22274,34,51,46,4,-50},
  {22491,45,51,46,0,-50},
  {22778,42,50,46,3,-50},
  {23041,44,50,46,0,-50},
  {23316,40,63,46,5,-63},
  {23631,36,63,46,5,-63},
  {23915,45,65,46,0,-64},
  {24281,36,66,46,5,-50},
  {24578,46,50,46,0,-50},
  {24866,39,50,46,5,-50},
  {25110,39,50,46,5,-50},
  {25354,37,50,46,6,-50},
  {25586,44,65,46,1,-50},
  {25944,38,50,46,5,-50},
  {26182,45,50,46,0,-50},
  {26464,42,52,46,1,-51},
  {26737,36,50,46,5,-50},
  {26962,36,64,46,5,-64},
  {27250,40,50,46,5,-50},
  {27500,41,51,46,0,-50},
  {27762,38,50,46,4,-50},
  {28000,36,50,46,5,-50},
  {28225,40,52,46,3,-51},
  {28485,36,50,46,5,-50},
  {28710,37,50,46,5,-50},
  {28942,40,52,46,3,-51},
  {29202,41,50,46,2,-50},
  {29459,45,51,46,0,-50},
  {29746,45,52,46,0,-51},
  {30039,45,50,46,0,-50},
  {30321,41,66,46,5,-50},
  {30660,39,50,46,2,-50},
  {30904,39,50,46,3,-50},
  {31148,43,66,46,3,-50},
  {31503,44,50,46,0,-50},
  {31778,40,50,46,3,-50},
  {32028,39,50,46,5,-50},
  {32272,41,52,46,2,-51},
  {32539,40,52,46,3,-51},
  {32799,41,50,46,0,-50},
  {33056,40,42,46,4,-41},
  {33266,39,57,46,4,-56},
  {33544,37,40,46,5,-40},
  {33729,31,40,46,9,-40},
  {33884,44,55,46,0,-40},
  {34187,38,42,46,4,-41},
  {34387,45,40,46,0,-40},
  {34612,37,42,46,4,-41},
  {34807,36,40,46,5,-40},
  {34987,36,55,46,5,-55},
  {35235,38,40,46,5,-40},
  {35425,40,41,46,1,-40},
  {35630,38,40,46,4,-40},
  {35820,36,40,46,5,-40},
  {36000,39,42,46,3,-41},
  {36205,36,40,46,5,-40},
  {36385,37,57,46,5,-41},
  {36649,37,42,46,4,-41},
  {36844,38,40,46,4,-40},
  {37034,42,56,46,2,-40},
  {37328,42,71,46,2,-55},
  {37701,41,40,46,2,-40},
  {37906,40,55,46,5,-40},
  {38181,37,40,46,4,-40},
  {38366,40,40,46,3,-40},
  {38566,42,55,46,3,-40},
  {38855,44,40,46,0,-40},
  {39075,38,40,46,4,-40},
  {39265,37,40,46,5,-40},
  {39450,37,42,46,4,-41},
  {39645,41,42,46,3,-41},
  {39861,40,40,46,1,-40},
  {40061,38,55,46,4,-54},
  {40323,38,54,46,4,-53},
  {40580,41,71,46,0,-55},
  {40944,31,54,46,9,-54},
  {41154,37,42,46,5,-41},
  {41349,36,42,46,5,-41},
  {41538,39,55,46,4,-55},
  {41807,39,53,46,4,-53},
  {42066,28,71,46,4,-55},
  {42315,46,41,46,0,-40},
  {42551,43,40,46,3,-40},
  {42766,41,55,46,0,-55},
  {43048,38,54,46,5,-54},
  {43305,36,54,46,5,-54},
  {43548,42,71,46,2,-55},
  {43921,36,55,46,5,-40},
};
static const lgfx::GFXfont LibMono50((uint8_t *)LibMono50_bitmap, (lgfx::GFXglyph *)LibMono50_glyphs, 0x20, 0x45F, 87);
