// Liberation Mono Bold, cap height 34px, U+0020..U+045F (ASCII + Cyrillic)
#pragma once

static const uint8_t LibMono34_bitmap[] PROGMEM = {
  0xFF,0xFF,0xFF,0xFF,0xFF,0xFF,0xFF,0xFF,0xFF,0xFF,0xFF,0xFF,0xFF,0xFF,0xFD,0xFB,0xF7,0xEF,0xDF,0xBF,0x00,0x00,0x00,0x07,
  0xFF,0xFF,0xFF,0xFF,0xFF,0xFC,0xFE,0x0F,0xFF,0x83,0xFF,0xE0,0xFF,0xF8,0x3F,0xFE,0x0F,0xFF,0x83,0xF7,0xE0,0xFD,0xF8,0x3F,
  0x7E,0x0F,0xDF,0x83,0xF7,0xC0,0xFD,0xF0,0x3F,0x7C,0x0F,0xDF,0x03,0xF7,0xC0,0xFC,0x00,0x3C,0x07,0x80,0x03,0xC0,0x78,0x00,
  0x78,0x07,0x80,0x07,0x80,0x78,0x00,0x78,0x07,0x80,0x07,0x80,0xF0,0x00,0x78,0x0F,0x00,0x0F,0x00,0xF0,0x00,0xF0,0x0F,0x03,
  0xFF,0xFF,0xFF,0x3F,0xFF,0xFF,0xF3,0xFF,0xFF,0xFF,0x3F,0xFF,0xFF,0xF0,0x1E,0x01,0xE0,0x01,0xE0,0x3C,0x00,0x1E,0x03,0xC0,
  0x03,0xC0,0x3C,0x00,0x3C,0x03,0xC0,0x03,0xC0,0x3C,0x00,0x3C,0x07,0x80,0x03,0xC0,0x78,0x0F,0xFF,0xFF,0xFE,0xFF,0xFF,0xFF,
  0xEF,0xFF,0xFF,0xFE,0x7F,0xFF,0xFF,0xE0,0x78,0x0F,0x00,0x0F,0x00,0xF0,0x00,0xF0,0x0F,0x00,0x0F,0x01,0xE0,0x00,0xF0,0x1E,
  0x00,0x0E,0x01,0xE0,0x01,0xE0,0x1E,0x00,0x1E,0x01,0xE0,0x01,0xE0,0x3C,0x00,0x00,0x0E,0x00,0x00,0x01,0xC0,0x00,0x00,0x38,
  0x00,0x00,0x7F,0xF0,0x00,0x7F,0xFF,0x80,0x1F,0xFF,0xFC,0x07,0xFF,0xFF,0x81,0xFF,0xFF,0xF8,0x7F,0xCE,0xFF,0x8F,0xE1,0xC7,
  0xF1,0xFC,0x38,0xFF,0x3F,0x87,0x0F,0xE7,0xF0,0xE1,0xE0,0xFE,0x1C,0x00,0x1F,0xC3,0x80,0x03,0xFE,0x70,0x00,0x3F,0xFE,0x00,
  0x07,0xFF,0xF0,0x00,0x7F,0xFF,0xC0,0x07,0xFF,0xFE,0x00,0x3F,0xFF,0xF0,0x01,0xFF,0xFF,0x00,0x03,0xFF,0xE0,0x00,0x77,0xFE,
  0x00,0x0E,0x3F,0xC0,0x01,0xC3,0xF8,0x00,0x38,0x3F,0x8E,0x07,0x07,0xFF,0xE0,0xE0,0xFF,0xFC,0x1C,0x1F,0xFF,0x83,0x83,0xF3,
  0xF8,0x70,0xFE,0x7F,0xEE,0xFF,0xC7,0xFF,0xFF,0xF0,0x7F,0xFF,0xFC,0x07,0xFF,0xFF,0x00,0x7F,0xFF,0xC0,0x01,0xFF,0xC0,0x00,
  0x03,0x80,0x00,0x00,0x70,0x00,0x00,0x0E,0x00,0x00,0x01,0xC0,0x00,0x0F,0xC0,0x00,0x00,0x7F,0xE0,0x01,0xF1,0xFF,0xE0,0x03,
  0xC3,0xF7,0xC0,0x0F,0x0F,0x87,0xC0,0x3E,0x1F,0x07,0x80,0x78,0x3E,0x0F,0x01,0xE0,0x78,0x1E,0x07,0xC0,0xF0,0x3C,0x0F,0x01,
  0xE0,0x78,0x3C,0x03,0xE0,0xF0,0xF8,0x07,0xC3,0xE3,0xE0,0x07,0x87,0xC7,0x80,0x0F,0xFF,0x1F,0x00,0x0F,0xFE,0x7C,0x00,0x1F,
  0xF8,0xF0,0x00,0x0F,0xC3,0xE0,0x00,0x00,0x0F,0x80,0x00,0x00,0x1E,0x00,0x00,0x00,0x7C,0x7F,0x00,0x01,0xF1,0xFF,0x00,0x03,
  0xC7,0xFF,0x00,0x0F,0x1F,0xBF,0x00,0x3E,0x3E,0x3E,0x00,0x78,0x78,0x3C,0x01,0xE1,0xF0,0x7C,0x07,0xC3,0xE0,0xF8,0x0F,0x07,
  0xC1,0xF0,0x3C,0x0F,0x83,0xE0,0xF8,0x1F,0x07,0xC1,0xE0,0x1E,0x0F,0x07,0x80,0x3E,0x3E,0x1F,0x00,0x7F,0xFC,0x7C,0x00,0x7F,
  0xF0,0xF0,0x00,0x7F,0xC0,0x00,0x00,0x7F,0x00,0x00,0x1F,0xC0,0x00,0x03,0xFF,0x80,0x00,0x7F,0xFE,0x00,0x03,0xFF,0xF8,0x00,
  0x3F,0x8F,0xC0,0x01,0xF0,0x3F,0x00,0x1F,0x81,0xF8,0x00,0xFC,0x0F,0xC0,0x07,0xE0,0x7E,0x00,0x3F,0x03,0xF0,0x01,0xF8,0x3F,
  0x00,0x07,0xC3,0xF8,0x00,0x3F,0x7F,0x80,0x01,0xFF,0xF8,0x00,0x07,0xFF,0x80,0x00,0x3F,0xF0,0x00,0x07,0xFF,0x00,0x00,0x7F,
  0xE0,0x3E,0x07,0xFF,0x01,0xF8,0x7F,0xFC,0x0F,0x87,0xFF,0xF0,0x7C,0x3F,0x9F,0x87,0xE3,0xF8,0xFE,0x3F,0x1F,0x83,0xF9,0xF0,
  0xFC,0x0F,0xDF,0x87,0xE0,0x7F,0xFC,0x3F,0x01,0xFF,0xC1,0xF8,0x07,0xFE,0x0F,0xC0,0x1F,0xE0,0x7F,0x00,0xFF,0x83,0xFC,0x0F,
  0xFF,0x0F,0xFF,0xFF,0xFF,0x3F,0xFF,0xFF,0xF8,0xFF,0xFF,0x7F,0xC3,0xFF,0xE0,0xFE,0x07,0xF8,0x01,0xF0,0xFF,0xFF,0xFF,0xFF,
  0xDF,0xBF,0x7E,0xFD,0xFB,0xF3,0xE7,0xCF,0x9F,0x00,0x01,0xFC,0x0F,0xE0,0x7F,0x01,0xFC,0x0F,0xE0,0x3F,0x81,0xFC,0x07,0xF0,
  0x3F,0x80,0xFE,0x03,0xF8,0x1F,0xC0,0x7F,0x01,0xFC,0x0F,0xF0,0x3F,0x80,0xFE,0x03,0xF8,0x0F,0xE0,0x3F,0x80,0xFE,0x03,0xF8,
  0x0F,0xE0,0x3F,0x80,0xFE,0x03,0xF8,0x0F,0xE0,0x3F,0x80,0xFE,0x03,0xF8,0x0F,0xE0,0x3F,0x80,0xFE,0x03,0xFC,0x07,0xF0,0x1F,
  0xC0,0x7F,0x00,0xFE,0x03,0xF8,0x0F,0xE0,0x1F,0xC0,0x7F,0x00,0xFE,0x03,0xF8,0x07,0xF0,0x1F,0xC0,0x3F,0x80,0x7F,0xFE,0x01,
  0xFC,0x07,0xF0,0x0F,0xE0,0x3F,0x80,0x7F,0x01,0xFC,0x03,0xF8,0x0F,0xE0,0x1F,0xC0,0x7F,0x01,0xFC,0x03,0xF8,0x0F,0xE0,0x3F,
  0x80,0xFE,0x03,0xFC,0x07,0xF0,0x1F,0xC0,0x7F,0x01,0xFC,0x07,0xF0,0x1F,0xC0,0x7F,0x01,0xFC,0x07,0xF0,0x1F,0xC0,0x7F,0x01,
  0xFC,0x07,0xF0,0x1F,0xC0,0xFF,0x03,0xF8,0x0F,0xE0,0x3F,0x80,0xFE,0x07,0xF0,0x1F,0xC0,0x7F,0x03,0xF8,0x0F,0xE0,0x7F,0x01,
  0xFC,0x0F,0xE0,0x3F,0x81,0xFC,0x07,0xF0,0x3F,0x80,0x01,0xF0,0x00,0x3E,0x00,0x07,0xC0,0x00,0xF8,0x04,0x1F,0x0C,0xE3,0xE7,
  0xBF,0xFF,0xF7,0xFF,0xFF,0xFF,0xFF,0xEF,0xFF,0xF0,0x1F,0xF0,0x03,0xFE,0x00,0xFF,0xE0,0x3F,0x7C,0x0F,0xCF,0xC3,0xF8,0xFC,
  0x3E,0x1F,0x83,0xC1,0xC0,0x10,0x10,0x00,0x00,0x3F,0x00,0x00,0x0F,0xC0,0x00,0x03,0xF0,0x00,0x00,0xFC,0x00,0x00,0x3F,0x00,
  0x00,0x0F,0xC0,0x00,0x03,0xF0,0x00,0x00,0xFC,0x00,0x00,0x3F,0x00,0x00,0x0F,0xC0,0x0F,0xFF,0xFF,0xFF,0xFF,0xFF,0xFF,0xFF,
  0xFF,0xFF,0xFF,0xFF,0xFF,0xFF,0xFF,0xFF,0xFD,0xFF,0xFF,0xFF,0x00,0x3F,0x00,0x00,0x0F,0xC0,0x00,0x03,0xF0,0x00,0x00,0xFC,
  0x00,0x00,0x3F,0x00,0x00,0x0F,0xC0,0x00,0x03,0xF0,0x00,0x00,0xFC,0x00,0x00,0x3F,0x00,0x00,0x07,0xC0,0x00,0x0F,0xF0,0xFF,
  0x0F,0xE0,0xFE,0x1F,0xC1,0xFC,0x1F,0x81,0xF8,0x3F,0x03,0xF0,0x3E,0x03,0xE0,0x7C,0x07,0xC0,0x7C,0x0F,0x80,0xFF,0xFF,0xFF,
  0xFF,0xFF,0xFF,0xFF,0xFF,0xFF,0xFF,0xFF,0xC0,0xFF,0xFF,0xFF,0xFF,0xFF,0xFF,0xFF,0x00,0x00,0x0F,0xC0,0x00,0x03,0xF0,0x00,
  0x01,0xF8,0x00,0x00,0x7E,0x00,0x00,0x3F,0x00,0x00,0x0F,0x80,0x00,0x07,0xE0,0x00,0x01,0xF0,0x00,0x00,0xFC,0x00,0x00,0x7E,
  0x00,0x00,0x1F,0x80,0x00,0x0F,0xC0,0x00,0x03,0xF0,0x00,0x01,0xF8,0x00,0x00,0x7E,0x00,0x00,0x3F,0x00,0x00,0x0F,0xC0,0x00,
  0x07,0xE0,0x00,0x01,0xF8,0x00,0x00,0xFC,0x00,0x00,0x3E,0x00,0x00,0x1F,0x80,0x00,0x0F,0xC0,0x00,0x03,0xF0,0x00,0x01,0xF8,
  0x00,0x00,0x7E,0x00,0x00,0x3F,0x00,0x00,0x0F,0xC0,0x00,0x07,0xE0,0x00,0x01,0xF8,0x00,0x00,0xFC,0x00,0x00,0x3F,0x00,0x00,
  0x1F,0x80,0x00,0x07,0xC0,0x00,0x03,0xF0,0x00,0x01,0xF8,0x00,0x00,0x7E,0x00,0x00,0x3F,0x00,0x00,0x00,0x00,0xFF,0x00,0x01,
  0xFF,0xF0,0x01,0xFF,0xFC,0x01,0xFF,0xFF,0x01,0xFF,0xFF,0xC1,0xFF,0xFF,0xE0,0xFE,0x07,0xF8,0xFF,0x01,0xFC,0x7F,0x00,0xFF,
  0x3F,0x80,0x3F,0x9F,0xC0,0x1F,0xDF,0xC0,0x0F,0xEF,0xE0,0x07,0xF7,0xF0,0x03,0xFF,0xF8,0x01,0xFF,0xFC,0x7C,0x7F,0xFE,0x3E,
  0x3F,0xFF,0x1F,0x1F,0xFF,0x8F,0x8F,0xFF,0xC7,0xC7,0xFF,0xE3,0xE3,0xFF,0xF0,0x03,0xFF,0xF8,0x01,0xFD,0xFC,0x00,0xFE,0xFE,
  0x00,0x7F,0x3F,0x80,0x3F,0x9F,0xC0,0x1F,0xCF,0xE0,0x1F,0xC7,0xF8,0x0F,0xE1,0xFC,0x0F,0xF0,0xFF,0xFF,0xF0,0x3F,0xFF,0xF0,
  0x0F,0xFF,0xF8,0x03,0xFF,0xF8,0x00,0xFF,0xF0,0x00,0x1F,0xE0,0x00,0x00,0x3F,0x80,0x00,0x0F,0xE0,0x00,0x07,0xF8,0x00,0x03,
  0xFE,0x00,0x03,0xFF,0x80,0x03,0xFF,0xE0,0x0F,0xFF,0xF8,0x03,0xFF,0xFE,0x00,0xFF,0xBF,0x80,0x3F,0x8F,0xE0,0x0F,0x83,0xF8,
  0x00,0x00,0xFE,0x00,0x00,0x3F,0x80,0x00,0x0F,0xE0,0x00,0x03,0xF8,0x00,0x00,0xFE,0x00,0x00,0x3F,0x80,0x00,0x0F,0xE0,0x00,
  0x03,0xF8,0x00,0x00,0xFE,0x00,0x00,0x3F,0x80,0x00,0x0F,0xE0,0x00,0x03,0xF8,0x00,0x00,0xFE,0x00,0x00,0x3F,0x80,0x00,0x0F,
  0xE0,0x00,0x03,0xF8,0x00,0x00,0xFE,0x00,0x00,0x3F,0xC0,0x1F,0xFF,0xFF,0xF7,0xFF,0xFF,0xFD,0xFF,0xFF,0xFF,0x7F,0xFF,0xFF,
  0xDF,0xFF,0xFF,0xF0,0x00,0xFF,0x80,0x01,0xFF,0xF0,0x03,0xFF,0xFE,0x03,0xFF,0xFF,0x83,0xFF,0xFF,0xE1,0xFF,0xFF,0xF1,0xFF,
  0x07,0xFC,0xFF,0x01,0xFE,0x7F,0x00,0x7F,0x7F,0x80,0x3F,0x9F,0xC0,0x1F,0xC0,0x00,0x1F,0xE0,0x00,0x0F,0xF0,0x00,0x0F,0xF0,
  0x00,0x0F,0xF8,0x00,0x0F,0xF8,0x00,0x0F,0xF8,0x00,0x0F,0xF8,0x00,0x0F,0xF8,0x00,0x1F,0xF8,0x00,0x1F,0xF8,0x00,0x1F,0xF8,
  0x00,0x1F,0xF8,0x00,0x1F,0xF0,0x00,0x0F,0xF0,0x00,0x0F,0xF0,0x00,0x0F,0xF0,0x00,0x0F,0xF0,0x00,0x07,0xF8,0x00,0x07,0xFF,
  0xFF,0xFF,0xFF,0xFF,0xFF,0xFF,0xFF,0xFF,0xFF,0xFF,0xFF,0xFF,0xFF,0xFF,0xFF,0xFF,0xFF,0xE0,0x00,0x7F,0xC0,0x00,0xFF,0xFC,
  0x00,0x7F,0xFF,0xC0,0x3F,0xFF,0xF8,0x1F,0xFF,0xFF,0x0F,0xFF,0xFF,0xC3,0xFC,0x0F,0xF9,0xFE,0x01,0xFE,0x7F,0x00,0x3F,0x9F,
  0xC0,0x0F,0xE0,0x00,0x03,0xF8,0x00,0x00,0xFE,0x00,0x00,0x7F,0x80,0x00,0x1F,0xC0,0x00,0x1F,0xE0,0x01,0xFF,0xF0,0x00,0x7F,
  0xF8,0x00,0x1F,0xF8,0x00,0x07,0xFF,0x80,0x01,0xFF,0xF8,0x00,0x3F,0xFF,0x00,0x00,0x3F,0xE0,0x00,0x03,0xF8,0x00,0x00,0xFF,
  0x00,0x00,0x1F,0xC3,0x80,0x07,0xFF,0xF0,0x01,0xFD,0xFC,0x00,0xFF,0x7F,0x80,0x3F,0xDF,0xF0,0x1F,0xE3,0xFF,0xFF,0xF8,0xFF,
  0xFF,0xFC,0x1F,0xFF,0xFF,0x03,0xFF,0xFF,0x00,0x3F,0xFF,0x80,0x01,0xFF,0x00,0x00,0x03,0xFC,0x00,0x00,0xFF,0x80,0x00,0x1F,
  0xF0,0x00,0x07,0xFE,0x00,0x01,0xFF,0xC0,0x00,0x3F,0xF8,0x00,0x0F,0xFF,0x00,0x03,0xF7,0xE0,0x00,0xFE,0xFC,0x00,0x1F,0x9F,
  0x80,0x07,0xE3,0xF0,0x01,0xFC,0x7E,0x00,0x3F,0x0F,0xC0,0x0F,0xC1,0xF8,0x03,0xF0,0x3F,0x00,0x7E,0x07,0xE0,0x1F,0x80,0xFC,
  0x07,0xE0,0x1F,0x81,0xFC,0x03,0xF0,0x3F,0x00,0x7E,0x0F,0xC0,0x0F,0xC1,0xFF,0xFF,0xFF,0xFF,0xFF,0xFF,0xFF,0xFF,0xFF,0xFF,
  0xFF,0xFF,0xFF,0xFF,0xFF,0xFF,0xFC,0x00,0x03,0xF8,0x00,0x00,0x7E,0x00,0x00,0x0F,0xC0,0x00,0x01,0xF8,0x00,0x00,0x3F,0x00,
  0x00,0x07,0xE0,0x00,0x00,0xFC,0x00,0x00,0x1F,0x80,0x3F,0xFF,0xFE,0x1F,0xFF,0xFF,0x0F,0xFF,0xFF,0x87,0xFF,0xFF,0xC7,0xFF,
  0xFF,0xE3,0xF8,0x00,0x01,0xFC,0x00,0x00,0xFE,0x00,0x00,0x7F,0x00,0x00,0x3F,0x80,0x00,0x1F,0xC0,0x00,0x0F,0xE3,0xF8,0x07,
  0xF7,0xFF,0x03,0xFF,0xFF,0xC1,0xFF,0xFF,0xF0,0xFF,0xFF,0xFC,0x7F,0xFF,0xFF,0x3F,0xC0,0xFF,0x9F,0xC0,0x3F,0xC0,0x00,0x0F,
  0xF0,0x00,0x07,0xF8,0x00,0x01,0xFC,0x00,0x00,0xFE,0x00,0x00,0x7F,0x00,0x00,0x3F,0xFF,0x00,0x3F,0xFF,0x80,0x1F,0xFF,0xE0,
  0x1F,0xEF,0xF8,0x1F,0xF3,0xFF,0xFF,0xF1,0xFF,0xFF,0xF8,0x7F,0xFF,0xF8,0x1F,0xFF,0xF0,0x03,0xFF,0xF0,0x00,0x7F,0xC0,0x00,
  0x00,0x7F,0x80,0x00,0xFF,0xF8,0x01,0xFF,0xFE,0x01,0xFF,0xFF,0x81,0xFF,0xFF,0xC0,0xFF,0xFF,0xF0,0xFF,0x03,0xF8,0x7F,0x01,
  0xFE,0x7F,0x80,0x78,0x3F,0x80,0x00,0x1F,0xC0,0x00,0x0F,0xE0,0x00,0x0F,0xE0,0x00,0x07,0xF0,0xFE,0x03,0xF9,0xFF,0xC1,0xFD,
  0xFF,0xF0,0xFF,0xFF,0xFC,0x7F,0xFF,0xFF,0x3F,0xF8,0xFF,0xDF,0xF0,0x1F,0xEF,0xF0,0x07,0xF7,0xF8,0x03,0xFF,0xFC,0x00,0xFE,
  0xFE,0x00,0x7F,0x7F,0x00,0x3F,0xBF,0x80,0x1F,0xDF,0xC0,0x1F,0xE7,0xE0,0x0F,0xE3,0xF8,0x07,0xF1,0xFE,0x07,0xF8,0x7F,0xFF,
  0xF8,0x1F,0xFF,0xFC,0x0F,0xFF,0xFC,0x03,0xFF,0xFC,0x00,0x7F,0xF8,0x00,0x0F,0xF0,0x00,0xFF,0xFF,0xFF,0xFF,0xFF,0xFF,0xFF,
  0xFF,0xFF,0xFF,0xFF,0xFF,0xFF,0xFF,0xFF,0xFF,0xFF,0xFF,0x00,0x00,0x7F,0x00,0x00,0xFE,0x00,0x00,0xFC,0x00,0x01,0xFC,0x00,
  0x03,0xF8,0x00,0x07,0xF0,0x00,0x07,0xF0,0x00,0x0F,0xE0,0x00,0x1F,0xC0,0x00,0x1F,0xC0,0x00,0x3F,0x80,0x00,0x3F,0x80,0x00,
  0x7F,0x00,0x00,0x7F,0x00,0x00,0xFF,0x00,0x00,0xFE,0x00,0x00,0xFE,0x00,0x01,0xFC,0x00,0x01,0xFC,0x00,0x01,0xFC,0x00,0x03,
  0xFC,0x00,0x03,0xF8,0x00,0x03,0xF8,0x00,0x03,0xF8,0x00,0x03,0xF8,0x00,0x07,0xF8,0x00,0x07,0xF8,0x00,0x07,0xF8,0x00,0x00,
  0xFF,0x80,0x03,0xFF,0xF0,0x03,0xFF,0xFE,0x03,0xFF,0xFF,0x83,0xFF,0xFF,0xE3,0xFE,0x0F,0xF1,0xFE,0x03,0xFC,0xFE,0x01,0xFE,
  0x7F,0x00,0x7F,0x7F,0x80,0x3F,0x9F,0xC0,0x1F,0xCF,0xE0,0x0F,0xE7,0xF0,0x0F,0xE1,0xFC,0x07,0xF0,0xFF,0x0F,0xF0,0x3F,0xFF,
  0xF0,0x0F,0xFF,0xF0,0x01,0xFF,0xF0,0x03,0xFF,0xFE,0x07,0xFF,0xFF,0x83,0xFC,0x1F,0xE3,0xF8,0x07,0xFB,0xFC,0x01,0xFD,0xFC,
  0x00,0xFF,0xFE,0x00,0x3F,0xFF,0x00,0x1F,0xFF,0x80,0x1F,0xFF,0xC0,0x0F,0xFF,0xF0,0x07,0xFF,0xF8,0x07,0xF9,0xFF,0x07,0xFC,
  0xFF,0xFF,0xFC,0x3F,0xFF,0xFC,0x0F,0xFF,0xFC,0x01,0xFF,0xFC,0x00,0x1F,0xF0,0x00,0x00,0xFF,0x00,0x03,0xFF,0xE0,0x03,0xFF,
  0xFC,0x03,0xFF,0xFF,0x03,0xFF,0xFF,0xC3,0xFF,0xFF,0xE1,0xFE,0x07,0xF9,0xFE,0x01,0xFC,0xFF,0x00,0xFE,0x7F,0x00,0x3F,0xBF,
  0x80,0x1F,0xDF,0xC0,0x0F,0xEF,0xE0,0x07,0xF7,0xF0,0x03,0xFB,0xF8,0x01,0xFF,0xFE,0x00,0xFF,0xFF,0x00,0xFF,0xBF,0xC0,0xFF,
  0xDF,0xF9,0xFF,0xE7,0xFF,0xFF,0xF3,0xFF,0xFF,0xF0,0xFF,0xFD,0xF8,0x1F,0xF9,0xFC,0x03,0xF0,0xFE,0x00,0x00,0x7F,0x00,0x00,
  0x3F,0x80,0x00,0x1F,0x83,0xC0,0x1F,0xC7,0xF0,0x1F,0xE3,0xFC,0x1F,0xE1,0xFF,0xFF,0xF0,0x7F,0xFF,0xF0,0x1F,0xFF,0xF0,0x0F,
  0xFF,0xF0,0x01,0xFF,0xF0,0x00,0x3F,0xC0,0x00,0xFF,0xFF,0xFF,0xFF,0xFF,0xFF,0xFF,0x00,0x00,0x00,0x00,0x00,0x00,0x00,0x00,
  0x00,0x07,0xFF,0xFF,0xFF,0xFF,0xFF,0xFF,0xF8,0x0F,0xE0,0xFE,0x0F,0xE0,0xFE,0x0F,0xE0,0xFE,0x0F,0xE0,0xFE,0x00,0x00,0x00,
  0x00,0x00,0x00,0x00,0x00,0x00,0x00,0x00,0x00,0x00,0x00,0x00,0x00,0x00,0xFF,0x0F,0xF0,0xFE,0x1F,0xE1,0xFC,0x1F,0xC1,0xF8,
  0x3F,0x83,0xF0,0x3F,0x07,0xE0,0x7E,0x07,0xC0,0x7C,0x0F,0x80,0xF8,0x00,0x00,0x00,0x00,0x40,0x00,0x00,0xF0,0x00,0x01,0xFC,
  0x00,0x01,0xFF,0x00,0x03,0xFF,0xC0,0x03,0xFF,0xF0,0x07,0xFF,0xF0,0x07,0xFF,0xF0,0x0F,0xFF,0xE0,0x0F,0xFF,0xE0,0x0F,0xFF,
  0xC0,0x03,0xFF,0xC0,0x00,0xFF,0x80,0x00,0x3F,0x80,0x00,0x0F,0xE0,0x00,0x03,0xFE,0x00,0x00,0xFF,0xF0,0x00,0x3F,0xFF,0x00,
  0x03,0xFF,0xF8,0x00,0x3F,0xFF,0x80,0x01,0xFF,0xFC,0x00,0x1F,0xFF,0xC0,0x00,0xFF,0xFC,0x00,0x0F,0xFF,0x00,0x00,0x7F,0xC0,
  0x00,0x03,0xF0,0x00,0x00,0x3C,0x00,0x00,0x01,0xFF,0xFF,0xFF,0xFF,0xFF,0xFF,0xFF,0xFF,0xFF,0xFF,0xFF,0xFF,0xFF,0xFF,0xFF,
  0xFF,0xDF,0xFF,0xFF,0xF0,0x00,0x00,0x00,0x00,0x00,0x00,0x00,0x00,0x00,0x00,0x00,0x00,0x00,0x00,0x00,0x00,0x00,0x00,0x00,
  0x00,0x00,0x00,0x00,0x00,0x00,0x07,0xFF,0xFF,0xFF,0xFF,0xFF,0xFF,0xFF,0xFF,0xFF,0xFF,0xFF,0xFF,0xFF,0xFF,0xFF,0xFF,0xFF,
  0xFF,0xFF,0xC0,0x00,0x00,0x3E,0x00,0x00,0x0F,0xE0,0x00,0x03,0xFF,0x00,0x00,0xFF,0xF0,0x00,0x1F,0xFF,0x80,0x03,0xFF,0xF8,
  0x00,0x1F,0xFF,0xC0,0x01,0xFF,0xFE,0x00,0x0F,0xFF,0xE0,0x00,0xFF,0xFC,0x00,0x07,0xFF,0x00,0x00,0x7F,0xC0,0x00,0x03,0xF0,
  0x00,0x00,0xFC,0x00,0x01,0xFF,0x00,0x01,0xFF,0xC0,0x03,0xFF,0xF0,0x03,0xFF,0xF8,0x07,0xFF,0xF0,0x07,0xFF,0xF0,0x0F,0xFF,
  0xE0,0x07,0xFF,0xE0,0x03,0xFF,0xC0,0x00,0xFF,0xC0,0x00,0x3F,0x80,0x00,0x0F,0x80,0x00,0x03,0x00,0x00,0x00,0x00,0x7F,0xC0,
  0x00,0xFF,0xFC,0x00,0xFF,0xFF,0xC0,0x7F,0xFF,0xF8,0x3F,0xFF,0xFF,0x0F,0xFF,0xFF,0xE7,0xFC,0x0F,0xF9,0xFE,0x00,0xFE,0xFF,
  0x00,0x3F,0xFF,0x80,0x07,0xFF,0xE0,0x01,0xFC,0x00,0x00,0xFF,0x00,0x00,0x3F,0x80,0x00,0x1F,0xE0,0x00,0x0F,0xF0,0x00,0x07,
  0xFC,0x00,0x07,0xFE,0x00,0x03,0xFF,0x00,0x01,0xFF,0x00,0x00,0xFF,0x80,0x00,0x3F,0xC0,0x00,0x1F,0xE0,0x00,0x07,0xF0,0x00,
  0x01,0xFC,0x00,0x00,0x7E,0x00,0x00,0x00,0x00,0x00,0x00,0x00,0x00,0x00,0x00,0x00,0x00,0xFF,0x00,0x00,0x3F,0xC0,0x00,0x0F,
  0xF0,0x00,0x03,0xFC,0x00,0x00,0xFF,0x00,0x00,0x3F,0xC0,0x00,0x0F,0xF0,0x00,0x00,0x0F,0xE0,0x00,0x01,0xFF,0xE0,0x00,0x3F,
  0xFF,0x80,0x03,0xF8,0x7E,0x00,0x3E,0x00,0xF8,0x03,0xE0,0x03,0xE0,0x3E,0x00,0x0F,0x01,0xE0,0x00,0x3C,0x1E,0x00,0x01,0xE0,
  0xF0,0x00,0x07,0x0F,0x03,0xE3,0xBC,0x78,0x3F,0x9D,0xE3,0x83,0xFE,0xE7,0x3C,0x3E,0x7F,0x39,0xE3,0xE1,0xF9,0xCE,0x1E,0x07,
  0x8F,0x71,0xE0,0x3C,0x7B,0x8F,0x01,0xE3,0xFC,0x78,0x0F,0x1F,0xE7,0x80,0x78,0xFF,0x3C,0x07,0x87,0xF9,0xE0,0x3C,0x3F,0xCF,
  0x01,0xE1,0xDE,0x78,0x0F,0x0E,0xF3,0xC0,0x78,0x77,0x9E,0x07,0xC3,0xBC,0xF0,0x3C,0x3D,0xE7,0x81,0xE1,0xCF,0x3C,0x1F,0x0E,
  0x79,0xF0,0xF8,0xF1,0xC7,0x9F,0xCF,0x0E,0x3F,0xE7,0xF8,0x78,0xFE,0x3F,0x83,0xC3,0xE0,0xF0,0x0E,0x00,0x00,0x00,0x78,0x00,
  0x00,0x01,0xE0,0x00,0x00,0x0F,0x00,0x00,0x80,0x3C,0x00,0x1C,0x01,0xF8,0x03,0xF0,0x07,0xF0,0xFF,0x00,0x1F,0xFF,0xE0,0x00,
  0x3F,0xFC,0x00,0x00,0x7F,0x80,0x00,0x00,0x1F,0xF0,0x00,0x00,0x7F,0xE0,0x00,0x00,0xFF,0xC0,0x00,0x01,0xFF,0xC0,0x00,0x07,
  0xFF,0x80,0x00,0x0F,0xFF,0x00,0x00,0x1F,0xBF,0x00,0x00,0x3F,0x7E,0x00,0x00,0xFC,0xFC,0x00,0x01,0xF9,0xFC,0x00,0x03,0xF1,
  0xF8,0x00,0x0F,0xE3,0xF0,0x00,0x1F,0x87,0xF0,0x00,0x3F,0x07,0xE0,0x00,0xFE,0x0F,0xC0,0x01,0xFC,0x1F,0xC0,0x03,0xF0,0x3F,
  0x80,0x0F,0xE0,0x3F,0x00,0x1F,0xC0,0x7F,0x00,0x3F,0x00,0xFE,0x00,0xFF,0xFF,0xFC,0x01,0xFF,0xFF,0xFC,0x03,0xFF,0xFF,0xF8,
  0x0F,0xFF,0xFF,0xF0,0x1F,0xFF,0xFF,0xF0,0x3F,0xFF,0xFF,0xE0,0xFE,0x00,0x1F,0xC1,0xFC,0x00,0x3F,0xC3,0xF8,0x00,0x3F,0x8F,
  0xF0,0x00,0x7F,0x1F,0xC0,0x00,0xFF,0x3F,0x80,0x00,0xFE,0xFF,0x00,0x01,0xFD,0xFE,0x00,0x03,0xFC,0xFF,0xFF,0xC0,0x1F,0xFF,
  0xFF,0x03,0xFF,0xFF,0xF0,0x7F,0xFF,0xFF,0x0F,0xFF,0xFF,0xF1,0xFF,0xFF,0xFE,0x3F,0xC0,0x3F,0xC7,0xF8,0x03,0xF8,0xFF,0x00,
  0x7F,0x9F,0xE0,0x0F,0xF3,0xFC,0x01,0xFC,0x7F,0x80,0x3F,0x8F,0xF0,0x0F,0xF1,0xFE,0x03,0xFC,0x3F,0xFF,0xFF,0x07,0xFF,0xFF,
  0xC0,0xFF,0xFF,0xE0,0x1F,0xFF,0xFF,0x83,0xFF,0xFF,0xFC,0x7F,0x81,0xFF,0xCF,0xF0,0x03,0xFD,0xFE,0x00,0x7F,0xBF,0xC0,0x07,
  0xF7,0xF8,0x00,0xFF,0xFF,0x00,0x1F,0xFF,0xE0,0x03,0xFF,0xFC,0x00,0xFF,0x7F,0x80,0x1F,0xEF,0xFF,0xFF,0xFD,0xFF,0xFF,0xFF,
  0x3F,0xFF,0xFF,0xC7,0xFF,0xFF,0xF0,0xFF,0xFF,0xFC,0x1F,0xFF,0xFC,0x00,0x00,0x3F,0xC0,0x00,0x3F,0xFF,0x00,0x1F,0xFF,0xF0,
  0x07,0xFF,0xFF,0x01,0xFF,0xFF,0xF0,0x3F,0xFF,0xFF,0x0F,0xFC,0x1F,0xE1,0xFE,0x01,0xFE,0x7F,0x80,0x1F,0xCF,0xF0,0x03,0xF9,
  0xFE,0x00,0x70,0x7F,0x80,0x00,0x0F,0xF0,0x00,0x01,0xFE,0x00,0x00,0x3F,0xC0,0x00,0x07,0xF8,0x00,0x00,0xFF,0x00,0x00,0x1F,
  0xE0,0x00,0x03,0xFC,0x00,0x00,0x7F,0x80,0x00,0x0F,0xF0,0x00,0x01,0xFE,0x00,0x00,0x3F,0xC0,0x00,0x07,0xF8,0x00,0x00,0x7F,
  0x00,0x0E,0x0F,0xF0,0x01,0xFD,0xFE,0x00,0x7F,0xBF,0xE0,0x0F,0xE3,0xFC,0x03,0xFC,0x7F,0xE0,0xFF,0x07,0xFF,0xFF,0xE0,0x7F,
  0xFF,0xF8,0x07,0xFF,0xFE,0x00,0x7F,0xFF,0x80,0x07,0xFF,0xE0,0x00,0x1F,0xE0,0x00,0x7F,0xF0,0x00,0x3F,0xFF,0xE0,0x0F,0xFF,
  0xFE,0x03,0xFF,0xFF,0xC0,0xFF,0xFF,0xFC,0x3F,0xFF,0xFF,0x0F,0xF0,0xFF,0xE3,0xFC,0x07,0xFC,0xFF,0x00,0xFF,0x3F,0xC0,0x1F,
  0xEF,0xF0,0x07,0xFB,0xFC,0x01,0xFE,0xFF,0x00,0x3F,0xBF,0xC0,0x0F,0xEF,0xF0,0x03,0xFF,0xFC,0x00,0xFF,0xFF,0x00,0x3F,0xFF,
  0xC0,0x0F,0xFF,0xF0,0x03,0xFF,0xFC,0x00,0xFF,0xFF,0x00,0x3F,0xBF,0xC0,0x0F,0xEF,0xF0,0x07,0xFB,0xFC,0x01,0xFE,0xFF,0x00,
  0x7F,0xBF,0xC0,0x3F,0xCF,0xF0,0x1F,0xF3,0xFC,0x0F,0xF8,0xFF,0xFF,0xFE,0x3F,0xFF,0xFF,0x0F,0xFF,0xFF,0x83,0xFF,0xFF,0xC0,
  0xFF,0xFF,0xC0,0x3F,0xFF,0x80,0x00,0xFF,0xFF,0xFF,0xBF,0xFF,0xFF,0xEF,0xFF,0xFF,0xFB,0xFF,0xFF,0xFE,0xFF,0xFF,0xFF,0xBF,
  0xFF,0xFF,0xCF,0xF0,0x00,0x03,0xFC,0x00,0x00,0xFF,0x00,0x00,0x3F,0xC0,0x00,0x0F,0xF0,0x00,0x03,0xFC,0x00,0x00,0xFF,0x00,
  0x00,0x3F,0xC0,0x00,0x0F,0xFF,0xFF,0xE3,0xFF,0xFF,0xF8,0xFF,0xFF,0xFE,0x3F,0xFF,0xFF,0x8F,0xFF,0xFF,0xE3,0xFF,0xFF,0xF8,
  0xFF,0x00,0x00,0x3F,0xC0,0x00,0x0F,0xF0,0x00,0x03,0xFC,0x00,0x00,0xFF,0x00,0x00,0x3F,0xC0,0x00,0x0F,0xF0,0x00,0x03,0xFC,
  0x00,0x00,0xFF,0xFF,0xFF,0xBF,0xFF,0xFF,0xFF,0xFF,0xFF,0xFF,0xFF,0xFF,0xFF,0xFF,0xFF,0xFF,0xFF,0xFF,0xFF,0xF0,0xFF,0xFF,
  0xFF,0xFF,0xFF,0xFF,0xFF,0xFF,0xFF,0xFF,0xFF,0xFF,0xFF,0xFF,0xFF,0xFF,0xFF,0xFE,0xFF,0x00,0x00,0xFF,0x00,0x00,0xFF,0x00,
  0x00,0xFF,0x00,0x00,0xFF,0x00,0x00,0xFF,0x00,0x00,0xFF,0x00,0x00,0xFF,0x00,0x00,0xFF,0x00,0x00,0xFF,0xFF,0xFE,0xFF,0xFF,
  0xFE,0xFF,0xFF,0xFE,0xFF,0xFF,0xFE,0xFF,0xFF,0xFE,0xFF,0xFF,0xFE,0xFF,0x00,0x00,0xFF,0x00,0x00,0xFF,0x00,0x00,0xFF,0x00,
  0x00,0xFF,0x00,0x00,0xFF,0x00,0x00,0xFF,0x00,0x00,0xFF,0x00,0x00,0xFF,0x00,0x00,0xFF,0x00,0x00,0xFF,0x00,0x00,0xFF,0x00,
  0x00,0xFF,0x00,0x00,0x00,0x7F,0xC0,0x00,0x7F,0xFC,0x00,0x7F,0xFF,0x80,0x3F,0xFF,0xF0,0x1F,0xFF,0xFE,0x07,0xFF,0xFF,0xC3,
  0xFE,0x0F,0xF0,0xFF,0x01,0xFE,0x7F,0x80,0x3F,0x9F,0xE0,0x0F,0xE7,0xF0,0x03,0x83,0xFC,0x00,0x00,0xFF,0x00,0x00,0x3F,0xC0,
  0x00,0x0F,0xF0,0x00,0x03,0xFC,0x00,0x00,0xFF,0x0F,0xFF,0xFF,0xC3,0xFF,0xFF,0xF0,0xFF,0xFF,0xFC,0x3F,0xFF,0xFF,0x0F,0xFF,
  0xFF,0xC0,0x07,0xFF,0xF0,0x01,0xFF,0xFC,0x00,0x7F,0x7F,0x00,0x1F,0xDF,0xE0,0x07,0xF7,0xF8,0x01,0xFC,0xFF,0x00,0x7F,0x3F,
  0xC0,0x1F,0xC7,0xFC,0x1F,0xF1,0xFF,0xFF,0xFC,0x3F,0xFF,0xFE,0x07,0xFF,0xFF,0x00,0xFF,0xFF,0x00,0x1F,0xFF,0x00,0x00,0xFF,
  0x00,0xFF,0x00,0x7F,0xFF,0x00,0x7F,0xFF,0x00,0x7F,0xFF,0x00,0x7F,0xFF,0x00,0x7F,0xFF,0x00,0x7F,0xFF,0x00,0x7F,0xFF,0x00,
  0x7F,0xFF,0x00,0x7F,0xFF,0x00,0x7F,0xFF,0x00,0x7F,0xFF,0x00,0x7F,0xFF,0x00,0x7F,0xFF,0xFF,0xFF,0xFF,0xFF,0xFF,0xFF,0xFF,
  0xFF,0xFF,0xFF,0xFF,0xFF,0xFF,0xFF,0xFF,0xFF,0xFF,0xFF,0x00,0x7F,0xFF,0x00,0x7F,0xFF,0x00,0x7F,0xFF,0x00,0x7F,0xFF,0x00,
  0x7F,0xFF,0x00,0x7F,0xFF,0x00,0x7F,0xFF,0x00,0x7F,0xFF,0x00,0x7F,0xFF,0x00,0x7F,0xFF,0x00,0x7F,0xFF,0x00,0x7F,0xFF,0x00,
  0x7F,0xFF,0x00,0x7F,0xFF,0x00,0x7F,0xFF,0xFF,0xFF,0xFF,0xFF,0xFF,0xFF,0xFF,0xFF,0xFF,0xFF,0xFF,0xFF,0xFF,0xFF,0xFF,0xFF,
  0xC0,0x3F,0x80,0x00,0x7F,0x00,0x00,0xFE,0x00,0x01,0xFC,0x00,0x03,0xF8,0x00,0x07,0xF0,0x00,0x0F,0xE0,0x00,0x1F,0xC0,0x00,
  0x3F,0x80,0x00,0x7F,0x00,0x00,0xFE,0x00,0x01,0xFC,0x00,0x03,0xF8,0x00,0x07,0xF0,0x00,0x0F,0xE0,0x00,0x1F,0xC0,0x00,0x3F,
  0x80,0x00,0x7F,0x00,0x00,0xFE,0x00,0x01,0xFC,0x00,0x03,0xF8,0x00,0x07,0xF0,0x0F,0xFF,0xFF,0xFF,0xFF,0xFF,0xFF,0xFF,0xFF,
  0xFF,0xFF,0xFF,0xFF,0xFF,0xFF,0xFF,0xFF,0xFC,0x01,0xFF,0xFC,0x07,0xFF,0xF0,0x1F,0xFF,0xC0,0x7F,0xFF,0x01,0xFF,0xFC,0x03,
  0xFF,0xF0,0x00,0x1F,0xC0,0x00,0x7F,0x00,0x01,0xFC,0x00,0x07,0xF0,0x00,0x1F,0xC0,0x00,0x7F,0x00,0x01,0xFC,0x00,0x07,0xF0,
  0x00,0x1F,0xC0,0x00,0x7F,0x00,0x01,0xFC,0x00,0x07,0xF0,0x00,0x1F,0xC0,0x00,0x7F,0x00,0x01,0xFC,0x00,0x07,0xF0,0x00,0x1F,
  0xC7,0x80,0x7F,0xFE,0x01,0xFF,0xF8,0x07,0xFF,0xF0,0x3F,0xFF,0xC0,0xFF,0x7F,0x87,0xF9,0xFF,0xFF,0xE3,0xFF,0xFF,0x07,0xFF,
  0xFC,0x0F,0xFF,0xE0,0x1F,0xFE,0x00,0x1F,0xE0,0x00,0xFF,0x00,0x3F,0xFF,0xE0,0x0F,0xFB,0xFC,0x01,0xFE,0x7F,0x80,0x7F,0x8F,
  0xF0,0x1F,0xF1,0xFE,0x03,0xFC,0x3F,0xC0,0xFF,0x07,0xF8,0x3F,0xC0,0xFF,0x0F,0xF8,0x1F,0xE1,0xFE,0x03,0xFC,0x7F,0x80,0x7F,
  0x9F,0xE0,0x0F,0xF3,0xF8,0x01,0xFE,0xFF,0x00,0x3F,0xFF,0xC0,0x07,0xFF,0xF8,0x00,0xFF,0xFF,0x80,0x1F,0xFF,0xF8,0x03,0xFF,
  0xFF,0x00,0x7F,0xFF,0xF0,0x0F,0xFD,0xFE,0x01,0xFF,0x9F,0xE0,0x3F,0xE3,0xFE,0x07,0xF8,0x3F,0xC0,0xFF,0x07,0xFC,0x1F,0xE0,
  0x7F,0x83,0xFC,0x07,0xF8,0x7F,0x80,0xFF,0x8F,0xF0,0x0F,0xF1,0xFE,0x01,0xFF,0x3F,0xC0,0x1F,0xF7,0xF8,0x03,0xFE,0xFF,0x00,
  0x3F,0xFF,0xE0,0x03,0xFC,0xFF,0x00,0x01,0xFE,0x00,0x03,0xFC,0x00,0x07,0xF8,0x00,0x0F,0xF0,0x00,0x1F,0xE0,0x00,0x3F,0xC0,
  0x00,0x7F,0x80,0x00,0xFF,0x00,0x01,0xFE,0x00,0x03,0xFC,0x00,0x07,0xF8,0x00,0x0F,0xF0,0x00,0x1F,0xE0,0x00,0x3F,0xC0,0x00,
  0x7F,0x80,0x00,0xFF,0x00,0x01,0xFE,0x00,0x03,0xFC,0x00,0x07,0xF8,0x00,0x0F,0xF0,0x00,0x1F,0xE0,0x00,0x3F,0xC0,0x00,0x7F,
  0x80,0x00,0xFF,0x00,0x01,0xFE,0x00,0x03,0xFC,0x00,0x07,0xF8,0x00,0x0F,0xFF,0xFF,0xFF,0xFF,0xFF,0xFF,0xFF,0xFF,0xFF,0xFF,
  0xFF,0xFF,0xFF,0xFF,0xFF,0xFF,0xFC,0xFF,0x80,0x3F,0xFF,0xF0,0x1F,0xFF,0xFC,0x07,0xFF,0xFF,0x01,0xFF,0xFF,0xC0,0x7F,0xFF,
  0xF8,0x3F,0xFF,0xFE,0x0F,0xFF,0xFF,0x83,0xFF,0xFF,0xE1,0xFF,0xFF,0x7C,0x7D,0xFF,0xDF,0x1F,0x7F,0xF7,0xC7,0xDF,0xFD,0xF3,
  0xE7,0xFF,0x3E,0xF9,0xFF,0xCF,0xBE,0x7F,0xF3,0xEF,0x9F,0xFC,0xFF,0xC7,0xFF,0x1F,0xF1,0xFF,0xC7,0xFC,0x7F,0xF1,0xFF,0x1F,
  0xFC,0x7F,0x87,0xFF,0x0F,0xE1,0xFF,0xC3,0xF8,0x7F,0xF0,0xFE,0x1F,0xFC,0x3F,0x07,0xFF,0x00,0x01,0xFF,0xC0,0x00,0x7F,0xF0,
  0x00,0x1F,0xFC,0x00,0x07,0xFF,0x00,0x01,0xFF,0xC0,0x00,0x7F,0xF0,0x00,0x1F,0xFC,0x00,0x07,0xFF,0x00,0x01,0xF0,0xFF,0x80,
  0x3F,0xFF,0x80,0x3F,0xFF,0xC0,0x3F,0xFF,0xC0,0x3F,0xFF,0xC0,0x3F,0xFF,0xE0,0x3F,0xFF,0xE0,0x3F,0xFF,0xF0,0x3F,0xFF,0xF0,
  0x3F,0xFF,0xF0,0x3F,0xFF,0xF8,0x3F,0xFD,0xF8,0x3F,0xFE,0xF8,0x3F,0xFE,0xFC,0x3F,0xFE,0xFC,0x3F,0xFE,0x7E,0x3F,0xFE,0x7E,
  0x3F,0xFE,0x7E,0x3F,0xFE,0x3F,0x3F,0xFE,0x3F,0x3F,0xFE,0x1F,0x3F,0xFE,0x1F,0xBF,0xFE,0x1F,0xBF,0xFE,0x0F,0xFF,0xFE,0x0F,
  0xFF,0xFE,0x0F,0xFF,0xFE,0x07,0xFF,0xFE,0x07,0xFF,0xFE,0x07,0xFF,0xFE,0x03,0xFF,0xFE,0x03,0xFF,0xFE,0x01,0xFF,0xFE,0x01,
  0xFF,0xFE,0x01,0xFF,0x00,0x7F,0xC0,0x00,0x3F,0xFE,0x00,0x1F,0xFF,0xE0,0x07,0xFF,0xFF,0x01,0xFF,0xFF,0xE0,0x3F,0xFF,0xFE,
  0x0F,0xF8,0x3F,0xE3,0xFE,0x03,0xFC,0x7F,0x80,0x3F,0xCF,0xF0,0x07,0xF9,0xFC,0x00,0xFF,0x7F,0x80,0x0F,0xEF,0xF0,0x01,0xFD,
  0xFE,0x00,0x3F,0xFF,0x80,0x07,0xFF,0xF0,0x00,0xFF,0xFE,0x00,0x1F,0xFF,0xC0,0x03,0xFF,0xF8,0x00,0x7F,0xFF,0x00,0x0F,0xFF,
  0xE0,0x01,0xFF,0xFC,0x00,0x3F,0xFF,0xC0,0x07,0xFF,0xF8,0x00,0xFE,0xFF,0x00,0x1F,0xCF,0xE0,0x07,0xF9,0xFE,0x00,0xFF,0x3F,
  0xC0,0x1F,0xC3,0xFC,0x07,0xF8,0x7F,0xC1,0xFF,0x07,0xFF,0xFF,0xC0,0xFF,0xFF,0xF0,0x0F,0xFF,0xFC,0x00,0xFF,0xFF,0x00,0x07,
  0xFF,0xC0,0x00,0x3F,0xC0,0x00,0xFF,0xFF,0x80,0x7F,0xFF,0xF8,0x3F,0xFF,0xFF,0x1F,0xFF,0xFF,0xCF,0xFF,0xFF,0xF7,0xFF,0xFF,
  0xFB,0xFC,0x03,0xFF,0xFE,0x00,0xFF,0xFF,0x00,0x3F,0xFF,0x80,0x1F,0xFF,0xC0,0x0F,0xFF,0xE0,0x07,0xFF,0xF0,0x03,0xFF,0xF8,
  0x03,0xFF,0xFC,0x01,0xFF,0xFE,0x01,0xFF,0xFF,0xFF,0xFF,0x7F,0xFF,0xFF,0x3F,0xFF,0xFF,0x9F,0xFF,0xFF,0x0F,0xFF,0xFF,0x07,
  0xFF,0xFC,0x03,0xFC,0x00,0x01,0xFE,0x00,0x00,0xFF,0x00,0x00,0x7F,0x80,0x00,0x3F,0xC0,0x00,0x1F,0xE0,0x00,0x0F,0xF0,0x00,
  0x07,0xF8,0x00,0x03,0xFC,0x00,0x01,0xFE,0x00,0x00,0xFF,0x00,0x00,0x7F,0x80,0x00,0x00,0x00,0x7F,0x80,0x00,0x3F,0xFE,0x00,
  0x1F,0xFF,0xE0,0x07,0xFF,0xFE,0x01,0xFF,0xFF,0xE0,0x3F,0xFF,0xFE,0x0F,0xF8,0x3F,0xE1,0xFE,0x03,0xFC,0x7F,0x80,0x3F,0x8F,
  0xF0,0x07,0xF9,0xFC,0x00,0xFF,0x7F,0x80,0x0F,0xEF,0xF0,0x01,0xFD,0xFE,0x00,0x3F,0xFF,0x80,0x07,0xFF,0xF0,0x00,0xFF,0xFE,
  0x00,0x1F,0xFF,0xC0,0x03,0xFF,0xF8,0x00,0x7F,0xFF,0x00,0x0F,0xFF,0xE0,0x01,0xFF,0xFC,0x00,0x3F,0xFF,0xC0,0x07,0xFF,0xF8,
  0x00,0xFE,0xFF,0x00,0x1F,0xCF,0xE0,0x07,0xF9,0xFE,0x00,0xFF,0x3F,0xC0,0x1F,0xE7,0xFC,0x07,0xF8,0x7F,0x81,0xFF,0x0F,0xFF,
  0xFF,0xC0,0xFF,0xFF,0xF8,0x0F,0xFF,0xFE,0x00,0xFF,0xFF,0x80,0x0F,0xFF,0xC0,0x00,0x7F,0xE0,0x00,0x03,0xFC,0x00,0x00,0x3F,
  0xC0,0x00,0x07,0xFC,0x00,0x00,0xFF,0xF7,0x00,0x0F,0xFF,0xE0,0x00,0xFF,0xFC,0x00,0x0F,0xFF,0x80,0x00,0xFF,0xF0,0x00,0x07,
  0xFC,0xFF,0xFF,0xC0,0x1F,0xFF,0xFF,0x03,0xFF,0xFF,0xF0,0x7F,0xFF,0xFF,0x8F,0xFF,0xFF,0xF1,0xFF,0xFF,0xFF,0x3F,0xC0,0x3F,
  0xE7,0xF8,0x03,0xFE,0xFF,0x00,0x3F,0xDF,0xE0,0x07,0xFB,0xFC,0x00,0xFF,0x7F,0x80,0x1F,0xEF,0xF0,0x03,0xFD,0xFE,0x00,0xFF,
  0x3F,0xC0,0x7F,0xE7,0xFF,0xFF,0xF8,0xFF,0xFF,0xFE,0x1F,0xFF,0xFF,0x83,0xFF,0xFF,0xC0,0x7F,0xFF,0xF0,0x0F,0xFF,0xFF,0x01,
  0xFE,0x1F,0xE0,0x3F,0xC1,0xFE,0x07,0xF8,0x1F,0xE0,0xFF,0x03,0xFC,0x1F,0xE0,0x3F,0xC3,0xFC,0x07,0xF8,0x7F,0x80,0x7F,0x8F,
  0xF0,0x0F,0xF1,0xFE,0x00,0xFF,0x3F,0xC0,0x1F,0xF7,0xF8,0x01,0xFE,0xFF,0x00,0x3F,0xFF,0xE0,0x03,0xFC,0x00,0x3F,0xE0,0x00,
  0x1F,0xFF,0xC0,0x07,0xFF,0xFE,0x00,0xFF,0xFF,0xF0,0x1F,0xFF,0xFF,0x81,0xFF,0x0F,0xFC,0x3F,0xC0,0x3F,0xC3,0xF8,0x01,0xFE,
  0x3F,0x80,0x1F,0xE3,0xF8,0x00,0xFC,0x3F,0x80,0x00,0x03,0xFC,0x00,0x00,0x3F,0xE0,0x00,0x03,0xFF,0x80,0x00,0x1F,0xFF,0x00,
  0x01,0xFF,0xFF,0x00,0x0F,0xFF,0xFC,0x00,0x3F,0xFF,0xF0,0x01,0xFF,0xFF,0x80,0x03,0xFF,0xFC,0x00,0x07,0xFF,0xE0,0x00,0x07,
  0xFE,0x00,0x00,0x1F,0xF0,0x00,0x00,0xFF,0x00,0x00,0x07,0xF1,0xE0,0x00,0x7F,0xFF,0x00,0x07,0xFF,0xF0,0x00,0x7F,0x7F,0x80,
  0x0F,0xF7,0xFC,0x01,0xFE,0x3F,0xFF,0xFF,0xE1,0xFF,0xFF,0xFC,0x0F,0xFF,0xFF,0x80,0x7F,0xFF,0xF0,0x03,0xFF,0xFC,0x00,0x07,
  0xFE,0x00,0xFF,0xFF,0xFF,0xFF,0xFF,0xFF,0xFF,0xFF,0xFF,0xFF,0xFF,0xFF,0xFF,0xFF,0xFF,0xFF,0xFF,0xF7,0xFF,0xFF,0xFF,0x00,
  0x1F,0xC0,0x00,0x01,0xFC,0x00,0x00,0x1F,0xC0,0x00,0x01,0xFC,0x00,0x00,0x1F,0xC0,0x00,0x01,0xFC,0x00,0x00,0x1F,0xC0,0x00,
  0x01,0xFC,0x00,0x00,0x1F,0xC0,0x00,0x01,0xFC,0x00,0x00,0x1F,0xC0,0x00,0x01,0xFC,0x00,0x00,0x1F,0xC0,0x00,0x01,0xFC,0x00,
  0x00,0x1F,0xC0,0x00,0x01,0xFC,0x00,0x00,0x1F,0xC0,0x00,0x01,0xFC,0x00,0x00,0x1F,0xC0,0x00,0x01,0xFC,0x00,0x00,0x1F,0xC0,
  0x00,0x01,0xFC,0x00,0x00,0x1F,0xC0,0x00,0x01,0xFC,0x00,0x00,0x1F,0xC0,0x00,0x01,0xFC,0x00,0x00,0x1F,0xC0,0x00,0x01,0xFC,
  0x00,0xFF,0x00,0x7F,0xFF,0x00,0x7F,0xFF,0x00,0x7F,0xFF,0x00,0x7F,0xFF,0x00,0x7F,0xFF,0x00,0x7F,0xFF,0x00,0x7F,0xFF,0x00,
  0x7F,0xFF,0x00,0x7F,0xFF,0x00,0x7F,0xFF,0x00,0x7F,0xFF,0x00,0x7F,0xFF,0x00,0x7F,0xFF,0x00,0x7F,0xFF,0x00,0x7F,0xFF,0x00,
  0x7F,0xFF,0x00,0x7F,0xFF,0x00,0x7F,0xFF,0x00,0x7F,0xFF,0x00,0x7F,0xFF,0x00,0x7F,0xFF,0x00,0x7F,0xFF,0x00,0x7F,0xFF,0x00,
  0x7F,0xFF,0x00,0x7F,0x7F,0x00,0xFF,0x7F,0x00,0xFF,0x7F,0x80,0xFE,0x7F,0xC1,0xFE,0x3F,0xFF,0xFE,0x3F,0xFF,0xFC,0x1F,0xFF,
  0xF8,0x0F,0xFF,0xF0,0x07,0xFF,0xE0,0x00,0xFF,0x00,0xFF,0x00,0x01,0xFD,0xFC,0x00,0x0F,0xF7,0xF8,0x00,0x3F,0xDF,0xE0,0x00,
  0xFE,0x3F,0x80,0x03,0xF8,0xFE,0x00,0x1F,0xE3,0xFC,0x00,0x7F,0x07,0xF0,0x01,0xFC,0x1F,0xC0,0x0F,0xF0,0x7F,0x80,0x3F,0x80,
  0xFE,0x00,0xFE,0x03,0xF8,0x07,0xF8,0x0F,0xF0,0x1F,0xC0,0x1F,0xC0,0x7F,0x00,0x7F,0x01,0xFC,0x01,0xFC,0x0F,0xE0,0x03,0xF8,
  0x3F,0x80,0x0F,0xE0,0xFE,0x00,0x3F,0x87,0xF0,0x00,0x7F,0x1F,0xC0,0x01,0xFC,0x7F,0x00,0x07,0xF1,0xF8,0x00,0x0F,0xCF,0xE0,
  0x00,0x3F,0xBF,0x80,0x00,0xFE,0xFC,0x00,0x01,0xFF,0xF0,0x00,0x07,0xFF,0xC0,0x00,0x1F,0xFE,0x00,0x00,0x3F,0xF8,0x00,0x00,
  0xFF,0xE0,0x00,0x03,0xFF,0x00,0x00,0x07,0xFC,0x00,0x00,0x1F,0xF0,0x00,0x00,0x7F,0x80,0x00,0xFE,0x00,0x00,0xFF,0xFC,0x00,
  0x01,0xFB,0xF8,0x00,0x03,0xF7,0xF0,0x00,0x07,0xE7,0xE0,0x00,0x0F,0xCF,0xC0,0x00,0x3F,0x9F,0x80,0x00,0x7F,0x3F,0x00,0x00,
  0xFC,0x7F,0x00,0x01,0xF8,0xFE,0x00,0x03,0xF0,0xFC,0x1F,0x07,0xE1,0xF8,0x7E,0x0F,0xC3,0xF0,0xFE,0x1F,0x87,0xE1,0xFC,0x7F,
  0x0F,0xC3,0xF8,0xFC,0x1F,0x8F,0xF1,0xF8,0x3F,0x9F,0xF3,0xF0,0x3F,0x3F,0xE7,0xE0,0x7E,0xFF,0xCF,0xC0,0xFD,0xFF,0xDF,0x81,
  0xFB,0xEF,0xBE,0x03,0xF7,0xDF,0x7C,0x07,0xFF,0x3F,0xF8,0x07,0xFE,0x3F,0xF0,0x0F,0xFC,0x7F,0xE0,0x1F,0xF8,0xFF,0xC0,0x3F,
  0xE1,0xFF,0x80,0x7F,0xC1,0xFE,0x00,0xFF,0x83,0xFC,0x01,0xFF,0x07,0xF8,0x01,0xFC,0x0F,0xF0,0x03,0xF8,0x1F,0xE0,0x07,0xF0,
  0x1F,0xC0,0x0F,0xE0,0x3F,0x00,0x7F,0x80,0x07,0xF8,0xFF,0x00,0x1F,0xE1,0xFC,0x00,0xFF,0x07,0xF8,0x03,0xF8,0x0F,0xF0,0x1F,
  0xE0,0x1F,0xC0,0xFF,0x00,0x7F,0x83,0xF8,0x00,0xFE,0x1F,0xE0,0x03,0xFC,0x7F,0x00,0x07,0xFB,0xF8,0x00,0x0F,0xFF,0xE0,0x00,
  0x3F,0xFF,0x00,0x00,0x7F,0xF8,0x00,0x00,0xFF,0xE0,0x00,0x03,0xFF,0x00,0x00,0x07,0xF8,0x00,0x00,0x1F,0xE0,0x00,0x00,0xFF,
  0xC0,0x00,0x03,0xFF,0x80,0x00,0x1F,0xFE,0x00,0x00,0x7F,0xFC,0x00,0x03,0xFF,0xF8,0x00,0x1F,0xEF,0xE0,0x00,0x7F,0x3F,0xC0,
  0x03,0xFC,0x7F,0x00,0x1F,0xE0,0xFE,0x00,0x7F,0x03,0xFC,0x03,0xFC,0x07,0xF0,0x1F,0xE0,0x1F,0xE0,0x7F,0x80,0x3F,0xC3,0xFC,
  0x00,0x7F,0x0F,0xE0,0x01,0xFE,0x7F,0x80,0x03,0xFF,0xFC,0x00,0x07,0xF0,0xFF,0x00,0x03,0xFD,0xFE,0x00,0x0F,0xF7,0xF8,0x00,
  0x7F,0x8F,0xF0,0x01,0xFE,0x1F,0xC0,0x0F,0xF0,0x7F,0x80,0x3F,0x80,0xFE,0x01,0xFE,0x03,0xFC,0x07,0xF0,0x07,0xF0,0x3F,0xC0,
  0x1F,0xE0,0xFE,0x00,0x3F,0x87,0xF8,0x00,0x7F,0x1F,0xC0,0x01,0xFC,0xFE,0x00,0x03,0xFB,0xF8,0x00,0x0F,0xFF,0xC0,0x00,0x1F,
  0xFF,0x00,0x00,0x3F,0xF8,0x00,0x00,0xFF,0xC0,0x00,0x01,0xFF,0x00,0x00,0x07,0xF8,0x00,0x00,0x0F,0xE0,0x00,0x00,0x3F,0x80,
  0x00,0x00,0xFE,0x00,0x00,0x03,0xF8,0x00,0x00,0x0F,0xE0,0x00,0x00,0x3F,0x80,0x00,0x00,0xFE,0x00,0x00,0x03,0xF8,0x00,0x00,
  0x0F,0xE0,0x00,0x00,0x3F,0x80,0x00,0x00,0xFE,0x00,0x00,0x03,0xF8,0x00,0x00,0x0F,0xE0,0x00,0x00,0x3F,0x80,0x00,0x3F,0xFF,
  0xFF,0x8F,0xFF,0xFF,0xE3,0xFF,0xFF,0xF8,0xFF,0xFF,0xFE,0x3F,0xFF,0xFF,0x8F,0xFF,0xFF,0xE0,0x00,0x0F,0xF0,0x00,0x03,0xFC,
  0x00,0x01,0xFE,0x00,0x00,0xFF,0x00,0x00,0x7F,0x80,0x00,0x1F,0xE0,0x00,0x0F,0xF0,0x00,0x07,0xF8,0x00,0x03,0xFE,0x00,0x00,
  0xFF,0x00,0x00,0x7F,0x80,0x00,0x3F,0xC0,0x00,0x0F,0xF0,0x00,0x07,0xF8,0x00,0x03,0xFC,0x00,0x01,0xFF,0x00,0x00,0x7F,0x80,
  0x00,0x3F,0xC0,0x00,0x1F,0xE0,0x00,0x0F,0xF8,0x00,0x03,0xFC,0x00,0x01,0xFE,0x00,0x00,0xFF,0xFF,0xFF,0xFF,0xFF,0xFF,0xFF,
  0xFF,0xFF,0xFF,0xFF,0xFF,0xFF,0xFF,0xFF,0xFF,0xFF,0xFF,0xFF,0xF0,0xFF,0xFF,0xFF,0xFF,0xFF,0xFF,0xFF,0xFF,0xFF,0xFF,0xC0,
  0x3F,0x80,0x7F,0x00,0xFE,0x01,0xFC,0x03,0xF8,0x07,0xF0,0x0F,0xE0,0x1F,0xC0,0x3F,0x80,0x7F,0x00,0xFE,0x01,0xFC,0x03,0xF8,
  0x07,0xF0,0x0F,0xE0,0x1F,0xC0,0x3F,0x80,0x7F,0x00,0xFE,0x01,0xFC,0x03,0xF8,0x07,0xF0,0x0F,0xE0,0x1F,0xC0,0x3F,0x80,0x7F,
  0x00,0xFE,0x01,0xFC,0x03,0xF8,0x07,0xF0,0x0F,0xE0,0x1F,0xC0,0x3F,0x80,0x7F,0x00,0xFE,0x01,0xFC,0x03,0xF8,0x07,0xFF,0xFF,
  0xFF,0xFF,0xFF,0xFF,0xFF,0xFF,0xFF,0xFC,0x00,0x00,0x1F,0x80,0x00,0x03,0xE0,0x00,0x00,0xFC,0x00,0x00,0x1F,0x00,0x00,0x07,
  0xE0,0x00,0x00,0xFC,0x00,0x00,0x3F,0x00,0x00,0x07,0xE0,0x00,0x01,0xF8,0x00,0x00,0x3F,0x00,0x00,0x0F,0xC0,0x00,0x01,0xF8,
  0x00,0x00,0x7E,0x00,0x00,0x0F,0xC0,0x00,0x03,0xF0,0x00,0x00,0x7E,0x00,0x00,0x0F,0x80,0x00,0x03,0xF0,0x00,0x00,0x7E,0x00,
  0x00,0x1F,0x80,0x00,0x03,0xF0,0x00,0x00,0xFC,0x00,0x00,0x1F,0x80,0x00,0x07,0xE0,0x00,0x00,0xFC,0x00,0x00,0x3F,0x00,0x00,
  0x07,0xE0,0x00,0x01,0xF8,0x00,0x00,0x3F,0x00,0x00,0x07,0xC0,0x00,0x01,0xF8,0x00,0x00,0x3F,0x00,0x00,0x0F,0xC0,0x00,0x01,
  0xF8,0x00,0x00,0x7E,0x00,0x00,0x0F,0xC0,0x00,0x03,0xF0,0xFF,0xFF,0xFF,0xFF,0xFF,0xFF,0xFF,0xFF,0xFF,0xE0,0x0F,0xC0,0x1F,
  0x80,0x3F,0x00,0x7E,0x00,0xFC,0x01,0xF8,0x03,0xF0,0x07,0xE0,0x0F,0xC0,0x1F,0x80,0x3F,0x00,0x7E,0x00,0xFC,0x01,0xF8,0x03,
  0xF0,0x07,0xE0,0x0F,0xC0,0x1F,0x80,0x3F,0x00,0x7E,0x00,0xFC,0x01,0xF8,0x03,0xF0,0x07,0xE0,0x0F,0xC0,0x1F,0x80,0x3F,0x00,
  0x7E,0x00,0xFC,0x01,0xF8,0x03,0xF0,0x07,0xE0,0x0F,0xC0,0x1F,0x80,0x3F,0x00,0x7E,0x00,0xFC,0x01,0xFF,0xFF,0xFF,0xFF,0xFF,
  0xFF,0xFF,0xFF,0xFF,0xFF,0x00,0x3F,0xC0,0x00,0x07,0xFE,0x00,0x00,0x7F,0xE0,0x00,0x0F,0xFF,0x00,0x00,0xFF,0xF0,0x00,0x1F,
  0x9F,0x00,0x01,0xF9,0xF8,0x00,0x3F,0x0F,0x80,0x03,0xF0,0xFC,0x00,0x3E,0x0F,0xC0,0x07,0xE0,0x7E,0x00,0x7C,0x07,0xE0,0x0F,
  0xC0,0x3F,0x00,0xFC,0x03,0xF0,0x1F,0x80,0x1F,0x01,0xF8,0x01,0xF8,0x3F,0x00,0x1F,0x83,0xF0,0x00,0xFC,0x3E,0x00,0x0F,0xC7,
  0xE0,0x00,0x7E,0x7E,0x00,0x07,0xEF,0xC0,0x00,0x3F,0xFF,0xFF,0xFF,0xFF,0xFF,0xFF,0xFF,0xFC,0xFE,0x0F,0xF0,0x3F,0x81,0xFC,
  0x0F,0xE0,0x3F,0x01,0xF0,0x00,0xFF,0x00,0x01,0xFF,0xF8,0x00,0xFF,0xFF,0x00,0x7F,0xFF,0xE0,0x3F,0xFF,0xF8,0x0F,0xE0,0xFF,
  0x07,0xF8,0x1F,0xC1,0xFC,0x07,0xF0,0x7F,0x01,0xFE,0x00,0x00,0x7F,0x80,0x00,0x0F,0xE0,0x00,0x03,0xF8,0x03,0xFF,0xFE,0x07,
  0xFF,0xFF,0x83,0xFF,0xFF,0xE1,0xFF,0xFF,0xF8,0x7F,0x80,0xFE,0x3F,0xC0,0x7F,0x8F,0xE0,0x1F,0xE3,0xF8,0x07,0xF8,0xFE,0x01,
  0xFE,0x3F,0x80,0xFF,0x8F,0xE0,0x3F,0xE3,0xFC,0x3F,0xF8,0xFF,0xFF,0x7F,0xDF,0xFF,0x9F,0xF7,0xFF,0xC7,0xFC,0x7F,0xE0,0xFF,
  0x0F,0xE0,0x0F,0x80,0x7F,0x00,0x00,0x3F,0x80,0x00,0x1F,0xC0,0x00,0x0F,0xE0,0x00,0x07,0xF0,0x00,0x03,0xF8,0x00,0x01,0xFC,
  0x00,0x00,0xFE,0x00,0x00,0x7F,0x00,0x00,0x3F,0x87,0xF0,0x1F,0xCF,0xFE,0x0F,0xEF,0xFF,0x87,0xFF,0xFF,0xE3,0xFF,0xFF,0xF1,
  0xFF,0x87,0xFC,0xFF,0x81,0xFE,0x7F,0x80,0x7F,0x3F,0xC0,0x3F,0xDF,0xC0,0x1F,0xEF,0xE0,0x07,0xF7,0xF0,0x03,0xFB,0xF8,0x01,
  0xFD,0xFC,0x00,0xFE,0xFE,0x00,0x7F,0x7F,0x00,0x3F,0xBF,0x80,0x1F,0xDF,0xC0,0x0F,0xEF,0xE0,0x07,0xF7,0xF0,0x07,0xFB,0xFC,
  0x03,0xFD,0xFE,0x01,0xFC,0xFF,0x81,0xFE,0x7F,0xE1,0xFE,0x3F,0xFF,0xFF,0x1F,0xFF,0xFF,0x1F,0xEF,0xFF,0x0F,0xE3,0xFF,0x00,
  0x00,0x7E,0x00,0x00,0x7F,0x80,0x03,0xFF,0xE0,0x07,0xFF,0xF8,0x1F,0xFF,0xFC,0x1F,0xFF,0xFE,0x3F,0xC1,0xFE,0x7F,0x80,0xFF,
  0x7F,0x00,0x7F,0x7F,0x00,0x7F,0xFF,0x00,0x00,0xFE,0x00,0x00,0xFE,0x00,0x00,0xFE,0x00,0x00,0xFE,0x00,0x00,0xFE,0x00,0x00,
  0xFE,0x00,0x00,0xFE,0x00,0x00,0xFE,0x00,0x00,0xFE,0x00,0x00,0xFF,0x00,0x7F,0xFF,0x00,0x7F,0x7F,0x00,0x7F,0x7F,0x80,0xFF,
  0x3F,0xC1,0xFE,0x3F,0xFF,0xFE,0x1F,0xFF,0xFC,0x0F,0xFF,0xF8,0x03,0xFF,0xE0,0x00,0xFF,0x80,0x00,0x00,0x3F,0x80,0x00,0x1F,
  0xC0,0x00,0x0F,0xE0,0x00,0x07,0xF0,0x00,0x03,0xF8,0x00,0x01,0xFC,0x00,0x00,0xFE,0x00,0x00,0x7F,0x00,0x00,0x3F,0x80,0xFE,
  0x1F,0xC1,0xFF,0x8F,0xE1,0xFF,0xF7,0xF1,0xFF,0xFB,0xF8,0xFF,0xFF,0xFC,0xFF,0x87,0xFE,0x7F,0x81,0xFF,0x7F,0x80,0x7F,0xBF,
  0xC0,0x3F,0xDF,0xC0,0x1F,0xEF,0xE0,0x07,0xF7,0xF0,0x03,0xFF,0xF8,0x01,0xFF,0xFC,0x00,0xFF,0xFE,0x00,0x7F,0xFF,0x00,0x3F,
  0xFF,0x80,0x1F,0xDF,0xC0,0x0F,0xEF,0xE0,0x07,0xF7,0xF0,0x07,0xFB,0xFC,0x03,0xFD,0xFE,0x01,0xFE,0x7F,0x81,0xFF,0x3F,0xE1,
  0xFF,0x8F,0xFF,0xFF,0xC7,0xFF,0xEF,0xE1,0xFF,0xE7,0xF0,0x7F,0xE3,0xF8,0x0F,0xC0,0x00,0x00,0x7F,0xC0,0x00,0x7F,0xFC,0x00,
  0x7F,0xFF,0x80,0x3F,0xFF,0xF0,0x1F,0xFF,0xFE,0x07,0xF0,0x1F,0xC3,0xF8,0x03,0xF0,0xFE,0x00,0xFE,0x7F,0x00,0x1F,0x9F,0xC0,
  0x07,0xF7,0xF0,0x01,0xFD,0xFF,0xFF,0xFF,0xFF,0xFF,0xFF,0xFF,0xFF,0xFF,0xFF,0xFF,0xFF,0xFF,0xFC,0x00,0x00,0x7F,0x00,0x00,
  0x1F,0xC0,0x00,0x07,0xF0,0x00,0x01,0xFC,0x00,0x00,0x7F,0x80,0x00,0x0F,0xE0,0x07,0xE3,0xFC,0x03,0xF8,0x7F,0x81,0xFE,0x1F,
  0xFF,0xFF,0x03,0xFF,0xFF,0x80,0x7F,0xFF,0xC0,0x07,0xFF,0xC0,0x00,0x7F,0xC0,0x00,0x00,0x0F,0xFF,0x00,0x1F,0xFF,0xC0,0x1F,
  0xFF,0xE0,0x1F,0xFF,0xF0,0x1F,0xFF,0xF8,0x0F,0xF0,0x00,0x0F,0xF0,0x00,0x07,0xF8,0x00,0x03,0xF8,0x00,0x01,0xFC,0x00,0x00,
  0xFE,0x00,0x1F,0xFF,0xFF,0xEF,0xFF,0xFF,0xF7,0xFF,0xFF,0xFB,0xFF,0xFF,0xFD,0xFF,0xFF,0xFE,0x03,0xF8,0x00,0x01,0xFC,0x00,
  0x00,0xFE,0x00,0x00,0x7F,0x00,0x00,0x3F,0x80,0x00,0x1F,0xC0,0x00,0x0F,0xE0,0x00,0x07,0xF0,0x00,0x03,0xF8,0x00,0x01,0xFC,
  0x00,0x00,0xFE,0x00,0x00,0x7F,0x00,0x00,0x3F,0x80,0x00,0x1F,0xC0,0x00,0x0F,0xE0,0x00,0x07,0xF0,0x00,0x03,0xF8,0x00,0x01,
  0xFC,0x00,0x00,0xFE,0x00,0x00,0x7F,0x00,0x00,0x3F,0x80,0x00,0x1F,0xC0,0x00,0x01,0xF8,0x00,0x03,0xFF,0x1F,0xC3,0xFF,0xCF,
  0xE3,0xFF,0xF7,0xF3,0xFF,0xFF,0xF9,0xFE,0x0F,0xFD,0xFE,0x03,0xFE,0xFF,0x01,0xFF,0x7F,0x00,0x7F,0xFF,0x80,0x3F,0xFF,0xC0,
  0x1F,0xFF,0xE0,0x0F,0xFF,0xF0,0x03,0xFF,0xF0,0x01,0xFF,0xF8,0x00,0xFF,0xFE,0x00,0x7F,0xFF,0x00,0x7F,0xFF,0x80,0x3F,0xFF,
  0xC0,0x1F,0xEF,0xE0,0x0F,0xF7,0xF8,0x0F,0xFB,0xFC,0x07,0xFD,0xFF,0x07,0xFE,0x7F,0xFF,0xFF,0x1F,0xFF,0xBF,0x8F,0xFF,0x9F,
  0xC1,0xFF,0x8F,0xE0,0x7F,0x07,0xF0,0x00,0x03,0xF8,0x00,0x03,0xF8,0x00,0x01,0xFC,0x3E,0x00,0xFE,0x7F,0x80,0xFF,0x1F,0xE0,
  0xFF,0x0F,0xFF,0xFF,0x83,0xFF,0xFF,0x80,0xFF,0xFF,0x80,0x3F,0xFF,0x00,0x03,0xFE,0x00,0xFF,0x00,0x00,0x7F,0x80,0x00,0x3F,
  0xC0,0x00,0x1F,0xE0,0x00,0x0F,0xF0,0x00,0x07,0xF8,0x00,0x03,0xFC,0x00,0x01,0xFE,0x00,0x00,0xFF,0x00,0x00,0x7F,0x83,0xF0,
  0x3F,0xC7,0xFE,0x1F,0xE7,0xFF,0x8F,0xF7,0xFF,0xE7,0xF7,0xFF,0xFB,0xFF,0xC7,0xFD,0xFF,0x81,0xFE,0xFF,0x80,0x7F,0x7F,0xC0,
  0x3F,0xBF,0xC0,0x1F,0xFF,0xE0,0x0F,0xFF,0xF0,0x07,0xFF,0xF8,0x03,0xFF,0xFC,0x01,0xFF,0xFE,0x00,0xFF,0xFF,0x00,0x7F,0xFF,
  0x80,0x3F,0xFF,0xC0,0x1F,0xFF,0xE0,0x0F,0xFF,0xF0,0x07,0xFF,0xF8,0x03,0xFF,0xFC,0x01,0xFF,0xFE,0x00,0xFF,0xFF,0x00,0x7F,
  0xFF,0x80,0x3F,0xFF,0xC0,0x1F,0xFF,0xE0,0x0F,0xFF,0xF0,0x07,0xF8,0x00,0x3F,0x80,0x00,0x0F,0xE0,0x00,0x03,0xF8,0x00,0x00,
  0xFE,0x00,0x00,0x3F,0x80,0x00,0x00,0x00,0x00,0x00,0x00,0x00,0x00,0x00,0x00,0x00,0x00,0x00,0x00,0x00,0x00,0x03,0xFF,0xF8,
  0x00,0xFF,0xFE,0x00,0x3F,0xFF,0x80,0x0F,0xFF,0xE0,0x01,0xFF,0xF8,0x00,0x00,0xFE,0x00,0x00,0x3F,0x80,0x00,0x0F,0xE0,0x00,
  0x03,0xF8,0x00,0x00,0xFE,0x00,0x00,0x3F,0x80,0x00,0x0F,0xE0,0x00,0x03,0xF8,0x00,0x00,0xFE,0x00,0x00,0x3F,0x80,0x00,0x0F,
  0xE0,0x00,0x03,0xF8,0x00,0x00,0xFE,0x00,0x00,0x3F,0x80,0x00,0x0F,0xE0,0x00,0x03,0xF8,0x00,0x00,0xFE,0x00,0xFF,0xFF,0xFF,
  0xBF,0xFF,0xFF,0xFF,0xFF,0xFF,0xFF,0xFF,0xFF,0xFF,0xFF,0xFF,0xFF,0xC0,0x00,0x1F,0xE0,0x03,0xFC,0x00,0x7F,0x80,0x0F,0xF0,
  0x01,0xFE,0x00,0x00,0x00,0x00,0x00,0x00,0x00,0x00,0x00,0x00,0x00,0x00,0x7F,0xFF,0x8F,0xFF,0xF1,0xFF,0xFE,0x3F,0xFF,0xC7,
  0xFF,0xF8,0x00,0xFF,0x00,0x1F,0xE0,0x03,0xFC,0x00,0x7F,0x80,0x0F,0xF0,0x01,0xFE,0x00,0x3F,0xC0,0x07,0xF8,0x00,0xFF,0x00,
  0x1F,0xE0,0x03,0xFC,0x00,0x7F,0x80,0x0F,0xF0,0x01,0xFE,0x00,0x3F,0xC0,0x07,0xF8,0x00,0xFF,0x00,0x1F,0xE0,0x03,0xFC,0x00,
  0x7F,0x80,0x0F,0xF0,0x01,0xFE,0x00,0x3F,0xC0,0x07,0xF8,0x00,0xFE,0x00,0x1F,0xC0,0x07,0xFB,0xFF,0xFF,0x7F,0xFF,0xCF,0xFF,
  0xF1,0xFF,0xFC,0x3F,0xFF,0x01,0xFF,0x00,0xFE,0x00,0x00,0x7F,0x00,0x00,0x3F,0x80,0x00,0x1F,0xC0,0x00,0x0F,0xE0,0x00,0x07,
  0xF0,0x00,0x03,0xF8,0x00,0x01,0xFC,0x00,0x00,0xFE,0x00,0x00,0x7F,0x00,0x00,0x3F,0x80,0x3F,0xDF,0xC0,0x1F,0xCF,0xE0,0x1F,
  0xC7,0xF0,0x1F,0xC3,0xF8,0x1F,0xC1,0xFC,0x1F,0xE0,0xFE,0x1F,0xE0,0x7F,0x1F,0xE0,0x3F,0x8F,0xE0,0x1F,0xCF,0xE0,0x0F,0xFF,
  0xE0,0x07,0xFF,0xF8,0x03,0xFF,0xFC,0x01,0xFF,0xFF,0x00,0xFF,0xFF,0x80,0x7F,0xCF,0xE0,0x3F,0xC7,0xF8,0x1F,0xC1,0xFC,0x0F,
  0xE0,0xFF,0x07,0xF0,0x3F,0xC3,0xF8,0x0F,0xE1,0xFC,0x07,0xF8,0xFE,0x01,0xFC,0x7F,0x00,0xFF,0x3F,0x80,0x3F,0xDF,0xC0,0x0F,
  0xEF,0xE0,0x07,0xF8,0xFF,0xFE,0x00,0xFF,0xFE,0x00,0xFF,0xFE,0x00,0xFF,0xFE,0x00,0x7F,0xFE,0x00,0x00,0xFE,0x00,0x00,0xFE,
  0x00,0x00,0xFE,0x00,0x00,0xFE,0x00,0x00,0xFE,0x00,0x00,0xFE,0x00,0x00,0xFE,0x00,0x00,0xFE,0x00,0x00,0xFE,0x00,0x00,0xFE,
  0x00,0x00,0xFE,0x00,0x00,0xFE,0x00,0x00,0xFE,0x00,0x00,0xFE,0x00,0x00,0xFE,0x00,0x00,0xFE,0x00,0x00,0xFE,0x00,0x00,0xFE,
  0x00,0x00,0xFE,0x00,0x00,0xFE,0x00,0x00,0xFE,0x00,0x00,0xFE,0x00,0x00,0xFE,0x00,0x00,0xFE,0x00,0x00,0xFE,0x00,0x00,0xFE,
  0x00,0x00,0xFF,0x00,0x00,0x7F,0xFE,0x00,0x7F,0xFF,0x00,0x3F,0xFF,0x00,0x1F,0xFF,0x00,0x07,0xFF,0x00,0xF8,0x1F,0x1F,0x3F,
  0x8F,0xF3,0xEF,0xFB,0xFF,0x7D,0xFF,0x7F,0xEF,0xFF,0xFF,0xFD,0xFC,0x7F,0x1F,0xFF,0x8F,0xE1,0xFF,0xE1,0xFC,0x3F,0xFC,0x3F,
  0x87,0xFF,0x87,0xE0,0xFF,0xF0,0xFC,0x1F,0xFE,0x1F,0x83,0xFF,0xC3,0xF0,0x7F,0xF8,0x7E,0x0F,0xFF,0x0F,0xC1,0xFF,0xE1,0xF8,
  0x3F,0xFC,0x3F,0x07,0xFF,0x87,0xE0,0xFF,0xF0,0xFC,0x1F,0xFE,0x1F,0x83,0xFF,0xC3,0xF0,0x7F,0xF8,0x7E,0x0F,0xFF,0x0F,0xC1,
  0xFF,0xE1,0xF8,0x3F,0xFC,0x3F,0x07,0xFF,0x87,0xE0,0xFF,0xF0,0xFC,0x1F,0xFE,0x1F,0x83,0xF0,0x00,0x07,0xE0,0x7F,0x0F,0xFC,
  0x3F,0x8F,0xFF,0x1F,0xCF,0xFF,0xCF,0xEF,0xFF,0xF7,0xFF,0x8F,0xFB,0xFF,0x03,0xFD,0xFF,0x00,0xFE,0xFF,0x80,0x7F,0x7F,0x80,
  0x3F,0xFF,0xC0,0x1F,0xFF,0xE0,0x0F,0xFF,0xF0,0x07,0xFF,0xF8,0x03,0xFF,0xFC,0x01,0xFF,0xFE,0x00,0xFF,0xFF,0x00,0x7F,0xFF,
  0x80,0x3F,0xFF,0xC0,0x1F,0xFF,0xE0,0x0F,0xFF,0xF0,0x07,0xFF,0xF8,0x03,0xFF,0xFC,0x01,0xFF,0xFE,0x00,0xFF,0xFF,0x00,0x7F,
  0xFF,0x80,0x3F,0xFF,0xC0,0x1F,0xFF,0xE0,0x0F,0xF0,0x00,0x7F,0xC0,0x00,0x7F,0xFC,0x00,0x7F,0xFF,0xC0,0x3F,0xFF,0xF8,0x1F,
  0xFF,0xFF,0x0F,0xF8,0x3F,0xC3,0xFC,0x07,0xF9,0xFE,0x00,0xFE,0x7F,0x00,0x3F,0xDF,0xC0,0x0F,0xF7,0xF0,0x01,0xFF,0xFC,0x00,
  0x7F,0xFF,0x00,0x1F,0xFF,0xC0,0x07,0xFF,0xF0,0x01,0xFF,0xFC,0x00,0x7F,0xFF,0x00,0x1F,0xFF,0xC0,0x07,0xF7,0xF0,0x01,0xFD,
  0xFC,0x00,0xFF,0x7F,0x00,0x3F,0xDF,0xE0,0x0F,0xE3,0xFC,0x07,0xF8,0xFF,0x83,0xFC,0x1F,0xFF,0xFE,0x03,0xFF,0xFF,0x80,0x7F,
  0xFF,0xC0,0x07,0xFF,0xC0,0x00,0x7F,0x80,0x00,0x00,0x0F,0xE0,0x7F,0x0F,0xF8,0x3F,0xDF,0xFF,0x0F,0xEF,0xFF,0x87,0xFF,0xFF,
  0xE3,0xFF,0x0F,0xF9,0xFF,0x03,0xFC,0xFF,0x00,0xFE,0x7F,0x80,0x7F,0xBF,0x80,0x3F,0xDF,0xC0,0x0F,0xEF,0xE0,0x07,0xF7,0xF0,
  0x03,0xFB,0xF8,0x01,0xFD,0xFC,0x00,0xFE,0xFE,0x00,0x7F,0x7F,0x00,0x3F,0xBF,0x80,0x1F,0xDF,0xC0,0x0F,0xEF,0xE0,0x0F,0xF7,
  0xF8,0x07,0xFB,0xFC,0x03,0xF9,0xFF,0x03,0xFC,0xFF,0xC3,0xFE,0x7F,0xFF,0xFE,0x3F,0xFF,0xFE,0x1F,0xDF,0xFF,0x0F,0xE7,0xFE,
  0x07,0xF0,0xFC,0x03,0xF8,0x00,0x01,0xFC,0x00,0x00,0xFE,0x00,0x00,0x7F,0x00,0x00,0x3F,0x80,0x00,0x1F,0xC0,0x00,0x0F,0xE0,
  0x00,0x07,0xF0,0x00,0x03,0xF8,0x00,0x01,0xFC,0x00,0x00,0x01,0xF8,0x00,0x03,0xFF,0x1F,0xC3,0xFF,0xCF,0xE3,0xFF,0xF7,0xF1,
  0xFF,0xFF,0xF9,0xFF,0x0F,0xFC,0xFF,0x03,0xFE,0xFF,0x00,0xFF,0x7F,0x80,0x7F,0xBF,0x80,0x3F,0xDF,0xC0,0x0F,0xEF,0xE0,0x07,
  0xFF,0xF0,0x03,0xFF,0xF8,0x01,0xFF,0xFC,0x00,0xFF,0xFE,0x00,0x7F,0xFF,0x00,0x3F,0xFF,0x80,0x1F,0xDF,0xC0,0x0F,0xEF,0xE0,
  0x0F,0xF7,0xF8,0x07,0xFB,0xFC,0x03,0xFC,0xFF,0x03,0xFE,0x7F,0xC3,0xFF,0x3F,0xFF,0xFF,0x8F,0xFF,0xDF,0xC3,0xFF,0xCF,0xE0,
  0xFF,0xC7,0xF0,0x1F,0x83,0xF8,0x00,0x01,0xFC,0x00,0x00,0xFE,0x00,0x00,0x7F,0x00,0x00,0x3F,0x80,0x00,0x1F,0xC0,0x00,0x0F,
  0xE0,0x00,0x07,0xF0,0x00,0x03,0xF8,0x00,0x01,0xFC,0x00,0x00,0xFE,0x00,0x07,0xFF,0xF8,0x7F,0xFF,0xE3,0xFF,0xFF,0x9F,0xFF,
  0x7F,0x7F,0xFD,0xFF,0xFF,0xF7,0xFF,0xC0,0x1F,0xFC,0x00,0x7F,0xE0,0x01,0xFF,0x00,0x07,0xFC,0x00,0x1F,0xE0,0x00,0x7F,0x80,
  0x01,0xFE,0x00,0x07,0xF0,0x00,0x1F,0xC0,0x00,0x7F,0x00,0x01,0xFC,0x00,0x07,0xF0,0x00,0x1F,0xC0,0x00,0x7F,0x00,0x01,0xFC,
  0x00,0x07,0xF0,0x00,0x1F,0xC0,0x00,0x7F,0x00,0x01,0xFC,0x00,0x07,0xF0,0x00,0x1F,0xC0,0x00,0x00,0xFF,0x80,0x03,0xFF,0xF8,
  0x03,0xFF,0xFE,0x03,0xFF,0xFF,0x83,0xFF,0xFF,0xE1,0xFC,0x07,0xF1,0xFC,0x01,0xFC,0xFE,0x00,0xFC,0x7F,0x00,0x00,0x3F,0x80,
  0x00,0x1F,0xF8,0x00,0x07,0xFF,0xC0,0x03,0xFF,0xFC,0x00,0xFF,0xFF,0xC0,0x3F,0xFF,0xF0,0x07,0xFF,0xFC,0x00,0x7F,0xFF,0x00,
  0x03,0xFF,0x80,0x00,0x3F,0xC0,0x00,0x0F,0xE0,0x00,0x03,0xF9,0xE0,0x01,0xFB,0xF8,0x00,0xFC,0xFE,0x00,0xFE,0x7F,0xFF,0xFE,
  0x1F,0xFF,0xFF,0x07,0xFF,0xFF,0x01,0xFF,0xFE,0x00,0x1F,0xF8,0x00,0x03,0xE0,0x00,0x0F,0x80,0x00,0x3E,0x00,0x00,0xF8,0x00,
  0x07,0xE0,0x00,0x1F,0x80,0x00,0x7E,0x00,0x3F,0xFF,0xFE,0xFF,0xFF,0xFB,0xFF,0xFF,0xEF,0xFF,0xFF,0xBF,0xFF,0xFE,0x0F,0xE0,
  0x00,0x3F,0x80,0x00,0xFE,0x00,0x03,0xF8,0x00,0x0F,0xE0,0x00,0x3F,0x80,0x00,0xFE,0x00,0x03,0xF8,0x00,0x0F,0xE0,0x00,0x3F,
  0x80,0x00,0xFE,0x00,0x03,0xF8,0x00,0x0F,0xE0,0x00,0x3F,0x80,0x00,0xFE,0x00,0x03,0xF8,0x00,0x0F,0xF0,0x00,0x3F,0xE0,0x00,
  0x7F,0xFF,0xC1,0xFF,0xFF,0x03,0xFF,0xFC,0x07,0xFF,0xF0,0x07,0xFF,0x00,0xFE,0x00,0x7F,0xFE,0x00,0x7F,0xFE,0x00,0x7F,0xFE,
  0x00,0x7F,0xFE,0x00,0x7F,0xFE,0x00,0x7F,0xFE,0x00,0x7F,0xFE,0x00,0x7F,0xFE,0x00,0x7F,0xFE,0x00,0x7F,0xFE,0x00,0x7F,0xFE,
  0x00,0x7F,0xFE,0x00,0x7F,0xFE,0x00,0x7F,0xFE,0x00,0x7F,0xFE,0x00,0x7F,0xFE,0x00,0x7F,0xFF,0x00,0xFF,0xFF,0x00,0xFF,0xFF,
  0x00,0xFF,0x7F,0x01,0xFF,0x7F,0x83,0xFF,0x7F,0xE7,0xFF,0x7F,0xFF,0x7F,0x3F,0xFF,0x7F,0x1F,0xFE,0x7F,0x0F,0xFC,0x7F,0x07,
  0xF0,0x00,0xFE,0x00,0x07,0xFF,0xF8,0x00,0x3F,0x9F,0xC0,0x03,0xFC,0xFE,0x00,0x1F,0xC7,0xF8,0x00,0xFE,0x1F,0xC0,0x0F,0xF0,
  0xFE,0x00,0x7F,0x03,0xF8,0x03,0xF8,0x1F,0xC0,0x3F,0x80,0xFE,0x01,0xFC,0x03,0xF8,0x0F,0xE0,0x1F,0xC0,0xFE,0x00,0xFE,0x07,
  0xF0,0x03,0xF8,0x3F,0x80,0x1F,0xC3,0xF8,0x00,0x7E,0x1F,0xC0,0x03,0xF8,0xFC,0x00,0x1F,0xCF,0xE0,0x00,0x7E,0x7F,0x00,0x03,
  0xFB,0xF0,0x00,0x1F,0xFF,0x80,0x00,0x7F,0xF8,0x00,0x03,0xFF,0xC0,0x00,0x0F,0xFE,0x00,0x00,0x7F,0xE0,0x00,0x03,0xFF,0x00,
  0x00,0x0F,0xF8,0x00,0xFC,0x00,0x00,0x7F,0xF0,0x00,0x03,0xF7,0xC0,0x00,0x0F,0xDF,0x00,0x00,0x3F,0x7E,0x00,0x00,0xFD,0xF8,
  0x00,0x03,0xE7,0xE0,0x00,0x0F,0x9F,0x81,0xF0,0x3E,0x3E,0x0F,0xC1,0xF8,0xF8,0x3F,0x87,0xE3,0xE0,0xFE,0x1F,0x8F,0xC7,0xF8,
  0x7C,0x3F,0x1F,0xF1,0xF0,0xFC,0x7F,0xC7,0xC1,0xF3,0xEF,0x3F,0x07,0xCF,0xBC,0xFC,0x1F,0x3C,0xFB,0xF0,0x7D,0xF1,0xEF,0x81,
  0xF7,0xC7,0xBE,0x07,0xFE,0x1F,0xF8,0x0F,0xF8,0x7F,0xE0,0x3F,0xE0,0xFF,0x80,0xFF,0x03,0xFC,0x03,0xFC,0x0F,0xF0,0x0F,0xF0,
  0x1F,0xC0,0x1F,0x80,0x7F,0x00,0x7E,0x01,0xFC,0x00,0xFF,0x00,0x1F,0xEF,0xE0,0x07,0xF9,0xFE,0x01,0xFE,0x1F,0xE0,0x3F,0x81,
  0xFC,0x0F,0xF0,0x1F,0xC3,0xFC,0x03,0xFC,0x7F,0x00,0x3F,0x9F,0xC0,0x03,0xFF,0xF8,0x00,0x3F,0xFE,0x00,0x07,0xFF,0x80,0x00,
  0x7F,0xE0,0x00,0x07,0xFC,0x00,0x00,0xFF,0x80,0x00,0x3F,0xF0,0x00,0x0F,0xFF,0x00,0x01,0xFF,0xF0,0x00,0x7F,0xFF,0x00,0x1F,
  0xCF,0xE0,0x03,0xF8,0xFE,0x00,0xFE,0x1F,0xE0,0x3F,0x81,0xFC,0x0F,0xF0,0x1F,0xC1,0xFC,0x03,0xFC,0x7F,0x00,0x3F,0xDF,0xE0,
  0x03,0xFB,0xF8,0x00,0x7F,0x80,0xFF,0x00,0x07,0xFF,0xF0,0x00,0x7F,0x7F,0x00,0x0F,0xF7,0xF8,0x00,0xFE,0x3F,0x80,0x0F,0xE3,
  0xF8,0x01,0xFE,0x1F,0xC0,0x1F,0xC1,0xFC,0x01,0xFC,0x1F,0xC0,0x3F,0x80,0xFE,0x03,0xF8,0x0F,0xE0,0x3F,0x80,0x7F,0x07,0xF0,
  0x07,0xF0,0x7F,0x00,0x3F,0x07,0xE0,0x03,0xF8,0xFE,0x00,0x3F,0x8F,0xE0,0x01,0xF8,0xFC,0x00,0x1F,0xCF,0xC0,0x00,0xFD,0xF8,
  0x00,0x0F,0xDF,0x80,0x00,0xFF,0xF8,0x00,0x07,0xFF,0x00,0x00,0x7F,0xF0,0x00,0x03,0xFE,0x00,0x00,0x3F,0xE0,0x00,0x01,0xFE,
  0x00,0x00,0x1F,0xC0,0x00,0x01,0xFC,0x00,0x00,0x3F,0xC0,0x00,0x03,0xF8,0x00,0x00,0x7F,0x80,0x00,0x0F,0xF0,0x00,0x1F,0xFF,
  0x00,0x03,0xFF,0xE0,0x00,0x3F,0xFC,0x00,0x03,0xFF,0x80,0x00,0x3F,0xF0,0x00,0x00,0xF8,0x00,0x00,0x7F,0xFF,0xFE,0x7F,0xFF,
  0xFE,0x7F,0xFF,0xFE,0x7F,0xFF,0xFE,0x7F,0xFF,0xFE,0x00,0x03,0xFC,0x00,0x07,0xF8,0x00,0x07,0xF8,0x00,0x0F,0xF0,0x00,0x1F,
  0xE0,0x00,0x3F,0xC0,0x00,0x7F,0x80,0x00,0xFF,0x00,0x00,0xFF,0x00,0x01,0xFE,0x00,0x03,0xFC,0x00,0x07,0xF8,0x00,0x0F,0xF0,
  0x00,0x1F,0xE0,0x00,0x3F,0xE0,0x00,0x3F,0xC0,0x00,0x7F,0x80,0x00,0xFF,0xFF,0xFF,0xFF,0xFF,0xFF,0xFF,0xFF,0xFF,0xFF,0xFF,
  0xFF,0xFF,0xFF,0xFF,0x00,0x3F,0xF8,0x07,0xFF,0xC0,0x7F,0xFE,0x07,0xFF,0xF0,0x3F,0xFF,0x81,0xFE,0x00,0x0F,0xE0,0x00,0xFE,
  0x00,0x07,0xF0,0x00,0x3F,0x80,0x01,0xFC,0x00,0x0F,0xE0,0x00,0x7F,0x00,0x03,0xF8,0x00,0x1F,0xC0,0x00,0xFE,0x00,0x07,0xF0,
  0x00,0x3F,0x80,0x01,0xFC,0x00,0x0F,0xE0,0x00,0xFF,0x00,0x1F,0xF0,0x03,0xFF,0x00,0x1F,0xF0,0x00,0xFF,0x00,0x07,0xFC,0x00,
  0x3F,0xF8,0x00,0x3F,0xC0,0x00,0xFF,0x00,0x03,0xF8,0x00,0x1F,0xC0,0x00,0xFE,0x00,0x07,0xF0,0x00,0x3F,0x80,0x01,0xFC,0x00,
  0x0F,0xE0,0x00,0x7F,0x00,0x03,0xF8,0x00,0x1F,0xC0,0x00,0xFE,0x00,0x07,0xF0,0x00,0x1F,0xC0,0x00,0xFF,0x00,0x07,0xFF,0xF0,
  0x3F,0xFF,0x80,0xFF,0xFC,0x03,0xFF,0xE0,0x07,0xFF,0xFF,0xFF,0xFF,0xFF,0xFF,0xFF,0xFF,0xFF,0xFF,0xFF,0xFF,0xFF,0xFF,0xFF,
  0xFF,0xFF,0xFF,0xFF,0xFF,0xFF,0xFF,0xFF,0xFF,0xFF,0xFF,0xFF,0xFF,0xFF,0xFF,0xFF,0xFF,0xFF,0xFF,0xFF,0xFF,0xFF,0xFF,0xFF,
  0xFF,0xFF,0xFF,0xFF,0xFF,0xE0,0x07,0xFF,0xC0,0x3F,0xFF,0x01,0xFF,0xF8,0x0F,0xFF,0xE0,0x00,0xFF,0x00,0x03,0xF8,0x00,0x1F,
  0xC0,0x00,0xFE,0x00,0x07,0xF0,0x00,0x3F,0x80,0x01,0xFC,0x00,0x0F,0xE0,0x00,0x7F,0x00,0x03,0xF8,0x00,0x1F,0xC0,0x00,0xFE,
  0x00,0x07,0xF0,0x00,0x1F,0x80,0x00,0xFE,0x00,0x07,0xF8,0x00,0x1F,0xE0,0x00,0xFF,0xE0,0x01,0xFF,0x00,0x07,0xF8,0x00,0xFF,
  0xC0,0x0F,0xFE,0x00,0xFF,0x80,0x07,0xF0,0x00,0x3F,0x80,0x03,0xF8,0x00,0x1F,0xC0,0x00,0xFE,0x00,0x07,0xF0,0x00,0x3F,0x80,
  0x01,0xFC,0x00,0x0F,0xE0,0x00,0x7F,0x00,0x03,0xF8,0x00,0x1F,0xC0,0x00,0xFE,0x00,0x07,0xF0,0x00,0x7F,0x81,0xFF,0xFC,0x0F,
  0xFF,0xC0,0x7F,0xFE,0x03,0xFF,0xE0,0x1F,0xFC,0x00,0x1F,0xE0,0x00,0x1F,0xFF,0x00,0x1F,0xFF,0xFC,0x3F,0xFF,0xFF,0xFF,0xFF,
  0xFF,0xFF,0xFE,0x1F,0xFF,0xFC,0x00,0xFF,0xFC,0x00,0x03,0xF8,0x07,0xE0,0x0F,0xF8,0x3F,0xFC,0x3F,0xFE,0x7C,0x1F,0x78,0x0F,
  0xF0,0x0F,0xF0,0x0F,0xF0,0x0F,0xF0,0x0F,0x78,0x0F,0x7C,0x1F,0x3F,0xFE,0x3F,0xFC,0x0F,0xF8,0x07,0xE0,0x0F,0xE0,0x00,0x03,
  0xFC,0x00,0x00,0x3F,0x80,0x00,0x07,0xF0,0x00,0x00,0x7E,0x00,0x00,0x0F,0xC0,0x00,0x00,0xF8,0x00,0x00,0x00,0x00,0x00,0x00,
  0x00,0x3F,0xFF,0xFF,0xEF,0xFF,0xFF,0xFB,0xFF,0xFF,0xFE,0xFF,0xFF,0xFF,0xBF,0xFF,0xFF,0xEF,0xFF,0xFF,0xF3,0xFC,0x00,0x00,
  0xFF,0x00,0x00,0x3F,0xC0,0x00,0x0F,0xF0,0x00,0x03,0xFC,0x00,0x00,0xFF,0x00,0x00,0x3F,0xC0,0x00,0x0F,0xF0,0x00,0x03,0xFF,
  0xFF,0xF8,0xFF,0xFF,0xFE,0x3F,0xFF,0xFF,0x8F,0xFF,0xFF,0xE3,0xFF,0xFF,0xF8,0xFF,0xFF,0xFE,0x3F,0xC0,0x00,0x0F,0xF0,0x00,
  0x03,0xFC,0x00,0x00,0xFF,0x00,0x00,0x3F,0xC0,0x00,0x0F,0xF0,0x00,0x03,0xFC,0x00,0x00,0xFF,0x00,0x00,0x3F,0xFF,0xFF,0xEF,
  0xFF,0xFF,0xFF,0xFF,0xFF,0xFF,0xFF,0xFF,0xFF,0xFF,0xFF,0xFF,0xFF,0xFF,0xFF,0xFC,0x0F,0xC1,0xF0,0x03,0xF0,0x7C,0x00,0xFC,
  0x1F,0x00,0x3F,0x07,0xC0,0x0F,0xC1,0xF0,0x00,0x00,0x00,0x00,0x00,0x00,0x03,0xFF,0xFF,0xFE,0xFF,0xFF,0xFF,0xBF,0xFF,0xFF,
  0xEF,0xFF,0xFF,0xFB,0xFF,0xFF,0xFE,0xFF,0xFF,0xFF,0x3F,0xC0,0x00,0x0F,0xF0,0x00,0x03,0xFC,0x00,0x00,0xFF,0x00,0x00,0x3F,
  0xC0,0x00,0x0F,0xF0,0x00,0x03,0xFC,0x00,0x00,0xFF,0x00,0x00,0x3F,0xFF,0xFF,0x8F,0xFF,0xFF,0xE3,0xFF,0xFF,0xF8,0xFF,0xFF,
  0xFE,0x3F,0xFF,0xFF,0x8F,0xFF,0xFF,0xE3,0xFC,0x00,0x00,0xFF,0x00,0x00,0x3F,0xC0,0x00,0x0F,0xF0,0x00,0x03,0xFC,0x00,0x00,
  0xFF,0x00,0x00,0x3F,0xC0,0x00,0x0F,0xF0,0x00,0x03,0xFF,0xFF,0xFE,0xFF,0xFF,0xFF,0xFF,0xFF,0xFF,0xFF,0xFF,0xFF,0xFF,0xFF,
  0xFF,0xFF,0xFF,0xFF,0xFF,0xC0,0xFF,0xFF,0xF8,0x03,0xFF,0xFF,0xE0,0x0F,0xFF,0xFF,0x80,0x3F,0xFF,0xFE,0x00,0xFF,0xFF,0xF8,
  0x03,0xFF,0xFF,0xE0,0x00,0x1F,0xC0,0x00,0x00,0x7F,0x00,0x00,0x01,0xFC,0x00,0x00,0x07,0xF0,0x00,0x00,0x1F,0xC0,0x00,0x00,
  0x7F,0x0F,0xE0,0x01,0xFD,0xFF,0xE0,0x07,0xFF,0xFF,0xC0,0x1F,0xFF,0xFF,0x00,0x7F,0xFF,0xFE,0x01,0xFF,0xFF,0xF8,0x07,0xF8,
  0x0F,0xE0,0x1F,0xC0,0x1F,0x80,0x7F,0x00,0x7E,0x01,0xFC,0x01,0xFC,0x07,0xF0,0x07,0xF0,0x1F,0xC0,0x1F,0xC0,0x7F,0x00,0x7F,
  0x01,0xFC,0x01,0xFC,0x07,0xF0,0x07,0xF0,0x1F,0xC0,0x1F,0x80,0x7F,0x0C,0x7E,0x01,0xFD,0xF1,0xF8,0x07,0xF7,0xFF,0xE0,0x1F,
  0xDF,0xFF,0x80,0x7F,0x7F,0xFC,0x01,0xFC,0xFF,0xE0,0x07,0xF1,0xFF,0x80,0x00,0x01,0xF8,0x00,0x00,0x03,0xF8,0x00,0x03,0xFC,
  0x00,0x03,0xF8,0x00,0x03,0xF8,0x00,0x03,0xF8,0x00,0x03,0xF0,0x00,0x01,0xF0,0x00,0x00,0x00,0x00,0x00,0x00,0x00,0x7F,0xFF,
  0xFF,0xFF,0xFF,0xFF,0xFF,0xFF,0xFF,0xFF,0xFF,0xFF,0xFF,0xFF,0xFF,0xFF,0xFF,0xFF,0xFD,0xFE,0x00,0x00,0xFF,0x00,0x00,0x7F,
  0x80,0x00,0x3F,0xC0,0x00,0x1F,0xE0,0x00,0x0F,0xF0,0x00,0x07,0xF8,0x00,0x03,0xFC,0x00,0x01,0xFE,0x00,0x00,0xFF,0x00,0x00,
  0x7F,0x80,0x00,0x3F,0xC0,0x00,0x1F,0xE0,0x00,0x0F,0xF0,0x00,0x07,0xF8,0x00,0x03,0xFC,0x00,0x01,0xFE,0x00,0x00,0xFF,0x00,
  0x00,0x7F,0x80,0x00,0x3F,0xC0,0x00,0x1F,0xE0,0x00,0x0F,0xF0,0x00,0x07,0xF8,0x00,0x03,0xFC,0x00,0x01,0xFE,0x00,0x00,0xFF,
  0x00,0x00,0x7F,0x80,0x00,0x3F,0xC0,0x00,0x00,0x00,0x3F,0xC0,0x00,0x3F,0xFF,0x00,0x1F,0xFF,0xF0,0x07,0xFF,0xFF,0x01,0xFF,
  0xFF,0xF0,0x3F,0xFF,0xFF,0x0F,0xFC,0x1F,0xE1,0xFE,0x01,0xFE,0x7F,0x80,0x1F,0xCF,0xF0,0x03,0xF9,0xFC,0x00,0x70,0x7F,0x80,
  0x00,0x0F,0xF0,0x00,0x01,0xFE,0x00,0x00,0x3F,0xC0,0x00,0x07,0xFF,0xFC,0x00,0xFF,0xFF,0x80,0x1F,0xFF,0xF0,0x03,0xFF,0xFE,
  0x00,0x7F,0xFF,0xC0,0x0F,0xFF,0xF8,0x01,0xFE,0x00,0x00,0x3F,0xC0,0x00,0x07,0xF8,0x00,0x00,0x7F,0x00,0x0E,0x0F,0xF0,0x01,
  0xFD,0xFE,0x00,0x7F,0xBF,0xE0,0x0F,0xE3,0xFC,0x03,0xFC,0x7F,0xE0,0xFF,0x07,0xFF,0xFF,0xE0,0x7F,0xFF,0xF8,0x07,0xFF,0xFE,
  0x00,0x7F,0xFF,0x80,0x07,0xFF,0xE0,0x00,0x1F,0xE0,0x00,0x00,0x3F,0xE0,0x00,0x1F,0xFF,0xC0,0x07,0xFF,0xFE,0x00,0xFF,0xFF,
  0xF0,0x1F,0xFF,0xFF,0x81,0xFF,0x0F,0xFC,0x3F,0xC0,0x3F,0xC3,0xF8,0x01,0xFE,0x3F,0x80,0x1F,0xE3,0xF8,0x00,0xFC,0x3F,0x80,
  0x00,0x03,0xFC,0x00,0x00,0x3F,0xE0,0x00,0x03,0xFF,0x80,0x00,0x1F,0xFF,0x00,0x01,0xFF,0xFF,0x00,0x0F,0xFF,0xFC,0x00,0x3F,
  0xFF,0xF0,0x01,0xFF,0xFF,0x80,0x03,0xFF,0xFC,0x00,0x07,0xFF,0xE0,0x00,0x07,0xFE,0x00,0x00,0x1F,0xF0,0x00,0x00,0xFF,0x00,
  0x00,0x07,0xF1,0xE0,0x00,0x7F,0xFF,0x00,0x07,0xFF,0xF0,0x00,0x7F,0x7F,0x80,0x0F,0xF7,0xFC,0x01,0xFE,0x3F,0xFF,0xFF,0xE1,
  0xFF,0xFF,0xFC,0x0F,0xFF,0xFF,0x80,0x7F,0xFF,0xF0,0x03,0xFF,0xFC,0x00,0x07,0xFE,0x00,0xFF,0xFF,0xFF,0xFF,0xFF,0xFF,0xFF,
  0xFF,0xFF,0xFF,0xFF,0xFF,0xFF,0xFF,0xFF,0xFF,0xFF,0xC0,0x3F,0x80,0x00,0x7F,0x00,0x00,0xFE,0x00,0x01,0xFC,0x00,0x03,0xF8,
  0x00,0x07,0xF0,0x00,0x0F,0xE0,0x00,0x1F,0xC0,0x00,0x3F,0x80,0x00,0x7F,0x00,0x00,0xFE,0x00,0x01,0xFC,0x00,0x03,0xF8,0x00,
  0x07,0xF0,0x00,0x0F,0xE0,0x00,0x1F,0xC0,0x00,0x3F,0x80,0x00,0x7F,0x00,0x00,0xFE,0x00,0x01,0xFC,0x00,0x03,0xF8,0x00,0x07,
  0xF0,0x0F,0xFF,0xFF,0xFF,0xFF,0xFF,0xFF,0xFF,0xFF,0xFF,0xFF,0xFF,0xFF,0xFF,0xFF,0xFF,0xFF,0xFC,0x1F,0x83,0xE0,0x3F,0x07,
  0xC0,0x7E,0x0F,0x80,0xFC,0x1F,0x01,0xF8,0x3E,0x00,0x00,0x00,0x00,0x00,0x00,0x7F,0xFF,0xFF,0xFF,0xFF,0xFF,0xFF,0xFF,0xFF,
  0xFF,0xFF,0xFF,0xFF,0xFF,0xFF,0xFF,0xFF,0xE0,0x1F,0xC0,0x00,0x3F,0x80,0x00,0x7F,0x00,0x00,0xFE,0x00,0x01,0xFC,0x00,0x03,
  0xF8,0x00,0x07,0xF0,0x00,0x0F,0xE0,0x00,0x1F,0xC0,0x00,0x3F,0x80,0x00,0x7F,0x00,0x00,0xFE,0x00,0x01,0xFC,0x00,0x03,0xF8,
  0x00,0x07,0xF0,0x00,0x0F,0xE0,0x00,0x1F,0xC0,0x00,0x3F,0x80,0x00,0x7F,0x00,0x00,0xFE,0x00,0x01,0xFC,0x00,0x03,0xF8,0x07,
  0xFF,0xFF,0xFF,0xFF,0xFF,0xFF,0xFF,0xFF,0xFF,0xFF,0xFF,0xFF,0xFF,0xFF,0xFF,0xFF,0xFE,0x01,0xFF,0xFC,0x07,0xFF,0xF0,0x1F,
  0xFF,0xC0,0x7F,0xFF,0x01,0xFF,0xFC,0x03,0xFF,0xF0,0x00,0x1F,0xC0,0x00,0x7F,0x00,0x01,0xFC,0x00,0x07,0xF0,0x00,0x1F,0xC0,
  0x00,0x7F,0x00,0x01,0xFC,0x00,0x07,0xF0,0x00,0x1F,0xC0,0x00,0x7F,0x00,0x01,0xFC,0x00,0x07,0xF0,0x00,0x1F,0xC0,0x00,0x7F,
  0x00,0x01,0xFC,0x00,0x07,0xF0,0x00,0x1F,0xC7,0x80,0x7F,0xFE,0x01,0xFF,0xF8,0x07,0xFF,0xF0,0x3F,0xFF,0xC0,0xFF,0x7F,0x87,
  0xF9,0xFF,0xFF,0xE3,0xFF,0xFF,0x07,0xFF,0xFC,0x0F,0xFF,0xE0,0x1F,0xFE,0x00,0x1F,0xE0,0x00,0x03,0xFF,0xF0,0x00,0x1F,0xFF,
  0xC0,0x00,0x7F,0xFF,0x00,0x01,0xFF,0xFC,0x00,0x07,0xFF,0xF0,0x00,0x1F,0x8F,0xC0,0x00,0x7E,0x3F,0x00,0x01,0xF8,0xFC,0x00,
  0x07,0xE3,0xF0,0x00,0x1F,0x8F,0xC0,0x00,0x7E,0x3F,0x00,0x01,0xF8,0xFC,0x00,0x07,0xC3,0xF0,0x00,0x1F,0x0F,0xFC,0x00,0x7C,
  0x3F,0xFC,0x01,0xF0,0xFF,0xF8,0x07,0xC3,0xFF,0xF0,0x1F,0x0F,0xFF,0xE0,0xFC,0x3F,0x3F,0x83,0xF0,0xFC,0x7F,0x0F,0xC3,0xF0,
  0xFC,0x3F,0x0F,0xC3,0xF0,0xFC,0x3F,0x07,0xC3,0xF0,0xFC,0x1F,0x0F,0xC3,0xF0,0x7C,0x3F,0x0F,0xC3,0xF0,0xFC,0x3F,0x0F,0xC7,
  0xE0,0xFC,0x3F,0x1F,0x83,0xF3,0xFB,0xFE,0x0F,0xFF,0xEF,0xF8,0x3F,0xFF,0x3F,0xC0,0xFF,0xF8,0xFF,0x03,0xFF,0xC3,0xF8,0x0F,
  0xF8,0x0F,0x80,0x00,0x00,0x00,0xFC,0x1F,0x80,0x0F,0xC1,0xF8,0x00,0xFC,0x1F,0x80,0x0F,0xC1,0xF8,0x00,0xFC,0x1F,0x80,0x0F,
  0xC1,0xF8,0x00,0xFC,0x1F,0x80,0x0F,0xC1,0xF8,0x00,0xFC,0x1F,0x80,0x0F,0xC1,0xF8,0x00,0xFC,0x1F,0x80,0x0F,0xC1,0xF8,0x00,
  0xFC,0x1F,0x80,0x0F,0xFF,0xFF,0x80,0xFF,0xFF,0xFF,0x0F,0xFF,0xFF,0xF8,0xFF,0xFF,0xFF,0xCF,0xFF,0xFF,0xFE,0xFC,0x1F,0x8F,
  0xEF,0xC1,0xF8,0x7F,0xFC,0x1F,0x83,0xFF,0xC1,0xF8,0x3F,0xFC,0x1F,0x83,0xFF,0xC1,0xF8,0x3F,0xFC,0x1F,0x83,0xFF,0xC1,0xF8,
  0x3F,0xFC,0x1F,0x83,0xFF,0xC1,0xF8,0x7E,0xFC,0x1F,0x9F,0xEF,0xC1,0xFF,0xFC,0xFC,0x1F,0xFF,0xCF,0xC1,0xFF,0xF8,0xFC,0x1F,
  0xFE,0x0F,0xC1,0xFF,0x80,0xFF,0xFF,0xF8,0x03,0xFF,0xFF,0xE0,0x0F,0xFF,0xFF,0x80,0x3F,0xFF,0xFE,0x00,0xFF,0xFF,0xF8,0x03,
  0xFF,0xFF,0xE0,0x00,0x1F,0xC0,0x00,0x00,0x7F,0x00,0x00,0x01,0xFC,0x00,0x00,0x07,0xF0,0x00,0x00,0x1F,0xC0,0x00,0x00,0x7F,
  0x0F,0xE0,0x01,0xFD,0xFF,0xE0,0x07,0xFF,0xFF,0xC0,0x1F,0xFF,0xFF,0x00,0x7F,0xFF,0xFE,0x01,0xFF,0xFF,0xF8,0x07,0xF8,0x0F,
  0xE0,0x1F,0xC0,0x1F,0x80,0x7F,0x00,0x7E,0x01,0xFC,0x01,0xFC,0x07,0xF0,0x07,0xF0,0x1F,0xC0,0x1F,0xC0,0x7F,0x00,0x7F,0x01,
  0xFC,0x01,0xFC,0x07,0xF0,0x07,0xF0,0x1F,0xC0,0x1F,0xC0,0x7F,0x00,0x7F,0x01,0xFC,0x01,0xFC,0x07,0xF0,0x07,0xF0,0x1F,0xC0,
  0x1F,0xC0,0x7F,0x00,0x7F,0x01,0xFC,0x01,0xFC,0x07,0xF0,0x07,0xF0,0x00,0x01,0xFC,0x00,0x00,0x7F,0x80,0x00,0x1F,0xC0,0x00,
  0x07,0xF0,0x00,0x01,0xF8,0x00,0x00,0x7E,0x00,0x00,0x1F,0x00,0x00,0x00,0x00,0x00,0x00,0x00,0x00,0x1F,0xE0,0x03,0xFB,0xFC,
  0x00,0xFF,0x7F,0x80,0x3F,0xCF,0xF0,0x07,0xF9,0xFE,0x01,0xFE,0x3F,0xC0,0x3F,0x87,0xF8,0x0F,0xF0,0xFF,0x01,0xFC,0x1F,0xE0,
  0x7F,0x03,0xFC,0x1F,0xE0,0x7F,0x83,0xF8,0x0F,0xF0,0xFF,0x01,0xFE,0x3F,0xC0,0x3F,0xDF,0xF0,0x07,0xFF,0xFC,0x00,0xFF,0xFF,
  0x00,0x1F,0xFF,0xF0,0x03,0xFF,0xFF,0x00,0x7F,0xFF,0xE0,0x0F,0xF9,0xFE,0x01,0xFE,0x1F,0xC0,0x3F,0xC3,0xFC,0x07,0xF8,0x3F,
  0xC0,0xFF,0x07,0xF8,0x1F,0xE0,0x7F,0x83,0xFC,0x0F,0xF0,0x7F,0x80,0xFF,0x0F,0xF0,0x1F,0xF1,0xFE,0x01,0xFE,0x3F,0xC0,0x1F,
  0xE7,0xF8,0x03,0xFC,0xFF,0x00,0x3F,0xDF,0xE0,0x07,0xFF,0xFC,0x00,0x7F,0x80,0x0F,0xE0,0x00,0x0F,0xF0,0x00,0x03,0xF8,0x00,
  0x01,0xFC,0x00,0x00,0x7E,0x00,0x00,0x3F,0x00,0x00,0x0F,0x80,0x00,0x00,0x00,0x00,0x00,0x00,0xFE,0x00,0xFF,0xFE,0x01,0xFF,
  0xFE,0x01,0xFF,0xFE,0x03,0xFF,0xFE,0x03,0xFF,0xFE,0x03,0xFF,0xFE,0x07,0xFF,0xFE,0x07,0xFF,0xFE,0x07,0xFF,0xFE,0x0F,0xFF,
  0xFE,0x0F,0xFF,0xFE,0x0F,0xBF,0xFE,0x1F,0xBF,0xFE,0x1F,0xBF,0xFE,0x3F,0x3F,0xFE,0x3F,0x3F,0xFE,0x3F,0x3F,0xFE,0x7E,0x3F,
  0xFE,0x7E,0x3F,0xFE,0x7C,0x3F,0xFE,0xFC,0x3F,0xFE,0xFC,0x3F,0xFF,0xF8,0x3F,0xFD,0xF8,0x3F,0xFF,0xF8,0x3F,0xFF,0xF0,0x3F,
  0xFF,0xF0,0x3F,0xFF,0xF0,0x3F,0xFF,0xE0,0x3F,0xFF,0xE0,0x3F,0xFF,0xC0,0x3F,0xFF,0xC0,0x3F,0xFF,0xC0,0x3F,0xFF,0x80,0x3F,
  0x07,0xE0,0x0F,0xC0,0x0F,0x80,0x3F,0x00,0x3F,0x01,0xF8,0x00,0xFF,0xFF,0xE0,0x01,0xFF,0xFF,0x00,0x03,0xFF,0xF8,0x00,0x03,
  0xFF,0x80,0x00,0x00,0x00,0x00,0x00,0x00,0x00,0x03,0xFC,0x00,0x07,0xF7,0xF8,0x00,0x3F,0xDF,0xE0,0x00,0xFE,0x3F,0xC0,0x07,
  0xF8,0x7F,0x00,0x1F,0xC1,0xFE,0x00,0x7F,0x03,0xF8,0x03,0xF8,0x0F,0xF0,0x0F,0xE0,0x1F,0xC0,0x3F,0x80,0x7F,0x81,0xFC,0x00,
  0xFE,0x07,0xF0,0x01,0xFC,0x3F,0x80,0x07,0xF0,0xFE,0x00,0x0F,0xE3,0xF0,0x00,0x3F,0x9F,0xC0,0x00,0x7F,0x7E,0x00,0x01,0xFF,
  0xF8,0x00,0x03,0xFF,0xE0,0x00,0x0F,0xFF,0x00,0x00,0x1F,0xFC,0x00,0x00,0x3F,0xE0,0x00,0x00,0xFF,0x80,0x00,0x01,0xFC,0x00,
  0x00,0x07,0xF0,0x00,0x00,0x3F,0x80,0x00,0x00,0xFE,0x00,0x00,0x07,0xF8,0x00,0x00,0x3F,0xC0,0x00,0x7F,0xFF,0x00,0x01,0xFF,
  0xF8,0x00,0x0F,0xFF,0xC0,0x00,0x3F,0xFF,0x00,0x00,0xFF,0xF8,0x00,0x03,0xFF,0xC0,0x00,0x03,0xF8,0x00,0x00,0xFF,0x00,0x7F,
  0xFF,0x00,0x7F,0xFF,0x00,0x7F,0xFF,0x00,0x7F,0xFF,0x00,0x7F,0xFF,0x00,0x7F,0xFF,0x00,0x7F,0xFF,0x00,0x7F,0xFF,0x00,0x7F,
  0xFF,0x00,0x7F,0xFF,0x00,0x7F,0xFF,0x00,0x7F,0xFF,0x00,0x7F,0xFF,0x00,0x7F,0xFF,0x00,0x7F,0xFF,0x00,0x7F,0xFF,0x00,0x7F,
  0xFF,0x00,0x7F,0xFF,0x00,0x7F,0xFF,0x00,0x7F,0xFF,0x00,0x7F,0xFF,0x00,0x7F,0xFF,0x00,0x7F,0xFF,0x00,0x7F,0xFF,0x00,0x7F,
  0xFF,0x00,0x7F,0xFF,0x00,0x7F,0xFF,0x00,0x7F,0xFF,0xFF,0xFF,0xFF,0xFF,0xFF,0xFF,0xFF,0xFF,0xFF,0xFF,0xFF,0xFF,0xFF,0xFF,
  0xFF,0xFF,0xFF,0x00,0x7E,0x00,0x00,0x7E,0x00,0x00,0x7E,0x00,0x00,0x7E,0x00,0x00,0x7E,0x00,0x00,0x7E,0x00,0x00,0x7E,0x00,
  0x00,0x7E,0x00,0x00,0x7E,0x00,0x00,0x7E,0x00,0x00,0x7E,0x00,0x00,0x1F,0xF0,0x00,0x00,0x7F,0xE0,0x00,0x00,0xFF,0xC0,0x00,
  0x01,0xFF,0xC0,0x00,0x07,0xFF,0x80,0x00,0x0F,0xFF,0x00,0x00,0x1F,0xBF,0x00,0x00,0x3F,0x7E,0x00,0x00,0xFC,0xFC,0x00,0x01,
  0xF9,0xFC,0x00,0x03,0xF1,0xF8,0x00,0x0F,0xE3,0xF0,0x00,0x1F,0x87,0xF0,0x00,0x3F,0x07,0xE0,0x00,0xFE,0x0F,0xC0,0x01,0xFC,
  0x1F,0xC0,0x03,0xF0,0x3F,0x80,0x0F,0xE0,0x3F,0x00,0x1F,0xC0,0x7F,0x00,0x3F,0x00,0xFE,0x00,0xFF,0xFF,0xFC,0x01,0xFF,0xFF,
  0xFC,0x03,0xFF,0xFF,0xF8,0x0F,0xFF,0xFF,0xF0,0x1F,0xFF,0xFF,0xF0,0x3F,0xFF,0xFF,0xE0,0xFE,0x00,0x1F,0xC1,0xFC,0x00,0x3F,
  0xC3,0xF8,0x00,0x3F,0x8F,0xF0,0x00,0x7F,0x1F,0xC0,0x00,0xFF,0x3F,0x80,0x00,0xFE,0xFF,0x00,0x01,0xFD,0xFE,0x00,0x03,0xFC,
  0xFF,0xFF,0xFF,0x3F,0xFF,0xFF,0xCF,0xFF,0xFF,0xF3,0xFF,0xFF,0xFC,0xFF,0xFF,0xFF,0x3F,0xFF,0xFF,0xCF,0xF0,0x00,0x03,0xFC,
  0x00,0x00,0xFF,0x00,0x00,0x3F,0xC0,0x00,0x0F,0xF0,0x00,0x03,0xFC,0x00,0x00,0xFF,0x00,0x00,0x3F,0xFF,0xF8,0x0F,0xFF,0xFF,
  0xC3,0xFF,0xFF,0xF8,0xFF,0xFF,0xFF,0x3F,0xFF,0xFF,0xEF,0xFF,0xFF,0xFB,0xFC,0x03,0xFF,0xFF,0x00,0x3F,0xFF,0xC0,0x0F,0xFF,
  0xF0,0x01,0xFF,0xFC,0x00,0x7F,0xFF,0x00,0x1F,0xFF,0xC0,0x0F,0xFF,0xF0,0x03,0xFF,0xFC,0x03,0xFF,0xFF,0xFF,0xFF,0xBF,0xFF,
  0xFF,0xEF,0xFF,0xFF,0xF3,0xFF,0xFF,0xF0,0xFF,0xFF,0xF8,0x3F,0xFF,0xF0,0x00,0xFF,0xFF,0xC0,0x1F,0xFF,0xFF,0x03,0xFF,0xFF,
  0xF0,0x7F,0xFF,0xFF,0x0F,0xFF,0xFF,0xF1,0xFF,0xFF,0xFE,0x3F,0xC0,0x3F,0xC7,0xF8,0x03,0xF8,0xFF,0x00,0x7F,0x9F,0xE0,0x0F,
  0xF3,0xFC,0x01,0xFC,0x7F,0x80,0x3F,0x8F,0xF0,0x0F,0xF1,0xFE,0x03,0xFC,0x3F,0xFF,0xFF,0x07,0xFF,0xFF,0xC0,0xFF,0xFF,0xE0,
  0x1F,0xFF,0xFF,0x83,0xFF,0xFF,0xFC,0x7F,0x81,0xFF,0xCF,0xF0,0x03,0xFD,0xFE,0x00,0x7F,0xBF,0xC0,0x07,0xF7,0xF8,0x00,0xFF,
  0xFF,0x00,0x1F,0xFF,0xE0,0x03,0xFF,0xFC,0x00,0xFF,0x7F,0x80,0x1F,0xEF,0xFF,0xFF,0xFD,0xFF,0xFF,0xFF,0x3F,0xFF,0xFF,0xC7,
  0xFF,0xFF,0xF0,0xFF,0xFF,0xFC,0x1F,0xFF,0xFC,0x00,0xFF,0xFF,0xFF,0xFF,0xFF,0xFF,0xFF,0xFF,0xFF,0xFF,0xFF,0xFF,0xFF,0xFF,
  0xFF,0xFF,0xFF,0xFF,0xFB,0xFC,0x00,0x01,0xFE,0x00,0x00,0xFF,0x00,0x00,0x7F,0x80,0x00,0x3F,0xC0,0x00,0x1F,0xE0,0x00,0x0F,
  0xF0,0x00,0x07,0xF8,0x00,0x03,0xFC,0x00,0x01,0xFE,0x00,0x00,0xFF,0x00,0x00,0x7F,0x80,0x00,0x3F,0xC0,0x00,0x1F,0xE0,0x00,
  0x0F,0xF0,0x00,0x07,0xF8,0x00,0x03,0xFC,0x00,0x01,0xFE,0x00,0x00,0xFF,0x00,0x00,0x7F,0x80,0x00,0x3F,0xC0,0x00,0x1F,0xE0,
  0x00,0x0F,0xF0,0x00,0x07,0xF8,0x00,0x03,0xFC,0x00,0x01,0xFE,0x00,0x00,0xFF,0x00,0x00,0x7F,0x80,0x00,0x00,0x00,0x7F,0xFF,
  0xC0,0x01,0xFF,0xFF,0x00,0x07,0xFF,0xFC,0x00,0x1F,0xFF,0xF0,0x00,0x7F,0xFF,0xC0,0x01,0xFF,0xFF,0x00,0x07,0xE1,0xFC,0x00,
  0x1F,0x87,0xF0,0x00,0x7C,0x1F,0xC0,0x03,0xF0,0x7F,0x00,0x0F,0xC1,0xFC,0x00,0x3F,0x07,0xF0,0x00,0xFC,0x1F,0xC0,0x03,0xF0,
  0x7F,0x00,0x0F,0xC1,0xFC,0x00,0x3F,0x07,0xF0,0x00,0xFC,0x1F,0xC0,0x07,0xF0,0x7F,0x00,0x1F,0x81,0xFC,0x00,0x7E,0x07,0xF0,
  0x01,0xF8,0x1F,0xC0,0x07,0xE0,0x7F,0x00,0x3F,0x81,0xFC,0x00,0xFC,0x07,0xF0,0x03,0xF0,0x1F,0xC0,0x1F,0xC0,0x7F,0x00,0x7E,
  0x01,0xFC,0x03,0xF8,0x07,0xF0,0x7F,0xFF,0xFF,0xFF,0xFF,0xFF,0xFF,0xFF,0xFF,0xFF,0xFF,0xFF,0xFF,0xFF,0xFF,0xFF,0xFF,0xFF,
  0xFF,0xFF,0xFF,0xFF,0xFF,0xC0,0x00,0x0F,0xFF,0x00,0x00,0x3F,0xFC,0x00,0x00,0xFF,0xF0,0x00,0x03,0xFF,0xC0,0x00,0x0F,0xFF,
  0x00,0x00,0x3F,0xFC,0x00,0x00,0xFF,0xF0,0x00,0x03,0xFF,0xC0,0x00,0x0F,0xFF,0x00,0x00,0x3F,0xFF,0xFF,0xFF,0xBF,0xFF,0xFF,
  0xEF,0xFF,0xFF,0xFB,0xFF,0xFF,0xFE,0xFF,0xFF,0xFF,0xBF,0xFF,0xFF,0xCF,0xF0,0x00,0x03,0xFC,0x00,0x00,0xFF,0x00,0x00,0x3F,
  0xC0,0x00,0x0F,0xF0,0x00,0x03,0xFC,0x00,0x00,0xFF,0x00,0x00,0x3F,0xC0,0x00,0x0F,0xFF,0xFF,0xE3,0xFF,0xFF,0xF8,0xFF,0xFF,
  0xFE,0x3F,0xFF,0xFF,0x8F,0xFF,0xFF,0xE3,0xFF,0xFF,0xF8,0xFF,0x00,0x00,0x3F,0xC0,0x00,0x0F,0xF0,0x00,0x03,0xFC,0x00,0x00,
  0xFF,0x00,0x00,0x3F,0xC0,0x00,0x0F,0xF0,0x00,0x03,0xFC,0x00,0x00,0xFF,0xFF,0xFF,0xBF,0xFF,0xFF,0xFF,0xFF,0xFF,0xFF,0xFF,
  0xFF,0xFF,0xFF,0xFF,0xFF,0xFF,0xFF,0xFF,0xF0,0xFE,0x0F,0xC0,0xFD,0xF8,0x3F,0x03,0xF7,0xE0,0xFC,0x0F,0xDF,0x83,0xF0,0x7E,
  0x3F,0x0F,0xC1,0xF8,0xFC,0x3F,0x07,0xE3,0xF0,0xFC,0x3F,0x0F,0xC3,0xF0,0xFC,0x1F,0x8F,0xC3,0xF0,0x7E,0x3F,0x1F,0xC1,0xFC,
  0xFC,0x7E,0x03,0xF3,0xF1,0xF8,0x0F,0xEF,0xCF,0xC0,0x1F,0xFF,0x7F,0x00,0x7F,0xFF,0xF8,0x00,0xFF,0xFF,0xC0,0x03,0xFF,0xFF,
  0x80,0x0F,0xFF,0xFE,0x00,0x7F,0xFF,0xF8,0x01,0xFB,0xF3,0xF0,0x07,0xCF,0xCF,0xC0,0x3F,0x3F,0x3F,0x00,0xFC,0xFC,0x7E,0x03,
  0xF3,0xF1,0xF8,0x1F,0x8F,0xC7,0xE0,0x7E,0x3F,0x0F,0xC1,0xF8,0xFC,0x3F,0x0F,0xC3,0xF0,0xFC,0x3F,0x0F,0xC3,0xF8,0xFC,0x3F,
  0x07,0xE7,0xF0,0xFC,0x1F,0x9F,0x83,0xF0,0x7F,0x7E,0x0F,0xC0,0xFF,0xF8,0x3F,0x03,0xF0,0x00,0x3F,0xE0,0x00,0x1F,0xFF,0x80,
  0x07,0xFF,0xFE,0x00,0xFF,0xFF,0xF0,0x1F,0xFF,0xFF,0x83,0xFF,0xFF,0xFC,0x3F,0xC0,0x3F,0xC7,0xF8,0x01,0xFC,0x7F,0x00,0x1F,
  0xE7,0xF0,0x01,0xFE,0x06,0x00,0x1F,0xE0,0x00,0x01,0xFC,0x00,0x00,0x1F,0xC0,0x00,0x03,0xFC,0x00,0x00,0xFF,0x80,0x03,0xFF,
  0xF0,0x00,0x3F,0xFC,0x00,0x03,0xFF,0x80,0x00,0x3F,0xFE,0x00,0x03,0xFF,0xF8,0x00,0x1F,0xFF,0xC0,0x00,0x07,0xFC,0x00,0x00,
  0x1F,0xE0,0x00,0x00,0xFE,0x00,0x00,0x0F,0xE0,0x60,0x00,0xFF,0x3E,0x00,0x0F,0xEF,0xF0,0x00,0xFE,0xFF,0x80,0x1F,0xE7,0xFC,
  0x03,0xFE,0x7F,0xFF,0xFF,0xC3,0xFF,0xFF,0xF8,0x1F,0xFF,0xFF,0x80,0xFF,0xFF,0xE0,0x03,0xFF,0xFC,0x00,0x07,0xFE,0x00,0xFE,
  0x00,0xFF,0xFE,0x01,0xFF,0xFE,0x01,0xFF,0xFE,0x03,0xFF,0xFE,0x03,0xFF,0xFE,0x03,0xFF,0xFE,0x07,0xFF,0xFE,0x07,0xFF,0xFE,
  0x07,0xFF,0xFE,0x0F,0xFF,0xFE,0x0F,0xFF,0xFE,0x0F,0xBF,0xFE,0x1F,0xBF,0xFE,0x1F,0xBF,0xFE,0x3F,0x3F,0xFE,0x3F,0x3F,0xFE,
  0x3F,0x3F,0xFE,0x7E,0x3F,0xFE,0x7E,0x3F,0xFE,0x7C,0x3F,0xFE,0xFC,0x3F,0xFE,0xFC,0x3F,0xFF,0xF8,0x3F,0xFD,0xF8,0x3F,0xFF,
  0xF8,0x3F,0xFF,0xF0,0x3F,0xFF,0xF0,0x3F,0xFF,0xF0,0x3F,0xFF,0xE0,0x3F,0xFF,0xE0,0x3F,0xFF,0xC0,0x3F,0xFF,0xC0,0x3F,0xFF,
  0xC0,0x3F,0xFF,0x80,0x3F,0x3F,0x00,0x7C,0x3F,0x00,0xFC,0x3F,0x80,0xFC,0x1F,0xFF,0xFC,0x0F,0xFF,0xF8,0x07,0xFF,0xF0,0x01,
  0xFF,0x80,0x00,0x00,0x00,0x00,0x00,0x00,0xFE,0x00,0xFF,0xFE,0x01,0xFF,0xFE,0x01,0xFF,0xFE,0x03,0xFF,0xFE,0x03,0xFF,0xFE,
  0x03,0xFF,0xFE,0x07,0xFF,0xFE,0x07,0xFF,0xFE,0x07,0xFF,0xFE,0x0F,0xFF,0xFE,0x0F,0xFF,0xFE,0x0F,0xBF,0xFE,0x1F,0xBF,0xFE,
  0x1F,0xBF,0xFE,0x3F,0x3F,0xFE,0x3F,0x3F,0xFE,0x3F,0x3F,0xFE,0x7E,0x3F,0xFE,0x7E,0x3F,0xFE,0x7C,0x3F,0xFE,0xFC,0x3F,0xFE,
  0xFC,0x3F,0xFF,0xF8,0x3F,0xFD,0xF8,0x3F,0xFF,0xF8,0x3F,0xFF,0xF0,0x3F,0xFF,0xF0,0x3F,0xFF,0xF0,0x3F,0xFF,0xE0,0x3F,0xFF,
  0xE0,0x3F,0xFF,0xC0,0x3F,0xFF,0xC0,0x3F,0xFF,0xC0,0x3F,0xFF,0x80,0x3F,0xFF,0x00,0x1F,0xDF,0xE0,0x07,0xFB,0xFC,0x01,0xFE,
  0x7F,0x80,0x3F,0xCF,0xF0,0x0F,0xF1,0xFE,0x01,0xFC,0x3F,0xC0,0x7F,0x87,0xF8,0x0F,0xE0,0xFF,0x03,0xF8,0x1F,0xE0,0xFF,0x03,
  0xFC,0x1F,0xC0,0x7F,0x87,0xF8,0x0F,0xF1,0xFE,0x01,0xFE,0xFF,0x80,0x3F,0xFF,0xE0,0x07,0xFF,0xF8,0x00,0xFF,0xFF,0x80,0x1F,
  0xFF,0xF8,0x03,0xFF,0xFF,0x00,0x7F,0xCF,0xF0,0x0F,0xF0,0xFE,0x01,0xFE,0x1F,0xE0,0x3F,0xC1,0xFE,0x07,0xF8,0x3F,0xC0,0xFF,
  0x03,0xFC,0x1F,0xE0,0x7F,0x83,0xFC,0x07,0xF8,0x7F,0x80,0xFF,0x8F,0xF0,0x0F,0xF1,0xFE,0x00,0xFF,0x3F,0xC0,0x1F,0xE7,0xF8,
  0x01,0xFE,0xFF,0x00,0x3F,0xFF,0xE0,0x03,0xFC,0x00,0xFF,0xFF,0xE0,0x1F,0xFF,0xFC,0x03,0xFF,0xFF,0x80,0x7F,0xFF,0xF0,0x0F,
  0xFF,0xFE,0x01,0xFF,0xFF,0xC0,0x3F,0x83,0xF8,0x07,0xF0,0x7F,0x01,0xFE,0x0F,0xE0,0x3F,0xC1,0xFC,0x07,0xF8,0x3F,0x80,0xFE,
  0x07,0xF0,0x1F,0xC0,0xFE,0x03,0xF8,0x1F,0xC0,0x7F,0x03,0xF8,0x1F,0xE0,0x7F,0x03,0xFC,0x0F,0xE0,0x7F,0x81,0xFC,0x0F,0xE0,
  0x3F,0x81,0xFC,0x07,0xF0,0x3F,0x80,0xFE,0x0F,0xF0,0x1F,0xC1,0xFE,0x03,0xF8,0x3F,0xC0,0x7F,0x07,0xF0,0x0F,0xE1,0xFE,0x01,
  0xFC,0x3F,0xC0,0x3F,0x8F,0xF8,0x07,0xF3,0xFE,0x00,0xFF,0xFF,0xC0,0x1F,0xFF,0xF0,0x03,0xFF,0xFE,0x00,0x7F,0xFF,0x80,0x0F,
  0xFF,0xE0,0x01,0xFF,0xF0,0x00,0x00,0x00,0xFF,0x80,0x3F,0xFF,0xF0,0x1F,0xFF,0xFC,0x07,0xFF,0xFF,0x01,0xFF,0xFF,0xC0,0x7F,
  0xFF,0xF8,0x3F,0xFF,0xFE,0x0F,0xFF,0xFF,0x83,0xFF,0xFF,0xE1,0xFF,0xFF,0x7C,0x7D,0xFF,0xDF,0x1F,0x7F,0xF7,0xC7,0xDF,0xFD,
  0xF3,0xE7,0xFF,0x3E,0xF9,0xFF,0xCF,0xBE,0x7F,0xF3,0xEF,0x9F,0xFC,0xFF,0xC7,0xFF,0x1F,0xF1,0xFF,0xC7,0xFC,0x7F,0xF1,0xFF,
  0x1F,0xFC,0x7F,0x87,0xFF,0x0F,0xE1,0xFF,0xC3,0xF8,0x7F,0xF0,0xFE,0x1F,0xFC,0x3F,0x07,0xFF,0x00,0x01,0xFF,0xC0,0x00,0x7F,
  0xF0,0x00,0x1F,0xFC,0x00,0x07,0xFF,0x00,0x01,0xFF,0xC0,0x00,0x7F,0xF0,0x00,0x1F,0xFC,0x00,0x07,0xFF,0x00,0x01,0xF0,0xFF,
  0x00,0x7F,0xFF,0x00,0x7F,0xFF,0x00,0x7F,0xFF,0x00,0x7F,0xFF,0x00,0x7F,0xFF,0x00,0x7F,0xFF,0x00,0x7F,0xFF,0x00,0x7F,0xFF,
  0x00,0x7F,0xFF,0x00,0x7F,0xFF,0x00,0x7F,0xFF,0x00,0x7F,0xFF,0x00,0x7F,0xFF,0xFF,0xFF,0xFF,0xFF,0xFF,0xFF,0xFF,0xFF,0xFF,
  0xFF,0xFF,0xFF,0xFF,0xFF,0xFF,0xFF,0xFF,0xFF,0x00,0x7F,0xFF,0x00,0x7F,0xFF,0x00,0x7F,0xFF,0x00,0x7F,0xFF,0x00,0x7F,0xFF,
  0x00,0x7F,0xFF,0x00,0x7F,0xFF,0x00,0x7F,0xFF,0x00,0x7F,0xFF,0x00,0x7F,0xFF,0x00,0x7F,0xFF,0x00,0x7F,0xFF,0x00,0x7F,0xFF,
  0x00,0x7F,0xFF,0x00,0x7F,0x00,0x7F,0xC0,0x00,0x3F,0xFE,0x00,0x1F,0xFF,0xE0,0x07,0xFF,0xFF,0x01,0xFF,0xFF,0xE0,0x3F,0xFF,
  0xFE,0x0F,0xF8,0x3F,0xE3,0xFE,0x03,0xFC,0x7F,0x80,0x3F,0xCF,0xF0,0x07,0xF9,0xFC,0x00,0xFF,0x7F,0x80,0x0F,0xEF,0xF0,0x01,
  0xFD,0xFE,0x00,0x3F,0xFF,0x80,0x07,0xFF,0xF0,0x00,0xFF,0xFE,0x00,0x1F,0xFF,0xC0,0x03,0xFF,0xF8,0x00,0x7F,0xFF,0x00,0x0F,
  0xFF,0xE0,0x01,0xFF,0xFC,0x00,0x3F,0xFF,0xC0,0x07,0xFF,0xF8,0x00,0xFE,0xFF,0x00,0x1F,0xCF,0xE0,0x07,0xF9,0xFE,0x00,0xFF,
  0x3F,0xC0,0x1F,0xC3,0xFC,0x07,0xF8,0x7F,0xC1,0xFF,0x07,0xFF,0xFF,0xC0,0xFF,0xFF,0xF0,0x0F,0xFF,0xFC,0x00,0xFF,0xFF,0x00,
  0x07,0xFF,0xC0,0x00,0x3F,0xC0,0x00,0xFF,0xFF,0xFF,0xFF,0xFF,0xFF,0xFF,0xFF,0xFF,0xFF,0xFF,0xFF,0xFF,0xFF,0xFF,0xFF,0xFF,
  0xFF,0xFF,0x00,0x7F,0xFF,0x00,0x7F,0xFF,0x00,0x7F,0xFF,0x00,0x7F,0xFF,0x00,0x7F,0xFF,0x00,0x7F,0xFF,0x00,0x7F,0xFF,0x00,
  0x7F,0xFF,0x00,0x7F,0xFF,0x00,0x7F,0xFF,0x00,0x7F,0xFF,0x00,0x7F,0xFF,0x00,0x7F,0xFF,0x00,0x7F,0xFF,0x00,0x7F,0xFF,0x00,
  0x7F,0xFF,0x00,0x7F,0xFF,0x00,0x7F,0xFF,0x00,0x7F,0xFF,0x00,0x7F,0xFF,0x00,0x7F,0xFF,0x00,0x7F,0xFF,0x00,0x7F,0xFF,0x00,
  0x7F,0xFF,0x00,0x7F,0xFF,0x00,0x7F,0xFF,0x00,0x7F,0xFF,0x00,0x7F,0xFF,0xFF,0x80,0x7F,0xFF,0xF8,0x3F,0xFF,0xFF,0x1F,0xFF,
  0xFF,0xCF,0xFF,0xFF,0xF7,0xFF,0xFF,0xFB,0xFC,0x03,0xFF,0xFE,0x00,0xFF,0xFF,0x00,0x3F,0xFF,0x80,0x1F,0xFF,0xC0,0x0F,0xFF,
  0xE0,0x07,0xFF,0xF0,0x03,0xFF,0xF8,0x03,0xFF,0xFC,0x01,0xFF,0xFE,0x01,0xFF,0xFF,0xFF,0xFF,0x7F,0xFF,0xFF,0x3F,0xFF,0xFF,
  0x9F,0xFF,0xFF,0x0F,0xFF,0xFF,0x07,0xFF,0xFC,0x03,0xFC,0x00,0x01,0xFE,0x00,0x00,0xFF,0x00,0x00,0x7F,0x80,0x00,0x3F,0xC0,
  0x00,0x1F,0xE0,0x00,0x0F,0xF0,0x00,0x07,0xF8,0x00,0x03,0xFC,0x00,0x01,0xFE,0x00,0x00,0xFF,0x00,0x00,0x7F,0x80,0x00,0x00,
  0x00,0x3F,0xC0,0x00,0x3F,0xFF,0x00,0x1F,0xFF,0xF0,0x07,0xFF,0xFF,0x01,0xFF,0xFF,0xF0,0x3F,0xFF,0xFF,0x0F,0xFC,0x1F,0xE1,
  0xFE,0x01,0xFE,0x7F,0x80,0x1F,0xCF,0xF0,0x03,0xF9,0xFE,0x00,0x70,0x7F,0x80,0x00,0x0F,0xF0,0x00,0x01,0xFE,0x00,0x00,0x3F,
  0xC0,0x00,0x07,0xF8,0x00,0x00,0xFF,0x00,0x00,0x1F,0xE0,0x00,0x03,0xFC,0x00,0x00,0x7F,0x80,0x00,0x0F,0xF0,0x00,0x01,0xFE,
  0x00,0x00,0x3F,0xC0,0x00,0x07,0xF8,0x00,0x00,0x7F,0x00,0x0E,0x0F,0xF0,0x01,0xFD,0xFE,0x00,0x7F,0xBF,0xE0,0x0F,0xE3,0xFC,
  0x03,0xFC,0x7F,0xE0,0xFF,0x07,0xFF,0xFF,0xE0,0x7F,0xFF,0xF8,0x07,0xFF,0xFE,0x00,0x7F,0xFF,0x80,0x07,0xFF,0xE0,0x00,0x1F,
  0xE0,0x00,0xFF,0xFF,0xFF,0xFF,0xFF,0xFF,0xFF,0xFF,0xFF,0xFF,0xFF,0xFF,0xFF,0xFF,0xFF,0xFF,0xFF,0xF7,0xFF,0xFF,0xFF,0x00,
  0x1F,0xC0,0x00,0x01,0xFC,0x00,0x00,0x1F,0xC0,0x00,0x01,0xFC,0x00,0x00,0x1F,0xC0,0x00,0x01,0xFC,0x00,0x00,0x1F,0xC0,0x00,
  0x01,0xFC,0x00,0x00,0x1F,0xC0,0x00,0x01,0xFC,0x00,0x00,0x1F,0xC0,0x00,0x01,0xFC,0x00,0x00,0x1F,0xC0,0x00,0x01,0xFC,0x00,
  0x00,0x1F,0xC0,0x00,0x01,0xFC,0x00,0x00,0x1F,0xC0,0x00,0x01,0xFC,0x00,0x00,0x1F,0xC0,0x00,0x01,0xFC,0x00,0x00,0x1F,0xC0,
  0x00,0x01,0xFC,0x00,0x00,0x1F,0xC0,0x00,0x01,0xFC,0x00,0x00,0x1F,0xC0,0x00,0x01,0xFC,0x00,0x00,0x1F,0xC0,0x00,0x01,0xFC,
  0x00,0xFF,0x00,0x01,0xFD,0xFE,0x00,0x0F,0xF7,0xF8,0x00,0x3F,0x8F,0xF0,0x01,0xFE,0x1F,0xC0,0x07,0xF0,0x7F,0x80,0x1F,0xC0,
  0xFE,0x00,0xFE,0x03,0xFC,0x03,0xF8,0x07,0xF0,0x0F,0xE0,0x1F,0xE0,0x7F,0x00,0x3F,0x81,0xFC,0x00,0x7F,0x0F,0xE0,0x01,0xFC,
  0x3F,0x80,0x03,0xF8,0xFC,0x00,0x0F,0xE7,0xF0,0x00,0x1F,0xDF,0x80,0x00,0x7F,0xFE,0x00,0x00,0xFF,0xF8,0x00,0x03,0xFF,0xC0,
  0x00,0x07,0xFF,0x00,0x00,0x0F,0xF8,0x00,0x00,0x3F,0xE0,0x00,0x00,0x7F,0x00,0x00,0x01,0xFC,0x00,0x00,0x0F,0xE0,0x00,0x00,
  0x3F,0x80,0x00,0x01,0xFE,0x00,0x00,0x0F,0xF0,0x00,0x1F,0xFF,0xC0,0x00,0x7F,0xFE,0x00,0x03,0xFF,0xF0,0x00,0x0F,0xFF,0xC0,
  0x00,0x3F,0xFE,0x00,0x00,0xFF,0xF0,0x00,0x00,0xFE,0x00,0x00,0x00,0x00,0x0F,0xC0,0x00,0x00,0x3F,0x00,0x00,0x00,0xFC,0x00,
  0x00,0x03,0xF0,0x00,0x00,0x0F,0xC0,0x00,0x03,0xFF,0xF0,0x00,0x3F,0xFF,0xF8,0x03,0xFF,0xFF,0xF0,0x1F,0xFF,0xFF,0xE0,0xFF,
  0xFF,0xFF,0xC3,0xFC,0xFC,0x7F,0x9F,0xE3,0xF0,0xFE,0x7F,0x0F,0xC1,0xFD,0xF8,0x3F,0x07,0xFF,0xE0,0xFC,0x0F,0xFF,0x83,0xF0,
  0x3F,0xFE,0x0F,0xC0,0xFF,0xF8,0x3F,0x03,0xFF,0xE0,0xFC,0x0F,0xFF,0x83,0xF0,0x3F,0xFE,0x0F,0xC0,0xFD,0xF8,0x3F,0x07,0xF7,
  0xF0,0xFC,0x1F,0xDF,0xE3,0xF0,0xFE,0x3F,0xCF,0xC7,0xF8,0x7F,0xFF,0xFF,0xC1,0xFF,0xFF,0xFE,0x01,0xFF,0xFF,0xF0,0x03,0xFF,
  0xFF,0x80,0x03,0xFF,0xF0,0x00,0x00,0xFC,0x00,0x00,0x03,0xF0,0x00,0x00,0x0F,0xC0,0x00,0x00,0x3F,0x00,0x00,0x00,0xFC,0x00,
  0x00,0x03,0xF0,0x00,0x7F,0x80,0x07,0xF8,0xFF,0x00,0x1F,0xE1,0xFC,0x00,0xFF,0x07,0xF8,0x03,0xF8,0x0F,0xF0,0x1F,0xE0,0x1F,
  0xC0,0xFF,0x00,0x7F,0x83,0xF8,0x00,0xFE,0x1F,0xE0,0x03,0xFC,0x7F,0x00,0x07,0xFB,0xF8,0x00,0x0F,0xFF,0xE0,0x00,0x3F,0xFF,
  0x00,0x00,0x7F,0xF8,0x00,0x00,0xFF,0xE0,0x00,0x03,0xFF,0x00,0x00,0x07,0xF8,0x00,0x00,0x1F,0xE0,0x00,0x00,0xFF,0xC0,0x00,
  0x03,0xFF,0x80,0x00,0x1F,0xFE,0x00,0x00,0x7F,0xFC,0x00,0x03,0xFF,0xF8,0x00,0x1F,0xEF,0xE0,0x00,0x7F,0x3F,0xC0,0x03,0xFC,
  0x7F,0x00,0x1F,0xE0,0xFE,0x00,0x7F,0x03,0xFC,0x03,0xFC,0x07,0xF0,0x1F,0xE0,0x1F,0xE0,0x7F,0x80,0x3F,0xC3,0xFC,0x00,0x7F,
  0x0F,0xE0,0x01,0xFE,0x7F,0x80,0x03,0xFF,0xFC,0x00,0x07,0xF0,0xFF,0x00,0xFE,0x0F,0xF0,0x0F,0xE0,0xFF,0x00,0xFE,0x0F,0xF0,
  0x0F,0xE0,0xFF,0x00,0xFE,0x0F,0xF0,0x0F,0xE0,0xFF,0x00,0xFE,0x0F,0xF0,0x0F,0xE0,0xFF,0x00,0xFE,0x0F,0xF0,0x0F,0xE0,0xFF,
  0x00,0xFE,0x0F,0xF0,0x0F,0xE0,0xFF,0x00,0xFE,0x0F,0xF0,0x0F,0xE0,0xFF,0x00,0xFE,0x0F,0xF0,0x0F,0xE0,0xFF,0x00,0xFE,0x0F,
  0xF0,0x0F,0xE0,0xFF,0x00,0xFE,0x0F,0xF0,0x0F,0xE0,0xFF,0x00,0xFE,0x0F,0xF0,0x0F,0xE0,0xFF,0x00,0xFE,0x0F,0xF0,0x0F,0xE0,
  0xFF,0x00,0xFE,0x0F,0xF0,0x0F,0xE0,0xFF,0x00,0xFE,0x0F,0xF0,0x0F,0xE0,0xFF,0xFF,0xFF,0xFF,0xFF,0xFF,0xFF,0xFF,0xFF,0xFF,
  0xFF,0xFF,0xFF,0xFF,0xFF,0xFF,0xFF,0xFF,0xFF,0xFF,0xFF,0x00,0x00,0x07,0xF0,0x00,0x00,0x7F,0x00,0x00,0x07,0xF0,0x00,0x00,
  0x7F,0x00,0x00,0x07,0xF0,0x00,0x00,0x7F,0x00,0x00,0x07,0xF0,0x00,0x00,0x7F,0x00,0x00,0x07,0xF0,0x00,0x00,0x7F,0x00,0x00,
  0x07,0xF0,0xFE,0x00,0x3F,0xFF,0x00,0x1F,0xFF,0x80,0x0F,0xFF,0xC0,0x07,0xFF,0xE0,0x03,0xFF,0xF0,0x01,0xFF,0xF8,0x00,0xFF,
  0xFC,0x00,0x7F,0xFE,0x00,0x3F,0xFF,0x00,0x1F,0xFF,0x80,0x0F,0xFF,0xC0,0x07,0xFF,0xE0,0x03,0xFF,0xF0,0x01,0xFF,0xF8,0x00,
  0xFF,0xFC,0x00,0x7F,0xFF,0x00,0x3F,0xFF,0xC0,0x7F,0xDF,0xFF,0xFF,0xEF,0xFF,0xFF,0xF3,0xFF,0xFF,0xF8,0xFF,0xFF,0xFC,0x3F,
  0xFC,0xFE,0x00,0x80,0x7F,0x00,0x00,0x3F,0x80,0x00,0x1F,0xC0,0x00,0x0F,0xE0,0x00,0x07,0xF0,0x00,0x03,0xF8,0x00,0x01,0xFC,
  0x00,0x00,0xFE,0x00,0x00,0x7F,0x00,0x00,0x3F,0x80,0x00,0x1F,0xC0,0xFC,0x3F,0x0F,0xFF,0x0F,0xC3,0xFF,0xC3,0xF0,0xFF,0xF0,
  0xFC,0x3F,0xFC,0x3F,0x0F,0xFF,0x0F,0xC3,0xFF,0xC3,0xF0,0xFF,0xF0,0xFC,0x3F,0xFC,0x3F,0x0F,0xFF,0x0F,0xC3,0xFF,0xC3,0xF0,
  0xFF,0xF0,0xFC,0x3F,0xFC,0x3F,0x0F,0xFF,0x0F,0xC3,0xFF,0xC3,0xF0,0xFF,0xF0,0xFC,0x3F,0xFC,0x3F,0x0F,0xFF,0x0F,0xC3,0xFF,
  0xC3,0xF0,0xFF,0xF0,0xFC,0x3F,0xFC,0x3F,0x0F,0xFF,0x0F,0xC3,0xFF,0xC3,0xF0,0xFF,0xF0,0xFC,0x3F,0xFC,0x3F,0x0F,0xFF,0x0F,
  0xC3,0xFF,0xC3,0xF0,0xFF,0xF0,0xFC,0x3F,0xFF,0xFF,0xFF,0xFF,0xFF,0xFF,0xFF,0xFF,0xFF,0xFF,0xFF,0xFF,0xFF,0xFF,0xFF,0xFF,
  0xFF,0xFF,0xFF,0xF0,0xFC,0x3F,0x0F,0xC7,0xE1,0xF8,0x7E,0x3F,0x0F,0xC3,0xF1,0xF8,0x7E,0x1F,0x8F,0xC3,0xF0,0xFC,0x7E,0x1F,
  0x87,0xE3,0xF0,0xFC,0x3F,0x1F,0x87,0xE1,0xF8,0xFC,0x3F,0x0F,0xC7,0xE1,0xF8,0x7E,0x3F,0x0F,0xC3,0xF1,0xF8,0x7E,0x1F,0x8F,
  0xC3,0xF0,0xFC,0x7E,0x1F,0x87,0xE3,0xF0,0xFC,0x3F,0x1F,0x87,0xE1,0xF8,0xFC,0x3F,0x0F,0xC7,0xE1,0xF8,0x7E,0x3F,0x0F,0xC3,
  0xF1,0xF8,0x7E,0x1F,0x8F,0xC3,0xF0,0xFC,0x7E,0x1F,0x87,0xE3,0xF0,0xFC,0x3F,0x1F,0x87,0xE1,0xF8,0xFC,0x3F,0x0F,0xC7,0xE1,
  0xF8,0x7E,0x3F,0x0F,0xC3,0xF1,0xF8,0x7E,0x1F,0x8F,0xFF,0xFF,0xFE,0x7F,0xFF,0xFF,0xFF,0xFF,0xFF,0xFF,0xFF,0xFF,0xFF,0xFF,
  0xFF,0xFF,0xFF,0xFF,0xFF,0xFF,0xFF,0xC0,0x00,0x00,0x7E,0x00,0x00,0x03,0xF0,0x00,0x00,0x1F,0x80,0x00,0x00,0xFC,0x00,0x00,
  0x07,0xE0,0x00,0x00,0x3F,0x00,0x00,0x01,0xF8,0x00,0x00,0x0F,0xC0,0x00,0x00,0x7E,0x00,0x00,0x03,0xF0,0x00,0x00,0x1F,0x80,
  0xFF,0xFC,0x00,0x03,0xFF,0xF0,0x00,0x0F,0xFF,0xC0,0x00,0x3F,0xFF,0x00,0x00,0xFF,0xFC,0x00,0x03,0xFF,0xF0,0x00,0x00,0x3F,
  0xC0,0x00,0x00,0xFF,0x00,0x00,0x03,0xFC,0x00,0x00,0x0F,0xF0,0x00,0x00,0x3F,0xC0,0x00,0x00,0xFF,0x00,0x00,0x03,0xFC,0x00,
  0x00,0x0F,0xFF,0xE0,0x00,0x3F,0xFF,0xF0,0x00,0xFF,0xFF,0xF0,0x03,0xFF,0xFF,0xE0,0x0F,0xFF,0xFF,0xC0,0x3F,0xCF,0xFF,0x00,
  0xFF,0x03,0xFE,0x03,0xFC,0x07,0xF8,0x0F,0xF0,0x0F,0xE0,0x3F,0xC0,0x3F,0xC0,0xFF,0x00,0xFF,0x03,0xFC,0x03,0xFC,0x0F,0xF0,
  0x0F,0xE0,0x3F,0xC0,0x7F,0x80,0xFF,0x03,0xFE,0x03,0xFF,0xFF,0xF0,0x0F,0xFF,0xFF,0x80,0x3F,0xFF,0xFE,0x00,0xFF,0xFF,0xE0,
  0x03,0xFF,0xFF,0x00,0x0F,0xFF,0xE0,0x00,0xFC,0x00,0x0F,0xFF,0x80,0x01,0xFF,0xF0,0x00,0x3F,0xFE,0x00,0x07,0xFF,0xC0,0x00,
  0xFF,0xF8,0x00,0x1F,0xFF,0x00,0x03,0xFF,0xE0,0x00,0x7F,0xFC,0x00,0x0F,0xFF,0x80,0x01,0xFF,0xF0,0x00,0x3F,0xFE,0x00,0x07,
  0xFF,0xC0,0x00,0xFF,0xFF,0xE0,0x1F,0xFF,0xFF,0x03,0xFF,0xFF,0xF0,0x7F,0xFF,0xFF,0x0F,0xFF,0xFF,0xF1,0xFF,0xF0,0xFE,0x3F,
  0xFE,0x0F,0xE7,0xFF,0xC0,0xFC,0xFF,0xF8,0x1F,0x9F,0xFF,0x03,0xF3,0xFF,0xE0,0x7E,0x7F,0xFC,0x0F,0xCF,0xFF,0x81,0xF9,0xFF,
  0xF0,0x3F,0x3F,0xFE,0x0F,0xE7,0xFF,0xC7,0xF8,0xFF,0xFF,0xFF,0x1F,0xFF,0xFF,0xC3,0xFF,0xFF,0xF0,0x7F,0xFF,0xF8,0x0F,0xFF,
  0xFC,0x01,0xFC,0xFF,0x00,0x00,0x3F,0xC0,0x00,0x0F,0xF0,0x00,0x03,0xFC,0x00,0x00,0xFF,0x00,0x00,0x3F,0xC0,0x00,0x0F,0xF0,
  0x00,0x03,0xFC,0x00,0x00,0xFF,0x00,0x00,0x3F,0xC0,0x00,0x0F,0xF0,0x00,0x03,0xFC,0x00,0x00,0xFF,0x00,0x00,0x3F,0xFF,0xF0,
  0x0F,0xFF,0xFF,0x83,0xFF,0xFF,0xF8,0xFF,0xFF,0xFF,0x3F,0xFF,0xFF,0xEF,0xFF,0xFF,0xFB,0xFC,0x03,0xFF,0xFF,0x00,0x3F,0xFF,
  0xC0,0x0F,0xFF,0xF0,0x01,0xFF,0xFC,0x00,0x7F,0xFF,0x00,0x1F,0xFF,0xC0,0x0F,0xFF,0xF0,0x03,0xFF,0xFC,0x03,0xFF,0xFF,0xFF,
  0xFF,0xBF,0xFF,0xFF,0xCF,0xFF,0xFF,0xE3,0xFF,0xFF,0xF0,0xFF,0xFF,0xF8,0x3F,0xFF,0xF0,0x00,0x00,0xFF,0x80,0x00,0x7F,0xFE,
  0x00,0x3F,0xFF,0xE0,0x0F,0xFF,0xFE,0x01,0xFF,0xFF,0xE0,0x7F,0xFF,0xFE,0x1F,0xF0,0x7F,0xC3,0xFC,0x07,0xFC,0xFF,0x00,0x7F,
  0x8F,0xE0,0x07,0xF8,0x38,0x00,0xFF,0x00,0x00,0x1F,0xE0,0x00,0x01,0xFC,0x00,0x00,0x3F,0x80,0x00,0x07,0xF8,0x03,0xFF,0xFF,
  0x00,0x7F,0xFF,0xE0,0x0F,0xFF,0xFC,0x01,0xFF,0xFF,0x80,0x3F,0xFF,0xF0,0x07,0xFF,0xFE,0x00,0x00,0x3F,0x80,0x00,0x07,0xF0,
  0x00,0x00,0xFE,0x1C,0x00,0x3F,0xDF,0xC0,0x07,0xFB,0xF8,0x00,0xFE,0x7F,0x80,0x3F,0xC7,0xF8,0x0F,0xF8,0xFF,0x83,0xFE,0x0F,
  0xFF,0xFF,0xC1,0xFF,0xFF,0xF0,0x1F,0xFF,0xFC,0x01,0xFF,0xFF,0x00,0x0F,0xFF,0x80,0x00,0x7F,0xC0,0x00,0x00,0x01,0xF8,0x1F,
  0x80,0xFF,0x83,0xF0,0x3F,0xF8,0x7E,0x0F,0xFF,0x8F,0xC1,0xFF,0xF9,0xF8,0x7E,0x3F,0x3F,0x0F,0xC3,0xF7,0xE1,0xF0,0x7E,0xFC,
  0x7E,0x0F,0xDF,0x8F,0xC0,0xFB,0xF1,0xF8,0x1F,0xFE,0x3F,0x03,0xFF,0xC7,0xC0,0x7F,0xF9,0xF8,0x0F,0xFF,0x3F,0x01,0xFF,0xE7,
  0xE0,0x3F,0xFF,0xFC,0x07,0xFF,0xFF,0x80,0xFF,0xFF,0xF0,0x1F,0xFF,0xFE,0x03,0xFF,0xFF,0xC0,0x7F,0xF9,0xF8,0x0F,0xFF,0x3F,
  0x01,0xFF,0xE3,0xF0,0x3F,0xFC,0x7E,0x07,0xFF,0x8F,0xC0,0xFF,0xF1,0xF8,0x1F,0x7E,0x3F,0x07,0xEF,0xC3,0xE0,0xFD,0xF8,0x7E,
  0x1F,0xBF,0x0F,0xC7,0xE7,0xE0,0xFF,0xFC,0xFC,0x1F,0xFF,0x1F,0x81,0xFF,0xC3,0xF0,0x1F,0xF0,0x00,0x00,0xFC,0x00,0x00,0x3F,
  0xFF,0xE0,0x3F,0xFF,0xFC,0x1F,0xFF,0xFF,0x87,0xFF,0xFF,0xF1,0xFF,0xFF,0xFE,0x3F,0xFF,0xFF,0xCF,0xF8,0x03,0xF9,0xFE,0x00,
  0x7F,0x3F,0xC0,0x0F,0xE7,0xF0,0x01,0xFC,0xFE,0x00,0x3F,0x9F,0xC0,0x07,0xF3,0xFC,0x00,0xFE,0x7F,0xC0,0x1F,0xC7,0xFC,0x03,
  0xF8,0xFF,0xFF,0xFF,0x0F,0xFF,0xFF,0xE0,0xFF,0xFF,0xFC,0x07,0xFF,0xFF,0x80,0x7F,0xFF,0xF0,0x0F,0xFF,0xFE,0x03,0xFC,0x1F,
  0xC0,0x7F,0x83,0xF8,0x1F,0xE0,0x7F,0x07,0xFC,0x0F,0xE0,0xFF,0x01,0xFC,0x3F,0xC0,0x3F,0x87,0xF8,0x07,0xF1,0xFE,0x00,0xFE,
  0x3F,0xC0,0x1F,0xCF,0xF0,0x03,0xFB,0xFE,0x00,0x7F,0x7F,0x80,0x0F,0xFF,0xF0,0x01,0xFC,0x00,0xFF,0x00,0x01,0xFF,0xF8,0x00,
  0xFF,0xFF,0x00,0x7F,0xFF,0xE0,0x3F,0xFF,0xF8,0x0F,0xE0,0xFF,0x07,0xF8,0x1F,0xC1,0xFC,0x07,0xF0,0x7F,0x01,0xFE,0x00,0x00,
  0x7F,0x80,0x00,0x0F,0xE0,0x00,0x03,0xF8,0x03,0xFF,0xFE,0x07,0xFF,0xFF,0x83,0xFF,0xFF,0xE1,0xFF,0xFF,0xF8,0x7F,0x80,0xFE,
  0x3F,0xC0,0x7F,0x8F,0xE0,0x1F,0xE3,0xF8,0x07,0xF8,0xFE,0x01,0xFE,0x3F,0x80,0xFF,0x8F,0xE0,0x3F,0xE3,0xFC,0x3F,0xF8,0xFF,
  0xFF,0x7F,0xDF,0xFF,0x9F,0xF7,0xFF,0xC7,0xFC,0x7F,0xE0,0xFF,0x0F,0xE0,0x0F,0x80,0x00,0x00,0x07,0x80,0x00,0x3F,0xF0,0x00,
  0x7F,0xFE,0x00,0x3F,0xFF,0xC0,0x1F,0xFF,0xF8,0x07,0xFF,0xFF,0x01,0xFF,0xFE,0x00,0x7F,0xF0,0x00,0x1F,0xE0,0x00,0x03,0xF0,
  0x00,0x00,0xFC,0x00,0x00,0x1F,0x00,0x00,0x03,0xC1,0xFE,0x00,0xF8,0xFF,0xF8,0x1E,0x3F,0xFF,0x83,0xCF,0xFF,0xF8,0x7B,0xFF,
  0xFF,0x8F,0x7C,0x1F,0xF1,0xFF,0x00,0xFF,0x3F,0xC0,0x1F,0xE7,0xF8,0x01,0xFD,0xFE,0x00,0x3F,0xBF,0xC0,0x07,0xFB,0xF8,0x00,
  0xFF,0x7F,0x00,0x1F,0xEF,0xE0,0x03,0xFD,0xFC,0x00,0x7F,0xBF,0x80,0x0F,0xF7,0xF0,0x01,0xFE,0xFE,0x00,0x3F,0x8F,0xE0,0x07,
  0xF1,0xFC,0x01,0xFE,0x3F,0xC0,0x3F,0x83,0xFC,0x1F,0xF0,0x7F,0xFF,0xFC,0x07,0xFF,0xFF,0x00,0x7F,0xFF,0xC0,0x03,0xFF,0xF0,
  0x00,0x1F,0xF0,0x00,0xFF,0xFF,0xC0,0x7F,0xFF,0xFC,0x3F,0xFF,0xFF,0x9F,0xFF,0xFF,0xEF,0xF0,0x7F,0xF7,0xF8,0x07,0xFB,0xFC,
  0x01,0xFF,0xFE,0x00,0xFF,0xFF,0x00,0x7F,0x7F,0x80,0x3F,0xBF,0xC0,0x7F,0x9F,0xFF,0xFF,0x8F,0xFF,0xFF,0x07,0xFF,0xFF,0xC3,
  0xFF,0xFF,0xF9,0xFE,0x07,0xFE,0xFF,0x00,0x7F,0xFF,0x80,0x1F,0xFF,0xC0,0x0F,0xFF,0xE0,0x07,0xFF,0xF0,0x03,0xFF,0xF8,0x03,
  0xFF,0xFC,0x0F,0xFF,0xFF,0xFF,0xFE,0xFF,0xFF,0xFE,0x7F,0xFF,0xFE,0x3F,0xFF,0xF8,0x00,0xFF,0xFF,0xFF,0xFF,0xFF,0xFF,0xFF,
  0xFF,0xFF,0xFF,0xFF,0xFF,0xFF,0xFF,0x00,0x03,0xF8,0x00,0x1F,0xC0,0x00,0xFE,0x00,0x07,0xF0,0x00,0x3F,0x80,0x01,0xFC,0x00,
  0x0F,0xE0,0x00,0x7F,0x00,0x03,0xF8,0x00,0x1F,0xC0,0x00,0xFE,0x00,0x07,0xF0,0x00,0x3F,0x80,0x01,0xFC,0x00,0x0F,0xE0,0x00,
  0x7F,0x00,0x03,0xF8,0x00,0x1F,0xC0,0x00,0xFE,0x00,0x07,0xF0,0x00,0x3F,0x80,0x00,0x00,0x7F,0xFF,0xC0,0x01,0xFF,0xFF,0x00,
  0x07,0xFF,0xFC,0x00,0x3F,0xFF,0xF0,0x00,0xFF,0xFF,0xC0,0x03,0xF8,0x7F,0x00,0x0F,0xE1,0xFC,0x00,0x3F,0x07,0xF0,0x00,0xFC,
  0x1F,0xC0,0x07,0xF0,0x7F,0x00,0x1F,0xC1,0xFC,0x00,0x7F,0x07,0xF0,0x01,0xFC,0x1F,0xC0,0x07,0xE0,0x7F,0x00,0x3F,0x81,0xFC,
  0x00,0xFE,0x07,0xF0,0x03,0xF8,0x1F,0xC0,0x0F,0xC0,0x7F,0x00,0x7F,0x01,0xFC,0x01,0xFC,0x07,0xF0,0x0F,0xE0,0x1F,0xC0,0x3F,
  0x80,0x7F,0x0F,0xFF,0xFF,0xFF,0xBF,0xFF,0xFF,0xFF,0xFF,0xFF,0xFF,0xFF,0xFF,0xFF,0xFF,0xFF,0xFF,0xFF,0xFF,0xFF,0x80,0x00,
  0x7F,0xFE,0x00,0x01,0xFF,0xF8,0x00,0x07,0xFF,0xE0,0x00,0x1F,0xFF,0x80,0x00,0x7F,0xFE,0x00,0x01,0xFF,0xF8,0x00,0x07,0xFF,
  0xE0,0x00,0x1F,0xFF,0x80,0x00,0x7F,0xFE,0x00,0x01,0xFC,0x00,0x7F,0xC0,0x00,0x7F,0xFC,0x00,0x7F,0xFF,0x80,0x3F,0xFF,0xF0,
  0x1F,0xFF,0xFE,0x07,0xF0,0x1F,0xC3,0xF8,0x03,0xF0,0xFE,0x00,0xFE,0x7F,0x00,0x1F,0x9F,0xC0,0x07,0xF7,0xF0,0x01,0xFD,0xFF,
  0xFF,0xFF,0xFF,0xFF,0xFF,0xFF,0xFF,0xFF,0xFF,0xFF,0xFF,0xFF,0xFC,0x00,0x00,0x7F,0x00,0x00,0x1F,0xC0,0x00,0x07,0xF0,0x00,
  0x01,0xFC,0x00,0x00,0x7F,0x80,0x00,0x0F,0xE0,0x07,0xE3,0xFC,0x03,0xF8,0x7F,0x81,0xFE,0x1F,0xFF,0xFF,0x03,0xFF,0xFF,0x80,
  0x7F,0xFF,0xC0,0x07,0xFF,0xC0,0x00,0x7F,0xC0,0x00,0xFE,0x07,0xC0,0xFD,0xF8,0x1F,0x03,0xF7,0xE0,0x7C,0x1F,0x8F,0xC1,0xF0,
  0x7E,0x3F,0x07,0xC1,0xF8,0xFC,0x1F,0x0F,0xC1,0xF8,0x7C,0x3F,0x07,0xE1,0xF1,0xF8,0x0F,0xC7,0xC7,0xE0,0x3F,0x1F,0x3F,0x00,
  0x7E,0x7D,0xFC,0x00,0xFF,0xFF,0xE0,0x03,0xFF,0xFF,0x00,0x0F,0xFF,0xFE,0x00,0x7F,0xFF,0xF8,0x01,0xF9,0xF3,0xF0,0x07,0xC7,
  0xCF,0xC0,0x3F,0x1F,0x1F,0x00,0xFC,0x7C,0x7E,0x07,0xE1,0xF1,0xF8,0x1F,0x87,0xC3,0xF0,0xFC,0x1F,0x0F,0xC3,0xF0,0x7C,0x1F,
  0x8F,0xC1,0xF0,0x7E,0x7E,0x07,0xC1,0xFD,0xF8,0x1F,0x03,0xFF,0xC0,0x7C,0x0F,0xC0,0x01,0xFF,0x80,0x07,0xFF,0xF0,0x1F,0xFF,
  0xF8,0x3F,0xFF,0xFC,0x7F,0xFF,0xFE,0x7F,0x01,0xFE,0xFE,0x00,0xFE,0xFC,0x00,0x7E,0x00,0x00,0x7E,0x00,0x00,0xFE,0x00,0x01,
  0xFE,0x00,0x07,0xFC,0x00,0xFF,0xF8,0x00,0xFF,0xE0,0x00,0xFF,0xE0,0x00,0xFF,0xF8,0x00,0x7F,0xFE,0x00,0x01,0xFE,0x00,0x00,
  0xFF,0x00,0x00,0x7F,0x3C,0x00,0x7F,0xFC,0x00,0x7F,0xFE,0x00,0xFF,0xFF,0x01,0xFF,0x7F,0xFF,0xFE,0x3F,0xFF,0xFE,0x1F,0xFF,
  0xF8,0x0F,0xFF,0xF0,0x01,0xFF,0x80,0xFE,0x00,0x7F,0xFE,0x00,0xFF,0xFE,0x00,0xFF,0xFE,0x01,0xFF,0xFE,0x03,0xFF,0xFE,0x03,
  0xFF,0xFE,0x07,0xFF,0xFE,0x07,0xFF,0xFE,0x0F,0xFF,0xFE,0x0F,0xBF,0xFE,0x1F,0xBF,0xFE,0x1F,0x3F,0xFE,0x3F,0x3F,0xFE,0x7E,
  0x3F,0xFE,0x7E,0x3F,0xFE,0xFC,0x3F,0xFE,0xFC,0x3F,0xFF,0xF8,0x3F,0xFF,0xF8,0x3F,0xFF,0xF0,0x3F,0xFF,0xE0,0x3F,0xFF,0xE0,
  0x3F,0xFF,0xC0,0x3F,0xFF,0xC0,0x3F,0xFF,0x80,0x3F,0xFF,0x80,0x3F,0xFF,0x00,0x3F,0x3F,0x00,0x7C,0x3F,0x00,0xFC,0x3F,0x80,
  0xFC,0x1F,0xFF,0xFC,0x0F,0xFF,0xF8,0x07,0xFF,0xF0,0x01,0xFF,0x80,0x00,0x00,0x00,0x00,0x00,0x00,0xFE,0x00,0x7F,0xFE,0x00,
  0xFF,0xFE,0x00,0xFF,0xFE,0x01,0xFF,0xFE,0x03,0xFF,0xFE,0x03,0xFF,0xFE,0x07,0xFF,0xFE,0x07,0xFF,0xFE,0x0F,0xFF,0xFE,0x0F,
  0xBF,0xFE,0x1F,0xBF,0xFE,0x1F,0x3F,0xFE,0x3F,0x3F,0xFE,0x7E,0x3F,0xFE,0x7E,0x3F,0xFE,0xFC,0x3F,0xFE,0xFC,0x3F,0xFF,0xF8,
  0x3F,0xFF,0xF8,0x3F,0xFF,0xF0,0x3F,0xFF,0xE0,0x3F,0xFF,0xE0,0x3F,0xFF,0xC0,0x3F,0xFF,0xC0,0x3F,0xFF,0x80,0x3F,0xFF,0x80,
  0x3F,0xFF,0x00,0x3F,0xFF,0x00,0x3F,0xBF,0xC0,0x1F,0xEF,0xF0,0x07,0xF3,0xFC,0x03,0xF8,0xFF,0x01,0xFE,0x3F,0xC0,0x7F,0x0F,
  0xF0,0x3F,0x83,0xFC,0x0F,0xE0,0xFF,0x07,0xF0,0x3F,0xC3,0xFC,0x0F,0xF3,0xFE,0x03,0xFF,0xFF,0x00,0xFF,0xFF,0x80,0x3F,0xFF,
  0xE0,0x0F,0xFF,0xFC,0x03,0xFF,0x7F,0x00,0xFF,0x0F,0xE0,0x3F,0xC1,0xFC,0x0F,0xF0,0x7F,0x03,0xFC,0x0F,0xE0,0xFF,0x03,0xFC,
  0x3F,0xC0,0x7F,0x0F,0xF0,0x0F,0xE3,0xFC,0x03,0xFC,0xFF,0x00,0x7F,0x3F,0xC0,0x1F,0xEF,0xF0,0x03,0xFC,0x00,0xFF,0xFF,0xE0,
  0x1F,0xFF,0xFC,0x03,0xFF,0xFF,0x80,0x7F,0xFF,0xF0,0x1F,0xFF,0xFE,0x03,0xF8,0x1F,0xC0,0x7F,0x03,0xF8,0x0F,0xE0,0x7F,0x01,
  0xFC,0x0F,0xE0,0x3F,0x01,0xFC,0x07,0xE0,0x3F,0x80,0xFC,0x07,0xF0,0x3F,0x80,0xFE,0x07,0xF0,0x1F,0xC0,0xFE,0x03,0xF8,0x1F,
  0xC0,0x7F,0x03,0xF0,0x0F,0xE0,0xFE,0x01,0xFC,0x1F,0xC0,0x3F,0x83,0xF8,0x07,0xF0,0x7F,0x00,0xFE,0x1F,0xC0,0x1F,0xC3,0xF8,
  0x03,0xFF,0xFF,0x00,0x7F,0xFF,0xC0,0x0F,0xFF,0xF8,0x01,0xFF,0xFE,0x00,0x3F,0xBF,0x00,0x00,0x00,0xFF,0x80,0x3F,0xFF,0xE0,
  0x0F,0xFF,0xF8,0x07,0xFF,0xFF,0x01,0xFF,0xFF,0xC0,0x7F,0xFF,0xF0,0x1F,0xFF,0xFC,0x0F,0xFF,0xFF,0x83,0xFF,0xFF,0xE0,0xF7,
  0xFF,0xF8,0x3D,0xFF,0xDE,0x1F,0x7F,0xF7,0xC7,0xDF,0xFD,0xF1,0xE7,0xFF,0x3C,0x79,0xFF,0xCF,0x3E,0x7F,0xF3,0xEF,0x9F,0xFC,
  0xFB,0xC7,0xFF,0x1E,0xF1,0xFF,0xC7,0xBC,0x7F,0xF1,0xFF,0x1F,0xFC,0x7F,0xC7,0xFF,0x0F,0xE1,0xFF,0xC3,0xF8,0x7F,0xF0,0xFE,
  0x1F,0xFC,0x3F,0x87,0xFF,0x07,0xC1,0xFF,0xC1,0xF0,0x7C,0xFF,0x00,0x7F,0xFF,0x00,0x7F,0xFF,0x00,0x7F,0xFF,0x00,0x7F,0xFF,
  0x00,0x7F,0xFF,0x00,0x7F,0xFF,0x00,0x7F,0xFF,0x00,0x7F,0xFF,0x00,0x7F,0xFF,0x00,0x7F,0xFF,0x00,0x7F,0xFF,0xFF,0xFF,0xFF,
  0xFF,0xFF,0xFF,0xFF,0xFF,0xFF,0xFF,0xFF,0xFF,0xFF,0xFF,0xFF,0x00,0x7F,0xFF,0x00,0x7F,0xFF,0x00,0x7F,0xFF,0x00,0x7F,0xFF,
  0x00,0x7F,0xFF,0x00,0x7F,0xFF,0x00,0x7F,0xFF,0x00,0x7F,0xFF,0x00,0x7F,0xFF,0x00,0x7F,0xFF,0x00,0x7F,0x00,0x7F,0xC0,0x00,
  0x7F,0xFC,0x00,0x7F,0xFF,0xC0,0x3F,0xFF,0xF8,0x1F,0xFF,0xFF,0x0F,0xF8,0x3F,0xC3,0xFC,0x07,0xF9,0xFE,0x00,0xFE,0x7F,0x00,
  0x3F,0xDF,0xC0,0x0F,0xF7,0xF0,0x01,0xFF,0xFC,0x00,0x7F,0xFF,0x00,0x1F,0xFF,0xC0,0x07,0xFF,0xF0,0x01,0xFF,0xFC,0x00,0x7F,
  0xFF,0x00,0x1F,0xFF,0xC0,0x07,0xF7,0xF0,0x01,0xFD,0xFC,0x00,0xFF,0x7F,0x00,0x3F,0xDF,0xE0,0x0F,0xE3,0xFC,0x07,0xF8,0xFF,
  0x83,0xFC,0x1F,0xFF,0xFE,0x03,0xFF,0xFF,0x80,0x7F,0xFF,0xC0,0x07,0xFF,0xC0,0x00,0x7F,0x80,0x00,0xFF,0xFF,0xFF,0xFF,0xFF,
  0xFF,0xFF,0xFF,0xFF,0xFF,0xFF,0xFF,0xFF,0xFF,0xFF,0xFF,0x00,0x7F,0xFF,0x00,0x7F,0xFF,0x00,0x7F,0xFF,0x00,0x7F,0xFF,0x00,
  0x7F,0xFF,0x00,0x7F,0xFF,0x00,0x7F,0xFF,0x00,0x7F,0xFF,0x00,0x7F,0xFF,0x00,0x7F,0xFF,0x00,0x7F,0xFF,0x00,0x7F,0xFF,0x00,
  0x7F,0xFF,0x00,0x7F,0xFF,0x00,0x7F,0xFF,0x00,0x7F,0xFF,0x00,0x7F,0xFF,0x00,0x7F,0xFF,0x00,0x7F,0xFF,0x00,0x7F,0xFF,0x00,
  0x7F,0xFF,0x00,0x7F,0x00,0x0F,0xE0,0x7F,0x0F,0xF8,0x3F,0xDF,0xFF,0x0F,0xEF,0xFF,0x87,0xFF,0xFF,0xE3,0xFF,0x0F,0xF9,0xFF,
  0x03,0xFC,0xFF,0x00,0xFE,0x7F,0x80,0x7F,0xBF,0x80,0x3F,0xDF,0xC0,0x0F,0xEF,0xE0,0x07,0xF7,0xF0,0x03,0xFB,0xF8,0x01,0xFD,
  0xFC,0x00,0xFE,0xFE,0x00,0x7F,0x7F,0x00,0x3F,0xBF,0x80,0x1F,0xDF,0xC0,0x0F,0xEF,0xE0,0x0F,0xF7,0xF8,0x07,0xFB,0xFC,0x03,
  0xF9,0xFF,0x03,0xFC,0xFF,0xC3,0xFE,0x7F,0xFF,0xFE,0x3F,0xFF,0xFE,0x1F,0xDF,0xFF,0x0F,0xE7,0xFE,0x07,0xF0,0xFC,0x03,0xF8,
  0x00,0x01,0xFC,0x00,0x00,0xFE,0x00,0x00,0x7F,0x00,0x00,0x3F,0x80,0x00,0x1F,0xC0,0x00,0x0F,0xE0,0x00,0x07,0xF0,0x00,0x03,
  0xF8,0x00,0x01,0xFC,0x00,0x00,0x00,0x7F,0x80,0x03,0xFF,0xE0,0x07,0xFF,0xF8,0x1F,0xFF,0xFC,0x1F,0xFF,0xFE,0x3F,0xC1,0xFE,
  0x7F,0x80,0xFF,0x7F,0x00,0x7F,0x7F,0x00,0x7F,0xFF,0x00,0x00,0xFE,0x00,0x00,0xFE,0x00,0x00,0xFE,0x00,0x00,0xFE,0x00,0x00,
  0xFE,0x00,0x00,0xFE,0x00,0x00,0xFE,0x00,0x00,0xFE,0x00,0x00,0xFE,0x00,0x00,0xFF,0x00,0x7F,0xFF,0x00,0x7F,0x7F,0x00,0x7F,
  0x7F,0x80,0xFF,0x3F,0xC1,0xFE,0x3F,0xFF,0xFE,0x1F,0xFF,0xFC,0x0F,0xFF,0xF8,0x03,0xFF,0xE0,0x00,0xFF,0x80,0xFF,0xFF,0xFF,
  0xFF,0xFF,0xFF,0xFF,0xFF,0xFF,0xFF,0xFF,0xFF,0xFF,0xFF,0xFF,0xF8,0x03,0xF8,0x00,0x01,0xFC,0x00,0x00,0xFE,0x00,0x00,0x7F,
  0x00,0x00,0x3F,0x80,0x00,0x1F,0xC0,0x00,0x0F,0xE0,0x00,0x07,0xF0,0x00,0x03,0xF8,0x00,0x01,0xFC,0x00,0x00,0xFE,0x00,0x00,
  0x7F,0x00,0x00,0x3F,0x80,0x00,0x1F,0xC0,0x00,0x0F,0xE0,0x00,0x07,0xF0,0x00,0x03,0xF8,0x00,0x01,0xFC,0x00,0x00,0xFE,0x00,
  0x00,0x7F,0x00,0x00,0x3F,0x80,0x00,0x1F,0xC0,0x00,0xFF,0x00,0x07,0xFF,0xF0,0x00,0x7F,0x7F,0x00,0x0F,0xF7,0xF8,0x00,0xFE,
  0x3F,0x80,0x0F,0xE3,0xF8,0x01,0xFE,0x1F,0xC0,0x1F,0xC1,0xFC,0x01,0xFC,0x1F,0xC0,0x3F,0x80,0xFE,0x03,0xF8,0x0F,0xE0,0x3F,
  0x80,0x7F,0x07,0xF0,0x07,0xF0,0x7F,0x00,0x3F,0x07,0xE0,0x03,0xF8,0xFE,0x00,0x3F,0x8F,0xE0,0x01,0xF8,0xFC,0x00,0x1F,0xCF,
  0xC0,0x00,0xFD,0xF8,0x00,0x0F,0xDF,0x80,0x00,0xFF,0xF8,0x00,0x07,0xFF,0x00,0x00,0x7F,0xF0,0x00,0x03,0xFE,0x00,0x00,0x3F,
  0xE0,0x00,0x01,0xFE,0x00,0x00,0x1F,0xC0,0x00,0x01,0xFC,0x00,0x00,0x3F,0xC0,0x00,0x03,0xF8,0x00,0x00,0x7F,0x80,0x00,0x0F,
  0xF0,0x00,0x1F,0xFF,0x00,0x03,0xFF,0xE0,0x00,0x3F,0xFC,0x00,0x03,0xFF,0x80,0x00,0x3F,0xF0,0x00,0x00,0xF8,0x00,0x00,0x00,
  0x0F,0x80,0x00,0x00,0xF8,0x00,0x00,0x0F,0x80,0x00,0x00,0xF8,0x00,0x00,0x0F,0x80,0x00,0x00,0xF8,0x00,0x00,0x0F,0x80,0x00,
  0x00,0xF8,0x00,0x00,0x0F,0x80,0x00,0x07,0xFF,0x00,0x01,0xFF,0xFC,0x00,0x7F,0xFF,0xE0,0x0F,0xFF,0xFF,0x81,0xFF,0xFF,0xF8,
  0x3F,0xCF,0x9F,0xC3,0xF8,0xF8,0xFE,0x7F,0x0F,0x87,0xE7,0xE0,0xF8,0x7F,0x7E,0x0F,0x83,0xF7,0xE0,0xF8,0x3F,0xFC,0x0F,0x83,
  0xFF,0xC0,0xF8,0x3F,0xFC,0x0F,0x83,0xFF,0xC0,0xF8,0x3F,0xFC,0x0F,0x83,0xFF,0xC0,0xF8,0x3F,0xFC,0x0F,0x83,0xF7,0xE0,0xF8,
  0x3F,0x7E,0x0F,0x83,0xF7,0xE0,0xF8,0x7F,0x7F,0x0F,0x87,0xE3,0xF8,0xF8,0xFE,0x3F,0xCF,0x9F,0xC1,0xFF,0xFF,0xF8,0x0F,0xFF,
  0xFF,0x80,0x7F,0xFF,0xF0,0x01,0xFF,0xFC,0x00,0x07,0xFF,0x00,0x00,0x0F,0x80,0x00,0x00,0xF8,0x00,0x00,0x0F,0x80,0x00,0x00,
  0xF8,0x00,0x00,0x0F,0x80,0x00,0x00,0xF8,0x00,0x00,0x0F,0x80,0x00,0x00,0xF8,0x00,0x00,0x0F,0x80,0x00,0x00,0xF8,0x00,0xFF,
  0x00,0x1F,0xEF,0xE0,0x07,0xF9,0xFE,0x01,0xFE,0x1F,0xE0,0x3F,0x81,0xFC,0x0F,0xF0,0x1F,0xC3,0xFC,0x03,0xFC,0x7F,0x00,0x3F,
  0x9F,0xC0,0x03,0xFF,0xF8,0x00,0x3F,0xFE,0x00,0x07,0xFF,0x80,0x00,0x7F,0xE0,0x00,0x07,0xFC,0x00,0x00,0xFF,0x80,0x00,0x3F,
  0xF0,0x00,0x0F,0xFF,0x00,0x01,0xFF,0xF0,0x00,0x7F,0xFF,0x00,0x1F,0xCF,0xE0,0x03,0xF8,0xFE,0x00,0xFE,0x1F,0xE0,0x3F,0x81,
  0xFC,0x0F,0xF0,0x1F,0xC1,0xFC,0x03,0xFC,0x7F,0x00,0x3F,0xDF,0xE0,0x03,0xFB,0xF8,0x00,0x7F,0x80,0xFF,0x00,0xFE,0x1F,0xE0,
  0x1F,0xC3,0xFC,0x03,0xF8,0x7F,0x80,0x7F,0x0F,0xF0,0x0F,0xE1,0xFE,0x01,0xFC,0x3F,0xC0,0x3F,0x87,0xF8,0x07,0xF0,0xFF,0x00,
  0xFE,0x1F,0xE0,0x1F,0xC3,0xFC,0x03,0xF8,0x7F,0x80,0x7F,0x0F,0xF0,0x0F,0xE1,0xFE,0x01,0xFC,0x3F,0xC0,0x3F,0x87,0xF8,0x07,
  0xF0,0xFF,0x00,0xFE,0x1F,0xE0,0x1F,0xC3,0xFC,0x03,0xF8,0x7F,0x80,0x7F,0x0F,0xF0,0x0F,0xE1,0xFE,0x01,0xFC,0x3F,0xFF,0xFF,
  0xFF,0xFF,0xFF,0xFF,0xFF,0xFF,0xFF,0xFF,0xFF,0xFF,0xFF,0xFF,0xFF,0xFF,0x80,0x00,0x03,0xF0,0x00,0x00,0x7E,0x00,0x00,0x0F,
  0xC0,0x00,0x01,0xF8,0x00,0x00,0x3F,0x00,0x00,0x07,0xE0,0x00,0x00,0xFC,0x00,0x00,0x1F,0x80,0x00,0x03,0xF0,0x00,0x00,0x7E,
  0xFE,0x00,0x7F,0xFE,0x00,0x7F,0xFE,0x00,0x7F,0xFE,0x00,0x7F,0xFE,0x00,0x7F,0xFE,0x00,0x7F,0xFE,0x00,0x7F,0xFE,0x00,0x7F,
  0xFE,0x00,0x7F,0xFE,0x00,0x7F,0xFE,0x00,0x7F,0xFE,0x00,0x7F,0xFF,0x00,0x7F,0xFF,0x87,0xFF,0xFF,0xFF,0xFF,0x7F,0xFF,0xFF,
  0x7F,0xFF,0xFF,0x3F,0xFF,0x7F,0x0F,0xF0,0x7F,0x00,0x00,0x7F,0x00,0x00,0x7F,0x00,0x00,0x7F,0x00,0x00,0x7F,0x00,0x00,0x7F,
  0x00,0x00,0x7F,0x00,0x00,0x7F,0x00,0x00,0x7F,0xFC,0x3F,0x07,0xFF,0x87,0xE0,0xFF,0xF0,0xFC,0x1F,0xFE,0x1F,0x83,0xFF,0xC3,
  0xF0,0x7F,0xF8,0x7E,0x0F,0xFF,0x0F,0xC1,0xFF,0xE1,0xF8,0x3F,0xFC,0x3F,0x07,0xFF,0x87,0xE0,0xFF,0xF0,0xFC,0x1F,0xFE,0x1F,
  0x83,0xFF,0xC3,0xF0,0x7F,0xF8,0x7E,0x0F,0xFF,0x0F,0xC1,0xFF,0xE1,0xF8,0x3F,0xFC,0x3F,0x07,0xFF,0x87,0xE0,0xFF,0xF0,0xFC,
  0x1F,0xFE,0x1F,0x83,0xFF,0xC3,0xF0,0x7F,0xF8,0x7E,0x0F,0xFF,0xFF,0xFF,0xFF,0xFF,0xFF,0xFF,0xFF,0xFF,0xFF,0xFF,0xFF,0xFF,
  0xFF,0xFF,0xFF,0xFF,0x80,0xFC,0x3F,0x07,0xEF,0xC3,0xF0,0x7E,0xFC,0x3F,0x07,0xEF,0xC3,0xF0,0x7E,0xFC,0x3F,0x07,0xEF,0xC3,
  0xF0,0x7E,0xFC,0x3F,0x07,0xEF,0xC3,0xF0,0x7E,0xFC,0x3F,0x07,0xEF,0xC3,0xF0,0x7E,0xFC,0x3F,0x07,0xEF,0xC3,0xF0,0x7E,0xFC,
  0x3F,0x07,0xEF,0xC3,0xF0,0x7E,0xFC,0x3F,0x07,0xEF,0xC3,0xF0,0x7E,0xFC,0x3F,0x07,0xEF,0xC3,0xF0,0x7E,0xFC,0x3F,0x07,0xEF,
  0xC3,0xF0,0x7E,0xFC,0x3F,0x07,0xEF,0xC3,0xF0,0x7E,0xFF,0xFF,0xFF,0xFF,0xFF,0xFF,0xFF,0xFF,0xFF,0xFF,0xFF,0xFF,0xFF,0xFF,
  0xFF,0xFF,0xFF,0xF0,0x00,0x00,0x1F,0x00,0x00,0x01,0xF0,0x00,0x00,0x1F,0x00,0x00,0x01,0xF0,0x00,0x00,0x1F,0x00,0x00,0x01,
  0xF0,0x00,0x00,0x1F,0x00,0x00,0x01,0xF0,0x00,0x00,0x1F,0x00,0x00,0x01,0xF0,0xFF,0xFC,0x00,0x07,0xFF,0xE0,0x00,0x3F,0xFF,
  0x00,0x01,0xFF,0xF8,0x00,0x0F,0xFF,0xC0,0x00,0x00,0xFE,0x00,0x00,0x07,0xF0,0x00,0x00,0x3F,0x80,0x00,0x01,0xFC,0x00,0x00,
  0x0F,0xE0,0x00,0x00,0x7F,0x00,0x00,0x03,0xFF,0xFC,0x00,0x1F,0xFF,0xFC,0x00,0xFF,0xFF,0xF0,0x07,0xFF,0xFF,0xC0,0x3F,0x87,
  0xFF,0x01,0xFC,0x07,0xF8,0x0F,0xE0,0x1F,0xC0,0x7F,0x00,0xFE,0x03,0xF8,0x07,0xF0,0x1F,0xC0,0x3F,0x80,0xFE,0x03,0xFC,0x07,
  0xF0,0xFF,0xC0,0x3F,0xFF,0xFE,0x01,0xFF,0xFF,0xE0,0x0F,0xFF,0xFC,0x00,0x7F,0xFF,0x80,0xFE,0x00,0x0F,0xFF,0x80,0x03,0xFF,
  0xE0,0x00,0xFF,0xF8,0x00,0x3F,0xFE,0x00,0x0F,0xFF,0x80,0x03,0xFF,0xE0,0x00,0xFF,0xF8,0x00,0x3F,0xFE,0x00,0x0F,0xFF,0x80,
  0x03,0xFF,0xE0,0x00,0xFF,0xFF,0xE0,0x3F,0xFF,0xFE,0x0F,0xFF,0xFF,0xC3,0xFF,0xFF,0xF8,0xFF,0xF9,0xFE,0x3F,0xFE,0x1F,0xCF,
  0xFF,0x83,0xF3,0xFF,0xE0,0xFC,0xFF,0xF8,0x3F,0x3F,0xFE,0x1F,0xCF,0xFF,0x87,0xF3,0xFF,0xE7,0xF8,0xFF,0xFF,0xFE,0x3F,0xFF,
  0xFF,0x0F,0xFF,0xFF,0x83,0xFF,0xFF,0x00,0xFC,0xFF,0x00,0x00,0x3F,0xC0,0x00,0x0F,0xF0,0x00,0x03,0xFC,0x00,0x00,0xFF,0x00,
  0x00,0x3F,0xC0,0x00,0x0F,0xF0,0x00,0x03,0xFC,0x00,0x00,0xFF,0x00,0x00,0x3F,0xC0,0x00,0x0F,0xF0,0x00,0x03,0xFF,0xFF,0x80,
  0xFF,0xFF,0xFC,0x3F,0xFF,0xFF,0x8F,0xFF,0xFF,0xF3,0xFC,0x0F,0xFE,0xFF,0x00,0x7F,0xBF,0xC0,0x0F,0xEF,0xF0,0x03,0xFF,0xFC,
  0x00,0xFE,0xFF,0x00,0x3F,0xBF,0xC0,0x1F,0xEF,0xF0,0x3F,0xFB,0xFF,0xFF,0xFC,0xFF,0xFF,0xFE,0x3F,0xFF,0xFE,0x0F,0xFF,0xFE,
  0x00,0x00,0xFF,0x00,0x07,0xFF,0xC0,0x0F,0xFF,0xF0,0x1F,0xFF,0xF8,0x3F,0xFF,0xFC,0x7F,0x83,0xFC,0x7F,0x01,0xFE,0xFF,0x00,
  0xFE,0xFE,0x00,0xFF,0xFE,0x00,0x7F,0x00,0x00,0x7F,0x00,0x00,0x7F,0x00,0x7F,0xFF,0x00,0x7F,0xFF,0x00,0x7F,0xFF,0x00,0x7F,
  0xFF,0x00,0x7F,0xFF,0x00,0x00,0x7F,0x00,0x00,0x7F,0xFE,0x00,0x7F,0xFE,0x00,0xFF,0xFE,0x00,0xFE,0xFF,0x01,0xFE,0x7F,0x83,
  0xFC,0x3F,0xFF,0xFC,0x3F,0xFF,0xF8,0x0F,0xFF,0xF0,0x07,0xFF,0xC0,0x01,0xFF,0x00,0x00,0x01,0xF8,0x0F,0xC0,0x3F,0xE0,0xFC,
  0x07,0xFF,0x0F,0xC0,0xFF,0xF8,0xFC,0x1F,0xFF,0xCF,0xC1,0xF8,0xFC,0xFC,0x3F,0x07,0xCF,0xC3,0xF0,0x7E,0xFC,0x3E,0x07,0xEF,
  0xC7,0xE0,0x7E,0xFC,0x7E,0x03,0xEF,0xC7,0xE0,0x3F,0xFF,0xFE,0x03,0xFF,0xFF,0xE0,0x3F,0xFF,0xFE,0x03,0xFF,0xFF,0xE0,0x3F,
  0xFF,0xFE,0x03,0xFF,0xC7,0xE0,0x3F,0xFC,0x7E,0x07,0xEF,0xC7,0xE0,0x7E,0xFC,0x7E,0x07,0xEF,0xC3,0xF0,0x7E,0xFC,0x3F,0x07,
  0xEF,0xC3,0xF8,0xFC,0xFC,0x1F,0xFF,0xCF,0xC1,0xFF,0xF8,0xFC,0x0F,0xFF,0x0F,0xC0,0x7F,0xE0,0x00,0x01,0xF8,0x00,0x00,0x7F,
  0xFF,0xC0,0xFF,0xFF,0xF0,0xFF,0xFF,0xFC,0x7F,0xFF,0xFF,0x1F,0xF8,0x1F,0xCF,0xF0,0x07,0xF3,0xFC,0x01,0xFC,0xFE,0x00,0x7F,
  0x3F,0x80,0x1F,0xCF,0xE0,0x07,0xF3,0xFC,0x01,0xFC,0x7F,0x80,0x7F,0x1F,0xFF,0xFF,0xC3,0xFF,0xFF,0xF0,0x7F,0xFF,0xFC,0x07,
  0xFF,0xFF,0x01,0xFC,0x1F,0xC0,0xFF,0x07,0xF0,0x3F,0x81,0xFC,0x1F,0xC0,0x7F,0x0F,0xF0,0x1F,0xC3,0xF8,0x07,0xF1,0xFC,0x01,
  0xFC,0xFF,0x00,0x7F,0x7F,0x80,0x1F,0xDF,0xC0,0x07,0xFF,0xF0,0x01,0xFC,0x07,0xF0,0x00,0x01,0xFE,0x00,0x00,0x1F,0xC0,0x00,
  0x03,0xF8,0x00,0x00,0x7F,0x00,0x00,0x07,0xE0,0x00,0x00,0xF8,0x00,0x00,0x00,0x00,0x00,0x00,0x00,0x00,0x1F,0xF0,0x00,0x1F,
  0xFF,0x00,0x1F,0xFF,0xE0,0x0F,0xFF,0xFC,0x07,0xFF,0xFF,0x81,0xFC,0x07,0xF0,0xFE,0x00,0xFC,0x3F,0x80,0x3F,0x9F,0xC0,0x07,
  0xE7,0xF0,0x01,0xFD,0xFC,0x00,0x7F,0x7F,0xFF,0xFF,0xFF,0xFF,0xFF,0xFF,0xFF,0xFF,0xFF,0xFF,0xFF,0xFF,0xFF,0x00,0x00,0x1F,
  0xC0,0x00,0x07,0xF0,0x00,0x01,0xFC,0x00,0x00,0x7F,0x00,0x00,0x1F,0xE0,0x00,0x03,0xF8,0x01,0xF8,0xFF,0x00,0xFE,0x1F,0xE0,
  0x7F,0x87,0xFF,0xFF,0xC0,0xFF,0xFF,0xE0,0x1F,0xFF,0xF0,0x01,0xFF,0xF0,0x00,0x1F,0xF0,0x00,0x07,0xE0,0xF8,0x01,0xF8,0x3E,
  0x00,0x7E,0x0F,0x80,0x1F,0x83,0xE0,0x07,0xE0,0xF8,0x00,0x00,0x00,0x00,0x00,0x00,0x00,0x01,0xFF,0x00,0x01,0xFF,0xF0,0x01,
  0xFF,0xFE,0x00,0xFF,0xFF,0xC0,0x7F,0xFF,0xF8,0x1F,0xC0,0x7F,0x0F,0xE0,0x0F,0xC3,0xF8,0x03,0xF9,0xFC,0x00,0x7E,0x7F,0x00,
  0x1F,0xDF,0xC0,0x07,0xF7,0xFF,0xFF,0xFF,0xFF,0xFF,0xFF,0xFF,0xFF,0xFF,0xFF,0xFF,0xFF,0xFF,0xF0,0x00,0x01,0xFC,0x00,0x00,
  0x7F,0x00,0x00,0x1F,0xC0,0x00,0x07,0xF0,0x00,0x01,0xFE,0x00,0x00,0x3F,0x80,0x1F,0x8F,0xF0,0x0F,0xE1,0xFE,0x07,0xF8,0x7F,
  0xFF,0xFC,0x0F,0xFF,0xFE,0x01,0xFF,0xFF,0x00,0x1F,0xFF,0x00,0x01,0xFF,0x00,0x1F,0xE0,0x00,0x01,0xFE,0x00,0x00,0x1F,0xE0,
  0x00,0x0F,0xFF,0xFC,0x00,0xFF,0xFF,0xC0,0x0F,0xFF,0xFC,0x00,0xFF,0xFF,0xC0,0x01,0xFE,0x00,0x00,0x1F,0xE0,0x00,0x01,0xFE,
  0x00,0x00,0x1F,0xE0,0x00,0x01,0xFE,0x0F,0xE0,0x1F,0xE3,0xFF,0x01,0xFE,0x7F,0xF8,0x1F,0xEF,0xFF,0xC1,0xFD,0xFF,0xFE,0x1F,
  0xFE,0x7F,0xE1,0xFF,0x81,0xFE,0x1F,0xF0,0x0F,0xE1,0xFF,0x00,0xFE,0x1F,0xE0,0x0F,0xF1,0xFE,0x00,0xFF,0x1F,0xE0,0x0F,0xF1,
  0xFE,0x00,0xFF,0x1F,0xE0,0x0F,0xF1,0xFE,0x00,0xFF,0x1F,0xE0,0x0F,0xF1,0xFE,0x00,0xFF,0x1F,0xE0,0x0F,0xF1,0xFE,0x00,0xFF,
  0x1F,0xE0,0x0F,0xF1,0xFE,0x00,0xFF,0x1F,0xE0,0x0F,0xF1,0xFE,0x00,0xFF,0x1F,0xE0,0x0F,0xF1,0xFE,0x00,0xFF,0x1F,0xE0,0x0F,
  0xF0,0x00,0x00,0xFF,0x00,0x00,0x0F,0xF0,0x00,0x00,0xFF,0x00,0x00,0x0F,0xF0,0x00,0x00,0xFF,0x00,0x00,0x1F,0xE0,0x00,0x0F,
  0xFE,0x00,0x00,0xFF,0xE0,0x00,0x0F,0xFC,0x00,0x00,0xFF,0x80,0x00,0x0F,0xF0,0x00,0x0F,0xF0,0x00,0xFF,0x00,0x0F,0xF0,0x00,
  0xFE,0x00,0x0F,0xE0,0x00,0xFC,0x00,0x07,0xC0,0x00,0x00,0x00,0x00,0x00,0x00,0x00,0x00,0x3F,0xFF,0xFF,0xFF,0xFF,0xFF,0xFF,
  0xFF,0xFF,0xFF,0xFF,0xFF,0xFF,0xFF,0xC0,0x00,0xFE,0x00,0x07,0xF0,0x00,0x3F,0x80,0x01,0xFC,0x00,0x0F,0xE0,0x00,0x7F,0x00,
  0x03,0xF8,0x00,0x1F,0xC0,0x00,0xFE,0x00,0x07,0xF0,0x00,0x3F,0x80,0x01,0xFC,0x00,0x0F,0xE0,0x00,0x7F,0x00,0x03,0xF8,0x00,
  0x1F,0xC0,0x00,0xFE,0x00,0x07,0xF0,0x00,0x3F,0x80,0x01,0xFC,0x00,0x0F,0xE0,0x00,0x00,0x00,0x7F,0x80,0x00,0xFF,0xF0,0x01,
  0xFF,0xFE,0x01,0xFF,0xFF,0x81,0xFF,0xFF,0xE1,0xFE,0x0F,0xF0,0xFE,0x03,0xFC,0xFF,0x00,0xFE,0x7F,0x00,0x7F,0xBF,0x80,0x1F,
  0xDF,0xC0,0x00,0x1F,0xE0,0x00,0x0F,0xFF,0xE0,0x07,0xFF,0xF0,0x03,0xFF,0xF8,0x01,0xFF,0xFC,0x00,0xFF,0xFE,0x00,0x7F,0x80,
  0x00,0x3F,0xC0,0x00,0x0F,0xE0,0x07,0xF7,0xF0,0x03,0xFB,0xFC,0x03,0xFC,0xFE,0x01,0xFC,0x7F,0x83,0xFE,0x1F,0xFF,0xFE,0x07,
  0xFF,0xFE,0x01,0xFF,0xFE,0x00,0x7F,0xFE,0x00,0x07,0xF8,0x00,0x00,0xFF,0x80,0x03,0xFF,0xF8,0x03,0xFF,0xFE,0x03,0xFF,0xFF,
  0x83,0xFF,0xFF,0xE1,0xFC,0x07,0xF1,0xFC,0x01,0xFC,0xFE,0x00,0xFC,0x7F,0x00,0x00,0x3F,0x80,0x00,0x1F,0xF8,0x00,0x07,0xFF,
  0xC0,0x03,0xFF,0xFC,0x00,0xFF,0xFF,0xC0,0x3F,0xFF,0xF0,0x07,0xFF,0xFC,0x00,0x7F,0xFF,0x00,0x03,0xFF,0x80,0x00,0x3F,0xC0,
  0x00,0x0F,0xE0,0x00,0x03,0xF9,0xE0,0x01,0xFB,0xF8,0x00,0xFC,0xFE,0x00,0xFE,0x7F,0xFF,0xFE,0x1F,0xFF,0xFF,0x07,0xFF,0xFF,
  0x01,0xFF,0xFE,0x00,0x1F,0xF8,0x00,0x00,0x3F,0x80,0x00,0x0F,0xE0,0x00,0x03,0xF8,0x00,0x00,0xFE,0x00,0x00,0x3F,0x80,0x00,
  0x00,0x00,0x00,0x00,0x00,0x00,0x00,0x00,0x00,0x00,0x00,0x00,0x00,0x00,0x00,0x03,0xFF,0xF8,0x00,0xFF,0xFE,0x00,0x3F,0xFF,
  0x80,0x0F,0xFF,0xE0,0x01,0xFF,0xF8,0x00,0x00,0xFE,0x00,0x00,0x3F,0x80,0x00,0x0F,0xE0,0x00,0x03,0xF8,0x00,0x00,0xFE,0x00,
  0x00,0x3F,0x80,0x00,0x0F,0xE0,0x00,0x03,0xF8,0x00,0x00,0xFE,0x00,0x00,0x3F,0x80,0x00,0x0F,0xE0,0x00,0x03,0xF8,0x00,0x00,
  0xFE,0x00,0x00,0x3F,0x80,0x00,0x0F,0xE0,0x00,0x03,0xF8,0x00,0x00,0xFE,0x00,0xFF,0xFF,0xFF,0xBF,0xFF,0xFF,0xFF,0xFF,0xFF,
  0xFF,0xFF,0xFF,0xFF,0xFF,0xFF,0xFF,0xC0,0x07,0xE0,0xF8,0x01,0xF8,0x3E,0x00,0x7E,0x0F,0x80,0x1F,0x83,0xE0,0x07,0xE0,0xF8,
  0x00,0x00,0x00,0x00,0x00,0x00,0x00,0x00,0x00,0x00,0x3F,0xFF,0x80,0x0F,0xFF,0xE0,0x03,0xFF,0xF8,0x00,0xFF,0xFE,0x00,0x1F,
  0xFF,0x80,0x00,0x0F,0xE0,0x00,0x03,0xF8,0x00,0x00,0xFE,0x00,0x00,0x3F,0x80,0x00,0x0F,0xE0,0x00,0x03,0xF8,0x00,0x00,0xFE,
  0x00,0x00,0x3F,0x80,0x00,0x0F,0xE0,0x00,0x03,0xF8,0x00,0x00,0xFE,0x00,0x00,0x3F,0x80,0x00,0x0F,0xE0,0x00,0x03,0xF8,0x00,
  0x00,0xFE,0x00,0x00,0x3F,0x80,0x00,0x0F,0xE0,0x0F,0xFF,0xFF,0xFB,0xFF,0xFF,0xFF,0xFF,0xFF,0xFF,0xFF,0xFF,0xFF,0xFF,0xFF,
  0xFF,0xFC,0x00,0x1F,0xE0,0x03,0xFC,0x00,0x7F,0x80,0x0F,0xF0,0x01,0xFE,0x00,0x00,0x00,0x00,0x00,0x00,0x00,0x00,0x00,0x00,
  0x00,0x00,0x7F,0xFF,0x8F,0xFF,0xF1,0xFF,0xFE,0x3F,0xFF,0xC7,0xFF,0xF8,0x00,0xFF,0x00,0x1F,0xE0,0x03,0xFC,0x00,0x7F,0x80,
  0x0F,0xF0,0x01,0xFE,0x00,0x3F,0xC0,0x07,0xF8,0x00,0xFF,0x00,0x1F,0xE0,0x03,0xFC,0x00,0x7F,0x80,0x0F,0xF0,0x01,0xFE,0x00,
  0x3F,0xC0,0x07,0xF8,0x00,0xFF,0x00,0x1F,0xE0,0x03,0xFC,0x00,0x7F,0x80,0x0F,0xF0,0x01,0xFE,0x00,0x3F,0xC0,0x07,0xF8,0x00,
  0xFE,0x00,0x1F,0xC0,0x07,0xFB,0xFF,0xFF,0x7F,0xFF,0xCF,0xFF,0xF1,0xFF,0xFC,0x3F,0xFF,0x01,0xFF,0x00,0x03,0xFF,0xE0,0x00,
  0x0F,0xFF,0xC0,0x00,0x1F,0xFF,0x80,0x00,0x3F,0xFF,0x00,0x00,0x7F,0xFE,0x00,0x00,0xFC,0xFC,0x00,0x01,0xF1,0xF8,0x00,0x03,
  0xE3,0xF0,0x00,0x07,0xC7,0xE0,0x00,0x0F,0x8F,0xC0,0x00,0x1F,0x1F,0x80,0x00,0x3E,0x3F,0xFC,0x00,0x7C,0x7F,0xFF,0x01,0xF8,
  0xFF,0xFF,0x03,0xF1,0xFF,0xFF,0x07,0xE3,0xFB,0xFE,0x0F,0xC7,0xE0,0xFC,0x1F,0x8F,0xC1,0xFC,0x3E,0x1F,0x83,0xF8,0x7C,0x3F,
  0x07,0xF0,0xF8,0x7E,0x0F,0xE3,0xF0,0xFC,0x1F,0x87,0xE1,0xF8,0xFF,0x1F,0xC3,0xFF,0xFC,0xFF,0x07,0xFF,0xF9,0xFE,0x0F,0xFF,
  0xC3,0xF8,0x1F,0xFE,0x07,0xE0,0x00,0x00,0x00,0xFC,0x1F,0x80,0x07,0xE0,0xFC,0x00,0x3F,0x07,0xE0,0x01,0xF8,0x3F,0x00,0x0F,
  0xC1,0xF8,0x00,0x7E,0x0F,0xC0,0x03,0xF0,0x7E,0x00,0x1F,0x83,0xF0,0x00,0xFC,0x1F,0x80,0x07,0xE0,0xFC,0x00,0x3F,0x07,0xE0,
  0x01,0xFF,0xFF,0xFC,0x0F,0xFF,0xFF,0xFC,0x7F,0xFF,0xFF,0xF3,0xFF,0xFF,0xFF,0xDF,0xC3,0xFB,0xFE,0xFC,0x1F,0x83,0xF7,0xE0,
  0xFC,0x1F,0xFF,0x07,0xE0,0xFF,0xF8,0x3F,0x07,0xFF,0xC1,0xF8,0x3F,0xFE,0x0F,0xC1,0xFB,0xF0,0x7E,0x3F,0xDF,0x83,0xFF,0xFC,
  0xFC,0x1F,0xFF,0xE7,0xE0,0xFF,0xFC,0x3F,0x07,0xFF,0x80,0x1F,0xE0,0x00,0x01,0xFE,0x00,0x00,0x1F,0xE0,0x00,0x0F,0xFF,0xFC,
  0x00,0xFF,0xFF,0xC0,0x0F,0xFF,0xFC,0x00,0xFF,0xFF,0xC0,0x01,0xFE,0x00,0x00,0x1F,0xE0,0x00,0x01,0xFE,0x00,0x00,0x1F,0xE0,
  0x00,0x01,0xFE,0x0F,0xE0,0x1F,0xE3,0xFF,0x01,0xFE,0x7F,0xF8,0x1F,0xEF,0xFF,0xC1,0xFD,0xFF,0xFE,0x1F,0xFE,0x3F,0xE1,0xFF,
  0x81,0xFE,0x1F,0xF0,0x0F,0xE1,0xFF,0x00,0xFE,0x1F,0xE0,0x0F,0xF1,0xFE,0x00,0xFF,0x1F,0xE0,0x0F,0xF1,0xFE,0x00,0xFF,0x1F,
  0xE0,0x0F,0xF1,0xFE,0x00,0xFF,0x1F,0xE0,0x0F,0xF1,0xFE,0x00,0xFF,0x1F,0xE0,0x0F,0xF1,0xFE,0x00,0xFF,0x1F,0xE0,0x0F,0xF1,
  0xFE,0x00,0xFF,0x1F,0xE0,0x0F,0xF1,0xFE,0x00,0xFF,0x1F,0xE0,0x0F,0xF1,0xFE,0x00,0xFF,0x1F,0xE0,0x0F,0xF0,0x00,0x03,0xF8,
  0x00,0x01,0xFE,0x00,0x00,0xFE,0x00,0x00,0x7F,0x00,0x00,0x3F,0x80,0x00,0x1F,0x80,0x00,0x07,0xC0,0x00,0x00,0x00,0x00,0x00,
  0x00,0x00,0x00,0x00,0x00,0x0F,0xF0,0x03,0xFB,0xFC,0x01,0xFE,0xFF,0x00,0x7F,0x3F,0xC0,0x3F,0x8F,0xF0,0x1F,0xE3,0xFC,0x07,
  0xF0,0xFF,0x03,0xF8,0x3F,0xC0,0xFE,0x0F,0xF0,0x7F,0x03,0xFC,0x3F,0xC0,0xFF,0x3F,0xE0,0x3F,0xFF,0xF0,0x0F,0xFF,0xF8,0x03,
  0xFF,0xFE,0x00,0xFF,0xFF,0xC0,0x3F,0xF7,0xF0,0x0F,0xF0,0xFE,0x03,0xFC,0x1F,0xC0,0xFF,0x07,0xF0,0x3F,0xC0,0xFE,0x0F,0xF0,
  0x3F,0xC3,0xFC,0x07,0xF0,0xFF,0x00,0xFE,0x3F,0xC0,0x3F,0xCF,0xF0,0x07,0xF3,0xFC,0x01,0xFE,0xFF,0x00,0x3F,0xC0,0x1F,0xC0,
  0x00,0x0F,0xE0,0x00,0x07,0xF0,0x00,0x01,0xF8,0x00,0x00,0xFC,0x00,0x00,0x7E,0x00,0x00,0x1F,0x00,0x00,0x00,0x00,0x00,0x00,
  0x00,0x00,0x00,0x00,0xFE,0x00,0x7F,0xFE,0x00,0xFF,0xFE,0x00,0xFF,0xFE,0x01,0xFF,0xFE,0x03,0xFF,0xFE,0x03,0xFF,0xFE,0x07,
  0xFF,0xFE,0x07,0xFF,0xFE,0x0F,0xFF,0xFE,0x0F,0xBF,0xFE,0x1F,0xBF,0xFE,0x1F,0x3F,0xFE,0x3F,0x3F,0xFE,0x7E,0x3F,0xFE,0x7E,
  0x3F,0xFE,0xFC,0x3F,0xFE,0xFC,0x3F,0xFF,0xF8,0x3F,0xFF,0xF8,0x3F,0xFF,0xF0,0x3F,0xFF,0xE0,0x3F,0xFF,0xE0,0x3F,0xFF,0xC0,
  0x3F,0xFF,0xC0,0x3F,0xFF,0x80,0x3F,0xFF,0x80,0x3F,0xFF,0x00,0x3F,0x0F,0xC0,0x1F,0x80,0x7C,0x01,0xF8,0x07,0xE0,0x3F,0x00,
  0x7F,0xFF,0xF0,0x03,0xFF,0xFE,0x00,0x1F,0xFF,0xC0,0x00,0x7F,0xF0,0x00,0x00,0x00,0x00,0x00,0x00,0x00,0x0F,0xF0,0x00,0x7F,
  0xFF,0x00,0x07,0xF7,0xF0,0x00,0xFF,0x7F,0x80,0x0F,0xE3,0xF8,0x00,0xFE,0x3F,0x80,0x1F,0xE1,0xFC,0x01,0xFC,0x1F,0xC0,0x1F,
  0xC1,0xFC,0x03,0xF8,0x0F,0xE0,0x3F,0x80,0xFE,0x03,0xF8,0x07,0xF0,0x7F,0x00,0x7F,0x07,0xF0,0x03,0xF0,0x7E,0x00,0x3F,0x8F,
  0xE0,0x03,0xF8,0xFE,0x00,0x1F,0x8F,0xC0,0x01,0xFC,0xFC,0x00,0x0F,0xDF,0x80,0x00,0xFD,0xF8,0x00,0x0F,0xFF,0x80,0x00,0x7F,
  0xF0,0x00,0x07,0xFF,0x00,0x00,0x3F,0xE0,0x00,0x03,0xFE,0x00,0x00,0x1F,0xE0,0x00,0x01,0xFC,0x00,0x00,0x1F,0xC0,0x00,0x03,
  0xFC,0x00,0x00,0x3F,0x80,0x00,0x07,0xF8,0x00,0x00,0xFF,0x00,0x01,0xFF,0xF0,0x00,0x3F,0xFE,0x00,0x03,0xFF,0xC0,0x00,0x3F,
  0xF8,0x00,0x03,0xFF,0x00,0x00,0x0F,0x80,0x00,0x00,0xFF,0x00,0x7F,0xFF,0x00,0x7F,0xFF,0x00,0x7F,0xFF,0x00,0x7F,0xFF,0x00,
  0x7F,0xFF,0x00,0x7F,0xFF,0x00,0x7F,0xFF,0x00,0x7F,0xFF,0x00,0x7F,0xFF,0x00,0x7F,0xFF,0x00,0x7F,0xFF,0x00,0x7F,0xFF,0x00,
  0x7F,0xFF,0x00,0x7F,0xFF,0x00,0x7F,0xFF,0x00,0x7F,0xFF,0x00,0x7F,0xFF,0x00,0x7F,0xFF,0x00,0x7F,0xFF,0x00,0x7F,0xFF,0x00,
  0x7F,0xFF,0x00,0x7F,0xFF,0xFF,0xFF,0xFF,0xFF,0xFF,0xFF,0xFF,0xFF,0xFF,0xFF,0xFF,0xFF,0xFF,0xFF,0x00,0x7E,0x00,0x00,0x7E,
  0x00,0x00,0x7E,0x00,0x00,0x7E,0x00,0x00,0x7E,0x00,0x00,0x7E,0x00,0x00,0x7E,0x00,0x00,0x7E,0x00,0x00,0x7E,0x00,0x00,0x7E,
  0x00,
  0x00};
static const lgfx::GFXglyph LibMono34_glyphs[] PROGMEM = {
  {0,0,0,31,0,0},
  {0,7,34,31,12,-34},
  {30,18,15,31,6,-37},
  {64,28,34,31,1,-34},
  {183,27,42,31,2,-38},
  {325,31,36,31,0,-35},
  {465,29,36,31,1,-35},
  {596,7,15,31,12,-37},
  {610,14,48,31,9,-37},
  {694,14,48,31,8,-37},
  {778,19,19,31,6,-37},
  {824,26,26,31,2,-30},
  {909,12,16,31,6,-8},
  {933,15,6,31,8,-16},
  {945,7,8,31,12,-8},
  {952,26,38,31,2,-37},
  {1076,25,36,31,3,-35},
  {1189,26,34,31,3,-34},
  {1300,25,35,31,3,-35},
  {1410,26,36,31,2,-35},
  {1527,27,34,31,2,-34},
  {1642,25,35,31,3,-34},
  {1752,25,36,31,3,-35},
  {1865,24,34,31,3,-34},
  {1967,25,36,31,3,-35},
  {2080,25,36,31,3,-35},
  {2193,7,27,31,12,-27},
  {2217,12,35,31,8,-27},
  {2270,26,28,31,2,-31},
  {2361,26,20,31,2,-27},
  {2426,26,28,31,2,-31},
  {2517,26,35,31,2,-35},
  {2631,29,44,31,1,-37},
  {2791,31,34,31,0,-34},
  {2923,27,34,31,3,-34},
  {3038,27,36,31,2,-35},
  {3160,26,34,31,3,-34},
  {3271,26,34,31,3,-34},
  {3382,24,34,31,4,-34},
  {3484,26,36,31,2,-35},
  {3601,24,34,31,3,-34},
  {3703,23,34,31,4,-34},
  {3801,22,35,31,3,-34},
  {3898,27,34,31,3,-34},
  {4013,23,34,31,5,-34},
  {4111,26,34,31,2,-34},
  {4222,24,34,31,3,-34},
  {4324,27,36,31,2,-35},
  {4446,25,34,31,3,-34},
  {4553,27,45,31,2,-35},
  {4705,27,34,31,3,-34},
  {4820,28,36,31,1,-35},
  {4946,28,34,31,1,-34},
  {5065,24,35,31,3,-34},
  {5170,30,34,31,0,-34},
  {5298,31,34,31,0,-34},
  {5430,30,34,31,0,-34},
  {5558,30,34,31,0,-34},
  {5686,26,34,31,2,-34},
  {5797,15,48,31,9,-37},
  {5887,26,38,31,2,-37},
  {6011,15,48,31,6,-37},
  {6101,28,22,31,1,-35},
  {6178,31,2,31,0,3},
  {6186,12,7,31,9,-36},
  {6197,26,29,31,3,-28},
  {6292,25,38,31,3,-37},
  {6411,24,29,31,3,-28},
  {6498,25,38,31,2,-37},
  {6617,26,29,31,2,-28},
  {6712,25,38,31,3,-38},
  {6831,25,39,31,3,-28},
  {6953,25,37,31,3,-37},
  {7069,26,37,31,3,-37},
  {7190,19,48,31,3,-37},
  {7304,25,37,31,4,-37},
  {7420,24,37,31,5,-37},
  {7531,27,28,31,2,-28},
  {7626,25,28,31,3,-28},
  {7714,26,29,31,2,-28},
  {7809,25,39,31,3,-28},
  {7931,25,39,31,2,-28},
  {8053,22,28,31,5,-28},
  {8130,25,29,31,3,-28},
  {8221,22,35,31,4,-34},
  {8318,24,28,31,3,-27},
  {8402,29,27,31,1,-27},
  {8500,30,27,31,0,-27},
  {8602,27,27,31,2,-27},
  {8694,28,38,31,1,-27},
  {8827,24,27,31,3,-27},
  {8908,21,48,31,5,-37},
  {9034,7,48,31,12,-37},
  {9076,21,48,31,5,-37},
  {9202,26,8,31,2,-21},
  {0,0,0,0,0,0},
  {0,0,0,0,0,0},
  {0,0,0,0,0,0},
  {0,0,0,0,0,0},
  {0,0,0,0,0,0},
  {0,0,0,0,0,0},
  {0,0,0,0,0,0},
  {0,0,0,0,0,0},
  {0,0,0,0,0,0},
  {0,0,0,0,0,0},
  {0,0,0,0,0,0},
  {0,0,0,0,0,0},
  {0,0,0,0,0,0},
  {0,0,0,0,0,0},
  {0,0,0,0,0,0},
  {0,0,0,0,0,0},
  {0,0,0,0,0,0},
  {0,0,0,0,0,0},
  {0,0,0,0,0,0},
  {0,0,0,0,0,0},
  {0,0,0,0,0,0},
  {0,0,0,0,0,0},
  {0,0,0,0,0,0},
  {0,0,0,0,0,0},
  {0,0,0,0,0,0},
  {0,0,0,0,0,0},
  {0,0,0,0,0,0},
  {0,0,0,0,0,0},
  {0,0,0,0,0,0},
  {0,0,0,0,0,0},
  {0,0,0,0,0,0},
  {0,0,0,0,0,0},
  {0,0,0,0,0,0},
  {0,0,0,0,0,0},
  {0,0,0,0,0,0},
  {0,0,0,0,0,0},
  {0,0,0,0,0,0},
  {0,0,0,0,0,0},
  {0,0,0,0,0,0},
  {0,0,0,0,0,0},
  {0,0,0,0,0,0},
  {0,0,0,0,0,0},
  {0,0,0,0,0,0},
  {0,0,0,0,0,0},
  {0,0,0,0,0,0},
  {0,0,0,0,0,0},
  {0,0,0,0,0,0},
  {0,0,0,0,0,0},
  {0,0,0,0,0,0},
  {9228,16,16,31,7,-35},
  {0,0,0,0,0,0},
  {0,0,0,0,0,0},
  {0,0,0,0,0,0},
  {0,0,0,0,0,0},
  {0,0,0,0,0,0},
  {0,0,0,0,0,0},
  {0,0,0,0,0,0},
  {0,0,0,0,0,0},
  {0,0,0,0,0,0},
  {0,0,0,0,0,0},
  {0,0,0,0,0,0},
  {0,0,0,0,0,0},
  {0,0,0,0,0,0},
  {0,0,0,0,0,0},
  {0,0,0,0,0,0},
  {0,0,0,0,0,0},
  {0,0,0,0,0,0},
  {0,0,0,0,0,0},
  {0,0,0,0,0,0},
  {0,0,0,0,0,0},
  {0,0,0,0,0,0},
  {0,0,0,0,0,0},
  {0,0,0,0,0,0},
  {0,0,0,0,0,0},
  {0,0,0,0,0,0},
  {0,0,0,0,0,0},
  {0,0,0,0,0,0},
  {0,0,0,0,0,0},
  {0,0,0,0,0,0},
  {0,0,0,0,0,0},
  {0,0,0,0,0,0},
  {0,0,0,0,0,0},
  {0,0,0,0,0,0},
  {0,0,0,0,0,0},
  {0,0,0,0,0,0},
  {0,0,0,0,0,0},
  {0,0,0,0,0,0},
  {0,0,0,0,0,0},
  {0,0,0,0,0,0},
  {0,0,0,0,0,0},
  {0,0,0,0,0,0},
  {0,0,0,0,0,0},
  {0,0,0,0,0,0},
  {0,0,0,0,0,0},
  {0,0,0,0,0,0},
  {0,0,0,0,0,0},
  {0,0,0,0,0,0},
  {0,0,0,0,0,0},
  {0,0,0,0,0,0},
  {0,0,0,0,0,0},
  {0,0,0,0,0,0},
  {0,0,0,0,0,0},
  {0,0,0,0,0,0},
  {0,0,0,0,0,0},
  {0,0,0,0,0,0},
  {0,0,0,0,0,0},
  {0,0,0,0,0,0},
  {0,0,0,0,0,0},
  {0,0,0,0,0,0},
  {0,0,0,0,0,0},
  {0,0,0,0,0,0},
  {0,0,0,0,0,0},
  {0,0,0,0,0,0},
  {0,0,0,0,0,0},
  {0,0,0,0,0,0},
  {0,0,0,0,0,0},
  {0,0,0,0,0,0},
  {0,0,0,0,0,0},
  {0,0,0,0,0,0},
  {0,0,0,0,0,0},
  {0,0,0,0,0,0},
  {0,0,0,0,0,0},
  {0,0,0,0,0,0},
  {0,0,0,0,0,0},
  {0,0,0,0,0,0},
  {0,0,0,0,0,0},
  {0,0,0,0,0,0},
  {0,0,0,0,0,0},
  {0,0,0,0,0,0},
  {0,0,0,0,0,0},
  {0,0,0,0,0,0},
  {0,0,0,0,0,0},
  {0,0,0,0,0,0},
  {0,0,0,0,0,0},
  {0,0,0,0,0,0},
  {0,0,0,0,0,0},
  {0,0,0,0,0,0},
  {0,0,0,0,0,0},
  {0,0,0,0,0,0},
  {0,0,0,0,0,0},
  {0,0,0,0,0,0},
  {0,0,0,0,0,0},
  {0,0,0,0,0,0},
  {0,0,0,0,0,0},
  {0,0,0,0,0,0},
  {0,0,0,0,0,0},
  {0,0,0,0,0,0},
  {0,0,0,0,0,0},
  {0,0,0,0,0,0},
  {0,0,0,0,0,0},
  {0,0,0,0,0,0},
  {0,0,0,0,0,0},
  {0,0,0,0,0,0},
  {0,0,0,0,0,0},
  {0,0,0,0,0,0},
  {0,0,0,0,0,0},
  {0,0,0,0,0,0},
  {0,0,0,0,0,0},
  {0,0,0,0,0,0},
  {0,0,0,0,0,0},
  {0,0,0,0,0,0},
  {0,0,0,0,0,0},
  {0,0,0,0,0,0},
  {0,0,0,0,0,0},
  {0,0,0,0,0,0},
  {0,0,0,0,0,0},
  {0,0,0,0,0,0},
  {0,0,0,0,0,0},
  {0,0,0,0,0,0},
  {0,0,0,0,0,0},
  {0,0,0,0,0,0},
  {0,0,0,0,0,0},
  {0,0,0,0,0,0},
  {0,0,0,0,0,0},
  {0,0,0,0,0,0},
  {0,0,0,0,0,0},
  {0,0,0,0,0,0},
  {0,0,0,0,0,0},
  {0,0,0,0,0,0},
  {0,0,0,0,0,0},
  {0,0,0,0,0,0},
  {0,0,0,0,0,0},
  {0,0,0,0,0,0},
  {0,0,0,0,0,0},
  {0,0,0,0,0,0},
  {0,0,0,0,0,0},
  {0,0,0,0,0,0},
  {0,0,0,0,0,0},
  {0,0,0,0,0,0},
  {0,0,0,0,0,0},
  {0,0,0,0,0,0},
  {0,0,0,0,0,0},
  {0,0,0,0,0,0},
  {0,0,0,0,0,0},
  {0,0,0,0,0,0},
  {0,0,0,0,0,0},
  {0,0,0,0,0,0},
  {0,0,0,0,0,0},
  {0,0,0,0,0,0},
  {0,0,0,0,0,0},
  {0,0,0,0,0,0},
  {0,0,0,0,0,0},
  {0,0,0,0,0,0},
  {0,0,0,0,0,0},
  {0,0,0,0,0,0},
  {0,0,0,0,0,0},
  {0,0,0,0,0,0},
  {0,0,0,0,0,0},
  {0,0,0,0,0,0},
  {0,0,0,0,0,0},
  {0,0,0,0,0,0},
  {0,0,0,0,0,0},
  {0,0,0,0,0,0},
  {0,0,0,0,0,0},
  {0,0,0,0,0,0},
  {0,0,0,0,0,0},
  {0,0,0,0,0,0},
  {0,0,0,0,0,0},
  {0,0,0,0,0,0},
  {0,0,0,0,0,0},
  {0,0,0,0,0,0},
  {0,0,0,0,0,0},
  {0,0,0,0,0,0},
  {0,0,0,0,0,0},
  {0,0,0,0,0,0},
  {0,0,0,0,0,0},
  {0,0,0,0,0,0},
  {0,0,0,0,0,0},
  {0,0,0,0,0,0},
  {0,0,0,0,0,0},
  {0,0,0,0,0,0},
  {0,0,0,0,0,0},
  {0,0,0,0,0,0},
  {0,0,0,0,0,0},
  {0,0,0,0,0,0},
  {0,0,0,0,0,0},
  {0,0,0,0,0,0},
  {0,0,0,0,0,0},
  {0,0,0,0,0,0},
  {0,0,0,0,0,0},
  {0,0,0,0,0,0},
  {0,0,0,0,0,0},
  {0,0,0,0,0,0},
  {0,0,0,0,0,0},
  {0,0,0,0,0,0},
  {0,0,0,0,0,0},
  {0,0,0,0,0,0},
  {0,0,0,0,0,0},
  {0,0,0,0,0,0},
  {0,0,0,0,0,0},
  {0,0,0,0,0,0},
  {0,0,0,0,0,0},
  {0,0,0,0,0,0},
  {0,0,0,0,0,0},
  {0,0,0,0,0,0},
  {0,0,0,0,0,0},
  {0,0,0,0,0,0},
  {0,0,0,0,0,0},
  {0,0,0,0,0,0},
  {0,0,0,0,0,0},
  {0,0,0,0,0,0},
  {0,0,0,0,0,0},
  {0,0,0,0,0,0},
  {0,0,0,0,0,0},
  {0,0,0,0,0,0},
  {0,0,0,0,0,0},
  {0,0,0,0,0,0},
  {0,0,0,0,0,0},
  {0,0,0,0,0,0},
  {0,0,0,0,0,0},
  {0,0,0,0,0,0},
  {0,0,0,0,0,0},
  {0,0,0,0,0,0},
  {0,0,0,0,0,0},
  {0,0,0,0,0,0},
  {0,0,0,0,0,0},
  {0,0,0,0,0,0},
  {0,0,0,0,0,0},
  {0,0,0,0,0,0},
  {0,0,0,0,0,0},
  {0,0,0,0,0,0},
  {0,0,0,0,0,0},
  {0,0,0,0,0,0},
  {0,0,0,0,0,0},
  {0,0,0,0,0,0},
  {0,0,0,0,0,0},
  {0,0,0,0,0,0},
  {0,0,0,0,0,0},
  {0,0,0,0,0,0},
  {0,0,0,0,0,0},
  {0,0,0,0,0,0},
  {0,0,0,0,0,0},
  {0,0,0,0,0,0},
  {0,0,0,0,0,0},
  {0,0,0,0,0,0},
  {0,0,0,0,0,0},
  {0,0,0,0,0,0},
  {0,0,0,0,0,0},
  {0,0,0,0,0,0},
  {0,0,0,0,0,0},
  {0,0,0,0,0,0},
  {0,0,0,0,0,0},
  {0,0,0,0,0,0},
  {0,0,0,0,0,0},
  {0,0,0,0,0,0},
  {0,0,0,0,0,0},
  {0,0,0,0,0,0},
  {0,0,0,0,0,0},
  {0,0,0,0,0,0},
  {0,0,0,0,0,0},
  {0,0,0,0,0,0},
  {0,0,0,0,0,0},
  {0,0,0,0,0,0},
  {0,0,0,0,0,0},
  {0,0,0,0,0,0},
  {0,0,0,0,0,0},
  {0,0,0,0,0,0},
  {0,0,0,0,0,0},
  {0,0,0,0,0,0},
  {0,0,0,0,0,0},
  {0,0,0,0,0,0},
  {0,0,0,0,0,0},
  {0,0,0,0,0,0},
  {0,0,0,0,0,0},
  {0,0,0,0,0,0},
  {0,0,0,0,0,0},
  {0,0,0,0,0,0},
  {0,0,0,0,0,0},
  {0,0,0,0,0,0},
  {0,0,0,0,0,0},
  {0,0,0,0,0,0},
  {0,0,0,0,0,0},
  {0,0,0,0,0,0},
  {0,0,0,0,0,0},
  {0,0,0,0,0,0},
  {0,0,0,0,0,0},
  {0,0,0,0,0,0},
  {0,0,0,0,0,0},
  {0,0,0,0,0,0},
  {0,0,0,0,0,0},
  {0,0,0,0,0,0},
  {0,0,0,0,0,0},
  {0,0,0,0,0,0},
  {0,0,0,0,0,0},
  {0,0,0,0,0,0},
  {0,0,0,0,0,0},
  {0,0,0,0,0,0},
  {0,0,0,0,0,0},
  {0,0,0,0,0,0},
  {0,0,0,0,0,0},
  {0,0,0,0,0,0},
  {0,0,0,0,0,0},
  {0,0,0,0,0,0},
  {0,0,0,0,0,0},
  {0,0,0,0,0,0},
  {0,0,0,0,0,0},
  {0,0,0,0,0,0},
  {0,0,0,0,0,0},
  {0,0,0,0,0,0},
  {0,0,0,0,0,0},
  {0,0,0,0,0,0},
  {0,0,0,0,0,0},
  {0,0,0,0,0,0},
  {0,0,0,0,0,0},
  {0,0,0,0,0,0},
  {0,0,0,0,0,0},
  {0,0,0,0,0,0},
  {0,0,0,0,0,0},
  {0,0,0,0,0,0},
  {0,0,0,0,0,0},
  {0,0,0,0,0,0},
  {0,0,0,0,0,0},
  {0,0,0,0,0,0},
  {0,0,0,0,0,0},
  {0,0,0,0,0,0},
  {0,0,0,0,0,0},
  {0,0,0,0,0,0},
  {0,0,0,0,0,0},
  {0,0,0,0,0,0},
  {0,0,0,0,0,0},
  {0,0,0,0,0,0},
  {0,0,0,0,0,0},
  {0,0,0,0,0,0},
  {0,0,0,0,0,0},
  {0,0,0,0,0,0},
  {0,0,0,0,0,0},
  {0,0,0,0,0,0},
  {0,0,0,0,0,0},
  {0,0,0,0,0,0},
  {0,0,0,0,0,0},
  {0,0,0,0,0,0},
  {0,0,0,0,0,0},
  {0,0,0,0,0,0},
  {0,0,0,0,0,0},
  {0,0,0,0,0,0},
  {0,0,0,0,0,0},
  {0,0,0,0,0,0},
  {0,0,0,0,0,0},
  {0,0,0,0,0,0},
  {0,0,0,0,0,0},
  {0,0,0,0,0,0},
  {0,0,0,0,0,0},
  {0,0,0,0,0,0},
  {0,0,0,0,0,0},
  {0,0,0,0,0,0},
  {0,0,0,0,0,0},
  {0,0,0,0,0,0},
  {0,0,0,0,0,0},
  {0,0,0,0,0,0},
  {0,0,0,0,0,0},
  {0,0,0,0,0,0},
  {0,0,0,0,0,0},
  {0,0,0,0,0,0},
  {0,0,0,0,0,0},
  {0,0,0,0,0,0},
  {0,0,0,0,0,0},
  {0,0,0,0,0,0},
  {0,0,0,0,0,0},
  {0,0,0,0,0,0},
  {0,0,0,0,0,0},
  {0,0,0,0,0,0},
  {0,0,0,0,0,0},
  {0,0,0,0,0,0},
  {0,0,0,0,0,0},
  {0,0,0,0,0,0},
  {0,0,0,0,0,0},
  {0,0,0,0,0,0},
  {0,0,0,0,0,0},
  {0,0,0,0,0,0},
  {0,0,0,0,0,0},
  {0,0,0,0,0,0},
  {0,0,0,0,0,0},
  {0,0,0,0,0,0},
  {0,0,0,0,0,0},
  {0,0,0,0,0,0},
  {0,0,0,0,0,0},
  {0,0,0,0,0,0},
  {0,0,0,0,0,0},
  {0,0,0,0,0,0},
  {0,0,0,0,0,0},
  {0,0,0,0,0,0},
  {0,0,0,0,0,0},
  {0,0,0,0,0,0},
  {0,0,0,0,0,0},
  {0,0,0,0,0,0},
  {0,0,0,0,0,0},
  {0,0,0,0,0,0},
  {0,0,0,0,0,0},
  {0,0,0,0,0,0},
  {0,0,0,0,0,0},
  {0,0,0,0,0,0},
  {0,0,0,0,0,0},
  {0,0,0,0,0,0},
  {0,0,0,0,0,0},
  {0,0,0,0,0,0},
  {0,0,0,0,0,0},
  {0,0,0,0,0,0},
  {0,0,0,0,0,0},
  {0,0,0,0,0,0},
  {0,0,0,0,0,0},
  {0,0,0,0,0,0},
  {0,0,0,0,0,0},
  {0,0,0,0,0,0},
  {0,0,0,0,0,0},
  {0,0,0,0,0,0},
  {0,0,0,0,0,0},
  {0,0,0,0,0,0},
  {0,0,0,0,0,0},
  {0,0,0,0,0,0},
  {0,0,0,0,0,0},
  {0,0,0,0,0,0},
  {0,0,0,0,0,0},
  {0,0,0,0,0,0},
  {0,0,0,0,0,0},
  {0,0,0,0,0,0},
  {0,0,0,0,0,0},
  {0,0,0,0,0,0},
  {0,0,0,0,0,0},
  {0,0,0,0,0,0},
  {0,0,0,0,0,0},
  {0,0,0,0,0,0},
  {0,0,0,0,0,0},
  {0,0,0,0,0,0},
  {0,0,0,0,0,0},
  {0,0,0,0,0,0},
  {0,0,0,0,0,0},
  {0,0,0,0,0,0},
  {0,0,0,0,0,0},
  {0,0,0,0,0,0},
  {0,0,0,0,0,0},
  {0,0,0,0,0,0},
  {0,0,0,0,0,0},
  {0,0,0,0,0,0},
  {0,0,0,0,0,0},
  {0,0,0,0,0,0},
  {0,0,0,0,0,0},
  {0,0,0,0,0,0},
  {0,0,0,0,0,0},
  {0,0,0,0,0,0},
  {0,0,0,0,0,0},
  {0,0,0,0,0,0},
  {0,0,0,0,0,0},
  {0,0,0,0,0,0},
  {0,0,0,0,0,0},
  {0,0,0,0,0,0},
  {0,0,0,0,0,0},
  {0,0,0,0,0,0},
  {0,0,0,0,0,0},
  {0,0,0,0,0,0},
  {0,0,0,0,0,0},
  {0,0,0,0,0,0},
  {0,0,0,0,0,0},
  {0,0,0,0,0,0},
  {0,0,0,0,0,0},
  {0,0,0,0,0,0},
  {0,0,0,0,0,0},
  {0,0,0,0,0,0},
  {0,0,0,0,0,0},
  {0,0,0,0,0,0},
  {0,0,0,0,0,0},
  {0,0,0,0,0,0},
  {0,0,0,0,0,0},
  {0,0,0,0,0,0},
  {0,0,0,0,0,0},
  {0,0,0,0,0,0},
  {0,0,0,0,0,0},
  {0,0,0,0,0,0},
  {0,0,0,0,0,0},
  {0,0,0,0,0,0},
  {0,0,0,0,0,0},
  {0,0,0,0,0,0},
  {0,0,0,0,0,0},
  {0,0,0,0,0,0},
  {0,0,0,0,0,0},
  {0,0,0,0,0,0},
  {0,0,0,0,0,0},
  {0,0,0,0,0,0},
  {0,0,0,0,0,0},
  {0,0,0,0,0,0},
  {0,0,0,0,0,0},
  {0,0,0,0,0,0},
  {0,0,0,0,0,0},
  {0,0,0,0,0,0},
  {0,0,0,0,0,0},
  {0,0,0,0,0,0},
  {0,0,0,0,0,0},
  {0,0,0,0,0,0},
  {0,0,0,0,0,0},
  {0,0,0,0,0,0},
  {0,0,0,0,0,0},
  {0,0,0,0,0,0},
  {0,0,0,0,0,0},
  {0,0,0,0,0,0},
  {0,0,0,0,0,0},
  {0,0,0,0,0,0},
  {0,0,0,0,0,0},
  {0,0,0,0,0,0},
  {0,0,0,0,0,0},
  {0,0,0,0,0,0},
  {0,0,0,0,0,0},
  {0,0,0,0,0,0},
  {0,0,0,0,0,0},
  {0,0,0,0,0,0},
  {0,0,0,0,0,0},
  {0,0,0,0,0,0},
  {0,0,0,0,0,0},
  {0,0,0,0,0,0},
  {0,0,0,0,0,0},
  {0,0,0,0,0,0},
  {0,0,0,0,0,0},
  {0,0,0,0,0,0},
  {0,0,0,0,0,0},
  {0,0,0,0,0,0},
  {0,0,0,0,0,0},
  {0,0,0,0,0,0},
  {0,0,0,0,0,0},
  {0,0,0,0,0,0},
  {0,0,0,0,0,0},
  {0,0,0,0,0,0},
  {0,0,0,0,0,0},
  {0,0,0,0,0,0},
  {0,0,0,0,0,0},
  {0,0,0,0,0,0},
  {0,0,0,0,0,0},
  {0,0,0,0,0,0},
  {0,0,0,0,0,0},
  {0,0,0,0,0,0},
  {0,0,0,0,0,0},
  {0,0,0,0,0,0},
  {0,0,0,0,0,0},
  {0,0,0,0,0,0},
  {0,0,0,0,0,0},
  {0,0,0,0,0,0},
  {0,0,0,0,0,0},
  {0,0,0,0,0,0},
  {0,0,0,0,0,0},
  {0,0,0,0,0,0},
  {0,0,0,0,0,0},
  {0,0,0,0,0,0},
  {0,0,0,0,0,0},
  {0,0,0,0,0,0},
  {0,0,0,0,0,0},
  {0,0,0,0,0,0},
  {0,0,0,0,0,0},
  {0,0,0,0,0,0},
  {0,0,0,0,0,0},
  {0,0,0,0,0,0},
  {0,0,0,0,0,0},
  {0,0,0,0,0,0},
  {0,0,0,0,0,0},
  {0,0,0,0,0,0},
  {0,0,0,0,0,0},
  {0,0,0,0,0,0},
  {0,0,0,0,0,0},
  {0,0,0,0,0,0},
  {0,0,0,0,0,0},
  {0,0,0,0,0,0},
  {0,0,0,0,0,0},
  {0,0,0,0,0,0},
  {0,0,0,0,0,0},
  {0,0,0,0,0,0},
  {0,0,0,0,0,0},
  {0,0,0,0,0,0},
  {0,0,0,0,0,0},
  {0,0,0,0,0,0},
  {0,0,0,0,0,0},
  {0,0,0,0,0,0},
  {0,0,0,0,0,0},
  {0,0,0,0,0,0},
  {0,0,0,0,0,0},
  {0,0,0,0,0,0},
  {0,0,0,0,0,0},
  {0,0,0,0,0,0},
  {0,0,0,0,0,0},
  {0,0,0,0,0,0},
  {0,0,0,0,0,0},
  {0,0,0,0,0,0},
  {0,0,0,0,0,0},
  {0,0,0,0,0,0},
  {0,0,0,0,0,0},
  {0,0,0,0,0,0},
  {0,0,0,0,0,0},
  {0,0,0,0,0,0},
  {0,0,0,0,0,0},
  {0,0,0,0,0,0},
  {0,0,0,0,0,0},
  {0,0,0,0,0,0},
  {0,0,0,0,0,0},
  {0,0,0,0,0,0},
  {0,0,0,0,0,0},
  {0,0,0,0,0,0},
  {0,0,0,0,0,0},
  {0,0,0,0,0,0},
  {0,0,0,0,0,0},
  {0,0,0,0,0,0},
  {0,0,0,0,0,0},
  {0,0,0,0,0,0},
  {0,0,0,0,0,0},
  {0,0,0,0,0,0},
  {0,0,0,0,0,0},
  {0,0,0,0,0,0},
  {0,0,0,0,0,0},
  {0,0,0,0,0,0},
  {0,0,0,0,0,0},
  {0,0,0,0,0,0},
  {0,0,0,0,0,0},
  {0,0,0,0,0,0},
  {0,0,0,0,0,0},
  {0,0,0,0,0,0},
  {0,0,0,0,0,0},
  {0,0,0,0,0,0},
  {0,0,0,0,0,0},
  {0,0,0,0,0,0},
  {0,0,0,0,0,0},
  {0,0,0,0,0,0},
  {0,0,0,0,0,0},
  {0,0,0,0,0,0},
  {0,0,0,0,0,0},
  {0,0,0,0,0,0},
  {0,0,0,0,0,0},
  {0,0,0,0,0,0},
  {0,0,0,0,0,0},
  {0,0,0,0,0,0},
  {0,0,0,0,0,0},
  {0,0,0,0,0,0},
  {0,0,0,0,0,0},
  {0,0,0,0,0,0},
  {0,0,0,0,0,0},
  {0,0,0,0,0,0},
  {0,0,0,0,0,0},
  {0,0,0,0,0,0},
  {0,0,0,0,0,0},
  {0,0,0,0,0,0},
  {0,0,0,0,0,0},
  {0,0,0,0,0,0},
  {0,0,0,0,0,0},
  {0,0,0,0,0,0},
  {0,0,0,0,0,0},
  {0,0,0,0,0,0},
  {0,0,0,0,0,0},
  {0,0,0,0,0,0},
  {0,0,0,0,0,0},
  {0,0,0,0,0,0},
  {0,0,0,0,0,0},
  {0,0,0,0,0,0},
  {0,0,0,0,0,0},
  {0,0,0,0,0,0},
  {0,0,0,0,0,0},
  {0,0,0,0,0,0},
  {0,0,0,0,0,0},
  {0,0,0,0,0,0},
  {0,0,0,0,0,0},
  {0,0,0,0,0,0},
  {0,0,0,0,0,0},
  {0,0,0,0,0,0},
  {0,0,0,0,0,0},
  {0,0,0,0,0,0},
  {0,0,0,0,0,0},
  {0,0,0,0,0,0},
  {0,0,0,0,0,0},
  {0,0,0,0,0,0},
  {0,0,0,0,0,0},
  {0,0,0,0,0,0},
  {0,0,0,0,0,0},
  {0,0,0,0,0,0},
  {0,0,0,0,0,0},
  {0,0,0,0,0,0},
  {0,0,0,0,0,0},
  {0,0,0,0,0,0},
  {0,0,0,0,0,0},
  {0,0,0,0,0,0},
  {0,0,0,0,0,0},
  {0,0,0,0,0,0},
  {0,0,0,0,0,0},
  {0,0,0,0,0,0},
  {0,0,0,0,0,0},
  {0,0,0,0,0,0},
  {0,0,0,0,0,0},
  {0,0,0,0,0,0},
  {0,0,0,0,0,0},
  {0,0,0,0,0,0},
  {0,0,0,0,0,0},
  {0,0,0,0,0,0},
  {0,0,0,0,0,0},
  {0,0,0,0,0,0},
  {0,0,0,0,0,0},
  {0,0,0,0,0,0},
  {0,0,0,0,0,0},
  {0,0,0,0,0,0},
  {0,0,0,0,0,0},
  {0,0,0,0,0,0},
  {0,0,0,0,0,0},
  {0,0,0,0,0,0},
  {0,0,0,0,0,0},
  {0,0,0,0,0,0},
  {0,0,0,0,0,0},
  {0,0,0,0,0,0},
  {0,0,0,0,0,0},
  {0,0,0,0,0,0},
  {0,0,0,0,0,0},
  {0,0,0,0,0,0},
  {0,0,0,0,0,0},
  {0,0,0,0,0,0},
  {0,0,0,0,0,0},
  {0,0,0,0,0,0},
  {0,0,0,0,0,0},
  {0,0,0,0,0,0},
  {0,0,0,0,0,0},
  {0,0,0,0,0,0},
  {0,0,0,0,0,0},
  {0,0,0,0,0,0},
  {0,0,0,0,0,0},
  {0,0,0,0,0,0},
  {0,0,0,0,0,0},
  {0,0,0,0,0,0},
  {0,0,0,0,0,0},
  {0,0,0,0,0,0},
  {0,0,0,0,0,0},
  {0,0,0,0,0,0},
  {0,0,0,0,0,0},
  {0,0,0,0,0,0},
  {0,0,0,0,0,0},
  {0,0,0,0,0,0},
  {0,0,0,0,0,0},
  {0,0,0,0,0,0},
  {0,0,0,0,0,0},
  {0,0,0,0,0,0},
  {0,0,0,0,0,0},
  {0,0,0,0,0,0},
  {0,0,0,0,0,0},
  {0,0,0,0,0,0},
  {0,0,0,0,0,0},
  {0,0,0,0,0,0},
  {0,0,0,0,0,0},
  {0,0,0,0,0,0},
  {0,0,0,0,0,0},
  {0,0,0,0,0,0},
  {0,0,0,0,0,0},
  {0,0,0,0,0,0},
  {0,0,0,0,0,0},
  {0,0,0,0,0,0},
  {0,0,0,0,0,0},
  {0,0,0,0,0,0},
  {0,0,0,0,0,0},
  {0,0,0,0,0,0},
  {0,0,0,0,0,0},
  {0,0,0,0,0,0},
  {0,0,0,0,0,0},
  {0,0,0,0,0,0},
  {0,0,0,0,0,0},
  {0,0,0,0,0,0},
  {0,0,0,0,0,0},
  {0,0,0,0,0,0},
  {0,0,0,0,0,0},
  {0,0,0,0,0,0},
  {0,0,0,0,0,0},
  {0,0,0,0,0,0},
  {0,0,0,0,0,0},
  {0,0,0,0,0,0},
  {0,0,0,0,0,0},
  {0,0,0,0,0,0},
  {0,0,0,0,0,0},
  {0,0,0,0,0,0},
  {0,0,0,0,0,0},
  {0,0,0,0,0,0},
  {0,0,0,0,0,0},
  {0,0,0,0,0,0},
  {0,0,0,0,0,0},
  {0,0,0,0,0,0},
  {0,0,0,0,0,0},
  {0,0,0,0,0,0},
  {0,0,0,0,0,0},
  {0,0,0,0,0,0},
  {0,0,0,0,0,0},
  {0,0,0,0,0,0},
  {0,0,0,0,0,0},
  {0,0,0,0,0,0},
  {0,0,0,0,0,0},
  {0,0,0,0,0,0},
  {0,0,0,0,0,0},
  {0,0,0,0,0,0},
  {0,0,0,0,0,0},
  {0,0,0,0,0,0},
  {0,0,0,0,0,0},
  {0,0,0,0,0,0},
  {0,0,0,0,0,0},
  {0,0,0,0,0,0},
  {0,0,0,0,0,0},
  {0,0,0,0,0,0},
  {0,0,0,0,0,0},
  {0,0,0,0,0,0},
  {0,0,0,0,0,0},
  {0,0,0,0,0,0},
  {0,0,0,0,0,0},
  {0,0,0,0,0,0},
  {0,0,0,0,0,0},
  {0,0,0,0,0,0},
  {0,0,0,0,0,0},
  {0,0,0,0,0,0},
  {0,0,0,0,0,0},
  {0,0,0,0,0,0},
  {0,0,0,0,0,0},
  {0,0,0,0,0,0},
  {0,0,0,0,0,0},
  {0,0,0,0,0,0},
  {0,0,0,0,0,0},
  {0,0,0,0,0,0},
  {0,0,0,0,0,0},
  {0,0,0,0,0,0},
  {0,0,0,0,0,0},
  {0,0,0,0,0,0},
  {0,0,0,0,0,0},
  {0,0,0,0,0,0},
  {0,0,0,0,0,0},
  {0,0,0,0,0,0},
  {0,0,0,0,0,0},
  {0,0,0,0,0,0},
  {0,0,0,0,0,0},
  {0,0,0,0,0,0},
  {0,0,0,0,0,0},
  {0,0,0,0,0,0},
  {0,0,0,0,0,0},
  {0,0,0,0,0,0},
  {0,0,0,0,0,0},
  {0,0,0,0,0,0},
  {0,0,0,0,0,0},
  {0,0,0,0,0,0},
  {0,0,0,0,0,0},
  {0,0,0,0,0,0},
  {0,0,0,0,0,0},
  {0,0,0,0,0,0},
  {0,0,0,0,0,0},
  {0,0,0,0,0,0},
  {0,0,0,0,0,0},
  {0,0,0,0,0,0},
  {0,0,0,0,0,0},
  {0,0,0,0,0,0},
  {9260,26,43,31,3,-43},
  {9400,26,41,31,3,-41},
  {9534,30,35,31,0,-34},
  {9666,25,43,31,4,-43},
  {9801,27,36,31,2,-35},
  {9923,28,36,31,1,-35},
  {10049,23,34,31,4,-34},
  {10147,23,41,31,4,-41},
  {10265,22,35,31,3,-34},
  {10362,30,35,31,0,-34},
  {10494,28,34,31,2,-34},
  {10613,30,34,31,0,-34},
  {10741,27,43,31,3,-43},
  {10887,24,43,31,3,-43},
  {11016,30,44,31,0,-43},
  {11181,24,45,31,3,-34},
  {11316,31,34,31,0,-34},
  {11448,26,34,31,3,-34},
  {11559,27,34,31,3,-34},
  {11674,25,34,31,4,-34},
  {11781,30,44,31,0,-34},
  {11946,26,34,31,3,-34},
  {12057,30,34,31,0,-34},
  {12185,28,36,31,1,-35},
  {12311,24,34,31,3,-34},
  {12413,24,43,31,3,-43},
  {12542,27,34,31,3,-34},
  {12657,27,35,31,0,-34},
  {12776,26,34,31,2,-34},
  {12887,24,34,31,3,-34},
  {12989,27,36,31,2,-35},
  {13111,24,34,31,3,-34},
  {13213,25,34,31,3,-34},
  {13320,27,36,31,2,-35},
  {13442,28,34,31,1,-34},
  {13561,30,35,31,0,-34},
  {13693,30,36,31,0,-35},
  {13828,30,34,31,0,-34},
  {13956,28,45,31,3,-34},
  {14114,25,34,31,2,-34},
  {14221,26,34,31,2,-34},
  {14332,29,45,31,2,-34},
  {14496,30,34,31,0,-34},
  {14624,27,34,31,2,-34},
  {14739,26,34,31,3,-34},
  {14850,27,36,31,2,-35},
  {14972,27,36,31,2,-35},
  {15094,27,34,31,0,-34},
  {15209,26,29,31,3,-28},
  {15304,27,39,31,2,-38},
  {15436,25,27,31,3,-27},
  {15521,21,27,31,6,-27},
  {15592,30,37,31,0,-27},
  {15731,26,29,31,2,-28},
  {15826,30,27,31,0,-27},
  {15928,24,29,31,3,-28},
  {16015,24,27,31,3,-27},
  {16096,24,36,31,3,-36},
  {16204,26,27,31,3,-27},
  {16292,27,28,31,0,-27},
  {16387,26,27,31,2,-27},
  {16475,24,27,31,3,-27},
  {16556,26,29,31,2,-28},
  {16651,24,27,31,3,-27},
  {16732,25,39,31,3,-28},
  {16854,24,29,31,3,-28},
  {16941,25,27,31,3,-27},
  {17026,28,38,31,1,-27},
  {17159,28,48,31,1,-37},
  {17327,27,27,31,2,-27},
  {17419,27,37,31,3,-27},
  {17544,24,27,31,3,-27},
  {17625,27,27,31,2,-27},
  {17717,28,37,31,2,-27},
  {17847,29,27,31,0,-27},
  {17945,26,27,31,2,-27},
  {18033,26,27,31,3,-27},
  {18121,24,29,31,3,-28},
  {18208,28,29,31,2,-28},
  {18310,26,27,31,1,-27},
  {18398,26,38,31,2,-37},
  {18522,26,36,31,2,-35},
  {18639,28,48,31,0,-37},
  {18807,21,37,31,6,-37},
  {18905,25,29,31,3,-28},
  {18996,25,29,31,3,-28},
  {19087,26,37,31,3,-37},
  {19208,26,35,31,3,-35},
  {19322,19,48,31,3,-37},
  {19436,31,28,31,0,-27},
  {19545,29,27,31,2,-27},
  {19643,28,37,31,0,-37},
  {19773,26,37,31,3,-37},
  {19894,24,37,31,3,-37},
  {20005,28,47,31,1,-36},
  {20170,24,37,31,3,-27},
};
static const lgfx::GFXfont LibMono34((uint8_t *)LibMono34_bitmap, (lgfx::GFXglyph *)LibMono34_glyphs, 0x20, 0x45F, 59);
