// Liberation Mono Bold, cap height 68px, U+0020..U+045F (ASCII + Cyrillic)
#pragma once

static const uint8_t LibMono68_bitmap[] PROGMEM = {
  0xFF,0xFE,0xFF,0xFD,0xFF,0xFB,0xFF,0xF7,0xFF,0xEF,0xFF,0xDF,0xFF,0xBF,0xFF,0x7F,0xFE,0xFF,0xFD,0xFF,0xFB,0xFF,0xF7,0xFF,
  0xEF,0xFF,0xDF,0xFF,0xBF,0xFF,0x7F,0xFE,0xFF,0xFD,0xFF,0xFB,0xFF,0xF7,0xFF,0xEF,0xFF,0xDF,0xFF,0xBF,0xFF,0x7F,0xFE,0xFF,
  0xFD,0xFF,0xF3,0xFF,0xE7,0xFF,0xCF,0xFF,0x8F,0xFF,0x1F,0xFE,0x3F,0xFC,0x7F,0xF8,0xFF,0xF1,0xFF,0xE3,0xFF,0xC7,0xFF,0x8F,
  0xFF,0x1F,0xFE,0x3F,0xFC,0x7F,0xF8,0xFF,0xF1,0xFF,0xE3,0xFF,0xC7,0xFF,0x8F,0xFF,0x00,0x00,0x00,0x00,0x00,0x00,0x00,0x00,
  0x00,0x00,0x00,0x00,0x00,0x3F,0xFF,0xFF,0xFF,0xFF,0xFF,0xFF,0xFF,0xFF,0xFF,0xFF,0xFF,0xFF,0xFF,0xFF,0xFF,0xFF,0xFF,0xFF,
  0xFF,0xFF,0xFF,0xFF,0xFF,0xFF,0xFF,0xF0,0xFF,0xF8,0x03,0xFF,0xFF,0xFF,0x80,0x1F,0xFF,0xFF,0xF8,0x01,0xFF,0xFF,0xFF,0x80,
  0x1F,0xFF,0xFF,0xF8,0x01,0xFF,0xFF,0xFF,0x80,0x1F,0xFF,0xFF,0xF8,0x01,0xFF,0xFF,0xFF,0x80,0x1F,0xFF,0xFF,0xF8,0x01,0xFF,
  0xFF,0xFF,0x80,0x1F,0xFF,0xFF,0xF8,0x01,0xFF,0xFF,0xFF,0x80,0x1F,0xFF,0xFF,0xF8,0x01,0xFF,0xFF,0xFF,0x80,0x1F,0xFF,0xFF,
  0xF0,0x01,0xFF,0xEF,0xFF,0x00,0x1F,0xFE,0xFF,0xF0,0x01,0xFF,0xE7,0xFF,0x00,0x1F,0xFE,0x7F,0xF0,0x00,0xFF,0xE7,0xFF,0x00,
  0x0F,0xFE,0x7F,0xF0,0x00,0xFF,0xE7,0xFF,0x00,0x0F,0xFE,0x7F,0xF0,0x00,0xFF,0xE7,0xFF,0x00,0x0F,0xFE,0x7F,0xF0,0x00,0xFF,
  0xE7,0xFF,0x00,0x0F,0xFE,0x7F,0xF0,0x00,0xFF,0xE7,0xFF,0x00,0x0F,0xFE,0x7F,0xF0,0x00,0xFF,0xE7,0xFF,0x00,0x0F,0xFE,0x7F,
  0xF0,0x00,0xFF,0xC0,0x00,0x00,0x1F,0xE0,0x00,0x3F,0xC0,0x00,0x00,0x1F,0xE0,0x00,0x3F,0xC0,0x00,0x00,0x1F,0xE0,0x00,0x3F,
  0xC0,0x00,0x00,0x1F,0xC0,0x00,0x3F,0xC0,0x00,0x00,0x3F,0xC0,0x00,0x3F,0x80,0x00,0x00,0x3F,0xC0,0x00,0x7F,0x80,0x00,0x00,
  0x3F,0xC0,0x00,0x7F,0x80,0x00,0x00,0x3F,0xC0,0x00,0x7F,0x80,0x00,0x00,0x7F,0x80,0x00,0x7F,0x80,0x00,0x00,0x7F,0x80,0x00,
  0xFF,0x00,0x00,0x00,0x7F,0x80,0x00,0xFF,0x00,0x00,0x00,0x7F,0x80,0x00,0xFF,0x00,0x00,0x00,0x7F,0x00,0x00,0xFF,0x00,0x00,
  0x00,0xFF,0x00,0x00,0xFE,0x00,0x00,0x00,0xFF,0x00,0x01,0xFE,0x00,0x00,0x00,0xFF,0x00,0x01,0xFE,0x00,0x00,0x00,0xFF,0x00,
  0x01,0xFE,0x00,0x00,0x01,0xFE,0x00,0x01,0xFE,0x00,0x3F,0xFF,0xFF,0xFF,0xFF,0xFF,0xFF,0x3F,0xFF,0xFF,0xFF,0xFF,0xFF,0xFF,
  0x3F,0xFF,0xFF,0xFF,0xFF,0xFF,0xFF,0x3F,0xFF,0xFF,0xFF,0xFF,0xFF,0xFF,0x3F,0xFF,0xFF,0xFF,0xFF,0xFF,0xFF,0x3F,0xFF,0xFF,
  0xFF,0xFF,0xFF,0xFF,0x3F,0xFF,0xFF,0xFF,0xFF,0xFF,0xFF,0x1F,0xFF,0xFF,0xFF,0xFF,0xFF,0xFE,0x00,0x03,0xF8,0x00,0x07,0xF8,
  0x00,0x00,0x07,0xF8,0x00,0x07,0xF0,0x00,0x00,0x07,0xF8,0x00,0x0F,0xF0,0x00,0x00,0x07,0xF8,0x00,0x0F,0xF0,0x00,0x00,0x07,
  0xF8,0x00,0x0F,0xF0,0x00,0x00,0x0F,0xF0,0x00,0x0F,0xF0,0x00,0x00,0x0F,0xF0,0x00,0x0F,0xE0,0x00,0x00,0x0F,0xF0,0x00,0x1F,
  0xE0,0x00,0x00,0x0F,0xF0,0x00,0x1F,0xE0,0x00,0x00,0x0F,0xE0,0x00,0x1F,0xE0,0x00,0x00,0x1F,0xE0,0x00,0x1F,0xE0,0x00,0x00,
  0x1F,0xE0,0x00,0x3F,0xC0,0x00,0x00,0x1F,0xE0,0x00,0x3F,0xC0,0x00,0x00,0x1F,0xE0,0x00,0x3F,0xC0,0x00,0x00,0x1F,0xC0,0x00,
  0x3F,0xC0,0x00,0x00,0x3F,0xC0,0x00,0x3F,0xC0,0x00,0xFF,0xFF,0xFF,0xFF,0xFF,0xFF,0xF8,0xFF,0xFF,0xFF,0xFF,0xFF,0xFF,0xF8,
  0xFF,0xFF,0xFF,0xFF,0xFF,0xFF,0xF8,0xFF,0xFF,0xFF,0xFF,0xFF,0xFF,0xF8,0xFF,0xFF,0xFF,0xFF,0xFF,0xFF,0xF8,0xFF,0xFF,0xFF,
  0xFF,0xFF,0xFF,0xF8,0xFF,0xFF,0xFF,0xFF,0xFF,0xFF,0xF8,0xFF,0xFF,0xFF,0xFF,0xFF,0xFF,0xF8,0x00,0xFF,0x00,0x00,0xFF,0x00,
  0x00,0x00,0xFF,0x00,0x01,0xFE,0x00,0x00,0x00,0xFF,0x00,0x01,0xFE,0x00,0x00,0x00,0xFF,0x00,0x01,0xFE,0x00,0x00,0x00,0xFE,
  0x00,0x01,0xFE,0x00,0x00,0x01,0xFE,0x00,0x01,0xFE,0x00,0x00,0x01,0xFE,0x00,0x03,0xFC,0x00,0x00,0x01,0xFE,0x00,0x03,0xFC,
  0x00,0x00,0x01,0xFE,0x00,0x03,0xFC,0x00,0x00,0x01,0xFC,0x00,0x03,0xFC,0x00,0x00,0x03,0xFC,0x00,0x03,0xF8,0x00,0x00,0x03,
  0xFC,0x00,0x07,0xF8,0x00,0x00,0x03,0xFC,0x00,0x07,0xF8,0x00,0x00,0x03,0xFC,0x00,0x07,0xF8,0x00,0x00,0x07,0xF8,0x00,0x07,
  0xF8,0x00,0x00,0x07,0xF8,0x00,0x0F,0xF0,0x00,0x00,0x07,0xF8,0x00,0x0F,0xF0,0x00,0x00,0x07,0xF8,0x00,0x0F,0xF0,0x00,0x00,
  0x00,0x00,0x00,0xFC,0x00,0x00,0x00,0x00,0x00,0x03,0xF0,0x00,0x00,0x00,0x00,0x00,0x0F,0xC0,0x00,0x00,0x00,0x00,0x00,0x3F,
  0x00,0x00,0x00,0x00,0x00,0x00,0xFC,0x00,0x00,0x00,0x00,0x00,0x03,0xF0,0x00,0x00,0x00,0x00,0x00,0x0F,0xC0,0x00,0x00,0x00,
  0x00,0x07,0xFF,0xF8,0x00,0x00,0x00,0x03,0xFF,0xFF,0xFE,0x00,0x00,0x00,0x3F,0xFF,0xFF,0xFF,0x00,0x00,0x03,0xFF,0xFF,0xFF,
  0xFF,0x00,0x00,0x3F,0xFF,0xFF,0xFF,0xFE,0x00,0x01,0xFF,0xFF,0xFF,0xFF,0xFC,0x00,0x0F,0xFF,0xFF,0xFF,0xFF,0xF8,0x00,0x7F,
  0xFF,0xFF,0xFF,0xFF,0xF0,0x03,0xFF,0xFF,0xFF,0xFF,0xFF,0xE0,0x0F,0xFF,0xFF,0xFF,0xFF,0xFF,0x80,0x7F,0xFF,0xC3,0xF3,0xFF,
  0xFF,0x01,0xFF,0xFC,0x0F,0xC3,0xFF,0xFC,0x07,0xFF,0xE0,0x3F,0x07,0xFF,0xF8,0x3F,0xFF,0x00,0xFC,0x0F,0xFF,0xE0,0xFF,0xFC,
  0x03,0xF0,0x1F,0xFF,0x83,0xFF,0xE0,0x0F,0xC0,0x3F,0xFF,0x0F,0xFF,0x80,0x3F,0x00,0xFF,0xFC,0x3F,0xFE,0x00,0xFC,0x03,0xFF,
  0xF0,0xFF,0xF8,0x03,0xF0,0x07,0xFF,0x03,0xFF,0xE0,0x0F,0xC0,0x1E,0x00,0x0F,0xFF,0xC0,0x3F,0x00,0x00,0x00,0x3F,0xFF,0x00,
  0xFC,0x00,0x00,0x00,0xFF,0xFE,0x03,0xF0,0x00,0x00,0x03,0xFF,0xFC,0x0F,0xC0,0x00,0x00,0x07,0xFF,0xF8,0x3F,0x00,0x00,0x00,
  0x1F,0xFF,0xFC,0xFC,0x00,0x00,0x00,0x3F,0xFF,0xFF,0xF0,0x00,0x00,0x00,0xFF,0xFF,0xFF,0xC0,0x00,0x00,0x01,0xFF,0xFF,0xFF,
  0xF0,0x00,0x00,0x07,0xFF,0xFF,0xFF,0xF8,0x00,0x00,0x0F,0xFF,0xFF,0xFF,0xFC,0x00,0x00,0x1F,0xFF,0xFF,0xFF,0xFE,0x00,0x00,
  0x3F,0xFF,0xFF,0xFF,0xFE,0x00,0x00,0x3F,0xFF,0xFF,0xFF,0xFC,0x00,0x00,0x7F,0xFF,0xFF,0xFF,0xF8,0x00,0x00,0x7F,0xFF,0xFF,
  0xFF,0xF8,0x00,0x00,0x3F,0xFF,0xFF,0xFF,0xF0,0x00,0x00,0x1F,0xFF,0xFF,0xFF,0xC0,0x00,0x00,0x07,0xFF,0xFF,0xFF,0x80,0x00,
  0x00,0x0F,0xFF,0xFF,0xFF,0x00,0x00,0x00,0x3F,0x7F,0xFF,0xFC,0x00,0x00,0x00,0xFC,0x3F,0xFF,0xF8,0x00,0x00,0x03,0xF0,0x1F,
  0xFF,0xE0,0x00,0x00,0x0F,0xC0,0x3F,0xFF,0x80,0x00,0x00,0x3F,0x00,0x7F,0xFE,0x00,0x00,0x00,0xFC,0x00,0xFF,0xFC,0x00,0x00,
  0x03,0xF0,0x03,0xFF,0xF0,0x07,0x80,0x0F,0xC0,0x07,0xFF,0xC3,0xFE,0x00,0x3F,0x00,0x1F,0xFF,0xFF,0xF8,0x00,0xFC,0x00,0x7F,
  0xFF,0xFF,0xE0,0x03,0xF0,0x01,0xFF,0xFF,0xFF,0xC0,0x0F,0xC0,0x07,0xFF,0xFF,0xFF,0x00,0x3F,0x00,0x3F,0xFF,0xFF,0xFE,0x00,
  0xFC,0x00,0xFF,0xFD,0xFF,0xF8,0x03,0xF0,0x07,0xFF,0xE7,0xFF,0xF0,0x0F,0xC0,0x3F,0xFF,0x8F,0xFF,0xF0,0x3F,0x01,0xFF,0xFE,
  0x3F,0xFF,0xF0,0xFC,0x1F,0xFF,0xF0,0x7F,0xFF,0xFF,0xFF,0xFF,0xFF,0xC1,0xFF,0xFF,0xFF,0xFF,0xFF,0xFE,0x03,0xFF,0xFF,0xFF,
  0xFF,0xFF,0xF8,0x07,0xFF,0xFF,0xFF,0xFF,0xFF,0xC0,0x0F,0xFF,0xFF,0xFF,0xFF,0xFE,0x00,0x1F,0xFF,0xFF,0xFF,0xFF,0xF0,0x00,
  0x3F,0xFF,0xFF,0xFF,0xFF,0x00,0x00,0x3F,0xFF,0xFF,0xFF,0xF8,0x00,0x00,0x3F,0xFF,0xFF,0xFF,0x80,0x00,0x00,0x3F,0xFF,0xFF,
  0xF0,0x00,0x00,0x00,0x07,0xFF,0xF8,0x00,0x00,0x00,0x00,0x00,0xFC,0x00,0x00,0x00,0x00,0x00,0x03,0xF0,0x00,0x00,0x00,0x00,
  0x00,0x0F,0xC0,0x00,0x00,0x00,0x00,0x00,0x3F,0x00,0x00,0x00,0x00,0x00,0x00,0xFC,0x00,0x00,0x00,0x00,0x00,0x03,0xF0,0x00,
  0x00,0x00,0x00,0x00,0x0F,0xC0,0x00,0x00,0x00,0x00,0x00,0x3F,0x00,0x00,0x00,0x00,0x00,0x00,0xFC,0x00,0x00,0x00,0x00,0x3F,
  0xE0,0x00,0x00,0x00,0x00,0x00,0x07,0xFF,0xF0,0x00,0x00,0x00,0xFF,0x80,0x7F,0xFF,0xF0,0x00,0x00,0x07,0xFC,0x03,0xFF,0xFF,
  0xE0,0x00,0x00,0x3F,0xE0,0x1F,0xFF,0xFF,0xC0,0x00,0x01,0xFF,0x00,0x7F,0xFF,0xFF,0x00,0x00,0x07,0xFC,0x03,0xFF,0xFF,0xFE,
  0x00,0x00,0x3F,0xE0,0x0F,0xFC,0x1F,0xF8,0x00,0x01,0xFF,0x00,0x7F,0xE0,0x3F,0xF0,0x00,0x07,0xFC,0x01,0xFF,0x00,0x7F,0xC0,
  0x00,0x3F,0xE0,0x07,0xFC,0x01,0xFF,0x00,0x01,0xFF,0x00,0x3F,0xE0,0x07,0xFC,0x00,0x07,0xFC,0x00,0xFF,0x80,0x0F,0xF8,0x00,
  0x3F,0xE0,0x03,0xFE,0x00,0x3F,0xE0,0x01,0xFF,0x00,0x0F,0xF8,0x00,0xFF,0x80,0x07,0xFC,0x00,0x3F,0xE0,0x03,0xFE,0x00,0x3F,
  0xE0,0x00,0xFF,0x80,0x0F,0xF8,0x01,0xFF,0x00,0x03,0xFE,0x00,0x3F,0xE0,0x0F,0xFC,0x00,0x0F,0xF8,0x00,0xFF,0x80,0x3F,0xE0,
  0x00,0x3F,0xE0,0x03,0xFE,0x01,0xFF,0x00,0x00,0xFF,0x80,0x0F,0xF8,0x0F,0xF8,0x00,0x03,0xFE,0x00,0x3F,0xE0,0x3F,0xE0,0x00,
  0x0F,0xFC,0x01,0xFF,0x01,0xFF,0x00,0x00,0x1F,0xF0,0x07,0xFC,0x0F,0xF8,0x00,0x00,0x7F,0xC0,0x1F,0xF0,0x3F,0xE0,0x00,0x01,
  0xFF,0x80,0xFF,0xC1,0xFF,0x00,0x00,0x03,0xFF,0x8F,0xFE,0x0F,0xF8,0x00,0x00,0x0F,0xFF,0xFF,0xF8,0x3F,0xE0,0x00,0x00,0x1F,
  0xFF,0xFF,0xC1,0xFF,0x00,0x00,0x00,0x7F,0xFF,0xFE,0x0F,0xF8,0x00,0x00,0x00,0xFF,0xFF,0xF0,0x3F,0xE0,0x00,0x00,0x00,0xFF,
  0xFF,0x81,0xFF,0x00,0x00,0x00,0x01,0xFF,0xFC,0x0F,0xF8,0x00,0x00,0x00,0x00,0xFF,0x80,0x7F,0xC0,0x00,0x00,0x00,0x00,0x00,
  0x01,0xFF,0x00,0x00,0x00,0x00,0x00,0x00,0x0F,0xF8,0x00,0x00,0x00,0x00,0x00,0x00,0x7F,0xC0,0x1F,0xF0,0x00,0x00,0x00,0x01,
  0xFF,0x03,0xFF,0xF8,0x00,0x00,0x00,0x0F,0xF8,0x3F,0xFF,0xF8,0x00,0x00,0x00,0x7F,0xC1,0xFF,0xFF,0xF0,0x00,0x00,0x01,0xFF,
  0x0F,0xFF,0xFF,0xE0,0x00,0x00,0x0F,0xF8,0x3F,0xFF,0xFF,0x80,0x00,0x00,0x7F,0xC1,0xFF,0xFF,0xFF,0x00,0x00,0x01,0xFF,0x07,
  0xFE,0x0F,0xFC,0x00,0x00,0x0F,0xF8,0x3F,0xF0,0x1F,0xF8,0x00,0x00,0x7F,0xC0,0xFF,0x80,0x3F,0xE0,0x00,0x03,0xFE,0x03,0xFE,
  0x00,0xFF,0x80,0x00,0x0F,0xF8,0x1F,0xF0,0x03,0xFE,0x00,0x00,0x7F,0xC0,0x7F,0xC0,0x07,0xFC,0x00,0x03,0xFE,0x01,0xFF,0x00,
  0x1F,0xF0,0x00,0x0F,0xF8,0x07,0xFC,0x00,0x7F,0xC0,0x00,0x7F,0xC0,0x1F,0xF0,0x01,0xFF,0x00,0x03,0xFE,0x00,0x7F,0xC0,0x07,
  0xFC,0x00,0x0F,0xF8,0x01,0xFF,0x00,0x1F,0xF0,0x00,0x7F,0xC0,0x07,0xFC,0x00,0x7F,0xC0,0x03,0xFE,0x00,0x1F,0xF0,0x01,0xFF,
  0x00,0x0F,0xF8,0x00,0x7F,0xC0,0x07,0xFC,0x00,0x7F,0xC0,0x01,0xFF,0x00,0x1F,0xF0,0x03,0xFE,0x00,0x07,0xFE,0x00,0xFF,0x80,
  0x0F,0xF8,0x00,0x0F,0xF8,0x03,0xFE,0x00,0x7F,0xC0,0x00,0x3F,0xE0,0x0F,0xF8,0x03,0xFE,0x00,0x00,0xFF,0xC0,0x7F,0xE0,0x1F,
  0xF0,0x00,0x01,0xFF,0xC7,0xFF,0x00,0x7F,0xC0,0x00,0x07,0xFF,0xFF,0xFC,0x03,0xFE,0x00,0x00,0x0F,0xFF,0xFF,0xE0,0x1F,0xF0,
  0x00,0x00,0x3F,0xFF,0xFF,0x00,0x7F,0xC0,0x00,0x00,0x7F,0xFF,0xF8,0x03,0xFE,0x00,0x00,0x00,0x7F,0xFF,0xC0,0x1F,0xF0,0x00,
  0x00,0x00,0xFF,0xFE,0x00,0x00,0x00,0x00,0x00,0x00,0x7F,0xC0,0x00,0x00,0x00,0x00,0xFF,0xE0,0x00,0x00,0x00,0x00,0x00,0x7F,
  0xFF,0xC0,0x00,0x00,0x00,0x00,0x1F,0xFF,0xFF,0x00,0x00,0x00,0x00,0x07,0xFF,0xFF,0xFC,0x00,0x00,0x00,0x00,0xFF,0xFF,0xFF,
  0xE0,0x00,0x00,0x00,0x1F,0xFF,0xFF,0xFF,0x00,0x00,0x00,0x03,0xFF,0xFF,0xFF,0xF8,0x00,0x00,0x00,0x3F,0xFF,0xFF,0xFF,0x80,
  0x00,0x00,0x07,0xFF,0xF0,0xFF,0xFC,0x00,0x00,0x00,0x7F,0xF8,0x03,0xFF,0xC0,0x00,0x00,0x0F,0xFF,0x00,0x1F,0xFE,0x00,0x00,
  0x00,0xFF,0xE0,0x00,0xFF,0xE0,0x00,0x00,0x0F,0xFE,0x00,0x0F,0xFE,0x00,0x00,0x00,0xFF,0xE0,0x00,0xFF,0xE0,0x00,0x00,0x0F,
  0xFC,0x00,0x0F,0xFE,0x00,0x00,0x00,0xFF,0xC0,0x00,0xFF,0xE0,0x00,0x00,0x0F,0xFC,0x00,0x0F,0xFE,0x00,0x00,0x00,0xFF,0xC0,
  0x01,0xFF,0xE0,0x00,0x00,0x0F,0xFE,0x00,0x1F,0xFC,0x00,0x00,0x00,0xFF,0xE0,0x03,0xFF,0xC0,0x00,0x00,0x0F,0xFE,0x00,0x7F,
  0xF8,0x00,0x00,0x00,0xFF,0xE0,0x0F,0xFF,0x80,0x00,0x00,0x07,0xFF,0x03,0xFF,0xF0,0x00,0x00,0x00,0x7F,0xF0,0xFF,0xFE,0x00,
  0x00,0x00,0x07,0xFF,0xBF,0xFF,0xC0,0x00,0x00,0x00,0x3F,0xFF,0xFF,0xF8,0x00,0x00,0x00,0x03,0xFF,0xFF,0xFF,0x00,0x00,0x00,
  0x00,0x1F,0xFF,0xFF,0xE0,0x00,0x00,0x00,0x01,0xFF,0xFF,0xF8,0x00,0x00,0x00,0x00,0x1F,0xFF,0xFF,0x00,0x00,0x00,0x00,0x07,
  0xFF,0xFF,0xC0,0x00,0x00,0x00,0x01,0xFF,0xFF,0xF0,0x00,0x00,0x00,0x00,0x3F,0xFF,0xFC,0x00,0x07,0x80,0x00,0x07,0xFF,0xFF,
  0x80,0x00,0xFF,0xE0,0x00,0xFF,0xFF,0xF8,0x00,0x0F,0xFE,0x00,0x3F,0xFF,0xFF,0xC0,0x00,0xFF,0xE0,0x03,0xFF,0xFF,0xFE,0x00,
  0x0F,0xFC,0x00,0x7F,0xFF,0xFF,0xE0,0x01,0xFF,0xC0,0x0F,0xFF,0xFF,0xFF,0x00,0x1F,0xFC,0x01,0xFF,0xFC,0xFF,0xF8,0x01,0xFF,
  0xC0,0x1F,0xFF,0x87,0xFF,0x80,0x1F,0xF8,0x03,0xFF,0xF0,0x7F,0xFC,0x03,0xFF,0x80,0x3F,0xFE,0x03,0xFF,0xE0,0x3F,0xF8,0x07,
  0xFF,0xC0,0x1F,0xFE,0x07,0xFF,0x80,0x7F,0xFC,0x01,0xFF,0xF0,0x7F,0xF0,0x07,0xFF,0x80,0x0F,0xFF,0x87,0xFF,0x00,0x7F,0xF8,
  0x00,0x7F,0xFC,0xFF,0xE0,0x0F,0xFF,0x80,0x07,0xFF,0xEF,0xFE,0x00,0xFF,0xF8,0x00,0x3F,0xFF,0xFF,0xE0,0x0F,0xFF,0x80,0x01,
  0xFF,0xFF,0xFC,0x00,0xFF,0xF8,0x00,0x1F,0xFF,0xFF,0xC0,0x0F,0xFF,0x80,0x00,0xFF,0xFF,0xF8,0x00,0xFF,0xF8,0x00,0x07,0xFF,
  0xFF,0x80,0x0F,0xFF,0x80,0x00,0x3F,0xFF,0xF0,0x00,0xFF,0xF8,0x00,0x01,0xFF,0xFF,0x00,0x07,0xFF,0xC0,0x00,0x0F,0xFF,0xE0,
  0x00,0x7F,0xFC,0x00,0x00,0xFF,0xFF,0x00,0x07,0xFF,0xE0,0x00,0x0F,0xFF,0xFC,0x00,0x3F,0xFF,0x00,0x03,0xFF,0xFF,0xF0,0x03,
  0xFF,0xF8,0x00,0x7F,0xFF,0xFF,0xFF,0x3F,0xFF,0xF0,0x3F,0xFF,0xFF,0xFF,0xF1,0xFF,0xFF,0xFF,0xFF,0xFF,0xFF,0xFF,0x0F,0xFF,
  0xFF,0xFF,0xFF,0xFF,0xFF,0xF0,0x7F,0xFF,0xFF,0xFF,0xFF,0xFF,0xFF,0x03,0xFF,0xFF,0xFF,0xFF,0x7F,0xFF,0xF0,0x1F,0xFF,0xFF,
  0xFF,0xC1,0xFF,0xFF,0x00,0xFF,0xFF,0xFF,0xF0,0x0F,0xFF,0xF0,0x03,0xFF,0xFF,0xFC,0x00,0x3F,0xFF,0x00,0x0F,0xFF,0xFF,0x00,
  0x00,0x7F,0xF0,0x00,0x0F,0xFF,0x00,0x00,0x00,0x7C,0xFF,0xFF,0xFF,0xFF,0xFF,0xFF,0xFF,0xFF,0xFF,0xFF,0xFF,0xFF,0xBF,0xFE,
  0xFF,0xF9,0xFF,0xE7,0xFF,0x9F,0xFE,0x7F,0xF9,0xFF,0xE7,0xFF,0x9F,0xFE,0x7F,0xF9,0xFF,0xE7,0xFF,0x9F,0xFE,0x7F,0xF9,0xFF,
  0xE7,0xFF,0x1F,0xFC,0x7F,0xF0,0xFF,0xC3,0xFF,0x0F,0xFC,0x3F,0xF0,0xFF,0xC3,0xFF,0x00,0x00,0x01,0xFF,0xF8,0x00,0x1F,0xFF,
  0x80,0x01,0xFF,0xFC,0x00,0x0F,0xFF,0xC0,0x00,0xFF,0xFE,0x00,0x07,0xFF,0xE0,0x00,0x7F,0xFE,0x00,0x07,0xFF,0xF0,0x00,0x3F,
  0xFF,0x00,0x03,0xFF,0xF8,0x00,0x1F,0xFF,0x80,0x01,0xFF,0xFC,0x00,0x0F,0xFF,0xC0,0x00,0xFF,0xFE,0x00,0x07,0xFF,0xE0,0x00,
  0x7F,0xFF,0x00,0x03,0xFF,0xF0,0x00,0x1F,0xFF,0x80,0x01,0xFF,0xF8,0x00,0x0F,0xFF,0xC0,0x00,0xFF,0xFE,0x00,0x07,0xFF,0xE0,
  0x00,0x3F,0xFF,0x00,0x01,0xFF,0xF8,0x00,0x1F,0xFF,0x80,0x00,0xFF,0xFC,0x00,0x07,0xFF,0xE0,0x00,0x7F,0xFF,0x00,0x03,0xFF,
  0xF0,0x00,0x1F,0xFF,0x80,0x00,0xFF,0xFC,0x00,0x07,0xFF,0xE0,0x00,0x7F,0xFF,0x00,0x03,0xFF,0xF0,0x00,0x1F,0xFF,0x80,0x00,
  0xFF,0xFC,0x00,0x07,0xFF,0xE0,0x00,0x3F,0xFF,0x00,0x01,0xFF,0xF8,0x00,0x0F,0xFF,0xC0,0x00,0x7F,0xFE,0x00,0x07,0xFF,0xF0,
  0x00,0x3F,0xFF,0x00,0x01,0xFF,0xF8,0x00,0x0F,0xFF,0xC0,0x00,0x7F,0xFE,0x00,0x03,0xFF,0xF0,0x00,0x1F,0xFF,0x80,0x00,0xFF,
  0xFC,0x00,0x07,0xFF,0xE0,0x00,0x3F,0xFF,0x00,0x01,0xFF,0xF8,0x00,0x0F,0xFF,0xC0,0x00,0x7F,0xFE,0x00,0x03,0xFF,0xF8,0x00,
  0x0F,0xFF,0xC0,0x00,0x7F,0xFE,0x00,0x03,0xFF,0xF0,0x00,0x1F,0xFF,0x80,0x00,0xFF,0xFC,0x00,0x07,0xFF,0xE0,0x00,0x3F,0xFF,
  0x00,0x01,0xFF,0xF8,0x00,0x0F,0xFF,0xE0,0x00,0x3F,0xFF,0x00,0x01,0xFF,0xF8,0x00,0x0F,0xFF,0xC0,0x00,0x7F,0xFE,0x00,0x03,
  0xFF,0xF8,0x00,0x0F,0xFF,0xC0,0x00,0x7F,0xFE,0x00,0x03,0xFF,0xF0,0x00,0x0F,0xFF,0xC0,0x00,0x7F,0xFE,0x00,0x03,0xFF,0xF0,
  0x00,0x1F,0xFF,0xC0,0x00,0x7F,0xFE,0x00,0x03,0xFF,0xF0,0x00,0x0F,0xFF,0xC0,0x00,0x7F,0xFE,0x00,0x03,0xFF,0xF8,0x00,0x0F,
  0xFF,0xC0,0x00,0x7F,0xFF,0x00,0x01,0xFF,0xF8,0x00,0x0F,0xFF,0xE0,0x00,0x3F,0xFF,0x00,0x01,0xFF,0xFC,0x00,0x07,0xFF,0xE0,
  0x00,0x3F,0xFF,0x80,0x00,0xFF,0xFC,0x00,0x03,0xFF,0xF0,0x00,0x1F,0xFF,0xC0,0x00,0x7F,0xFE,0x00,0x03,0xFF,0xF8,0x00,0x0F,
  0xFF,0xC0,0x00,0x3F,0xFF,0xFF,0xFC,0x00,0x07,0xFF,0xF0,0x00,0x1F,0xFF,0x80,0x00,0x7F,0xFE,0x00,0x03,0xFF,0xF8,0x00,0x0F,
  0xFF,0xC0,0x00,0x3F,0xFF,0x00,0x01,0xFF,0xF8,0x00,0x07,0xFF,0xE0,0x00,0x3F,0xFF,0x00,0x00,0xFF,0xFC,0x00,0x07,0xFF,0xF0,
  0x00,0x1F,0xFF,0x80,0x00,0xFF,0xFC,0x00,0x03,0xFF,0xF0,0x00,0x1F,0xFF,0x80,0x00,0x7F,0xFE,0x00,0x03,0xFF,0xF0,0x00,0x1F,
  0xFF,0xC0,0x00,0x7F,0xFE,0x00,0x03,0xFF,0xF0,0x00,0x1F,0xFF,0xC0,0x00,0x7F,0xFE,0x00,0x03,0xFF,0xF0,0x00,0x1F,0xFF,0xC0,
  0x00,0x7F,0xFE,0x00,0x03,0xFF,0xF0,0x00,0x1F,0xFF,0x80,0x00,0xFF,0xFE,0x00,0x03,0xFF,0xF0,0x00,0x1F,0xFF,0x80,0x00,0xFF,
  0xFC,0x00,0x07,0xFF,0xE0,0x00,0x3F,0xFF,0x00,0x00,0xFF,0xFC,0x00,0x07,0xFF,0xE0,0x00,0x3F,0xFF,0x00,0x01,0xFF,0xF8,0x00,
  0x0F,0xFF,0xC0,0x00,0x7F,0xFE,0x00,0x03,0xFF,0xF0,0x00,0x1F,0xFF,0x80,0x00,0xFF,0xFC,0x00,0x07,0xFF,0xE0,0x00,0x3F,0xFF,
  0x00,0x01,0xFF,0xFC,0x00,0x0F,0xFF,0xE0,0x00,0x7F,0xFF,0x00,0x03,0xFF,0xF8,0x00,0x1F,0xFF,0xC0,0x00,0xFF,0xFE,0x00,0x07,
  0xFF,0xE0,0x00,0x3F,0xFF,0x00,0x01,0xFF,0xF8,0x00,0x0F,0xFF,0xC0,0x00,0x7F,0xFE,0x00,0x03,0xFF,0xF0,0x00,0x1F,0xFF,0x80,
  0x00,0xFF,0xFC,0x00,0x07,0xFF,0xE0,0x00,0x3F,0xFF,0x00,0x01,0xFF,0xF8,0x00,0x1F,0xFF,0x80,0x00,0xFF,0xFC,0x00,0x07,0xFF,
  0xE0,0x00,0x3F,0xFF,0x00,0x01,0xFF,0xF8,0x00,0x1F,0xFF,0xC0,0x00,0xFF,0xFC,0x00,0x07,0xFF,0xE0,0x00,0x3F,0xFF,0x00,0x03,
  0xFF,0xF8,0x00,0x1F,0xFF,0x80,0x00,0xFF,0xFC,0x00,0x0F,0xFF,0xE0,0x00,0x7F,0xFE,0x00,0x03,0xFF,0xF0,0x00,0x3F,0xFF,0x80,
  0x01,0xFF,0xF8,0x00,0x0F,0xFF,0xC0,0x00,0xFF,0xFC,0x00,0x07,0xFF,0xE0,0x00,0x7F,0xFE,0x00,0x03,0xFF,0xF0,0x00,0x3F,0xFF,
  0x80,0x01,0xFF,0xF8,0x00,0x1F,0xFF,0x80,0x00,0xFF,0xFC,0x00,0x0F,0xFF,0xC0,0x00,0xFF,0xFE,0x00,0x07,0xFF,0xE0,0x00,0x7F,
  0xFF,0x00,0x03,0xFF,0xF0,0x00,0x3F,0xFF,0x00,0x03,0xFF,0xF8,0x00,0x1F,0xFF,0x80,0x00,0x00,0x01,0xFF,0x80,0x00,0x00,0x01,
  0xFF,0x80,0x00,0x00,0x01,0xFF,0x80,0x00,0x00,0x01,0xFF,0x80,0x00,0x00,0x01,0xFF,0x80,0x00,0x00,0x01,0xFF,0x80,0x00,0x00,
  0x01,0xFF,0x80,0x00,0x00,0x01,0xFF,0x80,0x00,0x18,0x01,0xFF,0x80,0x18,0x1E,0x01,0xFF,0x80,0x78,0x1F,0x81,0xFF,0x81,0xF8,
  0x3F,0xE1,0xFF,0x87,0xFC,0x3F,0xF9,0xFF,0x9F,0xFC,0x3F,0xFF,0xFF,0xFF,0xFC,0x7F,0xFF,0xFF,0xFF,0xFE,0x7F,0xFF,0xFF,0xFF,
  0xFE,0xFF,0xFF,0xFF,0xFF,0xFE,0xFF,0xFF,0xFF,0xFF,0xFF,0x3F,0xFF,0xFF,0xFF,0xFC,0x03,0xFF,0xFF,0xFF,0xC0,0x00,0x7F,0xFF,
  0xFE,0x00,0x00,0x0F,0xFF,0xF0,0x00,0x00,0x0F,0xFF,0xF0,0x00,0x00,0x1F,0xFF,0xF8,0x00,0x00,0x3F,0xFF,0xFC,0x00,0x00,0x7F,
  0xFF,0xFE,0x00,0x00,0xFF,0xEF,0xFF,0x00,0x01,0xFF,0xE7,0xFF,0x80,0x03,0xFF,0xC3,0xFF,0xC0,0x07,0xFF,0xC3,0xFF,0xC0,0x0F,
  0xFF,0x81,0xFF,0xE0,0x1F,0xFF,0x01,0xFF,0xF0,0x0F,0xFF,0x00,0xFF,0xF0,0x07,0xFE,0x00,0x7F,0xC0,0x01,0xFE,0x00,0x7F,0x80,
  0x00,0x7C,0x00,0x3E,0x00,0x00,0x38,0x00,0x3C,0x00,0x00,0x08,0x00,0x10,0x00,0x00,0x00,0x0F,0xFE,0x00,0x00,0x00,0x00,0x00,
  0xFF,0xF0,0x00,0x00,0x00,0x00,0x0F,0xFF,0x00,0x00,0x00,0x00,0x00,0xFF,0xF0,0x00,0x00,0x00,0x00,0x0F,0xFF,0x00,0x00,0x00,
  0x00,0x00,0xFF,0xF0,0x00,0x00,0x00,0x00,0x0F,0xFF,0x00,0x00,0x00,0x00,0x00,0xFF,0xF0,0x00,0x00,0x00,0x00,0x0F,0xFF,0x00,
  0x00,0x00,0x00,0x00,0xFF,0xF0,0x00,0x00,0x00,0x00,0x0F,0xFF,0x00,0x00,0x00,0x00,0x00,0xFF,0xF0,0x00,0x00,0x00,0x00,0x0F,
  0xFF,0x00,0x00,0x00,0x00,0x00,0xFF,0xF0,0x00,0x00,0x00,0x00,0x0F,0xFF,0x00,0x00,0x00,0x00,0x00,0xFF,0xF0,0x00,0x00,0x00,
  0x00,0x0F,0xFF,0x00,0x00,0x00,0x00,0x00,0xFF,0xF0,0x00,0x00,0x00,0x00,0x0F,0xFF,0x00,0x00,0x00,0x00,0x00,0xFF,0xF0,0x00,
  0x00,0x00,0x00,0x0F,0xFF,0x00,0x00,0x0F,0xFF,0xFF,0xFF,0xFF,0xFF,0xFF,0xFF,0xFF,0xFF,0xFF,0xFF,0xFF,0xFF,0xFF,0xFF,0xFF,
  0xFF,0xFF,0xFF,0xFF,0xFF,0xFF,0xFF,0xFF,0xFF,0xFF,0xFF,0xFF,0xFF,0xFF,0xFF,0xFF,0xFF,0xFF,0xFF,0xFF,0xFF,0xFF,0xFF,0xFF,
  0xFF,0xFF,0xFF,0xFF,0xFF,0xFF,0xFF,0xFF,0xFF,0xFF,0xFF,0xFF,0xFF,0xFF,0xFF,0xFF,0xFF,0xFF,0xFF,0xFF,0xFF,0xFF,0xFF,0xFF,
  0xFF,0xFF,0xFF,0xFF,0xFF,0xFF,0xFF,0x00,0x00,0x0F,0xFF,0x00,0x00,0x00,0x00,0x00,0xFF,0xF0,0x00,0x00,0x00,0x00,0x0F,0xFF,
  0x00,0x00,0x00,0x00,0x00,0xFF,0xF0,0x00,0x00,0x00,0x00,0x0F,0xFF,0x00,0x00,0x00,0x00,0x00,0xFF,0xF0,0x00,0x00,0x00,0x00,
  0x0F,0xFF,0x00,0x00,0x00,0x00,0x00,0xFF,0xF0,0x00,0x00,0x00,0x00,0x0F,0xFF,0x00,0x00,0x00,0x00,0x00,0xFF,0xF0,0x00,0x00,
  0x00,0x00,0x0F,0xFF,0x00,0x00,0x00,0x00,0x00,0xFF,0xF0,0x00,0x00,0x00,0x00,0x0F,0xFF,0x00,0x00,0x00,0x00,0x00,0xFF,0xF0,
  0x00,0x00,0x00,0x00,0x0F,0xFF,0x00,0x00,0x00,0x00,0x00,0xFF,0xF0,0x00,0x00,0x00,0x00,0x0F,0xFF,0x00,0x00,0x00,0x00,0x00,
  0xFF,0xF0,0x00,0x00,0x00,0x00,0x0F,0xFF,0x00,0x00,0x00,0x00,0x00,0xFF,0xF0,0x00,0x00,0x00,0x00,0x0F,0xFE,0x00,0x00,0x00,
  0x00,0xFF,0xFF,0x00,0xFF,0xFF,0x00,0xFF,0xFE,0x01,0xFF,0xFE,0x01,0xFF,0xFC,0x01,0xFF,0xFC,0x01,0xFF,0xF8,0x03,0xFF,0xF8,
  0x03,0xFF,0xF0,0x03,0xFF,0xF0,0x03,0xFF,0xE0,0x07,0xFF,0xE0,0x07,0xFF,0xC0,0x07,0xFF,0xC0,0x07,0xFF,0xC0,0x0F,0xFF,0x80,
  0x0F,0xFF,0x80,0x0F,0xFF,0x00,0x0F,0xFF,0x00,0x1F,0xFE,0x00,0x1F,0xFE,0x00,0x1F,0xFC,0x00,0x1F,0xFC,0x00,0x3F,0xF8,0x00,
  0x3F,0xF8,0x00,0x3F,0xF0,0x00,0x3F,0xF0,0x00,0x7F,0xE0,0x00,0x7F,0xE0,0x00,0x7F,0xC0,0x00,0x7F,0xC0,0x00,0xFF,0x80,0x00,
  0xFF,0x80,0x00,0xFF,0xFF,0xFF,0xFF,0xFF,0xFF,0xFF,0xFF,0xFF,0xFF,0xFF,0xFF,0xFF,0xFF,0xFF,0xFF,0xFF,0xFF,0xFF,0xFF,0xFF,
  0xFF,0xFF,0xFF,0xFF,0xFF,0xFF,0xFF,0xFF,0xFF,0xFF,0xFF,0xFF,0xFF,0xFF,0xFF,0xFF,0xFF,0xFF,0xFF,0xFF,0xFF,0xFF,0xFF,0xFF,
  0xFF,0xFF,0xFF,0xFF,0xFF,0xFF,0xFF,0xFF,0xFF,0xFF,0xFF,0xFF,0xFF,0xFF,0xFF,0xFF,0xFF,0xFF,0xFF,0xFF,0xFF,0xFF,0xFF,0xFF,
  0xFF,0xFF,0xC0,0x00,0x00,0x00,0x00,0x00,0xFF,0xF0,0x00,0x00,0x00,0x00,0x0F,0xFE,0x00,0x00,0x00,0x00,0x01,0xFF,0xE0,0x00,
  0x00,0x00,0x00,0x1F,0xFC,0x00,0x00,0x00,0x00,0x03,0xFF,0xC0,0x00,0x00,0x00,0x00,0x3F,0xF8,0x00,0x00,0x00,0x00,0x07,0xFF,
  0x80,0x00,0x00,0x00,0x00,0x7F,0xF0,0x00,0x00,0x00,0x00,0x0F,0xFF,0x00,0x00,0x00,0x00,0x00,0xFF,0xE0,0x00,0x00,0x00,0x00,
  0x1F,0xFE,0x00,0x00,0x00,0x00,0x03,0xFF,0xC0,0x00,0x00,0x00,0x00,0x3F,0xFC,0x00,0x00,0x00,0x00,0x07,0xFF,0x80,0x00,0x00,
  0x00,0x00,0x7F,0xF0,0x00,0x00,0x00,0x00,0x0F,0xFF,0x00,0x00,0x00,0x00,0x00,0xFF,0xE0,0x00,0x00,0x00,0x00,0x1F,0xFE,0x00,
  0x00,0x00,0x00,0x01,0xFF,0xC0,0x00,0x00,0x00,0x00,0x3F,0xFC,0x00,0x00,0x00,0x00,0x03,0xFF,0x80,0x00,0x00,0x00,0x00,0x7F,
  0xF8,0x00,0x00,0x00,0x00,0x0F,0xFF,0x00,0x00,0x00,0x00,0x00,0xFF,0xF0,0x00,0x00,0x00,0x00,0x1F,0xFE,0x00,0x00,0x00,0x00,
  0x01,0xFF,0xE0,0x00,0x00,0x00,0x00,0x3F,0xFC,0x00,0x00,0x00,0x00,0x03,0xFF,0x80,0x00,0x00,0x00,0x00,0x7F,0xF8,0x00,0x00,
  0x00,0x00,0x07,0xFF,0x00,0x00,0x00,0x00,0x00,0xFF,0xF0,0x00,0x00,0x00,0x00,0x0F,0xFE,0x00,0x00,0x00,0x00,0x01,0xFF,0xE0,
  0x00,0x00,0x00,0x00,0x3F,0xFC,0x00,0x00,0x00,0x00,0x03,0xFF,0xC0,0x00,0x00,0x00,0x00,0x7F,0xF8,0x00,0x00,0x00,0x00,0x07,
  0xFF,0x80,0x00,0x00,0x00,0x00,0xFF,0xF0,0x00,0x00,0x00,0x00,0x0F,0xFE,0x00,0x00,0x00,0x00,0x01,0xFF,0xE0,0x00,0x00,0x00,
  0x00,0x1F,0xFC,0x00,0x00,0x00,0x00,0x03,0xFF,0xC0,0x00,0x00,0x00,0x00,0x3F,0xF8,0x00,0x00,0x00,0x00,0x07,0xFF,0x80,0x00,
  0x00,0x00,0x00,0x7F,0xF0,0x00,0x00,0x00,0x00,0x0F,0xFF,0x00,0x00,0x00,0x00,0x01,0xFF,0xE0,0x00,0x00,0x00,0x00,0x1F,0xFE,
  0x00,0x00,0x00,0x00,0x03,0xFF,0xC0,0x00,0x00,0x00,0x00,0x3F,0xFC,0x00,0x00,0x00,0x00,0x07,0xFF,0x80,0x00,0x00,0x00,0x00,
  0x7F,0xF0,0x00,0x00,0x00,0x00,0x0F,0xFF,0x00,0x00,0x00,0x00,0x00,0xFF,0xE0,0x00,0x00,0x00,0x00,0x1F,0xFE,0x00,0x00,0x00,
  0x00,0x01,0xFF,0xC0,0x00,0x00,0x00,0x00,0x3F,0xFC,0x00,0x00,0x00,0x00,0x07,0xFF,0x80,0x00,0x00,0x00,0x00,0x7F,0xF8,0x00,
  0x00,0x00,0x00,0x0F,0xFF,0x00,0x00,0x00,0x00,0x00,0xFF,0xF0,0x00,0x00,0x00,0x00,0x1F,0xFE,0x00,0x00,0x00,0x00,0x01,0xFF,
  0xE0,0x00,0x00,0x00,0x00,0x3F,0xFC,0x00,0x00,0x00,0x00,0x03,0xFF,0x80,0x00,0x00,0x00,0x00,0x7F,0xF8,0x00,0x00,0x00,0x00,
  0x07,0xFF,0x00,0x00,0x00,0x00,0x00,0xFF,0xF0,0x00,0x00,0x00,0x00,0x1F,0xFE,0x00,0x00,0x00,0x00,0x01,0xFF,0xE0,0x00,0x00,
  0x00,0x00,0x3F,0xFC,0x00,0x00,0x00,0x00,0x03,0xFF,0xC0,0x00,0x00,0x00,0x00,0x7F,0xF8,0x00,0x00,0x00,0x00,0x07,0xFF,0x80,
  0x00,0x00,0x00,0x00,0xFF,0xF0,0x00,0x00,0x00,0x00,0x0F,0xFE,0x00,0x00,0x00,0x00,0x00,0x00,0x00,0x1F,0xFE,0x00,0x00,0x00,
  0x00,0x7F,0xFF,0xF0,0x00,0x00,0x00,0x7F,0xFF,0xFF,0x80,0x00,0x00,0x7F,0xFF,0xFF,0xF0,0x00,0x00,0x3F,0xFF,0xFF,0xFF,0x00,
  0x00,0x1F,0xFF,0xFF,0xFF,0xE0,0x00,0x0F,0xFF,0xFF,0xFF,0xFC,0x00,0x07,0xFF,0xFF,0xFF,0xFF,0x80,0x03,0xFF,0xFF,0xFF,0xFF,
  0xF0,0x01,0xFF,0xFF,0xFF,0xFF,0xFC,0x00,0x7F,0xFF,0xFF,0xFF,0xFF,0x80,0x3F,0xFF,0xF0,0x3F,0xFF,0xE0,0x0F,0xFF,0xF0,0x03,
  0xFF,0xFC,0x07,0xFF,0xF0,0x00,0x7F,0xFF,0x01,0xFF,0xFC,0x00,0x0F,0xFF,0xE0,0x7F,0xFE,0x00,0x01,0xFF,0xF8,0x3F,0xFF,0x00,
  0x00,0x7F,0xFF,0x0F,0xFF,0xC0,0x00,0x0F,0xFF,0xC3,0xFF,0xF0,0x00,0x03,0xFF,0xF1,0xFF,0xF8,0x00,0x00,0xFF,0xFC,0x7F,0xFE,
  0x00,0x00,0x3F,0xFF,0x9F,0xFF,0x80,0x00,0x07,0xFF,0xE7,0xFF,0xE0,0x00,0x01,0xFF,0xF9,0xFF,0xF8,0x00,0x00,0x7F,0xFE,0xFF,
  0xFE,0x00,0x00,0x1F,0xFF,0xBF,0xFF,0x00,0x00,0x07,0xFF,0xEF,0xFF,0xC0,0x00,0x01,0xFF,0xFF,0xFF,0xF0,0x00,0x00,0x7F,0xFF,
  0xFF,0xFC,0x1F,0xFC,0x1F,0xFF,0xFF,0xFF,0x07,0xFF,0x07,0xFF,0xFF,0xFF,0xC1,0xFF,0xC0,0xFF,0xFF,0xFF,0xF0,0x7F,0xF0,0x3F,
  0xFF,0xFF,0xFC,0x1F,0xFC,0x0F,0xFF,0xFF,0xFF,0x07,0xFF,0x03,0xFF,0xFF,0xFF,0xC1,0xFF,0xC0,0xFF,0xFF,0xFF,0xF0,0x7F,0xF0,
  0x3F,0xFF,0xFF,0xFC,0x1F,0xFC,0x0F,0xFF,0xFF,0xFF,0x07,0xFF,0x03,0xFF,0xFF,0xFF,0xC1,0xFF,0xC0,0xFF,0xFF,0xFF,0xF0,0x7F,
  0xF0,0x3F,0xFF,0xFF,0xFC,0x1F,0xFC,0x1F,0xFF,0xFF,0xFF,0x00,0x00,0x07,0xFF,0xFF,0xFF,0xC0,0x00,0x01,0xFF,0xFF,0xFF,0xF0,
  0x00,0x00,0x7F,0xFE,0xFF,0xFE,0x00,0x00,0x1F,0xFF,0x9F,0xFF,0x80,0x00,0x07,0xFF,0xE7,0xFF,0xE0,0x00,0x01,0xFF,0xF9,0xFF,
  0xF8,0x00,0x00,0x7F,0xFE,0x7F,0xFE,0x00,0x00,0x1F,0xFF,0x9F,0xFF,0x80,0x00,0x0F,0xFF,0xC3,0xFF,0xF0,0x00,0x03,0xFF,0xF0,
  0xFF,0xFC,0x00,0x00,0xFF,0xFC,0x3F,0xFF,0x00,0x00,0x7F,0xFF,0x0F,0xFF,0xE0,0x00,0x1F,0xFF,0x81,0xFF,0xF8,0x00,0x07,0xFF,
  0xE0,0x7F,0xFF,0x00,0x03,0xFF,0xF8,0x0F,0xFF,0xE0,0x01,0xFF,0xFC,0x03,0xFF,0xFC,0x00,0xFF,0xFF,0x00,0x7F,0xFF,0xC1,0xFF,
  0xFF,0x80,0x1F,0xFF,0xFF,0xFF,0xFF,0xC0,0x03,0xFF,0xFF,0xFF,0xFF,0xF0,0x00,0xFF,0xFF,0xFF,0xFF,0xF8,0x00,0x1F,0xFF,0xFF,
  0xFF,0xFC,0x00,0x03,0xFF,0xFF,0xFF,0xFE,0x00,0x00,0x7F,0xFF,0xFF,0xFF,0x00,0x00,0x0F,0xFF,0xFF,0xFF,0x80,0x00,0x00,0xFF,
  0xFF,0xFF,0xC0,0x00,0x00,0x1F,0xFF,0xFF,0xC0,0x00,0x00,0x00,0xFF,0xFF,0xC0,0x00,0x00,0x00,0x07,0xFF,0x00,0x00,0x00,0x00,
  0x00,0x0F,0xFF,0xC0,0x00,0x00,0x00,0x01,0xFF,0xF8,0x00,0x00,0x00,0x00,0x7F,0xFF,0x00,0x00,0x00,0x00,0x1F,0xFF,0xE0,0x00,
  0x00,0x00,0x03,0xFF,0xFC,0x00,0x00,0x00,0x00,0xFF,0xFF,0x80,0x00,0x00,0x00,0x3F,0xFF,0xF0,0x00,0x00,0x00,0x1F,0xFF,0xFE,
  0x00,0x00,0x00,0x07,0xFF,0xFF,0xC0,0x00,0x00,0x03,0xFF,0xFF,0xF8,0x00,0x00,0x03,0xFF,0xFF,0xFF,0x00,0x00,0x03,0xFF,0xFF,
  0xFF,0xE0,0x00,0x0F,0xFF,0xFF,0xFF,0xFC,0x00,0x01,0xFF,0xFF,0xFF,0xFF,0x80,0x00,0x3F,0xFF,0xFB,0xFF,0xF0,0x00,0x07,0xFF,
  0xFE,0x7F,0xFE,0x00,0x00,0xFF,0xFF,0x8F,0xFF,0xC0,0x00,0x1F,0xFF,0xE1,0xFF,0xF8,0x00,0x03,0xFF,0xF8,0x3F,0xFF,0x00,0x00,
  0x7F,0xFC,0x07,0xFF,0xE0,0x00,0x0F,0xFE,0x00,0xFF,0xFC,0x00,0x01,0xFE,0x00,0x1F,0xFF,0x80,0x00,0x3C,0x00,0x03,0xFF,0xF0,
  0x00,0x00,0x00,0x00,0x7F,0xFE,0x00,0x00,0x00,0x00,0x0F,0xFF,0xC0,0x00,0x00,0x00,0x01,0xFF,0xF8,0x00,0x00,0x00,0x00,0x3F,
  0xFF,0x00,0x00,0x00,0x00,0x07,0xFF,0xE0,0x00,0x00,0x00,0x00,0xFF,0xFC,0x00,0x00,0x00,0x00,0x1F,0xFF,0x80,0x00,0x00,0x00,
  0x03,0xFF,0xF0,0x00,0x00,0x00,0x00,0x7F,0xFE,0x00,0x00,0x00,0x00,0x0F,0xFF,0xC0,0x00,0x00,0x00,0x01,0xFF,0xF8,0x00,0x00,
  0x00,0x00,0x3F,0xFF,0x00,0x00,0x00,0x00,0x07,0xFF,0xE0,0x00,0x00,0x00,0x00,0xFF,0xFC,0x00,0x00,0x00,0x00,0x1F,0xFF,0x80,
  0x00,0x00,0x00,0x03,0xFF,0xF0,0x00,0x00,0x00,0x00,0x7F,0xFE,0x00,0x00,0x00,0x00,0x0F,0xFF,0xC0,0x00,0x00,0x00,0x01,0xFF,
  0xF8,0x00,0x00,0x00,0x00,0x3F,0xFF,0x00,0x00,0x00,0x00,0x07,0xFF,0xE0,0x00,0x00,0x00,0x00,0xFF,0xFC,0x00,0x00,0x00,0x00,
  0x1F,0xFF,0x80,0x00,0x00,0x00,0x03,0xFF,0xF0,0x00,0x00,0x00,0x00,0x7F,0xFE,0x00,0x00,0x00,0x00,0x0F,0xFF,0xC0,0x00,0x00,
  0x00,0x01,0xFF,0xF8,0x00,0x00,0x00,0x00,0x3F,0xFF,0x00,0x00,0x00,0x00,0x07,0xFF,0xE0,0x00,0x00,0x00,0x00,0xFF,0xFC,0x00,
  0x00,0x00,0x00,0x1F,0xFF,0x80,0x00,0x00,0x00,0x03,0xFF,0xF0,0x00,0x00,0x00,0x00,0x7F,0xFE,0x00,0x00,0x00,0x00,0x0F,0xFF,
  0xC0,0x00,0x0F,0xFF,0xFF,0xFF,0xFF,0xFF,0xFB,0xFF,0xFF,0xFF,0xFF,0xFF,0xFF,0xFF,0xFF,0xFF,0xFF,0xFF,0xFF,0xFF,0xFF,0xFF,
  0xFF,0xFF,0xFF,0xFF,0xFF,0xFF,0xFF,0xFF,0xFF,0xFF,0xFF,0xFF,0xFF,0xFF,0xFF,0xFF,0xFF,0xFF,0xFF,0xFF,0xFF,0xFF,0xFF,0xFF,
  0xFF,0xFF,0xFF,0xFF,0xFF,0xFF,0xFF,0xFF,0xFF,0xFF,0xFF,0xFF,0xFF,0xFF,0xFF,0xFF,0xFF,0xFF,0xFF,0xFF,0xFF,0xFF,0xFF,0xFF,
  0xF0,0x00,0x00,0x1F,0xFF,0x00,0x00,0x00,0x00,0x7F,0xFF,0xFC,0x00,0x00,0x00,0xFF,0xFF,0xFF,0xC0,0x00,0x00,0xFF,0xFF,0xFF,
  0xFC,0x00,0x00,0x7F,0xFF,0xFF,0xFF,0xC0,0x00,0x3F,0xFF,0xFF,0xFF,0xF8,0x00,0x1F,0xFF,0xFF,0xFF,0xFF,0x00,0x0F,0xFF,0xFF,
  0xFF,0xFF,0xE0,0x07,0xFF,0xFF,0xFF,0xFF,0xFC,0x03,0xFF,0xFF,0xFF,0xFF,0xFF,0x00,0xFF,0xFF,0xFF,0xFF,0xFF,0xE0,0x7F,0xFF,
  0xF8,0x7F,0xFF,0xF8,0x1F,0xFF,0xF0,0x01,0xFF,0xFF,0x0F,0xFF,0xF0,0x00,0x3F,0xFF,0xC3,0xFF,0xFC,0x00,0x07,0xFF,0xF0,0xFF,
  0xFE,0x00,0x01,0xFF,0xFE,0x7F,0xFF,0x00,0x00,0x3F,0xFF,0x9F,0xFF,0xC0,0x00,0x0F,0xFF,0xE7,0xFF,0xF0,0x00,0x03,0xFF,0xF9,
  0xFF,0xF8,0x00,0x00,0xFF,0xFE,0x07,0xFE,0x00,0x00,0x3F,0xFF,0x80,0x00,0x00,0x00,0x0F,0xFF,0xC0,0x00,0x00,0x00,0x07,0xFF,
  0xF0,0x00,0x00,0x00,0x01,0xFF,0xFC,0x00,0x00,0x00,0x00,0xFF,0xFF,0x00,0x00,0x00,0x00,0x7F,0xFF,0x80,0x00,0x00,0x00,0x1F,
  0xFF,0xE0,0x00,0x00,0x00,0x0F,0xFF,0xF0,0x00,0x00,0x00,0x07,0xFF,0xFC,0x00,0x00,0x00,0x03,0xFF,0xFE,0x00,0x00,0x00,0x03,
  0xFF,0xFF,0x00,0x00,0x00,0x01,0xFF,0xFF,0xC0,0x00,0x00,0x00,0xFF,0xFF,0xE0,0x00,0x00,0x00,0x7F,0xFF,0xF0,0x00,0x00,0x00,
  0x3F,0xFF,0xF8,0x00,0x00,0x00,0x1F,0xFF,0xFC,0x00,0x00,0x00,0x1F,0xFF,0xFE,0x00,0x00,0x00,0x0F,0xFF,0xFF,0x00,0x00,0x00,
  0x07,0xFF,0xFF,0x00,0x00,0x00,0x03,0xFF,0xFF,0x80,0x00,0x00,0x01,0xFF,0xFF,0xC0,0x00,0x00,0x00,0xFF,0xFF,0xE0,0x00,0x00,
  0x00,0x7F,0xFF,0xE0,0x00,0x00,0x00,0x3F,0xFF,0xF0,0x00,0x00,0x00,0x1F,0xFF,0xF8,0x00,0x00,0x00,0x0F,0xFF,0xFC,0x00,0x00,
  0x00,0x07,0xFF,0xFE,0x00,0x00,0x00,0x03,0xFF,0xFE,0x00,0x00,0x00,0x01,0xFF,0xFF,0x00,0x00,0x00,0x00,0xFF,0xFF,0x80,0x00,
  0x00,0x00,0x7F,0xFF,0xC0,0x00,0x00,0x00,0x1F,0xFF,0xE0,0x00,0x00,0x00,0x0F,0xFF,0xF0,0x00,0x00,0x00,0x07,0xFF,0xF8,0x00,
  0x00,0x00,0x01,0xFF,0xFE,0x00,0x00,0x00,0x00,0xFF,0xFF,0x00,0x00,0x00,0x00,0x7F,0xFF,0x80,0x00,0x00,0x00,0x1F,0xFF,0xFF,
  0xFF,0xFF,0xFF,0xFF,0xFF,0xFF,0xFF,0xFF,0xFF,0xFF,0xFF,0xFF,0xFF,0xFF,0xFF,0xFF,0xFF,0xFF,0xFF,0xFF,0xFF,0xFF,0xFF,0xFF,
  0xFF,0xFF,0xFF,0xFF,0xFF,0xFF,0xFF,0xFF,0xFF,0xFF,0xFF,0xFF,0xFF,0xFF,0xFF,0xFF,0xFF,0xFF,0xFF,0xFF,0xFF,0xFF,0xFF,0xFF,
  0xFF,0xFF,0xFF,0xFF,0xFF,0xFF,0xFF,0xFF,0xFF,0xFF,0xFF,0xFF,0xFF,0xFF,0xFF,0xFF,0xFF,0xFF,0xFF,0xFF,0xFF,0xFF,0xFF,0xFF,
  0xC0,0x00,0x00,0x1F,0xFF,0x00,0x00,0x00,0x00,0x1F,0xFF,0xFF,0x00,0x00,0x00,0x0F,0xFF,0xFF,0xFE,0x00,0x00,0x01,0xFF,0xFF,
  0xFF,0xF8,0x00,0x00,0x7F,0xFF,0xFF,0xFF,0xE0,0x00,0x0F,0xFF,0xFF,0xFF,0xFF,0x00,0x01,0xFF,0xFF,0xFF,0xFF,0xF8,0x00,0x3F,
  0xFF,0xFF,0xFF,0xFF,0xC0,0x07,0xFF,0xFF,0xFF,0xFF,0xFE,0x00,0xFF,0xFF,0xFF,0xFF,0xFF,0xE0,0x0F,0xFF,0xFF,0xFF,0xFF,0xFF,
  0x01,0xFF,0xFF,0xE1,0xFF,0xFF,0xF0,0x1F,0xFF,0xF0,0x01,0xFF,0xFF,0x83,0xFF,0xFC,0x00,0x0F,0xFF,0xF8,0x3F,0xFF,0x80,0x00,
  0x7F,0xFF,0x87,0xFF,0xF0,0x00,0x03,0xFF,0xFC,0x7F,0xFF,0x00,0x00,0x1F,0xFF,0xC7,0xFF,0xF0,0x00,0x01,0xFF,0xFC,0x7F,0xFE,
  0x00,0x00,0x1F,0xFF,0xC0,0x0F,0xE0,0x00,0x01,0xFF,0xFC,0x00,0x00,0x00,0x00,0x1F,0xFF,0xC0,0x00,0x00,0x00,0x01,0xFF,0xFC,
  0x00,0x00,0x00,0x00,0x1F,0xFF,0x80,0x00,0x00,0x00,0x01,0xFF,0xF8,0x00,0x00,0x00,0x00,0x3F,0xFF,0x80,0x00,0x00,0x00,0x07,
  0xFF,0xF0,0x00,0x00,0x00,0x00,0xFF,0xFF,0x00,0x00,0x00,0x00,0x3F,0xFF,0xE0,0x00,0x00,0x00,0x1F,0xFF,0xFC,0x00,0x00,0x03,
  0xFF,0xFF,0xFF,0x80,0x00,0x00,0x3F,0xFF,0xFF,0xF0,0x00,0x00,0x03,0xFF,0xFF,0xFC,0x00,0x00,0x00,0x3F,0xFF,0xFF,0x00,0x00,
  0x00,0x03,0xFF,0xFF,0xC0,0x00,0x00,0x00,0x3F,0xFF,0xF0,0x00,0x00,0x00,0x03,0xFF,0xFF,0xF0,0x00,0x00,0x00,0x3F,0xFF,0xFF,
  0xC0,0x00,0x00,0x03,0xFF,0xFF,0xFF,0x00,0x00,0x00,0x3F,0xFF,0xFF,0xFC,0x00,0x00,0x03,0xFF,0xFF,0xFF,0xE0,0x00,0x00,0x01,
  0xFF,0xFF,0xFF,0x00,0x00,0x00,0x00,0x3F,0xFF,0xF8,0x00,0x00,0x00,0x00,0x7F,0xFF,0xC0,0x00,0x00,0x00,0x03,0xFF,0xFC,0x00,
  0x00,0x00,0x00,0x1F,0xFF,0xE0,0x00,0x00,0x00,0x00,0xFF,0xFE,0x00,0x00,0x00,0x00,0x07,0xFF,0xE0,0x00,0x00,0x00,0x00,0x7F,
  0xFE,0x00,0x00,0x00,0x00,0x07,0xFF,0xF0,0x01,0xC0,0x00,0x00,0x7F,0xFF,0xFF,0xFC,0x00,0x00,0x07,0xFF,0xFF,0xFF,0xE0,0x00,
  0x00,0x7F,0xFF,0xFF,0xFE,0x00,0x00,0x0F,0xFF,0xFF,0xFF,0xE0,0x00,0x00,0xFF,0xFE,0xFF,0xFF,0x00,0x00,0x1F,0xFF,0xE7,0xFF,
  0xF8,0x00,0x01,0xFF,0xFE,0x7F,0xFF,0xC0,0x00,0x7F,0xFF,0xE7,0xFF,0xFF,0x00,0x1F,0xFF,0xFC,0x3F,0xFF,0xFF,0xFF,0xFF,0xFF,
  0xC1,0xFF,0xFF,0xFF,0xFF,0xFF,0xF8,0x1F,0xFF,0xFF,0xFF,0xFF,0xFF,0x80,0xFF,0xFF,0xFF,0xFF,0xFF,0xF0,0x07,0xFF,0xFF,0xFF,
  0xFF,0xFE,0x00,0x3F,0xFF,0xFF,0xFF,0xFF,0xC0,0x01,0xFF,0xFF,0xFF,0xFF,0xF8,0x00,0x0F,0xFF,0xFF,0xFF,0xFF,0x00,0x00,0x3F,
  0xFF,0xFF,0xFF,0xC0,0x00,0x00,0xFF,0xFF,0xFF,0xF0,0x00,0x00,0x01,0xFF,0xFF,0xF8,0x00,0x00,0x00,0x01,0xFF,0xF8,0x00,0x00,
  0x00,0x00,0x00,0x07,0xFF,0xF8,0x00,0x00,0x00,0x00,0x1F,0xFF,0xF0,0x00,0x00,0x00,0x00,0x3F,0xFF,0xE0,0x00,0x00,0x00,0x00,
  0xFF,0xFF,0xC0,0x00,0x00,0x00,0x03,0xFF,0xFF,0x80,0x00,0x00,0x00,0x07,0xFF,0xFF,0x00,0x00,0x00,0x00,0x1F,0xFF,0xFE,0x00,
  0x00,0x00,0x00,0x7F,0xFF,0xFC,0x00,0x00,0x00,0x01,0xFF,0xFF,0xF8,0x00,0x00,0x00,0x03,0xFF,0xFF,0xF0,0x00,0x00,0x00,0x0F,
  0xFF,0xFF,0xE0,0x00,0x00,0x00,0x3F,0xFF,0xFF,0xC0,0x00,0x00,0x00,0x7F,0xFF,0xFF,0x80,0x00,0x00,0x01,0xFF,0xFF,0xFF,0x00,
  0x00,0x00,0x07,0xFF,0xBF,0xFE,0x00,0x00,0x00,0x0F,0xFF,0x7F,0xFC,0x00,0x00,0x00,0x3F,0xFC,0xFF,0xF8,0x00,0x00,0x00,0xFF,
  0xF1,0xFF,0xF0,0x00,0x00,0x01,0xFF,0xE3,0xFF,0xE0,0x00,0x00,0x07,0xFF,0x87,0xFF,0xC0,0x00,0x00,0x1F,0xFF,0x0F,0xFF,0x80,
  0x00,0x00,0x7F,0xFC,0x1F,0xFF,0x00,0x00,0x00,0xFF,0xF0,0x3F,0xFE,0x00,0x00,0x03,0xFF,0xC0,0x7F,0xFC,0x00,0x00,0x0F,0xFF,
  0x80,0xFF,0xF8,0x00,0x00,0x1F,0xFE,0x01,0xFF,0xF0,0x00,0x00,0x7F,0xF8,0x03,0xFF,0xE0,0x00,0x01,0xFF,0xF0,0x07,0xFF,0xC0,
  0x00,0x03,0xFF,0xC0,0x0F,0xFF,0x80,0x00,0x0F,0xFF,0x00,0x1F,0xFF,0x00,0x00,0x3F,0xFC,0x00,0x3F,0xFE,0x00,0x00,0xFF,0xF8,
  0x00,0x7F,0xFC,0x00,0x01,0xFF,0xE0,0x00,0xFF,0xF8,0x00,0x07,0xFF,0x80,0x01,0xFF,0xF0,0x00,0x1F,0xFF,0x00,0x03,0xFF,0xE0,
  0x00,0x3F,0xFC,0x00,0x07,0xFF,0xC0,0x00,0xFF,0xF0,0x00,0x0F,0xFF,0x80,0x03,0xFF,0xC0,0x00,0x1F,0xFF,0x00,0x07,0xFF,0x80,
  0x00,0x3F,0xFE,0x00,0x1F,0xFE,0x00,0x00,0x7F,0xFC,0x00,0x7F,0xF8,0x00,0x00,0xFF,0xF8,0x01,0xFF,0xF0,0x00,0x01,0xFF,0xF0,
  0x03,0xFF,0xC0,0x00,0x03,0xFF,0xE0,0x07,0xFF,0xFF,0xFF,0xFF,0xFF,0xFF,0xFF,0xFF,0xFF,0xFF,0xFF,0xFF,0xFF,0xFF,0xFF,0xFF,
  0xFF,0xFF,0xFF,0xFF,0xFF,0xFF,0xFF,0xFF,0xFF,0xFF,0xFF,0xFF,0xFF,0xFF,0xFF,0xFF,0xFF,0xFF,0xFF,0xFF,0xFF,0xFF,0xFF,0xFF,
  0xFF,0xFF,0xFF,0xFF,0xFF,0xFF,0xFF,0xFF,0xFF,0xFF,0xFF,0xFF,0xFF,0xFF,0xFF,0xFF,0xFF,0xFF,0xFF,0xFF,0xFF,0xFF,0xFF,0xFF,
  0xFF,0xFF,0xFF,0xFF,0xFF,0xFF,0xFF,0xFF,0xFF,0xFF,0xFF,0x80,0x00,0x00,0x00,0x3F,0xFE,0x00,0x00,0x00,0x00,0x00,0x7F,0xFC,
  0x00,0x00,0x00,0x00,0x00,0xFF,0xF8,0x00,0x00,0x00,0x00,0x01,0xFF,0xF0,0x00,0x00,0x00,0x00,0x03,0xFF,0xE0,0x00,0x00,0x00,
  0x00,0x07,0xFF,0xC0,0x00,0x00,0x00,0x00,0x0F,0xFF,0x80,0x00,0x00,0x00,0x00,0x1F,0xFF,0x00,0x00,0x00,0x00,0x00,0x3F,0xFE,
  0x00,0x00,0x00,0x00,0x00,0x7F,0xFC,0x00,0x00,0x00,0x00,0x00,0xFF,0xF8,0x00,0x00,0x00,0x00,0x01,0xFF,0xF0,0x00,0x00,0x00,
  0x00,0x03,0xFF,0xE0,0x00,0x00,0x00,0x00,0x07,0xFF,0xC0,0x00,0x07,0xFF,0xFF,0xFF,0xFF,0xFE,0x00,0x7F,0xFF,0xFF,0xFF,0xFF,
  0xE0,0x07,0xFF,0xFF,0xFF,0xFF,0xFE,0x00,0xFF,0xFF,0xFF,0xFF,0xFF,0xE0,0x0F,0xFF,0xFF,0xFF,0xFF,0xFE,0x00,0xFF,0xFF,0xFF,
  0xFF,0xFF,0xE0,0x0F,0xFF,0xFF,0xFF,0xFF,0xFE,0x00,0xFF,0xFF,0xFF,0xFF,0xFF,0xE0,0x0F,0xFF,0xFF,0xFF,0xFF,0xFE,0x00,0xFF,
  0xFF,0xFF,0xFF,0xFF,0xE0,0x0F,0xFF,0xFF,0xFF,0xFF,0xFE,0x00,0xFF,0xFC,0x00,0x00,0x00,0x00,0x0F,0xFF,0xC0,0x00,0x00,0x00,
  0x00,0xFF,0xF8,0x00,0x00,0x00,0x00,0x0F,0xFF,0x80,0x00,0x00,0x00,0x00,0xFF,0xF8,0x00,0x00,0x00,0x00,0x0F,0xFF,0x80,0x00,
  0x00,0x00,0x00,0xFF,0xF8,0x00,0x00,0x00,0x00,0x1F,0xFF,0x80,0x00,0x00,0x00,0x01,0xFF,0xF8,0x00,0x00,0x00,0x00,0x1F,0xFF,
  0x80,0x00,0x00,0x00,0x01,0xFF,0xF8,0x00,0x00,0x00,0x00,0x1F,0xFF,0x80,0xFF,0xE0,0x00,0x01,0xFF,0xF8,0x7F,0xFF,0xC0,0x00,
  0x1F,0xFF,0x9F,0xFF,0xFF,0x00,0x01,0xFF,0xFB,0xFF,0xFF,0xFC,0x00,0x1F,0xFF,0xFF,0xFF,0xFF,0xF0,0x01,0xFF,0xFF,0xFF,0xFF,
  0xFF,0x80,0x1F,0xFF,0xFF,0xFF,0xFF,0xFC,0x01,0xFF,0xFF,0xFF,0xFF,0xFF,0xE0,0x1F,0xFF,0xFF,0xFF,0xFF,0xFE,0x01,0xFF,0xFF,
  0xFF,0xFF,0xFF,0xF0,0x1F,0xFF,0xFF,0xFF,0xFF,0xFF,0x81,0xFF,0xFF,0xFF,0xFF,0xFF,0xF8,0x3F,0xFF,0xF8,0x01,0xFF,0xFF,0xC3,
  0xFF,0xFE,0x00,0x07,0xFF,0xFC,0x3F,0xFF,0xC0,0x00,0x3F,0xFF,0xC3,0xFF,0xF8,0x00,0x01,0xFF,0xFE,0x00,0x00,0x00,0x00,0x1F,
  0xFF,0xE0,0x00,0x00,0x00,0x00,0xFF,0xFE,0x00,0x00,0x00,0x00,0x0F,0xFF,0xE0,0x00,0x00,0x00,0x00,0xFF,0xFE,0x00,0x00,0x00,
  0x00,0x07,0xFF,0xE0,0x00,0x00,0x00,0x00,0x7F,0xFF,0x00,0x00,0x00,0x00,0x07,0xFF,0xF0,0x00,0x00,0x00,0x00,0x7F,0xFF,0x00,
  0x00,0x00,0x00,0x07,0xFF,0xE0,0x00,0x00,0x00,0x00,0x7F,0xFE,0x00,0x00,0x00,0x00,0x07,0xFF,0xE0,0x0F,0xE0,0x00,0x00,0xFF,
  0xFE,0xFF,0xFE,0x00,0x00,0x0F,0xFF,0xEF,0xFF,0xE0,0x00,0x00,0xFF,0xFE,0x7F,0xFF,0x00,0x00,0x1F,0xFF,0xC7,0xFF,0xF0,0x00,
  0x01,0xFF,0xFC,0x7F,0xFF,0x80,0x00,0x3F,0xFF,0xC3,0xFF,0xFC,0x00,0x07,0xFF,0xF8,0x3F,0xFF,0xF0,0x01,0xFF,0xFF,0x81,0xFF,
  0xFF,0xE0,0xFF,0xFF,0xF0,0x1F,0xFF,0xFF,0xFF,0xFF,0xFF,0x00,0xFF,0xFF,0xFF,0xFF,0xFF,0xE0,0x0F,0xFF,0xFF,0xFF,0xFF,0xFC,
  0x00,0x7F,0xFF,0xFF,0xFF,0xFF,0x80,0x03,0xFF,0xFF,0xFF,0xFF,0xF0,0x00,0x1F,0xFF,0xFF,0xFF,0xFE,0x00,0x00,0x7F,0xFF,0xFF,
  0xFF,0xC0,0x00,0x03,0xFF,0xFF,0xFF,0xF0,0x00,0x00,0x0F,0xFF,0xFF,0xFC,0x00,0x00,0x00,0x1F,0xFF,0xFF,0x00,0x00,0x00,0x00,
  0x3F,0xFF,0x00,0x00,0x00,0x00,0x00,0x07,0xFF,0x80,0x00,0x00,0x00,0x1F,0xFF,0xFC,0x00,0x00,0x00,0x1F,0xFF,0xFF,0xE0,0x00,
  0x00,0x1F,0xFF,0xFF,0xFC,0x00,0x00,0x1F,0xFF,0xFF,0xFF,0xC0,0x00,0x0F,0xFF,0xFF,0xFF,0xF8,0x00,0x07,0xFF,0xFF,0xFF,0xFF,
  0x00,0x03,0xFF,0xFF,0xFF,0xFF,0xC0,0x01,0xFF,0xFF,0xFF,0xFF,0xF8,0x00,0xFF,0xFF,0xFF,0xFF,0xFF,0x00,0x3F,0xFF,0xFF,0xFF,
  0xFF,0xC0,0x1F,0xFF,0xFC,0x1F,0xFF,0xF8,0x07,0xFF,0xF8,0x01,0xFF,0xFE,0x03,0xFF,0xFC,0x00,0x3F,0xFF,0x80,0xFF,0xFE,0x00,
  0x07,0xFF,0xF0,0x7F,0xFF,0x00,0x00,0xFF,0xFC,0x1F,0xFF,0xC0,0x00,0x3F,0xFC,0x07,0xFF,0xE0,0x00,0x07,0x80,0x03,0xFF,0xF8,
  0x00,0x00,0x00,0x00,0xFF,0xFC,0x00,0x00,0x00,0x00,0x3F,0xFF,0x00,0x00,0x00,0x00,0x0F,0xFF,0x80,0x00,0x00,0x00,0x07,0xFF,
  0xE0,0x00,0x00,0x00,0x01,0xFF,0xF8,0x00,0x00,0x00,0x00,0x7F,0xFE,0x00,0x00,0x00,0x00,0x1F,0xFF,0x80,0x3F,0xF8,0x00,0x07,
  0xFF,0xE0,0x7F,0xFF,0xC0,0x01,0xFF,0xF0,0x7F,0xFF,0xFC,0x00,0xFF,0xFC,0x3F,0xFF,0xFF,0xC0,0x3F,0xFF,0x1F,0xFF,0xFF,0xF8,
  0x0F,0xFF,0xCF,0xFF,0xFF,0xFF,0x03,0xFF,0xF7,0xFF,0xFF,0xFF,0xE0,0xFF,0xFF,0xFF,0xFF,0xFF,0xFC,0x3F,0xFF,0xFF,0xFF,0xFF,
  0xFF,0x8F,0xFF,0xFF,0xFF,0xFF,0xFF,0xE3,0xFF,0xFF,0xFE,0xFF,0xFF,0xFC,0xFF,0xFF,0xF8,0x03,0xFF,0xFF,0x3F,0xFF,0xF8,0x00,
  0x3F,0xFF,0xEF,0xFF,0xFC,0x00,0x07,0xFF,0xFB,0xFF,0xFE,0x00,0x00,0xFF,0xFE,0xFF,0xFF,0x00,0x00,0x3F,0xFF,0xDF,0xFF,0xC0,
  0x00,0x07,0xFF,0xF7,0xFF,0xF0,0x00,0x01,0xFF,0xFD,0xFF,0xF8,0x00,0x00,0x7F,0xFF,0x7F,0xFE,0x00,0x00,0x0F,0xFF,0xDF,0xFF,
  0x80,0x00,0x03,0xFF,0xF7,0xFF,0xE0,0x00,0x00,0xFF,0xFD,0xFF,0xF8,0x00,0x00,0x3F,0xFF,0x3F,0xFE,0x00,0x00,0x0F,0xFF,0xCF,
  0xFF,0xC0,0x00,0x03,0xFF,0xF3,0xFF,0xF0,0x00,0x01,0xFF,0xFC,0xFF,0xFC,0x00,0x00,0x7F,0xFF,0x1F,0xFF,0x80,0x00,0x1F,0xFF,
  0xC7,0xFF,0xE0,0x00,0x07,0xFF,0xE0,0xFF,0xFC,0x00,0x03,0xFF,0xF8,0x3F,0xFF,0x80,0x01,0xFF,0xFE,0x0F,0xFF,0xF0,0x00,0xFF,
  0xFF,0x01,0xFF,0xFE,0x00,0x7F,0xFF,0xC0,0x3F,0xFF,0xE0,0x7F,0xFF,0xF0,0x0F,0xFF,0xFF,0xFF,0xFF,0xF8,0x01,0xFF,0xFF,0xFF,
  0xFF,0xFC,0x00,0x3F,0xFF,0xFF,0xFF,0xFF,0x00,0x0F,0xFF,0xFF,0xFF,0xFF,0x80,0x01,0xFF,0xFF,0xFF,0xFF,0xC0,0x00,0x3F,0xFF,
  0xFF,0xFF,0xE0,0x00,0x03,0xFF,0xFF,0xFF,0xF0,0x00,0x00,0x7F,0xFF,0xFF,0xF0,0x00,0x00,0x07,0xFF,0xFF,0xF0,0x00,0x00,0x00,
  0x7F,0xFF,0xF0,0x00,0x00,0x00,0x03,0xFF,0xC0,0x00,0x00,0xFF,0xFF,0xFF,0xFF,0xFF,0xFF,0xFF,0xFF,0xFF,0xFF,0xFF,0xFF,0xFF,
  0xFF,0xFF,0xFF,0xFF,0xFF,0xFF,0xFF,0xFF,0xFF,0xFF,0xFF,0xFF,0xFF,0xFF,0xFF,0xFF,0xFF,0xFF,0xFF,0xFF,0xFF,0xFF,0xFF,0xFF,
  0xFF,0xFF,0xFF,0xFF,0xFF,0xFF,0xFF,0xFF,0xFF,0xFF,0xFF,0xFF,0xFF,0xFF,0xFF,0xFF,0xFF,0xFF,0xFF,0xFF,0xFF,0xFF,0xFF,0xFF,
  0xFF,0xFF,0xFF,0xFF,0xFF,0xFF,0xFF,0xFF,0xFF,0xFF,0xFF,0x00,0x00,0x00,0x00,0x3F,0xFE,0x00,0x00,0x00,0x00,0x7F,0xFC,0x00,
  0x00,0x00,0x00,0xFF,0xFC,0x00,0x00,0x00,0x00,0xFF,0xF8,0x00,0x00,0x00,0x01,0xFF,0xF0,0x00,0x00,0x00,0x03,0xFF,0xF0,0x00,
  0x00,0x00,0x07,0xFF,0xE0,0x00,0x00,0x00,0x07,0xFF,0xC0,0x00,0x00,0x00,0x0F,0xFF,0xC0,0x00,0x00,0x00,0x1F,0xFF,0x80,0x00,
  0x00,0x00,0x3F,0xFF,0x00,0x00,0x00,0x00,0x3F,0xFF,0x00,0x00,0x00,0x00,0x7F,0xFE,0x00,0x00,0x00,0x00,0xFF,0xFC,0x00,0x00,
  0x00,0x00,0xFF,0xFC,0x00,0x00,0x00,0x01,0xFF,0xF8,0x00,0x00,0x00,0x01,0xFF,0xF8,0x00,0x00,0x00,0x03,0xFF,0xF0,0x00,0x00,
  0x00,0x07,0xFF,0xE0,0x00,0x00,0x00,0x07,0xFF,0xE0,0x00,0x00,0x00,0x0F,0xFF,0xC0,0x00,0x00,0x00,0x0F,0xFF,0xC0,0x00,0x00,
  0x00,0x1F,0xFF,0x80,0x00,0x00,0x00,0x1F,0xFF,0x80,0x00,0x00,0x00,0x3F,0xFF,0x00,0x00,0x00,0x00,0x3F,0xFF,0x00,0x00,0x00,
  0x00,0x7F,0xFE,0x00,0x00,0x00,0x00,0x7F,0xFE,0x00,0x00,0x00,0x00,0xFF,0xFE,0x00,0x00,0x00,0x00,0xFF,0xFC,0x00,0x00,0x00,
  0x01,0xFF,0xFC,0x00,0x00,0x00,0x01,0xFF,0xF8,0x00,0x00,0x00,0x03,0xFF,0xF8,0x00,0x00,0x00,0x03,0xFF,0xF8,0x00,0x00,0x00,
  0x03,0xFF,0xF0,0x00,0x00,0x00,0x07,0xFF,0xF0,0x00,0x00,0x00,0x07,0xFF,0xF0,0x00,0x00,0x00,0x07,0xFF,0xE0,0x00,0x00,0x00,
  0x0F,0xFF,0xE0,0x00,0x00,0x00,0x0F,0xFF,0xE0,0x00,0x00,0x00,0x0F,0xFF,0xE0,0x00,0x00,0x00,0x0F,0xFF,0xC0,0x00,0x00,0x00,
  0x1F,0xFF,0xC0,0x00,0x00,0x00,0x1F,0xFF,0xC0,0x00,0x00,0x00,0x1F,0xFF,0xC0,0x00,0x00,0x00,0x1F,0xFF,0xC0,0x00,0x00,0x00,
  0x1F,0xFF,0x80,0x00,0x00,0x00,0x3F,0xFF,0x80,0x00,0x00,0x00,0x3F,0xFF,0x80,0x00,0x00,0x00,0x3F,0xFF,0x80,0x00,0x00,0x00,
  0x3F,0xFF,0x80,0x00,0x00,0x00,0x3F,0xFF,0x80,0x00,0x00,0x00,0x3F,0xFF,0x80,0x00,0x00,0x00,0x3F,0xFF,0x80,0x00,0x00,0x00,
  0x3F,0xFF,0x80,0x00,0x00,0x00,0x3F,0xFF,0x80,0x00,0x00,0x00,0x00,0x1F,0xFF,0x80,0x00,0x00,0x00,0x3F,0xFF,0xFF,0x00,0x00,
  0x00,0x3F,0xFF,0xFF,0xFC,0x00,0x00,0x1F,0xFF,0xFF,0xFF,0xE0,0x00,0x07,0xFF,0xFF,0xFF,0xFE,0x00,0x01,0xFF,0xFF,0xFF,0xFF,
  0xE0,0x00,0xFF,0xFF,0xFF,0xFF,0xFE,0x00,0x1F,0xFF,0xFF,0xFF,0xFF,0xE0,0x07,0xFF,0xFF,0xFF,0xFF,0xFE,0x01,0xFF,0xFF,0xFF,
  0xFF,0xFF,0xE0,0x3F,0xFF,0xF0,0x0F,0xFF,0xFC,0x0F,0xFF,0xF8,0x00,0x7F,0xFF,0xC1,0xFF,0xFE,0x00,0x07,0xFF,0xF8,0x3F,0xFF,
  0x80,0x00,0x7F,0xFF,0x0F,0xFF,0xE0,0x00,0x0F,0xFF,0xE1,0xFF,0xFC,0x00,0x00,0xFF,0xFC,0x3F,0xFF,0x80,0x00,0x1F,0xFF,0xC7,
  0xFF,0xF0,0x00,0x03,0xFF,0xF8,0xFF,0xFE,0x00,0x00,0x7F,0xFF,0x1F,0xFF,0xC0,0x00,0x0F,0xFF,0xC3,0xFF,0xF8,0x00,0x01,0xFF,
  0xF8,0x3F,0xFF,0x00,0x00,0x3F,0xFF,0x07,0xFF,0xE0,0x00,0x0F,0xFF,0xE0,0xFF,0xFE,0x00,0x01,0xFF,0xF8,0x0F,0xFF,0xC0,0x00,
  0x3F,0xFF,0x01,0xFF,0xFC,0x00,0x0F,0xFF,0xC0,0x1F,0xFF,0xC0,0x03,0xFF,0xF8,0x01,0xFF,0xFF,0x03,0xFF,0xFE,0x00,0x1F,0xFF,
  0xFF,0xFF,0xFF,0x80,0x01,0xFF,0xFF,0xFF,0xFF,0xE0,0x00,0x1F,0xFF,0xFF,0xFF,0xF8,0x00,0x00,0xFF,0xFF,0xFF,0xFC,0x00,0x00,
  0x07,0xFF,0xFF,0xFC,0x00,0x00,0x00,0xFF,0xFF,0xFF,0xC0,0x00,0x00,0xFF,0xFF,0xFF,0xFF,0x00,0x00,0x7F,0xFF,0xFF,0xFF,0xF8,
  0x00,0x1F,0xFF,0xFF,0xFF,0xFF,0x80,0x07,0xFF,0xFF,0xFF,0xFF,0xF8,0x01,0xFF,0xFF,0x00,0xFF,0xFF,0x80,0x7F,0xFF,0x80,0x07,
  0xFF,0xF8,0x1F,0xFF,0xC0,0x00,0x3F,0xFF,0x87,0xFF,0xF0,0x00,0x03,0xFF,0xF0,0xFF,0xFE,0x00,0x00,0x7F,0xFF,0x1F,0xFF,0x80,
  0x00,0x07,0xFF,0xE7,0xFF,0xF0,0x00,0x00,0xFF,0xFE,0xFF,0xFC,0x00,0x00,0x1F,0xFF,0xDF,0xFF,0x80,0x00,0x03,0xFF,0xFB,0xFF,
  0xF0,0x00,0x00,0x3F,0xFF,0x7F,0xFE,0x00,0x00,0x07,0xFF,0xFF,0xFF,0xC0,0x00,0x00,0xFF,0xFF,0xFF,0xF8,0x00,0x00,0x3F,0xFF,
  0xFF,0xFF,0x00,0x00,0x07,0xFF,0xF7,0xFF,0xF0,0x00,0x00,0xFF,0xFE,0xFF,0xFE,0x00,0x00,0x1F,0xFF,0xDF,0xFF,0xC0,0x00,0x03,
  0xFF,0xFB,0xFF,0xFC,0x00,0x00,0xFF,0xFF,0x7F,0xFF,0x80,0x00,0x1F,0xFF,0xC7,0xFF,0xF8,0x00,0x07,0xFF,0xF8,0xFF,0xFF,0xC0,
  0x03,0xFF,0xFF,0x0F,0xFF,0xFE,0x01,0xFF,0xFF,0xC1,0xFF,0xFF,0xFF,0xFF,0xFF,0xF0,0x1F,0xFF,0xFF,0xFF,0xFF,0xFE,0x01,0xFF,
  0xFF,0xFF,0xFF,0xFF,0x80,0x1F,0xFF,0xFF,0xFF,0xFF,0xE0,0x01,0xFF,0xFF,0xFF,0xFF,0xF8,0x00,0x1F,0xFF,0xFF,0xFF,0xFC,0x00,
  0x00,0xFF,0xFF,0xFF,0xFF,0x00,0x00,0x07,0xFF,0xFF,0xFF,0x80,0x00,0x00,0x1F,0xFF,0xFF,0x80,0x00,0x00,0x00,0x3F,0xFF,0x00,
  0x00,0x00,0x00,0x00,0x3F,0xFC,0x00,0x00,0x00,0x00,0xFF,0xFF,0xF0,0x00,0x00,0x00,0xFF,0xFF,0xFF,0x00,0x00,0x00,0xFF,0xFF,
  0xFF,0xF0,0x00,0x00,0xFF,0xFF,0xFF,0xFE,0x00,0x00,0x7F,0xFF,0xFF,0xFF,0xE0,0x00,0x3F,0xFF,0xFF,0xFF,0xFC,0x00,0x1F,0xFF,
  0xFF,0xFF,0xFF,0x80,0x0F,0xFF,0xFF,0xFF,0xFF,0xE0,0x07,0xFF,0xFF,0xFF,0xFF,0xFC,0x01,0xFF,0xFF,0xFF,0xFF,0xFF,0x80,0xFF,
  0xFF,0xE0,0x7F,0xFF,0xE0,0x3F,0xFF,0xE0,0x07,0xFF,0xFC,0x1F,0xFF,0xF0,0x00,0xFF,0xFF,0x07,0xFF,0xF8,0x00,0x1F,0xFF,0xE1,
  0xFF,0xFC,0x00,0x03,0xFF,0xF8,0xFF,0xFF,0x00,0x00,0x7F,0xFE,0x3F,0xFF,0x80,0x00,0x1F,0xFF,0xCF,0xFF,0xE0,0x00,0x03,0xFF,
  0xF3,0xFF,0xF8,0x00,0x00,0xFF,0xFC,0xFF,0xFC,0x00,0x00,0x3F,0xFF,0x3F,0xFF,0x00,0x00,0x0F,0xFF,0xEF,0xFF,0xC0,0x00,0x03,
  0xFF,0xFB,0xFF,0xF0,0x00,0x00,0x7F,0xFE,0xFF,0xFC,0x00,0x00,0x1F,0xFF,0xBF,0xFF,0x00,0x00,0x07,0xFF,0xEF,0xFF,0xC0,0x00,
  0x03,0xFF,0xFB,0xFF,0xF8,0x00,0x00,0xFF,0xFE,0xFF,0xFE,0x00,0x00,0x3F,0xFF,0xBF,0xFF,0x80,0x00,0x0F,0xFF,0xFF,0xFF,0xF0,
  0x00,0x07,0xFF,0xFD,0xFF,0xFC,0x00,0x03,0xFF,0xFF,0x7F,0xFF,0x80,0x00,0xFF,0xFF,0xDF,0xFF,0xF0,0x00,0xFF,0xFF,0xF3,0xFF,
  0xFF,0x00,0x7F,0xFF,0xFC,0xFF,0xFF,0xFF,0xFF,0xFF,0xFF,0x1F,0xFF,0xFF,0xFF,0xFF,0xFF,0xC7,0xFF,0xFF,0xFF,0xFF,0xFF,0xF0,
  0xFF,0xFF,0xFF,0xFF,0xFF,0xFC,0x1F,0xFF,0xFF,0xFF,0xBF,0xFE,0x03,0xFF,0xFF,0xFF,0xCF,0xFF,0x80,0x7F,0xFF,0xFF,0xE3,0xFF,
  0xE0,0x0F,0xFF,0xFF,0xF1,0xFF,0xF8,0x00,0xFF,0xFF,0xF0,0x7F,0xFE,0x00,0x0F,0xFF,0xF0,0x1F,0xFF,0x80,0x00,0x7F,0xE0,0x07,
  0xFF,0xE0,0x00,0x00,0x00,0x01,0xFF,0xF8,0x00,0x00,0x00,0x00,0x7F,0xFC,0x00,0x00,0x00,0x00,0x3F,0xFF,0x00,0x00,0x00,0x00,
  0x0F,0xFF,0xC0,0x00,0x00,0x00,0x03,0xFF,0xF0,0x00,0x00,0x00,0x01,0xFF,0xF8,0x00,0x3E,0x00,0x00,0x7F,0xFE,0x07,0xFF,0x80,
  0x00,0x3F,0xFF,0x87,0xFF,0xE0,0x00,0x0F,0xFF,0xC1,0xFF,0xFC,0x00,0x07,0xFF,0xF0,0x3F,0xFF,0x80,0x03,0xFF,0xF8,0x0F,0xFF,
  0xF0,0x03,0xFF,0xFE,0x01,0xFF,0xFF,0x83,0xFF,0xFF,0x00,0x7F,0xFF,0xFF,0xFF,0xFF,0xC0,0x0F,0xFF,0xFF,0xFF,0xFF,0xE0,0x03,
  0xFF,0xFF,0xFF,0xFF,0xF0,0x00,0x7F,0xFF,0xFF,0xFF,0xF8,0x00,0x0F,0xFF,0xFF,0xFF,0xFC,0x00,0x01,0xFF,0xFF,0xFF,0xFE,0x00,
  0x00,0x3F,0xFF,0xFF,0xFF,0x00,0x00,0x07,0xFF,0xFF,0xFF,0x80,0x00,0x00,0x7F,0xFF,0xFF,0x80,0x00,0x00,0x07,0xFF,0xFF,0x80,
  0x00,0x00,0x00,0x1F,0xFE,0x00,0x00,0x00,0xFF,0xFF,0xFF,0xFF,0xFF,0xFF,0xFF,0xFF,0xFF,0xFF,0xFF,0xFF,0xFF,0xFF,0xFF,0xFF,
  0xFF,0xFF,0xFF,0xFF,0xFF,0xFF,0xFF,0xFF,0xFF,0xFF,0xC0,0x00,0x00,0x00,0x00,0x00,0x00,0x00,0x00,0x00,0x00,0x00,0x00,0x00,
  0x00,0x00,0x00,0x00,0x00,0x00,0x00,0x00,0x00,0x00,0x00,0x00,0x00,0x00,0x00,0x00,0x00,0x00,0x00,0x00,0x00,0x00,0x00,0x00,
  0x00,0x00,0x00,0x00,0x3F,0xFF,0xFF,0xFF,0xFF,0xFF,0xFF,0xFF,0xFF,0xFF,0xFF,0xFF,0xFF,0xFF,0xFF,0xFF,0xFF,0xFF,0xFF,0xFF,
  0xFF,0xFF,0xFF,0xFF,0xFF,0xFF,0xF0,0x00,0xFF,0xFE,0x00,0x7F,0xFF,0x00,0x3F,0xFF,0x80,0x1F,0xFF,0xC0,0x0F,0xFF,0xE0,0x07,
  0xFF,0xF0,0x03,0xFF,0xF8,0x01,0xFF,0xFC,0x00,0xFF,0xFE,0x00,0x7F,0xFF,0x00,0x3F,0xFF,0x80,0x1F,0xFF,0xC0,0x0F,0xFF,0xE0,
  0x07,0xFF,0xF0,0x03,0xFF,0xF8,0x00,0x00,0x00,0x00,0x00,0x00,0x00,0x00,0x00,0x00,0x00,0x00,0x00,0x00,0x00,0x00,0x00,0x00,
  0x00,0x00,0x00,0x00,0x00,0x00,0x00,0x00,0x00,0x00,0x00,0x00,0x00,0x00,0x00,0x00,0x00,0x00,0x00,0x00,0x00,0x00,0x00,0x00,
  0x00,0x00,0x00,0x00,0x00,0x00,0x00,0x00,0x00,0x00,0x00,0x00,0x00,0x00,0x00,0x00,0x00,0x00,0x00,0x00,0x00,0x00,0x00,0x00,
  0x00,0x00,0x00,0x00,0x00,0x00,0x00,0x00,0x00,0x00,0xFF,0xFF,0x00,0xFF,0xFF,0x00,0x7F,0xFF,0x80,0x3F,0xFF,0x80,0x1F,0xFF,
  0xC0,0x1F,0xFF,0xC0,0x0F,0xFF,0xE0,0x07,0xFF,0xE0,0x03,0xFF,0xF0,0x03,0xFF,0xF0,0x01,0xFF,0xF8,0x00,0xFF,0xF8,0x00,0x7F,
  0xFC,0x00,0x7F,0xFC,0x00,0x3F,0xFE,0x00,0x1F,0xFE,0x00,0x0F,0xFF,0x00,0x0F,0xFF,0x80,0x07,0xFF,0x80,0x03,0xFF,0xC0,0x01,
  0xFF,0xC0,0x01,0xFF,0xE0,0x00,0xFF,0xE0,0x00,0x7F,0xF0,0x00,0x3F,0xF0,0x00,0x3F,0xF8,0x00,0x1F,0xF8,0x00,0x0F,0xFC,0x00,
  0x0F,0xFC,0x00,0x07,0xFE,0x00,0x03,0xFE,0x00,0x01,0xFF,0x00,0x01,0xFF,0x00,0x00,0x00,0x00,0x00,0x00,0x00,0x00,0x30,0x00,
  0x00,0x00,0x00,0x00,0x0F,0x00,0x00,0x00,0x00,0x00,0x07,0xF0,0x00,0x00,0x00,0x00,0x03,0xFF,0x00,0x00,0x00,0x00,0x00,0xFF,
  0xF0,0x00,0x00,0x00,0x00,0x7F,0xFF,0x00,0x00,0x00,0x00,0x1F,0xFF,0xF0,0x00,0x00,0x00,0x0F,0xFF,0xFF,0x00,0x00,0x00,0x07,
  0xFF,0xFF,0xF0,0x00,0x00,0x01,0xFF,0xFF,0xFF,0x00,0x00,0x00,0xFF,0xFF,0xFF,0xF0,0x00,0x00,0x3F,0xFF,0xFF,0xFF,0x00,0x00,
  0x1F,0xFF,0xFF,0xFF,0x80,0x00,0x0F,0xFF,0xFF,0xFF,0xE0,0x00,0x03,0xFF,0xFF,0xFF,0xF0,0x00,0x01,0xFF,0xFF,0xFF,0xFC,0x00,
  0x00,0x7F,0xFF,0xFF,0xFE,0x00,0x00,0x3F,0xFF,0xFF,0xFF,0x80,0x00,0x1F,0xFF,0xFF,0xFF,0xC0,0x00,0x07,0xFF,0xFF,0xFF,0xF0,
  0x00,0x00,0xFF,0xFF,0xFF,0xF8,0x00,0x00,0x0F,0xFF,0xFF,0xFC,0x00,0x00,0x00,0xFF,0xFF,0xFF,0x00,0x00,0x00,0x0F,0xFF,0xFF,
  0x80,0x00,0x00,0x00,0xFF,0xFF,0xE0,0x00,0x00,0x00,0x0F,0xFF,0xF0,0x00,0x00,0x00,0x00,0xFF,0xFC,0x00,0x00,0x00,0x00,0x0F,
  0xFE,0x00,0x00,0x00,0x00,0x00,0xFF,0xE0,0x00,0x00,0x00,0x00,0x0F,0xFF,0xC0,0x00,0x00,0x00,0x00,0xFF,0xFF,0x00,0x00,0x00,
  0x00,0x0F,0xFF,0xFE,0x00,0x00,0x00,0x00,0xFF,0xFF,0xF8,0x00,0x00,0x00,0x0F,0xFF,0xFF,0xF0,0x00,0x00,0x00,0xFF,0xFF,0xFF,
  0xC0,0x00,0x00,0x0F,0xFF,0xFF,0xFF,0x80,0x00,0x00,0x7F,0xFF,0xFF,0xFE,0x00,0x00,0x00,0xFF,0xFF,0xFF,0xFC,0x00,0x00,0x03,
  0xFF,0xFF,0xFF,0xF8,0x00,0x00,0x07,0xFF,0xFF,0xFF,0xE0,0x00,0x00,0x1F,0xFF,0xFF,0xFF,0xC0,0x00,0x00,0x3F,0xFF,0xFF,0xFF,
  0x00,0x00,0x00,0x7F,0xFF,0xFF,0xFE,0x00,0x00,0x01,0xFF,0xFF,0xFF,0xF8,0x00,0x00,0x03,0xFF,0xFF,0xFF,0xE0,0x00,0x00,0x0F,
  0xFF,0xFF,0xFF,0x00,0x00,0x00,0x1F,0xFF,0xFF,0xF0,0x00,0x00,0x00,0x3F,0xFF,0xFF,0x00,0x00,0x00,0x00,0xFF,0xFF,0xF0,0x00,
  0x00,0x00,0x01,0xFF,0xFF,0x00,0x00,0x00,0x00,0x07,0xFF,0xF0,0x00,0x00,0x00,0x00,0x0F,0xFF,0x00,0x00,0x00,0x00,0x00,0x3F,
  0xF0,0x00,0x00,0x00,0x00,0x00,0x7F,0x00,0x00,0x00,0x00,0x00,0x00,0xF0,0x00,0x00,0x00,0x00,0x00,0x03,0xFF,0xFF,0xFF,0xFF,
  0xFF,0xFF,0xFF,0xFF,0xFF,0xFF,0xFF,0xFF,0xFF,0xFF,0xFF,0xFF,0xFF,0xFF,0xFF,0xFF,0xFF,0xFF,0xFF,0xFF,0xFF,0xFF,0xFF,0xFF,
  0xFF,0xFF,0xFF,0xFF,0xFF,0xFF,0xFF,0xFF,0xFF,0xFF,0xFF,0xFF,0xFF,0xFF,0xFF,0xFF,0xFF,0xFF,0xFF,0xFF,0xFF,0xFF,0xFF,0xFF,
  0xFF,0xFF,0xFF,0xFF,0xFF,0xFF,0xFF,0xFF,0xFF,0xFF,0xFF,0xFF,0xFF,0xFF,0xFF,0xFF,0xFF,0xFF,0xFF,0xF0,0x00,0x00,0x00,0x00,
  0x00,0x00,0x00,0x00,0x00,0x00,0x00,0x00,0x00,0x00,0x00,0x00,0x00,0x00,0x00,0x00,0x00,0x00,0x00,0x00,0x00,0x00,0x00,0x00,
  0x00,0x00,0x00,0x00,0x00,0x00,0x00,0x00,0x00,0x00,0x00,0x00,0x00,0x00,0x00,0x00,0x00,0x00,0x00,0x00,0x00,0x00,0x00,0x00,
  0x00,0x00,0x00,0x00,0x00,0x00,0x00,0x00,0x00,0x00,0x00,0x00,0x00,0x00,0x00,0x00,0x00,0x00,0x00,0x00,0x00,0x00,0x00,0x00,
  0x00,0x00,0x00,0x00,0x00,0x00,0x00,0x00,0x00,0x00,0x00,0x00,0x00,0x00,0x00,0x00,0x00,0x00,0x00,0x00,0x00,0x00,0x00,0x00,
  0x00,0x00,0x00,0x00,0x00,0x00,0x00,0x00,0x00,0x00,0xFF,0xFF,0xFF,0xFF,0xFF,0xFF,0xFF,0xFF,0xFF,0xFF,0xFF,0xFF,0xFF,0xFF,
  0xFF,0xFF,0xFF,0xFF,0xFF,0xFF,0xFF,0xFF,0xFF,0xFF,0xFF,0xFF,0xFF,0xFF,0xFF,0xFF,0xFF,0xFF,0xFF,0xFF,0xFF,0xFF,0xFF,0xFF,
  0xFF,0xFF,0xFF,0xFF,0xFF,0xFF,0xFF,0xFF,0xFF,0xFF,0xFF,0xFF,0xFF,0xFF,0xFF,0xFF,0xFF,0xFF,0xFF,0xFF,0xFF,0xFF,0xFF,0xFF,
  0xFF,0xFF,0xFF,0xFF,0xFF,0xFF,0xFF,0xFF,0xFF,0xF0,0xC0,0x00,0x00,0x00,0x00,0x00,0x0F,0x00,0x00,0x00,0x00,0x00,0x00,0xFE,
  0x00,0x00,0x00,0x00,0x00,0x0F,0xF8,0x00,0x00,0x00,0x00,0x00,0xFF,0xF0,0x00,0x00,0x00,0x00,0x0F,0xFF,0xE0,0x00,0x00,0x00,
  0x00,0xFF,0xFF,0x80,0x00,0x00,0x00,0x0F,0xFF,0xFF,0x00,0x00,0x00,0x00,0xFF,0xFF,0xFC,0x00,0x00,0x00,0x0F,0xFF,0xFF,0xF8,
  0x00,0x00,0x00,0xFF,0xFF,0xFF,0xF0,0x00,0x00,0x0F,0xFF,0xFF,0xFF,0xC0,0x00,0x00,0x1F,0xFF,0xFF,0xFF,0x80,0x00,0x00,0x7F,
  0xFF,0xFF,0xFE,0x00,0x00,0x00,0xFF,0xFF,0xFF,0xFC,0x00,0x00,0x03,0xFF,0xFF,0xFF,0xF8,0x00,0x00,0x07,0xFF,0xFF,0xFF,0xE0,
  0x00,0x00,0x1F,0xFF,0xFF,0xFF,0xC0,0x00,0x00,0x3F,0xFF,0xFF,0xFF,0x00,0x00,0x00,0xFF,0xFF,0xFF,0xFE,0x00,0x00,0x01,0xFF,
  0xFF,0xFF,0xF0,0x00,0x00,0x07,0xFF,0xFF,0xFF,0x00,0x00,0x00,0x0F,0xFF,0xFF,0xF0,0x00,0x00,0x00,0x3F,0xFF,0xFF,0x00,0x00,
  0x00,0x00,0x7F,0xFF,0xF0,0x00,0x00,0x00,0x01,0xFF,0xFF,0x00,0x00,0x00,0x00,0x03,0xFF,0xF0,0x00,0x00,0x00,0x00,0x0F,0xFF,
  0x00,0x00,0x00,0x00,0x00,0xFF,0xF0,0x00,0x00,0x00,0x00,0x3F,0xFF,0x00,0x00,0x00,0x00,0x1F,0xFF,0xF0,0x00,0x00,0x00,0x07,
  0xFF,0xFF,0x00,0x00,0x00,0x03,0xFF,0xFF,0xF0,0x00,0x00,0x00,0xFF,0xFF,0xFF,0x00,0x00,0x00,0x7F,0xFF,0xFF,0xF0,0x00,0x00,
  0x1F,0xFF,0xFF,0xFF,0x00,0x00,0x0F,0xFF,0xFF,0xFF,0xE0,0x00,0x03,0xFF,0xFF,0xFF,0xF0,0x00,0x01,0xFF,0xFF,0xFF,0xFC,0x00,
  0x00,0x7F,0xFF,0xFF,0xFE,0x00,0x00,0x3F,0xFF,0xFF,0xFF,0x00,0x00,0x0F,0xFF,0xFF,0xFF,0xC0,0x00,0x07,0xFF,0xFF,0xFF,0xE0,
  0x00,0x01,0xFF,0xFF,0xFF,0xF8,0x00,0x00,0xFF,0xFF,0xFF,0xFC,0x00,0x00,0x0F,0xFF,0xFF,0xFE,0x00,0x00,0x00,0xFF,0xFF,0xFF,
  0x80,0x00,0x00,0x0F,0xFF,0xFF,0xC0,0x00,0x00,0x00,0xFF,0xFF,0xF0,0x00,0x00,0x00,0x0F,0xFF,0xF8,0x00,0x00,0x00,0x00,0xFF,
  0xFE,0x00,0x00,0x00,0x00,0x0F,0xFF,0x00,0x00,0x00,0x00,0x00,0xFF,0x80,0x00,0x00,0x00,0x00,0x0F,0xE0,0x00,0x00,0x00,0x00,
  0x00,0xF0,0x00,0x00,0x00,0x00,0x00,0x0C,0x00,0x00,0x00,0x00,0x00,0x00,0x00,0x00,0x0F,0xFF,0x80,0x00,0x00,0x00,0x0F,0xFF,
  0xFF,0xC0,0x00,0x00,0x07,0xFF,0xFF,0xFF,0x00,0x00,0x01,0xFF,0xFF,0xFF,0xFC,0x00,0x00,0x3F,0xFF,0xFF,0xFF,0xF0,0x00,0x0F,
  0xFF,0xFF,0xFF,0xFF,0x80,0x01,0xFF,0xFF,0xFF,0xFF,0xFE,0x00,0x3F,0xFF,0xFF,0xFF,0xFF,0xF0,0x07,0xFF,0xFF,0xFF,0xFF,0xFF,
  0x00,0xFF,0xFF,0xFF,0xFF,0xFF,0xF8,0x0F,0xFF,0xFF,0xFF,0xFF,0xFF,0xC1,0xFF,0xFF,0xFC,0xFF,0xFF,0xFC,0x3F,0xFF,0xF8,0x00,
  0xFF,0xFF,0xE3,0xFF,0xFE,0x00,0x03,0xFF,0xFE,0x7F,0xFF,0xC0,0x00,0x1F,0xFF,0xE7,0xFF,0xF8,0x00,0x00,0xFF,0xFF,0x7F,0xFF,
  0x00,0x00,0x07,0xFF,0xFF,0xFF,0xF0,0x00,0x00,0x7F,0xFF,0xFF,0xFE,0x00,0x00,0x03,0xFF,0xFF,0xFF,0xE0,0x00,0x00,0x3F,0xFF,
  0xFF,0xFC,0x00,0x00,0x03,0xFF,0xFF,0xFF,0xC0,0x00,0x00,0x3F,0xFF,0x00,0x00,0x00,0x00,0x07,0xFF,0xF0,0x00,0x00,0x00,0x00,
  0x7F,0xFF,0x00,0x00,0x00,0x00,0x0F,0xFF,0xE0,0x00,0x00,0x00,0x00,0xFF,0xFE,0x00,0x00,0x00,0x00,0x1F,0xFF,0xC0,0x00,0x00,
  0x00,0x03,0xFF,0xFC,0x00,0x00,0x00,0x00,0x7F,0xFF,0x80,0x00,0x00,0x00,0x1F,0xFF,0xF8,0x00,0x00,0x00,0x03,0xFF,0xFF,0x00,
  0x00,0x00,0x00,0x7F,0xFF,0xE0,0x00,0x00,0x00,0x1F,0xFF,0xFC,0x00,0x00,0x00,0x03,0xFF,0xFF,0x80,0x00,0x00,0x00,0x7F,0xFF,
  0xE0,0x00,0x00,0x00,0x0F,0xFF,0xFC,0x00,0x00,0x00,0x01,0xFF,0xFF,0x80,0x00,0x00,0x00,0x3F,0xFF,0xF0,0x00,0x00,0x00,0x07,
  0xFF,0xFC,0x00,0x00,0x00,0x00,0xFF,0xFF,0x80,0x00,0x00,0x00,0x0F,0xFF,0xF0,0x00,0x00,0x00,0x01,0xFF,0xFE,0x00,0x00,0x00,
  0x00,0x1F,0xFF,0xC0,0x00,0x00,0x00,0x03,0xFF,0xF8,0x00,0x00,0x00,0x00,0x3F,0xFF,0x00,0x00,0x00,0x00,0x03,0xFF,0xF0,0x00,
  0x00,0x00,0x00,0x3F,0xFE,0x00,0x00,0x00,0x00,0x03,0xFF,0xE0,0x00,0x00,0x00,0x00,0x7F,0xFE,0x00,0x00,0x00,0x00,0x00,0x00,
  0x00,0x00,0x00,0x00,0x00,0x00,0x00,0x00,0x00,0x00,0x00,0x00,0x00,0x00,0x00,0x00,0x00,0x00,0x00,0x00,0x00,0x00,0x00,0x00,
  0x00,0x00,0x00,0x00,0x00,0x00,0x00,0x00,0x00,0x00,0x00,0x00,0x00,0x07,0xFF,0xF0,0x00,0x00,0x00,0x00,0x7F,0xFF,0x00,0x00,
  0x00,0x00,0x07,0xFF,0xF0,0x00,0x00,0x00,0x00,0x7F,0xFF,0x00,0x00,0x00,0x00,0x07,0xFF,0xF0,0x00,0x00,0x00,0x00,0x7F,0xFF,
  0x00,0x00,0x00,0x00,0x07,0xFF,0xF0,0x00,0x00,0x00,0x00,0x7F,0xFF,0x00,0x00,0x00,0x00,0x07,0xFF,0xF0,0x00,0x00,0x00,0x00,
  0x7F,0xFF,0x00,0x00,0x00,0x00,0x07,0xFF,0xF0,0x00,0x00,0x00,0x00,0x7F,0xFF,0x00,0x00,0x00,0x00,0x07,0xFF,0xF0,0x00,0x00,
  0x00,0x00,0x7F,0xFF,0x00,0x00,0x00,0x00,0x00,0x00,0x3F,0xF8,0x00,0x00,0x00,0x00,0x00,0x7F,0xFF,0xC0,0x00,0x00,0x00,0x00,
  0xFF,0xFF,0xFE,0x00,0x00,0x00,0x00,0x7F,0xFF,0xFF,0xC0,0x00,0x00,0x00,0x7F,0xFF,0xFF,0xFC,0x00,0x00,0x00,0x3F,0xFF,0xFF,
  0xFF,0x80,0x00,0x00,0x1F,0xFF,0xC7,0xFF,0xF0,0x00,0x00,0x0F,0xFE,0x00,0x0F,0xFE,0x00,0x00,0x07,0xFE,0x00,0x00,0xFF,0xC0,
  0x00,0x03,0xFF,0x00,0x00,0x1F,0xF0,0x00,0x01,0xFF,0x00,0x00,0x03,0xFE,0x00,0x00,0xFF,0x80,0x00,0x00,0x7F,0xC0,0x00,0x7F,
  0xC0,0x00,0x00,0x0F,0xF0,0x00,0x1F,0xE0,0x00,0x00,0x01,0xFE,0x00,0x0F,0xF0,0x00,0x00,0x00,0x3F,0x80,0x07,0xFC,0x00,0x00,
  0x00,0x0F,0xF0,0x01,0xFE,0x00,0x00,0x00,0x01,0xFC,0x00,0xFF,0x00,0x00,0x00,0x00,0x7F,0x80,0x3F,0xC0,0x00,0x00,0x00,0x0F,
  0xE0,0x0F,0xE0,0x00,0x7E,0x00,0x03,0xF8,0x07,0xF8,0x00,0xFF,0xE0,0xFE,0x7F,0x01,0xFC,0x00,0x7F,0xFC,0x3F,0x9F,0xC0,0xFF,
  0x00,0x3F,0xFF,0x8F,0xE7,0xF0,0x3F,0x80,0x1F,0xFF,0xE3,0xF8,0xFC,0x0F,0xE0,0x0F,0xFF,0xFC,0xFE,0x3F,0x87,0xF8,0x07,0xFE,
  0x3F,0x7F,0x0F,0xE1,0xFC,0x03,0xFE,0x03,0xDF,0xC3,0xF8,0x7F,0x00,0xFF,0x00,0xFF,0xF0,0xFE,0x3F,0xC0,0x7F,0x80,0x1F,0xFC,
  0x1F,0x8F,0xE0,0x3F,0xC0,0x07,0xFF,0x07,0xE3,0xF8,0x0F,0xF0,0x00,0xFF,0x81,0xFC,0xFE,0x07,0xF8,0x00,0x3F,0xE0,0x7F,0x3F,
  0x81,0xFE,0x00,0x0F,0xF8,0x1F,0xDF,0xE0,0x7F,0x80,0x03,0xFE,0x07,0xF7,0xF0,0x3F,0xC0,0x00,0xFF,0x81,0xFD,0xFC,0x0F,0xF0,
  0x00,0x3F,0xC0,0x7F,0x7F,0x03,0xFC,0x00,0x0F,0xF0,0x1F,0xDF,0xC1,0xFE,0x00,0x03,0xFC,0x07,0xF7,0xF0,0x7F,0x80,0x00,0xFF,
  0x01,0xFD,0xFC,0x1F,0xE0,0x00,0x3F,0xC0,0x7F,0x7F,0x07,0xF8,0x00,0x1F,0xE0,0x1F,0xFF,0x81,0xFC,0x00,0x07,0xF8,0x07,0xFF,
  0xE0,0xFF,0x00,0x01,0xFE,0x01,0xFF,0xF8,0x3F,0xC0,0x00,0x7F,0x80,0x7F,0xFE,0x0F,0xF0,0x00,0x1F,0xE0,0x1F,0xFF,0x83,0xFC,
  0x00,0x07,0xF0,0x07,0xEF,0xE0,0xFF,0x00,0x03,0xFC,0x01,0xFB,0xF8,0x3F,0xC0,0x00,0xFF,0x00,0x7E,0xFE,0x0F,0xF0,0x00,0x3F,
  0xC0,0x3F,0xBF,0x83,0xFC,0x00,0x0F,0xF0,0x0F,0xEF,0xE0,0xFF,0x00,0x03,0xFC,0x03,0xFB,0xF8,0x3F,0xC0,0x01,0xFE,0x00,0xFC,
  0xFE,0x0F,0xF0,0x00,0x7F,0x80,0x3F,0x3F,0x83,0xFC,0x00,0x1F,0xE0,0x1F,0xCF,0xE0,0xFF,0x00,0x0F,0xF8,0x07,0xF3,0xF8,0x3F,
  0xC0,0x03,0xFE,0x01,0xF8,0x7F,0x0F,0xF0,0x01,0xFF,0x80,0xFE,0x1F,0xC1,0xFC,0x00,0x7F,0xE0,0x3F,0x87,0xF0,0x7F,0x80,0x3F,
  0xF0,0x0F,0xC1,0xFC,0x1F,0xE0,0x0F,0xFC,0x07,0xF0,0x7F,0x07,0xFC,0x07,0xDF,0x81,0xFC,0x1F,0xC0,0xFF,0x03,0xF7,0xE0,0xFE,
  0x07,0xF8,0x3F,0xF7,0xF9,0xFC,0xFF,0x00,0xFE,0x07,0xFF,0xFE,0x7F,0xFF,0xC0,0x3F,0x81,0xFF,0xFF,0x0F,0xFF,0xE0,0x0F,0xE0,
  0x3F,0xFF,0x83,0xFF,0xF0,0x03,0xFC,0x07,0xFF,0xC0,0x7F,0xF8,0x00,0x7F,0x00,0xFF,0xC0,0x0F,0xFC,0x00,0x1F,0xC0,0x0F,0xC0,
  0x01,0xFC,0x00,0x07,0xF8,0x00,0x00,0x00,0x00,0x00,0x00,0xFE,0x00,0x00,0x00,0x00,0x00,0x00,0x3F,0xC0,0x00,0x00,0x00,0x00,
  0x00,0x07,0xF0,0x00,0x00,0x00,0x00,0x00,0x01,0xFE,0x00,0x00,0x00,0x00,0x00,0x00,0x7F,0xC0,0x00,0x00,0x00,0x20,0x00,0x0F,
  0xF0,0x00,0x00,0x00,0x1C,0x00,0x01,0xFE,0x00,0x00,0x00,0x0F,0x80,0x00,0x7F,0xC0,0x00,0x00,0x07,0xE0,0x00,0x0F,0xF8,0x00,
  0x00,0x07,0xFC,0x00,0x01,0xFF,0x80,0x00,0x03,0xFF,0x00,0x00,0x7F,0xF0,0x00,0x03,0xFF,0x80,0x00,0x0F,0xFF,0x00,0x07,0xFF,
  0xC0,0x00,0x01,0xFF,0xFF,0xFF,0xFF,0xC0,0x00,0x00,0x3F,0xFF,0xFF,0xFF,0xE0,0x00,0x00,0x03,0xFF,0xFF,0xFF,0xE0,0x00,0x00,
  0x00,0x7F,0xFF,0xFF,0xF0,0x00,0x00,0x00,0x07,0xFF,0xFF,0xF0,0x00,0x00,0x00,0x00,0x7F,0xFF,0xE0,0x00,0x00,0x00,0x00,0x03,
  0xFF,0xC0,0x00,0x00,0x00,0x00,0x00,0x03,0xFF,0xFF,0x00,0x00,0x00,0x00,0x00,0x0F,0xFF,0xFC,0x00,0x00,0x00,0x00,0x00,0x7F,
  0xFF,0xF0,0x00,0x00,0x00,0x00,0x01,0xFF,0xFF,0xE0,0x00,0x00,0x00,0x00,0x07,0xFF,0xFF,0x80,0x00,0x00,0x00,0x00,0x3F,0xFF,
  0xFE,0x00,0x00,0x00,0x00,0x00,0xFF,0xFF,0xFC,0x00,0x00,0x00,0x00,0x03,0xFF,0xFF,0xF0,0x00,0x00,0x00,0x00,0x1F,0xFF,0xFF,
  0xC0,0x00,0x00,0x00,0x00,0x7F,0xFF,0xFF,0x80,0x00,0x00,0x00,0x01,0xFF,0xFF,0xFE,0x00,0x00,0x00,0x00,0x0F,0xFF,0x7F,0xF8,
  0x00,0x00,0x00,0x00,0x3F,0xFC,0xFF,0xF0,0x00,0x00,0x00,0x00,0xFF,0xF3,0xFF,0xC0,0x00,0x00,0x00,0x07,0xFF,0xCF,0xFF,0x00,
  0x00,0x00,0x00,0x1F,0xFF,0x3F,0xFE,0x00,0x00,0x00,0x00,0x7F,0xF8,0x7F,0xF8,0x00,0x00,0x00,0x03,0xFF,0xE1,0xFF,0xE0,0x00,
  0x00,0x00,0x0F,0xFF,0x87,0xFF,0xC0,0x00,0x00,0x00,0x3F,0xFC,0x1F,0xFF,0x00,0x00,0x00,0x01,0xFF,0xF0,0x3F,0xFC,0x00,0x00,
  0x00,0x07,0xFF,0xC0,0xFF,0xF8,0x00,0x00,0x00,0x1F,0xFF,0x03,0xFF,0xE0,0x00,0x00,0x00,0x7F,0xF8,0x07,0xFF,0x80,0x00,0x00,
  0x03,0xFF,0xE0,0x1F,0xFF,0x00,0x00,0x00,0x0F,0xFF,0x80,0x7F,0xFC,0x00,0x00,0x00,0x3F,0xFC,0x01,0xFF,0xF0,0x00,0x00,0x01,
  0xFF,0xF0,0x03,0xFF,0xE0,0x00,0x00,0x07,0xFF,0xC0,0x0F,0xFF,0x80,0x00,0x00,0x1F,0xFF,0x00,0x3F,0xFE,0x00,0x00,0x00,0xFF,
  0xF8,0x00,0x7F,0xFC,0x00,0x00,0x03,0xFF,0xE0,0x01,0xFF,0xF0,0x00,0x00,0x0F,0xFF,0x80,0x07,0xFF,0xC0,0x00,0x00,0x7F,0xFC,
  0x00,0x1F,0xFF,0x80,0x00,0x01,0xFF,0xF0,0x00,0x3F,0xFE,0x00,0x00,0x07,0xFF,0xC0,0x00,0xFF,0xF8,0x00,0x00,0x3F,0xFF,0x00,
  0x03,0xFF,0xF0,0x00,0x00,0xFF,0xF8,0x00,0x0F,0xFF,0xC0,0x00,0x03,0xFF,0xE0,0x00,0x1F,0xFF,0x00,0x00,0x1F,0xFF,0x80,0x00,
  0x7F,0xFE,0x00,0x00,0x7F,0xFF,0xFF,0xFF,0xFF,0xF8,0x00,0x01,0xFF,0xFF,0xFF,0xFF,0xFF,0xE0,0x00,0x0F,0xFF,0xFF,0xFF,0xFF,
  0xFF,0xC0,0x00,0x3F,0xFF,0xFF,0xFF,0xFF,0xFF,0x00,0x00,0xFF,0xFF,0xFF,0xFF,0xFF,0xFC,0x00,0x07,0xFF,0xFF,0xFF,0xFF,0xFF,
  0xF8,0x00,0x1F,0xFF,0xFF,0xFF,0xFF,0xFF,0xE0,0x00,0x7F,0xFF,0xFF,0xFF,0xFF,0xFF,0x80,0x03,0xFF,0xFF,0xFF,0xFF,0xFF,0xFF,
  0x00,0x0F,0xFF,0xFF,0xFF,0xFF,0xFF,0xFC,0x00,0x3F,0xFF,0xFF,0xFF,0xFF,0xFF,0xF0,0x01,0xFF,0xFC,0x00,0x00,0x0F,0xFF,0xC0,
  0x07,0xFF,0xE0,0x00,0x00,0x1F,0xFF,0x80,0x1F,0xFF,0x80,0x00,0x00,0x7F,0xFE,0x00,0xFF,0xFE,0x00,0x00,0x01,0xFF,0xF8,0x03,
  0xFF,0xF0,0x00,0x00,0x03,0xFF,0xF0,0x0F,0xFF,0xC0,0x00,0x00,0x0F,0xFF,0xC0,0x7F,0xFF,0x00,0x00,0x00,0x3F,0xFF,0x01,0xFF,
  0xFC,0x00,0x00,0x00,0xFF,0xFE,0x07,0xFF,0xE0,0x00,0x00,0x01,0xFF,0xF8,0x3F,0xFF,0x80,0x00,0x00,0x07,0xFF,0xE0,0xFF,0xFE,
  0x00,0x00,0x00,0x1F,0xFF,0xC3,0xFF,0xF0,0x00,0x00,0x00,0x7F,0xFF,0x1F,0xFF,0xC0,0x00,0x00,0x00,0xFF,0xFC,0x7F,0xFF,0x00,
  0x00,0x00,0x03,0xFF,0xF9,0xFF,0xFC,0x00,0x00,0x00,0x0F,0xFF,0xEF,0xFF,0xE0,0x00,0x00,0x00,0x1F,0xFF,0xBF,0xFF,0x80,0x00,
  0x00,0x00,0x7F,0xFF,0xFF,0xFF,0xFF,0xFF,0x80,0x00,0x07,0xFF,0xFF,0xFF,0xFF,0xC0,0x00,0x3F,0xFF,0xFF,0xFF,0xFF,0xC0,0x01,
  0xFF,0xFF,0xFF,0xFF,0xFF,0x80,0x0F,0xFF,0xFF,0xFF,0xFF,0xFE,0x00,0x7F,0xFF,0xFF,0xFF,0xFF,0xF8,0x03,0xFF,0xFF,0xFF,0xFF,
  0xFF,0xE0,0x1F,0xFF,0xFF,0xFF,0xFF,0xFF,0x80,0xFF,0xFF,0xFF,0xFF,0xFF,0xFE,0x07,0xFF,0xFF,0xFF,0xFF,0xFF,0xF0,0x3F,0xFF,
  0xFF,0xFF,0xFF,0xFF,0xC1,0xFF,0xFC,0x00,0x1F,0xFF,0xFE,0x0F,0xFF,0xE0,0x00,0x1F,0xFF,0xF0,0x7F,0xFF,0x00,0x00,0x7F,0xFF,
  0x83,0xFF,0xF8,0x00,0x01,0xFF,0xFC,0x1F,0xFF,0xC0,0x00,0x0F,0xFF,0xF0,0xFF,0xFE,0x00,0x00,0x7F,0xFF,0x87,0xFF,0xF0,0x00,
  0x03,0xFF,0xFC,0x3F,0xFF,0x80,0x00,0x0F,0xFF,0xE1,0xFF,0xFC,0x00,0x00,0x7F,0xFE,0x0F,0xFF,0xE0,0x00,0x07,0xFF,0xF0,0x7F,
  0xFF,0x00,0x00,0x3F,0xFF,0x83,0xFF,0xF8,0x00,0x01,0xFF,0xFC,0x1F,0xFF,0xC0,0x00,0x0F,0xFF,0xC0,0xFF,0xFE,0x00,0x00,0xFF,
  0xFE,0x07,0xFF,0xF0,0x00,0x0F,0xFF,0xE0,0x3F,0xFF,0x80,0x01,0xFF,0xFE,0x01,0xFF,0xFF,0xFF,0xFF,0xFF,0xF0,0x0F,0xFF,0xFF,
  0xFF,0xFF,0xFE,0x00,0x7F,0xFF,0xFF,0xFF,0xFF,0xE0,0x03,0xFF,0xFF,0xFF,0xFF,0xFC,0x00,0x1F,0xFF,0xFF,0xFF,0xFF,0x80,0x00,
  0xFF,0xFF,0xFF,0xFF,0xFC,0x00,0x07,0xFF,0xFF,0xFF,0xFF,0xFE,0x00,0x3F,0xFF,0xFF,0xFF,0xFF,0xFC,0x01,0xFF,0xFF,0xFF,0xFF,
  0xFF,0xF8,0x0F,0xFF,0xFF,0xFF,0xFF,0xFF,0xE0,0x7F,0xFF,0xFF,0xFF,0xFF,0xFF,0x83,0xFF,0xF8,0x00,0x07,0xFF,0xFE,0x1F,0xFF,
  0xC0,0x00,0x07,0xFF,0xF8,0xFF,0xFE,0x00,0x00,0x1F,0xFF,0xE7,0xFF,0xF0,0x00,0x00,0x7F,0xFF,0x3F,0xFF,0x80,0x00,0x01,0xFF,
  0xFD,0xFF,0xFC,0x00,0x00,0x0F,0xFF,0xEF,0xFF,0xE0,0x00,0x00,0x7F,0xFF,0x7F,0xFF,0x00,0x00,0x03,0xFF,0xFB,0xFF,0xF8,0x00,
  0x00,0x0F,0xFF,0xFF,0xFF,0xC0,0x00,0x00,0x7F,0xFF,0xFF,0xFE,0x00,0x00,0x03,0xFF,0xFF,0xFF,0xF0,0x00,0x00,0x3F,0xFF,0xFF,
  0xFF,0x80,0x00,0x01,0xFF,0xFF,0xFF,0xFC,0x00,0x00,0x0F,0xFF,0xFF,0xFF,0xE0,0x00,0x00,0x7F,0xFF,0x7F,0xFF,0x00,0x00,0x07,
  0xFF,0xFB,0xFF,0xF8,0x00,0x00,0x7F,0xFF,0xDF,0xFF,0xC0,0x00,0x07,0xFF,0xFE,0xFF,0xFE,0x00,0x01,0xFF,0xFF,0xE7,0xFF,0xFF,
  0xFF,0xFF,0xFF,0xFF,0x3F,0xFF,0xFF,0xFF,0xFF,0xFF,0xF1,0xFF,0xFF,0xFF,0xFF,0xFF,0xFF,0x8F,0xFF,0xFF,0xFF,0xFF,0xFF,0xF8,
  0x7F,0xFF,0xFF,0xFF,0xFF,0xFF,0x83,0xFF,0xFF,0xFF,0xFF,0xFF,0xF8,0x1F,0xFF,0xFF,0xFF,0xFF,0xFF,0x80,0xFF,0xFF,0xFF,0xFF,
  0xFF,0xF0,0x07,0xFF,0xFF,0xFF,0xFF,0xFE,0x00,0x3F,0xFF,0xFF,0xFF,0xFF,0xC0,0x01,0xFF,0xFF,0xFF,0xFF,0xE0,0x00,0x00,0x00,
  0x00,0x03,0xFF,0xC0,0x00,0x00,0x00,0x00,0x7F,0xFF,0xF8,0x00,0x00,0x00,0x07,0xFF,0xFF,0xFC,0x00,0x00,0x00,0x3F,0xFF,0xFF,
  0xFE,0x00,0x00,0x00,0xFF,0xFF,0xFF,0xFF,0x00,0x00,0x07,0xFF,0xFF,0xFF,0xFF,0x00,0x00,0x1F,0xFF,0xFF,0xFF,0xFF,0x00,0x00,
  0x7F,0xFF,0xFF,0xFF,0xFF,0x00,0x01,0xFF,0xFF,0xFF,0xFF,0xFF,0x00,0x07,0xFF,0xFF,0xFF,0xFF,0xFF,0x00,0x0F,0xFF,0xFF,0xFF,
  0xFF,0xFE,0x00,0x3F,0xFF,0xFF,0xFF,0xFF,0xFE,0x00,0x7F,0xFF,0xF0,0x0F,0xFF,0xFE,0x01,0xFF,0xFF,0x80,0x07,0xFF,0xFC,0x03,
  0xFF,0xFE,0x00,0x07,0xFF,0xFC,0x0F,0xFF,0xF8,0x00,0x07,0xFF,0xF8,0x1F,0xFF,0xE0,0x00,0x07,0xFF,0xF0,0x7F,0xFF,0xC0,0x00,
  0x07,0xFF,0xF0,0xFF,0xFF,0x00,0x00,0x0F,0xFF,0xE1,0xFF,0xFE,0x00,0x00,0x0F,0xFF,0xC3,0xFF,0xF8,0x00,0x00,0x1F,0xFC,0x0F,
  0xFF,0xF0,0x00,0x00,0x3F,0x80,0x1F,0xFF,0xE0,0x00,0x00,0x30,0x00,0x3F,0xFF,0x80,0x00,0x00,0x00,0x00,0x7F,0xFF,0x00,0x00,
  0x00,0x00,0x00,0xFF,0xFE,0x00,0x00,0x00,0x00,0x03,0xFF,0xFC,0x00,0x00,0x00,0x00,0x07,0xFF,0xF8,0x00,0x00,0x00,0x00,0x0F,
  0xFF,0xE0,0x00,0x00,0x00,0x00,0x1F,0xFF,0xC0,0x00,0x00,0x00,0x00,0x3F,0xFF,0x80,0x00,0x00,0x00,0x00,0x7F,0xFF,0x00,0x00,
  0x00,0x00,0x00,0xFF,0xFE,0x00,0x00,0x00,0x00,0x01,0xFF,0xFC,0x00,0x00,0x00,0x00,0x03,0xFF,0xF8,0x00,0x00,0x00,0x00,0x07,
  0xFF,0xF0,0x00,0x00,0x00,0x00,0x0F,0xFF,0xE0,0x00,0x00,0x00,0x00,0x1F,0xFF,0xC0,0x00,0x00,0x00,0x00,0x3F,0xFF,0x80,0x00,
  0x00,0x00,0x00,0x7F,0xFF,0x00,0x00,0x00,0x00,0x00,0xFF,0xFE,0x00,0x00,0x00,0x00,0x01,0xFF,0xFE,0x00,0x00,0x00,0x00,0x03,
  0xFF,0xFC,0x00,0x00,0x00,0x00,0x03,0xFF,0xF8,0x00,0x00,0x00,0x00,0x07,0xFF,0xF0,0x00,0x00,0x00,0x00,0x0F,0xFF,0xE0,0x00,
  0x00,0x00,0x00,0x1F,0xFF,0xC0,0x00,0x00,0x1C,0x00,0x3F,0xFF,0xC0,0x00,0x00,0x3F,0xC0,0x7F,0xFF,0x80,0x00,0x00,0xFF,0xFC,
  0x7F,0xFF,0x00,0x00,0x01,0xFF,0xFC,0xFF,0xFF,0x00,0x00,0x07,0xFF,0xF1,0xFF,0xFE,0x00,0x00,0x0F,0xFF,0xE1,0xFF,0xFE,0x00,
  0x00,0x3F,0xFF,0xC3,0xFF,0xFE,0x00,0x00,0x7F,0xFF,0x07,0xFF,0xFC,0x00,0x01,0xFF,0xFE,0x07,0xFF,0xFC,0x00,0x07,0xFF,0xF8,
  0x0F,0xFF,0xFE,0x00,0x1F,0xFF,0xF0,0x0F,0xFF,0xFF,0x00,0xFF,0xFF,0xC0,0x0F,0xFF,0xFF,0xFF,0xFF,0xFF,0x80,0x1F,0xFF,0xFF,
  0xFF,0xFF,0xFE,0x00,0x1F,0xFF,0xFF,0xFF,0xFF,0xF8,0x00,0x1F,0xFF,0xFF,0xFF,0xFF,0xE0,0x00,0x1F,0xFF,0xFF,0xFF,0xFF,0x80,
  0x00,0x1F,0xFF,0xFF,0xFF,0xFE,0x00,0x00,0x1F,0xFF,0xFF,0xFF,0xF8,0x00,0x00,0x1F,0xFF,0xFF,0xFF,0xE0,0x00,0x00,0x0F,0xFF,
  0xFF,0xFF,0x80,0x00,0x00,0x07,0xFF,0xFF,0xFC,0x00,0x00,0x00,0x03,0xFF,0xFF,0xC0,0x00,0x00,0x00,0x00,0x7F,0xFC,0x00,0x00,
  0x00,0xFF,0xFF,0xFF,0x80,0x00,0x00,0x1F,0xFF,0xFF,0xFF,0x80,0x00,0x03,0xFF,0xFF,0xFF,0xFE,0x00,0x00,0x7F,0xFF,0xFF,0xFF,
  0xF8,0x00,0x0F,0xFF,0xFF,0xFF,0xFF,0xC0,0x01,0xFF,0xFF,0xFF,0xFF,0xFC,0x00,0x3F,0xFF,0xFF,0xFF,0xFF,0xC0,0x07,0xFF,0xFF,
  0xFF,0xFF,0xFE,0x00,0xFF,0xFF,0xFF,0xFF,0xFF,0xE0,0x1F,0xFF,0xFF,0xFF,0xFF,0xFE,0x03,0xFF,0xFF,0xFF,0xFF,0xFF,0xC0,0x7F,
  0xFF,0xFF,0xFF,0xFF,0xFC,0x0F,0xFF,0xE0,0x0F,0xFF,0xFF,0xC1,0xFF,0xFC,0x00,0x3F,0xFF,0xF8,0x3F,0xFF,0x80,0x01,0xFF,0xFF,
  0x87,0xFF,0xF0,0x00,0x1F,0xFF,0xF0,0xFF,0xFE,0x00,0x01,0xFF,0xFF,0x1F,0xFF,0xC0,0x00,0x1F,0xFF,0xE3,0xFF,0xF8,0x00,0x01,
  0xFF,0xFE,0x7F,0xFF,0x00,0x00,0x3F,0xFF,0xCF,0xFF,0xE0,0x00,0x03,0xFF,0xF9,0xFF,0xFC,0x00,0x00,0x7F,0xFF,0xBF,0xFF,0x80,
  0x00,0x0F,0xFF,0xF7,0xFF,0xF0,0x00,0x00,0xFF,0xFE,0xFF,0xFE,0x00,0x00,0x1F,0xFF,0xDF,0xFF,0xC0,0x00,0x03,0xFF,0xFB,0xFF,
  0xF8,0x00,0x00,0x7F,0xFF,0x7F,0xFF,0x00,0x00,0x0F,0xFF,0xFF,0xFF,0xE0,0x00,0x00,0xFF,0xFF,0xFF,0xFC,0x00,0x00,0x1F,0xFF,
  0xFF,0xFF,0x80,0x00,0x03,0xFF,0xFF,0xFF,0xF0,0x00,0x00,0x7F,0xFF,0xFF,0xFE,0x00,0x00,0x0F,0xFF,0xFF,0xFF,0xC0,0x00,0x01,
  0xFF,0xFF,0xFF,0xF8,0x00,0x00,0x3F,0xFF,0xFF,0xFF,0x00,0x00,0x07,0xFF,0xFF,0xFF,0xE0,0x00,0x00,0xFF,0xFF,0xFF,0xFC,0x00,
  0x00,0x1F,0xFF,0xFF,0xFF,0x80,0x00,0x03,0xFF,0xFF,0xFF,0xF0,0x00,0x00,0xFF,0xFF,0xFF,0xFE,0x00,0x00,0x1F,0xFF,0xDF,0xFF,
  0xC0,0x00,0x03,0xFF,0xFB,0xFF,0xF8,0x00,0x00,0x7F,0xFF,0x7F,0xFF,0x00,0x00,0x0F,0xFF,0xEF,0xFF,0xE0,0x00,0x01,0xFF,0xFD,
  0xFF,0xFC,0x00,0x00,0x7F,0xFF,0xBF,0xFF,0x80,0x00,0x0F,0xFF,0xE7,0xFF,0xF0,0x00,0x01,0xFF,0xFC,0xFF,0xFE,0x00,0x00,0x7F,
  0xFF,0x9F,0xFF,0xC0,0x00,0x0F,0xFF,0xE3,0xFF,0xF8,0x00,0x03,0xFF,0xFC,0x7F,0xFF,0x00,0x00,0xFF,0xFF,0x8F,0xFF,0xE0,0x00,
  0x3F,0xFF,0xE1,0xFF,0xFC,0x00,0x0F,0xFF,0xFC,0x3F,0xFF,0x80,0x03,0xFF,0xFF,0x07,0xFF,0xF0,0x01,0xFF,0xFF,0xE0,0xFF,0xFF,
  0xFF,0xFF,0xFF,0xF8,0x1F,0xFF,0xFF,0xFF,0xFF,0xFE,0x03,0xFF,0xFF,0xFF,0xFF,0xFF,0xC0,0x7F,0xFF,0xFF,0xFF,0xFF,0xF0,0x0F,
  0xFF,0xFF,0xFF,0xFF,0xFC,0x01,0xFF,0xFF,0xFF,0xFF,0xFF,0x00,0x3F,0xFF,0xFF,0xFF,0xFF,0x80,0x07,0xFF,0xFF,0xFF,0xFF,0xE0,
  0x00,0xFF,0xFF,0xFF,0xFF,0xF0,0x00,0x1F,0xFF,0xFF,0xFF,0xF8,0x00,0x03,0xFF,0xFF,0xFF,0xFC,0x00,0x00,0x7F,0xFF,0xFF,0xF8,
  0x00,0x00,0x00,0xFF,0xFF,0xFF,0xFF,0xFF,0xFF,0x9F,0xFF,0xFF,0xFF,0xFF,0xFF,0xF3,0xFF,0xFF,0xFF,0xFF,0xFF,0xFE,0x7F,0xFF,
  0xFF,0xFF,0xFF,0xFF,0xCF,0xFF,0xFF,0xFF,0xFF,0xFF,0xF9,0xFF,0xFF,0xFF,0xFF,0xFF,0xFF,0x3F,0xFF,0xFF,0xFF,0xFF,0xFF,0xE7,
  0xFF,0xFF,0xFF,0xFF,0xFF,0xFC,0xFF,0xFF,0xFF,0xFF,0xFF,0xFF,0x9F,0xFF,0xFF,0xFF,0xFF,0xFF,0xF3,0xFF,0xFF,0xFF,0xFF,0xFF,
  0xFE,0x7F,0xFF,0xFF,0xFF,0xFF,0xFF,0x8F,0xFF,0xE0,0x00,0x00,0x00,0x01,0xFF,0xFC,0x00,0x00,0x00,0x00,0x3F,0xFF,0x80,0x00,
  0x00,0x00,0x07,0xFF,0xF0,0x00,0x00,0x00,0x00,0xFF,0xFE,0x00,0x00,0x00,0x00,0x1F,0xFF,0xC0,0x00,0x00,0x00,0x03,0xFF,0xF8,
  0x00,0x00,0x00,0x00,0x7F,0xFF,0x00,0x00,0x00,0x00,0x0F,0xFF,0xE0,0x00,0x00,0x00,0x01,0xFF,0xFC,0x00,0x00,0x00,0x00,0x3F,
  0xFF,0x80,0x00,0x00,0x00,0x07,0xFF,0xF0,0x00,0x00,0x00,0x00,0xFF,0xFE,0x00,0x00,0x00,0x00,0x1F,0xFF,0xC0,0x00,0x00,0x00,
  0x03,0xFF,0xF8,0x00,0x00,0x00,0x00,0x7F,0xFF,0x00,0x00,0x00,0x00,0x0F,0xFF,0xFF,0xFF,0xFF,0xFF,0xC1,0xFF,0xFF,0xFF,0xFF,
  0xFF,0xF8,0x3F,0xFF,0xFF,0xFF,0xFF,0xFF,0x07,0xFF,0xFF,0xFF,0xFF,0xFF,0xE0,0xFF,0xFF,0xFF,0xFF,0xFF,0xFC,0x1F,0xFF,0xFF,
  0xFF,0xFF,0xFF,0x83,0xFF,0xFF,0xFF,0xFF,0xFF,0xF0,0x7F,0xFF,0xFF,0xFF,0xFF,0xFE,0x0F,0xFF,0xFF,0xFF,0xFF,0xFF,0xC1,0xFF,
  0xFF,0xFF,0xFF,0xFF,0xF8,0x3F,0xFF,0xFF,0xFF,0xFF,0xFF,0x07,0xFF,0xFF,0xFF,0xFF,0xFF,0xC0,0xFF,0xFE,0x00,0x00,0x00,0x00,
  0x1F,0xFF,0xC0,0x00,0x00,0x00,0x03,0xFF,0xF8,0x00,0x00,0x00,0x00,0x7F,0xFF,0x00,0x00,0x00,0x00,0x0F,0xFF,0xE0,0x00,0x00,
  0x00,0x01,0xFF,0xFC,0x00,0x00,0x00,0x00,0x3F,0xFF,0x80,0x00,0x00,0x00,0x07,0xFF,0xF0,0x00,0x00,0x00,0x00,0xFF,0xFE,0x00,
  0x00,0x00,0x00,0x1F,0xFF,0xC0,0x00,0x00,0x00,0x03,0xFF,0xF8,0x00,0x00,0x00,0x00,0x7F,0xFF,0x00,0x00,0x00,0x00,0x0F,0xFF,
  0xE0,0x00,0x00,0x00,0x01,0xFF,0xFC,0x00,0x00,0x00,0x00,0x3F,0xFF,0x80,0x00,0x00,0x00,0x07,0xFF,0xF0,0x00,0x00,0x00,0x00,
  0xFF,0xFF,0xFF,0xFF,0xFF,0xFF,0xDF,0xFF,0xFF,0xFF,0xFF,0xFF,0xFF,0xFF,0xFF,0xFF,0xFF,0xFF,0xFF,0xFF,0xFF,0xFF,0xFF,0xFF,
  0xFF,0xFF,0xFF,0xFF,0xFF,0xFF,0xFF,0xFF,0xFF,0xFF,0xFF,0xFF,0xFF,0xFF,0xFF,0xFF,0xFF,0xFF,0xFF,0xFF,0xFF,0xFF,0xFF,0xFF,
  0xFF,0xFF,0xFF,0xFF,0xFF,0xFF,0xFF,0xFF,0xFF,0xFF,0xFF,0xFF,0xFF,0xFF,0xFF,0xFF,0xFF,0xFF,0xFF,0xFF,0xFF,0xFF,0xFF,0xFF,
  0xFF,0xFF,0xFF,0xFF,0xF0,0xFF,0xFF,0xFF,0xFF,0xFF,0xFF,0xFF,0xFF,0xFF,0xFF,0xFF,0xFF,0xFF,0xFF,0xFF,0xFF,0xFF,0xFF,0xFF,
  0xFF,0xFF,0xFF,0xFF,0xFF,0xFF,0xFF,0xFF,0xFF,0xFF,0xFF,0xFF,0xFF,0xFF,0xFF,0xFF,0xFF,0xFF,0xFF,0xFF,0xFF,0xFF,0xFF,0xFF,
  0xFF,0xFF,0xFF,0xFF,0xFF,0xFF,0xFF,0xFF,0xFF,0xFF,0xFF,0xFF,0xFF,0xFF,0xFF,0xFF,0xFF,0xFF,0xFF,0xFF,0xFF,0xFF,0xFF,0xFF,
  0xFF,0xFF,0xFF,0xFF,0xFE,0xFF,0xFE,0x00,0x00,0x00,0x00,0xFF,0xFE,0x00,0x00,0x00,0x00,0xFF,0xFE,0x00,0x00,0x00,0x00,0xFF,
  0xFE,0x00,0x00,0x00,0x00,0xFF,0xFE,0x00,0x00,0x00,0x00,0xFF,0xFE,0x00,0x00,0x00,0x00,0xFF,0xFE,0x00,0x00,0x00,0x00,0xFF,
  0xFE,0x00,0x00,0x00,0x00,0xFF,0xFE,0x00,0x00,0x00,0x00,0xFF,0xFE,0x00,0x00,0x00,0x00,0xFF,0xFE,0x00,0x00,0x00,0x00,0xFF,
  0xFE,0x00,0x00,0x00,0x00,0xFF,0xFE,0x00,0x00,0x00,0x00,0xFF,0xFE,0x00,0x00,0x00,0x00,0xFF,0xFE,0x00,0x00,0x00,0x00,0xFF,
  0xFE,0x00,0x00,0x00,0x00,0xFF,0xFE,0x00,0x00,0x00,0x00,0xFF,0xFE,0x00,0x00,0x00,0x00,0xFF,0xFE,0x00,0x00,0x00,0x00,0xFF,
  0xFF,0xFF,0xFF,0xFF,0xFE,0xFF,0xFF,0xFF,0xFF,0xFF,0xFE,0xFF,0xFF,0xFF,0xFF,0xFF,0xFE,0xFF,0xFF,0xFF,0xFF,0xFF,0xFE,0xFF,
  0xFF,0xFF,0xFF,0xFF,0xFE,0xFF,0xFF,0xFF,0xFF,0xFF,0xFE,0xFF,0xFF,0xFF,0xFF,0xFF,0xFE,0xFF,0xFF,0xFF,0xFF,0xFF,0xFE,0xFF,
  0xFF,0xFF,0xFF,0xFF,0xFE,0xFF,0xFF,0xFF,0xFF,0xFF,0xFE,0xFF,0xFF,0xFF,0xFF,0xFF,0xFE,0xFF,0xFF,0xFF,0xFF,0xFF,0xFC,0xFF,
  0xFE,0x00,0x00,0x00,0x00,0xFF,0xFE,0x00,0x00,0x00,0x00,0xFF,0xFE,0x00,0x00,0x00,0x00,0xFF,0xFE,0x00,0x00,0x00,0x00,0xFF,
  0xFE,0x00,0x00,0x00,0x00,0xFF,0xFE,0x00,0x00,0x00,0x00,0xFF,0xFE,0x00,0x00,0x00,0x00,0xFF,0xFE,0x00,0x00,0x00,0x00,0xFF,
  0xFE,0x00,0x00,0x00,0x00,0xFF,0xFE,0x00,0x00,0x00,0x00,0xFF,0xFE,0x00,0x00,0x00,0x00,0xFF,0xFE,0x00,0x00,0x00,0x00,0xFF,
  0xFE,0x00,0x00,0x00,0x00,0xFF,0xFE,0x00,0x00,0x00,0x00,0xFF,0xFE,0x00,0x00,0x00,0x00,0xFF,0xFE,0x00,0x00,0x00,0x00,0xFF,
  0xFE,0x00,0x00,0x00,0x00,0xFF,0xFE,0x00,0x00,0x00,0x00,0xFF,0xFE,0x00,0x00,0x00,0x00,0xFF,0xFE,0x00,0x00,0x00,0x00,0xFF,
  0xFE,0x00,0x00,0x00,0x00,0xFF,0xFE,0x00,0x00,0x00,0x00,0xFF,0xFE,0x00,0x00,0x00,0x00,0xFF,0xFE,0x00,0x00,0x00,0x00,0xFF,
  0xFE,0x00,0x00,0x00,0x00,0x00,0x00,0x07,0xFF,0xC0,0x00,0x00,0x00,0x01,0xFF,0xFF,0xC0,0x00,0x00,0x00,0x7F,0xFF,0xFF,0xC0,
  0x00,0x00,0x0F,0xFF,0xFF,0xFF,0x00,0x00,0x01,0xFF,0xFF,0xFF,0xFE,0x00,0x00,0x1F,0xFF,0xFF,0xFF,0xF8,0x00,0x01,0xFF,0xFF,
  0xFF,0xFF,0xE0,0x00,0x1F,0xFF,0xFF,0xFF,0xFF,0x80,0x01,0xFF,0xFF,0xFF,0xFF,0xFC,0x00,0x1F,0xFF,0xFF,0xFF,0xFF,0xF0,0x00,
  0xFF,0xFF,0xFF,0xFF,0xFF,0xC0,0x0F,0xFF,0xFF,0xFF,0xFF,0xFE,0x00,0xFF,0xFF,0xF0,0x1F,0xFF,0xF8,0x07,0xFF,0xFE,0x00,0x3F,
  0xFF,0xC0,0x3F,0xFF,0xC0,0x00,0xFF,0xFF,0x03,0xFF,0xFC,0x00,0x03,0xFF,0xF8,0x1F,0xFF,0xE0,0x00,0x1F,0xFF,0xE1,0xFF,0xFE,
  0x00,0x00,0x7F,0xFF,0x0F,0xFF,0xF0,0x00,0x03,0xFF,0xF8,0x7F,0xFF,0x00,0x00,0x0F,0xFF,0x87,0xFF,0xF8,0x00,0x00,0x7F,0x80,
  0x3F,0xFF,0xC0,0x00,0x03,0x80,0x01,0xFF,0xFC,0x00,0x00,0x00,0x00,0x0F,0xFF,0xE0,0x00,0x00,0x00,0x00,0x7F,0xFF,0x00,0x00,
  0x00,0x00,0x03,0xFF,0xF8,0x00,0x00,0x00,0x00,0x3F,0xFF,0xC0,0x00,0x00,0x00,0x01,0xFF,0xFC,0x00,0x00,0x00,0x00,0x0F,0xFF,
  0xE0,0x00,0x00,0x00,0x00,0x7F,0xFF,0x00,0x00,0x00,0x00,0x03,0xFF,0xF8,0x00,0x00,0x00,0x00,0x1F,0xFF,0xC0,0x00,0x00,0x00,
  0x00,0xFF,0xFE,0x00,0x7F,0xFF,0xFF,0xFF,0xFF,0xF0,0x03,0xFF,0xFF,0xFF,0xFF,0xFF,0x80,0x1F,0xFF,0xFF,0xFF,0xFF,0xFC,0x00,
  0xFF,0xFF,0xFF,0xFF,0xFF,0xE0,0x07,0xFF,0xFF,0xFF,0xFF,0xFF,0x00,0x3F,0xFF,0xFF,0xFF,0xFF,0xF8,0x01,0xFF,0xFF,0xFF,0xFF,
  0xFF,0xC0,0x0F,0xFF,0xFF,0xFF,0xFF,0xFE,0x00,0x7F,0xFF,0xFF,0xFF,0xFF,0xF8,0x03,0xFF,0xFF,0xFF,0xFF,0xFF,0xC0,0x1F,0xFF,
  0xFF,0xFE,0xFF,0xFE,0x00,0x00,0x03,0xFF,0xF7,0xFF,0xF0,0x00,0x00,0x1F,0xFF,0xBF,0xFF,0x80,0x00,0x00,0xFF,0xFD,0xFF,0xFC,
  0x00,0x00,0x07,0xFF,0xEF,0xFF,0xF0,0x00,0x00,0x3F,0xFF,0x3F,0xFF,0x80,0x00,0x01,0xFF,0xF9,0xFF,0xFC,0x00,0x00,0x0F,0xFF,
  0xCF,0xFF,0xF0,0x00,0x00,0x7F,0xFE,0x7F,0xFF,0x80,0x00,0x03,0xFF,0xF1,0xFF,0xFE,0x00,0x00,0x1F,0xFF,0x8F,0xFF,0xF0,0x00,
  0x00,0xFF,0xFC,0x3F,0xFF,0xC0,0x00,0x07,0xFF,0xE1,0xFF,0xFF,0x00,0x00,0x7F,0xFF,0x07,0xFF,0xFE,0x00,0x0F,0xFF,0xF8,0x3F,
  0xFF,0xFC,0x03,0xFF,0xFF,0xC0,0xFF,0xFF,0xFF,0xFF,0xFF,0xFE,0x07,0xFF,0xFF,0xFF,0xFF,0xFF,0xF0,0x1F,0xFF,0xFF,0xFF,0xFF,
  0xFF,0x00,0x7F,0xFF,0xFF,0xFF,0xFF,0xF0,0x01,0xFF,0xFF,0xFF,0xFF,0xFE,0x00,0x07,0xFF,0xFF,0xFF,0xFF,0xE0,0x00,0x1F,0xFF,
  0xFF,0xFF,0xFC,0x00,0x00,0x7F,0xFF,0xFF,0xFF,0xC0,0x00,0x00,0xFF,0xFF,0xFF,0xF8,0x00,0x00,0x01,0xFF,0xFF,0xFE,0x00,0x00,
  0x00,0x03,0xFF,0xFF,0xC0,0x00,0x00,0x00,0x01,0xFF,0xE0,0x00,0x00,0xFF,0xFE,0x00,0x00,0x7F,0xFF,0xFF,0xFE,0x00,0x00,0x7F,
  0xFF,0xFF,0xFE,0x00,0x00,0x7F,0xFF,0xFF,0xFE,0x00,0x00,0x7F,0xFF,0xFF,0xFE,0x00,0x00,0x7F,0xFF,0xFF,0xFE,0x00,0x00,0x7F,
  0xFF,0xFF,0xFE,0x00,0x00,0x7F,0xFF,0xFF,0xFE,0x00,0x00,0x7F,0xFF,0xFF,0xFE,0x00,0x00,0x7F,0xFF,0xFF,0xFE,0x00,0x00,0x7F,
  0xFF,0xFF,0xFE,0x00,0x00,0x7F,0xFF,0xFF,0xFE,0x00,0x00,0x7F,0xFF,0xFF,0xFE,0x00,0x00,0x7F,0xFF,0xFF,0xFE,0x00,0x00,0x7F,
  0xFF,0xFF,0xFE,0x00,0x00,0x7F,0xFF,0xFF,0xFE,0x00,0x00,0x7F,0xFF,0xFF,0xFE,0x00,0x00,0x7F,0xFF,0xFF,0xFE,0x00,0x00,0x7F,
  0xFF,0xFF,0xFE,0x00,0x00,0x7F,0xFF,0xFF,0xFE,0x00,0x00,0x7F,0xFF,0xFF,0xFE,0x00,0x00,0x7F,0xFF,0xFF,0xFE,0x00,0x00,0x7F,
  0xFF,0xFF,0xFE,0x00,0x00,0x7F,0xFF,0xFF,0xFE,0x00,0x00,0x7F,0xFF,0xFF,0xFE,0x00,0x00,0x7F,0xFF,0xFF,0xFE,0x00,0x00,0x7F,
  0xFF,0xFF,0xFE,0x00,0x00,0x7F,0xFF,0xFF,0xFF,0xFF,0xFF,0xFF,0xFF,0xFF,0xFF,0xFF,0xFF,0xFF,0xFF,0xFF,0xFF,0xFF,0xFF,0xFF,
  0xFF,0xFF,0xFF,0xFF,0xFF,0xFF,0xFF,0xFF,0xFF,0xFF,0xFF,0xFF,0xFF,0xFF,0xFF,0xFF,0xFF,0xFF,0xFF,0xFF,0xFF,0xFF,0xFF,0xFF,
  0xFF,0xFF,0xFF,0xFF,0xFF,0xFF,0xFF,0xFF,0xFF,0xFF,0xFF,0xFF,0xFF,0xFF,0xFF,0xFF,0xFF,0xFF,0xFF,0xFF,0xFF,0xFF,0xFF,0xFF,
  0xFF,0xFF,0xFF,0xFF,0xFF,0xFF,0xFF,0xFF,0xFE,0x00,0x00,0x7F,0xFF,0xFF,0xFE,0x00,0x00,0x7F,0xFF,0xFF,0xFE,0x00,0x00,0x7F,
  0xFF,0xFF,0xFE,0x00,0x00,0x7F,0xFF,0xFF,0xFE,0x00,0x00,0x7F,0xFF,0xFF,0xFE,0x00,0x00,0x7F,0xFF,0xFF,0xFE,0x00,0x00,0x7F,
  0xFF,0xFF,0xFE,0x00,0x00,0x7F,0xFF,0xFF,0xFE,0x00,0x00,0x7F,0xFF,0xFF,0xFE,0x00,0x00,0x7F,0xFF,0xFF,0xFE,0x00,0x00,0x7F,
  0xFF,0xFF,0xFE,0x00,0x00,0x7F,0xFF,0xFF,0xFE,0x00,0x00,0x7F,0xFF,0xFF,0xFE,0x00,0x00,0x7F,0xFF,0xFF,0xFE,0x00,0x00,0x7F,
  0xFF,0xFF,0xFE,0x00,0x00,0x7F,0xFF,0xFF,0xFE,0x00,0x00,0x7F,0xFF,0xFF,0xFE,0x00,0x00,0x7F,0xFF,0xFF,0xFE,0x00,0x00,0x7F,
  0xFF,0xFF,0xFE,0x00,0x00,0x7F,0xFF,0xFF,0xFE,0x00,0x00,0x7F,0xFF,0xFF,0xFE,0x00,0x00,0x7F,0xFF,0xFF,0xFE,0x00,0x00,0x7F,
  0xFF,0xFF,0xFE,0x00,0x00,0x7F,0xFF,0xFF,0xFE,0x00,0x00,0x7F,0xFF,0xFF,0xFE,0x00,0x00,0x7F,0xFF,0xFF,0xFE,0x00,0x00,0x7F,
  0xFF,0xFF,0xFE,0x00,0x00,0x7F,0xFF,0xFF,0xFE,0x00,0x00,0x7F,0xFF,0xFF,0xFF,0xFF,0xFF,0xFF,0xFF,0xFF,0xFF,0xFF,0xFF,0xFF,
  0xFF,0xFF,0xFF,0xFF,0xFF,0xFF,0xFF,0xFF,0xFF,0xFF,0xFF,0xFF,0xFF,0xFF,0xFF,0xFF,0xFF,0xFF,0xFF,0xFF,0xFF,0xFF,0xFF,0xFF,
  0xFF,0xFF,0xFF,0xFF,0xFF,0xFF,0xFF,0xFF,0xFF,0xFF,0xFF,0xFF,0xFF,0xFF,0xFF,0xFF,0xFF,0xFF,0xFF,0xFF,0xFF,0xFF,0xFF,0xFF,
  0xFF,0xFF,0xFF,0xFF,0xFF,0xFF,0xFF,0xFF,0xFF,0xFF,0x00,0x01,0xFF,0xFC,0x00,0x00,0x00,0x07,0xFF,0xF0,0x00,0x00,0x00,0x1F,
  0xFF,0xC0,0x00,0x00,0x00,0x7F,0xFF,0x00,0x00,0x00,0x01,0xFF,0xFC,0x00,0x00,0x00,0x07,0xFF,0xF0,0x00,0x00,0x00,0x1F,0xFF,
  0xC0,0x00,0x00,0x00,0x7F,0xFF,0x00,0x00,0x00,0x01,0xFF,0xFC,0x00,0x00,0x00,0x07,0xFF,0xF0,0x00,0x00,0x00,0x1F,0xFF,0xC0,
  0x00,0x00,0x00,0x7F,0xFF,0x00,0x00,0x00,0x01,0xFF,0xFC,0x00,0x00,0x00,0x07,0xFF,0xF0,0x00,0x00,0x00,0x1F,0xFF,0xC0,0x00,
  0x00,0x00,0x7F,0xFF,0x00,0x00,0x00,0x01,0xFF,0xFC,0x00,0x00,0x00,0x07,0xFF,0xF0,0x00,0x00,0x00,0x1F,0xFF,0xC0,0x00,0x00,
  0x00,0x7F,0xFF,0x00,0x00,0x00,0x01,0xFF,0xFC,0x00,0x00,0x00,0x07,0xFF,0xF0,0x00,0x00,0x00,0x1F,0xFF,0xC0,0x00,0x00,0x00,
  0x7F,0xFF,0x00,0x00,0x00,0x01,0xFF,0xFC,0x00,0x00,0x00,0x07,0xFF,0xF0,0x00,0x00,0x00,0x1F,0xFF,0xC0,0x00,0x00,0x00,0x7F,
  0xFF,0x00,0x00,0x00,0x01,0xFF,0xFC,0x00,0x00,0x00,0x07,0xFF,0xF0,0x00,0x00,0x00,0x1F,0xFF,0xC0,0x00,0x00,0x00,0x7F,0xFF,
  0x00,0x00,0x00,0x01,0xFF,0xFC,0x00,0x00,0x00,0x07,0xFF,0xF0,0x00,0x00,0x00,0x1F,0xFF,0xC0,0x00,0x00,0x00,0x7F,0xFF,0x00,
  0x00,0x00,0x01,0xFF,0xFC,0x00,0x00,0x00,0x07,0xFF,0xF0,0x00,0x00,0x00,0x1F,0xFF,0xC0,0x00,0x00,0x00,0x7F,0xFF,0x00,0x00,
  0x00,0x01,0xFF,0xFC,0x00,0x00,0x00,0x07,0xFF,0xF0,0x00,0x00,0x00,0x1F,0xFF,0xC0,0x00,0x00,0x00,0x7F,0xFF,0x00,0x00,0xFF,
  0xFF,0xFF,0xFF,0xFF,0xFF,0xFF,0xFF,0xFF,0xFF,0xFF,0xFF,0xFF,0xFF,0xFF,0xFF,0xFF,0xFF,0xFF,0xFF,0xFF,0xFF,0xFF,0xFF,0xFF,
  0xFF,0xFF,0xFF,0xFF,0xFF,0xFF,0xFF,0xFF,0xFF,0xFF,0xFF,0xFF,0xFF,0xFF,0xFF,0xFF,0xFF,0xFF,0xFF,0xFF,0xFF,0xFF,0xFF,0xFF,
  0xFF,0xFF,0xFF,0xFF,0xFF,0xFF,0xFF,0xFF,0xFF,0xFF,0xFF,0xFF,0xFF,0xFF,0xFF,0xFF,0xFF,0xFF,0xFF,0xFF,0x00,0x00,0xFF,0xFF,
  0xFF,0xFC,0x00,0x03,0xFF,0xFF,0xFF,0xF0,0x00,0x0F,0xFF,0xFF,0xFF,0xC0,0x00,0x3F,0xFF,0xFF,0xFF,0x00,0x00,0xFF,0xFF,0xFF,
  0xFC,0x00,0x03,0xFF,0xFF,0xFF,0xF0,0x00,0x0F,0xFF,0xFF,0xFF,0xC0,0x00,0x3F,0xFF,0xFF,0xFF,0x00,0x00,0xFF,0xFF,0xFF,0xFC,
  0x00,0x03,0xFF,0xFF,0xFF,0xF0,0x00,0x0F,0xFF,0xFF,0xFF,0xC0,0x00,0x1F,0xFF,0xFF,0xFF,0x00,0x00,0x00,0x01,0xFF,0xFC,0x00,
  0x00,0x00,0x07,0xFF,0xF0,0x00,0x00,0x00,0x1F,0xFF,0xC0,0x00,0x00,0x00,0x7F,0xFF,0x00,0x00,0x00,0x01,0xFF,0xFC,0x00,0x00,
  0x00,0x07,0xFF,0xF0,0x00,0x00,0x00,0x1F,0xFF,0xC0,0x00,0x00,0x00,0x7F,0xFF,0x00,0x00,0x00,0x01,0xFF,0xFC,0x00,0x00,0x00,
  0x07,0xFF,0xF0,0x00,0x00,0x00,0x1F,0xFF,0xC0,0x00,0x00,0x00,0x7F,0xFF,0x00,0x00,0x00,0x01,0xFF,0xFC,0x00,0x00,0x00,0x07,
  0xFF,0xF0,0x00,0x00,0x00,0x1F,0xFF,0xC0,0x00,0x00,0x00,0x7F,0xFF,0x00,0x00,0x00,0x01,0xFF,0xFC,0x00,0x00,0x00,0x07,0xFF,
  0xF0,0x00,0x00,0x00,0x1F,0xFF,0xC0,0x00,0x00,0x00,0x7F,0xFF,0x00,0x00,0x00,0x01,0xFF,0xFC,0x00,0x00,0x00,0x07,0xFF,0xF0,
  0x00,0x00,0x00,0x1F,0xFF,0xC0,0x00,0x00,0x00,0x7F,0xFF,0x00,0x00,0x00,0x01,0xFF,0xFC,0x00,0x00,0x00,0x07,0xFF,0xF0,0x00,
  0x00,0x00,0x1F,0xFF,0xC0,0x00,0x00,0x00,0x7F,0xFF,0x00,0x00,0x00,0x01,0xFF,0xFC,0x00,0x00,0x00,0x07,0xFF,0xF0,0x00,0x00,
  0x00,0x1F,0xFF,0xC0,0x00,0x00,0x00,0x7F,0xFF,0x00,0x00,0x00,0x01,0xFF,0xFC,0x00,0x00,0x00,0x07,0xFF,0xF0,0x01,0xE0,0x00,
  0x1F,0xFF,0xC3,0xFF,0x80,0x00,0x7F,0xFF,0xFF,0xFE,0x00,0x01,0xFF,0xFF,0xFF,0xFC,0x00,0x07,0xFF,0xFF,0xFF,0xF0,0x00,0x1F,
  0xFF,0xDF,0xFF,0xC0,0x00,0x7F,0xFF,0x7F,0xFF,0x80,0x03,0xFF,0xFD,0xFF,0xFE,0x00,0x0F,0xFF,0xE3,0xFF,0xFC,0x00,0x7F,0xFF,
  0x8F,0xFF,0xF8,0x03,0xFF,0xFE,0x3F,0xFF,0xF0,0x1F,0xFF,0xF0,0x7F,0xFF,0xFF,0xFF,0xFF,0xC1,0xFF,0xFF,0xFF,0xFF,0xFE,0x03,
  0xFF,0xFF,0xFF,0xFF,0xF8,0x07,0xFF,0xFF,0xFF,0xFF,0xC0,0x0F,0xFF,0xFF,0xFF,0xFE,0x00,0x3F,0xFF,0xFF,0xFF,0xF0,0x00,0x7F,
  0xFF,0xFF,0xFF,0x80,0x00,0x7F,0xFF,0xFF,0xFC,0x00,0x00,0xFF,0xFF,0xFF,0xE0,0x00,0x00,0xFF,0xFF,0xFE,0x00,0x00,0x00,0xFF,
  0xFF,0xE0,0x00,0x00,0x00,0x7F,0xF8,0x00,0x00,0xFF,0xFE,0x00,0x00,0x0F,0xFF,0xFD,0xFF,0xFC,0x00,0x00,0x3F,0xFF,0xF3,0xFF,
  0xF8,0x00,0x00,0x7F,0xFF,0xC7,0xFF,0xF0,0x00,0x01,0xFF,0xFF,0x0F,0xFF,0xE0,0x00,0x07,0xFF,0xFC,0x1F,0xFF,0xC0,0x00,0x0F,
  0xFF,0xF8,0x3F,0xFF,0x80,0x00,0x3F,0xFF,0xE0,0x7F,0xFF,0x00,0x00,0xFF,0xFF,0x80,0xFF,0xFE,0x00,0x03,0xFF,0xFE,0x01,0xFF,
  0xFC,0x00,0x07,0xFF,0xF8,0x03,0xFF,0xF8,0x00,0x1F,0xFF,0xF0,0x07,0xFF,0xF0,0x00,0x7F,0xFF,0xC0,0x0F,0xFF,0xE0,0x01,0xFF,
  0xFF,0x00,0x1F,0xFF,0xC0,0x03,0xFF,0xFC,0x00,0x3F,0xFF,0x80,0x0F,0xFF,0xF0,0x00,0x7F,0xFF,0x00,0x3F,0xFF,0xE0,0x00,0xFF,
  0xFE,0x00,0x7F,0xFF,0x80,0x01,0xFF,0xFC,0x01,0xFF,0xFE,0x00,0x03,0xFF,0xF8,0x07,0xFF,0xF8,0x00,0x07,0xFF,0xF0,0x1F,0xFF,
  0xE0,0x00,0x0F,0xFF,0xE0,0x3F,0xFF,0xC0,0x00,0x1F,0xFF,0xC0,0xFF,0xFF,0x00,0x00,0x3F,0xFF,0x83,0xFF,0xFC,0x00,0x00,0x7F,
  0xFF,0x0F,0xFF,0xF0,0x00,0x00,0xFF,0xFE,0x1F,0xFF,0xE0,0x00,0x01,0xFF,0xFC,0x7F,0xFF,0x80,0x00,0x03,0xFF,0xF9,0xFF,0xFE,
  0x00,0x00,0x07,0xFF,0xF3,0xFF,0xF8,0x00,0x00,0x0F,0xFF,0xEF,0xFF,0xE0,0x00,0x00,0x1F,0xFF,0xFF,0xFF,0xC0,0x00,0x00,0x3F,
  0xFF,0xFF,0xFF,0xC0,0x00,0x00,0x7F,0xFF,0xFF,0xFF,0x80,0x00,0x00,0xFF,0xFF,0xFF,0xFF,0x80,0x00,0x01,0xFF,0xFF,0xFF,0xFF,
  0x00,0x00,0x03,0xFF,0xFF,0xFF,0xFF,0x00,0x00,0x07,0xFF,0xFF,0xFF,0xFF,0x00,0x00,0x0F,0xFF,0xFF,0xFF,0xFE,0x00,0x00,0x1F,
  0xFF,0xFF,0xFF,0xFE,0x00,0x00,0x3F,0xFF,0xFF,0xFF,0xFE,0x00,0x00,0x7F,0xFF,0xFF,0xFF,0xFC,0x00,0x00,0xFF,0xFF,0xFF,0xFF,
  0xFC,0x00,0x01,0xFF,0xFF,0xE7,0xFF,0xF8,0x00,0x03,0xFF,0xFF,0x8F,0xFF,0xF8,0x00,0x07,0xFF,0xFE,0x0F,0xFF,0xF8,0x00,0x0F,
  0xFF,0xF8,0x0F,0xFF,0xF0,0x00,0x1F,0xFF,0xE0,0x1F,0xFF,0xF0,0x00,0x3F,0xFF,0x80,0x1F,0xFF,0xF0,0x00,0x7F,0xFF,0x00,0x3F,
  0xFF,0xE0,0x00,0xFF,0xFE,0x00,0x3F,0xFF,0xE0,0x01,0xFF,0xFC,0x00,0x3F,0xFF,0xC0,0x03,0xFF,0xF8,0x00,0x7F,0xFF,0xC0,0x07,
  0xFF,0xF0,0x00,0x7F,0xFF,0xC0,0x0F,0xFF,0xE0,0x00,0xFF,0xFF,0x80,0x1F,0xFF,0xC0,0x00,0xFF,0xFF,0x80,0x3F,0xFF,0x80,0x01,
  0xFF,0xFF,0x80,0x7F,0xFF,0x00,0x01,0xFF,0xFF,0x00,0xFF,0xFE,0x00,0x01,0xFF,0xFF,0x01,0xFF,0xFC,0x00,0x03,0xFF,0xFE,0x03,
  0xFF,0xF8,0x00,0x03,0xFF,0xFE,0x07,0xFF,0xF0,0x00,0x07,0xFF,0xFE,0x0F,0xFF,0xE0,0x00,0x07,0xFF,0xFC,0x1F,0xFF,0xC0,0x00,
  0x0F,0xFF,0xFC,0x3F,0xFF,0x80,0x00,0x0F,0xFF,0xF8,0x7F,0xFF,0x00,0x00,0x0F,0xFF,0xF8,0xFF,0xFE,0x00,0x00,0x1F,0xFF,0xF9,
  0xFF,0xFC,0x00,0x00,0x1F,0xFF,0xF3,0xFF,0xF8,0x00,0x00,0x3F,0xFF,0xF7,0xFF,0xF0,0x00,0x00,0x3F,0xFF,0xF0,0xFF,0xFE,0x00,
  0x00,0x00,0x07,0xFF,0xF0,0x00,0x00,0x00,0x3F,0xFF,0x80,0x00,0x00,0x01,0xFF,0xFC,0x00,0x00,0x00,0x0F,0xFF,0xE0,0x00,0x00,
  0x00,0x7F,0xFF,0x00,0x00,0x00,0x03,0xFF,0xF8,0x00,0x00,0x00,0x1F,0xFF,0xC0,0x00,0x00,0x00,0xFF,0xFE,0x00,0x00,0x00,0x07,
  0xFF,0xF0,0x00,0x00,0x00,0x3F,0xFF,0x80,0x00,0x00,0x01,0xFF,0xFC,0x00,0x00,0x00,0x0F,0xFF,0xE0,0x00,0x00,0x00,0x7F,0xFF,
  0x00,0x00,0x00,0x03,0xFF,0xF8,0x00,0x00,0x00,0x1F,0xFF,0xC0,0x00,0x00,0x00,0xFF,0xFE,0x00,0x00,0x00,0x07,0xFF,0xF0,0x00,
  0x00,0x00,0x3F,0xFF,0x80,0x00,0x00,0x01,0xFF,0xFC,0x00,0x00,0x00,0x0F,0xFF,0xE0,0x00,0x00,0x00,0x7F,0xFF,0x00,0x00,0x00,
  0x03,0xFF,0xF8,0x00,0x00,0x00,0x1F,0xFF,0xC0,0x00,0x00,0x00,0xFF,0xFE,0x00,0x00,0x00,0x07,0xFF,0xF0,0x00,0x00,0x00,0x3F,
  0xFF,0x80,0x00,0x00,0x01,0xFF,0xFC,0x00,0x00,0x00,0x0F,0xFF,0xE0,0x00,0x00,0x00,0x7F,0xFF,0x00,0x00,0x00,0x03,0xFF,0xF8,
  0x00,0x00,0x00,0x1F,0xFF,0xC0,0x00,0x00,0x00,0xFF,0xFE,0x00,0x00,0x00,0x07,0xFF,0xF0,0x00,0x00,0x00,0x3F,0xFF,0x80,0x00,
  0x00,0x01,0xFF,0xFC,0x00,0x00,0x00,0x0F,0xFF,0xE0,0x00,0x00,0x00,0x7F,0xFF,0x00,0x00,0x00,0x03,0xFF,0xF8,0x00,0x00,0x00,
  0x1F,0xFF,0xC0,0x00,0x00,0x00,0xFF,0xFE,0x00,0x00,0x00,0x07,0xFF,0xF0,0x00,0x00,0x00,0x3F,0xFF,0x80,0x00,0x00,0x01,0xFF,
  0xFC,0x00,0x00,0x00,0x0F,0xFF,0xE0,0x00,0x00,0x00,0x7F,0xFF,0x00,0x00,0x00,0x03,0xFF,0xF8,0x00,0x00,0x00,0x1F,0xFF,0xC0,
  0x00,0x00,0x00,0xFF,0xFE,0x00,0x00,0x00,0x07,0xFF,0xF0,0x00,0x00,0x00,0x3F,0xFF,0x80,0x00,0x00,0x01,0xFF,0xFC,0x00,0x00,
  0x00,0x0F,0xFF,0xE0,0x00,0x00,0x00,0x7F,0xFF,0x00,0x00,0x00,0x03,0xFF,0xF8,0x00,0x00,0x00,0x1F,0xFF,0xC0,0x00,0x00,0x00,
  0xFF,0xFF,0xFF,0xFF,0xFF,0xFF,0xFF,0xFF,0xFF,0xFF,0xFF,0xFF,0xFF,0xFF,0xFF,0xFF,0xFF,0xFF,0xFF,0xFF,0xFF,0xFF,0xFF,0xFF,
  0xFF,0xFF,0xFF,0xFF,0xFF,0xFF,0xFF,0xFF,0xFF,0xFF,0xFF,0xFF,0xFF,0xFF,0xFF,0xFF,0xFF,0xFF,0xFF,0xFF,0xFF,0xFF,0xFF,0xFF,
  0xFF,0xFF,0xFF,0xFF,0xFF,0xFF,0xFF,0xFF,0xFF,0xFF,0xFF,0xFF,0xFF,0xFF,0xFF,0xFF,0xFF,0xFF,0xFF,0xF0,0xFF,0xFF,0xC0,0x00,
  0x1F,0xFF,0xFF,0xFF,0xFC,0x00,0x01,0xFF,0xFF,0xFF,0xFF,0xC0,0x00,0x3F,0xFF,0xFF,0xFF,0xFC,0x00,0x03,0xFF,0xFF,0xFF,0xFF,
  0xE0,0x00,0x3F,0xFF,0xFF,0xFF,0xFE,0x00,0x07,0xFF,0xFF,0xFF,0xFF,0xE0,0x00,0x7F,0xFF,0xFF,0xFF,0xFF,0x00,0x07,0xFF,0xFF,
  0xFF,0xFF,0xF0,0x00,0x7F,0xFF,0xFF,0xFF,0xFF,0x00,0x0F,0xFF,0xFF,0xFF,0xFF,0xF0,0x00,0xFF,0xFF,0xFF,0xFF,0xFF,0x80,0x0F,
  0xFF,0xFF,0xFF,0xFF,0xF8,0x00,0xFF,0xFF,0xFF,0xFF,0xFF,0x80,0x1F,0xFF,0xFF,0xFF,0xFF,0xF8,0x01,0xFF,0x7F,0xFF,0xFE,0xFF,
  0xC0,0x1F,0xF7,0xFF,0xFF,0xEF,0xFC,0x03,0xFF,0x7F,0xFF,0xFE,0xFF,0xC0,0x3F,0xF7,0xFF,0xFF,0xEF,0xFC,0x03,0xFF,0x7F,0xFF,
  0xFE,0xFF,0xE0,0x3F,0xE7,0xFF,0xFF,0xE7,0xFE,0x07,0xFE,0x7F,0xFF,0xFE,0x7F,0xE0,0x7F,0xE7,0xFF,0xFF,0xE7,0xFF,0x07,0xFE,
  0x7F,0xFF,0xFE,0x7F,0xF0,0x7F,0xC7,0xFF,0xFF,0xE3,0xFF,0x0F,0xFC,0x7F,0xFF,0xFE,0x3F,0xF0,0xFF,0xC7,0xFF,0xFF,0xE3,0xFF,
  0x8F,0xFC,0x7F,0xFF,0xFE,0x3F,0xF8,0xFF,0x87,0xFF,0xFF,0xE1,0xFF,0x9F,0xF8,0x7F,0xFF,0xFE,0x1F,0xF9,0xFF,0x87,0xFF,0xFF,
  0xE1,0xFF,0x9F,0xF8,0x7F,0xFF,0xFE,0x1F,0xF9,0xFF,0x07,0xFF,0xFF,0xE0,0xFF,0xDF,0xF0,0x7F,0xFF,0xFE,0x0F,0xFD,0xFF,0x07,
  0xFF,0xFF,0xE0,0xFF,0xFF,0xF0,0x7F,0xFF,0xFE,0x07,0xFF,0xFE,0x07,0xFF,0xFF,0xE0,0x7F,0xFF,0xE0,0x7F,0xFF,0xFE,0x07,0xFF,
  0xFE,0x07,0xFF,0xFF,0xE0,0x7F,0xFF,0xE0,0x7F,0xFF,0xFE,0x03,0xFF,0xFC,0x07,0xFF,0xFF,0xE0,0x3F,0xFF,0xC0,0x7F,0xFF,0xFE,
  0x03,0xFF,0xFC,0x07,0xFF,0xFF,0xE0,0x3F,0xFF,0xC0,0x7F,0xFF,0xFE,0x01,0xFF,0xF8,0x07,0xFF,0xFF,0xE0,0x1F,0xFF,0x80,0x7F,
  0xFF,0xFE,0x01,0xFF,0xF8,0x07,0xFF,0xFF,0xE0,0x1F,0xFF,0x00,0x7F,0xFF,0xFE,0x00,0xFF,0xF0,0x07,0xFF,0xFF,0xE0,0x0F,0xFF,
  0x00,0x7F,0xFF,0xFE,0x00,0xFF,0xF0,0x07,0xFF,0xFF,0xE0,0x00,0x00,0x00,0x7F,0xFF,0xFE,0x00,0x00,0x00,0x07,0xFF,0xFF,0xE0,
  0x00,0x00,0x00,0x7F,0xFF,0xFE,0x00,0x00,0x00,0x07,0xFF,0xFF,0xE0,0x00,0x00,0x00,0x7F,0xFF,0xFE,0x00,0x00,0x00,0x07,0xFF,
  0xFF,0xE0,0x00,0x00,0x00,0x7F,0xFF,0xFE,0x00,0x00,0x00,0x07,0xFF,0xFF,0xE0,0x00,0x00,0x00,0x7F,0xFF,0xFE,0x00,0x00,0x00,
  0x07,0xFF,0xFF,0xE0,0x00,0x00,0x00,0x7F,0xFF,0xFE,0x00,0x00,0x00,0x07,0xFF,0xFF,0xE0,0x00,0x00,0x00,0x7F,0xFF,0xFE,0x00,
  0x00,0x00,0x07,0xFF,0xFF,0xE0,0x00,0x00,0x00,0x7F,0xFF,0xFE,0x00,0x00,0x00,0x07,0xFF,0xFF,0xE0,0x00,0x00,0x00,0x7F,0xFF,
  0xFE,0x00,0x00,0x00,0x07,0xFF,0xFF,0xFF,0x80,0x00,0x1F,0xFF,0xFF,0xFF,0x80,0x00,0x1F,0xFF,0xFF,0xFF,0xC0,0x00,0x1F,0xFF,
  0xFF,0xFF,0xC0,0x00,0x1F,0xFF,0xFF,0xFF,0xE0,0x00,0x1F,0xFF,0xFF,0xFF,0xE0,0x00,0x1F,0xFF,0xFF,0xFF,0xE0,0x00,0x1F,0xFF,
  0xFF,0xFF,0xF0,0x00,0x1F,0xFF,0xFF,0xFF,0xF0,0x00,0x1F,0xFF,0xFF,0xFF,0xF0,0x00,0x1F,0xFF,0xFF,0xFF,0xF8,0x00,0x1F,0xFF,
  0xFF,0xFF,0xF8,0x00,0x1F,0xFF,0xFF,0xFF,0xFC,0x00,0x1F,0xFF,0xFF,0xFF,0xFC,0x00,0x1F,0xFF,0xFF,0xFF,0xFC,0x00,0x1F,0xFF,
  0xFF,0xFF,0xFE,0x00,0x1F,0xFF,0xFF,0xFF,0xFE,0x00,0x1F,0xFF,0xFF,0xFF,0xFE,0x00,0x1F,0xFF,0xFF,0xFF,0xFF,0x00,0x1F,0xFF,
  0xFF,0xFF,0xFF,0x00,0x1F,0xFF,0xFF,0xF7,0xFF,0x80,0x1F,0xFF,0xFF,0xF7,0xFF,0x80,0x1F,0xFF,0xFF,0xF7,0xFF,0x80,0x1F,0xFF,
  0xFF,0xF3,0xFF,0xC0,0x1F,0xFF,0xFF,0xF3,0xFF,0xC0,0x1F,0xFF,0xFF,0xF3,0xFF,0xC0,0x1F,0xFF,0xFF,0xF1,0xFF,0xE0,0x1F,0xFF,
  0xFF,0xF1,0xFF,0xE0,0x1F,0xFF,0xFF,0xF0,0xFF,0xF0,0x1F,0xFF,0xFF,0xF8,0xFF,0xF0,0x1F,0xFF,0xFF,0xF8,0xFF,0xF0,0x1F,0xFF,
  0xFF,0xF8,0x7F,0xF8,0x1F,0xFF,0xFF,0xF8,0x7F,0xF8,0x1F,0xFF,0xFF,0xF8,0x7F,0xF8,0x1F,0xFF,0xFF,0xF8,0x3F,0xFC,0x1F,0xFF,
  0xFF,0xF8,0x3F,0xFC,0x1F,0xFF,0xFF,0xF8,0x1F,0xFE,0x1F,0xFF,0xFF,0xF8,0x1F,0xFE,0x1F,0xFF,0xFF,0xF8,0x1F,0xFE,0x1F,0xFF,
  0xFF,0xF8,0x0F,0xFF,0x1F,0xFF,0xFF,0xF8,0x0F,0xFF,0x1F,0xFF,0xFF,0xF8,0x07,0xFF,0x1F,0xFF,0xFF,0xF8,0x07,0xFF,0x9F,0xFF,
  0xFF,0xF8,0x07,0xFF,0x8F,0xFF,0xFF,0xF8,0x03,0xFF,0xCF,0xFF,0xFF,0xF8,0x03,0xFF,0xCF,0xFF,0xFF,0xF8,0x03,0xFF,0xCF,0xFF,
  0xFF,0xF8,0x01,0xFF,0xEF,0xFF,0xFF,0xF8,0x01,0xFF,0xEF,0xFF,0xFF,0xF8,0x00,0xFF,0xFF,0xFF,0xFF,0xF8,0x00,0xFF,0xFF,0xFF,
  0xFF,0xF8,0x00,0xFF,0xFF,0xFF,0xFF,0xF8,0x00,0x7F,0xFF,0xFF,0xFF,0xF8,0x00,0x7F,0xFF,0xFF,0xFF,0xF8,0x00,0x7F,0xFF,0xFF,
  0xFF,0xF8,0x00,0x3F,0xFF,0xFF,0xFF,0xF8,0x00,0x3F,0xFF,0xFF,0xFF,0xF8,0x00,0x1F,0xFF,0xFF,0xFF,0xF8,0x00,0x1F,0xFF,0xFF,
  0xFF,0xF8,0x00,0x1F,0xFF,0xFF,0xFF,0xF8,0x00,0x0F,0xFF,0xFF,0xFF,0xF8,0x00,0x0F,0xFF,0xFF,0xFF,0xF8,0x00,0x0F,0xFF,0xFF,
  0xFF,0xF8,0x00,0x07,0xFF,0xFF,0xFF,0xF8,0x00,0x07,0xFF,0xFF,0xFF,0xF8,0x00,0x03,0xFF,0xFF,0xFF,0xF8,0x00,0x03,0xFF,0xFF,
  0xFF,0xF8,0x00,0x03,0xFF,0xFF,0x00,0x00,0x07,0xFF,0x80,0x00,0x00,0x00,0x01,0xFF,0xFF,0xE0,0x00,0x00,0x00,0x1F,0xFF,0xFF,
  0xE0,0x00,0x00,0x01,0xFF,0xFF,0xFF,0xE0,0x00,0x00,0x1F,0xFF,0xFF,0xFF,0xE0,0x00,0x00,0xFF,0xFF,0xFF,0xFF,0xC0,0x00,0x07,
  0xFF,0xFF,0xFF,0xFF,0x80,0x00,0x3F,0xFF,0xFF,0xFF,0xFF,0x00,0x01,0xFF,0xFF,0xFF,0xFF,0xFE,0x00,0x0F,0xFF,0xFF,0xFF,0xFF,
  0xFC,0x00,0x7F,0xFF,0xFF,0xFF,0xFF,0xF0,0x01,0xFF,0xFF,0xFF,0xFF,0xFF,0xE0,0x0F,0xFF,0xFE,0x01,0xFF,0xFF,0xC0,0x3F,0xFF,
  0xE0,0x01,0xFF,0xFF,0x01,0xFF,0xFF,0x00,0x03,0xFF,0xFE,0x07,0xFF,0xF8,0x00,0x07,0xFF,0xF8,0x3F,0xFF,0xC0,0x00,0x1F,0xFF,
  0xF0,0xFF,0xFF,0x00,0x00,0x3F,0xFF,0xC3,0xFF,0xF8,0x00,0x00,0x7F,0xFF,0x1F,0xFF,0xE0,0x00,0x01,0xFF,0xFC,0x7F,0xFF,0x80,
  0x00,0x07,0xFF,0xF9,0xFF,0xFC,0x00,0x00,0x0F,0xFF,0xE7,0xFF,0xF0,0x00,0x00,0x3F,0xFF,0xBF,0xFF,0xC0,0x00,0x00,0xFF,0xFE,
  0xFF,0xFF,0x00,0x00,0x03,0xFF,0xFB,0xFF,0xF8,0x00,0x00,0x0F,0xFF,0xFF,0xFF,0xE0,0x00,0x00,0x1F,0xFF,0xFF,0xFF,0x80,0x00,
  0x00,0x7F,0xFF,0xFF,0xFE,0x00,0x00,0x01,0xFF,0xFF,0xFF,0xF8,0x00,0x00,0x07,0xFF,0xFF,0xFF,0xE0,0x00,0x00,0x1F,0xFF,0xFF,
  0xFF,0x80,0x00,0x00,0x7F,0xFF,0xFF,0xFE,0x00,0x00,0x01,0xFF,0xFF,0xFF,0xF8,0x00,0x00,0x07,0xFF,0xFF,0xFF,0xE0,0x00,0x00,
  0x1F,0xFF,0xFF,0xFF,0x80,0x00,0x00,0x7F,0xFF,0xFF,0xFE,0x00,0x00,0x01,0xFF,0xFF,0xFF,0xF8,0x00,0x00,0x07,0xFF,0xFF,0xFF,
  0xE0,0x00,0x00,0x1F,0xFF,0xFF,0xFF,0x80,0x00,0x00,0x7F,0xFF,0xFF,0xFE,0x00,0x00,0x01,0xFF,0xFF,0xFF,0xF8,0x00,0x00,0x07,
  0xFF,0xFF,0xFF,0xE0,0x00,0x00,0x1F,0xFF,0xFF,0xFF,0x80,0x00,0x00,0x7F,0xFF,0xFF,0xFE,0x00,0x00,0x03,0xFF,0xFF,0xFF,0xFC,
  0x00,0x00,0x0F,0xFF,0xE7,0xFF,0xF0,0x00,0x00,0x3F,0xFF,0x9F,0xFF,0xC0,0x00,0x00,0xFF,0xFE,0x7F,0xFF,0x00,0x00,0x07,0xFF,
  0xF9,0xFF,0xFE,0x00,0x00,0x1F,0xFF,0xE7,0xFF,0xF8,0x00,0x00,0x7F,0xFF,0x0F,0xFF,0xE0,0x00,0x03,0xFF,0xFC,0x3F,0xFF,0xC0,
  0x00,0x0F,0xFF,0xF0,0xFF,0xFF,0x00,0x00,0x7F,0xFF,0x81,0xFF,0xFE,0x00,0x01,0xFF,0xFE,0x07,0xFF,0xFC,0x00,0x0F,0xFF,0xF8,
  0x0F,0xFF,0xF8,0x00,0x7F,0xFF,0xC0,0x3F,0xFF,0xF8,0x07,0xFF,0xFF,0x00,0x7F,0xFF,0xFF,0xFF,0xFF,0xF8,0x01,0xFF,0xFF,0xFF,
  0xFF,0xFF,0xC0,0x03,0xFF,0xFF,0xFF,0xFF,0xFF,0x00,0x07,0xFF,0xFF,0xFF,0xFF,0xF8,0x00,0x0F,0xFF,0xFF,0xFF,0xFF,0xC0,0x00,
  0x1F,0xFF,0xFF,0xFF,0xFE,0x00,0x00,0x3F,0xFF,0xFF,0xFF,0xF0,0x00,0x00,0x7F,0xFF,0xFF,0xFF,0x80,0x00,0x00,0x7F,0xFF,0xFF,
  0xF8,0x00,0x00,0x00,0x7F,0xFF,0xFF,0x80,0x00,0x00,0x00,0x7F,0xFF,0xF8,0x00,0x00,0x00,0x00,0x1F,0xFE,0x00,0x00,0x00,0xFF,
  0xFF,0xFF,0xFF,0x00,0x00,0x3F,0xFF,0xFF,0xFF,0xFC,0x00,0x0F,0xFF,0xFF,0xFF,0xFF,0xE0,0x03,0xFF,0xFF,0xFF,0xFF,0xFE,0x00,
  0xFF,0xFF,0xFF,0xFF,0xFF,0xC0,0x3F,0xFF,0xFF,0xFF,0xFF,0xFC,0x0F,0xFF,0xFF,0xFF,0xFF,0xFF,0x83,0xFF,0xFF,0xFF,0xFF,0xFF,
  0xF0,0xFF,0xFF,0xFF,0xFF,0xFF,0xFE,0x3F,0xFF,0xFF,0xFF,0xFF,0xFF,0x8F,0xFF,0xFF,0xFF,0xFF,0xFF,0xF3,0xFF,0xFF,0xFF,0xFF,
  0xFF,0xFC,0xFF,0xFE,0x00,0x07,0xFF,0xFF,0xBF,0xFF,0x80,0x00,0x7F,0xFF,0xEF,0xFF,0xE0,0x00,0x07,0xFF,0xFF,0xFF,0xF8,0x00,
  0x00,0xFF,0xFF,0xFF,0xFE,0x00,0x00,0x3F,0xFF,0xFF,0xFF,0x80,0x00,0x07,0xFF,0xFF,0xFF,0xE0,0x00,0x01,0xFF,0xFF,0xFF,0xF8,
  0x00,0x00,0x7F,0xFF,0xFF,0xFE,0x00,0x00,0x1F,0xFF,0xFF,0xFF,0x80,0x00,0x07,0xFF,0xFF,0xFF,0xE0,0x00,0x01,0xFF,0xFF,0xFF,
  0xF8,0x00,0x00,0x7F,0xFF,0xFF,0xFE,0x00,0x00,0x1F,0xFF,0xFF,0xFF,0x80,0x00,0x07,0xFF,0xFF,0xFF,0xE0,0x00,0x01,0xFF,0xFF,
  0xFF,0xF8,0x00,0x00,0xFF,0xFF,0xFF,0xFE,0x00,0x00,0x7F,0xFF,0xFF,0xFF,0x80,0x00,0x1F,0xFF,0xEF,0xFF,0xE0,0x00,0x1F,0xFF,
  0xFB,0xFF,0xF8,0x00,0x1F,0xFF,0xFC,0xFF,0xFE,0x01,0xFF,0xFF,0xFF,0x3F,0xFF,0xFF,0xFF,0xFF,0xFF,0x8F,0xFF,0xFF,0xFF,0xFF,
  0xFF,0xE3,0xFF,0xFF,0xFF,0xFF,0xFF,0xF0,0xFF,0xFF,0xFF,0xFF,0xFF,0xF8,0x3F,0xFF,0xFF,0xFF,0xFF,0xFC,0x0F,0xFF,0xFF,0xFF,
  0xFF,0xFE,0x03,0xFF,0xFF,0xFF,0xFF,0xFF,0x00,0xFF,0xFF,0xFF,0xFF,0xFF,0x00,0x3F,0xFF,0xFF,0xFF,0xFF,0x00,0x0F,0xFF,0xFF,
  0xFF,0xFE,0x00,0x03,0xFF,0xFF,0xFF,0xF8,0x00,0x00,0xFF,0xFE,0x00,0x00,0x00,0x00,0x3F,0xFF,0x80,0x00,0x00,0x00,0x0F,0xFF,
  0xE0,0x00,0x00,0x00,0x03,0xFF,0xF8,0x00,0x00,0x00,0x00,0xFF,0xFE,0x00,0x00,0x00,0x00,0x3F,0xFF,0x80,0x00,0x00,0x00,0x0F,
  0xFF,0xE0,0x00,0x00,0x00,0x03,0xFF,0xF8,0x00,0x00,0x00,0x00,0xFF,0xFE,0x00,0x00,0x00,0x00,0x3F,0xFF,0x80,0x00,0x00,0x00,
  0x0F,0xFF,0xE0,0x00,0x00,0x00,0x03,0xFF,0xF8,0x00,0x00,0x00,0x00,0xFF,0xFE,0x00,0x00,0x00,0x00,0x3F,0xFF,0x80,0x00,0x00,
  0x00,0x0F,0xFF,0xE0,0x00,0x00,0x00,0x03,0xFF,0xF8,0x00,0x00,0x00,0x00,0xFF,0xFE,0x00,0x00,0x00,0x00,0x3F,0xFF,0x80,0x00,
  0x00,0x00,0x0F,0xFF,0xE0,0x00,0x00,0x00,0x03,0xFF,0xF8,0x00,0x00,0x00,0x00,0xFF,0xFE,0x00,0x00,0x00,0x00,0x3F,0xFF,0x80,
  0x00,0x00,0x00,0x0F,0xFF,0xE0,0x00,0x00,0x00,0x03,0xFF,0xF8,0x00,0x00,0x00,0x00,0x00,0x00,0x07,0xFF,0x80,0x00,0x00,0x00,
  0x00,0xFF,0xFF,0xF0,0x00,0x00,0x00,0x07,0xFF,0xFF,0xF8,0x00,0x00,0x00,0x3F,0xFF,0xFF,0xFC,0x00,0x00,0x01,0xFF,0xFF,0xFF,
  0xFE,0x00,0x00,0x07,0xFF,0xFF,0xFF,0xFE,0x00,0x00,0x1F,0xFF,0xFF,0xFF,0xFE,0x00,0x00,0x7F,0xFF,0xFF,0xFF,0xFE,0x00,0x01,
  0xFF,0xFF,0xFF,0xFF,0xFE,0x00,0x07,0xFF,0xFF,0xFF,0xFF,0xFE,0x00,0x1F,0xFF,0xFF,0xFF,0xFF,0xFC,0x00,0x3F,0xFF,0xFF,0xFF,
  0xFF,0xFC,0x00,0xFF,0xFF,0xE0,0x1F,0xFF,0xFC,0x01,0xFF,0xFF,0x00,0x0F,0xFF,0xF8,0x07,0xFF,0xFC,0x00,0x0F,0xFF,0xF8,0x0F,
  0xFF,0xF0,0x00,0x0F,0xFF,0xF0,0x3F,0xFF,0xC0,0x00,0x1F,0xFF,0xE0,0x7F,0xFF,0x80,0x00,0x1F,0xFF,0xE0,0xFF,0xFE,0x00,0x00,
  0x3F,0xFF,0xC3,0xFF,0xFC,0x00,0x00,0x3F,0xFF,0x87,0xFF,0xF8,0x00,0x00,0x7F,0xFF,0x8F,0xFF,0xE0,0x00,0x00,0x7F,0xFF,0x1F,
  0xFF,0xC0,0x00,0x00,0xFF,0xFE,0x3F,0xFF,0x80,0x00,0x01,0xFF,0xFC,0xFF,0xFF,0x00,0x00,0x03,0xFF,0xF9,0xFF,0xFC,0x00,0x00,
  0x07,0xFF,0xFB,0xFF,0xF8,0x00,0x00,0x07,0xFF,0xF7,0xFF,0xF0,0x00,0x00,0x0F,0xFF,0xEF,0xFF,0xE0,0x00,0x00,0x1F,0xFF,0xDF,
  0xFF,0xC0,0x00,0x00,0x3F,0xFF,0xBF,0xFF,0x80,0x00,0x00,0x7F,0xFF,0x7F,0xFF,0x00,0x00,0x00,0xFF,0xFE,0xFF,0xFE,0x00,0x00,
  0x01,0xFF,0xFD,0xFF,0xFC,0x00,0x00,0x03,0xFF,0xFB,0xFF,0xF8,0x00,0x00,0x07,0xFF,0xF7,0xFF,0xF0,0x00,0x00,0x0F,0xFF,0xEF,
  0xFF,0xE0,0x00,0x00,0x1F,0xFF,0xDF,0xFF,0xC0,0x00,0x00,0x3F,0xFF,0xBF,0xFF,0x80,0x00,0x00,0x7F,0xFF,0x7F,0xFF,0x00,0x00,
  0x00,0xFF,0xFE,0xFF,0xFE,0x00,0x00,0x01,0xFF,0xFD,0xFF,0xFC,0x00,0x00,0x03,0xFF,0xFB,0xFF,0xF8,0x00,0x00,0x07,0xFF,0xF7,
  0xFF,0xF0,0x00,0x00,0x0F,0xFF,0xEF,0xFF,0xE0,0x00,0x00,0x3F,0xFF,0xDF,0xFF,0xE0,0x00,0x00,0x7F,0xFF,0xBF,0xFF,0xC0,0x00,
  0x00,0xFF,0xFE,0x3F,0xFF,0x80,0x00,0x01,0xFF,0xFC,0x7F,0xFF,0x00,0x00,0x03,0xFF,0xF8,0xFF,0xFE,0x00,0x00,0x0F,0xFF,0xF1,
  0xFF,0xFE,0x00,0x00,0x1F,0xFF,0xE1,0xFF,0xFC,0x00,0x00,0x3F,0xFF,0x83,0xFF,0xFC,0x00,0x00,0xFF,0xFF,0x07,0xFF,0xF8,0x00,
  0x01,0xFF,0xFE,0x07,0xFF,0xF8,0x00,0x07,0xFF,0xF8,0x0F,0xFF,0xF8,0x00,0x1F,0xFF,0xF0,0x1F,0xFF,0xF0,0x00,0x7F,0xFF,0xC0,
  0x1F,0xFF,0xF8,0x01,0xFF,0xFF,0x80,0x3F,0xFF,0xFC,0x0F,0xFF,0xFE,0x00,0x3F,0xFF,0xFF,0xFF,0xFF,0xFC,0x00,0x3F,0xFF,0xFF,
  0xFF,0xFF,0xF0,0x00,0x7F,0xFF,0xFF,0xFF,0xFF,0xC0,0x00,0x7F,0xFF,0xFF,0xFF,0xFF,0x80,0x00,0x7F,0xFF,0xFF,0xFF,0xFE,0x00,
  0x00,0x7F,0xFF,0xFF,0xFF,0xF8,0x00,0x00,0x7F,0xFF,0xFF,0xFF,0xC0,0x00,0x00,0x3F,0xFF,0xFF,0xFF,0x00,0x00,0x00,0x3F,0xFF,
  0xFF,0xFC,0x00,0x00,0x00,0x1F,0xFF,0xFF,0xE0,0x00,0x00,0x00,0x07,0xFF,0xFE,0x00,0x00,0x00,0x00,0x03,0xFF,0xFC,0x00,0x00,
  0x00,0x00,0x03,0xFF,0xF8,0x00,0x00,0x00,0x00,0x07,0xFF,0xF8,0x00,0x00,0x00,0x00,0x0F,0xFF,0xF0,0x00,0x00,0x00,0x00,0x0F,
  0xFF,0xF0,0x00,0x00,0x00,0x00,0x1F,0xFF,0xF0,0x00,0x00,0x00,0x00,0x1F,0xFF,0xF8,0x00,0x00,0x00,0x00,0x3F,0xFF,0xFE,0x00,
  0x00,0x00,0x00,0x3F,0xFF,0xFF,0xFF,0x80,0x00,0x00,0x3F,0xFF,0xFF,0xFF,0x00,0x00,0x00,0x7F,0xFF,0xFF,0xFE,0x00,0x00,0x00,
  0x7F,0xFF,0xFF,0xFC,0x00,0x00,0x00,0x7F,0xFF,0xFF,0xF8,0x00,0x00,0x00,0x7F,0xFF,0xFF,0xF0,0x00,0x00,0x00,0x7F,0xFF,0xFF,
  0xE0,0x00,0x00,0x00,0x7F,0xFF,0xFF,0xC0,0x00,0x00,0x00,0x3F,0xFF,0xFF,0x80,0x00,0x00,0x00,0x1F,0xFF,0xFF,0x00,0x00,0x00,
  0x00,0x07,0xFF,0xC0,0xFF,0xFF,0xFF,0xFF,0x80,0x00,0x03,0xFF,0xFF,0xFF,0xFF,0xE0,0x00,0x0F,0xFF,0xFF,0xFF,0xFF,0xF0,0x00,
  0x3F,0xFF,0xFF,0xFF,0xFF,0xF0,0x00,0xFF,0xFF,0xFF,0xFF,0xFF,0xF0,0x03,0xFF,0xFF,0xFF,0xFF,0xFF,0xE0,0x0F,0xFF,0xFF,0xFF,
  0xFF,0xFF,0xC0,0x3F,0xFF,0xFF,0xFF,0xFF,0xFF,0x80,0xFF,0xFF,0xFF,0xFF,0xFF,0xFF,0x03,0xFF,0xFF,0xFF,0xFF,0xFF,0xFE,0x0F,
  0xFF,0xFF,0xFF,0xFF,0xFF,0xF8,0x3F,0xFF,0xFF,0xFF,0xFF,0xFF,0xF0,0xFF,0xFE,0x00,0x03,0xFF,0xFF,0xC3,0xFF,0xF8,0x00,0x01,
  0xFF,0xFF,0x0F,0xFF,0xE0,0x00,0x03,0xFF,0xFE,0x3F,0xFF,0x80,0x00,0x07,0xFF,0xF8,0xFF,0xFE,0x00,0x00,0x1F,0xFF,0xE3,0xFF,
  0xF8,0x00,0x00,0x3F,0xFF,0x8F,0xFF,0xE0,0x00,0x00,0xFF,0xFE,0x3F,0xFF,0x80,0x00,0x03,0xFF,0xF8,0xFF,0xFE,0x00,0x00,0x0F,
  0xFF,0xE3,0xFF,0xF8,0x00,0x00,0x3F,0xFF,0x8F,0xFF,0xE0,0x00,0x00,0xFF,0xFE,0x3F,0xFF,0x80,0x00,0x03,0xFF,0xF8,0xFF,0xFE,
  0x00,0x00,0x1F,0xFF,0xE3,0xFF,0xF8,0x00,0x00,0x7F,0xFF,0x0F,0xFF,0xE0,0x00,0x03,0xFF,0xFC,0x3F,0xFF,0x80,0x00,0x1F,0xFF,
  0xF0,0xFF,0xFE,0x00,0x01,0xFF,0xFF,0x83,0xFF,0xF8,0x00,0x3F,0xFF,0xFE,0x0F,0xFF,0xFF,0xFF,0xFF,0xFF,0xF0,0x3F,0xFF,0xFF,
  0xFF,0xFF,0xFF,0xC0,0xFF,0xFF,0xFF,0xFF,0xFF,0xFE,0x03,0xFF,0xFF,0xFF,0xFF,0xFF,0xF0,0x0F,0xFF,0xFF,0xFF,0xFF,0xFF,0x00,
  0x3F,0xFF,0xFF,0xFF,0xFF,0xF8,0x00,0xFF,0xFF,0xFF,0xFF,0xFF,0x80,0x03,0xFF,0xFF,0xFF,0xFF,0xF8,0x00,0x0F,0xFF,0xFF,0xFF,
  0xFF,0x80,0x00,0x3F,0xFF,0xFF,0xFF,0xFF,0x00,0x00,0xFF,0xFF,0xFF,0xFF,0xFE,0x00,0x03,0xFF,0xFF,0xFF,0xFF,0xF8,0x00,0x0F,
  0xFF,0xE0,0x0F,0xFF,0xF0,0x00,0x3F,0xFF,0x80,0x3F,0xFF,0xC0,0x00,0xFF,0xFE,0x00,0x7F,0xFF,0x80,0x03,0xFF,0xF8,0x00,0xFF,
  0xFF,0x00,0x0F,0xFF,0xE0,0x03,0xFF,0xFC,0x00,0x3F,0xFF,0x80,0x07,0xFF,0xF8,0x00,0xFF,0xFE,0x00,0x1F,0xFF,0xE0,0x03,0xFF,
  0xF8,0x00,0x3F,0xFF,0xC0,0x0F,0xFF,0xE0,0x00,0xFF,0xFF,0x00,0x3F,0xFF,0x80,0x01,0xFF,0xFE,0x00,0xFF,0xFE,0x00,0x07,0xFF,
  0xFC,0x03,0xFF,0xF8,0x00,0x0F,0xFF,0xF0,0x0F,0xFF,0xE0,0x00,0x1F,0xFF,0xE0,0x3F,0xFF,0x80,0x00,0x7F,0xFF,0x80,0xFF,0xFE,
  0x00,0x00,0xFF,0xFF,0x03,0xFF,0xF8,0x00,0x03,0xFF,0xFE,0x0F,0xFF,0xE0,0x00,0x07,0xFF,0xF8,0x3F,0xFF,0x80,0x00,0x1F,0xFF,
  0xF0,0xFF,0xFE,0x00,0x00,0x3F,0xFF,0xC3,0xFF,0xF8,0x00,0x00,0xFF,0xFF,0x8F,0xFF,0xE0,0x00,0x01,0xFF,0xFF,0x3F,0xFF,0x80,
  0x00,0x07,0xFF,0xFC,0xFF,0xFE,0x00,0x00,0x0F,0xFF,0xFB,0xFF,0xF8,0x00,0x00,0x1F,0xFF,0xEF,0xFF,0xE0,0x00,0x00,0x7F,0xFF,
  0xFF,0xFF,0x80,0x00,0x00,0xFF,0xFF,0x00,0x00,0x03,0xFF,0xF0,0x00,0x00,0x00,0x00,0x1F,0xFF,0xFF,0x80,0x00,0x00,0x00,0x7F,
  0xFF,0xFF,0xF8,0x00,0x00,0x00,0xFF,0xFF,0xFF,0xFF,0x00,0x00,0x01,0xFF,0xFF,0xFF,0xFF,0xE0,0x00,0x01,0xFF,0xFF,0xFF,0xFF,
  0xF8,0x00,0x01,0xFF,0xFF,0xFF,0xFF,0xFE,0x00,0x01,0xFF,0xFF,0xFF,0xFF,0xFF,0x80,0x01,0xFF,0xFF,0xFF,0xFF,0xFF,0xE0,0x01,
  0xFF,0xFF,0xFF,0xFF,0xFF,0xF0,0x01,0xFF,0xFF,0xFF,0xFF,0xFF,0xFC,0x00,0xFF,0xFF,0xC0,0x07,0xFF,0xFE,0x00,0xFF,0xFF,0x80,
  0x00,0xFF,0xFF,0x80,0x7F,0xFF,0x00,0x00,0x3F,0xFF,0xC0,0x3F,0xFF,0x80,0x00,0x0F,0xFF,0xF0,0x1F,0xFF,0x80,0x00,0x07,0xFF,
  0xF8,0x1F,0xFF,0xC0,0x00,0x01,0xFF,0xFC,0x0F,0xFF,0xE0,0x00,0x00,0xFF,0xFF,0x07,0xFF,0xF0,0x00,0x00,0x3F,0xFF,0x03,0xFF,
  0xF8,0x00,0x00,0x1F,0x80,0x01,0xFF,0xFC,0x00,0x00,0x00,0x00,0x00,0xFF,0xFF,0x00,0x00,0x00,0x00,0x00,0x7F,0xFF,0x80,0x00,
  0x00,0x00,0x00,0x1F,0xFF,0xE0,0x00,0x00,0x00,0x00,0x0F,0xFF,0xFC,0x00,0x00,0x00,0x00,0x07,0xFF,0xFF,0x80,0x00,0x00,0x00,
  0x01,0xFF,0xFF,0xF8,0x00,0x00,0x00,0x00,0xFF,0xFF,0xFF,0x80,0x00,0x00,0x00,0x3F,0xFF,0xFF,0xFC,0x00,0x00,0x00,0x1F,0xFF,
  0xFF,0xFF,0xE0,0x00,0x00,0x07,0xFF,0xFF,0xFF,0xFE,0x00,0x00,0x01,0xFF,0xFF,0xFF,0xFF,0xC0,0x00,0x00,0x7F,0xFF,0xFF,0xFF,
  0xF8,0x00,0x00,0x0F,0xFF,0xFF,0xFF,0xFF,0x00,0x00,0x03,0xFF,0xFF,0xFF,0xFF,0xE0,0x00,0x00,0x7F,0xFF,0xFF,0xFF,0xF8,0x00,
  0x00,0x0F,0xFF,0xFF,0xFF,0xFE,0x00,0x00,0x00,0xFF,0xFF,0xFF,0xFF,0x80,0x00,0x00,0x0F,0xFF,0xFF,0xFF,0xE0,0x00,0x00,0x00,
  0xFF,0xFF,0xFF,0xF8,0x00,0x00,0x00,0x07,0xFF,0xFF,0xFC,0x00,0x00,0x00,0x00,0x3F,0xFF,0xFF,0x00,0x00,0x00,0x00,0x03,0xFF,
  0xFF,0x80,0x00,0x00,0x00,0x00,0x7F,0xFF,0xE0,0x00,0x00,0x00,0x00,0x1F,0xFF,0xF0,0x00,0x00,0x00,0x00,0x07,0xFF,0xF8,0x00,
  0x00,0x00,0x00,0x01,0xFF,0xFC,0x00,0x00,0x00,0x00,0x00,0x7F,0xFF,0x00,0x00,0x00,0x00,0x00,0x3F,0xFF,0x80,0x1E,0x00,0x00,
  0x00,0x1F,0xFF,0xCF,0xFF,0x80,0x00,0x00,0x0F,0xFF,0xFF,0xFF,0xC0,0x00,0x00,0x07,0xFF,0xFF,0xFF,0xF0,0x00,0x00,0x03,0xFF,
  0xF3,0xFF,0xF8,0x00,0x00,0x03,0xFF,0xF9,0xFF,0xFE,0x00,0x00,0x01,0xFF,0xFC,0xFF,0xFF,0x80,0x00,0x01,0xFF,0xFE,0x3F,0xFF,
  0xF0,0x00,0x01,0xFF,0xFE,0x1F,0xFF,0xFE,0x00,0x03,0xFF,0xFF,0x07,0xFF,0xFF,0xE0,0x0F,0xFF,0xFF,0x01,0xFF,0xFF,0xFF,0xFF,
  0xFF,0xFF,0x80,0xFF,0xFF,0xFF,0xFF,0xFF,0xFF,0x80,0x3F,0xFF,0xFF,0xFF,0xFF,0xFF,0x80,0x0F,0xFF,0xFF,0xFF,0xFF,0xFF,0xC0,
  0x03,0xFF,0xFF,0xFF,0xFF,0xFF,0x80,0x00,0x7F,0xFF,0xFF,0xFF,0xFF,0x80,0x00,0x1F,0xFF,0xFF,0xFF,0xFF,0x80,0x00,0x03,0xFF,
  0xFF,0xFF,0xFF,0x00,0x00,0x00,0x7F,0xFF,0xFF,0xFE,0x00,0x00,0x00,0x07,0xFF,0xFF,0xF8,0x00,0x00,0x00,0x00,0x3F,0xFF,0x80,
  0x00,0x00,0xFF,0xFF,0xFF,0xFF,0xFF,0xFF,0xFF,0xFF,0xFF,0xFF,0xFF,0xFF,0xFF,0xFF,0xFF,0xFF,0xFF,0xFF,0xFF,0xFF,0xFF,0xFF,
  0xFF,0xFF,0xFF,0xFF,0xFF,0xFF,0xFF,0xFF,0xFF,0xFF,0xFF,0xFF,0xFF,0xFF,0xFF,0xFF,0xFF,0xFF,0xFF,0xFF,0xFF,0xFF,0xFF,0xFF,
  0xFF,0xFF,0xFF,0xFF,0xFF,0xFF,0xFF,0xFF,0xFF,0xFF,0xFF,0xFF,0xFF,0xFF,0xFF,0xFF,0xFF,0xFF,0xFF,0xFF,0xFF,0xFF,0xFF,0xFF,
  0xFF,0xFF,0xFF,0xFF,0xFF,0xFF,0xFF,0xFF,0xFF,0xFF,0xFF,0xFF,0xFF,0xFE,0x00,0x00,0x0F,0xFF,0xE0,0x00,0x00,0x00,0x00,0x0F,
  0xFF,0xE0,0x00,0x00,0x00,0x00,0x0F,0xFF,0xE0,0x00,0x00,0x00,0x00,0x0F,0xFF,0xE0,0x00,0x00,0x00,0x00,0x0F,0xFF,0xE0,0x00,
  0x00,0x00,0x00,0x0F,0xFF,0xE0,0x00,0x00,0x00,0x00,0x0F,0xFF,0xE0,0x00,0x00,0x00,0x00,0x0F,0xFF,0xE0,0x00,0x00,0x00,0x00,
  0x0F,0xFF,0xE0,0x00,0x00,0x00,0x00,0x0F,0xFF,0xE0,0x00,0x00,0x00,0x00,0x0F,0xFF,0xE0,0x00,0x00,0x00,0x00,0x0F,0xFF,0xE0,
  0x00,0x00,0x00,0x00,0x0F,0xFF,0xE0,0x00,0x00,0x00,0x00,0x0F,0xFF,0xE0,0x00,0x00,0x00,0x00,0x0F,0xFF,0xE0,0x00,0x00,0x00,
  0x00,0x0F,0xFF,0xE0,0x00,0x00,0x00,0x00,0x0F,0xFF,0xE0,0x00,0x00,0x00,0x00,0x0F,0xFF,0xE0,0x00,0x00,0x00,0x00,0x0F,0xFF,
  0xE0,0x00,0x00,0x00,0x00,0x0F,0xFF,0xE0,0x00,0x00,0x00,0x00,0x0F,0xFF,0xE0,0x00,0x00,0x00,0x00,0x0F,0xFF,0xE0,0x00,0x00,
  0x00,0x00,0x0F,0xFF,0xE0,0x00,0x00,0x00,0x00,0x0F,0xFF,0xE0,0x00,0x00,0x00,0x00,0x0F,0xFF,0xE0,0x00,0x00,0x00,0x00,0x0F,
  0xFF,0xE0,0x00,0x00,0x00,0x00,0x0F,0xFF,0xE0,0x00,0x00,0x00,0x00,0x0F,0xFF,0xE0,0x00,0x00,0x00,0x00,0x0F,0xFF,0xE0,0x00,
  0x00,0x00,0x00,0x0F,0xFF,0xE0,0x00,0x00,0x00,0x00,0x0F,0xFF,0xE0,0x00,0x00,0x00,0x00,0x0F,0xFF,0xE0,0x00,0x00,0x00,0x00,
  0x0F,0xFF,0xE0,0x00,0x00,0x00,0x00,0x0F,0xFF,0xE0,0x00,0x00,0x00,0x00,0x0F,0xFF,0xE0,0x00,0x00,0x00,0x00,0x0F,0xFF,0xE0,
  0x00,0x00,0x00,0x00,0x0F,0xFF,0xE0,0x00,0x00,0x00,0x00,0x0F,0xFF,0xE0,0x00,0x00,0x00,0x00,0x0F,0xFF,0xE0,0x00,0x00,0x00,
  0x00,0x0F,0xFF,0xE0,0x00,0x00,0x00,0x00,0x0F,0xFF,0xE0,0x00,0x00,0x00,0x00,0x0F,0xFF,0xE0,0x00,0x00,0x00,0x00,0x0F,0xFF,
  0xE0,0x00,0x00,0x00,0x00,0x0F,0xFF,0xE0,0x00,0x00,0x00,0x00,0x0F,0xFF,0xE0,0x00,0x00,0x00,0x00,0x0F,0xFF,0xE0,0x00,0x00,
  0x00,0x00,0x0F,0xFF,0xE0,0x00,0x00,0x00,0x00,0x0F,0xFF,0xE0,0x00,0x00,0x00,0x00,0x0F,0xFF,0xE0,0x00,0x00,0x00,0x00,0x0F,
  0xFF,0xE0,0x00,0x00,0x00,0x00,0x0F,0xFF,0xE0,0x00,0x00,0x00,0x00,0x0F,0xFF,0xE0,0x00,0x00,0x00,0x00,0x0F,0xFF,0xE0,0x00,
  0x00,0x00,0x00,0x0F,0xFF,0xE0,0x00,0x00,0x00,0x00,0x0F,0xFF,0xE0,0x00,0x00,0x00,0x00,0x0F,0xFF,0xE0,0x00,0x00,0xFF,0xFE,
  0x00,0x00,0x3F,0xFF,0xFF,0xFF,0x00,0x00,0x1F,0xFF,0xFF,0xFF,0x80,0x00,0x0F,0xFF,0xFF,0xFF,0xC0,0x00,0x07,0xFF,0xFF,0xFF,
  0xE0,0x00,0x03,0xFF,0xFF,0xFF,0xF0,0x00,0x01,0xFF,0xFF,0xFF,0xF8,0x00,0x00,0xFF,0xFF,0xFF,0xFC,0x00,0x00,0x7F,0xFF,0xFF,
  0xFE,0x00,0x00,0x3F,0xFF,0xFF,0xFF,0x00,0x00,0x1F,0xFF,0xFF,0xFF,0x80,0x00,0x0F,0xFF,0xFF,0xFF,0xC0,0x00,0x07,0xFF,0xFF,
  0xFF,0xE0,0x00,0x03,0xFF,0xFF,0xFF,0xF0,0x00,0x01,0xFF,0xFF,0xFF,0xF8,0x00,0x00,0xFF,0xFF,0xFF,0xFC,0x00,0x00,0x7F,0xFF,
  0xFF,0xFE,0x00,0x00,0x3F,0xFF,0xFF,0xFF,0x00,0x00,0x1F,0xFF,0xFF,0xFF,0x80,0x00,0x0F,0xFF,0xFF,0xFF,0xC0,0x00,0x07,0xFF,
  0xFF,0xFF,0xE0,0x00,0x03,0xFF,0xFF,0xFF,0xF0,0x00,0x01,0xFF,0xFF,0xFF,0xF8,0x00,0x00,0xFF,0xFF,0xFF,0xFC,0x00,0x00,0x7F,
  0xFF,0xFF,0xFE,0x00,0x00,0x3F,0xFF,0xFF,0xFF,0x00,0x00,0x1F,0xFF,0xFF,0xFF,0x80,0x00,0x0F,0xFF,0xFF,0xFF,0xC0,0x00,0x07,
  0xFF,0xFF,0xFF,0xE0,0x00,0x03,0xFF,0xFF,0xFF,0xF0,0x00,0x01,0xFF,0xFF,0xFF,0xF8,0x00,0x00,0xFF,0xFF,0xFF,0xFC,0x00,0x00,
  0x7F,0xFF,0xFF,0xFE,0x00,0x00,0x3F,0xFF,0xFF,0xFF,0x00,0x00,0x1F,0xFF,0xFF,0xFF,0x80,0x00,0x0F,0xFF,0xFF,0xFF,0xC0,0x00,
  0x07,0xFF,0xFF,0xFF,0xE0,0x00,0x03,0xFF,0xFF,0xFF,0xF0,0x00,0x01,0xFF,0xFF,0xFF,0xF8,0x00,0x00,0xFF,0xFF,0xFF,0xFC,0x00,
  0x00,0x7F,0xFF,0xFF,0xFE,0x00,0x00,0x3F,0xFF,0xFF,0xFF,0x00,0x00,0x1F,0xFF,0xFF,0xFF,0x80,0x00,0x0F,0xFF,0xFF,0xFF,0xC0,
  0x00,0x07,0xFF,0xFF,0xFF,0xE0,0x00,0x03,0xFF,0xFB,0xFF,0xF8,0x00,0x01,0xFF,0xFD,0xFF,0xFC,0x00,0x00,0xFF,0xFE,0xFF,0xFE,
  0x00,0x00,0x7F,0xFF,0x7F,0xFF,0x00,0x00,0x3F,0xFF,0xBF,0xFF,0x80,0x00,0x1F,0xFF,0xDF,0xFF,0xC0,0x00,0x1F,0xFF,0xCF,0xFF,
  0xF0,0x00,0x0F,0xFF,0xE3,0xFF,0xF8,0x00,0x07,0xFF,0xF1,0xFF,0xFC,0x00,0x07,0xFF,0xF8,0xFF,0xFF,0x00,0x07,0xFF,0xF8,0x7F,
  0xFF,0xC0,0x07,0xFF,0xFC,0x1F,0xFF,0xF8,0x07,0xFF,0xFE,0x0F,0xFF,0xFF,0xFF,0xFF,0xFE,0x03,0xFF,0xFF,0xFF,0xFF,0xFF,0x01,
  0xFF,0xFF,0xFF,0xFF,0xFF,0x00,0x7F,0xFF,0xFF,0xFF,0xFF,0x00,0x3F,0xFF,0xFF,0xFF,0xFF,0x80,0x0F,0xFF,0xFF,0xFF,0xFF,0x80,
  0x03,0xFF,0xFF,0xFF,0xFF,0x80,0x00,0xFF,0xFF,0xFF,0xFF,0x00,0x00,0x1F,0xFF,0xFF,0xFF,0x00,0x00,0x07,0xFF,0xFF,0xFE,0x00,
  0x00,0x00,0x7F,0xFF,0xFC,0x00,0x00,0x00,0x03,0xFF,0xE0,0x00,0x00,0xFF,0xFF,0x00,0x00,0x00,0x03,0xFF,0xFD,0xFF,0xFC,0x00,
  0x00,0x00,0x0F,0xFF,0xE7,0xFF,0xF0,0x00,0x00,0x00,0x3F,0xFF,0x9F,0xFF,0xE0,0x00,0x00,0x01,0xFF,0xFE,0x3F,0xFF,0x80,0x00,
  0x00,0x07,0xFF,0xF0,0xFF,0xFE,0x00,0x00,0x00,0x1F,0xFF,0xC3,0xFF,0xFC,0x00,0x00,0x00,0xFF,0xFF,0x07,0xFF,0xF0,0x00,0x00,
  0x03,0xFF,0xF8,0x1F,0xFF,0xC0,0x00,0x00,0x0F,0xFF,0xE0,0x7F,0xFF,0x80,0x00,0x00,0x7F,0xFF,0x80,0xFF,0xFE,0x00,0x00,0x01,
  0xFF,0xFC,0x03,0xFF,0xF8,0x00,0x00,0x07,0xFF,0xF0,0x0F,0xFF,0xE0,0x00,0x00,0x1F,0xFF,0xC0,0x1F,0xFF,0xC0,0x00,0x00,0xFF,
  0xFE,0x00,0x7F,0xFF,0x00,0x00,0x03,0xFF,0xF8,0x01,0xFF,0xFC,0x00,0x00,0x0F,0xFF,0xC0,0x03,0xFF,0xF8,0x00,0x00,0x7F,0xFF,
  0x00,0x0F,0xFF,0xE0,0x00,0x01,0xFF,0xFC,0x00,0x3F,0xFF,0x80,0x00,0x07,0xFF,0xE0,0x00,0x7F,0xFF,0x00,0x00,0x3F,0xFF,0x80,
  0x01,0xFF,0xFC,0x00,0x00,0xFF,0xFE,0x00,0x07,0xFF,0xF0,0x00,0x03,0xFF,0xF0,0x00,0x0F,0xFF,0xC0,0x00,0x0F,0xFF,0xC0,0x00,
  0x3F,0xFF,0x80,0x00,0x7F,0xFF,0x00,0x00,0xFF,0xFE,0x00,0x01,0xFF,0xF8,0x00,0x01,0xFF,0xF8,0x00,0x07,0xFF,0xE0,0x00,0x07,
  0xFF,0xF0,0x00,0x3F,0xFF,0x80,0x00,0x0F,0xFF,0xC0,0x00,0xFF,0xFC,0x00,0x00,0x3F,0xFF,0x00,0x03,0xFF,0xF0,0x00,0x00,0xFF,
  0xFE,0x00,0x1F,0xFF,0xC0,0x00,0x01,0xFF,0xF8,0x00,0x7F,0xFE,0x00,0x00,0x07,0xFF,0xE0,0x01,0xFF,0xF8,0x00,0x00,0x1F,0xFF,
  0x80,0x07,0xFF,0xE0,0x00,0x00,0x3F,0xFF,0x00,0x3F,0xFF,0x00,0x00,0x00,0xFF,0xFC,0x00,0xFF,0xFC,0x00,0x00,0x03,0xFF,0xF0,
  0x03,0xFF,0xF0,0x00,0x00,0x07,0xFF,0xE0,0x1F,0xFF,0x80,0x00,0x00,0x1F,0xFF,0x80,0x7F,0xFE,0x00,0x00,0x00,0x7F,0xFE,0x01,
  0xFF,0xF8,0x00,0x00,0x00,0xFF,0xFC,0x07,0xFF,0xC0,0x00,0x00,0x03,0xFF,0xF0,0x3F,0xFF,0x00,0x00,0x00,0x0F,0xFF,0xC0,0xFF,
  0xFC,0x00,0x00,0x00,0x1F,0xFF,0x03,0xFF,0xE0,0x00,0x00,0x00,0x7F,0xFE,0x1F,0xFF,0x80,0x00,0x00,0x01,0xFF,0xF8,0x7F,0xFE,
  0x00,0x00,0x00,0x03,0xFF,0xE1,0xFF,0xF0,0x00,0x00,0x00,0x0F,0xFF,0xC7,0xFF,0xC0,0x00,0x00,0x00,0x3F,0xFF,0x3F,0xFF,0x00,
  0x00,0x00,0x00,0x7F,0xFC,0xFF,0xF8,0x00,0x00,0x00,0x01,0xFF,0xF3,0xFF,0xE0,0x00,0x00,0x00,0x07,0xFF,0xFF,0xFF,0x80,0x00,
  0x00,0x00,0x0F,0xFF,0xFF,0xFC,0x00,0x00,0x00,0x00,0x3F,0xFF,0xFF,0xF0,0x00,0x00,0x00,0x00,0xFF,0xFF,0xFF,0xC0,0x00,0x00,
  0x00,0x01,0xFF,0xFF,0xFE,0x00,0x00,0x00,0x00,0x07,0xFF,0xFF,0xF8,0x00,0x00,0x00,0x00,0x1F,0xFF,0xFF,0xE0,0x00,0x00,0x00,
  0x00,0x3F,0xFF,0xFF,0x00,0x00,0x00,0x00,0x00,0xFF,0xFF,0xFC,0x00,0x00,0x00,0x00,0x03,0xFF,0xFF,0xE0,0x00,0x00,0x00,0x00,
  0x07,0xFF,0xFF,0x80,0x00,0x00,0x00,0x00,0x1F,0xFF,0xFE,0x00,0x00,0x00,0x00,0x00,0x3F,0xFF,0xF0,0x00,0x00,0x00,0x00,0x00,
  0xFF,0xFF,0xC0,0x00,0x00,0x00,0x00,0x03,0xFF,0xFF,0x00,0x00,0x00,0x00,0x00,0x07,0xFF,0xF8,0x00,0x00,0x00,0x00,0x00,0x1F,
  0xFF,0xE0,0x00,0x00,0x00,0x00,0x00,0x7F,0xFF,0x80,0x00,0x00,0xFF,0xF8,0x00,0x00,0x00,0x00,0x7F,0xFF,0xFF,0xE0,0x00,0x00,
  0x00,0x03,0xFF,0xFF,0xFF,0x80,0x00,0x00,0x00,0x0F,0xFF,0xBF,0xFF,0x00,0x00,0x00,0x00,0x3F,0xFE,0x7F,0xFC,0x00,0x00,0x00,
  0x00,0xFF,0xF9,0xFF,0xF0,0x00,0x00,0x00,0x03,0xFF,0xE7,0xFF,0xC0,0x00,0x00,0x00,0x0F,0xFF,0x9F,0xFF,0x00,0x00,0x00,0x00,
  0x3F,0xFE,0x7F,0xFC,0x00,0x00,0x00,0x00,0xFF,0xF9,0xFF,0xF0,0x00,0x00,0x00,0x03,0xFF,0xC3,0xFF,0xC0,0x00,0x00,0x00,0x1F,
  0xFF,0x0F,0xFF,0x80,0x00,0x00,0x00,0x7F,0xFC,0x3F,0xFE,0x00,0x00,0x00,0x01,0xFF,0xF0,0xFF,0xF8,0x00,0x00,0x00,0x07,0xFF,
  0xC3,0xFF,0xE0,0x00,0x00,0x00,0x1F,0xFF,0x0F,0xFF,0x80,0x00,0x00,0x00,0x7F,0xF8,0x1F,0xFE,0x00,0x00,0x00,0x01,0xFF,0xE0,
  0x7F,0xF8,0x00,0x00,0x00,0x07,0xFF,0x81,0xFF,0xE0,0x00,0x00,0x00,0x3F,0xFE,0x07,0xFF,0xC0,0x0F,0xFC,0x00,0xFF,0xF8,0x1F,
  0xFF,0x00,0x3F,0xF0,0x03,0xFF,0xE0,0x7F,0xFC,0x01,0xFF,0xE0,0x0F,0xFF,0x01,0xFF,0xF0,0x07,0xFF,0x80,0x3F,0xFC,0x03,0xFF,
  0xC0,0x1F,0xFE,0x00,0xFF,0xF0,0x0F,0xFF,0x00,0xFF,0xFC,0x03,0xFF,0xC0,0x3F,0xFC,0x03,0xFF,0xF0,0x0F,0xFF,0x00,0xFF,0xF0,
  0x0F,0xFF,0xC0,0x7F,0xFC,0x03,0xFF,0xE0,0x3F,0xFF,0x01,0xFF,0xF0,0x0F,0xFF,0x81,0xFF,0xFE,0x07,0xFF,0x80,0x1F,0xFE,0x07,
  0xFF,0xF8,0x1F,0xFE,0x00,0x7F,0xF8,0x1F,0xFF,0xE0,0x7F,0xF8,0x01,0xFF,0xE0,0xFF,0xFF,0xC1,0xFF,0xE0,0x07,0xFF,0x83,0xFF,
  0xFF,0x07,0xFF,0x80,0x1F,0xFE,0x0F,0xFF,0xFC,0x1F,0xFE,0x00,0x7F,0xFC,0x7F,0xFF,0xF0,0x7F,0xF0,0x01,0xFF,0xF1,0xFF,0xFF,
  0xE3,0xFF,0xC0,0x03,0xFF,0xC7,0xFF,0xFF,0x8F,0xFF,0x00,0x0F,0xFF,0x1F,0xFF,0xFE,0x3F,0xFC,0x00,0x3F,0xFC,0xFF,0xCF,0xFC,
  0xFF,0xF0,0x00,0xFF,0xF3,0xFF,0x3F,0xF3,0xFF,0xC0,0x03,0xFF,0xCF,0xFC,0xFF,0xCF,0xFF,0x00,0x0F,0xFF,0x3F,0xF3,0xFF,0x3F,
  0xF8,0x00,0x1F,0xFD,0xFF,0x8F,0xFC,0xFF,0xE0,0x00,0x7F,0xF7,0xFE,0x1F,0xFB,0xFF,0x80,0x01,0xFF,0xDF,0xF8,0x7F,0xEF,0xFE,
  0x00,0x07,0xFF,0x7F,0xE1,0xFF,0xBF,0xF8,0x00,0x1F,0xFF,0xFF,0x07,0xFF,0xFF,0xE0,0x00,0x7F,0xFF,0xFC,0x0F,0xFF,0xFF,0x00,
  0x01,0xFF,0xFF,0xF0,0x3F,0xFF,0xFC,0x00,0x03,0xFF,0xFF,0xC0,0xFF,0xFF,0xF0,0x00,0x0F,0xFF,0xFE,0x03,0xFF,0xFF,0xC0,0x00,
  0x3F,0xFF,0xF8,0x07,0xFF,0xFF,0x00,0x00,0xFF,0xFF,0xE0,0x1F,0xFF,0xFC,0x00,0x03,0xFF,0xFF,0x80,0x7F,0xFF,0xF0,0x00,0x0F,
  0xFF,0xFE,0x01,0xFF,0xFF,0x80,0x00,0x1F,0xFF,0xF0,0x03,0xFF,0xFE,0x00,0x00,0x7F,0xFF,0xC0,0x0F,0xFF,0xF8,0x00,0x01,0xFF,
  0xFF,0x00,0x3F,0xFF,0xE0,0x00,0x07,0xFF,0xFC,0x00,0xFF,0xFF,0x80,0x00,0x1F,0xFF,0xE0,0x01,0xFF,0xFE,0x00,0x00,0x7F,0xFF,
  0x80,0x07,0xFF,0xF0,0x00,0x00,0xFF,0xFE,0x00,0x1F,0xFF,0xC0,0x00,0x03,0xFF,0xF8,0x00,0x7F,0xFF,0x00,0x00,0x0F,0xFF,0xC0,
  0x00,0xFF,0xFC,0x00,0x00,0x3F,0xFF,0x00,0x03,0xFF,0xF0,0x00,0x00,0xFF,0xFC,0x00,0x0F,0xFF,0xC0,0x00,0x03,0xFF,0xF0,0x00,
  0x3F,0xFF,0x00,0x00,0x0F,0xFF,0x80,0x00,0x7F,0xF8,0x00,0x3F,0xFF,0xC0,0x00,0x00,0x0F,0xFF,0xE0,0x7F,0xFF,0x80,0x00,0x00,
  0x7F,0xFF,0x80,0xFF,0xFE,0x00,0x00,0x01,0xFF,0xFC,0x03,0xFF,0xFC,0x00,0x00,0x0F,0xFF,0xE0,0x07,0xFF,0xF8,0x00,0x00,0x7F,
  0xFF,0x80,0x0F,0xFF,0xE0,0x00,0x01,0xFF,0xFC,0x00,0x3F,0xFF,0xC0,0x00,0x0F,0xFF,0xE0,0x00,0x7F,0xFF,0x00,0x00,0x3F,0xFF,
  0x80,0x00,0xFF,0xFE,0x00,0x01,0xFF,0xFC,0x00,0x03,0xFF,0xFC,0x00,0x0F,0xFF,0xE0,0x00,0x07,0xFF,0xF0,0x00,0x3F,0xFF,0x80,
  0x00,0x0F,0xFF,0xE0,0x01,0xFF,0xFC,0x00,0x00,0x3F,0xFF,0x80,0x0F,0xFF,0xE0,0x00,0x00,0x7F,0xFF,0x00,0x3F,0xFF,0x80,0x00,
  0x01,0xFF,0xFE,0x01,0xFF,0xFC,0x00,0x00,0x03,0xFF,0xF8,0x07,0xFF,0xE0,0x00,0x00,0x07,0xFF,0xF0,0x3F,0xFF,0x80,0x00,0x00,
  0x1F,0xFF,0xE1,0xFF,0xFC,0x00,0x00,0x00,0x3F,0xFF,0x87,0xFF,0xE0,0x00,0x00,0x00,0x7F,0xFF,0x3F,0xFF,0x80,0x00,0x00,0x01,
  0xFF,0xFC,0xFF,0xFC,0x00,0x00,0x00,0x03,0xFF,0xFF,0xFF,0xE0,0x00,0x00,0x00,0x07,0xFF,0xFF,0xFF,0x80,0x00,0x00,0x00,0x1F,
  0xFF,0xFF,0xFC,0x00,0x00,0x00,0x00,0x3F,0xFF,0xFF,0xE0,0x00,0x00,0x00,0x00,0x7F,0xFF,0xFF,0x80,0x00,0x00,0x00,0x01,0xFF,
  0xFF,0xFC,0x00,0x00,0x00,0x00,0x03,0xFF,0xFF,0xE0,0x00,0x00,0x00,0x00,0x07,0xFF,0xFF,0x80,0x00,0x00,0x00,0x00,0x1F,0xFF,
  0xFC,0x00,0x00,0x00,0x00,0x00,0x3F,0xFF,0xE0,0x00,0x00,0x00,0x00,0x00,0x7F,0xFF,0x80,0x00,0x00,0x00,0x00,0x01,0xFF,0xFE,
  0x00,0x00,0x00,0x00,0x00,0x0F,0xFF,0xF8,0x00,0x00,0x00,0x00,0x00,0x7F,0xFF,0xF0,0x00,0x00,0x00,0x00,0x01,0xFF,0xFF,0xC0,
  0x00,0x00,0x00,0x00,0x0F,0xFF,0xFF,0x80,0x00,0x00,0x00,0x00,0x3F,0xFF,0xFF,0x00,0x00,0x00,0x00,0x01,0xFF,0xFF,0xFC,0x00,
  0x00,0x00,0x00,0x0F,0xFF,0xFF,0xF8,0x00,0x00,0x00,0x00,0x3F,0xFF,0xFF,0xF0,0x00,0x00,0x00,0x01,0xFF,0xFF,0xFF,0xC0,0x00,
  0x00,0x00,0x0F,0xFF,0xFF,0xFF,0x80,0x00,0x00,0x00,0x3F,0xFF,0xFF,0xFF,0x00,0x00,0x00,0x01,0xFF,0xFC,0xFF,0xFC,0x00,0x00,
  0x00,0x0F,0xFF,0xF3,0xFF,0xF8,0x00,0x00,0x00,0x3F,0xFF,0x87,0xFF,0xF0,0x00,0x00,0x01,0xFF,0xFC,0x0F,0xFF,0xC0,0x00,0x00,
  0x0F,0xFF,0xF0,0x3F,0xFF,0x80,0x00,0x00,0x3F,0xFF,0x80,0x7F,0xFF,0x00,0x00,0x01,0xFF,0xFE,0x01,0xFF,0xFC,0x00,0x00,0x07,
  0xFF,0xF0,0x03,0xFF,0xF8,0x00,0x00,0x3F,0xFF,0x80,0x07,0xFF,0xF0,0x00,0x01,0xFF,0xFE,0x00,0x1F,0xFF,0xC0,0x00,0x07,0xFF,
  0xF0,0x00,0x3F,0xFF,0x80,0x00,0x3F,0xFF,0x80,0x00,0xFF,0xFF,0x00,0x01,0xFF,0xFE,0x00,0x01,0xFF,0xFC,0x00,0x07,0xFF,0xF0,
  0x00,0x03,0xFF,0xF8,0x00,0x3F,0xFF,0xC0,0x00,0x0F,0xFF,0xF0,0x01,0xFF,0xFE,0x00,0x00,0x1F,0xFF,0xC0,0x07,0xFF,0xF0,0x00,
  0x00,0x3F,0xFF,0x80,0x3F,0xFF,0xC0,0x00,0x00,0xFF,0xFF,0x01,0xFF,0xFE,0x00,0x00,0x01,0xFF,0xFC,0x07,0xFF,0xF8,0x00,0x00,
  0x07,0xFF,0xF8,0x3F,0xFF,0xC0,0x00,0x00,0x0F,0xFF,0xF0,0xFF,0xFE,0x00,0x00,0x00,0x1F,0xFF,0xC7,0xFF,0xF8,0x00,0x00,0x00,
  0x7F,0xFF,0xBF,0xFF,0xC0,0x00,0x00,0x00,0xFF,0xFF,0xFF,0xFF,0x00,0x00,0x00,0x03,0xFF,0xFB,0xFF,0xFC,0x00,0x00,0x00,0x3F,
  0xFF,0xCF,0xFF,0xE0,0x00,0x00,0x01,0xFF,0xFC,0x7F,0xFF,0x80,0x00,0x00,0x1F,0xFF,0xE1,0xFF,0xFC,0x00,0x00,0x00,0xFF,0xFE,
  0x0F,0xFF,0xF0,0x00,0x00,0x0F,0xFF,0xE0,0x3F,0xFF,0x80,0x00,0x00,0x7F,0xFF,0x01,0xFF,0xFE,0x00,0x00,0x07,0xFF,0xF0,0x07,
  0xFF,0xF0,0x00,0x00,0x7F,0xFF,0x80,0x1F,0xFF,0xC0,0x00,0x03,0xFF,0xF8,0x00,0xFF,0xFE,0x00,0x00,0x3F,0xFF,0xC0,0x03,0xFF,
  0xF8,0x00,0x01,0xFF,0xFC,0x00,0x1F,0xFF,0xC0,0x00,0x1F,0xFF,0xC0,0x00,0x7F,0xFF,0x00,0x00,0xFF,0xFE,0x00,0x01,0xFF,0xF8,
  0x00,0x0F,0xFF,0xE0,0x00,0x0F,0xFF,0xE0,0x00,0x7F,0xFF,0x00,0x00,0x3F,0xFF,0x00,0x07,0xFF,0xF0,0x00,0x01,0xFF,0xFC,0x00,
  0x3F,0xFF,0x00,0x00,0x07,0xFF,0xF0,0x03,0xFF,0xF8,0x00,0x00,0x3F,0xFF,0x80,0x1F,0xFF,0x80,0x00,0x00,0xFF,0xFE,0x01,0xFF,
  0xFC,0x00,0x00,0x03,0xFF,0xF0,0x1F,0xFF,0xC0,0x00,0x00,0x1F,0xFF,0xC0,0xFF,0xFE,0x00,0x00,0x00,0x7F,0xFE,0x0F,0xFF,0xE0,
  0x00,0x00,0x03,0xFF,0xF8,0x7F,0xFE,0x00,0x00,0x00,0x0F,0xFF,0xC7,0xFF,0xF0,0x00,0x00,0x00,0x3F,0xFF,0x3F,0xFF,0x00,0x00,
  0x00,0x01,0xFF,0xFB,0xFF,0xF8,0x00,0x00,0x00,0x07,0xFF,0xFF,0xFF,0x80,0x00,0x00,0x00,0x3F,0xFF,0xFF,0xF8,0x00,0x00,0x00,
  0x00,0xFF,0xFF,0xFF,0xC0,0x00,0x00,0x00,0x07,0xFF,0xFF,0xFC,0x00,0x00,0x00,0x00,0x1F,0xFF,0xFF,0xE0,0x00,0x00,0x00,0x00,
  0x7F,0xFF,0xFE,0x00,0x00,0x00,0x00,0x03,0xFF,0xFF,0xF0,0x00,0x00,0x00,0x00,0x0F,0xFF,0xFF,0x00,0x00,0x00,0x00,0x00,0x7F,
  0xFF,0xF0,0x00,0x00,0x00,0x00,0x01,0xFF,0xFF,0x80,0x00,0x00,0x00,0x00,0x07,0xFF,0xF8,0x00,0x00,0x00,0x00,0x00,0x3F,0xFF,
  0xC0,0x00,0x00,0x00,0x00,0x01,0xFF,0xFC,0x00,0x00,0x00,0x00,0x00,0x0F,0xFF,0xE0,0x00,0x00,0x00,0x00,0x00,0x7F,0xFF,0x00,
  0x00,0x00,0x00,0x00,0x03,0xFF,0xF8,0x00,0x00,0x00,0x00,0x00,0x1F,0xFF,0xC0,0x00,0x00,0x00,0x00,0x00,0xFF,0xFE,0x00,0x00,
  0x00,0x00,0x00,0x07,0xFF,0xF0,0x00,0x00,0x00,0x00,0x00,0x3F,0xFF,0x80,0x00,0x00,0x00,0x00,0x01,0xFF,0xFC,0x00,0x00,0x00,
  0x00,0x00,0x0F,0xFF,0xE0,0x00,0x00,0x00,0x00,0x00,0x7F,0xFF,0x00,0x00,0x00,0x00,0x00,0x03,0xFF,0xF8,0x00,0x00,0x00,0x00,
  0x00,0x1F,0xFF,0xC0,0x00,0x00,0x00,0x00,0x00,0xFF,0xFE,0x00,0x00,0x00,0x00,0x00,0x07,0xFF,0xF0,0x00,0x00,0x00,0x00,0x00,
  0x3F,0xFF,0x80,0x00,0x00,0x00,0x00,0x01,0xFF,0xFC,0x00,0x00,0x00,0x00,0x00,0x0F,0xFF,0xE0,0x00,0x00,0x00,0x00,0x00,0x7F,
  0xFF,0x00,0x00,0x00,0x00,0x00,0x03,0xFF,0xF8,0x00,0x00,0x00,0x00,0x00,0x1F,0xFF,0xC0,0x00,0x00,0x00,0x00,0x00,0xFF,0xFE,
  0x00,0x00,0x00,0x00,0x00,0x07,0xFF,0xF0,0x00,0x00,0x00,0x00,0x00,0x3F,0xFF,0x80,0x00,0x00,0x00,0x00,0x01,0xFF,0xFC,0x00,
  0x00,0x00,0x00,0x00,0x0F,0xFF,0xE0,0x00,0x00,0x00,0x00,0x00,0x7F,0xFF,0x00,0x00,0x00,0x00,0x00,0x03,0xFF,0xF8,0x00,0x00,
  0x00,0x0F,0xFF,0xFF,0xFF,0xFF,0xFF,0xE0,0x7F,0xFF,0xFF,0xFF,0xFF,0xFF,0x03,0xFF,0xFF,0xFF,0xFF,0xFF,0xF8,0x1F,0xFF,0xFF,
  0xFF,0xFF,0xFF,0xC0,0xFF,0xFF,0xFF,0xFF,0xFF,0xFE,0x07,0xFF,0xFF,0xFF,0xFF,0xFF,0xF0,0x3F,0xFF,0xFF,0xFF,0xFF,0xFF,0x81,
  0xFF,0xFF,0xFF,0xFF,0xFF,0xFC,0x0F,0xFF,0xFF,0xFF,0xFF,0xFF,0xE0,0x7F,0xFF,0xFF,0xFF,0xFF,0xFF,0x03,0xFF,0xFF,0xFF,0xFF,
  0xFF,0xF8,0x1F,0xFF,0xFF,0xFF,0xFF,0xFF,0x80,0x00,0x00,0x00,0x07,0xFF,0xFC,0x00,0x00,0x00,0x00,0x3F,0xFF,0xC0,0x00,0x00,
  0x00,0x03,0xFF,0xFC,0x00,0x00,0x00,0x00,0x3F,0xFF,0xC0,0x00,0x00,0x00,0x03,0xFF,0xFE,0x00,0x00,0x00,0x00,0x1F,0xFF,0xE0,
  0x00,0x00,0x00,0x01,0xFF,0xFE,0x00,0x00,0x00,0x00,0x1F,0xFF,0xF0,0x00,0x00,0x00,0x00,0xFF,0xFF,0x00,0x00,0x00,0x00,0x0F,
  0xFF,0xF0,0x00,0x00,0x00,0x00,0xFF,0xFF,0x00,0x00,0x00,0x00,0x0F,0xFF,0xF8,0x00,0x00,0x00,0x00,0x7F,0xFF,0x80,0x00,0x00,
  0x00,0x07,0xFF,0xF8,0x00,0x00,0x00,0x00,0x7F,0xFF,0x80,0x00,0x00,0x00,0x07,0xFF,0xFC,0x00,0x00,0x00,0x00,0x3F,0xFF,0xC0,
  0x00,0x00,0x00,0x03,0xFF,0xFC,0x00,0x00,0x00,0x00,0x3F,0xFF,0xC0,0x00,0x00,0x00,0x03,0xFF,0xFE,0x00,0x00,0x00,0x00,0x1F,
  0xFF,0xE0,0x00,0x00,0x00,0x01,0xFF,0xFE,0x00,0x00,0x00,0x00,0x1F,0xFF,0xF0,0x00,0x00,0x00,0x01,0xFF,0xFF,0x00,0x00,0x00,
  0x00,0x0F,0xFF,0xF0,0x00,0x00,0x00,0x00,0xFF,0xFF,0x00,0x00,0x00,0x00,0x0F,0xFF,0xF8,0x00,0x00,0x00,0x00,0x7F,0xFF,0x80,
  0x00,0x00,0x00,0x07,0xFF,0xF8,0x00,0x00,0x00,0x00,0x7F,0xFF,0x80,0x00,0x00,0x00,0x07,0xFF,0xFC,0x00,0x00,0x00,0x00,0x3F,
  0xFF,0xC0,0x00,0x00,0x00,0x03,0xFF,0xFC,0x00,0x00,0x00,0x00,0x3F,0xFF,0xC0,0x00,0x00,0x00,0x03,0xFF,0xFE,0x00,0x00,0x00,
  0x00,0x1F,0xFF,0xE0,0x00,0x00,0x00,0x01,0xFF,0xFE,0x00,0x00,0x00,0x00,0x1F,0xFF,0xF0,0x00,0x00,0x00,0x01,0xFF,0xFF,0x00,
  0x00,0x00,0x00,0x0F,0xFF,0xF0,0x00,0x00,0x00,0x00,0xFF,0xFF,0x00,0x00,0x00,0x00,0x0F,0xFF,0xF8,0x00,0x00,0x00,0x00,0xFF,
  0xFF,0x80,0x00,0x00,0x00,0x07,0xFF,0xF8,0x00,0x00,0x00,0x00,0x7F,0xFF,0xFF,0xFF,0xFF,0xFF,0xFF,0xFF,0xFF,0xFF,0xFF,0xFF,
  0xFF,0xFF,0xFF,0xFF,0xFF,0xFF,0xFF,0xFF,0xFF,0xFF,0xFF,0xFF,0xFF,0xFF,0xFF,0xFF,0xFF,0xFF,0xFF,0xFF,0xFF,0xFF,0xFF,0xFF,
  0xFF,0xFF,0xFF,0xFF,0xFF,0xFF,0xFF,0xFF,0xFF,0xFF,0xFF,0xFF,0xFF,0xFF,0xFF,0xFF,0xFF,0xFF,0xFF,0xFF,0xFF,0xFF,0xFF,0xFF,
  0xFF,0xFF,0xFF,0xFF,0xFF,0xFF,0xFF,0xFF,0xFF,0xFF,0xFF,0xFF,0xFF,0xFF,0xFF,0xFF,0xFF,0xFF,0xFF,0xF0,0xFF,0xFF,0xFF,0xFF,
  0xFF,0xFF,0xFF,0xFF,0xFF,0xFF,0xFF,0xFF,0xFF,0xFF,0xFF,0xFF,0xFF,0xFF,0xFF,0xFF,0xFF,0xFF,0xFF,0xFF,0xFF,0xFF,0xFF,0xFF,
  0xFF,0xFF,0xFF,0xFF,0xFF,0xFF,0xFF,0xFF,0xFF,0xFF,0xFF,0x80,0x00,0x3F,0xFE,0x00,0x00,0xFF,0xF8,0x00,0x03,0xFF,0xE0,0x00,
  0x0F,0xFF,0x80,0x00,0x3F,0xFE,0x00,0x00,0xFF,0xF8,0x00,0x03,0xFF,0xE0,0x00,0x0F,0xFF,0x80,0x00,0x3F,0xFE,0x00,0x00,0xFF,
  0xF8,0x00,0x03,0xFF,0xE0,0x00,0x0F,0xFF,0x80,0x00,0x3F,0xFE,0x00,0x00,0xFF,0xF8,0x00,0x03,0xFF,0xE0,0x00,0x0F,0xFF,0x80,
  0x00,0x3F,0xFE,0x00,0x00,0xFF,0xF8,0x00,0x03,0xFF,0xE0,0x00,0x0F,0xFF,0x80,0x00,0x3F,0xFE,0x00,0x00,0xFF,0xF8,0x00,0x03,
  0xFF,0xE0,0x00,0x0F,0xFF,0x80,0x00,0x3F,0xFE,0x00,0x00,0xFF,0xF8,0x00,0x03,0xFF,0xE0,0x00,0x0F,0xFF,0x80,0x00,0x3F,0xFE,
  0x00,0x00,0xFF,0xF8,0x00,0x03,0xFF,0xE0,0x00,0x0F,0xFF,0x80,0x00,0x3F,0xFE,0x00,0x00,0xFF,0xF8,0x00,0x03,0xFF,0xE0,0x00,
  0x0F,0xFF,0x80,0x00,0x3F,0xFE,0x00,0x00,0xFF,0xF8,0x00,0x03,0xFF,0xE0,0x00,0x0F,0xFF,0x80,0x00,0x3F,0xFE,0x00,0x00,0xFF,
  0xF8,0x00,0x03,0xFF,0xE0,0x00,0x0F,0xFF,0x80,0x00,0x3F,0xFE,0x00,0x00,0xFF,0xF8,0x00,0x03,0xFF,0xE0,0x00,0x0F,0xFF,0x80,
  0x00,0x3F,0xFE,0x00,0x00,0xFF,0xF8,0x00,0x03,0xFF,0xE0,0x00,0x0F,0xFF,0x80,0x00,0x3F,0xFE,0x00,0x00,0xFF,0xF8,0x00,0x03,
  0xFF,0xE0,0x00,0x0F,0xFF,0x80,0x00,0x3F,0xFE,0x00,0x00,0xFF,0xF8,0x00,0x03,0xFF,0xE0,0x00,0x0F,0xFF,0x80,0x00,0x3F,0xFE,
  0x00,0x00,0xFF,0xF8,0x00,0x03,0xFF,0xE0,0x00,0x0F,0xFF,0x80,0x00,0x3F,0xFE,0x00,0x00,0xFF,0xF8,0x00,0x03,0xFF,0xE0,0x00,
  0x0F,0xFF,0x80,0x00,0x3F,0xFE,0x00,0x00,0xFF,0xF8,0x00,0x03,0xFF,0xE0,0x00,0x0F,0xFF,0x80,0x00,0x3F,0xFE,0x00,0x00,0xFF,
  0xF8,0x00,0x03,0xFF,0xE0,0x00,0x0F,0xFF,0xFF,0xFF,0xFF,0xFF,0xFF,0xFF,0xFF,0xFF,0xFF,0xFF,0xFF,0xFF,0xFF,0xFF,0xFF,0xFF,
  0xFF,0xFF,0xFF,0xFF,0xFF,0xFF,0xFF,0xFF,0xFF,0xFF,0xFF,0xFF,0xFF,0xFF,0xFF,0xFF,0xFF,0xFF,0xFF,0xFF,0xFF,0xE0,0x00,0x00,
  0x00,0x00,0x0F,0xFF,0x00,0x00,0x00,0x00,0x00,0x7F,0xF0,0x00,0x00,0x00,0x00,0x07,0xFF,0x80,0x00,0x00,0x00,0x00,0x3F,0xFC,
  0x00,0x00,0x00,0x00,0x03,0xFF,0xC0,0x00,0x00,0x00,0x00,0x1F,0xFE,0x00,0x00,0x00,0x00,0x00,0xFF,0xE0,0x00,0x00,0x00,0x00,
  0x0F,0xFF,0x00,0x00,0x00,0x00,0x00,0x7F,0xF0,0x00,0x00,0x00,0x00,0x07,0xFF,0x80,0x00,0x00,0x00,0x00,0x3F,0xF8,0x00,0x00,
  0x00,0x00,0x03,0xFF,0xC0,0x00,0x00,0x00,0x00,0x1F,0xFC,0x00,0x00,0x00,0x00,0x01,0xFF,0xE0,0x00,0x00,0x00,0x00,0x0F,0xFF,
  0x00,0x00,0x00,0x00,0x00,0xFF,0xF0,0x00,0x00,0x00,0x00,0x07,0xFF,0x80,0x00,0x00,0x00,0x00,0x3F,0xF8,0x00,0x00,0x00,0x00,
  0x03,0xFF,0xC0,0x00,0x00,0x00,0x00,0x1F,0xFC,0x00,0x00,0x00,0x00,0x01,0xFF,0xE0,0x00,0x00,0x00,0x00,0x0F,0xFE,0x00,0x00,
  0x00,0x00,0x00,0xFF,0xF0,0x00,0x00,0x00,0x00,0x07,0xFF,0x00,0x00,0x00,0x00,0x00,0x7F,0xF8,0x00,0x00,0x00,0x00,0x03,0xFF,
  0xC0,0x00,0x00,0x00,0x00,0x3F,0xFC,0x00,0x00,0x00,0x00,0x01,0xFF,0xE0,0x00,0x00,0x00,0x00,0x1F,0xFE,0x00,0x00,0x00,0x00,
  0x00,0xFF,0xF0,0x00,0x00,0x00,0x00,0x07,0xFF,0x00,0x00,0x00,0x00,0x00,0x7F,0xF8,0x00,0x00,0x00,0x00,0x03,0xFF,0x80,0x00,
  0x00,0x00,0x00,0x3F,0xFC,0x00,0x00,0x00,0x00,0x01,0xFF,0xC0,0x00,0x00,0x00,0x00,0x1F,0xFE,0x00,0x00,0x00,0x00,0x00,0xFF,
  0xE0,0x00,0x00,0x00,0x00,0x0F,0xFF,0x00,0x00,0x00,0x00,0x00,0x7F,0xF8,0x00,0x00,0x00,0x00,0x07,0xFF,0x80,0x00,0x00,0x00,
  0x00,0x3F,0xFC,0x00,0x00,0x00,0x00,0x03,0xFF,0xC0,0x00,0x00,0x00,0x00,0x1F,0xFE,0x00,0x00,0x00,0x00,0x00,0xFF,0xE0,0x00,
  0x00,0x00,0x00,0x0F,0xFF,0x00,0x00,0x00,0x00,0x00,0x7F,0xF0,0x00,0x00,0x00,0x00,0x07,0xFF,0x80,0x00,0x00,0x00,0x00,0x3F,
  0xF8,0x00,0x00,0x00,0x00,0x03,0xFF,0xC0,0x00,0x00,0x00,0x00,0x1F,0xFE,0x00,0x00,0x00,0x00,0x01,0xFF,0xE0,0x00,0x00,0x00,
  0x00,0x0F,0xFF,0x00,0x00,0x00,0x00,0x00,0xFF,0xF0,0x00,0x00,0x00,0x00,0x07,0xFF,0x80,0x00,0x00,0x00,0x00,0x3F,0xF8,0x00,
  0x00,0x00,0x00,0x03,0xFF,0xC0,0x00,0x00,0x00,0x00,0x1F,0xFC,0x00,0x00,0x00,0x00,0x01,0xFF,0xE0,0x00,0x00,0x00,0x00,0x0F,
  0xFE,0x00,0x00,0x00,0x00,0x00,0xFF,0xF0,0x00,0x00,0x00,0x00,0x07,0xFF,0x80,0x00,0x00,0x00,0x00,0x7F,0xF8,0x00,0x00,0x00,
  0x00,0x03,0xFF,0xC0,0x00,0x00,0x00,0x00,0x3F,0xFC,0x00,0x00,0x00,0x00,0x01,0xFF,0xE0,0x00,0x00,0x00,0x00,0x1F,0xFE,0x00,
  0x00,0x00,0x00,0x00,0xFF,0xF0,0x00,0x00,0x00,0x00,0x07,0xFF,0x00,0x00,0x00,0x00,0x00,0x7F,0xF8,0x00,0x00,0x00,0x00,0x03,
  0xFF,0x80,0x00,0x00,0x00,0x00,0x3F,0xFC,0x00,0x00,0x00,0x00,0x01,0xFF,0xC0,0x00,0x00,0x00,0x00,0x1F,0xFE,0x00,0x00,0x00,
  0x00,0x00,0xFF,0xF0,0x00,0x00,0x00,0x00,0x0F,0xFF,0xFF,0xFF,0xFF,0xFF,0xFF,0xFF,0xFF,0xFF,0xFF,0xFF,0xFF,0xFF,0xFF,0xFF,
  0xFF,0xFF,0xFF,0xFF,0xFF,0xFF,0xFF,0xFF,0xFF,0xFF,0xFF,0xFF,0xFF,0xFF,0xFF,0xFF,0xFF,0xFF,0xFF,0xFF,0xFF,0xFF,0xFF,0xF0,
  0x00,0x07,0xFF,0xC0,0x00,0x1F,0xFF,0x00,0x00,0x7F,0xFC,0x00,0x01,0xFF,0xF0,0x00,0x07,0xFF,0xC0,0x00,0x1F,0xFF,0x00,0x00,
  0x7F,0xFC,0x00,0x01,0xFF,0xF0,0x00,0x07,0xFF,0xC0,0x00,0x1F,0xFF,0x00,0x00,0x7F,0xFC,0x00,0x01,0xFF,0xF0,0x00,0x07,0xFF,
  0xC0,0x00,0x1F,0xFF,0x00,0x00,0x7F,0xFC,0x00,0x01,0xFF,0xF0,0x00,0x07,0xFF,0xC0,0x00,0x1F,0xFF,0x00,0x00,0x7F,0xFC,0x00,
  0x01,0xFF,0xF0,0x00,0x07,0xFF,0xC0,0x00,0x1F,0xFF,0x00,0x00,0x7F,0xFC,0x00,0x01,0xFF,0xF0,0x00,0x07,0xFF,0xC0,0x00,0x1F,
  0xFF,0x00,0x00,0x7F,0xFC,0x00,0x01,0xFF,0xF0,0x00,0x07,0xFF,0xC0,0x00,0x1F,0xFF,0x00,0x00,0x7F,0xFC,0x00,0x01,0xFF,0xF0,
  0x00,0x07,0xFF,0xC0,0x00,0x1F,0xFF,0x00,0x00,0x7F,0xFC,0x00,0x01,0xFF,0xF0,0x00,0x07,0xFF,0xC0,0x00,0x1F,0xFF,0x00,0x00,
  0x7F,0xFC,0x00,0x01,0xFF,0xF0,0x00,0x07,0xFF,0xC0,0x00,0x1F,0xFF,0x00,0x00,0x7F,0xFC,0x00,0x01,0xFF,0xF0,0x00,0x07,0xFF,
  0xC0,0x00,0x1F,0xFF,0x00,0x00,0x7F,0xFC,0x00,0x01,0xFF,0xF0,0x00,0x07,0xFF,0xC0,0x00,0x1F,0xFF,0x00,0x00,0x7F,0xFC,0x00,
  0x01,0xFF,0xF0,0x00,0x07,0xFF,0xC0,0x00,0x1F,0xFF,0x00,0x00,0x7F,0xFC,0x00,0x01,0xFF,0xF0,0x00,0x07,0xFF,0xC0,0x00,0x1F,
  0xFF,0x00,0x00,0x7F,0xFC,0x00,0x01,0xFF,0xF0,0x00,0x07,0xFF,0xC0,0x00,0x1F,0xFF,0x00,0x00,0x7F,0xFC,0x00,0x01,0xFF,0xF0,
  0x00,0x07,0xFF,0xC0,0x00,0x1F,0xFF,0x00,0x00,0x7F,0xFC,0x00,0x01,0xFF,0xF0,0x00,0x07,0xFF,0xC0,0x00,0x1F,0xFF,0x00,0x00,
  0x7F,0xFC,0x00,0x01,0xFF,0xF0,0x00,0x07,0xFF,0xC0,0x00,0x1F,0xFF,0x00,0x00,0x7F,0xFC,0x00,0x01,0xFF,0xFF,0xFF,0xFF,0xFF,
  0xFF,0xFF,0xFF,0xFF,0xFF,0xFF,0xFF,0xFF,0xFF,0xFF,0xFF,0xFF,0xFF,0xFF,0xFF,0xFF,0xFF,0xFF,0xFF,0xFF,0xFF,0xFF,0xFF,0xFF,
  0xFF,0xFF,0xFF,0xFF,0xFF,0xFF,0xFF,0xFF,0xFF,0xFF,0x00,0x00,0x0F,0xFF,0xF0,0x00,0x00,0x00,0x00,0x1F,0xFF,0xF8,0x00,0x00,
  0x00,0x00,0x1F,0xFF,0xF8,0x00,0x00,0x00,0x00,0x3F,0xFF,0xFC,0x00,0x00,0x00,0x00,0x3F,0xFF,0xFC,0x00,0x00,0x00,0x00,0x7F,
  0xFF,0xFE,0x00,0x00,0x00,0x00,0x7F,0xFF,0xFE,0x00,0x00,0x00,0x00,0x7F,0xFF,0xFE,0x00,0x00,0x00,0x00,0xFF,0xEF,0xFF,0x00,
  0x00,0x00,0x00,0xFF,0xE7,0xFF,0x00,0x00,0x00,0x01,0xFF,0xE7,0xFF,0x80,0x00,0x00,0x01,0xFF,0xC3,0xFF,0x80,0x00,0x00,0x03,
  0xFF,0xC3,0xFF,0xC0,0x00,0x00,0x03,0xFF,0x81,0xFF,0xC0,0x00,0x00,0x03,0xFF,0x81,0xFF,0xE0,0x00,0x00,0x07,0xFF,0x00,0xFF,
  0xE0,0x00,0x00,0x07,0xFF,0x00,0xFF,0xE0,0x00,0x00,0x0F,0xFF,0x00,0xFF,0xF0,0x00,0x00,0x0F,0xFE,0x00,0x7F,0xF0,0x00,0x00,
  0x1F,0xFE,0x00,0x7F,0xF8,0x00,0x00,0x1F,0xFC,0x00,0x3F,0xF8,0x00,0x00,0x3F,0xFC,0x00,0x3F,0xFC,0x00,0x00,0x3F,0xF8,0x00,
  0x1F,0xFC,0x00,0x00,0x3F,0xF8,0x00,0x1F,0xFE,0x00,0x00,0x7F,0xF8,0x00,0x1F,0xFE,0x00,0x00,0x7F,0xF0,0x00,0x0F,0xFE,0x00,
  0x00,0xFF,0xF0,0x00,0x0F,0xFF,0x00,0x00,0xFF,0xE0,0x00,0x07,0xFF,0x00,0x01,0xFF,0xE0,0x00,0x07,0xFF,0x80,0x01,0xFF,0xC0,
  0x00,0x03,0xFF,0x80,0x01,0xFF,0xC0,0x00,0x03,0xFF,0xC0,0x03,0xFF,0xC0,0x00,0x03,0xFF,0xC0,0x03,0xFF,0x80,0x00,0x01,0xFF,
  0xC0,0x07,0xFF,0x80,0x00,0x01,0xFF,0xE0,0x07,0xFF,0x00,0x00,0x00,0xFF,0xE0,0x0F,0xFF,0x00,0x00,0x00,0xFF,0xF0,0x0F,0xFE,
  0x00,0x00,0x00,0x7F,0xF0,0x1F,0xFE,0x00,0x00,0x00,0x7F,0xF8,0x1F,0xFE,0x00,0x00,0x00,0x7F,0xF8,0x1F,0xFC,0x00,0x00,0x00,
  0x3F,0xFC,0x3F,0xFC,0x00,0x00,0x00,0x3F,0xFC,0x3F,0xF8,0x00,0x00,0x00,0x1F,0xFC,0x7F,0xF8,0x00,0x00,0x00,0x1F,0xFE,0x7F,
  0xF0,0x00,0x00,0x00,0x0F,0xFE,0xFF,0xF0,0x00,0x00,0x00,0x0F,0xFF,0xFF,0xFF,0xFF,0xFF,0xFF,0xFF,0xFF,0xFF,0xFF,0xFF,0xFF,
  0xFF,0xFF,0xFF,0xFF,0xFF,0xFF,0xFF,0xFF,0xFF,0xFF,0xFF,0xFF,0xFF,0xFF,0xFF,0xFF,0xFF,0xFF,0xFF,0xFF,0xFF,0xFF,0xFF,0xFF,
  0xFF,0xFF,0xFF,0xFC,0xFF,0xFC,0x00,0x3F,0xFF,0x80,0x07,0xFF,0xF0,0x00,0xFF,0xFE,0x00,0x0F,0xFF,0xC0,0x01,0xFF,0xF8,0x00,
  0x1F,0xFF,0x00,0x03,0xFF,0xE0,0x00,0x7F,0xFC,0x00,0x07,0xFF,0x80,0x00,0xFF,0xF0,0x00,0x0F,0xFE,0x00,0x01,0xFF,0xC0,0x00,
  0x1F,0xF0,0x00,0x00,0x1F,0xFF,0x00,0x00,0x00,0x00,0x07,0xFF,0xFF,0xC0,0x00,0x00,0x00,0xFF,0xFF,0xFF,0xC0,0x00,0x00,0x07,
  0xFF,0xFF,0xFF,0x80,0x00,0x00,0x7F,0xFF,0xFF,0xFF,0x80,0x00,0x03,0xFF,0xFF,0xFF,0xFF,0x00,0x00,0x1F,0xFF,0xFF,0xFF,0xFE,
  0x00,0x00,0xFF,0xFF,0xFF,0xFF,0xFC,0x00,0x03,0xFF,0xFF,0xFF,0xFF,0xF0,0x00,0x1F,0xFF,0xF8,0x7F,0xFF,0xE0,0x00,0xFF,0xFF,
  0x00,0x7F,0xFF,0x80,0x03,0xFF,0xF8,0x00,0xFF,0xFF,0x00,0x0F,0xFF,0xE0,0x01,0xFF,0xFC,0x00,0x7F,0xFF,0x00,0x03,0xFF,0xF0,
  0x01,0xFF,0xFC,0x00,0x0F,0xFF,0xC0,0x07,0xFF,0xF0,0x00,0x3F,0xFF,0x00,0x03,0xFF,0xC0,0x00,0xFF,0xFE,0x00,0x00,0x00,0x00,
  0x03,0xFF,0xF8,0x00,0x00,0x00,0x00,0x0F,0xFF,0xE0,0x00,0x00,0x00,0x00,0x3F,0xFF,0x80,0x00,0x00,0x00,0x00,0xFF,0xFE,0x00,
  0x00,0x00,0x00,0x03,0xFF,0xF8,0x00,0x00,0x0F,0xFF,0xFF,0xFF,0xE0,0x00,0x03,0xFF,0xFF,0xFF,0xFF,0x80,0x00,0x7F,0xFF,0xFF,
  0xFF,0xFE,0x00,0x07,0xFF,0xFF,0xFF,0xFF,0xF8,0x00,0x3F,0xFF,0xFF,0xFF,0xFF,0xE0,0x01,0xFF,0xFF,0xFF,0xFF,0xFF,0x80,0x0F,
  0xFF,0xFF,0xFF,0xFF,0xFE,0x00,0x7F,0xFF,0xFF,0xFF,0xFF,0xF8,0x03,0xFF,0xFF,0xC0,0x0F,0xFF,0xE0,0x0F,0xFF,0xF8,0x00,0x3F,
  0xFF,0x80,0x7F,0xFF,0x80,0x00,0xFF,0xFE,0x01,0xFF,0xFC,0x00,0x03,0xFF,0xF8,0x07,0xFF,0xF0,0x00,0x0F,0xFF,0xE0,0x1F,0xFF,
  0x80,0x00,0x3F,0xFF,0x80,0xFF,0xFE,0x00,0x00,0xFF,0xFE,0x03,0xFF,0xF8,0x00,0x03,0xFF,0xF8,0x0F,0xFF,0xE0,0x00,0x1F,0xFF,
  0xE0,0x3F,0xFF,0x80,0x00,0x7F,0xFF,0x80,0xFF,0xFE,0x00,0x03,0xFF,0xFE,0x03,0xFF,0xF8,0x00,0x0F,0xFF,0xF8,0x0F,0xFF,0xF0,
  0x00,0x7F,0xFF,0xE0,0x1F,0xFF,0xC0,0x03,0xFF,0xFF,0x80,0x7F,0xFF,0x80,0x1F,0xFF,0xFE,0x01,0xFF,0xFF,0x03,0xFF,0xFF,0xFC,
  0x07,0xFF,0xFF,0xFF,0xFB,0xFF,0xF8,0x0F,0xFF,0xFF,0xFF,0xE7,0xFF,0xFF,0x3F,0xFF,0xFF,0xFF,0x1F,0xFF,0xFC,0x7F,0xFF,0xFF,
  0xF8,0x7F,0xFF,0xF0,0xFF,0xFF,0xFF,0xC0,0xFF,0xFF,0xC3,0xFF,0xFF,0xFE,0x03,0xFF,0xFF,0x03,0xFF,0xFF,0xF0,0x07,0xFF,0xFC,
  0x07,0xFF,0xFF,0x80,0x0F,0xFF,0xF0,0x07,0xFF,0xF8,0x00,0x1F,0xFF,0xC0,0x03,0xFF,0x00,0x00,0x07,0xE0,0xFF,0xFE,0x00,0x00,
  0x00,0x00,0x3F,0xFF,0x80,0x00,0x00,0x00,0x0F,0xFF,0xE0,0x00,0x00,0x00,0x03,0xFF,0xF8,0x00,0x00,0x00,0x00,0xFF,0xFE,0x00,
  0x00,0x00,0x00,0x3F,0xFF,0x80,0x00,0x00,0x00,0x0F,0xFF,0xE0,0x00,0x00,0x00,0x03,0xFF,0xF8,0x00,0x00,0x00,0x00,0xFF,0xFE,
  0x00,0x00,0x00,0x00,0x3F,0xFF,0x80,0x00,0x00,0x00,0x0F,0xFF,0xE0,0x00,0x00,0x00,0x03,0xFF,0xF8,0x00,0x00,0x00,0x00,0xFF,
  0xFE,0x00,0x00,0x00,0x00,0x3F,0xFF,0x80,0x00,0x00,0x00,0x0F,0xFF,0xE0,0x00,0x00,0x00,0x03,0xFF,0xF8,0x00,0x00,0x00,0x00,
  0xFF,0xFE,0x00,0x00,0x00,0x00,0x3F,0xFF,0x80,0x00,0x00,0x00,0x0F,0xFF,0xE0,0x00,0x00,0x00,0x03,0xFF,0xF8,0x00,0x00,0x00,
  0x00,0xFF,0xFE,0x00,0x3F,0xE0,0x00,0x3F,0xFF,0x80,0x7F,0xFF,0x00,0x0F,0xFF,0xE0,0x7F,0xFF,0xF0,0x03,0xFF,0xF8,0x7F,0xFF,
  0xFE,0x00,0xFF,0xFE,0x3F,0xFF,0xFF,0xE0,0x3F,0xFF,0x9F,0xFF,0xFF,0xFC,0x0F,0xFF,0xEF,0xFF,0xFF,0xFF,0x03,0xFF,0xFB,0xFF,
  0xFF,0xFF,0xE0,0xFF,0xFF,0xFF,0xFF,0xFF,0xFC,0x3F,0xFF,0xFF,0xFF,0xFF,0xFF,0x0F,0xFF,0xFF,0x80,0x7F,0xFF,0xE3,0xFF,0xFF,
  0xC0,0x0F,0xFF,0xF8,0xFF,0xFF,0xE0,0x01,0xFF,0xFF,0x3F,0xFF,0xF0,0x00,0x3F,0xFF,0xCF,0xFF,0xF8,0x00,0x07,0xFF,0xF3,0xFF,
  0xFE,0x00,0x01,0xFF,0xFE,0xFF,0xFF,0x00,0x00,0x3F,0xFF,0xBF,0xFF,0xC0,0x00,0x0F,0xFF,0xEF,0xFF,0xF0,0x00,0x03,0xFF,0xFB,
  0xFF,0xF8,0x00,0x00,0xFF,0xFE,0xFF,0xFE,0x00,0x00,0x1F,0xFF,0xFF,0xFF,0x80,0x00,0x07,0xFF,0xFF,0xFF,0xE0,0x00,0x01,0xFF,
  0xFF,0xFF,0xF8,0x00,0x00,0x7F,0xFF,0xFF,0xFE,0x00,0x00,0x1F,0xFF,0xFF,0xFF,0x80,0x00,0x07,0xFF,0xFF,0xFF,0xC0,0x00,0x01,
  0xFF,0xFF,0xFF,0xF0,0x00,0x00,0x7F,0xFF,0xFF,0xFC,0x00,0x00,0x1F,0xFF,0xFF,0xFF,0x00,0x00,0x07,0xFF,0xFF,0xFF,0xE0,0x00,
  0x01,0xFF,0xFF,0xFF,0xF8,0x00,0x00,0x7F,0xFF,0xFF,0xFE,0x00,0x00,0x1F,0xFF,0xFF,0xFF,0x80,0x00,0x07,0xFF,0xFF,0xFF,0xE0,
  0x00,0x01,0xFF,0xFF,0xFF,0xF8,0x00,0x00,0x7F,0xFE,0xFF,0xFE,0x00,0x00,0x3F,0xFF,0xBF,0xFF,0xC0,0x00,0x0F,0xFF,0xEF,0xFF,
  0xF0,0x00,0x03,0xFF,0xFB,0xFF,0xFC,0x00,0x00,0xFF,0xFE,0xFF,0xFF,0x80,0x00,0x7F,0xFF,0x3F,0xFF,0xE0,0x00,0x1F,0xFF,0xCF,
  0xFF,0xFC,0x00,0x0F,0xFF,0xF3,0xFF,0xFF,0x80,0x07,0xFF,0xF8,0xFF,0xFF,0xF0,0x03,0xFF,0xFE,0x3F,0xFF,0xFF,0x01,0xFF,0xFF,
  0x0F,0xFF,0xFF,0xFF,0xFF,0xFF,0xC3,0xFF,0xFF,0xFF,0xFF,0xFF,0xE0,0xFF,0xFC,0xFF,0xFF,0xFF,0xF8,0x3F,0xFF,0x1F,0xFF,0xFF,
  0xFC,0x0F,0xFF,0xC7,0xFF,0xFF,0xFE,0x03,0xFF,0xF0,0xFF,0xFF,0xFF,0x00,0xFF,0xFC,0x1F,0xFF,0xFF,0x80,0x3F,0xFF,0x01,0xFF,
  0xFF,0x80,0x0F,0xFF,0xC0,0x1F,0xFF,0xC0,0x00,0x00,0x00,0x01,0xFF,0x80,0x00,0x00,0x00,0x0F,0xFF,0x80,0x00,0x00,0x00,0x1F,
  0xFF,0xFE,0x00,0x00,0x00,0x0F,0xFF,0xFF,0xF8,0x00,0x00,0x07,0xFF,0xFF,0xFF,0xC0,0x00,0x01,0xFF,0xFF,0xFF,0xFC,0x00,0x00,
  0xFF,0xFF,0xFF,0xFF,0xC0,0x00,0x3F,0xFF,0xFF,0xFF,0xFC,0x00,0x0F,0xFF,0xFF,0xFF,0xFF,0xC0,0x03,0xFF,0xFF,0xFF,0xFF,0xFC,
  0x00,0x7F,0xFF,0xFF,0xFF,0xFF,0xC0,0x1F,0xFF,0xF0,0x0F,0xFF,0xFC,0x07,0xFF,0xFC,0x00,0x7F,0xFF,0x80,0xFF,0xFE,0x00,0x07,
  0xFF,0xF8,0x3F,0xFF,0xC0,0x00,0x7F,0xFF,0x07,0xFF,0xF0,0x00,0x07,0xFF,0xE1,0xFF,0xFE,0x00,0x00,0xFF,0xFE,0x3F,0xFF,0x80,
  0x00,0x1F,0xFF,0xC7,0xFF,0xF0,0x00,0x01,0xFF,0xF8,0xFF,0xFC,0x00,0x00,0x3F,0xFC,0x3F,0xFF,0x80,0x00,0x00,0x00,0x07,0xFF,
  0xF0,0x00,0x00,0x00,0x00,0xFF,0xFE,0x00,0x00,0x00,0x00,0x1F,0xFF,0xC0,0x00,0x00,0x00,0x03,0xFF,0xF8,0x00,0x00,0x00,0x00,
  0x7F,0xFF,0x00,0x00,0x00,0x00,0x0F,0xFF,0xC0,0x00,0x00,0x00,0x01,0xFF,0xF8,0x00,0x00,0x00,0x00,0x7F,0xFF,0x00,0x00,0x00,
  0x00,0x0F,0xFF,0xE0,0x00,0x00,0x00,0x01,0xFF,0xFC,0x00,0x00,0x00,0x00,0x1F,0xFF,0xC0,0x00,0x00,0x00,0x03,0xFF,0xF8,0x00,
  0x00,0x00,0x00,0x7F,0xFF,0x00,0x00,0x00,0x00,0x0F,0xFF,0xE0,0x00,0x00,0x00,0x01,0xFF,0xFC,0x00,0x00,0x00,0x00,0x3F,0xFF,
  0x80,0x00,0x00,0x00,0x07,0xFF,0xF0,0x00,0x00,0xFF,0xF8,0xFF,0xFF,0x00,0x00,0x1F,0xFF,0xCF,0xFF,0xE0,0x00,0x03,0xFF,0xF1,
  0xFF,0xFC,0x00,0x00,0x7F,0xFE,0x3F,0xFF,0xC0,0x00,0x1F,0xFF,0xC3,0xFF,0xF8,0x00,0x03,0xFF,0xF8,0x7F,0xFF,0x80,0x00,0xFF,
  0xFE,0x07,0xFF,0xF8,0x00,0x3F,0xFF,0xC0,0xFF,0xFF,0x80,0x0F,0xFF,0xF0,0x0F,0xFF,0xF8,0x07,0xFF,0xFE,0x01,0xFF,0xFF,0xFF,
  0xFF,0xFF,0x80,0x1F,0xFF,0xFF,0xFF,0xFF,0xE0,0x01,0xFF,0xFF,0xFF,0xFF,0xF8,0x00,0x1F,0xFF,0xFF,0xFF,0xFE,0x00,0x01,0xFF,
  0xFF,0xFF,0xFF,0x80,0x00,0x1F,0xFF,0xFF,0xFF,0xE0,0x00,0x00,0xFF,0xFF,0xFF,0xF0,0x00,0x00,0x07,0xFF,0xFF,0xFC,0x00,0x00,
  0x00,0x3F,0xFF,0xFC,0x00,0x00,0x00,0x00,0x7F,0xF8,0x00,0x00,0x00,0x00,0x00,0x00,0x1F,0xFF,0x80,0x00,0x00,0x00,0x07,0xFF,
  0xE0,0x00,0x00,0x00,0x01,0xFF,0xF8,0x00,0x00,0x00,0x00,0x7F,0xFE,0x00,0x00,0x00,0x00,0x1F,0xFF,0x80,0x00,0x00,0x00,0x07,
  0xFF,0xE0,0x00,0x00,0x00,0x01,0xFF,0xF8,0x00,0x00,0x00,0x00,0x7F,0xFE,0x00,0x00,0x00,0x00,0x1F,0xFF,0x80,0x00,0x00,0x00,
  0x07,0xFF,0xE0,0x00,0x00,0x00,0x01,0xFF,0xF8,0x00,0x00,0x00,0x00,0x7F,0xFE,0x00,0x00,0x00,0x00,0x1F,0xFF,0x80,0x00,0x00,
  0x00,0x07,0xFF,0xE0,0x00,0x00,0x00,0x01,0xFF,0xF8,0x00,0x00,0x00,0x00,0x7F,0xFE,0x00,0x00,0x00,0x00,0x1F,0xFF,0x80,0x00,
  0x00,0x00,0x07,0xFF,0xE0,0x00,0x00,0x00,0x01,0xFF,0xF8,0x00,0x00,0x00,0x00,0x7F,0xFE,0x00,0x01,0xFF,0x80,0x1F,0xFF,0x80,
  0x03,0xFF,0xF8,0x07,0xFF,0xE0,0x03,0xFF,0xFF,0x81,0xFF,0xF8,0x01,0xFF,0xFF,0xF8,0x7F,0xFE,0x00,0xFF,0xFF,0xFF,0x1F,0xFF,
  0x80,0x7F,0xFF,0xFF,0xE7,0xFF,0xE0,0x3F,0xFF,0xFF,0xF9,0xFF,0xF8,0x1F,0xFF,0xFF,0xFF,0x7F,0xFE,0x0F,0xFF,0xFF,0xFF,0xFF,
  0xFF,0x83,0xFF,0xFF,0xFF,0xFF,0xFF,0xE1,0xFF,0xFF,0x80,0x7F,0xFF,0xF8,0x7F,0xFF,0xC0,0x0F,0xFF,0xFE,0x3F,0xFF,0xE0,0x01,
  0xFF,0xFF,0x8F,0xFF,0xF0,0x00,0x3F,0xFF,0xE3,0xFF,0xF8,0x00,0x07,0xFF,0xF9,0xFF,0xFE,0x00,0x01,0xFF,0xFE,0x7F,0xFF,0x00,
  0x00,0x3F,0xFF,0x9F,0xFF,0xC0,0x00,0x0F,0xFF,0xE7,0xFF,0xF0,0x00,0x03,0xFF,0xFB,0xFF,0xF8,0x00,0x00,0xFF,0xFE,0xFF,0xFE,
  0x00,0x00,0x1F,0xFF,0xBF,0xFF,0x80,0x00,0x07,0xFF,0xEF,0xFF,0xE0,0x00,0x01,0xFF,0xFB,0xFF,0xF8,0x00,0x00,0x7F,0xFE,0xFF,
  0xFE,0x00,0x00,0x1F,0xFF,0xBF,0xFF,0x80,0x00,0x07,0xFF,0xEF,0xFF,0xE0,0x00,0x01,0xFF,0xFB,0xFF,0xF8,0x00,0x00,0x7F,0xFE,
  0xFF,0xFE,0x00,0x00,0x1F,0xFF,0xBF,0xFF,0x80,0x00,0x07,0xFF,0xEF,0xFF,0xE0,0x00,0x01,0xFF,0xFB,0xFF,0xF8,0x00,0x00,0x7F,
  0xFE,0xFF,0xFE,0x00,0x00,0x1F,0xFF,0xBF,0xFF,0x80,0x00,0x07,0xFF,0xEF,0xFF,0xE0,0x00,0x01,0xFF,0xFB,0xFF,0xF8,0x00,0x00,
  0x7F,0xFE,0xFF,0xFE,0x00,0x00,0x3F,0xFF,0x9F,0xFF,0xC0,0x00,0x0F,0xFF,0xE7,0xFF,0xF0,0x00,0x03,0xFF,0xF9,0xFF,0xFC,0x00,
  0x01,0xFF,0xFE,0x7F,0xFF,0x80,0x00,0x7F,0xFF,0x8F,0xFF,0xE0,0x00,0x3F,0xFF,0xE3,0xFF,0xFC,0x00,0x0F,0xFF,0xF8,0xFF,0xFF,
  0x80,0x07,0xFF,0xFE,0x1F,0xFF,0xF0,0x03,0xFF,0xFF,0x87,0xFF,0xFE,0x03,0xFF,0xFF,0xE0,0xFF,0xFF,0xFF,0xFF,0xFF,0xF8,0x3F,
  0xFF,0xFF,0xFF,0x7F,0xFE,0x07,0xFF,0xFF,0xFF,0xDF,0xFF,0xC0,0xFF,0xFF,0xFF,0xE7,0xFF,0xF0,0x1F,0xFF,0xFF,0xF1,0xFF,0xFC,
  0x03,0xFF,0xFF,0xF8,0x3F,0xFF,0x00,0x7F,0xFF,0xFC,0x0F,0xFF,0xC0,0x0F,0xFF,0xFE,0x03,0xFF,0xF0,0x00,0xFF,0xFE,0x00,0xFF,
  0xFC,0x00,0x07,0xFC,0x00,0x00,0x00,0x00,0x00,0x0F,0xFF,0x80,0x00,0x00,0x00,0x0F,0xFF,0xFF,0x00,0x00,0x00,0x03,0xFF,0xFF,
  0xFC,0x00,0x00,0x00,0xFF,0xFF,0xFF,0xF0,0x00,0x00,0x3F,0xFF,0xFF,0xFF,0xC0,0x00,0x07,0xFF,0xFF,0xFF,0xFE,0x00,0x00,0xFF,
  0xFF,0xFF,0xFF,0xF0,0x00,0x1F,0xFF,0xFF,0xFF,0xFF,0x80,0x03,0xFF,0xFF,0xFF,0xFF,0xFC,0x00,0x7F,0xFF,0xE0,0x3F,0xFF,0xC0,
  0x0F,0xFF,0xF8,0x00,0xFF,0xFE,0x00,0xFF,0xFE,0x00,0x03,0xFF,0xF0,0x1F,0xFF,0xC0,0x00,0x1F,0xFF,0x01,0xFF,0xFC,0x00,0x01,
  0xFF,0xF8,0x3F,0xFF,0x80,0x00,0x0F,0xFF,0x83,0xFF,0xF0,0x00,0x00,0xFF,0xFC,0x3F,0xFF,0x00,0x00,0x07,0xFF,0xC7,0xFF,0xF0,
  0x00,0x00,0x7F,0xFC,0x7F,0xFE,0x00,0x00,0x07,0xFF,0xC7,0xFF,0xE0,0x00,0x00,0x3F,0xFE,0x7F,0xFE,0x00,0x00,0x03,0xFF,0xEF,
  0xFF,0xE0,0x00,0x00,0x3F,0xFE,0xFF,0xFF,0xFF,0xFF,0xFF,0xFF,0xEF,0xFF,0xFF,0xFF,0xFF,0xFF,0xFE,0xFF,0xFF,0xFF,0xFF,0xFF,
  0xFF,0xFF,0xFF,0xFF,0xFF,0xFF,0xFF,0xFF,0xFF,0xFF,0xFF,0xFF,0xFF,0xFF,0xFF,0xFF,0xFF,0xFF,0xFF,0xFF,0xFF,0xFF,0xFF,0xFF,
  0xFF,0xFF,0xFF,0xFF,0xFF,0xFF,0xFF,0xFF,0xFF,0xFF,0xFF,0xFF,0xFF,0xFF,0xFF,0xFF,0xFF,0xFF,0xE0,0x00,0x00,0x00,0x00,0xFF,
  0xFE,0x00,0x00,0x00,0x00,0x0F,0xFF,0xE0,0x00,0x00,0x00,0x00,0xFF,0xFE,0x00,0x00,0x00,0x00,0x07,0xFF,0xE0,0x00,0x00,0x00,
  0x00,0x7F,0xFF,0x00,0x00,0x00,0x00,0x07,0xFF,0xF0,0x00,0x00,0x00,0x00,0x7F,0xFF,0x00,0x00,0x00,0x00,0x03,0xFF,0xF8,0x00,
  0x00,0x00,0x00,0x3F,0xFF,0x80,0x00,0x07,0xF0,0x03,0xFF,0xFC,0x00,0x00,0x7F,0xFE,0x1F,0xFF,0xC0,0x00,0x0F,0xFF,0xC1,0xFF,
  0xFE,0x00,0x00,0xFF,0xFC,0x0F,0xFF,0xF8,0x00,0x3F,0xFF,0x80,0xFF,0xFF,0xC0,0x0F,0xFF,0xF8,0x07,0xFF,0xFF,0xFF,0xFF,0xFF,
  0x00,0x3F,0xFF,0xFF,0xFF,0xFF,0xE0,0x01,0xFF,0xFF,0xFF,0xFF,0xFC,0x00,0x0F,0xFF,0xFF,0xFF,0xFF,0x80,0x00,0x7F,0xFF,0xFF,
  0xFF,0xF0,0x00,0x03,0xFF,0xFF,0xFF,0xFE,0x00,0x00,0x0F,0xFF,0xFF,0xFF,0x80,0x00,0x00,0x3F,0xFF,0xFF,0xE0,0x00,0x00,0x00,
  0xFF,0xFF,0xF8,0x00,0x00,0x00,0x00,0xFF,0xF8,0x00,0x00,0x00,0x00,0x00,0x0F,0xFF,0xF0,0x00,0x00,0x00,0x3F,0xFF,0xFF,0xF0,
  0x00,0x00,0x7F,0xFF,0xFF,0xFC,0x00,0x00,0x3F,0xFF,0xFF,0xFF,0x00,0x00,0x3F,0xFF,0xFF,0xFF,0xC0,0x00,0x1F,0xFF,0xFF,0xFF,
  0xF0,0x00,0x0F,0xFF,0xFF,0xFF,0xFC,0x00,0x03,0xFF,0xFF,0xFF,0xFF,0x00,0x01,0xFF,0xFF,0xFF,0xFF,0xC0,0x00,0x7F,0xFF,0xFF,
  0xFF,0xF0,0x00,0x3F,0xFF,0xF0,0x00,0x0C,0x00,0x0F,0xFF,0xF0,0x00,0x00,0x00,0x07,0xFF,0xF8,0x00,0x00,0x00,0x01,0xFF,0xFC,
  0x00,0x00,0x00,0x00,0x7F,0xFF,0x00,0x00,0x00,0x00,0x1F,0xFF,0x80,0x00,0x00,0x00,0x07,0xFF,0xE0,0x00,0x00,0x00,0x01,0xFF,
  0xF8,0x00,0x00,0x00,0x00,0x7F,0xFE,0x00,0x00,0x00,0x00,0x1F,0xFF,0x80,0x00,0x00,0x00,0x07,0xFF,0xE0,0x00,0x00,0x00,0x01,
  0xFF,0xF8,0x00,0x00,0x00,0x00,0x7F,0xFE,0x00,0x00,0x03,0xFF,0xFF,0xFF,0xFF,0xFF,0xFE,0xFF,0xFF,0xFF,0xFF,0xFF,0xFF,0xBF,
  0xFF,0xFF,0xFF,0xFF,0xFF,0xEF,0xFF,0xFF,0xFF,0xFF,0xFF,0xFB,0xFF,0xFF,0xFF,0xFF,0xFF,0xFE,0xFF,0xFF,0xFF,0xFF,0xFF,0xFF,
  0xBF,0xFF,0xFF,0xFF,0xFF,0xFF,0xEF,0xFF,0xFF,0xFF,0xFF,0xFF,0xFB,0xFF,0xFF,0xFF,0xFF,0xFF,0xFE,0xFF,0xFF,0xFF,0xFF,0xFF,
  0xFF,0x80,0x01,0xFF,0xF8,0x00,0x00,0x00,0x00,0x7F,0xFE,0x00,0x00,0x00,0x00,0x1F,0xFF,0x80,0x00,0x00,0x00,0x07,0xFF,0xE0,
  0x00,0x00,0x00,0x01,0xFF,0xF8,0x00,0x00,0x00,0x00,0x7F,0xFE,0x00,0x00,0x00,0x00,0x1F,0xFF,0x80,0x00,0x00,0x00,0x07,0xFF,
  0xE0,0x00,0x00,0x00,0x01,0xFF,0xF8,0x00,0x00,0x00,0x00,0x7F,0xFE,0x00,0x00,0x00,0x00,0x1F,0xFF,0x80,0x00,0x00,0x00,0x07,
  0xFF,0xE0,0x00,0x00,0x00,0x01,0xFF,0xF8,0x00,0x00,0x00,0x00,0x7F,0xFE,0x00,0x00,0x00,0x00,0x1F,0xFF,0x80,0x00,0x00,0x00,
  0x07,0xFF,0xE0,0x00,0x00,0x00,0x01,0xFF,0xF8,0x00,0x00,0x00,0x00,0x7F,0xFE,0x00,0x00,0x00,0x00,0x1F,0xFF,0x80,0x00,0x00,
  0x00,0x07,0xFF,0xE0,0x00,0x00,0x00,0x01,0xFF,0xF8,0x00,0x00,0x00,0x00,0x7F,0xFE,0x00,0x00,0x00,0x00,0x1F,0xFF,0x80,0x00,
  0x00,0x00,0x07,0xFF,0xE0,0x00,0x00,0x00,0x01,0xFF,0xF8,0x00,0x00,0x00,0x00,0x7F,0xFE,0x00,0x00,0x00,0x00,0x1F,0xFF,0x80,
  0x00,0x00,0x00,0x07,0xFF,0xE0,0x00,0x00,0x00,0x01,0xFF,0xF8,0x00,0x00,0x00,0x00,0x7F,0xFE,0x00,0x00,0x00,0x00,0x1F,0xFF,
  0x80,0x00,0x00,0x00,0x07,0xFF,0xE0,0x00,0x00,0x00,0x01,0xFF,0xF8,0x00,0x00,0x00,0x00,0x7F,0xFE,0x00,0x00,0x00,0x00,0x1F,
  0xFF,0x80,0x00,0x00,0x00,0x07,0xFF,0xE0,0x00,0x00,0x00,0x01,0xFF,0xF8,0x00,0x00,0x00,0x00,0x7F,0xFE,0x00,0x00,0x00,0x00,
  0x1F,0xFF,0x80,0x00,0x00,0x00,0x07,0xFF,0xE0,0x00,0x00,0x00,0x01,0xFF,0xF8,0x00,0x00,0x00,0x00,0x7F,0xFE,0x00,0x00,0x00,
  0x00,0x1F,0xFF,0x80,0x00,0x00,0x00,0x07,0xFF,0xE0,0x00,0x00,0x00,0x00,0x01,0xFF,0x80,0x00,0x00,0x00,0x03,0xFF,0xFC,0x03,
  0xFF,0xF0,0x03,0xFF,0xFF,0xC0,0xFF,0xFC,0x01,0xFF,0xFF,0xF8,0x3F,0xFF,0x00,0xFF,0xFF,0xFF,0x0F,0xFF,0xC0,0x7F,0xFF,0xFF,
  0xE3,0xFF,0xF0,0x3F,0xFF,0xFF,0xFC,0xFF,0xFC,0x1F,0xFF,0xFF,0xFF,0xBF,0xFF,0x07,0xFF,0xFF,0xFF,0xEF,0xFF,0xC3,0xFF,0xFF,
  0xFF,0xFF,0xFF,0xF1,0xFF,0xFF,0xC0,0x7F,0xFF,0xFC,0x7F,0xFF,0xC0,0x0F,0xFF,0xFF,0x1F,0xFF,0xE0,0x01,0xFF,0xFF,0xCF,0xFF,
  0xF0,0x00,0x3F,0xFF,0xF3,0xFF,0xFC,0x00,0x07,0xFF,0xFC,0xFF,0xFE,0x00,0x01,0xFF,0xFF,0x7F,0xFF,0x80,0x00,0x3F,0xFF,0xDF,
  0xFF,0xC0,0x00,0x0F,0xFF,0xF7,0xFF,0xF0,0x00,0x01,0xFF,0xFD,0xFF,0xFC,0x00,0x00,0x7F,0xFF,0x7F,0xFF,0x00,0x00,0x1F,0xFF,
  0xFF,0xFF,0x80,0x00,0x07,0xFF,0xFF,0xFF,0xE0,0x00,0x01,0xFF,0xFF,0xFF,0xF8,0x00,0x00,0x3F,0xFF,0xFF,0xFE,0x00,0x00,0x0F,
  0xFF,0xFF,0xFF,0x80,0x00,0x03,0xFF,0xFF,0xFF,0xE0,0x00,0x00,0xFF,0xFF,0xFF,0xF8,0x00,0x00,0x3F,0xFF,0xFF,0xFE,0x00,0x00,
  0x0F,0xFF,0xFF,0xFF,0x80,0x00,0x03,0xFF,0xFF,0xFF,0xE0,0x00,0x00,0xFF,0xFF,0xFF,0xF8,0x00,0x00,0x3F,0xFF,0xFF,0xFE,0x00,
  0x00,0x1F,0xFF,0xFF,0xFF,0x80,0x00,0x07,0xFF,0xF7,0xFF,0xF0,0x00,0x01,0xFF,0xFD,0xFF,0xFC,0x00,0x00,0x7F,0xFF,0x7F,0xFF,
  0x00,0x00,0x1F,0xFF,0xDF,0xFF,0xC0,0x00,0x0F,0xFF,0xF7,0xFF,0xF8,0x00,0x03,0xFF,0xFD,0xFF,0xFE,0x00,0x01,0xFF,0xFF,0x3F,
  0xFF,0xC0,0x00,0x7F,0xFF,0xCF,0xFF,0xF0,0x00,0x3F,0xFF,0xF3,0xFF,0xFE,0x00,0x1F,0xFF,0xFC,0x7F,0xFF,0xC0,0x0F,0xFF,0xFF,
  0x1F,0xFF,0xFC,0x07,0xFF,0xFF,0xC3,0xFF,0xFF,0xFF,0xFF,0xFF,0xF0,0xFF,0xFF,0xFF,0xFE,0xFF,0xFC,0x1F,0xFF,0xFF,0xFF,0x3F,
  0xFF,0x03,0xFF,0xFF,0xFF,0xCF,0xFF,0xC0,0xFF,0xFF,0xFF,0xE3,0xFF,0xF0,0x1F,0xFF,0xFF,0xF0,0xFF,0xFC,0x03,0xFF,0xFF,0xF8,
  0x3F,0xFF,0x00,0x3F,0xFF,0xF8,0x0F,0xFF,0xC0,0x03,0xFF,0xF8,0x03,0xFF,0xF0,0x00,0x3F,0xF0,0x00,0xFF,0xFC,0x00,0x00,0x00,
  0x00,0x3F,0xFF,0x00,0x00,0x00,0x00,0x1F,0xFF,0xC0,0x00,0x00,0x00,0x07,0xFF,0xF0,0x00,0x00,0x00,0x01,0xFF,0xF8,0x00,0x00,
  0x00,0x00,0x7F,0xFE,0x00,0x00,0x00,0x00,0x1F,0xFF,0x80,0x03,0xE0,0x00,0x0F,0xFF,0xE1,0xFF,0xF8,0x00,0x03,0xFF,0xF8,0x7F,
  0xFF,0x00,0x01,0xFF,0xFC,0x1F,0xFF,0xC0,0x00,0x7F,0xFF,0x07,0xFF,0xF8,0x00,0x3F,0xFF,0x80,0xFF,0xFF,0x80,0x3F,0xFF,0xE0,
  0x3F,0xFF,0xF8,0x3F,0xFF,0xF0,0x07,0xFF,0xFF,0xFF,0xFF,0xFC,0x00,0xFF,0xFF,0xFF,0xFF,0xFE,0x00,0x3F,0xFF,0xFF,0xFF,0xFF,
  0x00,0x07,0xFF,0xFF,0xFF,0xFF,0x80,0x00,0x7F,0xFF,0xFF,0xFF,0xC0,0x00,0x0F,0xFF,0xFF,0xFF,0xC0,0x00,0x00,0xFF,0xFF,0xFF,
  0xC0,0x00,0x00,0x07,0xFF,0xFF,0xC0,0x00,0x00,0x00,0x1F,0xFF,0x00,0x00,0x00,0xFF,0xFC,0x00,0x00,0x00,0x00,0x7F,0xFE,0x00,
  0x00,0x00,0x00,0x3F,0xFF,0x00,0x00,0x00,0x00,0x1F,0xFF,0x80,0x00,0x00,0x00,0x0F,0xFF,0xC0,0x00,0x00,0x00,0x07,0xFF,0xE0,
  0x00,0x00,0x00,0x03,0xFF,0xF0,0x00,0x00,0x00,0x01,0xFF,0xF8,0x00,0x00,0x00,0x00,0xFF,0xFC,0x00,0x00,0x00,0x00,0x7F,0xFE,
  0x00,0x00,0x00,0x00,0x3F,0xFF,0x00,0x00,0x00,0x00,0x1F,0xFF,0x80,0x00,0x00,0x00,0x0F,0xFF,0xC0,0x00,0x00,0x00,0x07,0xFF,
  0xE0,0x00,0x00,0x00,0x03,0xFF,0xF0,0x00,0x00,0x00,0x01,0xFF,0xF8,0x00,0x00,0x00,0x00,0xFF,0xFC,0x00,0x00,0x00,0x00,0x7F,
  0xFE,0x00,0x00,0x00,0x00,0x3F,0xFF,0x00,0x00,0x00,0x00,0x1F,0xFF,0x80,0x00,0x00,0x00,0x0F,0xFF,0xC0,0x01,0xFF,0x80,0x07,
  0xFF,0xE0,0x07,0xFF,0xF8,0x03,0xFF,0xF0,0x0F,0xFF,0xFE,0x01,0xFF,0xF8,0x1F,0xFF,0xFF,0xC0,0xFF,0xFC,0x1F,0xFF,0xFF,0xF0,
  0x7F,0xFE,0x1F,0xFF,0xFF,0xFC,0x3F,0xFF,0x1F,0xFF,0xFF,0xFE,0x1F,0xFF,0x8F,0xFF,0xFF,0xFF,0x8F,0xFF,0xCF,0xFF,0xFF,0xFF,
  0xC7,0xFF,0xEF,0xFF,0xFF,0xFF,0xF3,0xFF,0xF7,0xFF,0xFF,0xFF,0xF9,0xFF,0xFF,0xF8,0x07,0xFF,0xFE,0xFF,0xFF,0xF0,0x01,0xFF,
  0xFF,0x7F,0xFF,0xF0,0x00,0x7F,0xFF,0xBF,0xFF,0xF0,0x00,0x1F,0xFF,0xDF,0xFF,0xF0,0x00,0x0F,0xFF,0xEF,0xFF,0xF8,0x00,0x03,
  0xFF,0xF7,0xFF,0xF8,0x00,0x01,0xFF,0xFB,0xFF,0xFC,0x00,0x00,0xFF,0xFF,0xFF,0xFC,0x00,0x00,0x7F,0xFF,0xFF,0xFE,0x00,0x00,
  0x3F,0xFF,0xFF,0xFF,0x00,0x00,0x1F,0xFF,0xFF,0xFF,0x80,0x00,0x0F,0xFF,0xFF,0xFF,0xC0,0x00,0x07,0xFF,0xFF,0xFF,0xC0,0x00,
  0x03,0xFF,0xFF,0xFF,0xE0,0x00,0x01,0xFF,0xFF,0xFF,0xF0,0x00,0x00,0xFF,0xFF,0xFF,0xF8,0x00,0x00,0x7F,0xFF,0xFF,0xFC,0x00,
  0x00,0x3F,0xFF,0xFF,0xFE,0x00,0x00,0x1F,0xFF,0xFF,0xFF,0x00,0x00,0x0F,0xFF,0xFF,0xFF,0x80,0x00,0x07,0xFF,0xFF,0xFF,0xC0,
  0x00,0x03,0xFF,0xFF,0xFF,0xE0,0x00,0x01,0xFF,0xFF,0xFF,0xF0,0x00,0x00,0xFF,0xFF,0xFF,0xF8,0x00,0x00,0x7F,0xFF,0xFF,0xFC,
  0x00,0x00,0x3F,0xFF,0xFF,0xFE,0x00,0x00,0x1F,0xFF,0xFF,0xFF,0x00,0x00,0x0F,0xFF,0xFF,0xFF,0x80,0x00,0x07,0xFF,0xFF,0xFF,
  0xC0,0x00,0x03,0xFF,0xFF,0xFF,0xE0,0x00,0x01,0xFF,0xFF,0xFF,0xF0,0x00,0x00,0xFF,0xFF,0xFF,0xF8,0x00,0x00,0x7F,0xFF,0xFF,
  0xFC,0x00,0x00,0x3F,0xFF,0xFF,0xFE,0x00,0x00,0x1F,0xFF,0xFF,0xFF,0x00,0x00,0x0F,0xFF,0xFF,0xFF,0x80,0x00,0x07,0xFF,0xFF,
  0xFF,0xC0,0x00,0x03,0xFF,0xFF,0xFF,0xE0,0x00,0x01,0xFF,0xFF,0xFF,0xF0,0x00,0x00,0xFF,0xFF,0xFF,0xF8,0x00,0x00,0x7F,0xFF,
  0xFF,0xFC,0x00,0x00,0x3F,0xFF,0xFF,0xFE,0x00,0x00,0x1F,0xFF,0xFF,0xFF,0x00,0x00,0x0F,0xFF,0xE0,0x00,0x00,0x0F,0xFF,0xC0,
  0x00,0x00,0x00,0x00,0xFF,0xFC,0x00,0x00,0x00,0x00,0x0F,0xFF,0xC0,0x00,0x00,0x00,0x00,0xFF,0xFC,0x00,0x00,0x00,0x00,0x0F,
  0xFF,0xC0,0x00,0x00,0x00,0x00,0xFF,0xFC,0x00,0x00,0x00,0x00,0x0F,0xFF,0xC0,0x00,0x00,0x00,0x00,0xFF,0xFC,0x00,0x00,0x00,
  0x00,0x0F,0xFF,0xC0,0x00,0x00,0x00,0x00,0xFF,0xFC,0x00,0x00,0x00,0x00,0x00,0x00,0x00,0x00,0x00,0x00,0x00,0x00,0x00,0x00,
  0x00,0x00,0x00,0x00,0x00,0x00,0x00,0x00,0x00,0x00,0x00,0x00,0x00,0x00,0x00,0x00,0x00,0x00,0x00,0x00,0x00,0x00,0x00,0x00,
  0x00,0x00,0x00,0x00,0x00,0x00,0x00,0x00,0x00,0x00,0x00,0x00,0x00,0x00,0x00,0x00,0x00,0x00,0x00,0x00,0x00,0x00,0x00,0x00,
  0x00,0x00,0x00,0x00,0x00,0x00,0x00,0x00,0x00,0x00,0x00,0x00,0x7F,0xFF,0xFF,0xFC,0x00,0x00,0x07,0xFF,0xFF,0xFF,0xC0,0x00,
  0x00,0x7F,0xFF,0xFF,0xFC,0x00,0x00,0x07,0xFF,0xFF,0xFF,0xC0,0x00,0x00,0x7F,0xFF,0xFF,0xFC,0x00,0x00,0x07,0xFF,0xFF,0xFF,
  0xC0,0x00,0x00,0x7F,0xFF,0xFF,0xFC,0x00,0x00,0x07,0xFF,0xFF,0xFF,0xC0,0x00,0x00,0x7F,0xFF,0xFF,0xFC,0x00,0x00,0x07,0xFF,
  0xFF,0xFF,0xC0,0x00,0x00,0x00,0x00,0xFF,0xFC,0x00,0x00,0x00,0x00,0x0F,0xFF,0xC0,0x00,0x00,0x00,0x00,0xFF,0xFC,0x00,0x00,
  0x00,0x00,0x0F,0xFF,0xC0,0x00,0x00,0x00,0x00,0xFF,0xFC,0x00,0x00,0x00,0x00,0x0F,0xFF,0xC0,0x00,0x00,0x00,0x00,0xFF,0xFC,
  0x00,0x00,0x00,0x00,0x0F,0xFF,0xC0,0x00,0x00,0x00,0x00,0xFF,0xFC,0x00,0x00,0x00,0x00,0x0F,0xFF,0xC0,0x00,0x00,0x00,0x00,
  0xFF,0xFC,0x00,0x00,0x00,0x00,0x0F,0xFF,0xC0,0x00,0x00,0x00,0x00,0xFF,0xFC,0x00,0x00,0x00,0x00,0x0F,0xFF,0xC0,0x00,0x00,
  0x00,0x00,0xFF,0xFC,0x00,0x00,0x00,0x00,0x0F,0xFF,0xC0,0x00,0x00,0x00,0x00,0xFF,0xFC,0x00,0x00,0x00,0x00,0x0F,0xFF,0xC0,
  0x00,0x00,0x00,0x00,0xFF,0xFC,0x00,0x00,0x00,0x00,0x0F,0xFF,0xC0,0x00,0x00,0x00,0x00,0xFF,0xFC,0x00,0x00,0x00,0x00,0x0F,
  0xFF,0xC0,0x00,0x00,0x00,0x00,0xFF,0xFC,0x00,0x00,0x00,0x00,0x0F,0xFF,0xC0,0x00,0x00,0x00,0x00,0xFF,0xFC,0x00,0x00,0x00,
  0x00,0x0F,0xFF,0xC0,0x00,0x00,0x00,0x00,0xFF,0xFC,0x00,0x00,0x00,0x00,0x0F,0xFF,0xC0,0x00,0x00,0x00,0x00,0xFF,0xFC,0x00,
  0x00,0x00,0x00,0x0F,0xFF,0xC0,0x00,0x00,0x00,0x00,0xFF,0xFC,0x00,0x00,0x00,0x00,0x0F,0xFF,0xC0,0x00,0x00,0x00,0x00,0xFF,
  0xFC,0x00,0x00,0x00,0x00,0x0F,0xFF,0xC0,0x00,0x0F,0xFF,0xFF,0xFF,0xFF,0xFF,0xFE,0xFF,0xFF,0xFF,0xFF,0xFF,0xFF,0xFF,0xFF,
  0xFF,0xFF,0xFF,0xFF,0xFF,0xFF,0xFF,0xFF,0xFF,0xFF,0xFF,0xFF,0xFF,0xFF,0xFF,0xFF,0xFF,0xFF,0xFF,0xFF,0xFF,0xFF,0xFF,0xFF,
  0xFF,0xFF,0xFF,0xFF,0xFF,0xFF,0xFF,0xFF,0xFF,0xFF,0xFF,0xFF,0xFF,0xFF,0xFF,0xFF,0xFF,0xFF,0xFF,0xFF,0xFF,0xFF,0xFF,0xFF,
  0xFF,0xFF,0xF0,0x00,0x00,0x01,0xFF,0xFC,0x00,0x00,0x07,0xFF,0xF0,0x00,0x00,0x1F,0xFF,0xC0,0x00,0x00,0x7F,0xFF,0x00,0x00,
  0x01,0xFF,0xFC,0x00,0x00,0x07,0xFF,0xF0,0x00,0x00,0x1F,0xFF,0xC0,0x00,0x00,0x7F,0xFF,0x00,0x00,0x01,0xFF,0xFC,0x00,0x00,
  0x07,0xFF,0xF0,0x00,0x00,0x00,0x00,0x00,0x00,0x00,0x00,0x00,0x00,0x00,0x00,0x00,0x00,0x00,0x00,0x00,0x00,0x00,0x00,0x00,
  0x00,0x00,0x00,0x00,0x00,0x00,0x00,0x00,0x00,0x00,0x00,0x00,0x00,0x00,0x00,0x00,0x00,0x00,0x00,0x00,0x00,0x00,0x00,0x00,
  0x00,0x00,0x00,0x00,0x00,0x00,0x00,0x1F,0xFF,0xFF,0xFF,0xF0,0x7F,0xFF,0xFF,0xFF,0xC1,0xFF,0xFF,0xFF,0xFF,0x07,0xFF,0xFF,
  0xFF,0xFC,0x1F,0xFF,0xFF,0xFF,0xF0,0x7F,0xFF,0xFF,0xFF,0xC1,0xFF,0xFF,0xFF,0xFF,0x07,0xFF,0xFF,0xFF,0xFC,0x1F,0xFF,0xFF,
  0xFF,0xF0,0x3F,0xFF,0xFF,0xFF,0xC0,0x00,0x00,0x7F,0xFF,0x00,0x00,0x01,0xFF,0xFC,0x00,0x00,0x07,0xFF,0xF0,0x00,0x00,0x1F,
  0xFF,0xC0,0x00,0x00,0x7F,0xFF,0x00,0x00,0x01,0xFF,0xFC,0x00,0x00,0x07,0xFF,0xF0,0x00,0x00,0x1F,0xFF,0xC0,0x00,0x00,0x7F,
  0xFF,0x00,0x00,0x01,0xFF,0xFC,0x00,0x00,0x07,0xFF,0xF0,0x00,0x00,0x1F,0xFF,0xC0,0x00,0x00,0x7F,0xFF,0x00,0x00,0x01,0xFF,
  0xFC,0x00,0x00,0x07,0xFF,0xF0,0x00,0x00,0x1F,0xFF,0xC0,0x00,0x00,0x7F,0xFF,0x00,0x00,0x01,0xFF,0xFC,0x00,0x00,0x07,0xFF,
  0xF0,0x00,0x00,0x1F,0xFF,0xC0,0x00,0x00,0x7F,0xFF,0x00,0x00,0x01,0xFF,0xFC,0x00,0x00,0x07,0xFF,0xF0,0x00,0x00,0x1F,0xFF,
  0xC0,0x00,0x00,0x7F,0xFF,0x00,0x00,0x01,0xFF,0xFC,0x00,0x00,0x07,0xFF,0xF0,0x00,0x00,0x1F,0xFF,0xC0,0x00,0x00,0x7F,0xFF,
  0x00,0x00,0x01,0xFF,0xFC,0x00,0x00,0x07,0xFF,0xF0,0x00,0x00,0x1F,0xFF,0xC0,0x00,0x00,0x7F,0xFF,0x00,0x00,0x01,0xFF,0xFC,
  0x00,0x00,0x07,0xFF,0xF0,0x00,0x00,0x1F,0xFF,0xC0,0x00,0x00,0x7F,0xFF,0x00,0x00,0x01,0xFF,0xFC,0x00,0x00,0x07,0xFF,0xF0,
  0x00,0x00,0x1F,0xFF,0xC0,0x00,0x00,0x7F,0xFF,0x00,0x00,0x01,0xFF,0xFC,0x00,0x00,0x07,0xFF,0xF0,0x00,0x00,0x1F,0xFF,0xC0,
  0x00,0x00,0x7F,0xFF,0x00,0x00,0x01,0xFF,0xF8,0x00,0x00,0x07,0xFF,0xE0,0x00,0x00,0x1F,0xFF,0x80,0x00,0x00,0xFF,0xFE,0x00,
  0x00,0x03,0xFF,0xF8,0x00,0x00,0x1F,0xFF,0xE0,0x00,0x00,0x7F,0xFF,0x20,0x00,0x07,0xFF,0xFC,0xFE,0x00,0x7F,0xFF,0xF3,0xFF,
  0xFF,0xFF,0xFF,0x8F,0xFF,0xFF,0xFF,0xFE,0x3F,0xFF,0xFF,0xFF,0xF0,0xFF,0xFF,0xFF,0xFF,0x83,0xFF,0xFF,0xFF,0xFC,0x0F,0xFF,
  0xFF,0xFF,0xE0,0x3F,0xFF,0xFF,0xFF,0x00,0xFF,0xFF,0xFF,0xF8,0x03,0xFF,0xFF,0xFF,0x80,0x03,0xFF,0xFF,0xF0,0x00,0x00,0x7F,
  0xFE,0x00,0x00,0xFF,0xFC,0x00,0x00,0x00,0x00,0x3F,0xFF,0x00,0x00,0x00,0x00,0x0F,0xFF,0xC0,0x00,0x00,0x00,0x03,0xFF,0xF0,
  0x00,0x00,0x00,0x00,0xFF,0xFC,0x00,0x00,0x00,0x00,0x3F,0xFF,0x00,0x00,0x00,0x00,0x0F,0xFF,0xC0,0x00,0x00,0x00,0x03,0xFF,
  0xF0,0x00,0x00,0x00,0x00,0xFF,0xFC,0x00,0x00,0x00,0x00,0x3F,0xFF,0x00,0x00,0x00,0x00,0x0F,0xFF,0xC0,0x00,0x00,0x00,0x03,
  0xFF,0xF0,0x00,0x00,0x00,0x00,0xFF,0xFC,0x00,0x00,0x00,0x00,0x3F,0xFF,0x00,0x00,0x00,0x00,0x0F,0xFF,0xC0,0x00,0x00,0x00,
  0x03,0xFF,0xF0,0x00,0x00,0x00,0x00,0xFF,0xFC,0x00,0x00,0x00,0x00,0x3F,0xFF,0x00,0x00,0x00,0x00,0x0F,0xFF,0xC0,0x00,0x00,
  0x00,0x03,0xFF,0xF0,0x00,0x00,0x00,0x00,0xFF,0xFC,0x00,0x00,0x00,0x00,0x3F,0xFF,0x00,0x00,0x1F,0xFF,0xCF,0xFF,0xC0,0x00,
  0x0F,0xFF,0xE3,0xFF,0xF0,0x00,0x07,0xFF,0xF0,0xFF,0xFC,0x00,0x03,0xFF,0xF8,0x3F,0xFF,0x00,0x01,0xFF,0xFC,0x0F,0xFF,0xC0,
  0x00,0xFF,0xFF,0x03,0xFF,0xF0,0x00,0x3F,0xFF,0x80,0xFF,0xFC,0x00,0x1F,0xFF,0xC0,0x3F,0xFF,0x00,0x0F,0xFF,0xE0,0x0F,0xFF,
  0xC0,0x07,0xFF,0xF0,0x03,0xFF,0xF0,0x03,0xFF,0xF8,0x00,0xFF,0xFC,0x01,0xFF,0xFC,0x00,0x3F,0xFF,0x00,0xFF,0xFE,0x00,0x0F,
  0xFF,0xC0,0x7F,0xFF,0x00,0x03,0xFF,0xF0,0x1F,0xFF,0x80,0x00,0xFF,0xFC,0x0F,0xFF,0xC0,0x00,0x3F,0xFF,0x07,0xFF,0xF0,0x00,
  0x0F,0xFF,0xC3,0xFF,0xF8,0x00,0x03,0xFF,0xF1,0xFF,0xFC,0x00,0x00,0xFF,0xFC,0xFF,0xFE,0x00,0x00,0x3F,0xFF,0x7F,0xFF,0x00,
  0x00,0x0F,0xFF,0xDF,0xFF,0xC0,0x00,0x03,0xFF,0xFF,0xFF,0xF0,0x00,0x00,0xFF,0xFF,0xFF,0xFE,0x00,0x00,0x3F,0xFF,0xFF,0xFF,
  0xC0,0x00,0x0F,0xFF,0xFF,0xFF,0xF0,0x00,0x03,0xFF,0xFF,0xFF,0xFE,0x00,0x00,0xFF,0xFF,0xFF,0xFF,0x80,0x00,0x3F,0xFF,0xFF,
  0xFF,0xF0,0x00,0x0F,0xFF,0xFF,0xFF,0xFE,0x00,0x03,0xFF,0xFF,0xBF,0xFF,0x80,0x00,0xFF,0xFF,0x87,0xFF,0xF0,0x00,0x3F,0xFF,
  0xC0,0xFF,0xFE,0x00,0x0F,0xFF,0xC0,0x3F,0xFF,0x80,0x03,0xFF,0xF0,0x07,0xFF,0xF0,0x00,0xFF,0xFC,0x01,0xFF,0xFC,0x00,0x3F,
  0xFF,0x00,0x3F,0xFF,0x80,0x0F,0xFF,0xC0,0x07,0xFF,0xF0,0x03,0xFF,0xF0,0x01,0xFF,0xFC,0x00,0xFF,0xFC,0x00,0x3F,0xFF,0x80,
  0x3F,0xFF,0x00,0x0F,0xFF,0xF0,0x0F,0xFF,0xC0,0x01,0xFF,0xFC,0x03,0xFF,0xF0,0x00,0x3F,0xFF,0x80,0xFF,0xFC,0x00,0x0F,0xFF,
  0xE0,0x3F,0xFF,0x00,0x01,0xFF,0xFC,0x0F,0xFF,0xC0,0x00,0x7F,0xFF,0x83,0xFF,0xF0,0x00,0x0F,0xFF,0xE0,0xFF,0xFC,0x00,0x01,
  0xFF,0xFC,0x3F,0xFF,0x00,0x00,0x7F,0xFF,0x8F,0xFF,0xC0,0x00,0x0F,0xFF,0xE3,0xFF,0xF0,0x00,0x03,0xFF,0xFC,0xFF,0xFC,0x00,
  0x00,0x7F,0xFF,0x3F,0xFF,0x00,0x00,0x1F,0xFF,0xEF,0xFF,0xC0,0x00,0x03,0xFF,0xFC,0xFF,0xFF,0xFF,0xF8,0x00,0x01,0xFF,0xFF,
  0xFF,0xF0,0x00,0x03,0xFF,0xFF,0xFF,0xE0,0x00,0x07,0xFF,0xFF,0xFF,0xC0,0x00,0x0F,0xFF,0xFF,0xFF,0x80,0x00,0x1F,0xFF,0xFF,
  0xFF,0x00,0x00,0x3F,0xFF,0xFF,0xFE,0x00,0x00,0x7F,0xFF,0xFF,0xFC,0x00,0x00,0xFF,0xFF,0xFF,0xF8,0x00,0x01,0xFF,0xFF,0xFF,
  0xF0,0x00,0x00,0x00,0x07,0xFF,0xE0,0x00,0x00,0x00,0x0F,0xFF,0xC0,0x00,0x00,0x00,0x1F,0xFF,0x80,0x00,0x00,0x00,0x3F,0xFF,
  0x00,0x00,0x00,0x00,0x7F,0xFE,0x00,0x00,0x00,0x00,0xFF,0xFC,0x00,0x00,0x00,0x01,0xFF,0xF8,0x00,0x00,0x00,0x03,0xFF,0xF0,
  0x00,0x00,0x00,0x07,0xFF,0xE0,0x00,0x00,0x00,0x0F,0xFF,0xC0,0x00,0x00,0x00,0x1F,0xFF,0x80,0x00,0x00,0x00,0x3F,0xFF,0x00,
  0x00,0x00,0x00,0x7F,0xFE,0x00,0x00,0x00,0x00,0xFF,0xFC,0x00,0x00,0x00,0x01,0xFF,0xF8,0x00,0x00,0x00,0x03,0xFF,0xF0,0x00,
  0x00,0x00,0x07,0xFF,0xE0,0x00,0x00,0x00,0x0F,0xFF,0xC0,0x00,0x00,0x00,0x1F,0xFF,0x80,0x00,0x00,0x00,0x3F,0xFF,0x00,0x00,
  0x00,0x00,0x7F,0xFE,0x00,0x00,0x00,0x00,0xFF,0xFC,0x00,0x00,0x00,0x01,0xFF,0xF8,0x00,0x00,0x00,0x03,0xFF,0xF0,0x00,0x00,
  0x00,0x07,0xFF,0xE0,0x00,0x00,0x00,0x0F,0xFF,0xC0,0x00,0x00,0x00,0x1F,0xFF,0x80,0x00,0x00,0x00,0x3F,0xFF,0x00,0x00,0x00,
  0x00,0x7F,0xFE,0x00,0x00,0x00,0x00,0xFF,0xFC,0x00,0x00,0x00,0x01,0xFF,0xF8,0x00,0x00,0x00,0x03,0xFF,0xF0,0x00,0x00,0x00,
  0x07,0xFF,0xE0,0x00,0x00,0x00,0x0F,0xFF,0xC0,0x00,0x00,0x00,0x1F,0xFF,0x80,0x00,0x00,0x00,0x3F,0xFF,0x00,0x00,0x00,0x00,
  0x7F,0xFE,0x00,0x00,0x00,0x00,0xFF,0xFC,0x00,0x00,0x00,0x01,0xFF,0xF8,0x00,0x00,0x00,0x03,0xFF,0xF0,0x00,0x00,0x00,0x07,
  0xFF,0xE0,0x00,0x00,0x00,0x0F,0xFF,0xC0,0x00,0x00,0x00,0x1F,0xFF,0x80,0x00,0x00,0x00,0x3F,0xFF,0x00,0x00,0x00,0x00,0x7F,
  0xFE,0x00,0x00,0x00,0x00,0xFF,0xFC,0x00,0x00,0x00,0x01,0xFF,0xF8,0x00,0x00,0x00,0x03,0xFF,0xF0,0x00,0x00,0x00,0x07,0xFF,
  0xE0,0x00,0x00,0x00,0x0F,0xFF,0xC0,0x00,0x00,0x00,0x1F,0xFF,0x80,0x00,0x00,0x00,0x3F,0xFF,0x00,0x00,0x00,0x00,0x7F,0xFF,
  0x00,0x00,0x00,0x00,0x7F,0xFF,0x00,0x00,0x00,0x00,0xFF,0xFF,0x00,0x00,0x00,0x01,0xFF,0xFF,0xFF,0xF8,0x00,0x01,0xFF,0xFF,
  0xFF,0xF8,0x00,0x03,0xFF,0xFF,0xFF,0xF0,0x00,0x03,0xFF,0xFF,0xFF,0xE0,0x00,0x03,0xFF,0xFF,0xFF,0xC0,0x00,0x03,0xFF,0xFF,
  0xFF,0x80,0x00,0x03,0xFF,0xFF,0xFF,0x00,0x00,0x01,0xFF,0xFF,0xFE,0x00,0x00,0x00,0xFF,0xFF,0xFC,0x00,0x00,0x00,0x3F,0xFF,
  0xF8,0x00,0x00,0x1F,0xC0,0x00,0xFF,0x01,0xFF,0xC0,0xFF,0xE0,0x07,0xFF,0x81,0xFF,0x83,0xFF,0xE0,0x1F,0xFF,0x83,0xFF,0x0F,
  0xFF,0xE0,0x7F,0xFF,0x87,0xFE,0x3F,0xFF,0xC1,0xFF,0xFF,0x8F,0xFC,0xFF,0xFF,0xC7,0xFF,0xFF,0x1F,0xF9,0xFF,0xFF,0x8F,0xFF,
  0xFF,0x3F,0xF7,0xFF,0xFF,0x3F,0xFF,0xFE,0x7F,0xEF,0xFF,0xFF,0x7F,0xFF,0xFC,0xFF,0xFE,0x3F,0xFF,0xF8,0xFF,0xF9,0xFF,0xF8,
  0x3F,0xFF,0xE0,0xFF,0xFB,0xFF,0xF0,0x3F,0xFF,0x81,0xFF,0xF7,0xFF,0xC0,0x7F,0xFE,0x01,0xFF,0xEF,0xFF,0x80,0x7F,0xFC,0x03,
  0xFF,0xDF,0xFF,0x00,0xFF,0xF8,0x07,0xFF,0xBF,0xFC,0x01,0xFF,0xF0,0x0F,0xFF,0x7F,0xF8,0x03,0xFF,0xC0,0x1F,0xFE,0xFF,0xF0,
  0x07,0xFF,0x80,0x3F,0xFD,0xFF,0xE0,0x0F,0xFF,0x00,0x7F,0xFB,0xFF,0xC0,0x1F,0xFE,0x00,0xFF,0xF7,0xFF,0x80,0x3F,0xFC,0x01,
  0xFF,0xEF,0xFF,0x00,0x7F,0xF8,0x03,0xFF,0xDF,0xFC,0x00,0xFF,0xF0,0x03,0xFF,0xBF,0xF8,0x01,0xFF,0xE0,0x07,0xFF,0x7F,0xF0,
  0x03,0xFF,0xC0,0x0F,0xFE,0xFF,0xE0,0x07,0xFF,0x80,0x1F,0xFD,0xFF,0xC0,0x0F,0xFF,0x00,0x3F,0xFB,0xFF,0x80,0x1F,0xFE,0x00,
  0x7F,0xF7,0xFF,0x00,0x3F,0xFC,0x00,0xFF,0xEF,0xFE,0x00,0x7F,0xF8,0x01,0xFF,0xDF,0xFC,0x00,0xFF,0xF0,0x03,0xFF,0xBF,0xF8,
  0x01,0xFF,0xE0,0x07,0xFF,0x7F,0xF0,0x03,0xFF,0xC0,0x0F,0xFE,0xFF,0xE0,0x07,0xFF,0x80,0x1F,0xFD,0xFF,0xC0,0x0F,0xFF,0x00,
  0x3F,0xFB,0xFF,0x80,0x1F,0xFE,0x00,0x7F,0xF7,0xFF,0x00,0x3F,0xFC,0x00,0xFF,0xEF,0xFE,0x00,0x7F,0xF8,0x01,0xFF,0xDF,0xFC,
  0x00,0xFF,0xF0,0x03,0xFF,0xBF,0xF8,0x01,0xFF,0xE0,0x07,0xFF,0x7F,0xF0,0x03,0xFF,0xC0,0x0F,0xFE,0xFF,0xE0,0x07,0xFF,0x80,
  0x1F,0xFD,0xFF,0xC0,0x0F,0xFF,0x00,0x3F,0xFB,0xFF,0x80,0x1F,0xFE,0x00,0x7F,0xF7,0xFF,0x00,0x3F,0xFC,0x00,0xFF,0xEF,0xFE,
  0x00,0x7F,0xF8,0x01,0xFF,0xDF,0xFC,0x00,0xFF,0xF0,0x03,0xFF,0xBF,0xF8,0x01,0xFF,0xE0,0x07,0xFF,0x7F,0xF0,0x03,0xFF,0xC0,
  0x0F,0xFE,0xFF,0xE0,0x07,0xFF,0x80,0x1F,0xFD,0xFF,0xC0,0x0F,0xFF,0x00,0x3F,0xFB,0xFF,0x80,0x1F,0xFE,0x00,0x7F,0xF7,0xFF,
  0x00,0x3F,0xFC,0x00,0xFF,0xEF,0xFE,0x00,0x7F,0xF8,0x01,0xFF,0xDF,0xFC,0x00,0xFF,0xF0,0x03,0xFF,0x80,0x00,0x00,0x00,0x1F,
  0xF8,0x00,0x7F,0xFC,0x00,0x7F,0xFF,0x80,0x3F,0xFE,0x00,0xFF,0xFF,0xE0,0x1F,0xFF,0x81,0xFF,0xFF,0xFC,0x0F,0xFF,0xC1,0xFF,
  0xFF,0xFF,0x07,0xFF,0xE1,0xFF,0xFF,0xFF,0xC3,0xFF,0xF1,0xFF,0xFF,0xFF,0xE1,0xFF,0xF8,0xFF,0xFF,0xFF,0xF8,0xFF,0xFC,0xFF,
  0xFF,0xFF,0xFC,0x7F,0xFE,0xFF,0xFF,0xFF,0xFF,0x3F,0xFF,0x7F,0xFF,0xFF,0xFF,0x9F,0xFF,0xFF,0x80,0x7F,0xFF,0xCF,0xFF,0xFF,
  0x00,0x1F,0xFF,0xF7,0xFF,0xFF,0x00,0x07,0xFF,0xFB,0xFF,0xFF,0x00,0x01,0xFF,0xFD,0xFF,0xFF,0x00,0x00,0xFF,0xFE,0xFF,0xFF,
  0x80,0x00,0x7F,0xFF,0x7F,0xFF,0x80,0x00,0x1F,0xFF,0xBF,0xFF,0xC0,0x00,0x0F,0xFF,0xFF,0xFF,0xC0,0x00,0x07,0xFF,0xFF,0xFF,
  0xE0,0x00,0x03,0xFF,0xFF,0xFF,0xF0,0x00,0x01,0xFF,0xFF,0xFF,0xF8,0x00,0x00,0xFF,0xFF,0xFF,0xFC,0x00,0x00,0x7F,0xFF,0xFF,
  0xFC,0x00,0x00,0x3F,0xFF,0xFF,0xFE,0x00,0x00,0x1F,0xFF,0xFF,0xFF,0x00,0x00,0x0F,0xFF,0xFF,0xFF,0x80,0x00,0x07,0xFF,0xFF,
  0xFF,0xC0,0x00,0x03,0xFF,0xFF,0xFF,0xE0,0x00,0x01,0xFF,0xFF,0xFF,0xF0,0x00,0x00,0xFF,0xFF,0xFF,0xF8,0x00,0x00,0x7F,0xFF,
  0xFF,0xFC,0x00,0x00,0x3F,0xFF,0xFF,0xFE,0x00,0x00,0x1F,0xFF,0xFF,0xFF,0x00,0x00,0x0F,0xFF,0xFF,0xFF,0x80,0x00,0x07,0xFF,
  0xFF,0xFF,0xC0,0x00,0x03,0xFF,0xFF,0xFF,0xE0,0x00,0x01,0xFF,0xFF,0xFF,0xF0,0x00,0x00,0xFF,0xFF,0xFF,0xF8,0x00,0x00,0x7F,
  0xFF,0xFF,0xFC,0x00,0x00,0x3F,0xFF,0xFF,0xFE,0x00,0x00,0x1F,0xFF,0xFF,0xFF,0x00,0x00,0x0F,0xFF,0xFF,0xFF,0x80,0x00,0x07,
  0xFF,0xFF,0xFF,0xC0,0x00,0x03,0xFF,0xFF,0xFF,0xE0,0x00,0x01,0xFF,0xFF,0xFF,0xF0,0x00,0x00,0xFF,0xFF,0xFF,0xF8,0x00,0x00,
  0x7F,0xFF,0xFF,0xFC,0x00,0x00,0x3F,0xFF,0xFF,0xFE,0x00,0x00,0x1F,0xFF,0xFF,0xFF,0x00,0x00,0x0F,0xFF,0xFF,0xFF,0x80,0x00,
  0x07,0xFF,0xFF,0xFF,0xC0,0x00,0x03,0xFF,0xFF,0xFF,0xE0,0x00,0x01,0xFF,0xFF,0xFF,0xF0,0x00,0x00,0xFF,0xFE,0x00,0x00,0x1F,
  0xFF,0x80,0x00,0x00,0x00,0x0F,0xFF,0xFF,0x80,0x00,0x00,0x07,0xFF,0xFF,0xFE,0x00,0x00,0x01,0xFF,0xFF,0xFF,0xF8,0x00,0x00,
  0x3F,0xFF,0xFF,0xFF,0xE0,0x00,0x0F,0xFF,0xFF,0xFF,0xFF,0x00,0x01,0xFF,0xFF,0xFF,0xFF,0xF8,0x00,0x3F,0xFF,0xFF,0xFF,0xFF,
  0xC0,0x07,0xFF,0xFF,0xFF,0xFF,0xFE,0x00,0x7F,0xFF,0xFF,0xFF,0xFF,0xF0,0x0F,0xFF,0xFC,0x01,0xFF,0xFF,0x01,0xFF,0xFF,0x00,
  0x0F,0xFF,0xF8,0x1F,0xFF,0xE0,0x00,0x3F,0xFF,0x83,0xFF,0xFC,0x00,0x03,0xFF,0xFC,0x3F,0xFF,0x80,0x00,0x1F,0xFF,0xC7,0xFF,
  0xF8,0x00,0x01,0xFF,0xFE,0x7F,0xFF,0x00,0x00,0x0F,0xFF,0xE7,0xFF,0xF0,0x00,0x00,0xFF,0xFE,0x7F,0xFF,0x00,0x00,0x0F,0xFF,
  0xEF,0xFF,0xE0,0x00,0x00,0x7F,0xFF,0xFF,0xFE,0x00,0x00,0x07,0xFF,0xFF,0xFF,0xE0,0x00,0x00,0x7F,0xFF,0xFF,0xFE,0x00,0x00,
  0x07,0xFF,0xFF,0xFF,0xE0,0x00,0x00,0x7F,0xFF,0xFF,0xFE,0x00,0x00,0x07,0xFF,0xFF,0xFF,0xE0,0x00,0x00,0x7F,0xFF,0xFF,0xFE,
  0x00,0x00,0x07,0xFF,0xFF,0xFF,0xE0,0x00,0x00,0x7F,0xFF,0xFF,0xFE,0x00,0x00,0x07,0xFF,0xFF,0xFF,0xE0,0x00,0x00,0x7F,0xFF,
  0xFF,0xFE,0x00,0x00,0x07,0xFF,0xFF,0xFF,0xE0,0x00,0x00,0x7F,0xFF,0xFF,0xFE,0x00,0x00,0x07,0xFF,0xFF,0xFF,0xE0,0x00,0x00,
  0x7F,0xFF,0xFF,0xFE,0x00,0x00,0x07,0xFF,0xFF,0xFF,0xE0,0x00,0x00,0x7F,0xFF,0xFF,0xFE,0x00,0x00,0x07,0xFF,0xE7,0xFF,0xF0,
  0x00,0x00,0xFF,0xFE,0x7F,0xFF,0x00,0x00,0x0F,0xFF,0xE7,0xFF,0xF0,0x00,0x00,0xFF,0xFE,0x3F,0xFF,0x80,0x00,0x1F,0xFF,0xC3,
  0xFF,0xF8,0x00,0x01,0xFF,0xFC,0x3F,0xFF,0xC0,0x00,0x3F,0xFF,0x81,0xFF,0xFE,0x00,0x07,0xFF,0xF8,0x1F,0xFF,0xF0,0x00,0xFF,
  0xFF,0x00,0xFF,0xFF,0x80,0x3F,0xFF,0xF0,0x07,0xFF,0xFF,0xFF,0xFF,0xFE,0x00,0x7F,0xFF,0xFF,0xFF,0xFF,0xC0,0x03,0xFF,0xFF,
  0xFF,0xFF,0xFC,0x00,0x1F,0xFF,0xFF,0xFF,0xFF,0x80,0x00,0xFF,0xFF,0xFF,0xFF,0xE0,0x00,0x03,0xFF,0xFF,0xFF,0xFC,0x00,0x00,
  0x1F,0xFF,0xFF,0xFF,0x80,0x00,0x00,0x7F,0xFF,0xFF,0xE0,0x00,0x00,0x01,0xFF,0xFF,0xF0,0x00,0x00,0x00,0x01,0xFF,0xF0,0x00,
  0x00,0x00,0x00,0x00,0x3F,0xE0,0x00,0x3F,0xFF,0x00,0x7F,0xFF,0x00,0x0F,0xFF,0xC0,0x7F,0xFF,0xF0,0x03,0xFF,0xF0,0x3F,0xFF,
  0xFE,0x00,0xFF,0xFC,0x1F,0xFF,0xFF,0xC0,0x3F,0xFF,0x0F,0xFF,0xFF,0xF8,0x0F,0xFF,0xC7,0xFF,0xFF,0xFF,0x03,0xFF,0xF3,0xFF,
  0xFF,0xFF,0xE0,0xFF,0xFD,0xFF,0xFF,0xFF,0xF8,0x3F,0xFF,0xFF,0xFF,0xFF,0xFF,0x0F,0xFF,0xFF,0xC0,0x7F,0xFF,0xE3,0xFF,0xFF,
  0xC0,0x0F,0xFF,0xF8,0xFF,0xFF,0xE0,0x01,0xFF,0xFE,0x3F,0xFF,0xF0,0x00,0x3F,0xFF,0xCF,0xFF,0xF8,0x00,0x07,0xFF,0xF3,0xFF,
  0xFE,0x00,0x01,0xFF,0xFC,0xFF,0xFF,0x00,0x00,0x3F,0xFF,0xBF,0xFF,0xC0,0x00,0x0F,0xFF,0xEF,0xFF,0xF0,0x00,0x03,0xFF,0xFB,
  0xFF,0xF8,0x00,0x00,0xFF,0xFE,0xFF,0xFE,0x00,0x00,0x1F,0xFF,0xBF,0xFF,0x80,0x00,0x07,0xFF,0xFF,0xFF,0xE0,0x00,0x01,0xFF,
  0xFF,0xFF,0xF8,0x00,0x00,0x7F,0xFF,0xFF,0xFE,0x00,0x00,0x1F,0xFF,0xFF,0xFF,0x80,0x00,0x07,0xFF,0xFF,0xFF,0xC0,0x00,0x01,
  0xFF,0xFF,0xFF,0xF0,0x00,0x00,0x7F,0xFF,0xFF,0xFC,0x00,0x00,0x1F,0xFF,0xFF,0xFF,0x00,0x00,0x07,0xFF,0xFF,0xFF,0xE0,0x00,
  0x01,0xFF,0xFF,0xFF,0xF8,0x00,0x00,0x7F,0xFF,0xFF,0xFE,0x00,0x00,0x1F,0xFF,0xFF,0xFF,0x80,0x00,0x07,0xFF,0xFF,0xFF,0xE0,
  0x00,0x01,0xFF,0xFF,0xFF,0xF8,0x00,0x00,0x7F,0xFE,0xFF,0xFE,0x00,0x00,0x3F,0xFF,0xBF,0xFF,0xC0,0x00,0x0F,0xFF,0xEF,0xFF,
  0xF0,0x00,0x03,0xFF,0xFB,0xFF,0xFC,0x00,0x00,0xFF,0xFE,0xFF,0xFF,0x80,0x00,0x7F,0xFF,0x3F,0xFF,0xE0,0x00,0x1F,0xFF,0xCF,
  0xFF,0xFC,0x00,0x0F,0xFF,0xF3,0xFF,0xFF,0x80,0x07,0xFF,0xF8,0xFF,0xFF,0xF0,0x03,0xFF,0xFE,0x3F,0xFF,0xFE,0x01,0xFF,0xFF,
  0x8F,0xFF,0xFF,0xFF,0xFF,0xFF,0xC3,0xFF,0xFF,0xFF,0xFF,0xFF,0xE0,0xFF,0xFE,0xFF,0xFF,0xFF,0xF8,0x3F,0xFF,0xBF,0xFF,0xFF,
  0xFC,0x0F,0xFF,0xE7,0xFF,0xFF,0xFE,0x03,0xFF,0xF8,0xFF,0xFF,0xFF,0x00,0xFF,0xFE,0x1F,0xFF,0xFF,0x80,0x3F,0xFF,0x83,0xFF,
  0xFF,0xC0,0x0F,0xFF,0xE0,0x3F,0xFF,0xC0,0x03,0xFF,0xF8,0x01,0xFF,0x80,0x00,0xFF,0xFE,0x00,0x00,0x00,0x00,0x3F,0xFF,0x80,
  0x00,0x00,0x00,0x0F,0xFF,0xE0,0x00,0x00,0x00,0x03,0xFF,0xF8,0x00,0x00,0x00,0x00,0xFF,0xFE,0x00,0x00,0x00,0x00,0x3F,0xFF,
  0x80,0x00,0x00,0x00,0x0F,0xFF,0xE0,0x00,0x00,0x00,0x03,0xFF,0xF8,0x00,0x00,0x00,0x00,0xFF,0xFE,0x00,0x00,0x00,0x00,0x3F,
  0xFF,0x80,0x00,0x00,0x00,0x0F,0xFF,0xE0,0x00,0x00,0x00,0x03,0xFF,0xF8,0x00,0x00,0x00,0x00,0xFF,0xFE,0x00,0x00,0x00,0x00,
  0x3F,0xFF,0x80,0x00,0x00,0x00,0x0F,0xFF,0xE0,0x00,0x00,0x00,0x03,0xFF,0xF8,0x00,0x00,0x00,0x00,0xFF,0xFE,0x00,0x00,0x00,
  0x00,0x3F,0xFF,0x80,0x00,0x00,0x00,0x0F,0xFF,0xE0,0x00,0x00,0x00,0x03,0xFF,0xF8,0x00,0x00,0x00,0x00,0x00,0x01,0xFF,0x00,
  0x00,0x00,0x00,0x03,0xFF,0xF8,0x03,0xFF,0xF0,0x03,0xFF,0xFF,0x80,0xFF,0xFC,0x01,0xFF,0xFF,0xF0,0x3F,0xFF,0x00,0xFF,0xFF,
  0xFE,0x0F,0xFF,0xC0,0x7F,0xFF,0xFF,0xC3,0xFF,0xF0,0x3F,0xFF,0xFF,0xF9,0xFF,0xFC,0x1F,0xFF,0xFF,0xFF,0x7F,0xFF,0x07,0xFF,
  0xFF,0xFF,0xDF,0xFF,0x83,0xFF,0xFF,0xFF,0xFF,0xFF,0xE1,0xFF,0xFF,0x80,0xFF,0xFF,0xF8,0x7F,0xFF,0xC0,0x0F,0xFF,0xFE,0x1F,
  0xFF,0xE0,0x01,0xFF,0xFF,0x8F,0xFF,0xF0,0x00,0x3F,0xFF,0xE3,0xFF,0xF8,0x00,0x0F,0xFF,0xF9,0xFF,0xFE,0x00,0x01,0xFF,0xFE,
  0x7F,0xFF,0x00,0x00,0x7F,0xFF,0x9F,0xFF,0xC0,0x00,0x0F,0xFF,0xE7,0xFF,0xF0,0x00,0x03,0xFF,0xFB,0xFF,0xF8,0x00,0x00,0xFF,
  0xFE,0xFF,0xFE,0x00,0x00,0x1F,0xFF,0xBF,0xFF,0x80,0x00,0x07,0xFF,0xEF,0xFF,0xE0,0x00,0x01,0xFF,0xFB,0xFF,0xF8,0x00,0x00,
  0x7F,0xFE,0xFF,0xFE,0x00,0x00,0x1F,0xFF,0xBF,0xFF,0x80,0x00,0x07,0xFF,0xEF,0xFF,0xE0,0x00,0x01,0xFF,0xFB,0xFF,0xF8,0x00,
  0x00,0x7F,0xFE,0xFF,0xFE,0x00,0x00,0x1F,0xFF,0xBF,0xFF,0x80,0x00,0x07,0xFF,0xEF,0xFF,0xE0,0x00,0x01,0xFF,0xFB,0xFF,0xF8,
  0x00,0x00,0x7F,0xFE,0xFF,0xFE,0x00,0x00,0x1F,0xFF,0xBF,0xFF,0x80,0x00,0x07,0xFF,0xEF,0xFF,0xE0,0x00,0x01,0xFF,0xFB,0xFF,
  0xF8,0x00,0x00,0x7F,0xFE,0xFF,0xFE,0x00,0x00,0x3F,0xFF,0x9F,0xFF,0xC0,0x00,0x0F,0xFF,0xE7,0xFF,0xF0,0x00,0x03,0xFF,0xF9,
  0xFF,0xFC,0x00,0x00,0xFF,0xFE,0x7F,0xFF,0x80,0x00,0x7F,0xFF,0x8F,0xFF,0xE0,0x00,0x1F,0xFF,0xE3,0xFF,0xFC,0x00,0x0F,0xFF,
  0xF8,0xFF,0xFF,0x80,0x07,0xFF,0xFE,0x1F,0xFF,0xF0,0x03,0xFF,0xFF,0x87,0xFF,0xFE,0x01,0xFF,0xFF,0xE0,0xFF,0xFF,0xFF,0xFF,
  0xFF,0xF8,0x3F,0xFF,0xFF,0xFF,0xFF,0xFE,0x07,0xFF,0xFF,0xFF,0xDF,0xFF,0x81,0xFF,0xFF,0xFF,0xE7,0xFF,0xE0,0x3F,0xFF,0xFF,
  0xF9,0xFF,0xF8,0x07,0xFF,0xFF,0xFC,0x7F,0xFE,0x00,0xFF,0xFF,0xFE,0x1F,0xFF,0x80,0x0F,0xFF,0xFE,0x07,0xFF,0xE0,0x00,0xFF,
  0xFE,0x01,0xFF,0xF8,0x00,0x0F,0xFC,0x00,0x7F,0xFE,0x00,0x00,0x00,0x00,0x1F,0xFF,0x80,0x00,0x00,0x00,0x07,0xFF,0xE0,0x00,
  0x00,0x00,0x01,0xFF,0xF8,0x00,0x00,0x00,0x00,0x7F,0xFE,0x00,0x00,0x00,0x00,0x1F,0xFF,0x80,0x00,0x00,0x00,0x07,0xFF,0xE0,
  0x00,0x00,0x00,0x01,0xFF,0xF8,0x00,0x00,0x00,0x00,0x7F,0xFE,0x00,0x00,0x00,0x00,0x1F,0xFF,0x80,0x00,0x00,0x00,0x07,0xFF,
  0xE0,0x00,0x00,0x00,0x01,0xFF,0xF8,0x00,0x00,0x00,0x00,0x7F,0xFE,0x00,0x00,0x00,0x00,0x1F,0xFF,0x80,0x00,0x00,0x00,0x07,
  0xFF,0xE0,0x00,0x00,0x00,0x01,0xFF,0xF8,0x00,0x00,0x00,0x00,0x7F,0xFE,0x00,0x00,0x00,0x00,0x1F,0xFF,0x80,0x00,0x00,0x00,
  0x07,0xFF,0xE0,0x00,0x00,0x00,0x01,0xFF,0xF8,0x00,0x00,0x00,0x00,0x7F,0xFE,0x00,0x00,0x00,0x07,0xFF,0xCF,0xFF,0xC0,0x07,
  0xFF,0xFF,0xFF,0xFC,0x01,0xFF,0xFF,0xFF,0xFF,0xC0,0x3F,0xFF,0xFF,0x7F,0xFE,0x07,0xFF,0xFF,0xF7,0xFF,0xE0,0xFF,0xFF,0xFF,
  0x7F,0xFE,0x1F,0xFF,0xFF,0xF7,0xFF,0xE3,0xFF,0xFF,0xFF,0x7F,0xFE,0x3F,0xFF,0xFF,0xF3,0xFF,0xF7,0xFF,0xFF,0xFF,0x3F,0xFF,
  0x7F,0xFF,0xFF,0xF3,0xFF,0xFF,0xFF,0xFF,0xFF,0x3F,0xFF,0xFF,0xF8,0x00,0x33,0xFF,0xFF,0xFC,0x00,0x00,0x3F,0xFF,0xFF,0x80,
  0x00,0x03,0xFF,0xFF,0xE0,0x00,0x00,0x3F,0xFF,0xFC,0x00,0x00,0x03,0xFF,0xFF,0x80,0x00,0x00,0x3F,0xFF,0xF8,0x00,0x00,0x03,
  0xFF,0xFF,0x00,0x00,0x00,0x1F,0xFF,0xF0,0x00,0x00,0x01,0xFF,0xFE,0x00,0x00,0x00,0x1F,0xFF,0xE0,0x00,0x00,0x01,0xFF,0xFC,
  0x00,0x00,0x00,0x1F,0xFF,0xC0,0x00,0x00,0x01,0xFF,0xFC,0x00,0x00,0x00,0x1F,0xFF,0x80,0x00,0x00,0x01,0xFF,0xF8,0x00,0x00,
  0x00,0x1F,0xFF,0x80,0x00,0x00,0x01,0xFF,0xF8,0x00,0x00,0x00,0x1F,0xFF,0x80,0x00,0x00,0x01,0xFF,0xF8,0x00,0x00,0x00,0x1F,
  0xFF,0x80,0x00,0x00,0x01,0xFF,0xF8,0x00,0x00,0x00,0x1F,0xFF,0x80,0x00,0x00,0x01,0xFF,0xF8,0x00,0x00,0x00,0x1F,0xFF,0x80,
  0x00,0x00,0x01,0xFF,0xF8,0x00,0x00,0x00,0x1F,0xFF,0x80,0x00,0x00,0x01,0xFF,0xF8,0x00,0x00,0x00,0x1F,0xFF,0x80,0x00,0x00,
  0x01,0xFF,0xF8,0x00,0x00,0x00,0x1F,0xFF,0x80,0x00,0x00,0x01,0xFF,0xF8,0x00,0x00,0x00,0x1F,0xFF,0x80,0x00,0x00,0x01,0xFF,
  0xF8,0x00,0x00,0x00,0x1F,0xFF,0x80,0x00,0x00,0x01,0xFF,0xF8,0x00,0x00,0x00,0x1F,0xFF,0x80,0x00,0x00,0x01,0xFF,0xF8,0x00,
  0x00,0x00,0x1F,0xFF,0x80,0x00,0x00,0x01,0xFF,0xF8,0x00,0x00,0x00,0x1F,0xFF,0x80,0x00,0x00,0x01,0xFF,0xF8,0x00,0x00,0x00,
  0x1F,0xFF,0x80,0x00,0x00,0x00,0x00,0x00,0x3F,0xFF,0x00,0x00,0x00,0x00,0xFF,0xFF,0xFC,0x00,0x00,0x01,0xFF,0xFF,0xFF,0xE0,
  0x00,0x01,0xFF,0xFF,0xFF,0xFC,0x00,0x00,0xFF,0xFF,0xFF,0xFF,0xC0,0x00,0x7F,0xFF,0xFF,0xFF,0xF8,0x00,0x3F,0xFF,0xFF,0xFF,
  0xFF,0x00,0x1F,0xFF,0xFF,0xFF,0xFF,0xE0,0x0F,0xFF,0xFF,0xFF,0xFF,0xFC,0x03,0xFF,0xFF,0xEF,0xFF,0xFF,0x01,0xFF,0xFC,0x00,
  0x0F,0xFF,0xE0,0x7F,0xFE,0x00,0x01,0xFF,0xF8,0x1F,0xFF,0x00,0x00,0x3F,0xFF,0x0F,0xFF,0x80,0x00,0x07,0xFF,0xC3,0xFF,0xE0,
  0x00,0x01,0xFF,0xF0,0xFF,0xF8,0x00,0x00,0x3E,0x00,0x3F,0xFF,0x00,0x00,0x00,0x00,0x0F,0xFF,0xC0,0x00,0x00,0x00,0x03,0xFF,
  0xF8,0x00,0x00,0x00,0x00,0xFF,0xFF,0x80,0x00,0x00,0x00,0x1F,0xFF,0xFC,0x00,0x00,0x00,0x07,0xFF,0xFF,0xF8,0x00,0x00,0x01,
  0xFF,0xFF,0xFF,0xE0,0x00,0x00,0x3F,0xFF,0xFF,0xFF,0x80,0x00,0x07,0xFF,0xFF,0xFF,0xFC,0x00,0x01,0xFF,0xFF,0xFF,0xFF,0xE0,
  0x00,0x3F,0xFF,0xFF,0xFF,0xFE,0x00,0x07,0xFF,0xFF,0xFF,0xFF,0xC0,0x00,0x7F,0xFF,0xFF,0xFF,0xF8,0x00,0x07,0xFF,0xFF,0xFF,
  0xFF,0x00,0x00,0x7F,0xFF,0xFF,0xFF,0xE0,0x00,0x03,0xFF,0xFF,0xFF,0xFC,0x00,0x00,0x0F,0xFF,0xFF,0xFF,0x00,0x00,0x00,0x1F,
  0xFF,0xFF,0xE0,0x00,0x00,0x00,0x7F,0xFF,0xF8,0x00,0x00,0x00,0x03,0xFF,0xFE,0x00,0x00,0x00,0x00,0x3F,0xFF,0x80,0x00,0x00,
  0x00,0x07,0xFF,0xF0,0x00,0x00,0x00,0x00,0xFF,0xFC,0x00,0x00,0x00,0x00,0x3F,0xFF,0x00,0x78,0x00,0x00,0x0F,0xFF,0xCF,0xFE,
  0x00,0x00,0x03,0xFF,0xEF,0xFF,0xC0,0x00,0x00,0xFF,0xF9,0xFF,0xF0,0x00,0x00,0x3F,0xFE,0x7F,0xFE,0x00,0x00,0x1F,0xFF,0x9F,
  0xFF,0xE0,0x00,0x1F,0xFF,0xC3,0xFF,0xFF,0xE1,0xFF,0xFF,0xF0,0x7F,0xFF,0xFF,0xFF,0xFF,0xF8,0x1F,0xFF,0xFF,0xFF,0xFF,0xFC,
  0x03,0xFF,0xFF,0xFF,0xFF,0xFF,0x00,0x7F,0xFF,0xFF,0xFF,0xFF,0x00,0x0F,0xFF,0xFF,0xFF,0xFF,0x80,0x00,0xFF,0xFF,0xFF,0xFF,
  0xC0,0x00,0x0F,0xFF,0xFF,0xFF,0xC0,0x00,0x00,0xFF,0xFF,0xFF,0x80,0x00,0x00,0x01,0xFF,0xFE,0x00,0x00,0x00,0x07,0xFE,0x00,
  0x00,0x00,0x00,0x7F,0xE0,0x00,0x00,0x00,0x07,0xFE,0x00,0x00,0x00,0x00,0xFF,0xE0,0x00,0x00,0x00,0x0F,0xFE,0x00,0x00,0x00,
  0x00,0xFF,0xE0,0x00,0x00,0x00,0x1F,0xFE,0x00,0x00,0x00,0x01,0xFF,0xE0,0x00,0x00,0x00,0x1F,0xFE,0x00,0x00,0x00,0x01,0xFF,
  0xE0,0x00,0x00,0x00,0x3F,0xFE,0x00,0x00,0x00,0x03,0xFF,0xE0,0x00,0x00,0x00,0x3F,0xFE,0x00,0x00,0x00,0x07,0xFF,0xE0,0x00,
  0x00,0xFF,0xFF,0xFF,0xFF,0xFF,0xCF,0xFF,0xFF,0xFF,0xFF,0xFC,0xFF,0xFF,0xFF,0xFF,0xFF,0xCF,0xFF,0xFF,0xFF,0xFF,0xFC,0xFF,
  0xFF,0xFF,0xFF,0xFF,0xCF,0xFF,0xFF,0xFF,0xFF,0xFC,0xFF,0xFF,0xFF,0xFF,0xFF,0xCF,0xFF,0xFF,0xFF,0xFF,0xFC,0xFF,0xFF,0xFF,
  0xFF,0xFF,0xCF,0xFF,0xFF,0xFF,0xFF,0xFC,0x00,0xFF,0xFE,0x00,0x00,0x00,0x0F,0xFF,0xE0,0x00,0x00,0x00,0xFF,0xFE,0x00,0x00,
  0x00,0x0F,0xFF,0xE0,0x00,0x00,0x00,0xFF,0xFE,0x00,0x00,0x00,0x0F,0xFF,0xE0,0x00,0x00,0x00,0xFF,0xFE,0x00,0x00,0x00,0x0F,
  0xFF,0xE0,0x00,0x00,0x00,0xFF,0xFE,0x00,0x00,0x00,0x0F,0xFF,0xE0,0x00,0x00,0x00,0xFF,0xFE,0x00,0x00,0x00,0x0F,0xFF,0xE0,
  0x00,0x00,0x00,0xFF,0xFE,0x00,0x00,0x00,0x0F,0xFF,0xE0,0x00,0x00,0x00,0xFF,0xFE,0x00,0x00,0x00,0x0F,0xFF,0xE0,0x00,0x00,
  0x00,0xFF,0xFE,0x00,0x00,0x00,0x0F,0xFF,0xE0,0x00,0x00,0x00,0xFF,0xFE,0x00,0x00,0x00,0x0F,0xFF,0xE0,0x00,0x00,0x00,0xFF,
  0xFE,0x00,0x00,0x00,0x0F,0xFF,0xE0,0x00,0x00,0x00,0xFF,0xFE,0x00,0x00,0x00,0x0F,0xFF,0xE0,0x00,0x00,0x00,0xFF,0xFE,0x00,
  0x00,0x00,0x0F,0xFF,0xE0,0x00,0x00,0x00,0xFF,0xFE,0x00,0x00,0x00,0x0F,0xFF,0xE0,0x00,0x00,0x00,0xFF,0xFE,0x00,0x00,0x00,
  0x0F,0xFF,0xE0,0x00,0x00,0x00,0xFF,0xFE,0x00,0x00,0x00,0x07,0xFF,0xE0,0x00,0x00,0x00,0x7F,0xFF,0x00,0x00,0x00,0x07,0xFF,
  0xF8,0x00,0x00,0x00,0x7F,0xFF,0xC0,0x00,0x70,0x07,0xFF,0xFF,0xFF,0xFF,0x00,0x3F,0xFF,0xFF,0xFF,0xF0,0x03,0xFF,0xFF,0xFF,
  0xFF,0x00,0x1F,0xFF,0xFF,0xFF,0xF0,0x00,0xFF,0xFF,0xFF,0xFF,0x00,0x07,0xFF,0xFF,0xFF,0xF0,0x00,0x3F,0xFF,0xFF,0xFF,0x00,
  0x01,0xFF,0xFF,0xFF,0xF0,0x00,0x03,0xFF,0xFF,0xFF,0x00,0x00,0x07,0xFF,0xF8,0x00,0xFF,0xFC,0x00,0x00,0x7F,0xFE,0xFF,0xFC,
  0x00,0x00,0x7F,0xFE,0xFF,0xFC,0x00,0x00,0x7F,0xFE,0xFF,0xFC,0x00,0x00,0x7F,0xFE,0xFF,0xFC,0x00,0x00,0x7F,0xFE,0xFF,0xFC,
  0x00,0x00,0x7F,0xFE,0xFF,0xFC,0x00,0x00,0x7F,0xFE,0xFF,0xFC,0x00,0x00,0x7F,0xFE,0xFF,0xFC,0x00,0x00,0x7F,0xFE,0xFF,0xFC,
  0x00,0x00,0x7F,0xFE,0xFF,0xFC,0x00,0x00,0x7F,0xFE,0xFF,0xFC,0x00,0x00,0x7F,0xFE,0xFF,0xFC,0x00,0x00,0x7F,0xFE,0xFF,0xFC,
  0x00,0x00,0x7F,0xFE,0xFF,0xFC,0x00,0x00,0x7F,0xFE,0xFF,0xFC,0x00,0x00,0x7F,0xFE,0xFF,0xFC,0x00,0x00,0x7F,0xFE,0xFF,0xFC,
  0x00,0x00,0x7F,0xFE,0xFF,0xFC,0x00,0x00,0x7F,0xFE,0xFF,0xFC,0x00,0x00,0x7F,0xFE,0xFF,0xFC,0x00,0x00,0x7F,0xFE,0xFF,0xFC,
  0x00,0x00,0x7F,0xFE,0xFF,0xFC,0x00,0x00,0x7F,0xFE,0xFF,0xFC,0x00,0x00,0x7F,0xFE,0xFF,0xFC,0x00,0x00,0x7F,0xFE,0xFF,0xFC,
  0x00,0x00,0x7F,0xFE,0xFF,0xFC,0x00,0x00,0x7F,0xFE,0xFF,0xFC,0x00,0x00,0x7F,0xFE,0xFF,0xFC,0x00,0x00,0x7F,0xFE,0xFF,0xFC,
  0x00,0x00,0x7F,0xFE,0xFF,0xFC,0x00,0x00,0x7F,0xFE,0xFF,0xFC,0x00,0x00,0x7F,0xFE,0xFF,0xFC,0x00,0x00,0x7F,0xFE,0xFF,0xFC,
  0x00,0x00,0xFF,0xFE,0xFF,0xFC,0x00,0x00,0xFF,0xFE,0xFF,0xFC,0x00,0x00,0xFF,0xFE,0xFF,0xFE,0x00,0x00,0xFF,0xFE,0xFF,0xFE,
  0x00,0x01,0xFF,0xFE,0xFF,0xFE,0x00,0x01,0xFF,0xFE,0xFF,0xFF,0x00,0x03,0xFF,0xFE,0xFF,0xFF,0x00,0x03,0xFF,0xFE,0xFF,0xFF,
  0x80,0x07,0xFF,0xFE,0x7F,0xFF,0xC0,0x0F,0xFF,0xFE,0x7F,0xFF,0xE0,0x3F,0xFF,0xFE,0x7F,0xFF,0xFF,0xFF,0xFF,0xFE,0x3F,0xFF,
  0xFF,0xFF,0x7F,0xFE,0x3F,0xFF,0xFF,0xFE,0x7F,0xFE,0x1F,0xFF,0xFF,0xFE,0x3F,0xFE,0x1F,0xFF,0xFF,0xFC,0x3F,0xFE,0x0F,0xFF,
  0xFF,0xF8,0x3F,0xFE,0x07,0xFF,0xFF,0xF0,0x3F,0xFE,0x03,0xFF,0xFF,0xE0,0x3F,0xFE,0x01,0xFF,0xFF,0xC0,0x3F,0xFE,0x00,0x7F,
  0xFF,0x00,0x3F,0xFF,0x00,0x0F,0xF8,0x00,0x00,0x00,0xFF,0xFE,0x00,0x00,0x00,0x1F,0xFF,0xFF,0xFF,0x80,0x00,0x00,0x07,0xFF,
  0xEF,0xFF,0xE0,0x00,0x00,0x03,0xFF,0xF9,0xFF,0xFC,0x00,0x00,0x00,0xFF,0xFE,0x7F,0xFF,0x00,0x00,0x00,0x3F,0xFF,0x0F,0xFF,
  0xC0,0x00,0x00,0x1F,0xFF,0xC3,0xFF,0xF8,0x00,0x00,0x07,0xFF,0xF0,0xFF,0xFE,0x00,0x00,0x01,0xFF,0xF8,0x1F,0xFF,0x80,0x00,
  0x00,0xFF,0xFE,0x07,0xFF,0xF0,0x00,0x00,0x3F,0xFF,0x01,0xFF,0xFC,0x00,0x00,0x1F,0xFF,0xC0,0x3F,0xFF,0x00,0x00,0x07,0xFF,
  0xF0,0x0F,0xFF,0xE0,0x00,0x01,0xFF,0xF8,0x01,0xFF,0xF8,0x00,0x00,0xFF,0xFE,0x00,0x7F,0xFE,0x00,0x00,0x3F,0xFF,0x00,0x1F,
  0xFF,0xC0,0x00,0x0F,0xFF,0xC0,0x03,0xFF,0xF0,0x00,0x07,0xFF,0xF0,0x00,0xFF,0xFC,0x00,0x01,0xFF,0xF8,0x00,0x1F,0xFF,0x80,
  0x00,0x7F,0xFE,0x00,0x07,0xFF,0xE0,0x00,0x3F,0xFF,0x00,0x01,0xFF,0xFC,0x00,0x0F,0xFF,0xC0,0x00,0x3F,0xFF,0x00,0x03,0xFF,
  0xF0,0x00,0x0F,0xFF,0xC0,0x01,0xFF,0xF8,0x00,0x03,0xFF,0xF8,0x00,0x7F,0xFE,0x00,0x00,0x7F,0xFE,0x00,0x1F,0xFF,0x80,0x00,
  0x1F,0xFF,0x80,0x0F,0xFF,0xC0,0x00,0x03,0xFF,0xF0,0x03,0xFF,0xF0,0x00,0x00,0xFF,0xFC,0x00,0xFF,0xF8,0x00,0x00,0x3F,0xFF,
  0x00,0x7F,0xFE,0x00,0x00,0x07,0xFF,0xE0,0x1F,0xFF,0x80,0x00,0x01,0xFF,0xF8,0x07,0xFF,0xC0,0x00,0x00,0x7F,0xFE,0x03,0xFF,
  0xF0,0x00,0x00,0x0F,0xFF,0xC0,0xFF,0xF8,0x00,0x00,0x03,0xFF,0xF0,0x3F,0xFE,0x00,0x00,0x00,0x7F,0xFC,0x1F,0xFF,0x80,0x00,
  0x00,0x1F,0xFF,0x07,0xFF,0xC0,0x00,0x00,0x07,0xFF,0xE1,0xFF,0xF0,0x00,0x00,0x00,0xFF,0xF8,0xFF,0xF8,0x00,0x00,0x00,0x3F,
  0xFE,0x3F,0xFE,0x00,0x00,0x00,0x0F,0xFF,0xCF,0xFF,0x80,0x00,0x00,0x01,0xFF,0xF7,0xFF,0xC0,0x00,0x00,0x00,0x7F,0xFD,0xFF,
  0xF0,0x00,0x00,0x00,0x0F,0xFF,0xFF,0xF8,0x00,0x00,0x00,0x03,0xFF,0xFF,0xFE,0x00,0x00,0x00,0x00,0xFF,0xFF,0xFF,0x80,0x00,
  0x00,0x00,0x1F,0xFF,0xFF,0xC0,0x00,0x00,0x00,0x07,0xFF,0xFF,0xF0,0x00,0x00,0x00,0x01,0xFF,0xFF,0xFC,0x00,0x00,0x00,0x00,
  0x3F,0xFF,0xFE,0x00,0x00,0x00,0x00,0x0F,0xFF,0xFF,0x80,0x00,0x00,0x00,0x01,0xFF,0xFF,0xC0,0x00,0x00,0x00,0x00,0x7F,0xFF,
  0xF0,0x00,0x00,0x00,0x00,0x1F,0xFF,0xFC,0x00,0x00,0x00,0x00,0x03,0xFF,0xFE,0x00,0x00,0x00,0xFF,0xE0,0x00,0x00,0x00,0x00,
  0x7F,0xFF,0xFE,0x00,0x00,0x00,0x00,0x07,0xFF,0xFF,0xE0,0x00,0x00,0x00,0x00,0xFF,0xFF,0xFF,0x00,0x00,0x00,0x00,0x0F,0xFF,
  0xFF,0xF0,0x00,0x00,0x00,0x00,0xFF,0xFF,0xFF,0x00,0x00,0x00,0x00,0x0F,0xFE,0x7F,0xF0,0x00,0x00,0x00,0x00,0xFF,0xE7,0xFF,
  0x00,0x00,0x00,0x00,0x0F,0xFE,0x7F,0xF0,0x00,0x00,0x00,0x00,0xFF,0xE7,0xFF,0x00,0x00,0x00,0x00,0x1F,0xFE,0x7F,0xF8,0x00,
  0x00,0x00,0x01,0xFF,0xC7,0xFF,0x80,0x00,0x00,0x00,0x1F,0xFC,0x3F,0xF8,0x00,0x00,0x00,0x01,0xFF,0xC3,0xFF,0x80,0x07,0xFE,
  0x00,0x1F,0xFC,0x3F,0xF8,0x00,0xFF,0xE0,0x01,0xFF,0xC3,0xFF,0x80,0x0F,0xFF,0x00,0x3F,0xFC,0x3F,0xF8,0x00,0xFF,0xF0,0x03,
  0xFF,0x83,0xFF,0xC0,0x0F,0xFF,0x00,0x3F,0xF8,0x1F,0xFC,0x01,0xFF,0xF8,0x03,0xFF,0x81,0xFF,0xC0,0x1F,0xFF,0x80,0x3F,0xF8,
  0x1F,0xFC,0x01,0xFF,0xF8,0x03,0xFF,0x81,0xFF,0xC0,0x3F,0xFF,0x80,0x3F,0xF8,0x1F,0xFC,0x03,0xFF,0xFC,0x07,0xFF,0x01,0xFF,
  0xC0,0x3F,0xFF,0xC0,0x7F,0xF0,0x0F,0xFC,0x07,0xFF,0xFC,0x07,0xFF,0x00,0xFF,0xE0,0x7F,0xFF,0xE0,0x7F,0xF0,0x0F,0xFE,0x07,
  0xFF,0xFE,0x07,0xFF,0x00,0xFF,0xE0,0xFF,0xBF,0xE0,0x7F,0xE0,0x0F,0xFE,0x0F,0xF9,0xFF,0x07,0xFE,0x00,0x7F,0xE0,0xFF,0x9F,
  0xF0,0xFF,0xE0,0x07,0xFE,0x1F,0xF1,0xFF,0x0F,0xFE,0x00,0x7F,0xE1,0xFF,0x0F,0xF8,0xFF,0xE0,0x07,0xFF,0x1F,0xF0,0xFF,0x8F,
  0xFE,0x00,0x7F,0xF3,0xFF,0x0F,0xF8,0xFF,0xC0,0x07,0xFF,0x3F,0xE0,0xFF,0x8F,0xFC,0x00,0x3F,0xF3,0xFE,0x07,0xFC,0xFF,0xC0,
  0x03,0xFF,0x7F,0xE0,0x7F,0xDF,0xFC,0x00,0x3F,0xF7,0xFC,0x07,0xFD,0xFF,0xC0,0x03,0xFF,0x7F,0xC0,0x3F,0xFF,0xFC,0x00,0x3F,
  0xF7,0xFC,0x03,0xFF,0xFF,0x80,0x03,0xFF,0xFF,0x80,0x3F,0xFF,0xF8,0x00,0x1F,0xFF,0xF8,0x01,0xFF,0xFF,0x80,0x01,0xFF,0xFF,
  0x80,0x1F,0xFF,0xF8,0x00,0x1F,0xFF,0xF0,0x01,0xFF,0xFF,0x80,0x01,0xFF,0xFF,0x00,0x1F,0xFF,0xF0,0x00,0x1F,0xFF,0xF0,0x00,
  0xFF,0xFF,0x00,0x01,0xFF,0xFE,0x00,0x0F,0xFF,0xF0,0x00,0x0F,0xFF,0xE0,0x00,0xFF,0xFF,0x00,0x00,0xFF,0xFE,0x00,0x07,0xFF,
  0xF0,0x00,0x0F,0xFF,0xC0,0x00,0x7F,0xFF,0x00,0x00,0xFF,0xFC,0x00,0x07,0xFF,0xE0,0x00,0x0F,0xFF,0xC0,0x00,0x3F,0xFE,0x00,
  0x00,0xFF,0xFC,0x00,0x03,0xFF,0xE0,0x00,0x07,0xFF,0x80,0x00,0x3F,0xFE,0x00,0x7F,0xFF,0x00,0x00,0x01,0xFF,0xFE,0x7F,0xFF,
  0x80,0x00,0x01,0xFF,0xFC,0x3F,0xFF,0x80,0x00,0x03,0xFF,0xF8,0x1F,0xFF,0xC0,0x00,0x07,0xFF,0xF8,0x0F,0xFF,0xE0,0x00,0x07,
  0xFF,0xF0,0x0F,0xFF,0xE0,0x00,0x0F,0xFF,0xE0,0x07,0xFF,0xF0,0x00,0x1F,0xFF,0xC0,0x03,0xFF,0xF8,0x00,0x1F,0xFF,0xC0,0x01,
  0xFF,0xFC,0x00,0x3F,0xFF,0x80,0x01,0xFF,0xFC,0x00,0x7F,0xFF,0x00,0x00,0xFF,0xFE,0x00,0x7F,0xFE,0x00,0x00,0x7F,0xFF,0x00,
  0xFF,0xFE,0x00,0x00,0x3F,0xFF,0x01,0xFF,0xFC,0x00,0x00,0x3F,0xFF,0x81,0xFF,0xF8,0x00,0x00,0x1F,0xFF,0xC3,0xFF,0xF0,0x00,
  0x00,0x0F,0xFF,0xC7,0xFF,0xF0,0x00,0x00,0x07,0xFF,0xE7,0xFF,0xE0,0x00,0x00,0x07,0xFF,0xFF,0xFF,0xC0,0x00,0x00,0x03,0xFF,
  0xFF,0xFF,0x80,0x00,0x00,0x01,0xFF,0xFF,0xFF,0x80,0x00,0x00,0x00,0xFF,0xFF,0xFF,0x00,0x00,0x00,0x00,0xFF,0xFF,0xFE,0x00,
  0x00,0x00,0x00,0x7F,0xFF,0xFC,0x00,0x00,0x00,0x00,0x3F,0xFF,0xFC,0x00,0x00,0x00,0x00,0x1F,0xFF,0xF8,0x00,0x00,0x00,0x00,
  0x1F,0xFF,0xF0,0x00,0x00,0x00,0x00,0x0F,0xFF,0xF0,0x00,0x00,0x00,0x00,0x1F,0xFF,0xF8,0x00,0x00,0x00,0x00,0x3F,0xFF,0xFC,
  0x00,0x00,0x00,0x00,0x7F,0xFF,0xFC,0x00,0x00,0x00,0x00,0x7F,0xFF,0xFE,0x00,0x00,0x00,0x00,0xFF,0xFF,0xFF,0x00,0x00,0x00,
  0x01,0xFF,0xFF,0xFF,0x80,0x00,0x00,0x03,0xFF,0xFF,0xFF,0x80,0x00,0x00,0x03,0xFF,0xFF,0xFF,0xC0,0x00,0x00,0x07,0xFF,0xEF,
  0xFF,0xE0,0x00,0x00,0x0F,0xFF,0xC7,0xFF,0xF0,0x00,0x00,0x1F,0xFF,0xC3,0xFF,0xF0,0x00,0x00,0x1F,0xFF,0x83,0xFF,0xF8,0x00,
  0x00,0x3F,0xFF,0x01,0xFF,0xFC,0x00,0x00,0x7F,0xFF,0x00,0xFF,0xFC,0x00,0x00,0x7F,0xFE,0x00,0xFF,0xFE,0x00,0x00,0xFF,0xFC,
  0x00,0x7F,0xFF,0x00,0x01,0xFF,0xFC,0x00,0x3F,0xFF,0x80,0x03,0xFF,0xF8,0x00,0x3F,0xFF,0x80,0x03,0xFF,0xF0,0x00,0x1F,0xFF,
  0xC0,0x07,0xFF,0xF0,0x00,0x0F,0xFF,0xE0,0x0F,0xFF,0xE0,0x00,0x07,0xFF,0xF0,0x1F,0xFF,0xC0,0x00,0x07,0xFF,0xF0,0x1F,0xFF,
  0xC0,0x00,0x03,0xFF,0xF8,0x3F,0xFF,0x80,0x00,0x01,0xFF,0xFC,0x7F,0xFF,0x00,0x00,0x01,0xFF,0xFE,0xFF,0xFF,0x00,0x00,0x00,
  0xFF,0xFE,0xFF,0xFE,0x00,0x00,0x00,0x7F,0xFF,0xFF,0xFE,0x00,0x00,0x00,0x1F,0xFF,0xDF,0xFF,0xC0,0x00,0x00,0x0F,0xFF,0xE7,
  0xFF,0xF0,0x00,0x00,0x03,0xFF,0xF9,0xFF,0xFC,0x00,0x00,0x00,0xFF,0xFC,0x3F,0xFF,0x80,0x00,0x00,0x7F,0xFF,0x0F,0xFF,0xE0,
  0x00,0x00,0x1F,0xFF,0xC1,0xFF,0xF8,0x00,0x00,0x07,0xFF,0xE0,0x7F,0xFF,0x00,0x00,0x03,0xFF,0xF8,0x0F,0xFF,0xC0,0x00,0x00,
  0xFF,0xFC,0x03,0xFF,0xF0,0x00,0x00,0x3F,0xFF,0x00,0xFF,0xFE,0x00,0x00,0x1F,0xFF,0xC0,0x1F,0xFF,0x80,0x00,0x07,0xFF,0xE0,
  0x07,0xFF,0xF0,0x00,0x01,0xFF,0xF8,0x00,0xFF,0xFC,0x00,0x00,0xFF,0xFC,0x00,0x3F,0xFF,0x00,0x00,0x3F,0xFF,0x00,0x0F,0xFF,
  0xE0,0x00,0x0F,0xFF,0xC0,0x01,0xFF,0xF8,0x00,0x07,0xFF,0xE0,0x00,0x7F,0xFE,0x00,0x01,0xFF,0xF8,0x00,0x0F,0xFF,0xC0,0x00,
  0x7F,0xFC,0x00,0x03,0xFF,0xF0,0x00,0x3F,0xFF,0x00,0x00,0x7F,0xFC,0x00,0x0F,0xFF,0xC0,0x00,0x1F,0xFF,0x80,0x03,0xFF,0xE0,
  0x00,0x07,0xFF,0xE0,0x01,0xFF,0xF8,0x00,0x00,0xFF,0xFC,0x00,0x7F,0xFE,0x00,0x00,0x3F,0xFF,0x00,0x1F,0xFF,0x00,0x00,0x07,
  0xFF,0xC0,0x0F,0xFF,0xC0,0x00,0x01,0xFF,0xF8,0x03,0xFF,0xE0,0x00,0x00,0x3F,0xFE,0x00,0xFF,0xF8,0x00,0x00,0x0F,0xFF,0x80,
  0x7F,0xFE,0x00,0x00,0x03,0xFF,0xF0,0x1F,0xFF,0x00,0x00,0x00,0x7F,0xFC,0x07,0xFF,0xC0,0x00,0x00,0x1F,0xFF,0x01,0xFF,0xE0,
  0x00,0x00,0x03,0xFF,0xE0,0xFF,0xF8,0x00,0x00,0x00,0xFF,0xF8,0x3F,0xFE,0x00,0x00,0x00,0x3F,0xFE,0x0F,0xFF,0x00,0x00,0x00,
  0x07,0xFF,0x87,0xFF,0xC0,0x00,0x00,0x01,0xFF,0xF1,0xFF,0xE0,0x00,0x00,0x00,0x3F,0xFC,0x7F,0xF8,0x00,0x00,0x00,0x0F,0xFF,
  0x1F,0xFE,0x00,0x00,0x00,0x01,0xFF,0xEF,0xFF,0x00,0x00,0x00,0x00,0x7F,0xFB,0xFF,0xC0,0x00,0x00,0x00,0x1F,0xFE,0xFF,0xE0,
  0x00,0x00,0x00,0x03,0xFF,0xFF,0xF8,0x00,0x00,0x00,0x00,0xFF,0xFF,0xFE,0x00,0x00,0x00,0x00,0x1F,0xFF,0xFF,0x00,0x00,0x00,
  0x00,0x07,0xFF,0xFF,0xC0,0x00,0x00,0x00,0x01,0xFF,0xFF,0xE0,0x00,0x00,0x00,0x00,0x3F,0xFF,0xF8,0x00,0x00,0x00,0x00,0x0F,
  0xFF,0xFE,0x00,0x00,0x00,0x00,0x01,0xFF,0xFF,0x00,0x00,0x00,0x00,0x00,0x7F,0xFF,0xC0,0x00,0x00,0x00,0x00,0x0F,0xFF,0xE0,
  0x00,0x00,0x00,0x00,0x03,0xFF,0xF8,0x00,0x00,0x00,0x00,0x00,0xFF,0xFE,0x00,0x00,0x00,0x00,0x00,0x3F,0xFF,0x00,0x00,0x00,
  0x00,0x00,0x0F,0xFF,0xC0,0x00,0x00,0x00,0x00,0x07,0xFF,0xF0,0x00,0x00,0x00,0x00,0x01,0xFF,0xF8,0x00,0x00,0x00,0x00,0x00,
  0xFF,0xFE,0x00,0x00,0x00,0x00,0x00,0x3F,0xFF,0x00,0x00,0x00,0x00,0x00,0x1F,0xFF,0xC0,0x00,0x00,0x00,0x00,0x0F,0xFF,0xE0,
  0x00,0x00,0x00,0x00,0x07,0xFF,0xF8,0x00,0x00,0x00,0x00,0x03,0xFF,0xFC,0x00,0x00,0x00,0x00,0x03,0xFF,0xFF,0x00,0x00,0x00,
  0x01,0xFF,0xFF,0xFF,0x80,0x00,0x00,0x00,0x7F,0xFF,0xFF,0xE0,0x00,0x00,0x00,0x1F,0xFF,0xFF,0xF0,0x00,0x00,0x00,0x07,0xFF,
  0xFF,0xF8,0x00,0x00,0x00,0x01,0xFF,0xFF,0xFC,0x00,0x00,0x00,0x00,0x7F,0xFF,0xFE,0x00,0x00,0x00,0x00,0x1F,0xFF,0xFF,0x00,
  0x00,0x00,0x00,0x07,0xFF,0xFF,0x80,0x00,0x00,0x00,0x01,0xFF,0xFF,0x80,0x00,0x00,0x00,0x00,0x7F,0xFF,0x80,0x00,0x00,0x00,
  0x00,0x3F,0xFF,0xFF,0xFF,0xFF,0xF8,0x7F,0xFF,0xFF,0xFF,0xFF,0xF0,0xFF,0xFF,0xFF,0xFF,0xFF,0xE1,0xFF,0xFF,0xFF,0xFF,0xFF,
  0xC3,0xFF,0xFF,0xFF,0xFF,0xFF,0x87,0xFF,0xFF,0xFF,0xFF,0xFF,0x0F,0xFF,0xFF,0xFF,0xFF,0xFE,0x1F,0xFF,0xFF,0xFF,0xFF,0xFC,
  0x3F,0xFF,0xFF,0xFF,0xFF,0xF8,0x7F,0xFF,0xFF,0xFF,0xFF,0xF0,0x00,0x00,0x00,0x3F,0xFF,0xC0,0x00,0x00,0x00,0xFF,0xFF,0x80,
  0x00,0x00,0x01,0xFF,0xFE,0x00,0x00,0x00,0x07,0xFF,0xF8,0x00,0x00,0x00,0x1F,0xFF,0xE0,0x00,0x00,0x00,0x7F,0xFF,0x80,0x00,
  0x00,0x01,0xFF,0xFE,0x00,0x00,0x00,0x07,0xFF,0xF8,0x00,0x00,0x00,0x1F,0xFF,0xF0,0x00,0x00,0x00,0x3F,0xFF,0xC0,0x00,0x00,
  0x00,0xFF,0xFF,0x00,0x00,0x00,0x03,0xFF,0xFC,0x00,0x00,0x00,0x0F,0xFF,0xF0,0x00,0x00,0x00,0x3F,0xFF,0xC0,0x00,0x00,0x00,
  0xFF,0xFF,0x80,0x00,0x00,0x01,0xFF,0xFE,0x00,0x00,0x00,0x07,0xFF,0xF8,0x00,0x00,0x00,0x1F,0xFF,0xE0,0x00,0x00,0x00,0x7F,
  0xFF,0x80,0x00,0x00,0x01,0xFF,0xFE,0x00,0x00,0x00,0x07,0xFF,0xF8,0x00,0x00,0x00,0x1F,0xFF,0xF0,0x00,0x00,0x00,0x3F,0xFF,
  0xC0,0x00,0x00,0x00,0xFF,0xFF,0x00,0x00,0x00,0x03,0xFF,0xFC,0x00,0x00,0x00,0x0F,0xFF,0xF0,0x00,0x00,0x00,0x3F,0xFF,0xC0,
  0x00,0x00,0x00,0xFF,0xFF,0x80,0x00,0x00,0x01,0xFF,0xFE,0x00,0x00,0x00,0x07,0xFF,0xF8,0x00,0x00,0x00,0x1F,0xFF,0xE0,0x00,
  0x00,0x00,0x7F,0xFF,0x80,0x00,0x00,0x01,0xFF,0xFE,0x00,0x00,0x00,0x07,0xFF,0xFC,0x00,0x00,0x00,0x0F,0xFF,0xFF,0xFF,0xFF,
  0xFF,0xFF,0xFF,0xFF,0xFF,0xFF,0xFF,0xFF,0xFF,0xFF,0xFF,0xFF,0xFF,0xFF,0xFF,0xFF,0xFF,0xFF,0xFF,0xFF,0xFF,0xFF,0xFF,0xFF,
  0xFF,0xFF,0xFF,0xFF,0xFF,0xFF,0xFF,0xFF,0xFF,0xFF,0xFF,0xFF,0xFF,0xFF,0xFF,0xFF,0xFF,0xFF,0xFF,0xFF,0xFF,0xFF,0xFF,0xFF,
  0xFF,0xFF,0xFF,0xFF,0xFF,0xFF,0xC0,0x00,0x00,0x03,0xFF,0xFF,0xE0,0x00,0x03,0xFF,0xFF,0xFC,0x00,0x01,0xFF,0xFF,0xFF,0x80,
  0x00,0x7F,0xFF,0xFF,0xF0,0x00,0x1F,0xFF,0xFF,0xFE,0x00,0x07,0xFF,0xFF,0xFF,0xC0,0x01,0xFF,0xFF,0xFF,0xF8,0x00,0x3F,0xFF,
  0xFF,0xFF,0x00,0x0F,0xFF,0xFF,0xFF,0xE0,0x01,0xFF,0xFF,0xFF,0xF8,0x00,0x3F,0xFF,0xE0,0x00,0x00,0x0F,0xFF,0xF0,0x00,0x00,
  0x01,0xFF,0xFC,0x00,0x00,0x00,0x3F,0xFF,0x80,0x00,0x00,0x07,0xFF,0xE0,0x00,0x00,0x00,0xFF,0xFC,0x00,0x00,0x00,0x1F,0xFF,
  0x80,0x00,0x00,0x03,0xFF,0xF0,0x00,0x00,0x00,0x7F,0xFE,0x00,0x00,0x00,0x0F,0xFF,0xC0,0x00,0x00,0x01,0xFF,0xF8,0x00,0x00,
  0x00,0x3F,0xFF,0x00,0x00,0x00,0x07,0xFF,0xE0,0x00,0x00,0x00,0xFF,0xFC,0x00,0x00,0x00,0x1F,0xFF,0x80,0x00,0x00,0x03,0xFF,
  0xF0,0x00,0x00,0x00,0x7F,0xFE,0x00,0x00,0x00,0x0F,0xFF,0xC0,0x00,0x00,0x01,0xFF,0xF8,0x00,0x00,0x00,0x3F,0xFF,0x00,0x00,
  0x00,0x07,0xFF,0xE0,0x00,0x00,0x00,0xFF,0xFC,0x00,0x00,0x00,0x1F,0xFF,0x80,0x00,0x00,0x03,0xFF,0xF0,0x00,0x00,0x00,0x7F,
  0xFE,0x00,0x00,0x00,0x0F,0xFF,0x80,0x00,0x00,0x03,0xFF,0xF0,0x00,0x00,0x00,0x7F,0xFE,0x00,0x00,0x00,0x0F,0xFF,0xC0,0x00,
  0x00,0x03,0xFF,0xF8,0x00,0x00,0x00,0xFF,0xFE,0x00,0x00,0x00,0x7F,0xFF,0xC0,0x00,0x00,0x7F,0xFF,0xF0,0x00,0x00,0x7F,0xFF,
  0xFC,0x00,0x00,0x0F,0xFF,0xFF,0x00,0x00,0x01,0xFF,0xFF,0xC0,0x00,0x00,0x3F,0xFF,0xF0,0x00,0x00,0x07,0xFF,0xF0,0x00,0x00,
  0x00,0xFF,0xFF,0x00,0x00,0x00,0x1F,0xFF,0xF8,0x00,0x00,0x03,0xFF,0xFF,0xC0,0x00,0x00,0x7F,0xFF,0xFC,0x00,0x00,0x0F,0xFF,
  0xFF,0xC0,0x00,0x00,0x1F,0xFF,0xF8,0x00,0x00,0x00,0x7F,0xFF,0x80,0x00,0x00,0x07,0xFF,0xF0,0x00,0x00,0x00,0x7F,0xFF,0x00,
  0x00,0x00,0x07,0xFF,0xE0,0x00,0x00,0x00,0xFF,0xFC,0x00,0x00,0x00,0x0F,0xFF,0x80,0x00,0x00,0x01,0xFF,0xF8,0x00,0x00,0x00,
  0x3F,0xFF,0x00,0x00,0x00,0x07,0xFF,0xE0,0x00,0x00,0x00,0xFF,0xFC,0x00,0x00,0x00,0x1F,0xFF,0x80,0x00,0x00,0x03,0xFF,0xF0,
  0x00,0x00,0x00,0x7F,0xFE,0x00,0x00,0x00,0x0F,0xFF,0xC0,0x00,0x00,0x01,0xFF,0xF8,0x00,0x00,0x00,0x3F,0xFF,0x00,0x00,0x00,
  0x07,0xFF,0xE0,0x00,0x00,0x00,0xFF,0xFC,0x00,0x00,0x00,0x1F,0xFF,0x80,0x00,0x00,0x03,0xFF,0xF0,0x00,0x00,0x00,0x7F,0xFE,
  0x00,0x00,0x00,0x0F,0xFF,0xC0,0x00,0x00,0x01,0xFF,0xF8,0x00,0x00,0x00,0x3F,0xFF,0x00,0x00,0x00,0x07,0xFF,0xE0,0x00,0x00,
  0x00,0xFF,0xFC,0x00,0x00,0x00,0x1F,0xFF,0x80,0x00,0x00,0x03,0xFF,0xF0,0x00,0x00,0x00,0x7F,0xFF,0x00,0x00,0x00,0x0F,0xFF,
  0xE0,0x00,0x00,0x00,0xFF,0xFE,0x00,0x00,0x00,0x1F,0xFF,0xF0,0x00,0x00,0x03,0xFF,0xFF,0xFF,0xF0,0x00,0x7F,0xFF,0xFF,0xFF,
  0x00,0x07,0xFF,0xFF,0xFF,0xE0,0x00,0xFF,0xFF,0xFF,0xFC,0x00,0x0F,0xFF,0xFF,0xFF,0x80,0x00,0xFF,0xFF,0xFF,0xF0,0x00,0x0F,
  0xFF,0xFF,0xFE,0x00,0x00,0xFF,0xFF,0xFF,0xC0,0x00,0x07,0xFF,0xFF,0xF8,0x00,0x00,0x1F,0xFF,0xFF,0xFF,0xFF,0xFF,0xFF,0xFF,
  0xFF,0xFF,0xFF,0xFF,0xFF,0xFF,0xFF,0xFF,0xFF,0xFF,0xFF,0xFF,0xFF,0xFF,0xFF,0xFF,0xFF,0xFF,0xFF,0xFF,0xFF,0xFF,0xFF,0xFF,
  0xFF,0xFF,0xFF,0xFF,0xFF,0xFF,0xFF,0xFF,0xFF,0xFF,0xFF,0xFF,0xFF,0xFF,0xFF,0xFF,0xFF,0xFF,0xFF,0xFF,0xFF,0xFF,0xFF,0xFF,
  0xFF,0xFF,0xFF,0xFF,0xFF,0xFF,0xFF,0xFF,0xFF,0xFF,0xFF,0xFF,0xFF,0xFF,0xFF,0xFF,0xFF,0xFF,0xFF,0xFF,0xFF,0xFF,0xFF,0xFF,
  0xFF,0xFF,0xFF,0xFF,0xFF,0xFF,0xFF,0xFF,0xFF,0xFF,0xFF,0xFF,0xFF,0xFF,0xFF,0xFF,0xFF,0xFF,0xFF,0xFF,0xFF,0xFF,0xFF,0xFF,
  0xFF,0xFF,0xFF,0xFF,0xFF,0xFF,0xFF,0xFF,0xFF,0xFF,0xFF,0xFF,0xFF,0xFF,0xFF,0xFF,0xFF,0xFF,0xFF,0xFF,0xFF,0xFF,0xFF,0xFF,
  0xFF,0xFF,0xFF,0xFF,0xFF,0xFF,0xFF,0xFF,0xFF,0xFF,0xFF,0xFF,0xFF,0xFF,0xFF,0xFF,0xFF,0xFF,0xFF,0xFF,0xFF,0xFF,0xFF,0xFF,
  0xFF,0xFF,0xFF,0xFF,0xFF,0xFF,0xFF,0xFF,0xFF,0xFF,0xFF,0xFF,0xFF,0xFF,0xFF,0xFF,0xFF,0xFF,0xFF,0xFF,0xFF,0xFF,0xF0,0xFF,
  0xFF,0xF8,0x00,0x00,0x1F,0xFF,0xFF,0xE0,0x00,0x03,0xFF,0xFF,0xFF,0x00,0x00,0x7F,0xFF,0xFF,0xF0,0x00,0x0F,0xFF,0xFF,0xFF,
  0x00,0x01,0xFF,0xFF,0xFF,0xF0,0x00,0x3F,0xFF,0xFF,0xFF,0x00,0x07,0xFF,0xFF,0xFF,0xE0,0x00,0xFF,0xFF,0xFF,0xFE,0x00,0x0F,
  0xFF,0xFF,0xFF,0xC0,0x00,0x00,0x0F,0xFF,0xF8,0x00,0x00,0x00,0x7F,0xFF,0x00,0x00,0x00,0x0F,0xFF,0xE0,0x00,0x00,0x00,0xFF,
  0xFC,0x00,0x00,0x00,0x1F,0xFF,0xC0,0x00,0x00,0x01,0xFF,0xF8,0x00,0x00,0x00,0x3F,0xFF,0x00,0x00,0x00,0x07,0xFF,0xE0,0x00,
  0x00,0x00,0xFF,0xFC,0x00,0x00,0x00,0x1F,0xFF,0x80,0x00,0x00,0x03,0xFF,0xF0,0x00,0x00,0x00,0x7F,0xFE,0x00,0x00,0x00,0x0F,
  0xFF,0xC0,0x00,0x00,0x01,0xFF,0xF8,0x00,0x00,0x00,0x3F,0xFF,0x00,0x00,0x00,0x07,0xFF,0xE0,0x00,0x00,0x00,0xFF,0xFC,0x00,
  0x00,0x00,0x1F,0xFF,0x80,0x00,0x00,0x03,0xFF,0xF0,0x00,0x00,0x00,0x7F,0xFE,0x00,0x00,0x00,0x0F,0xFF,0xC0,0x00,0x00,0x01,
  0xFF,0xF8,0x00,0x00,0x00,0x3F,0xFF,0x00,0x00,0x00,0x07,0xFF,0xE0,0x00,0x00,0x00,0xFF,0xFC,0x00,0x00,0x00,0x1F,0xFF,0x80,
  0x00,0x00,0x03,0xFF,0xF0,0x00,0x00,0x00,0x3F,0xFF,0x00,0x00,0x00,0x07,0xFF,0xE0,0x00,0x00,0x00,0xFF,0xFE,0x00,0x00,0x00,
  0x1F,0xFF,0xE0,0x00,0x00,0x01,0xFF,0xFF,0x00,0x00,0x00,0x1F,0xFF,0xFC,0x00,0x00,0x03,0xFF,0xFF,0xF0,0x00,0x00,0x3F,0xFF,
  0xFE,0x00,0x00,0x01,0xFF,0xFF,0xC0,0x00,0x00,0x1F,0xFF,0xF8,0x00,0x00,0x00,0x7F,0xFF,0x00,0x00,0x00,0x1F,0xFF,0xE0,0x00,
  0x00,0x0F,0xFF,0xFC,0x00,0x00,0x07,0xFF,0xFF,0x80,0x00,0x01,0xFF,0xFF,0xF0,0x00,0x00,0x7F,0xFF,0xFE,0x00,0x00,0x1F,0xFF,
  0xFC,0x00,0x00,0x03,0xFF,0xFC,0x00,0x00,0x00,0xFF,0xFF,0x00,0x00,0x00,0x1F,0xFF,0xC0,0x00,0x00,0x03,0xFF,0xF0,0x00,0x00,
  0x00,0xFF,0xFE,0x00,0x00,0x00,0x1F,0xFF,0x80,0x00,0x00,0x03,0xFF,0xF0,0x00,0x00,0x00,0x7F,0xFE,0x00,0x00,0x00,0x0F,0xFF,
  0xC0,0x00,0x00,0x01,0xFF,0xF8,0x00,0x00,0x00,0x3F,0xFF,0x00,0x00,0x00,0x07,0xFF,0xE0,0x00,0x00,0x00,0xFF,0xFC,0x00,0x00,
  0x00,0x1F,0xFF,0x80,0x00,0x00,0x03,0xFF,0xF0,0x00,0x00,0x00,0x7F,0xFE,0x00,0x00,0x00,0x0F,0xFF,0xC0,0x00,0x00,0x01,0xFF,
  0xF8,0x00,0x00,0x00,0x3F,0xFF,0x00,0x00,0x00,0x07,0xFF,0xE0,0x00,0x00,0x00,0xFF,0xFC,0x00,0x00,0x00,0x1F,0xFF,0x80,0x00,
  0x00,0x03,0xFF,0xF0,0x00,0x00,0x00,0x7F,0xFE,0x00,0x00,0x00,0x0F,0xFF,0xC0,0x00,0x00,0x01,0xFF,0xF8,0x00,0x00,0x00,0x3F,
  0xFF,0x00,0x00,0x00,0x0F,0xFF,0xE0,0x00,0x00,0x01,0xFF,0xF8,0x00,0x00,0x00,0x7F,0xFF,0x00,0x00,0x00,0x0F,0xFF,0xE0,0x00,
  0x00,0x07,0xFF,0xFC,0x00,0x3F,0xFF,0xFF,0xFF,0x80,0x07,0xFF,0xFF,0xFF,0xE0,0x00,0xFF,0xFF,0xFF,0xFC,0x00,0x1F,0xFF,0xFF,
  0xFF,0x00,0x03,0xFF,0xFF,0xFF,0xE0,0x00,0x7F,0xFF,0xFF,0xF8,0x00,0x0F,0xFF,0xFF,0xFE,0x00,0x01,0xFF,0xFF,0xFF,0x80,0x00,
  0x3F,0xFF,0xFF,0xC0,0x00,0x07,0xFF,0xFF,0xC0,0x00,0x00,0x00,0xFF,0xE0,0x00,0x00,0x00,0x00,0x7F,0xFF,0xE0,0x00,0x00,0x00,
  0x3F,0xFF,0xFF,0xE0,0x00,0x00,0x37,0xFF,0xFF,0xFF,0xC0,0x00,0x0F,0xFF,0xFF,0xFF,0xFF,0x80,0x03,0xFF,0xFF,0xFF,0xFF,0xFF,
  0xEF,0xFF,0xFF,0xFF,0xFF,0xFF,0xFF,0xFF,0xFF,0xFF,0xFF,0xFF,0xFF,0xFF,0xFF,0xFF,0xFF,0xFF,0xFF,0xFF,0xFF,0xFF,0xFF,0xFF,
  0xFF,0xFF,0xFF,0xFF,0xFF,0xFF,0xFF,0xFF,0xFF,0xFF,0xFF,0xC0,0x01,0xFF,0xFF,0xFF,0xFF,0xF0,0x00,0x01,0xFF,0xFF,0xFF,0xEC,
  0x00,0x00,0x03,0xFF,0xFF,0xFC,0x00,0x00,0x00,0x07,0xFF,0xFF,0x00,0x00,0x00,0x00,0x07,0xFF,0x80,0x00,0x0F,0xF0,0x00,0x00,
  0x7F,0xFE,0x00,0x01,0xFF,0xFF,0x80,0x03,0xFF,0xFF,0xC0,0x07,0xFF,0xFF,0xE0,0x0F,0xFF,0xFF,0xF0,0x1F,0xFF,0xFF,0xF8,0x3F,
  0xFF,0xFF,0xFC,0x3F,0xF0,0x0F,0xFC,0x7F,0xE0,0x07,0xFE,0x7F,0xC0,0x03,0xFE,0xFF,0x80,0x01,0xFE,0xFF,0x00,0x01,0xFF,0xFF,
  0x00,0x00,0xFF,0xFF,0x00,0x00,0xFF,0xFF,0x00,0x00,0xFF,0xFF,0x00,0x00,0xFF,0xFF,0x00,0x00,0xFF,0xFF,0x00,0x00,0xFF,0xFF,
  0x00,0x01,0xFF,0xFF,0x80,0x01,0xFE,0x7F,0xC0,0x03,0xFE,0x7F,0xE0,0x07,0xFE,0x3F,0xF0,0x0F,0xFC,0x3F,0xFE,0xFF,0xFC,0x1F,
  0xFF,0xFF,0xF8,0x0F,0xFF,0xFF,0xF0,0x07,0xFF,0xFF,0xE0,0x03,0xFF,0xFF,0xC0,0x01,0xFF,0xFF,0x80,0x00,0x7F,0xFE,0x00,0x00,
  0x1F,0xF0,0x00,0x01,0xFF,0xF0,0x00,0x00,0x00,0x00,0x3F,0xFF,0x00,0x00,0x00,0x00,0x07,0xFF,0xF0,0x00,0x00,0x00,0x00,0x3F,
  0xFF,0x00,0x00,0x00,0x00,0x03,0xFF,0xF8,0x00,0x00,0x00,0x00,0x1F,0xFF,0x80,0x00,0x00,0x00,0x01,0xFF,0xF8,0x00,0x00,0x00,
  0x00,0x1F,0xFF,0x80,0x00,0x00,0x00,0x00,0xFF,0xF8,0x00,0x00,0x00,0x00,0x0F,0xFF,0x80,0x00,0x00,0x00,0x00,0x7F,0xF8,0x00,
  0x00,0x00,0x00,0x07,0xFF,0x80,0x00,0x00,0x00,0x00,0x3F,0xF0,0x00,0x00,0x00,0x00,0x03,0xFF,0x00,0x00,0x00,0x00,0x00,0x00,
  0x00,0x00,0x00,0x00,0x00,0x00,0x00,0x00,0x00,0x00,0x00,0x00,0x00,0x00,0x00,0x00,0x00,0x00,0x00,0x00,0x00,0x03,0xFF,0xFF,
  0xFF,0xFF,0xFF,0xFE,0x7F,0xFF,0xFF,0xFF,0xFF,0xFF,0xCF,0xFF,0xFF,0xFF,0xFF,0xFF,0xF9,0xFF,0xFF,0xFF,0xFF,0xFF,0xFF,0x3F,
  0xFF,0xFF,0xFF,0xFF,0xFF,0xE7,0xFF,0xFF,0xFF,0xFF,0xFF,0xFC,0xFF,0xFF,0xFF,0xFF,0xFF,0xFF,0x9F,0xFF,0xFF,0xFF,0xFF,0xFF,
  0xF3,0xFF,0xFF,0xFF,0xFF,0xFF,0xFE,0x7F,0xFF,0xFF,0xFF,0xFF,0xFF,0xCF,0xFF,0xFF,0xFF,0xFF,0xFF,0xF9,0xFF,0xFF,0xFF,0xFF,
  0xFF,0xFE,0x3F,0xFF,0x80,0x00,0x00,0x00,0x07,0xFF,0xF0,0x00,0x00,0x00,0x00,0xFF,0xFE,0x00,0x00,0x00,0x00,0x1F,0xFF,0xC0,
  0x00,0x00,0x00,0x03,0xFF,0xF8,0x00,0x00,0x00,0x00,0x7F,0xFF,0x00,0x00,0x00,0x00,0x0F,0xFF,0xE0,0x00,0x00,0x00,0x01,0xFF,
  0xFC,0x00,0x00,0x00,0x00,0x3F,0xFF,0x80,0x00,0x00,0x00,0x07,0xFF,0xF0,0x00,0x00,0x00,0x00,0xFF,0xFE,0x00,0x00,0x00,0x00,
  0x1F,0xFF,0xC0,0x00,0x00,0x00,0x03,0xFF,0xF8,0x00,0x00,0x00,0x00,0x7F,0xFF,0x00,0x00,0x00,0x00,0x0F,0xFF,0xE0,0x00,0x00,
  0x00,0x01,0xFF,0xFC,0x00,0x00,0x00,0x00,0x3F,0xFF,0xFF,0xFF,0xFF,0xFF,0x07,0xFF,0xFF,0xFF,0xFF,0xFF,0xE0,0xFF,0xFF,0xFF,
  0xFF,0xFF,0xFC,0x1F,0xFF,0xFF,0xFF,0xFF,0xFF,0x83,0xFF,0xFF,0xFF,0xFF,0xFF,0xF0,0x7F,0xFF,0xFF,0xFF,0xFF,0xFE,0x0F,0xFF,
  0xFF,0xFF,0xFF,0xFF,0xC1,0xFF,0xFF,0xFF,0xFF,0xFF,0xF8,0x3F,0xFF,0xFF,0xFF,0xFF,0xFF,0x07,0xFF,0xFF,0xFF,0xFF,0xFF,0xE0,
  0xFF,0xFF,0xFF,0xFF,0xFF,0xFC,0x1F,0xFF,0xFF,0xFF,0xFF,0xFF,0x03,0xFF,0xF8,0x00,0x00,0x00,0x00,0x7F,0xFF,0x00,0x00,0x00,
  0x00,0x0F,0xFF,0xE0,0x00,0x00,0x00,0x01,0xFF,0xFC,0x00,0x00,0x00,0x00,0x3F,0xFF,0x80,0x00,0x00,0x00,0x07,0xFF,0xF0,0x00,
  0x00,0x00,0x00,0xFF,0xFE,0x00,0x00,0x00,0x00,0x1F,0xFF,0xC0,0x00,0x00,0x00,0x03,0xFF,0xF8,0x00,0x00,0x00,0x00,0x7F,0xFF,
  0x00,0x00,0x00,0x00,0x0F,0xFF,0xE0,0x00,0x00,0x00,0x01,0xFF,0xFC,0x00,0x00,0x00,0x00,0x3F,0xFF,0x80,0x00,0x00,0x00,0x07,
  0xFF,0xF0,0x00,0x00,0x00,0x00,0xFF,0xFE,0x00,0x00,0x00,0x00,0x1F,0xFF,0xC0,0x00,0x00,0x00,0x03,0xFF,0xFF,0xFF,0xFF,0xFF,
  0xFF,0x7F,0xFF,0xFF,0xFF,0xFF,0xFF,0xFF,0xFF,0xFF,0xFF,0xFF,0xFF,0xFF,0xFF,0xFF,0xFF,0xFF,0xFF,0xFF,0xFF,0xFF,0xFF,0xFF,
  0xFF,0xFF,0xFF,0xFF,0xFF,0xFF,0xFF,0xFF,0xFF,0xFF,0xFF,0xFF,0xFF,0xFF,0xFF,0xFF,0xFF,0xFF,0xFF,0xFF,0xFF,0xFF,0xFF,0xFF,
  0xFF,0xFF,0xFF,0xFF,0xFF,0xFF,0xFF,0xFF,0xFF,0xFF,0xFF,0xFF,0xFF,0xFF,0xFF,0xFF,0xFF,0xFF,0xFF,0xFF,0xFF,0xFF,0xFF,0xC0,
  0x01,0xFF,0xE0,0x07,0xFF,0x00,0x00,0x3F,0xFC,0x00,0xFF,0xE0,0x00,0x07,0xFF,0x80,0x1F,0xFC,0x00,0x00,0xFF,0xF0,0x03,0xFF,
  0x80,0x00,0x1F,0xFE,0x00,0x7F,0xF0,0x00,0x03,0xFF,0xC0,0x0F,0xFE,0x00,0x00,0x7F,0xF8,0x01,0xFF,0xC0,0x00,0x0F,0xFF,0x00,
  0x3F,0xF8,0x00,0x01,0xFF,0xE0,0x07,0xFF,0x00,0x00,0x3F,0xFC,0x00,0xFF,0xE0,0x00,0x07,0xFF,0x80,0x1F,0xFC,0x00,0x00,0x00,
  0x00,0x00,0x00,0x00,0x00,0x00,0x00,0x00,0x00,0x00,0x00,0x00,0x00,0x00,0x00,0x00,0x00,0x00,0x00,0x00,0x00,0x00,0x00,0x07,
  0xFF,0xFF,0xFF,0xFF,0xFF,0xFC,0xFF,0xFF,0xFF,0xFF,0xFF,0xFF,0x9F,0xFF,0xFF,0xFF,0xFF,0xFF,0xF3,0xFF,0xFF,0xFF,0xFF,0xFF,
  0xFE,0x7F,0xFF,0xFF,0xFF,0xFF,0xFF,0xCF,0xFF,0xFF,0xFF,0xFF,0xFF,0xF9,0xFF,0xFF,0xFF,0xFF,0xFF,0xFF,0x3F,0xFF,0xFF,0xFF,
  0xFF,0xFF,0xE7,0xFF,0xFF,0xFF,0xFF,0xFF,0xFC,0xFF,0xFF,0xFF,0xFF,0xFF,0xFF,0x9F,0xFF,0xFF,0xFF,0xFF,0xFF,0xF3,0xFF,0xFF,
  0xFF,0xFF,0xFF,0xFC,0x7F,0xFF,0x00,0x00,0x00,0x00,0x0F,0xFF,0xE0,0x00,0x00,0x00,0x01,0xFF,0xFC,0x00,0x00,0x00,0x00,0x3F,
  0xFF,0x80,0x00,0x00,0x00,0x07,0xFF,0xF0,0x00,0x00,0x00,0x00,0xFF,0xFE,0x00,0x00,0x00,0x00,0x1F,0xFF,0xC0,0x00,0x00,0x00,
  0x03,0xFF,0xF8,0x00,0x00,0x00,0x00,0x7F,0xFF,0x00,0x00,0x00,0x00,0x0F,0xFF,0xE0,0x00,0x00,0x00,0x01,0xFF,0xFC,0x00,0x00,
  0x00,0x00,0x3F,0xFF,0x80,0x00,0x00,0x00,0x07,0xFF,0xF0,0x00,0x00,0x00,0x00,0xFF,0xFE,0x00,0x00,0x00,0x00,0x1F,0xFF,0xC0,
  0x00,0x00,0x00,0x03,0xFF,0xF8,0x00,0x00,0x00,0x00,0x7F,0xFF,0xFF,0xFF,0xFF,0xFE,0x0F,0xFF,0xFF,0xFF,0xFF,0xFF,0xC1,0xFF,
  0xFF,0xFF,0xFF,0xFF,0xF8,0x3F,0xFF,0xFF,0xFF,0xFF,0xFF,0x07,0xFF,0xFF,0xFF,0xFF,0xFF,0xE0,0xFF,0xFF,0xFF,0xFF,0xFF,0xFC,
  0x1F,0xFF,0xFF,0xFF,0xFF,0xFF,0x83,0xFF,0xFF,0xFF,0xFF,0xFF,0xF0,0x7F,0xFF,0xFF,0xFF,0xFF,0xFE,0x0F,0xFF,0xFF,0xFF,0xFF,
  0xFF,0xC1,0xFF,0xFF,0xFF,0xFF,0xFF,0xF8,0x3F,0xFF,0xFF,0xFF,0xFF,0xFE,0x07,0xFF,0xF0,0x00,0x00,0x00,0x00,0xFF,0xFE,0x00,
  0x00,0x00,0x00,0x1F,0xFF,0xC0,0x00,0x00,0x00,0x03,0xFF,0xF8,0x00,0x00,0x00,0x00,0x7F,0xFF,0x00,0x00,0x00,0x00,0x0F,0xFF,
  0xE0,0x00,0x00,0x00,0x01,0xFF,0xFC,0x00,0x00,0x00,0x00,0x3F,0xFF,0x80,0x00,0x00,0x00,0x07,0xFF,0xF0,0x00,0x00,0x00,0x00,
  0xFF,0xFE,0x00,0x00,0x00,0x00,0x1F,0xFF,0xC0,0x00,0x00,0x00,0x03,0xFF,0xF8,0x00,0x00,0x00,0x00,0x7F,0xFF,0x00,0x00,0x00,
  0x00,0x0F,0xFF,0xE0,0x00,0x00,0x00,0x01,0xFF,0xFC,0x00,0x00,0x00,0x00,0x3F,0xFF,0x80,0x00,0x00,0x00,0x07,0xFF,0xFF,0xFF,
  0xFF,0xFF,0xFE,0xFF,0xFF,0xFF,0xFF,0xFF,0xFF,0xFF,0xFF,0xFF,0xFF,0xFF,0xFF,0xFF,0xFF,0xFF,0xFF,0xFF,0xFF,0xFF,0xFF,0xFF,
  0xFF,0xFF,0xFF,0xFF,0xFF,0xFF,0xFF,0xFF,0xFF,0xFF,0xFF,0xFF,0xFF,0xFF,0xFF,0xFF,0xFF,0xFF,0xFF,0xFF,0xFF,0xFF,0xFF,0xFF,
  0xFF,0xFF,0xFF,0xFF,0xFF,0xFF,0xFF,0xFF,0xFF,0xFF,0xFF,0xFF,0xFF,0xFF,0xFF,0xFF,0xFF,0xFF,0xFF,0xFF,0xFF,0xFF,0xFF,0xFF,
  0xFF,0x80,0xFF,0xFF,0xFF,0xFF,0xFF,0xE0,0x00,0x0F,0xFF,0xFF,0xFF,0xFF,0xFE,0x00,0x00,0xFF,0xFF,0xFF,0xFF,0xFF,0xE0,0x00,
  0x0F,0xFF,0xFF,0xFF,0xFF,0xFE,0x00,0x00,0xFF,0xFF,0xFF,0xFF,0xFF,0xE0,0x00,0x0F,0xFF,0xFF,0xFF,0xFF,0xFE,0x00,0x00,0xFF,
  0xFF,0xFF,0xFF,0xFF,0xE0,0x00,0x0F,0xFF,0xFF,0xFF,0xFF,0xFE,0x00,0x00,0xFF,0xFF,0xFF,0xFF,0xFF,0xE0,0x00,0x0F,0xFF,0xFF,
  0xFF,0xFF,0xFE,0x00,0x00,0xFF,0xFF,0xFF,0xFF,0xFF,0xE0,0x00,0x0F,0xFF,0xFF,0xFF,0xFF,0xFC,0x00,0x00,0x00,0x03,0xFF,0xE0,
  0x00,0x00,0x00,0x00,0x00,0x3F,0xFE,0x00,0x00,0x00,0x00,0x00,0x03,0xFF,0xE0,0x00,0x00,0x00,0x00,0x00,0x3F,0xFE,0x00,0x00,
  0x00,0x00,0x00,0x03,0xFF,0xE0,0x00,0x00,0x00,0x00,0x00,0x3F,0xFE,0x00,0x00,0x00,0x00,0x00,0x03,0xFF,0xE0,0x00,0x00,0x00,
  0x00,0x00,0x3F,0xFE,0x00,0x00,0x00,0x00,0x00,0x03,0xFF,0xE0,0x00,0x00,0x00,0x00,0x00,0x3F,0xFE,0x00,0x1F,0xF8,0x00,0x00,
  0x03,0xFF,0xE0,0x1F,0xFF,0xF0,0x00,0x00,0x3F,0xFE,0x07,0xFF,0xFF,0x80,0x00,0x03,0xFF,0xE3,0xFF,0xFF,0xFC,0x00,0x00,0x3F,
  0xFE,0xFF,0xFF,0xFF,0xE0,0x00,0x03,0xFF,0xFF,0xFF,0xFF,0xFF,0x00,0x00,0x3F,0xFF,0xFF,0xFF,0xFF,0xF8,0x00,0x03,0xFF,0xFF,
  0xFF,0xFF,0xFF,0x80,0x00,0x3F,0xFF,0xFF,0xFF,0xFF,0xFC,0x00,0x03,0xFF,0xFF,0xFF,0xFF,0xFF,0xC0,0x00,0x3F,0xFF,0xFF,0xFF,
  0xFF,0xFC,0x00,0x03,0xFF,0xFF,0xF8,0x3F,0xFF,0xE0,0x00,0x3F,0xFF,0xF0,0x00,0xFF,0xFE,0x00,0x03,0xFF,0xFC,0x00,0x07,0xFF,
  0xE0,0x00,0x3F,0xFE,0x00,0x00,0x3F,0xFE,0x00,0x03,0xFF,0xE0,0x00,0x03,0xFF,0xE0,0x00,0x3F,0xFE,0x00,0x00,0x3F,0xFE,0x00,
  0x03,0xFF,0xE0,0x00,0x03,0xFF,0xF0,0x00,0x3F,0xFE,0x00,0x00,0x1F,0xFF,0x00,0x03,0xFF,0xE0,0x00,0x01,0xFF,0xF0,0x00,0x3F,
  0xFE,0x00,0x00,0x1F,0xFF,0x00,0x03,0xFF,0xE0,0x00,0x01,0xFF,0xF0,0x00,0x3F,0xFE,0x00,0x00,0x1F,0xFF,0x00,0x03,0xFF,0xE0,
  0x00,0x01,0xFF,0xF0,0x00,0x3F,0xFE,0x00,0x00,0x1F,0xFF,0x00,0x03,0xFF,0xE0,0x00,0x01,0xFF,0xF0,0x00,0x3F,0xFE,0x00,0x00,
  0x1F,0xFF,0x00,0x03,0xFF,0xE0,0x00,0x01,0xFF,0xF0,0x00,0x3F,0xFE,0x00,0x00,0x1F,0xFF,0x00,0x03,0xFF,0xE0,0x00,0x01,0xFF,
  0xF0,0x00,0x3F,0xFE,0x00,0x00,0x1F,0xFE,0x00,0x03,0xFF,0xE0,0x00,0x01,0xFF,0xE0,0x00,0x3F,0xFE,0x00,0x30,0x3F,0xFE,0x00,
  0x03,0xFF,0xE0,0x1F,0x03,0xFF,0xE0,0x00,0x3F,0xFE,0x0F,0xF8,0x3F,0xFE,0x00,0x03,0xFF,0xE7,0xFF,0x83,0xFF,0xE0,0x00,0x3F,
  0xFE,0x7F,0xFE,0x7F,0xFC,0x00,0x03,0xFF,0xE3,0xFF,0xFF,0xFF,0xC0,0x00,0x3F,0xFE,0x3F,0xFF,0xFF,0xFC,0x00,0x03,0xFF,0xE1,
  0xFF,0xFF,0xFF,0x80,0x00,0x3F,0xFE,0x1F,0xFF,0xFF,0xF8,0x00,0x03,0xFF,0xE0,0xFF,0xFF,0xFF,0x00,0x00,0x3F,0xFE,0x0F,0xFF,
  0xFF,0xF0,0x00,0x03,0xFF,0xE0,0x7F,0xFF,0xFE,0x00,0x00,0x3F,0xFE,0x03,0xFF,0xFF,0xC0,0x00,0x03,0xFF,0xE0,0x1F,0xFF,0xF8,
  0x00,0x00,0x3F,0xFE,0x00,0x7F,0xFF,0x00,0x00,0x00,0x00,0x00,0x00,0xFF,0x80,0x00,0x00,0x00,0x00,0x07,0xFF,0xC0,0x00,0x00,
  0x00,0x07,0xFF,0xE0,0x00,0x00,0x00,0x07,0xFF,0xF0,0x00,0x00,0x00,0x07,0xFF,0xE0,0x00,0x00,0x00,0x07,0xFF,0xE0,0x00,0x00,
  0x00,0x0F,0xFF,0xC0,0x00,0x00,0x00,0x0F,0xFF,0xC0,0x00,0x00,0x00,0x0F,0xFF,0xC0,0x00,0x00,0x00,0x0F,0xFF,0x80,0x00,0x00,
  0x00,0x0F,0xFF,0x80,0x00,0x00,0x00,0x0F,0xFF,0x00,0x00,0x00,0x00,0x0F,0xFF,0x00,0x00,0x00,0x00,0x07,0xFE,0x00,0x00,0x00,
  0x00,0x07,0xFE,0x00,0x00,0x00,0x00,0x00,0x00,0x00,0x00,0x00,0x00,0x00,0x00,0x00,0x00,0x00,0x00,0x00,0x00,0x00,0x00,0x00,
  0x00,0x00,0x00,0x00,0x00,0x00,0x3F,0xFF,0xFF,0xFF,0xFF,0xFF,0xFF,0xFF,0xFF,0xFF,0xFF,0xFF,0xFF,0xFF,0xFF,0xFF,0xFF,0xFF,
  0xFF,0xFF,0xFF,0xFF,0xFF,0xFF,0xFF,0xFF,0xFF,0xFF,0xFF,0xFF,0xFF,0xFF,0xFF,0xFF,0xFF,0xFF,0xFF,0xFF,0xFF,0xFF,0xFF,0xFF,
  0xFF,0xFF,0xFF,0xFF,0xFF,0xFF,0xFF,0xFF,0xFF,0xFF,0xFF,0xFF,0xFF,0xFF,0xFF,0xFF,0xFF,0xFF,0xFF,0xFF,0xFF,0xFF,0xFF,0xFF,
  0xFF,0xFF,0xFF,0xFF,0xFF,0xFF,0xFF,0xFB,0xFF,0xF8,0x00,0x00,0x00,0x01,0xFF,0xFC,0x00,0x00,0x00,0x00,0xFF,0xFE,0x00,0x00,
  0x00,0x00,0x7F,0xFF,0x00,0x00,0x00,0x00,0x3F,0xFF,0x80,0x00,0x00,0x00,0x1F,0xFF,0xC0,0x00,0x00,0x00,0x0F,0xFF,0xE0,0x00,
  0x00,0x00,0x07,0xFF,0xF0,0x00,0x00,0x00,0x03,0xFF,0xF8,0x00,0x00,0x00,0x01,0xFF,0xFC,0x00,0x00,0x00,0x00,0xFF,0xFE,0x00,
  0x00,0x00,0x00,0x7F,0xFF,0x00,0x00,0x00,0x00,0x3F,0xFF,0x80,0x00,0x00,0x00,0x1F,0xFF,0xC0,0x00,0x00,0x00,0x0F,0xFF,0xE0,
  0x00,0x00,0x00,0x07,0xFF,0xF0,0x00,0x00,0x00,0x03,0xFF,0xF8,0x00,0x00,0x00,0x01,0xFF,0xFC,0x00,0x00,0x00,0x00,0xFF,0xFE,
  0x00,0x00,0x00,0x00,0x7F,0xFF,0x00,0x00,0x00,0x00,0x3F,0xFF,0x80,0x00,0x00,0x00,0x1F,0xFF,0xC0,0x00,0x00,0x00,0x0F,0xFF,
  0xE0,0x00,0x00,0x00,0x07,0xFF,0xF0,0x00,0x00,0x00,0x03,0xFF,0xF8,0x00,0x00,0x00,0x01,0xFF,0xFC,0x00,0x00,0x00,0x00,0xFF,
  0xFE,0x00,0x00,0x00,0x00,0x7F,0xFF,0x00,0x00,0x00,0x00,0x3F,0xFF,0x80,0x00,0x00,0x00,0x1F,0xFF,0xC0,0x00,0x00,0x00,0x0F,
  0xFF,0xE0,0x00,0x00,0x00,0x07,0xFF,0xF0,0x00,0x00,0x00,0x03,0xFF,0xF8,0x00,0x00,0x00,0x01,0xFF,0xFC,0x00,0x00,0x00,0x00,
  0xFF,0xFE,0x00,0x00,0x00,0x00,0x7F,0xFF,0x00,0x00,0x00,0x00,0x3F,0xFF,0x80,0x00,0x00,0x00,0x1F,0xFF,0xC0,0x00,0x00,0x00,
  0x0F,0xFF,0xE0,0x00,0x00,0x00,0x07,0xFF,0xF0,0x00,0x00,0x00,0x03,0xFF,0xF8,0x00,0x00,0x00,0x01,0xFF,0xFC,0x00,0x00,0x00,
  0x00,0xFF,0xFE,0x00,0x00,0x00,0x00,0x7F,0xFF,0x00,0x00,0x00,0x00,0x3F,0xFF,0x80,0x00,0x00,0x00,0x1F,0xFF,0xC0,0x00,0x00,
  0x00,0x0F,0xFF,0xE0,0x00,0x00,0x00,0x07,0xFF,0xF0,0x00,0x00,0x00,0x03,0xFF,0xF8,0x00,0x00,0x00,0x01,0xFF,0xFC,0x00,0x00,
  0x00,0x00,0xFF,0xFE,0x00,0x00,0x00,0x00,0x7F,0xFF,0x00,0x00,0x00,0x00,0x3F,0xFF,0x80,0x00,0x00,0x00,0x1F,0xFF,0xC0,0x00,
  0x00,0x00,0x0F,0xFF,0xE0,0x00,0x00,0x00,0x07,0xFF,0xF0,0x00,0x00,0x00,0x00,0x00,0x00,0x03,0xFF,0xC0,0x00,0x00,0x00,0x00,
  0x7F,0xFF,0xF8,0x00,0x00,0x00,0x07,0xFF,0xFF,0xFC,0x00,0x00,0x00,0x3F,0xFF,0xFF,0xFE,0x00,0x00,0x00,0xFF,0xFF,0xFF,0xFF,
  0x00,0x00,0x07,0xFF,0xFF,0xFF,0xFF,0x00,0x00,0x1F,0xFF,0xFF,0xFF,0xFF,0x00,0x00,0x7F,0xFF,0xFF,0xFF,0xFF,0x00,0x01,0xFF,
  0xFF,0xFF,0xFF,0xFF,0x00,0x07,0xFF,0xFF,0xFF,0xFF,0xFF,0x00,0x0F,0xFF,0xFF,0xFF,0xFF,0xFE,0x00,0x3F,0xFF,0xFF,0xFF,0xFF,
  0xFE,0x00,0x7F,0xFF,0xF0,0x0F,0xFF,0xFE,0x01,0xFF,0xFF,0x80,0x07,0xFF,0xFC,0x03,0xFF,0xFE,0x00,0x07,0xFF,0xFC,0x0F,0xFF,
  0xF8,0x00,0x07,0xFF,0xF8,0x1F,0xFF,0xE0,0x00,0x07,0xFF,0xF0,0x7F,0xFF,0x80,0x00,0x07,0xFF,0xF0,0xFF,0xFF,0x00,0x00,0x0F,
  0xFF,0xE1,0xFF,0xFC,0x00,0x00,0x0F,0xFF,0xC3,0xFF,0xF8,0x00,0x00,0x1F,0xFC,0x0F,0xFF,0xF0,0x00,0x00,0x3F,0x80,0x1F,0xFF,
  0xC0,0x00,0x00,0x30,0x00,0x3F,0xFF,0x80,0x00,0x00,0x00,0x00,0x7F,0xFF,0x00,0x00,0x00,0x00,0x00,0xFF,0xFE,0x00,0x00,0x00,
  0x00,0x03,0xFF,0xF8,0x00,0x00,0x00,0x00,0x07,0xFF,0xF0,0x00,0x00,0x00,0x00,0x0F,0xFF,0xE0,0x00,0x00,0x00,0x00,0x1F,0xFF,
  0xFF,0xFF,0xFC,0x00,0x00,0x3F,0xFF,0xFF,0xFF,0xF8,0x00,0x00,0x7F,0xFF,0xFF,0xFF,0xF0,0x00,0x00,0xFF,0xFF,0xFF,0xFF,0xE0,
  0x00,0x01,0xFF,0xFF,0xFF,0xFF,0xC0,0x00,0x03,0xFF,0xFF,0xFF,0xFF,0x80,0x00,0x07,0xFF,0xFF,0xFF,0xFF,0x00,0x00,0x0F,0xFF,
  0xFF,0xFF,0xFE,0x00,0x00,0x1F,0xFF,0xFF,0xFF,0xFC,0x00,0x00,0x3F,0xFF,0xFF,0xFF,0xF8,0x00,0x00,0x7F,0xFF,0xFF,0xFF,0xF0,
  0x00,0x00,0xFF,0xFF,0xFF,0xFF,0xC0,0x00,0x01,0xFF,0xFC,0x00,0x00,0x00,0x00,0x03,0xFF,0xF8,0x00,0x00,0x00,0x00,0x03,0xFF,
  0xF8,0x00,0x00,0x00,0x00,0x07,0xFF,0xF0,0x00,0x00,0x00,0x00,0x0F,0xFF,0xE0,0x00,0x00,0x00,0x00,0x1F,0xFF,0xC0,0x00,0x00,
  0x1C,0x00,0x3F,0xFF,0xC0,0x00,0x00,0x3F,0xC0,0x7F,0xFF,0x80,0x00,0x00,0xFF,0xFC,0x7F,0xFF,0x00,0x00,0x01,0xFF,0xFC,0xFF,
  0xFF,0x00,0x00,0x07,0xFF,0xF1,0xFF,0xFE,0x00,0x00,0x0F,0xFF,0xE1,0xFF,0xFE,0x00,0x00,0x3F,0xFF,0xC3,0xFF,0xFC,0x00,0x00,
  0x7F,0xFF,0x07,0xFF,0xFC,0x00,0x01,0xFF,0xFE,0x07,0xFF,0xFC,0x00,0x07,0xFF,0xF8,0x0F,0xFF,0xFE,0x00,0x1F,0xFF,0xF0,0x0F,
  0xFF,0xFF,0x00,0xFF,0xFF,0xC0,0x0F,0xFF,0xFF,0xFF,0xFF,0xFF,0x80,0x1F,0xFF,0xFF,0xFF,0xFF,0xFE,0x00,0x1F,0xFF,0xFF,0xFF,
  0xFF,0xF8,0x00,0x1F,0xFF,0xFF,0xFF,0xFF,0xE0,0x00,0x1F,0xFF,0xFF,0xFF,0xFF,0x80,0x00,0x1F,0xFF,0xFF,0xFF,0xFE,0x00,0x00,
  0x1F,0xFF,0xFF,0xFF,0xF8,0x00,0x00,0x1F,0xFF,0xFF,0xFF,0xE0,0x00,0x00,0x0F,0xFF,0xFF,0xFF,0x80,0x00,0x00,0x07,0xFF,0xFF,
  0xFC,0x00,0x00,0x00,0x03,0xFF,0xFF,0xC0,0x00,0x00,0x00,0x00,0x7F,0xFC,0x00,0x00,0x00,0x00,0x00,0x03,0xFF,0xF0,0x00,0x00,
  0x00,0x00,0x1F,0xFF,0xFF,0x80,0x00,0x00,0x00,0x7F,0xFF,0xFF,0xF8,0x00,0x00,0x00,0xFF,0xFF,0xFF,0xFF,0x00,0x00,0x01,0xFF,
  0xFF,0xFF,0xFF,0xE0,0x00,0x01,0xFF,0xFF,0xFF,0xFF,0xF8,0x00,0x01,0xFF,0xFF,0xFF,0xFF,0xFE,0x00,0x01,0xFF,0xFF,0xFF,0xFF,
  0xFF,0x80,0x01,0xFF,0xFF,0xFF,0xFF,0xFF,0xE0,0x01,0xFF,0xFF,0xFF,0xFF,0xFF,0xF0,0x01,0xFF,0xFF,0xFF,0xFF,0xFF,0xFC,0x00,
  0xFF,0xFF,0xC0,0x07,0xFF,0xFE,0x00,0xFF,0xFF,0x80,0x00,0xFF,0xFF,0x80,0x7F,0xFF,0x00,0x00,0x3F,0xFF,0xC0,0x3F,0xFF,0x80,
  0x00,0x0F,0xFF,0xF0,0x1F,0xFF,0x80,0x00,0x07,0xFF,0xF8,0x1F,0xFF,0xC0,0x00,0x01,0xFF,0xFC,0x0F,0xFF,0xE0,0x00,0x00,0xFF,
  0xFF,0x07,0xFF,0xF0,0x00,0x00,0x3F,0xFF,0x03,0xFF,0xF8,0x00,0x00,0x1F,0x80,0x01,0xFF,0xFC,0x00,0x00,0x00,0x00,0x00,0xFF,
  0xFF,0x00,0x00,0x00,0x00,0x00,0x7F,0xFF,0x80,0x00,0x00,0x00,0x00,0x1F,0xFF,0xE0,0x00,0x00,0x00,0x00,0x0F,0xFF,0xFC,0x00,
  0x00,0x00,0x00,0x07,0xFF,0xFF,0x80,0x00,0x00,0x00,0x01,0xFF,0xFF,0xF8,0x00,0x00,0x00,0x00,0xFF,0xFF,0xFF,0x80,0x00,0x00,
  0x00,0x3F,0xFF,0xFF,0xFC,0x00,0x00,0x00,0x1F,0xFF,0xFF,0xFF,0xE0,0x00,0x00,0x07,0xFF,0xFF,0xFF,0xFE,0x00,0x00,0x01,0xFF,
  0xFF,0xFF,0xFF,0xC0,0x00,0x00,0x7F,0xFF,0xFF,0xFF,0xF8,0x00,0x00,0x0F,0xFF,0xFF,0xFF,0xFF,0x00,0x00,0x03,0xFF,0xFF,0xFF,
  0xFF,0xE0,0x00,0x00,0x7F,0xFF,0xFF,0xFF,0xF8,0x00,0x00,0x0F,0xFF,0xFF,0xFF,0xFE,0x00,0x00,0x00,0xFF,0xFF,0xFF,0xFF,0x80,
  0x00,0x00,0x0F,0xFF,0xFF,0xFF,0xE0,0x00,0x00,0x00,0xFF,0xFF,0xFF,0xF8,0x00,0x00,0x00,0x07,0xFF,0xFF,0xFC,0x00,0x00,0x00,
  0x00,0x3F,0xFF,0xFF,0x00,0x00,0x00,0x00,0x03,0xFF,0xFF,0x80,0x00,0x00,0x00,0x00,0x7F,0xFF,0xE0,0x00,0x00,0x00,0x00,0x1F,
  0xFF,0xF0,0x00,0x00,0x00,0x00,0x07,0xFF,0xF8,0x00,0x00,0x00,0x00,0x01,0xFF,0xFC,0x00,0x00,0x00,0x00,0x00,0x7F,0xFF,0x00,
  0x00,0x00,0x00,0x00,0x3F,0xFF,0x80,0x1E,0x00,0x00,0x00,0x1F,0xFF,0xCF,0xFF,0x80,0x00,0x00,0x0F,0xFF,0xFF,0xFF,0xC0,0x00,
  0x00,0x07,0xFF,0xFF,0xFF,0xF0,0x00,0x00,0x03,0xFF,0xF3,0xFF,0xF8,0x00,0x00,0x03,0xFF,0xF9,0xFF,0xFE,0x00,0x00,0x01,0xFF,
  0xFC,0xFF,0xFF,0x80,0x00,0x01,0xFF,0xFE,0x3F,0xFF,0xF0,0x00,0x01,0xFF,0xFE,0x1F,0xFF,0xFE,0x00,0x03,0xFF,0xFF,0x07,0xFF,
  0xFF,0xE0,0x0F,0xFF,0xFF,0x01,0xFF,0xFF,0xFF,0xFF,0xFF,0xFF,0x80,0xFF,0xFF,0xFF,0xFF,0xFF,0xFF,0x80,0x3F,0xFF,0xFF,0xFF,
  0xFF,0xFF,0x80,0x0F,0xFF,0xFF,0xFF,0xFF,0xFF,0xC0,0x03,0xFF,0xFF,0xFF,0xFF,0xFF,0x80,0x00,0x7F,0xFF,0xFF,0xFF,0xFF,0x80,
  0x00,0x1F,0xFF,0xFF,0xFF,0xFF,0x80,0x00,0x03,0xFF,0xFF,0xFF,0xFF,0x00,0x00,0x00,0x7F,0xFF,0xFF,0xFE,0x00,0x00,0x00,0x07,
  0xFF,0xFF,0xF8,0x00,0x00,0x00,0x00,0x3F,0xFF,0x80,0x00,0x00,0xFF,0xFF,0xFF,0xFF,0xFF,0xFF,0xFF,0xFF,0xFF,0xFF,0xFF,0xFF,
  0xFF,0xFF,0xFF,0xFF,0xFF,0xFF,0xFF,0xFF,0xFF,0xFF,0xFF,0xFF,0xFF,0xFF,0xFF,0xFF,0xFF,0xFF,0xFF,0xFF,0xFF,0xFF,0xFF,0xFF,
  0xFF,0xFF,0xFF,0xFF,0xFF,0xFF,0xFF,0xFF,0xFF,0xFF,0xFF,0xFF,0xFF,0xFF,0xFF,0xFF,0xFF,0xFF,0xFF,0xFF,0xFF,0xFF,0xFF,0xFF,
  0xFF,0xFF,0xFF,0xFF,0xFF,0xFF,0xFF,0xFF,0xFF,0x00,0x01,0xFF,0xFC,0x00,0x00,0x00,0x07,0xFF,0xF0,0x00,0x00,0x00,0x1F,0xFF,
  0xC0,0x00,0x00,0x00,0x7F,0xFF,0x00,0x00,0x00,0x01,0xFF,0xFC,0x00,0x00,0x00,0x07,0xFF,0xF0,0x00,0x00,0x00,0x1F,0xFF,0xC0,
  0x00,0x00,0x00,0x7F,0xFF,0x00,0x00,0x00,0x01,0xFF,0xFC,0x00,0x00,0x00,0x07,0xFF,0xF0,0x00,0x00,0x00,0x1F,0xFF,0xC0,0x00,
  0x00,0x00,0x7F,0xFF,0x00,0x00,0x00,0x01,0xFF,0xFC,0x00,0x00,0x00,0x07,0xFF,0xF0,0x00,0x00,0x00,0x1F,0xFF,0xC0,0x00,0x00,
  0x00,0x7F,0xFF,0x00,0x00,0x00,0x01,0xFF,0xFC,0x00,0x00,0x00,0x07,0xFF,0xF0,0x00,0x00,0x00,0x1F,0xFF,0xC0,0x00,0x00,0x00,
  0x7F,0xFF,0x00,0x00,0x00,0x01,0xFF,0xFC,0x00,0x00,0x00,0x07,0xFF,0xF0,0x00,0x00,0x00,0x1F,0xFF,0xC0,0x00,0x00,0x00,0x7F,
  0xFF,0x00,0x00,0x00,0x01,0xFF,0xFC,0x00,0x00,0x00,0x07,0xFF,0xF0,0x00,0x00,0x00,0x1F,0xFF,0xC0,0x00,0x00,0x00,0x7F,0xFF,
  0x00,0x00,0x00,0x01,0xFF,0xFC,0x00,0x00,0x00,0x07,0xFF,0xF0,0x00,0x00,0x00,0x1F,0xFF,0xC0,0x00,0x00,0x00,0x7F,0xFF,0x00,
  0x00,0x00,0x01,0xFF,0xFC,0x00,0x00,0x00,0x07,0xFF,0xF0,0x00,0x00,0x00,0x1F,0xFF,0xC0,0x00,0x00,0x00,0x7F,0xFF,0x00,0x00,
  0x00,0x01,0xFF,0xFC,0x00,0x00,0x00,0x07,0xFF,0xF0,0x00,0x00,0x00,0x1F,0xFF,0xC0,0x00,0x00,0x00,0x7F,0xFF,0x00,0x00,0x00,
  0x01,0xFF,0xFC,0x00,0x00,0x00,0x07,0xFF,0xF0,0x00,0x00,0x00,0x1F,0xFF,0xC0,0x00,0x00,0x00,0x7F,0xFF,0x00,0x00,0xFF,0xFF,
  0xFF,0xFF,0xFF,0xFF,0xFF,0xFF,0xFF,0xFF,0xFF,0xFF,0xFF,0xFF,0xFF,0xFF,0xFF,0xFF,0xFF,0xFF,0xFF,0xFF,0xFF,0xFF,0xFF,0xFF,
  0xFF,0xFF,0xFF,0xFF,0xFF,0xFF,0xFF,0xFF,0xFF,0xFF,0xFF,0xFF,0xFF,0xFF,0xFF,0xFF,0xFF,0xFF,0xFF,0xFF,0xFF,0xFF,0xFF,0xFF,
  0xFF,0xFF,0xFF,0xFF,0xFF,0xFF,0xFF,0xFF,0xFF,0xFF,0xFF,0xFF,0xFF,0xFF,0xFF,0xFF,0xFF,0xFF,0xFF,0x03,0xFF,0xC0,0x0F,0xFE,
  0x00,0x0F,0xFF,0x00,0x3F,0xF8,0x00,0x3F,0xFC,0x00,0xFF,0xE0,0x00,0xFF,0xF0,0x03,0xFF,0x80,0x03,0xFF,0xC0,0x0F,0xFE,0x00,
  0x0F,0xFF,0x00,0x3F,0xF8,0x00,0x3F,0xFC,0x00,0xFF,0xE0,0x00,0xFF,0xF0,0x03,0xFF,0x80,0x03,0xFF,0xC0,0x0F,0xFE,0x00,0x0F,
  0xFF,0x00,0x3F,0xF8,0x00,0x3F,0xFC,0x00,0xFF,0xE0,0x00,0x00,0x00,0x00,0x00,0x00,0x00,0x00,0x00,0x00,0x00,0x00,0x00,0x00,
  0x00,0x00,0x00,0x00,0x00,0x00,0x00,0x00,0x00,0x3F,0xFF,0xFF,0xFF,0xFF,0xFF,0xFF,0xFF,0xFF,0xFF,0xFF,0xFF,0xFF,0xFF,0xFF,
  0xFF,0xFF,0xFF,0xFF,0xFF,0xFF,0xFF,0xFF,0xFF,0xFF,0xFF,0xFF,0xFF,0xFF,0xFF,0xFF,0xFF,0xFF,0xFF,0xFF,0xFF,0xFF,0xFF,0xFF,
  0xFF,0xFF,0xFF,0xFF,0xFF,0xFF,0xFF,0xFF,0xFF,0xFF,0xFF,0xFF,0xFF,0xFF,0xFF,0xFF,0xFF,0xFF,0xFF,0xFF,0xFF,0xFF,0xFF,0xFF,
  0xFF,0xFF,0xFF,0xFF,0xFF,0xFF,0xC0,0x00,0x7F,0xFF,0x00,0x00,0x00,0x01,0xFF,0xFC,0x00,0x00,0x00,0x07,0xFF,0xF0,0x00,0x00,
  0x00,0x1F,0xFF,0xC0,0x00,0x00,0x00,0x7F,0xFF,0x00,0x00,0x00,0x01,0xFF,0xFC,0x00,0x00,0x00,0x07,0xFF,0xF0,0x00,0x00,0x00,
  0x1F,0xFF,0xC0,0x00,0x00,0x00,0x7F,0xFF,0x00,0x00,0x00,0x01,0xFF,0xFC,0x00,0x00,0x00,0x07,0xFF,0xF0,0x00,0x00,0x00,0x1F,
  0xFF,0xC0,0x00,0x00,0x00,0x7F,0xFF,0x00,0x00,0x00,0x01,0xFF,0xFC,0x00,0x00,0x00,0x07,0xFF,0xF0,0x00,0x00,0x00,0x1F,0xFF,
  0xC0,0x00,0x00,0x00,0x7F,0xFF,0x00,0x00,0x00,0x01,0xFF,0xFC,0x00,0x00,0x00,0x07,0xFF,0xF0,0x00,0x00,0x00,0x1F,0xFF,0xC0,
  0x00,0x00,0x00,0x7F,0xFF,0x00,0x00,0x00,0x01,0xFF,0xFC,0x00,0x00,0x00,0x07,0xFF,0xF0,0x00,0x00,0x00,0x1F,0xFF,0xC0,0x00,
  0x00,0x00,0x7F,0xFF,0x00,0x00,0x00,0x01,0xFF,0xFC,0x00,0x00,0x00,0x07,0xFF,0xF0,0x00,0x00,0x00,0x1F,0xFF,0xC0,0x00,0x00,
  0x00,0x7F,0xFF,0x00,0x00,0x00,0x01,0xFF,0xFC,0x00,0x00,0x00,0x07,0xFF,0xF0,0x00,0x00,0x00,0x1F,0xFF,0xC0,0x00,0x00,0x00,
  0x7F,0xFF,0x00,0x00,0x00,0x01,0xFF,0xFC,0x00,0x00,0x00,0x07,0xFF,0xF0,0x00,0x00,0x00,0x1F,0xFF,0xC0,0x00,0x00,0x00,0x7F,
  0xFF,0x00,0x00,0x00,0x01,0xFF,0xFC,0x00,0x00,0x00,0x07,0xFF,0xF0,0x00,0x00,0x00,0x1F,0xFF,0xC0,0x00,0x00,0x00,0x7F,0xFF,
  0x00,0x00,0x00,0x01,0xFF,0xFC,0x00,0x00,0x00,0x07,0xFF,0xF0,0x00,0x00,0x00,0x1F,0xFF,0xC0,0x00,0x3F,0xFF,0xFF,0xFF,0xFF,
  0xFF,0xFF,0xFF,0xFF,0xFF,0xFF,0xFF,0xFF,0xFF,0xFF,0xFF,0xFF,0xFF,0xFF,0xFF,0xFF,0xFF,0xFF,0xFF,0xFF,0xFF,0xFF,0xFF,0xFF,
  0xFF,0xFF,0xFF,0xFF,0xFF,0xFF,0xFF,0xFF,0xFF,0xFF,0xFF,0xFF,0xFF,0xFF,0xFF,0xFF,0xFF,0xFF,0xFF,0xFF,0xFF,0xFF,0xFF,0xFF,
  0xFF,0xFF,0xFF,0xFF,0xFF,0xFF,0xFF,0xFF,0xFF,0xFF,0xFF,0xFF,0xFF,0xFF,0xFF,0xFF,0xC0,0x00,0x00,0xFF,0xFF,0xFF,0xFC,0x00,
  0x03,0xFF,0xFF,0xFF,0xF0,0x00,0x0F,0xFF,0xFF,0xFF,0xC0,0x00,0x3F,0xFF,0xFF,0xFF,0x00,0x00,0xFF,0xFF,0xFF,0xFC,0x00,0x03,
  0xFF,0xFF,0xFF,0xF0,0x00,0x0F,0xFF,0xFF,0xFF,0xC0,0x00,0x3F,0xFF,0xFF,0xFF,0x00,0x00,0xFF,0xFF,0xFF,0xFC,0x00,0x03,0xFF,
  0xFF,0xFF,0xF0,0x00,0x0F,0xFF,0xFF,0xFF,0xC0,0x00,0x1F,0xFF,0xFF,0xFF,0x00,0x00,0x00,0x01,0xFF,0xFC,0x00,0x00,0x00,0x07,
  0xFF,0xF0,0x00,0x00,0x00,0x1F,0xFF,0xC0,0x00,0x00,0x00,0x7F,0xFF,0x00,0x00,0x00,0x01,0xFF,0xFC,0x00,0x00,0x00,0x07,0xFF,
  0xF0,0x00,0x00,0x00,0x1F,0xFF,0xC0,0x00,0x00,0x00,0x7F,0xFF,0x00,0x00,0x00,0x01,0xFF,0xFC,0x00,0x00,0x00,0x07,0xFF,0xF0,
  0x00,0x00,0x00,0x1F,0xFF,0xC0,0x00,0x00,0x00,0x7F,0xFF,0x00,0x00,0x00,0x01,0xFF,0xFC,0x00,0x00,0x00,0x07,0xFF,0xF0,0x00,
  0x00,0x00,0x1F,0xFF,0xC0,0x00,0x00,0x00,0x7F,0xFF,0x00,0x00,0x00,0x01,0xFF,0xFC,0x00,0x00,0x00,0x07,0xFF,0xF0,0x00,0x00,
  0x00,0x1F,0xFF,0xC0,0x00,0x00,0x00,0x7F,0xFF,0x00,0x00,0x00,0x01,0xFF,0xFC,0x00,0x00,0x00,0x07,0xFF,0xF0,0x00,0x00,0x00,
  0x1F,0xFF,0xC0,0x00,0x00,0x00,0x7F,0xFF,0x00,0x00,0x00,0x01,0xFF,0xFC,0x00,0x00,0x00,0x07,0xFF,0xF0,0x00,0x00,0x00,0x1F,
  0xFF,0xC0,0x00,0x00,0x00,0x7F,0xFF,0x00,0x00,0x00,0x01,0xFF,0xFC,0x00,0x00,0x00,0x07,0xFF,0xF0,0x00,0x00,0x00,0x1F,0xFF,
  0xC0,0x00,0x00,0x00,0x7F,0xFF,0x00,0x00,0x00,0x01,0xFF,0xFC,0x00,0x00,0x00,0x07,0xFF,0xF0,0x01,0xE0,0x00,0x1F,0xFF,0xC3,
  0xFF,0x80,0x00,0x7F,0xFF,0xFF,0xFE,0x00,0x01,0xFF,0xFF,0xFF,0xFC,0x00,0x07,0xFF,0xFF,0xFF,0xF0,0x00,0x1F,0xFF,0xDF,0xFF,
  0xC0,0x00,0x7F,0xFF,0x7F,0xFF,0x80,0x03,0xFF,0xFD,0xFF,0xFE,0x00,0x0F,0xFF,0xE3,0xFF,0xFC,0x00,0x7F,0xFF,0x8F,0xFF,0xF8,
  0x03,0xFF,0xFE,0x3F,0xFF,0xF0,0x1F,0xFF,0xF0,0x7F,0xFF,0xFF,0xFF,0xFF,0xC1,0xFF,0xFF,0xFF,0xFF,0xFE,0x03,0xFF,0xFF,0xFF,
  0xFF,0xF8,0x07,0xFF,0xFF,0xFF,0xFF,0xC0,0x0F,0xFF,0xFF,0xFF,0xFE,0x00,0x3F,0xFF,0xFF,0xFF,0xF0,0x00,0x7F,0xFF,0xFF,0xFF,
  0x80,0x00,0x7F,0xFF,0xFF,0xFC,0x00,0x00,0xFF,0xFF,0xFF,0xE0,0x00,0x00,0xFF,0xFF,0xFE,0x00,0x00,0x00,0xFF,0xFF,0xE0,0x00,
  0x00,0x00,0x7F,0xF8,0x00,0x00,0x00,0x1F,0xFF,0xFF,0xFF,0x00,0x00,0x00,0x00,0xFF,0xFF,0xFF,0xF8,0x00,0x00,0x00,0x07,0xFF,
  0xFF,0xFF,0xC0,0x00,0x00,0x00,0x3F,0xFF,0xFF,0xFE,0x00,0x00,0x00,0x01,0xFF,0xFF,0xFF,0xF0,0x00,0x00,0x00,0x0F,0xFF,0xFF,
  0xFF,0x80,0x00,0x00,0x00,0x7F,0xFF,0xFF,0xFC,0x00,0x00,0x00,0x03,0xFF,0xFF,0xFF,0xE0,0x00,0x00,0x00,0x1F,0xFF,0xFF,0xFF,
  0x00,0x00,0x00,0x00,0xFF,0xFF,0xFF,0xF8,0x00,0x00,0x00,0x07,0xFF,0xFF,0xFF,0xC0,0x00,0x00,0x00,0x3F,0xF8,0x0F,0xFE,0x00,
  0x00,0x00,0x01,0xFF,0xC0,0x7F,0xF0,0x00,0x00,0x00,0x1F,0xFE,0x03,0xFF,0x80,0x00,0x00,0x00,0xFF,0xF0,0x1F,0xFC,0x00,0x00,
  0x00,0x07,0xFF,0x80,0xFF,0xE0,0x00,0x00,0x00,0x3F,0xFC,0x07,0xFF,0x00,0x00,0x00,0x01,0xFF,0xC0,0x3F,0xF8,0x00,0x00,0x00,
  0x0F,0xFE,0x01,0xFF,0xC0,0x00,0x00,0x00,0x7F,0xF0,0x0F,0xFE,0x00,0x00,0x00,0x03,0xFF,0x80,0x7F,0xF0,0x00,0x00,0x00,0x1F,
  0xFC,0x03,0xFF,0x80,0x00,0x00,0x00,0xFF,0xE0,0x1F,0xFC,0x00,0x00,0x00,0x07,0xFF,0x00,0xFF,0xE0,0x00,0x00,0x00,0x3F,0xF8,
  0x07,0xFF,0x00,0x00,0x00,0x01,0xFF,0xC0,0x3F,0xF8,0x00,0x00,0x00,0x0F,0xFE,0x01,0xFF,0xC0,0x00,0x00,0x00,0x7F,0xF0,0x0F,
  0xFF,0xF8,0x00,0x00,0x03,0xFF,0x80,0x7F,0xFF,0xF8,0x00,0x00,0x1F,0xFC,0x03,0xFF,0xFF,0xF0,0x00,0x01,0xFF,0xE0,0x1F,0xFF,
  0xFF,0xE0,0x00,0x0F,0xFF,0x00,0xFF,0xFF,0xFF,0x80,0x00,0x7F,0xF8,0x07,0xFF,0xFF,0xFE,0x00,0x03,0xFF,0xC0,0x3F,0xFF,0xFF,
  0xF8,0x00,0x1F,0xFE,0x01,0xFF,0xFF,0xFF,0xE0,0x00,0xFF,0xE0,0x0F,0xFF,0xFF,0xFF,0x80,0x07,0xFF,0x00,0x7F,0xFF,0xFF,0xFE,
  0x00,0x3F,0xF8,0x03,0xFF,0x87,0xFF,0xF0,0x01,0xFF,0xC0,0x1F,0xFC,0x0F,0xFF,0xC0,0x0F,0xFE,0x00,0xFF,0xE0,0x3F,0xFE,0x00,
  0x7F,0xF0,0x07,0xFF,0x00,0xFF,0xF0,0x03,0xFF,0x80,0x3F,0xF8,0x03,0xFF,0xC0,0x1F,0xFC,0x01,0xFF,0xC0,0x1F,0xFE,0x00,0xFF,
  0xE0,0x0F,0xFE,0x00,0xFF,0xF0,0x07,0xFF,0x00,0x7F,0xF0,0x07,0xFF,0x80,0x3F,0xF8,0x03,0xFF,0x80,0x1F,0xFC,0x03,0xFF,0xC0,
  0x1F,0xFC,0x00,0xFF,0xE0,0x1F,0xFE,0x00,0xFF,0xE0,0x07,0xFF,0x00,0xFF,0xF0,0x07,0xFF,0x00,0x3F,0xF8,0x07,0xFF,0x80,0x3F,
  0xF8,0x01,0xFF,0xC0,0x3F,0xFC,0x01,0xFF,0xC0,0x1F,0xFE,0x01,0xFF,0xC0,0x0F,0xFE,0x00,0xFF,0xF0,0x1F,0xFE,0x00,0x7F,0xF0,
  0x07,0xFF,0x80,0xFF,0xF0,0x03,0xFF,0x80,0x3F,0xF8,0x07,0xFF,0x80,0x1F,0xFC,0x03,0xFF,0xC0,0x7F,0xFC,0x00,0xFF,0xE0,0x3F,
  0xFE,0x07,0xFF,0xE0,0x07,0xFF,0x03,0xFF,0xE7,0xFF,0xFE,0x00,0x3F,0xF8,0x7F,0xFF,0x3F,0xFF,0xF0,0x01,0xFF,0xFF,0xFF,0xF1,
  0xFF,0xFF,0x80,0x0F,0xFF,0xFF,0xFF,0x8F,0xFF,0xF8,0x00,0x7F,0xFF,0xFF,0xF8,0x7F,0xFF,0xC0,0x03,0xFF,0xFF,0xFF,0x83,0xFF,
  0xFC,0x00,0x1F,0xFF,0xFF,0xF8,0x1F,0xFF,0xE0,0x00,0xFF,0xFF,0xFF,0x80,0xFF,0xFE,0x00,0x07,0xFF,0xFF,0xF8,0x07,0xFF,0xE0,
  0x00,0x3F,0xFF,0xFF,0x00,0x3F,0xFE,0x00,0x01,0xFF,0xFF,0xE0,0x01,0xFF,0xC0,0x00,0x0F,0xFF,0xF0,0x00,0x07,0xF8,0x00,0x00,
  0x00,0x00,0x00,0x00,0x00,0xFF,0xF0,0x01,0xFF,0xC0,0x00,0x00,0x7F,0xF8,0x00,0xFF,0xE0,0x00,0x00,0x3F,0xFC,0x00,0x7F,0xF0,
  0x00,0x00,0x1F,0xFE,0x00,0x3F,0xF8,0x00,0x00,0x0F,0xFF,0x00,0x1F,0xFC,0x00,0x00,0x07,0xFF,0x80,0x0F,0xFE,0x00,0x00,0x03,
  0xFF,0xC0,0x07,0xFF,0x00,0x00,0x01,0xFF,0xE0,0x03,0xFF,0x80,0x00,0x00,0xFF,0xF0,0x01,0xFF,0xC0,0x00,0x00,0x7F,0xF8,0x00,
  0xFF,0xE0,0x00,0x00,0x3F,0xFC,0x00,0x7F,0xF0,0x00,0x00,0x1F,0xFE,0x00,0x3F,0xF8,0x00,0x00,0x0F,0xFF,0x00,0x1F,0xFC,0x00,
  0x00,0x07,0xFF,0x80,0x0F,0xFE,0x00,0x00,0x03,0xFF,0xC0,0x07,0xFF,0x00,0x00,0x01,0xFF,0xE0,0x03,0xFF,0x80,0x00,0x00,0xFF,
  0xF0,0x01,0xFF,0xC0,0x00,0x00,0x7F,0xF8,0x00,0xFF,0xE0,0x00,0x00,0x3F,0xFC,0x00,0x7F,0xF0,0x00,0x00,0x1F,0xFE,0x00,0x3F,
  0xF8,0x00,0x00,0x0F,0xFF,0x00,0x1F,0xFC,0x00,0x00,0x07,0xFF,0x80,0x0F,0xFE,0x00,0x00,0x03,0xFF,0xC0,0x07,0xFF,0x00,0x00,
  0x01,0xFF,0xE0,0x03,0xFF,0x80,0x00,0x00,0xFF,0xF0,0x01,0xFF,0xC0,0x00,0x00,0x7F,0xF8,0x00,0xFF,0xE0,0x00,0x00,0x3F,0xFC,
  0x00,0x7F,0xF0,0x00,0x00,0x1F,0xFF,0xFF,0xFF,0xFF,0xF0,0x00,0x0F,0xFF,0xFF,0xFF,0xFF,0xFF,0x80,0x07,0xFF,0xFF,0xFF,0xFF,
  0xFF,0xF0,0x03,0xFF,0xFF,0xFF,0xFF,0xFF,0xFE,0x01,0xFF,0xFF,0xFF,0xFF,0xFF,0xFF,0x80,0xFF,0xFF,0xFF,0xFF,0xFF,0xFF,0xE0,
  0x7F,0xFF,0xFF,0xFF,0xFF,0xFF,0xF8,0x3F,0xFF,0xFF,0xFF,0xFF,0xFF,0xFE,0x1F,0xFF,0xFF,0xFF,0xFF,0xFF,0xFF,0x8F,0xFF,0xFF,
  0xFF,0xFF,0xFF,0xFF,0xC7,0xFF,0x80,0x0F,0xFE,0x0F,0xFF,0xF3,0xFF,0xC0,0x07,0xFF,0x01,0xFF,0xF9,0xFF,0xE0,0x03,0xFF,0x80,
  0x7F,0xFE,0xFF,0xF0,0x01,0xFF,0xC0,0x1F,0xFF,0x7F,0xF8,0x00,0xFF,0xE0,0x07,0xFF,0xBF,0xFC,0x00,0x7F,0xF0,0x03,0xFF,0xDF,
  0xFE,0x00,0x3F,0xF8,0x00,0xFF,0xFF,0xFF,0x00,0x1F,0xFC,0x00,0x7F,0xFF,0xFF,0x80,0x0F,0xFE,0x00,0x3F,0xFF,0xFF,0xC0,0x07,
  0xFF,0x00,0x1F,0xFF,0xFF,0xE0,0x03,0xFF,0x80,0x0F,0xFF,0xFF,0xF0,0x01,0xFF,0xC0,0x07,0xFF,0xFF,0xF8,0x00,0xFF,0xE0,0x03,
  0xFF,0xFF,0xFC,0x00,0x7F,0xF0,0x01,0xFF,0xFF,0xFE,0x00,0x3F,0xF8,0x00,0xFF,0xEF,0xFF,0x00,0x1F,0xFC,0x00,0xFF,0xF7,0xFF,
  0x80,0x0F,0xFE,0x00,0x7F,0xFB,0xFF,0xC0,0x07,0xFF,0x00,0x7F,0xFD,0xFF,0xE0,0x03,0xFF,0x80,0x7F,0xFC,0xFF,0xF0,0x01,0xFF,
  0xC0,0xFF,0xFE,0x7F,0xF8,0x00,0xFF,0xFF,0xFF,0xFE,0x3F,0xFC,0x00,0x7F,0xFF,0xFF,0xFF,0x1F,0xFE,0x00,0x3F,0xFF,0xFF,0xFF,
  0x0F,0xFF,0x00,0x1F,0xFF,0xFF,0xFF,0x07,0xFF,0x80,0x0F,0xFF,0xFF,0xFF,0x83,0xFF,0xC0,0x07,0xFF,0xFF,0xFF,0x81,0xFF,0xE0,
  0x03,0xFF,0xFF,0xFF,0x00,0xFF,0xF0,0x01,0xFF,0xFF,0xFF,0x00,0x7F,0xF8,0x00,0xFF,0xFF,0xFE,0x00,0x3F,0xFC,0x00,0x7F,0xFF,
  0xFC,0x00,0x1F,0xFE,0x00,0x3F,0xFF,0xE0,0x00,0x00,0xFF,0xFF,0xFF,0xFF,0xFF,0xE0,0x00,0x0F,0xFF,0xFF,0xFF,0xFF,0xFE,0x00,
  0x00,0xFF,0xFF,0xFF,0xFF,0xFF,0xE0,0x00,0x0F,0xFF,0xFF,0xFF,0xFF,0xFE,0x00,0x00,0xFF,0xFF,0xFF,0xFF,0xFF,0xE0,0x00,0x0F,
  0xFF,0xFF,0xFF,0xFF,0xFE,0x00,0x00,0xFF,0xFF,0xFF,0xFF,0xFF,0xE0,0x00,0x0F,0xFF,0xFF,0xFF,0xFF,0xFE,0x00,0x00,0xFF,0xFF,
  0xFF,0xFF,0xFF,0xE0,0x00,0x0F,0xFF,0xFF,0xFF,0xFF,0xFE,0x00,0x00,0xFF,0xFF,0xFF,0xFF,0xFF,0xE0,0x00,0x0F,0xFF,0xFF,0xFF,
  0xFF,0xFC,0x00,0x00,0x00,0x03,0xFF,0xE0,0x00,0x00,0x00,0x00,0x00,0x3F,0xFE,0x00,0x00,0x00,0x00,0x00,0x03,0xFF,0xE0,0x00,
  0x00,0x00,0x00,0x00,0x3F,0xFE,0x00,0x00,0x00,0x00,0x00,0x03,0xFF,0xE0,0x00,0x00,0x00,0x00,0x00,0x3F,0xFE,0x00,0x00,0x00,
  0x00,0x00,0x03,0xFF,0xE0,0x00,0x00,0x00,0x00,0x00,0x3F,0xFE,0x00,0x00,0x00,0x00,0x00,0x03,0xFF,0xE0,0x00,0x00,0x00,0x00,
  0x00,0x3F,0xFE,0x00,0x1F,0xF8,0x00,0x00,0x03,0xFF,0xE0,0x1F,0xFF,0xF0,0x00,0x00,0x3F,0xFE,0x07,0xFF,0xFF,0x80,0x00,0x03,
  0xFF,0xE3,0xFF,0xFF,0xFC,0x00,0x00,0x3F,0xFE,0xFF,0xFF,0xFF,0xE0,0x00,0x03,0xFF,0xFF,0xFF,0xFF,0xFF,0x00,0x00,0x3F,0xFF,
  0xFF,0xFF,0xFF,0xF8,0x00,0x03,0xFF,0xFF,0xFF,0xFF,0xFF,0x80,0x00,0x3F,0xFF,0xFF,0xFF,0xFF,0xFC,0x00,0x03,0xFF,0xFF,0xFF,
  0xFF,0xFF,0xC0,0x00,0x3F,0xFF,0xFF,0xFF,0xFF,0xFC,0x00,0x03,0xFF,0xFF,0xF8,0x3F,0xFF,0xE0,0x00,0x3F,0xFF,0xF8,0x00,0xFF,
  0xFE,0x00,0x03,0xFF,0xFC,0x00,0x07,0xFF,0xE0,0x00,0x3F,0xFF,0x00,0x00,0x3F,0xFE,0x00,0x03,0xFF,0xE0,0x00,0x03,0xFF,0xE0,
  0x00,0x3F,0xFE,0x00,0x00,0x3F,0xFE,0x00,0x03,0xFF,0xE0,0x00,0x03,0xFF,0xF0,0x00,0x3F,0xFE,0x00,0x00,0x1F,0xFF,0x00,0x03,
  0xFF,0xE0,0x00,0x01,0xFF,0xF0,0x00,0x3F,0xFE,0x00,0x00,0x1F,0xFF,0x00,0x03,0xFF,0xE0,0x00,0x01,0xFF,0xF0,0x00,0x3F,0xFE,
  0x00,0x00,0x1F,0xFF,0x00,0x03,0xFF,0xE0,0x00,0x01,0xFF,0xF0,0x00,0x3F,0xFE,0x00,0x00,0x1F,0xFF,0x00,0x03,0xFF,0xE0,0x00,
  0x01,0xFF,0xF0,0x00,0x3F,0xFE,0x00,0x00,0x1F,0xFF,0x00,0x03,0xFF,0xE0,0x00,0x01,0xFF,0xF0,0x00,0x3F,0xFE,0x00,0x00,0x1F,
  0xFF,0x00,0x03,0xFF,0xE0,0x00,0x01,0xFF,0xF0,0x00,0x3F,0xFE,0x00,0x00,0x1F,0xFF,0x00,0x03,0xFF,0xE0,0x00,0x01,0xFF,0xF0,
  0x00,0x3F,0xFE,0x00,0x00,0x1F,0xFF,0x00,0x03,0xFF,0xE0,0x00,0x01,0xFF,0xF0,0x00,0x3F,0xFE,0x00,0x00,0x1F,0xFF,0x00,0x03,
  0xFF,0xE0,0x00,0x01,0xFF,0xF0,0x00,0x3F,0xFE,0x00,0x00,0x1F,0xFF,0x00,0x03,0xFF,0xE0,0x00,0x01,0xFF,0xF0,0x00,0x3F,0xFE,
  0x00,0x00,0x1F,0xFF,0x00,0x03,0xFF,0xE0,0x00,0x01,0xFF,0xF0,0x00,0x3F,0xFE,0x00,0x00,0x1F,0xFF,0x00,0x03,0xFF,0xE0,0x00,
  0x01,0xFF,0xF0,0x00,0x3F,0xFE,0x00,0x00,0x1F,0xFF,0x00,0x03,0xFF,0xE0,0x00,0x01,0xFF,0xF0,0x00,0x3F,0xFE,0x00,0x00,0x1F,
  0xFF,0x00,0x03,0xFF,0xE0,0x00,0x01,0xFF,0xF0,0x00,0x3F,0xFE,0x00,0x00,0x1F,0xFF,0x00,0x00,0x00,0x03,0xFF,0xF0,0x00,0x00,
  0x00,0x00,0x1F,0xFF,0xC0,0x00,0x00,0x00,0x00,0xFF,0xFE,0x00,0x00,0x00,0x00,0x07,0xFF,0xF0,0x00,0x00,0x00,0x00,0x3F,0xFF,
  0x00,0x00,0x00,0x00,0x01,0xFF,0xF8,0x00,0x00,0x00,0x00,0x0F,0xFF,0x80,0x00,0x00,0x00,0x00,0x7F,0xFC,0x00,0x00,0x00,0x00,
  0x03,0xFF,0xC0,0x00,0x00,0x00,0x00,0x1F,0xFE,0x00,0x00,0x00,0x00,0x00,0xFF,0xF0,0x00,0x00,0x00,0x00,0x07,0xFF,0x00,0x00,
  0x00,0x00,0x00,0x3F,0xF8,0x00,0x00,0x00,0x00,0x00,0xFF,0x80,0x00,0x00,0x00,0x00,0x00,0x00,0x00,0x00,0x00,0x00,0x00,0x00,
  0x00,0x00,0x00,0x00,0x00,0x00,0x00,0x00,0x00,0x00,0x00,0x00,0x00,0x00,0x00,0x00,0x00,0x0F,0xFF,0xE0,0x00,0x00,0x7F,0xFF,
  0xBF,0xFF,0x80,0x00,0x01,0xFF,0xFC,0xFF,0xFE,0x00,0x00,0x0F,0xFF,0xE3,0xFF,0xF8,0x00,0x00,0x7F,0xFF,0x8F,0xFF,0xE0,0x00,
  0x01,0xFF,0xFC,0x3F,0xFF,0x80,0x00,0x0F,0xFF,0xF0,0xFF,0xFE,0x00,0x00,0x3F,0xFF,0x83,0xFF,0xF8,0x00,0x01,0xFF,0xFC,0x0F,
  0xFF,0xE0,0x00,0x0F,0xFF,0xF0,0x3F,0xFF,0x80,0x00,0x3F,0xFF,0x80,0xFF,0xFE,0x00,0x01,0xFF,0xFC,0x03,0xFF,0xF8,0x00,0x07,
  0xFF,0xF0,0x0F,0xFF,0xE0,0x00,0x3F,0xFF,0x80,0x3F,0xFF,0x80,0x01,0xFF,0xFE,0x00,0xFF,0xFE,0x00,0x07,0xFF,0xF0,0x03,0xFF,
  0xF8,0x00,0x3F,0xFF,0x80,0x0F,0xFF,0xE0,0x00,0xFF,0xFE,0x00,0x3F,0xFF,0x80,0x07,0xFF,0xF0,0x00,0xFF,0xFE,0x00,0x3F,0xFF,
  0x80,0x03,0xFF,0xF8,0x00,0xFF,0xFE,0x00,0x0F,0xFF,0xE0,0x07,0xFF,0xF0,0x00,0x3F,0xFF,0x80,0x3F,0xFF,0x80,0x00,0xFF,0xFE,
  0x01,0xFF,0xFE,0x00,0x03,0xFF,0xF8,0x0F,0xFF,0xF0,0x00,0x0F,0xFF,0xE0,0x3F,0xFF,0x80,0x00,0x3F,0xFF,0x83,0xFF,0xFC,0x00,
  0x00,0xFF,0xFE,0x1F,0xFF,0xF0,0x00,0x03,0xFF,0xF9,0xFF,0xFF,0x80,0x00,0x0F,0xFF,0xFF,0xFF,0xFC,0x00,0x00,0x3F,0xFF,0xFF,
  0xFF,0xE0,0x00,0x00,0xFF,0xFF,0xFF,0xFF,0x00,0x00,0x03,0xFF,0xFF,0xFF,0xFC,0x00,0x00,0x0F,0xFF,0xFF,0xFF,0xF8,0x00,0x00,
  0x3F,0xFF,0xFF,0xFF,0xF0,0x00,0x00,0xFF,0xFF,0xFF,0xFF,0xC0,0x00,0x03,0xFF,0xFF,0xFF,0xFF,0x80,0x00,0x0F,0xFF,0xFF,0xFF,
  0xFE,0x00,0x00,0x3F,0xFF,0xFF,0xFF,0xFC,0x00,0x00,0xFF,0xFF,0xF7,0xFF,0xF8,0x00,0x03,0xFF,0xFC,0x1F,0xFF,0xE0,0x00,0x0F,
  0xFF,0xE0,0x3F,0xFF,0xC0,0x00,0x3F,0xFF,0x80,0x7F,0xFF,0x00,0x00,0xFF,0xFE,0x01,0xFF,0xFE,0x00,0x03,0xFF,0xF8,0x03,0xFF,
  0xFC,0x00,0x0F,0xFF,0xE0,0x0F,0xFF,0xF0,0x00,0x3F,0xFF,0x80,0x1F,0xFF,0xE0,0x00,0xFF,0xFE,0x00,0x3F,0xFF,0xC0,0x03,0xFF,
  0xF8,0x00,0xFF,0xFF,0x00,0x0F,0xFF,0xE0,0x01,0xFF,0xFE,0x00,0x3F,0xFF,0x80,0x07,0xFF,0xF8,0x00,0xFF,0xFE,0x00,0x0F,0xFF,
  0xF0,0x03,0xFF,0xF8,0x00,0x3F,0xFF,0xE0,0x0F,0xFF,0xE0,0x00,0x7F,0xFF,0x80,0x3F,0xFF,0x80,0x00,0xFF,0xFF,0x00,0xFF,0xFE,
  0x00,0x03,0xFF,0xFC,0x03,0xFF,0xF8,0x00,0x07,0xFF,0xF8,0x0F,0xFF,0xE0,0x00,0x1F,0xFF,0xF0,0x3F,0xFF,0x80,0x00,0x3F,0xFF,
  0xC0,0xFF,0xFE,0x00,0x00,0xFF,0xFF,0x83,0xFF,0xF8,0x00,0x01,0xFF,0xFE,0x0F,0xFF,0xE0,0x00,0x03,0xFF,0xFC,0x3F,0xFF,0x80,
  0x00,0x0F,0xFF,0xF8,0xFF,0xFE,0x00,0x00,0x1F,0xFF,0xE3,0xFF,0xF8,0x00,0x00,0x7F,0xFF,0xCF,0xFF,0xE0,0x00,0x00,0xFF,0xFF,
  0x3F,0xFF,0x80,0x00,0x03,0xFF,0xFE,0xFF,0xFE,0x00,0x00,0x07,0xFF,0xFF,0xFF,0xF8,0x00,0x00,0x0F,0xFF,0xF0,0x01,0xFF,0xF0,
  0x00,0x00,0x00,0x01,0xFF,0xF8,0x00,0x00,0x00,0x01,0xFF,0xFC,0x00,0x00,0x00,0x00,0x7F,0xFE,0x00,0x00,0x00,0x00,0x3F,0xFF,
  0x80,0x00,0x00,0x00,0x0F,0xFF,0xC0,0x00,0x00,0x00,0x07,0xFF,0xE0,0x00,0x00,0x00,0x03,0xFF,0xF0,0x00,0x00,0x00,0x00,0xFF,
  0xF8,0x00,0x00,0x00,0x00,0x7F,0xFC,0x00,0x00,0x00,0x00,0x1F,0xFE,0x00,0x00,0x00,0x00,0x0F,0xFF,0x00,0x00,0x00,0x00,0x03,
  0xFF,0x00,0x00,0x00,0x00,0x01,0xFF,0x80,0x00,0x00,0x00,0x00,0x00,0x00,0x00,0x00,0x00,0x00,0x00,0x00,0x00,0x00,0x00,0x00,
  0x00,0x00,0x00,0x00,0x00,0x00,0x00,0x00,0x00,0xFF,0xF8,0x00,0x01,0xFF,0xFF,0xFF,0xF8,0x00,0x03,0xFF,0xFF,0xFF,0xF8,0x00,
  0x03,0xFF,0xFF,0xFF,0xF8,0x00,0x03,0xFF,0xFF,0xFF,0xF8,0x00,0x07,0xFF,0xFF,0xFF,0xF8,0x00,0x07,0xFF,0xFF,0xFF,0xF8,0x00,
  0x07,0xFF,0xFF,0xFF,0xF8,0x00,0x0F,0xFF,0xFF,0xFF,0xF8,0x00,0x0F,0xFF,0xFF,0xFF,0xF8,0x00,0x1F,0xFF,0xFF,0xFF,0xF8,0x00,
  0x1F,0xFF,0xFF,0xFF,0xF8,0x00,0x1F,0xFF,0xFF,0xFF,0xF8,0x00,0x3F,0xFF,0xFF,0xFF,0xF8,0x00,0x3F,0xFF,0xFF,0xFF,0xF8,0x00,
  0x3F,0xFF,0xFF,0xFF,0xF8,0x00,0x7F,0xFF,0xFF,0xFF,0xF8,0x00,0x7F,0xFF,0xFF,0xFF,0xF8,0x00,0xFF,0xFF,0xFF,0xFF,0xF8,0x00,
  0xFF,0xFF,0xFF,0xFF,0xF8,0x00,0xFF,0xFF,0xFF,0xFF,0xF8,0x01,0xFF,0xEF,0xFF,0xFF,0xF8,0x01,0xFF,0xEF,0xFF,0xFF,0xF8,0x01,
  0xFF,0xEF,0xFF,0xFF,0xF8,0x03,0xFF,0xCF,0xFF,0xFF,0xF8,0x03,0xFF,0xCF,0xFF,0xFF,0xF8,0x07,0xFF,0x8F,0xFF,0xFF,0xF8,0x07,
  0xFF,0x8F,0xFF,0xFF,0xF8,0x07,0xFF,0x9F,0xFF,0xFF,0xF8,0x0F,0xFF,0x1F,0xFF,0xFF,0xF8,0x0F,0xFF,0x1F,0xFF,0xFF,0xF8,0x0F,
  0xFF,0x1F,0xFF,0xFF,0xF8,0x1F,0xFE,0x1F,0xFF,0xFF,0xF8,0x1F,0xFE,0x1F,0xFF,0xFF,0xF8,0x3F,0xFC,0x1F,0xFF,0xFF,0xF8,0x3F,
  0xFC,0x1F,0xFF,0xFF,0xF8,0x3F,0xFC,0x1F,0xFF,0xFF,0xF8,0x7F,0xF8,0x1F,0xFF,0xFF,0xF8,0x7F,0xF8,0x1F,0xFF,0xFF,0xF8,0x7F,
  0xF0,0x1F,0xFF,0xFF,0xF8,0xFF,0xF0,0x1F,0xFF,0xFF,0xF8,0xFF,0xF0,0x1F,0xFF,0xFF,0xF9,0xFF,0xE0,0x1F,0xFF,0xFF,0xF1,0xFF,
  0xE0,0x1F,0xFF,0xFF,0xF1,0xFF,0xE0,0x1F,0xFF,0xFF,0xF3,0xFF,0xC0,0x1F,0xFF,0xFF,0xF3,0xFF,0xC0,0x1F,0xFF,0xFF,0xF7,0xFF,
  0x80,0x1F,0xFF,0xFF,0xF7,0xFF,0x80,0x1F,0xFF,0xFF,0xF7,0xFF,0x80,0x1F,0xFF,0xFF,0xFF,0xFF,0x00,0x1F,0xFF,0xFF,0xFF,0xFF,
  0x00,0x1F,0xFF,0xFF,0xFF,0xFF,0x00,0x1F,0xFF,0xFF,0xFF,0xFE,0x00,0x1F,0xFF,0xFF,0xFF,0xFE,0x00,0x1F,0xFF,0xFF,0xFF,0xFC,
  0x00,0x1F,0xFF,0xFF,0xFF,0xFC,0x00,0x1F,0xFF,0xFF,0xFF,0xFC,0x00,0x1F,0xFF,0xFF,0xFF,0xF8,0x00,0x1F,0xFF,0xFF,0xFF,0xF8,
  0x00,0x1F,0xFF,0xFF,0xFF,0xF8,0x00,0x1F,0xFF,0xFF,0xFF,0xF0,0x00,0x1F,0xFF,0xFF,0xFF,0xF0,0x00,0x1F,0xFF,0xFF,0xFF,0xE0,
  0x00,0x1F,0xFF,0xFF,0xFF,0xE0,0x00,0x1F,0xFF,0xFF,0xFF,0xE0,0x00,0x1F,0xFF,0xFF,0xFF,0xC0,0x00,0x1F,0xFF,0xFF,0xFF,0xC0,
  0x00,0x1F,0xFF,0xFF,0xFF,0x80,0x00,0x1F,0xFF,0x00,0x3F,0xF8,0x00,0x01,0xFF,0xE0,0x00,0x03,0xFF,0x80,0x00,0x1F,0xFE,0x00,
  0x00,0x3F,0xFC,0x00,0x01,0xFF,0xE0,0x00,0x03,0xFF,0xC0,0x00,0x1F,0xFE,0x00,0x00,0x3F,0xFC,0x00,0x01,0xFF,0xC0,0x00,0x01,
  0xFF,0xE0,0x00,0x3F,0xFC,0x00,0x00,0x1F,0xFF,0x00,0x07,0xFF,0xC0,0x00,0x01,0xFF,0xFC,0x01,0xFF,0xF8,0x00,0x00,0x0F,0xFF,
  0xFF,0xFF,0xFF,0x80,0x00,0x00,0x7F,0xFF,0xFF,0xFF,0xF0,0x00,0x00,0x03,0xFF,0xFF,0xFF,0xFE,0x00,0x00,0x00,0x1F,0xFF,0xFF,
  0xFF,0xC0,0x00,0x00,0x00,0x7F,0xFF,0xFF,0xF0,0x00,0x00,0x00,0x01,0xFF,0xFF,0xFC,0x00,0x00,0x00,0x00,0x01,0xFF,0xFC,0x00,
  0x00,0x00,0x00,0x00,0x00,0x00,0x00,0x00,0x00,0x00,0x00,0x00,0x00,0x00,0x00,0x00,0x00,0x00,0x00,0x00,0x00,0x00,0x00,0x00,
  0x00,0x00,0x00,0x00,0x00,0x00,0x00,0x0F,0xFF,0xE0,0x00,0x00,0x00,0x7F,0xFF,0xFF,0xFF,0x00,0x00,0x00,0x07,0xFF,0xF7,0xFF,
  0xF0,0x00,0x00,0x00,0xFF,0xFE,0x7F,0xFF,0x80,0x00,0x00,0x0F,0xFF,0xE3,0xFF,0xF8,0x00,0x00,0x01,0xFF,0xFC,0x3F,0xFF,0xC0,
  0x00,0x00,0x1F,0xFF,0xC1,0xFF,0xFC,0x00,0x00,0x01,0xFF,0xF8,0x0F,0xFF,0xE0,0x00,0x00,0x3F,0xFF,0x80,0xFF,0xFE,0x00,0x00,
  0x03,0xFF,0xF0,0x07,0xFF,0xF0,0x00,0x00,0x7F,0xFF,0x00,0x7F,0xFF,0x00,0x00,0x07,0xFF,0xE0,0x03,0xFF,0xF8,0x00,0x00,0x7F,
  0xFE,0x00,0x3F,0xFF,0x80,0x00,0x0F,0xFF,0xE0,0x01,0xFF,0xFC,0x00,0x00,0xFF,0xFC,0x00,0x0F,0xFF,0xE0,0x00,0x1F,0xFF,0xC0,
  0x00,0xFF,0xFE,0x00,0x01,0xFF,0xF8,0x00,0x07,0xFF,0xF0,0x00,0x1F,0xFF,0x80,0x00,0x7F,0xFF,0x00,0x03,0xFF,0xF0,0x00,0x03,
  0xFF,0xF8,0x00,0x3F,0xFF,0x00,0x00,0x3F,0xFF,0x80,0x07,0xFF,0xE0,0x00,0x01,0xFF,0xFC,0x00,0x7F,0xFE,0x00,0x00,0x0F,0xFF,
  0xC0,0x07,0xFF,0xC0,0x00,0x00,0xFF,0xFE,0x00,0xFF,0xFC,0x00,0x00,0x07,0xFF,0xE0,0x0F,0xFF,0x80,0x00,0x00,0x7F,0xFF,0x01,
  0xFF,0xF8,0x00,0x00,0x03,0xFF,0xF0,0x1F,0xFF,0x80,0x00,0x00,0x1F,0xFF,0x81,0xFF,0xF0,0x00,0x00,0x01,0xFF,0xF8,0x3F,0xFF,
  0x00,0x00,0x00,0x0F,0xFF,0xC3,0xFF,0xE0,0x00,0x00,0x00,0xFF,0xFC,0x7F,0xFE,0x00,0x00,0x00,0x07,0xFF,0xE7,0xFF,0xC0,0x00,
  0x00,0x00,0x7F,0xFF,0xFF,0xFC,0x00,0x00,0x00,0x03,0xFF,0xFF,0xFF,0x80,0x00,0x00,0x00,0x1F,0xFF,0xFF,0xF8,0x00,0x00,0x00,
  0x01,0xFF,0xFF,0xFF,0x00,0x00,0x00,0x00,0x0F,0xFF,0xFF,0xF0,0x00,0x00,0x00,0x00,0xFF,0xFF,0xFF,0x00,0x00,0x00,0x00,0x07,
  0xFF,0xFF,0xE0,0x00,0x00,0x00,0x00,0x7F,0xFF,0xFE,0x00,0x00,0x00,0x00,0x03,0xFF,0xFF,0xC0,0x00,0x00,0x00,0x00,0x1F,0xFF,
  0xFC,0x00,0x00,0x00,0x00,0x01,0xFF,0xFF,0x80,0x00,0x00,0x00,0x00,0x0F,0xFF,0xF8,0x00,0x00,0x00,0x00,0x00,0xFF,0xFF,0x00,
  0x00,0x00,0x00,0x00,0x07,0xFF,0xF0,0x00,0x00,0x00,0x00,0x00,0x7F,0xFE,0x00,0x00,0x00,0x00,0x00,0x0F,0xFF,0xE0,0x00,0x00,
  0x00,0x00,0x00,0xFF,0xFC,0x00,0x00,0x00,0x00,0x00,0x1F,0xFF,0xC0,0x00,0x00,0x00,0x00,0x01,0xFF,0xFC,0x00,0x00,0x00,0x00,
  0x00,0x3F,0xFF,0x80,0x00,0x00,0x00,0x00,0x03,0xFF,0xF8,0x00,0x00,0x00,0x00,0x00,0x7F,0xFF,0x00,0x00,0x00,0x00,0x00,0x0F,
  0xFF,0xF0,0x00,0x00,0x00,0x38,0x01,0xFF,0xFE,0x00,0x00,0x00,0x03,0xF0,0xFF,0xFF,0xE0,0x00,0x00,0x00,0x7F,0xFF,0xFF,0xFC,
  0x00,0x00,0x00,0x07,0xFF,0xFF,0xFF,0xC0,0x00,0x00,0x00,0x7F,0xFF,0xFF,0xF8,0x00,0x00,0x00,0x0F,0xFF,0xFF,0xFF,0x00,0x00,
  0x00,0x00,0xFF,0xFF,0xFF,0xF0,0x00,0x00,0x00,0x0F,0xFF,0xFF,0xFE,0x00,0x00,0x00,0x01,0xFF,0xFF,0xFF,0xC0,0x00,0x00,0x00,
  0x1F,0xFF,0xFF,0xF8,0x00,0x00,0x00,0x01,0xFF,0xFF,0xFF,0x00,0x00,0x00,0x00,0x3F,0xFF,0xFF,0xE0,0x00,0x00,0x00,0x01,0xFF,
  0xFF,0xFC,0x00,0x00,0x00,0x00,0x07,0xFF,0xFF,0x00,0x00,0x00,0x00,0x00,0x07,0xFF,0x00,0x00,0x00,0x00,0x00,0xFF,0xFE,0x00,
  0x00,0x7F,0xFF,0xFF,0xFE,0x00,0x00,0x7F,0xFF,0xFF,0xFE,0x00,0x00,0x7F,0xFF,0xFF,0xFE,0x00,0x00,0x7F,0xFF,0xFF,0xFE,0x00,
  0x00,0x7F,0xFF,0xFF,0xFE,0x00,0x00,0x7F,0xFF,0xFF,0xFE,0x00,0x00,0x7F,0xFF,0xFF,0xFE,0x00,0x00,0x7F,0xFF,0xFF,0xFE,0x00,
  0x00,0x7F,0xFF,0xFF,0xFE,0x00,0x00,0x7F,0xFF,0xFF,0xFE,0x00,0x00,0x7F,0xFF,0xFF,0xFE,0x00,0x00,0x7F,0xFF,0xFF,0xFE,0x00,
  0x00,0x7F,0xFF,0xFF,0xFE,0x00,0x00,0x7F,0xFF,0xFF,0xFE,0x00,0x00,0x7F,0xFF,0xFF,0xFE,0x00,0x00,0x7F,0xFF,0xFF,0xFE,0x00,
  0x00,0x7F,0xFF,0xFF,0xFE,0x00,0x00,0x7F,0xFF,0xFF,0xFE,0x00,0x00,0x7F,0xFF,0xFF,0xFE,0x00,0x00,0x7F,0xFF,0xFF,0xFE,0x00,
  0x00,0x7F,0xFF,0xFF,0xFE,0x00,0x00,0x7F,0xFF,0xFF,0xFE,0x00,0x00,0x7F,0xFF,0xFF,0xFE,0x00,0x00,0x7F,0xFF,0xFF,0xFE,0x00,
  0x00,0x7F,0xFF,0xFF,0xFE,0x00,0x00,0x7F,0xFF,0xFF,0xFE,0x00,0x00,0x7F,0xFF,0xFF,0xFE,0x00,0x00,0x7F,0xFF,0xFF,0xFE,0x00,
  0x00,0x7F,0xFF,0xFF,0xFE,0x00,0x00,0x7F,0xFF,0xFF,0xFE,0x00,0x00,0x7F,0xFF,0xFF,0xFE,0x00,0x00,0x7F,0xFF,0xFF,0xFE,0x00,
  0x00,0x7F,0xFF,0xFF,0xFE,0x00,0x00,0x7F,0xFF,0xFF,0xFE,0x00,0x00,0x7F,0xFF,0xFF,0xFE,0x00,0x00,0x7F,0xFF,0xFF,0xFE,0x00,
  0x00,0x7F,0xFF,0xFF,0xFE,0x00,0x00,0x7F,0xFF,0xFF,0xFE,0x00,0x00,0x7F,0xFF,0xFF,0xFE,0x00,0x00,0x7F,0xFF,0xFF,0xFE,0x00,
  0x00,0x7F,0xFF,0xFF,0xFE,0x00,0x00,0x7F,0xFF,0xFF,0xFE,0x00,0x00,0x7F,0xFF,0xFF,0xFE,0x00,0x00,0x7F,0xFF,0xFF,0xFE,0x00,
  0x00,0x7F,0xFF,0xFF,0xFE,0x00,0x00,0x7F,0xFF,0xFF,0xFE,0x00,0x00,0x7F,0xFF,0xFF,0xFE,0x00,0x00,0x7F,0xFF,0xFF,0xFE,0x00,
  0x00,0x7F,0xFF,0xFF,0xFE,0x00,0x00,0x7F,0xFF,0xFF,0xFE,0x00,0x00,0x7F,0xFF,0xFF,0xFE,0x00,0x00,0x7F,0xFF,0xFF,0xFE,0x00,
  0x00,0x7F,0xFF,0xFF,0xFE,0x00,0x00,0x7F,0xFF,0xFF,0xFE,0x00,0x00,0x7F,0xFF,0xFF,0xFE,0x00,0x00,0x7F,0xFF,0xFF,0xFF,0xFF,
  0xFF,0xFF,0xFF,0xFF,0xFF,0xFF,0xFF,0xFF,0xFF,0xFF,0xFF,0xFF,0xFF,0xFF,0xFF,0xFF,0xFF,0xFF,0xFF,0xFF,0xFF,0xFF,0xFF,0xFF,
  0xFF,0xFF,0xFF,0xFF,0xFF,0xFF,0xFF,0xFF,0xFF,0xFF,0xFF,0xFF,0xFF,0xFF,0xFF,0xFF,0xFF,0xFF,0xFF,0xFF,0xFF,0xFF,0xFF,0xFF,
  0xFF,0xFF,0xFF,0xFF,0xFF,0xFF,0xFF,0xFF,0xFF,0xFF,0xFF,0xFF,0xFF,0xFF,0xFF,0xFF,0xFF,0xFF,0xFF,0xFF,0xFF,0x00,0x00,0x3F,
  0xFC,0x00,0x00,0x00,0x00,0x3F,0xFC,0x00,0x00,0x00,0x00,0x3F,0xFC,0x00,0x00,0x00,0x00,0x3F,0xFC,0x00,0x00,0x00,0x00,0x3F,
  0xFC,0x00,0x00,0x00,0x00,0x3F,0xFC,0x00,0x00,0x00,0x00,0x3F,0xFC,0x00,0x00,0x00,0x00,0x3F,0xFC,0x00,0x00,0x00,0x00,0x3F,
  0xFC,0x00,0x00,0x00,0x00,0x3F,0xFC,0x00,0x00,0x00,0x00,0x3F,0xFC,0x00,0x00,0x00,0x00,0x3F,0xFC,0x00,0x00,0x00,0x00,0x3F,
  0xFC,0x00,0x00,0x00,0x00,0x3F,0xFC,0x00,0x00,0x00,0x00,0x3F,0xFC,0x00,0x00,0x00,0x00,0x3F,0xFC,0x00,0x00,0x00,0x00,0x3F,
  0xFC,0x00,0x00,0x00,0x00,0x3F,0xFC,0x00,0x00,0x00,0x00,0x3F,0xFC,0x00,0x00,0x00,0x00,0x3F,0xFC,0x00,0x00,0x00,0x00,0x3F,
  0xFC,0x00,0x00,0x00,0x00,0x03,0xFF,0xFF,0x00,0x00,0x00,0x00,0x00,0x0F,0xFF,0xFC,0x00,0x00,0x00,0x00,0x00,0x7F,0xFF,0xF0,
  0x00,0x00,0x00,0x00,0x01,0xFF,0xFF,0xE0,0x00,0x00,0x00,0x00,0x07,0xFF,0xFF,0x80,0x00,0x00,0x00,0x00,0x3F,0xFF,0xFE,0x00,
  0x00,0x00,0x00,0x00,0xFF,0xFF,0xFC,0x00,0x00,0x00,0x00,0x03,0xFF,0xFF,0xF0,0x00,0x00,0x00,0x00,0x1F,0xFF,0xFF,0xC0,0x00,
  0x00,0x00,0x00,0x7F,0xFF,0xFF,0x80,0x00,0x00,0x00,0x01,0xFF,0xFF,0xFE,0x00,0x00,0x00,0x00,0x0F,0xFF,0x7F,0xF8,0x00,0x00,
  0x00,0x00,0x3F,0xFC,0xFF,0xF0,0x00,0x00,0x00,0x00,0xFF,0xF3,0xFF,0xC0,0x00,0x00,0x00,0x07,0xFF,0xCF,0xFF,0x00,0x00,0x00,
  0x00,0x1F,0xFF,0x3F,0xFE,0x00,0x00,0x00,0x00,0x7F,0xF8,0x7F,0xF8,0x00,0x00,0x00,0x03,0xFF,0xE1,0xFF,0xE0,0x00,0x00,0x00,
  0x0F,0xFF,0x87,0xFF,0xC0,0x00,0x00,0x00,0x3F,0xFC,0x1F,0xFF,0x00,0x00,0x00,0x01,0xFF,0xF0,0x3F,0xFC,0x00,0x00,0x00,0x07,
  0xFF,0xC0,0xFF,0xF8,0x00,0x00,0x00,0x1F,0xFF,0x03,0xFF,0xE0,0x00,0x00,0x00,0x7F,0xF8,0x07,0xFF,0x80,0x00,0x00,0x03,0xFF,
  0xE0,0x1F,0xFF,0x00,0x00,0x00,0x0F,0xFF,0x80,0x7F,0xFC,0x00,0x00,0x00,0x3F,0xFC,0x01,0xFF,0xF0,0x00,0x00,0x01,0xFF,0xF0,
  0x03,0xFF,0xE0,0x00,0x00,0x07,0xFF,0xC0,0x0F,0xFF,0x80,0x00,0x00,0x1F,0xFF,0x00,0x3F,0xFE,0x00,0x00,0x00,0xFF,0xF8,0x00,
  0x7F,0xFC,0x00,0x00,0x03,0xFF,0xE0,0x01,0xFF,0xF0,0x00,0x00,0x0F,0xFF,0x80,0x07,0xFF,0xC0,0x00,0x00,0x7F,0xFC,0x00,0x1F,
  0xFF,0x80,0x00,0x01,0xFF,0xF0,0x00,0x3F,0xFE,0x00,0x00,0x07,0xFF,0xC0,0x00,0xFF,0xF8,0x00,0x00,0x3F,0xFF,0x00,0x03,0xFF,
  0xF0,0x00,0x00,0xFF,0xF8,0x00,0x0F,0xFF,0xC0,0x00,0x03,0xFF,0xE0,0x00,0x1F,0xFF,0x00,0x00,0x1F,0xFF,0x80,0x00,0x7F,0xFE,
  0x00,0x00,0x7F,0xFF,0xFF,0xFF,0xFF,0xF8,0x00,0x01,0xFF,0xFF,0xFF,0xFF,0xFF,0xE0,0x00,0x0F,0xFF,0xFF,0xFF,0xFF,0xFF,0xC0,
  0x00,0x3F,0xFF,0xFF,0xFF,0xFF,0xFF,0x00,0x00,0xFF,0xFF,0xFF,0xFF,0xFF,0xFC,0x00,0x07,0xFF,0xFF,0xFF,0xFF,0xFF,0xF8,0x00,
  0x1F,0xFF,0xFF,0xFF,0xFF,0xFF,0xE0,0x00,0x7F,0xFF,0xFF,0xFF,0xFF,0xFF,0x80,0x03,0xFF,0xFF,0xFF,0xFF,0xFF,0xFF,0x00,0x0F,
  0xFF,0xFF,0xFF,0xFF,0xFF,0xFC,0x00,0x3F,0xFF,0xFF,0xFF,0xFF,0xFF,0xF0,0x01,0xFF,0xFC,0x00,0x00,0x0F,0xFF,0xC0,0x07,0xFF,
  0xE0,0x00,0x00,0x1F,0xFF,0x80,0x1F,0xFF,0x80,0x00,0x00,0x7F,0xFE,0x00,0xFF,0xFE,0x00,0x00,0x01,0xFF,0xF8,0x03,0xFF,0xF0,
  0x00,0x00,0x03,0xFF,0xF0,0x0F,0xFF,0xC0,0x00,0x00,0x0F,0xFF,0xC0,0x7F,0xFF,0x00,0x00,0x00,0x3F,0xFF,0x01,0xFF,0xFC,0x00,
  0x00,0x00,0xFF,0xFE,0x07,0xFF,0xE0,0x00,0x00,0x01,0xFF,0xF8,0x3F,0xFF,0x80,0x00,0x00,0x07,0xFF,0xE0,0xFF,0xFE,0x00,0x00,
  0x00,0x1F,0xFF,0xC3,0xFF,0xF0,0x00,0x00,0x00,0x7F,0xFF,0x1F,0xFF,0xC0,0x00,0x00,0x00,0xFF,0xFC,0x7F,0xFF,0x00,0x00,0x00,
  0x03,0xFF,0xF9,0xFF,0xFC,0x00,0x00,0x00,0x0F,0xFF,0xEF,0xFF,0xE0,0x00,0x00,0x00,0x1F,0xFF,0xBF,0xFF,0x80,0x00,0x00,0x00,
  0x7F,0xFF,0xFF,0xFF,0xFF,0xFF,0xFF,0xFF,0x0F,0xFF,0xFF,0xFF,0xFF,0xFF,0xF0,0xFF,0xFF,0xFF,0xFF,0xFF,0xFF,0x0F,0xFF,0xFF,
  0xFF,0xFF,0xFF,0xF0,0xFF,0xFF,0xFF,0xFF,0xFF,0xFF,0x0F,0xFF,0xFF,0xFF,0xFF,0xFF,0xF0,0xFF,0xFF,0xFF,0xFF,0xFF,0xFF,0x0F,
  0xFF,0xFF,0xFF,0xFF,0xFF,0xF0,0xFF,0xFF,0xFF,0xFF,0xFF,0xFF,0x0F,0xFF,0xFF,0xFF,0xFF,0xFF,0xF0,0xFF,0xFF,0xFF,0xFF,0xFF,
  0xFF,0x0F,0xFF,0xE0,0x00,0x00,0x00,0x00,0xFF,0xFE,0x00,0x00,0x00,0x00,0x0F,0xFF,0xE0,0x00,0x00,0x00,0x00,0xFF,0xFE,0x00,
  0x00,0x00,0x00,0x0F,0xFF,0xE0,0x00,0x00,0x00,0x00,0xFF,0xFE,0x00,0x00,0x00,0x00,0x0F,0xFF,0xE0,0x00,0x00,0x00,0x00,0xFF,
  0xFE,0x00,0x00,0x00,0x00,0x0F,0xFF,0xE0,0x00,0x00,0x00,0x00,0xFF,0xFE,0x00,0x00,0x00,0x00,0x0F,0xFF,0xE0,0x00,0x00,0x00,
  0x00,0xFF,0xFE,0x00,0x00,0x00,0x00,0x0F,0xFF,0xE0,0x00,0x00,0x00,0x00,0xFF,0xFE,0x00,0x00,0x00,0x00,0x0F,0xFF,0xE0,0x00,
  0x00,0x00,0x00,0xFF,0xFE,0x00,0x00,0x00,0x00,0x0F,0xFF,0xFF,0xFF,0xFE,0x00,0x00,0xFF,0xFF,0xFF,0xFF,0xFE,0x00,0x0F,0xFF,
  0xFF,0xFF,0xFF,0xFC,0x00,0xFF,0xFF,0xFF,0xFF,0xFF,0xF0,0x0F,0xFF,0xFF,0xFF,0xFF,0xFF,0x80,0xFF,0xFF,0xFF,0xFF,0xFF,0xFC,
  0x0F,0xFF,0xFF,0xFF,0xFF,0xFF,0xE0,0xFF,0xFF,0xFF,0xFF,0xFF,0xFF,0x0F,0xFF,0xFF,0xFF,0xFF,0xFF,0xF8,0xFF,0xFF,0xFF,0xFF,
  0xFF,0xFF,0xCF,0xFF,0xFF,0xFF,0xFF,0xFF,0xFC,0xFF,0xFE,0x01,0xFF,0xFF,0xFF,0xEF,0xFF,0xE0,0x00,0x1F,0xFF,0xFE,0xFF,0xFE,
  0x00,0x00,0x7F,0xFF,0xEF,0xFF,0xE0,0x00,0x01,0xFF,0xFF,0xFF,0xFE,0x00,0x00,0x0F,0xFF,0xFF,0xFF,0xE0,0x00,0x00,0xFF,0xFF,
  0xFF,0xFE,0x00,0x00,0x07,0xFF,0xFF,0xFF,0xE0,0x00,0x00,0x7F,0xFF,0xFF,0xFE,0x00,0x00,0x07,0xFF,0xFF,0xFF,0xE0,0x00,0x00,
  0x7F,0xFF,0xFF,0xFE,0x00,0x00,0x07,0xFF,0xFF,0xFF,0xE0,0x00,0x00,0x7F,0xFF,0xFF,0xFE,0x00,0x00,0x07,0xFF,0xFF,0xFF,0xE0,
  0x00,0x00,0xFF,0xFF,0xFF,0xFE,0x00,0x00,0x0F,0xFF,0xFF,0xFF,0xE0,0x00,0x01,0xFF,0xFE,0xFF,0xFE,0x00,0x00,0x7F,0xFF,0xEF,
  0xFF,0xE0,0x00,0x1F,0xFF,0xFE,0xFF,0xFF,0xFF,0xFF,0xFF,0xFF,0xCF,0xFF,0xFF,0xFF,0xFF,0xFF,0xFC,0xFF,0xFF,0xFF,0xFF,0xFF,
  0xFF,0x8F,0xFF,0xFF,0xFF,0xFF,0xFF,0xF0,0xFF,0xFF,0xFF,0xFF,0xFF,0xFE,0x0F,0xFF,0xFF,0xFF,0xFF,0xFF,0xC0,0xFF,0xFF,0xFF,
  0xFF,0xFF,0xF8,0x0F,0xFF,0xFF,0xFF,0xFF,0xFF,0x00,0xFF,0xFF,0xFF,0xFF,0xFF,0xC0,0x0F,0xFF,0xFF,0xFF,0xFF,0xF0,0x00,0xFF,
  0xFF,0xFF,0xFF,0xFC,0x00,0x0F,0xFF,0xFF,0xFF,0xF8,0x00,0x00,0xFF,0xFF,0xFF,0xFF,0x80,0x00,0x07,0xFF,0xFF,0xFF,0xFF,0xC0,
  0x00,0x3F,0xFF,0xFF,0xFF,0xFF,0xC0,0x01,0xFF,0xFF,0xFF,0xFF,0xFF,0x80,0x0F,0xFF,0xFF,0xFF,0xFF,0xFE,0x00,0x7F,0xFF,0xFF,
  0xFF,0xFF,0xF8,0x03,0xFF,0xFF,0xFF,0xFF,0xFF,0xE0,0x1F,0xFF,0xFF,0xFF,0xFF,0xFF,0x80,0xFF,0xFF,0xFF,0xFF,0xFF,0xFE,0x07,
  0xFF,0xFF,0xFF,0xFF,0xFF,0xF0,0x3F,0xFF,0xFF,0xFF,0xFF,0xFF,0xC1,0xFF,0xFC,0x00,0x1F,0xFF,0xFE,0x0F,0xFF,0xE0,0x00,0x1F,
  0xFF,0xF0,0x7F,0xFF,0x00,0x00,0x7F,0xFF,0x83,0xFF,0xF8,0x00,0x01,0xFF,0xFC,0x1F,0xFF,0xC0,0x00,0x0F,0xFF,0xF0,0xFF,0xFE,
  0x00,0x00,0x7F,0xFF,0x87,0xFF,0xF0,0x00,0x03,0xFF,0xFC,0x3F,0xFF,0x80,0x00,0x0F,0xFF,0xE1,0xFF,0xFC,0x00,0x00,0x7F,0xFE,
  0x0F,0xFF,0xE0,0x00,0x07,0xFF,0xF0,0x7F,0xFF,0x00,0x00,0x3F,0xFF,0x83,0xFF,0xF8,0x00,0x01,0xFF,0xFC,0x1F,0xFF,0xC0,0x00,
  0x0F,0xFF,0xC0,0xFF,0xFE,0x00,0x00,0xFF,0xFE,0x07,0xFF,0xF0,0x00,0x0F,0xFF,0xE0,0x3F,0xFF,0x80,0x01,0xFF,0xFE,0x01,0xFF,
  0xFF,0xFF,0xFF,0xFF,0xF0,0x0F,0xFF,0xFF,0xFF,0xFF,0xFE,0x00,0x7F,0xFF,0xFF,0xFF,0xFF,0xE0,0x03,0xFF,0xFF,0xFF,0xFF,0xFC,
  0x00,0x1F,0xFF,0xFF,0xFF,0xFF,0x80,0x00,0xFF,0xFF,0xFF,0xFF,0xFC,0x00,0x07,0xFF,0xFF,0xFF,0xFF,0xFE,0x00,0x3F,0xFF,0xFF,
  0xFF,0xFF,0xFC,0x01,0xFF,0xFF,0xFF,0xFF,0xFF,0xF8,0x0F,0xFF,0xFF,0xFF,0xFF,0xFF,0xE0,0x7F,0xFF,0xFF,0xFF,0xFF,0xFF,0x83,
  0xFF,0xF8,0x00,0x07,0xFF,0xFE,0x1F,0xFF,0xC0,0x00,0x07,0xFF,0xF8,0xFF,0xFE,0x00,0x00,0x1F,0xFF,0xE7,0xFF,0xF0,0x00,0x00,
  0x7F,0xFF,0x3F,0xFF,0x80,0x00,0x01,0xFF,0xFD,0xFF,0xFC,0x00,0x00,0x0F,0xFF,0xEF,0xFF,0xE0,0x00,0x00,0x7F,0xFF,0x7F,0xFF,
  0x00,0x00,0x03,0xFF,0xFB,0xFF,0xF8,0x00,0x00,0x0F,0xFF,0xFF,0xFF,0xC0,0x00,0x00,0x7F,0xFF,0xFF,0xFE,0x00,0x00,0x03,0xFF,
  0xFF,0xFF,0xF0,0x00,0x00,0x3F,0xFF,0xFF,0xFF,0x80,0x00,0x01,0xFF,0xFF,0xFF,0xFC,0x00,0x00,0x0F,0xFF,0xFF,0xFF,0xE0,0x00,
  0x00,0x7F,0xFF,0x7F,0xFF,0x00,0x00,0x07,0xFF,0xFB,0xFF,0xF8,0x00,0x00,0x7F,0xFF,0xDF,0xFF,0xC0,0x00,0x07,0xFF,0xFE,0xFF,
  0xFE,0x00,0x01,0xFF,0xFF,0xE7,0xFF,0xFF,0xFF,0xFF,0xFF,0xFF,0x3F,0xFF,0xFF,0xFF,0xFF,0xFF,0xF1,0xFF,0xFF,0xFF,0xFF,0xFF,
  0xFF,0x8F,0xFF,0xFF,0xFF,0xFF,0xFF,0xF8,0x7F,0xFF,0xFF,0xFF,0xFF,0xFF,0x83,0xFF,0xFF,0xFF,0xFF,0xFF,0xF8,0x1F,0xFF,0xFF,
  0xFF,0xFF,0xFF,0x80,0xFF,0xFF,0xFF,0xFF,0xFF,0xF0,0x07,0xFF,0xFF,0xFF,0xFF,0xFE,0x00,0x3F,0xFF,0xFF,0xFF,0xFF,0xC0,0x01,
  0xFF,0xFF,0xFF,0xFF,0xE0,0x00,0x00,0xFF,0xFF,0xFF,0xFF,0xFF,0xFF,0xFF,0xFF,0xFF,0xFF,0xFF,0xFF,0xFF,0xFF,0xFF,0xFF,0xFF,
  0xFF,0xFF,0xFF,0xFF,0xFF,0xFF,0xFF,0xFF,0xFF,0xFF,0xFF,0xFF,0xFF,0xFF,0xFF,0xFF,0xFF,0xFF,0xFF,0xFF,0xFF,0xFF,0xFF,0xFF,
  0xFF,0xFF,0xFF,0xFF,0xFF,0xFF,0xFF,0xFF,0xFF,0xFF,0xFF,0xFF,0xFF,0xFF,0xFF,0xFF,0xFF,0xFF,0xFF,0xFF,0xFF,0xFF,0xFF,0xFF,
  0xFF,0xFF,0xFF,0xFF,0xFF,0xFF,0xFF,0xFF,0xEF,0xFF,0xE0,0x00,0x00,0x00,0x07,0xFF,0xF0,0x00,0x00,0x00,0x03,0xFF,0xF8,0x00,
  0x00,0x00,0x01,0xFF,0xFC,0x00,0x00,0x00,0x00,0xFF,0xFE,0x00,0x00,0x00,0x00,0x7F,0xFF,0x00,0x00,0x00,0x00,0x3F,0xFF,0x80,
  0x00,0x00,0x00,0x1F,0xFF,0xC0,0x00,0x00,0x00,0x0F,0xFF,0xE0,0x00,0x00,0x00,0x07,0xFF,0xF0,0x00,0x00,0x00,0x03,0xFF,0xF8,
  0x00,0x00,0x00,0x01,0xFF,0xFC,0x00,0x00,0x00,0x00,0xFF,0xFE,0x00,0x00,0x00,0x00,0x7F,0xFF,0x00,0x00,0x00,0x00,0x3F,0xFF,
  0x80,0x00,0x00,0x00,0x1F,0xFF,0xC0,0x00,0x00,0x00,0x0F,0xFF,0xE0,0x00,0x00,0x00,0x07,0xFF,0xF0,0x00,0x00,0x00,0x03,0xFF,
  0xF8,0x00,0x00,0x00,0x01,0xFF,0xFC,0x00,0x00,0x00,0x00,0xFF,0xFE,0x00,0x00,0x00,0x00,0x7F,0xFF,0x00,0x00,0x00,0x00,0x3F,
  0xFF,0x80,0x00,0x00,0x00,0x1F,0xFF,0xC0,0x00,0x00,0x00,0x0F,0xFF,0xE0,0x00,0x00,0x00,0x07,0xFF,0xF0,0x00,0x00,0x00,0x03,
  0xFF,0xF8,0x00,0x00,0x00,0x01,0xFF,0xFC,0x00,0x00,0x00,0x00,0xFF,0xFE,0x00,0x00,0x00,0x00,0x7F,0xFF,0x00,0x00,0x00,0x00,
  0x3F,0xFF,0x80,0x00,0x00,0x00,0x1F,0xFF,0xC0,0x00,0x00,0x00,0x0F,0xFF,0xE0,0x00,0x00,0x00,0x07,0xFF,0xF0,0x00,0x00,0x00,
  0x03,0xFF,0xF8,0x00,0x00,0x00,0x01,0xFF,0xFC,0x00,0x00,0x00,0x00,0xFF,0xFE,0x00,0x00,0x00,0x00,0x7F,0xFF,0x00,0x00,0x00,
  0x00,0x3F,0xFF,0x80,0x00,0x00,0x00,0x1F,0xFF,0xC0,0x00,0x00,0x00,0x0F,0xFF,0xE0,0x00,0x00,0x00,0x07,0xFF,0xF0,0x00,0x00,
  0x00,0x03,0xFF,0xF8,0x00,0x00,0x00,0x01,0xFF,0xFC,0x00,0x00,0x00,0x00,0xFF,0xFE,0x00,0x00,0x00,0x00,0x7F,0xFF,0x00,0x00,
  0x00,0x00,0x3F,0xFF,0x80,0x00,0x00,0x00,0x1F,0xFF,0xC0,0x00,0x00,0x00,0x0F,0xFF,0xE0,0x00,0x00,0x00,0x07,0xFF,0xF0,0x00,
  0x00,0x00,0x03,0xFF,0xF8,0x00,0x00,0x00,0x01,0xFF,0xFC,0x00,0x00,0x00,0x00,0xFF,0xFE,0x00,0x00,0x00,0x00,0x7F,0xFF,0x00,
  0x00,0x00,0x00,0x3F,0xFF,0x80,0x00,0x00,0x00,0x1F,0xFF,0xC0,0x00,0x00,0x00,0x00,0x00,0x00,0x3F,0xFF,0xFF,0xFF,0xE0,0x00,
  0x00,0x07,0xFF,0xFF,0xFF,0xFC,0x00,0x00,0x00,0xFF,0xFF,0xFF,0xFF,0x80,0x00,0x00,0x1F,0xFF,0xFF,0xFF,0xF0,0x00,0x00,0x03,
  0xFF,0xFF,0xFF,0xFE,0x00,0x00,0x00,0x7F,0xFF,0xFF,0xFF,0xC0,0x00,0x00,0x1F,0xFF,0xFF,0xFF,0xF8,0x00,0x00,0x03,0xFF,0xFF,
  0xFF,0xFF,0x00,0x00,0x00,0x7F,0xFF,0xFF,0xFF,0xE0,0x00,0x00,0x0F,0xFF,0xFF,0xFF,0xFC,0x00,0x00,0x01,0xFF,0xFF,0xFF,0xFF,
  0x80,0x00,0x00,0x3F,0xFC,0x01,0xFF,0xF0,0x00,0x00,0x07,0xFF,0x80,0x3F,0xFE,0x00,0x00,0x00,0xFF,0xE0,0x07,0xFF,0xC0,0x00,
  0x00,0x1F,0xFC,0x00,0xFF,0xF8,0x00,0x00,0x07,0xFF,0x80,0x1F,0xFF,0x00,0x00,0x00,0xFF,0xF0,0x03,0xFF,0xE0,0x00,0x00,0x1F,
  0xFE,0x00,0x7F,0xFC,0x00,0x00,0x03,0xFF,0xC0,0x0F,0xFF,0x80,0x00,0x00,0x7F,0xF8,0x01,0xFF,0xF0,0x00,0x00,0x0F,0xFF,0x00,
  0x3F,0xFE,0x00,0x00,0x01,0xFF,0xE0,0x07,0xFF,0xC0,0x00,0x00,0x3F,0xFC,0x00,0xFF,0xF8,0x00,0x00,0x07,0xFF,0x80,0x1F,0xFF,
  0x00,0x00,0x00,0xFF,0xE0,0x03,0xFF,0xE0,0x00,0x00,0x3F,0xFC,0x00,0x7F,0xFC,0x00,0x00,0x07,0xFF,0x80,0x0F,0xFF,0x80,0x00,
  0x00,0xFF,0xF0,0x01,0xFF,0xF0,0x00,0x00,0x1F,0xFE,0x00,0x3F,0xFE,0x00,0x00,0x03,0xFF,0xC0,0x07,0xFF,0xC0,0x00,0x00,0x7F,
  0xF8,0x00,0xFF,0xF8,0x00,0x00,0x0F,0xFF,0x00,0x1F,0xFF,0x00,0x00,0x01,0xFF,0xE0,0x03,0xFF,0xE0,0x00,0x00,0x7F,0xFC,0x00,
  0x7F,0xFC,0x00,0x00,0x0F,0xFF,0x00,0x0F,0xFF,0x80,0x00,0x01,0xFF,0xE0,0x01,0xFF,0xF0,0x00,0x00,0x3F,0xFC,0x00,0x3F,0xFE,
  0x00,0x00,0x07,0xFF,0x80,0x07,0xFF,0xC0,0x00,0x01,0xFF,0xF0,0x00,0xFF,0xF8,0x00,0x00,0x3F,0xFE,0x00,0x1F,0xFF,0x00,0x00,
  0x07,0xFF,0x80,0x03,0xFF,0xE0,0x00,0x00,0xFF,0xF0,0x00,0x7F,0xFC,0x00,0x00,0x3F,0xFE,0x00,0x0F,0xFF,0x80,0x00,0x07,0xFF,
  0xC0,0x01,0xFF,0xF0,0x00,0x00,0xFF,0xF8,0x00,0x3F,0xFE,0x00,0x00,0x1F,0xFE,0x00,0x07,0xFF,0xC0,0x00,0x07,0xFF,0xC0,0x00,
  0xFF,0xF8,0x00,0x00,0xFF,0xF8,0x00,0x1F,0xFF,0x00,0x00,0x3F,0xFE,0x00,0x03,0xFF,0xE0,0x00,0x07,0xFF,0xC0,0x00,0x7F,0xFC,
  0x00,0x00,0xFF,0xF8,0x00,0x0F,0xFF,0x80,0x00,0x3F,0xFE,0x00,0x01,0xFF,0xF0,0x00,0x07,0xFF,0xC0,0x00,0x3F,0xFE,0x00,0x01,
  0xFF,0xF0,0x00,0x07,0xFF,0xC0,0x00,0x3F,0xFE,0x00,0x00,0xFF,0xF8,0x00,0x0F,0xFF,0x80,0x00,0x1F,0xFF,0x00,0x03,0xFF,0xF0,
  0x00,0x03,0xFF,0xE0,0x1F,0xFF,0xFF,0xFF,0xFF,0xFF,0xFF,0xFF,0xFF,0xFF,0xFF,0xFF,0xFF,0xFF,0xFF,0xFF,0xFF,0xFF,0xFF,0xFF,
  0xFF,0xFF,0xFF,0xFF,0xFF,0xFF,0xFF,0xFF,0xFF,0xFF,0xFF,0xFF,0xFF,0xFF,0xFF,0xFF,0xFF,0xFF,0xFF,0xFF,0xFF,0xFF,0xFF,0xFF,
  0xFF,0xFF,0xFF,0xFF,0xFF,0xFF,0xFF,0xFF,0xFF,0xFF,0xFF,0xFF,0xFF,0xFF,0xFF,0xFF,0xFF,0xFF,0xFF,0xFF,0xFF,0xFF,0xFF,0xFF,
  0xFF,0xFF,0xFF,0xFF,0xFF,0xFF,0xFF,0xFF,0xFF,0xFF,0xFF,0xFF,0xFF,0xFF,0xFF,0x00,0x00,0x00,0x00,0x1F,0xFF,0xFF,0xE0,0x00,
  0x00,0x00,0x03,0xFF,0xFF,0xFC,0x00,0x00,0x00,0x00,0x7F,0xFF,0xFF,0x80,0x00,0x00,0x00,0x0F,0xFF,0xFF,0xF0,0x00,0x00,0x00,
  0x01,0xFF,0xFF,0xFE,0x00,0x00,0x00,0x00,0x3F,0xFF,0xFF,0xC0,0x00,0x00,0x00,0x07,0xFF,0xFF,0xF8,0x00,0x00,0x00,0x00,0xFF,
  0xFF,0xFF,0x00,0x00,0x00,0x00,0x1F,0xFF,0xFF,0xE0,0x00,0x00,0x00,0x03,0xFF,0xFF,0xFC,0x00,0x00,0x00,0x00,0x7F,0xFF,0xFF,
  0x80,0x00,0x00,0x00,0x0F,0xFF,0xFF,0xF0,0x00,0x00,0x00,0x01,0xFF,0xFF,0xFE,0x00,0x00,0x00,0x00,0x3F,0xFF,0xFF,0xC0,0x00,
  0x00,0x00,0x07,0xFF,0xFF,0xF8,0x00,0x00,0x00,0x00,0xFF,0xFF,0xFF,0x00,0x00,0x00,0x00,0x1F,0xFF,0xFF,0xE0,0x00,0x00,0x00,
  0x03,0xFF,0xFF,0xFC,0x00,0x00,0x00,0x00,0x7F,0xFF,0xFF,0x80,0x00,0x00,0x00,0x0F,0xFF,0xFF,0xFF,0xFF,0xFF,0xFF,0xFF,0x9F,
  0xFF,0xFF,0xFF,0xFF,0xFF,0xF3,0xFF,0xFF,0xFF,0xFF,0xFF,0xFE,0x7F,0xFF,0xFF,0xFF,0xFF,0xFF,0xCF,0xFF,0xFF,0xFF,0xFF,0xFF,
  0xF9,0xFF,0xFF,0xFF,0xFF,0xFF,0xFF,0x3F,0xFF,0xFF,0xFF,0xFF,0xFF,0xE7,0xFF,0xFF,0xFF,0xFF,0xFF,0xFC,0xFF,0xFF,0xFF,0xFF,
  0xFF,0xFF,0x9F,0xFF,0xFF,0xFF,0xFF,0xFF,0xF3,0xFF,0xFF,0xFF,0xFF,0xFF,0xFE,0x7F,0xFF,0xFF,0xFF,0xFF,0xFF,0x8F,0xFF,0xE0,
  0x00,0x00,0x00,0x01,0xFF,0xFC,0x00,0x00,0x00,0x00,0x3F,0xFF,0x80,0x00,0x00,0x00,0x07,0xFF,0xF0,0x00,0x00,0x00,0x00,0xFF,
  0xFE,0x00,0x00,0x00,0x00,0x1F,0xFF,0xC0,0x00,0x00,0x00,0x03,0xFF,0xF8,0x00,0x00,0x00,0x00,0x7F,0xFF,0x00,0x00,0x00,0x00,
  0x0F,0xFF,0xE0,0x00,0x00,0x00,0x01,0xFF,0xFC,0x00,0x00,0x00,0x00,0x3F,0xFF,0x80,0x00,0x00,0x00,0x07,0xFF,0xF0,0x00,0x00,
  0x00,0x00,0xFF,0xFE,0x00,0x00,0x00,0x00,0x1F,0xFF,0xC0,0x00,0x00,0x00,0x03,0xFF,0xF8,0x00,0x00,0x00,0x00,0x7F,0xFF,0x00,
  0x00,0x00,0x00,0x0F,0xFF,0xFF,0xFF,0xFF,0xFF,0xC1,0xFF,0xFF,0xFF,0xFF,0xFF,0xF8,0x3F,0xFF,0xFF,0xFF,0xFF,0xFF,0x07,0xFF,
  0xFF,0xFF,0xFF,0xFF,0xE0,0xFF,0xFF,0xFF,0xFF,0xFF,0xFC,0x1F,0xFF,0xFF,0xFF,0xFF,0xFF,0x83,0xFF,0xFF,0xFF,0xFF,0xFF,0xF0,
  0x7F,0xFF,0xFF,0xFF,0xFF,0xFE,0x0F,0xFF,0xFF,0xFF,0xFF,0xFF,0xC1,0xFF,0xFF,0xFF,0xFF,0xFF,0xF8,0x3F,0xFF,0xFF,0xFF,0xFF,
  0xFF,0x07,0xFF,0xFF,0xFF,0xFF,0xFF,0xC0,0xFF,0xFE,0x00,0x00,0x00,0x00,0x1F,0xFF,0xC0,0x00,0x00,0x00,0x03,0xFF,0xF8,0x00,
  0x00,0x00,0x00,0x7F,0xFF,0x00,0x00,0x00,0x00,0x0F,0xFF,0xE0,0x00,0x00,0x00,0x01,0xFF,0xFC,0x00,0x00,0x00,0x00,0x3F,0xFF,
  0x80,0x00,0x00,0x00,0x07,0xFF,0xF0,0x00,0x00,0x00,0x00,0xFF,0xFE,0x00,0x00,0x00,0x00,0x1F,0xFF,0xC0,0x00,0x00,0x00,0x03,
  0xFF,0xF8,0x00,0x00,0x00,0x00,0x7F,0xFF,0x00,0x00,0x00,0x00,0x0F,0xFF,0xE0,0x00,0x00,0x00,0x01,0xFF,0xFC,0x00,0x00,0x00,
  0x00,0x3F,0xFF,0x80,0x00,0x00,0x00,0x07,0xFF,0xF0,0x00,0x00,0x00,0x00,0xFF,0xFF,0xFF,0xFF,0xFF,0xFF,0xDF,0xFF,0xFF,0xFF,
  0xFF,0xFF,0xFF,0xFF,0xFF,0xFF,0xFF,0xFF,0xFF,0xFF,0xFF,0xFF,0xFF,0xFF,0xFF,0xFF,0xFF,0xFF,0xFF,0xFF,0xFF,0xFF,0xFF,0xFF,
  0xFF,0xFF,0xFF,0xFF,0xFF,0xFF,0xFF,0xFF,0xFF,0xFF,0xFF,0xFF,0xFF,0xFF,0xFF,0xFF,0xFF,0xFF,0xFF,0xFF,0xFF,0xFF,0xFF,0xFF,
  0xFF,0xFF,0xFF,0xFF,0xFF,0xFF,0xFF,0xFF,0xFF,0xFF,0xFF,0xFF,0xFF,0xFF,0xFF,0xFF,0xFF,0xFF,0xF0,0x7F,0xF8,0x00,0x7F,0xF8,
  0x00,0x7F,0xFB,0xFF,0xC0,0x03,0xFF,0xC0,0x03,0xFF,0xDF,0xFE,0x00,0x1F,0xFE,0x00,0x3F,0xFC,0x7F,0xF8,0x00,0xFF,0xF0,0x01,
  0xFF,0xE3,0xFF,0xC0,0x07,0xFF,0x80,0x0F,0xFF,0x1F,0xFE,0x00,0x3F,0xFC,0x00,0xFF,0xF8,0xFF,0xF8,0x01,0xFF,0xE0,0x07,0xFF,
  0x83,0xFF,0xC0,0x0F,0xFF,0x00,0x3F,0xFC,0x1F,0xFE,0x00,0x7F,0xF8,0x01,0xFF,0xE0,0xFF,0xF0,0x03,0xFF,0xC0,0x1F,0xFE,0x03,
  0xFF,0xC0,0x1F,0xFE,0x00,0xFF,0xF0,0x1F,0xFE,0x00,0xFF,0xF0,0x07,0xFF,0x80,0xFF,0xF0,0x07,0xFF,0x80,0x3F,0xFC,0x03,0xFF,
  0xC0,0x3F,0xFC,0x03,0xFF,0xC0,0x1F,0xFE,0x01,0xFF,0xE0,0x1F,0xFE,0x00,0xFF,0xF0,0x0F,0xFF,0x00,0xFF,0xF0,0x07,0xFF,0x80,
  0x7F,0xF8,0x0F,0xFF,0x00,0x1F,0xFE,0x03,0xFF,0xC0,0x7F,0xF8,0x00,0xFF,0xF0,0x1F,0xFE,0x03,0xFF,0xC0,0x07,0xFF,0x80,0xFF,
  0xF0,0x1F,0xFE,0x00,0x1F,0xFE,0x07,0xFF,0x81,0xFF,0xE0,0x00,0xFF,0xF0,0x3F,0xFC,0x0F,0xFF,0x00,0x07,0xFF,0x81,0xFF,0xE0,
  0xFF,0xF8,0x00,0x1F,0xFE,0x0F,0xFF,0x07,0xFF,0x80,0x00,0xFF,0xF0,0x7F,0xF8,0x7F,0xFC,0x00,0x03,0xFF,0xC3,0xFF,0xC3,0xFF,
  0xC0,0x00,0x1F,0xFF,0x1F,0xFE,0x3F,0xFE,0x00,0x00,0x7F,0xFC,0xFF,0xF3,0xFF,0xE0,0x00,0x03,0xFF,0xF7,0xFF,0xBF,0xFF,0x00,
  0x00,0x0F,0xFF,0xFF,0xFF,0xFF,0xF0,0x00,0x00,0x3F,0xFF,0xFF,0xFF,0xFF,0x00,0x00,0x01,0xFF,0xFF,0xFF,0xFF,0xF8,0x00,0x00,
  0x07,0xFF,0xFF,0xFF,0xFF,0x80,0x00,0x00,0x7F,0xFF,0xFF,0xFF,0xFC,0x00,0x00,0x03,0xFF,0xFF,0xFF,0xFF,0xF0,0x00,0x00,0x1F,
  0xFF,0xFF,0xFF,0xFF,0x80,0x00,0x01,0xFF,0xFF,0xFF,0xFF,0xFC,0x00,0x00,0x0F,0xFF,0xFF,0xFF,0xFF,0xF0,0x00,0x00,0x7F,0xF7,
  0xFF,0xF3,0xFF,0x80,0x00,0x07,0xFF,0x8F,0xFF,0x1F,0xFC,0x00,0x00,0x3F,0xF8,0x7F,0xF8,0xFF,0xF0,0x00,0x01,0xFF,0xC3,0xFF,
  0xC3,0xFF,0x80,0x00,0x1F,0xFE,0x1F,0xFE,0x1F,0xFE,0x00,0x00,0xFF,0xF0,0xFF,0xF0,0xFF,0xF0,0x00,0x07,0xFF,0x07,0xFF,0x83,
  0xFF,0x80,0x00,0x7F,0xF8,0x3F,0xFC,0x1F,0xFE,0x00,0x03,0xFF,0xC1,0xFF,0xE0,0xFF,0xF0,0x00,0x3F,0xFC,0x0F,0xFF,0x07,0xFF,
  0x80,0x01,0xFF,0xE0,0x7F,0xF8,0x1F,0xFE,0x00,0x0F,0xFF,0x03,0xFF,0xC0,0xFF,0xF0,0x00,0xFF,0xF0,0x1F,0xFE,0x07,0xFF,0x80,
  0x07,0xFF,0x80,0xFF,0xF0,0x1F,0xFE,0x00,0x3F,0xFC,0x07,0xFF,0x80,0xFF,0xF0,0x03,0xFF,0xE0,0x3F,0xFC,0x07,0xFF,0x80,0x1F,
  0xFE,0x01,0xFF,0xE0,0x1F,0xFE,0x00,0xFF,0xF0,0x0F,0xFF,0x00,0xFF,0xF0,0x0F,0xFF,0x80,0x7F,0xF8,0x07,0xFF,0xC0,0x7F,0xF8,
  0x03,0xFF,0xC0,0x3F,0xFE,0x03,0xFF,0xC0,0x1F,0xFE,0x00,0xFF,0xF0,0x3F,0xFE,0x00,0xFF,0xF0,0x07,0xFF,0xC1,0xFF,0xE0,0x07,
  0xFF,0x80,0x3F,0xFE,0x1F,0xFF,0x00,0x3F,0xFC,0x00,0xFF,0xF0,0xFF,0xF8,0x01,0xFF,0xE0,0x07,0xFF,0xC7,0xFF,0xC0,0x0F,0xFF,
  0x00,0x3F,0xFE,0x7F,0xFC,0x00,0x7F,0xF8,0x00,0xFF,0xF3,0xFF,0xE0,0x03,0xFF,0xC0,0x07,0xFF,0xDF,0xFF,0x00,0x1F,0xFE,0x00,
  0x3F,0xFF,0xFF,0xF0,0x00,0xFF,0xF0,0x01,0xFF,0xF0,0x00,0x00,0x03,0xFF,0xE0,0x00,0x00,0x00,0x00,0x3F,0xFF,0xFF,0x00,0x00,
  0x00,0x01,0xFF,0xFF,0xFF,0xC0,0x00,0x00,0x07,0xFF,0xFF,0xFF,0xF0,0x00,0x00,0x1F,0xFF,0xFF,0xFF,0xFC,0x00,0x00,0x3F,0xFF,
  0xFF,0xFF,0xFE,0x00,0x00,0x7F,0xFF,0xFF,0xFF,0xFF,0x80,0x00,0xFF,0xFF,0xFF,0xFF,0xFF,0xC0,0x01,0xFF,0xFF,0xFF,0xFF,0xFF,
  0xC0,0x03,0xFF,0xFF,0xFF,0xFF,0xFF,0xE0,0x07,0xFF,0xFF,0xFF,0xFF,0xFF,0xF0,0x0F,0xFF,0xFF,0x00,0xFF,0xFF,0xF0,0x0F,0xFF,
  0xFC,0x00,0x1F,0xFF,0xF8,0x1F,0xFF,0xF0,0x00,0x0F,0xFF,0xF8,0x1F,0xFF,0xE0,0x00,0x07,0xFF,0xF8,0x3F,0xFF,0xC0,0x00,0x03,
  0xFF,0xFC,0x3F,0xFF,0x80,0x00,0x01,0xFF,0xFC,0x7F,0xFF,0x00,0x00,0x01,0xFF,0xFC,0x7F,0xFF,0x00,0x00,0x01,0xFF,0xFC,0x1F,
  0xFE,0x00,0x00,0x01,0xFF,0xFC,0x01,0xFE,0x00,0x00,0x01,0xFF,0xFC,0x00,0x0E,0x00,0x00,0x01,0xFF,0xF8,0x00,0x00,0x00,0x00,
  0x01,0xFF,0xF8,0x00,0x00,0x00,0x00,0x03,0xFF,0xF8,0x00,0x00,0x00,0x00,0x03,0xFF,0xF0,0x00,0x00,0x00,0x00,0x07,0xFF,0xF0,
  0x00,0x00,0x00,0x00,0x0F,0xFF,0xE0,0x00,0x00,0x00,0x00,0x3F,0xFF,0xE0,0x00,0x00,0x00,0x03,0xFF,0xFF,0xC0,0x00,0x00,0x07,
  0xFF,0xFF,0xFF,0x80,0x00,0x00,0x07,0xFF,0xFF,0xFF,0x00,0x00,0x00,0x07,0xFF,0xFF,0xFC,0x00,0x00,0x00,0x07,0xFF,0xFF,0xF0,
  0x00,0x00,0x00,0x07,0xFF,0xFF,0xC0,0x00,0x00,0x00,0x07,0xFF,0xFF,0x80,0x00,0x00,0x00,0x07,0xFF,0xFF,0xF8,0x00,0x00,0x00,
  0x07,0xFF,0xFF,0xFE,0x00,0x00,0x00,0x07,0xFF,0xFF,0xFF,0x80,0x00,0x00,0x07,0xFF,0xFF,0xFF,0xC0,0x00,0x00,0x07,0xFF,0xFF,
  0xFF,0xE0,0x00,0x00,0x00,0x7F,0xFF,0xFF,0xF0,0x00,0x00,0x00,0x00,0x3F,0xFF,0xF8,0x00,0x00,0x00,0x00,0x07,0xFF,0xFC,0x00,
  0x00,0x00,0x00,0x03,0xFF,0xFC,0x00,0x00,0x00,0x00,0x01,0xFF,0xFE,0x00,0x00,0x00,0x00,0x00,0xFF,0xFE,0x00,0x00,0x00,0x00,
  0x00,0xFF,0xFE,0x00,0x18,0x00,0x00,0x00,0x7F,0xFE,0x00,0xF8,0x00,0x00,0x00,0x7F,0xFF,0x07,0xFC,0x00,0x00,0x00,0x7F,0xFF,
  0x1F,0xFC,0x00,0x00,0x00,0x7F,0xFF,0xFF,0xFE,0x00,0x00,0x00,0x7F,0xFE,0xFF,0xFF,0x00,0x00,0x00,0xFF,0xFE,0xFF,0xFF,0x00,
  0x00,0x00,0xFF,0xFE,0xFF,0xFF,0x80,0x00,0x01,0xFF,0xFE,0x7F,0xFF,0xC0,0x00,0x03,0xFF,0xFE,0x3F,0xFF,0xF0,0x00,0x07,0xFF,
  0xFC,0x3F,0xFF,0xFC,0x00,0x1F,0xFF,0xFC,0x1F,0xFF,0xFF,0xFF,0xFF,0xFF,0xF8,0x0F,0xFF,0xFF,0xFF,0xFF,0xFF,0xF8,0x0F,0xFF,
  0xFF,0xFF,0xFF,0xFF,0xF0,0x07,0xFF,0xFF,0xFF,0xFF,0xFF,0xE0,0x03,0xFF,0xFF,0xFF,0xFF,0xFF,0xC0,0x01,0xFF,0xFF,0xFF,0xFF,
  0xFF,0x80,0x00,0x7F,0xFF,0xFF,0xFF,0xFF,0x00,0x00,0x3F,0xFF,0xFF,0xFF,0xFC,0x00,0x00,0x0F,0xFF,0xFF,0xFF,0xF8,0x00,0x00,
  0x03,0xFF,0xFF,0xFF,0xE0,0x00,0x00,0x00,0x7F,0xFF,0xFF,0x00,0x00,0x00,0x00,0x07,0xFF,0xE0,0x00,0x00,0xFF,0xF8,0x00,0x01,
  0xFF,0xFF,0xFF,0xF8,0x00,0x03,0xFF,0xFF,0xFF,0xF8,0x00,0x03,0xFF,0xFF,0xFF,0xF8,0x00,0x03,0xFF,0xFF,0xFF,0xF8,0x00,0x07,
  0xFF,0xFF,0xFF,0xF8,0x00,0x07,0xFF,0xFF,0xFF,0xF8,0x00,0x07,0xFF,0xFF,0xFF,0xF8,0x00,0x0F,0xFF,0xFF,0xFF,0xF8,0x00,0x0F,
  0xFF,0xFF,0xFF,0xF8,0x00,0x1F,0xFF,0xFF,0xFF,0xF8,0x00,0x1F,0xFF,0xFF,0xFF,0xF8,0x00,0x1F,0xFF,0xFF,0xFF,0xF8,0x00,0x3F,
  0xFF,0xFF,0xFF,0xF8,0x00,0x3F,0xFF,0xFF,0xFF,0xF8,0x00,0x3F,0xFF,0xFF,0xFF,0xF8,0x00,0x7F,0xFF,0xFF,0xFF,0xF8,0x00,0x7F,
  0xFF,0xFF,0xFF,0xF8,0x00,0xFF,0xFF,0xFF,0xFF,0xF8,0x00,0xFF,0xFF,0xFF,0xFF,0xF8,0x00,0xFF,0xFF,0xFF,0xFF,0xF8,0x01,0xFF,
  0xEF,0xFF,0xFF,0xF8,0x01,0xFF,0xEF,0xFF,0xFF,0xF8,0x01,0xFF,0xEF,0xFF,0xFF,0xF8,0x03,0xFF,0xCF,0xFF,0xFF,0xF8,0x03,0xFF,
  0xCF,0xFF,0xFF,0xF8,0x07,0xFF,0x8F,0xFF,0xFF,0xF8,0x07,0xFF,0x8F,0xFF,0xFF,0xF8,0x07,0xFF,0x9F,0xFF,0xFF,0xF8,0x0F,0xFF,
  0x1F,0xFF,0xFF,0xF8,0x0F,0xFF,0x1F,0xFF,0xFF,0xF8,0x0F,0xFF,0x1F,0xFF,0xFF,0xF8,0x1F,0xFE,0x1F,0xFF,0xFF,0xF8,0x1F,0xFE,
  0x1F,0xFF,0xFF,0xF8,0x3F,0xFC,0x1F,0xFF,0xFF,0xF8,0x3F,0xFC,0x1F,0xFF,0xFF,0xF8,0x3F,0xFC,0x1F,0xFF,0xFF,0xF8,0x7F,0xF8,
  0x1F,0xFF,0xFF,0xF8,0x7F,0xF8,0x1F,0xFF,0xFF,0xF8,0x7F,0xF0,0x1F,0xFF,0xFF,0xF8,0xFF,0xF0,0x1F,0xFF,0xFF,0xF8,0xFF,0xF0,
  0x1F,0xFF,0xFF,0xF9,0xFF,0xE0,0x1F,0xFF,0xFF,0xF1,0xFF,0xE0,0x1F,0xFF,0xFF,0xF1,0xFF,0xE0,0x1F,0xFF,0xFF,0xF3,0xFF,0xC0,
  0x1F,0xFF,0xFF,0xF3,0xFF,0xC0,0x1F,0xFF,0xFF,0xF7,0xFF,0x80,0x1F,0xFF,0xFF,0xF7,0xFF,0x80,0x1F,0xFF,0xFF,0xF7,0xFF,0x80,
  0x1F,0xFF,0xFF,0xFF,0xFF,0x00,0x1F,0xFF,0xFF,0xFF,0xFF,0x00,0x1F,0xFF,0xFF,0xFF,0xFF,0x00,0x1F,0xFF,0xFF,0xFF,0xFE,0x00,
  0x1F,0xFF,0xFF,0xFF,0xFE,0x00,0x1F,0xFF,0xFF,0xFF,0xFC,0x00,0x1F,0xFF,0xFF,0xFF,0xFC,0x00,0x1F,0xFF,0xFF,0xFF,0xFC,0x00,
  0x1F,0xFF,0xFF,0xFF,0xF8,0x00,0x1F,0xFF,0xFF,0xFF,0xF8,0x00,0x1F,0xFF,0xFF,0xFF,0xF8,0x00,0x1F,0xFF,0xFF,0xFF,0xF0,0x00,
  0x1F,0xFF,0xFF,0xFF,0xF0,0x00,0x1F,0xFF,0xFF,0xFF,0xE0,0x00,0x1F,0xFF,0xFF,0xFF,0xE0,0x00,0x1F,0xFF,0xFF,0xFF,0xE0,0x00,
  0x1F,0xFF,0xFF,0xFF,0xC0,0x00,0x1F,0xFF,0xFF,0xFF,0xC0,0x00,0x1F,0xFF,0xFF,0xFF,0x80,0x00,0x1F,0xFF,0x1F,0xFE,0x00,0x00,
  0x7F,0xF0,0x1F,0xFE,0x00,0x00,0x7F,0xF0,0x0F,0xFE,0x00,0x00,0x7F,0xF0,0x0F,0xFE,0x00,0x00,0xFF,0xF0,0x0F,0xFF,0x00,0x00,
  0xFF,0xF0,0x0F,0xFF,0x00,0x01,0xFF,0xF0,0x07,0xFF,0x80,0x03,0xFF,0xE0,0x07,0xFF,0xF0,0x0F,0xFF,0xE0,0x03,0xFF,0xFF,0xFF,
  0xFF,0xC0,0x03,0xFF,0xFF,0xFF,0xFF,0x80,0x01,0xFF,0xFF,0xFF,0xFF,0x80,0x00,0xFF,0xFF,0xFF,0xFE,0x00,0x00,0x3F,0xFF,0xFF,
  0xFC,0x00,0x00,0x0F,0xFF,0xFF,0xF0,0x00,0x00,0x00,0xFF,0xFE,0x00,0x00,0x00,0x00,0x00,0x00,0x00,0x00,0x00,0x00,0x00,0x00,
  0x00,0x00,0x00,0x00,0x00,0x00,0x00,0x00,0x00,0x00,0x00,0x00,0x00,0x00,0xFF,0xF8,0x00,0x01,0xFF,0xFF,0xFF,0xF8,0x00,0x03,
  0xFF,0xFF,0xFF,0xF8,0x00,0x03,0xFF,0xFF,0xFF,0xF8,0x00,0x03,0xFF,0xFF,0xFF,0xF8,0x00,0x07,0xFF,0xFF,0xFF,0xF8,0x00,0x07,
  0xFF,0xFF,0xFF,0xF8,0x00,0x07,0xFF,0xFF,0xFF,0xF8,0x00,0x0F,0xFF,0xFF,0xFF,0xF8,0x00,0x0F,0xFF,0xFF,0xFF,0xF8,0x00,0x1F,
  0xFF,0xFF,0xFF,0xF8,0x00,0x1F,0xFF,0xFF,0xFF,0xF8,0x00,0x1F,0xFF,0xFF,0xFF,0xF8,0x00,0x3F,0xFF,0xFF,0xFF,0xF8,0x00,0x3F,
  0xFF,0xFF,0xFF,0xF8,0x00,0x3F,0xFF,0xFF,0xFF,0xF8,0x00,0x7F,0xFF,0xFF,0xFF,0xF8,0x00,0x7F,0xFF,0xFF,0xFF,0xF8,0x00,0xFF,
  0xFF,0xFF,0xFF,0xF8,0x00,0xFF,0xFF,0xFF,0xFF,0xF8,0x00,0xFF,0xFF,0xFF,0xFF,0xF8,0x01,0xFF,0xEF,0xFF,0xFF,0xF8,0x01,0xFF,
  0xEF,0xFF,0xFF,0xF8,0x01,0xFF,0xEF,0xFF,0xFF,0xF8,0x03,0xFF,0xCF,0xFF,0xFF,0xF8,0x03,0xFF,0xCF,0xFF,0xFF,0xF8,0x07,0xFF,
  0x8F,0xFF,0xFF,0xF8,0x07,0xFF,0x8F,0xFF,0xFF,0xF8,0x07,0xFF,0x9F,0xFF,0xFF,0xF8,0x0F,0xFF,0x1F,0xFF,0xFF,0xF8,0x0F,0xFF,
  0x1F,0xFF,0xFF,0xF8,0x0F,0xFF,0x1F,0xFF,0xFF,0xF8,0x1F,0xFE,0x1F,0xFF,0xFF,0xF8,0x1F,0xFE,0x1F,0xFF,0xFF,0xF8,0x3F,0xFC,
  0x1F,0xFF,0xFF,0xF8,0x3F,0xFC,0x1F,0xFF,0xFF,0xF8,0x3F,0xFC,0x1F,0xFF,0xFF,0xF8,0x7F,0xF8,0x1F,0xFF,0xFF,0xF8,0x7F,0xF8,
  0x1F,0xFF,0xFF,0xF8,0x7F,0xF0,0x1F,0xFF,0xFF,0xF8,0xFF,0xF0,0x1F,0xFF,0xFF,0xF8,0xFF,0xF0,0x1F,0xFF,0xFF,0xF9,0xFF,0xE0,
  0x1F,0xFF,0xFF,0xF1,0xFF,0xE0,0x1F,0xFF,0xFF,0xF1,0xFF,0xE0,0x1F,0xFF,0xFF,0xF3,0xFF,0xC0,0x1F,0xFF,0xFF,0xF3,0xFF,0xC0,
  0x1F,0xFF,0xFF,0xF7,0xFF,0x80,0x1F,0xFF,0xFF,0xF7,0xFF,0x80,0x1F,0xFF,0xFF,0xF7,0xFF,0x80,0x1F,0xFF,0xFF,0xFF,0xFF,0x00,
  0x1F,0xFF,0xFF,0xFF,0xFF,0x00,0x1F,0xFF,0xFF,0xFF,0xFF,0x00,0x1F,0xFF,0xFF,0xFF,0xFE,0x00,0x1F,0xFF,0xFF,0xFF,0xFE,0x00,
  0x1F,0xFF,0xFF,0xFF,0xFC,0x00,0x1F,0xFF,0xFF,0xFF,0xFC,0x00,0x1F,0xFF,0xFF,0xFF,0xFC,0x00,0x1F,0xFF,0xFF,0xFF,0xF8,0x00,
  0x1F,0xFF,0xFF,0xFF,0xF8,0x00,0x1F,0xFF,0xFF,0xFF,0xF8,0x00,0x1F,0xFF,0xFF,0xFF,0xF0,0x00,0x1F,0xFF,0xFF,0xFF,0xF0,0x00,
  0x1F,0xFF,0xFF,0xFF,0xE0,0x00,0x1F,0xFF,0xFF,0xFF,0xE0,0x00,0x1F,0xFF,0xFF,0xFF,0xE0,0x00,0x1F,0xFF,0xFF,0xFF,0xC0,0x00,
  0x1F,0xFF,0xFF,0xFF,0xC0,0x00,0x1F,0xFF,0xFF,0xFF,0x80,0x00,0x1F,0xFF,0xFF,0xFE,0x00,0x00,0x07,0xFF,0xFB,0xFF,0xF8,0x00,
  0x00,0x1F,0xFF,0xCF,0xFF,0xE0,0x00,0x00,0xFF,0xFE,0x3F,0xFF,0x80,0x00,0x07,0xFF,0xF8,0xFF,0xFE,0x00,0x00,0x1F,0xFF,0xC3,
  0xFF,0xF8,0x00,0x00,0xFF,0xFF,0x0F,0xFF,0xE0,0x00,0x03,0xFF,0xF8,0x3F,0xFF,0x80,0x00,0x1F,0xFF,0xC0,0xFF,0xFE,0x00,0x00,
  0xFF,0xFF,0x03,0xFF,0xF8,0x00,0x03,0xFF,0xF8,0x0F,0xFF,0xE0,0x00,0x1F,0xFF,0xC0,0x3F,0xFF,0x80,0x00,0x7F,0xFF,0x00,0xFF,
  0xFE,0x00,0x03,0xFF,0xF8,0x03,0xFF,0xF8,0x00,0x1F,0xFF,0xE0,0x0F,0xFF,0xE0,0x00,0x7F,0xFF,0x00,0x3F,0xFF,0x80,0x03,0xFF,
  0xF8,0x00,0xFF,0xFE,0x00,0x0F,0xFF,0xE0,0x03,0xFF,0xF8,0x00,0x7F,0xFF,0x00,0x0F,0xFF,0xE0,0x03,0xFF,0xF8,0x00,0x3F,0xFF,
  0x80,0x0F,0xFF,0xE0,0x00,0xFF,0xFE,0x00,0x7F,0xFF,0x00,0x03,0xFF,0xF8,0x03,0xFF,0xF8,0x00,0x0F,0xFF,0xE0,0x1F,0xFF,0xE0,
  0x00,0x3F,0xFF,0x80,0xFF,0xFF,0x00,0x00,0xFF,0xFE,0x03,0xFF,0xF8,0x00,0x03,0xFF,0xF8,0x3F,0xFF,0xC0,0x00,0x0F,0xFF,0xE1,
  0xFF,0xFF,0x00,0x00,0x3F,0xFF,0x9F,0xFF,0xF8,0x00,0x00,0xFF,0xFF,0xFF,0xFF,0xC0,0x00,0x03,0xFF,0xFF,0xFF,0xFE,0x00,0x00,
  0x0F,0xFF,0xFF,0xFF,0xF0,0x00,0x00,0x3F,0xFF,0xFF,0xFF,0xC0,0x00,0x00,0xFF,0xFF,0xFF,0xFF,0x80,0x00,0x03,0xFF,0xFF,0xFF,
  0xFF,0x00,0x00,0x0F,0xFF,0xFF,0xFF,0xFC,0x00,0x00,0x3F,0xFF,0xFF,0xFF,0xF8,0x00,0x00,0xFF,0xFF,0xFF,0xFF,0xE0,0x00,0x03,
  0xFF,0xFF,0xFF,0xFF,0xC0,0x00,0x0F,0xFF,0xFF,0x7F,0xFF,0x80,0x00,0x3F,0xFF,0xC1,0xFF,0xFE,0x00,0x00,0xFF,0xFE,0x03,0xFF,
  0xFC,0x00,0x03,0xFF,0xF8,0x07,0xFF,0xF0,0x00,0x0F,0xFF,0xE0,0x1F,0xFF,0xE0,0x00,0x3F,0xFF,0x80,0x3F,0xFF,0xC0,0x00,0xFF,
  0xFE,0x00,0xFF,0xFF,0x00,0x03,0xFF,0xF8,0x01,0xFF,0xFE,0x00,0x0F,0xFF,0xE0,0x03,0xFF,0xFC,0x00,0x3F,0xFF,0x80,0x0F,0xFF,
  0xF0,0x00,0xFF,0xFE,0x00,0x1F,0xFF,0xE0,0x03,0xFF,0xF8,0x00,0x7F,0xFF,0x80,0x0F,0xFF,0xE0,0x00,0xFF,0xFF,0x00,0x3F,0xFF,
  0x80,0x03,0xFF,0xFE,0x00,0xFF,0xFE,0x00,0x07,0xFF,0xF8,0x03,0xFF,0xF8,0x00,0x0F,0xFF,0xF0,0x0F,0xFF,0xE0,0x00,0x3F,0xFF,
  0xC0,0x3F,0xFF,0x80,0x00,0x7F,0xFF,0x80,0xFF,0xFE,0x00,0x01,0xFF,0xFF,0x03,0xFF,0xF8,0x00,0x03,0xFF,0xFC,0x0F,0xFF,0xE0,
  0x00,0x0F,0xFF,0xF8,0x3F,0xFF,0x80,0x00,0x1F,0xFF,0xE0,0xFF,0xFE,0x00,0x00,0x3F,0xFF,0xC3,0xFF,0xF8,0x00,0x00,0xFF,0xFF,
  0x8F,0xFF,0xE0,0x00,0x01,0xFF,0xFE,0x3F,0xFF,0x80,0x00,0x07,0xFF,0xFC,0xFF,0xFE,0x00,0x00,0x0F,0xFF,0xF3,0xFF,0xF8,0x00,
  0x00,0x3F,0xFF,0xEF,0xFF,0xE0,0x00,0x00,0x7F,0xFF,0xFF,0xFF,0x80,0x00,0x00,0xFF,0xFF,0x00,0x00,0xFF,0xFF,0xFF,0xFF,0xFC,
  0x00,0x03,0xFF,0xFF,0xFF,0xFF,0xF0,0x00,0x0F,0xFF,0xFF,0xFF,0xFF,0xC0,0x00,0x3F,0xFF,0xFF,0xFF,0xFF,0x00,0x00,0xFF,0xFF,
  0xFF,0xFF,0xFC,0x00,0x07,0xFF,0xFF,0xFF,0xFF,0xF0,0x00,0x1F,0xFF,0xFF,0xFF,0xFF,0xC0,0x00,0x7F,0xFF,0xFF,0xFF,0xFF,0x00,
  0x01,0xFF,0xFF,0xFF,0xFF,0xFC,0x00,0x07,0xFF,0xFF,0xFF,0xFF,0xF0,0x00,0x1F,0xFF,0xFF,0xFF,0xFF,0xC0,0x00,0x7F,0xFF,0xFF,
  0xFF,0xFF,0x00,0x01,0xFF,0xFC,0x00,0xFF,0xFC,0x00,0x0F,0xFF,0xE0,0x03,0xFF,0xF0,0x00,0x3F,0xFF,0x80,0x0F,0xFF,0xC0,0x00,
  0xFF,0xFE,0x00,0x3F,0xFF,0x00,0x03,0xFF,0xF8,0x00,0xFF,0xFC,0x00,0x0F,0xFF,0xE0,0x03,0xFF,0xF0,0x00,0x3F,0xFF,0x80,0x0F,
  0xFF,0xC0,0x00,0xFF,0xFC,0x00,0x3F,0xFF,0x00,0x03,0xFF,0xF0,0x00,0xFF,0xFC,0x00,0x1F,0xFF,0xC0,0x03,0xFF,0xF0,0x00,0x7F,
  0xFF,0x00,0x0F,0xFF,0xC0,0x01,0xFF,0xFC,0x00,0x3F,0xFF,0x00,0x07,0xFF,0xF0,0x00,0xFF,0xFC,0x00,0x1F,0xFF,0xC0,0x03,0xFF,
  0xF0,0x00,0x7F,0xFF,0x00,0x0F,0xFF,0xC0,0x01,0xFF,0xF8,0x00,0x3F,0xFF,0x00,0x0F,0xFF,0xE0,0x00,0xFF,0xFC,0x00,0x3F,0xFF,
  0x80,0x03,0xFF,0xF0,0x00,0xFF,0xFE,0x00,0x0F,0xFF,0xC0,0x03,0xFF,0xF8,0x00,0x3F,0xFF,0x00,0x0F,0xFF,0xE0,0x00,0xFF,0xFC,
  0x00,0x3F,0xFF,0x80,0x03,0xFF,0xF0,0x00,0xFF,0xFE,0x00,0x0F,0xFF,0xC0,0x07,0xFF,0xF0,0x00,0x3F,0xFF,0x00,0x1F,0xFF,0xC0,
  0x00,0xFF,0xFC,0x00,0x7F,0xFF,0x00,0x03,0xFF,0xF0,0x01,0xFF,0xFC,0x00,0x0F,0xFF,0xC0,0x07,0xFF,0xF0,0x00,0x3F,0xFF,0x00,
  0x3F,0xFF,0xC0,0x00,0xFF,0xFC,0x00,0xFF,0xFE,0x00,0x03,0xFF,0xF0,0x03,0xFF,0xF8,0x00,0x0F,0xFF,0xC0,0x0F,0xFF,0xE0,0x00,
  0x3F,0xFF,0x00,0x3F,0xFF,0x80,0x00,0xFF,0xFC,0x01,0xFF,0xFE,0x00,0x03,0xFF,0xF0,0x07,0xFF,0xF0,0x00,0x0F,0xFF,0xC0,0x1F,
  0xFF,0xC0,0x00,0x3F,0xFF,0x00,0x7F,0xFF,0x00,0x00,0xFF,0xFC,0x03,0xFF,0xFC,0x00,0x03,0xFF,0xF0,0x0F,0xFF,0xF0,0x00,0x0F,
  0xFF,0xC0,0x7F,0xFF,0x80,0x00,0x3F,0xFF,0x01,0xFF,0xFE,0x00,0x00,0xFF,0xFC,0x0F,0xFF,0xF8,0x00,0x03,0xFF,0xF0,0x3F,0xFF,
  0xC0,0x00,0x0F,0xFF,0xC3,0xFF,0xFF,0x00,0x00,0x3F,0xFF,0xFF,0xFF,0xFC,0x00,0x00,0xFF,0xFF,0xFF,0xFF,0xE0,0x00,0x03,0xFF,
  0xFF,0xFF,0xFF,0x80,0x00,0x0F,0xFF,0xFF,0xFF,0xFC,0x00,0x00,0x3F,0xFF,0xFF,0xFF,0xF0,0x00,0x00,0xFF,0xFF,0xFF,0xFF,0x80,
  0x00,0x03,0xFF,0xFF,0xFF,0xFE,0x00,0x00,0x0F,0xFF,0xFF,0xFF,0xF0,0x00,0x00,0x3F,0xFF,0xFF,0xFF,0x80,0x00,0x00,0xFF,0xFF,
  0xFF,0xFC,0x00,0x00,0x03,0xFF,0xFF,0xFF,0xE0,0x00,0x00,0x0F,0xFF,0xFF,0xFE,0x00,0x00,0x00,0x3F,0xFF,0xFF,0xC0,0x00,0x00,
  0x00,0x00,0x00,0xFF,0xFF,0xC0,0x00,0x1F,0xFF,0xFF,0xFF,0xFC,0x00,0x01,0xFF,0xFF,0xFF,0xFF,0xC0,0x00,0x3F,0xFF,0xFF,0xFF,
  0xFC,0x00,0x03,0xFF,0xFF,0xFF,0xFF,0xE0,0x00,0x3F,0xFF,0xFF,0xFF,0xFE,0x00,0x07,0xFF,0xFF,0xFF,0xFF,0xE0,0x00,0x7F,0xFF,
  0xFF,0xFF,0xFF,0x00,0x07,0xFF,0xFF,0xFF,0xFF,0xF0,0x00,0x7F,0xFF,0xFF,0xFF,0xFF,0x00,0x0F,0xFF,0xFF,0xFF,0xFF,0xF0,0x00,
  0xFF,0xFF,0xFF,0xFF,0xFF,0x80,0x0F,0xFF,0xFF,0xFF,0xFF,0xF8,0x00,0xFF,0xFF,0xFF,0xFF,0xFF,0x80,0x1F,0xFF,0xFF,0xFF,0xFF,
  0xF8,0x01,0xFF,0x7F,0xFF,0xFE,0xFF,0xC0,0x1F,0xF7,0xFF,0xFF,0xEF,0xFC,0x03,0xFF,0x7F,0xFF,0xFE,0xFF,0xC0,0x3F,0xF7,0xFF,
  0xFF,0xEF,0xFC,0x03,0xFF,0x7F,0xFF,0xFE,0xFF,0xE0,0x3F,0xE7,0xFF,0xFF,0xE7,0xFE,0x07,0xFE,0x7F,0xFF,0xFE,0x7F,0xE0,0x7F,
  0xE7,0xFF,0xFF,0xE7,0xFF,0x07,0xFE,0x7F,0xFF,0xFE,0x7F,0xF0,0x7F,0xC7,0xFF,0xFF,0xE3,0xFF,0x0F,0xFC,0x7F,0xFF,0xFE,0x3F,
  0xF0,0xFF,0xC7,0xFF,0xFF,0xE3,0xFF,0x8F,0xFC,0x7F,0xFF,0xFE,0x3F,0xF8,0xFF,0x87,0xFF,0xFF,0xE1,0xFF,0x9F,0xF8,0x7F,0xFF,
  0xFE,0x1F,0xF9,0xFF,0x87,0xFF,0xFF,0xE1,0xFF,0x9F,0xF8,0x7F,0xFF,0xFE,0x1F,0xF9,0xFF,0x07,0xFF,0xFF,0xE0,0xFF,0xDF,0xF0,
  0x7F,0xFF,0xFE,0x0F,0xFD,0xFF,0x07,0xFF,0xFF,0xE0,0xFF,0xFF,0xF0,0x7F,0xFF,0xFE,0x07,0xFF,0xFE,0x07,0xFF,0xFF,0xE0,0x7F,
  0xFF,0xE0,0x7F,0xFF,0xFE,0x07,0xFF,0xFE,0x07,0xFF,0xFF,0xE0,0x7F,0xFF,0xE0,0x7F,0xFF,0xFE,0x03,0xFF,0xFC,0x07,0xFF,0xFF,
  0xE0,0x3F,0xFF,0xC0,0x7F,0xFF,0xFE,0x03,0xFF,0xFC,0x07,0xFF,0xFF,0xE0,0x3F,0xFF,0xC0,0x7F,0xFF,0xFE,0x01,0xFF,0xF8,0x07,
  0xFF,0xFF,0xE0,0x1F,0xFF,0x80,0x7F,0xFF,0xFE,0x01,0xFF,0xF8,0x07,0xFF,0xFF,0xE0,0x1F,0xFF,0x00,0x7F,0xFF,0xFE,0x00,0xFF,
  0xF0,0x07,0xFF,0xFF,0xE0,0x0F,0xFF,0x00,0x7F,0xFF,0xFE,0x00,0xFF,0xF0,0x07,0xFF,0xFF,0xE0,0x00,0x00,0x00,0x7F,0xFF,0xFE,
  0x00,0x00,0x00,0x07,0xFF,0xFF,0xE0,0x00,0x00,0x00,0x7F,0xFF,0xFE,0x00,0x00,0x00,0x07,0xFF,0xFF,0xE0,0x00,0x00,0x00,0x7F,
  0xFF,0xFE,0x00,0x00,0x00,0x07,0xFF,0xFF,0xE0,0x00,0x00,0x00,0x7F,0xFF,0xFE,0x00,0x00,0x00,0x07,0xFF,0xFF,0xE0,0x00,0x00,
  0x00,0x7F,0xFF,0xFE,0x00,0x00,0x00,0x07,0xFF,0xFF,0xE0,0x00,0x00,0x00,0x7F,0xFF,0xFE,0x00,0x00,0x00,0x07,0xFF,0xFF,0xE0,
  0x00,0x00,0x00,0x7F,0xFF,0xFE,0x00,0x00,0x00,0x07,0xFF,0xFF,0xE0,0x00,0x00,0x00,0x7F,0xFF,0xFE,0x00,0x00,0x00,0x07,0xFF,
  0xFF,0xE0,0x00,0x00,0x00,0x7F,0xFF,0xFE,0x00,0x00,0x00,0x07,0xFF,0xFF,0xFE,0x00,0x00,0x7F,0xFF,0xFF,0xFE,0x00,0x00,0x7F,
  0xFF,0xFF,0xFE,0x00,0x00,0x7F,0xFF,0xFF,0xFE,0x00,0x00,0x7F,0xFF,0xFF,0xFE,0x00,0x00,0x7F,0xFF,0xFF,0xFE,0x00,0x00,0x7F,
  0xFF,0xFF,0xFE,0x00,0x00,0x7F,0xFF,0xFF,0xFE,0x00,0x00,0x7F,0xFF,0xFF,0xFE,0x00,0x00,0x7F,0xFF,0xFF,0xFE,0x00,0x00,0x7F,
  0xFF,0xFF,0xFE,0x00,0x00,0x7F,0xFF,0xFF,0xFE,0x00,0x00,0x7F,0xFF,0xFF,0xFE,0x00,0x00,0x7F,0xFF,0xFF,0xFE,0x00,0x00,0x7F,
  0xFF,0xFF,0xFE,0x00,0x00,0x7F,0xFF,0xFF,0xFE,0x00,0x00,0x7F,0xFF,0xFF,0xFE,0x00,0x00,0x7F,0xFF,0xFF,0xFE,0x00,0x00,0x7F,
  0xFF,0xFF,0xFE,0x00,0x00,0x7F,0xFF,0xFF,0xFE,0x00,0x00,0x7F,0xFF,0xFF,0xFE,0x00,0x00,0x7F,0xFF,0xFF,0xFE,0x00,0x00,0x7F,
  0xFF,0xFF,0xFE,0x00,0x00,0x7F,0xFF,0xFF,0xFE,0x00,0x00,0x7F,0xFF,0xFF,0xFE,0x00,0x00,0x7F,0xFF,0xFF,0xFE,0x00,0x00,0x7F,
  0xFF,0xFF,0xFE,0x00,0x00,0x7F,0xFF,0xFF,0xFF,0xFF,0xFF,0xFF,0xFF,0xFF,0xFF,0xFF,0xFF,0xFF,0xFF,0xFF,0xFF,0xFF,0xFF,0xFF,
  0xFF,0xFF,0xFF,0xFF,0xFF,0xFF,0xFF,0xFF,0xFF,0xFF,0xFF,0xFF,0xFF,0xFF,0xFF,0xFF,0xFF,0xFF,0xFF,0xFF,0xFF,0xFF,0xFF,0xFF,
  0xFF,0xFF,0xFF,0xFF,0xFF,0xFF,0xFF,0xFF,0xFF,0xFF,0xFF,0xFF,0xFF,0xFF,0xFF,0xFF,0xFF,0xFF,0xFF,0xFF,0xFF,0xFF,0xFF,0xFF,
  0xFF,0xFF,0xFF,0xFF,0xFF,0xFF,0xFF,0xFF,0xFE,0x00,0x00,0x7F,0xFF,0xFF,0xFE,0x00,0x00,0x7F,0xFF,0xFF,0xFE,0x00,0x00,0x7F,
  0xFF,0xFF,0xFE,0x00,0x00,0x7F,0xFF,0xFF,0xFE,0x00,0x00,0x7F,0xFF,0xFF,0xFE,0x00,0x00,0x7F,0xFF,0xFF,0xFE,0x00,0x00,0x7F,
  0xFF,0xFF,0xFE,0x00,0x00,0x7F,0xFF,0xFF,0xFE,0x00,0x00,0x7F,0xFF,0xFF,0xFE,0x00,0x00,0x7F,0xFF,0xFF,0xFE,0x00,0x00,0x7F,
  0xFF,0xFF,0xFE,0x00,0x00,0x7F,0xFF,0xFF,0xFE,0x00,0x00,0x7F,0xFF,0xFF,0xFE,0x00,0x00,0x7F,0xFF,0xFF,0xFE,0x00,0x00,0x7F,
  0xFF,0xFF,0xFE,0x00,0x00,0x7F,0xFF,0xFF,0xFE,0x00,0x00,0x7F,0xFF,0xFF,0xFE,0x00,0x00,0x7F,0xFF,0xFF,0xFE,0x00,0x00,0x7F,
  0xFF,0xFF,0xFE,0x00,0x00,0x7F,0xFF,0xFF,0xFE,0x00,0x00,0x7F,0xFF,0xFF,0xFE,0x00,0x00,0x7F,0xFF,0xFF,0xFE,0x00,0x00,0x7F,
  0xFF,0xFF,0xFE,0x00,0x00,0x7F,0xFF,0xFF,0xFE,0x00,0x00,0x7F,0xFF,0xFF,0xFE,0x00,0x00,0x7F,0xFF,0xFF,0xFE,0x00,0x00,0x7F,
  0xFF,0xFF,0xFE,0x00,0x00,0x7F,0xFF,0xFF,0xFE,0x00,0x00,0x7F,0xFF,0x00,0x00,0x07,0xFF,0x80,0x00,0x00,0x00,0x01,0xFF,0xFF,
  0xE0,0x00,0x00,0x00,0x1F,0xFF,0xFF,0xE0,0x00,0x00,0x01,0xFF,0xFF,0xFF,0xE0,0x00,0x00,0x1F,0xFF,0xFF,0xFF,0xE0,0x00,0x00,
  0xFF,0xFF,0xFF,0xFF,0xC0,0x00,0x07,0xFF,0xFF,0xFF,0xFF,0x80,0x00,0x3F,0xFF,0xFF,0xFF,0xFF,0x00,0x01,0xFF,0xFF,0xFF,0xFF,
  0xFE,0x00,0x0F,0xFF,0xFF,0xFF,0xFF,0xFC,0x00,0x7F,0xFF,0xFF,0xFF,0xFF,0xF0,0x01,0xFF,0xFF,0xFF,0xFF,0xFF,0xE0,0x0F,0xFF,
  0xFE,0x01,0xFF,0xFF,0xC0,0x3F,0xFF,0xE0,0x01,0xFF,0xFF,0x01,0xFF,0xFF,0x00,0x03,0xFF,0xFE,0x07,0xFF,0xF8,0x00,0x07,0xFF,
  0xF8,0x3F,0xFF,0xC0,0x00,0x1F,0xFF,0xF0,0xFF,0xFF,0x00,0x00,0x3F,0xFF,0xC3,0xFF,0xF8,0x00,0x00,0x7F,0xFF,0x1F,0xFF,0xE0,
  0x00,0x01,0xFF,0xFC,0x7F,0xFF,0x80,0x00,0x07,0xFF,0xF9,0xFF,0xFC,0x00,0x00,0x0F,0xFF,0xE7,0xFF,0xF0,0x00,0x00,0x3F,0xFF,
  0xBF,0xFF,0xC0,0x00,0x00,0xFF,0xFE,0xFF,0xFF,0x00,0x00,0x03,0xFF,0xFB,0xFF,0xF8,0x00,0x00,0x0F,0xFF,0xFF,0xFF,0xE0,0x00,
  0x00,0x1F,0xFF,0xFF,0xFF,0x80,0x00,0x00,0x7F,0xFF,0xFF,0xFE,0x00,0x00,0x01,0xFF,0xFF,0xFF,0xF8,0x00,0x00,0x07,0xFF,0xFF,
  0xFF,0xE0,0x00,0x00,0x1F,0xFF,0xFF,0xFF,0x80,0x00,0x00,0x7F,0xFF,0xFF,0xFE,0x00,0x00,0x01,0xFF,0xFF,0xFF,0xF8,0x00,0x00,
  0x07,0xFF,0xFF,0xFF,0xE0,0x00,0x00,0x1F,0xFF,0xFF,0xFF,0x80,0x00,0x00,0x7F,0xFF,0xFF,0xFE,0x00,0x00,0x01,0xFF,0xFF,0xFF,
  0xF8,0x00,0x00,0x07,0xFF,0xFF,0xFF,0xE0,0x00,0x00,0x1F,0xFF,0xFF,0xFF,0x80,0x00,0x00,0x7F,0xFF,0xFF,0xFE,0x00,0x00,0x01,
  0xFF,0xFF,0xFF,0xF8,0x00,0x00,0x07,0xFF,0xFF,0xFF,0xE0,0x00,0x00,0x1F,0xFF,0xFF,0xFF,0x80,0x00,0x00,0x7F,0xFF,0xFF,0xFE,
  0x00,0x00,0x03,0xFF,0xFF,0xFF,0xFC,0x00,0x00,0x0F,0xFF,0xE7,0xFF,0xF0,0x00,0x00,0x3F,0xFF,0x9F,0xFF,0xC0,0x00,0x00,0xFF,
  0xFE,0x7F,0xFF,0x00,0x00,0x07,0xFF,0xF9,0xFF,0xFE,0x00,0x00,0x1F,0xFF,0xE7,0xFF,0xF8,0x00,0x00,0x7F,0xFF,0x0F,0xFF,0xE0,
  0x00,0x03,0xFF,0xFC,0x3F,0xFF,0xC0,0x00,0x0F,0xFF,0xF0,0xFF,0xFF,0x00,0x00,0x7F,0xFF,0x81,0xFF,0xFE,0x00,0x01,0xFF,0xFE,
  0x07,0xFF,0xFC,0x00,0x0F,0xFF,0xF8,0x0F,0xFF,0xF8,0x00,0x7F,0xFF,0xC0,0x3F,0xFF,0xF8,0x07,0xFF,0xFF,0x00,0x7F,0xFF,0xFF,
  0xFF,0xFF,0xF8,0x01,0xFF,0xFF,0xFF,0xFF,0xFF,0xC0,0x03,0xFF,0xFF,0xFF,0xFF,0xFF,0x00,0x07,0xFF,0xFF,0xFF,0xFF,0xF8,0x00,
  0x0F,0xFF,0xFF,0xFF,0xFF,0xC0,0x00,0x1F,0xFF,0xFF,0xFF,0xFE,0x00,0x00,0x3F,0xFF,0xFF,0xFF,0xF0,0x00,0x00,0x7F,0xFF,0xFF,
  0xFF,0x80,0x00,0x00,0x7F,0xFF,0xFF,0xF8,0x00,0x00,0x00,0x7F,0xFF,0xFF,0x80,0x00,0x00,0x00,0x7F,0xFF,0xF8,0x00,0x00,0x00,
  0x00,0x1F,0xFE,0x00,0x00,0x00,0xFF,0xFF,0xFF,0xFF,0xFF,0xFF,0xFF,0xFF,0xFF,0xFF,0xFF,0xFF,0xFF,0xFF,0xFF,0xFF,0xFF,0xFF,
  0xFF,0xFF,0xFF,0xFF,0xFF,0xFF,0xFF,0xFF,0xFF,0xFF,0xFF,0xFF,0xFF,0xFF,0xFF,0xFF,0xFF,0xFF,0xFF,0xFF,0xFF,0xFF,0xFF,0xFF,
  0xFF,0xFF,0xFF,0xFF,0xFF,0xFF,0xFF,0xFF,0xFF,0xFF,0xFF,0xFF,0xFF,0xFF,0xFF,0xFF,0xFF,0xFF,0xFF,0xFF,0xFF,0xFF,0xFF,0xFF,
  0xFF,0xFF,0xFF,0xFF,0xFF,0xFF,0xFF,0xFE,0x00,0x00,0x7F,0xFF,0xFF,0xFE,0x00,0x00,0x7F,0xFF,0xFF,0xFE,0x00,0x00,0x7F,0xFF,
  0xFF,0xFE,0x00,0x00,0x7F,0xFF,0xFF,0xFE,0x00,0x00,0x7F,0xFF,0xFF,0xFE,0x00,0x00,0x7F,0xFF,0xFF,0xFE,0x00,0x00,0x7F,0xFF,
  0xFF,0xFE,0x00,0x00,0x7F,0xFF,0xFF,0xFE,0x00,0x00,0x7F,0xFF,0xFF,0xFE,0x00,0x00,0x7F,0xFF,0xFF,0xFE,0x00,0x00,0x7F,0xFF,
  0xFF,0xFE,0x00,0x00,0x7F,0xFF,0xFF,0xFE,0x00,0x00,0x7F,0xFF,0xFF,0xFE,0x00,0x00,0x7F,0xFF,0xFF,0xFE,0x00,0x00,0x7F,0xFF,
  0xFF,0xFE,0x00,0x00,0x7F,0xFF,0xFF,0xFE,0x00,0x00,0x7F,0xFF,0xFF,0xFE,0x00,0x00,0x7F,0xFF,0xFF,0xFE,0x00,0x00,0x7F,0xFF,
  0xFF,0xFE,0x00,0x00,0x7F,0xFF,0xFF,0xFE,0x00,0x00,0x7F,0xFF,0xFF,0xFE,0x00,0x00,0x7F,0xFF,0xFF,0xFE,0x00,0x00,0x7F,0xFF,
  0xFF,0xFE,0x00,0x00,0x7F,0xFF,0xFF,0xFE,0x00,0x00,0x7F,0xFF,0xFF,0xFE,0x00,0x00,0x7F,0xFF,0xFF,0xFE,0x00,0x00,0x7F,0xFF,
  0xFF,0xFE,0x00,0x00,0x7F,0xFF,0xFF,0xFE,0x00,0x00,0x7F,0xFF,0xFF,0xFE,0x00,0x00,0x7F,0xFF,0xFF,0xFE,0x00,0x00,0x7F,0xFF,
  0xFF,0xFE,0x00,0x00,0x7F,0xFF,0xFF,0xFE,0x00,0x00,0x7F,0xFF,0xFF,0xFE,0x00,0x00,0x7F,0xFF,0xFF,0xFE,0x00,0x00,0x7F,0xFF,
  0xFF,0xFE,0x00,0x00,0x7F,0xFF,0xFF,0xFE,0x00,0x00,0x7F,0xFF,0xFF,0xFE,0x00,0x00,0x7F,0xFF,0xFF,0xFE,0x00,0x00,0x7F,0xFF,
  0xFF,0xFE,0x00,0x00,0x7F,0xFF,0xFF,0xFE,0x00,0x00,0x7F,0xFF,0xFF,0xFE,0x00,0x00,0x7F,0xFF,0xFF,0xFE,0x00,0x00,0x7F,0xFF,
  0xFF,0xFE,0x00,0x00,0x7F,0xFF,0xFF,0xFE,0x00,0x00,0x7F,0xFF,0xFF,0xFE,0x00,0x00,0x7F,0xFF,0xFF,0xFE,0x00,0x00,0x7F,0xFF,
  0xFF,0xFE,0x00,0x00,0x7F,0xFF,0xFF,0xFE,0x00,0x00,0x7F,0xFF,0xFF,0xFE,0x00,0x00,0x7F,0xFF,0xFF,0xFE,0x00,0x00,0x7F,0xFF,
  0xFF,0xFE,0x00,0x00,0x7F,0xFF,0xFF,0xFE,0x00,0x00,0x7F,0xFF,0xFF,0xFE,0x00,0x00,0x7F,0xFF,0xFF,0xFE,0x00,0x00,0x7F,0xFF,
  0xFF,0xFE,0x00,0x00,0x7F,0xFF,0xFF,0xFF,0xFF,0xFF,0x00,0x00,0x3F,0xFF,0xFF,0xFF,0xFC,0x00,0x0F,0xFF,0xFF,0xFF,0xFF,0xE0,
  0x03,0xFF,0xFF,0xFF,0xFF,0xFE,0x00,0xFF,0xFF,0xFF,0xFF,0xFF,0xC0,0x3F,0xFF,0xFF,0xFF,0xFF,0xFC,0x0F,0xFF,0xFF,0xFF,0xFF,
  0xFF,0x83,0xFF,0xFF,0xFF,0xFF,0xFF,0xF0,0xFF,0xFF,0xFF,0xFF,0xFF,0xFE,0x3F,0xFF,0xFF,0xFF,0xFF,0xFF,0x8F,0xFF,0xFF,0xFF,
  0xFF,0xFF,0xF3,0xFF,0xFF,0xFF,0xFF,0xFF,0xFC,0xFF,0xFE,0x00,0x07,0xFF,0xFF,0xBF,0xFF,0x80,0x00,0x7F,0xFF,0xEF,0xFF,0xE0,
  0x00,0x07,0xFF,0xFF,0xFF,0xF8,0x00,0x00,0xFF,0xFF,0xFF,0xFE,0x00,0x00,0x3F,0xFF,0xFF,0xFF,0x80,0x00,0x07,0xFF,0xFF,0xFF,
  0xE0,0x00,0x01,0xFF,0xFF,0xFF,0xF8,0x00,0x00,0x7F,0xFF,0xFF,0xFE,0x00,0x00,0x1F,0xFF,0xFF,0xFF,0x80,0x00,0x07,0xFF,0xFF,
  0xFF,0xE0,0x00,0x01,0xFF,0xFF,0xFF,0xF8,0x00,0x00,0x7F,0xFF,0xFF,0xFE,0x00,0x00,0x1F,0xFF,0xFF,0xFF,0x80,0x00,0x07,0xFF,
  0xFF,0xFF,0xE0,0x00,0x01,0xFF,0xFF,0xFF,0xF8,0x00,0x00,0xFF,0xFF,0xFF,0xFE,0x00,0x00,0x7F,0xFF,0xFF,0xFF,0x80,0x00,0x1F,
  0xFF,0xEF,0xFF,0xE0,0x00,0x1F,0xFF,0xFB,0xFF,0xF8,0x00,0x1F,0xFF,0xFC,0xFF,0xFE,0x01,0xFF,0xFF,0xFF,0x3F,0xFF,0xFF,0xFF,
  0xFF,0xFF,0x8F,0xFF,0xFF,0xFF,0xFF,0xFF,0xE3,0xFF,0xFF,0xFF,0xFF,0xFF,0xF0,0xFF,0xFF,0xFF,0xFF,0xFF,0xF8,0x3F,0xFF,0xFF,
  0xFF,0xFF,0xFC,0x0F,0xFF,0xFF,0xFF,0xFF,0xFE,0x03,0xFF,0xFF,0xFF,0xFF,0xFF,0x00,0xFF,0xFF,0xFF,0xFF,0xFF,0x00,0x3F,0xFF,
  0xFF,0xFF,0xFF,0x00,0x0F,0xFF,0xFF,0xFF,0xFE,0x00,0x03,0xFF,0xFF,0xFF,0xF8,0x00,0x00,0xFF,0xFE,0x00,0x00,0x00,0x00,0x3F,
  0xFF,0x80,0x00,0x00,0x00,0x0F,0xFF,0xE0,0x00,0x00,0x00,0x03,0xFF,0xF8,0x00,0x00,0x00,0x00,0xFF,0xFE,0x00,0x00,0x00,0x00,
  0x3F,0xFF,0x80,0x00,0x00,0x00,0x0F,0xFF,0xE0,0x00,0x00,0x00,0x03,0xFF,0xF8,0x00,0x00,0x00,0x00,0xFF,0xFE,0x00,0x00,0x00,
  0x00,0x3F,0xFF,0x80,0x00,0x00,0x00,0x0F,0xFF,0xE0,0x00,0x00,0x00,0x03,0xFF,0xF8,0x00,0x00,0x00,0x00,0xFF,0xFE,0x00,0x00,
  0x00,0x00,0x3F,0xFF,0x80,0x00,0x00,0x00,0x0F,0xFF,0xE0,0x00,0x00,0x00,0x03,0xFF,0xF8,0x00,0x00,0x00,0x00,0xFF,0xFE,0x00,
  0x00,0x00,0x00,0x3F,0xFF,0x80,0x00,0x00,0x00,0x0F,0xFF,0xE0,0x00,0x00,0x00,0x03,0xFF,0xF8,0x00,0x00,0x00,0x00,0xFF,0xFE,
  0x00,0x00,0x00,0x00,0x3F,0xFF,0x80,0x00,0x00,0x00,0x0F,0xFF,0xE0,0x00,0x00,0x00,0x03,0xFF,0xF8,0x00,0x00,0x00,0x00,0x00,
  0x00,0x03,0xFF,0xC0,0x00,0x00,0x00,0x00,0x7F,0xFF,0xF8,0x00,0x00,0x00,0x07,0xFF,0xFF,0xFC,0x00,0x00,0x00,0x3F,0xFF,0xFF,
  0xFE,0x00,0x00,0x00,0xFF,0xFF,0xFF,0xFF,0x00,0x00,0x07,0xFF,0xFF,0xFF,0xFF,0x00,0x00,0x1F,0xFF,0xFF,0xFF,0xFF,0x00,0x00,
  0x7F,0xFF,0xFF,0xFF,0xFF,0x00,0x01,0xFF,0xFF,0xFF,0xFF,0xFF,0x00,0x07,0xFF,0xFF,0xFF,0xFF,0xFF,0x00,0x0F,0xFF,0xFF,0xFF,
  0xFF,0xFE,0x00,0x3F,0xFF,0xFF,0xFF,0xFF,0xFE,0x00,0x7F,0xFF,0xF0,0x0F,0xFF,0xFE,0x01,0xFF,0xFF,0x80,0x07,0xFF,0xFC,0x03,
  0xFF,0xFE,0x00,0x07,0xFF,0xFC,0x0F,0xFF,0xF8,0x00,0x07,0xFF,0xF8,0x1F,0xFF,0xE0,0x00,0x07,0xFF,0xF0,0x7F,0xFF,0xC0,0x00,
  0x07,0xFF,0xF0,0xFF,0xFF,0x00,0x00,0x0F,0xFF,0xE1,0xFF,0xFE,0x00,0x00,0x0F,0xFF,0xC3,0xFF,0xF8,0x00,0x00,0x1F,0xFC,0x0F,
  0xFF,0xF0,0x00,0x00,0x3F,0x80,0x1F,0xFF,0xE0,0x00,0x00,0x30,0x00,0x3F,0xFF,0x80,0x00,0x00,0x00,0x00,0x7F,0xFF,0x00,0x00,
  0x00,0x00,0x00,0xFF,0xFE,0x00,0x00,0x00,0x00,0x03,0xFF,0xFC,0x00,0x00,0x00,0x00,0x07,0xFF,0xF8,0x00,0x00,0x00,0x00,0x0F,
  0xFF,0xE0,0x00,0x00,0x00,0x00,0x1F,0xFF,0xC0,0x00,0x00,0x00,0x00,0x3F,0xFF,0x80,0x00,0x00,0x00,0x00,0x7F,0xFF,0x00,0x00,
  0x00,0x00,0x00,0xFF,0xFE,0x00,0x00,0x00,0x00,0x01,0xFF,0xFC,0x00,0x00,0x00,0x00,0x03,0xFF,0xF8,0x00,0x00,0x00,0x00,0x07,
  0xFF,0xF0,0x00,0x00,0x00,0x00,0x0F,0xFF,0xE0,0x00,0x00,0x00,0x00,0x1F,0xFF,0xC0,0x00,0x00,0x00,0x00,0x3F,0xFF,0x80,0x00,
  0x00,0x00,0x00,0x7F,0xFF,0x00,0x00,0x00,0x00,0x00,0xFF,0xFE,0x00,0x00,0x00,0x00,0x01,0xFF,0xFE,0x00,0x00,0x00,0x00,0x03,
  0xFF,0xFC,0x00,0x00,0x00,0x00,0x03,0xFF,0xF8,0x00,0x00,0x00,0x00,0x07,0xFF,0xF0,0x00,0x00,0x00,0x00,0x0F,0xFF,0xE0,0x00,
  0x00,0x00,0x00,0x1F,0xFF,0xC0,0x00,0x00,0x1C,0x00,0x3F,0xFF,0xC0,0x00,0x00,0x3F,0xC0,0x7F,0xFF,0x80,0x00,0x00,0xFF,0xFC,
  0x7F,0xFF,0x00,0x00,0x01,0xFF,0xFC,0xFF,0xFF,0x00,0x00,0x07,0xFF,0xF1,0xFF,0xFE,0x00,0x00,0x0F,0xFF,0xE1,0xFF,0xFE,0x00,
  0x00,0x3F,0xFF,0xC3,0xFF,0xFE,0x00,0x00,0x7F,0xFF,0x07,0xFF,0xFC,0x00,0x01,0xFF,0xFE,0x07,0xFF,0xFC,0x00,0x07,0xFF,0xF8,
  0x0F,0xFF,0xFE,0x00,0x1F,0xFF,0xF0,0x0F,0xFF,0xFF,0x00,0xFF,0xFF,0xC0,0x0F,0xFF,0xFF,0xFF,0xFF,0xFF,0x80,0x1F,0xFF,0xFF,
  0xFF,0xFF,0xFE,0x00,0x1F,0xFF,0xFF,0xFF,0xFF,0xF8,0x00,0x1F,0xFF,0xFF,0xFF,0xFF,0xE0,0x00,0x1F,0xFF,0xFF,0xFF,0xFF,0x80,
  0x00,0x1F,0xFF,0xFF,0xFF,0xFE,0x00,0x00,0x1F,0xFF,0xFF,0xFF,0xF8,0x00,0x00,0x1F,0xFF,0xFF,0xFF,0xE0,0x00,0x00,0x0F,0xFF,
  0xFF,0xFF,0x80,0x00,0x00,0x07,0xFF,0xFF,0xFC,0x00,0x00,0x00,0x03,0xFF,0xFF,0xC0,0x00,0x00,0x00,0x00,0x7F,0xFC,0x00,0x00,
  0x00,0xFF,0xFF,0xFF,0xFF,0xFF,0xFF,0xFF,0xFF,0xFF,0xFF,0xFF,0xFF,0xFF,0xFF,0xFF,0xFF,0xFF,0xFF,0xFF,0xFF,0xFF,0xFF,0xFF,
  0xFF,0xFF,0xFF,0xFF,0xFF,0xFF,0xFF,0xFF,0xFF,0xFF,0xFF,0xFF,0xFF,0xFF,0xFF,0xFF,0xFF,0xFF,0xFF,0xFF,0xFF,0xFF,0xFF,0xFF,
  0xFF,0xFF,0xFF,0xFF,0xFF,0xFF,0xFF,0xFF,0xFF,0xFF,0xFF,0xFF,0xFF,0xFF,0xFF,0xFF,0xFF,0xFF,0xFF,0xFF,0xFF,0xFF,0xFF,0xFF,
  0xFF,0xFF,0xFF,0xFF,0xFF,0xFF,0xFF,0xFF,0xFF,0xFF,0xFF,0xFF,0xFE,0x00,0x00,0x0F,0xFF,0xE0,0x00,0x00,0x00,0x00,0x0F,0xFF,
  0xE0,0x00,0x00,0x00,0x00,0x0F,0xFF,0xE0,0x00,0x00,0x00,0x00,0x0F,0xFF,0xE0,0x00,0x00,0x00,0x00,0x0F,0xFF,0xE0,0x00,0x00,
  0x00,0x00,0x0F,0xFF,0xE0,0x00,0x00,0x00,0x00,0x0F,0xFF,0xE0,0x00,0x00,0x00,0x00,0x0F,0xFF,0xE0,0x00,0x00,0x00,0x00,0x0F,
  0xFF,0xE0,0x00,0x00,0x00,0x00,0x0F,0xFF,0xE0,0x00,0x00,0x00,0x00,0x0F,0xFF,0xE0,0x00,0x00,0x00,0x00,0x0F,0xFF,0xE0,0x00,
  0x00,0x00,0x00,0x0F,0xFF,0xE0,0x00,0x00,0x00,0x00,0x0F,0xFF,0xE0,0x00,0x00,0x00,0x00,0x0F,0xFF,0xE0,0x00,0x00,0x00,0x00,
  0x0F,0xFF,0xE0,0x00,0x00,0x00,0x00,0x0F,0xFF,0xE0,0x00,0x00,0x00,0x00,0x0F,0xFF,0xE0,0x00,0x00,0x00,0x00,0x0F,0xFF,0xE0,
  0x00,0x00,0x00,0x00,0x0F,0xFF,0xE0,0x00,0x00,0x00,0x00,0x0F,0xFF,0xE0,0x00,0x00,0x00,0x00,0x0F,0xFF,0xE0,0x00,0x00,0x00,
  0x00,0x0F,0xFF,0xE0,0x00,0x00,0x00,0x00,0x0F,0xFF,0xE0,0x00,0x00,0x00,0x00,0x0F,0xFF,0xE0,0x00,0x00,0x00,0x00,0x0F,0xFF,
  0xE0,0x00,0x00,0x00,0x00,0x0F,0xFF,0xE0,0x00,0x00,0x00,0x00,0x0F,0xFF,0xE0,0x00,0x00,0x00,0x00,0x0F,0xFF,0xE0,0x00,0x00,
  0x00,0x00,0x0F,0xFF,0xE0,0x00,0x00,0x00,0x00,0x0F,0xFF,0xE0,0x00,0x00,0x00,0x00,0x0F,0xFF,0xE0,0x00,0x00,0x00,0x00,0x0F,
  0xFF,0xE0,0x00,0x00,0x00,0x00,0x0F,0xFF,0xE0,0x00,0x00,0x00,0x00,0x0F,0xFF,0xE0,0x00,0x00,0x00,0x00,0x0F,0xFF,0xE0,0x00,
  0x00,0x00,0x00,0x0F,0xFF,0xE0,0x00,0x00,0x00,0x00,0x0F,0xFF,0xE0,0x00,0x00,0x00,0x00,0x0F,0xFF,0xE0,0x00,0x00,0x00,0x00,
  0x0F,0xFF,0xE0,0x00,0x00,0x00,0x00,0x0F,0xFF,0xE0,0x00,0x00,0x00,0x00,0x0F,0xFF,0xE0,0x00,0x00,0x00,0x00,0x0F,0xFF,0xE0,
  0x00,0x00,0x00,0x00,0x0F,0xFF,0xE0,0x00,0x00,0x00,0x00,0x0F,0xFF,0xE0,0x00,0x00,0x00,0x00,0x0F,0xFF,0xE0,0x00,0x00,0x00,
  0x00,0x0F,0xFF,0xE0,0x00,0x00,0x00,0x00,0x0F,0xFF,0xE0,0x00,0x00,0x00,0x00,0x0F,0xFF,0xE0,0x00,0x00,0x00,0x00,0x0F,0xFF,
  0xE0,0x00,0x00,0x00,0x00,0x0F,0xFF,0xE0,0x00,0x00,0x00,0x00,0x0F,0xFF,0xE0,0x00,0x00,0x00,0x00,0x0F,0xFF,0xE0,0x00,0x00,
  0x00,0x00,0x0F,0xFF,0xE0,0x00,0x00,0x00,0x00,0x0F,0xFF,0xE0,0x00,0x00,0x00,0x00,0x0F,0xFF,0xE0,0x00,0x00,0xFF,0xFE,0x00,
  0x00,0x00,0x07,0xFF,0xFF,0xFF,0xF0,0x00,0x00,0x00,0x7F,0xFF,0x7F,0xFF,0x00,0x00,0x00,0x0F,0xFF,0xE7,0xFF,0xF8,0x00,0x00,
  0x00,0xFF,0xFE,0x3F,0xFF,0x80,0x00,0x00,0x1F,0xFF,0xC3,0xFF,0xFC,0x00,0x00,0x01,0xFF,0xFC,0x1F,0xFF,0xC0,0x00,0x00,0x1F,
  0xFF,0x80,0xFF,0xFE,0x00,0x00,0x03,0xFF,0xF8,0x0F,0xFF,0xE0,0x00,0x00,0x3F,0xFF,0x00,0x7F,0xFF,0x00,0x00,0x07,0xFF,0xF0,
  0x07,0xFF,0xF0,0x00,0x00,0x7F,0xFE,0x00,0x3F,0xFF,0x80,0x00,0x07,0xFF,0xE0,0x03,0xFF,0xF8,0x00,0x00,0xFF,0xFE,0x00,0x1F,
  0xFF,0xC0,0x00,0x0F,0xFF,0xC0,0x00,0xFF,0xFE,0x00,0x01,0xFF,0xFC,0x00,0x0F,0xFF,0xE0,0x00,0x1F,0xFF,0x80,0x00,0x7F,0xFF,
  0x00,0x01,0xFF,0xF8,0x00,0x07,0xFF,0xF0,0x00,0x3F,0xFF,0x00,0x00,0x3F,0xFF,0x80,0x03,0xFF,0xF0,0x00,0x03,0xFF,0xF8,0x00,
  0x7F,0xFE,0x00,0x00,0x1F,0xFF,0xC0,0x07,0xFF,0xE0,0x00,0x00,0xFF,0xFC,0x00,0x7F,0xFC,0x00,0x00,0x0F,0xFF,0xE0,0x0F,0xFF,
  0xC0,0x00,0x00,0x7F,0xFE,0x00,0xFF,0xF8,0x00,0x00,0x07,0xFF,0xF0,0x1F,0xFF,0x80,0x00,0x00,0x3F,0xFF,0x01,0xFF,0xF8,0x00,
  0x00,0x01,0xFF,0xF8,0x1F,0xFF,0x00,0x00,0x00,0x1F,0xFF,0x83,0xFF,0xF0,0x00,0x00,0x00,0xFF,0xFC,0x3F,0xFE,0x00,0x00,0x00,
  0x0F,0xFF,0xC7,0xFF,0xE0,0x00,0x00,0x00,0x7F,0xFE,0x7F,0xFC,0x00,0x00,0x00,0x07,0xFF,0xFF,0xFF,0xC0,0x00,0x00,0x00,0x3F,
  0xFF,0xFF,0xF8,0x00,0x00,0x00,0x01,0xFF,0xFF,0xFF,0x80,0x00,0x00,0x00,0x1F,0xFF,0xFF,0xF0,0x00,0x00,0x00,0x00,0xFF,0xFF,
  0xFF,0x00,0x00,0x00,0x00,0x0F,0xFF,0xFF,0xF0,0x00,0x00,0x00,0x00,0x7F,0xFF,0xFE,0x00,0x00,0x00,0x00,0x07,0xFF,0xFF,0xE0,
  0x00,0x00,0x00,0x00,0x3F,0xFF,0xFC,0x00,0x00,0x00,0x00,0x01,0xFF,0xFF,0xC0,0x00,0x00,0x00,0x00,0x1F,0xFF,0xF8,0x00,0x00,
  0x00,0x00,0x00,0xFF,0xFF,0x80,0x00,0x00,0x00,0x00,0x0F,0xFF,0xF0,0x00,0x00,0x00,0x00,0x00,0x7F,0xFF,0x00,0x00,0x00,0x00,
  0x00,0x07,0xFF,0xE0,0x00,0x00,0x00,0x00,0x00,0xFF,0xFE,0x00,0x00,0x00,0x00,0x00,0x0F,0xFF,0xC0,0x00,0x00,0x00,0x00,0x01,
  0xFF,0xFC,0x00,0x00,0x00,0x00,0x00,0x1F,0xFF,0xC0,0x00,0x00,0x00,0x00,0x03,0xFF,0xF8,0x00,0x00,0x00,0x00,0x00,0x3F,0xFF,
  0x80,0x00,0x00,0x00,0x00,0x07,0xFF,0xF0,0x00,0x00,0x00,0x00,0x00,0xFF,0xFF,0x00,0x00,0x00,0x03,0x80,0x1F,0xFF,0xE0,0x00,
  0x00,0x00,0x3F,0x0F,0xFF,0xFE,0x00,0x00,0x00,0x07,0xFF,0xFF,0xFF,0xC0,0x00,0x00,0x00,0x7F,0xFF,0xFF,0xFC,0x00,0x00,0x00,
  0x07,0xFF,0xFF,0xFF,0x80,0x00,0x00,0x00,0xFF,0xFF,0xFF,0xF0,0x00,0x00,0x00,0x0F,0xFF,0xFF,0xFF,0x00,0x00,0x00,0x00,0xFF,
  0xFF,0xFF,0xE0,0x00,0x00,0x00,0x1F,0xFF,0xFF,0xFC,0x00,0x00,0x00,0x01,0xFF,0xFF,0xFF,0x80,0x00,0x00,0x00,0x1F,0xFF,0xFF,
  0xF0,0x00,0x00,0x00,0x03,0xFF,0xFF,0xFE,0x00,0x00,0x00,0x00,0x1F,0xFF,0xFF,0xC0,0x00,0x00,0x00,0x00,0x7F,0xFF,0xF0,0x00,
  0x00,0x00,0x00,0x00,0x7F,0xF0,0x00,0x00,0x00,0x00,0x00,0x00,0x00,0x00,0x7F,0xF8,0x00,0x00,0x00,0x00,0x00,0x03,0xFF,0xC0,
  0x00,0x00,0x00,0x00,0x00,0x1F,0xFE,0x00,0x00,0x00,0x00,0x00,0x00,0xFF,0xF0,0x00,0x00,0x00,0x00,0x00,0x07,0xFF,0x80,0x00,
  0x00,0x00,0x00,0x00,0x3F,0xFC,0x00,0x00,0x00,0x00,0x00,0x01,0xFF,0xE0,0x00,0x00,0x00,0x00,0x00,0x0F,0xFF,0x00,0x00,0x00,
  0x00,0x00,0x00,0x7F,0xF8,0x00,0x00,0x00,0x00,0x01,0xFF,0xFF,0xFF,0x80,0x00,0x00,0x00,0x7F,0xFF,0xFF,0xFF,0x80,0x00,0x00,
  0x1F,0xFF,0xFF,0xFF,0xFF,0x80,0x00,0x01,0xFF,0xFF,0xFF,0xFF,0xFE,0x00,0x00,0x3F,0xFF,0xFF,0xFF,0xFF,0xFC,0x00,0x03,0xFF,
  0xFF,0xFF,0xFF,0xFF,0xF0,0x00,0x3F,0xFF,0xFF,0xFF,0xFF,0xFF,0xC0,0x03,0xFF,0xFF,0xFF,0xFF,0xFF,0xFF,0x00,0x3F,0xFF,0xFF,
  0xFF,0xFF,0xFF,0xFC,0x03,0xFF,0xFF,0xFF,0xFF,0xFF,0xFF,0xE0,0x1F,0xFF,0xF0,0xFF,0xF0,0xFF,0xFF,0x81,0xFF,0xFE,0x07,0xFF,
  0x81,0xFF,0xFE,0x0F,0xFF,0xE0,0x3F,0xFC,0x07,0xFF,0xF0,0xFF,0xFE,0x01,0xFF,0xE0,0x1F,0xFF,0xC7,0xFF,0xE0,0x0F,0xFF,0x00,
  0x7F,0xFE,0x3F,0xFE,0x00,0x7F,0xF8,0x03,0xFF,0xF3,0xFF,0xF0,0x03,0xFF,0xC0,0x0F,0xFF,0xDF,0xFF,0x80,0x1F,0xFE,0x00,0x7F,
  0xFE,0xFF,0xF8,0x00,0xFF,0xF0,0x01,0xFF,0xF7,0xFF,0xC0,0x07,0xFF,0x80,0x0F,0xFF,0xBF,0xFE,0x00,0x3F,0xFC,0x00,0x7F,0xFD,
  0xFF,0xF0,0x01,0xFF,0xE0,0x03,0xFF,0xFF,0xFF,0x80,0x0F,0xFF,0x00,0x1F,0xFF,0xFF,0xFC,0x00,0x7F,0xF8,0x00,0xFF,0xFF,0xFF,
  0xC0,0x03,0xFF,0xC0,0x07,0xFF,0xFF,0xFE,0x00,0x1F,0xFE,0x00,0x3F,0xFF,0xFF,0xF8,0x00,0xFF,0xF0,0x01,0xFF,0xF7,0xFF,0xC0,
  0x07,0xFF,0x80,0x0F,0xFF,0xBF,0xFE,0x00,0x3F,0xFC,0x00,0x7F,0xFD,0xFF,0xF0,0x01,0xFF,0xE0,0x03,0xFF,0xEF,0xFF,0x80,0x0F,
  0xFF,0x00,0x1F,0xFF,0x7F,0xFC,0x00,0x7F,0xF8,0x01,0xFF,0xFB,0xFF,0xF0,0x03,0xFF,0xC0,0x0F,0xFF,0xCF,0xFF,0x80,0x1F,0xFE,
  0x00,0x7F,0xFC,0x7F,0xFE,0x00,0xFF,0xF0,0x07,0xFF,0xE3,0xFF,0xF0,0x07,0xFF,0x80,0x3F,0xFF,0x0F,0xFF,0xC0,0x3F,0xFC,0x03,
  0xFF,0xF0,0x7F,0xFF,0x01,0xFF,0xE0,0x3F,0xFF,0x81,0xFF,0xFC,0x0F,0xFF,0x03,0xFF,0xF8,0x0F,0xFF,0xF8,0x7F,0xF8,0x7F,0xFF,
  0x80,0x3F,0xFF,0xFF,0xFF,0xFF,0xFF,0xFC,0x00,0xFF,0xFF,0xFF,0xFF,0xFF,0xFF,0xC0,0x03,0xFF,0xFF,0xFF,0xFF,0xFF,0xFC,0x00,
  0x0F,0xFF,0xFF,0xFF,0xFF,0xFF,0xC0,0x00,0x3F,0xFF,0xFF,0xFF,0xFF,0xFC,0x00,0x00,0xFF,0xFF,0xFF,0xFF,0xFF,0xC0,0x00,0x03,
  0xFF,0xFF,0xFF,0xFF,0xFC,0x00,0x00,0x07,0xFF,0xFF,0xFF,0xFF,0x80,0x00,0x00,0x0F,0xFF,0xFF,0xFF,0xF0,0x00,0x00,0x00,0x07,
  0xFF,0xFF,0xFC,0x00,0x00,0x00,0x00,0x00,0xFF,0xF0,0x00,0x00,0x00,0x00,0x00,0x07,0xFF,0x80,0x00,0x00,0x00,0x00,0x00,0x3F,
  0xFC,0x00,0x00,0x00,0x00,0x00,0x01,0xFF,0xE0,0x00,0x00,0x00,0x00,0x00,0x0F,0xFF,0x00,0x00,0x00,0x00,0x00,0x00,0x7F,0xF8,
  0x00,0x00,0x00,0x00,0x00,0x03,0xFF,0xC0,0x00,0x00,0x00,0x00,0x00,0x1F,0xFE,0x00,0x00,0x00,0x00,0x00,0x00,0xFF,0xF0,0x00,
  0x00,0x00,0x00,0x00,0x07,0xFF,0x80,0x00,0x00,0x00,0x00,0x00,0x3F,0xFC,0x00,0x00,0x00,0x3F,0xFF,0xC0,0x00,0x00,0x0F,0xFF,
  0xE0,0x7F,0xFF,0x80,0x00,0x00,0x7F,0xFF,0x80,0xFF,0xFE,0x00,0x00,0x01,0xFF,0xFC,0x03,0xFF,0xFC,0x00,0x00,0x0F,0xFF,0xE0,
  0x07,0xFF,0xF8,0x00,0x00,0x7F,0xFF,0x80,0x0F,0xFF,0xE0,0x00,0x01,0xFF,0xFC,0x00,0x3F,0xFF,0xC0,0x00,0x0F,0xFF,0xE0,0x00,
  0x7F,0xFF,0x00,0x00,0x3F,0xFF,0x80,0x00,0xFF,0xFE,0x00,0x01,0xFF,0xFC,0x00,0x03,0xFF,0xFC,0x00,0x0F,0xFF,0xE0,0x00,0x07,
  0xFF,0xF0,0x00,0x3F,0xFF,0x80,0x00,0x0F,0xFF,0xE0,0x01,0xFF,0xFC,0x00,0x00,0x3F,0xFF,0x80,0x0F,0xFF,0xE0,0x00,0x00,0x7F,
  0xFF,0x00,0x3F,0xFF,0x80,0x00,0x01,0xFF,0xFE,0x01,0xFF,0xFC,0x00,0x00,0x03,0xFF,0xF8,0x07,0xFF,0xE0,0x00,0x00,0x07,0xFF,
  0xF0,0x3F,0xFF,0x80,0x00,0x00,0x1F,0xFF,0xE1,0xFF,0xFC,0x00,0x00,0x00,0x3F,0xFF,0x87,0xFF,0xE0,0x00,0x00,0x00,0x7F,0xFF,
  0x3F,0xFF,0x80,0x00,0x00,0x01,0xFF,0xFC,0xFF,0xFC,0x00,0x00,0x00,0x03,0xFF,0xFF,0xFF,0xE0,0x00,0x00,0x00,0x07,0xFF,0xFF,
  0xFF,0x80,0x00,0x00,0x00,0x1F,0xFF,0xFF,0xFC,0x00,0x00,0x00,0x00,0x3F,0xFF,0xFF,0xE0,0x00,0x00,0x00,0x00,0x7F,0xFF,0xFF,
  0x80,0x00,0x00,0x00,0x01,0xFF,0xFF,0xFC,0x00,0x00,0x00,0x00,0x03,0xFF,0xFF,0xE0,0x00,0x00,0x00,0x00,0x07,0xFF,0xFF,0x80,
  0x00,0x00,0x00,0x00,0x1F,0xFF,0xFC,0x00,0x00,0x00,0x00,0x00,0x3F,0xFF,0xE0,0x00,0x00,0x00,0x00,0x00,0x7F,0xFF,0x80,0x00,
  0x00,0x00,0x00,0x01,0xFF,0xFE,0x00,0x00,0x00,0x00,0x00,0x0F,0xFF,0xF8,0x00,0x00,0x00,0x00,0x00,0x7F,0xFF,0xF0,0x00,0x00,
  0x00,0x00,0x01,0xFF,0xFF,0xC0,0x00,0x00,0x00,0x00,0x0F,0xFF,0xFF,0x80,0x00,0x00,0x00,0x00,0x3F,0xFF,0xFF,0x00,0x00,0x00,
  0x00,0x01,0xFF,0xFF,0xFC,0x00,0x00,0x00,0x00,0x0F,0xFF,0xFF,0xF8,0x00,0x00,0x00,0x00,0x3F,0xFF,0xFF,0xF0,0x00,0x00,0x00,
  0x01,0xFF,0xFF,0xFF,0xC0,0x00,0x00,0x00,0x0F,0xFF,0xFF,0xFF,0x80,0x00,0x00,0x00,0x3F,0xFF,0xFF,0xFF,0x00,0x00,0x00,0x01,
  0xFF,0xFC,0xFF,0xFC,0x00,0x00,0x00,0x0F,0xFF,0xF3,0xFF,0xF8,0x00,0x00,0x00,0x3F,0xFF,0x87,0xFF,0xF0,0x00,0x00,0x01,0xFF,
  0xFC,0x0F,0xFF,0xC0,0x00,0x00,0x0F,0xFF,0xF0,0x3F,0xFF,0x80,0x00,0x00,0x3F,0xFF,0x80,0x7F,0xFF,0x00,0x00,0x01,0xFF,0xFE,
  0x01,0xFF,0xFC,0x00,0x00,0x07,0xFF,0xF0,0x03,0xFF,0xF8,0x00,0x00,0x3F,0xFF,0x80,0x07,0xFF,0xF0,0x00,0x01,0xFF,0xFE,0x00,
  0x1F,0xFF,0xC0,0x00,0x07,0xFF,0xF0,0x00,0x3F,0xFF,0x80,0x00,0x3F,0xFF,0x80,0x00,0xFF,0xFF,0x00,0x01,0xFF,0xFE,0x00,0x01,
  0xFF,0xFC,0x00,0x07,0xFF,0xF0,0x00,0x03,0xFF,0xF8,0x00,0x3F,0xFF,0xC0,0x00,0x0F,0xFF,0xF0,0x01,0xFF,0xFE,0x00,0x00,0x1F,
  0xFF,0xC0,0x07,0xFF,0xF0,0x00,0x00,0x3F,0xFF,0x80,0x3F,0xFF,0xC0,0x00,0x00,0xFF,0xFF,0x01,0xFF,0xFE,0x00,0x00,0x01,0xFF,
  0xFC,0x07,0xFF,0xF8,0x00,0x00,0x07,0xFF,0xF8,0x3F,0xFF,0xC0,0x00,0x00,0x0F,0xFF,0xF0,0xFF,0xFE,0x00,0x00,0x00,0x1F,0xFF,
  0xC7,0xFF,0xF8,0x00,0x00,0x00,0x7F,0xFF,0xBF,0xFF,0xC0,0x00,0x00,0x00,0xFF,0xFF,0xFF,0xFE,0x00,0x01,0xFF,0xFC,0x01,0xFF,
  0xFC,0x00,0x03,0xFF,0xF8,0x03,0xFF,0xF8,0x00,0x07,0xFF,0xF0,0x07,0xFF,0xF0,0x00,0x0F,0xFF,0xE0,0x0F,0xFF,0xE0,0x00,0x1F,
  0xFF,0xC0,0x1F,0xFF,0xC0,0x00,0x3F,0xFF,0x80,0x3F,0xFF,0x80,0x00,0x7F,0xFF,0x00,0x7F,0xFF,0x00,0x00,0xFF,0xFE,0x00,0xFF,
  0xFE,0x00,0x01,0xFF,0xFC,0x01,0xFF,0xFC,0x00,0x03,0xFF,0xF8,0x03,0xFF,0xF8,0x00,0x07,0xFF,0xF0,0x07,0xFF,0xF0,0x00,0x0F,
  0xFF,0xE0,0x0F,0xFF,0xE0,0x00,0x1F,0xFF,0xC0,0x1F,0xFF,0xC0,0x00,0x3F,0xFF,0x80,0x3F,0xFF,0x80,0x00,0x7F,0xFF,0x00,0x7F,
  0xFF,0x00,0x00,0xFF,0xFE,0x00,0xFF,0xFE,0x00,0x01,0xFF,0xFC,0x01,0xFF,0xFC,0x00,0x03,0xFF,0xF8,0x03,0xFF,0xF8,0x00,0x07,
  0xFF,0xF0,0x07,0xFF,0xF0,0x00,0x0F,0xFF,0xE0,0x0F,0xFF,0xE0,0x00,0x1F,0xFF,0xC0,0x1F,0xFF,0xC0,0x00,0x3F,0xFF,0x80,0x3F,
  0xFF,0x80,0x00,0x7F,0xFF,0x00,0x7F,0xFF,0x00,0x00,0xFF,0xFE,0x00,0xFF,0xFE,0x00,0x01,0xFF,0xFC,0x01,0xFF,0xFC,0x00,0x03,
  0xFF,0xF8,0x03,0xFF,0xF8,0x00,0x07,0xFF,0xF0,0x07,0xFF,0xF0,0x00,0x0F,0xFF,0xE0,0x0F,0xFF,0xE0,0x00,0x1F,0xFF,0xC0,0x1F,
  0xFF,0xC0,0x00,0x3F,0xFF,0x80,0x3F,0xFF,0x80,0x00,0x7F,0xFF,0x00,0x7F,0xFF,0x00,0x00,0xFF,0xFE,0x00,0xFF,0xFE,0x00,0x01,
  0xFF,0xFC,0x01,0xFF,0xFC,0x00,0x03,0xFF,0xF8,0x03,0xFF,0xF8,0x00,0x07,0xFF,0xF0,0x07,0xFF,0xF0,0x00,0x0F,0xFF,0xE0,0x0F,
  0xFF,0xE0,0x00,0x1F,0xFF,0xC0,0x1F,0xFF,0xC0,0x00,0x3F,0xFF,0x80,0x3F,0xFF,0x80,0x00,0x7F,0xFF,0x00,0x7F,0xFF,0x00,0x00,
  0xFF,0xFE,0x00,0xFF,0xFE,0x00,0x01,0xFF,0xFC,0x01,0xFF,0xFC,0x00,0x03,0xFF,0xF8,0x03,0xFF,0xF8,0x00,0x07,0xFF,0xF0,0x07,
  0xFF,0xF0,0x00,0x0F,0xFF,0xE0,0x0F,0xFF,0xE0,0x00,0x1F,0xFF,0xC0,0x1F,0xFF,0xC0,0x00,0x3F,0xFF,0x80,0x3F,0xFF,0x80,0x00,
  0x7F,0xFF,0x00,0x7F,0xFF,0x00,0x00,0xFF,0xFE,0x00,0xFF,0xFE,0x00,0x01,0xFF,0xFC,0x01,0xFF,0xFC,0x00,0x03,0xFF,0xF8,0x03,
  0xFF,0xF8,0x00,0x07,0xFF,0xF0,0x07,0xFF,0xF0,0x00,0x0F,0xFF,0xE0,0x0F,0xFF,0xE0,0x00,0x1F,0xFF,0xC0,0x1F,0xFF,0xC0,0x00,
  0x3F,0xFF,0x80,0x3F,0xFF,0x80,0x00,0x7F,0xFF,0x00,0x7F,0xFF,0x00,0x01,0xFF,0xFE,0x00,0xFF,0xFF,0xFF,0xFF,0xFF,0xFF,0xFF,
  0xFF,0xFF,0xFF,0xFF,0xFF,0xFF,0xFF,0xFF,0xFF,0xFF,0xFF,0xFF,0xFF,0xFF,0xFF,0xFF,0xFF,0xFF,0xFF,0xFF,0xFF,0xFF,0xFF,0xFF,
  0xFF,0xFF,0xFF,0xFF,0xFF,0xFF,0xFF,0xFF,0xFF,0xFF,0xFF,0xFF,0xFF,0xFF,0xFF,0xFF,0xFF,0xFF,0xFF,0xFF,0xFF,0xFF,0xFF,0xFF,
  0xFF,0xFF,0xFF,0xFF,0xFF,0xFF,0xFF,0xFF,0xFF,0xFF,0xFF,0xFF,0xFF,0xFF,0xFF,0xFF,0xFF,0xFF,0xFF,0xFF,0xFF,0xFF,0xFF,0xFF,
  0xFF,0xFF,0xFF,0xF0,0x00,0x00,0x00,0x00,0x03,0xFF,0xE0,0x00,0x00,0x00,0x00,0x07,0xFF,0xC0,0x00,0x00,0x00,0x00,0x0F,0xFF,
  0x80,0x00,0x00,0x00,0x00,0x1F,0xFF,0x00,0x00,0x00,0x00,0x00,0x3F,0xFE,0x00,0x00,0x00,0x00,0x00,0x7F,0xFC,0x00,0x00,0x00,
  0x00,0x00,0xFF,0xF8,0x00,0x00,0x00,0x00,0x01,0xFF,0xF0,0x00,0x00,0x00,0x00,0x03,0xFF,0xE0,0x00,0x00,0x00,0x00,0x07,0xFF,
  0xC0,0x00,0x00,0x00,0x00,0x0F,0xFF,0x80,0x00,0x00,0x00,0x00,0x1F,0xFF,0x00,0x00,0x00,0x00,0x00,0x3F,0xFE,0x00,0x00,0x00,
  0x00,0x00,0x7F,0xFC,0x00,0x00,0x00,0x00,0x00,0xFF,0xF8,0x00,0x00,0x00,0x00,0x01,0xFF,0xF0,0x00,0x00,0x00,0x00,0x03,0xFF,
  0xE0,0x00,0x00,0x00,0x00,0x07,0xFF,0xC0,0x00,0x00,0x00,0x00,0x0F,0xFF,0x80,0x00,0x00,0x00,0x00,0x1F,0xFF,0x00,0x00,0x00,
  0x00,0x00,0x3F,0xFE,0xFF,0xFE,0x00,0x00,0x07,0xFF,0xFF,0xFF,0xE0,0x00,0x00,0x7F,0xFF,0xFF,0xFE,0x00,0x00,0x07,0xFF,0xFF,
  0xFF,0xE0,0x00,0x00,0x7F,0xFF,0xFF,0xFE,0x00,0x00,0x07,0xFF,0xFF,0xFF,0xE0,0x00,0x00,0x7F,0xFF,0xFF,0xFE,0x00,0x00,0x07,
  0xFF,0xFF,0xFF,0xE0,0x00,0x00,0x7F,0xFF,0xFF,0xFE,0x00,0x00,0x07,0xFF,0xFF,0xFF,0xE0,0x00,0x00,0x7F,0xFF,0xFF,0xFE,0x00,
  0x00,0x07,0xFF,0xFF,0xFF,0xE0,0x00,0x00,0x7F,0xFF,0xFF,0xFE,0x00,0x00,0x07,0xFF,0xFF,0xFF,0xE0,0x00,0x00,0x7F,0xFF,0xFF,
  0xFE,0x00,0x00,0x07,0xFF,0xFF,0xFF,0xE0,0x00,0x00,0x7F,0xFF,0xFF,0xFE,0x00,0x00,0x07,0xFF,0xFF,0xFF,0xE0,0x00,0x00,0x7F,
  0xFF,0xFF,0xFE,0x00,0x00,0x07,0xFF,0xFF,0xFF,0xE0,0x00,0x00,0x7F,0xFF,0xFF,0xFE,0x00,0x00,0x07,0xFF,0xFF,0xFF,0xE0,0x00,
  0x00,0x7F,0xFF,0xFF,0xFE,0x00,0x00,0x07,0xFF,0xFF,0xFF,0xE0,0x00,0x00,0x7F,0xFF,0xFF,0xFE,0x00,0x00,0x07,0xFF,0xFF,0xFF,
  0xE0,0x00,0x00,0x7F,0xFF,0xFF,0xFE,0x00,0x00,0x07,0xFF,0xFF,0xFF,0xE0,0x00,0x00,0x7F,0xFF,0xFF,0xFE,0x00,0x00,0x07,0xFF,
  0xF7,0xFF,0xF0,0x00,0x00,0x7F,0xFF,0x7F,0xFF,0x00,0x00,0x07,0xFF,0xF7,0xFF,0xF0,0x00,0x00,0x7F,0xFF,0x7F,0xFF,0x80,0x00,
  0x07,0xFF,0xF7,0xFF,0xFC,0x00,0x00,0x7F,0xFF,0x3F,0xFF,0xE0,0x00,0x0F,0xFF,0xF3,0xFF,0xFF,0x80,0x1F,0xFF,0xFF,0x3F,0xFF,
  0xFF,0xFF,0xFF,0xFF,0xF1,0xFF,0xFF,0xFF,0xFF,0xFF,0xFF,0x1F,0xFF,0xFF,0xFF,0xFF,0xFF,0xF0,0xFF,0xFF,0xFF,0xFF,0xFF,0xFF,
  0x07,0xFF,0xFF,0xFF,0xFF,0xFF,0xF0,0x7F,0xFF,0xFF,0xFF,0xFF,0xFF,0x03,0xFF,0xFF,0xFF,0xFF,0xFF,0xF0,0x1F,0xFF,0xFF,0xFF,
  0xFF,0xFF,0x00,0x7F,0xFF,0xFF,0xE7,0xFF,0xF0,0x01,0xFF,0xFF,0xF0,0x7F,0xFF,0x00,0x03,0xFF,0xE0,0x07,0xFF,0xF0,0x00,0x00,
  0x00,0x00,0x7F,0xFF,0x00,0x00,0x00,0x00,0x07,0xFF,0xF0,0x00,0x00,0x00,0x00,0x7F,0xFF,0x00,0x00,0x00,0x00,0x07,0xFF,0xF0,
  0x00,0x00,0x00,0x00,0x7F,0xFF,0x00,0x00,0x00,0x00,0x07,0xFF,0xF0,0x00,0x00,0x00,0x00,0x7F,0xFF,0x00,0x00,0x00,0x00,0x07,
  0xFF,0xF0,0x00,0x00,0x00,0x00,0x7F,0xFF,0x00,0x00,0x00,0x00,0x07,0xFF,0xF0,0x00,0x00,0x00,0x00,0x7F,0xFF,0x00,0x00,0x00,
  0x00,0x07,0xFF,0xF0,0x00,0x00,0x00,0x00,0x7F,0xFF,0x00,0x00,0x00,0x00,0x07,0xFF,0xF0,0x00,0x00,0x00,0x00,0x7F,0xFF,0x00,
  0x00,0x00,0x00,0x07,0xFF,0xF0,0x00,0x00,0x00,0x00,0x7F,0xFF,0x00,0x00,0x00,0x00,0x07,0xFF,0xF0,0x00,0x00,0x00,0x00,0x7F,
  0xFF,0x00,0x00,0x00,0x00,0x07,0xFF,0xF0,0x00,0x00,0x00,0x00,0x7F,0xFF,0xFF,0xF8,0x07,0xFF,0x80,0x7F,0xFF,0xFF,0xC0,0x3F,
  0xFC,0x03,0xFF,0xFF,0xFE,0x01,0xFF,0xE0,0x1F,0xFF,0xFF,0xF0,0x0F,0xFF,0x00,0xFF,0xFF,0xFF,0x80,0x7F,0xF8,0x07,0xFF,0xFF,
  0xFC,0x03,0xFF,0xC0,0x3F,0xFF,0xFF,0xE0,0x1F,0xFE,0x01,0xFF,0xFF,0xFF,0x00,0xFF,0xF0,0x0F,0xFF,0xFF,0xF8,0x07,0xFF,0x80,
  0x7F,0xFF,0xFF,0xC0,0x3F,0xFC,0x03,0xFF,0xFF,0xFE,0x01,0xFF,0xE0,0x1F,0xFF,0xFF,0xF0,0x0F,0xFF,0x00,0xFF,0xFF,0xFF,0x80,
  0x7F,0xF8,0x07,0xFF,0xFF,0xFC,0x03,0xFF,0xC0,0x3F,0xFF,0xFF,0xE0,0x1F,0xFE,0x01,0xFF,0xFF,0xFF,0x00,0xFF,0xF0,0x0F,0xFF,
  0xFF,0xF8,0x07,0xFF,0x80,0x7F,0xFF,0xFF,0xC0,0x3F,0xFC,0x03,0xFF,0xFF,0xFE,0x01,0xFF,0xE0,0x1F,0xFF,0xFF,0xF0,0x0F,0xFF,
  0x00,0xFF,0xFF,0xFF,0x80,0x7F,0xF8,0x07,0xFF,0xFF,0xFC,0x03,0xFF,0xC0,0x3F,0xFF,0xFF,0xE0,0x1F,0xFE,0x01,0xFF,0xFF,0xFF,
  0x00,0xFF,0xF0,0x0F,0xFF,0xFF,0xF8,0x07,0xFF,0x80,0x7F,0xFF,0xFF,0xC0,0x3F,0xFC,0x03,0xFF,0xFF,0xFE,0x01,0xFF,0xE0,0x1F,
  0xFF,0xFF,0xF0,0x0F,0xFF,0x00,0xFF,0xFF,0xFF,0x80,0x7F,0xF8,0x07,0xFF,0xFF,0xFC,0x03,0xFF,0xC0,0x3F,0xFF,0xFF,0xE0,0x1F,
  0xFE,0x01,0xFF,0xFF,0xFF,0x00,0xFF,0xF0,0x0F,0xFF,0xFF,0xF8,0x07,0xFF,0x80,0x7F,0xFF,0xFF,0xC0,0x3F,0xFC,0x03,0xFF,0xFF,
  0xFE,0x01,0xFF,0xE0,0x1F,0xFF,0xFF,0xF0,0x0F,0xFF,0x00,0xFF,0xFF,0xFF,0x80,0x7F,0xF8,0x07,0xFF,0xFF,0xFC,0x03,0xFF,0xC0,
  0x3F,0xFF,0xFF,0xE0,0x1F,0xFE,0x01,0xFF,0xFF,0xFF,0x00,0xFF,0xF0,0x0F,0xFF,0xFF,0xF8,0x07,0xFF,0x80,0x7F,0xFF,0xFF,0xC0,
  0x3F,0xFC,0x03,0xFF,0xFF,0xFE,0x01,0xFF,0xE0,0x1F,0xFF,0xFF,0xF0,0x0F,0xFF,0x00,0xFF,0xFF,0xFF,0x80,0x7F,0xF8,0x07,0xFF,
  0xFF,0xFC,0x03,0xFF,0xC0,0x3F,0xFF,0xFF,0xE0,0x1F,0xFE,0x01,0xFF,0xFF,0xFF,0x00,0xFF,0xF0,0x0F,0xFF,0xFF,0xF8,0x07,0xFF,
  0x80,0x7F,0xFF,0xFF,0xC0,0x3F,0xFC,0x03,0xFF,0xFF,0xFE,0x01,0xFF,0xE0,0x1F,0xFF,0xFF,0xF0,0x0F,0xFF,0x00,0xFF,0xFF,0xFF,
  0x80,0x7F,0xF8,0x07,0xFF,0xFF,0xFC,0x03,0xFF,0xC0,0x3F,0xFF,0xFF,0xE0,0x1F,0xFE,0x01,0xFF,0xFF,0xFF,0x00,0xFF,0xF0,0x0F,
  0xFF,0xFF,0xF8,0x07,0xFF,0x80,0x7F,0xFF,0xFF,0xFF,0xFF,0xFF,0xFF,0xFF,0xFF,0xFF,0xFF,0xFF,0xFF,0xFF,0xFF,0xFF,0xFF,0xFF,
  0xFF,0xFF,0xFF,0xFF,0xFF,0xFF,0xFF,0xFF,0xFF,0xFF,0xFF,0xFF,0xFF,0xFF,0xFF,0xFF,0xFF,0xFF,0xFF,0xFF,0xFF,0xFF,0xFF,0xFF,
  0xFF,0xFF,0xFF,0xFF,0xFF,0xFF,0xFF,0xFF,0xFF,0xFF,0xFF,0xFF,0xFF,0xFF,0xFF,0xFF,0xFF,0xFF,0xFF,0xFF,0xFF,0xFF,0xFF,0xFF,
  0xFF,0xFF,0xFF,0xFF,0xFF,0xFF,0xFF,0xFF,0xF0,0xFF,0xF8,0x07,0xFF,0x80,0x7F,0xF8,0x3F,0xFE,0x01,0xFF,0xE0,0x1F,0xFE,0x0F,
  0xFF,0x80,0x7F,0xF8,0x07,0xFF,0x83,0xFF,0xE0,0x1F,0xFE,0x01,0xFF,0xE0,0xFF,0xF8,0x07,0xFF,0x80,0x7F,0xF8,0x3F,0xFE,0x01,
  0xFF,0xE0,0x1F,0xFE,0x0F,0xFF,0x80,0x7F,0xF8,0x07,0xFF,0x83,0xFF,0xE0,0x1F,0xFE,0x01,0xFF,0xE0,0xFF,0xF8,0x07,0xFF,0x80,
  0x7F,0xF8,0x3F,0xFE,0x01,0xFF,0xE0,0x1F,0xFE,0x0F,0xFF,0x80,0x7F,0xF8,0x07,0xFF,0x83,0xFF,0xE0,0x1F,0xFE,0x01,0xFF,0xE0,
  0xFF,0xF8,0x07,0xFF,0x80,0x7F,0xF8,0x3F,0xFE,0x01,0xFF,0xE0,0x1F,0xFE,0x0F,0xFF,0x80,0x7F,0xF8,0x07,0xFF,0x83,0xFF,0xE0,
  0x1F,0xFE,0x01,0xFF,0xE0,0xFF,0xF8,0x07,0xFF,0x80,0x7F,0xF8,0x3F,0xFE,0x01,0xFF,0xE0,0x1F,0xFE,0x0F,0xFF,0x80,0x7F,0xF8,
  0x07,0xFF,0x83,0xFF,0xE0,0x1F,0xFE,0x01,0xFF,0xE0,0xFF,0xF8,0x07,0xFF,0x80,0x7F,0xF8,0x3F,0xFE,0x01,0xFF,0xE0,0x1F,0xFE,
  0x0F,0xFF,0x80,0x7F,0xF8,0x07,0xFF,0x83,0xFF,0xE0,0x1F,0xFE,0x01,0xFF,0xE0,0xFF,0xF8,0x07,0xFF,0x80,0x7F,0xF8,0x3F,0xFE,
  0x01,0xFF,0xE0,0x1F,0xFE,0x0F,0xFF,0x80,0x7F,0xF8,0x07,0xFF,0x83,0xFF,0xE0,0x1F,0xFE,0x01,0xFF,0xE0,0xFF,0xF8,0x07,0xFF,
  0x80,0x7F,0xF8,0x3F,0xFE,0x01,0xFF,0xE0,0x1F,0xFE,0x0F,0xFF,0x80,0x7F,0xF8,0x07,0xFF,0x83,0xFF,0xE0,0x1F,0xFE,0x01,0xFF,
  0xE0,0xFF,0xF8,0x07,0xFF,0x80,0x7F,0xF8,0x3F,0xFE,0x01,0xFF,0xE0,0x1F,0xFE,0x0F,0xFF,0x80,0x7F,0xF8,0x07,0xFF,0x83,0xFF,
  0xE0,0x1F,0xFE,0x01,0xFF,0xE0,0xFF,0xF8,0x07,0xFF,0x80,0x7F,0xF8,0x3F,0xFE,0x01,0xFF,0xE0,0x1F,0xFE,0x0F,0xFF,0x80,0x7F,
  0xF8,0x07,0xFF,0x83,0xFF,0xE0,0x1F,0xFE,0x01,0xFF,0xE0,0xFF,0xF8,0x07,0xFF,0x80,0x7F,0xF8,0x3F,0xFE,0x01,0xFF,0xE0,0x1F,
  0xFE,0x0F,0xFF,0x80,0x7F,0xF8,0x07,0xFF,0x83,0xFF,0xE0,0x1F,0xFE,0x01,0xFF,0xE0,0xFF,0xF8,0x07,0xFF,0x80,0x7F,0xF8,0x3F,
  0xFE,0x01,0xFF,0xE0,0x1F,0xFE,0x0F,0xFF,0x80,0x7F,0xF8,0x07,0xFF,0x83,0xFF,0xE0,0x1F,0xFE,0x01,0xFF,0xE0,0xFF,0xF8,0x07,
  0xFF,0x80,0x7F,0xF8,0x3F,0xFE,0x01,0xFF,0xE0,0x1F,0xFE,0x0F,0xFF,0x80,0x7F,0xF8,0x07,0xFF,0x83,0xFF,0xE0,0x1F,0xFE,0x01,
  0xFF,0xE0,0xFF,0xF8,0x07,0xFF,0x80,0x7F,0xF8,0x3F,0xFE,0x01,0xFF,0xE0,0x1F,0xFE,0x0F,0xFF,0x80,0x7F,0xF8,0x07,0xFF,0x83,
  0xFF,0xE0,0x1F,0xFE,0x01,0xFF,0xE0,0xFF,0xF8,0x07,0xFF,0x80,0x7F,0xF8,0x3F,0xFF,0xFF,0xFF,0xFF,0xFF,0xFF,0x0F,0xFF,0xFF,
  0xFF,0xFF,0xFF,0xFF,0xFF,0xFF,0xFF,0xFF,0xFF,0xFF,0xFF,0xFF,0xFF,0xFF,0xFF,0xFF,0xFF,0xFF,0xFF,0xFF,0xFF,0xFF,0xFF,0xFF,
  0xFF,0xFF,0xFF,0xFF,0xFF,0xFF,0xFF,0xFF,0xFF,0xFF,0xFF,0xFF,0xFF,0xFF,0xFF,0xFF,0xFF,0xFF,0xFF,0xFF,0xFF,0xFF,0xFF,0xFF,
  0xFF,0xFF,0xFF,0xFF,0xFF,0xFF,0xFF,0xFF,0xFF,0xFF,0xFF,0xFF,0xFF,0xFF,0xFF,0xFF,0xFF,0xFF,0xFF,0xFF,0xFF,0xFF,0x00,0x00,
  0x00,0x00,0x00,0x01,0xFF,0xC0,0x00,0x00,0x00,0x00,0x00,0x7F,0xF0,0x00,0x00,0x00,0x00,0x00,0x1F,0xFC,0x00,0x00,0x00,0x00,
  0x00,0x07,0xFF,0x00,0x00,0x00,0x00,0x00,0x01,0xFF,0xC0,0x00,0x00,0x00,0x00,0x00,0x7F,0xF0,0x00,0x00,0x00,0x00,0x00,0x1F,
  0xFC,0x00,0x00,0x00,0x00,0x00,0x07,0xFF,0x00,0x00,0x00,0x00,0x00,0x01,0xFF,0xC0,0x00,0x00,0x00,0x00,0x00,0x7F,0xF0,0x00,
  0x00,0x00,0x00,0x00,0x1F,0xFC,0x00,0x00,0x00,0x00,0x00,0x07,0xFF,0x00,0x00,0x00,0x00,0x00,0x01,0xFF,0xC0,0x00,0x00,0x00,
  0x00,0x00,0x7F,0xF0,0x00,0x00,0x00,0x00,0x00,0x1F,0xFC,0x00,0x00,0x00,0x00,0x00,0x07,0xFF,0x00,0x00,0x00,0x00,0x00,0x01,
  0xFF,0xC0,0x00,0x00,0x00,0x00,0x00,0x7F,0xF0,0x00,0x00,0x00,0x00,0x00,0x1F,0xFC,0x00,0x00,0x00,0x00,0x00,0x07,0xFF,0x00,
  0x00,0x00,0x00,0x00,0x01,0xFF,0xC0,0xFF,0xFF,0xFF,0xF0,0x00,0x00,0x00,0x0F,0xFF,0xFF,0xFF,0x00,0x00,0x00,0x00,0xFF,0xFF,
  0xFF,0xF0,0x00,0x00,0x00,0x0F,0xFF,0xFF,0xFF,0x00,0x00,0x00,0x00,0xFF,0xFF,0xFF,0xF0,0x00,0x00,0x00,0x0F,0xFF,0xFF,0xFF,
  0x00,0x00,0x00,0x00,0xFF,0xFF,0xFF,0xF0,0x00,0x00,0x00,0x0F,0xFF,0xFF,0xFF,0x00,0x00,0x00,0x00,0xFF,0xFF,0xFF,0xF0,0x00,
  0x00,0x00,0x0F,0xFF,0xFF,0xFF,0x00,0x00,0x00,0x00,0xFF,0xFF,0xFF,0xF0,0x00,0x00,0x00,0x07,0xFF,0xFF,0xFF,0x00,0x00,0x00,
  0x00,0x00,0x07,0xFF,0xF0,0x00,0x00,0x00,0x00,0x00,0x7F,0xFF,0x00,0x00,0x00,0x00,0x00,0x07,0xFF,0xF0,0x00,0x00,0x00,0x00,
  0x00,0x7F,0xFF,0x00,0x00,0x00,0x00,0x00,0x07,0xFF,0xF0,0x00,0x00,0x00,0x00,0x00,0x7F,0xFF,0x00,0x00,0x00,0x00,0x00,0x07,
  0xFF,0xF0,0x00,0x00,0x00,0x00,0x00,0x7F,0xFF,0x00,0x00,0x00,0x00,0x00,0x07,0xFF,0xF0,0x00,0x00,0x00,0x00,0x00,0x7F,0xFF,
  0x00,0x00,0x00,0x00,0x00,0x07,0xFF,0xF0,0x00,0x00,0x00,0x00,0x00,0x7F,0xFF,0x00,0x00,0x00,0x00,0x00,0x07,0xFF,0xF0,0x00,
  0x00,0x00,0x00,0x00,0x7F,0xFF,0x00,0x00,0x00,0x00,0x00,0x07,0xFF,0xFF,0xFF,0x00,0x00,0x00,0x00,0x7F,0xFF,0xFF,0xFF,0x00,
  0x00,0x00,0x07,0xFF,0xFF,0xFF,0xFE,0x00,0x00,0x00,0x7F,0xFF,0xFF,0xFF,0xF8,0x00,0x00,0x07,0xFF,0xFF,0xFF,0xFF,0xE0,0x00,
  0x00,0x7F,0xFF,0xFF,0xFF,0xFF,0x00,0x00,0x07,0xFF,0xFF,0xFF,0xFF,0xFC,0x00,0x00,0x7F,0xFF,0xFF,0xFF,0xFF,0xE0,0x00,0x07,
  0xFF,0xFF,0xFF,0xFF,0xFF,0x00,0x00,0x7F,0xFF,0xFF,0xFF,0xFF,0xF0,0x00,0x07,0xFF,0xFF,0xFF,0xFF,0xFF,0x80,0x00,0x7F,0xFF,
  0x00,0x7F,0xFF,0xFC,0x00,0x07,0xFF,0xF0,0x00,0xFF,0xFF,0xC0,0x00,0x7F,0xFF,0x00,0x07,0xFF,0xFE,0x00,0x07,0xFF,0xF0,0x00,
  0x3F,0xFF,0xE0,0x00,0x7F,0xFF,0x00,0x01,0xFF,0xFE,0x00,0x07,0xFF,0xF0,0x00,0x0F,0xFF,0xE0,0x00,0x7F,0xFF,0x00,0x00,0xFF,
  0xFF,0x00,0x07,0xFF,0xF0,0x00,0x0F,0xFF,0xF0,0x00,0x7F,0xFF,0x00,0x00,0x7F,0xFF,0x00,0x07,0xFF,0xF0,0x00,0x07,0xFF,0xF0,
  0x00,0x7F,0xFF,0x00,0x00,0x7F,0xFF,0x00,0x07,0xFF,0xF0,0x00,0x07,0xFF,0xF0,0x00,0x7F,0xFF,0x00,0x00,0xFF,0xFF,0x00,0x07,
  0xFF,0xF0,0x00,0x0F,0xFF,0xE0,0x00,0x7F,0xFF,0x00,0x00,0xFF,0xFE,0x00,0x07,0xFF,0xF0,0x00,0x1F,0xFF,0xE0,0x00,0x7F,0xFF,
  0x00,0x03,0xFF,0xFE,0x00,0x07,0xFF,0xF0,0x00,0x7F,0xFF,0xC0,0x00,0x7F,0xFF,0x00,0x1F,0xFF,0xFC,0x00,0x07,0xFF,0xF0,0x0F,
  0xFF,0xFF,0x80,0x00,0x7F,0xFF,0xFF,0xFF,0xFF,0xF8,0x00,0x07,0xFF,0xFF,0xFF,0xFF,0xFF,0x00,0x00,0x7F,0xFF,0xFF,0xFF,0xFF,
  0xE0,0x00,0x07,0xFF,0xFF,0xFF,0xFF,0xFC,0x00,0x00,0x7F,0xFF,0xFF,0xFF,0xFF,0x80,0x00,0x07,0xFF,0xFF,0xFF,0xFF,0xF0,0x00,
  0x00,0x7F,0xFF,0xFF,0xFF,0xFC,0x00,0x00,0x07,0xFF,0xFF,0xFF,0xFF,0x00,0x00,0x00,0x7F,0xFF,0xFF,0xFF,0xC0,0x00,0x00,0x07,
  0xFF,0xFF,0xFF,0xE0,0x00,0x00,0x00,0x7F,0xFF,0xFF,0xE0,0x00,0x00,0xFF,0xF8,0x00,0x00,0x00,0x7F,0xFF,0xFF,0xE0,0x00,0x00,
  0x01,0xFF,0xFF,0xFF,0x80,0x00,0x00,0x07,0xFF,0xFF,0xFE,0x00,0x00,0x00,0x1F,0xFF,0xFF,0xF8,0x00,0x00,0x00,0x7F,0xFF,0xFF,
  0xE0,0x00,0x00,0x01,0xFF,0xFF,0xFF,0x80,0x00,0x00,0x07,0xFF,0xFF,0xFE,0x00,0x00,0x00,0x1F,0xFF,0xFF,0xF8,0x00,0x00,0x00,
  0x7F,0xFF,0xFF,0xE0,0x00,0x00,0x01,0xFF,0xFF,0xFF,0x80,0x00,0x00,0x07,0xFF,0xFF,0xFE,0x00,0x00,0x00,0x1F,0xFF,0xFF,0xF8,
  0x00,0x00,0x00,0x7F,0xFF,0xFF,0xE0,0x00,0x00,0x01,0xFF,0xFF,0xFF,0x80,0x00,0x00,0x07,0xFF,0xFF,0xFE,0x00,0x00,0x00,0x1F,
  0xFF,0xFF,0xF8,0x00,0x00,0x00,0x7F,0xFF,0xFF,0xE0,0x00,0x00,0x01,0xFF,0xFF,0xFF,0x80,0x00,0x00,0x07,0xFF,0xFF,0xFE,0x00,
  0x00,0x00,0x1F,0xFF,0xFF,0xF8,0x00,0x00,0x00,0x7F,0xFF,0xFF,0xE0,0x00,0x00,0x01,0xFF,0xFF,0xFF,0x80,0x00,0x00,0x07,0xFF,
  0xFF,0xFE,0x00,0x00,0x00,0x1F,0xFF,0xFF,0xF8,0x00,0x00,0x00,0x7F,0xFF,0xFF,0xE0,0x00,0x00,0x01,0xFF,0xFF,0xFF,0x80,0x00,
  0x00,0x07,0xFF,0xFF,0xFF,0xFE,0x00,0x00,0x1F,0xFF,0xFF,0xFF,0xFF,0x80,0x00,0x7F,0xFF,0xFF,0xFF,0xFF,0x80,0x01,0xFF,0xFF,
  0xFF,0xFF,0xFF,0x80,0x07,0xFF,0xFF,0xFF,0xFF,0xFF,0x00,0x1F,0xFF,0xFF,0xFF,0xFF,0xFE,0x00,0x7F,0xFF,0xFF,0xFF,0xFF,0xFC,
  0x01,0xFF,0xFF,0xFF,0xFF,0xFF,0xF8,0x07,0xFF,0xFF,0xFF,0xFF,0xFF,0xF0,0x1F,0xFF,0xFF,0xFF,0xFF,0xFF,0xC0,0x7F,0xFF,0xFF,
  0xE0,0x7F,0xFF,0x81,0xFF,0xFF,0xFF,0x80,0x7F,0xFE,0x07,0xFF,0xFF,0xFE,0x00,0xFF,0xFC,0x1F,0xFF,0xFF,0xF8,0x01,0xFF,0xF0,
  0x7F,0xFF,0xFF,0xE0,0x07,0xFF,0xC1,0xFF,0xFF,0xFF,0x80,0x0F,0xFF,0x87,0xFF,0xFF,0xFE,0x00,0x3F,0xFE,0x1F,0xFF,0xFF,0xF8,
  0x00,0xFF,0xF8,0x7F,0xFF,0xFF,0xE0,0x03,0xFF,0xE1,0xFF,0xFF,0xFF,0x80,0x0F,0xFF,0x87,0xFF,0xFF,0xFE,0x00,0x1F,0xFE,0x1F,
  0xFF,0xFF,0xF8,0x00,0xFF,0xF8,0x7F,0xFF,0xFF,0xE0,0x03,0xFF,0xE1,0xFF,0xFF,0xFF,0x80,0x0F,0xFF,0x87,0xFF,0xFF,0xFE,0x00,
  0x3F,0xFE,0x1F,0xFF,0xFF,0xF8,0x00,0xFF,0xF0,0x7F,0xFF,0xFF,0xE0,0x07,0xFF,0xC1,0xFF,0xFF,0xFF,0x80,0x1F,0xFF,0x07,0xFF,
  0xFF,0xFE,0x00,0xFF,0xF8,0x1F,0xFF,0xFF,0xF8,0x0F,0xFF,0xE0,0x7F,0xFF,0xFF,0xFF,0xFF,0xFF,0x81,0xFF,0xFF,0xFF,0xFF,0xFF,
  0xFC,0x07,0xFF,0xFF,0xFF,0xFF,0xFF,0xE0,0x1F,0xFF,0xFF,0xFF,0xFF,0xFF,0x80,0x7F,0xFF,0xFF,0xFF,0xFF,0xFC,0x01,0xFF,0xFF,
  0xFF,0xFF,0xFF,0xE0,0x07,0xFF,0xFF,0xFF,0xFF,0xFE,0x00,0x1F,0xFF,0xFF,0xFF,0xFF,0xF0,0x00,0x7F,0xFF,0xFF,0xFF,0xFF,0x00,
  0x01,0xFF,0xFF,0xFF,0xFF,0xF0,0x00,0x07,0xFF,0xFF,0xFF,0xFC,0x00,0x00,0x1F,0xFF,0xFF,0xFE,0x00,0x00,0x00,0x00,0x0F,0xFF,
  0xE0,0x00,0x00,0x00,0x00,0xFF,0xFE,0x00,0x00,0x00,0x00,0x0F,0xFF,0xE0,0x00,0x00,0x00,0x00,0xFF,0xFE,0x00,0x00,0x00,0x00,
  0x0F,0xFF,0xE0,0x00,0x00,0x00,0x00,0xFF,0xFE,0x00,0x00,0x00,0x00,0x0F,0xFF,0xE0,0x00,0x00,0x00,0x00,0xFF,0xFE,0x00,0x00,
  0x00,0x00,0x0F,0xFF,0xE0,0x00,0x00,0x00,0x00,0xFF,0xFE,0x00,0x00,0x00,0x00,0x0F,0xFF,0xE0,0x00,0x00,0x00,0x00,0xFF,0xFE,
  0x00,0x00,0x00,0x00,0x0F,0xFF,0xE0,0x00,0x00,0x00,0x00,0xFF,0xFE,0x00,0x00,0x00,0x00,0x0F,0xFF,0xE0,0x00,0x00,0x00,0x00,
  0xFF,0xFE,0x00,0x00,0x00,0x00,0x0F,0xFF,0xE0,0x00,0x00,0x00,0x00,0xFF,0xFE,0x00,0x00,0x00,0x00,0x0F,0xFF,0xE0,0x00,0x00,
  0x00,0x00,0xFF,0xFE,0x00,0x00,0x00,0x00,0x0F,0xFF,0xE0,0x00,0x00,0x00,0x00,0xFF,0xFE,0x00,0x00,0x00,0x00,0x0F,0xFF,0xE0,
  0x00,0x00,0x00,0x00,0xFF,0xFE,0x00,0x00,0x00,0x00,0x0F,0xFF,0xE0,0x00,0x00,0x00,0x00,0xFF,0xFF,0xFF,0xFF,0x80,0x00,0x0F,
  0xFF,0xFF,0xFF,0xFF,0xC0,0x00,0xFF,0xFF,0xFF,0xFF,0xFF,0x00,0x0F,0xFF,0xFF,0xFF,0xFF,0xFC,0x00,0xFF,0xFF,0xFF,0xFF,0xFF,
  0xF0,0x0F,0xFF,0xFF,0xFF,0xFF,0xFF,0xC0,0xFF,0xFF,0xFF,0xFF,0xFF,0xFE,0x0F,0xFF,0xFF,0xFF,0xFF,0xFF,0xF0,0xFF,0xFF,0xFF,
  0xFF,0xFF,0xFF,0x8F,0xFF,0xFF,0xFF,0xFF,0xFF,0xF8,0xFF,0xFF,0xFF,0xFF,0xFF,0xFF,0xCF,0xFF,0xE0,0x1F,0xFF,0xFF,0xFC,0xFF,
  0xFE,0x00,0x01,0xFF,0xFF,0xEF,0xFF,0xE0,0x00,0x07,0xFF,0xFE,0xFF,0xFE,0x00,0x00,0x1F,0xFF,0xFF,0xFF,0xE0,0x00,0x00,0xFF,
  0xFF,0xFF,0xFE,0x00,0x00,0x0F,0xFF,0xFF,0xFF,0xE0,0x00,0x00,0x7F,0xFF,0xFF,0xFE,0x00,0x00,0x07,0xFF,0xFF,0xFF,0xE0,0x00,
  0x00,0x7F,0xFF,0xFF,0xFE,0x00,0x00,0x07,0xFF,0xFF,0xFF,0xE0,0x00,0x00,0x7F,0xFF,0xFF,0xFE,0x00,0x00,0x07,0xFF,0xFF,0xFF,
  0xE0,0x00,0x00,0x7F,0xFF,0xFF,0xFE,0x00,0x00,0x07,0xFF,0xFF,0xFF,0xE0,0x00,0x00,0xFF,0xFF,0xFF,0xFE,0x00,0x00,0x1F,0xFF,
  0xFF,0xFF,0xE0,0x00,0x03,0xFF,0xFE,0xFF,0xFE,0x00,0x00,0x7F,0xFF,0xEF,0xFF,0xE0,0x00,0x3F,0xFF,0xFC,0xFF,0xFF,0xFF,0xFF,
  0xFF,0xFF,0xCF,0xFF,0xFF,0xFF,0xFF,0xFF,0xF8,0xFF,0xFF,0xFF,0xFF,0xFF,0xFF,0x8F,0xFF,0xFF,0xFF,0xFF,0xFF,0xF0,0xFF,0xFF,
  0xFF,0xFF,0xFF,0xFE,0x0F,0xFF,0xFF,0xFF,0xFF,0xFF,0xC0,0xFF,0xFF,0xFF,0xFF,0xFF,0xF8,0x0F,0xFF,0xFF,0xFF,0xFF,0xFE,0x00,
  0xFF,0xFF,0xFF,0xFF,0xFF,0x80,0x0F,0xFF,0xFF,0xFF,0xFF,0xE0,0x00,0xFF,0xFF,0xFF,0xFF,0xF0,0x00,0x0F,0xFF,0xFF,0xFF,0xF0,
  0x00,0x00,0x00,0x00,0x0F,0xFF,0x80,0x00,0x00,0x00,0x00,0xFF,0xFF,0xF0,0x00,0x00,0x00,0x0F,0xFF,0xFF,0xFC,0x00,0x00,0x00,
  0x3F,0xFF,0xFF,0xFE,0x00,0x00,0x01,0xFF,0xFF,0xFF,0xFE,0x00,0x00,0x07,0xFF,0xFF,0xFF,0xFE,0x00,0x00,0x1F,0xFF,0xFF,0xFF,
  0xFF,0x00,0x00,0x7F,0xFF,0xFF,0xFF,0xFF,0x00,0x01,0xFF,0xFF,0xFF,0xFF,0xFF,0x00,0x07,0xFF,0xFF,0xFF,0xFF,0xFE,0x00,0x1F,
  0xFF,0xFF,0xFF,0xFF,0xFE,0x00,0x3F,0xFF,0xFF,0xFF,0xFF,0xFE,0x00,0xFF,0xFF,0xC0,0x1F,0xFF,0xFC,0x01,0xFF,0xFF,0x00,0x0F,
  0xFF,0xFC,0x07,0xFF,0xFC,0x00,0x0F,0xFF,0xF8,0x0F,0xFF,0xF0,0x00,0x0F,0xFF,0xF8,0x3F,0xFF,0xC0,0x00,0x0F,0xFF,0xF0,0x7F,
  0xFF,0x00,0x00,0x1F,0xFF,0xE0,0xFF,0xFE,0x00,0x00,0x1F,0xFF,0xE3,0xFF,0xF8,0x00,0x00,0x3F,0xFF,0xC0,0xFF,0xF0,0x00,0x00,
  0x3F,0xFF,0x80,0x0F,0xE0,0x00,0x00,0x7F,0xFF,0x80,0x01,0x80,0x00,0x00,0xFF,0xFF,0x00,0x00,0x00,0x00,0x00,0xFF,0xFE,0x00,
  0x00,0x00,0x00,0x01,0xFF,0xFC,0x00,0x00,0x00,0x00,0x03,0xFF,0xF8,0x00,0x00,0x00,0x00,0x07,0xFF,0xF0,0x00,0x00,0x00,0x00,
  0x0F,0xFF,0xE0,0x00,0x00,0x00,0x00,0x0F,0xFF,0xE0,0x00,0x01,0xFF,0xFF,0xFF,0xFF,0xC0,0x00,0x03,0xFF,0xFF,0xFF,0xFF,0x80,
  0x00,0x07,0xFF,0xFF,0xFF,0xFF,0x00,0x00,0x0F,0xFF,0xFF,0xFF,0xFE,0x00,0x00,0x1F,0xFF,0xFF,0xFF,0xFC,0x00,0x00,0x3F,0xFF,
  0xFF,0xFF,0xF8,0x00,0x00,0x7F,0xFF,0xFF,0xFF,0xF0,0x00,0x00,0xFF,0xFF,0xFF,0xFF,0xE0,0x00,0x01,0xFF,0xFF,0xFF,0xFF,0xC0,
  0x00,0x03,0xFF,0xFF,0xFF,0xFF,0x80,0x00,0x07,0xFF,0xFF,0xFF,0xFF,0x00,0x00,0x0F,0xFF,0xFF,0xFF,0xFE,0x00,0x00,0x00,0x00,
  0x01,0xFF,0xFC,0x00,0x00,0x00,0x00,0x07,0xFF,0xF0,0x00,0x00,0x00,0x00,0x0F,0xFF,0xE0,0x00,0x00,0x00,0x00,0x1F,0xFF,0xC0,
  0x00,0x00,0x00,0x00,0x3F,0xFF,0x80,0x07,0x00,0x00,0x00,0x7F,0xFF,0x03,0xFE,0x00,0x00,0x01,0xFF,0xFE,0xFF,0xFE,0x00,0x00,
  0x03,0xFF,0xF9,0xFF,0xFC,0x00,0x00,0x07,0xFF,0xF3,0xFF,0xF8,0x00,0x00,0x1F,0xFF,0xE3,0xFF,0xF8,0x00,0x00,0x3F,0xFF,0x87,
  0xFF,0xF8,0x00,0x00,0xFF,0xFF,0x07,0xFF,0xF0,0x00,0x03,0xFF,0xFE,0x0F,0xFF,0xF0,0x00,0x07,0xFF,0xF8,0x0F,0xFF,0xF0,0x00,
  0x1F,0xFF,0xF0,0x1F,0xFF,0xF0,0x00,0xFF,0xFF,0xC0,0x1F,0xFF,0xF8,0x07,0xFF,0xFF,0x80,0x3F,0xFF,0xFF,0xFF,0xFF,0xFE,0x00,
  0x3F,0xFF,0xFF,0xFF,0xFF,0xFC,0x00,0x3F,0xFF,0xFF,0xFF,0xFF,0xF0,0x00,0x7F,0xFF,0xFF,0xFF,0xFF,0xC0,0x00,0x7F,0xFF,0xFF,
  0xFF,0xFF,0x00,0x00,0x7F,0xFF,0xFF,0xFF,0xFC,0x00,0x00,0x7F,0xFF,0xFF,0xFF,0xF0,0x00,0x00,0x3F,0xFF,0xFF,0xFF,0x80,0x00,
  0x00,0x3F,0xFF,0xFF,0xFE,0x00,0x00,0x00,0x1F,0xFF,0xFF,0xF0,0x00,0x00,0x00,0x0F,0xFF,0xFF,0x00,0x00,0x00,0x00,0x01,0xFF,
  0xE0,0x00,0x00,0x00,0x00,0x00,0x00,0x00,0xFF,0x00,0x01,0xFF,0xE0,0x00,0x0F,0xFF,0xC0,0x03,0xFF,0xC0,0x00,0x7F,0xFF,0xC0,
  0x07,0xFF,0x80,0x01,0xFF,0xFF,0xE0,0x0F,0xFF,0x00,0x07,0xFF,0xFF,0xE0,0x1F,0xFE,0x00,0x1F,0xFF,0xFF,0xE0,0x3F,0xFC,0x00,
  0x7F,0xFF,0xFF,0xC0,0x7F,0xF8,0x01,0xFF,0xFF,0xFF,0xC0,0xFF,0xF0,0x03,0xFF,0xFF,0xFF,0xC1,0xFF,0xE0,0x0F,0xFF,0xFF,0xFF,
  0x83,0xFF,0xC0,0x1F,0xFF,0x0F,0xFF,0x87,0xFF,0x80,0x7F,0xFC,0x0F,0xFF,0x0F,0xFF,0x00,0xFF,0xF0,0x0F,0xFF,0x1F,0xFE,0x01,
  0xFF,0xC0,0x1F,0xFE,0x3F,0xFC,0x07,0xFF,0x80,0x1F,0xFC,0x7F,0xF8,0x0F,0xFF,0x00,0x3F,0xFC,0xFF,0xF0,0x1F,0xFC,0x00,0x7F,
  0xF9,0xFF,0xE0,0x7F,0xF8,0x00,0x7F,0xF3,0xFF,0xC0,0xFF,0xF0,0x00,0xFF,0xE7,0xFF,0x81,0xFF,0xE0,0x01,0xFF,0xEF,0xFF,0x03,
  0xFF,0xC0,0x03,0xFF,0xDF,0xFE,0x07,0xFF,0x00,0x07,0xFF,0xBF,0xFC,0x1F,0xFE,0x00,0x0F,0xFF,0x7F,0xF8,0x3F,0xFC,0x00,0x1F,
  0xFE,0xFF,0xF0,0x7F,0xF8,0x00,0x3F,0xFD,0xFF,0xE0,0xFF,0xF0,0x00,0x3F,0xFB,0xFF,0xC1,0xFF,0xE0,0x00,0x7F,0xFF,0xFF,0x83,
  0xFF,0xC0,0x00,0xFF,0xFF,0xFF,0x07,0xFF,0x80,0x01,0xFF,0xFF,0xFE,0x0F,0xFF,0x00,0x03,0xFF,0xFF,0xFF,0xFF,0xFE,0x00,0x07,
  0xFF,0xFF,0xFF,0xFF,0xFC,0x00,0x0F,0xFF,0xFF,0xFF,0xFF,0xF8,0x00,0x1F,0xFF,0xFF,0xFF,0xFF,0xF0,0x00,0x3F,0xFF,0xFF,0xFF,
  0xFF,0xE0,0x00,0x7F,0xFF,0xFF,0xFF,0xFF,0xC0,0x00,0xFF,0xFF,0xFF,0xFF,0xFF,0x80,0x01,0xFF,0xFF,0xFF,0xFF,0xFF,0x00,0x03,
  0xFF,0xFF,0xFF,0xFF,0xFE,0x00,0x07,0xFF,0xFF,0xF8,0x3F,0xFC,0x00,0x0F,0xFF,0xFF,0xF0,0x7F,0xF8,0x00,0x1F,0xFF,0xFF,0xE0,
  0xFF,0xF0,0x00,0x3F,0xFF,0xFF,0xC1,0xFF,0xE0,0x00,0x7F,0xFF,0xFF,0x83,0xFF,0xC0,0x00,0xFF,0xFF,0xFF,0x07,0xFF,0x80,0x03,
  0xFF,0xDF,0xFE,0x0F,0xFF,0x00,0x07,0xFF,0xBF,0xFC,0x1F,0xFE,0x00,0x0F,0xFF,0x7F,0xF8,0x1F,0xFC,0x00,0x1F,0xFE,0xFF,0xF0,
  0x3F,0xFC,0x00,0x3F,0xFD,0xFF,0xE0,0x7F,0xF8,0x00,0x7F,0xFB,0xFF,0xC0,0xFF,0xF0,0x00,0xFF,0xF7,0xFF,0x81,0xFF,0xE0,0x01,
  0xFF,0xCF,0xFF,0x01,0xFF,0xC0,0x07,0xFF,0x9F,0xFE,0x03,0xFF,0x80,0x0F,0xFF,0x3F,0xFC,0x07,0xFF,0x80,0x1F,0xFE,0x7F,0xF8,
  0x0F,0xFF,0x00,0x3F,0xF8,0xFF,0xF0,0x0F,0xFE,0x00,0xFF,0xF1,0xFF,0xE0,0x1F,0xFE,0x01,0xFF,0xC3,0xFF,0xC0,0x1F,0xFE,0x07,
  0xFF,0x87,0xFF,0x80,0x3F,0xFE,0x1F,0xFF,0x0F,0xFF,0x00,0x7F,0xFF,0xFF,0xFC,0x1F,0xFE,0x00,0x7F,0xFF,0xFF,0xF8,0x3F,0xFC,
  0x00,0x7F,0xFF,0xFF,0xE0,0x7F,0xF8,0x00,0xFF,0xFF,0xFF,0x80,0xFF,0xF0,0x00,0xFF,0xFF,0xFF,0x01,0xFF,0xE0,0x00,0xFF,0xFF,
  0xFC,0x03,0xFF,0xC0,0x00,0xFF,0xFF,0xF0,0x07,0xFF,0x80,0x00,0xFF,0xFF,0x80,0x0F,0xFF,0x00,0x00,0x7F,0xFE,0x00,0x00,0x00,
  0x00,0x00,0x1F,0xE0,0x00,0x00,0x00,0x00,0x03,0xFF,0xFF,0xFF,0xFE,0x00,0x00,0xFF,0xFF,0xFF,0xFF,0xFC,0x00,0x07,0xFF,0xFF,
  0xFF,0xFF,0xF8,0x00,0x3F,0xFF,0xFF,0xFF,0xFF,0xF0,0x01,0xFF,0xFF,0xFF,0xFF,0xFF,0xE0,0x07,0xFF,0xFF,0xFF,0xFF,0xFF,0xC0,
  0x1F,0xFF,0xFF,0xFF,0xFF,0xFF,0x80,0x7F,0xFF,0xFF,0xFF,0xFF,0xFF,0x01,0xFF,0xFF,0xFF,0xFF,0xFF,0xFE,0x07,0xFF,0xFF,0xFF,
  0xFF,0xFF,0xFC,0x0F,0xFF,0xFF,0xFF,0xFF,0xFF,0xF8,0x3F,0xFF,0xFF,0xFF,0xFF,0xFF,0xF0,0x7F,0xFF,0xF0,0x00,0x0F,0xFF,0xE1,
  0xFF,0xFF,0x80,0x00,0x1F,0xFF,0xC3,0xFF,0xFE,0x00,0x00,0x3F,0xFF,0x87,0xFF,0xF8,0x00,0x00,0x7F,0xFF,0x0F,0xFF,0xE0,0x00,
  0x00,0xFF,0xFE,0x1F,0xFF,0xC0,0x00,0x01,0xFF,0xFC,0x3F,0xFF,0x80,0x00,0x03,0xFF,0xF8,0x7F,0xFF,0x00,0x00,0x07,0xFF,0xF0,
  0xFF,0xFE,0x00,0x00,0x0F,0xFF,0xE1,0xFF,0xFC,0x00,0x00,0x1F,0xFF,0xC3,0xFF,0xF8,0x00,0x00,0x3F,0xFF,0x87,0xFF,0xF0,0x00,
  0x00,0x7F,0xFF,0x0F,0xFF,0xE0,0x00,0x00,0xFF,0xFE,0x1F,0xFF,0xE0,0x00,0x01,0xFF,0xFC,0x1F,0xFF,0xE0,0x00,0x03,0xFF,0xF8,
  0x3F,0xFF,0xE0,0x00,0x07,0xFF,0xF0,0x7F,0xFF,0xE0,0x00,0x0F,0xFF,0xE0,0x7F,0xFF,0xFC,0x00,0x1F,0xFF,0xC0,0x7F,0xFF,0xFF,
  0xFF,0xFF,0xFF,0x80,0xFF,0xFF,0xFF,0xFF,0xFF,0xFF,0x00,0xFF,0xFF,0xFF,0xFF,0xFF,0xFE,0x00,0xFF,0xFF,0xFF,0xFF,0xFF,0xFC,
  0x00,0xFF,0xFF,0xFF,0xFF,0xFF,0xF8,0x00,0x7F,0xFF,0xFF,0xFF,0xFF,0xF0,0x00,0x7F,0xFF,0xFF,0xFF,0xFF,0xE0,0x00,0x3F,0xFF,
  0xFF,0xFF,0xFF,0xC0,0x00,0x1F,0xFF,0xFF,0xFF,0xFF,0x80,0x00,0x3F,0xFF,0xFF,0xFF,0xFF,0x00,0x00,0xFF,0xFF,0xFF,0xFF,0xFE,
  0x00,0x01,0xFF,0xFF,0xFF,0xFF,0xFC,0x00,0x07,0xFF,0xF8,0x03,0xFF,0xF8,0x00,0x1F,0xFF,0xE0,0x07,0xFF,0xF0,0x00,0x3F,0xFF,
  0xC0,0x0F,0xFF,0xE0,0x00,0xFF,0xFF,0x00,0x1F,0xFF,0xC0,0x01,0xFF,0xFE,0x00,0x3F,0xFF,0x80,0x07,0xFF,0xF8,0x00,0x7F,0xFF,
  0x00,0x1F,0xFF,0xF0,0x00,0xFF,0xFE,0x00,0x3F,0xFF,0xC0,0x01,0xFF,0xFC,0x00,0xFF,0xFF,0x00,0x03,0xFF,0xF8,0x01,0xFF,0xFE,
  0x00,0x07,0xFF,0xF0,0x07,0xFF,0xF8,0x00,0x0F,0xFF,0xE0,0x0F,0xFF,0xF0,0x00,0x1F,0xFF,0xC0,0x3F,0xFF,0xC0,0x00,0x3F,0xFF,
  0x80,0xFF,0xFF,0x80,0x00,0x7F,0xFF,0x01,0xFF,0xFE,0x00,0x00,0xFF,0xFE,0x07,0xFF,0xFC,0x00,0x01,0xFF,0xFC,0x0F,0xFF,0xF0,
  0x00,0x03,0xFF,0xF8,0x3F,0xFF,0xC0,0x00,0x07,0xFF,0xF0,0xFF,0xFF,0x80,0x00,0x0F,0xFF,0xE1,0xFF,0xFE,0x00,0x00,0x1F,0xFF,
  0xC7,0xFF,0xFC,0x00,0x00,0x3F,0xFF,0x8F,0xFF,0xF0,0x00,0x00,0x7F,0xFF,0x3F,0xFF,0xE0,0x00,0x00,0xFF,0xFE,0xFF,0xFF,0x80,
  0x00,0x01,0xFF,0xFD,0xFF,0xFF,0x00,0x00,0x03,0xFF,0xFF,0xFF,0xFC,0x00,0x00,0x07,0xFF,0xF0,0x00,0x00,0x1F,0xFF,0x00,0x00,
  0x00,0x00,0x07,0xFF,0xFF,0xC0,0x00,0x00,0x00,0xFF,0xFF,0xFF,0xC0,0x00,0x00,0x07,0xFF,0xFF,0xFF,0x80,0x00,0x00,0x7F,0xFF,
  0xFF,0xFF,0x80,0x00,0x03,0xFF,0xFF,0xFF,0xFF,0x00,0x00,0x1F,0xFF,0xFF,0xFF,0xFE,0x00,0x00,0xFF,0xFF,0xFF,0xFF,0xFC,0x00,
  0x03,0xFF,0xFF,0xFF,0xFF,0xF0,0x00,0x1F,0xFF,0xF8,0x7F,0xFF,0xE0,0x00,0xFF,0xFF,0x00,0x7F,0xFF,0x80,0x03,0xFF,0xF8,0x00,
  0xFF,0xFF,0x00,0x0F,0xFF,0xE0,0x01,0xFF,0xFC,0x00,0x7F,0xFF,0x00,0x03,0xFF,0xF0,0x01,0xFF,0xFC,0x00,0x0F,0xFF,0xC0,0x07,
  0xFF,0xF0,0x00,0x3F,0xFF,0x00,0x03,0xFF,0xC0,0x00,0xFF,0xFE,0x00,0x00,0x00,0x00,0x03,0xFF,0xF8,0x00,0x00,0x00,0x00,0x0F,
  0xFF,0xE0,0x00,0x00,0x00,0x00,0x3F,0xFF,0x80,0x00,0x00,0x00,0x00,0xFF,0xFE,0x00,0x00,0x00,0x00,0x03,0xFF,0xF8,0x00,0x00,
  0x0F,0xFF,0xFF,0xFF,0xE0,0x00,0x03,0xFF,0xFF,0xFF,0xFF,0x80,0x00,0x7F,0xFF,0xFF,0xFF,0xFE,0x00,0x07,0xFF,0xFF,0xFF,0xFF,
  0xF8,0x00,0x3F,0xFF,0xFF,0xFF,0xFF,0xE0,0x01,0xFF,0xFF,0xFF,0xFF,0xFF,0x80,0x0F,0xFF,0xFF,0xFF,0xFF,0xFE,0x00,0x7F,0xFF,
  0xFF,0xFF,0xFF,0xF8,0x03,0xFF,0xFF,0xC0,0x0F,0xFF,0xE0,0x0F,0xFF,0xF8,0x00,0x3F,0xFF,0x80,0x7F,0xFF,0x80,0x00,0xFF,0xFE,
  0x01,0xFF,0xFC,0x00,0x03,0xFF,0xF8,0x07,0xFF,0xF0,0x00,0x0F,0xFF,0xE0,0x1F,0xFF,0x80,0x00,0x3F,0xFF,0x80,0xFF,0xFE,0x00,
  0x00,0xFF,0xFE,0x03,0xFF,0xF8,0x00,0x03,0xFF,0xF8,0x0F,0xFF,0xE0,0x00,0x1F,0xFF,0xE0,0x3F,0xFF,0x80,0x00,0x7F,0xFF,0x80,
  0xFF,0xFE,0x00,0x03,0xFF,0xFE,0x03,0xFF,0xF8,0x00,0x0F,0xFF,0xF8,0x0F,0xFF,0xF0,0x00,0x7F,0xFF,0xE0,0x1F,0xFF,0xC0,0x03,
  0xFF,0xFF,0x80,0x7F,0xFF,0x80,0x1F,0xFF,0xFE,0x01,0xFF,0xFF,0x03,0xFF,0xFF,0xFC,0x07,0xFF,0xFF,0xFF,0xFB,0xFF,0xF8,0x0F,
  0xFF,0xFF,0xFF,0xE7,0xFF,0xFF,0x3F,0xFF,0xFF,0xFF,0x1F,0xFF,0xFC,0x7F,0xFF,0xFF,0xF8,0x7F,0xFF,0xF0,0xFF,0xFF,0xFF,0xC0,
  0xFF,0xFF,0xC3,0xFF,0xFF,0xFE,0x03,0xFF,0xFF,0x03,0xFF,0xFF,0xF0,0x07,0xFF,0xFC,0x07,0xFF,0xFF,0x80,0x0F,0xFF,0xF0,0x07,
  0xFF,0xF8,0x00,0x1F,0xFF,0xC0,0x03,0xFF,0x00,0x00,0x07,0xE0,0x00,0x00,0x00,0x00,0x00,0x03,0xC0,0x00,0x00,0x00,0x00,0x1F,
  0xFE,0x00,0x00,0x00,0x00,0x3F,0xFF,0xF0,0x00,0x00,0x00,0x3F,0xFF,0xFF,0x80,0x00,0x00,0x1F,0xFF,0xFF,0xFC,0x00,0x00,0x07,
  0xFF,0xFF,0xFF,0xE0,0x00,0x00,0xFF,0xFF,0xFF,0xFF,0x00,0x00,0x1F,0xFF,0xFF,0xFF,0xF8,0x00,0x03,0xFF,0xFF,0xFF,0xFF,0xC0,
  0x00,0x3F,0xFF,0xFF,0xFF,0xFE,0x00,0x07,0xFF,0xFF,0xFF,0xFF,0xF0,0x00,0x7F,0xFF,0xFF,0xFF,0xFF,0x80,0x07,0xFF,0xFF,0xFF,
  0xFF,0x80,0x00,0x7F,0xFF,0xFF,0xFC,0x00,0x00,0x03,0xFF,0xFF,0xF8,0x00,0x00,0x00,0x3F,0xFF,0xFC,0x00,0x00,0x00,0x03,0xFF,
  0xFE,0x00,0x00,0x00,0x00,0x3F,0xFF,0x80,0x00,0x00,0x00,0x01,0xFF,0xF0,0x00,0x00,0x00,0x00,0x1F,0xFE,0x00,0x00,0x00,0x00,
  0x00,0xFF,0xE0,0x00,0x00,0x00,0x00,0x0F,0xFE,0x00,0x00,0x00,0x00,0x00,0x7F,0xE0,0x00,0x00,0x00,0x00,0x03,0xFE,0x00,0x00,
  0x00,0x00,0x00,0x3F,0xF0,0x00,0xFF,0xF0,0x00,0x01,0xFF,0x00,0x3F,0xFF,0xF8,0x00,0x0F,0xF8,0x0F,0xFF,0xFF,0xF0,0x00,0x7F,
  0x80,0xFF,0xFF,0xFF,0xE0,0x07,0xFC,0x0F,0xFF,0xFF,0xFF,0x80,0x3F,0xE1,0xFF,0xFF,0xFF,0xFE,0x01,0xFE,0x1F,0xFF,0xFF,0xFF,
  0xF8,0x0F,0xF0,0xFF,0xFF,0xFF,0xFF,0xE0,0x7F,0x8F,0xFF,0xFF,0xFF,0xFF,0x83,0xFC,0xFF,0xFF,0xFF,0xFF,0xFC,0x3F,0xE7,0xFF,
  0x80,0x7F,0xFF,0xF1,0xFF,0x7F,0xF0,0x00,0xFF,0xFF,0x8F,0xFB,0xFE,0x00,0x03,0xFF,0xFE,0x7F,0xFF,0xE0,0x00,0x0F,0xFF,0xF3,
  0xFF,0xFF,0x00,0x00,0x3F,0xFF,0x9F,0xFF,0xF0,0x00,0x01,0xFF,0xFE,0xFF,0xFF,0x80,0x00,0x07,0xFF,0xF7,0xFF,0xF8,0x00,0x00,
  0x3F,0xFF,0xBF,0xFF,0xC0,0x00,0x01,0xFF,0xFD,0xFF,0xFE,0x00,0x00,0x0F,0xFF,0xFF,0xFF,0xF0,0x00,0x00,0x3F,0xFF,0xFF,0xFF,
  0x00,0x00,0x01,0xFF,0xFF,0xFF,0xF8,0x00,0x00,0x0F,0xFF,0xFF,0xFF,0xC0,0x00,0x00,0x7F,0xFF,0xFF,0xFE,0x00,0x00,0x03,0xFF,
  0xFF,0xFF,0xF0,0x00,0x00,0x1F,0xFF,0xFF,0xFF,0x80,0x00,0x00,0xFF,0xFF,0xFF,0xFC,0x00,0x00,0x07,0xFF,0xF7,0xFF,0xE0,0x00,
  0x00,0x3F,0xFF,0xBF,0xFF,0x00,0x00,0x01,0xFF,0xFD,0xFF,0xF8,0x00,0x00,0x0F,0xFF,0xEF,0xFF,0xC0,0x00,0x00,0x7F,0xFF,0x7F,
  0xFF,0x00,0x00,0x03,0xFF,0xFB,0xFF,0xF8,0x00,0x00,0x3F,0xFF,0x8F,0xFF,0xC0,0x00,0x01,0xFF,0xFC,0x7F,0xFE,0x00,0x00,0x0F,
  0xFF,0xE3,0xFF,0xF8,0x00,0x00,0x7F,0xFF,0x0F,0xFF,0xC0,0x00,0x07,0xFF,0xF0,0x7F,0xFF,0x00,0x00,0x3F,0xFF,0x83,0xFF,0xF8,
  0x00,0x03,0xFF,0xFC,0x0F,0xFF,0xE0,0x00,0x3F,0xFF,0xC0,0x7F,0xFF,0x80,0x03,0xFF,0xFE,0x01,0xFF,0xFF,0x00,0x7F,0xFF,0xE0,
  0x07,0xFF,0xFF,0xFF,0xFF,0xFF,0x00,0x3F,0xFF,0xFF,0xFF,0xFF,0xF0,0x00,0xFF,0xFF,0xFF,0xFF,0xFF,0x00,0x03,0xFF,0xFF,0xFF,
  0xFF,0xF0,0x00,0x0F,0xFF,0xFF,0xFF,0xFF,0x00,0x00,0x3F,0xFF,0xFF,0xFF,0xF0,0x00,0x00,0x7F,0xFF,0xFF,0xFE,0x00,0x00,0x00,
  0xFF,0xFF,0xFF,0xC0,0x00,0x00,0x01,0xFF,0xFF,0xF0,0x00,0x00,0x00,0x00,0xFF,0xF8,0x00,0x00,0x00,0xFF,0xFF,0xFF,0xFF,0x80,
  0x00,0x3F,0xFF,0xFF,0xFF,0xFF,0x00,0x0F,0xFF,0xFF,0xFF,0xFF,0xF8,0x03,0xFF,0xFF,0xFF,0xFF,0xFF,0x80,0xFF,0xFF,0xFF,0xFF,
  0xFF,0xF0,0x3F,0xFF,0xFF,0xFF,0xFF,0xFE,0x0F,0xFF,0xFF,0xFF,0xFF,0xFF,0xC3,0xFF,0xFF,0xFF,0xFF,0xFF,0xF8,0xFF,0xFF,0xFF,
  0xFF,0xFF,0xFF,0x3F,0xFF,0x00,0x01,0xFF,0xFF,0xCF,0xFF,0xC0,0x00,0x1F,0xFF,0xF3,0xFF,0xF0,0x00,0x03,0xFF,0xFC,0xFF,0xFC,
  0x00,0x00,0x7F,0xFF,0xBF,0xFF,0x00,0x00,0x1F,0xFF,0xEF,0xFF,0xC0,0x00,0x03,0xFF,0xFB,0xFF,0xF0,0x00,0x00,0xFF,0xFC,0xFF,
  0xFC,0x00,0x00,0x3F,0xFF,0x3F,0xFF,0x00,0x00,0x1F,0xFF,0xCF,0xFF,0xC0,0x00,0x07,0xFF,0xF3,0xFF,0xF0,0x00,0x03,0xFF,0xF8,
  0xFF,0xFC,0x00,0x01,0xFF,0xFC,0x3F,0xFF,0x00,0x03,0xFF,0xFE,0x0F,0xFF,0xFF,0xFF,0xFF,0xFF,0x03,0xFF,0xFF,0xFF,0xFF,0xFF,
  0x80,0xFF,0xFF,0xFF,0xFF,0xFF,0x80,0x3F,0xFF,0xFF,0xFF,0xFF,0x00,0x0F,0xFF,0xFF,0xFF,0xFF,0xE0,0x03,0xFF,0xFF,0xFF,0xFF,
  0xFF,0x00,0xFF,0xFF,0xFF,0xFF,0xFF,0xF0,0x3F,0xFF,0xFF,0xFF,0xFF,0xFF,0x0F,0xFF,0xFF,0xFF,0xFF,0xFF,0xE3,0xFF,0xF0,0x00,
  0x0F,0xFF,0xFC,0xFF,0xFC,0x00,0x00,0x7F,0xFF,0xBF,0xFF,0x00,0x00,0x0F,0xFF,0xEF,0xFF,0xC0,0x00,0x01,0xFF,0xFB,0xFF,0xF0,
  0x00,0x00,0x7F,0xFF,0xFF,0xFC,0x00,0x00,0x1F,0xFF,0xFF,0xFF,0x00,0x00,0x07,0xFF,0xFF,0xFF,0xC0,0x00,0x01,0xFF,0xFF,0xFF,
  0xF0,0x00,0x00,0x7F,0xFF,0xFF,0xFC,0x00,0x00,0x1F,0xFF,0xFF,0xFF,0x00,0x00,0x07,0xFF,0xFF,0xFF,0xC0,0x00,0x03,0xFF,0xFF,
  0xFF,0xF0,0x00,0x01,0xFF,0xFE,0xFF,0xFC,0x00,0x03,0xFF,0xFF,0xBF,0xFF,0xFF,0xFF,0xFF,0xFF,0xEF,0xFF,0xFF,0xFF,0xFF,0xFF,
  0xF3,0xFF,0xFF,0xFF,0xFF,0xFF,0xF8,0xFF,0xFF,0xFF,0xFF,0xFF,0xFC,0x3F,0xFF,0xFF,0xFF,0xFF,0xFE,0x0F,0xFF,0xFF,0xFF,0xFF,
  0xFF,0x03,0xFF,0xFF,0xFF,0xFF,0xFF,0x00,0xFF,0xFF,0xFF,0xFF,0xFE,0x00,0x3F,0xFF,0xFF,0xFF,0xF8,0x00,0x00,0xFF,0xFF,0xFF,
  0xFF,0xFF,0xFF,0xFF,0xFF,0xFF,0xFF,0xFF,0xFF,0xFF,0xFF,0xFF,0xFF,0xFF,0xFF,0xFF,0xFF,0xFF,0xFF,0xFF,0xFF,0xFF,0xFF,0xFF,
  0xFF,0xFF,0xFF,0xFF,0xFF,0xFF,0xFF,0xFF,0xFF,0xFF,0xFF,0xFF,0xFF,0xFF,0xFF,0xFF,0xFF,0xFF,0xFF,0xFF,0xFF,0xFF,0xFF,0xFF,
  0xFF,0xEF,0xFF,0xC0,0x00,0x00,0x03,0xFF,0xF0,0x00,0x00,0x00,0xFF,0xFC,0x00,0x00,0x00,0x3F,0xFF,0x00,0x00,0x00,0x0F,0xFF,
  0xC0,0x00,0x00,0x03,0xFF,0xF0,0x00,0x00,0x00,0xFF,0xFC,0x00,0x00,0x00,0x3F,0xFF,0x00,0x00,0x00,0x0F,0xFF,0xC0,0x00,0x00,
  0x03,0xFF,0xF0,0x00,0x00,0x00,0xFF,0xFC,0x00,0x00,0x00,0x3F,0xFF,0x00,0x00,0x00,0x0F,0xFF,0xC0,0x00,0x00,0x03,0xFF,0xF0,
  0x00,0x00,0x00,0xFF,0xFC,0x00,0x00,0x00,0x3F,0xFF,0x00,0x00,0x00,0x0F,0xFF,0xC0,0x00,0x00,0x03,0xFF,0xF0,0x00,0x00,0x00,
  0xFF,0xFC,0x00,0x00,0x00,0x3F,0xFF,0x00,0x00,0x00,0x0F,0xFF,0xC0,0x00,0x00,0x03,0xFF,0xF0,0x00,0x00,0x00,0xFF,0xFC,0x00,
  0x00,0x00,0x3F,0xFF,0x00,0x00,0x00,0x0F,0xFF,0xC0,0x00,0x00,0x03,0xFF,0xF0,0x00,0x00,0x00,0xFF,0xFC,0x00,0x00,0x00,0x3F,
  0xFF,0x00,0x00,0x00,0x0F,0xFF,0xC0,0x00,0x00,0x03,0xFF,0xF0,0x00,0x00,0x00,0xFF,0xFC,0x00,0x00,0x00,0x3F,0xFF,0x00,0x00,
  0x00,0x0F,0xFF,0xC0,0x00,0x00,0x03,0xFF,0xF0,0x00,0x00,0x00,0xFF,0xFC,0x00,0x00,0x00,0x3F,0xFF,0x00,0x00,0x00,0x0F,0xFF,
  0xC0,0x00,0x00,0x03,0xFF,0xF0,0x00,0x00,0x00,0xFF,0xFC,0x00,0x00,0x00,0x3F,0xFF,0x00,0x00,0x00,0x0F,0xFF,0xC0,0x00,0x00,
  0x03,0xFF,0xF0,0x00,0x00,0x00,0xFF,0xFC,0x00,0x00,0x00,0x3F,0xFF,0x00,0x00,0x00,0x00,0x00,0x00,0x7F,0xFF,0xFF,0xFF,0xE0,
  0x00,0x00,0x0F,0xFF,0xFF,0xFF,0xFC,0x00,0x00,0x01,0xFF,0xFF,0xFF,0xFF,0x80,0x00,0x00,0x3F,0xFF,0xFF,0xFF,0xF0,0x00,0x00,
  0x07,0xFF,0xFF,0xFF,0xFE,0x00,0x00,0x01,0xFF,0xFF,0xFF,0xFF,0xC0,0x00,0x00,0x3F,0xFF,0xFF,0xFF,0xF8,0x00,0x00,0x07,0xFF,
  0xFF,0xFF,0xFF,0x00,0x00,0x00,0xFF,0xFF,0xFF,0xFF,0xE0,0x00,0x00,0x1F,0xFF,0xFF,0xFF,0xFC,0x00,0x00,0x03,0xFF,0xE0,0x1F,
  0xFF,0x80,0x00,0x00,0xFF,0xF8,0x03,0xFF,0xF0,0x00,0x00,0x1F,0xFF,0x00,0x7F,0xFE,0x00,0x00,0x03,0xFF,0xE0,0x0F,0xFF,0xC0,
  0x00,0x00,0x7F,0xFC,0x01,0xFF,0xF8,0x00,0x00,0x0F,0xFF,0x80,0x3F,0xFF,0x00,0x00,0x01,0xFF,0xF0,0x07,0xFF,0xE0,0x00,0x00,
  0x7F,0xFE,0x00,0xFF,0xFC,0x00,0x00,0x0F,0xFF,0x80,0x1F,0xFF,0x80,0x00,0x01,0xFF,0xF0,0x03,0xFF,0xF0,0x00,0x00,0x3F,0xFE,
  0x00,0x7F,0xFE,0x00,0x00,0x07,0xFF,0xC0,0x0F,0xFF,0xC0,0x00,0x01,0xFF,0xF8,0x01,0xFF,0xF8,0x00,0x00,0x3F,0xFF,0x00,0x3F,
  0xFF,0x00,0x00,0x07,0xFF,0xC0,0x07,0xFF,0xE0,0x00,0x00,0xFF,0xF8,0x00,0xFF,0xFC,0x00,0x00,0x1F,0xFF,0x00,0x1F,0xFF,0x80,
  0x00,0x07,0xFF,0xE0,0x03,0xFF,0xF0,0x00,0x00,0xFF,0xFC,0x00,0x7F,0xFE,0x00,0x00,0x1F,0xFF,0x00,0x0F,0xFF,0xC0,0x00,0x03,
  0xFF,0xE0,0x01,0xFF,0xF8,0x00,0x00,0xFF,0xFC,0x00,0x3F,0xFF,0x00,0x00,0x1F,0xFF,0x80,0x07,0xFF,0xE0,0x00,0x03,0xFF,0xE0,
  0x00,0xFF,0xFC,0x00,0x00,0xFF,0xFC,0x00,0x1F,0xFF,0x80,0x00,0x1F,0xFF,0x80,0x03,0xFF,0xF0,0x00,0x03,0xFF,0xE0,0x00,0x7F,
  0xFE,0x00,0x00,0xFF,0xFC,0x00,0x0F,0xFF,0xC0,0x00,0x1F,0xFF,0x80,0x01,0xFF,0xF8,0x00,0x03,0xFF,0xE0,0x00,0x3F,0xFF,0x00,
  0x00,0xFF,0xFC,0x00,0x07,0xFF,0xE0,0x00,0x1F,0xFF,0x80,0x00,0xFF,0xFC,0x00,0x07,0xFF,0xE0,0x00,0x1F,0xFF,0x80,0x01,0xFF,
  0xFC,0x00,0x03,0xFF,0xF0,0x0F,0xFF,0xFF,0xFF,0xFF,0xFF,0xFF,0xFD,0xFF,0xFF,0xFF,0xFF,0xFF,0xFF,0xFF,0xFF,0xFF,0xFF,0xFF,
  0xFF,0xFF,0xFF,0xFF,0xFF,0xFF,0xFF,0xFF,0xFF,0xFF,0xFF,0xFF,0xFF,0xFF,0xFF,0xFF,0xFF,0xFF,0xFF,0xFF,0xFF,0xFF,0xFF,0xFF,
  0xFF,0xFF,0xFF,0xFF,0xFF,0xFF,0xFF,0xFF,0xFF,0xFF,0xFF,0xFF,0xFF,0xFF,0xFF,0xFF,0xFF,0xFF,0xFF,0xFF,0xFF,0xFF,0xFF,0xFF,
  0xFF,0xFF,0xFF,0xFF,0xFF,0xFF,0xFF,0xFF,0xFC,0x00,0x00,0x00,0x00,0xFF,0xFF,0xFF,0x80,0x00,0x00,0x00,0x1F,0xFF,0xFF,0xF0,
  0x00,0x00,0x00,0x03,0xFF,0xFF,0xFE,0x00,0x00,0x00,0x00,0x7F,0xFF,0xFF,0xC0,0x00,0x00,0x00,0x0F,0xFF,0xFF,0xF8,0x00,0x00,
  0x00,0x01,0xFF,0xFF,0xFF,0x00,0x00,0x00,0x00,0x3F,0xFF,0xFF,0xE0,0x00,0x00,0x00,0x07,0xFF,0xFF,0xFC,0x00,0x00,0x00,0x00,
  0xFF,0xFF,0xFF,0x80,0x00,0x00,0x00,0x1F,0xFF,0xFF,0xF0,0x00,0x00,0x00,0x03,0xFF,0xFF,0xFE,0x00,0x00,0x00,0x00,0x7F,0xFF,
  0xFF,0xC0,0x00,0x00,0x00,0x0F,0xFF,0xFF,0xF8,0x00,0x00,0x00,0x01,0xFF,0xFF,0xFF,0x00,0x00,0x00,0x00,0x3F,0xFF,0xFF,0xE0,
  0x00,0x00,0x00,0x07,0xFF,0xFF,0xFC,0x00,0x00,0x00,0x00,0xFF,0xFF,0xFF,0x80,0x00,0x00,0x00,0x1F,0xFF,0xFF,0xF0,0x00,0x00,
  0x00,0x03,0xFF,0xFF,0xFE,0x00,0x00,0x00,0x00,0x7F,0xFC,0x00,0x00,0x0F,0xFF,0x80,0x00,0x00,0x00,0x0F,0xFF,0xFF,0x00,0x00,
  0x00,0x03,0xFF,0xFF,0xFC,0x00,0x00,0x00,0xFF,0xFF,0xFF,0xF0,0x00,0x00,0x3F,0xFF,0xFF,0xFF,0xC0,0x00,0x07,0xFF,0xFF,0xFF,
  0xFE,0x00,0x00,0xFF,0xFF,0xFF,0xFF,0xF0,0x00,0x1F,0xFF,0xFF,0xFF,0xFF,0x80,0x03,0xFF,0xFF,0xFF,0xFF,0xFC,0x00,0x7F,0xFF,
  0xE0,0x3F,0xFF,0xC0,0x0F,0xFF,0xF8,0x00,0xFF,0xFE,0x00,0xFF,0xFE,0x00,0x03,0xFF,0xF0,0x1F,0xFF,0xC0,0x00,0x1F,0xFF,0x01,
  0xFF,0xFC,0x00,0x01,0xFF,0xF8,0x3F,0xFF,0x80,0x00,0x0F,0xFF,0x83,0xFF,0xF0,0x00,0x00,0xFF,0xFC,0x3F,0xFF,0x00,0x00,0x07,
  0xFF,0xC7,0xFF,0xF0,0x00,0x00,0x7F,0xFC,0x7F,0xFE,0x00,0x00,0x07,0xFF,0xC7,0xFF,0xE0,0x00,0x00,0x3F,0xFE,0x7F,0xFE,0x00,
  0x00,0x03,0xFF,0xEF,0xFF,0xE0,0x00,0x00,0x3F,0xFE,0xFF,0xFF,0xFF,0xFF,0xFF,0xFF,0xEF,0xFF,0xFF,0xFF,0xFF,0xFF,0xFE,0xFF,
  0xFF,0xFF,0xFF,0xFF,0xFF,0xFF,0xFF,0xFF,0xFF,0xFF,0xFF,0xFF,0xFF,0xFF,0xFF,0xFF,0xFF,0xFF,0xFF,0xFF,0xFF,0xFF,0xFF,0xFF,
  0xFF,0xFF,0xFF,0xFF,0xFF,0xFF,0xFF,0xFF,0xFF,0xFF,0xFF,0xFF,0xFF,0xFF,0xFF,0xFF,0xFF,0xFF,0xFF,0xFF,0xFF,0xFF,0xE0,0x00,
  0x00,0x00,0x00,0xFF,0xFE,0x00,0x00,0x00,0x00,0x0F,0xFF,0xE0,0x00,0x00,0x00,0x00,0xFF,0xFE,0x00,0x00,0x00,0x00,0x07,0xFF,
  0xE0,0x00,0x00,0x00,0x00,0x7F,0xFF,0x00,0x00,0x00,0x00,0x07,0xFF,0xF0,0x00,0x00,0x00,0x00,0x7F,0xFF,0x00,0x00,0x00,0x00,
  0x03,0xFF,0xF8,0x00,0x00,0x00,0x00,0x3F,0xFF,0x80,0x00,0x07,0xF0,0x03,0xFF,0xFC,0x00,0x00,0x7F,0xFE,0x1F,0xFF,0xC0,0x00,
  0x0F,0xFF,0xC1,0xFF,0xFE,0x00,0x00,0xFF,0xFC,0x0F,0xFF,0xF8,0x00,0x3F,0xFF,0x80,0xFF,0xFF,0xC0,0x0F,0xFF,0xF8,0x07,0xFF,
  0xFF,0xFF,0xFF,0xFF,0x00,0x3F,0xFF,0xFF,0xFF,0xFF,0xE0,0x01,0xFF,0xFF,0xFF,0xFF,0xFC,0x00,0x0F,0xFF,0xFF,0xFF,0xFF,0x80,
  0x00,0x7F,0xFF,0xFF,0xFF,0xF0,0x00,0x03,0xFF,0xFF,0xFF,0xFE,0x00,0x00,0x0F,0xFF,0xFF,0xFF,0x80,0x00,0x00,0x3F,0xFF,0xFF,
  0xE0,0x00,0x00,0x00,0xFF,0xFF,0xF8,0x00,0x00,0x00,0x00,0xFF,0xF8,0x00,0x00,0x7F,0xF8,0x00,0x3F,0xF0,0x00,0x7F,0xF9,0xFF,
  0xE0,0x00,0xFF,0xC0,0x03,0xFF,0xE3,0xFF,0xC0,0x03,0xFF,0x00,0x0F,0xFF,0x0F,0xFF,0x00,0x0F,0xFC,0x00,0x3F,0xFC,0x3F,0xFE,
  0x00,0x3F,0xF0,0x01,0xFF,0xE0,0x7F,0xF8,0x00,0xFF,0xC0,0x07,0xFF,0x81,0xFF,0xE0,0x03,0xFF,0x00,0x1F,0xFE,0x03,0xFF,0xC0,
  0x0F,0xFC,0x00,0xFF,0xF0,0x0F,0xFF,0x00,0x3F,0xF0,0x03,0xFF,0xC0,0x3F,0xFC,0x00,0xFF,0xC0,0x1F,0xFE,0x00,0x7F,0xF8,0x03,
  0xFF,0x00,0x7F,0xF8,0x01,0xFF,0xE0,0x0F,0xFC,0x01,0xFF,0xE0,0x03,0xFF,0xC0,0x3F,0xF0,0x0F,0xFF,0x00,0x0F,0xFF,0x00,0xFF,
  0xC0,0x3F,0xFC,0x00,0x1F,0xFC,0x03,0xFF,0x01,0xFF,0xE0,0x00,0x7F,0xF8,0x0F,0xFC,0x07,0xFF,0x80,0x01,0xFF,0xE0,0x3F,0xF0,
  0x3F,0xFC,0x00,0x03,0xFF,0xC0,0xFF,0xC0,0xFF,0xF0,0x00,0x0F,0xFF,0x83,0xFF,0x07,0xFF,0xC0,0x00,0x1F,0xFE,0x0F,0xFC,0x3F,
  0xFE,0x00,0x00,0x3F,0xFC,0x3F,0xF1,0xFF,0xF0,0x00,0x00,0xFF,0xFD,0xFF,0xCF,0xFF,0xC0,0x00,0x01,0xFF,0xFF,0xFF,0xFF,0xFE,
  0x00,0x00,0x03,0xFF,0xFF,0xFF,0xFF,0xF0,0x00,0x00,0x07,0xFF,0xFF,0xFF,0xFF,0x80,0x00,0x00,0x1F,0xFF,0xFF,0xFF,0xFE,0x00,
  0x00,0x00,0xFF,0xFF,0xFF,0xFF,0xFC,0x00,0x00,0x03,0xFF,0xFF,0xFF,0xFF,0xF0,0x00,0x00,0x1F,0xFF,0xFF,0xFF,0xFF,0xC0,0x00,
  0x00,0x7F,0xF7,0xFF,0xFF,0xFF,0x80,0x00,0x03,0xFF,0xC7,0xFF,0x0F,0xFE,0x00,0x00,0x0F,0xFE,0x0F,0xFC,0x3F,0xFC,0x00,0x00,
  0x3F,0xF8,0x3F,0xF0,0x7F,0xF0,0x00,0x01,0xFF,0xE0,0xFF,0xC1,0xFF,0xE0,0x00,0x07,0xFF,0x03,0xFF,0x03,0xFF,0x80,0x00,0x3F,
  0xFC,0x0F,0xFC,0x0F,0xFF,0x00,0x00,0xFF,0xE0,0x3F,0xF0,0x3F,0xFC,0x00,0x07,0xFF,0x80,0xFF,0xC0,0x7F,0xF0,0x00,0x1F,0xFE,
  0x03,0xFF,0x01,0xFF,0xE0,0x00,0xFF,0xF0,0x0F,0xFC,0x03,0xFF,0x80,0x03,0xFF,0xC0,0x3F,0xF0,0x0F,0xFF,0x00,0x0F,0xFE,0x00,
  0xFF,0xC0,0x3F,0xFC,0x00,0x7F,0xF8,0x03,0xFF,0x00,0x7F,0xF8,0x01,0xFF,0xE0,0x0F,0xFC,0x01,0xFF,0xE0,0x0F,0xFF,0x00,0x3F,
  0xF0,0x03,0xFF,0xC0,0x3F,0xFC,0x00,0xFF,0xC0,0x0F,0xFF,0x01,0xFF,0xF0,0x03,0xFF,0x00,0x3F,0xFC,0x07,0xFF,0x80,0x0F,0xFC,
  0x00,0x7F,0xF8,0x3F,0xFE,0x00,0x3F,0xF0,0x01,0xFF,0xE0,0xFF,0xF0,0x00,0xFF,0xC0,0x03,0xFF,0xC3,0xFF,0xC0,0x03,0xFF,0x00,
  0x0F,0xFF,0x1F,0xFF,0x00,0x0F,0xFC,0x00,0x3F,0xFE,0x7F,0xF8,0x00,0x3F,0xF0,0x00,0x7F,0xFB,0xFF,0xE0,0x00,0xFF,0xC0,0x01,
  0xFF,0xF0,0x00,0x00,0x3F,0xFF,0x80,0x00,0x00,0x00,0xFF,0xFF,0xFE,0x00,0x00,0x01,0xFF,0xFF,0xFF,0xF0,0x00,0x01,0xFF,0xFF,
  0xFF,0xFF,0x00,0x00,0xFF,0xFF,0xFF,0xFF,0xE0,0x00,0xFF,0xFF,0xFF,0xFF,0xFC,0x00,0x7F,0xFF,0xFF,0xFF,0xFF,0x80,0x3F,0xFF,
  0xFF,0xFF,0xFF,0xF0,0x0F,0xFF,0xFF,0xFF,0xFF,0xFE,0x07,0xFF,0xFC,0x01,0xFF,0xFF,0x83,0xFF,0xF8,0x00,0x0F,0xFF,0xF0,0xFF,
  0xFC,0x00,0x01,0xFF,0xFC,0x3F,0xFE,0x00,0x00,0x3F,0xFF,0x1F,0xFF,0x00,0x00,0x0F,0xFF,0xC7,0xFF,0x80,0x00,0x01,0xFF,0xF0,
  0x07,0xE0,0x00,0x00,0x7F,0xFC,0x00,0x00,0x00,0x00,0x1F,0xFF,0x00,0x00,0x00,0x00,0x0F,0xFF,0xC0,0x00,0x00,0x00,0x03,0xFF,
  0xF0,0x00,0x00,0x00,0x01,0xFF,0xF8,0x00,0x00,0x00,0x00,0xFF,0xFE,0x00,0x00,0x00,0x00,0xFF,0xFF,0x00,0x00,0x00,0x03,0xFF,
  0xFF,0x80,0x00,0x00,0xFF,0xFF,0xFF,0xC0,0x00,0x00,0x3F,0xFF,0xFF,0xE0,0x00,0x00,0x0F,0xFF,0xFF,0xE0,0x00,0x00,0x03,0xFF,
  0xFF,0xC0,0x00,0x00,0x00,0xFF,0xFF,0xF0,0x00,0x00,0x00,0x3F,0xFF,0xFF,0xC0,0x00,0x00,0x0F,0xFF,0xFF,0xFC,0x00,0x00,0x03,
  0xFF,0xFF,0xFF,0x80,0x00,0x00,0xFF,0xFF,0xFF,0xF0,0x00,0x00,0x00,0x1F,0xFF,0xFE,0x00,0x00,0x00,0x00,0x7F,0xFF,0xC0,0x00,
  0x00,0x00,0x07,0xFF,0xF8,0x00,0x00,0x00,0x00,0xFF,0xFE,0x00,0x00,0x00,0x00,0x1F,0xFF,0xC0,0x00,0x00,0x00,0x07,0xFF,0xF0,
  0x00,0x00,0x00,0x01,0xFF,0xFC,0x01,0xC0,0x00,0x00,0x7F,0xFF,0x1F,0xF8,0x00,0x00,0x1F,0xFF,0xFF,0xFE,0x00,0x00,0x07,0xFF,
  0xFF,0xFF,0xC0,0x00,0x01,0xFF,0xFD,0xFF,0xF8,0x00,0x00,0xFF,0xFF,0x7F,0xFF,0x00,0x00,0x7F,0xFF,0x8F,0xFF,0xF8,0x00,0x7F,
  0xFF,0xE3,0xFF,0xFF,0xFF,0xFF,0xFF,0xF8,0x7F,0xFF,0xFF,0xFF,0xFF,0xFC,0x0F,0xFF,0xFF,0xFF,0xFF,0xFE,0x01,0xFF,0xFF,0xFF,
  0xFF,0xFF,0x00,0x3F,0xFF,0xFF,0xFF,0xFF,0x80,0x07,0xFF,0xFF,0xFF,0xFF,0xC0,0x00,0x7F,0xFF,0xFF,0xFF,0xC0,0x00,0x07,0xFF,
  0xFF,0xFF,0xC0,0x00,0x00,0x7F,0xFF,0xFF,0x80,0x00,0x00,0x00,0xFF,0xFE,0x00,0x00,0xFF,0xF8,0x00,0x00,0x7F,0xFF,0xFF,0xF8,
  0x00,0x00,0x7F,0xFF,0xFF,0xF8,0x00,0x00,0xFF,0xFF,0xFF,0xF8,0x00,0x01,0xFF,0xFF,0xFF,0xF8,0x00,0x01,0xFF,0xFF,0xFF,0xF8,
  0x00,0x03,0xFF,0xFF,0xFF,0xF8,0x00,0x03,0xFF,0xFF,0xFF,0xF8,0x00,0x07,0xFF,0xFF,0xFF,0xF8,0x00,0x07,0xFF,0xFF,0xFF,0xF8,
  0x00,0x0F,0xFF,0xFF,0xFF,0xF8,0x00,0x0F,0xFF,0xFF,0xFF,0xF8,0x00,0x1F,0xFF,0xFF,0xFF,0xF8,0x00,0x3F,0xFF,0xFF,0xFF,0xF8,
  0x00,0x3F,0xFF,0xFF,0xFF,0xF8,0x00,0x7F,0xFF,0xFF,0xFF,0xF8,0x00,0x7F,0xFF,0xFF,0xFF,0xF8,0x00,0xFF,0xFF,0xFF,0xFF,0xF8,
  0x00,0xFF,0xFF,0xFF,0xFF,0xF8,0x01,0xFF,0xDF,0xFF,0xFF,0xF8,0x03,0xFF,0xDF,0xFF,0xFF,0xF8,0x03,0xFF,0x9F,0xFF,0xFF,0xF8,
  0x07,0xFF,0x9F,0xFF,0xFF,0xF8,0x07,0xFF,0x1F,0xFF,0xFF,0xF8,0x0F,0xFF,0x1F,0xFF,0xFF,0xF8,0x0F,0xFE,0x1F,0xFF,0xFF,0xF8,
  0x1F,0xFE,0x1F,0xFF,0xFF,0xF8,0x1F,0xFC,0x1F,0xFF,0xFF,0xF8,0x3F,0xFC,0x1F,0xFF,0xFF,0xF8,0x7F,0xF8,0x1F,0xFF,0xFF,0xF8,
  0x7F,0xF0,0x1F,0xFF,0xFF,0xF8,0xFF,0xF0,0x1F,0xFF,0xFF,0xF8,0xFF,0xE0,0x1F,0xFF,0xFF,0xF9,0xFF,0xE0,0x1F,0xFF,0xFF,0xF9,
  0xFF,0xC0,0x1F,0xFF,0xFF,0xFB,0xFF,0xC0,0x1F,0xFF,0xFF,0xF7,0xFF,0x80,0x1F,0xFF,0xFF,0xF7,0xFF,0x80,0x1F,0xFF,0xFF,0xFF,
  0xFF,0x00,0x1F,0xFF,0xFF,0xFF,0xFF,0x00,0x1F,0xFF,0xFF,0xFF,0xFE,0x00,0x1F,0xFF,0xFF,0xFF,0xFC,0x00,0x1F,0xFF,0xFF,0xFF,
  0xFC,0x00,0x1F,0xFF,0xFF,0xFF,0xF8,0x00,0x1F,0xFF,0xFF,0xFF,0xF8,0x00,0x1F,0xFF,0xFF,0xFF,0xF0,0x00,0x1F,0xFF,0xFF,0xFF,
  0xF0,0x00,0x1F,0xFF,0xFF,0xFF,0xE0,0x00,0x1F,0xFF,0xFF,0xFF,0xE0,0x00,0x1F,0xFF,0xFF,0xFF,0xC0,0x00,0x1F,0xFF,0xFF,0xFF,
  0xC0,0x00,0x1F,0xFF,0xFF,0xFF,0x80,0x00,0x1F,0xFF,0xFF,0xFF,0x00,0x00,0x1F,0xFF,0xFF,0xFF,0x00,0x00,0x1F,0xFF,0xFF,0xFE,
  0x00,0x00,0x1F,0xFF,0x1F,0xFE,0x00,0x00,0x7F,0xF0,0x1F,0xFE,0x00,0x00,0x7F,0xF0,0x0F,0xFE,0x00,0x00,0x7F,0xF0,0x0F,0xFE,
  0x00,0x00,0xFF,0xF0,0x0F,0xFF,0x00,0x00,0xFF,0xF0,0x0F,0xFF,0x00,0x01,0xFF,0xF0,0x07,0xFF,0x80,0x03,0xFF,0xE0,0x07,0xFF,
  0xF0,0x0F,0xFF,0xE0,0x03,0xFF,0xFF,0xFF,0xFF,0xC0,0x03,0xFF,0xFF,0xFF,0xFF,0x80,0x01,0xFF,0xFF,0xFF,0xFF,0x80,0x00,0xFF,
  0xFF,0xFF,0xFE,0x00,0x00,0x3F,0xFF,0xFF,0xFC,0x00,0x00,0x0F,0xFF,0xFF,0xF0,0x00,0x00,0x00,0xFF,0xFE,0x00,0x00,0x00,0x00,
  0x00,0x00,0x00,0x00,0x00,0x00,0x00,0x00,0x00,0x00,0x00,0x00,0x00,0x00,0x00,0x00,0x00,0x00,0x00,0x00,0x00,0x00,0x00,0x00,
  0x00,0x00,0x00,0x00,0x00,0x00,0x00,0x00,0x00,0x00,0xFF,0xF8,0x00,0x00,0x7F,0xFF,0xFF,0xF8,0x00,0x00,0x7F,0xFF,0xFF,0xF8,
  0x00,0x00,0xFF,0xFF,0xFF,0xF8,0x00,0x01,0xFF,0xFF,0xFF,0xF8,0x00,0x01,0xFF,0xFF,0xFF,0xF8,0x00,0x03,0xFF,0xFF,0xFF,0xF8,
  0x00,0x03,0xFF,0xFF,0xFF,0xF8,0x00,0x07,0xFF,0xFF,0xFF,0xF8,0x00,0x07,0xFF,0xFF,0xFF,0xF8,0x00,0x0F,0xFF,0xFF,0xFF,0xF8,
  0x00,0x0F,0xFF,0xFF,0xFF,0xF8,0x00,0x1F,0xFF,0xFF,0xFF,0xF8,0x00,0x3F,0xFF,0xFF,0xFF,0xF8,0x00,0x3F,0xFF,0xFF,0xFF,0xF8,
  0x00,0x7F,0xFF,0xFF,0xFF,0xF8,0x00,0x7F,0xFF,0xFF,0xFF,0xF8,0x00,0xFF,0xFF,0xFF,0xFF,0xF8,0x00,0xFF,0xFF,0xFF,0xFF,0xF8,
  0x01,0xFF,0xDF,0xFF,0xFF,0xF8,0x03,0xFF,0xDF,0xFF,0xFF,0xF8,0x03,0xFF,0x9F,0xFF,0xFF,0xF8,0x07,0xFF,0x9F,0xFF,0xFF,0xF8,
  0x07,0xFF,0x1F,0xFF,0xFF,0xF8,0x0F,0xFF,0x1F,0xFF,0xFF,0xF8,0x0F,0xFE,0x1F,0xFF,0xFF,0xF8,0x1F,0xFE,0x1F,0xFF,0xFF,0xF8,
  0x1F,0xFC,0x1F,0xFF,0xFF,0xF8,0x3F,0xFC,0x1F,0xFF,0xFF,0xF8,0x7F,0xF8,0x1F,0xFF,0xFF,0xF8,0x7F,0xF0,0x1F,0xFF,0xFF,0xF8,
  0xFF,0xF0,0x1F,0xFF,0xFF,0xF8,0xFF,0xE0,0x1F,0xFF,0xFF,0xF9,0xFF,0xE0,0x1F,0xFF,0xFF,0xF9,0xFF,0xC0,0x1F,0xFF,0xFF,0xFB,
  0xFF,0xC0,0x1F,0xFF,0xFF,0xF7,0xFF,0x80,0x1F,0xFF,0xFF,0xF7,0xFF,0x80,0x1F,0xFF,0xFF,0xFF,0xFF,0x00,0x1F,0xFF,0xFF,0xFF,
  0xFF,0x00,0x1F,0xFF,0xFF,0xFF,0xFE,0x00,0x1F,0xFF,0xFF,0xFF,0xFC,0x00,0x1F,0xFF,0xFF,0xFF,0xFC,0x00,0x1F,0xFF,0xFF,0xFF,
  0xF8,0x00,0x1F,0xFF,0xFF,0xFF,0xF8,0x00,0x1F,0xFF,0xFF,0xFF,0xF0,0x00,0x1F,0xFF,0xFF,0xFF,0xF0,0x00,0x1F,0xFF,0xFF,0xFF,
  0xE0,0x00,0x1F,0xFF,0xFF,0xFF,0xE0,0x00,0x1F,0xFF,0xFF,0xFF,0xC0,0x00,0x1F,0xFF,0xFF,0xFF,0xC0,0x00,0x1F,0xFF,0xFF,0xFF,
  0x80,0x00,0x1F,0xFF,0xFF,0xFF,0x00,0x00,0x1F,0xFF,0xFF,0xFF,0x00,0x00,0x1F,0xFF,0xFF,0xFE,0x00,0x00,0x1F,0xFF,0xFF,0xFC,
  0x00,0x00,0x0F,0xFF,0xDF,0xFF,0x80,0x00,0x03,0xFF,0xFB,0xFF,0xF0,0x00,0x00,0xFF,0xFE,0x7F,0xFE,0x00,0x00,0x1F,0xFF,0x8F,
  0xFF,0xC0,0x00,0x07,0xFF,0xF1,0xFF,0xF8,0x00,0x00,0xFF,0xFC,0x3F,0xFF,0x00,0x00,0x3F,0xFF,0x07,0xFF,0xE0,0x00,0x0F,0xFF,
  0xE0,0xFF,0xFC,0x00,0x01,0xFF,0xF8,0x1F,0xFF,0x80,0x00,0x7F,0xFF,0x03,0xFF,0xF0,0x00,0x1F,0xFF,0xC0,0x7F,0xFE,0x00,0x03,
  0xFF,0xF0,0x0F,0xFF,0xC0,0x00,0xFF,0xFE,0x01,0xFF,0xF8,0x00,0x1F,0xFF,0x80,0x3F,0xFF,0x00,0x07,0xFF,0xE0,0x07,0xFF,0xE0,
  0x01,0xFF,0xFC,0x00,0xFF,0xFC,0x00,0x7F,0xFF,0x00,0x1F,0xFF,0x80,0x0F,0xFF,0xE0,0x03,0xFF,0xF0,0x03,0xFF,0xF8,0x00,0x7F,
  0xFE,0x00,0xFF,0xFE,0x00,0x0F,0xFF,0xC0,0x7F,0xFF,0xC0,0x01,0xFF,0xF8,0x7F,0xFF,0xF0,0x00,0x3F,0xFF,0xFF,0xFF,0xFC,0x00,
  0x07,0xFF,0xFF,0xFF,0xFF,0x00,0x00,0xFF,0xFF,0xFF,0xFF,0xC0,0x00,0x1F,0xFF,0xFF,0xFF,0xF0,0x00,0x03,0xFF,0xFF,0xFF,0xFE,
  0x00,0x00,0x7F,0xFF,0xFF,0xFF,0xE0,0x00,0x0F,0xFF,0xFF,0xFF,0xFC,0x00,0x01,0xFF,0xFF,0xFF,0xFF,0xC0,0x00,0x3F,0xFF,0xFF,
  0xFF,0xFC,0x00,0x07,0xFF,0xFC,0x1F,0xFF,0x80,0x00,0xFF,0xFC,0x01,0xFF,0xF8,0x00,0x1F,0xFF,0x80,0x3F,0xFF,0x80,0x03,0xFF,
  0xF0,0x03,0xFF,0xF0,0x00,0x7F,0xFE,0x00,0x3F,0xFF,0x00,0x0F,0xFF,0xC0,0x07,0xFF,0xF0,0x01,0xFF,0xF8,0x00,0x7F,0xFE,0x00,
  0x3F,0xFF,0x00,0x07,0xFF,0xE0,0x07,0xFF,0xE0,0x00,0xFF,0xFE,0x00,0xFF,0xFC,0x00,0x0F,0xFF,0xC0,0x1F,0xFF,0x80,0x01,0xFF,
  0xFC,0x03,0xFF,0xF0,0x00,0x1F,0xFF,0xC0,0x7F,0xFE,0x00,0x01,0xFF,0xF8,0x0F,0xFF,0xC0,0x00,0x3F,0xFF,0x81,0xFF,0xF8,0x00,
  0x03,0xFF,0xF8,0x3F,0xFF,0x00,0x00,0x3F,0xFF,0x07,0xFF,0xE0,0x00,0x07,0xFF,0xF0,0xFF,0xFC,0x00,0x00,0x7F,0xFF,0x1F,0xFF,
  0x80,0x00,0x0F,0xFF,0xE3,0xFF,0xF0,0x00,0x00,0xFF,0xFE,0x7F,0xFE,0x00,0x00,0x0F,0xFF,0xEF,0xFF,0xC0,0x00,0x01,0xFF,0xFD,
  0xFF,0xF8,0x00,0x00,0x1F,0xFF,0xC0,0x00,0x01,0xFF,0xFF,0xFF,0xFF,0xFC,0x00,0x07,0xFF,0xFF,0xFF,0xFF,0xF0,0x00,0x1F,0xFF,
  0xFF,0xFF,0xFF,0xC0,0x00,0x7F,0xFF,0xFF,0xFF,0xFF,0x00,0x01,0xFF,0xFF,0xFF,0xFF,0xFC,0x00,0x07,0xFF,0xFF,0xFF,0xFF,0xF0,
  0x00,0x1F,0xFF,0xFF,0xFF,0xFF,0xC0,0x00,0xFF,0xFF,0xFF,0xFF,0xFF,0x00,0x03,0xFF,0xFF,0xFF,0xFF,0xFC,0x00,0x0F,0xFF,0xFF,
  0xFF,0xFF,0xF0,0x00,0x3F,0xFE,0x00,0x0F,0xFF,0xC0,0x00,0xFF,0xF8,0x00,0x3F,0xFF,0x00,0x03,0xFF,0xE0,0x00,0xFF,0xFC,0x00,
  0x0F,0xFF,0x80,0x03,0xFF,0xF0,0x00,0x7F,0xFE,0x00,0x0F,0xFF,0xC0,0x01,0xFF,0xF8,0x00,0x3F,0xFF,0x00,0x07,0xFF,0xC0,0x00,
  0xFF,0xFC,0x00,0x1F,0xFF,0x00,0x03,0xFF,0xF0,0x00,0x7F,0xFC,0x00,0x0F,0xFF,0xC0,0x01,0xFF,0xF0,0x00,0x3F,0xFF,0x00,0x0F,
  0xFF,0xC0,0x00,0xFF,0xFC,0x00,0x3F,0xFF,0x00,0x03,0xFF,0xF0,0x00,0xFF,0xFC,0x00,0x0F,0xFF,0xC0,0x03,0xFF,0xE0,0x00,0x3F,
  0xFF,0x00,0x0F,0xFF,0x80,0x00,0xFF,0xFC,0x00,0x3F,0xFE,0x00,0x03,0xFF,0xF0,0x00,0xFF,0xF8,0x00,0x0F,0xFF,0xC0,0x07,0xFF,
  0xE0,0x00,0x3F,0xFF,0x00,0x1F,0xFF,0x80,0x00,0xFF,0xFC,0x00,0x7F,0xFC,0x00,0x03,0xFF,0xF0,0x01,0xFF,0xF0,0x00,0x0F,0xFF,
  0xC0,0x07,0xFF,0xC0,0x00,0x3F,0xFF,0x00,0x1F,0xFF,0x00,0x00,0xFF,0xFC,0x00,0xFF,0xFC,0x00,0x03,0xFF,0xF0,0x03,0xFF,0xF0,
  0x00,0x0F,0xFF,0xC0,0x0F,0xFF,0x80,0x00,0x3F,0xFF,0x00,0x3F,0xFE,0x00,0x00,0xFF,0xFC,0x01,0xFF,0xF8,0x00,0x03,0xFF,0xF0,
  0x07,0xFF,0xE0,0x00,0x0F,0xFF,0xC0,0x1F,0xFF,0x00,0x00,0x3F,0xFF,0x00,0xFF,0xFC,0x00,0x00,0xFF,0xFC,0x03,0xFF,0xF0,0x00,
  0x03,0xFF,0xF0,0x0F,0xFF,0xC0,0x00,0x0F,0xFF,0xC0,0x7F,0xFE,0x00,0x00,0x3F,0xFF,0x03,0xFF,0xF8,0x00,0x00,0xFF,0xFF,0xFF,
  0xFF,0xE0,0x00,0x03,0xFF,0xFF,0xFF,0xFF,0x00,0x00,0x0F,0xFF,0xFF,0xFF,0xFC,0x00,0x00,0x3F,0xFF,0xFF,0xFF,0xE0,0x00,0x00,
  0xFF,0xFF,0xFF,0xFF,0x80,0x00,0x03,0xFF,0xFF,0xFF,0xFC,0x00,0x00,0x0F,0xFF,0xFF,0xFF,0xE0,0x00,0x00,0x3F,0xFF,0xFF,0xFF,
  0x00,0x00,0x00,0xFF,0xFF,0xFF,0xF8,0x00,0x00,0x03,0xFF,0xFF,0xFF,0x00,0x00,0x00,0x00,0x00,0x00,0xFF,0xFF,0x80,0x00,0x1F,
  0xFF,0xFF,0xFF,0xF8,0x00,0x01,0xFF,0xFF,0xFF,0xFF,0x80,0x00,0x1F,0xFF,0xFF,0xFF,0xF8,0x00,0x01,0xFF,0xFF,0xFF,0xFF,0xC0,
  0x00,0x3F,0xFF,0xFF,0xFF,0xFC,0x00,0x03,0xFF,0xFF,0xFF,0xFF,0xC0,0x00,0x3F,0xFF,0xFF,0xFF,0xFC,0x00,0x03,0xFF,0xFF,0xFF,
  0xFF,0xE0,0x00,0x7F,0xFF,0xFF,0xFF,0xFE,0x00,0x07,0xFF,0xFF,0xFF,0xFF,0xE0,0x00,0x7F,0xFF,0xFF,0xFF,0xFF,0x00,0x07,0xFF,
  0xFF,0xFF,0xDF,0xF0,0x00,0xFF,0xBF,0xFF,0xFD,0xFF,0x00,0x0F,0xFB,0xFF,0xFF,0xDF,0xF0,0x00,0xFF,0xBF,0xFF,0xFD,0xFF,0x80,
  0x0F,0xFB,0xFF,0xFF,0xCF,0xF8,0x01,0xFF,0x3F,0xFF,0xFC,0xFF,0x80,0x1F,0xF3,0xFF,0xFF,0xCF,0xF8,0x01,0xFF,0x7F,0xFF,0xFC,
  0xFF,0xC0,0x1F,0xF7,0xFF,0xFF,0xC7,0xFC,0x03,0xFE,0x7F,0xFF,0xFC,0x7F,0xC0,0x3F,0xE7,0xFF,0xFF,0xC7,0xFC,0x03,0xFE,0x7F,
  0xFF,0xFC,0x7F,0xE0,0x3F,0xE7,0xFF,0xFF,0xC3,0xFE,0x07,0xFC,0x7F,0xFF,0xFC,0x3F,0xE0,0x7F,0xC7,0xFF,0xFF,0xC3,0xFE,0x07,
  0xFC,0x7F,0xFF,0xFC,0x3F,0xF0,0x7F,0xC7,0xFF,0xFF,0xC1,0xFF,0x0F,0xF8,0x7F,0xFF,0xFC,0x1F,0xF0,0xFF,0x87,0xFF,0xFF,0xC1,
  0xFF,0x0F,0xF8,0x7F,0xFF,0xFC,0x1F,0xF8,0xFF,0x87,0xFF,0xFF,0xC0,0xFF,0x8F,0xF0,0x7F,0xFF,0xFC,0x0F,0xF9,0xFF,0x07,0xFF,
  0xFF,0xC0,0xFF,0x9F,0xF0,0x7F,0xFF,0xFC,0x0F,0xF9,0xFF,0x07,0xFF,0xFF,0xC0,0x7F,0x9F,0xE0,0x7F,0xFF,0xFC,0x07,0xFD,0xFE,
  0x07,0xFF,0xFF,0xC0,0x7F,0xDF,0xE0,0x7F,0xFF,0xFC,0x03,0xFD,0xFE,0x07,0xFF,0xFF,0xC0,0x3F,0xFF,0xC0,0x7F,0xFF,0xFC,0x03,
  0xFF,0xFC,0x07,0xFF,0xFF,0xC0,0x3F,0xFF,0xC0,0x7F,0xFF,0xFC,0x01,0xFF,0xFC,0x07,0xFF,0xFF,0xC0,0x1F,0xFF,0x80,0x7F,0xFF,
  0xFC,0x01,0xFF,0xF8,0x07,0xFF,0xFF,0xC0,0x1F,0xFF,0x80,0x7F,0xFF,0xFC,0x00,0xFF,0xF8,0x07,0xFF,0xFF,0xC0,0x0F,0xFF,0x00,
  0x7F,0xFF,0xFC,0x00,0xFF,0xF0,0x07,0xFF,0xFF,0xC0,0x0F,0xFF,0x00,0x7F,0xFF,0xFC,0x00,0x7F,0xF0,0x07,0xFF,0xFF,0xC0,0x07,
  0xFF,0x00,0x7F,0xFF,0xFC,0x00,0x7F,0xE0,0x07,0xFF,0xFF,0xFC,0x00,0x00,0x3F,0xFF,0xFF,0xFC,0x00,0x00,0x3F,0xFF,0xFF,0xFC,
  0x00,0x00,0x3F,0xFF,0xFF,0xFC,0x00,0x00,0x3F,0xFF,0xFF,0xFC,0x00,0x00,0x3F,0xFF,0xFF,0xFC,0x00,0x00,0x3F,0xFF,0xFF,0xFC,
  0x00,0x00,0x3F,0xFF,0xFF,0xFC,0x00,0x00,0x3F,0xFF,0xFF,0xFC,0x00,0x00,0x3F,0xFF,0xFF,0xFC,0x00,0x00,0x3F,0xFF,0xFF,0xFC,
  0x00,0x00,0x3F,0xFF,0xFF,0xFC,0x00,0x00,0x3F,0xFF,0xFF,0xFC,0x00,0x00,0x3F,0xFF,0xFF,0xFC,0x00,0x00,0x3F,0xFF,0xFF,0xFC,
  0x00,0x00,0x3F,0xFF,0xFF,0xFC,0x00,0x00,0x3F,0xFF,0xFF,0xFC,0x00,0x00,0x3F,0xFF,0xFF,0xFC,0x00,0x00,0x3F,0xFF,0xFF,0xFC,
  0x00,0x00,0x3F,0xFF,0xFF,0xFC,0x00,0x00,0x3F,0xFF,0xFF,0xFC,0x00,0x00,0x3F,0xFF,0xFF,0xFF,0xFF,0xFF,0xFF,0xFF,0xFF,0xFF,
  0xFF,0xFF,0xFF,0xFF,0xFF,0xFF,0xFF,0xFF,0xFF,0xFF,0xFF,0xFF,0xFF,0xFF,0xFF,0xFF,0xFF,0xFF,0xFF,0xFF,0xFF,0xFF,0xFF,0xFF,
  0xFF,0xFF,0xFF,0xFF,0xFF,0xFF,0xFF,0xFF,0xFF,0xFF,0xFF,0xFF,0xFF,0xFF,0xFF,0xFF,0xFF,0xFF,0xFF,0xFF,0xFF,0xFF,0xFF,0xFF,
  0xFF,0xFF,0xFF,0xFF,0xFF,0xFC,0x00,0x00,0x3F,0xFF,0xFF,0xFC,0x00,0x00,0x3F,0xFF,0xFF,0xFC,0x00,0x00,0x3F,0xFF,0xFF,0xFC,
  0x00,0x00,0x3F,0xFF,0xFF,0xFC,0x00,0x00,0x3F,0xFF,0xFF,0xFC,0x00,0x00,0x3F,0xFF,0xFF,0xFC,0x00,0x00,0x3F,0xFF,0xFF,0xFC,
  0x00,0x00,0x3F,0xFF,0xFF,0xFC,0x00,0x00,0x3F,0xFF,0xFF,0xFC,0x00,0x00,0x3F,0xFF,0xFF,0xFC,0x00,0x00,0x3F,0xFF,0xFF,0xFC,
  0x00,0x00,0x3F,0xFF,0xFF,0xFC,0x00,0x00,0x3F,0xFF,0xFF,0xFC,0x00,0x00,0x3F,0xFF,0xFF,0xFC,0x00,0x00,0x3F,0xFF,0xFF,0xFC,
  0x00,0x00,0x3F,0xFF,0xFF,0xFC,0x00,0x00,0x3F,0xFF,0xFF,0xFC,0x00,0x00,0x3F,0xFF,0xFF,0xFC,0x00,0x00,0x3F,0xFF,0xFF,0xFC,
  0x00,0x00,0x3F,0xFF,0xFF,0xFC,0x00,0x00,0x3F,0xFF,0xFF,0xFC,0x00,0x00,0x3F,0xFF,0xFF,0xFC,0x00,0x00,0x3F,0xFF,0x00,0x00,
  0x1F,0xFF,0x80,0x00,0x00,0x00,0x0F,0xFF,0xFF,0x80,0x00,0x00,0x07,0xFF,0xFF,0xFE,0x00,0x00,0x01,0xFF,0xFF,0xFF,0xF8,0x00,
  0x00,0x3F,0xFF,0xFF,0xFF,0xE0,0x00,0x0F,0xFF,0xFF,0xFF,0xFF,0x00,0x01,0xFF,0xFF,0xFF,0xFF,0xF8,0x00,0x3F,0xFF,0xFF,0xFF,
  0xFF,0xC0,0x07,0xFF,0xFF,0xFF,0xFF,0xFE,0x00,0x7F,0xFF,0xFF,0xFF,0xFF,0xF0,0x0F,0xFF,0xFC,0x01,0xFF,0xFF,0x01,0xFF,0xFF,
  0x00,0x0F,0xFF,0xF8,0x1F,0xFF,0xE0,0x00,0x3F,0xFF,0x83,0xFF,0xFC,0x00,0x03,0xFF,0xFC,0x3F,0xFF,0x80,0x00,0x1F,0xFF,0xC7,
  0xFF,0xF8,0x00,0x01,0xFF,0xFE,0x7F,0xFF,0x00,0x00,0x0F,0xFF,0xE7,0xFF,0xF0,0x00,0x00,0xFF,0xFE,0x7F,0xFF,0x00,0x00,0x0F,
  0xFF,0xEF,0xFF,0xE0,0x00,0x00,0x7F,0xFF,0xFF,0xFE,0x00,0x00,0x07,0xFF,0xFF,0xFF,0xE0,0x00,0x00,0x7F,0xFF,0xFF,0xFE,0x00,
  0x00,0x07,0xFF,0xFF,0xFF,0xE0,0x00,0x00,0x7F,0xFF,0xFF,0xFE,0x00,0x00,0x07,0xFF,0xFF,0xFF,0xE0,0x00,0x00,0x7F,0xFF,0xFF,
  0xFE,0x00,0x00,0x07,0xFF,0xFF,0xFF,0xE0,0x00,0x00,0x7F,0xFF,0xFF,0xFE,0x00,0x00,0x07,0xFF,0xFF,0xFF,0xE0,0x00,0x00,0x7F,
  0xFF,0xFF,0xFE,0x00,0x00,0x07,0xFF,0xFF,0xFF,0xE0,0x00,0x00,0x7F,0xFF,0xFF,0xFE,0x00,0x00,0x07,0xFF,0xFF,0xFF,0xE0,0x00,
  0x00,0x7F,0xFF,0xFF,0xFE,0x00,0x00,0x07,0xFF,0xFF,0xFF,0xE0,0x00,0x00,0x7F,0xFF,0xFF,0xFE,0x00,0x00,0x07,0xFF,0xE7,0xFF,
  0xF0,0x00,0x00,0xFF,0xFE,0x7F,0xFF,0x00,0x00,0x0F,0xFF,0xE7,0xFF,0xF0,0x00,0x00,0xFF,0xFE,0x3F,0xFF,0x80,0x00,0x1F,0xFF,
  0xC3,0xFF,0xF8,0x00,0x01,0xFF,0xFC,0x3F,0xFF,0xC0,0x00,0x3F,0xFF,0x81,0xFF,0xFE,0x00,0x07,0xFF,0xF8,0x1F,0xFF,0xF0,0x00,
  0xFF,0xFF,0x00,0xFF,0xFF,0x80,0x3F,0xFF,0xF0,0x07,0xFF,0xFF,0xFF,0xFF,0xFE,0x00,0x7F,0xFF,0xFF,0xFF,0xFF,0xC0,0x03,0xFF,
  0xFF,0xFF,0xFF,0xFC,0x00,0x1F,0xFF,0xFF,0xFF,0xFF,0x80,0x00,0xFF,0xFF,0xFF,0xFF,0xE0,0x00,0x03,0xFF,0xFF,0xFF,0xFC,0x00,
  0x00,0x1F,0xFF,0xFF,0xFF,0x80,0x00,0x00,0x7F,0xFF,0xFF,0xE0,0x00,0x00,0x01,0xFF,0xFF,0xF0,0x00,0x00,0x00,0x01,0xFF,0xF0,
  0x00,0x00,0xFF,0xFF,0xFF,0xFF,0xFF,0xFF,0xFF,0xFF,0xFF,0xFF,0xFF,0xFF,0xFF,0xFF,0xFF,0xFF,0xFF,0xFF,0xFF,0xFF,0xFF,0xFF,
  0xFF,0xFF,0xFF,0xFF,0xFF,0xFF,0xFF,0xFF,0xFF,0xFF,0xFF,0xFF,0xFF,0xFF,0xFF,0xFF,0xFF,0xFF,0xFF,0xFF,0xFF,0xFF,0xFF,0xFF,
  0xFF,0xFF,0xFF,0xFF,0xFF,0xFF,0xFF,0xFF,0xFF,0xFF,0xFF,0xFF,0xFF,0xFF,0xFF,0xFC,0x00,0x00,0x3F,0xFF,0xFF,0xFC,0x00,0x00,
  0x3F,0xFF,0xFF,0xFC,0x00,0x00,0x3F,0xFF,0xFF,0xFC,0x00,0x00,0x3F,0xFF,0xFF,0xFC,0x00,0x00,0x3F,0xFF,0xFF,0xFC,0x00,0x00,
  0x3F,0xFF,0xFF,0xFC,0x00,0x00,0x3F,0xFF,0xFF,0xFC,0x00,0x00,0x3F,0xFF,0xFF,0xFC,0x00,0x00,0x3F,0xFF,0xFF,0xFC,0x00,0x00,
  0x3F,0xFF,0xFF,0xFC,0x00,0x00,0x3F,0xFF,0xFF,0xFC,0x00,0x00,0x3F,0xFF,0xFF,0xFC,0x00,0x00,0x3F,0xFF,0xFF,0xFC,0x00,0x00,
  0x3F,0xFF,0xFF,0xFC,0x00,0x00,0x3F,0xFF,0xFF,0xFC,0x00,0x00,0x3F,0xFF,0xFF,0xFC,0x00,0x00,0x3F,0xFF,0xFF,0xFC,0x00,0x00,
  0x3F,0xFF,0xFF,0xFC,0x00,0x00,0x3F,0xFF,0xFF,0xFC,0x00,0x00,0x3F,0xFF,0xFF,0xFC,0x00,0x00,0x3F,0xFF,0xFF,0xFC,0x00,0x00,
  0x3F,0xFF,0xFF,0xFC,0x00,0x00,0x3F,0xFF,0xFF,0xFC,0x00,0x00,0x3F,0xFF,0xFF,0xFC,0x00,0x00,0x3F,0xFF,0xFF,0xFC,0x00,0x00,
  0x3F,0xFF,0xFF,0xFC,0x00,0x00,0x3F,0xFF,0xFF,0xFC,0x00,0x00,0x3F,0xFF,0xFF,0xFC,0x00,0x00,0x3F,0xFF,0xFF,0xFC,0x00,0x00,
  0x3F,0xFF,0xFF,0xFC,0x00,0x00,0x3F,0xFF,0xFF,0xFC,0x00,0x00,0x3F,0xFF,0xFF,0xFC,0x00,0x00,0x3F,0xFF,0xFF,0xFC,0x00,0x00,
  0x3F,0xFF,0xFF,0xFC,0x00,0x00,0x3F,0xFF,0xFF,0xFC,0x00,0x00,0x3F,0xFF,0xFF,0xFC,0x00,0x00,0x3F,0xFF,0xFF,0xFC,0x00,0x00,
  0x3F,0xFF,0xFF,0xFC,0x00,0x00,0x3F,0xFF,0xFF,0xFC,0x00,0x00,0x3F,0xFF,0xFF,0xFC,0x00,0x00,0x3F,0xFF,0xFF,0xFC,0x00,0x00,
  0x3F,0xFF,0xFF,0xFC,0x00,0x00,0x3F,0xFF,0xFF,0xFC,0x00,0x00,0x3F,0xFF,0x00,0x00,0x00,0x3F,0xE0,0x00,0x3F,0xFF,0x00,0x7F,
  0xFF,0x00,0x0F,0xFF,0xC0,0x7F,0xFF,0xF0,0x03,0xFF,0xF0,0x3F,0xFF,0xFE,0x00,0xFF,0xFC,0x1F,0xFF,0xFF,0xC0,0x3F,0xFF,0x0F,
  0xFF,0xFF,0xF8,0x0F,0xFF,0xC7,0xFF,0xFF,0xFF,0x03,0xFF,0xF3,0xFF,0xFF,0xFF,0xE0,0xFF,0xFD,0xFF,0xFF,0xFF,0xF8,0x3F,0xFF,
  0xFF,0xFF,0xFF,0xFF,0x0F,0xFF,0xFF,0xC0,0x7F,0xFF,0xE3,0xFF,0xFF,0xC0,0x0F,0xFF,0xF8,0xFF,0xFF,0xE0,0x01,0xFF,0xFE,0x3F,
  0xFF,0xF0,0x00,0x3F,0xFF,0xCF,0xFF,0xF8,0x00,0x07,0xFF,0xF3,0xFF,0xFE,0x00,0x01,0xFF,0xFC,0xFF,0xFF,0x00,0x00,0x3F,0xFF,
  0xBF,0xFF,0xC0,0x00,0x0F,0xFF,0xEF,0xFF,0xF0,0x00,0x03,0xFF,0xFB,0xFF,0xF8,0x00,0x00,0xFF,0xFE,0xFF,0xFE,0x00,0x00,0x1F,
  0xFF,0xBF,0xFF,0x80,0x00,0x07,0xFF,0xFF,0xFF,0xE0,0x00,0x01,0xFF,0xFF,0xFF,0xF8,0x00,0x00,0x7F,0xFF,0xFF,0xFE,0x00,0x00,
  0x1F,0xFF,0xFF,0xFF,0x80,0x00,0x07,0xFF,0xFF,0xFF,0xC0,0x00,0x01,0xFF,0xFF,0xFF,0xF0,0x00,0x00,0x7F,0xFF,0xFF,0xFC,0x00,
  0x00,0x1F,0xFF,0xFF,0xFF,0x00,0x00,0x07,0xFF,0xFF,0xFF,0xE0,0x00,0x01,0xFF,0xFF,0xFF,0xF8,0x00,0x00,0x7F,0xFF,0xFF,0xFE,
  0x00,0x00,0x1F,0xFF,0xFF,0xFF,0x80,0x00,0x07,0xFF,0xFF,0xFF,0xE0,0x00,0x01,0xFF,0xFF,0xFF,0xF8,0x00,0x00,0x7F,0xFE,0xFF,
  0xFE,0x00,0x00,0x3F,0xFF,0xBF,0xFF,0xC0,0x00,0x0F,0xFF,0xEF,0xFF,0xF0,0x00,0x03,0xFF,0xFB,0xFF,0xFC,0x00,0x00,0xFF,0xFE,
  0xFF,0xFF,0x80,0x00,0x7F,0xFF,0x3F,0xFF,0xE0,0x00,0x1F,0xFF,0xCF,0xFF,0xFC,0x00,0x0F,0xFF,0xF3,0xFF,0xFF,0x80,0x07,0xFF,
  0xF8,0xFF,0xFF,0xF0,0x03,0xFF,0xFE,0x3F,0xFF,0xFE,0x01,0xFF,0xFF,0x8F,0xFF,0xFF,0xFF,0xFF,0xFF,0xC3,0xFF,0xFF,0xFF,0xFF,
  0xFF,0xE0,0xFF,0xFE,0xFF,0xFF,0xFF,0xF8,0x3F,0xFF,0xBF,0xFF,0xFF,0xFC,0x0F,0xFF,0xE7,0xFF,0xFF,0xFE,0x03,0xFF,0xF8,0xFF,
  0xFF,0xFF,0x00,0xFF,0xFE,0x1F,0xFF,0xFF,0x80,0x3F,0xFF,0x83,0xFF,0xFF,0xC0,0x0F,0xFF,0xE0,0x3F,0xFF,0xC0,0x03,0xFF,0xF8,
  0x01,0xFF,0x80,0x00,0xFF,0xFE,0x00,0x00,0x00,0x00,0x3F,0xFF,0x80,0x00,0x00,0x00,0x0F,0xFF,0xE0,0x00,0x00,0x00,0x03,0xFF,
  0xF8,0x00,0x00,0x00,0x00,0xFF,0xFE,0x00,0x00,0x00,0x00,0x3F,0xFF,0x80,0x00,0x00,0x00,0x0F,0xFF,0xE0,0x00,0x00,0x00,0x03,
  0xFF,0xF8,0x00,0x00,0x00,0x00,0xFF,0xFE,0x00,0x00,0x00,0x00,0x3F,0xFF,0x80,0x00,0x00,0x00,0x0F,0xFF,0xE0,0x00,0x00,0x00,
  0x03,0xFF,0xF8,0x00,0x00,0x00,0x00,0xFF,0xFE,0x00,0x00,0x00,0x00,0x3F,0xFF,0x80,0x00,0x00,0x00,0x0F,0xFF,0xE0,0x00,0x00,
  0x00,0x03,0xFF,0xF8,0x00,0x00,0x00,0x00,0xFF,0xFE,0x00,0x00,0x00,0x00,0x3F,0xFF,0x80,0x00,0x00,0x00,0x0F,0xFF,0xE0,0x00,
  0x00,0x00,0x03,0xFF,0xF8,0x00,0x00,0x00,0x00,0x00,0x00,0x0F,0xFF,0x80,0x00,0x00,0x00,0x1F,0xFF,0xFE,0x00,0x00,0x00,0x0F,
  0xFF,0xFF,0xF8,0x00,0x00,0x07,0xFF,0xFF,0xFF,0xC0,0x00,0x01,0xFF,0xFF,0xFF,0xFC,0x00,0x00,0xFF,0xFF,0xFF,0xFF,0xC0,0x00,
  0x3F,0xFF,0xFF,0xFF,0xFC,0x00,0x0F,0xFF,0xFF,0xFF,0xFF,0xC0,0x03,0xFF,0xFF,0xFF,0xFF,0xFC,0x00,0x7F,0xFF,0xFF,0xFF,0xFF,
  0xC0,0x1F,0xFF,0xF0,0x0F,0xFF,0xFC,0x07,0xFF,0xFC,0x00,0x7F,0xFF,0x80,0xFF,0xFE,0x00,0x07,0xFF,0xF8,0x3F,0xFF,0xC0,0x00,
  0x7F,0xFF,0x07,0xFF,0xF0,0x00,0x07,0xFF,0xE1,0xFF,0xFE,0x00,0x00,0xFF,0xFE,0x3F,0xFF,0x80,0x00,0x1F,0xFF,0xC7,0xFF,0xF0,
  0x00,0x01,0xFF,0xF8,0xFF,0xFC,0x00,0x00,0x3F,0xFC,0x3F,0xFF,0x80,0x00,0x00,0x00,0x07,0xFF,0xF0,0x00,0x00,0x00,0x00,0xFF,
  0xFE,0x00,0x00,0x00,0x00,0x1F,0xFF,0xC0,0x00,0x00,0x00,0x03,0xFF,0xF8,0x00,0x00,0x00,0x00,0x7F,0xFF,0x00,0x00,0x00,0x00,
  0x0F,0xFF,0xC0,0x00,0x00,0x00,0x01,0xFF,0xF8,0x00,0x00,0x00,0x00,0x7F,0xFF,0x00,0x00,0x00,0x00,0x0F,0xFF,0xE0,0x00,0x00,
  0x00,0x01,0xFF,0xFC,0x00,0x00,0x00,0x00,0x1F,0xFF,0xC0,0x00,0x00,0x00,0x03,0xFF,0xF8,0x00,0x00,0x00,0x00,0x7F,0xFF,0x00,
  0x00,0x00,0x00,0x0F,0xFF,0xE0,0x00,0x00,0x00,0x01,0xFF,0xFC,0x00,0x00,0x00,0x00,0x3F,0xFF,0x80,0x00,0x00,0x00,0x07,0xFF,
  0xF0,0x00,0x00,0xFF,0xF8,0xFF,0xFF,0x00,0x00,0x1F,0xFF,0xCF,0xFF,0xE0,0x00,0x03,0xFF,0xF1,0xFF,0xFC,0x00,0x00,0x7F,0xFE,
  0x3F,0xFF,0xC0,0x00,0x1F,0xFF,0xC3,0xFF,0xF8,0x00,0x03,0xFF,0xF8,0x7F,0xFF,0x80,0x00,0xFF,0xFE,0x07,0xFF,0xF8,0x00,0x3F,
  0xFF,0xC0,0xFF,0xFF,0x80,0x0F,0xFF,0xF0,0x0F,0xFF,0xF8,0x07,0xFF,0xFE,0x01,0xFF,0xFF,0xFF,0xFF,0xFF,0x80,0x1F,0xFF,0xFF,
  0xFF,0xFF,0xE0,0x01,0xFF,0xFF,0xFF,0xFF,0xF8,0x00,0x1F,0xFF,0xFF,0xFF,0xFE,0x00,0x01,0xFF,0xFF,0xFF,0xFF,0x80,0x00,0x1F,
  0xFF,0xFF,0xFF,0xE0,0x00,0x00,0xFF,0xFF,0xFF,0xF0,0x00,0x00,0x07,0xFF,0xFF,0xFC,0x00,0x00,0x00,0x3F,0xFF,0xFC,0x00,0x00,
  0x00,0x00,0x7F,0xF8,0x00,0x00,0xFF,0xFF,0xFF,0xFF,0xFF,0xFF,0xFF,0xFF,0xFF,0xFF,0xFF,0xFF,0xFF,0xFF,0xFF,0xFF,0xFF,0xFF,
  0xFF,0xFF,0xFF,0xFF,0xFF,0xFF,0xFF,0xFF,0xFF,0xFF,0xFF,0xFF,0xFF,0xFF,0xFF,0xFF,0xFF,0xFF,0xFF,0xFF,0xFF,0xFF,0xFF,0xFF,
  0xFF,0xFF,0xFF,0xFF,0xFF,0xFF,0xFF,0xFF,0xFF,0xFF,0xFF,0xFF,0xFF,0xFF,0xFF,0xEF,0xFF,0xFF,0xFF,0xFF,0xFF,0xFC,0x00,0x00,
  0x7F,0xFE,0x00,0x00,0x00,0x00,0x0F,0xFF,0xC0,0x00,0x00,0x00,0x01,0xFF,0xF8,0x00,0x00,0x00,0x00,0x3F,0xFF,0x00,0x00,0x00,
  0x00,0x07,0xFF,0xE0,0x00,0x00,0x00,0x00,0xFF,0xFC,0x00,0x00,0x00,0x00,0x1F,0xFF,0x80,0x00,0x00,0x00,0x03,0xFF,0xF0,0x00,
  0x00,0x00,0x00,0x7F,0xFE,0x00,0x00,0x00,0x00,0x0F,0xFF,0xC0,0x00,0x00,0x00,0x01,0xFF,0xF8,0x00,0x00,0x00,0x00,0x3F,0xFF,
  0x00,0x00,0x00,0x00,0x07,0xFF,0xE0,0x00,0x00,0x00,0x00,0xFF,0xFC,0x00,0x00,0x00,0x00,0x1F,0xFF,0x80,0x00,0x00,0x00,0x03,
  0xFF,0xF0,0x00,0x00,0x00,0x00,0x7F,0xFE,0x00,0x00,0x00,0x00,0x0F,0xFF,0xC0,0x00,0x00,0x00,0x01,0xFF,0xF8,0x00,0x00,0x00,
  0x00,0x3F,0xFF,0x00,0x00,0x00,0x00,0x07,0xFF,0xE0,0x00,0x00,0x00,0x00,0xFF,0xFC,0x00,0x00,0x00,0x00,0x1F,0xFF,0x80,0x00,
  0x00,0x00,0x03,0xFF,0xF0,0x00,0x00,0x00,0x00,0x7F,0xFE,0x00,0x00,0x00,0x00,0x0F,0xFF,0xC0,0x00,0x00,0x00,0x01,0xFF,0xF8,
  0x00,0x00,0x00,0x00,0x3F,0xFF,0x00,0x00,0x00,0x00,0x07,0xFF,0xE0,0x00,0x00,0x00,0x00,0xFF,0xFC,0x00,0x00,0x00,0x00,0x1F,
  0xFF,0x80,0x00,0x00,0x00,0x03,0xFF,0xF0,0x00,0x00,0x00,0x00,0x7F,0xFE,0x00,0x00,0x00,0x00,0x0F,0xFF,0xC0,0x00,0x00,0x00,
  0x01,0xFF,0xF8,0x00,0x00,0x00,0x00,0x3F,0xFF,0x00,0x00,0x00,0x00,0x07,0xFF,0xE0,0x00,0x00,0x00,0x00,0xFF,0xFC,0x00,0x00,
  0x00,0x00,0x1F,0xFF,0x80,0x00,0x00,0x00,0x03,0xFF,0xF0,0x00,0x00,0x00,0x00,0x7F,0xFE,0x00,0x00,0x00,0x00,0x0F,0xFF,0xC0,
  0x00,0x00,0x00,0x01,0xFF,0xF8,0x00,0x00,0x00,0x00,0x3F,0xFF,0x00,0x00,0x00,0xFF,0xFE,0x00,0x00,0x00,0x1F,0xFF,0xDF,0xFF,
  0xC0,0x00,0x00,0x0F,0xFF,0xE7,0xFF,0xF0,0x00,0x00,0x03,0xFF,0xF9,0xFF,0xFC,0x00,0x00,0x00,0xFF,0xFC,0x3F,0xFF,0x80,0x00,
  0x00,0x7F,0xFF,0x0F,0xFF,0xE0,0x00,0x00,0x1F,0xFF,0xC1,0xFF,0xF8,0x00,0x00,0x07,0xFF,0xE0,0x7F,0xFF,0x00,0x00,0x03,0xFF,
  0xF8,0x0F,0xFF,0xC0,0x00,0x00,0xFF,0xFC,0x03,0xFF,0xF0,0x00,0x00,0x3F,0xFF,0x00,0xFF,0xFE,0x00,0x00,0x1F,0xFF,0xC0,0x1F,
  0xFF,0x80,0x00,0x07,0xFF,0xE0,0x07,0xFF,0xF0,0x00,0x01,0xFF,0xF8,0x00,0xFF,0xFC,0x00,0x00,0xFF,0xFC,0x00,0x3F,0xFF,0x00,
  0x00,0x3F,0xFF,0x00,0x0F,0xFF,0xE0,0x00,0x0F,0xFF,0xC0,0x01,0xFF,0xF8,0x00,0x07,0xFF,0xE0,0x00,0x7F,0xFE,0x00,0x01,0xFF,
  0xF8,0x00,0x0F,0xFF,0xC0,0x00,0x7F,0xFC,0x00,0x03,0xFF,0xF0,0x00,0x3F,0xFF,0x00,0x00,0x7F,0xFC,0x00,0x0F,0xFF,0xC0,0x00,
  0x1F,0xFF,0x80,0x03,0xFF,0xE0,0x00,0x07,0xFF,0xE0,0x01,0xFF,0xF8,0x00,0x00,0xFF,0xFC,0x00,0x7F,0xFE,0x00,0x00,0x3F,0xFF,
  0x00,0x1F,0xFF,0x00,0x00,0x07,0xFF,0xC0,0x0F,0xFF,0xC0,0x00,0x01,0xFF,0xF8,0x03,0xFF,0xE0,0x00,0x00,0x3F,0xFE,0x00,0xFF,
  0xF8,0x00,0x00,0x0F,0xFF,0x80,0x7F,0xFE,0x00,0x00,0x03,0xFF,0xF0,0x1F,0xFF,0x00,0x00,0x00,0x7F,0xFC,0x07,0xFF,0xC0,0x00,
  0x00,0x1F,0xFF,0x01,0xFF,0xE0,0x00,0x00,0x03,0xFF,0xE0,0xFF,0xF8,0x00,0x00,0x00,0xFF,0xF8,0x3F,0xFE,0x00,0x00,0x00,0x3F,
  0xFE,0x0F,0xFF,0x00,0x00,0x00,0x07,0xFF,0x87,0xFF,0xC0,0x00,0x00,0x01,0xFF,0xF1,0xFF,0xE0,0x00,0x00,0x00,0x3F,0xFC,0x7F,
  0xF8,0x00,0x00,0x00,0x0F,0xFF,0x1F,0xFE,0x00,0x00,0x00,0x01,0xFF,0xEF,0xFF,0x00,0x00,0x00,0x00,0x7F,0xFB,0xFF,0xC0,0x00,
  0x00,0x00,0x1F,0xFE,0xFF,0xE0,0x00,0x00,0x00,0x03,0xFF,0xFF,0xF8,0x00,0x00,0x00,0x00,0xFF,0xFF,0xFE,0x00,0x00,0x00,0x00,
  0x1F,0xFF,0xFF,0x00,0x00,0x00,0x00,0x07,0xFF,0xFF,0xC0,0x00,0x00,0x00,0x01,0xFF,0xFF,0xE0,0x00,0x00,0x00,0x00,0x3F,0xFF,
  0xF8,0x00,0x00,0x00,0x00,0x0F,0xFF,0xFE,0x00,0x00,0x00,0x00,0x01,0xFF,0xFF,0x00,0x00,0x00,0x00,0x00,0x7F,0xFF,0xC0,0x00,
  0x00,0x00,0x00,0x0F,0xFF,0xE0,0x00,0x00,0x00,0x00,0x03,0xFF,0xF8,0x00,0x00,0x00,0x00,0x00,0xFF,0xFE,0x00,0x00,0x00,0x00,
  0x00,0x3F,0xFF,0x00,0x00,0x00,0x00,0x00,0x0F,0xFF,0xC0,0x00,0x00,0x00,0x00,0x07,0xFF,0xF0,0x00,0x00,0x00,0x00,0x01,0xFF,
  0xF8,0x00,0x00,0x00,0x00,0x00,0xFF,0xFE,0x00,0x00,0x00,0x00,0x00,0x3F,0xFF,0x00,0x00,0x00,0x00,0x00,0x1F,0xFF,0xC0,0x00,
  0x00,0x00,0x00,0x0F,0xFF,0xE0,0x00,0x00,0x00,0x00,0x07,0xFF,0xF8,0x00,0x00,0x00,0x00,0x03,0xFF,0xFC,0x00,0x00,0x00,0x00,
  0x03,0xFF,0xFF,0x00,0x00,0x00,0x01,0xFF,0xFF,0xFF,0x80,0x00,0x00,0x00,0x7F,0xFF,0xFF,0xE0,0x00,0x00,0x00,0x1F,0xFF,0xFF,
  0xF0,0x00,0x00,0x00,0x07,0xFF,0xFF,0xF8,0x00,0x00,0x00,0x01,0xFF,0xFF,0xFC,0x00,0x00,0x00,0x00,0x7F,0xFF,0xFE,0x00,0x00,
  0x00,0x00,0x1F,0xFF,0xFF,0x00,0x00,0x00,0x00,0x07,0xFF,0xFF,0x80,0x00,0x00,0x00,0x01,0xFF,0xFF,0x80,0x00,0x00,0x00,0x00,
  0x7F,0xFF,0x80,0x00,0x00,0x00,0x00,0x00,0x00,0x00,0xFF,0xC0,0x00,0x00,0x00,0x00,0x00,0x7F,0xE0,0x00,0x00,0x00,0x00,0x00,
  0x3F,0xF0,0x00,0x00,0x00,0x00,0x00,0x1F,0xF8,0x00,0x00,0x00,0x00,0x00,0x0F,0xFC,0x00,0x00,0x00,0x00,0x00,0x07,0xFE,0x00,
  0x00,0x00,0x00,0x00,0x03,0xFF,0x00,0x00,0x00,0x00,0x00,0x01,0xFF,0x80,0x00,0x00,0x00,0x00,0x00,0xFF,0xC0,0x00,0x00,0x00,
  0x00,0x00,0x7F,0xE0,0x00,0x00,0x00,0x00,0x00,0x3F,0xF0,0x00,0x00,0x00,0x00,0x00,0x1F,0xF8,0x00,0x00,0x00,0x00,0x00,0x0F,
  0xFC,0x00,0x00,0x00,0x00,0x00,0x07,0xFE,0x00,0x00,0x00,0x00,0x00,0x03,0xFF,0x00,0x00,0x00,0x00,0x00,0x01,0xFF,0x80,0x00,
  0x00,0x00,0x00,0x00,0xFF,0xC0,0x00,0x00,0x00,0x00,0x00,0x7F,0xE0,0x00,0x00,0x00,0x00,0x00,0x3F,0xF0,0x00,0x00,0x00,0x00,
  0x00,0x1F,0xF8,0x00,0x00,0x00,0x00,0x00,0xFF,0xFF,0xC0,0x00,0x00,0x00,0x03,0xFF,0xFF,0xFC,0x00,0x00,0x00,0x0F,0xFF,0xFF,
  0xFF,0xC0,0x00,0x00,0x1F,0xFF,0xFF,0xFF,0xF0,0x00,0x00,0x1F,0xFF,0xFF,0xFF,0xFE,0x00,0x00,0x1F,0xFF,0xFF,0xFF,0xFF,0x80,
  0x00,0x3F,0xFF,0xFF,0xFF,0xFF,0xE0,0x00,0x3F,0xFF,0xFF,0xFF,0xFF,0xF8,0x00,0x1F,0xFF,0xFF,0xFF,0xFF,0xFE,0x00,0x1F,0xFF,
  0xFF,0xFE,0xFF,0xFF,0x80,0x1F,0xFF,0xC3,0xFF,0x1F,0xFF,0xE0,0x1F,0xFF,0xC1,0xFF,0x83,0xFF,0xF0,0x0F,0xFF,0xC0,0xFF,0xC0,
  0xFF,0xFC,0x0F,0xFF,0xC0,0x7F,0xE0,0x3F,0xFE,0x07,0xFF,0xC0,0x3F,0xF0,0x0F,0xFF,0x87,0xFF,0xC0,0x1F,0xF8,0x03,0xFF,0xC3,
  0xFF,0xE0,0x0F,0xFC,0x01,0xFF,0xF1,0xFF,0xE0,0x07,0xFE,0x00,0x7F,0xF8,0xFF,0xF0,0x03,0xFF,0x00,0x3F,0xFC,0xFF,0xF8,0x01,
  0xFF,0x80,0x1F,0xFF,0x7F,0xF8,0x00,0xFF,0xC0,0x0F,0xFF,0xBF,0xFC,0x00,0x7F,0xE0,0x03,0xFF,0xDF,0xFE,0x00,0x3F,0xF0,0x01,
  0xFF,0xEF,0xFF,0x00,0x1F,0xF8,0x00,0xFF,0xF7,0xFF,0x80,0x0F,0xFC,0x00,0x7F,0xFF,0xFF,0xC0,0x07,0xFE,0x00,0x3F,0xFF,0xFF,
  0xE0,0x03,0xFF,0x00,0x1F,0xFF,0xFF,0xF0,0x01,0xFF,0x80,0x0F,0xFF,0xFF,0xF8,0x00,0xFF,0xC0,0x07,0xFF,0xFF,0xFC,0x00,0x7F,
  0xE0,0x03,0xFF,0xFF,0xFE,0x00,0x3F,0xF0,0x01,0xFF,0xEF,0xFF,0x00,0x1F,0xF8,0x00,0xFF,0xF7,0xFF,0x80,0x0F,0xFC,0x00,0x7F,
  0xFB,0xFF,0xC0,0x07,0xFE,0x00,0x3F,0xFD,0xFF,0xE0,0x03,0xFF,0x00,0x1F,0xFE,0xFF,0xF0,0x01,0xFF,0x80,0x1F,0xFF,0x7F,0xFC,
  0x00,0xFF,0xC0,0x0F,0xFF,0x9F,0xFE,0x00,0x7F,0xE0,0x07,0xFF,0x8F,0xFF,0x00,0x3F,0xF0,0x07,0xFF,0xC7,0xFF,0xC0,0x1F,0xF8,
  0x03,0xFF,0xE3,0xFF,0xE0,0x0F,0xFC,0x01,0xFF,0xE0,0xFF,0xF8,0x07,0xFE,0x01,0xFF,0xF0,0x7F,0xFE,0x03,0xFF,0x01,0xFF,0xF0,
  0x1F,0xFF,0x81,0xFF,0x81,0xFF,0xF8,0x0F,0xFF,0xE0,0xFF,0xC1,0xFF,0xF8,0x03,0xFF,0xF8,0x7F,0xE1,0xFF,0xFC,0x00,0xFF,0xFF,
  0x3F,0xF7,0xFF,0xFC,0x00,0x3F,0xFF,0xFF,0xFF,0xFF,0xFC,0x00,0x1F,0xFF,0xFF,0xFF,0xFF,0xFC,0x00,0x07,0xFF,0xFF,0xFF,0xFF,
  0xFC,0x00,0x01,0xFF,0xFF,0xFF,0xFF,0xFC,0x00,0x00,0x3F,0xFF,0xFF,0xFF,0xFC,0x00,0x00,0x0F,0xFF,0xFF,0xFF,0xFC,0x00,0x00,
  0x01,0xFF,0xFF,0xFF,0xF8,0x00,0x00,0x00,0x3F,0xFF,0xFF,0xE0,0x00,0x00,0x00,0x01,0xFF,0xFF,0x80,0x00,0x00,0x00,0x00,0x0F,
  0xFC,0x00,0x00,0x00,0x00,0x00,0x07,0xFE,0x00,0x00,0x00,0x00,0x00,0x03,0xFF,0x00,0x00,0x00,0x00,0x00,0x01,0xFF,0x80,0x00,
  0x00,0x00,0x00,0x00,0xFF,0xC0,0x00,0x00,0x00,0x00,0x00,0x7F,0xE0,0x00,0x00,0x00,0x00,0x00,0x3F,0xF0,0x00,0x00,0x00,0x00,
  0x00,0x1F,0xF8,0x00,0x00,0x00,0x00,0x00,0x0F,0xFC,0x00,0x00,0x00,0x00,0x00,0x07,0xFE,0x00,0x00,0x00,0x00,0x00,0x03,0xFF,
  0x00,0x00,0x00,0x00,0x00,0x01,0xFF,0x80,0x00,0x00,0x00,0x00,0x00,0xFF,0xC0,0x00,0x00,0x00,0x00,0x00,0x7F,0xE0,0x00,0x00,
  0x00,0x00,0x00,0x3F,0xF0,0x00,0x00,0x00,0x00,0x00,0x1F,0xF8,0x00,0x00,0x00,0x00,0x00,0x0F,0xFC,0x00,0x00,0x00,0x00,0x00,
  0x07,0xFE,0x00,0x00,0x00,0x00,0x00,0x03,0xFF,0x00,0x00,0x00,0x00,0x00,0x01,0xFF,0x80,0x00,0x00,0x7F,0xFF,0x00,0x00,0x01,
  0xFF,0xFE,0x7F,0xFF,0x80,0x00,0x01,0xFF,0xFC,0x3F,0xFF,0x80,0x00,0x03,0xFF,0xF8,0x1F,0xFF,0xC0,0x00,0x07,0xFF,0xF8,0x0F,
  0xFF,0xE0,0x00,0x07,0xFF,0xF0,0x0F,0xFF,0xE0,0x00,0x0F,0xFF,0xE0,0x07,0xFF,0xF0,0x00,0x1F,0xFF,0xC0,0x03,0xFF,0xF8,0x00,
  0x1F,0xFF,0xC0,0x01,0xFF,0xFC,0x00,0x3F,0xFF,0x80,0x01,0xFF,0xFC,0x00,0x7F,0xFF,0x00,0x00,0xFF,0xFE,0x00,0x7F,0xFE,0x00,
  0x00,0x7F,0xFF,0x00,0xFF,0xFE,0x00,0x00,0x3F,0xFF,0x01,0xFF,0xFC,0x00,0x00,0x3F,0xFF,0x81,0xFF,0xF8,0x00,0x00,0x1F,0xFF,
  0xC3,0xFF,0xF0,0x00,0x00,0x0F,0xFF,0xC7,0xFF,0xF0,0x00,0x00,0x07,0xFF,0xE7,0xFF,0xE0,0x00,0x00,0x07,0xFF,0xFF,0xFF,0xC0,
  0x00,0x00,0x03,0xFF,0xFF,0xFF,0x80,0x00,0x00,0x01,0xFF,0xFF,0xFF,0x80,0x00,0x00,0x00,0xFF,0xFF,0xFF,0x00,0x00,0x00,0x00,
  0xFF,0xFF,0xFE,0x00,0x00,0x00,0x00,0x7F,0xFF,0xFC,0x00,0x00,0x00,0x00,0x3F,0xFF,0xFC,0x00,0x00,0x00,0x00,0x1F,0xFF,0xF8,
  0x00,0x00,0x00,0x00,0x1F,0xFF,0xF0,0x00,0x00,0x00,0x00,0x0F,0xFF,0xF0,0x00,0x00,0x00,0x00,0x1F,0xFF,0xF8,0x00,0x00,0x00,
  0x00,0x3F,0xFF,0xFC,0x00,0x00,0x00,0x00,0x7F,0xFF,0xFC,0x00,0x00,0x00,0x00,0x7F,0xFF,0xFE,0x00,0x00,0x00,0x00,0xFF,0xFF,
  0xFF,0x00,0x00,0x00,0x01,0xFF,0xFF,0xFF,0x80,0x00,0x00,0x03,0xFF,0xFF,0xFF,0x80,0x00,0x00,0x03,0xFF,0xFF,0xFF,0xC0,0x00,
  0x00,0x07,0xFF,0xEF,0xFF,0xE0,0x00,0x00,0x0F,0xFF,0xC7,0xFF,0xF0,0x00,0x00,0x1F,0xFF,0xC3,0xFF,0xF0,0x00,0x00,0x1F,0xFF,
  0x83,0xFF,0xF8,0x00,0x00,0x3F,0xFF,0x01,0xFF,0xFC,0x00,0x00,0x7F,0xFF,0x00,0xFF,0xFC,0x00,0x00,0x7F,0xFE,0x00,0xFF,0xFE,
  0x00,0x00,0xFF,0xFC,0x00,0x7F,0xFF,0x00,0x01,0xFF,0xFC,0x00,0x3F,0xFF,0x80,0x03,0xFF,0xF8,0x00,0x3F,0xFF,0x80,0x03,0xFF,
  0xF0,0x00,0x1F,0xFF,0xC0,0x07,0xFF,0xF0,0x00,0x0F,0xFF,0xE0,0x0F,0xFF,0xE0,0x00,0x07,0xFF,0xF0,0x1F,0xFF,0xC0,0x00,0x07,
  0xFF,0xF0,0x1F,0xFF,0xC0,0x00,0x03,0xFF,0xF8,0x3F,0xFF,0x80,0x00,0x01,0xFF,0xFC,0x7F,0xFF,0x00,0x00,0x01,0xFF,0xFE,0xFF,
  0xFF,0x00,0x00,0x00,0xFF,0xFE,0xFF,0xFE,0x00,0x00,0x00,0x7F,0xFF,0xFF,0xFC,0x00,0x00,0xFF,0xFC,0x03,0xFF,0xF0,0x00,0x03,
  0xFF,0xF0,0x0F,0xFF,0xC0,0x00,0x0F,0xFF,0xC0,0x3F,0xFF,0x00,0x00,0x3F,0xFF,0x00,0xFF,0xFC,0x00,0x00,0xFF,0xFC,0x03,0xFF,
  0xF0,0x00,0x03,0xFF,0xF0,0x0F,0xFF,0xC0,0x00,0x0F,0xFF,0xC0,0x3F,0xFF,0x00,0x00,0x3F,0xFF,0x00,0xFF,0xFC,0x00,0x00,0xFF,
  0xFC,0x03,0xFF,0xF0,0x00,0x03,0xFF,0xF0,0x0F,0xFF,0xC0,0x00,0x0F,0xFF,0xC0,0x3F,0xFF,0x00,0x00,0x3F,0xFF,0x00,0xFF,0xFC,
  0x00,0x00,0xFF,0xFC,0x03,0xFF,0xF0,0x00,0x03,0xFF,0xF0,0x0F,0xFF,0xC0,0x00,0x0F,0xFF,0xC0,0x3F,0xFF,0x00,0x00,0x3F,0xFF,
  0x00,0xFF,0xFC,0x00,0x00,0xFF,0xFC,0x03,0xFF,0xF0,0x00,0x03,0xFF,0xF0,0x0F,0xFF,0xC0,0x00,0x0F,0xFF,0xC0,0x3F,0xFF,0x00,
  0x00,0x3F,0xFF,0x00,0xFF,0xFC,0x00,0x00,0xFF,0xFC,0x03,0xFF,0xF0,0x00,0x03,0xFF,0xF0,0x0F,0xFF,0xC0,0x00,0x0F,0xFF,0xC0,
  0x3F,0xFF,0x00,0x00,0x3F,0xFF,0x00,0xFF,0xFC,0x00,0x00,0xFF,0xFC,0x03,0xFF,0xF0,0x00,0x03,0xFF,0xF0,0x0F,0xFF,0xC0,0x00,
  0x0F,0xFF,0xC0,0x3F,0xFF,0x00,0x00,0x3F,0xFF,0x00,0xFF,0xFC,0x00,0x00,0xFF,0xFC,0x03,0xFF,0xF0,0x00,0x03,0xFF,0xF0,0x0F,
  0xFF,0xC0,0x00,0x0F,0xFF,0xC0,0x3F,0xFF,0x00,0x00,0x3F,0xFF,0x00,0xFF,0xFC,0x00,0x00,0xFF,0xFC,0x03,0xFF,0xF0,0x00,0x03,
  0xFF,0xF0,0x0F,0xFF,0xC0,0x00,0x0F,0xFF,0xC0,0x3F,0xFF,0x00,0x00,0x3F,0xFF,0x00,0xFF,0xFC,0x00,0x00,0xFF,0xFC,0x03,0xFF,
  0xF0,0x00,0x03,0xFF,0xF0,0x0F,0xFF,0xC0,0x00,0x0F,0xFF,0xC0,0x3F,0xFF,0x00,0x00,0x3F,0xFF,0x00,0xFF,0xFC,0x00,0x00,0xFF,
  0xFC,0x03,0xFF,0xF0,0x00,0x03,0xFF,0xF0,0x0F,0xFF,0xC0,0x00,0x0F,0xFF,0xC0,0x3F,0xFF,0x00,0x00,0x3F,0xFF,0x00,0xFF,0xFF,
  0xFF,0xFF,0xFF,0xFF,0xFB,0xFF,0xFF,0xFF,0xFF,0xFF,0xFF,0xFF,0xFF,0xFF,0xFF,0xFF,0xFF,0xFF,0xFF,0xFF,0xFF,0xFF,0xFF,0xFF,
  0xFF,0xFF,0xFF,0xFF,0xFF,0xFF,0xFF,0xFF,0xFF,0xFF,0xFF,0xFF,0xFF,0xFF,0xFF,0xFF,0xFF,0xFF,0xFF,0xFF,0xFF,0xFF,0xFF,0xFF,
  0xFF,0xFF,0xFF,0xFF,0xFF,0xFF,0xFF,0xFF,0xFF,0xFF,0xFF,0xFF,0xFF,0xFF,0xFF,0xFF,0xFF,0xF0,0x00,0x00,0x00,0x00,0x07,0xFF,
  0xC0,0x00,0x00,0x00,0x00,0x1F,0xFF,0x00,0x00,0x00,0x00,0x00,0x7F,0xFC,0x00,0x00,0x00,0x00,0x01,0xFF,0xF0,0x00,0x00,0x00,
  0x00,0x07,0xFF,0xC0,0x00,0x00,0x00,0x00,0x1F,0xFF,0x00,0x00,0x00,0x00,0x00,0x7F,0xFC,0x00,0x00,0x00,0x00,0x01,0xFF,0xF0,
  0x00,0x00,0x00,0x00,0x07,0xFF,0xC0,0x00,0x00,0x00,0x00,0x1F,0xFF,0x00,0x00,0x00,0x00,0x00,0x7F,0xFC,0x00,0x00,0x00,0x00,
  0x01,0xFF,0xF0,0x00,0x00,0x00,0x00,0x07,0xFF,0xC0,0x00,0x00,0x00,0x00,0x1F,0xFF,0x00,0x00,0x00,0x00,0x00,0x7F,0xFC,0x00,
  0x00,0x00,0x00,0x01,0xFF,0xF0,0x00,0x00,0x00,0x00,0x07,0xFF,0xC0,0x00,0x00,0x00,0x00,0x1F,0xFF,0x00,0x00,0x00,0x00,0x00,
  0x7F,0xFC,0x00,0x00,0x00,0x00,0x01,0xFF,0xF0,0xFF,0xFC,0x00,0x00,0x1F,0xFF,0xFF,0xFE,0x00,0x00,0x0F,0xFF,0xFF,0xFF,0x00,
  0x00,0x07,0xFF,0xFF,0xFF,0x80,0x00,0x03,0xFF,0xFF,0xFF,0xC0,0x00,0x01,0xFF,0xFF,0xFF,0xE0,0x00,0x00,0xFF,0xFF,0xFF,0xF0,
  0x00,0x00,0x7F,0xFF,0xFF,0xF8,0x00,0x00,0x3F,0xFF,0xFF,0xFC,0x00,0x00,0x1F,0xFF,0xFF,0xFE,0x00,0x00,0x0F,0xFF,0xFF,0xFF,
  0x00,0x00,0x07,0xFF,0xFF,0xFF,0x80,0x00,0x03,0xFF,0xFF,0xFF,0xC0,0x00,0x01,0xFF,0xFF,0xFF,0xE0,0x00,0x00,0xFF,0xFF,0xFF,
  0xF0,0x00,0x00,0x7F,0xFF,0xFF,0xF8,0x00,0x00,0x3F,0xFF,0xFF,0xFC,0x00,0x00,0x1F,0xFF,0xFF,0xFE,0x00,0x00,0x0F,0xFF,0xFF,
  0xFF,0x00,0x00,0x07,0xFF,0xFF,0xFF,0x80,0x00,0x03,0xFF,0xFF,0xFF,0xC0,0x00,0x01,0xFF,0xFF,0xFF,0xE0,0x00,0x00,0xFF,0xFF,
  0xFF,0xF0,0x00,0x00,0x7F,0xFF,0xFF,0xF8,0x00,0x00,0x3F,0xFF,0xFF,0xFE,0x00,0x00,0x1F,0xFF,0xFF,0xFF,0x80,0x00,0x3F,0xFF,
  0xFF,0xFF,0xE0,0x01,0xFF,0xFF,0xFF,0xFF,0xFF,0xFF,0xFF,0xFF,0xFF,0xFF,0xFF,0xFF,0xFF,0xFF,0xFB,0xFF,0xFF,0xFF,0xFF,0xFF,
  0xFD,0xFF,0xFF,0xFF,0xFF,0xFF,0xFE,0x7F,0xFF,0xFF,0xFF,0xFF,0xFF,0x3F,0xFF,0xFF,0xFF,0xFF,0xFF,0x8F,0xFF,0xFF,0xFF,0xFF,
  0xFF,0xC3,0xFF,0xFF,0xFF,0xE7,0xFF,0xE0,0xFF,0xFF,0xFF,0x83,0xFF,0xF0,0x1F,0xFF,0xFE,0x01,0xFF,0xF8,0x01,0xFF,0xE0,0x00,
  0xFF,0xFC,0x00,0x00,0x00,0x00,0x7F,0xFE,0x00,0x00,0x00,0x00,0x3F,0xFF,0x00,0x00,0x00,0x00,0x1F,0xFF,0x80,0x00,0x00,0x00,
  0x0F,0xFF,0xC0,0x00,0x00,0x00,0x07,0xFF,0xE0,0x00,0x00,0x00,0x03,0xFF,0xF0,0x00,0x00,0x00,0x01,0xFF,0xF8,0x00,0x00,0x00,
  0x00,0xFF,0xFC,0x00,0x00,0x00,0x00,0x7F,0xFE,0x00,0x00,0x00,0x00,0x3F,0xFF,0x00,0x00,0x00,0x00,0x1F,0xFF,0x80,0x00,0x00,
  0x00,0x0F,0xFF,0xC0,0x00,0x00,0x00,0x07,0xFF,0xE0,0x00,0x00,0x00,0x03,0xFF,0xF0,0x00,0x00,0x00,0x01,0xFF,0xF8,0x00,0x00,
  0x00,0x00,0xFF,0xFC,0xFF,0xE0,0x07,0xFF,0x00,0x1F,0xFF,0xFF,0x80,0x1F,0xFC,0x00,0x7F,0xFF,0xFE,0x00,0x7F,0xF0,0x01,0xFF,
  0xFF,0xF8,0x01,0xFF,0xC0,0x07,0xFF,0xFF,0xE0,0x07,0xFF,0x00,0x1F,0xFF,0xFF,0x80,0x1F,0xFC,0x00,0x7F,0xFF,0xFE,0x00,0x7F,
  0xF0,0x01,0xFF,0xFF,0xF8,0x01,0xFF,0xC0,0x07,0xFF,0xFF,0xE0,0x07,0xFF,0x00,0x1F,0xFF,0xFF,0x80,0x1F,0xFC,0x00,0x7F,0xFF,
  0xFE,0x00,0x7F,0xF0,0x01,0xFF,0xFF,0xF8,0x01,0xFF,0xC0,0x07,0xFF,0xFF,0xE0,0x07,0xFF,0x00,0x1F,0xFF,0xFF,0x80,0x1F,0xFC,
  0x00,0x7F,0xFF,0xFE,0x00,0x7F,0xF0,0x01,0xFF,0xFF,0xF8,0x01,0xFF,0xC0,0x07,0xFF,0xFF,0xE0,0x07,0xFF,0x00,0x1F,0xFF,0xFF,
  0x80,0x1F,0xFC,0x00,0x7F,0xFF,0xFE,0x00,0x7F,0xF0,0x01,0xFF,0xFF,0xF8,0x01,0xFF,0xC0,0x07,0xFF,0xFF,0xE0,0x07,0xFF,0x00,
  0x1F,0xFF,0xFF,0x80,0x1F,0xFC,0x00,0x7F,0xFF,0xFE,0x00,0x7F,0xF0,0x01,0xFF,0xFF,0xF8,0x01,0xFF,0xC0,0x07,0xFF,0xFF,0xE0,
  0x07,0xFF,0x00,0x1F,0xFF,0xFF,0x80,0x1F,0xFC,0x00,0x7F,0xFF,0xFE,0x00,0x7F,0xF0,0x01,0xFF,0xFF,0xF8,0x01,0xFF,0xC0,0x07,
  0xFF,0xFF,0xE0,0x07,0xFF,0x00,0x1F,0xFF,0xFF,0x80,0x1F,0xFC,0x00,0x7F,0xFF,0xFE,0x00,0x7F,0xF0,0x01,0xFF,0xFF,0xF8,0x01,
  0xFF,0xC0,0x07,0xFF,0xFF,0xE0,0x07,0xFF,0x00,0x1F,0xFF,0xFF,0x80,0x1F,0xFC,0x00,0x7F,0xFF,0xFE,0x00,0x7F,0xF0,0x01,0xFF,
  0xFF,0xF8,0x01,0xFF,0xC0,0x07,0xFF,0xFF,0xE0,0x07,0xFF,0x00,0x1F,0xFF,0xFF,0x80,0x1F,0xFC,0x00,0x7F,0xFF,0xFE,0x00,0x7F,
  0xF0,0x01,0xFF,0xFF,0xF8,0x01,0xFF,0xC0,0x07,0xFF,0xFF,0xE0,0x07,0xFF,0x00,0x1F,0xFF,0xFF,0x80,0x1F,0xFC,0x00,0x7F,0xFF,
  0xFE,0x00,0x7F,0xF0,0x01,0xFF,0xFF,0xF8,0x01,0xFF,0xC0,0x07,0xFF,0xFF,0xE0,0x07,0xFF,0x80,0x1F,0xFF,0xFF,0xFF,0xFF,0xFF,
  0xFF,0xFF,0xFF,0xFF,0xFF,0xFF,0xFF,0xFF,0xFF,0xFF,0xFF,0xFF,0xFF,0xFF,0xFF,0xFF,0xFF,0xFF,0xFF,0xFF,0xFF,0xFF,0xFF,0xFF,
  0xFF,0xFF,0xFF,0xFF,0xFF,0xFF,0xFF,0xFF,0xFF,0xFF,0xFF,0xFF,0xFF,0xFF,0xFF,0xFF,0xFF,0xFF,0xFF,0xFF,0xFF,0xFF,0xFF,0xFF,
  0xFF,0xFF,0xFF,0xFF,0xFF,0xFF,0xFF,0xFF,0xF0,0xFF,0xE0,0x07,0xFF,0x00,0x1F,0xFC,0x7F,0xF0,0x03,0xFF,0x80,0x0F,0xFE,0x3F,
  0xF8,0x01,0xFF,0xC0,0x07,0xFF,0x1F,0xFC,0x00,0xFF,0xE0,0x03,0xFF,0x8F,0xFE,0x00,0x7F,0xF0,0x01,0xFF,0xC7,0xFF,0x00,0x3F,
  0xF8,0x00,0xFF,0xE3,0xFF,0x80,0x1F,0xFC,0x00,0x7F,0xF1,0xFF,0xC0,0x0F,0xFE,0x00,0x3F,0xF8,0xFF,0xE0,0x07,0xFF,0x00,0x1F,
  0xFC,0x7F,0xF0,0x03,0xFF,0x80,0x0F,0xFE,0x3F,0xF8,0x01,0xFF,0xC0,0x07,0xFF,0x1F,0xFC,0x00,0xFF,0xE0,0x03,0xFF,0x8F,0xFE,
  0x00,0x7F,0xF0,0x01,0xFF,0xC7,0xFF,0x00,0x3F,0xF8,0x00,0xFF,0xE3,0xFF,0x80,0x1F,0xFC,0x00,0x7F,0xF1,0xFF,0xC0,0x0F,0xFE,
  0x00,0x3F,0xF8,0xFF,0xE0,0x07,0xFF,0x00,0x1F,0xFC,0x7F,0xF0,0x03,0xFF,0x80,0x0F,0xFE,0x3F,0xF8,0x01,0xFF,0xC0,0x07,0xFF,
  0x1F,0xFC,0x00,0xFF,0xE0,0x03,0xFF,0x8F,0xFE,0x00,0x7F,0xF0,0x01,0xFF,0xC7,0xFF,0x00,0x3F,0xF8,0x00,0xFF,0xE3,0xFF,0x80,
  0x1F,0xFC,0x00,0x7F,0xF1,0xFF,0xC0,0x0F,0xFE,0x00,0x3F,0xF8,0xFF,0xE0,0x07,0xFF,0x00,0x1F,0xFC,0x7F,0xF0,0x03,0xFF,0x80,
  0x0F,0xFE,0x3F,0xF8,0x01,0xFF,0xC0,0x07,0xFF,0x1F,0xFC,0x00,0xFF,0xE0,0x03,0xFF,0x8F,0xFE,0x00,0x7F,0xF0,0x01,0xFF,0xC7,
  0xFF,0x00,0x3F,0xF8,0x00,0xFF,0xE3,0xFF,0x80,0x1F,0xFC,0x00,0x7F,0xF1,0xFF,0xC0,0x0F,0xFE,0x00,0x3F,0xF8,0xFF,0xE0,0x07,
  0xFF,0x00,0x1F,0xFC,0x7F,0xF0,0x03,0xFF,0x80,0x0F,0xFE,0x3F,0xF8,0x01,0xFF,0xC0,0x07,0xFF,0x1F,0xFC,0x00,0xFF,0xE0,0x03,
  0xFF,0x8F,0xFE,0x00,0x7F,0xF0,0x01,0xFF,0xC7,0xFF,0x00,0x3F,0xF8,0x00,0xFF,0xE3,0xFF,0x80,0x1F,0xFC,0x00,0x7F,0xF1,0xFF,
  0xC0,0x0F,0xFE,0x00,0x3F,0xF8,0xFF,0xE0,0x07,0xFF,0x00,0x1F,0xFC,0x7F,0xF0,0x03,0xFF,0x80,0x0F,0xFE,0x3F,0xF8,0x01,0xFF,
  0xC0,0x07,0xFF,0x1F,0xFC,0x00,0xFF,0xE0,0x03,0xFF,0x8F,0xFE,0x00,0x7F,0xF8,0x01,0xFF,0xC7,0xFF,0xFF,0xFF,0xFF,0xFF,0xFF,
  0xFF,0xFF,0xFF,0xFF,0xFF,0xFF,0xFF,0xFF,0xFF,0xFF,0xFF,0xFF,0xFF,0xFF,0xFF,0xFF,0xFF,0xFF,0xFF,0xFF,0xFF,0xFF,0xFF,0xFF,
  0xFF,0xFF,0xFF,0xFF,0xFF,0xFF,0xFF,0xFF,0xFF,0xFF,0xFF,0xFF,0xFF,0xFF,0xFF,0xFF,0xFF,0xFF,0xFF,0xFF,0xFF,0xFF,0xFF,0xFF,
  0xFF,0xFF,0xFF,0xFF,0xFF,0xFF,0xFF,0xFF,0xFF,0xFC,0x00,0x00,0x00,0x00,0x00,0x07,0xFE,0x00,0x00,0x00,0x00,0x00,0x03,0xFF,
  0x00,0x00,0x00,0x00,0x00,0x01,0xFF,0x80,0x00,0x00,0x00,0x00,0x00,0xFF,0xC0,0x00,0x00,0x00,0x00,0x00,0x7F,0xE0,0x00,0x00,
  0x00,0x00,0x00,0x3F,0xF0,0x00,0x00,0x00,0x00,0x00,0x1F,0xF8,0x00,0x00,0x00,0x00,0x00,0x0F,0xFC,0x00,0x00,0x00,0x00,0x00,
  0x07,0xFE,0x00,0x00,0x00,0x00,0x00,0x03,0xFF,0x00,0x00,0x00,0x00,0x00,0x01,0xFF,0x80,0x00,0x00,0x00,0x00,0x00,0xFF,0xC0,
  0x00,0x00,0x00,0x00,0x00,0x7F,0xE0,0x00,0x00,0x00,0x00,0x00,0x3F,0xF0,0x00,0x00,0x00,0x00,0x00,0x1F,0xF8,0x00,0x00,0x00,
  0x00,0x00,0x0F,0xFC,0x00,0x00,0x00,0x00,0x00,0x07,0xFE,0x00,0x00,0x00,0x00,0x00,0x03,0xFF,0x00,0x00,0x00,0x00,0x00,0x01,
  0xFF,0x80,0x00,0x00,0x00,0x00,0x00,0xFF,0xC0,0xFF,0xFF,0xFF,0xF0,0x00,0x00,0x00,0x1F,0xFF,0xFF,0xFE,0x00,0x00,0x00,0x03,
  0xFF,0xFF,0xFF,0xC0,0x00,0x00,0x00,0x7F,0xFF,0xFF,0xF8,0x00,0x00,0x00,0x0F,0xFF,0xFF,0xFF,0x00,0x00,0x00,0x01,0xFF,0xFF,
  0xFF,0xE0,0x00,0x00,0x00,0x3F,0xFF,0xFF,0xFC,0x00,0x00,0x00,0x07,0xFF,0xFF,0xFF,0x80,0x00,0x00,0x00,0xFF,0xFF,0xFF,0xF0,
  0x00,0x00,0x00,0x0F,0xFF,0xFF,0xFE,0x00,0x00,0x00,0x00,0x00,0x0F,0xFF,0xC0,0x00,0x00,0x00,0x00,0x01,0xFF,0xF8,0x00,0x00,
  0x00,0x00,0x00,0x3F,0xFF,0x00,0x00,0x00,0x00,0x00,0x07,0xFF,0xE0,0x00,0x00,0x00,0x00,0x00,0xFF,0xFC,0x00,0x00,0x00,0x00,
  0x00,0x1F,0xFF,0x80,0x00,0x00,0x00,0x00,0x03,0xFF,0xF0,0x00,0x00,0x00,0x00,0x00,0x7F,0xFE,0x00,0x00,0x00,0x00,0x00,0x0F,
  0xFF,0xC0,0x00,0x00,0x00,0x00,0x01,0xFF,0xF8,0x00,0x00,0x00,0x00,0x00,0x3F,0xFF,0x00,0x00,0x00,0x00,0x00,0x07,0xFF,0xE0,
  0x00,0x00,0x00,0x00,0x00,0xFF,0xFF,0xFF,0xFC,0x00,0x00,0x00,0x1F,0xFF,0xFF,0xFF,0xFC,0x00,0x00,0x03,0xFF,0xFF,0xFF,0xFF,
  0xE0,0x00,0x00,0x7F,0xFF,0xFF,0xFF,0xFF,0x00,0x00,0x0F,0xFF,0xFF,0xFF,0xFF,0xF8,0x00,0x01,0xFF,0xFF,0xFF,0xFF,0xFF,0x80,
  0x00,0x3F,0xFF,0xFF,0xFF,0xFF,0xF8,0x00,0x07,0xFF,0xFF,0xFF,0xFF,0xFF,0x00,0x00,0xFF,0xFF,0xFF,0xFF,0xFF,0xF0,0x00,0x1F,
  0xFF,0x80,0x07,0xFF,0xFE,0x00,0x03,0xFF,0xF0,0x00,0x3F,0xFF,0xE0,0x00,0x7F,0xFE,0x00,0x03,0xFF,0xFC,0x00,0x0F,0xFF,0xC0,
  0x00,0x3F,0xFF,0x80,0x01,0xFF,0xF8,0x00,0x07,0xFF,0xF0,0x00,0x3F,0xFF,0x00,0x00,0x7F,0xFE,0x00,0x07,0xFF,0xE0,0x00,0x0F,
  0xFF,0xC0,0x00,0xFF,0xFC,0x00,0x01,0xFF,0xF8,0x00,0x1F,0xFF,0x80,0x00,0x3F,0xFF,0x00,0x03,0xFF,0xF0,0x00,0x0F,0xFF,0xE0,
  0x00,0x7F,0xFE,0x00,0x01,0xFF,0xFC,0x00,0x0F,0xFF,0xC0,0x00,0x7F,0xFF,0x80,0x01,0xFF,0xF8,0x00,0x1F,0xFF,0xE0,0x00,0x3F,
  0xFF,0x00,0x1F,0xFF,0xFC,0x00,0x07,0xFF,0xFF,0xFF,0xFF,0xFF,0x00,0x00,0xFF,0xFF,0xFF,0xFF,0xFF,0xE0,0x00,0x1F,0xFF,0xFF,
  0xFF,0xFF,0xF8,0x00,0x03,0xFF,0xFF,0xFF,0xFF,0xFE,0x00,0x00,0x7F,0xFF,0xFF,0xFF,0xFF,0x80,0x00,0x0F,0xFF,0xFF,0xFF,0xFF,
  0xC0,0x00,0x01,0xFF,0xFF,0xFF,0xFF,0xE0,0x00,0x00,0x3F,0xFF,0xFF,0xFF,0xF0,0x00,0x00,0x07,0xFF,0xFF,0xFF,0xC0,0x00,0x00,
  0xFF,0xF0,0x00,0x00,0x01,0xFF,0xFF,0xFF,0x00,0x00,0x00,0x1F,0xFF,0xFF,0xF0,0x00,0x00,0x01,0xFF,0xFF,0xFF,0x00,0x00,0x00,
  0x1F,0xFF,0xFF,0xF0,0x00,0x00,0x01,0xFF,0xFF,0xFF,0x00,0x00,0x00,0x1F,0xFF,0xFF,0xF0,0x00,0x00,0x01,0xFF,0xFF,0xFF,0x00,
  0x00,0x00,0x1F,0xFF,0xFF,0xF0,0x00,0x00,0x01,0xFF,0xFF,0xFF,0x00,0x00,0x00,0x1F,0xFF,0xFF,0xF0,0x00,0x00,0x01,0xFF,0xFF,
  0xFF,0x00,0x00,0x00,0x1F,0xFF,0xFF,0xF0,0x00,0x00,0x01,0xFF,0xFF,0xFF,0x00,0x00,0x00,0x1F,0xFF,0xFF,0xF0,0x00,0x00,0x01,
  0xFF,0xFF,0xFF,0x00,0x00,0x00,0x1F,0xFF,0xFF,0xF0,0x00,0x00,0x01,0xFF,0xFF,0xFF,0x00,0x00,0x00,0x1F,0xFF,0xFF,0xF0,0x00,
  0x00,0x01,0xFF,0xFF,0xFF,0x00,0x00,0x00,0x1F,0xFF,0xFF,0xF0,0x00,0x00,0x01,0xFF,0xFF,0xFF,0x00,0x00,0x00,0x1F,0xFF,0xFF,
  0xFF,0xFC,0x00,0x01,0xFF,0xFF,0xFF,0xFF,0xFC,0x00,0x1F,0xFF,0xFF,0xFF,0xFF,0xF0,0x01,0xFF,0xFF,0xFF,0xFF,0xFF,0xC0,0x1F,
  0xFF,0xFF,0xFF,0xFF,0xFE,0x01,0xFF,0xFF,0xFF,0xFF,0xFF,0xF0,0x1F,0xFF,0xFF,0xFF,0xFF,0xFF,0x81,0xFF,0xFF,0xFF,0xFF,0xFF,
  0xF8,0x1F,0xFF,0xFF,0xFF,0xFF,0xFF,0xC1,0xFF,0xFF,0xFF,0x01,0xFF,0xFC,0x1F,0xFF,0xFF,0xF0,0x07,0xFF,0xE1,0xFF,0xFF,0xFF,
  0x00,0x3F,0xFE,0x1F,0xFF,0xFF,0xF0,0x03,0xFF,0xE1,0xFF,0xFF,0xFF,0x00,0x1F,0xFE,0x1F,0xFF,0xFF,0xF0,0x01,0xFF,0xE1,0xFF,
  0xFF,0xFF,0x00,0x1F,0xFE,0x1F,0xFF,0xFF,0xF0,0x01,0xFF,0xE1,0xFF,0xFF,0xFF,0x00,0x1F,0xFE,0x1F,0xFF,0xFF,0xF0,0x03,0xFF,
  0xE1,0xFF,0xFF,0xFF,0x00,0x3F,0xFE,0x1F,0xFF,0xFF,0xF0,0x03,0xFF,0xE1,0xFF,0xFF,0xFF,0x00,0x7F,0xFC,0x1F,0xFF,0xFF,0xF0,
  0x1F,0xFF,0xC1,0xFF,0xFF,0xFF,0xFF,0xFF,0xFC,0x1F,0xFF,0xFF,0xFF,0xFF,0xFF,0x81,0xFF,0xFF,0xFF,0xFF,0xFF,0xF0,0x1F,0xFF,
  0xFF,0xFF,0xFF,0xFF,0x01,0xFF,0xFF,0xFF,0xFF,0xFF,0xE0,0x1F,0xFF,0xFF,0xFF,0xFF,0xF8,0x01,0xFF,0xFF,0xFF,0xFF,0xFF,0x00,
  0x1F,0xFF,0xFF,0xFF,0xFF,0x80,0x01,0xFF,0xFF,0xFF,0xFF,0xC0,0x00,0x1F,0xFF,0xFF,0xFC,0x00,0x00,0x00,0x00,0x1F,0xFF,0x80,
  0x00,0x00,0x00,0x03,0xFF,0xF0,0x00,0x00,0x00,0x00,0x7F,0xFE,0x00,0x00,0x00,0x00,0x0F,0xFF,0xC0,0x00,0x00,0x00,0x01,0xFF,
  0xF8,0x00,0x00,0x00,0x00,0x3F,0xFF,0x00,0x00,0x00,0x00,0x07,0xFF,0xE0,0x00,0x00,0x00,0x00,0xFF,0xFC,0x00,0x00,0x00,0x00,
  0x1F,0xFF,0x80,0x00,0x00,0x00,0x03,0xFF,0xF0,0x00,0x00,0x00,0x00,0x7F,0xFE,0x00,0x00,0x00,0x00,0x0F,0xFF,0xC0,0x00,0x00,
  0x00,0x01,0xFF,0xF8,0x00,0x00,0x00,0x00,0x3F,0xFF,0x00,0x00,0x00,0x00,0x07,0xFF,0xE0,0x00,0x00,0x00,0x00,0xFF,0xFC,0x00,
  0x00,0x00,0x00,0x1F,0xFF,0x80,0x00,0x00,0x00,0x03,0xFF,0xF0,0x00,0x00,0x00,0x00,0x7F,0xFE,0x00,0x00,0x00,0x00,0x0F,0xFF,
  0xC0,0x00,0x00,0x00,0x01,0xFF,0xF8,0x00,0x00,0x00,0x00,0x3F,0xFF,0xFF,0xFF,0xF8,0x00,0x07,0xFF,0xFF,0xFF,0xFF,0xF8,0x00,
  0xFF,0xFF,0xFF,0xFF,0xFF,0xC0,0x1F,0xFF,0xFF,0xFF,0xFF,0xFE,0x03,0xFF,0xFF,0xFF,0xFF,0xFF,0xF0,0x7F,0xFF,0xFF,0xFF,0xFF,
  0xFF,0x0F,0xFF,0xFF,0xFF,0xFF,0xFF,0xF1,0xFF,0xFF,0xFF,0xFF,0xFF,0xFE,0x3F,0xFF,0xFF,0xFF,0xFF,0xFF,0xE7,0xFF,0xE0,0x00,
  0x0F,0xFF,0xFC,0xFF,0xFC,0x00,0x00,0x7F,0xFF,0xDF,0xFF,0x80,0x00,0x03,0xFF,0xFB,0xFF,0xF0,0x00,0x00,0x7F,0xFF,0x7F,0xFE,
  0x00,0x00,0x07,0xFF,0xEF,0xFF,0xC0,0x00,0x00,0xFF,0xFF,0xFF,0xF8,0x00,0x00,0x1F,0xFF,0xFF,0xFF,0x00,0x00,0x03,0xFF,0xF7,
  0xFF,0xE0,0x00,0x00,0x7F,0xFE,0xFF,0xFC,0x00,0x00,0x1F,0xFF,0xDF,0xFF,0x80,0x00,0x03,0xFF,0xFB,0xFF,0xF0,0x00,0x00,0xFF,
  0xFF,0x7F,0xFE,0x00,0x00,0x3F,0xFF,0xCF,0xFF,0xC0,0x00,0x3F,0xFF,0xF9,0xFF,0xFF,0xFF,0xFF,0xFF,0xFE,0x3F,0xFF,0xFF,0xFF,
  0xFF,0xFF,0xC7,0xFF,0xFF,0xFF,0xFF,0xFF,0xF0,0xFF,0xFF,0xFF,0xFF,0xFF,0xFC,0x1F,0xFF,0xFF,0xFF,0xFF,0xFF,0x03,0xFF,0xFF,
  0xFF,0xFF,0xFF,0x80,0x7F,0xFF,0xFF,0xFF,0xFF,0xC0,0x0F,0xFF,0xFF,0xFF,0xFF,0xC0,0x01,0xFF,0xFF,0xFF,0xFF,0x80,0x00,0x00,
  0x00,0x00,0x3F,0xFE,0x00,0x00,0x00,0x00,0x7F,0xFF,0xF0,0x00,0x00,0x00,0xFF,0xFF,0xFF,0x80,0x00,0x00,0xFF,0xFF,0xFF,0xF8,
  0x00,0x00,0x7F,0xFF,0xFF,0xFF,0x00,0x00,0x3F,0xFF,0xFF,0xFF,0xF0,0x00,0x3F,0xFF,0xFF,0xFF,0xFE,0x00,0x0F,0xFF,0xFF,0xFF,
  0xFF,0xC0,0x07,0xFF,0xFF,0xFF,0xFF,0xF0,0x03,0xFF,0xFF,0xFF,0xFF,0xFE,0x01,0xFF,0xFF,0x80,0x7F,0xFF,0xC0,0x7F,0xFF,0x80,
  0x07,0xFF,0xF8,0x3F,0xFF,0xC0,0x00,0xFF,0xFE,0x0F,0xFF,0xE0,0x00,0x1F,0xFF,0xC7,0xFF,0xF0,0x00,0x07,0xFF,0xF1,0xFF,0xFC,
  0x00,0x00,0xFF,0xFC,0x7F,0xFE,0x00,0x00,0x3F,0xFF,0x9F,0xFF,0x80,0x00,0x0F,0xFF,0xE1,0xFF,0xE0,0x00,0x01,0xFF,0xF8,0x00,
  0x00,0x00,0x00,0x7F,0xFF,0x00,0x00,0x00,0x00,0x1F,0xFF,0xC0,0x00,0x00,0x00,0x07,0xFF,0xF0,0x00,0x00,0x00,0x01,0xFF,0xFC,
  0x00,0x00,0x3F,0xFF,0xFF,0xFF,0x00,0x00,0x0F,0xFF,0xFF,0xFF,0xC0,0x00,0x03,0xFF,0xFF,0xFF,0xF0,0x00,0x00,0xFF,0xFF,0xFF,
  0xFC,0x00,0x00,0x3F,0xFF,0xFF,0xFF,0x00,0x00,0x0F,0xFF,0xFF,0xFF,0xC0,0x00,0x03,0xFF,0xFF,0xFF,0xF0,0x00,0x00,0xFF,0xFF,
  0xFF,0xFC,0x00,0x00,0x3F,0xFF,0xFF,0xFF,0x00,0x00,0x0F,0xFF,0xFF,0xFF,0xC0,0x00,0x00,0x00,0x07,0xFF,0xF0,0x00,0x00,0x00,
  0x01,0xFF,0xFC,0x00,0x00,0x00,0x00,0x7F,0xFF,0x3F,0xFC,0x00,0x00,0x1F,0xFF,0xFF,0xFF,0x80,0x00,0x07,0xFF,0xEF,0xFF,0xE0,
  0x00,0x03,0xFF,0xF9,0xFF,0xF8,0x00,0x00,0xFF,0xFE,0x7F,0xFF,0x00,0x00,0x3F,0xFF,0x9F,0xFF,0xC0,0x00,0x1F,0xFF,0xC3,0xFF,
  0xF8,0x00,0x07,0xFF,0xF0,0xFF,0xFF,0x00,0x03,0xFF,0xF8,0x1F,0xFF,0xE0,0x01,0xFF,0xFE,0x07,0xFF,0xFC,0x01,0xFF,0xFF,0x00,
  0xFF,0xFF,0xFF,0xFF,0xFF,0x80,0x1F,0xFF,0xFF,0xFF,0xFF,0xE0,0x03,0xFF,0xFF,0xFF,0xFF,0xF0,0x00,0x7F,0xFF,0xFF,0xFF,0xF8,
  0x00,0x0F,0xFF,0xFF,0xFF,0xFC,0x00,0x01,0xFF,0xFF,0xFF,0xFE,0x00,0x00,0x3F,0xFF,0xFF,0xFE,0x00,0x00,0x03,0xFF,0xFF,0xFE,
  0x00,0x00,0x00,0x1F,0xFF,0xFE,0x00,0x00,0x00,0x00,0xFF,0xF8,0x00,0x00,0x00,0x00,0x00,0x00,0x7F,0xE0,0x00,0x7F,0xFC,0x00,
  0x00,0xFF,0xFC,0x00,0x3F,0xFE,0x00,0x01,0xFF,0xFF,0x80,0x1F,0xFF,0x00,0x03,0xFF,0xFF,0xE0,0x0F,0xFF,0x80,0x03,0xFF,0xFF,
  0xF8,0x07,0xFF,0xC0,0x03,0xFF,0xFF,0xFE,0x03,0xFF,0xE0,0x01,0xFF,0xFF,0xFF,0x81,0xFF,0xF0,0x01,0xFF,0xFF,0xFF,0xE0,0xFF,
  0xF8,0x01,0xFF,0xFF,0xFF,0xF8,0x7F,0xFC,0x00,0xFF,0xFF,0xFF,0xFC,0x3F,0xFE,0x00,0xFF,0xF8,0x1F,0xFF,0x1F,0xFF,0x00,0x7F,
  0xF8,0x07,0xFF,0x8F,0xFF,0x80,0x7F,0xFC,0x01,0xFF,0xC7,0xFF,0xC0,0x3F,0xFC,0x00,0xFF,0xF3,0xFF,0xE0,0x1F,0xFE,0x00,0x7F,
  0xF9,0xFF,0xF0,0x1F,0xFE,0x00,0x1F,0xFC,0xFF,0xF8,0x0F,0xFF,0x00,0x0F,0xFF,0x7F,0xFC,0x07,0xFF,0x80,0x07,0xFF,0xBF,0xFE,
  0x03,0xFF,0xC0,0x03,0xFF,0xDF,0xFF,0x01,0xFF,0xC0,0x01,0xFF,0xEF,0xFF,0x81,0xFF,0xE0,0x00,0x7F,0xF7,0xFF,0xC0,0xFF,0xF0,
  0x00,0x3F,0xFF,0xFF,0xFF,0xFF,0xF8,0x00,0x1F,0xFF,0xFF,0xFF,0xFF,0xFC,0x00,0x0F,0xFF,0xFF,0xFF,0xFF,0xFE,0x00,0x07,0xFF,
  0xFF,0xFF,0xFF,0xFF,0x00,0x03,0xFF,0xFF,0xFF,0xFF,0xFF,0x80,0x01,0xFF,0xFF,0xFF,0xFF,0xFF,0xC0,0x00,0xFF,0xFF,0xFF,0xFF,
  0xFF,0xE0,0x00,0x7F,0xFF,0xFF,0xFF,0xFF,0xF0,0x00,0x3F,0xFF,0xFF,0xFF,0xFF,0xF8,0x00,0x1F,0xFF,0xFF,0xFF,0xFF,0xFC,0x00,
  0x0F,0xFF,0xFF,0xF8,0x1F,0xFE,0x00,0x07,0xFF,0xFF,0xFC,0x0F,0xFF,0x00,0x03,0xFF,0xFF,0xFE,0x07,0xFF,0x80,0x01,0xFF,0xFF,
  0xFF,0x03,0xFF,0xC0,0x00,0xFF,0xEF,0xFF,0x80,0xFF,0xE0,0x00,0xFF,0xF7,0xFF,0xC0,0x7F,0xF8,0x00,0x7F,0xFB,0xFF,0xE0,0x3F,
  0xFC,0x00,0x3F,0xFD,0xFF,0xF0,0x1F,0xFE,0x00,0x1F,0xFE,0xFF,0xF8,0x0F,0xFF,0x00,0x0F,0xFE,0x7F,0xFC,0x03,0xFF,0x80,0x0F,
  0xFF,0x3F,0xFE,0x01,0xFF,0xE0,0x07,0xFF,0x9F,0xFF,0x00,0xFF,0xF0,0x03,0xFF,0xCF,0xFF,0x80,0x3F,0xFC,0x03,0xFF,0xC7,0xFF,
  0xC0,0x1F,0xFF,0x03,0xFF,0xE3,0xFF,0xE0,0x07,0xFF,0xFF,0xFF,0xE1,0xFF,0xF0,0x03,0xFF,0xFF,0xFF,0xF0,0xFF,0xF8,0x00,0xFF,
  0xFF,0xFF,0xF0,0x7F,0xFC,0x00,0x3F,0xFF,0xFF,0xF0,0x3F,0xFE,0x00,0x1F,0xFF,0xFF,0xF8,0x1F,0xFF,0x00,0x07,0xFF,0xFF,0xF8,
  0x0F,0xFF,0x80,0x01,0xFF,0xFF,0xF8,0x07,0xFF,0xC0,0x00,0x3F,0xFF,0xF0,0x03,0xFF,0xE0,0x00,0x07,0xFF,0xF0,0x00,0x00,0x00,
  0x00,0x00,0xFF,0xC0,0x00,0x00,0x00,0x0F,0xFF,0xFF,0xFF,0xF8,0x00,0x07,0xFF,0xFF,0xFF,0xFF,0xC0,0x01,0xFF,0xFF,0xFF,0xFF,
  0xFE,0x00,0x3F,0xFF,0xFF,0xFF,0xFF,0xF0,0x07,0xFF,0xFF,0xFF,0xFF,0xFF,0x80,0x7F,0xFF,0xFF,0xFF,0xFF,0xFC,0x07,0xFF,0xFF,
  0xFF,0xFF,0xFF,0xE0,0x7F,0xFF,0xFF,0xFF,0xFF,0xFF,0x03,0xFF,0xFF,0xFF,0xFF,0xFF,0xF8,0x3F,0xFF,0xF8,0x00,0x0F,0xFF,0xC1,
  0xFF,0xFF,0x00,0x00,0x7F,0xFE,0x0F,0xFF,0xE0,0x00,0x03,0xFF,0xF0,0xFF,0xFF,0x00,0x00,0x1F,0xFF,0x87,0xFF,0xF0,0x00,0x00,
  0xFF,0xFC,0x3F,0xFF,0x80,0x00,0x07,0xFF,0xE1,0xFF,0xFC,0x00,0x00,0x3F,0xFF,0x0F,0xFF,0xE0,0x00,0x01,0xFF,0xF8,0x7F,0xFF,
  0x00,0x00,0x0F,0xFF,0xC3,0xFF,0xF8,0x00,0x00,0x7F,0xFE,0x1F,0xFF,0xC0,0x00,0x03,0xFF,0xF0,0x7F,0xFF,0x00,0x00,0x1F,0xFF,
  0x83,0xFF,0xF8,0x00,0x00,0xFF,0xFC,0x1F,0xFF,0xF0,0x00,0x07,0xFF,0xE0,0x7F,0xFF,0xE0,0x00,0x3F,0xFF,0x03,0xFF,0xFF,0xFF,
  0xFF,0xFF,0xF8,0x0F,0xFF,0xFF,0xFF,0xFF,0xFF,0xC0,0x3F,0xFF,0xFF,0xFF,0xFF,0xFE,0x00,0xFF,0xFF,0xFF,0xFF,0xFF,0xF0,0x03,
  0xFF,0xFF,0xFF,0xFF,0xFF,0x80,0x07,0xFF,0xFF,0xFF,0xFF,0xFC,0x00,0x0F,0xFF,0xFF,0xFF,0xFF,0xE0,0x00,0x3F,0xFF,0xFF,0xFF,
  0xFF,0x00,0x01,0xFF,0xFF,0xFF,0xFF,0xF8,0x00,0x1F,0xFF,0x80,0x0F,0xFF,0xC0,0x01,0xFF,0xFC,0x00,0x7F,0xFE,0x00,0x1F,0xFF,
  0xC0,0x03,0xFF,0xF0,0x00,0xFF,0xFC,0x00,0x1F,0xFF,0x80,0x0F,0xFF,0xE0,0x00,0xFF,0xFC,0x00,0xFF,0xFE,0x00,0x07,0xFF,0xE0,
  0x07,0xFF,0xE0,0x00,0x3F,0xFF,0x00,0x7F,0xFF,0x00,0x01,0xFF,0xF8,0x07,0xFF,0xF0,0x00,0x0F,0xFF,0xC0,0x3F,0xFF,0x00,0x00,
  0x7F,0xFE,0x03,0xFF,0xF8,0x00,0x03,0xFF,0xF0,0x3F,0xFF,0x80,0x00,0x1F,0xFF,0x83,0xFF,0xFC,0x00,0x00,0xFF,0xFC,0x1F,0xFF,
  0xC0,0x00,0x07,0xFF,0xE1,0xFF,0xFC,0x00,0x00,0x3F,0xFF,0x1F,0xFF,0xE0,0x00,0x01,0xFF,0xF8,0xFF,0xFE,0x00,0x00,0x0F,0xFF,
  0xCF,0xFF,0xE0,0x00,0x00,0x7F,0xFE,0xFF,0xFF,0x00,0x00,0x03,0xFF,0xF7,0xFF,0xF0,0x00,0x00,0x1F,0xFF,0xFF,0xFF,0x00,0x00,
  0x00,0xFF,0xFC,0x00,0xFF,0xFC,0x00,0x00,0x00,0x00,0x0F,0xFF,0xE0,0x00,0x00,0x00,0x00,0x7F,0xFF,0x00,0x00,0x00,0x00,0x03,
  0xFF,0xF8,0x00,0x00,0x00,0x00,0x0F,0xFF,0xC0,0x00,0x00,0x00,0x00,0x7F,0xFE,0x00,0x00,0x00,0x00,0x01,0xFF,0xF0,0x00,0x00,
  0x00,0x00,0x0F,0xFF,0x80,0x00,0x00,0x00,0x00,0x3F,0xFC,0x00,0x00,0x00,0x00,0x01,0xFF,0xE0,0x00,0x00,0x00,0x00,0x0F,0xFF,
  0x00,0x00,0x00,0x00,0x00,0x3F,0xF8,0x00,0x00,0x00,0x00,0x01,0xFF,0xC0,0x00,0x00,0x00,0x00,0x07,0xFC,0x00,0x00,0x00,0x00,
  0x00,0x00,0x00,0x00,0x00,0x00,0x00,0x00,0x00,0x00,0x00,0x00,0x00,0x00,0x00,0x00,0x00,0x00,0x00,0x00,0x00,0x00,0x00,0x00,
  0x00,0x00,0x00,0x00,0x00,0x00,0x00,0x00,0x00,0xFF,0xF8,0x00,0x00,0x00,0x00,0xFF,0xFF,0xF0,0x00,0x00,0x00,0x3F,0xFF,0xFF,
  0xC0,0x00,0x00,0x0F,0xFF,0xFF,0xFF,0x00,0x00,0x03,0xFF,0xFF,0xFF,0xFC,0x00,0x00,0x7F,0xFF,0xFF,0xFF,0xE0,0x00,0x0F,0xFF,
  0xFF,0xFF,0xFF,0x00,0x01,0xFF,0xFF,0xFF,0xFF,0xF8,0x00,0x3F,0xFF,0xFF,0xFF,0xFF,0xC0,0x07,0xFF,0xFE,0x03,0xFF,0xFC,0x00,
  0xFF,0xFF,0x80,0x0F,0xFF,0xE0,0x0F,0xFF,0xE0,0x00,0x3F,0xFF,0x01,0xFF,0xFC,0x00,0x01,0xFF,0xF0,0x1F,0xFF,0xC0,0x00,0x1F,
  0xFF,0x83,0xFF,0xF8,0x00,0x00,0xFF,0xF8,0x3F,0xFF,0x00,0x00,0x0F,0xFF,0xC3,0xFF,0xF0,0x00,0x00,0x7F,0xFC,0x7F,0xFF,0x00,
  0x00,0x07,0xFF,0xC7,0xFF,0xE0,0x00,0x00,0x7F,0xFC,0x7F,0xFE,0x00,0x00,0x03,0xFF,0xE7,0xFF,0xE0,0x00,0x00,0x3F,0xFE,0xFF,
  0xFE,0x00,0x00,0x03,0xFF,0xEF,0xFF,0xFF,0xFF,0xFF,0xFF,0xFE,0xFF,0xFF,0xFF,0xFF,0xFF,0xFF,0xEF,0xFF,0xFF,0xFF,0xFF,0xFF,
  0xFF,0xFF,0xFF,0xFF,0xFF,0xFF,0xFF,0xFF,0xFF,0xFF,0xFF,0xFF,0xFF,0xFF,0xFF,0xFF,0xFF,0xFF,0xFF,0xFF,0xFF,0xFF,0xFF,0xFF,
  0xFF,0xFF,0xFF,0xFF,0xFF,0xFF,0xFF,0xFF,0xFF,0xFF,0xFF,0xFF,0xFF,0xFF,0xFF,0xFF,0xFF,0xFE,0x00,0x00,0x00,0x00,0x0F,0xFF,
  0xE0,0x00,0x00,0x00,0x00,0xFF,0xFE,0x00,0x00,0x00,0x00,0x0F,0xFF,0xE0,0x00,0x00,0x00,0x00,0x7F,0xFE,0x00,0x00,0x00,0x00,
  0x07,0xFF,0xF0,0x00,0x00,0x00,0x00,0x7F,0xFF,0x00,0x00,0x00,0x00,0x07,0xFF,0xF0,0x00,0x00,0x00,0x00,0x3F,0xFF,0x80,0x00,
  0x00,0x00,0x03,0xFF,0xF8,0x00,0x00,0x7F,0x00,0x3F,0xFF,0xC0,0x00,0x07,0xFF,0xE1,0xFF,0xFC,0x00,0x00,0xFF,0xFC,0x1F,0xFF,
  0xE0,0x00,0x0F,0xFF,0xC0,0xFF,0xFF,0x80,0x03,0xFF,0xF8,0x0F,0xFF,0xFC,0x00,0xFF,0xFF,0x80,0x7F,0xFF,0xFF,0xFF,0xFF,0xF0,
  0x03,0xFF,0xFF,0xFF,0xFF,0xFE,0x00,0x1F,0xFF,0xFF,0xFF,0xFF,0xC0,0x00,0xFF,0xFF,0xFF,0xFF,0xF8,0x00,0x07,0xFF,0xFF,0xFF,
  0xFF,0x00,0x00,0x3F,0xFF,0xFF,0xFF,0xE0,0x00,0x00,0xFF,0xFF,0xFF,0xF8,0x00,0x00,0x03,0xFF,0xFF,0xFE,0x00,0x00,0x00,0x0F,
  0xFF,0xFF,0x80,0x00,0x00,0x00,0x0F,0xFF,0x80,0x00,0x00,0x00,0x7F,0xF8,0x01,0xFF,0xC0,0x00,0x07,0xFF,0x80,0x1F,0xFC,0x00,
  0x00,0x7F,0xF8,0x01,0xFF,0xC0,0x00,0x07,0xFF,0x80,0x1F,0xFC,0x00,0x00,0x7F,0xF8,0x01,0xFF,0xC0,0x00,0x07,0xFF,0x80,0x1F,
  0xFC,0x00,0x00,0x7F,0xF8,0x01,0xFF,0xC0,0x00,0x07,0xFF,0x80,0x1F,0xFC,0x00,0x00,0x7F,0xF8,0x01,0xFF,0xC0,0x00,0x07,0xFF,
  0x80,0x1F,0xFC,0x00,0x00,0x7F,0xF8,0x01,0xFF,0xC0,0x00,0x00,0x00,0x00,0x00,0x00,0x00,0x00,0x00,0x00,0x00,0x00,0x00,0x00,
  0x00,0x00,0x00,0x00,0x00,0x00,0x00,0x00,0x00,0x00,0x00,0x00,0x00,0x00,0x00,0x00,0x00,0x00,0x00,0x00,0x00,0x00,0x00,0x00,
  0x00,0x00,0x00,0x00,0xFF,0xF8,0x00,0x00,0x00,0x00,0xFF,0xFF,0xF0,0x00,0x00,0x00,0x3F,0xFF,0xFF,0xC0,0x00,0x00,0x0F,0xFF,
  0xFF,0xFF,0x00,0x00,0x03,0xFF,0xFF,0xFF,0xFC,0x00,0x00,0x7F,0xFF,0xFF,0xFF,0xE0,0x00,0x0F,0xFF,0xFF,0xFF,0xFF,0x00,0x01,
  0xFF,0xFF,0xFF,0xFF,0xF8,0x00,0x3F,0xFF,0xFF,0xFF,0xFF,0xC0,0x07,0xFF,0xFE,0x03,0xFF,0xFC,0x00,0xFF,0xFF,0x80,0x0F,0xFF,
  0xE0,0x0F,0xFF,0xE0,0x00,0x3F,0xFF,0x01,0xFF,0xFC,0x00,0x01,0xFF,0xF0,0x1F,0xFF,0xC0,0x00,0x1F,0xFF,0x83,0xFF,0xF8,0x00,
  0x00,0xFF,0xF8,0x3F,0xFF,0x00,0x00,0x0F,0xFF,0xC3,0xFF,0xF0,0x00,0x00,0x7F,0xFC,0x7F,0xFF,0x00,0x00,0x07,0xFF,0xC7,0xFF,
  0xE0,0x00,0x00,0x7F,0xFC,0x7F,0xFE,0x00,0x00,0x03,0xFF,0xE7,0xFF,0xE0,0x00,0x00,0x3F,0xFE,0xFF,0xFE,0x00,0x00,0x03,0xFF,
  0xEF,0xFF,0xFF,0xFF,0xFF,0xFF,0xFE,0xFF,0xFF,0xFF,0xFF,0xFF,0xFF,0xEF,0xFF,0xFF,0xFF,0xFF,0xFF,0xFF,0xFF,0xFF,0xFF,0xFF,
  0xFF,0xFF,0xFF,0xFF,0xFF,0xFF,0xFF,0xFF,0xFF,0xFF,0xFF,0xFF,0xFF,0xFF,0xFF,0xFF,0xFF,0xFF,0xFF,0xFF,0xFF,0xFF,0xFF,0xFF,
  0xFF,0xFF,0xFF,0xFF,0xFF,0xFF,0xFF,0xFF,0xFF,0xFF,0xFF,0xFF,0xFE,0x00,0x00,0x00,0x00,0x0F,0xFF,0xE0,0x00,0x00,0x00,0x00,
  0xFF,0xFE,0x00,0x00,0x00,0x00,0x0F,0xFF,0xE0,0x00,0x00,0x00,0x00,0x7F,0xFE,0x00,0x00,0x00,0x00,0x07,0xFF,0xF0,0x00,0x00,
  0x00,0x00,0x7F,0xFF,0x00,0x00,0x00,0x00,0x07,0xFF,0xF0,0x00,0x00,0x00,0x00,0x3F,0xFF,0x80,0x00,0x00,0x00,0x03,0xFF,0xF8,
  0x00,0x00,0x7F,0x00,0x3F,0xFF,0xC0,0x00,0x07,0xFF,0xE1,0xFF,0xFC,0x00,0x00,0xFF,0xFC,0x1F,0xFF,0xE0,0x00,0x0F,0xFF,0xC0,
  0xFF,0xFF,0x80,0x03,0xFF,0xF8,0x0F,0xFF,0xFC,0x00,0xFF,0xFF,0x80,0x7F,0xFF,0xFF,0xFF,0xFF,0xF0,0x03,0xFF,0xFF,0xFF,0xFF,
  0xFE,0x00,0x1F,0xFF,0xFF,0xFF,0xFF,0xC0,0x00,0xFF,0xFF,0xFF,0xFF,0xF8,0x00,0x07,0xFF,0xFF,0xFF,0xFF,0x00,0x00,0x3F,0xFF,
  0xFF,0xFF,0xE0,0x00,0x00,0xFF,0xFF,0xFF,0xF8,0x00,0x00,0x03,0xFF,0xFF,0xFE,0x00,0x00,0x00,0x0F,0xFF,0xFF,0x80,0x00,0x00,
  0x00,0x0F,0xFF,0x80,0x00,0x00,0x01,0xFF,0xF8,0x00,0x00,0x00,0x00,0x01,0xFF,0xF8,0x00,0x00,0x00,0x00,0x01,0xFF,0xF8,0x00,
  0x00,0x00,0x00,0x01,0xFF,0xF8,0x00,0x00,0x00,0x00,0x01,0xFF,0xF8,0x00,0x00,0x00,0x00,0x01,0xFF,0xF8,0x00,0x00,0x00,0x00,
  0x01,0xFF,0xF8,0x00,0x00,0x00,0x00,0xFF,0xFF,0xFF,0xFF,0xF0,0x00,0x00,0xFF,0xFF,0xFF,0xFF,0xF0,0x00,0x00,0xFF,0xFF,0xFF,
  0xFF,0xF0,0x00,0x00,0xFF,0xFF,0xFF,0xFF,0xF0,0x00,0x00,0xFF,0xFF,0xFF,0xFF,0xF0,0x00,0x00,0xFF,0xFF,0xFF,0xFF,0xF0,0x00,
  0x00,0xFF,0xFF,0xFF,0xFF,0xF0,0x00,0x00,0xFF,0xFF,0xFF,0xFF,0xF0,0x00,0x00,0x7F,0xFF,0xFF,0xFF,0xF0,0x00,0x00,0x01,0xFF,
  0xF8,0x00,0x00,0x00,0x00,0x01,0xFF,0xF8,0x00,0x00,0x00,0x00,0x01,0xFF,0xF8,0x00,0x00,0x00,0x00,0x01,0xFF,0xF8,0x00,0x00,
  0x00,0x00,0x01,0xFF,0xF8,0x00,0x00,0x00,0x00,0x01,0xFF,0xF8,0x00,0x3F,0xF0,0x00,0x01,0xFF,0xF8,0x01,0xFF,0xFE,0x00,0x01,
  0xFF,0xF8,0x07,0xFF,0xFF,0x00,0x01,0xFF,0xF8,0x1F,0xFF,0xFF,0xC0,0x01,0xFF,0xF8,0x3F,0xFF,0xFF,0xE0,0x01,0xFF,0xF8,0x7F,
  0xFF,0xFF,0xF0,0x01,0xFF,0xF8,0xFF,0xFF,0xFF,0xF0,0x01,0xFF,0xF8,0xFF,0xFF,0xFF,0xF8,0x01,0xFF,0xF9,0xFF,0xFF,0xFF,0xF8,
  0x01,0xFF,0xFB,0xFF,0xFF,0xFF,0xFC,0x01,0xFF,0xFB,0xFF,0xFF,0xFF,0xFC,0x01,0xFF,0xFF,0xF8,0x07,0xFF,0xFC,0x01,0xFF,0xFF,
  0xE0,0x03,0xFF,0xFE,0x01,0xFF,0xFF,0xC0,0x01,0xFF,0xFE,0x01,0xFF,0xFF,0x80,0x00,0xFF,0xFE,0x01,0xFF,0xFF,0x00,0x00,0xFF,
  0xFE,0x01,0xFF,0xFF,0x00,0x00,0xFF,0xFE,0x01,0xFF,0xFE,0x00,0x00,0x7F,0xFE,0x01,0xFF,0xFE,0x00,0x00,0x7F,0xFF,0x01,0xFF,
  0xFC,0x00,0x00,0x7F,0xFF,0x01,0xFF,0xFC,0x00,0x00,0x7F,0xFF,0x01,0xFF,0xFC,0x00,0x00,0x7F,0xFF,0x01,0xFF,0xFC,0x00,0x00,
  0x7F,0xFF,0x01,0xFF,0xFC,0x00,0x00,0x7F,0xFF,0x01,0xFF,0xFC,0x00,0x00,0x7F,0xFF,0x01,0xFF,0xF8,0x00,0x00,0x7F,0xFF,0x01,
  0xFF,0xF8,0x00,0x00,0x7F,0xFF,0x01,0xFF,0xF8,0x00,0x00,0x7F,0xFF,0x01,0xFF,0xF8,0x00,0x00,0x7F,0xFF,0x01,0xFF,0xF8,0x00,
  0x00,0x7F,0xFF,0x01,0xFF,0xF8,0x00,0x00,0x7F,0xFF,0x01,0xFF,0xF8,0x00,0x00,0x7F,0xFF,0x01,0xFF,0xF8,0x00,0x00,0x7F,0xFF,
  0x01,0xFF,0xF8,0x00,0x00,0x7F,0xFF,0x01,0xFF,0xF8,0x00,0x00,0x7F,0xFF,0x01,0xFF,0xF8,0x00,0x00,0x7F,0xFF,0x01,0xFF,0xF8,
  0x00,0x00,0x7F,0xFF,0x01,0xFF,0xF8,0x00,0x00,0x7F,0xFF,0x01,0xFF,0xF8,0x00,0x00,0x7F,0xFF,0x01,0xFF,0xF8,0x00,0x00,0x7F,
  0xFF,0x01,0xFF,0xF8,0x00,0x00,0x7F,0xFF,0x01,0xFF,0xF8,0x00,0x00,0x7F,0xFF,0x01,0xFF,0xF8,0x00,0x00,0x7F,0xFF,0x01,0xFF,
  0xF8,0x00,0x00,0x7F,0xFF,0x01,0xFF,0xF8,0x00,0x00,0x7F,0xFF,0x01,0xFF,0xF8,0x00,0x00,0x7F,0xFF,0x01,0xFF,0xF8,0x00,0x00,
  0x7F,0xFF,0x01,0xFF,0xF8,0x00,0x00,0x7F,0xFF,0x01,0xFF,0xF8,0x00,0x00,0x7F,0xFF,0x01,0xFF,0xF8,0x00,0x00,0x7F,0xFF,0x01,
  0xFF,0xF8,0x00,0x00,0x7F,0xFF,0x01,0xFF,0xF8,0x00,0x00,0x7F,0xFF,0x01,0xFF,0xF8,0x00,0x00,0x7F,0xFF,0x01,0xFF,0xF8,0x00,
  0x00,0x7F,0xFF,0x00,0x00,0x00,0x00,0x00,0x7F,0xFF,0x00,0x00,0x00,0x00,0x00,0x7F,0xFF,0x00,0x00,0x00,0x00,0x00,0x7F,0xFF,
  0x00,0x00,0x00,0x00,0x00,0x7F,0xFF,0x00,0x00,0x00,0x00,0x00,0x7F,0xFF,0x00,0x00,0x00,0x00,0x00,0x7F,0xFF,0x00,0x00,0x00,
  0x00,0x00,0x7F,0xFF,0x00,0x00,0x00,0x00,0x00,0x7F,0xFE,0x00,0x00,0x00,0x00,0x00,0xFF,0xFE,0x00,0x00,0x00,0x00,0x00,0xFF,
  0xFE,0x00,0x00,0x00,0x00,0x07,0xFF,0xFE,0x00,0x00,0x00,0x00,0xFF,0xFF,0xFE,0x00,0x00,0x00,0x00,0xFF,0xFF,0xFE,0x00,0x00,
  0x00,0x00,0xFF,0xFF,0xFC,0x00,0x00,0x00,0x00,0xFF,0xFF,0xFC,0x00,0x00,0x00,0x00,0xFF,0xFF,0xF8,0x00,0x00,0x00,0x00,0xFF,
  0xFF,0xF0,0x00,0x00,0x00,0x00,0xFF,0xFF,0xF0,0x00,0x00,0x00,0x00,0xFF,0xFF,0xC0,0x00,0x00,0x00,0x00,0xFF,0xFF,0x80,0x00,
  0x00,0x00,0x00,0x7F,0xFC,0x00,0x00,0x00,0x00,0x3F,0xFF,0x00,0x00,0x00,0x1F,0xFF,0xC0,0x00,0x00,0x0F,0xFF,0xE0,0x00,0x00,
  0x07,0xFF,0xF0,0x00,0x00,0x03,0xFF,0xF0,0x00,0x00,0x01,0xFF,0xF8,0x00,0x00,0x00,0xFF,0xF8,0x00,0x00,0x00,0x7F,0xFC,0x00,
  0x00,0x00,0x3F,0xFC,0x00,0x00,0x00,0x1F,0xFE,0x00,0x00,0x00,0x0F,0xFF,0x00,0x00,0x00,0x07,0xFF,0x00,0x00,0x00,0x03,0xFF,
  0x80,0x00,0x00,0x00,0xFF,0x80,0x00,0x00,0x00,0x00,0x00,0x00,0x00,0x00,0x00,0x00,0x00,0x00,0x00,0x00,0x00,0x00,0x00,0x00,
  0x00,0x00,0x00,0x00,0x00,0x00,0x00,0x00,0x00,0x00,0x00,0x00,0x00,0x00,0x00,0xFF,0xFF,0xFF,0xFF,0xFF,0xFF,0xFF,0xFF,0xFF,
  0xFF,0xFF,0xFF,0xFF,0xFF,0xFF,0xFF,0xFF,0xFF,0xFF,0xFF,0xFF,0xFF,0xFF,0xFF,0xFF,0xFF,0xFF,0xFF,0xFF,0xFF,0xFF,0xFF,0xFF,
  0xFF,0xFF,0xFF,0xFF,0xFF,0xFF,0xFF,0xFF,0xFF,0xFF,0xFF,0xFF,0xFF,0xFF,0xFF,0xFF,0xFF,0xFF,0xFF,0xEF,0xFF,0xC0,0x00,0x00,
  0x03,0xFF,0xF0,0x00,0x00,0x00,0xFF,0xFC,0x00,0x00,0x00,0x3F,0xFF,0x00,0x00,0x00,0x0F,0xFF,0xC0,0x00,0x00,0x03,0xFF,0xF0,
  0x00,0x00,0x00,0xFF,0xFC,0x00,0x00,0x00,0x3F,0xFF,0x00,0x00,0x00,0x0F,0xFF,0xC0,0x00,0x00,0x03,0xFF,0xF0,0x00,0x00,0x00,
  0xFF,0xFC,0x00,0x00,0x00,0x3F,0xFF,0x00,0x00,0x00,0x0F,0xFF,0xC0,0x00,0x00,0x03,0xFF,0xF0,0x00,0x00,0x00,0xFF,0xFC,0x00,
  0x00,0x00,0x3F,0xFF,0x00,0x00,0x00,0x0F,0xFF,0xC0,0x00,0x00,0x03,0xFF,0xF0,0x00,0x00,0x00,0xFF,0xFC,0x00,0x00,0x00,0x3F,
  0xFF,0x00,0x00,0x00,0x0F,0xFF,0xC0,0x00,0x00,0x03,0xFF,0xF0,0x00,0x00,0x00,0xFF,0xFC,0x00,0x00,0x00,0x3F,0xFF,0x00,0x00,
  0x00,0x0F,0xFF,0xC0,0x00,0x00,0x03,0xFF,0xF0,0x00,0x00,0x00,0xFF,0xFC,0x00,0x00,0x00,0x3F,0xFF,0x00,0x00,0x00,0x0F,0xFF,
  0xC0,0x00,0x00,0x03,0xFF,0xF0,0x00,0x00,0x00,0xFF,0xFC,0x00,0x00,0x00,0x3F,0xFF,0x00,0x00,0x00,0x0F,0xFF,0xC0,0x00,0x00,
  0x03,0xFF,0xF0,0x00,0x00,0x00,0xFF,0xFC,0x00,0x00,0x00,0x3F,0xFF,0x00,0x00,0x00,0x0F,0xFF,0xC0,0x00,0x00,0x03,0xFF,0xF0,
  0x00,0x00,0x00,0xFF,0xFC,0x00,0x00,0x00,0x3F,0xFF,0x00,0x00,0x00,0x0F,0xFF,0xC0,0x00,0x00,0x03,0xFF,0xF0,0x00,0x00,0x00,
  0xFF,0xFC,0x00,0x00,0x00,0x3F,0xFF,0x00,0x00,0x00,0x00,0x00,0x00,0x0F,0xFF,0x80,0x00,0x00,0x00,0x1F,0xFF,0xFE,0x00,0x00,
  0x00,0x0F,0xFF,0xFF,0xF8,0x00,0x00,0x07,0xFF,0xFF,0xFF,0x80,0x00,0x03,0xFF,0xFF,0xFF,0xFC,0x00,0x00,0xFF,0xFF,0xFF,0xFF,
  0xC0,0x00,0x3F,0xFF,0xFF,0xFF,0xFC,0x00,0x0F,0xFF,0xFF,0xFF,0xFF,0xC0,0x03,0xFF,0xFF,0xFF,0xFF,0xFC,0x00,0x7F,0xFF,0xFF,
  0xFF,0xFF,0xC0,0x1F,0xFF,0xF0,0x0F,0xFF,0xF8,0x07,0xFF,0xF8,0x00,0x7F,0xFF,0x80,0xFF,0xFE,0x00,0x07,0xFF,0xF8,0x3F,0xFF,
  0x80,0x00,0x7F,0xFF,0x07,0xFF,0xE0,0x00,0x07,0xFF,0xE1,0xFF,0xFC,0x00,0x00,0xFF,0xFE,0x3F,0xFF,0x80,0x00,0x1F,0xFF,0xC7,
  0xFF,0xE0,0x00,0x01,0xFF,0xF9,0xFF,0xFC,0x00,0x00,0x3F,0xFC,0x3F,0xFF,0x80,0x00,0x00,0x00,0x07,0xFF,0xF0,0x00,0x00,0x00,
  0x00,0xFF,0xFE,0x00,0x00,0x00,0x00,0x1F,0xFF,0xC0,0x00,0x00,0x00,0x03,0xFF,0xFF,0xFF,0xF0,0x00,0x00,0x7F,0xFF,0xFF,0xFE,
  0x00,0x00,0x1F,0xFF,0xFF,0xFF,0xC0,0x00,0x03,0xFF,0xFF,0xFF,0xF8,0x00,0x00,0x7F,0xFF,0xFF,0xFF,0x00,0x00,0x0F,0xFF,0xFF,
  0xFF,0xE0,0x00,0x01,0xFF,0xFF,0xFF,0xFC,0x00,0x00,0x3F,0xFF,0xFF,0xFF,0x80,0x00,0x07,0xFF,0xFF,0xFF,0xF0,0x00,0x00,0x7F,
  0xFF,0xFF,0xFE,0x00,0x00,0x0F,0xFF,0xE0,0x00,0x00,0x00,0x01,0xFF,0xFC,0x00,0x00,0x00,0x00,0x3F,0xFF,0x80,0x00,0x00,0x00,
  0x07,0xFF,0xF0,0x00,0x00,0xFF,0xF8,0xFF,0xFE,0x00,0x00,0x1F,0xFF,0xCF,0xFF,0xC0,0x00,0x03,0xFF,0xF1,0xFF,0xFC,0x00,0x00,
  0x7F,0xFE,0x3F,0xFF,0x80,0x00,0x1F,0xFF,0xC3,0xFF,0xF0,0x00,0x03,0xFF,0xF8,0x7F,0xFF,0x00,0x00,0xFF,0xFE,0x07,0xFF,0xF0,
  0x00,0x3F,0xFF,0xC0,0xFF,0xFF,0x00,0x0F,0xFF,0xF0,0x0F,0xFF,0xF8,0x07,0xFF,0xFE,0x01,0xFF,0xFF,0xFF,0xFF,0xFF,0x80,0x1F,
  0xFF,0xFF,0xFF,0xFF,0xE0,0x01,0xFF,0xFF,0xFF,0xFF,0xF8,0x00,0x1F,0xFF,0xFF,0xFF,0xFE,0x00,0x01,0xFF,0xFF,0xFF,0xFF,0x80,
  0x00,0x1F,0xFF,0xFF,0xFF,0xE0,0x00,0x00,0xFF,0xFF,0xFF,0xF0,0x00,0x00,0x07,0xFF,0xFF,0xF8,0x00,0x00,0x00,0x3F,0xFF,0xFC,
  0x00,0x00,0x00,0x00,0x7F,0xF8,0x00,0x00,0x00,0x00,0x3F,0xFF,0x00,0x00,0x00,0x00,0xFF,0xFF,0xFC,0x00,0x00,0x01,0xFF,0xFF,
  0xFF,0xE0,0x00,0x01,0xFF,0xFF,0xFF,0xFC,0x00,0x00,0xFF,0xFF,0xFF,0xFF,0xC0,0x00,0x7F,0xFF,0xFF,0xFF,0xF8,0x00,0x3F,0xFF,
  0xFF,0xFF,0xFF,0x00,0x1F,0xFF,0xFF,0xFF,0xFF,0xE0,0x0F,0xFF,0xFF,0xFF,0xFF,0xFC,0x03,0xFF,0xFF,0xEF,0xFF,0xFF,0x01,0xFF,
  0xFC,0x00,0x0F,0xFF,0xE0,0x7F,0xFE,0x00,0x01,0xFF,0xF8,0x1F,0xFF,0x00,0x00,0x3F,0xFF,0x0F,0xFF,0x80,0x00,0x07,0xFF,0xC3,
  0xFF,0xE0,0x00,0x01,0xFF,0xF0,0xFF,0xF8,0x00,0x00,0x3E,0x00,0x3F,0xFF,0x00,0x00,0x00,0x00,0x0F,0xFF,0xC0,0x00,0x00,0x00,
  0x03,0xFF,0xF8,0x00,0x00,0x00,0x00,0xFF,0xFF,0x80,0x00,0x00,0x00,0x1F,0xFF,0xFC,0x00,0x00,0x00,0x07,0xFF,0xFF,0xF8,0x00,
  0x00,0x01,0xFF,0xFF,0xFF,0xE0,0x00,0x00,0x3F,0xFF,0xFF,0xFF,0x80,0x00,0x07,0xFF,0xFF,0xFF,0xFC,0x00,0x01,0xFF,0xFF,0xFF,
  0xFF,0xE0,0x00,0x3F,0xFF,0xFF,0xFF,0xFE,0x00,0x07,0xFF,0xFF,0xFF,0xFF,0xC0,0x00,0x7F,0xFF,0xFF,0xFF,0xF8,0x00,0x07,0xFF,
  0xFF,0xFF,0xFF,0x00,0x00,0x7F,0xFF,0xFF,0xFF,0xE0,0x00,0x03,0xFF,0xFF,0xFF,0xFC,0x00,0x00,0x0F,0xFF,0xFF,0xFF,0x00,0x00,
  0x00,0x1F,0xFF,0xFF,0xE0,0x00,0x00,0x00,0x7F,0xFF,0xF8,0x00,0x00,0x00,0x03,0xFF,0xFE,0x00,0x00,0x00,0x00,0x3F,0xFF,0x80,
  0x00,0x00,0x00,0x07,0xFF,0xF0,0x00,0x00,0x00,0x00,0xFF,0xFC,0x00,0x00,0x00,0x00,0x3F,0xFF,0x00,0x78,0x00,0x00,0x0F,0xFF,
  0xCF,0xFE,0x00,0x00,0x03,0xFF,0xEF,0xFF,0xC0,0x00,0x00,0xFF,0xF9,0xFF,0xF0,0x00,0x00,0x3F,0xFE,0x7F,0xFE,0x00,0x00,0x1F,
  0xFF,0x9F,0xFF,0xE0,0x00,0x1F,0xFF,0xC3,0xFF,0xFF,0xE1,0xFF,0xFF,0xF0,0x7F,0xFF,0xFF,0xFF,0xFF,0xF8,0x1F,0xFF,0xFF,0xFF,
  0xFF,0xFC,0x03,0xFF,0xFF,0xFF,0xFF,0xFF,0x00,0x7F,0xFF,0xFF,0xFF,0xFF,0x00,0x0F,0xFF,0xFF,0xFF,0xFF,0x80,0x00,0xFF,0xFF,
  0xFF,0xFF,0xC0,0x00,0x0F,0xFF,0xFF,0xFF,0xC0,0x00,0x00,0xFF,0xFF,0xFF,0x80,0x00,0x00,0x01,0xFF,0xFE,0x00,0x00,0x00,0x00,
  0x0F,0xFF,0xC0,0x00,0x00,0x00,0x00,0xFF,0xFC,0x00,0x00,0x00,0x00,0x0F,0xFF,0xC0,0x00,0x00,0x00,0x00,0xFF,0xFC,0x00,0x00,
  0x00,0x00,0x0F,0xFF,0xC0,0x00,0x00,0x00,0x00,0xFF,0xFC,0x00,0x00,0x00,0x00,0x0F,0xFF,0xC0,0x00,0x00,0x00,0x00,0xFF,0xFC,
  0x00,0x00,0x00,0x00,0x0F,0xFF,0xC0,0x00,0x00,0x00,0x00,0xFF,0xFC,0x00,0x00,0x00,0x00,0x00,0x00,0x00,0x00,0x00,0x00,0x00,
  0x00,0x00,0x00,0x00,0x00,0x00,0x00,0x00,0x00,0x00,0x00,0x00,0x00,0x00,0x00,0x00,0x00,0x00,0x00,0x00,0x00,0x00,0x00,0x00,
  0x00,0x00,0x00,0x00,0x00,0x00,0x00,0x00,0x00,0x00,0x00,0x00,0x00,0x00,0x00,0x00,0x00,0x00,0x00,0x00,0x00,0x00,0x00,0x00,
  0x00,0x00,0x00,0x00,0x00,0x00,0x00,0x00,0x00,0x00,0x00,0x00,0x00,0x00,0x00,0x7F,0xFF,0xFF,0xFC,0x00,0x00,0x07,0xFF,0xFF,
  0xFF,0xC0,0x00,0x00,0x7F,0xFF,0xFF,0xFC,0x00,0x00,0x07,0xFF,0xFF,0xFF,0xC0,0x00,0x00,0x7F,0xFF,0xFF,0xFC,0x00,0x00,0x07,
  0xFF,0xFF,0xFF,0xC0,0x00,0x00,0x7F,0xFF,0xFF,0xFC,0x00,0x00,0x07,0xFF,0xFF,0xFF,0xC0,0x00,0x00,0x7F,0xFF,0xFF,0xFC,0x00,
  0x00,0x07,0xFF,0xFF,0xFF,0xC0,0x00,0x00,0x00,0x00,0xFF,0xFC,0x00,0x00,0x00,0x00,0x0F,0xFF,0xC0,0x00,0x00,0x00,0x00,0xFF,
  0xFC,0x00,0x00,0x00,0x00,0x0F,0xFF,0xC0,0x00,0x00,0x00,0x00,0xFF,0xFC,0x00,0x00,0x00,0x00,0x0F,0xFF,0xC0,0x00,0x00,0x00,
  0x00,0xFF,0xFC,0x00,0x00,0x00,0x00,0x0F,0xFF,0xC0,0x00,0x00,0x00,0x00,0xFF,0xFC,0x00,0x00,0x00,0x00,0x0F,0xFF,0xC0,0x00,
  0x00,0x00,0x00,0xFF,0xFC,0x00,0x00,0x00,0x00,0x0F,0xFF,0xC0,0x00,0x00,0x00,0x00,0xFF,0xFC,0x00,0x00,0x00,0x00,0x0F,0xFF,
  0xC0,0x00,0x00,0x00,0x00,0xFF,0xFC,0x00,0x00,0x00,0x00,0x0F,0xFF,0xC0,0x00,0x00,0x00,0x00,0xFF,0xFC,0x00,0x00,0x00,0x00,
  0x0F,0xFF,0xC0,0x00,0x00,0x00,0x00,0xFF,0xFC,0x00,0x00,0x00,0x00,0x0F,0xFF,0xC0,0x00,0x00,0x00,0x00,0xFF,0xFC,0x00,0x00,
  0x00,0x00,0x0F,0xFF,0xC0,0x00,0x00,0x00,0x00,0xFF,0xFC,0x00,0x00,0x00,0x00,0x0F,0xFF,0xC0,0x00,0x00,0x00,0x00,0xFF,0xFC,
  0x00,0x00,0x00,0x00,0x0F,0xFF,0xC0,0x00,0x00,0x00,0x00,0xFF,0xFC,0x00,0x00,0x00,0x00,0x0F,0xFF,0xC0,0x00,0x00,0x00,0x00,
  0xFF,0xFC,0x00,0x00,0x00,0x00,0x0F,0xFF,0xC0,0x00,0x00,0x00,0x00,0xFF,0xFC,0x00,0x00,0x00,0x00,0x0F,0xFF,0xC0,0x00,0x00,
  0x00,0x00,0xFF,0xFC,0x00,0x00,0x00,0x00,0x0F,0xFF,0xC0,0x00,0x0F,0xFF,0xFF,0xFF,0xFF,0xFF,0xFE,0xFF,0xFF,0xFF,0xFF,0xFF,
  0xFF,0xFF,0xFF,0xFF,0xFF,0xFF,0xFF,0xFF,0xFF,0xFF,0xFF,0xFF,0xFF,0xFF,0xFF,0xFF,0xFF,0xFF,0xFF,0xFF,0xFF,0xFF,0xFF,0xFF,
  0xFF,0xFF,0xFF,0xFF,0xFF,0xFF,0xFF,0xFF,0xFF,0xFF,0xFF,0xFF,0xFF,0xFF,0xFF,0xFF,0xFF,0xFF,0xFF,0xFF,0xFF,0xFF,0xFF,0xFF,
  0xFF,0xFF,0xFF,0xFF,0xFF,0xF0,0x00,0x1F,0xFC,0x00,0xFF,0xE0,0x00,0x01,0xFF,0xC0,0x0F,0xFE,0x00,0x00,0x1F,0xFC,0x00,0xFF,
  0xE0,0x00,0x01,0xFF,0xC0,0x0F,0xFE,0x00,0x00,0x1F,0xFC,0x00,0xFF,0xE0,0x00,0x01,0xFF,0xC0,0x0F,0xFE,0x00,0x00,0x1F,0xFC,
  0x00,0xFF,0xE0,0x00,0x01,0xFF,0xC0,0x0F,0xFE,0x00,0x00,0x1F,0xFC,0x00,0xFF,0xE0,0x00,0x01,0xFF,0xC0,0x0F,0xFE,0x00,0x00,
  0x1F,0xFC,0x00,0xFF,0xE0,0x00,0x00,0x00,0x00,0x00,0x00,0x00,0x00,0x00,0x00,0x00,0x00,0x00,0x00,0x00,0x00,0x00,0x00,0x00,
  0x00,0x00,0x00,0x00,0x00,0x00,0x00,0x00,0x00,0x00,0x00,0x00,0x00,0x00,0x00,0x00,0x00,0x00,0x00,0x00,0x00,0x00,0x00,0x00,
  0x00,0x00,0x00,0x07,0xFF,0xFF,0xFF,0xC0,0x00,0x00,0x7F,0xFF,0xFF,0xFC,0x00,0x00,0x07,0xFF,0xFF,0xFF,0xC0,0x00,0x00,0x7F,
  0xFF,0xFF,0xFC,0x00,0x00,0x07,0xFF,0xFF,0xFF,0xC0,0x00,0x00,0x7F,0xFF,0xFF,0xFC,0x00,0x00,0x07,0xFF,0xFF,0xFF,0xC0,0x00,
  0x00,0x7F,0xFF,0xFF,0xFC,0x00,0x00,0x07,0xFF,0xFF,0xFF,0xC0,0x00,0x00,0x7F,0xFF,0xFF,0xFC,0x00,0x00,0x00,0x00,0x0F,0xFF,
  0xC0,0x00,0x00,0x00,0x00,0xFF,0xFC,0x00,0x00,0x00,0x00,0x0F,0xFF,0xC0,0x00,0x00,0x00,0x00,0xFF,0xFC,0x00,0x00,0x00,0x00,
  0x0F,0xFF,0xC0,0x00,0x00,0x00,0x00,0xFF,0xFC,0x00,0x00,0x00,0x00,0x0F,0xFF,0xC0,0x00,0x00,0x00,0x00,0xFF,0xFC,0x00,0x00,
  0x00,0x00,0x0F,0xFF,0xC0,0x00,0x00,0x00,0x00,0xFF,0xFC,0x00,0x00,0x00,0x00,0x0F,0xFF,0xC0,0x00,0x00,0x00,0x00,0xFF,0xFC,
  0x00,0x00,0x00,0x00,0x0F,0xFF,0xC0,0x00,0x00,0x00,0x00,0xFF,0xFC,0x00,0x00,0x00,0x00,0x0F,0xFF,0xC0,0x00,0x00,0x00,0x00,
  0xFF,0xFC,0x00,0x00,0x00,0x00,0x0F,0xFF,0xC0,0x00,0x00,0x00,0x00,0xFF,0xFC,0x00,0x00,0x00,0x00,0x0F,0xFF,0xC0,0x00,0x00,
  0x00,0x00,0xFF,0xFC,0x00,0x00,0x00,0x00,0x0F,0xFF,0xC0,0x00,0x00,0x00,0x00,0xFF,0xFC,0x00,0x00,0x00,0x00,0x0F,0xFF,0xC0,
  0x00,0x00,0x00,0x00,0xFF,0xFC,0x00,0x00,0x00,0x00,0x0F,0xFF,0xC0,0x00,0x00,0x00,0x00,0xFF,0xFC,0x00,0x00,0x00,0x00,0x0F,
  0xFF,0xC0,0x00,0x00,0x00,0x00,0xFF,0xFC,0x00,0x00,0x00,0x00,0x0F,0xFF,0xC0,0x00,0x00,0x00,0x00,0xFF,0xFC,0x00,0x00,0x00,
  0x00,0x0F,0xFF,0xC0,0x00,0x00,0x00,0x00,0xFF,0xFC,0x00,0x00,0x00,0x00,0x0F,0xFF,0xC0,0x00,0x00,0x00,0x00,0xFF,0xFC,0x00,
  0x00,0xFF,0xFF,0xFF,0xFF,0xFF,0xFF,0xEF,0xFF,0xFF,0xFF,0xFF,0xFF,0xFF,0xFF,0xFF,0xFF,0xFF,0xFF,0xFF,0xFF,0xFF,0xFF,0xFF,
  0xFF,0xFF,0xFF,0xFF,0xFF,0xFF,0xFF,0xFF,0xFF,0xFF,0xFF,0xFF,0xFF,0xFF,0xFF,0xFF,0xFF,0xFF,0xFF,0xFF,0xFF,0xFF,0xFF,0xFF,
  0xFF,0xFF,0xFF,0xFF,0xFF,0xFF,0xFF,0xFF,0xFF,0xFF,0xFF,0xFF,0xFF,0xFF,0xFF,0xFF,0xFF,0xFF,0x00,0x00,0x01,0xFF,0xFC,0x00,
  0x00,0x07,0xFF,0xF0,0x00,0x00,0x1F,0xFF,0xC0,0x00,0x00,0x7F,0xFF,0x00,0x00,0x01,0xFF,0xFC,0x00,0x00,0x07,0xFF,0xF0,0x00,
  0x00,0x1F,0xFF,0xC0,0x00,0x00,0x7F,0xFF,0x00,0x00,0x01,0xFF,0xFC,0x00,0x00,0x07,0xFF,0xF0,0x00,0x00,0x00,0x00,0x00,0x00,
  0x00,0x00,0x00,0x00,0x00,0x00,0x00,0x00,0x00,0x00,0x00,0x00,0x00,0x00,0x00,0x00,0x00,0x00,0x00,0x00,0x00,0x00,0x00,0x00,
  0x00,0x00,0x00,0x00,0x00,0x00,0x00,0x00,0x00,0x00,0x00,0x00,0x00,0x00,0x00,0x00,0x00,0x00,0x00,0x00,0x00,0x00,0x1F,0xFF,
  0xFF,0xFF,0xF0,0x7F,0xFF,0xFF,0xFF,0xC1,0xFF,0xFF,0xFF,0xFF,0x07,0xFF,0xFF,0xFF,0xFC,0x1F,0xFF,0xFF,0xFF,0xF0,0x7F,0xFF,
  0xFF,0xFF,0xC1,0xFF,0xFF,0xFF,0xFF,0x07,0xFF,0xFF,0xFF,0xFC,0x1F,0xFF,0xFF,0xFF,0xF0,0x3F,0xFF,0xFF,0xFF,0xC0,0x00,0x00,
  0x7F,0xFF,0x00,0x00,0x01,0xFF,0xFC,0x00,0x00,0x07,0xFF,0xF0,0x00,0x00,0x1F,0xFF,0xC0,0x00,0x00,0x7F,0xFF,0x00,0x00,0x01,
  0xFF,0xFC,0x00,0x00,0x07,0xFF,0xF0,0x00,0x00,0x1F,0xFF,0xC0,0x00,0x00,0x7F,0xFF,0x00,0x00,0x01,0xFF,0xFC,0x00,0x00,0x07,
  0xFF,0xF0,0x00,0x00,0x1F,0xFF,0xC0,0x00,0x00,0x7F,0xFF,0x00,0x00,0x01,0xFF,0xFC,0x00,0x00,0x07,0xFF,0xF0,0x00,0x00,0x1F,
  0xFF,0xC0,0x00,0x00,0x7F,0xFF,0x00,0x00,0x01,0xFF,0xFC,0x00,0x00,0x07,0xFF,0xF0,0x00,0x00,0x1F,0xFF,0xC0,0x00,0x00,0x7F,
  0xFF,0x00,0x00,0x01,0xFF,0xFC,0x00,0x00,0x07,0xFF,0xF0,0x00,0x00,0x1F,0xFF,0xC0,0x00,0x00,0x7F,0xFF,0x00,0x00,0x01,0xFF,
  0xFC,0x00,0x00,0x07,0xFF,0xF0,0x00,0x00,0x1F,0xFF,0xC0,0x00,0x00,0x7F,0xFF,0x00,0x00,0x01,0xFF,0xFC,0x00,0x00,0x07,0xFF,
  0xF0,0x00,0x00,0x1F,0xFF,0xC0,0x00,0x00,0x7F,0xFF,0x00,0x00,0x01,0xFF,0xFC,0x00,0x00,0x07,0xFF,0xF0,0x00,0x00,0x1F,0xFF,
  0xC0,0x00,0x00,0x7F,0xFF,0x00,0x00,0x01,0xFF,0xFC,0x00,0x00,0x07,0xFF,0xF0,0x00,0x00,0x1F,0xFF,0xC0,0x00,0x00,0x7F,0xFF,
  0x00,0x00,0x01,0xFF,0xFC,0x00,0x00,0x07,0xFF,0xF0,0x00,0x00,0x1F,0xFF,0xC0,0x00,0x00,0x7F,0xFF,0x00,0x00,0x01,0xFF,0xF8,
  0x00,0x00,0x07,0xFF,0xE0,0x00,0x00,0x1F,0xFF,0x80,0x00,0x00,0xFF,0xFE,0x00,0x00,0x03,0xFF,0xF8,0x00,0x00,0x1F,0xFF,0xE0,
  0x00,0x00,0x7F,0xFF,0x20,0x00,0x07,0xFF,0xFC,0xFE,0x00,0x7F,0xFF,0xF3,0xFF,0xFF,0xFF,0xFF,0x8F,0xFF,0xFF,0xFF,0xFE,0x3F,
  0xFF,0xFF,0xFF,0xF0,0xFF,0xFF,0xFF,0xFF,0x83,0xFF,0xFF,0xFF,0xFC,0x0F,0xFF,0xFF,0xFF,0xE0,0x3F,0xFF,0xFF,0xFF,0x00,0xFF,
  0xFF,0xFF,0xF8,0x03,0xFF,0xFF,0xFF,0x80,0x03,0xFF,0xFF,0xF0,0x00,0x00,0x7F,0xFE,0x00,0x00,0x00,0x1F,0xFF,0xFF,0xFE,0x00,
  0x00,0x00,0x00,0x7F,0xFF,0xFF,0xF8,0x00,0x00,0x00,0x01,0xFF,0xFF,0xFF,0xE0,0x00,0x00,0x00,0x07,0xFF,0xFF,0xFF,0x80,0x00,
  0x00,0x00,0x1F,0xFF,0xFF,0xFE,0x00,0x00,0x00,0x00,0x7F,0xFF,0xFF,0xF8,0x00,0x00,0x00,0x01,0xFF,0xFF,0xFF,0xE0,0x00,0x00,
  0x00,0x07,0xFF,0xFF,0xFF,0x80,0x00,0x00,0x00,0x1F,0xFF,0xFF,0xFE,0x00,0x00,0x00,0x00,0x7F,0xFF,0xFF,0xF8,0x00,0x00,0x00,
  0x03,0xFF,0x83,0xFF,0xE0,0x00,0x00,0x00,0x0F,0xFE,0x0F,0xFF,0x80,0x00,0x00,0x00,0x3F,0xF8,0x3F,0xFE,0x00,0x00,0x00,0x00,
  0xFF,0xE0,0xFF,0xF8,0x00,0x00,0x00,0x03,0xFF,0x83,0xFF,0xE0,0x00,0x00,0x00,0x0F,0xFE,0x0F,0xFF,0x80,0x00,0x00,0x00,0x3F,
  0xF8,0x3F,0xFE,0x00,0x00,0x00,0x00,0xFF,0xE0,0xFF,0xF8,0x00,0x00,0x00,0x03,0xFF,0x83,0xFF,0xE0,0x00,0x00,0x00,0x0F,0xFE,
  0x0F,0xFF,0x80,0x00,0x00,0x00,0x3F,0xF0,0x3F,0xFE,0x00,0x00,0x00,0x01,0xFF,0xC0,0xFF,0xF8,0x00,0x00,0x00,0x07,0xFF,0x03,
  0xFF,0xFF,0xF8,0x00,0x00,0x1F,0xFC,0x0F,0xFF,0xFF,0xFC,0x00,0x00,0x7F,0xF0,0x3F,0xFF,0xFF,0xFE,0x00,0x01,0xFF,0xC0,0xFF,
  0xFF,0xFF,0xFC,0x00,0x07,0xFF,0x03,0xFF,0xFF,0xFF,0xFC,0x00,0x1F,0xFC,0x0F,0xFF,0xFF,0xFF,0xF8,0x00,0x7F,0xF0,0x3F,0xFF,
  0xFF,0xFF,0xE0,0x01,0xFF,0xC0,0xFF,0xFF,0xFF,0xFF,0xC0,0x07,0xFF,0x03,0xFF,0xFF,0xFF,0xFF,0x00,0x1F,0xF8,0x0F,0xFF,0x80,
  0xFF,0xFE,0x00,0xFF,0xE0,0x3F,0xFE,0x00,0xFF,0xF8,0x03,0xFF,0x80,0xFF,0xF8,0x03,0xFF,0xE0,0x0F,0xFE,0x03,0xFF,0xE0,0x07,
  0xFF,0xC0,0x3F,0xF8,0x0F,0xFF,0x80,0x1F,0xFF,0x00,0xFF,0xE0,0x3F,0xFE,0x00,0x7F,0xFC,0x03,0xFF,0x80,0xFF,0xF8,0x01,0xFF,
  0xF0,0x0F,0xFE,0x03,0xFF,0xE0,0x07,0xFF,0xC0,0x3F,0xF8,0x0F,0xFF,0x80,0x1F,0xFF,0x01,0xFF,0xC0,0x3F,0xFE,0x00,0x7F,0xFC,
  0x07,0xFF,0x00,0xFF,0xF8,0x01,0xFF,0xF0,0x1F,0xFC,0x03,0xFF,0xE0,0x0F,0xFF,0x80,0xFF,0xF0,0x0F,0xFF,0x80,0x7F,0xFE,0x03,
  0xFF,0xC0,0x3F,0xFE,0x03,0xFF,0xF8,0x1F,0xFE,0x00,0xFF,0xFF,0xFF,0xFF,0xCF,0xFF,0xF8,0x03,0xFF,0xFF,0xFF,0xFF,0x3F,0xFF,
  0xE0,0x0F,0xFF,0xFF,0xFF,0xF8,0xFF,0xFF,0x00,0x3F,0xFF,0xFF,0xFF,0xC3,0xFF,0xFC,0x00,0xFF,0xFF,0xFF,0xFE,0x0F,0xFF,0xE0,
  0x03,0xFF,0xFF,0xFF,0xF0,0x3F,0xFF,0x80,0x0F,0xFF,0xFF,0xFF,0x00,0xFF,0xFC,0x00,0x3F,0xFF,0xFF,0xF0,0x03,0xFF,0xC0,0x00,
  0xFF,0xFF,0xFC,0x00,0x07,0xFC,0x00,0x00,0x00,0x00,0x00,0x00,0x00,0xFF,0xF0,0x07,0xFF,0xC0,0x00,0x00,0x7F,0xF8,0x03,0xFF,
  0xE0,0x00,0x00,0x3F,0xFC,0x01,0xFF,0xF0,0x00,0x00,0x1F,0xFE,0x00,0xFF,0xF8,0x00,0x00,0x0F,0xFF,0x00,0x7F,0xFC,0x00,0x00,
  0x07,0xFF,0x80,0x3F,0xFE,0x00,0x00,0x03,0xFF,0xC0,0x1F,0xFF,0x00,0x00,0x01,0xFF,0xE0,0x0F,0xFF,0x80,0x00,0x00,0xFF,0xF0,
  0x07,0xFF,0xC0,0x00,0x00,0x7F,0xF8,0x03,0xFF,0xE0,0x00,0x00,0x3F,0xFC,0x01,0xFF,0xF0,0x00,0x00,0x1F,0xFE,0x00,0xFF,0xF8,
  0x00,0x00,0x0F,0xFF,0x00,0x7F,0xFC,0x00,0x00,0x07,0xFF,0x80,0x3F,0xFE,0x00,0x00,0x03,0xFF,0xC0,0x1F,0xFF,0x00,0x00,0x01,
  0xFF,0xE0,0x0F,0xFF,0x80,0x00,0x00,0xFF,0xF0,0x07,0xFF,0xC0,0x00,0x00,0x7F,0xF8,0x03,0xFF,0xE0,0x00,0x00,0x3F,0xFC,0x01,
  0xFF,0xF0,0x00,0x00,0x1F,0xFE,0x00,0xFF,0xF8,0x00,0x00,0x0F,0xFF,0x00,0x7F,0xFC,0x00,0x00,0x07,0xFF,0x80,0x3F,0xFE,0x00,
  0x00,0x03,0xFF,0xFF,0xFF,0xFF,0xFF,0xC0,0x01,0xFF,0xFF,0xFF,0xFF,0xFF,0xFC,0x00,0xFF,0xFF,0xFF,0xFF,0xFF,0xFF,0xC0,0x7F,
  0xFF,0xFF,0xFF,0xFF,0xFF,0xF0,0x3F,0xFF,0xFF,0xFF,0xFF,0xFF,0xFE,0x1F,0xFF,0xFF,0xFF,0xFF,0xFF,0xFF,0x8F,0xFF,0xFF,0xFF,
  0xFF,0xFF,0xFF,0xC7,0xFF,0xFF,0xFF,0xFF,0xFF,0xFF,0xF3,0xFF,0xFF,0xFF,0xFF,0xFF,0xFF,0xF9,0xFF,0xE0,0x0F,0xFF,0x80,0xFF,
  0xFE,0xFF,0xF0,0x07,0xFF,0xC0,0x3F,0xFF,0x7F,0xF8,0x03,0xFF,0xE0,0x0F,0xFF,0xBF,0xFC,0x01,0xFF,0xF0,0x03,0xFF,0xFF,0xFE,
  0x00,0xFF,0xF8,0x01,0xFF,0xFF,0xFF,0x00,0x7F,0xFC,0x00,0xFF,0xFF,0xFF,0x80,0x3F,0xFE,0x00,0x7F,0xFF,0xFF,0xC0,0x1F,0xFF,
  0x00,0x3F,0xFF,0xFF,0xE0,0x0F,0xFF,0x80,0x1F,0xFF,0xFF,0xF0,0x07,0xFF,0xC0,0x0F,0xFF,0xFF,0xF8,0x03,0xFF,0xE0,0x07,0xFF,
  0xFF,0xFC,0x01,0xFF,0xF0,0x07,0xFF,0xDF,0xFE,0x00,0xFF,0xF8,0x07,0xFF,0xEF,0xFF,0x00,0x7F,0xFC,0x07,0xFF,0xF7,0xFF,0x80,
  0x3F,0xFF,0xFF,0xFF,0xF3,0xFF,0xC0,0x1F,0xFF,0xFF,0xFF,0xF9,0xFF,0xE0,0x0F,0xFF,0xFF,0xFF,0xF8,0xFF,0xF0,0x07,0xFF,0xFF,
  0xFF,0xF8,0x7F,0xF8,0x03,0xFF,0xFF,0xFF,0xF8,0x3F,0xFC,0x01,0xFF,0xFF,0xFF,0xF8,0x1F,0xFE,0x00,0xFF,0xFF,0xFF,0xF0,0x0F,
  0xFF,0x00,0x7F,0xFF,0xFF,0xE0,0x07,0xFF,0x80,0x3F,0xFF,0xFF,0x00,0x00,0x01,0xFF,0xF8,0x00,0x00,0x00,0x00,0x01,0xFF,0xF8,
  0x00,0x00,0x00,0x00,0x01,0xFF,0xF8,0x00,0x00,0x00,0x00,0x01,0xFF,0xF8,0x00,0x00,0x00,0x00,0x01,0xFF,0xF8,0x00,0x00,0x00,
  0x00,0x01,0xFF,0xF8,0x00,0x00,0x00,0x00,0x01,0xFF,0xF8,0x00,0x00,0x00,0x00,0xFF,0xFF,0xFF,0xFF,0xF0,0x00,0x00,0xFF,0xFF,
  0xFF,0xFF,0xF0,0x00,0x00,0xFF,0xFF,0xFF,0xFF,0xF0,0x00,0x00,0xFF,0xFF,0xFF,0xFF,0xF0,0x00,0x00,0xFF,0xFF,0xFF,0xFF,0xF0,
  0x00,0x00,0xFF,0xFF,0xFF,0xFF,0xF0,0x00,0x00,0xFF,0xFF,0xFF,0xFF,0xF0,0x00,0x00,0xFF,0xFF,0xFF,0xFF,0xF0,0x00,0x00,0x7F,
  0xFF,0xFF,0xFF,0xF0,0x00,0x00,0x01,0xFF,0xF8,0x00,0x00,0x00,0x00,0x01,0xFF,0xF8,0x00,0x00,0x00,0x00,0x01,0xFF,0xF8,0x00,
  0x00,0x00,0x00,0x01,0xFF,0xF8,0x00,0x00,0x00,0x00,0x01,0xFF,0xF8,0x00,0x00,0x00,0x00,0x01,0xFF,0xF8,0x00,0x3F,0xF0,0x00,
  0x01,0xFF,0xF8,0x01,0xFF,0xFE,0x00,0x01,0xFF,0xF8,0x07,0xFF,0xFF,0x00,0x01,0xFF,0xF8,0x1F,0xFF,0xFF,0xC0,0x01,0xFF,0xF8,
  0x3F,0xFF,0xFF,0xE0,0x01,0xFF,0xF8,0x7F,0xFF,0xFF,0xF0,0x01,0xFF,0xF8,0xFF,0xFF,0xFF,0xF0,0x01,0xFF,0xF8,0xFF,0xFF,0xFF,
  0xF8,0x01,0xFF,0xF9,0xFF,0xFF,0xFF,0xF8,0x01,0xFF,0xFB,0xFF,0xFF,0xFF,0xFC,0x01,0xFF,0xFB,0xFF,0xFF,0xFF,0xFC,0x01,0xFF,
  0xFF,0xF8,0x07,0xFF,0xFC,0x01,0xFF,0xFF,0xE0,0x03,0xFF,0xFE,0x01,0xFF,0xFF,0xC0,0x01,0xFF,0xFE,0x01,0xFF,0xFF,0x80,0x00,
  0xFF,0xFE,0x01,0xFF,0xFF,0x00,0x00,0xFF,0xFE,0x01,0xFF,0xFF,0x00,0x00,0x7F,0xFE,0x01,0xFF,0xFE,0x00,0x00,0x7F,0xFE,0x01,
  0xFF,0xFE,0x00,0x00,0x7F,0xFF,0x01,0xFF,0xFC,0x00,0x00,0x7F,0xFF,0x01,0xFF,0xFC,0x00,0x00,0x7F,0xFF,0x01,0xFF,0xFC,0x00,
  0x00,0x7F,0xFF,0x01,0xFF,0xFC,0x00,0x00,0x7F,0xFF,0x01,0xFF,0xFC,0x00,0x00,0x7F,0xFF,0x01,0xFF,0xFC,0x00,0x00,0x7F,0xFF,
  0x01,0xFF,0xF8,0x00,0x00,0x7F,0xFF,0x01,0xFF,0xF8,0x00,0x00,0x7F,0xFF,0x01,0xFF,0xF8,0x00,0x00,0x7F,0xFF,0x01,0xFF,0xF8,
  0x00,0x00,0x7F,0xFF,0x01,0xFF,0xF8,0x00,0x00,0x7F,0xFF,0x01,0xFF,0xF8,0x00,0x00,0x7F,0xFF,0x01,0xFF,0xF8,0x00,0x00,0x7F,
  0xFF,0x01,0xFF,0xF8,0x00,0x00,0x7F,0xFF,0x01,0xFF,0xF8,0x00,0x00,0x7F,0xFF,0x01,0xFF,0xF8,0x00,0x00,0x7F,0xFF,0x01,0xFF,
  0xF8,0x00,0x00,0x7F,0xFF,0x01,0xFF,0xF8,0x00,0x00,0x7F,0xFF,0x01,0xFF,0xF8,0x00,0x00,0x7F,0xFF,0x01,0xFF,0xF8,0x00,0x00,
  0x7F,0xFF,0x01,0xFF,0xF8,0x00,0x00,0x7F,0xFF,0x01,0xFF,0xF8,0x00,0x00,0x7F,0xFF,0x01,0xFF,0xF8,0x00,0x00,0x7F,0xFF,0x01,
  0xFF,0xF8,0x00,0x00,0x7F,0xFF,0x01,0xFF,0xF8,0x00,0x00,0x7F,0xFF,0x01,0xFF,0xF8,0x00,0x00,0x7F,0xFF,0x01,0xFF,0xF8,0x00,
  0x00,0x7F,0xFF,0x01,0xFF,0xF8,0x00,0x00,0x7F,0xFF,0x01,0xFF,0xF8,0x00,0x00,0x7F,0xFF,0x01,0xFF,0xF8,0x00,0x00,0x7F,0xFF,
  0x01,0xFF,0xF8,0x00,0x00,0x7F,0xFF,0x01,0xFF,0xF8,0x00,0x00,0x7F,0xFF,0x01,0xFF,0xF8,0x00,0x00,0x7F,0xFF,0x01,0xFF,0xF8,
  0x00,0x00,0x7F,0xFF,0x01,0xFF,0xF8,0x00,0x00,0x7F,0xFF,0x00,0x00,0x00,0x07,0xFF,0xC0,0x00,0x00,0x00,0x01,0xFF,0xF8,0x00,
  0x00,0x00,0x00,0x7F,0xFF,0x00,0x00,0x00,0x00,0x1F,0xFF,0x80,0x00,0x00,0x00,0x0F,0xFF,0xE0,0x00,0x00,0x00,0x03,0xFF,0xF0,
  0x00,0x00,0x00,0x00,0xFF,0xFC,0x00,0x00,0x00,0x00,0x3F,0xFF,0x00,0x00,0x00,0x00,0x0F,0xFF,0x80,0x00,0x00,0x00,0x03,0xFF,
  0xE0,0x00,0x00,0x00,0x00,0xFF,0xF0,0x00,0x00,0x00,0x00,0x3F,0xFC,0x00,0x00,0x00,0x00,0x07,0xFE,0x00,0x00,0x00,0x00,0x01,
  0xFF,0x80,0x00,0x00,0x00,0x00,0x00,0x00,0x00,0x00,0x00,0x00,0x00,0x00,0x00,0x00,0x00,0x00,0x00,0x00,0x00,0x00,0x00,0x00,
  0x00,0x00,0x00,0x00,0x00,0x00,0x00,0x00,0x00,0x00,0x00,0x00,0x00,0x00,0x00,0x00,0x00,0x00,0x0F,0xFF,0xC0,0x00,0x00,0xFF,
  0xFD,0xFF,0xF8,0x00,0x00,0x3F,0xFF,0xBF,0xFF,0x00,0x00,0x0F,0xFF,0xE7,0xFF,0xE0,0x00,0x01,0xFF,0xF8,0xFF,0xFC,0x00,0x00,
  0x7F,0xFF,0x1F,0xFF,0x80,0x00,0x0F,0xFF,0xC3,0xFF,0xF0,0x00,0x03,0xFF,0xF0,0x7F,0xFE,0x00,0x00,0xFF,0xFE,0x0F,0xFF,0xC0,
  0x00,0x1F,0xFF,0x81,0xFF,0xF8,0x00,0x07,0xFF,0xF0,0x3F,0xFF,0x00,0x01,0xFF,0xFC,0x07,0xFF,0xE0,0x00,0x3F,0xFF,0x00,0xFF,
  0xFC,0x00,0x0F,0xFF,0xE0,0x1F,0xFF,0x80,0x01,0xFF,0xF8,0x03,0xFF,0xF0,0x00,0x7F,0xFE,0x00,0x7F,0xFE,0x00,0x1F,0xFF,0xC0,
  0x0F,0xFF,0xC0,0x07,0xFF,0xF0,0x01,0xFF,0xF8,0x00,0xFF,0xFE,0x00,0x3F,0xFF,0x00,0x3F,0xFF,0x80,0x07,0xFF,0xE0,0x0F,0xFF,
  0xE0,0x00,0xFF,0xFC,0x07,0xFF,0xFC,0x00,0x1F,0xFF,0x87,0xFF,0xFF,0x00,0x03,0xFF,0xFF,0xFF,0xFF,0xC0,0x00,0x7F,0xFF,0xFF,
  0xFF,0xF0,0x00,0x0F,0xFF,0xFF,0xFF,0xFC,0x00,0x01,0xFF,0xFF,0xFF,0xFF,0x00,0x00,0x3F,0xFF,0xFF,0xFF,0xE0,0x00,0x07,0xFF,
  0xFF,0xFF,0xFE,0x00,0x00,0xFF,0xFF,0xFF,0xFF,0xC0,0x00,0x1F,0xFF,0xFF,0xFF,0xFC,0x00,0x03,0xFF,0xFF,0xFF,0xFF,0xC0,0x00,
  0x7F,0xFF,0xC1,0xFF,0xF8,0x00,0x0F,0xFF,0xC0,0x1F,0xFF,0x80,0x01,0xFF,0xF8,0x03,0xFF,0xF8,0x00,0x3F,0xFF,0x00,0x3F,0xFF,
  0x00,0x07,0xFF,0xE0,0x03,0xFF,0xF0,0x00,0xFF,0xFC,0x00,0x7F,0xFF,0x00,0x1F,0xFF,0x80,0x07,0xFF,0xE0,0x03,0xFF,0xF0,0x00,
  0x7F,0xFE,0x00,0x7F,0xFE,0x00,0x0F,0xFF,0xE0,0x0F,0xFF,0xC0,0x00,0xFF,0xFC,0x01,0xFF,0xF8,0x00,0x1F,0xFF,0xC0,0x3F,0xFF,
  0x00,0x01,0xFF,0xFC,0x07,0xFF,0xE0,0x00,0x1F,0xFF,0x80,0xFF,0xFC,0x00,0x03,0xFF,0xF8,0x1F,0xFF,0x80,0x00,0x3F,0xFF,0x83,
  0xFF,0xF0,0x00,0x03,0xFF,0xF0,0x7F,0xFE,0x00,0x00,0x7F,0xFF,0x0F,0xFF,0xC0,0x00,0x07,0xFF,0xF1,0xFF,0xF8,0x00,0x00,0xFF,
  0xFE,0x3F,0xFF,0x00,0x00,0x0F,0xFF,0xE7,0xFF,0xE0,0x00,0x00,0xFF,0xFE,0xFF,0xFC,0x00,0x00,0x1F,0xFF,0xDF,0xFF,0x80,0x00,
  0x01,0xFF,0xFC,0x07,0xFF,0xE0,0x00,0x00,0x00,0x07,0xFF,0xF0,0x00,0x00,0x00,0x03,0xFF,0xF8,0x00,0x00,0x00,0x01,0xFF,0xFC,
  0x00,0x00,0x00,0x00,0x7F,0xFE,0x00,0x00,0x00,0x00,0x3F,0xFF,0x00,0x00,0x00,0x00,0x0F,0xFF,0x80,0x00,0x00,0x00,0x07,0xFF,
  0xC0,0x00,0x00,0x00,0x01,0xFF,0xE0,0x00,0x00,0x00,0x00,0xFF,0xF0,0x00,0x00,0x00,0x00,0x7F,0xF8,0x00,0x00,0x00,0x00,0x1F,
  0xFC,0x00,0x00,0x00,0x00,0x0F,0xFE,0x00,0x00,0x00,0x00,0x03,0xFE,0x00,0x00,0x00,0x00,0x00,0x00,0x00,0x00,0x00,0x00,0x00,
  0x00,0x00,0x00,0x00,0x00,0x00,0x00,0x00,0x00,0x00,0x00,0x00,0x00,0x00,0x00,0x00,0x00,0x00,0x00,0x00,0x00,0x00,0x00,0x00,
  0x00,0x00,0x00,0xFF,0xF8,0x00,0x00,0x7F,0xFF,0xFF,0xF8,0x00,0x00,0x7F,0xFF,0xFF,0xF8,0x00,0x00,0xFF,0xFF,0xFF,0xF8,0x00,
  0x01,0xFF,0xFF,0xFF,0xF8,0x00,0x01,0xFF,0xFF,0xFF,0xF8,0x00,0x03,0xFF,0xFF,0xFF,0xF8,0x00,0x03,0xFF,0xFF,0xFF,0xF8,0x00,
  0x07,0xFF,0xFF,0xFF,0xF8,0x00,0x07,0xFF,0xFF,0xFF,0xF8,0x00,0x0F,0xFF,0xFF,0xFF,0xF8,0x00,0x0F,0xFF,0xFF,0xFF,0xF8,0x00,
  0x1F,0xFF,0xFF,0xFF,0xF8,0x00,0x3F,0xFF,0xFF,0xFF,0xF8,0x00,0x3F,0xFF,0xFF,0xFF,0xF8,0x00,0x7F,0xFF,0xFF,0xFF,0xF8,0x00,
  0x7F,0xFF,0xFF,0xFF,0xF8,0x00,0xFF,0xFF,0xFF,0xFF,0xF8,0x00,0xFF,0xFF,0xFF,0xFF,0xF8,0x01,0xFF,0xDF,0xFF,0xFF,0xF8,0x03,
  0xFF,0xDF,0xFF,0xFF,0xF8,0x03,0xFF,0x9F,0xFF,0xFF,0xF8,0x07,0xFF,0x9F,0xFF,0xFF,0xF8,0x07,0xFF,0x1F,0xFF,0xFF,0xF8,0x0F,
  0xFF,0x1F,0xFF,0xFF,0xF8,0x0F,0xFE,0x1F,0xFF,0xFF,0xF8,0x1F,0xFE,0x1F,0xFF,0xFF,0xF8,0x1F,0xFC,0x1F,0xFF,0xFF,0xF8,0x3F,
  0xFC,0x1F,0xFF,0xFF,0xF8,0x7F,0xF8,0x1F,0xFF,0xFF,0xF8,0x7F,0xF0,0x1F,0xFF,0xFF,0xF8,0xFF,0xF0,0x1F,0xFF,0xFF,0xF8,0xFF,
  0xE0,0x1F,0xFF,0xFF,0xF9,0xFF,0xE0,0x1F,0xFF,0xFF,0xF9,0xFF,0xC0,0x1F,0xFF,0xFF,0xFB,0xFF,0xC0,0x1F,0xFF,0xFF,0xF7,0xFF,
  0x80,0x1F,0xFF,0xFF,0xF7,0xFF,0x80,0x1F,0xFF,0xFF,0xFF,0xFF,0x00,0x1F,0xFF,0xFF,0xFF,0xFF,0x00,0x1F,0xFF,0xFF,0xFF,0xFE,
  0x00,0x1F,0xFF,0xFF,0xFF,0xFC,0x00,0x1F,0xFF,0xFF,0xFF,0xFC,0x00,0x1F,0xFF,0xFF,0xFF,0xF8,0x00,0x1F,0xFF,0xFF,0xFF,0xF8,
  0x00,0x1F,0xFF,0xFF,0xFF,0xF0,0x00,0x1F,0xFF,0xFF,0xFF,0xF0,0x00,0x1F,0xFF,0xFF,0xFF,0xE0,0x00,0x1F,0xFF,0xFF,0xFF,0xE0,
  0x00,0x1F,0xFF,0xFF,0xFF,0xC0,0x00,0x1F,0xFF,0xFF,0xFF,0xC0,0x00,0x1F,0xFF,0xFF,0xFF,0x80,0x00,0x1F,0xFF,0xFF,0xFF,0x00,
  0x00,0x1F,0xFF,0xFF,0xFF,0x00,0x00,0x1F,0xFF,0xFF,0xFE,0x00,0x00,0x1F,0xFF,0x00,0x7F,0xF0,0x00,0x01,0xFF,0xC0,0x00,0x1F,
  0xFC,0x00,0x00,0xFF,0xF0,0x00,0x07,0xFF,0x80,0x00,0x3F,0xFC,0x00,0x01,0xFF,0xE0,0x00,0x0F,0xFF,0x00,0x00,0x3F,0xF8,0x00,
  0x03,0xFF,0x80,0x00,0x0F,0xFF,0x00,0x01,0xFF,0xE0,0x00,0x03,0xFF,0xE0,0x00,0xFF,0xF8,0x00,0x00,0x7F,0xFE,0x00,0xFF,0xFC,
  0x00,0x00,0x1F,0xFF,0xFF,0xFF,0xFF,0x00,0x00,0x03,0xFF,0xFF,0xFF,0xFF,0x80,0x00,0x00,0x7F,0xFF,0xFF,0xFF,0xC0,0x00,0x00,
  0x0F,0xFF,0xFF,0xFF,0xE0,0x00,0x00,0x00,0xFF,0xFF,0xFF,0xE0,0x00,0x00,0x00,0x0F,0xFF,0xFF,0xE0,0x00,0x00,0x00,0x00,0x3F,
  0xFF,0x80,0x00,0x00,0x00,0x00,0x00,0x00,0x00,0x00,0x00,0x00,0x00,0x00,0x00,0x00,0x00,0x00,0x00,0x00,0x00,0x00,0x00,0x00,
  0x00,0x00,0x00,0x00,0x00,0x00,0x00,0x00,0x00,0x00,0x00,0x00,0x00,0x00,0x00,0x00,0x00,0x00,0x00,0x00,0x00,0x00,0x00,0x3F,
  0xFF,0x80,0x00,0x00,0x07,0xFF,0xF7,0xFF,0xF0,0x00,0x00,0x03,0xFF,0xF9,0xFF,0xFC,0x00,0x00,0x00,0xFF,0xFE,0x7F,0xFF,0x00,
  0x00,0x00,0x3F,0xFF,0x0F,0xFF,0xE0,0x00,0x00,0x1F,0xFF,0xC3,0xFF,0xF8,0x00,0x00,0x07,0xFF,0xF0,0x7F,0xFE,0x00,0x00,0x01,
  0xFF,0xF8,0x1F,0xFF,0xC0,0x00,0x00,0xFF,0xFE,0x03,0xFF,0xF0,0x00,0x00,0x3F,0xFF,0x00,0xFF,0xFC,0x00,0x00,0x0F,0xFF,0xC0,
  0x3F,0xFF,0x80,0x00,0x07,0xFF,0xF0,0x07,0xFF,0xE0,0x00,0x01,0xFF,0xF8,0x01,0xFF,0xFC,0x00,0x00,0x7F,0xFE,0x00,0x3F,0xFF,
  0x00,0x00,0x3F,0xFF,0x00,0x0F,0xFF,0xC0,0x00,0x0F,0xFF,0xC0,0x03,0xFF,0xF8,0x00,0x03,0xFF,0xF0,0x00,0x7F,0xFE,0x00,0x01,
  0xFF,0xF8,0x00,0x1F,0xFF,0x80,0x00,0x7F,0xFE,0x00,0x03,0xFF,0xF0,0x00,0x1F,0xFF,0x00,0x00,0xFF,0xFC,0x00,0x0F,0xFF,0xC0,
  0x00,0x1F,0xFF,0x00,0x03,0xFF,0xF0,0x00,0x07,0xFF,0xE0,0x00,0xFF,0xF8,0x00,0x01,0xFF,0xF8,0x00,0x7F,0xFE,0x00,0x00,0x3F,
  0xFF,0x00,0x1F,0xFF,0x80,0x00,0x0F,0xFF,0xC0,0x07,0xFF,0xC0,0x00,0x01,0xFF,0xF0,0x03,0xFF,0xF0,0x00,0x00,0x7F,0xFE,0x00,
  0xFF,0xF8,0x00,0x00,0x0F,0xFF,0x80,0x3F,0xFE,0x00,0x00,0x03,0xFF,0xE0,0x1F,0xFF,0x80,0x00,0x00,0xFF,0xFC,0x07,0xFF,0xC0,
  0x00,0x00,0x1F,0xFF,0x01,0xFF,0xF0,0x00,0x00,0x07,0xFF,0xC0,0x7F,0xF8,0x00,0x00,0x00,0xFF,0xF8,0x3F,0xFE,0x00,0x00,0x00,
  0x3F,0xFE,0x0F,0xFF,0x80,0x00,0x00,0x0F,0xFF,0x83,0xFF,0xC0,0x00,0x00,0x01,0xFF,0xE1,0xFF,0xF0,0x00,0x00,0x00,0x7F,0xFC,
  0x7F,0xF8,0x00,0x00,0x00,0x0F,0xFF,0x1F,0xFE,0x00,0x00,0x00,0x03,0xFF,0xC7,0xFF,0x80,0x00,0x00,0x00,0x7F,0xFB,0xFF,0xC0,
  0x00,0x00,0x00,0x1F,0xFE,0xFF,0xF0,0x00,0x00,0x00,0x07,0xFF,0xBF,0xF8,0x00,0x00,0x00,0x00,0xFF,0xFF,0xFE,0x00,0x00,0x00,
  0x00,0x3F,0xFF,0xFF,0x80,0x00,0x00,0x00,0x07,0xFF,0xFF,0xC0,0x00,0x00,0x00,0x01,0xFF,0xFF,0xF0,0x00,0x00,0x00,0x00,0x7F,
  0xFF,0xF8,0x00,0x00,0x00,0x00,0x0F,0xFF,0xFE,0x00,0x00,0x00,0x00,0x03,0xFF,0xFF,0x80,0x00,0x00,0x00,0x00,0x7F,0xFF,0xC0,
  0x00,0x00,0x00,0x00,0x1F,0xFF,0xF0,0x00,0x00,0x00,0x00,0x03,0xFF,0xF8,0x00,0x00,0x00,0x00,0x00,0xFF,0xFE,0x00,0x00,0x00,
  0x00,0x00,0x3F,0xFF,0x80,0x00,0x00,0x00,0x00,0x0F,0xFF,0xC0,0x00,0x00,0x00,0x00,0x03,0xFF,0xF0,0x00,0x00,0x00,0x00,0x01,
  0xFF,0xFC,0x00,0x00,0x00,0x00,0x00,0x7F,0xFE,0x00,0x00,0x00,0x00,0x00,0x3F,0xFF,0x80,0x00,0x00,0x00,0x00,0x0F,0xFF,0xC0,
  0x00,0x00,0x00,0x00,0x07,0xFF,0xF0,0x00,0x00,0x00,0x00,0x03,0xFF,0xF8,0x00,0x00,0x00,0x00,0x01,0xFF,0xFE,0x00,0x00,0x00,
  0x00,0x00,0xFF,0xFF,0x00,0x00,0x00,0x00,0x00,0xFF,0xFF,0xC0,0x00,0x00,0x00,0x7F,0xFF,0xFF,0xE0,0x00,0x00,0x00,0x1F,0xFF,
  0xFF,0xF8,0x00,0x00,0x00,0x07,0xFF,0xFF,0xFC,0x00,0x00,0x00,0x01,0xFF,0xFF,0xFE,0x00,0x00,0x00,0x00,0x7F,0xFF,0xFF,0x00,
  0x00,0x00,0x00,0x1F,0xFF,0xFF,0x80,0x00,0x00,0x00,0x07,0xFF,0xFF,0xC0,0x00,0x00,0x00,0x01,0xFF,0xFF,0xE0,0x00,0x00,0x00,
  0x00,0x7F,0xFF,0xE0,0x00,0x00,0x00,0x00,0x1F,0xFF,0xE0,0x00,0x00,0x00,0x00,0xFF,0xFC,0x00,0x00,0x3F,0xFF,0xFF,0xFC,0x00,
  0x00,0x3F,0xFF,0xFF,0xFC,0x00,0x00,0x3F,0xFF,0xFF,0xFC,0x00,0x00,0x3F,0xFF,0xFF,0xFC,0x00,0x00,0x3F,0xFF,0xFF,0xFC,0x00,
  0x00,0x3F,0xFF,0xFF,0xFC,0x00,0x00,0x3F,0xFF,0xFF,0xFC,0x00,0x00,0x3F,0xFF,0xFF,0xFC,0x00,0x00,0x3F,0xFF,0xFF,0xFC,0x00,
  0x00,0x3F,0xFF,0xFF,0xFC,0x00,0x00,0x3F,0xFF,0xFF,0xFC,0x00,0x00,0x3F,0xFF,0xFF,0xFC,0x00,0x00,0x3F,0xFF,0xFF,0xFC,0x00,
  0x00,0x3F,0xFF,0xFF,0xFC,0x00,0x00,0x3F,0xFF,0xFF,0xFC,0x00,0x00,0x3F,0xFF,0xFF,0xFC,0x00,0x00,0x3F,0xFF,0xFF,0xFC,0x00,
  0x00,0x3F,0xFF,0xFF,0xFC,0x00,0x00,0x3F,0xFF,0xFF,0xFC,0x00,0x00,0x3F,0xFF,0xFF,0xFC,0x00,0x00,0x3F,0xFF,0xFF,0xFC,0x00,
  0x00,0x3F,0xFF,0xFF,0xFC,0x00,0x00,0x3F,0xFF,0xFF,0xFC,0x00,0x00,0x3F,0xFF,0xFF,0xFC,0x00,0x00,0x3F,0xFF,0xFF,0xFC,0x00,
  0x00,0x3F,0xFF,0xFF,0xFC,0x00,0x00,0x3F,0xFF,0xFF,0xFC,0x00,0x00,0x3F,0xFF,0xFF,0xFC,0x00,0x00,0x3F,0xFF,0xFF,0xFC,0x00,
  0x00,0x3F,0xFF,0xFF,0xFC,0x00,0x00,0x3F,0xFF,0xFF,0xFC,0x00,0x00,0x3F,0xFF,0xFF,0xFC,0x00,0x00,0x3F,0xFF,0xFF,0xFC,0x00,
  0x00,0x3F,0xFF,0xFF,0xFC,0x00,0x00,0x3F,0xFF,0xFF,0xFC,0x00,0x00,0x3F,0xFF,0xFF,0xFC,0x00,0x00,0x3F,0xFF,0xFF,0xFC,0x00,
  0x00,0x3F,0xFF,0xFF,0xFC,0x00,0x00,0x3F,0xFF,0xFF,0xFC,0x00,0x00,0x3F,0xFF,0xFF,0xFC,0x00,0x00,0x3F,0xFF,0xFF,0xFC,0x00,
  0x00,0x3F,0xFF,0xFF,0xFC,0x00,0x00,0x3F,0xFF,0xFF,0xFC,0x00,0x00,0x3F,0xFF,0xFF,0xFF,0xFF,0xFF,0xFF,0xFF,0xFF,0xFF,0xFF,
  0xFF,0xFF,0xFF,0xFF,0xFF,0xFF,0xFF,0xFF,0xFF,0xFF,0xFF,0xFF,0xFF,0xFF,0xFF,0xFF,0xFF,0xFF,0xFF,0xFF,0xFF,0xFF,0xFF,0xFF,
  0xFF,0xFF,0xFF,0xFF,0xFF,0xFF,0xFF,0xFF,0xFF,0xFF,0xFF,0xFF,0xFF,0xFF,0xFF,0xFF,0xFF,0xFF,0xFF,0xFF,0xFF,0xFF,0xFF,0xFF,
  0xFF,0xFF,0xFF,0x00,0x00,0x3F,0xFC,0x00,0x00,0x00,0x00,0x3F,0xFC,0x00,0x00,0x00,0x00,0x3F,0xFC,0x00,0x00,0x00,0x00,0x3F,
  0xFC,0x00,0x00,0x00,0x00,0x3F,0xFC,0x00,0x00,0x00,0x00,0x3F,0xFC,0x00,0x00,0x00,0x00,0x3F,0xFC,0x00,0x00,0x00,0x00,0x3F,
  0xFC,0x00,0x00,0x00,0x00,0x3F,0xFC,0x00,0x00,0x00,0x00,0x3F,0xFC,0x00,0x00,0x00,0x00,0x3F,0xFC,0x00,0x00,0x00,0x00,0x3F,
  0xFC,0x00,0x00,0x00,0x00,0x3F,0xFC,0x00,0x00,0x00,0x00,0x3F,0xFC,0x00,0x00,0x00,0x00,0x3F,0xFC,0x00,0x00,0x00,0x00,0x3F,
  0xFC,0x00,0x00,0x00,0x00,0x3F,0xFC,0x00,0x00,0x00,0x00,0x3F,0xFC,0x00,0x00,0x00,0x00,0x3F,0xFC,0x00,0x00,0x00,0x00,0x3F,
  0xFC,0x00,0x00,
  0x00};
static const lgfx::GFXglyph LibMono68_glyphs[] PROGMEM = {
  {0,0,0,62,0,0},
  {0,15,68,62,23,-68},
  {128,36,31,62,13,-75},
  {268,56,68,62,3,-68},
  {744,54,85,62,4,-76},
  {1318,62,70,62,0,-69},
  {1861,60,70,62,1,-69},
  {2386,14,31,62,24,-75},
  {2441,29,96,62,17,-75},
  {2789,29,96,62,16,-75},
  {3137,40,38,62,11,-75},
  {3327,52,53,62,5,-61},
  {3672,24,33,62,13,-15},
  {3771,30,12,62,16,-33},
  {3816,14,15,62,24,-15},
  {3843,52,76,62,5,-75},
  {4337,50,70,62,6,-69},
  {4775,51,68,62,7,-68},
  {5209,50,69,62,6,-69},
  {5641,52,70,62,5,-69},
  {6096,55,68,62,4,-68},
  {6564,52,69,62,5,-68},
  {7013,50,70,62,6,-69},
  {7451,48,68,62,7,-68},
  {7859,51,70,62,5,-69},
  {8306,50,70,62,6,-69},
  {8744,14,54,62,24,-54},
  {8839,25,72,62,16,-54},
  {9064,52,56,62,5,-62},
  {9428,52,39,62,5,-54},
  {9682,52,56,62,5,-62},
  {10046,52,69,62,4,-69},
  {10495,58,89,62,2,-75},
  {11141,62,68,62,0,-68},
  {11668,53,68,62,7,-68},
  {12119,55,70,62,4,-69},
  {12601,51,68,62,7,-68},
  {13035,51,68,62,7,-68},
  {13469,48,68,62,8,-68},
  {13877,53,70,62,4,-69},
  {14341,48,68,62,7,-68},
  {14749,46,68,62,8,-68},
  {15140,46,69,62,5,-68},
  {15537,55,68,62,7,-68},
  {16005,45,68,62,11,-68},
  {16388,52,68,62,5,-68},
  {16830,48,68,62,7,-68},
  {17238,54,70,62,4,-69},
  {17711,50,68,62,7,-68},
  {18136,55,89,62,4,-69},
  {18748,54,68,62,7,-68},
  {19207,57,70,62,2,-69},
  {19706,56,68,62,3,-68},
  {20182,49,69,62,6,-68},
  {20605,62,68,62,0,-68},
  {21132,62,68,62,0,-68},
  {21659,62,68,62,0,-68},
  {22186,61,68,62,0,-68},
  {22705,53,68,62,4,-68},
  {23156,30,96,62,19,-75},
  {23516,52,76,62,5,-75},
  {24010,30,96,62,13,-75},
  {24370,56,45,62,2,-71},
  {24685,62,5,62,0,6},
  {24724,26,14,62,17,-74},
  {24770,54,56,62,5,-55},
  {25148,50,76,62,7,-75},
  {25623,51,56,62,5,-55},
  {25980,50,76,62,5,-75},
  {26455,52,56,62,5,-55},
  {26819,50,77,62,6,-77},
  {27301,50,77,62,6,-55},
  {27783,49,75,62,7,-75},
  {28243,52,75,62,6,-75},
  {28731,38,96,62,6,-75},
  {29187,50,75,62,9,-75},
  {29656,47,75,62,11,-75},
  {30097,55,55,62,3,-55},
  {30476,49,55,62,7,-55},
  {30813,52,56,62,5,-55},
  {31177,50,76,62,7,-55},
  {31652,50,76,62,5,-55},
  {32127,44,55,62,10,-55},
  {32430,50,56,62,6,-55},
  {32780,44,69,62,8,-68},
  {33160,48,55,62,7,-54},
  {33490,58,54,62,2,-54},
  {33882,60,54,62,1,-54},
  {34287,56,54,62,3,-54},
  {34665,58,75,62,2,-54},
  {35209,47,54,62,7,-54},
  {35527,43,96,62,10,-75},
  {36043,14,98,62,24,-75},
  {36215,43,96,62,9,-75},
  {36731,52,16,62,5,-42},
  {0,0,0,0,0,0},
  {0,0,0,0,0,0},
  {0,0,0,0,0,0},
  {0,0,0,0,0,0},
  {0,0,0,0,0,0},
  {0,0,0,0,0,0},
  {0,0,0,0,0,0},
  {0,0,0,0,0,0},
  {0,0,0,0,0,0},
  {0,0,0,0,0,0},
  {0,0,0,0,0,0},
  {0,0,0,0,0,0},
  {0,0,0,0,0,0},
  {0,0,0,0,0,0},
  {0,0,0,0,0,0},
  {0,0,0,0,0,0},
  {0,0,0,0,0,0},
  {0,0,0,0,0,0},
  {0,0,0,0,0,0},
  {0,0,0,0,0,0},
  {0,0,0,0,0,0},
  {0,0,0,0,0,0},
  {0,0,0,0,0,0},
  {0,0,0,0,0,0},
  {0,0,0,0,0,0},
  {0,0,0,0,0,0},
  {0,0,0,0,0,0},
  {0,0,0,0,0,0},
  {0,0,0,0,0,0},
  {0,0,0,0,0,0},
  {0,0,0,0,0,0},
  {0,0,0,0,0,0},
  {0,0,0,0,0,0},
  {0,0,0,0,0,0},
  {0,0,0,0,0,0},
  {0,0,0,0,0,0},
  {0,0,0,0,0,0},
  {0,0,0,0,0,0},
  {0,0,0,0,0,0},
  {0,0,0,0,0,0},
  {0,0,0,0,0,0},
  {0,0,0,0,0,0},
  {0,0,0,0,0,0},
  {0,0,0,0,0,0},
  {0,0,0,0,0,0},
  {0,0,0,0,0,0},
  {0,0,0,0,0,0},
  {0,0,0,0,0,0},
  {0,0,0,0,0,0},
  {36835,32,32,62,15,-72},
  {0,0,0,0,0,0},
  {0,0,0,0,0,0},
  {0,0,0,0,0,0},
  {0,0,0,0,0,0},
  {0,0,0,0,0,0},
  {0,0,0,0,0,0},
  {0,0,0,0,0,0},
  {0,0,0,0,0,0},
  {0,0,0,0,0,0},
  {0,0,0,0,0,0},
  {0,0,0,0,0,0},
  {0,0,0,0,0,0},
  {0,0,0,0,0,0},
  {0,0,0,0,0,0},
  {0,0,0,0,0,0},
  {0,0,0,0,0,0},
  {0,0,0,0,0,0},
  {0,0,0,0,0,0},
  {0,0,0,0,0,0},
  {0,0,0,0,0,0},
  {0,0,0,0,0,0},
  {0,0,0,0,0,0},
  {0,0,0,0,0,0},
  {0,0,0,0,0,0},
  {0,0,0,0,0,0},
  {0,0,0,0,0,0},
  {0,0,0,0,0,0},
  {0,0,0,0,0,0},
  {0,0,0,0,0,0},
  {0,0,0,0,0,0},
  {0,0,0,0,0,0},
  {0,0,0,0,0,0},
  {0,0,0,0,0,0},
  {0,0,0,0,0,0},
  {0,0,0,0,0,0},
  {0,0,0,0,0,0},
  {0,0,0,0,0,0},
  {0,0,0,0,0,0},
  {0,0,0,0,0,0},
  {0,0,0,0,0,0},
  {0,0,0,0,0,0},
  {0,0,0,0,0,0},
  {0,0,0,0,0,0},
  {0,0,0,0,0,0},
  {0,0,0,0,0,0},
  {0,0,0,0,0,0},
  {0,0,0,0,0,0},
  {0,0,0,0,0,0},
  {0,0,0,0,0,0},
  {0,0,0,0,0,0},
  {0,0,0,0,0,0},
  {0,0,0,0,0,0},
  {0,0,0,0,0,0},
  {0,0,0,0,0,0},
  {0,0,0,0,0,0},
  {0,0,0,0,0,0},
  {0,0,0,0,0,0},
  {0,0,0,0,0,0},
  {0,0,0,0,0,0},
  {0,0,0,0,0,0},
  {0,0,0,0,0,0},
  {0,0,0,0,0,0},
  {0,0,0,0,0,0},
  {0,0,0,0,0,0},
  {0,0,0,0,0,0},
  {0,0,0,0,0,0},
  {0,0,0,0,0,0},
  {0,0,0,0,0,0},
  {0,0,0,0,0,0},
  {0,0,0,0,0,0},
  {0,0,0,0,0,0},
  {0,0,0,0,0,0},
  {0,0,0,0,0,0},
  {0,0,0,0,0,0},
  {0,0,0,0,0,0},
  {0,0,0,0,0,0},
  {0,0,0,0,0,0},
  {0,0,0,0,0,0},
  {0,0,0,0,0,0},
  {0,0,0,0,0,0},
  {0,0,0,0,0,0},
  {0,0,0,0,0,0},
  {0,0,0,0,0,0},
  {0,0,0,0,0,0},
  {0,0,0,0,0,0},
  {0,0,0,0,0,0},
  {0,0,0,0,0,0},
  {0,0,0,0,0,0},
  {0,0,0,0,0,0},
  {0,0,0,0,0,0},
  {0,0,0,0,0,0},
  {0,0,0,0,0,0},
  {0,0,0,0,0,0},
  {0,0,0,0,0,0},
  {0,0,0,0,0,0},
  {0,0,0,0,0,0},
  {0,0,0,0,0,0},
  {0,0,0,0,0,0},
  {0,0,0,0,0,0},
  {0,0,0,0,0,0},
  {0,0,0,0,0,0},
  {0,0,0,0,0,0},
  {0,0,0,0,0,0},
  {0,0,0,0,0,0},
  {0,0,0,0,0,0},
  {0,0,0,0,0,0},
  {0,0,0,0,0,0},
  {0,0,0,0,0,0},
  {0,0,0,0,0,0},
  {0,0,0,0,0,0},
  {0,0,0,0,0,0},
  {0,0,0,0,0,0},
  {0,0,0,0,0,0},
  {0,0,0,0,0,0},
  {0,0,0,0,0,0},
  {0,0,0,0,0,0},
  {0,0,0,0,0,0},
  {0,0,0,0,0,0},
  {0,0,0,0,0,0},
  {0,0,0,0,0,0},
  {0,0,0,0,0,0},
  {0,0,0,0,0,0},
  {0,0,0,0,0,0},
  {0,0,0,0,0,0},
  {0,0,0,0,0,0},
  {0,0,0,0,0,0},
  {0,0,0,0,0,0},
  {0,0,0,0,0,0},
  {0,0,0,0,0,0},
  {0,0,0,0,0,0},
  {0,0,0,0,0,0},
  {0,0,0,0,0,0},
  {0,0,0,0,0,0},
  {0,0,0,0,0,0},
  {0,0,0,0,0,0},
  {0,0,0,0,0,0},
  {0,0,0,0,0,0},
  {0,0,0,0,0,0},
  {0,0,0,0,0,0},
  {0,0,0,0,0,0},
  {0,0,0,0,0,0},
  {0,0,0,0,0,0},
  {0,0,0,0,0,0},
  {0,0,0,0,0,0},
  {0,0,0,0,0,0},
  {0,0,0,0,0,0},
  {0,0,0,0,0,0},
  {0,0,0,0,0,0},
  {0,0,0,0,0,0},
  {0,0,0,0,0,0},
  {0,0,0,0,0,0},
  {0,0,0,0,0,0},
  {0,0,0,0,0,0},
  {0,0,0,0,0,0},
  {0,0,0,0,0,0},
  {0,0,0,0,0,0},
  {0,0,0,0,0,0},
  {0,0,0,0,0,0},
  {0,0,0,0,0,0},
  {0,0,0,0,0,0},
  {0,0,0,0,0,0},
  {0,0,0,0,0,0},
  {0,0,0,0,0,0},
  {0,0,0,0,0,0},
  {0,0,0,0,0,0},
  {0,0,0,0,0,0},
  {0,0,0,0,0,0},
  {0,0,0,0,0,0},
  {0,0,0,0,0,0},
  {0,0,0,0,0,0},
  {0,0,0,0,0,0},
  {0,0,0,0,0,0},
  {0,0,0,0,0,0},
  {0,0,0,0,0,0},
  {0,0,0,0,0,0},
  {0,0,0,0,0,0},
  {0,0,0,0,0,0},
  {0,0,0,0,0,0},
  {0,0,0,0,0,0},
  {0,0,0,0,0,0},
  {0,0,0,0,0,0},
  {0,0,0,0,0,0},
  {0,0,0,0,0,0},
  {0,0,0,0,0,0},
  {0,0,0,0,0,0},
  {0,0,0,0,0,0},
  {0,0,0,0,0,0},
  {0,0,0,0,0,0},
  {0,0,0,0,0,0},
  {0,0,0,0,0,0},
  {0,0,0,0,0,0},
  {0,0,0,0,0,0},
  {0,0,0,0,0,0},
  {0,0,0,0,0,0},
  {0,0,0,0,0,0},
  {0,0,0,0,0,0},
  {0,0,0,0,0,0},
  {0,0,0,0,0,0},
  {0,0,0,0,0,0},
  {0,0,0,0,0,0},
  {0,0,0,0,0,0},
  {0,0,0,0,0,0},
  {0,0,0,0,0,0},
  {0,0,0,0,0,0},
  {0,0,0,0,0,0},
  {0,0,0,0,0,0},
  {0,0,0,0,0,0},
  {0,0,0,0,0,0},
  {0,0,0,0,0,0},
  {0,0,0,0,0,0},
  {0,0,0,0,0,0},
  {0,0,0,0,0,0},
  {0,0,0,0,0,0},
  {0,0,0,0,0,0},
  {0,0,0,0,0,0},
  {0,0,0,0,0,0},
  {0,0,0,0,0,0},
  {0,0,0,0,0,0},
  {0,0,0,0,0,0},
  {0,0,0,0,0,0},
  {0,0,0,0,0,0},
  {0,0,0,0,0,0},
  {0,0,0,0,0,0},
  {0,0,0,0,0,0},
  {0,0,0,0,0,0},
  {0,0,0,0,0,0},
  {0,0,0,0,0,0},
  {0,0,0,0,0,0},
  {0,0,0,0,0,0},
  {0,0,0,0,0,0},
  {0,0,0,0,0,0},
  {0,0,0,0,0,0},
  {0,0,0,0,0,0},
  {0,0,0,0,0,0},
  {0,0,0,0,0,0},
  {0,0,0,0,0,0},
  {0,0,0,0,0,0},
  {0,0,0,0,0,0},
  {0,0,0,0,0,0},
  {0,0,0,0,0,0},
  {0,0,0,0,0,0},
  {0,0,0,0,0,0},
  {0,0,0,0,0,0},
  {0,0,0,0,0,0},
  {0,0,0,0,0,0},
  {0,0,0,0,0,0},
  {0,0,0,0,0,0},
  {0,0,0,0,0,0},
  {0,0,0,0,0,0},
  {0,0,0,0,0,0},
  {0,0,0,0,0,0},
  {0,0,0,0,0,0},
  {0,0,0,0,0,0},
  {0,0,0,0,0,0},
  {0,0,0,0,0,0},
  {0,0,0,0,0,0},
  {0,0,0,0,0,0},
  {0,0,0,0,0,0},
  {0,0,0,0,0,0},
  {0,0,0,0,0,0},
  {0,0,0,0,0,0},
  {0,0,0,0,0,0},
  {0,0,0,0,0,0},
  {0,0,0,0,0,0},
  {0,0,0,0,0,0},
  {0,0,0,0,0,0},
  {0,0,0,0,0,0},
  {0,0,0,0,0,0},
  {0,0,0,0,0,0},
  {0,0,0,0,0,0},
  {0,0,0,0,0,0},
  {0,0,0,0,0,0},
  {0,0,0,0,0,0},
  {0,0,0,0,0,0},
  {0,0,0,0,0,0},
  {0,0,0,0,0,0},
  {0,0,0,0,0,0},
  {0,0,0,0,0,0},
  {0,0,0,0,0,0},
  {0,0,0,0,0,0},
  {0,0,0,0,0,0},
  {0,0,0,0,0,0},
  {0,0,0,0,0,0},
  {0,0,0,0,0,0},
  {0,0,0,0,0,0},
  {0,0,0,0,0,0},
  {0,0,0,0,0,0},
  {0,0,0,0,0,0},
  {0,0,0,0,0,0},
  {0,0,0,0,0,0},
  {0,0,0,0,0,0},
  {0,0,0,0,0,0},
  {0,0,0,0,0,0},
  {0,0,0,0,0,0},
  {0,0,0,0,0,0},
  {0,0,0,0,0,0},
  {0,0,0,0,0,0},
  {0,0,0,0,0,0},
  {0,0,0,0,0,0},
  {0,0,0,0,0,0},
  {0,0,0,0,0,0},
  {0,0,0,0,0,0},
  {0,0,0,0,0,0},
  {0,0,0,0,0,0},
  {0,0,0,0,0,0},
  {0,0,0,0,0,0},
  {0,0,0,0,0,0},
  {0,0,0,0,0,0},
  {0,0,0,0,0,0},
  {0,0,0,0,0,0},
  {0,0,0,0,0,0},
  {0,0,0,0,0,0},
  {0,0,0,0,0,0},
  {0,0,0,0,0,0},
  {0,0,0,0,0,0},
  {0,0,0,0,0,0},
  {0,0,0,0,0,0},
  {0,0,0,0,0,0},
  {0,0,0,0,0,0},
  {0,0,0,0,0,0},
  {0,0,0,0,0,0},
  {0,0,0,0,0,0},
  {0,0,0,0,0,0},
  {0,0,0,0,0,0},
  {0,0,0,0,0,0},
  {0,0,0,0,0,0},
  {0,0,0,0,0,0},
  {0,0,0,0,0,0},
  {0,0,0,0,0,0},
  {0,0,0,0,0,0},
  {0,0,0,0,0,0},
  {0,0,0,0,0,0},
  {0,0,0,0,0,0},
  {0,0,0,0,0,0},
  {0,0,0,0,0,0},
  {0,0,0,0,0,0},
  {0,0,0,0,0,0},
  {0,0,0,0,0,0},
  {0,0,0,0,0,0},
  {0,0,0,0,0,0},
  {0,0,0,0,0,0},
  {0,0,0,0,0,0},
  {0,0,0,0,0,0},
  {0,0,0,0,0,0},
  {0,0,0,0,0,0},
  {0,0,0,0,0,0},
  {0,0,0,0,0,0},
  {0,0,0,0,0,0},
  {0,0,0,0,0,0},
  {0,0,0,0,0,0},
  {0,0,0,0,0,0},
  {0,0,0,0,0,0},
  {0,0,0,0,0,0},
  {0,0,0,0,0,0},
  {0,0,0,0,0,0},
  {0,0,0,0,0,0},
  {0,0,0,0,0,0},
  {0,0,0,0,0,0},
  {0,0,0,0,0,0},
  {0,0,0,0,0,0},
  {0,0,0,0,0,0},
  {0,0,0,0,0,0},
  {0,0,0,0,0,0},
  {0,0,0,0,0,0},
  {0,0,0,0,0,0},
  {0,0,0,0,0,0},
  {0,0,0,0,0,0},
  {0,0,0,0,0,0},
  {0,0,0,0,0,0},
  {0,0,0,0,0,0},
  {0,0,0,0,0,0},
  {0,0,0,0,0,0},
  {0,0,0,0,0,0},
  {0,0,0,0,0,0},
  {0,0,0,0,0,0},
  {0,0,0,0,0,0},
  {0,0,0,0,0,0},
  {0,0,0,0,0,0},
  {0,0,0,0,0,0},
  {0,0,0,0,0,0},
  {0,0,0,0,0,0},
  {0,0,0,0,0,0},
  {0,0,0,0,0,0},
  {0,0,0,0,0,0},
  {0,0,0,0,0,0},
  {0,0,0,0,0,0},
  {0,0,0,0,0,0},
  {0,0,0,0,0,0},
  {0,0,0,0,0,0},
  {0,0,0,0,0,0},
  {0,0,0,0,0,0},
  {0,0,0,0,0,0},
  {0,0,0,0,0,0},
  {0,0,0,0,0,0},
  {0,0,0,0,0,0},
  {0,0,0,0,0,0},
  {0,0,0,0,0,0},
  {0,0,0,0,0,0},
  {0,0,0,0,0,0},
  {0,0,0,0,0,0},
  {0,0,0,0,0,0},
  {0,0,0,0,0,0},
  {0,0,0,0,0,0},
  {0,0,0,0,0,0},
  {0,0,0,0,0,0},
  {0,0,0,0,0,0},
  {0,0,0,0,0,0},
  {0,0,0,0,0,0},
  {0,0,0,0,0,0},
  {0,0,0,0,0,0},
  {0,0,0,0,0,0},
  {0,0,0,0,0,0},
  {0,0,0,0,0,0},
  {0,0,0,0,0,0},
  {0,0,0,0,0,0},
  {0,0,0,0,0,0},
  {0,0,0,0,0,0},
  {0,0,0,0,0,0},
  {0,0,0,0,0,0},
  {0,0,0,0,0,0},
  {0,0,0,0,0,0},
  {0,0,0,0,0,0},
  {0,0,0,0,0,0},
  {0,0,0,0,0,0},
  {0,0,0,0,0,0},
  {0,0,0,0,0,0},
  {0,0,0,0,0,0},
  {0,0,0,0,0,0},
  {0,0,0,0,0,0},
  {0,0,0,0,0,0},
  {0,0,0,0,0,0},
  {0,0,0,0,0,0},
  {0,0,0,0,0,0},
  {0,0,0,0,0,0},
  {0,0,0,0,0,0},
  {0,0,0,0,0,0},
  {0,0,0,0,0,0},
  {0,0,0,0,0,0},
  {0,0,0,0,0,0},
  {0,0,0,0,0,0},
  {0,0,0,0,0,0},
  {0,0,0,0,0,0},
  {0,0,0,0,0,0},
  {0,0,0,0,0,0},
  {0,0,0,0,0,0},
  {0,0,0,0,0,0},
  {0,0,0,0,0,0},
  {0,0,0,0,0,0},
  {0,0,0,0,0,0},
  {0,0,0,0,0,0},
  {0,0,0,0,0,0},
  {0,0,0,0,0,0},
  {0,0,0,0,0,0},
  {0,0,0,0,0,0},
  {0,0,0,0,0,0},
  {0,0,0,0,0,0},
  {0,0,0,0,0,0},
  {0,0,0,0,0,0},
  {0,0,0,0,0,0},
  {0,0,0,0,0,0},
  {0,0,0,0,0,0},
  {0,0,0,0,0,0},
  {0,0,0,0,0,0},
  {0,0,0,0,0,0},
  {0,0,0,0,0,0},
  {0,0,0,0,0,0},
  {0,0,0,0,0,0},
  {0,0,0,0,0,0},
  {0,0,0,0,0,0},
  {0,0,0,0,0,0},
  {0,0,0,0,0,0},
  {0,0,0,0,0,0},
  {0,0,0,0,0,0},
  {0,0,0,0,0,0},
  {0,0,0,0,0,0},
  {0,0,0,0,0,0},
  {0,0,0,0,0,0},
  {0,0,0,0,0,0},
  {0,0,0,0,0,0},
  {0,0,0,0,0,0},
  {0,0,0,0,0,0},
  {0,0,0,0,0,0},
  {0,0,0,0,0,0},
  {0,0,0,0,0,0},
  {0,0,0,0,0,0},
  {0,0,0,0,0,0},
  {0,0,0,0,0,0},
  {0,0,0,0,0,0},
  {0,0,0,0,0,0},
  {0,0,0,0,0,0},
  {0,0,0,0,0,0},
  {0,0,0,0,0,0},
  {0,0,0,0,0,0},
  {0,0,0,0,0,0},
  {0,0,0,0,0,0},
  {0,0,0,0,0,0},
  {0,0,0,0,0,0},
  {0,0,0,0,0,0},
  {0,0,0,0,0,0},
  {0,0,0,0,0,0},
  {0,0,0,0,0,0},
  {0,0,0,0,0,0},
  {0,0,0,0,0,0},
  {0,0,0,0,0,0},
  {0,0,0,0,0,0},
  {0,0,0,0,0,0},
  {0,0,0,0,0,0},
  {0,0,0,0,0,0},
  {0,0,0,0,0,0},
  {0,0,0,0,0,0},
  {0,0,0,0,0,0},
  {0,0,0,0,0,0},
  {0,0,0,0,0,0},
  {0,0,0,0,0,0},
  {0,0,0,0,0,0},
  {0,0,0,0,0,0},
  {0,0,0,0,0,0},
  {0,0,0,0,0,0},
  {0,0,0,0,0,0},
  {0,0,0,0,0,0},
  {0,0,0,0,0,0},
  {0,0,0,0,0,0},
  {0,0,0,0,0,0},
  {0,0,0,0,0,0},
  {0,0,0,0,0,0},
  {0,0,0,0,0,0},
  {0,0,0,0,0,0},
  {0,0,0,0,0,0},
  {0,0,0,0,0,0},
  {0,0,0,0,0,0},
  {0,0,0,0,0,0},
  {0,0,0,0,0,0},
  {0,0,0,0,0,0},
  {0,0,0,0,0,0},
  {0,0,0,0,0,0},
  {0,0,0,0,0,0},
  {0,0,0,0,0,0},
  {0,0,0,0,0,0},
  {0,0,0,0,0,0},
  {0,0,0,0,0,0},
  {0,0,0,0,0,0},
  {0,0,0,0,0,0},
  {0,0,0,0,0,0},
  {0,0,0,0,0,0},
  {0,0,0,0,0,0},
  {0,0,0,0,0,0},
  {0,0,0,0,0,0},
  {0,0,0,0,0,0},
  {0,0,0,0,0,0},
  {0,0,0,0,0,0},
  {0,0,0,0,0,0},
  {0,0,0,0,0,0},
  {0,0,0,0,0,0},
  {0,0,0,0,0,0},
  {0,0,0,0,0,0},
  {0,0,0,0,0,0},
  {0,0,0,0,0,0},
  {0,0,0,0,0,0},
  {0,0,0,0,0,0},
  {0,0,0,0,0,0},
  {0,0,0,0,0,0},
  {0,0,0,0,0,0},
  {0,0,0,0,0,0},
  {0,0,0,0,0,0},
  {0,0,0,0,0,0},
  {0,0,0,0,0,0},
  {0,0,0,0,0,0},
  {0,0,0,0,0,0},
  {0,0,0,0,0,0},
  {0,0,0,0,0,0},
  {0,0,0,0,0,0},
  {0,0,0,0,0,0},
  {0,0,0,0,0,0},
  {0,0,0,0,0,0},
  {0,0,0,0,0,0},
  {0,0,0,0,0,0},
  {0,0,0,0,0,0},
  {0,0,0,0,0,0},
  {0,0,0,0,0,0},
  {0,0,0,0,0,0},
  {0,0,0,0,0,0},
  {0,0,0,0,0,0},
  {0,0,0,0,0,0},
  {0,0,0,0,0,0},
  {0,0,0,0,0,0},
  {0,0,0,0,0,0},
  {0,0,0,0,0,0},
  {0,0,0,0,0,0},
  {0,0,0,0,0,0},
  {0,0,0,0,0,0},
  {0,0,0,0,0,0},
  {0,0,0,0,0,0},
  {0,0,0,0,0,0},
  {0,0,0,0,0,0},
  {0,0,0,0,0,0},
  {0,0,0,0,0,0},
  {0,0,0,0,0,0},
  {0,0,0,0,0,0},
  {0,0,0,0,0,0},
  {0,0,0,0,0,0},
  {0,0,0,0,0,0},
  {0,0,0,0,0,0},
  {0,0,0,0,0,0},
  {0,0,0,0,0,0},
  {0,0,0,0,0,0},
  {0,0,0,0,0,0},
  {0,0,0,0,0,0},
  {0,0,0,0,0,0},
  {0,0,0,0,0,0},
  {0,0,0,0,0,0},
  {0,0,0,0,0,0},
  {0,0,0,0,0,0},
  {0,0,0,0,0,0},
  {0,0,0,0,0,0},
  {0,0,0,0,0,0},
  {0,0,0,0,0,0},
  {0,0,0,0,0,0},
  {0,0,0,0,0,0},
  {0,0,0,0,0,0},
  {0,0,0,0,0,0},
  {0,0,0,0,0,0},
  {0,0,0,0,0,0},
  {0,0,0,0,0,0},
  {0,0,0,0,0,0},
  {0,0,0,0,0,0},
  {0,0,0,0,0,0},
  {0,0,0,0,0,0},
  {0,0,0,0,0,0},
  {0,0,0,0,0,0},
  {0,0,0,0,0,0},
  {0,0,0,0,0,0},
  {0,0,0,0,0,0},
  {0,0,0,0,0,0},
  {0,0,0,0,0,0},
  {0,0,0,0,0,0},
  {0,0,0,0,0,0},
  {0,0,0,0,0,0},
  {0,0,0,0,0,0},
  {0,0,0,0,0,0},
  {0,0,0,0,0,0},
  {0,0,0,0,0,0},
  {0,0,0,0,0,0},
  {0,0,0,0,0,0},
  {0,0,0,0,0,0},
  {0,0,0,0,0,0},
  {0,0,0,0,0,0},
  {0,0,0,0,0,0},
  {0,0,0,0,0,0},
  {0,0,0,0,0,0},
  {0,0,0,0,0,0},
  {0,0,0,0,0,0},
  {0,0,0,0,0,0},
  {0,0,0,0,0,0},
  {0,0,0,0,0,0},
  {0,0,0,0,0,0},
  {0,0,0,0,0,0},
  {0,0,0,0,0,0},
  {0,0,0,0,0,0},
  {0,0,0,0,0,0},
  {0,0,0,0,0,0},
  {0,0,0,0,0,0},
  {0,0,0,0,0,0},
  {0,0,0,0,0,0},
  {0,0,0,0,0,0},
  {0,0,0,0,0,0},
  {0,0,0,0,0,0},
  {0,0,0,0,0,0},
  {0,0,0,0,0,0},
  {0,0,0,0,0,0},
  {0,0,0,0,0,0},
  {0,0,0,0,0,0},
  {0,0,0,0,0,0},
  {0,0,0,0,0,0},
  {0,0,0,0,0,0},
  {0,0,0,0,0,0},
  {0,0,0,0,0,0},
  {0,0,0,0,0,0},
  {0,0,0,0,0,0},
  {0,0,0,0,0,0},
  {0,0,0,0,0,0},
  {0,0,0,0,0,0},
  {0,0,0,0,0,0},
  {0,0,0,0,0,0},
  {0,0,0,0,0,0},
  {0,0,0,0,0,0},
  {0,0,0,0,0,0},
  {0,0,0,0,0,0},
  {0,0,0,0,0,0},
  {0,0,0,0,0,0},
  {0,0,0,0,0,0},
  {0,0,0,0,0,0},
  {0,0,0,0,0,0},
  {0,0,0,0,0,0},
  {0,0,0,0,0,0},
  {0,0,0,0,0,0},
  {0,0,0,0,0,0},
  {0,0,0,0,0,0},
  {0,0,0,0,0,0},
  {0,0,0,0,0,0},
  {0,0,0,0,0,0},
  {0,0,0,0,0,0},
  {0,0,0,0,0,0},
  {0,0,0,0,0,0},
  {0,0,0,0,0,0},
  {0,0,0,0,0,0},
  {0,0,0,0,0,0},
  {0,0,0,0,0,0},
  {0,0,0,0,0,0},
  {0,0,0,0,0,0},
  {0,0,0,0,0,0},
  {0,0,0,0,0,0},
  {0,0,0,0,0,0},
  {0,0,0,0,0,0},
  {0,0,0,0,0,0},
  {0,0,0,0,0,0},
  {0,0,0,0,0,0},
  {0,0,0,0,0,0},
  {0,0,0,0,0,0},
  {0,0,0,0,0,0},
  {0,0,0,0,0,0},
  {0,0,0,0,0,0},
  {0,0,0,0,0,0},
  {0,0,0,0,0,0},
  {0,0,0,0,0,0},
  {0,0,0,0,0,0},
  {0,0,0,0,0,0},
  {0,0,0,0,0,0},
  {0,0,0,0,0,0},
  {0,0,0,0,0,0},
  {0,0,0,0,0,0},
  {0,0,0,0,0,0},
  {0,0,0,0,0,0},
  {0,0,0,0,0,0},
  {0,0,0,0,0,0},
  {0,0,0,0,0,0},
  {0,0,0,0,0,0},
  {0,0,0,0,0,0},
  {0,0,0,0,0,0},
  {0,0,0,0,0,0},
  {0,0,0,0,0,0},
  {0,0,0,0,0,0},
  {0,0,0,0,0,0},
  {0,0,0,0,0,0},
  {0,0,0,0,0,0},
  {0,0,0,0,0,0},
  {0,0,0,0,0,0},
  {0,0,0,0,0,0},
  {0,0,0,0,0,0},
  {0,0,0,0,0,0},
  {0,0,0,0,0,0},
  {0,0,0,0,0,0},
  {0,0,0,0,0,0},
  {0,0,0,0,0,0},
  {0,0,0,0,0,0},
  {0,0,0,0,0,0},
  {0,0,0,0,0,0},
  {0,0,0,0,0,0},
  {0,0,0,0,0,0},
  {0,0,0,0,0,0},
  {0,0,0,0,0,0},
  {0,0,0,0,0,0},
  {0,0,0,0,0,0},
  {0,0,0,0,0,0},
  {0,0,0,0,0,0},
  {0,0,0,0,0,0},
  {0,0,0,0,0,0},
  {0,0,0,0,0,0},
  {0,0,0,0,0,0},
  {0,0,0,0,0,0},
  {0,0,0,0,0,0},
  {0,0,0,0,0,0},
  {0,0,0,0,0,0},
  {0,0,0,0,0,0},
  {0,0,0,0,0,0},
  {0,0,0,0,0,0},
  {0,0,0,0,0,0},
  {0,0,0,0,0,0},
  {0,0,0,0,0,0},
  {0,0,0,0,0,0},
  {0,0,0,0,0,0},
  {0,0,0,0,0,0},
  {0,0,0,0,0,0},
  {0,0,0,0,0,0},
  {0,0,0,0,0,0},
  {0,0,0,0,0,0},
  {0,0,0,0,0,0},
  {0,0,0,0,0,0},
  {0,0,0,0,0,0},
  {0,0,0,0,0,0},
  {0,0,0,0,0,0},
  {0,0,0,0,0,0},
  {0,0,0,0,0,0},
  {0,0,0,0,0,0},
  {0,0,0,0,0,0},
  {0,0,0,0,0,0},
  {0,0,0,0,0,0},
  {0,0,0,0,0,0},
  {0,0,0,0,0,0},
  {0,0,0,0,0,0},
  {0,0,0,0,0,0},
  {0,0,0,0,0,0},
  {0,0,0,0,0,0},
  {0,0,0,0,0,0},
  {0,0,0,0,0,0},
  {0,0,0,0,0,0},
  {0,0,0,0,0,0},
  {0,0,0,0,0,0},
  {0,0,0,0,0,0},
  {0,0,0,0,0,0},
  {0,0,0,0,0,0},
  {0,0,0,0,0,0},
  {0,0,0,0,0,0},
  {0,0,0,0,0,0},
  {0,0,0,0,0,0},
  {0,0,0,0,0,0},
  {0,0,0,0,0,0},
  {0,0,0,0,0,0},
  {0,0,0,0,0,0},
  {0,0,0,0,0,0},
  {0,0,0,0,0,0},
  {0,0,0,0,0,0},
  {0,0,0,0,0,0},
  {0,0,0,0,0,0},
  {0,0,0,0,0,0},
  {0,0,0,0,0,0},
  {0,0,0,0,0,0},
  {0,0,0,0,0,0},
  {0,0,0,0,0,0},
  {0,0,0,0,0,0},
  {0,0,0,0,0,0},
  {0,0,0,0,0,0},
  {0,0,0,0,0,0},
  {0,0,0,0,0,0},
  {0,0,0,0,0,0},
  {0,0,0,0,0,0},
  {0,0,0,0,0,0},
  {0,0,0,0,0,0},
  {0,0,0,0,0,0},
  {0,0,0,0,0,0},
  {0,0,0,0,0,0},
  {0,0,0,0,0,0},
  {0,0,0,0,0,0},
  {0,0,0,0,0,0},
  {0,0,0,0,0,0},
  {0,0,0,0,0,0},
  {0,0,0,0,0,0},
  {0,0,0,0,0,0},
  {36963,51,86,62,7,-86},
  {37512,51,83,62,7,-83},
  {38042,60,69,62,0,-68},
  {38560,49,86,62,9,-86},
  {39087,55,70,62,4,-69},
  {39569,57,70,62,2,-69},
  {40068,46,68,62,8,-68},
  {40459,46,83,62,8,-83},
  {40937,46,69,62,5,-68},
  {41334,61,69,62,0,-68},
  {41861,57,68,62,4,-68},
  {42346,60,68,62,0,-68},
  {42856,54,86,62,7,-86},
  {43437,48,86,62,7,-86},
  {43953,60,88,62,1,-87},
  {44613,48,89,62,7,-68},
  {45147,62,68,62,0,-68},
  {45674,52,68,62,7,-68},
  {46116,53,68,62,7,-68},
  {46567,49,68,62,9,-68},
  {46984,59,88,62,1,-68},
  {47633,51,68,62,7,-68},
  {48067,61,68,62,0,-68},
  {48586,56,70,62,2,-69},
  {49076,48,68,62,7,-68},
  {49484,48,87,62,7,-87},
  {50006,54,68,62,7,-68},
  {50465,54,69,62,1,-68},
  {50931,52,68,62,5,-68},
  {51373,48,68,62,7,-68},
  {51781,54,70,62,4,-69},
  {52254,48,68,62,7,-68},
  {52662,50,68,62,7,-68},
  {53087,55,70,62,4,-69},
  {53569,56,68,62,3,-68},
  {54045,60,69,62,1,-68},
  {54563,61,70,62,0,-69},
  {55097,62,68,62,0,-68},
  {55624,55,89,62,7,-68},
  {56236,52,68,62,3,-68},
  {56678,53,68,62,4,-68},
  {57129,58,89,62,4,-68},
  {57775,60,68,62,0,-68},
  {58285,54,68,62,4,-68},
  {58744,52,68,62,7,-68},
  {59186,55,70,62,3,-69},
  {59668,55,70,62,4,-69},
  {60150,55,68,62,0,-68},
  {60618,54,56,62,5,-55},
  {60996,53,77,62,5,-76},
  {61507,50,54,62,7,-54},
  {61845,42,54,62,12,-54},
  {62129,59,74,62,1,-54},
  {62675,52,56,62,5,-55},
  {63039,62,54,62,0,-54},
  {63458,50,56,62,5,-55},
  {63808,48,54,62,7,-54},
  {64132,48,75,62,7,-75},
  {64582,51,54,62,7,-54},
  {64927,54,55,62,1,-54},
  {65299,52,54,62,5,-54},
  {65650,48,54,62,7,-54},
  {65974,52,56,62,5,-55},
  {66338,48,54,62,7,-54},
  {66662,50,76,62,7,-55},
  {67137,51,56,62,5,-55},
  {67494,51,54,62,5,-54},
  {67839,58,75,62,2,-54},
  {68383,57,96,62,2,-75},
  {69067,56,54,62,3,-54},
  {69445,54,74,62,7,-54},
  {69945,49,54,62,6,-54},
  {70276,54,54,62,4,-54},
  {70641,57,74,62,4,-54},
  {71169,59,54,62,0,-54},
  {71568,52,54,62,5,-54},
  {71919,51,54,62,7,-54},
  {72264,50,56,62,5,-55},
  {72614,57,56,62,3,-55},
  {73013,53,54,62,2,-54},
  {73371,52,75,62,5,-74},
  {73859,52,73,62,5,-72},
  {74334,56,96,62,0,-75},
  {75006,42,74,62,12,-74},
  {75395,51,56,62,6,-55},
  {75752,50,56,62,6,-55},
  {76102,52,75,62,6,-75},
  {76590,52,72,62,6,-72},
  {77058,38,96,62,6,-75},
  {77514,62,55,62,0,-54},
  {77941,57,54,62,5,-54},
  {78326,56,75,62,0,-75},
  {78851,51,74,62,7,-74},
  {79323,48,74,62,7,-74},
  {79767,58,96,62,2,-75},
  {80463,48,74,62,7,-54},
};
static const lgfx::GFXfont LibMono68((uint8_t *)LibMono68_bitmap, (lgfx::GFXglyph *)LibMono68_glyphs, 0x20, 0x45F, 117);
