// Liberation Sans Bold, cap height 34px, U+0020..U+045F (ASCII + Cyrillic)
#pragma once

static const uint8_t LibSans34_bitmap[] PROGMEM = {
  0xFF,0xFF,0xFF,0xFF,0xFF,0xFF,0xFE,0xFD,0xFB,0xF7,0xEF,0xDF,0xBF,0x7E,0xFD,0xFB,0xF7,0xEF,0xDF,0xBF,0x7E,0x00,0x00,0x00,
  0x0F,0xFF,0xFF,0xFF,0xFF,0xFC,0xFE,0x3F,0xFF,0x1F,0xFF,0x8F,0xFF,0xC3,0xFF,0xE1,0xFF,0xF0,0xFD,0xF0,0x7E,0xF8,0x3F,0x7C,
  0x1F,0xBE,0x0F,0xDF,0x07,0xCF,0x83,0xE0,0x00,0x70,0x0F,0x00,0x3C,0x07,0x80,0x0F,0x01,0xE0,0x03,0xC0,0x78,0x00,0xF0,0x1E,
  0x00,0x78,0x07,0x00,0x1E,0x03,0xC0,0x07,0x80,0xF0,0x01,0xE0,0x3C,0x1F,0xFF,0xFF,0xF7,0xFF,0xFF,0xFD,0xFF,0xFF,0xFF,0x7F,
  0xFF,0xFF,0x80,0xF0,0x1E,0x00,0x38,0x07,0x00,0x1E,0x03,0xC0,0x07,0x80,0xF0,0x01,0xE0,0x3C,0x00,0x78,0x0F,0x00,0x1C,0x03,
  0x80,0x0F,0x01,0xE0,0x3F,0xFF,0xFF,0xCF,0xFF,0xFF,0xF3,0xFF,0xFF,0xFC,0xFF,0xFF,0xFF,0x07,0x80,0xF0,0x01,0xE0,0x3C,0x00,
  0x78,0x0F,0x00,0x1E,0x03,0xC0,0x0F,0x01,0xE0,0x03,0xC0,0x78,0x00,0xF0,0x1E,0x00,0x3C,0x07,0x80,0x0E,0x01,0xE0,0x00,0x00,
  0x1C,0x00,0x00,0x07,0x00,0x00,0x01,0xC0,0x00,0x07,0xFF,0x00,0x07,0xFF,0xF0,0x07,0xFF,0xFF,0x03,0xFF,0xFF,0xE0,0xFF,0xFF,
  0xF8,0x7F,0x9C,0xFF,0x1F,0xC7,0x1F,0xC7,0xE1,0xC3,0xF9,0xF8,0x70,0xF0,0x7E,0x1C,0x00,0x1F,0xC7,0x00,0x07,0xF9,0xC0,0x01,
  0xFF,0xF0,0x00,0x3F,0xFF,0x00,0x07,0xFF,0xF8,0x00,0xFF,0xFF,0x80,0x1F,0xFF,0xF8,0x01,0xFF,0xFF,0x00,0x07,0xFF,0xC0,0x01,
  0xDF,0xF8,0x00,0x70,0xFE,0x00,0x1C,0x1F,0x80,0x07,0x07,0xF1,0xC1,0xC1,0xFF,0xF0,0x70,0x7F,0xFE,0x1C,0x1F,0xBF,0xC7,0x0F,
  0xE7,0xF9,0xC7,0xF9,0xFF,0xFF,0xFC,0x3F,0xFF,0xFF,0x07,0xFF,0xFF,0x00,0x7F,0xFF,0x80,0x07,0xFF,0x00,0x00,0x1C,0x00,0x00,
  0x07,0x00,0x00,0x01,0xC0,0x00,0x00,0x70,0x00,0x07,0xF0,0x00,0x07,0xC0,0x0F,0xFE,0x00,0x07,0xC0,0x0F,0xFF,0x80,0x03,0xE0,
  0x07,0xFF,0xE0,0x03,0xE0,0x07,0xE1,0xF0,0x03,0xE0,0x03,0xE0,0xFC,0x01,0xF0,0x01,0xF0,0x3E,0x01,0xF0,0x01,0xF8,0x1F,0x01,
  0xF0,0x00,0xFC,0x0F,0x80,0xF8,0x00,0x7C,0x07,0xC0,0xF8,0x00,0x3E,0x03,0xE0,0xFC,0x00,0x1F,0x01,0xF0,0x7C,0x00,0x0F,0xC0,
  0xF8,0x7C,0x00,0x07,0xE0,0x7C,0x7E,0x3F,0x81,0xF0,0x3E,0x3E,0x3F,0xF0,0xF8,0x3F,0x3E,0x7F,0xFC,0x7E,0x1F,0x1F,0x3F,0xFF,
  0x1F,0xFF,0x9F,0x3F,0x0F,0x8F,0xFF,0x9F,0x1F,0x07,0xE1,0xFF,0x8F,0x8F,0x81,0xF0,0x7F,0x0F,0x8F,0xC0,0xF8,0x00,0x0F,0x87,
  0xE0,0x7C,0x00,0x07,0xC3,0xF0,0x3E,0x00,0x07,0xC1,0xF8,0x1F,0x00,0x07,0xC0,0xFC,0x0F,0x80,0x03,0xE0,0x7E,0x07,0xC0,0x03,
  0xE0,0x1F,0x03,0xE0,0x03,0xE0,0x0F,0x81,0xF0,0x01,0xF0,0x07,0xC1,0xF8,0x01,0xF0,0x03,0xF0,0xF8,0x01,0xF8,0x00,0xFF,0xFC,
  0x00,0xF8,0x00,0x3F,0xFC,0x00,0xF8,0x00,0x0F,0xFC,0x00,0x7C,0x00,0x03,0xF8,0x00,0x00,0x0F,0xE0,0x00,0x00,0x7F,0xF8,0x00,
  0x00,0xFF,0xFE,0x00,0x01,0xFF,0xFE,0x00,0x01,0xFC,0x7F,0x00,0x01,0xF0,0x3F,0x00,0x03,0xF0,0x1F,0x00,0x03,0xF0,0x1F,0x00,
  0x03,0xF0,0x3F,0x00,0x01,0xF0,0x3F,0x00,0x01,0xF0,0xFE,0x00,0x01,0xF9,0xFC,0x00,0x01,0xFF,0xF8,0x00,0x00,0xFF,0xF0,0x00,
  0x00,0xFF,0xC0,0x00,0x03,0xFF,0x00,0x00,0x0F,0xFE,0x00,0xC0,0x1F,0xFF,0x00,0xF8,0x3F,0xFF,0x00,0xF8,0x3F,0x9F,0x81,0xF8,
  0x7F,0x1F,0xC1,0xF0,0x7E,0x0F,0xC3,0xF0,0xFE,0x07,0xE3,0xF0,0xFC,0x07,0xF7,0xE0,0xFC,0x03,0xFF,0xE0,0xFC,0x01,0xFF,0xC0,
  0xFE,0x00,0xFF,0x80,0x7E,0x00,0xFF,0x80,0x7F,0x80,0xFF,0xE0,0x7F,0xFF,0xFF,0xFF,0x3F,0xFF,0xFF,0xFF,0x1F,0xFF,0xF7,0xFF,
  0x07,0xFF,0xC1,0xFF,0x01,0xFF,0x00,0x3E,0xFF,0xFF,0xFF,0xFF,0xFF,0xFF,0xFF,0xFF,0xFF,0x01,0xFC,0x07,0xE0,0x3F,0x81,0xFC,
  0x07,0xF0,0x3F,0x80,0xFE,0x07,0xF0,0x1F,0xC0,0x7E,0x03,0xF8,0x0F,0xE0,0x3F,0x01,0xFC,0x07,0xF0,0x1F,0xC0,0x7F,0x01,0xF8,
  0x07,0xE0,0x3F,0x80,0xFE,0x03,0xF8,0x0F,0xE0,0x3F,0x80,0xFE,0x03,0xF8,0x0F,0xE0,0x1F,0x80,0x7E,0x01,0xFC,0x07,0xF0,0x1F,
  0xC0,0x7F,0x00,0xFC,0x03,0xF8,0x0F,0xE0,0x1F,0x80,0x7F,0x01,0xFC,0x03,0xF8,0x0F,0xE0,0x1F,0xC0,0x7F,0x00,0xFE,0x01,0xF8,
  0x07,0xF0,0xFE,0x01,0xFC,0x03,0xF0,0x0F,0xE0,0x1F,0xC0,0x7F,0x00,0xFE,0x03,0xF8,0x07,0xE0,0x1F,0xC0,0x7F,0x00,0xFC,0x03,
  0xF8,0x0F,0xE0,0x3F,0x80,0x7E,0x01,0xF8,0x07,0xF0,0x1F,0xC0,0x7F,0x01,0xFC,0x07,0xF0,0x1F,0xC0,0x7F,0x01,0xFC,0x07,0xF0,
  0x1F,0xC0,0x7F,0x01,0xFC,0x07,0xE0,0x1F,0x80,0xFE,0x03,0xF8,0x0F,0xE0,0x3F,0x01,0xFC,0x07,0xF0,0x1F,0x80,0xFE,0x03,0xF8,
  0x1F,0xC0,0x7F,0x03,0xF8,0x0F,0xC0,0x7F,0x03,0xF8,0x00,0x01,0xF0,0x00,0x3E,0x00,0x07,0xC0,0x00,0xF8,0x02,0x1F,0x0C,0xF3,
  0xE7,0x9F,0xFF,0xF7,0xFF,0xFF,0xFF,0xFF,0xE3,0xFF,0xE0,0x0F,0xE0,0x03,0xFE,0x00,0xFF,0xE0,0x3F,0x7E,0x0F,0xC7,0xE1,0xF8,
  0x7C,0x0E,0x0F,0x00,0x80,0x80,0x00,0x3E,0x00,0x00,0x1F,0x00,0x00,0x0F,0x80,0x00,0x07,0xC0,0x00,0x03,0xE0,0x00,0x01,0xF0,
  0x00,0x00,0xF8,0x00,0x00,0x7C,0x00,0x00,0x3E,0x00,0x00,0x1F,0x00,0x3F,0xFF,0xFF,0xFF,0xFF,0xFF,0xFF,0xFF,0xFF,0xFF,0xFF,
  0xFF,0xFF,0xFF,0xFF,0xFE,0x00,0xFC,0x00,0x00,0x3E,0x00,0x00,0x1F,0x00,0x00,0x0F,0x80,0x00,0x07,0xC0,0x00,0x03,0xE0,0x00,
  0x01,0xF0,0x00,0x00,0xF8,0x00,0x00,0x7C,0x00,0x00,0x3E,0x00,0x00,0xFF,0xFF,0xFF,0xFF,0xFF,0xFF,0x8F,0x1E,0x3C,0x79,0xF3,
  0xCF,0x9E,0x00,0xFF,0xFF,0xFF,0xFF,0xFF,0xFF,0xFF,0xFF,0xFF,0xFF,0xFF,0xFF,0xFF,0xFF,0xFF,0x80,0x03,0xF0,0x3F,0x03,0xF0,
  0x3F,0x03,0xE0,0x7E,0x07,0xE0,0x7E,0x07,0xE0,0x7C,0x0F,0xC0,0xFC,0x0F,0xC0,0xFC,0x0F,0xC1,0xF8,0x1F,0x81,0xF8,0x1F,0x81,
  0xF8,0x1F,0x03,0xF0,0x3F,0x03,0xF0,0x3F,0x03,0xE0,0x7E,0x07,0xE0,0x7E,0x07,0xE0,0x7E,0x0F,0xC0,0xFC,0x0F,0xC0,0xFC,0x0F,
  0xC0,0xF8,0x00,0x00,0xFF,0x00,0x0F,0xFF,0x80,0x3F,0xFF,0x80,0xFF,0xFF,0x83,0xFF,0xFF,0x87,0xF8,0xFF,0x1F,0xE0,0x7F,0x3F,
  0x80,0xFE,0x7F,0x00,0xFC,0xFC,0x01,0xFF,0xF8,0x03,0xFF,0xF0,0x07,0xFF,0xE0,0x0F,0xFF,0xC0,0x1F,0xFF,0x80,0x3F,0xFF,0x00,
  0x7F,0xFE,0x00,0xFF,0xFC,0x01,0xFF,0xF8,0x03,0xFF,0xF0,0x07,0xFF,0xE0,0x0F,0xFF,0xC0,0x1F,0xFF,0x80,0x3F,0xFF,0x00,0x7F,
  0x7E,0x00,0xFE,0xFE,0x01,0xF9,0xFC,0x07,0xF1,0xFC,0x1F,0xE3,0xFC,0x7F,0x83,0xFF,0xFE,0x07,0xFF,0xFC,0x07,0xFF,0xF0,0x03,
  0xFF,0x80,0x01,0xFC,0x00,0x00,0xFE,0x00,0x07,0xFC,0x00,0x1F,0xF8,0x00,0x7F,0xF0,0x03,0xFF,0xE0,0x0F,0xFF,0xC0,0x3F,0xBF,
  0x80,0x7E,0x7F,0x00,0xF0,0xFE,0x01,0xC1,0xFC,0x02,0x03,0xF8,0x00,0x07,0xF0,0x00,0x0F,0xE0,0x00,0x1F,0xC0,0x00,0x3F,0x80,
  0x00,0x7F,0x00,0x00,0xFE,0x00,0x01,0xFC,0x00,0x03,0xF8,0x00,0x07,0xF0,0x00,0x0F,0xE0,0x00,0x1F,0xC0,0x00,0x3F,0x80,0x00,
  0x7F,0x00,0x00,0xFE,0x00,0x01,0xFC,0x00,0x03,0xF8,0x00,0x07,0xF0,0x00,0x0F,0xE0,0x1F,0xFF,0xFF,0xFF,0xFF,0xFF,0xFF,0xFF,
  0xFF,0xFF,0xFF,0xFF,0xFF,0xFF,0xFC,0x01,0xFF,0x00,0x0F,0xFF,0x80,0x7F,0xFF,0xC1,0xFF,0xFF,0xC3,0xFF,0xFF,0xCF,0xFD,0xFF,
  0x9F,0xC0,0x7F,0x7F,0x80,0xFF,0xFE,0x00,0xFF,0xFC,0x01,0xFC,0x00,0x03,0xF8,0x00,0x0F,0xF0,0x00,0x1F,0xC0,0x00,0x7F,0x80,
  0x01,0xFE,0x00,0x07,0xFC,0x00,0x1F,0xF0,0x00,0x7F,0xC0,0x01,0xFF,0x00,0x07,0xFC,0x00,0x1F,0xF0,0x00,0x7F,0xC0,0x01,0xFE,
  0x00,0x07,0xF8,0x00,0x1F,0xE0,0x00,0x7F,0x80,0x01,0xFE,0x00,0x03,0xF8,0x00,0x0F,0xFF,0xFF,0xFF,0xFF,0xFF,0xFF,0xFF,0xFF,
  0xFF,0xFF,0xFF,0xFF,0xFF,0xFF,0xFF,0xFF,0xFC,0x00,0xFF,0x80,0x01,0xFF,0xF0,0x03,0xFF,0xFE,0x03,0xFF,0xFF,0x83,0xFF,0xFF,
  0xE1,0xFF,0x3F,0xF1,0xFE,0x03,0xF8,0xFE,0x01,0xFE,0x7F,0x00,0x7F,0x3F,0x80,0x3F,0x80,0x00,0x1F,0xC0,0x00,0x1F,0xC0,0x00,
  0x0F,0xE0,0x00,0x1F,0xE0,0x01,0xFF,0xE0,0x00,0xFF,0xE0,0x00,0x7F,0xC0,0x00,0x3F,0xF8,0x00,0x1F,0xFF,0x00,0x0F,0xFF,0xC0,
  0x00,0x0F,0xF0,0x00,0x03,0xF8,0x00,0x01,0xFC,0x00,0x00,0xFE,0x7E,0x00,0x7F,0xFF,0x00,0x3F,0xBF,0xC0,0x1F,0xCF,0xF0,0x1F,
  0xE7,0xFF,0xFF,0xF1,0xFF,0xFF,0xF0,0x7F,0xFF,0xF0,0x1F,0xFF,0xF0,0x07,0xFF,0xF0,0x00,0x7F,0xC0,0x00,0x00,0x03,0xFC,0x00,
  0x01,0xFF,0x00,0x00,0xFF,0xC0,0x00,0x3F,0xF0,0x00,0x1F,0xFC,0x00,0x0F,0xFF,0x00,0x03,0xFF,0xC0,0x01,0xFF,0xF0,0x00,0xFD,
  0xFC,0x00,0x3E,0x7F,0x00,0x1F,0x9F,0xC0,0x0F,0xC7,0xF0,0x03,0xE1,0xFC,0x01,0xF8,0x7F,0x00,0xFC,0x1F,0xC0,0x3F,0x07,0xF0,
  0x1F,0x81,0xFC,0x07,0xC0,0x7F,0x03,0xF0,0x1F,0xC1,0xF8,0x07,0xF0,0x7C,0x01,0xFC,0x3F,0x00,0x7F,0x0F,0xFF,0xFF,0xFF,0xFF,
  0xFF,0xFF,0xFF,0xFF,0xFF,0xFF,0xFF,0xFF,0xFF,0xFF,0xFF,0xFC,0x00,0x07,0xF0,0x00,0x01,0xFC,0x00,0x00,0x7F,0x00,0x00,0x1F,
  0xC0,0x00,0x07,0xF0,0x00,0x01,0xFC,0x00,0x00,0x7F,0x00,0x3F,0xFF,0xFC,0x7F,0xFF,0xFC,0x7F,0xFF,0xFC,0x7F,0xFF,0xFC,0x7F,
  0xFF,0xFC,0x7F,0x00,0x00,0x7F,0x00,0x00,0x7F,0x00,0x00,0x7F,0x00,0x00,0x7F,0x00,0x00,0x7E,0x00,0x00,0x7E,0x3F,0x80,0x7E,
  0xFF,0xE0,0x7F,0xFF,0xF0,0x7F,0xFF,0xF8,0x7F,0xFF,0xFC,0x7F,0xFF,0xFE,0xFF,0x01,0xFE,0x7E,0x00,0xFE,0x00,0x00,0xFF,0x00,
  0x00,0x7F,0x00,0x00,0x7F,0x00,0x00,0x7F,0x00,0x00,0x7F,0x00,0x00,0x7F,0xFC,0x00,0xFF,0xFE,0x00,0xFE,0xFF,0x01,0xFE,0xFF,
  0xE7,0xFC,0x7F,0xFF,0xFC,0x3F,0xFF,0xF8,0x1F,0xFF,0xF0,0x0F,0xFF,0xC0,0x01,0xFF,0x00,0x00,0xFF,0x00,0x03,0xFF,0xC0,0x07,
  0xFF,0xF0,0x0F,0xFF,0xF8,0x1F,0xFF,0xF8,0x3F,0xE7,0xFC,0x3F,0x81,0xFC,0x7F,0x00,0xFC,0x7F,0x00,0xF0,0x7E,0x00,0x00,0xFE,
  0x00,0x00,0xFE,0x00,0x00,0xFE,0x3F,0x80,0xFE,0xFF,0xE0,0xFD,0xFF,0xF8,0xFF,0xFF,0xF8,0xFF,0xFF,0xFC,0xFF,0xC3,0xFE,0xFF,
  0x01,0xFE,0xFE,0x00,0xFE,0xFE,0x00,0xFE,0xFE,0x00,0x7E,0xFE,0x00,0x7F,0xFE,0x00,0x7E,0xFE,0x00,0x7E,0x7F,0x00,0xFE,0x7F,
  0x00,0xFE,0x7F,0x81,0xFE,0x3F,0xE7,0xFC,0x1F,0xFF,0xFC,0x1F,0xFF,0xF8,0x0F,0xFF,0xF0,0x03,0xFF,0xE0,0x00,0xFF,0x00,0xFF,
  0xFF,0xFF,0xFF,0xFF,0xFF,0xFF,0xFF,0xFF,0xFF,0xFF,0xFF,0xFF,0xFF,0xFF,0xFF,0xFF,0xC0,0x00,0x3F,0x00,0x00,0xFE,0x00,0x01,
  0xF8,0x00,0x07,0xF0,0x00,0x1F,0xC0,0x00,0x3F,0x00,0x00,0xFE,0x00,0x01,0xF8,0x00,0x07,0xF0,0x00,0x1F,0xC0,0x00,0x3F,0x80,
  0x00,0xFE,0x00,0x01,0xFC,0x00,0x07,0xF0,0x00,0x0F,0xE0,0x00,0x1F,0x80,0x00,0x7F,0x00,0x00,0xFE,0x00,0x03,0xF8,0x00,0x07,
  0xF0,0x00,0x0F,0xE0,0x00,0x1F,0xC0,0x00,0x7F,0x80,0x00,0xFE,0x00,0x01,0xFC,0x00,0x03,0xF8,0x00,0x07,0xF0,0x00,0x0F,0xE0,
  0x00,0x01,0xFF,0x00,0x07,0xFF,0xE0,0x1F,0xFF,0xF0,0x3F,0xFF,0xF8,0x7F,0xFF,0xFC,0x7F,0x83,0xFC,0x7F,0x01,0xFE,0xFF,0x00,
  0xFE,0xFE,0x00,0xFE,0xFE,0x00,0xFE,0xFE,0x00,0xFE,0x7F,0x00,0xFE,0x7F,0x01,0xFC,0x3F,0x83,0xF8,0x1F,0xFF,0xF0,0x0F,0xFF,
  0xE0,0x03,0xFF,0xC0,0x1F,0xFF,0xF0,0x3F,0xFF,0xF8,0x7F,0x81,0xFC,0xFE,0x00,0xFE,0xFE,0x00,0xFE,0xFE,0x00,0x7F,0xFE,0x00,
  0x7F,0xFE,0x00,0x7F,0xFE,0x00,0x7F,0xFE,0x00,0xFF,0xFE,0x00,0xFE,0xFF,0x81,0xFE,0x7F,0xFF,0xFC,0x3F,0xFF,0xFC,0x1F,0xFF,
  0xF8,0x0F,0xFF,0xE0,0x01,0xFF,0x00,0x01,0xFE,0x00,0x07,0xFF,0xC0,0x1F,0xFF,0xE0,0x3F,0xFF,0xF0,0x7F,0xFF,0xF8,0x7F,0xCF,
  0xF8,0xFF,0x03,0xFC,0xFE,0x01,0xFC,0xFE,0x00,0xFE,0xFE,0x00,0xFE,0xFE,0x00,0xFE,0xFE,0x00,0xFE,0xFE,0x00,0xFE,0xFE,0x00,
  0xFE,0xFE,0x00,0xFE,0xFF,0x01,0xFE,0x7F,0x87,0xFF,0x7F,0xFF,0xFE,0x3F,0xFF,0xFE,0x1F,0xFF,0x7E,0x0F,0xFE,0x7E,0x03,0xF8,
  0x7E,0x00,0x00,0xFE,0x00,0x00,0xFE,0x00,0x00,0xFE,0x1E,0x01,0xFC,0xFE,0x01,0xFC,0x7F,0x03,0xF8,0x7F,0xCF,0xF8,0x3F,0xFF,
  0xF0,0x3F,0xFF,0xE0,0x1F,0xFF,0xC0,0x0F,0xFF,0x80,0x01,0xFE,0x00,0xFF,0xFF,0xFF,0xFF,0xFF,0xFF,0x80,0x00,0x00,0x00,0x00,
  0x00,0x00,0x00,0x00,0x03,0xFF,0xFF,0xFF,0xFF,0xFF,0xFE,0xFF,0xFF,0xFF,0xFF,0xFF,0xFF,0x80,0x00,0x00,0x00,0x00,0x00,0x00,
  0x00,0x00,0x03,0xFF,0xFF,0xFF,0xFF,0xFF,0xFE,0x3C,0x79,0xE3,0xC7,0x9E,0x3C,0xF0,0x00,0x00,0x01,0x80,0x00,0x07,0xC0,0x00,
  0x0F,0xE0,0x00,0x3F,0xF0,0x00,0xFF,0xF8,0x01,0xFF,0xF8,0x07,0xFF,0xF0,0x1F,0xFF,0xC0,0x3F,0xFF,0x80,0x7F,0xFE,0x00,0x3F,
  0xF8,0x00,0x1F,0xF0,0x00,0x0F,0xC0,0x00,0x07,0xE0,0x00,0x03,0xFE,0x00,0x01,0xFF,0xC0,0x00,0xFF,0xFC,0x00,0x1F,0xFF,0xC0,
  0x03,0xFF,0xF8,0x00,0x3F,0xFF,0x80,0x03,0xFF,0xF0,0x00,0x7F,0xFC,0x00,0x07,0xFE,0x00,0x00,0x7F,0x00,0x00,0x0F,0x80,0x00,
  0x00,0xC0,0xFF,0xFF,0xFF,0xFF,0xFF,0xFF,0xFF,0xFF,0xFF,0xFF,0xFF,0xFF,0xFF,0xFF,0xFF,0xF8,0x00,0x00,0x00,0x00,0x00,0x00,
  0x00,0x00,0x00,0x00,0x00,0x00,0x00,0x00,0x00,0x00,0x00,0x00,0x00,0x00,0x00,0x00,0x00,0x00,0x07,0xFF,0xFF,0xFF,0xFF,0xFF,
  0xFF,0xFF,0xFF,0xFF,0xFF,0xFF,0xFF,0xFF,0xFF,0xFF,0xC0,0xC0,0x00,0x00,0x78,0x00,0x00,0x3F,0x80,0x00,0x1F,0xF8,0x00,0x0F,
  0xFF,0x00,0x07,0xFF,0xF0,0x00,0x7F,0xFF,0x00,0x0F,0xFF,0xE0,0x00,0xFF,0xFE,0x00,0x0F,0xFF,0xC0,0x01,0xFF,0xE0,0x00,0x1F,
  0xF0,0x00,0x03,0xF8,0x00,0x01,0xFC,0x00,0x03,0xFE,0x00,0x0F,0xFF,0x00,0x1F,0xFF,0x80,0x7F,0xFF,0x01,0xFF,0xFC,0x03,0xFF,
  0xF8,0x0F,0xFF,0xE0,0x07,0xFF,0x80,0x03,0xFF,0x00,0x01,0xFC,0x00,0x00,0xF0,0x00,0x00,0x60,0x00,0x00,0x00,0x00,0x7F,0xC0,
  0x01,0xFF,0xF8,0x01,0xFF,0xFF,0x01,0xFF,0xFF,0xC1,0xFF,0xFF,0xF1,0xFF,0xFF,0xF9,0xFF,0x01,0xFE,0xFF,0x00,0x7F,0x7F,0x00,
  0x3F,0xFF,0x00,0x1F,0xFF,0x80,0x0F,0xE0,0x00,0x07,0xF0,0x00,0x03,0xF8,0x00,0x03,0xF8,0x00,0x03,0xFC,0x00,0x07,0xFC,0x00,
  0x07,0xFC,0x00,0x07,0xFC,0x00,0x07,0xF8,0x00,0x07,0xF8,0x00,0x03,0xF8,0x00,0x03,0xF8,0x00,0x01,0xF8,0x00,0x00,0xFC,0x00,
  0x00,0x00,0x00,0x00,0x00,0x00,0x00,0x00,0x00,0x00,0x00,0x00,0x00,0x0F,0xE0,0x00,0x07,0xF0,0x00,0x03,0xF8,0x00,0x01,0xFC,
  0x00,0x00,0xFE,0x00,0x00,0x7F,0x00,0x00,0x00,0x00,0x3F,0xF8,0x00,0x00,0x00,0xFF,0xFF,0xC0,0x00,0x00,0xFF,0xFF,0xFC,0x00,
  0x00,0xFF,0xF3,0xFF,0x80,0x00,0x7F,0x00,0x03,0xF8,0x00,0x3F,0x00,0x00,0x3F,0x00,0x3F,0x00,0x00,0x07,0xE0,0x0F,0x80,0x00,
  0x00,0xF8,0x07,0xC0,0x00,0x00,0x1F,0x03,0xE0,0x0F,0xE0,0x03,0xC1,0xF0,0x0F,0xFC,0x78,0x78,0x78,0x07,0xFF,0xBC,0x1E,0x3E,
  0x03,0xF1,0xFF,0x07,0x8F,0x01,0xF0,0x1F,0xC0,0xF7,0xC0,0xF8,0x03,0xF0,0x3D,0xE0,0x3C,0x00,0xF8,0x0F,0x78,0x1E,0x00,0x3E,
  0x03,0xFE,0x07,0x80,0x0F,0x80,0xFF,0x03,0xC0,0x03,0xE0,0x3F,0xC0,0xF0,0x00,0xF8,0x0F,0xF0,0x3C,0x00,0x3C,0x03,0xFC,0x0F,
  0x00,0x0F,0x00,0xFF,0x03,0xC0,0x07,0xC0,0x3B,0xC0,0xF0,0x01,0xF0,0x1E,0xF0,0x3C,0x00,0x78,0x07,0xBC,0x0F,0x00,0x3E,0x03,
  0xCF,0x03,0xC0,0x1F,0x80,0xF3,0xC0,0xF0,0x07,0xE0,0x78,0xF0,0x3E,0x07,0xB8,0x3E,0x1E,0x07,0xF7,0xCF,0x3F,0x07,0x80,0xFF,
  0xE3,0xFF,0x81,0xF0,0x1F,0xF0,0x7F,0xC0,0x3C,0x03,0xF0,0x0F,0xC0,0x0F,0x80,0x00,0x00,0x00,0x01,0xF0,0x00,0x00,0x00,0x00,
  0x3E,0x00,0x00,0x02,0x00,0x07,0xE0,0x00,0x07,0xC0,0x00,0xFE,0x00,0x0F,0xF0,0x00,0x1F,0xFF,0xFF,0xF8,0x00,0x03,0xFF,0xFF,
  0xF8,0x00,0x00,0x3F,0xFF,0xF8,0x00,0x00,0x00,0xFF,0xE0,0x00,0x00,0x00,0x0F,0xF8,0x00,0x00,0x07,0xFC,0x00,0x00,0x03,0xFF,
  0x00,0x00,0x03,0xFF,0x80,0x00,0x01,0xFF,0xE0,0x00,0x01,0xFF,0xF0,0x00,0x00,0xFD,0xF8,0x00,0x00,0x7E,0xFE,0x00,0x00,0x7F,
  0x3F,0x00,0x00,0x3F,0x1F,0x80,0x00,0x1F,0x8F,0xE0,0x00,0x1F,0xC3,0xF0,0x00,0x0F,0xC1,0xF8,0x00,0x07,0xE0,0xFE,0x00,0x07,
  0xF0,0x3F,0x00,0x03,0xF0,0x1F,0x80,0x03,0xF8,0x0F,0xE0,0x01,0xFC,0x03,0xF0,0x00,0xFC,0x01,0xFC,0x00,0xFE,0x00,0xFE,0x00,
  0x7F,0xFF,0xFF,0x00,0x3F,0xFF,0xFF,0xC0,0x3F,0xFF,0xFF,0xE0,0x1F,0xFF,0xFF,0xF0,0x0F,0xFF,0xFF,0xFC,0x0F,0xE0,0x00,0xFE,
  0x07,0xF0,0x00,0x7F,0x07,0xF8,0x00,0x1F,0xC3,0xF8,0x00,0x0F,0xE1,0xFC,0x00,0x07,0xF9,0xFE,0x00,0x01,0xFC,0xFE,0x00,0x00,
  0xFE,0x7F,0x00,0x00,0x3F,0xFF,0x80,0x00,0x1F,0xC0,0xFF,0xFF,0xF8,0x03,0xFF,0xFF,0xFC,0x0F,0xFF,0xFF,0xF8,0x3F,0xFF,0xFF,
  0xF8,0xFF,0xFF,0xFF,0xE3,0xFC,0x00,0xFF,0xCF,0xE0,0x00,0xFF,0x3F,0x80,0x01,0xFC,0xFE,0x00,0x07,0xF3,0xF8,0x00,0x1F,0xCF,
  0xE0,0x00,0x7F,0x3F,0x80,0x01,0xFC,0xFE,0x00,0x0F,0xE3,0xF8,0x00,0xFF,0x8F,0xFF,0xFF,0xFC,0x3F,0xFF,0xFF,0xC0,0xFF,0xFF,
  0xFE,0x03,0xFF,0xFF,0xFF,0x0F,0xFF,0xFF,0xFF,0x3F,0xC0,0x07,0xFE,0xFE,0x00,0x07,0xFB,0xF8,0x00,0x0F,0xFF,0xE0,0x00,0x1F,
  0xFF,0x80,0x00,0x7F,0xFE,0x00,0x01,0xFF,0xF8,0x00,0x07,0xFF,0xE0,0x00,0x3F,0xFF,0x80,0x01,0xFF,0xFF,0x00,0x1F,0xFB,0xFF,
  0xFF,0xFF,0xEF,0xFF,0xFF,0xFF,0x3F,0xFF,0xFF,0xF8,0xFF,0xFF,0xFF,0x83,0xFF,0xFF,0xF0,0x00,0x00,0x1F,0xFC,0x00,0x00,0xFF,
  0xFF,0x80,0x01,0xFF,0xFF,0xE0,0x07,0xFF,0xFF,0xF0,0x0F,0xFF,0xFF,0xF8,0x1F,0xFF,0xFF,0xFC,0x1F,0xF0,0x07,0xFC,0x3F,0xE0,
  0x01,0xFE,0x7F,0xC0,0x00,0xFE,0x7F,0x80,0x00,0x7E,0x7F,0x00,0x00,0x70,0x7F,0x00,0x00,0x00,0xFF,0x00,0x00,0x00,0xFE,0x00,
  0x00,0x00,0xFE,0x00,0x00,0x00,0xFE,0x00,0x00,0x00,0xFE,0x00,0x00,0x00,0xFE,0x00,0x00,0x00,0xFE,0x00,0x00,0x00,0xFE,0x00,
  0x00,0x00,0xFF,0x00,0x00,0x00,0xFF,0x00,0x00,0x00,0x7F,0x00,0x00,0x20,0x7F,0x00,0x00,0x7C,0x7F,0x80,0x00,0x7F,0x3F,0xC0,
  0x00,0xFF,0x3F,0xE0,0x01,0xFE,0x1F,0xF8,0x07,0xFC,0x0F,0xFF,0xFF,0xFC,0x0F,0xFF,0xFF,0xF8,0x03,0xFF,0xFF,0xF0,0x01,0xFF,
  0xFF,0xC0,0x00,0x7F,0xFF,0x80,0x00,0x0F,0xFC,0x00,0xFF,0xFF,0xC0,0x03,0xFF,0xFF,0xE0,0x0F,0xFF,0xFF,0xE0,0x3F,0xFF,0xFF,
  0xE0,0xFF,0xFF,0xFF,0xC3,0xFF,0xFF,0xFF,0x8F,0xE0,0x07,0xFF,0x3F,0x80,0x07,0xFC,0xFE,0x00,0x0F,0xFB,0xF8,0x00,0x1F,0xEF,
  0xE0,0x00,0x3F,0xFF,0x80,0x00,0xFF,0xFE,0x00,0x01,0xFF,0xF8,0x00,0x07,0xFF,0xE0,0x00,0x1F,0xFF,0x80,0x00,0x7F,0xFE,0x00,
  0x01,0xFF,0xF8,0x00,0x07,0xFF,0xE0,0x00,0x1F,0xFF,0x80,0x00,0x7F,0xFE,0x00,0x01,0xFF,0xF8,0x00,0x0F,0xFF,0xE0,0x00,0x3F,
  0xFF,0x80,0x00,0xFE,0xFE,0x00,0x07,0xFB,0xF8,0x00,0x3F,0xEF,0xE0,0x01,0xFF,0x3F,0x80,0x0F,0xF8,0xFF,0xFF,0xFF,0xE3,0xFF,
  0xFF,0xFF,0x0F,0xFF,0xFF,0xF8,0x3F,0xFF,0xFF,0x80,0xFF,0xFF,0xF8,0x03,0xFF,0xFF,0x80,0x00,0xFF,0xFF,0xFF,0xEF,0xFF,0xFF,
  0xFE,0xFF,0xFF,0xFF,0xEF,0xFF,0xFF,0xFE,0xFF,0xFF,0xFF,0xEF,0xFF,0xFF,0xFC,0xFE,0x00,0x00,0x0F,0xE0,0x00,0x00,0xFE,0x00,
  0x00,0x0F,0xE0,0x00,0x00,0xFE,0x00,0x00,0x0F,0xE0,0x00,0x00,0xFE,0x00,0x00,0x0F,0xE0,0x00,0x00,0xFF,0xFF,0xFF,0x8F,0xFF,
  0xFF,0xF8,0xFF,0xFF,0xFF,0x8F,0xFF,0xFF,0xF8,0xFF,0xFF,0xFF,0x8F,0xFF,0xFF,0xF8,0xFE,0x00,0x00,0x0F,0xE0,0x00,0x00,0xFE,
  0x00,0x00,0x0F,0xE0,0x00,0x00,0xFE,0x00,0x00,0x0F,0xE0,0x00,0x00,0xFE,0x00,0x00,0x0F,0xE0,0x00,0x00,0xFF,0xFF,0xFF,0xEF,
  0xFF,0xFF,0xFF,0xFF,0xFF,0xFF,0xFF,0xFF,0xFF,0xFF,0xFF,0xFF,0xFF,0xFF,0xFF,0xFF,0xFF,0xFF,0xFF,0xFF,0xFF,0xFF,0xFF,0xFF,
  0xFF,0xFF,0xFF,0xFF,0xFF,0xFF,0xFF,0xFF,0xFF,0xFF,0xFF,0xFF,0xF8,0x00,0x01,0xFC,0x00,0x00,0xFE,0x00,0x00,0x7F,0x00,0x00,
  0x3F,0x80,0x00,0x1F,0xC0,0x00,0x0F,0xE0,0x00,0x07,0xF0,0x00,0x03,0xF8,0x00,0x01,0xFF,0xFF,0xFF,0xFF,0xFF,0xFF,0xFF,0xFF,
  0xFF,0xFF,0xFF,0xFF,0xFF,0xFF,0xFF,0xFF,0xFF,0xFF,0xF7,0xF0,0x00,0x03,0xF8,0x00,0x01,0xFC,0x00,0x00,0xFE,0x00,0x00,0x7F,
  0x00,0x00,0x3F,0x80,0x00,0x1F,0xC0,0x00,0x0F,0xE0,0x00,0x07,0xF0,0x00,0x03,0xF8,0x00,0x01,0xFC,0x00,0x00,0xFE,0x00,0x00,
  0x7F,0x00,0x00,0x00,0x00,0x0F,0xFE,0x00,0x00,0x3F,0xFF,0xE0,0x00,0x7F,0xFF,0xF8,0x00,0xFF,0xFF,0xFF,0x00,0xFF,0xFF,0xFF,
  0xC0,0xFF,0xFF,0xFF,0xF0,0x7F,0xE0,0x0F,0xF8,0x7F,0xC0,0x03,0xFE,0x3F,0xC0,0x00,0xFF,0x3F,0xC0,0x00,0x3F,0x1F,0xC0,0x00,
  0x0C,0x0F,0xE0,0x00,0x00,0x0F,0xF0,0x00,0x00,0x07,0xF8,0x00,0x00,0x03,0xF8,0x00,0x00,0x01,0xFC,0x00,0x00,0x00,0xFE,0x00,
  0x3F,0xFF,0xFF,0x00,0x1F,0xFF,0xFF,0x80,0x0F,0xFF,0xFF,0xC0,0x07,0xFF,0xFF,0xF0,0x03,0xFF,0xFF,0xF8,0x00,0x01,0xFD,0xFC,
  0x00,0x00,0x7E,0xFF,0x00,0x00,0x3F,0x7F,0x80,0x00,0x1F,0x9F,0xE0,0x00,0x1F,0xCF,0xF8,0x00,0x1F,0xE3,0xFF,0x00,0x3F,0xF1,
  0xFF,0xFF,0xFF,0xF8,0x7F,0xFF,0xFF,0xF8,0x1F,0xFF,0xFF,0xF0,0x03,0xFF,0xFF,0xF0,0x00,0x7F,0xFF,0xC0,0x00,0x07,0xFF,0x00,
  0x00,0xFE,0x00,0x03,0xFF,0xF0,0x00,0x1F,0xFF,0x80,0x00,0xFF,0xFC,0x00,0x07,0xFF,0xE0,0x00,0x3F,0xFF,0x00,0x01,0xFF,0xF8,
  0x00,0x0F,0xFF,0xC0,0x00,0x7F,0xFE,0x00,0x03,0xFF,0xF0,0x00,0x1F,0xFF,0x80,0x00,0xFF,0xFC,0x00,0x07,0xFF,0xE0,0x00,0x3F,
  0xFF,0x00,0x01,0xFF,0xFF,0xFF,0xFF,0xFF,0xFF,0xFF,0xFF,0xFF,0xFF,0xFF,0xFF,0xFF,0xFF,0xFF,0xFF,0xFF,0xFF,0xFF,0xFF,0xFF,
  0xFF,0xFF,0xE0,0x00,0x3F,0xFF,0x00,0x01,0xFF,0xF8,0x00,0x0F,0xFF,0xC0,0x00,0x7F,0xFE,0x00,0x03,0xFF,0xF0,0x00,0x1F,0xFF,
  0x80,0x00,0xFF,0xFC,0x00,0x07,0xFF,0xE0,0x00,0x3F,0xFF,0x00,0x01,0xFF,0xF8,0x00,0x0F,0xFF,0xC0,0x00,0x7F,0xFE,0x00,0x03,
  0xFF,0xF0,0x00,0x1F,0xC0,0xFF,0xFF,0xFF,0xFF,0xFF,0xFF,0xFF,0xFF,0xFF,0xFF,0xFF,0xFF,0xFF,0xFF,0xFF,0xFF,0xFF,0xFF,0xFF,
  0xFF,0xFF,0xFF,0xFF,0xFF,0xFF,0xFF,0xFF,0xFF,0xFF,0xFC,0x00,0x7F,0xFE,0x00,0xFF,0xFC,0x01,0xFF,0xF8,0x03,0xFF,0xF0,0x07,
  0xFF,0xE0,0x0F,0xFF,0xC0,0x00,0x3F,0x80,0x00,0x7F,0x00,0x00,0xFE,0x00,0x01,0xFC,0x00,0x03,0xF8,0x00,0x07,0xF0,0x00,0x0F,
  0xE0,0x00,0x1F,0xC0,0x00,0x3F,0x80,0x00,0x7F,0x00,0x00,0xFE,0x00,0x01,0xFC,0x00,0x03,0xF8,0x00,0x07,0xF0,0x00,0x0F,0xE0,
  0x00,0x1F,0xC0,0x00,0x3F,0x8F,0x00,0x7F,0xFE,0x00,0xFF,0xFC,0x03,0xFF,0xFC,0x07,0xFB,0xFC,0x1F,0xE7,0xFF,0xFF,0xC7,0xFF,
  0xFF,0x0F,0xFF,0xFC,0x0F,0xFF,0xF0,0x07,0xFF,0xC0,0x03,0xFE,0x00,0xFE,0x00,0x03,0xFC,0xFE,0x00,0x07,0xF8,0xFE,0x00,0x0F,
  0xF0,0xFE,0x00,0x1F,0xE0,0xFE,0x00,0x3F,0xC0,0xFE,0x00,0x7F,0x80,0xFE,0x00,0xFF,0x00,0xFE,0x01,0xFE,0x00,0xFE,0x03,0xFC,
  0x00,0xFE,0x07,0xF8,0x00,0xFE,0x0F,0xF0,0x00,0xFE,0x1F,0xE0,0x00,0xFE,0x3F,0xC0,0x00,0xFE,0x7F,0x80,0x00,0xFE,0xFF,0x80,
  0x00,0xFF,0xFF,0x80,0x00,0xFF,0xFF,0xC0,0x00,0xFF,0xFF,0xE0,0x00,0xFF,0xFF,0xF0,0x00,0xFF,0xCF,0xF0,0x00,0xFF,0x87,0xF8,
  0x00,0xFF,0x03,0xFC,0x00,0xFE,0x01,0xFE,0x00,0xFE,0x01,0xFF,0x00,0xFE,0x00,0xFF,0x00,0xFE,0x00,0x7F,0x80,0xFE,0x00,0x3F,
  0xC0,0xFE,0x00,0x3F,0xE0,0xFE,0x00,0x1F,0xF0,0xFE,0x00,0x0F,0xF0,0xFE,0x00,0x07,0xF8,0xFE,0x00,0x03,0xFC,0xFE,0x00,0x03,
  0xFE,0xFE,0x00,0x01,0xFF,0xFE,0x00,0x00,0x7F,0x00,0x00,0x3F,0x80,0x00,0x1F,0xC0,0x00,0x0F,0xE0,0x00,0x07,0xF0,0x00,0x03,
  0xF8,0x00,0x01,0xFC,0x00,0x00,0xFE,0x00,0x00,0x7F,0x00,0x00,0x3F,0x80,0x00,0x1F,0xC0,0x00,0x0F,0xE0,0x00,0x07,0xF0,0x00,
  0x03,0xF8,0x00,0x01,0xFC,0x00,0x00,0xFE,0x00,0x00,0x7F,0x00,0x00,0x3F,0x80,0x00,0x1F,0xC0,0x00,0x0F,0xE0,0x00,0x07,0xF0,
  0x00,0x03,0xF8,0x00,0x01,0xFC,0x00,0x00,0xFE,0x00,0x00,0x7F,0x00,0x00,0x3F,0x80,0x00,0x1F,0xC0,0x00,0x0F,0xFF,0xFF,0xFF,
  0xFF,0xFF,0xFF,0xFF,0xFF,0xFF,0xFF,0xFF,0xFF,0xFF,0xFF,0xFF,0xFF,0xFF,0xFF,0xC0,0xFF,0xC0,0x00,0x7F,0xFF,0xF8,0x00,0x0F,
  0xFF,0xFF,0x80,0x03,0xFF,0xFF,0xF0,0x00,0x7F,0xFF,0xFE,0x00,0x0F,0xFF,0xFF,0xE0,0x03,0xFF,0xFF,0xFC,0x00,0x7F,0xFF,0xFF,
  0x80,0x0F,0xFF,0xFF,0xF0,0x03,0xFF,0xFF,0xBF,0x00,0x7F,0xFF,0xFF,0xE0,0x0F,0xBF,0xFF,0x7C,0x03,0xF7,0xFF,0xEF,0xC0,0x7E,
  0xFF,0xFD,0xF8,0x0F,0xDF,0xFF,0x9F,0x01,0xF3,0xFF,0xF3,0xF0,0x7E,0x7F,0xFE,0x7E,0x0F,0xCF,0xFF,0xC7,0xC1,0xF1,0xFF,0xF8,
  0xFC,0x7E,0x3F,0xFF,0x1F,0x8F,0xC7,0xFF,0xE3,0xF1,0xF0,0xFF,0xFC,0x3F,0x7E,0x1F,0xFF,0x87,0xEF,0xC3,0xFF,0xF0,0xFD,0xF0,
  0x7F,0xFE,0x0F,0xFE,0x0F,0xFF,0xC1,0xFF,0xC1,0xFF,0xF8,0x3F,0xF0,0x3F,0xFF,0x03,0xFE,0x07,0xFF,0xE0,0x7F,0xC0,0xFF,0xFC,
  0x0F,0xF0,0x1F,0xFF,0x80,0xFE,0x03,0xFF,0xF0,0x1F,0xC0,0x7F,0xFE,0x03,0xF0,0x0F,0xFF,0xC0,0x3E,0x01,0xFC,0xFF,0x80,0x01,
  0xFF,0xFC,0x00,0x0F,0xFF,0xF0,0x00,0x7F,0xFF,0x80,0x03,0xFF,0xFE,0x00,0x1F,0xFF,0xF8,0x00,0xFF,0xFF,0xC0,0x07,0xFF,0xFF,
  0x00,0x3F,0xFF,0xF8,0x01,0xFF,0xEF,0xE0,0x0F,0xFF,0x3F,0x00,0x7F,0xFD,0xFC,0x03,0xFF,0xE7,0xE0,0x1F,0xFF,0x3F,0x80,0xFF,
  0xF8,0xFE,0x07,0xFF,0xC7,0xF0,0x3F,0xFE,0x1F,0xC1,0xFF,0xF0,0xFE,0x0F,0xFF,0x83,0xF8,0x7F,0xFC,0x0F,0xC3,0xFF,0xE0,0x7F,
  0x1F,0xFF,0x01,0xFC,0xFF,0xF8,0x0F,0xE7,0xFF,0xC0,0x3F,0xBF,0xFE,0x01,0xFD,0xFF,0xF0,0x07,0xFF,0xFF,0x80,0x1F,0xFF,0xFC,
  0x00,0xFF,0xFF,0xE0,0x03,0xFF,0xFF,0x00,0x1F,0xFF,0xF8,0x00,0x7F,0xFF,0xC0,0x03,0xFF,0xFE,0x00,0x0F,0xFF,0xF0,0x00,0x7F,
  0xC0,0x00,0x0F,0xFC,0x00,0x00,0x1F,0xFF,0xE0,0x00,0x1F,0xFF,0xFE,0x00,0x0F,0xFF,0xFF,0xC0,0x0F,0xFF,0xFF,0xFC,0x03,0xFF,
  0xFF,0xFF,0x81,0xFF,0x80,0x7F,0xE0,0xFF,0x80,0x07,0xFC,0x3F,0xC0,0x00,0xFF,0x1F,0xE0,0x00,0x1F,0xE7,0xF0,0x00,0x07,0xF9,
  0xFC,0x00,0x00,0xFE,0xFF,0x00,0x00,0x3F,0xFF,0xC0,0x00,0x0F,0xFF,0xE0,0x00,0x01,0xFF,0xF8,0x00,0x00,0x7F,0xFE,0x00,0x00,
  0x1F,0xFF,0x80,0x00,0x07,0xFF,0xE0,0x00,0x01,0xFF,0xF8,0x00,0x00,0x7F,0xFF,0x00,0x00,0x3F,0xFF,0xC0,0x00,0x0F,0xF7,0xF0,
  0x00,0x03,0xF9,0xFE,0x00,0x01,0xFE,0x7F,0x80,0x00,0x7F,0x8F,0xF0,0x00,0x3F,0xC3,0xFE,0x00,0x1F,0xF0,0x7F,0xE0,0x1F,0xF8,
  0x0F,0xFF,0xFF,0xFC,0x01,0xFF,0xFF,0xFE,0x00,0x3F,0xFF,0xFF,0x00,0x07,0xFF,0xFF,0x80,0x00,0x7F,0xFF,0x80,0x00,0x03,0xFF,
  0x00,0x00,0xFF,0xFF,0xF0,0x0F,0xFF,0xFF,0xE0,0xFF,0xFF,0xFF,0x0F,0xFF,0xFF,0xF8,0xFF,0xFF,0xFF,0xCF,0xFF,0xFF,0xFE,0xFE,
  0x00,0x1F,0xEF,0xE0,0x00,0xFF,0xFE,0x00,0x0F,0xFF,0xE0,0x00,0x7F,0xFE,0x00,0x07,0xFF,0xE0,0x00,0x7F,0xFE,0x00,0x07,0xFF,
  0xE0,0x00,0xFF,0xFE,0x00,0x0F,0xFF,0xE0,0x01,0xFE,0xFF,0xFF,0xFF,0xEF,0xFF,0xFF,0xFC,0xFF,0xFF,0xFF,0x8F,0xFF,0xFF,0xF0,
  0xFF,0xFF,0xFE,0x0F,0xFF,0xFF,0x00,0xFE,0x00,0x00,0x0F,0xE0,0x00,0x00,0xFE,0x00,0x00,0x0F,0xE0,0x00,0x00,0xFE,0x00,0x00,
  0x0F,0xE0,0x00,0x00,0xFE,0x00,0x00,0x0F,0xE0,0x00,0x00,0xFE,0x00,0x00,0x0F,0xE0,0x00,0x00,0xFE,0x00,0x00,0x0F,0xE0,0x00,
  0x00,0x00,0x0F,0xFC,0x00,0x00,0x1F,0xFF,0xE0,0x00,0x1F,0xFF,0xFE,0x00,0x0F,0xFF,0xFF,0xC0,0x0F,0xFF,0xFF,0xFC,0x03,0xFF,
  0xFF,0xFF,0x01,0xFF,0x80,0x7F,0xE0,0xFF,0x80,0x07,0xFC,0x3F,0xC0,0x00,0xFF,0x1F,0xE0,0x00,0x1F,0xE7,0xF8,0x00,0x07,0xF9,
  0xFC,0x00,0x00,0xFE,0xFF,0x00,0x00,0x3F,0xFF,0xC0,0x00,0x0F,0xFF,0xE0,0x00,0x01,0xFF,0xF8,0x00,0x00,0x7F,0xFE,0x00,0x00,
  0x1F,0xFF,0x80,0x00,0x07,0xFF,0xE0,0x00,0x01,0xFF,0xF8,0x00,0x00,0x7F,0xFF,0x00,0x00,0x3F,0xFF,0xC0,0x00,0x0F,0xF7,0xF0,
  0x00,0x03,0xF9,0xFE,0x00,0x00,0xFE,0x7F,0x80,0x00,0x7F,0x8F,0xF0,0x00,0x3F,0xC3,0xFE,0x00,0x1F,0xF0,0x7F,0xC0,0x0F,0xF8,
  0x1F,0xFE,0x1F,0xFE,0x03,0xFF,0xFF,0xFF,0x00,0x7F,0xFF,0xFF,0x80,0x07,0xFF,0xFF,0xC0,0x00,0xFF,0xFF,0xC0,0x00,0x07,0xFF,
  0xC0,0x00,0x00,0x3F,0xC0,0x00,0x00,0x07,0xF0,0x00,0x00,0x01,0xFE,0x00,0x00,0x00,0x3F,0xF0,0x00,0x00,0x0F,0xFF,0xE0,0x00,
  0x01,0xFF,0xF8,0x00,0x00,0x3F,0xFE,0x00,0x00,0x07,0xFF,0x80,0x00,0x00,0x7F,0xC0,0xFF,0xFF,0xFC,0x01,0xFF,0xFF,0xFF,0x03,
  0xFF,0xFF,0xFF,0x07,0xFF,0xFF,0xFF,0x0F,0xFF,0xFF,0xFF,0x1F,0xFF,0xFF,0xFF,0x3F,0x80,0x01,0xFE,0x7F,0x00,0x01,0xFC,0xFE,
  0x00,0x03,0xFD,0xFC,0x00,0x07,0xFB,0xF8,0x00,0x0F,0xF7,0xF0,0x00,0x1F,0xEF,0xE0,0x00,0x3F,0x9F,0xC0,0x00,0x7F,0x3F,0x80,
  0x03,0xFE,0x7F,0xFF,0xFF,0xF8,0xFF,0xFF,0xFF,0xF1,0xFF,0xFF,0xFF,0xC3,0xFF,0xFF,0xFE,0x07,0xFF,0xFF,0xF0,0x0F,0xFF,0xFF,
  0xE0,0x1F,0xC0,0x1F,0xE0,0x3F,0x80,0x3F,0xC0,0x7F,0x00,0x3F,0xC0,0xFE,0x00,0x3F,0x81,0xFC,0x00,0x7F,0x83,0xF8,0x00,0x7F,
  0x87,0xF0,0x00,0xFF,0x0F,0xE0,0x00,0xFF,0x1F,0xC0,0x00,0xFF,0x3F,0x80,0x01,0xFE,0x7F,0x00,0x01,0xFE,0xFE,0x00,0x03,0xFD,
  0xFC,0x00,0x03,0xFC,0x00,0x3F,0xF8,0x00,0x07,0xFF,0xFC,0x00,0x7F,0xFF,0xFC,0x03,0xFF,0xFF,0xF8,0x1F,0xFF,0xFF,0xF0,0x7F,
  0xC0,0x7F,0xC3,0xFC,0x00,0xFF,0x0F,0xE0,0x01,0xFE,0x3F,0x80,0x03,0xC0,0xFE,0x00,0x00,0x03,0xF8,0x00,0x00,0x0F,0xF0,0x00,
  0x00,0x3F,0xF0,0x00,0x00,0x7F,0xFC,0x00,0x00,0xFF,0xFF,0x00,0x03,0xFF,0xFF,0xC0,0x03,0xFF,0xFF,0xC0,0x03,0xFF,0xFF,0x80,
  0x01,0xFF,0xFF,0x00,0x00,0x7F,0xFE,0x00,0x00,0x1F,0xF8,0x00,0x00,0x1F,0xF0,0x00,0x00,0x3F,0xC0,0x00,0x00,0x7F,0x0E,0x00,
  0x01,0xFF,0xFC,0x00,0x07,0xF7,0xF8,0x00,0x3F,0xDF,0xF0,0x01,0xFE,0x3F,0xF8,0x3F,0xF8,0xFF,0xFF,0xFF,0xC1,0xFF,0xFF,0xFE,
  0x01,0xFF,0xFF,0xF0,0x03,0xFF,0xFF,0x00,0x00,0xFF,0xE0,0x00,0xFF,0xFF,0xFF,0xFF,0xFF,0xFF,0xFF,0xFF,0xFF,0xFF,0xFF,0xFF,
  0xFF,0xFF,0xFF,0xFF,0xFF,0xFF,0xBF,0xFF,0xFF,0xFC,0x00,0x7F,0x80,0x00,0x03,0xFC,0x00,0x00,0x1F,0xE0,0x00,0x00,0xFF,0x00,
  0x00,0x07,0xF8,0x00,0x00,0x3F,0xC0,0x00,0x01,0xFE,0x00,0x00,0x0F,0xF0,0x00,0x00,0x7F,0x80,0x00,0x03,0xFC,0x00,0x00,0x1F,
  0xE0,0x00,0x00,0xFF,0x00,0x00,0x07,0xF8,0x00,0x00,0x3F,0xC0,0x00,0x01,0xFE,0x00,0x00,0x0F,0xF0,0x00,0x00,0x7F,0x80,0x00,
  0x03,0xFC,0x00,0x00,0x1F,0xE0,0x00,0x00,0xFF,0x00,0x00,0x07,0xF8,0x00,0x00,0x3F,0xC0,0x00,0x01,0xFE,0x00,0x00,0x0F,0xF0,
  0x00,0x00,0x7F,0x80,0x00,0x03,0xFC,0x00,0x00,0x1F,0xE0,0x00,0x00,0xFF,0x00,0x00,0xFE,0x00,0x03,0xFF,0xF0,0x00,0x1F,0xFF,
  0x80,0x00,0xFF,0xFC,0x00,0x07,0xFF,0xE0,0x00,0x3F,0xFF,0x00,0x01,0xFF,0xF8,0x00,0x0F,0xFF,0xC0,0x00,0x7F,0xFE,0x00,0x03,
  0xFF,0xF0,0x00,0x1F,0xFF,0x80,0x00,0xFF,0xFC,0x00,0x07,0xFF,0xE0,0x00,0x3F,0xFF,0x00,0x01,0xFF,0xF8,0x00,0x0F,0xFF,0xC0,
  0x00,0x7F,0xFE,0x00,0x03,0xFF,0xF0,0x00,0x1F,0xFF,0x80,0x00,0xFF,0xFC,0x00,0x07,0xFF,0xE0,0x00,0x3F,0xFF,0x00,0x01,0xFF,
  0xF8,0x00,0x0F,0xFF,0xC0,0x00,0x7F,0xFF,0x00,0x07,0xFB,0xF8,0x00,0x3F,0xDF,0xE0,0x03,0xFC,0xFF,0x80,0x3F,0xE3,0xFF,0xFF,
  0xFE,0x0F,0xFF,0xFF,0xE0,0x7F,0xFF,0xFE,0x00,0xFF,0xFF,0xE0,0x03,0xFF,0xFC,0x00,0x03,0xFF,0x00,0x00,0xFF,0x00,0x00,0x7F,
  0x7F,0x00,0x00,0xFF,0x7F,0x80,0x00,0xFF,0x3F,0x80,0x00,0xFE,0x3F,0x80,0x00,0xFE,0x3F,0xC0,0x01,0xFC,0x1F,0xC0,0x01,0xFC,
  0x1F,0xC0,0x01,0xFC,0x1F,0xC0,0x03,0xF8,0x0F,0xE0,0x03,0xF8,0x0F,0xE0,0x03,0xF8,0x0F,0xE0,0x07,0xF0,0x07,0xF0,0x07,0xF0,
  0x07,0xF0,0x07,0xE0,0x03,0xF0,0x0F,0xE0,0x03,0xF8,0x0F,0xE0,0x03,0xF8,0x0F,0xC0,0x01,0xF8,0x1F,0xC0,0x01,0xFC,0x1F,0xC0,
  0x01,0xFC,0x1F,0x80,0x00,0xFC,0x3F,0x80,0x00,0xFE,0x3F,0x80,0x00,0x7E,0x3F,0x00,0x00,0x7E,0x3F,0x00,0x00,0x7E,0x7E,0x00,
  0x00,0x3F,0x7E,0x00,0x00,0x3F,0x7E,0x00,0x00,0x3F,0xFC,0x00,0x00,0x1F,0xFC,0x00,0x00,0x1F,0xFC,0x00,0x00,0x1F,0xF8,0x00,
  0x00,0x0F,0xF8,0x00,0x00,0x0F,0xF8,0x00,0x00,0x07,0xF0,0x00,0xFE,0x00,0x1F,0xE0,0x01,0xFF,0xFC,0x00,0x7F,0xC0,0x07,0xF7,
  0xF0,0x01,0xFF,0x00,0x3F,0xDF,0xC0,0x0F,0xFC,0x00,0xFE,0x7F,0x00,0x3F,0xF0,0x03,0xF9,0xFC,0x00,0xFF,0xE0,0x0F,0xE3,0xF8,
  0x03,0xFF,0x80,0x3F,0x8F,0xE0,0x1F,0xFE,0x01,0xFC,0x3F,0x80,0x7F,0xF8,0x07,0xF0,0xFE,0x01,0xFF,0xE0,0x1F,0xC1,0xFC,0x07,
  0xEF,0xC0,0x7F,0x07,0xF0,0x1F,0x3F,0x01,0xF8,0x1F,0xC0,0xFC,0xFC,0x0F,0xE0,0x7F,0x03,0xF3,0xF0,0x3F,0x80,0xFC,0x0F,0xC7,
  0xE0,0xFE,0x03,0xF8,0x3E,0x1F,0x83,0xF0,0x0F,0xE1,0xF8,0x7E,0x1F,0xC0,0x3F,0x87,0xE1,0xF8,0x7F,0x00,0x7E,0x1F,0x87,0xF1,
  0xFC,0x01,0xFC,0x7E,0x0F,0xC7,0xE0,0x07,0xF1,0xF0,0x3F,0x1F,0x80,0x1F,0xCF,0xC0,0xFC,0xFE,0x00,0x3F,0x3F,0x03,0xF3,0xF8,
  0x00,0xFC,0xFC,0x07,0xEF,0xC0,0x03,0xFB,0xE0,0x1F,0xBF,0x00,0x0F,0xFF,0x80,0x7F,0xFC,0x00,0x1F,0xFE,0x01,0xFF,0xE0,0x00,
  0x7F,0xF8,0x03,0xFF,0x80,0x01,0xFF,0xC0,0x0F,0xFE,0x00,0x03,0xFF,0x00,0x3F,0xF8,0x00,0x0F,0xFC,0x00,0xFF,0xC0,0x00,0x3F,
  0xF0,0x03,0xFF,0x00,0x00,0xFF,0xC0,0x07,0xFC,0x00,0x01,0xFE,0x00,0x1F,0xF0,0x00,0x7F,0x00,0x03,0xFC,0xFF,0x00,0x07,0xF0,
  0xFF,0x00,0x1F,0xE0,0xFE,0x00,0x3F,0x81,0xFE,0x00,0xFE,0x01,0xFC,0x03,0xFC,0x01,0xFC,0x07,0xF0,0x03,0xFC,0x1F,0xE0,0x03,
  0xF8,0x7F,0x80,0x03,0xF8,0xFE,0x00,0x07,0xF3,0xFC,0x00,0x07,0xF7,0xF0,0x00,0x07,0xFF,0xC0,0x00,0x0F,0xFF,0x80,0x00,0x0F,
  0xFE,0x00,0x00,0x0F,0xF8,0x00,0x00,0x1F,0xF0,0x00,0x00,0x7F,0xF0,0x00,0x01,0xFF,0xF0,0x00,0x03,0xFF,0xE0,0x00,0x0F,0xFF,
  0xE0,0x00,0x1F,0xDF,0xC0,0x00,0x7F,0x1F,0xC0,0x01,0xFE,0x3F,0xC0,0x03,0xF8,0x3F,0x80,0x0F,0xE0,0x7F,0x80,0x3F,0xC0,0x7F,
  0x80,0x7F,0x00,0x7F,0x01,0xFC,0x00,0xFF,0x07,0xF8,0x00,0xFE,0x0F,0xE0,0x00,0xFE,0x3F,0xC0,0x01,0xFE,0xFF,0x00,0x01,0xFD,
  0xFC,0x00,0x03,0xFC,0xFF,0x00,0x01,0xFE,0xFE,0x00,0x03,0xF9,0xFE,0x00,0x0F,0xE1,0xFC,0x00,0x3F,0xC3,0xFC,0x00,0x7F,0x03,
  0xF8,0x01,0xFE,0x03,0xF8,0x03,0xF8,0x07,0xF8,0x0F,0xE0,0x07,0xF0,0x3F,0xC0,0x0F,0xF0,0x7F,0x00,0x0F,0xE1,0xFE,0x00,0x0F,
  0xE3,0xF8,0x00,0x1F,0xEF,0xE0,0x00,0x1F,0xFF,0xC0,0x00,0x3F,0xFF,0x00,0x00,0x3F,0xFE,0x00,0x00,0x3F,0xF8,0x00,0x00,0x7F,
  0xE0,0x00,0x00,0x7F,0xC0,0x00,0x00,0xFF,0x00,0x00,0x00,0xFE,0x00,0x00,0x01,0xFC,0x00,0x00,0x03,0xF8,0x00,0x00,0x07,0xF0,
  0x00,0x00,0x0F,0xE0,0x00,0x00,0x1F,0xC0,0x00,0x00,0x3F,0x80,0x00,0x00,0x7F,0x00,0x00,0x00,0xFE,0x00,0x00,0x01,0xFC,0x00,
  0x00,0x03,0xF8,0x00,0x00,0x07,0xF0,0x00,0x00,0x0F,0xE0,0x00,0x00,0x1F,0xC0,0x00,0x3F,0xFF,0xFF,0xE3,0xFF,0xFF,0xFE,0x3F,
  0xFF,0xFF,0xE3,0xFF,0xFF,0xFE,0x3F,0xFF,0xFF,0xE1,0xFF,0xFF,0xFC,0x00,0x00,0x3F,0x80,0x00,0x07,0xF8,0x00,0x00,0xFF,0x00,
  0x00,0x0F,0xE0,0x00,0x01,0xFC,0x00,0x00,0x3F,0xC0,0x00,0x07,0xF8,0x00,0x00,0xFF,0x00,0x00,0x0F,0xE0,0x00,0x01,0xFC,0x00,
  0x00,0x3F,0xC0,0x00,0x07,0xF8,0x00,0x00,0x7F,0x00,0x00,0x0F,0xE0,0x00,0x01,0xFE,0x00,0x00,0x3F,0xC0,0x00,0x07,0xF8,0x00,
  0x00,0x7F,0x00,0x00,0x0F,0xE0,0x00,0x01,0xFE,0x00,0x00,0x3F,0xC0,0x00,0x03,0xF8,0x00,0x00,0x7F,0xFF,0xFF,0xEF,0xFF,0xFF,
  0xFF,0xFF,0xFF,0xFF,0xFF,0xFF,0xFF,0xFF,0xFF,0xFF,0xFF,0xFF,0xFF,0xFF,0xFF,0xFF,0xFF,0xFF,0xFF,0xFF,0xFF,0xFF,0xFF,0x7E,
  0x03,0xF0,0x1F,0x80,0xFC,0x07,0xE0,0x3F,0x01,0xF8,0x0F,0xC0,0x7E,0x03,0xF0,0x1F,0x80,0xFC,0x07,0xE0,0x3F,0x01,0xF8,0x0F,
  0xC0,0x7E,0x03,0xF0,0x1F,0x80,0xFC,0x07,0xE0,0x3F,0x01,0xF8,0x0F,0xC0,0x7E,0x03,0xF0,0x1F,0x80,0xFC,0x07,0xE0,0x3F,0x01,
  0xF8,0x0F,0xC0,0x7E,0x03,0xF0,0x1F,0x80,0xFC,0x07,0xFF,0xBF,0xFF,0xFF,0xFF,0xFF,0xFF,0xFC,0xF8,0x0F,0xC0,0xFC,0x0F,0xC0,
  0xFC,0x0F,0xC0,0x7C,0x07,0xE0,0x7E,0x07,0xE0,0x7E,0x03,0xE0,0x3F,0x03,0xF0,0x3F,0x03,0xF0,0x3F,0x01,0xF8,0x1F,0x81,0xF8,
  0x1F,0x81,0xF8,0x0F,0x80,0xFC,0x0F,0xC0,0xFC,0x0F,0xC0,0x7C,0x07,0xE0,0x7E,0x07,0xE0,0x7E,0x07,0xE0,0x3F,0x03,0xF0,0x3F,
  0x03,0xF0,0xFF,0xFF,0xFF,0xFF,0xFF,0xFF,0xFF,0xFF,0x81,0xFC,0x0F,0xE0,0x7F,0x03,0xF8,0x1F,0xC0,0xFE,0x07,0xF0,0x3F,0x81,
  0xFC,0x0F,0xE0,0x7F,0x03,0xF8,0x1F,0xC0,0xFE,0x07,0xF0,0x3F,0x81,0xFC,0x0F,0xE0,0x7F,0x03,0xF8,0x1F,0xC0,0xFE,0x07,0xF0,
  0x3F,0x81,0xFC,0x0F,0xE0,0x7F,0x03,0xF8,0x1F,0xC0,0xFE,0x07,0xF0,0x3F,0x81,0xFC,0x0F,0xE0,0x7F,0x03,0xFF,0xFF,0xFF,0xFF,
  0xFF,0xFF,0xFF,0xFF,0xFC,0x00,0x7F,0x80,0x00,0x1F,0xF0,0x00,0x0F,0xFC,0x00,0x03,0xFF,0x80,0x01,0xFB,0xE0,0x00,0x7C,0xFC,
  0x00,0x3F,0x1F,0x00,0x0F,0xC7,0xE0,0x03,0xE1,0xF8,0x01,0xF8,0x3E,0x00,0x7C,0x0F,0xC0,0x3F,0x01,0xF0,0x0F,0x80,0x7E,0x07,
  0xE0,0x0F,0x81,0xF0,0x03,0xF0,0xFC,0x00,0x7C,0x3F,0x00,0x1F,0x8F,0x80,0x07,0xE7,0xE0,0x00,0xF9,0xF0,0x00,0x3F,0xFC,0x00,
  0x07,0xC0,0xFF,0xFF,0xFF,0xFB,0xFF,0xFF,0xFF,0xC0,0xFC,0x0F,0xE0,0x7F,0x03,0xF8,0x0F,0xC0,0x7C,0x03,0xE0,0x1F,0x00,0xFF,
  0x80,0x00,0x7F,0xFC,0x00,0x3F,0xFF,0xE0,0x0F,0xFF,0xFC,0x01,0xFF,0x7F,0xC0,0x7F,0x83,0xF8,0x0F,0xE0,0x3F,0x81,0xFC,0x07,
  0xF0,0x00,0x00,0xFE,0x00,0x00,0x1F,0xC0,0x0F,0xFF,0xF8,0x07,0xFF,0xFF,0x01,0xFF,0xFF,0xE0,0x7F,0xFF,0xFC,0x1F,0xE0,0x3F,
  0x83,0xF8,0x07,0xF0,0x7F,0x00,0xFE,0x1F,0xE0,0x1F,0xC3,0xFC,0x07,0xF8,0x7F,0x81,0xFF,0x07,0xF8,0x7F,0xE0,0xFF,0xFF,0xFE,
  0x1F,0xFF,0xDF,0xF9,0xFF,0xF1,0xFF,0x1F,0xFC,0x3F,0xE0,0xFE,0x01,0xF8,0xFE,0x00,0x00,0x7F,0x00,0x00,0x3F,0x80,0x00,0x1F,
  0xC0,0x00,0x0F,0xE0,0x00,0x07,0xF0,0x00,0x03,0xF8,0x00,0x01,0xFC,0x00,0x00,0xFE,0x00,0x00,0x7F,0x00,0x00,0x3F,0x83,0xF8,
  0x1F,0xC7,0xFF,0x0F,0xE7,0xFF,0xC7,0xF7,0xFF,0xF3,0xFF,0xFF,0xF9,0xFF,0x83,0xFE,0xFF,0x80,0xFF,0x7F,0x80,0x3F,0xBF,0xC0,
  0x1F,0xFF,0xC0,0x07,0xFF,0xE0,0x03,0xFF,0xF0,0x01,0xFF,0xF8,0x00,0xFF,0xFC,0x00,0x7F,0xFE,0x00,0x3F,0xFF,0x00,0x1F,0xFF,
  0x80,0x0F,0xFF,0xE0,0x0F,0xFF,0xF0,0x07,0xF7,0xFC,0x07,0xFB,0xFF,0x07,0xFD,0xFF,0xFF,0xFC,0xFE,0xFF,0xFC,0x7F,0x3F,0xFE,
  0x3F,0x8F,0xFC,0x1F,0xC1,0xF8,0x00,0x00,0xFF,0x00,0x03,0xFF,0xE0,0x0F,0xFF,0xF0,0x1F,0xFF,0xF8,0x3F,0xFF,0xFC,0x3F,0xC1,
  0xFE,0x7F,0x80,0xFE,0x7F,0x00,0xFE,0xFF,0x00,0x7E,0xFE,0x00,0x00,0xFE,0x00,0x00,0xFE,0x00,0x00,0xFE,0x00,0x00,0xFE,0x00,
  0x00,0xFE,0x00,0x00,0xFE,0x00,0x00,0xFE,0x00,0x00,0xFF,0x00,0x7F,0x7F,0x00,0x7F,0x7F,0x80,0xFE,0x3F,0xC1,0xFE,0x3F,0xFF,
  0xFC,0x1F,0xFF,0xF8,0x0F,0xFF,0xF0,0x03,0xFF,0xE0,0x00,0xFF,0x00,0x00,0x00,0x3F,0x80,0x00,0x1F,0xC0,0x00,0x0F,0xE0,0x00,
  0x07,0xF0,0x00,0x03,0xF8,0x00,0x01,0xFC,0x00,0x00,0xFE,0x00,0x00,0x7F,0x00,0x00,0x3F,0x80,0x00,0x1F,0xC0,0x7E,0x0F,0xE0,
  0xFF,0xC7,0xF1,0xFF,0xF3,0xF8,0xFF,0xFD,0xFC,0xFF,0xFF,0xFE,0xFF,0x83,0xFF,0x7F,0x80,0xFF,0xBF,0x80,0x3F,0xFF,0xC0,0x1F,
  0xFF,0xC0,0x0F,0xFF,0xE0,0x03,0xFF,0xF0,0x01,0xFF,0xF8,0x00,0xFF,0xFC,0x00,0x7F,0xFE,0x00,0x3F,0xFF,0x00,0x1F,0xFF,0x80,
  0x1F,0xFF,0xE0,0x0F,0xF7,0xF0,0x07,0xFB,0xFC,0x07,0xFD,0xFF,0x07,0xFE,0x7F,0xFF,0xFF,0x3F,0xFF,0xBF,0x8F,0xFF,0x9F,0xC3,
  0xFF,0x8F,0xE0,0x7F,0x07,0xF0,0x00,0xFF,0x00,0x07,0xFF,0xC0,0x0F,0xFF,0xF0,0x1F,0xFF,0xF8,0x3F,0xE7,0xF8,0x7F,0x81,0xFC,
  0x7F,0x00,0xFC,0x7F,0x00,0x7E,0xFE,0x00,0x7E,0xFE,0x00,0x7E,0xFF,0xFF,0xFE,0xFF,0xFF,0xFF,0xFF,0xFF,0xFF,0xFF,0xFF,0xFF,
  0xFE,0x00,0x00,0xFE,0x00,0x00,0xFE,0x00,0x00,0xFE,0x00,0x00,0x7F,0x00,0x7E,0x7F,0x00,0xFE,0x7F,0x81,0xFC,0x3F,0xFF,0xFC,
  0x1F,0xFF,0xF8,0x0F,0xFF,0xF0,0x07,0xFF,0xE0,0x00,0xFF,0x00,0x00,0xFE,0x07,0xFC,0x1F,0xF8,0x7F,0xF0,0xFF,0xE1,0xFC,0x03,
  0xF8,0x07,0xE0,0x0F,0xC0,0x1F,0x83,0xFF,0xFF,0xFF,0xFF,0xFF,0xFF,0xFF,0xFF,0xFF,0x87,0xE0,0x0F,0xC0,0x1F,0x80,0x3F,0x00,
  0x7E,0x00,0xFC,0x01,0xF8,0x03,0xF0,0x07,0xE0,0x0F,0xC0,0x1F,0x80,0x3F,0x00,0x7E,0x00,0xFC,0x01,0xF8,0x03,0xF0,0x07,0xE0,
  0x0F,0xC0,0x1F,0x80,0x3F,0x00,0x7E,0x00,0x01,0xF8,0x3F,0x83,0xFF,0x1F,0xC7,0xFF,0xCF,0xE7,0xFF,0xF7,0xF3,0xFF,0xFF,0xFB,
  0xFE,0x0F,0xFD,0xFE,0x03,0xFE,0xFE,0x00,0xFF,0xFF,0x00,0x7F,0xFF,0x00,0x3F,0xFF,0x80,0x0F,0xFF,0xC0,0x07,0xFF,0xE0,0x03,
  0xFF,0xF0,0x01,0xFF,0xF8,0x00,0xFF,0xFC,0x00,0x7F,0xFE,0x00,0x7F,0xFF,0x80,0x3F,0xDF,0xC0,0x1F,0xEF,0xF0,0x1F,0xF7,0xFC,
  0x1F,0xF9,0xFF,0xFF,0xFC,0xFF,0xFE,0xFE,0x3F,0xFE,0x7F,0x0F,0xFE,0x3F,0x81,0xFC,0x1F,0xC0,0x00,0x0F,0xC0,0x00,0x0F,0xE0,
  0x70,0x07,0xF3,0xF8,0x03,0xF9,0xFE,0x03,0xF8,0x7F,0xFF,0xFC,0x1F,0xFF,0xFC,0x07,0xFF,0xFC,0x01,0xFF,0xFC,0x00,0x1F,0xF0,
  0x00,0xFE,0x00,0x00,0xFE,0x00,0x00,0xFE,0x00,0x00,0xFE,0x00,0x00,0xFE,0x00,0x00,0xFE,0x00,0x00,0xFE,0x00,0x00,0xFE,0x00,
  0x00,0xFE,0x00,0x00,0xFE,0x00,0x00,0xFE,0x0F,0xE0,0xFE,0x3F,0xF8,0xFE,0x7F,0xFC,0xFE,0xFF,0xFC,0xFE,0xFF,0xFE,0xFF,0xE3,
  0xFE,0xFF,0x80,0xFF,0xFF,0x00,0xFF,0xFF,0x00,0x7F,0xFF,0x00,0x7F,0xFE,0x00,0x7F,0xFE,0x00,0x7F,0xFE,0x00,0x7F,0xFE,0x00,
  0x7F,0xFE,0x00,0x7F,0xFE,0x00,0x7F,0xFE,0x00,0x7F,0xFE,0x00,0x7F,0xFE,0x00,0x7F,0xFE,0x00,0x7F,0xFE,0x00,0x7F,0xFE,0x00,
  0x7F,0xFE,0x00,0x7F,0xFE,0x00,0x7F,0xFE,0x00,0x7F,0xFE,0x00,0x7F,0xFF,0xFF,0xFF,0xFF,0xE0,0x00,0x00,0x00,0x03,0xFF,0xFF,
  0xFF,0xFF,0xFF,0xFF,0xFF,0xFF,0xFF,0xFF,0xFF,0xFF,0xFF,0xFF,0xFF,0xFF,0xFF,0xFF,0xFF,0xFF,0xFF,0xFF,0xF0,0x0F,0xE1,0xFC,
  0x3F,0x87,0xF0,0xFE,0x00,0x00,0x00,0x00,0x00,0x00,0x00,0x3F,0x87,0xF0,0xFE,0x1F,0xC3,0xF8,0x7F,0x0F,0xE1,0xFC,0x3F,0x87,
  0xF0,0xFE,0x1F,0xC3,0xF8,0x7F,0x0F,0xE1,0xFC,0x3F,0x87,0xF0,0xFE,0x1F,0xC3,0xF8,0x7F,0x0F,0xE1,0xFC,0x3F,0x87,0xF0,0xFE,
  0x1F,0xC3,0xF8,0x7F,0x0F,0xFF,0xFF,0xFF,0xFF,0xEF,0xF9,0xFE,0x00,0xFE,0x00,0x00,0xFE,0x00,0x00,0xFE,0x00,0x00,0xFE,0x00,
  0x00,0xFE,0x00,0x00,0xFE,0x00,0x00,0xFE,0x00,0x00,0xFE,0x00,0x00,0xFE,0x00,0x00,0xFE,0x00,0x00,0xFE,0x00,0xFE,0xFE,0x01,
  0xFC,0xFE,0x03,0xF8,0xFE,0x07,0xF8,0xFE,0x0F,0xF0,0xFE,0x0F,0xE0,0xFE,0x1F,0xC0,0xFE,0x3F,0x80,0xFE,0x7F,0x00,0xFE,0xFE,
  0x00,0xFF,0xFE,0x00,0xFF,0xFE,0x00,0xFF,0xFF,0x00,0xFF,0xFF,0x80,0xFF,0xFF,0x80,0xFF,0x1F,0xC0,0xFE,0x1F,0xE0,0xFE,0x0F,
  0xE0,0xFE,0x0F,0xF0,0xFE,0x07,0xF0,0xFE,0x03,0xF8,0xFE,0x03,0xFC,0xFE,0x01,0xFC,0xFE,0x01,0xFE,0xFE,0x00,0xFE,0xFE,0x00,
  0x7F,0xFF,0xFF,0xFF,0xFF,0xFF,0xFF,0xFF,0xFF,0xFF,0xFF,0xFF,0xFF,0xFF,0xFF,0xFF,0xFF,0xFF,0xFF,0xFF,0xFF,0xFF,0xFF,0xFF,
  0xFF,0xFF,0xFF,0xFF,0xFF,0xFF,0xFF,0xFF,0xF0,0xFE,0x0F,0xC0,0x1F,0x83,0xF8,0xFF,0xC1,0xFF,0x8F,0xE7,0xFF,0x0F,0xFF,0x3F,
  0xBF,0xFE,0x7F,0xFC,0xFE,0xFF,0xFF,0xFF,0xFB,0xFF,0x1F,0xFE,0x1F,0xEF,0xF8,0x3F,0xF0,0x3F,0xBF,0xC0,0x7F,0x80,0xFE,0xFF,
  0x01,0xFE,0x03,0xFF,0xFC,0x07,0xF8,0x07,0xFF,0xE0,0x0F,0xE0,0x1F,0xFF,0x80,0x3F,0x00,0x7F,0xFE,0x00,0xFC,0x01,0xFF,0xF8,
  0x03,0xF0,0x07,0xFF,0xE0,0x0F,0xC0,0x1F,0xFF,0x80,0x3F,0x00,0x7F,0xFE,0x00,0xFC,0x01,0xFF,0xF8,0x03,0xF0,0x07,0xFF,0xE0,
  0x0F,0xC0,0x1F,0xFF,0x80,0x3F,0x00,0x7F,0xFE,0x00,0xFC,0x01,0xFF,0xF8,0x03,0xF0,0x07,0xFF,0xE0,0x0F,0xC0,0x1F,0xFF,0x80,
  0x3F,0x00,0x7F,0xFE,0x00,0xFC,0x01,0xFF,0xF8,0x03,0xF0,0x07,0xF0,0xFE,0x0F,0xE0,0xFE,0x3F,0xF8,0xFE,0x7F,0xFC,0xFE,0xFF,
  0xFC,0xFE,0xFF,0xFE,0xFF,0xE3,0xFE,0xFF,0x80,0xFF,0xFF,0x00,0xFF,0xFF,0x00,0x7F,0xFF,0x00,0x7F,0xFE,0x00,0x7F,0xFE,0x00,
  0x7F,0xFE,0x00,0x7F,0xFE,0x00,0x7F,0xFE,0x00,0x7F,0xFE,0x00,0x7F,0xFE,0x00,0x7F,0xFE,0x00,0x7F,0xFE,0x00,0x7F,0xFE,0x00,
  0x7F,0xFE,0x00,0x7F,0xFE,0x00,0x7F,0xFE,0x00,0x7F,0xFE,0x00,0x7F,0xFE,0x00,0x7F,0xFE,0x00,0x7F,0x00,0x7F,0x80,0x00,0xFF,
  0xFC,0x00,0xFF,0xFF,0xC0,0x7F,0xFF,0xF8,0x3F,0xFF,0xFF,0x0F,0xF0,0x3F,0xC7,0xF8,0x07,0xF9,0xFC,0x00,0xFE,0xFF,0x00,0x3F,
  0xFF,0x80,0x07,0xFF,0xE0,0x01,0xFF,0xF8,0x00,0x7F,0xFE,0x00,0x1F,0xFF,0x80,0x07,0xFF,0xE0,0x01,0xFF,0xF8,0x00,0x7F,0xFE,
  0x00,0x1F,0xFF,0xC0,0x0F,0xE7,0xF0,0x03,0xF9,0xFE,0x01,0xFE,0x3F,0xC0,0xFF,0x0F,0xFF,0xFF,0x81,0xFF,0xFF,0xE0,0x3F,0xFF,
  0xE0,0x03,0xFF,0xF0,0x00,0x1F,0xE0,0x00,0xFE,0x0F,0xE0,0x7F,0x1F,0xFC,0x3F,0x9F,0xFF,0x1F,0xDF,0xFF,0xCF,0xFF,0xFF,0xE7,
  0xFE,0x0F,0xFB,0xFE,0x03,0xFD,0xFE,0x00,0xFE,0xFF,0x00,0x7F,0xFF,0x80,0x1F,0xFF,0x80,0x0F,0xFF,0xC0,0x07,0xFF,0xE0,0x03,
  0xFF,0xF0,0x01,0xFF,0xF8,0x00,0xFF,0xFC,0x00,0x7F,0xFE,0x00,0x3F,0xFF,0x80,0x3F,0xFF,0xC0,0x1F,0xDF,0xF0,0x1F,0xEF,0xFC,
  0x1F,0xF7,0xFF,0xFF,0xF3,0xFB,0xFF,0xF1,0xFC,0xFF,0xF8,0xFE,0x3F,0xF0,0x7F,0x07,0xE0,0x3F,0x80,0x00,0x1F,0xC0,0x00,0x0F,
  0xE0,0x00,0x07,0xF0,0x00,0x03,0xF8,0x00,0x01,0xFC,0x00,0x00,0xFE,0x00,0x00,0x7F,0x00,0x00,0x3F,0x80,0x00,0x1F,0xC0,0x00,
  0x00,0x01,0xF8,0x3F,0x83,0xFF,0x1F,0xC7,0xFF,0xCF,0xE3,0xFF,0xF7,0xF3,0xFF,0xFF,0xFB,0xFE,0x0F,0xFD,0xFE,0x03,0xFE,0xFE,
  0x00,0xFF,0xFF,0x00,0x7F,0xFF,0x00,0x3F,0xFF,0x80,0x0F,0xFF,0xC0,0x07,0xFF,0xE0,0x03,0xFF,0xF0,0x01,0xFF,0xF8,0x00,0xFF,
  0xFC,0x00,0x7F,0xFE,0x00,0x7F,0xFF,0x80,0x3F,0xDF,0xC0,0x1F,0xEF,0xF0,0x1F,0xF7,0xFC,0x1F,0xF9,0xFF,0xFF,0xFC,0xFF,0xFE,
  0xFE,0x3F,0xFE,0x7F,0x0F,0xFE,0x3F,0x81,0xFC,0x1F,0xC0,0x00,0x0F,0xE0,0x00,0x07,0xF0,0x00,0x03,0xF8,0x00,0x01,0xFC,0x00,
  0x00,0xFE,0x00,0x00,0x7F,0x00,0x00,0x3F,0x80,0x00,0x1F,0xC0,0x00,0x0F,0xE0,0x00,0x07,0xF0,0xFE,0x1F,0xFC,0xFF,0xF9,0xFF,
  0xF7,0xFF,0xEF,0xFF,0xFF,0xFF,0xF0,0x7F,0xC0,0xFF,0x01,0xFE,0x03,0xF8,0x07,0xF0,0x0F,0xE0,0x1F,0xC0,0x3F,0x80,0x7F,0x00,
  0xFE,0x01,0xFC,0x03,0xF8,0x07,0xF0,0x0F,0xE0,0x1F,0xC0,0x3F,0x80,0x7F,0x00,0xFE,0x01,0xFC,0x00,0x01,0xFF,0x00,0x1F,0xFF,
  0xC0,0x7F,0xFF,0xC1,0xFF,0xFF,0xC7,0xFF,0xFF,0xCF,0xE0,0x3F,0x9F,0x80,0x3F,0x3F,0x00,0x7E,0x7F,0x00,0x00,0xFF,0x80,0x01,
  0xFF,0xF8,0x01,0xFF,0xFE,0x01,0xFF,0xFF,0x01,0xFF,0xFF,0x00,0x7F,0xFF,0x00,0x0F,0xFF,0x00,0x01,0xFE,0x00,0x00,0xFC,0xF0,
  0x01,0xFF,0xE0,0x03,0xFF,0xE0,0x0F,0xEF,0xFF,0xFF,0x9F,0xFF,0xFF,0x1F,0xFF,0xFC,0x0F,0xFF,0xE0,0x07,0xFF,0x00,0x07,0xC0,
  0x0F,0x80,0x3F,0x00,0x7E,0x00,0xFC,0x03,0xF8,0x3F,0xFF,0xFF,0xFF,0xFF,0xFF,0xFF,0xFF,0xFF,0xF0,0xFE,0x01,0xFC,0x03,0xF8,
  0x07,0xF0,0x0F,0xE0,0x1F,0xC0,0x3F,0x80,0x7F,0x00,0xFE,0x01,0xFC,0x03,0xF8,0x07,0xF0,0x0F,0xE0,0x1F,0xC0,0x3F,0x80,0x7F,
  0x00,0xFF,0xF1,0xFF,0xE1,0xFF,0xC1,0xFF,0x81,0xFE,0xFE,0x00,0x7F,0xFE,0x00,0x7F,0xFE,0x00,0x7F,0xFE,0x00,0x7F,0xFE,0x00,
  0x7F,0xFE,0x00,0x7F,0xFE,0x00,0x7F,0xFE,0x00,0x7F,0xFE,0x00,0x7F,0xFE,0x00,0x7F,0xFE,0x00,0x7F,0xFE,0x00,0x7F,0xFE,0x00,
  0x7F,0xFE,0x00,0x7F,0xFE,0x00,0x7F,0xFE,0x00,0x7F,0xFE,0x00,0xFF,0xFE,0x00,0xFF,0xFF,0x01,0xFF,0xFF,0x01,0xFF,0x7F,0x87,
  0xFF,0x7F,0xFF,0x7F,0x7F,0xFF,0x7F,0x3F,0xFE,0x7F,0x1F,0xFC,0x7F,0x07,0xF0,0x7F,0xFF,0x00,0x0F,0xEF,0xE0,0x03,0xFD,0xFC,
  0x00,0x7F,0x3F,0x80,0x0F,0xE3,0xF8,0x03,0xF8,0x7F,0x00,0x7F,0x0F,0xE0,0x0F,0xE0,0xFE,0x03,0xF8,0x1F,0xC0,0x7F,0x01,0xF8,
  0x0F,0xE0,0x3F,0x81,0xF8,0x07,0xF0,0x7F,0x00,0x7E,0x0F,0xE0,0x0F,0xE1,0xF8,0x01,0xFC,0x7F,0x00,0x1F,0x8F,0xC0,0x03,0xF1,
  0xF8,0x00,0x7F,0x7F,0x00,0x07,0xEF,0xC0,0x00,0xFD,0xF8,0x00,0x1F,0xFF,0x00,0x01,0xFF,0xC0,0x00,0x3F,0xF8,0x00,0x07,0xFE,
  0x00,0x00,0x7F,0xC0,0x00,0x0F,0xF8,0x00,0xFC,0x01,0xFE,0x00,0xFF,0xF8,0x07,0xF8,0x03,0xFF,0xE0,0x1F,0xE0,0x1F,0xDF,0x80,
  0xFF,0xC0,0x7E,0x7E,0x03,0xFF,0x01,0xF9,0xF8,0x0F,0xFC,0x07,0xE7,0xF0,0x3F,0xF0,0x3F,0x8F,0xC1,0xFB,0xE0,0xFC,0x3F,0x07,
  0xCF,0x83,0xF0,0xFC,0x1F,0x3E,0x0F,0xC3,0xF0,0x7C,0xF8,0x3F,0x07,0xE3,0xF3,0xF1,0xF8,0x1F,0x8F,0x87,0xC7,0xE0,0x7E,0x3E,
  0x1F,0x1F,0x80,0xF8,0xF8,0x7C,0x7C,0x03,0xF7,0xC0,0xFB,0xF0,0x0F,0xDF,0x03,0xEF,0xC0,0x3F,0x7C,0x0F,0xBF,0x00,0x7F,0xF0,
  0x3E,0xF8,0x01,0xFF,0x80,0x7F,0xE0,0x07,0xFE,0x01,0xFF,0x80,0x1F,0xF8,0x07,0xFE,0x00,0x3F,0xE0,0x1F,0xF0,0x00,0xFF,0x00,
  0x3F,0xC0,0x03,0xFC,0x00,0xFF,0x00,0x0F,0xF0,0x03,0xFC,0x00,0xFE,0x00,0x3F,0x9F,0xC0,0x1F,0xC3,0xF8,0x0F,0xF0,0xFE,0x03,
  0xF8,0x1F,0xC1,0xFC,0x03,0xF8,0xFE,0x00,0xFE,0x3F,0x80,0x1F,0xDF,0xC0,0x03,0xFF,0xE0,0x00,0x7F,0xF8,0x00,0x1F,0xFC,0x00,
  0x03,0xFE,0x00,0x00,0x7F,0x80,0x00,0x3F,0xE0,0x00,0x1F,0xFC,0x00,0x07,0xFF,0x80,0x03,0xFF,0xE0,0x01,0xFD,0xFC,0x00,0x7E,
  0x3F,0x80,0x3F,0x8F,0xE0,0x1F,0xC1,0xFC,0x0F,0xE0,0x3F,0x83,0xF8,0x0F,0xE1,0xFC,0x01,0xFC,0xFF,0x00,0x3F,0xBF,0x80,0x0F,
  0xF0,0xFE,0x00,0x1F,0xFF,0x80,0x0F,0xEF,0xE0,0x03,0xF9,0xFC,0x00,0xFE,0x7F,0x00,0x7F,0x1F,0xC0,0x1F,0xC3,0xF8,0x07,0xF0,
  0xFE,0x01,0xF8,0x1F,0x80,0xFE,0x07,0xF0,0x3F,0x81,0xFC,0x0F,0xC0,0x3F,0x07,0xF0,0x0F,0xE1,0xF8,0x01,0xF8,0x7E,0x00,0x7E,
  0x3F,0x80,0x1F,0xCF,0xC0,0x03,0xF3,0xF0,0x00,0xFC,0xFC,0x00,0x1F,0x7E,0x00,0x07,0xFF,0x80,0x01,0xFF,0xC0,0x00,0x3F,0xF0,
  0x00,0x0F,0xFC,0x00,0x01,0xFE,0x00,0x00,0x7F,0x80,0x00,0x1F,0xE0,0x00,0x07,0xF0,0x00,0x01,0xFC,0x00,0x00,0xFE,0x00,0x00,
  0x3F,0x80,0x00,0x3F,0xC0,0x01,0xFF,0xF0,0x00,0x7F,0xF8,0x00,0x1F,0xFC,0x00,0x07,0xFE,0x00,0x00,0xFE,0x00,0x00,0x7F,0xFF,
  0xF3,0xFF,0xFF,0x9F,0xFF,0xFC,0xFF,0xFF,0xE7,0xFF,0xFF,0x00,0x07,0xF0,0x00,0x7F,0x00,0x07,0xF8,0x00,0x7F,0x80,0x03,0xF8,
  0x00,0x3F,0x80,0x03,0xFC,0x00,0x3F,0xC0,0x01,0xFC,0x00,0x1F,0xC0,0x01,0xFE,0x00,0x1F,0xE0,0x00,0xFE,0x00,0x0F,0xE0,0x00,
  0xFF,0x00,0x0F,0xF0,0x00,0x7F,0xFF,0xFF,0xFF,0xFF,0xFF,0xFF,0xFF,0xFF,0xFF,0xFF,0xFF,0xFF,0xC0,0x00,0x7F,0x80,0x7F,0xC0,
  0x7F,0xE0,0x7F,0xF0,0x3F,0xF8,0x3F,0xC0,0x1F,0xC0,0x0F,0xE0,0x07,0xF0,0x03,0xF8,0x01,0xFC,0x00,0xFE,0x00,0x7F,0x00,0x3F,
  0x80,0x1F,0xC0,0x0F,0xE0,0x07,0xF0,0x03,0xF8,0x01,0xF8,0x01,0xFC,0x03,0xFE,0x07,0xFE,0x03,0xFE,0x01,0xFC,0x00,0xFF,0x80,
  0x7F,0xE0,0x07,0xF8,0x01,0xFC,0x00,0x7F,0x00,0x3F,0x80,0x1F,0xC0,0x0F,0xE0,0x07,0xF0,0x03,0xF8,0x01,0xFC,0x00,0xFE,0x00,
  0x7F,0x00,0x3F,0x80,0x1F,0xC0,0x0F,0xE0,0x07,0xF8,0x01,0xFF,0xC0,0xFF,0xE0,0x3F,0xF0,0x0F,0xF8,0x03,0xFC,0xFF,0xFF,0xFF,
  0xFF,0xFF,0xFF,0xFF,0xFF,0xFF,0xFF,0xFF,0xFF,0xFF,0xFF,0xFF,0xFF,0xFF,0xFF,0xFF,0xFF,0xFF,0xFF,0xFF,0xFF,0xFF,0xFF,0xFF,
  0xFF,0xFF,0xFF,0xFF,0xFF,0xFF,0xFF,0xFF,0xC0,0xFF,0x00,0x7F,0xE0,0x3F,0xF0,0x1F,0xFC,0x0F,0xFE,0x00,0x7F,0x80,0x1F,0xC0,
  0x0F,0xE0,0x07,0xF0,0x03,0xF8,0x01,0xFC,0x00,0xFE,0x00,0x7F,0x00,0x3F,0x80,0x1F,0xC0,0x0F,0xE0,0x07,0xF0,0x03,0xF8,0x00,
  0xFE,0x00,0x7F,0x00,0x3F,0xE0,0x0F,0xFC,0x03,0xFE,0x00,0x7F,0x00,0xFF,0x80,0xFF,0xC0,0xFF,0x00,0x7F,0x00,0x3F,0x00,0x3F,
  0x80,0x1F,0xC0,0x0F,0xE0,0x07,0xF0,0x03,0xF8,0x01,0xFC,0x00,0xFE,0x00,0x7F,0x00,0x3F,0x80,0x1F,0xC0,0x0F,0xE0,0x0F,0xF0,
  0x7F,0xF0,0x3F,0xF8,0x1F,0xF8,0x0F,0xF8,0x07,0xF8,0x00,0x1F,0xC0,0x00,0x3F,0xFC,0x00,0xFF,0xFF,0xC1,0xFF,0xFF,0xFF,0xFF,
  0xFF,0xFF,0xFF,0x03,0xFF,0xFE,0x00,0x3F,0xFC,0x00,0x03,0xF8,0x07,0xE0,0x1F,0xF0,0x3F,0xFC,0x7F,0xFC,0x78,0x3E,0xF0,0x1E,
  0xF0,0x1E,0xF0,0x0F,0xF0,0x1E,0xF0,0x1E,0x78,0x3E,0x7F,0xFC,0x3F,0xFC,0x1F,0xF0,0x07,0xE0,0x03,0xF0,0x00,0x00,0x3F,0x80,
  0x00,0x00,0xFC,0x00,0x00,0x07,0xE0,0x00,0x00,0x3F,0x00,0x00,0x00,0xF8,0x00,0x00,0x07,0xC0,0x00,0x00,0x00,0x00,0x00,0x00,
  0x00,0x00,0x00,0x00,0x00,0xFF,0xFF,0xFF,0xEF,0xFF,0xFF,0xFE,0xFF,0xFF,0xFF,0xEF,0xFF,0xFF,0xFE,0xFF,0xFF,0xFF,0xEF,0xFF,
  0xFF,0xFC,0xFE,0x00,0x00,0x0F,0xE0,0x00,0x00,0xFE,0x00,0x00,0x0F,0xE0,0x00,0x00,0xFE,0x00,0x00,0x0F,0xE0,0x00,0x00,0xFE,
  0x00,0x00,0x0F,0xE0,0x00,0x00,0xFF,0xFF,0xFF,0x8F,0xFF,0xFF,0xF8,0xFF,0xFF,0xFF,0x8F,0xFF,0xFF,0xF8,0xFF,0xFF,0xFF,0x8F,
  0xFF,0xFF,0xF8,0xFE,0x00,0x00,0x0F,0xE0,0x00,0x00,0xFE,0x00,0x00,0x0F,0xE0,0x00,0x00,0xFE,0x00,0x00,0x0F,0xE0,0x00,0x00,
  0xFE,0x00,0x00,0x0F,0xE0,0x00,0x00,0xFF,0xFF,0xFF,0xEF,0xFF,0xFF,0xFF,0xFF,0xFF,0xFF,0xFF,0xFF,0xFF,0xFF,0xFF,0xFF,0xFF,
  0xFF,0xFF,0xFF,0xFF,0x03,0xE0,0x7C,0x00,0x3E,0x07,0xC0,0x03,0xE0,0x7C,0x00,0x3E,0x07,0xC0,0x03,0xE0,0x7C,0x00,0x00,0x00,
  0x00,0x00,0x00,0x00,0x00,0x00,0x00,0x00,0xFF,0xFF,0xFF,0xEF,0xFF,0xFF,0xFE,0xFF,0xFF,0xFF,0xEF,0xFF,0xFF,0xFE,0xFF,0xFF,
  0xFF,0xEF,0xFF,0xFF,0xFC,0xFE,0x00,0x00,0x0F,0xE0,0x00,0x00,0xFE,0x00,0x00,0x0F,0xE0,0x00,0x00,0xFE,0x00,0x00,0x0F,0xE0,
  0x00,0x00,0xFE,0x00,0x00,0x0F,0xE0,0x00,0x00,0xFF,0xFF,0xFF,0x8F,0xFF,0xFF,0xF8,0xFF,0xFF,0xFF,0x8F,0xFF,0xFF,0xF8,0xFF,
  0xFF,0xFF,0x8F,0xFF,0xFF,0xF8,0xFE,0x00,0x00,0x0F,0xE0,0x00,0x00,0xFE,0x00,0x00,0x0F,0xE0,0x00,0x00,0xFE,0x00,0x00,0x0F,
  0xE0,0x00,0x00,0xFE,0x00,0x00,0x0F,0xE0,0x00,0x00,0xFF,0xFF,0xFF,0xEF,0xFF,0xFF,0xFF,0xFF,0xFF,0xFF,0xFF,0xFF,0xFF,0xFF,
  0xFF,0xFF,0xFF,0xFF,0xFF,0xFF,0xFF,0xFF,0xFF,0xFF,0xF8,0x00,0x7F,0xFF,0xFF,0xFC,0x00,0x3F,0xFF,0xFF,0xFE,0x00,0x1F,0xFF,
  0xFF,0xFF,0x00,0x0F,0xFF,0xFF,0xFF,0x80,0x03,0xFF,0xFF,0xFF,0xC0,0x00,0x00,0x7F,0x80,0x00,0x00,0x00,0x3F,0xC0,0x00,0x00,
  0x00,0x1F,0xE0,0x00,0x00,0x00,0x0F,0xF0,0x00,0x00,0x00,0x07,0xF8,0x00,0x00,0x00,0x03,0xFC,0x0F,0xFC,0x00,0x01,0xFE,0x7F,
  0xFF,0x80,0x00,0xFF,0xFF,0xFF,0xE0,0x00,0x7F,0xFF,0xFF,0xF8,0x00,0x3F,0xFF,0xFF,0xFE,0x00,0x1F,0xFF,0x83,0xFF,0x00,0x0F,
  0xF8,0x00,0x7F,0x80,0x07,0xF8,0x00,0x1F,0xE0,0x03,0xFC,0x00,0x07,0xF0,0x01,0xFE,0x00,0x03,0xF8,0x00,0xFF,0x00,0x01,0xFC,
  0x00,0x7F,0x80,0x00,0xFE,0x00,0x3F,0xC0,0x00,0x7F,0x00,0x1F,0xE0,0x00,0x3F,0x80,0x0F,0xF0,0x00,0x1F,0xC0,0x07,0xF8,0x10,
  0x1F,0xE0,0x03,0xFC,0x1C,0x0F,0xE0,0x01,0xFE,0x1F,0xFF,0xF0,0x00,0xFF,0x3F,0xFF,0xF8,0x00,0x7F,0x9F,0xFF,0xF8,0x00,0x3F,
  0xC7,0xFF,0xF8,0x00,0x1F,0xE0,0xFF,0xF8,0x00,0x0F,0xF0,0x1F,0xF0,0x00,0x00,0x07,0xF0,0x00,0x0F,0xF0,0x00,0x1F,0xC0,0x00,
  0x3F,0x80,0x00,0x3E,0x00,0x00,0x7C,0x00,0x00,0xF8,0x00,0x00,0x00,0x00,0x00,0x00,0x00,0x00,0x00,0x00,0xFF,0xFF,0xFF,0xFF,
  0xFF,0xFF,0xFF,0xFF,0xFF,0xFF,0xFF,0xFF,0xFF,0xFF,0xFF,0xFF,0xFF,0xFE,0xFE,0x00,0x00,0xFE,0x00,0x00,0xFE,0x00,0x00,0xFE,
  0x00,0x00,0xFE,0x00,0x00,0xFE,0x00,0x00,0xFE,0x00,0x00,0xFE,0x00,0x00,0xFE,0x00,0x00,0xFE,0x00,0x00,0xFE,0x00,0x00,0xFE,
  0x00,0x00,0xFE,0x00,0x00,0xFE,0x00,0x00,0xFE,0x00,0x00,0xFE,0x00,0x00,0xFE,0x00,0x00,0xFE,0x00,0x00,0xFE,0x00,0x00,0xFE,
  0x00,0x00,0xFE,0x00,0x00,0xFE,0x00,0x00,0xFE,0x00,0x00,0xFE,0x00,0x00,0xFE,0x00,0x00,0xFE,0x00,0x00,0xFE,0x00,0x00,0xFE,
  0x00,0x00,0x00,0x1F,0xFC,0x00,0x01,0xFF,0xFE,0x00,0x0F,0xFF,0xFF,0x00,0x3F,0xFF,0xFF,0x80,0xFF,0xFF,0xFF,0x03,0xFF,0xFF,
  0xFF,0x0F,0xFC,0x01,0xFF,0x1F,0xE0,0x00,0xFE,0x7F,0x80,0x00,0xFE,0xFF,0x00,0x01,0xFD,0xFC,0x00,0x01,0x87,0xF8,0x00,0x00,
  0x0F,0xF0,0x00,0x00,0x1F,0xC0,0x00,0x00,0x3F,0xFF,0xFC,0x00,0x7F,0xFF,0xF8,0x00,0xFF,0xFF,0xF0,0x01,0xFF,0xFF,0xE0,0x03,
  0xFF,0xFF,0xC0,0x07,0xFF,0xFF,0x80,0x0F,0xE0,0x00,0x00,0x1F,0xE0,0x00,0x00,0x1F,0xC0,0x00,0x18,0x3F,0x80,0x00,0x3E,0x7F,
  0x80,0x00,0xFE,0x7F,0x80,0x03,0xFC,0xFF,0x80,0x0F,0xF8,0xFF,0x80,0x3F,0xE1,0xFF,0xFF,0xFF,0x81,0xFF,0xFF,0xFE,0x01,0xFF,
  0xFF,0xF8,0x00,0xFF,0xFF,0xE0,0x00,0x7F,0xFF,0x00,0x00,0x1F,0xF8,0x00,0x00,0x3F,0xF8,0x00,0x07,0xFF,0xFC,0x00,0x7F,0xFF,
  0xFC,0x03,0xFF,0xFF,0xF8,0x1F,0xFF,0xFF,0xF0,0x7F,0xC0,0x7F,0xC3,0xFC,0x00,0xFF,0x0F,0xE0,0x01,0xFE,0x3F,0x80,0x03,0xC0,
  0xFE,0x00,0x00,0x03,0xF8,0x00,0x00,0x0F,0xF0,0x00,0x00,0x3F,0xF0,0x00,0x00,0x7F,0xFC,0x00,0x00,0xFF,0xFF,0x00,0x03,0xFF,
  0xFF,0xC0,0x03,0xFF,0xFF,0xC0,0x03,0xFF,0xFF,0x80,0x01,0xFF,0xFF,0x00,0x00,0x7F,0xFE,0x00,0x00,0x1F,0xF8,0x00,0x00,0x1F,
  0xF0,0x00,0x00,0x3F,0xC0,0x00,0x00,0x7F,0x0E,0x00,0x01,0xFF,0xFC,0x00,0x07,0xF7,0xF8,0x00,0x3F,0xDF,0xF0,0x01,0xFE,0x3F,
  0xF8,0x3F,0xF8,0xFF,0xFF,0xFF,0xC1,0xFF,0xFF,0xFE,0x01,0xFF,0xFF,0xF0,0x03,0xFF,0xFF,0x00,0x00,0xFF,0xE0,0x00,0xFF,0xFF,
  0xFF,0xFF,0xFF,0xFF,0xFF,0xFF,0xFF,0xFF,0xFF,0xFF,0xFF,0xFF,0xFF,0xFF,0xFF,0xFF,0xFF,0xFF,0xFF,0xFF,0xFF,0xFF,0xFF,0xFF,
  0xFF,0xFF,0xFF,0xFC,0xF8,0x1F,0xF8,0x1F,0xF8,0x1F,0xF8,0x1F,0xF8,0x1F,0x00,0x00,0x00,0x00,0x00,0x00,0x0F,0xE0,0x0F,0xE0,
  0x0F,0xE0,0x0F,0xE0,0x0F,0xE0,0x0F,0xE0,0x0F,0xE0,0x0F,0xE0,0x0F,0xE0,0x0F,0xE0,0x0F,0xE0,0x0F,0xE0,0x0F,0xE0,0x0F,0xE0,
  0x0F,0xE0,0x0F,0xE0,0x0F,0xE0,0x0F,0xE0,0x0F,0xE0,0x0F,0xE0,0x0F,0xE0,0x0F,0xE0,0x0F,0xE0,0x0F,0xE0,0x0F,0xE0,0x0F,0xE0,
  0x0F,0xE0,0x0F,0xE0,0x0F,0xE0,0x0F,0xE0,0x0F,0xE0,0x0F,0xE0,0x0F,0xE0,0x0F,0xE0,0x00,0x7F,0xFE,0x00,0xFF,0xFC,0x01,0xFF,
  0xF8,0x03,0xFF,0xF0,0x07,0xFF,0xE0,0x0F,0xFF,0xC0,0x00,0x3F,0x80,0x00,0x7F,0x00,0x00,0xFE,0x00,0x01,0xFC,0x00,0x03,0xF8,
  0x00,0x07,0xF0,0x00,0x0F,0xE0,0x00,0x1F,0xC0,0x00,0x3F,0x80,0x00,0x7F,0x00,0x00,0xFE,0x00,0x01,0xFC,0x00,0x03,0xF8,0x00,
  0x07,0xF0,0x00,0x0F,0xE0,0x00,0x1F,0xC0,0x00,0x3F,0x8F,0x00,0x7F,0xFE,0x00,0xFF,0xFC,0x03,0xFF,0xFC,0x07,0xFB,0xFC,0x1F,
  0xE7,0xFF,0xFF,0xC7,0xFF,0xFF,0x0F,0xFF,0xFC,0x0F,0xFF,0xF0,0x07,0xFF,0xC0,0x03,0xFE,0x00,0x00,0xFF,0xFF,0xFC,0x00,0x00,
  0x00,0x0F,0xFF,0xFF,0xC0,0x00,0x00,0x00,0xFF,0xFF,0xFC,0x00,0x00,0x00,0x0F,0xFF,0xFF,0xC0,0x00,0x00,0x00,0xFF,0xFF,0xFC,
  0x00,0x00,0x00,0x1F,0xFF,0xFF,0xC0,0x00,0x00,0x01,0xFE,0x01,0xFC,0x00,0x00,0x00,0x1F,0xC0,0x1F,0xC0,0x00,0x00,0x01,0xFC,
  0x01,0xFC,0x00,0x00,0x00,0x1F,0xC0,0x1F,0xC0,0x00,0x00,0x01,0xFC,0x01,0xFC,0x00,0x00,0x00,0x1F,0xC0,0x1F,0xC0,0x00,0x00,
  0x03,0xFC,0x01,0xFC,0x00,0x00,0x00,0x3F,0xC0,0x1F,0xC0,0x00,0x00,0x03,0xF8,0x01,0xFF,0xFF,0xF8,0x00,0x3F,0x80,0x1F,0xFF,
  0xFF,0xE0,0x03,0xF8,0x01,0xFF,0xFF,0xFF,0x80,0x3F,0x80,0x1F,0xFF,0xFF,0xFC,0x07,0xF8,0x01,0xFF,0xFF,0xFF,0xE0,0x7F,0x80,
  0x1F,0xFF,0xFF,0xFE,0x07,0xF0,0x01,0xFC,0x00,0x1F,0xE0,0x7F,0x00,0x1F,0xC0,0x00,0xFF,0x07,0xF0,0x01,0xFC,0x00,0x0F,0xF0,
  0xFF,0x00,0x1F,0xC0,0x00,0x7F,0x0F,0xF0,0x01,0xFC,0x00,0x07,0xF0,0xFE,0x00,0x1F,0xC0,0x00,0xFF,0x1F,0xE0,0x01,0xFC,0x00,
  0x0F,0xF3,0xFE,0x00,0x1F,0xC0,0x01,0xFE,0xFF,0xC0,0x01,0xFF,0xFF,0xFF,0xEF,0xFC,0x00,0x1F,0xFF,0xFF,0xFC,0xFF,0x80,0x01,
  0xFF,0xFF,0xFF,0x8F,0xF8,0x00,0x1F,0xFF,0xFF,0xF0,0xFF,0x00,0x01,0xFF,0xFF,0xFE,0x0F,0xC0,0x00,0x1F,0xFF,0xFF,0x00,0xFE,
  0x00,0x0F,0xF0,0x00,0x01,0xFC,0x00,0x1F,0xE0,0x00,0x03,0xF8,0x00,0x3F,0xC0,0x00,0x07,0xF0,0x00,0x7F,0x80,0x00,0x0F,0xE0,
  0x00,0xFF,0x00,0x00,0x1F,0xC0,0x01,0xFE,0x00,0x00,0x3F,0x80,0x03,0xFC,0x00,0x00,0x7F,0x00,0x07,0xF8,0x00,0x00,0xFE,0x00,
  0x0F,0xF0,0x00,0x01,0xFC,0x00,0x1F,0xE0,0x00,0x03,0xF8,0x00,0x3F,0xC0,0x00,0x07,0xF0,0x00,0x7F,0x80,0x00,0x0F,0xE0,0x00,
  0xFF,0x00,0x00,0x1F,0xC0,0x01,0xFE,0x00,0x00,0x3F,0xFF,0xFF,0xFF,0xFF,0xC0,0x7F,0xFF,0xFF,0xFF,0xFF,0xF0,0xFF,0xFF,0xFF,
  0xFF,0xFF,0xF1,0xFF,0xFF,0xFF,0xFF,0xFF,0xF3,0xFF,0xFF,0xFF,0xFF,0xFF,0xF7,0xFF,0xFF,0xFF,0x80,0x3F,0xEF,0xE0,0x00,0xFF,
  0x00,0x1F,0xFF,0xC0,0x01,0xFE,0x00,0x1F,0xFF,0x80,0x03,0xFC,0x00,0x3F,0xFF,0x00,0x07,0xF8,0x00,0x7F,0xFE,0x00,0x0F,0xF0,
  0x00,0xFF,0xFC,0x00,0x1F,0xE0,0x01,0xFF,0xF8,0x00,0x3F,0xC0,0x07,0xFF,0xF0,0x00,0x7F,0x80,0x1F,0xFF,0xE0,0x00,0xFF,0xFF,
  0xFF,0xDF,0xC0,0x01,0xFF,0xFF,0xFF,0xBF,0x80,0x03,0xFF,0xFF,0xFE,0x7F,0x00,0x07,0xFF,0xFF,0xF8,0xFE,0x00,0x0F,0xFF,0xFF,
  0xC1,0xFC,0x00,0x1F,0xFF,0xFC,0x00,0xFF,0xFF,0xFF,0xF8,0x00,0xFF,0xFF,0xFF,0xF8,0x00,0xFF,0xFF,0xFF,0xF8,0x00,0xFF,0xFF,
  0xFF,0xF8,0x00,0xFF,0xFF,0xFF,0xF8,0x00,0x7F,0xFF,0xFF,0xF8,0x00,0x00,0x1F,0xE0,0x00,0x00,0x00,0x1F,0xE0,0x00,0x00,0x00,
  0x1F,0xE0,0x00,0x00,0x00,0x1F,0xE0,0x00,0x00,0x00,0x1F,0xE0,0x00,0x00,0x00,0x1F,0xE1,0xFF,0x80,0x00,0x1F,0xEF,0xFF,0xE0,
  0x00,0x1F,0xFF,0xFF,0xF8,0x00,0x1F,0xFF,0xFF,0xFC,0x00,0x1F,0xFF,0xFF,0xFC,0x00,0x1F,0xFE,0x0F,0xFE,0x00,0x1F,0xE0,0x01,
  0xFE,0x00,0x1F,0xE0,0x00,0xFE,0x00,0x1F,0xE0,0x00,0xFF,0x00,0x1F,0xE0,0x00,0x7F,0x00,0x1F,0xE0,0x00,0x7F,0x00,0x1F,0xE0,
  0x00,0x7F,0x00,0x1F,0xE0,0x00,0x7F,0x00,0x1F,0xE0,0x00,0x7F,0x00,0x1F,0xE0,0x00,0x7F,0x00,0x1F,0xE0,0x00,0x7F,0x00,0x1F,
  0xE0,0x00,0x7F,0x00,0x1F,0xE0,0x00,0x7F,0x00,0x1F,0xE0,0x00,0x7F,0x00,0x1F,0xE0,0x00,0x7F,0x00,0x1F,0xE0,0x00,0x7F,0x00,
  0x1F,0xE0,0x00,0x7F,0x00,0x1F,0xE0,0x00,0x7F,0x00,0x01,0xFC,0x00,0x00,0x7F,0x00,0x00,0x1F,0xC0,0x00,0x07,0xE0,0x00,0x01,
  0xF8,0x00,0x00,0x7E,0x00,0x00,0x1F,0x00,0x00,0x00,0x00,0x00,0x00,0x00,0x00,0x00,0x00,0x00,0x03,0xF8,0x00,0xFF,0x7F,0x00,
  0x1F,0xCF,0xE0,0x07,0xF1,0xFC,0x01,0xFE,0x3F,0x80,0x3F,0x87,0xF0,0x0F,0xE0,0xFE,0x03,0xFC,0x1F,0xC0,0x7F,0x03,0xF8,0x1F,
  0xC0,0x7F,0x07,0xF8,0x0F,0xE0,0xFE,0x01,0xFC,0x3F,0x80,0x3F,0x8F,0xE0,0x07,0xF3,0xFC,0x00,0xFF,0xFF,0x00,0x1F,0xFF,0xE0,
  0x03,0xFF,0xFE,0x00,0x7F,0xFF,0xC0,0x0F,0xFF,0xFC,0x01,0xFC,0x3F,0x80,0x3F,0x83,0xF8,0x07,0xF0,0x7F,0x80,0xFE,0x07,0xF0,
  0x1F,0xC0,0xFF,0x03,0xF8,0x0F,0xE0,0x7F,0x01,0xFE,0x0F,0xE0,0x1F,0xE1,0xFC,0x01,0xFC,0x3F,0x80,0x3F,0xC7,0xF0,0x03,0xF8,
  0xFE,0x00,0x7F,0x9F,0xC0,0x07,0xFB,0xF8,0x00,0xFF,0x7F,0x00,0x0F,0xF0,0x03,0xF8,0x00,0x00,0x0F,0xE0,0x00,0x00,0x3F,0x80,
  0x00,0x00,0xFE,0x00,0x00,0x01,0xF8,0x00,0x00,0x07,0xE0,0x00,0x00,0x1F,0x00,0x00,0x00,0x00,0x00,0x00,0x00,0x00,0x00,0x00,
  0x00,0x00,0x3F,0x80,0x01,0xFF,0xFC,0x00,0x1F,0xFF,0xE0,0x00,0xFF,0xFF,0x00,0x0F,0xFF,0xF8,0x00,0xFF,0xFF,0xC0,0x07,0xFF,
  0xFE,0x00,0x7F,0xFF,0xF0,0x03,0xFF,0xFF,0x80,0x3F,0xFF,0xFC,0x01,0xFB,0xFF,0xE0,0x1F,0xDF,0xFF,0x01,0xFC,0xFF,0xF8,0x0F,
  0xC7,0xFF,0xC0,0xFE,0x3F,0xFE,0x07,0xE1,0xFF,0xF0,0x7F,0x0F,0xFF,0x83,0xF0,0x7F,0xFC,0x3F,0x83,0xFF,0xE3,0xF8,0x1F,0xFF,
  0x1F,0x80,0xFF,0xF9,0xFC,0x07,0xFF,0xCF,0xC0,0x3F,0xFE,0xFE,0x01,0xFF,0xE7,0xE0,0x0F,0xFF,0x7F,0x00,0x7F,0xFF,0xF0,0x03,
  0xFF,0xFF,0x80,0x1F,0xFF,0xF8,0x00,0xFF,0xFF,0x80,0x07,0xFF,0xFC,0x00,0x3F,0xFF,0xC0,0x01,0xFF,0xFE,0x00,0x0F,0xFF,0xE0,
  0x00,0x7F,0xFF,0x00,0x03,0xF0,0x07,0xE0,0x1F,0x80,0x0F,0xC0,0x3F,0x00,0x0F,0x80,0x7C,0x00,0x1F,0x81,0xF8,0x00,0x3F,0xCF,
  0xF0,0x00,0x3F,0xFF,0xC0,0x00,0x3F,0xFF,0x00,0x00,0x0F,0xF0,0x00,0x00,0x00,0x00,0x00,0x00,0x00,0x00,0x00,0x00,0x00,0x00,
  0x07,0xF8,0x00,0x0F,0xF7,0xF0,0x00,0x1F,0xCF,0xF0,0x00,0x7F,0x8F,0xE0,0x00,0xFE,0x1F,0xE0,0x01,0xFC,0x1F,0xC0,0x07,0xF0,
  0x1F,0xC0,0x0F,0xE0,0x3F,0xC0,0x3F,0x80,0x3F,0x80,0x7F,0x00,0x3F,0x81,0xFC,0x00,0x7F,0x03,0xF8,0x00,0x7F,0x0F,0xE0,0x00,
  0xFF,0x1F,0xC0,0x00,0xFE,0x7F,0x00,0x00,0xFE,0xFE,0x00,0x01,0xFF,0xF8,0x00,0x01,0xFF,0xF0,0x00,0x03,0xFF,0xC0,0x00,0x03,
  0xFF,0x80,0x00,0x03,0xFE,0x00,0x00,0x07,0xFC,0x00,0x00,0x07,0xF0,0x00,0x00,0x0F,0xE0,0x00,0x00,0x3F,0x80,0x00,0x00,0x7F,
  0x00,0x00,0x01,0xFC,0x00,0x00,0x07,0xF8,0x00,0x03,0x9F,0xE0,0x00,0x0F,0xFF,0xC0,0x00,0x1F,0xFF,0x00,0x00,0x3F,0xFE,0x00,
  0x00,0xFF,0xF8,0x00,0x01,0xFF,0xE0,0x00,0x00,0xFF,0x00,0x00,0x00,0xFE,0x00,0x03,0xFF,0xF0,0x00,0x1F,0xFF,0x80,0x00,0xFF,
  0xFC,0x00,0x07,0xFF,0xE0,0x00,0x3F,0xFF,0x00,0x01,0xFF,0xF8,0x00,0x0F,0xFF,0xC0,0x00,0x7F,0xFE,0x00,0x03,0xFF,0xF0,0x00,
  0x1F,0xFF,0x80,0x00,0xFF,0xFC,0x00,0x07,0xFF,0xE0,0x00,0x3F,0xFF,0x00,0x01,0xFF,0xF8,0x00,0x0F,0xFF,0xC0,0x00,0x7F,0xFE,
  0x00,0x03,0xFF,0xF0,0x00,0x1F,0xFF,0x80,0x00,0xFF,0xFC,0x00,0x07,0xFF,0xE0,0x00,0x3F,0xFF,0x00,0x01,0xFF,0xF8,0x00,0x0F,
  0xFF,0xC0,0x00,0x7F,0xFE,0x00,0x03,0xFF,0xF0,0x00,0x1F,0xFF,0x80,0x00,0xFF,0xFC,0x00,0x07,0xFF,0xFF,0xFF,0xFF,0xFF,0xFF,
  0xFF,0xFF,0xFF,0xFF,0xFF,0xFF,0xFF,0xFF,0xFF,0xFF,0xFF,0xFF,0xFF,0xFF,0xFF,0xFF,0xC0,0x03,0xF0,0x00,0x00,0x1F,0x80,0x00,
  0x00,0xFC,0x00,0x00,0x07,0xE0,0x00,0x00,0x3F,0x00,0x00,0x01,0xF8,0x00,0x00,0x0F,0xC0,0x00,0x00,0x7E,0x00,0x00,0x03,0xF0,
  0x00,0x00,0x1F,0x80,0x00,0x00,0x0F,0xF8,0x00,0x00,0x07,0xFC,0x00,0x00,0x03,0xFF,0x00,0x00,0x03,0xFF,0x80,0x00,0x01,0xFF,
  0xE0,0x00,0x01,0xFF,0xF0,0x00,0x00,0xFD,0xF8,0x00,0x00,0x7E,0xFE,0x00,0x00,0x7F,0x3F,0x00,0x00,0x3F,0x1F,0x80,0x00,0x1F,
  0x8F,0xE0,0x00,0x1F,0xC3,0xF0,0x00,0x0F,0xC1,0xF8,0x00,0x07,0xE0,0xFE,0x00,0x07,0xF0,0x3F,0x00,0x03,0xF0,0x1F,0x80,0x03,
  0xF8,0x0F,0xE0,0x01,0xFC,0x03,0xF0,0x00,0xFC,0x01,0xFC,0x00,0xFE,0x00,0xFE,0x00,0x7F,0xFF,0xFF,0x00,0x3F,0xFF,0xFF,0xC0,
  0x3F,0xFF,0xFF,0xE0,0x1F,0xFF,0xFF,0xF0,0x0F,0xFF,0xFF,0xFC,0x0F,0xE0,0x00,0xFE,0x07,0xF0,0x00,0x7F,0x07,0xF8,0x00,0x1F,
  0xC3,0xF8,0x00,0x0F,0xE1,0xFC,0x00,0x07,0xF9,0xFE,0x00,0x01,0xFC,0xFE,0x00,0x00,0xFE,0x7F,0x00,0x00,0x3F,0xFF,0x80,0x00,
  0x1F,0xC0,0xFF,0xFF,0xFF,0xC1,0xFF,0xFF,0xFF,0x83,0xFF,0xFF,0xFF,0x07,0xFF,0xFF,0xFE,0x0F,0xFF,0xFF,0xFC,0x1F,0xFF,0xFF,
  0xF0,0x3F,0x80,0x00,0x00,0x7F,0x00,0x00,0x00,0xFE,0x00,0x00,0x01,0xFC,0x00,0x00,0x03,0xF8,0x00,0x00,0x07,0xF0,0x00,0x00,
  0x0F,0xE0,0x00,0x00,0x1F,0xC0,0x00,0x00,0x3F,0xFF,0xFF,0x80,0x7F,0xFF,0xFF,0xE0,0xFF,0xFF,0xFF,0xE1,0xFF,0xFF,0xFF,0xE3,
  0xFF,0xFF,0xFF,0xE7,0xFF,0xFF,0xFF,0xEF,0xE0,0x00,0x7F,0xDF,0xC0,0x00,0x7F,0xBF,0x80,0x00,0x7F,0x7F,0x00,0x00,0xFF,0xFE,
  0x00,0x01,0xFD,0xFC,0x00,0x03,0xFB,0xF8,0x00,0x0F,0xF7,0xF0,0x00,0x3F,0xEF,0xFF,0xFF,0xFF,0x9F,0xFF,0xFF,0xFF,0x3F,0xFF,
  0xFF,0xFC,0x7F,0xFF,0xFF,0xF0,0xFF,0xFF,0xFF,0x81,0xFF,0xFF,0xFC,0x00,0xFF,0xFF,0xF8,0x03,0xFF,0xFF,0xFC,0x0F,0xFF,0xFF,
  0xF8,0x3F,0xFF,0xFF,0xF8,0xFF,0xFF,0xFF,0xE3,0xFC,0x00,0xFF,0xCF,0xE0,0x00,0xFF,0x3F,0x80,0x01,0xFC,0xFE,0x00,0x07,0xF3,
  0xF8,0x00,0x1F,0xCF,0xE0,0x00,0x7F,0x3F,0x80,0x01,0xFC,0xFE,0x00,0x0F,0xE3,0xF8,0x00,0xFF,0x8F,0xFF,0xFF,0xFC,0x3F,0xFF,
  0xFF,0xC0,0xFF,0xFF,0xFE,0x03,0xFF,0xFF,0xFF,0x0F,0xFF,0xFF,0xFF,0x3F,0xC0,0x07,0xFE,0xFE,0x00,0x07,0xFB,0xF8,0x00,0x0F,
  0xFF,0xE0,0x00,0x1F,0xFF,0x80,0x00,0x7F,0xFE,0x00,0x01,0xFF,0xF8,0x00,0x07,0xFF,0xE0,0x00,0x3F,0xFF,0x80,0x01,0xFF,0xFF,
  0x00,0x1F,0xFB,0xFF,0xFF,0xFF,0xEF,0xFF,0xFF,0xFF,0x3F,0xFF,0xFF,0xF8,0xFF,0xFF,0xFF,0x83,0xFF,0xFF,0xF0,0x00,0xFF,0xFF,
  0xFF,0xFF,0xFF,0xFF,0xFF,0xFF,0xFF,0xFF,0xFF,0xFF,0xFF,0xFF,0xFF,0xFF,0xFF,0xFE,0xFE,0x00,0x00,0xFE,0x00,0x00,0xFE,0x00,
  0x00,0xFE,0x00,0x00,0xFE,0x00,0x00,0xFE,0x00,0x00,0xFE,0x00,0x00,0xFE,0x00,0x00,0xFE,0x00,0x00,0xFE,0x00,0x00,0xFE,0x00,
  0x00,0xFE,0x00,0x00,0xFE,0x00,0x00,0xFE,0x00,0x00,0xFE,0x00,0x00,0xFE,0x00,0x00,0xFE,0x00,0x00,0xFE,0x00,0x00,0xFE,0x00,
  0x00,0xFE,0x00,0x00,0xFE,0x00,0x00,0xFE,0x00,0x00,0xFE,0x00,0x00,0xFE,0x00,0x00,0xFE,0x00,0x00,0xFE,0x00,0x00,0xFE,0x00,
  0x00,0xFE,0x00,0x00,0x00,0x1F,0xFF,0xFC,0x00,0x0F,0xFF,0xFF,0x00,0x03,0xFF,0xFF,0xC0,0x00,0xFF,0xFF,0xF0,0x00,0x3F,0xFF,
  0xFC,0x00,0x0F,0xFF,0xFF,0x00,0x03,0xF0,0x1F,0xC0,0x00,0xFC,0x07,0xF0,0x00,0x7F,0x01,0xFC,0x00,0x1F,0xC0,0x7F,0x00,0x07,
  0xF0,0x1F,0xC0,0x01,0xFC,0x07,0xF0,0x00,0x7F,0x01,0xFC,0x00,0x1F,0xC0,0x7F,0x00,0x07,0xE0,0x1F,0xC0,0x03,0xF8,0x07,0xF0,
  0x00,0xFE,0x01,0xFC,0x00,0x3F,0x80,0x7F,0x00,0x0F,0xE0,0x1F,0xC0,0x07,0xF0,0x07,0xF0,0x01,0xFC,0x01,0xFC,0x00,0x7F,0x00,
  0x7F,0x00,0x3F,0xC0,0x1F,0xC0,0x0F,0xE0,0x07,0xF0,0x03,0xF8,0x01,0xFC,0x01,0xFE,0x00,0x7F,0x00,0x7F,0x00,0x1F,0xC0,0x3F,
  0xC0,0x07,0xF0,0xFF,0xFF,0xFF,0xFF,0xFF,0xFF,0xFF,0xFF,0xFF,0xFF,0xFF,0xFF,0xFF,0xFF,0xFF,0xFF,0xFF,0xFF,0xFF,0xFF,0xFF,
  0xFF,0xFF,0xFF,0xFF,0xFF,0xC0,0x00,0x00,0xFF,0xF0,0x00,0x00,0x3F,0xFC,0x00,0x00,0x0F,0xFF,0x00,0x00,0x03,0xFF,0xC0,0x00,
  0x00,0xFF,0xF0,0x00,0x00,0x3F,0xFC,0x00,0x00,0x0F,0xFF,0x00,0x00,0x03,0xFF,0xC0,0x00,0x00,0xFF,0xF0,0x00,0x00,0x3F,0xFF,
  0xFF,0xFF,0xEF,0xFF,0xFF,0xFE,0xFF,0xFF,0xFF,0xEF,0xFF,0xFF,0xFE,0xFF,0xFF,0xFF,0xEF,0xFF,0xFF,0xFC,0xFE,0x00,0x00,0x0F,
  0xE0,0x00,0x00,0xFE,0x00,0x00,0x0F,0xE0,0x00,0x00,0xFE,0x00,0x00,0x0F,0xE0,0x00,0x00,0xFE,0x00,0x00,0x0F,0xE0,0x00,0x00,
  0xFF,0xFF,0xFF,0x8F,0xFF,0xFF,0xF8,0xFF,0xFF,0xFF,0x8F,0xFF,0xFF,0xF8,0xFF,0xFF,0xFF,0x8F,0xFF,0xFF,0xF8,0xFE,0x00,0x00,
  0x0F,0xE0,0x00,0x00,0xFE,0x00,0x00,0x0F,0xE0,0x00,0x00,0xFE,0x00,0x00,0x0F,0xE0,0x00,0x00,0xFE,0x00,0x00,0x0F,0xE0,0x00,
  0x00,0xFF,0xFF,0xFF,0xEF,0xFF,0xFF,0xFF,0xFF,0xFF,0xFF,0xFF,0xFF,0xFF,0xFF,0xFF,0xFF,0xFF,0xFF,0xFF,0xFF,0xFF,0x7F,0x00,
  0x1F,0xC0,0x0F,0xE3,0xF8,0x01,0xFC,0x01,0xFE,0x3F,0xC0,0x1F,0xC0,0x1F,0xC1,0xFC,0x01,0xFC,0x03,0xF8,0x0F,0xE0,0x1F,0xC0,
  0x7F,0x80,0xFF,0x01,0xFC,0x07,0xF0,0x07,0xF0,0x1F,0xC0,0xFE,0x00,0x3F,0x81,0xFC,0x0F,0xE0,0x03,0xF8,0x1F,0xC1,0xFC,0x00,
  0x1F,0xC1,0xFC,0x3F,0xC0,0x01,0xFE,0x1F,0xC3,0xF8,0x00,0x0F,0xF1,0xFC,0x7F,0x00,0x00,0x7F,0x1F,0xCF,0xF0,0x00,0x07,0xF9,
  0xFD,0xFE,0x00,0x00,0x3F,0xFF,0xFF,0xC0,0x00,0x03,0xFF,0xFF,0xFC,0x00,0x00,0x3F,0xFF,0xFF,0xE0,0x00,0x07,0xFF,0xFF,0xFE,
  0x00,0x00,0x7F,0xFF,0xFF,0xF0,0x00,0x0F,0xF1,0xFC,0x7F,0x00,0x01,0xFE,0x1F,0xC7,0xF8,0x00,0x1F,0xC1,0xFC,0x3F,0x80,0x03,
  0xFC,0x1F,0xC3,0xFC,0x00,0x3F,0x81,0xFC,0x1F,0xE0,0x07,0xF8,0x1F,0xC0,0xFE,0x00,0x7F,0x01,0xFC,0x0F,0xF0,0x0F,0xF0,0x1F,
  0xC0,0x7F,0x01,0xFE,0x01,0xFC,0x07,0xF8,0x1F,0xE0,0x1F,0xC0,0x3F,0x83,0xFC,0x01,0xFC,0x03,0xFC,0x3F,0x80,0x1F,0xC0,0x1F,
  0xE7,0xF8,0x01,0xFC,0x00,0xFE,0x7F,0x00,0x1F,0xC0,0x0F,0xFF,0xF0,0x01,0xFC,0x00,0x7F,0x00,0x3F,0xE0,0x00,0x3F,0xFF,0x80,
  0x0F,0xFF,0xFC,0x07,0xFF,0xFF,0xC0,0xFF,0xFF,0xF8,0x3F,0xE1,0xFF,0x8F,0xF0,0x0F,0xF1,0xFC,0x00,0xFF,0x7F,0x80,0x0F,0xEF,
  0xE0,0x01,0xFC,0x1C,0x00,0x3F,0x00,0x00,0x0F,0xE0,0x00,0x03,0xFC,0x00,0x01,0xFF,0x00,0x07,0xFF,0xC0,0x00,0xFF,0xF0,0x00,
  0x1F,0xF8,0x00,0x03,0xFF,0xC0,0x00,0x7F,0xFE,0x00,0x07,0xFF,0xE0,0x00,0x01,0xFE,0x00,0x00,0x1F,0xC1,0x80,0x03,0xF9,0xF0,
  0x00,0x7F,0xFF,0x00,0x0F,0xFF,0xE0,0x01,0xFD,0xFE,0x00,0x3F,0xBF,0xE0,0x0F,0xF3,0xFF,0xFF,0xFC,0x3F,0xFF,0xFF,0x83,0xFF,
  0xFF,0xE0,0x3F,0xFF,0xF8,0x01,0xFF,0xFC,0x00,0x0F,0xFC,0x00,0xFE,0x00,0x07,0xFF,0xF0,0x00,0x7F,0xFF,0x80,0x03,0xFF,0xFC,
  0x00,0x3F,0xFF,0xE0,0x03,0xFF,0xFF,0x00,0x1F,0xFF,0xF8,0x01,0xFF,0xFF,0xC0,0x0F,0xFF,0xFE,0x00,0xFF,0xFF,0xF0,0x07,0xEF,
  0xFF,0x80,0x7F,0x7F,0xFC,0x07,0xF3,0xFF,0xE0,0x3F,0x1F,0xFF,0x03,0xF8,0xFF,0xF8,0x1F,0x87,0xFF,0xC1,0xFC,0x3F,0xFE,0x0F,
  0xC1,0xFF,0xF0,0xFE,0x0F,0xFF,0x8F,0xE0,0x7F,0xFC,0x7E,0x03,0xFF,0xE7,0xF0,0x1F,0xFF,0x3F,0x00,0xFF,0xFB,0xF8,0x07,0xFF,
  0x9F,0x80,0x3F,0xFD,0xFC,0x01,0xFF,0xFF,0xC0,0x0F,0xFF,0xFE,0x00,0x7F,0xFF,0xE0,0x03,0xFF,0xFE,0x00,0x1F,0xFF,0xF0,0x00,
  0xFF,0xFF,0x00,0x07,0xFF,0xF8,0x00,0x3F,0xFF,0x80,0x01,0xFF,0xFC,0x00,0x0F,0xC0,0x07,0xC0,0x1F,0x80,0x3F,0x00,0xF8,0x01,
  0xF8,0x0F,0xC0,0x07,0xE0,0x7E,0x00,0x3F,0xDF,0xE0,0x00,0xFF,0xFF,0x00,0x03,0xFF,0xE0,0x00,0x07,0xFC,0x00,0x00,0x00,0x00,
  0x00,0x00,0x00,0x00,0x00,0x00,0x00,0x01,0xFC,0x00,0x0F,0xFF,0xE0,0x00,0xFF,0xFF,0x00,0x07,0xFF,0xF8,0x00,0x7F,0xFF,0xC0,
  0x07,0xFF,0xFE,0x00,0x3F,0xFF,0xF0,0x03,0xFF,0xFF,0x80,0x1F,0xFF,0xFC,0x01,0xFF,0xFF,0xE0,0x0F,0xDF,0xFF,0x00,0xFE,0xFF,
  0xF8,0x0F,0xE7,0xFF,0xC0,0x7E,0x3F,0xFE,0x07,0xF1,0xFF,0xF0,0x3F,0x0F,0xFF,0x83,0xF8,0x7F,0xFC,0x1F,0x83,0xFF,0xE1,0xFC,
  0x1F,0xFF,0x1F,0xC0,0xFF,0xF8,0xFC,0x07,0xFF,0xCF,0xE0,0x3F,0xFE,0x7E,0x01,0xFF,0xF7,0xF0,0x0F,0xFF,0x3F,0x00,0x7F,0xFB,
  0xF8,0x03,0xFF,0xFF,0x80,0x1F,0xFF,0xFC,0x00,0xFF,0xFF,0xC0,0x07,0xFF,0xFC,0x00,0x3F,0xFF,0xE0,0x01,0xFF,0xFE,0x00,0x0F,
  0xFF,0xF0,0x00,0x7F,0xFF,0x00,0x03,0xFF,0xF8,0x00,0x1F,0x80,0xFE,0x00,0x3F,0xDF,0xC0,0x07,0xF3,0xF8,0x01,0xFC,0x7F,0x00,
  0x7F,0x8F,0xE0,0x0F,0xE1,0xFC,0x03,0xF8,0x3F,0x80,0xFF,0x07,0xF0,0x1F,0xC0,0xFE,0x07,0xF0,0x1F,0xC1,0xFE,0x03,0xF8,0x3F,
  0x80,0x7F,0x0F,0xE0,0x0F,0xE3,0xF8,0x01,0xFC,0xFF,0x00,0x3F,0xFF,0xC0,0x07,0xFF,0xF8,0x00,0xFF,0xFF,0x80,0x1F,0xFF,0xF0,
  0x03,0xFF,0xFF,0x00,0x7F,0x0F,0xE0,0x0F,0xE0,0xFE,0x01,0xFC,0x1F,0xE0,0x3F,0x81,0xFC,0x07,0xF0,0x3F,0xC0,0xFE,0x03,0xF8,
  0x1F,0xC0,0x7F,0x83,0xF8,0x07,0xF8,0x7F,0x00,0x7F,0x0F,0xE0,0x0F,0xF1,0xFC,0x00,0xFE,0x3F,0x80,0x1F,0xE7,0xF0,0x01,0xFE,
  0xFE,0x00,0x3F,0xDF,0xC0,0x03,0xFC,0x00,0xFF,0xFF,0xFE,0x01,0xFF,0xFF,0xFC,0x03,0xFF,0xFF,0xF8,0x07,0xFF,0xFF,0xF0,0x0F,
  0xFF,0xFF,0xE0,0x3F,0xFF,0xFF,0xC0,0x7F,0x80,0x3F,0x80,0xFE,0x00,0x7F,0x01,0xFC,0x00,0xFE,0x03,0xF8,0x01,0xFC,0x07,0xF0,
  0x03,0xF8,0x0F,0xE0,0x07,0xF0,0x3F,0xC0,0x0F,0xE0,0x7F,0x80,0x1F,0xC0,0xFE,0x00,0x3F,0x81,0xFC,0x00,0x7F,0x03,0xF8,0x00,
  0xFE,0x07,0xF0,0x01,0xFC,0x1F,0xE0,0x03,0xF8,0x3F,0xC0,0x07,0xF0,0x7F,0x00,0x0F,0xE0,0xFE,0x00,0x1F,0xC1,0xFC,0x00,0x3F,
  0x87,0xF8,0x00,0x7F,0x0F,0xF0,0x00,0xFE,0x1F,0xC0,0x01,0xFC,0x7F,0x80,0x03,0xF9,0xFF,0x00,0x07,0xFF,0xFC,0x00,0x0F,0xFF,
  0xF8,0x00,0x1F,0xFF,0xE0,0x00,0x3F,0xFF,0xC0,0x00,0x7F,0xFF,0x00,0x00,0xFF,0xF8,0x00,0x01,0xFC,0xFF,0xC0,0x00,0x7F,0xFF,
  0xF8,0x00,0x0F,0xFF,0xFF,0x80,0x03,0xFF,0xFF,0xF0,0x00,0x7F,0xFF,0xFE,0x00,0x0F,0xFF,0xFF,0xE0,0x03,0xFF,0xFF,0xFC,0x00,
  0x7F,0xFF,0xFF,0x80,0x0F,0xFF,0xFF,0xF0,0x03,0xFF,0xFF,0xBF,0x00,0x7F,0xFF,0xFF,0xE0,0x0F,0xBF,0xFF,0x7C,0x03,0xF7,0xFF,
  0xEF,0xC0,0x7E,0xFF,0xFD,0xF8,0x0F,0xDF,0xFF,0x9F,0x01,0xF3,0xFF,0xF3,0xF0,0x7E,0x7F,0xFE,0x7E,0x0F,0xCF,0xFF,0xC7,0xC1,
  0xF1,0xFF,0xF8,0xFC,0x7E,0x3F,0xFF,0x1F,0x8F,0xC7,0xFF,0xE3,0xF1,0xF0,0xFF,0xFC,0x3F,0x7E,0x1F,0xFF,0x87,0xEF,0xC3,0xFF,
  0xF0,0xFD,0xF0,0x7F,0xFE,0x0F,0xFE,0x0F,0xFF,0xC1,0xFF,0xC1,0xFF,0xF8,0x3F,0xF0,0x3F,0xFF,0x03,0xFE,0x07,0xFF,0xE0,0x7F,
  0xC0,0xFF,0xFC,0x0F,0xF0,0x1F,0xFF,0x80,0xFE,0x03,0xFF,0xF0,0x1F,0xC0,0x7F,0xFE,0x03,0xF0,0x0F,0xFF,0xC0,0x3E,0x01,0xFC,
  0xFE,0x00,0x03,0xFF,0xF0,0x00,0x1F,0xFF,0x80,0x00,0xFF,0xFC,0x00,0x07,0xFF,0xE0,0x00,0x3F,0xFF,0x00,0x01,0xFF,0xF8,0x00,
  0x0F,0xFF,0xC0,0x00,0x7F,0xFE,0x00,0x03,0xFF,0xF0,0x00,0x1F,0xFF,0x80,0x00,0xFF,0xFC,0x00,0x07,0xFF,0xE0,0x00,0x3F,0xFF,
  0x00,0x01,0xFF,0xFF,0xFF,0xFF,0xFF,0xFF,0xFF,0xFF,0xFF,0xFF,0xFF,0xFF,0xFF,0xFF,0xFF,0xFF,0xFF,0xFF,0xFF,0xFF,0xFF,0xFF,
  0xFF,0xE0,0x00,0x3F,0xFF,0x00,0x01,0xFF,0xF8,0x00,0x0F,0xFF,0xC0,0x00,0x7F,0xFE,0x00,0x03,0xFF,0xF0,0x00,0x1F,0xFF,0x80,
  0x00,0xFF,0xFC,0x00,0x07,0xFF,0xE0,0x00,0x3F,0xFF,0x00,0x01,0xFF,0xF8,0x00,0x0F,0xFF,0xC0,0x00,0x7F,0xFE,0x00,0x03,0xFF,
  0xF0,0x00,0x1F,0xC0,0x00,0x0F,0xFC,0x00,0x00,0x1F,0xFF,0xE0,0x00,0x1F,0xFF,0xFE,0x00,0x0F,0xFF,0xFF,0xC0,0x0F,0xFF,0xFF,
  0xFC,0x03,0xFF,0xFF,0xFF,0x81,0xFF,0x80,0x7F,0xE0,0xFF,0x80,0x07,0xFC,0x3F,0xC0,0x00,0xFF,0x1F,0xE0,0x00,0x1F,0xE7,0xF0,
  0x00,0x07,0xF9,0xFC,0x00,0x00,0xFE,0xFF,0x00,0x00,0x3F,0xFF,0xC0,0x00,0x0F,0xFF,0xE0,0x00,0x01,0xFF,0xF8,0x00,0x00,0x7F,
  0xFE,0x00,0x00,0x1F,0xFF,0x80,0x00,0x07,0xFF,0xE0,0x00,0x01,0xFF,0xF8,0x00,0x00,0x7F,0xFF,0x00,0x00,0x3F,0xFF,0xC0,0x00,
  0x0F,0xF7,0xF0,0x00,0x03,0xF9,0xFE,0x00,0x01,0xFE,0x7F,0x80,0x00,0x7F,0x8F,0xF0,0x00,0x3F,0xC3,0xFE,0x00,0x1F,0xF0,0x7F,
  0xE0,0x1F,0xF8,0x0F,0xFF,0xFF,0xFC,0x01,0xFF,0xFF,0xFE,0x00,0x3F,0xFF,0xFF,0x00,0x07,0xFF,0xFF,0x80,0x00,0x7F,0xFF,0x80,
  0x00,0x03,0xFF,0x00,0x00,0xFF,0xFF,0xFF,0xFF,0xFF,0xFF,0xFF,0xFF,0xFF,0xFF,0xFF,0xFF,0xFF,0xFF,0xFF,0xFF,0xFF,0xFF,0xFF,
  0xFF,0xFF,0xFF,0xF8,0x00,0x0F,0xFF,0xC0,0x00,0x7F,0xFE,0x00,0x03,0xFF,0xF0,0x00,0x1F,0xFF,0x80,0x00,0xFF,0xFC,0x00,0x07,
  0xFF,0xE0,0x00,0x3F,0xFF,0x00,0x01,0xFF,0xF8,0x00,0x0F,0xFF,0xC0,0x00,0x7F,0xFE,0x00,0x03,0xFF,0xF0,0x00,0x1F,0xFF,0x80,
  0x00,0xFF,0xFC,0x00,0x07,0xFF,0xE0,0x00,0x3F,0xFF,0x00,0x01,0xFF,0xF8,0x00,0x0F,0xFF,0xC0,0x00,0x7F,0xFE,0x00,0x03,0xFF,
  0xF0,0x00,0x1F,0xFF,0x80,0x00,0xFF,0xFC,0x00,0x07,0xFF,0xE0,0x00,0x3F,0xFF,0x00,0x01,0xFF,0xF8,0x00,0x0F,0xFF,0xC0,0x00,
  0x7F,0xFE,0x00,0x03,0xFF,0xF0,0x00,0x1F,0xC0,0xFF,0xFF,0xF0,0x0F,0xFF,0xFF,0xE0,0xFF,0xFF,0xFF,0x0F,0xFF,0xFF,0xF8,0xFF,
  0xFF,0xFF,0xCF,0xFF,0xFF,0xFE,0xFE,0x00,0x1F,0xEF,0xE0,0x00,0xFF,0xFE,0x00,0x0F,0xFF,0xE0,0x00,0x7F,0xFE,0x00,0x07,0xFF,
  0xE0,0x00,0x7F,0xFE,0x00,0x07,0xFF,0xE0,0x00,0xFF,0xFE,0x00,0x0F,0xFF,0xE0,0x01,0xFE,0xFF,0xFF,0xFF,0xEF,0xFF,0xFF,0xFC,
  0xFF,0xFF,0xFF,0x8F,0xFF,0xFF,0xF0,0xFF,0xFF,0xFE,0x0F,0xFF,0xFF,0x00,0xFE,0x00,0x00,0x0F,0xE0,0x00,0x00,0xFE,0x00,0x00,
  0x0F,0xE0,0x00,0x00,0xFE,0x00,0x00,0x0F,0xE0,0x00,0x00,0xFE,0x00,0x00,0x0F,0xE0,0x00,0x00,0xFE,0x00,0x00,0x0F,0xE0,0x00,
  0x00,0xFE,0x00,0x00,0x0F,0xE0,0x00,0x00,0x00,0x1F,0xFC,0x00,0x00,0xFF,0xFF,0x80,0x01,0xFF,0xFF,0xE0,0x07,0xFF,0xFF,0xF0,
  0x0F,0xFF,0xFF,0xF8,0x1F,0xFF,0xFF,0xFC,0x1F,0xF0,0x07,0xFC,0x3F,0xE0,0x01,0xFE,0x7F,0xC0,0x00,0xFE,0x7F,0x80,0x00,0x7E,
  0x7F,0x00,0x00,0x70,0x7F,0x00,0x00,0x00,0xFF,0x00,0x00,0x00,0xFE,0x00,0x00,0x00,0xFE,0x00,0x00,0x00,0xFE,0x00,0x00,0x00,
  0xFE,0x00,0x00,0x00,0xFE,0x00,0x00,0x00,0xFE,0x00,0x00,0x00,0xFE,0x00,0x00,0x00,0xFF,0x00,0x00,0x00,0xFF,0x00,0x00,0x00,
  0x7F,0x00,0x00,0x20,0x7F,0x00,0x00,0x7C,0x7F,0x80,0x00,0x7F,0x3F,0xC0,0x00,0xFF,0x3F,0xE0,0x01,0xFE,0x1F,0xF8,0x07,0xFC,
  0x0F,0xFF,0xFF,0xFC,0x0F,0xFF,0xFF,0xF8,0x03,0xFF,0xFF,0xF0,0x01,0xFF,0xFF,0xC0,0x00,0x7F,0xFF,0x80,0x00,0x0F,0xFC,0x00,
  0xFF,0xFF,0xFF,0xFF,0xFF,0xFF,0xFF,0xFF,0xFF,0xFF,0xFF,0xFF,0xFF,0xFF,0xFF,0xFF,0xFF,0xFF,0xBF,0xFF,0xFF,0xFC,0x00,0x7F,
  0x80,0x00,0x03,0xFC,0x00,0x00,0x1F,0xE0,0x00,0x00,0xFF,0x00,0x00,0x07,0xF8,0x00,0x00,0x3F,0xC0,0x00,0x01,0xFE,0x00,0x00,
  0x0F,0xF0,0x00,0x00,0x7F,0x80,0x00,0x03,0xFC,0x00,0x00,0x1F,0xE0,0x00,0x00,0xFF,0x00,0x00,0x07,0xF8,0x00,0x00,0x3F,0xC0,
  0x00,0x01,0xFE,0x00,0x00,0x0F,0xF0,0x00,0x00,0x7F,0x80,0x00,0x03,0xFC,0x00,0x00,0x1F,0xE0,0x00,0x00,0xFF,0x00,0x00,0x07,
  0xF8,0x00,0x00,0x3F,0xC0,0x00,0x01,0xFE,0x00,0x00,0x0F,0xF0,0x00,0x00,0x7F,0x80,0x00,0x03,0xFC,0x00,0x00,0x1F,0xE0,0x00,
  0x00,0xFF,0x00,0x00,0xFF,0x00,0x01,0xFE,0xFE,0x00,0x03,0xF9,0xFE,0x00,0x07,0xF1,0xFC,0x00,0x1F,0xC1,0xFC,0x00,0x3F,0x83,
  0xFC,0x00,0xFE,0x03,0xF8,0x01,0xFC,0x07,0xF8,0x07,0xF0,0x07,0xF0,0x0F,0xE0,0x07,0xF0,0x3F,0x80,0x0F,0xF0,0x7F,0x00,0x0F,
  0xE0,0xFC,0x00,0x0F,0xE3,0xF8,0x00,0x1F,0xC7,0xE0,0x00,0x1F,0xDF,0xC0,0x00,0x3F,0xFF,0x80,0x00,0x3F,0xFE,0x00,0x00,0x3F,
  0xFC,0x00,0x00,0x7F,0xF0,0x00,0x00,0x7F,0xE0,0x00,0x00,0xFF,0x80,0x00,0x00,0xFF,0x00,0x00,0x01,0xFC,0x00,0x00,0x03,0xF8,
  0x00,0x00,0x0F,0xE0,0x00,0x00,0x3F,0xC0,0x00,0x00,0x7F,0x00,0x00,0x73,0xFE,0x00,0x01,0xFF,0xF8,0x00,0x03,0xFF,0xE0,0x00,
  0x07,0xFF,0xC0,0x00,0x1F,0xFF,0x00,0x00,0x3F,0xFC,0x00,0x00,0x1F,0xE0,0x00,0x00,0x00,0x00,0xFC,0x00,0x00,0x00,0x03,0xF0,
  0x00,0x00,0x00,0x0F,0xC0,0x00,0x00,0x00,0x3F,0x00,0x00,0x00,0x7F,0xFF,0xF8,0x00,0x0F,0xFF,0xFF,0xFC,0x00,0xFF,0xFF,0xFF,
  0xF8,0x07,0xFF,0xFF,0xFF,0xF8,0x3F,0xFF,0xFF,0xFF,0xF1,0xFF,0x83,0xF0,0xFF,0xC7,0xF8,0x0F,0xC0,0xFF,0xBF,0xC0,0x3F,0x01,
  0xFE,0xFF,0x00,0xFC,0x03,0xFF,0xF8,0x03,0xF0,0x07,0xFF,0xE0,0x0F,0xC0,0x1F,0xFF,0x80,0x3F,0x00,0x7F,0xFE,0x00,0xFC,0x01,
  0xFF,0xF8,0x03,0xF0,0x07,0xFF,0xE0,0x0F,0xC0,0x1F,0xFF,0x80,0x3F,0x00,0xFF,0xFF,0x00,0xFC,0x03,0xFD,0xFC,0x03,0xF0,0x1F,
  0xE7,0xF8,0x0F,0xC0,0xFF,0x8F,0xF8,0x3F,0x0F,0xFC,0x3F,0xFF,0xFF,0xFF,0xE0,0x7F,0xFF,0xFF,0xFF,0x00,0x7F,0xFF,0xFF,0xF8,
  0x00,0xFF,0xFF,0xFF,0xC0,0x00,0x7F,0xFF,0xF8,0x00,0x00,0x03,0xF0,0x00,0x00,0x00,0x0F,0xC0,0x00,0x00,0x00,0x3F,0x00,0x00,
  0x00,0x00,0xFC,0x00,0x00,0x00,0x03,0xF0,0x00,0x00,0x7F,0x00,0x03,0xFC,0xFF,0x00,0x07,0xF0,0xFF,0x00,0x1F,0xE0,0xFE,0x00,
  0x3F,0x81,0xFE,0x00,0xFE,0x01,0xFC,0x03,0xFC,0x01,0xFC,0x07,0xF0,0x03,0xFC,0x1F,0xE0,0x03,0xF8,0x7F,0x80,0x03,0xF8,0xFE,
  0x00,0x07,0xF3,0xFC,0x00,0x07,0xF7,0xF0,0x00,0x07,0xFF,0xC0,0x00,0x0F,0xFF,0x80,0x00,0x0F,0xFE,0x00,0x00,0x0F,0xF8,0x00,
  0x00,0x1F,0xF0,0x00,0x00,0x7F,0xF0,0x00,0x01,0xFF,0xF0,0x00,0x03,0xFF,0xE0,0x00,0x0F,0xFF,0xE0,0x00,0x1F,0xDF,0xC0,0x00,
  0x7F,0x1F,0xC0,0x01,0xFE,0x3F,0xC0,0x03,0xF8,0x3F,0x80,0x0F,0xE0,0x7F,0x80,0x3F,0xC0,0x7F,0x80,0x7F,0x00,0x7F,0x01,0xFC,
  0x00,0xFF,0x07,0xF8,0x00,0xFE,0x0F,0xE0,0x00,0xFE,0x3F,0xC0,0x01,0xFE,0xFF,0x00,0x01,0xFD,0xFC,0x00,0x03,0xFC,0xFE,0x00,
  0x07,0xF0,0x7F,0x00,0x03,0xF8,0x3F,0x80,0x01,0xFC,0x1F,0xC0,0x00,0xFE,0x0F,0xE0,0x00,0x7F,0x07,0xF0,0x00,0x3F,0x83,0xF8,
  0x00,0x1F,0xC1,0xFC,0x00,0x0F,0xE0,0xFE,0x00,0x07,0xF0,0x7F,0x00,0x03,0xF8,0x3F,0x80,0x01,0xFC,0x1F,0xC0,0x00,0xFE,0x0F,
  0xE0,0x00,0x7F,0x07,0xF0,0x00,0x3F,0x83,0xF8,0x00,0x1F,0xC1,0xFC,0x00,0x0F,0xE0,0xFE,0x00,0x07,0xF0,0x7F,0x00,0x03,0xF8,
  0x3F,0x80,0x01,0xFC,0x1F,0xC0,0x00,0xFE,0x0F,0xE0,0x00,0x7F,0x07,0xF0,0x00,0x3F,0x83,0xF8,0x00,0x1F,0xC1,0xFC,0x00,0x0F,
  0xE0,0xFE,0x00,0x07,0xF0,0x7F,0x00,0x03,0xF8,0x3F,0x80,0x01,0xFC,0x1F,0xC0,0x00,0xFE,0x0F,0xFF,0xFF,0xFF,0xF7,0xFF,0xFF,
  0xFF,0xFF,0xFF,0xFF,0xFF,0xFF,0xFF,0xFF,0xFF,0xFF,0xFF,0xFF,0xFF,0xFF,0xFF,0xFF,0xFF,0xFF,0xC0,0x00,0x00,0x0F,0xE0,0x00,
  0x00,0x07,0xF0,0x00,0x00,0x03,0xF8,0x00,0x00,0x01,0xFC,0x00,0x00,0x00,0xFE,0x00,0x00,0x00,0x7F,0x00,0x00,0x00,0x3F,0x80,
  0x00,0x00,0x1F,0xC0,0x00,0x00,0x0F,0xE0,0x00,0x00,0x07,0xF0,0xFC,0x00,0x07,0xFF,0xC0,0x00,0x7F,0xFC,0x00,0x07,0xFF,0xC0,
  0x00,0x7F,0xFC,0x00,0x07,0xFF,0xC0,0x00,0x7F,0xFC,0x00,0x07,0xFF,0xC0,0x00,0x7F,0xFC,0x00,0x07,0xFF,0xC0,0x00,0x7F,0xFC,
  0x00,0x07,0xFF,0xE0,0x00,0x7F,0xFE,0x00,0x07,0xFF,0xE0,0x00,0x7F,0xFE,0x00,0x07,0xFF,0xE0,0x00,0x7F,0xFF,0x00,0x07,0xF7,
  0xFE,0x0F,0xFF,0x7F,0xFF,0xFF,0xF3,0xFF,0xFF,0xFF,0x1F,0xFF,0xFF,0xF0,0xFF,0xFF,0x7F,0x03,0xFF,0x07,0xF0,0x00,0x00,0x7F,
  0x00,0x00,0x07,0xF0,0x00,0x00,0x7F,0x00,0x00,0x07,0xF0,0x00,0x00,0x7F,0x00,0x00,0x07,0xF0,0x00,0x00,0x7F,0x00,0x00,0x07,
  0xF0,0x00,0x00,0x7F,0x00,0x00,0x07,0xF0,0x00,0x00,0x7F,0xFE,0x00,0x3F,0x80,0x0F,0xFF,0xC0,0x07,0xF0,0x01,0xFF,0xF8,0x00,
  0xFE,0x00,0x3F,0xFF,0x00,0x1F,0xC0,0x07,0xFF,0xE0,0x03,0xF8,0x00,0xFF,0xFC,0x00,0x7F,0x00,0x1F,0xFF,0x80,0x0F,0xE0,0x03,
  0xFF,0xF0,0x01,0xFC,0x00,0x7F,0xFE,0x00,0x3F,0x80,0x0F,0xFF,0xC0,0x07,0xF0,0x01,0xFF,0xF8,0x00,0xFE,0x00,0x3F,0xFF,0x00,
  0x1F,0xC0,0x07,0xFF,0xE0,0x03,0xF8,0x00,0xFF,0xFC,0x00,0x7F,0x00,0x1F,0xFF,0x80,0x0F,0xE0,0x03,0xFF,0xF0,0x01,0xFC,0x00,
  0x7F,0xFE,0x00,0x3F,0x80,0x0F,0xFF,0xC0,0x07,0xF0,0x01,0xFF,0xF8,0x00,0xFE,0x00,0x3F,0xFF,0x00,0x1F,0xC0,0x07,0xFF,0xE0,
  0x03,0xF8,0x00,0xFF,0xFC,0x00,0x7F,0x00,0x1F,0xFF,0x80,0x0F,0xE0,0x03,0xFF,0xF0,0x01,0xFC,0x00,0x7F,0xFE,0x00,0x3F,0x80,
  0x0F,0xFF,0xC0,0x07,0xF0,0x01,0xFF,0xF8,0x00,0xFE,0x00,0x3F,0xFF,0x00,0x1F,0xC0,0x07,0xFF,0xFF,0xFF,0xFF,0xFF,0xFF,0xFF,
  0xFF,0xFF,0xFF,0xFF,0xFF,0xFF,0xFF,0xFF,0xFF,0xFF,0xFF,0xFF,0xFF,0xFF,0xFF,0xFF,0xFF,0xFF,0xFF,0xFF,0xFF,0xFF,0xFF,0xFF,
  0xFF,0xFC,0xFE,0x00,0x3F,0x80,0x1F,0xC1,0xFC,0x00,0x7F,0x00,0x3F,0x83,0xF8,0x00,0xFE,0x00,0x7F,0x07,0xF0,0x01,0xFC,0x00,
  0xFE,0x0F,0xE0,0x03,0xF8,0x01,0xFC,0x1F,0xC0,0x07,0xF0,0x03,0xF8,0x3F,0x80,0x0F,0xE0,0x07,0xF0,0x7F,0x00,0x1F,0xC0,0x0F,
  0xE0,0xFE,0x00,0x3F,0x80,0x1F,0xC1,0xFC,0x00,0x7F,0x00,0x3F,0x83,0xF8,0x00,0xFE,0x00,0x7F,0x07,0xF0,0x01,0xFC,0x00,0xFE,
  0x0F,0xE0,0x03,0xF8,0x01,0xFC,0x1F,0xC0,0x07,0xF0,0x03,0xF8,0x3F,0x80,0x0F,0xE0,0x07,0xF0,0x7F,0x00,0x1F,0xC0,0x0F,0xE0,
  0xFE,0x00,0x3F,0x80,0x1F,0xC1,0xFC,0x00,0x7F,0x00,0x3F,0x83,0xF8,0x00,0xFE,0x00,0x7F,0x07,0xF0,0x01,0xFC,0x00,0xFE,0x0F,
  0xE0,0x03,0xF8,0x01,0xFC,0x1F,0xC0,0x07,0xF0,0x03,0xF8,0x3F,0x80,0x0F,0xE0,0x07,0xF0,0x7F,0x00,0x1F,0xC0,0x0F,0xE0,0xFE,
  0x00,0x3F,0x80,0x1F,0xC1,0xFC,0x00,0x7F,0x00,0x3F,0x83,0xF8,0x00,0xFE,0x00,0x7F,0x07,0xF0,0x01,0xFC,0x00,0xFE,0x0F,0xFF,
  0xFF,0xFF,0xFF,0xFF,0xFF,0xFF,0xFF,0xFF,0xFF,0xFF,0xFF,0xFF,0xFF,0xFF,0xFF,0xFF,0xFF,0xFF,0xFF,0xFF,0xFF,0xFF,0xFF,0xFF,
  0xFF,0xFF,0xFF,0xFF,0xFF,0xFF,0xFF,0xFF,0xFF,0xFC,0x00,0x00,0x00,0x00,0x01,0xF8,0x00,0x00,0x00,0x00,0x03,0xF0,0x00,0x00,
  0x00,0x00,0x07,0xE0,0x00,0x00,0x00,0x00,0x0F,0xC0,0x00,0x00,0x00,0x00,0x1F,0x80,0x00,0x00,0x00,0x00,0x3F,0x00,0x00,0x00,
  0x00,0x00,0x7E,0x00,0x00,0x00,0x00,0x00,0xFC,0x00,0x00,0x00,0x00,0x01,0xF8,0x00,0x00,0x00,0x00,0x03,0xF0,0xFF,0xFF,0xE0,
  0x00,0x00,0x7F,0xFF,0xF0,0x00,0x00,0x3F,0xFF,0xF8,0x00,0x00,0x1F,0xFF,0xFC,0x00,0x00,0x0F,0xFF,0xFE,0x00,0x00,0x03,0xFF,
  0xFF,0x00,0x00,0x00,0x00,0x7F,0x80,0x00,0x00,0x00,0x3F,0xC0,0x00,0x00,0x00,0x1F,0xE0,0x00,0x00,0x00,0x0F,0xF0,0x00,0x00,
  0x00,0x07,0xF8,0x00,0x00,0x00,0x03,0xFC,0x00,0x00,0x00,0x01,0xFE,0x00,0x00,0x00,0x00,0xFF,0x00,0x00,0x00,0x00,0x7F,0xFF,
  0xFF,0x00,0x00,0x3F,0xFF,0xFF,0xE0,0x00,0x1F,0xFF,0xFF,0xFC,0x00,0x0F,0xFF,0xFF,0xFF,0x00,0x07,0xFF,0xFF,0xFF,0x80,0x03,
  0xFF,0xFF,0xFF,0xE0,0x01,0xFE,0x00,0x0F,0xF0,0x00,0xFF,0x00,0x03,0xFC,0x00,0x7F,0x80,0x01,0xFE,0x00,0x3F,0xC0,0x00,0x7F,
  0x00,0x1F,0xE0,0x00,0x3F,0x80,0x0F,0xF0,0x00,0x3F,0xC0,0x07,0xF8,0x00,0x1F,0xE0,0x03,0xFC,0x00,0x1F,0xE0,0x01,0xFF,0xFF,
  0xFF,0xF0,0x00,0xFF,0xFF,0xFF,0xF0,0x00,0x7F,0xFF,0xFF,0xF0,0x00,0x3F,0xFF,0xFF,0xF0,0x00,0x1F,0xFF,0xFF,0xF0,0x00,0x0F,
  0xFF,0xFF,0xC0,0x00,0xFE,0x00,0x00,0x00,0x1F,0xFF,0x80,0x00,0x00,0x07,0xFF,0xE0,0x00,0x00,0x01,0xFF,0xF8,0x00,0x00,0x00,
  0x7F,0xFE,0x00,0x00,0x00,0x1F,0xFF,0x80,0x00,0x00,0x07,0xFF,0xE0,0x00,0x00,0x01,0xFF,0xF8,0x00,0x00,0x00,0x7F,0xFE,0x00,
  0x00,0x00,0x1F,0xFF,0x80,0x00,0x00,0x07,0xFF,0xE0,0x00,0x00,0x01,0xFF,0xF8,0x00,0x00,0x00,0x7F,0xFE,0x00,0x00,0x00,0x1F,
  0xFF,0x80,0x00,0x00,0x07,0xFF,0xFF,0xFF,0xC0,0x01,0xFF,0xFF,0xFF,0xFE,0x00,0x7F,0xFF,0xFF,0xFF,0xC0,0x1F,0xFF,0xFF,0xFF,
  0xF8,0x07,0xFF,0xFF,0xFF,0xFF,0x01,0xFF,0xFF,0xFF,0xFF,0xE0,0x7F,0xFE,0x00,0x0F,0xF8,0x1F,0xFF,0x80,0x00,0xFE,0x07,0xFF,
  0xE0,0x00,0x3F,0x81,0xFF,0xF8,0x00,0x0F,0xF0,0x7F,0xFE,0x00,0x03,0xFC,0x1F,0xFF,0x80,0x00,0xFE,0x07,0xFF,0xE0,0x00,0x3F,
  0x81,0xFF,0xF8,0x00,0x3F,0xE0,0x7F,0xFF,0xFF,0xFF,0xF0,0x1F,0xFF,0xFF,0xFF,0xFC,0x07,0xFF,0xFF,0xFF,0xFE,0x01,0xFF,0xFF,
  0xFF,0xFF,0x00,0x7F,0xFF,0xFF,0xFF,0x00,0x1F,0xFF,0xFF,0xFF,0x00,0x07,0xF0,0xFE,0x00,0x00,0x01,0xFC,0x00,0x00,0x03,0xF8,
  0x00,0x00,0x07,0xF0,0x00,0x00,0x0F,0xE0,0x00,0x00,0x1F,0xC0,0x00,0x00,0x3F,0x80,0x00,0x00,0x7F,0x00,0x00,0x00,0xFE,0x00,
  0x00,0x01,0xFC,0x00,0x00,0x03,0xF8,0x00,0x00,0x07,0xF0,0x00,0x00,0x0F,0xE0,0x00,0x00,0x1F,0xC0,0x00,0x00,0x3F,0xFF,0xFF,
  0x80,0x7F,0xFF,0xFF,0xE0,0xFF,0xFF,0xFF,0xE1,0xFF,0xFF,0xFF,0xE3,0xFF,0xFF,0xFF,0xE7,0xFF,0xFF,0xFF,0xEF,0xE0,0x00,0x7F,
  0xDF,0xC0,0x00,0x7F,0xBF,0x80,0x00,0x7F,0x7F,0x00,0x00,0xFF,0xFE,0x00,0x01,0xFD,0xFC,0x00,0x03,0xFB,0xF8,0x00,0x0F,0xF7,
  0xF0,0x00,0x3F,0xEF,0xFF,0xFF,0xFF,0x9F,0xFF,0xFF,0xFF,0x3F,0xFF,0xFF,0xFC,0x7F,0xFF,0xFF,0xF0,0xFF,0xFF,0xFF,0x81,0xFF,
  0xFF,0xFC,0x00,0x00,0x3F,0xF8,0x00,0x01,0xFF,0xFF,0x00,0x03,0xFF,0xFF,0x80,0x0F,0xFF,0xFF,0xE0,0x1F,0xFF,0xFF,0xF0,0x1F,
  0xFF,0xFF,0xF8,0x3F,0xE0,0x0F,0xF8,0x7F,0x80,0x07,0xFC,0x7F,0x00,0x01,0xFC,0x7F,0x00,0x01,0xFE,0x06,0x00,0x00,0xFE,0x00,
  0x00,0x00,0xFE,0x00,0x00,0x00,0xFF,0x00,0x00,0x00,0xFF,0x00,0x1F,0xFF,0xFF,0x00,0x1F,0xFF,0xFF,0x00,0x1F,0xFF,0xFF,0x00,
  0x1F,0xFF,0xFF,0x00,0x1F,0xFF,0xFF,0x00,0x0F,0xFF,0xFF,0x00,0x00,0x00,0xFF,0x00,0x00,0x00,0xFE,0x06,0x00,0x00,0xFE,0x3E,
  0x00,0x00,0xFE,0xFF,0x00,0x01,0xFE,0x7F,0x00,0x03,0xFC,0x7F,0x80,0x07,0xFC,0x3F,0xE0,0x0F,0xF8,0x1F,0xFF,0xFF,0xF0,0x1F,
  0xFF,0xFF,0xF0,0x0F,0xFF,0xFF,0xC0,0x03,0xFF,0xFF,0x80,0x00,0xFF,0xFE,0x00,0x00,0x3F,0xF0,0x00,0xFE,0x00,0x00,0x7F,0xC0,
  0x03,0xF8,0x00,0x0F,0xFF,0xE0,0x0F,0xE0,0x00,0x7F,0xFF,0xE0,0x3F,0x80,0x07,0xFF,0xFF,0xC0,0xFE,0x00,0x3F,0xFF,0xFF,0x83,
  0xF8,0x01,0xFF,0xFF,0xFF,0x0F,0xE0,0x07,0xFC,0x03,0xFE,0x3F,0x80,0x3F,0xC0,0x07,0xF8,0xFE,0x00,0xFE,0x00,0x0F,0xF3,0xF8,
  0x07,0xF8,0x00,0x1F,0xCF,0xE0,0x1F,0xC0,0x00,0x7F,0xBF,0x80,0x7F,0x00,0x01,0xFE,0xFE,0x03,0xFC,0x00,0x03,0xFB,0xF8,0x0F,
  0xE0,0x00,0x0F,0xEF,0xFF,0xFF,0x80,0x00,0x3F,0xBF,0xFF,0xFE,0x00,0x00,0xFE,0xFF,0xFF,0xF8,0x00,0x03,0xFF,0xFF,0xFF,0xE0,
  0x00,0x0F,0xFF,0xFF,0xFF,0x80,0x00,0x3F,0xBF,0xFF,0xFE,0x00,0x00,0xFE,0xFE,0x03,0xF8,0x00,0x03,0xFB,0xF8,0x0F,0xF0,0x00,
  0x0F,0xEF,0xE0,0x3F,0xC0,0x00,0x7F,0xBF,0x80,0x7F,0x00,0x01,0xFE,0xFE,0x01,0xFE,0x00,0x07,0xF3,0xF8,0x07,0xF8,0x00,0x3F,
  0xCF,0xE0,0x0F,0xF0,0x01,0xFE,0x3F,0x80,0x3F,0xF0,0x0F,0xF8,0xFE,0x00,0x7F,0xFF,0xFF,0xC3,0xF8,0x00,0xFF,0xFF,0xFE,0x0F,
  0xE0,0x01,0xFF,0xFF,0xF0,0x3F,0x80,0x03,0xFF,0xFF,0x80,0xFE,0x00,0x03,0xFF,0xF8,0x03,0xF8,0x00,0x01,0xFF,0x00,0x00,0x00,
  0x7F,0xFF,0xFE,0x03,0xFF,0xFF,0xFC,0x1F,0xFF,0xFF,0xF8,0x7F,0xFF,0xFF,0xF1,0xFF,0xFF,0xFF,0xE3,0xFF,0xFF,0xFF,0xCF,0xF8,
  0x00,0x3F,0x9F,0xE0,0x00,0x7F,0x3F,0x80,0x00,0xFE,0x7F,0x00,0x01,0xFD,0xFE,0x00,0x03,0xF9,0xFC,0x00,0x07,0xF3,0xF8,0x00,
  0x0F,0xE7,0xF0,0x00,0x1F,0xCF,0xF0,0x00,0x3F,0x8F,0xF8,0x00,0x7F,0x1F,0xFF,0xFF,0xFE,0x1F,0xFF,0xFF,0xFC,0x1F,0xFF,0xFF,
  0xF8,0x0F,0xFF,0xFF,0xF0,0x07,0xFF,0xFF,0xE0,0x1F,0xFF,0xFF,0xC0,0x7F,0x80,0x3F,0x80,0xFE,0x00,0x7F,0x03,0xFC,0x00,0xFE,
  0x0F,0xF0,0x01,0xFC,0x1F,0xE0,0x03,0xF8,0x7F,0x80,0x07,0xF1,0xFE,0x00,0x0F,0xE3,0xFC,0x00,0x1F,0xCF,0xF0,0x00,0x3F,0xBF,
  0xC0,0x00,0x7F,0x7F,0x80,0x00,0xFF,0xFE,0x00,0x01,0xFC,0x00,0xFF,0x80,0x00,0x7F,0xFC,0x00,0x3F,0xFF,0xE0,0x0F,0xFF,0xFC,
  0x01,0xFF,0x7F,0xC0,0x7F,0x83,0xF8,0x0F,0xE0,0x3F,0x81,0xFC,0x07,0xF0,0x00,0x00,0xFE,0x00,0x00,0x1F,0xC0,0x0F,0xFF,0xF8,
  0x07,0xFF,0xFF,0x01,0xFF,0xFF,0xE0,0x7F,0xFF,0xFC,0x1F,0xE0,0x3F,0x83,0xF8,0x07,0xF0,0x7F,0x00,0xFE,0x1F,0xE0,0x1F,0xC3,
  0xFC,0x07,0xF8,0x7F,0x81,0xFF,0x07,0xF8,0x7F,0xE0,0xFF,0xFF,0xFE,0x1F,0xFF,0xDF,0xF9,0xFF,0xF1,0xFF,0x1F,0xFC,0x3F,0xE0,
  0xFE,0x01,0xF8,0x00,0x00,0x07,0x80,0x00,0xFF,0xE0,0x03,0xFF,0xF8,0x03,0xFF,0xFE,0x03,0xFF,0xFF,0x81,0xFF,0xFF,0xE0,0xFF,
  0xFC,0x00,0x7F,0xC0,0x00,0x1F,0x80,0x00,0x0F,0x80,0x00,0x03,0xC0,0x00,0x01,0xF0,0x7F,0x80,0x78,0x7F,0xFC,0x1E,0x7F,0xFF,
  0x87,0xBF,0xFF,0xF3,0xEF,0xFF,0xFE,0xF7,0xC0,0x7F,0xBF,0xE0,0x0F,0xEF,0xF0,0x03,0xFF,0xFC,0x00,0x7F,0xFF,0x00,0x1F,0xFF,
  0xC0,0x07,0xFF,0xE0,0x01,0xFF,0xF8,0x00,0x7F,0xFE,0x00,0x1F,0xDF,0xC0,0x07,0xF7,0xF0,0x01,0xFD,0xFC,0x00,0x7F,0x7F,0x00,
  0x3F,0xCF,0xE0,0x0F,0xE3,0xFC,0x07,0xF8,0x7F,0xFF,0xFC,0x0F,0xFF,0xFE,0x01,0xFF,0xFF,0x00,0x3F,0xFF,0x80,0x01,0xFF,0x00,
  0xFF,0xFF,0xE0,0x7F,0xFF,0xFE,0x3F,0xFF,0xFF,0x9F,0xFF,0xFF,0xEF,0xE0,0x1F,0xF7,0xF0,0x03,0xFB,0xF8,0x01,0xFF,0xFC,0x00,
  0xFE,0xFE,0x00,0x7F,0x7F,0x00,0x7F,0x3F,0xFF,0xFF,0x1F,0xFF,0xFE,0x0F,0xFF,0xFF,0x87,0xFF,0xFF,0xF3,0xF8,0x03,0xFD,0xFC,
  0x00,0xFF,0xFE,0x00,0x3F,0xFF,0x00,0x1F,0xFF,0x80,0x0F,0xFF,0xC0,0x07,0xFF,0xE0,0x07,0xFF,0xF0,0x0F,0xFF,0xFF,0xFF,0xFD,
  0xFF,0xFF,0xFC,0xFF,0xFF,0xFC,0x7F,0xFF,0xF0,0x00,0xFF,0xFF,0xFF,0xFF,0xFF,0xFF,0xFF,0xFF,0xFF,0xFF,0xFE,0x00,0xFE,0x00,
  0xFE,0x00,0xFE,0x00,0xFE,0x00,0xFE,0x00,0xFE,0x00,0xFE,0x00,0xFE,0x00,0xFE,0x00,0xFE,0x00,0xFE,0x00,0xFE,0x00,0xFE,0x00,
  0xFE,0x00,0xFE,0x00,0xFE,0x00,0xFE,0x00,0xFE,0x00,0xFE,0x00,0xFE,0x00,0x00,0x7F,0xFF,0xE0,0x03,0xFF,0xFF,0x80,0x0F,0xFF,
  0xFE,0x00,0x3F,0xFF,0xF8,0x00,0xFF,0xFF,0xE0,0x03,0xF0,0x3F,0x80,0x0F,0xC0,0xFE,0x00,0x7F,0x03,0xF8,0x01,0xFC,0x0F,0xE0,
  0x07,0xF0,0x3F,0x80,0x1F,0x80,0xFE,0x00,0x7E,0x03,0xF8,0x03,0xF8,0x0F,0xE0,0x0F,0xE0,0x3F,0x80,0x3F,0x80,0xFE,0x00,0xFC,
  0x03,0xF8,0x07,0xF0,0x0F,0xE0,0x1F,0xC0,0x3F,0x80,0x7F,0x00,0xFE,0x03,0xF8,0x03,0xF8,0x0F,0xE0,0x0F,0xE1,0xFF,0xFF,0xFF,
  0xFF,0xFF,0xFF,0xFF,0xFF,0xFF,0xFF,0xFF,0xFF,0xFF,0xFF,0xFF,0xFF,0xFF,0xFF,0xFF,0xC0,0x00,0x0F,0xFF,0x00,0x00,0x3F,0xFC,
  0x00,0x00,0xFF,0xF0,0x00,0x03,0xFF,0xC0,0x00,0x0F,0xFF,0x00,0x00,0x3F,0xFC,0x00,0x00,0xFF,0xF0,0x00,0x03,0xFF,0xC0,0x00,
  0x0F,0xFF,0x00,0x00,0x3F,0x00,0xFF,0x00,0x07,0xFF,0xC0,0x0F,0xFF,0xF0,0x1F,0xFF,0xF8,0x3F,0xE7,0xF8,0x7F,0x81,0xFC,0x7F,
  0x00,0xFC,0x7F,0x00,0x7E,0xFE,0x00,0x7E,0xFE,0x00,0x7E,0xFF,0xFF,0xFE,0xFF,0xFF,0xFF,0xFF,0xFF,0xFF,0xFF,0xFF,0xFF,0xFE,
  0x00,0x00,0xFE,0x00,0x00,0xFE,0x00,0x00,0xFE,0x00,0x00,0x7F,0x00,0x7E,0x7F,0x00,0xFE,0x7F,0x81,0xFC,0x3F,0xFF,0xFC,0x1F,
  0xFF,0xF8,0x0F,0xFF,0xF0,0x07,0xFF,0xE0,0x00,0xFF,0x00,0xFE,0x03,0xF0,0x0F,0xEF,0xC0,0x7E,0x03,0xF9,0xFC,0x0F,0xC0,0x7F,
  0x1F,0x81,0xF8,0x1F,0xC3,0xF8,0x3F,0x03,0xF0,0x3F,0x07,0xE0,0xFE,0x07,0xF0,0xFC,0x1F,0x80,0x7E,0x1F,0x87,0xF0,0x07,0xE3,
  0xF0,0xFC,0x00,0xFE,0x7E,0x3F,0x80,0x0F,0xCF,0xCF,0xE0,0x01,0xFF,0xFF,0xF8,0x00,0x1F,0xFF,0xFF,0x00,0x07,0xFF,0xFF,0xE0,
  0x00,0xFF,0xFF,0xFE,0x00,0x3F,0x9F,0x8F,0xC0,0x07,0xE3,0xF1,0xFC,0x01,0xFC,0x7E,0x1F,0x80,0x3F,0x0F,0xC3,0xF8,0x0F,0xE1,
  0xF8,0x3F,0x81,0xF8,0x3F,0x07,0xF0,0x7F,0x07,0xE0,0x7F,0x1F,0xC0,0xFC,0x0F,0xE3,0xF8,0x1F,0x80,0xFE,0xFE,0x03,0xF0,0x1F,
  0xDF,0xC0,0x7E,0x01,0xFC,0x01,0xFE,0x00,0x1F,0xFF,0x01,0xFF,0xFE,0x0F,0xFF,0xFC,0x3F,0xCF,0xF9,0xFC,0x0F,0xE7,0xE0,0x3F,
  0x9F,0x80,0xFE,0x00,0x03,0xF8,0x00,0x0F,0xC0,0x00,0xFF,0x00,0x3F,0xF8,0x00,0xFF,0x80,0x03,0xFF,0x00,0x0F,0xFE,0x00,0x07,
  0xFE,0x00,0x03,0xF8,0x00,0x07,0xF1,0xC0,0x1F,0xFF,0x80,0x7F,0x7F,0x03,0xFD,0xFF,0xFF,0xE3,0xFF,0xFF,0x87,0xFF,0xFC,0x0F,
  0xFF,0xC0,0x07,0xFC,0x00,0xFE,0x00,0x7F,0xFE,0x00,0xFF,0xFE,0x01,0xFF,0xFE,0x01,0xFF,0xFE,0x03,0xFF,0xFE,0x03,0xFF,0xFE,
  0x07,0xFF,0xFE,0x07,0xFF,0xFE,0x0F,0xFF,0xFE,0x1F,0xBF,0xFE,0x1F,0x3F,0xFE,0x3F,0x7F,0xFE,0x3E,0x7F,0xFE,0x7E,0x7F,0xFE,
  0xFC,0x7F,0xFE,0xFC,0x7F,0xFD,0xF8,0x7F,0xFF,0xF0,0x7F,0xFF,0xF0,0x7F,0xFF,0xE0,0x7F,0xFF,0xE0,0x7F,0xFF,0xC0,0x7F,0xFF,
  0xC0,0x7F,0xFF,0x80,0x7F,0xFF,0x00,0x7F,0xFF,0x00,0x7F,0x1F,0x00,0x7C,0x1F,0x00,0xFC,0x1F,0x80,0xFC,0x1F,0x81,0xF8,0x0F,
  0xF7,0xF8,0x0F,0xFF,0xF0,0x03,0xFF,0xE0,0x00,0xFF,0x80,0x00,0x00,0x00,0x00,0x00,0x00,0x00,0x00,0x00,0xFE,0x00,0x7F,0xFE,
  0x00,0xFF,0xFE,0x01,0xFF,0xFE,0x01,0xFF,0xFE,0x03,0xFF,0xFE,0x03,0xFF,0xFE,0x07,0xFF,0xFE,0x07,0xFF,0xFE,0x0F,0xFF,0xFE,
  0x1F,0xBF,0xFE,0x1F,0x3F,0xFE,0x3F,0x7F,0xFE,0x3E,0x7F,0xFE,0x7E,0x7F,0xFE,0xFC,0x7F,0xFE,0xFC,0x7F,0xFD,0xF8,0x7F,0xFF,
  0xF0,0x7F,0xFF,0xF0,0x7F,0xFF,0xE0,0x7F,0xFF,0xE0,0x7F,0xFF,0xC0,0x7F,0xFF,0xC0,0x7F,0xFF,0x80,0x7F,0xFF,0x00,0x7F,0xFF,
  0x00,0x7F,0xFE,0x03,0xFF,0xF0,0x1F,0xFF,0x81,0xFD,0xFC,0x0F,0xCF,0xE0,0xFE,0x7F,0x07,0xE3,0xF8,0x7F,0x1F,0xC3,0xF0,0xFE,
  0x3F,0x87,0xF1,0xF8,0x3F,0x9F,0xC1,0xFF,0xFC,0x0F,0xFF,0xC0,0x7F,0xFF,0x03,0xFF,0xF8,0x1F,0xCF,0xE0,0xFE,0x3F,0x07,0xF1,
  0xFC,0x3F,0x87,0xE1,0xFC,0x3F,0x8F,0xE0,0xFE,0x7F,0x07,0xF3,0xF8,0x1F,0xDF,0xC0,0xFE,0xFE,0x03,0xFF,0xF0,0x1F,0xC0,0x00,
  0xFF,0xFF,0xF0,0x0F,0xFF,0xFF,0x00,0xFF,0xFF,0xF0,0x1F,0xFF,0xFF,0x01,0xFF,0xFF,0xF0,0x1F,0x80,0x7F,0x01,0xF8,0x07,0xF0,
  0x1F,0x80,0x7F,0x01,0xF8,0x07,0xF0,0x3F,0x80,0x7F,0x03,0xF8,0x07,0xF0,0x3F,0x80,0x7F,0x03,0xF0,0x07,0xF0,0x3F,0x00,0x7F,
  0x03,0xF0,0x07,0xF0,0x7F,0x00,0x7F,0x07,0xF0,0x07,0xF0,0x7F,0x00,0x7F,0x07,0xE0,0x07,0xF0,0xFE,0x00,0x7F,0x0F,0xE0,0x07,
  0xF7,0xFC,0x00,0x7F,0xFF,0xC0,0x07,0xFF,0xF8,0x00,0x7F,0xFF,0x80,0x07,0xF7,0xE0,0x00,0x7F,0xFF,0xC0,0x07,0xFF,0xFF,0x00,
  0x1F,0xFF,0xFC,0x00,0xFF,0xFF,0xF8,0x03,0xFF,0xFF,0xE0,0x0F,0xFF,0xFF,0x80,0x7F,0xFF,0xFE,0x01,0xFF,0xFF,0x7C,0x07,0xFF,
  0xFD,0xF0,0x3E,0xFF,0xF7,0xC0,0xFB,0xFF,0xCF,0x83,0xEF,0xFF,0x3E,0x1F,0x3F,0xFC,0xF8,0x7C,0xFF,0xF1,0xF1,0xF3,0xFF,0xC7,
  0xC7,0x8F,0xFF,0x1F,0x3E,0x3F,0xFC,0x3E,0xF8,0xFF,0xF0,0xFB,0xC3,0xFF,0xC3,0xFF,0x0F,0xFF,0x07,0xFC,0x3F,0xFC,0x1F,0xF0,
  0xFF,0xF0,0x7F,0x83,0xFF,0xC0,0xFE,0x0F,0xFF,0x03,0xF8,0x3F,0xFC,0x0F,0xC0,0xFF,0xF0,0x3F,0x03,0xF0,0xFE,0x00,0xFF,0xFC,
  0x01,0xFF,0xF8,0x03,0xFF,0xF0,0x07,0xFF,0xE0,0x0F,0xFF,0xC0,0x1F,0xFF,0x80,0x3F,0xFF,0x00,0x7F,0xFE,0x00,0xFF,0xFC,0x01,
  0xFF,0xFF,0xFF,0xFF,0xFF,0xFF,0xFF,0xFF,0xFF,0xFF,0xFF,0xFF,0xFF,0xFF,0xFF,0xFF,0x00,0x7F,0xFE,0x00,0xFF,0xFC,0x01,0xFF,
  0xF8,0x03,0xFF,0xF0,0x07,0xFF,0xE0,0x0F,0xFF,0xC0,0x1F,0xFF,0x80,0x3F,0xFF,0x00,0x7F,0xFE,0x00,0xFF,0xFC,0x01,0xFC,0x00,
  0x7F,0x80,0x00,0xFF,0xFC,0x00,0xFF,0xFF,0xC0,0x7F,0xFF,0xF8,0x3F,0xFF,0xFF,0x0F,0xF0,0x3F,0xC7,0xF8,0x07,0xF9,0xFC,0x00,
  0xFE,0xFF,0x00,0x3F,0xFF,0x80,0x07,0xFF,0xE0,0x01,0xFF,0xF8,0x00,0x7F,0xFE,0x00,0x1F,0xFF,0x80,0x07,0xFF,0xE0,0x01,0xFF,
  0xF8,0x00,0x7F,0xFE,0x00,0x1F,0xFF,0xC0,0x0F,0xE7,0xF0,0x03,0xF9,0xFE,0x01,0xFE,0x3F,0xC0,0xFF,0x0F,0xFF,0xFF,0x81,0xFF,
  0xFF,0xE0,0x3F,0xFF,0xE0,0x03,0xFF,0xF0,0x00,0x1F,0xE0,0x00,0xFF,0xFF,0xFF,0xFF,0xFF,0xFF,0xFF,0xFF,0xFF,0xFF,0xFF,0xFF,
  0xFF,0xFF,0xFF,0xC0,0x1F,0xFF,0x80,0x3F,0xFF,0x00,0x7F,0xFE,0x00,0xFF,0xFC,0x01,0xFF,0xF8,0x03,0xFF,0xF0,0x07,0xFF,0xE0,
  0x0F,0xFF,0xC0,0x1F,0xFF,0x80,0x3F,0xFF,0x00,0x7F,0xFE,0x00,0xFF,0xFC,0x01,0xFF,0xF8,0x03,0xFF,0xF0,0x07,0xFF,0xE0,0x0F,
  0xFF,0xC0,0x1F,0xFF,0x80,0x3F,0xFF,0x00,0x7F,0xFE,0x00,0xFF,0xFC,0x01,0xFC,0xFE,0x0F,0xE0,0x7F,0x1F,0xFC,0x3F,0x9F,0xFF,
  0x1F,0xDF,0xFF,0xCF,0xFF,0xFF,0xE7,0xFE,0x0F,0xFB,0xFE,0x03,0xFD,0xFE,0x00,0xFE,0xFF,0x00,0x7F,0xFF,0x80,0x1F,0xFF,0x80,
  0x0F,0xFF,0xC0,0x07,0xFF,0xE0,0x03,0xFF,0xF0,0x01,0xFF,0xF8,0x00,0xFF,0xFC,0x00,0x7F,0xFE,0x00,0x3F,0xFF,0x80,0x3F,0xFF,
  0xC0,0x1F,0xDF,0xF0,0x1F,0xEF,0xFC,0x1F,0xF7,0xFF,0xFF,0xF3,0xFB,0xFF,0xF1,0xFC,0xFF,0xF8,0xFE,0x3F,0xF0,0x7F,0x07,0xE0,
  0x3F,0x80,0x00,0x1F,0xC0,0x00,0x0F,0xE0,0x00,0x07,0xF0,0x00,0x03,0xF8,0x00,0x01,0xFC,0x00,0x00,0xFE,0x00,0x00,0x7F,0x00,
  0x00,0x3F,0x80,0x00,0x1F,0xC0,0x00,0x00,0x00,0xFF,0x00,0x03,0xFF,0xE0,0x0F,0xFF,0xF0,0x1F,0xFF,0xF8,0x3F,0xFF,0xFC,0x3F,
  0xC1,0xFE,0x7F,0x80,0xFE,0x7F,0x00,0xFE,0xFF,0x00,0x7E,0xFE,0x00,0x00,0xFE,0x00,0x00,0xFE,0x00,0x00,0xFE,0x00,0x00,0xFE,
  0x00,0x00,0xFE,0x00,0x00,0xFE,0x00,0x00,0xFE,0x00,0x00,0xFF,0x00,0x7F,0x7F,0x00,0x7F,0x7F,0x80,0xFE,0x3F,0xC1,0xFE,0x3F,
  0xFF,0xFC,0x1F,0xFF,0xF8,0x0F,0xFF,0xF0,0x03,0xFF,0xE0,0x00,0xFF,0x00,0xFF,0xFF,0xFF,0xFF,0xFF,0xFF,0xFF,0xFF,0xFF,0xFF,
  0xFF,0x7F,0xFF,0xF8,0x03,0xF0,0x00,0x0F,0xC0,0x00,0x3F,0x00,0x00,0xFC,0x00,0x03,0xF0,0x00,0x0F,0xC0,0x00,0x3F,0x00,0x00,
  0xFC,0x00,0x03,0xF0,0x00,0x0F,0xC0,0x00,0x3F,0x00,0x00,0xFC,0x00,0x03,0xF0,0x00,0x0F,0xC0,0x00,0x3F,0x00,0x00,0xFC,0x00,
  0x03,0xF0,0x00,0x0F,0xC0,0x00,0x3F,0x00,0x00,0xFC,0x00,0x03,0xF0,0x00,0xFE,0x00,0x1F,0xFF,0x80,0x0F,0xEF,0xE0,0x03,0xF9,
  0xFC,0x00,0xFE,0x7F,0x00,0x7F,0x1F,0xC0,0x1F,0xC3,0xF8,0x07,0xF0,0xFE,0x01,0xF8,0x1F,0x80,0xFE,0x07,0xF0,0x3F,0x81,0xFC,
  0x0F,0xC0,0x3F,0x07,0xF0,0x0F,0xE1,0xF8,0x01,0xF8,0x7E,0x00,0x7E,0x3F,0x80,0x1F,0xCF,0xC0,0x03,0xF3,0xF0,0x00,0xFC,0xFC,
  0x00,0x1F,0x7E,0x00,0x07,0xFF,0x80,0x01,0xFF,0xC0,0x00,0x3F,0xF0,0x00,0x0F,0xFC,0x00,0x01,0xFE,0x00,0x00,0x7F,0x80,0x00,
  0x1F,0xE0,0x00,0x07,0xF0,0x00,0x01,0xFC,0x00,0x00,0xFE,0x00,0x00,0x3F,0x80,0x00,0x3F,0xC0,0x01,0xFF,0xF0,0x00,0x7F,0xF8,
  0x00,0x1F,0xFC,0x00,0x07,0xFE,0x00,0x00,0xFE,0x00,0x00,0x00,0x00,0xFE,0x00,0x00,0x00,0x01,0xFC,0x00,0x00,0x00,0x03,0xF8,
  0x00,0x00,0x00,0x07,0xF0,0x00,0x00,0x00,0x0F,0xE0,0x00,0x00,0x00,0x1F,0xC0,0x00,0x00,0x00,0x3F,0x80,0x00,0x00,0x00,0x7F,
  0x00,0x00,0x00,0x00,0xFE,0x00,0x00,0x00,0x01,0xFC,0x00,0x00,0x0F,0xC3,0xF8,0x7E,0x00,0x7F,0xE7,0xF3,0xFF,0x01,0xFF,0xEF,
  0xEF,0xFF,0x07,0xFF,0xFF,0xFF,0xFF,0x0F,0xFF,0xFF,0xFF,0xFE,0x3F,0xC1,0xFF,0xC1,0xFE,0x7F,0x01,0xFF,0x01,0xFC,0xFE,0x03,
  0xFC,0x03,0xFB,0xFC,0x03,0xF8,0x07,0xFF,0xF0,0x07,0xF0,0x07,0xFF,0xE0,0x0F,0xE0,0x0F,0xFF,0xC0,0x1F,0xC0,0x1F,0xFF,0x80,
  0x3F,0x80,0x3F,0xFF,0x00,0x7F,0x00,0x7F,0xFE,0x00,0xFE,0x00,0xFF,0xFC,0x01,0xFC,0x01,0xFF,0xF8,0x03,0xF8,0x03,0xFF,0xF8,
  0x07,0xF0,0x0F,0xFF,0xF0,0x1F,0xE0,0x1F,0xCF,0xE0,0x3F,0xE0,0x7F,0x9F,0xE0,0xFF,0xE0,0xFF,0x1F,0xFF,0xFF,0xFF,0xFC,0x3F,
  0xFF,0xFF,0xFF,0xF8,0x3F,0xFD,0xFD,0xFF,0xE0,0x3F,0xF3,0xF9,0xFF,0x80,0x1F,0x87,0xF0,0xFC,0x00,0x00,0x0F,0xE0,0x00,0x00,
  0x00,0x1F,0xC0,0x00,0x00,0x00,0x3F,0x80,0x00,0x00,0x00,0x7F,0x00,0x00,0x00,0x00,0xFE,0x00,0x00,0x00,0x01,0xFC,0x00,0x00,
  0x00,0x03,0xF8,0x00,0x00,0x00,0x07,0xF0,0x00,0x00,0x00,0x0F,0xE0,0x00,0x00,0x00,0x1F,0xC0,0x00,0x00,0xFE,0x00,0x3F,0x9F,
  0xC0,0x1F,0xC3,0xF8,0x0F,0xF0,0xFE,0x03,0xF8,0x1F,0xC1,0xFC,0x03,0xF8,0xFE,0x00,0xFE,0x3F,0x80,0x1F,0xDF,0xC0,0x03,0xFF,
  0xE0,0x00,0x7F,0xF8,0x00,0x1F,0xFC,0x00,0x03,0xFE,0x00,0x00,0x7F,0x80,0x00,0x3F,0xE0,0x00,0x1F,0xFC,0x00,0x07,0xFF,0x80,
  0x03,0xFF,0xE0,0x01,0xFD,0xFC,0x00,0x7E,0x3F,0x80,0x3F,0x8F,0xE0,0x1F,0xC1,0xFC,0x0F,0xE0,0x3F,0x83,0xF8,0x0F,0xE1,0xFC,
  0x01,0xFC,0xFF,0x00,0x3F,0xBF,0x80,0x0F,0xF0,0xFE,0x00,0xFE,0x1F,0xC0,0x1F,0xC3,0xF8,0x03,0xF8,0x7F,0x00,0x7F,0x0F,0xE0,
  0x0F,0xE1,0xFC,0x01,0xFC,0x3F,0x80,0x3F,0x87,0xF0,0x07,0xF0,0xFE,0x00,0xFE,0x1F,0xC0,0x1F,0xC3,0xF8,0x03,0xF8,0x7F,0x00,
  0x7F,0x0F,0xE0,0x0F,0xE1,0xFC,0x01,0xFC,0x3F,0x80,0x3F,0x87,0xF0,0x07,0xF0,0xFE,0x00,0xFE,0x1F,0xC0,0x1F,0xC3,0xF8,0x03,
  0xF8,0x7F,0x00,0x7F,0x0F,0xE0,0x0F,0xE1,0xFF,0xFF,0xFF,0xBF,0xFF,0xFF,0xFF,0xFF,0xFF,0xFF,0xFF,0xFF,0xFF,0xFF,0xFF,0xFF,
  0xFC,0x00,0x00,0x1F,0x80,0x00,0x03,0xF0,0x00,0x00,0x7E,0x00,0x00,0x0F,0xC0,0x00,0x01,0xF8,0x00,0x00,0x3F,0x00,0x00,0x07,
  0xE0,0x00,0x00,0xFC,0x00,0x00,0x1F,0x80,0x00,0x03,0xF0,0xFE,0x00,0xFF,0xFC,0x01,0xFF,0xF8,0x03,0xFF,0xF0,0x07,0xFF,0xE0,
  0x0F,0xFF,0xC0,0x1F,0xFF,0x80,0x3F,0xFF,0x00,0x7F,0xFE,0x00,0xFF,0xFC,0x01,0xFF,0xF8,0x03,0xFF,0xF0,0x07,0xFF,0xF8,0x3F,
  0xFF,0xFF,0xFF,0xDF,0xFF,0xFF,0xBF,0xFF,0xFF,0x3F,0xFE,0xFE,0x1F,0xE1,0xFC,0x00,0x03,0xF8,0x00,0x07,0xF0,0x00,0x0F,0xE0,
  0x00,0x1F,0xC0,0x00,0x3F,0x80,0x00,0x7F,0x00,0x00,0xFE,0x00,0x01,0xFC,0xFE,0x03,0xF8,0x0F,0xFF,0x80,0xFE,0x03,0xFF,0xE0,
  0x3F,0x80,0xFF,0xF8,0x0F,0xE0,0x3F,0xFE,0x03,0xF8,0x0F,0xFF,0x80,0xFE,0x03,0xFF,0xE0,0x3F,0x80,0xFF,0xF8,0x0F,0xE0,0x3F,
  0xFE,0x03,0xF8,0x0F,0xFF,0x80,0xFE,0x03,0xFF,0xE0,0x3F,0x80,0xFF,0xF8,0x0F,0xE0,0x3F,0xFE,0x03,0xF8,0x0F,0xFF,0x80,0xFE,
  0x03,0xFF,0xE0,0x3F,0x80,0xFF,0xF8,0x0F,0xE0,0x3F,0xFE,0x03,0xF8,0x0F,0xFF,0x80,0xFE,0x03,0xFF,0xE0,0x3F,0x80,0xFF,0xF8,
  0x0F,0xE0,0x3F,0xFE,0x03,0xF8,0x0F,0xFF,0xFF,0xFF,0xFF,0xFF,0xFF,0xFF,0xFF,0xFF,0xFF,0xFF,0xFF,0xFF,0xFF,0xFF,0xFF,0xFF,
  0xFF,0xFF,0xFF,0xFF,0xF0,0xFE,0x03,0xF8,0x0F,0xC3,0xF8,0x0F,0xE0,0x3F,0x0F,0xE0,0x3F,0x80,0xFC,0x3F,0x80,0xFE,0x03,0xF0,
  0xFE,0x03,0xF8,0x0F,0xC3,0xF8,0x0F,0xE0,0x3F,0x0F,0xE0,0x3F,0x80,0xFC,0x3F,0x80,0xFE,0x03,0xF0,0xFE,0x03,0xF8,0x0F,0xC3,
  0xF8,0x0F,0xE0,0x3F,0x0F,0xE0,0x3F,0x80,0xFC,0x3F,0x80,0xFE,0x03,0xF0,0xFE,0x03,0xF8,0x0F,0xC3,0xF8,0x0F,0xE0,0x3F,0x0F,
  0xE0,0x3F,0x80,0xFC,0x3F,0x80,0xFE,0x03,0xF0,0xFE,0x03,0xF8,0x0F,0xC3,0xF8,0x0F,0xE0,0x3F,0x0F,0xE0,0x3F,0x80,0xFC,0x3F,
  0x80,0xFE,0x03,0xF0,0xFE,0x03,0xF8,0x0F,0xC3,0xFF,0xFF,0xFF,0xFF,0xFF,0xFF,0xFF,0xFF,0xFF,0xFF,0xFF,0xFF,0xFF,0xFF,0xFF,
  0xFF,0xFF,0xFF,0xFF,0xFF,0xFF,0xFF,0xFF,0xF0,0x00,0x00,0x00,0x0F,0xC0,0x00,0x00,0x00,0x3F,0x00,0x00,0x00,0x00,0xFC,0x00,
  0x00,0x00,0x03,0xF0,0x00,0x00,0x00,0x0F,0xC0,0x00,0x00,0x00,0x3F,0x00,0x00,0x00,0x00,0xFC,0x00,0x00,0x00,0x03,0xF0,0x00,
  0x00,0x00,0x0F,0xC0,0x00,0x00,0x00,0x3F,0xFF,0xFF,0x00,0x00,0x7F,0xFF,0x80,0x00,0x3F,0xFF,0xC0,0x00,0x1F,0xFF,0xE0,0x00,
  0x0F,0xFF,0xF0,0x00,0x00,0x03,0xF8,0x00,0x00,0x01,0xFC,0x00,0x00,0x00,0xFE,0x00,0x00,0x00,0x7F,0x00,0x00,0x00,0x3F,0x80,
  0x00,0x00,0x1F,0xFF,0xF8,0x00,0x0F,0xFF,0xFF,0x00,0x07,0xFF,0xFF,0xE0,0x03,0xFF,0xFF,0xF8,0x01,0xFC,0x07,0xFC,0x00,0xFE,
  0x00,0xFE,0x00,0x7F,0x00,0x3F,0x80,0x3F,0x80,0x1F,0xC0,0x1F,0xC0,0x0F,0xE0,0x0F,0xE0,0x0F,0xF0,0x07,0xF0,0x07,0xF0,0x03,
  0xF8,0x0F,0xF8,0x01,0xFF,0xFF,0xF8,0x00,0xFF,0xFF,0xF8,0x00,0x7F,0xFF,0xF8,0x00,0x3F,0xFF,0xE0,0x00,0xFE,0x00,0x00,0x07,
  0xFF,0xC0,0x00,0x00,0xFF,0xF8,0x00,0x00,0x1F,0xFF,0x00,0x00,0x03,0xFF,0xE0,0x00,0x00,0x7F,0xFC,0x00,0x00,0x0F,0xFF,0x80,
  0x00,0x01,0xFF,0xF0,0x00,0x00,0x3F,0xFE,0x00,0x00,0x07,0xFF,0xC0,0x00,0x00,0xFF,0xFF,0xFF,0x80,0x1F,0xFF,0xFF,0xFE,0x03,
  0xFF,0xFF,0xFF,0xE0,0x7F,0xFF,0xFF,0xFE,0x0F,0xFF,0x80,0x7F,0xC1,0xFF,0xF0,0x03,0xFC,0x3F,0xFE,0x00,0x3F,0x87,0xFF,0xC0,
  0x07,0xF0,0xFF,0xF8,0x00,0xFE,0x1F,0xFF,0x00,0x1F,0xC3,0xFF,0xE0,0x07,0xF8,0x7F,0xFC,0x03,0xFE,0x0F,0xFF,0xFF,0xFF,0xC1,
  0xFF,0xFF,0xFF,0xF0,0x3F,0xFF,0xFF,0xF8,0x07,0xFF,0xFF,0xFC,0x00,0xFC,0xFE,0x00,0x00,0x7F,0x00,0x00,0x3F,0x80,0x00,0x1F,
  0xC0,0x00,0x0F,0xE0,0x00,0x07,0xF0,0x00,0x03,0xF8,0x00,0x01,0xFC,0x00,0x00,0xFE,0x00,0x00,0x7F,0x00,0x00,0x3F,0xFF,0xF8,
  0x1F,0xFF,0xFF,0x8F,0xFF,0xFF,0xE7,0xFF,0xFF,0xFB,0xF8,0x07,0xFD,0xFC,0x00,0xFF,0xFE,0x00,0x3F,0xFF,0x00,0x1F,0xFF,0x80,
  0x0F,0xFF,0xC0,0x07,0xFF,0xE0,0x07,0xFF,0xF0,0x0F,0xFB,0xFF,0xFF,0xFD,0xFF,0xFF,0xFC,0xFF,0xFF,0xF8,0x7F,0xFF,0xF0,0x00,
  0x00,0xFF,0x00,0x07,0xFF,0xC0,0x0F,0xFF,0xF0,0x1F,0xFF,0xF8,0x3F,0xFF,0xFC,0x7F,0x81,0xFC,0x7F,0x00,0xFE,0x7F,0x00,0xFE,
  0x7E,0x00,0x7F,0x00,0x00,0x7F,0x00,0x00,0x7F,0x00,0x3F,0xFF,0x00,0x3F,0xFF,0x00,0x3F,0xFF,0x00,0x3F,0xFF,0x00,0x3F,0xFF,
  0x00,0x00,0x7F,0xFE,0x00,0x7F,0xFE,0x00,0xFE,0x7F,0x00,0xFE,0x7F,0x81,0xFE,0x3F,0xFF,0xFC,0x1F,0xFF,0xF8,0x0F,0xFF,0xF0,
  0x07,0xFF,0xE0,0x00,0xFF,0x00,0xFE,0x00,0x0F,0xF8,0x07,0xF0,0x01,0xFF,0xF0,0x3F,0x80,0x3F,0xFF,0xE1,0xFC,0x03,0xFF,0xFF,
  0x8F,0xE0,0x3F,0xFF,0xFE,0x7F,0x03,0xFE,0x0F,0xF3,0xF8,0x1F,0xE0,0x3F,0xDF,0xC0,0xFE,0x00,0xFE,0xFE,0x0F,0xF0,0x07,0xF7,
  0xF0,0x7F,0x00,0x1F,0xFF,0xFF,0xF8,0x00,0xFF,0xFF,0xFF,0xC0,0x07,0xFF,0xFF,0xFE,0x00,0x3F,0xFF,0xFF,0xF0,0x01,0xFF,0xFF,
  0xFF,0x80,0x0F,0xFF,0xC1,0xFC,0x00,0x7F,0xFE,0x0F,0xE0,0x07,0xFF,0xF0,0x7F,0x80,0x3F,0xBF,0x81,0xFC,0x01,0xFD,0xFC,0x0F,
  0xF0,0x1F,0xEF,0xE0,0x3F,0xC1,0xFE,0x7F,0x01,0xFF,0xFF,0xE3,0xF8,0x07,0xFF,0xFF,0x1F,0xC0,0x1F,0xFF,0xF0,0xFE,0x00,0x3F,
  0xFE,0x07,0xF0,0x00,0x7F,0x80,0x00,0x00,0xFF,0xFF,0x81,0xFF,0xFF,0xC3,0xFF,0xFF,0xE3,0xFF,0xFF,0xF1,0xFF,0x03,0xF9,0xFE,
  0x01,0xFC,0xFE,0x00,0xFE,0x7F,0x00,0x7F,0x3F,0x80,0x3F,0x9F,0xC0,0x1F,0xCF,0xF0,0x0F,0xE3,0xFC,0x07,0xF1,0xFF,0xFF,0xF8,
  0x7F,0xFF,0xFC,0x0F,0xFF,0xFE,0x03,0xFF,0xFF,0x01,0xFC,0x3F,0x81,0xFC,0x1F,0xC1,0xFC,0x0F,0xE0,0xFE,0x07,0xF0,0xFE,0x03,
  0xF8,0xFE,0x01,0xFC,0xFF,0x00,0xFE,0x7F,0x00,0x7F,0x7F,0x00,0x3F,0xFF,0x80,0x1F,0xC0,0x0F,0xE0,0x00,0x0F,0xF0,0x00,0x03,
  0xF0,0x00,0x01,0xF8,0x00,0x00,0xFC,0x00,0x00,0x7E,0x00,0x00,0x3F,0x00,0x00,0x0F,0x00,0x00,0x00,0x00,0x00,0x00,0x00,0x00,
  0x00,0x00,0x00,0xFF,0x00,0x07,0xFF,0xC0,0x0F,0xFF,0xF0,0x1F,0xFF,0xF8,0x3F,0xE7,0xF8,0x7F,0x81,0xFC,0x7F,0x00,0xFC,0x7F,
  0x00,0x7E,0xFE,0x00,0x7E,0xFE,0x00,0x7E,0xFF,0xFF,0xFE,0xFF,0xFF,0xFF,0xFF,0xFF,0xFF,0xFF,0xFF,0xFF,0xFE,0x00,0x00,0xFE,
  0x00,0x00,0xFE,0x00,0x00,0xFE,0x00,0x00,0x7F,0x00,0x7E,0x7F,0x00,0xFE,0x7F,0x81,0xFC,0x3F,0xFF,0xFC,0x1F,0xFF,0xF8,0x0F,
  0xFF,0xF0,0x07,0xFF,0xE0,0x00,0xFF,0x00,0x0F,0x81,0xF0,0x0F,0x81,0xF0,0x0F,0x81,0xF0,0x0F,0x81,0xF0,0x0F,0x81,0xF0,0x00,
  0x00,0x00,0x00,0x00,0x00,0x00,0x00,0x00,0x00,0x00,0x00,0x00,0xFF,0x00,0x07,0xFF,0xC0,0x0F,0xFF,0xF0,0x1F,0xFF,0xF8,0x3F,
  0xE7,0xF8,0x7F,0x81,0xFC,0x7F,0x00,0xFC,0x7F,0x00,0x7E,0xFE,0x00,0x7E,0xFE,0x00,0x7E,0xFF,0xFF,0xFE,0xFF,0xFF,0xFF,0xFF,
  0xFF,0xFF,0xFF,0xFF,0xFF,0xFE,0x00,0x00,0xFE,0x00,0x00,0xFE,0x00,0x00,0xFE,0x00,0x00,0x7F,0x00,0x7E,0x7F,0x00,0xFE,0x7F,
  0x81,0xFC,0x3F,0xFF,0xFC,0x1F,0xFF,0xF8,0x0F,0xFF,0xF0,0x07,0xFF,0xE0,0x00,0xFF,0x00,0x1F,0xC0,0x00,0x03,0xF8,0x00,0x00,
  0x7F,0x00,0x00,0x7F,0xFF,0xE0,0x0F,0xFF,0xFC,0x01,0xFF,0xFF,0x80,0x3F,0xFF,0xF0,0x00,0xFE,0x00,0x00,0x1F,0xC0,0x00,0x03,
  0xF8,0x00,0x00,0x7F,0x07,0xF0,0x0F,0xE3,0xFF,0x81,0xFC,0xFF,0xF8,0x3F,0xBF,0xFF,0x07,0xF7,0xFF,0xF0,0xFF,0xE3,0xFE,0x1F,
  0xF0,0x1F,0xE3,0xFE,0x03,0xFC,0x7F,0x80,0x3F,0x8F,0xF0,0x07,0xF1,0xFC,0x00,0xFE,0x3F,0x80,0x1F,0xC7,0xF0,0x03,0xF8,0xFE,
  0x00,0x7F,0x1F,0xC0,0x0F,0xE3,0xF8,0x01,0xFC,0x7F,0x00,0x3F,0x8F,0xE0,0x07,0xF1,0xFC,0x00,0xFE,0x3F,0x80,0x1F,0xC7,0xF0,
  0x03,0xF8,0xFE,0x00,0x7F,0x1F,0xC0,0x0F,0xE3,0xF8,0x01,0xFC,0x7F,0x00,0x3F,0x8F,0xE0,0x07,0xF0,0x00,0x00,0xFE,0x00,0x00,
  0x1F,0xC0,0x00,0x03,0xF8,0x00,0x00,0x7F,0x00,0x00,0x1F,0xE0,0x00,0x1F,0xFC,0x00,0x03,0xFF,0x00,0x00,0x7F,0xE0,0x00,0x0F,
  0xF8,0x00,0x01,0xFC,0x00,0x00,0x3F,0x80,0x3F,0x80,0x3F,0x80,0x3F,0x80,0x3F,0x80,0x1F,0x00,0x1F,0x00,0x1F,0x00,0x00,0x00,
  0x00,0x00,0x00,0x00,0x1F,0xFF,0xEF,0xFF,0xF7,0xFF,0xFB,0xFF,0xFD,0xFF,0xFE,0xFE,0x00,0x7F,0x00,0x3F,0x80,0x1F,0xC0,0x0F,
  0xE0,0x07,0xF0,0x03,0xF8,0x01,0xFC,0x00,0xFE,0x00,0x7F,0x00,0x3F,0x80,0x1F,0xC0,0x0F,0xE0,0x07,0xF0,0x03,0xF8,0x01,0xFC,
  0x00,0xFE,0x00,0x7F,0x00,0x3F,0x80,0x1F,0xC0,0x0F,0xE0,0x00,0x00,0xFF,0x00,0x03,0xFF,0xE0,0x0F,0xFF,0xF0,0x1F,0xFF,0xF8,
  0x3F,0xFF,0xFC,0x3F,0x81,0xFE,0x7F,0x00,0xFE,0x7F,0x00,0xFE,0xFE,0x00,0x7E,0xFE,0x00,0x00,0xFE,0x00,0x00,0xFF,0xFE,0x00,
  0xFF,0xFE,0x00,0xFF,0xFE,0x00,0xFF,0xFE,0x00,0xFF,0xFC,0x00,0xFE,0x00,0x00,0xFE,0x00,0x7F,0x7F,0x00,0x7F,0x7F,0x00,0xFE,
  0x3F,0x81,0xFE,0x3F,0xFF,0xFC,0x1F,0xFF,0xF8,0x0F,0xFF,0xF0,0x03,0xFF,0xE0,0x00,0xFF,0x00,0x01,0xFF,0x00,0x1F,0xFF,0xC0,
  0x7F,0xFF,0xC1,0xFF,0xFF,0xC7,0xFF,0xFF,0xCF,0xE0,0x3F,0x9F,0x80,0x3F,0x3F,0x00,0x7E,0x7F,0x00,0x00,0xFF,0x80,0x01,0xFF,
  0xF8,0x01,0xFF,0xFE,0x01,0xFF,0xFF,0x01,0xFF,0xFF,0x00,0x7F,0xFF,0x00,0x0F,0xFF,0x00,0x01,0xFE,0x00,0x00,0xFC,0xF0,0x01,
  0xFF,0xE0,0x03,0xFF,0xE0,0x0F,0xEF,0xFF,0xFF,0x9F,0xFF,0xFF,0x1F,0xFF,0xFC,0x0F,0xFF,0xE0,0x07,0xFF,0x00,0xFF,0xFF,0xFF,
  0xFF,0xE0,0x00,0x00,0x00,0x03,0xFF,0xFF,0xFF,0xFF,0xFF,0xFF,0xFF,0xFF,0xFF,0xFF,0xFF,0xFF,0xFF,0xFF,0xFF,0xFF,0xFF,0xFF,
  0xFF,0xFF,0xFF,0xFF,0xF0,0xF8,0x3F,0xF8,0x3F,0xF8,0x3F,0xF8,0x3F,0xF8,0x3F,0x00,0x00,0x00,0x00,0x00,0x00,0x00,0x00,0x0F,
  0xE0,0x0F,0xE0,0x0F,0xE0,0x0F,0xE0,0x0F,0xE0,0x0F,0xE0,0x0F,0xE0,0x0F,0xE0,0x0F,0xE0,0x0F,0xE0,0x0F,0xE0,0x0F,0xE0,0x0F,
  0xE0,0x0F,0xE0,0x0F,0xE0,0x0F,0xE0,0x0F,0xE0,0x0F,0xE0,0x0F,0xE0,0x0F,0xE0,0x0F,0xE0,0x0F,0xE0,0x0F,0xE0,0x0F,0xE0,0x0F,
  0xE0,0x0F,0xE0,0x0F,0xE1,0xFC,0x3F,0x87,0xF0,0xFE,0x00,0x00,0x00,0x00,0x00,0x00,0x00,0x3F,0x87,0xF0,0xFE,0x1F,0xC3,0xF8,
  0x7F,0x0F,0xE1,0xFC,0x3F,0x87,0xF0,0xFE,0x1F,0xC3,0xF8,0x7F,0x0F,0xE1,0xFC,0x3F,0x87,0xF0,0xFE,0x1F,0xC3,0xF8,0x7F,0x0F,
  0xE1,0xFC,0x3F,0x87,0xF0,0xFE,0x1F,0xC3,0xF8,0x7F,0x0F,0xFF,0xFF,0xFF,0xFF,0xEF,0xF9,0xFE,0x00,0x00,0xFF,0xFF,0xF0,0x00,
  0x00,0x07,0xFF,0xFF,0x80,0x00,0x00,0x3F,0xFF,0xFC,0x00,0x00,0x03,0xFF,0xFF,0xE0,0x00,0x00,0x1F,0xFF,0xFF,0x00,0x00,0x00,
  0xFC,0x03,0xF8,0x00,0x00,0x07,0xE0,0x1F,0xC0,0x00,0x00,0x3F,0x00,0xFE,0x00,0x00,0x01,0xF8,0x07,0xF0,0x00,0x00,0x1F,0xC0,
  0x3F,0x80,0x00,0x00,0xFE,0x01,0xFF,0xFF,0x80,0x07,0xF0,0x0F,0xFF,0xFF,0x80,0x3F,0x00,0x7F,0xFF,0xFE,0x01,0xF8,0x03,0xFF,
  0xFF,0xF8,0x0F,0xC0,0x1F,0xC0,0x3F,0xE0,0xFE,0x00,0xFE,0x00,0x7F,0x07,0xF0,0x07,0xF0,0x03,0xF8,0x3F,0x80,0x3F,0x80,0x1F,
  0xC1,0xF8,0x01,0xFC,0x00,0xFE,0x1F,0xC0,0x0F,0xE0,0x07,0xF0,0xFE,0x00,0x7F,0x00,0x7F,0xBF,0xE0,0x03,0xF8,0x0F,0xFF,0xFF,
  0x00,0x1F,0xFF,0xFF,0xDF,0xF0,0x00,0xFF,0xFF,0xFC,0xFF,0x80,0x07,0xFF,0xFF,0xC3,0xF0,0x00,0x3F,0xFF,0xF0,0x00,0xFE,0x01,
  0xFC,0x00,0x01,0xFC,0x03,0xF8,0x00,0x03,0xF8,0x07,0xF0,0x00,0x07,0xF0,0x0F,0xE0,0x00,0x0F,0xE0,0x1F,0xC0,0x00,0x1F,0xC0,
  0x3F,0x80,0x00,0x3F,0x80,0x7F,0x00,0x00,0x7F,0x00,0xFE,0x00,0x00,0xFE,0x01,0xFC,0x00,0x01,0xFC,0x03,0xF8,0x00,0x03,0xFF,
  0xFF,0xFF,0xFE,0x07,0xFF,0xFF,0xFF,0xFF,0x8F,0xFF,0xFF,0xFF,0xFF,0x9F,0xFF,0xFF,0xFF,0xFF,0xBF,0x80,0x7F,0x00,0xFF,0xFF,
  0x00,0xFE,0x00,0x7F,0xFE,0x01,0xFC,0x00,0xFF,0xFC,0x03,0xF8,0x01,0xFF,0xF8,0x07,0xF0,0x03,0xFF,0xF0,0x0F,0xE0,0x07,0xFF,
  0xE0,0x1F,0xC0,0x1F,0xFF,0xC0,0x3F,0xC0,0xFF,0xFF,0x80,0x7F,0xFF,0xFF,0x7F,0x00,0xFF,0xFF,0xFC,0xFE,0x01,0xFF,0xFF,0xE1,
  0xFC,0x03,0xFF,0xFF,0x00,0x1F,0xC0,0x00,0x03,0xF8,0x00,0x00,0x7F,0x00,0x00,0x7F,0xFF,0xE0,0x0F,0xFF,0xFC,0x01,0xFF,0xFF,
  0x80,0x3F,0xFF,0xF0,0x00,0xFE,0x00,0x00,0x1F,0xC0,0x00,0x03,0xF8,0x00,0x00,0x7F,0x07,0xF0,0x0F,0xE3,0xFF,0x81,0xFC,0xFF,
  0xF8,0x3F,0xBF,0xFF,0x07,0xF7,0xFF,0xF0,0xFF,0xE3,0xFE,0x1F,0xF0,0x1F,0xE3,0xFE,0x03,0xFC,0x7F,0x80,0x3F,0x8F,0xF0,0x07,
  0xF1,0xFC,0x00,0xFE,0x3F,0x80,0x1F,0xC7,0xF0,0x03,0xF8,0xFE,0x00,0x7F,0x1F,0xC0,0x0F,0xE3,0xF8,0x01,0xFC,0x7F,0x00,0x3F,
  0x8F,0xE0,0x07,0xF1,0xFC,0x00,0xFE,0x3F,0x80,0x1F,0xC7,0xF0,0x03,0xF8,0xFE,0x00,0x7F,0x1F,0xC0,0x0F,0xE3,0xF8,0x01,0xFC,
  0x7F,0x00,0x3F,0x8F,0xE0,0x07,0xF0,0x00,0x0F,0xE0,0x00,0xFE,0x00,0x07,0xE0,0x00,0x7E,0x00,0x07,0xE0,0x00,0x7E,0x00,0x07,
  0xE0,0x00,0x3C,0x00,0x00,0x00,0x00,0x00,0x00,0x00,0x00,0x01,0xFC,0x07,0xFF,0xE0,0x3F,0xFF,0x03,0xFB,0xF8,0x1F,0x9F,0xC1,
  0xFC,0xFE,0x0F,0xC7,0xF0,0xFE,0x3F,0x87,0xE1,0xFC,0x7F,0x0F,0xE3,0xF0,0x7F,0x3F,0x83,0xFF,0xF8,0x1F,0xFF,0x80,0xFF,0xFE,
  0x07,0xFF,0xF0,0x3F,0x9F,0xC1,0xFC,0x7E,0x0F,0xE3,0xF8,0x7F,0x0F,0xC3,0xF8,0x7F,0x1F,0xC1,0xFC,0xFE,0x0F,0xE7,0xF0,0x3F,
  0xBF,0x81,0xFD,0xFC,0x07,0xFF,0xE0,0x3F,0x80,0x0F,0xC0,0x00,0x0F,0xE0,0x00,0x07,0xF0,0x00,0x03,0xF8,0x00,0x00,0xFC,0x00,
  0x00,0x7C,0x00,0x00,0x3E,0x00,0x00,0x1F,0x00,0x00,0x00,0x00,0x00,0x00,0x00,0x00,0x00,0x00,0xFE,0x00,0x7F,0xFE,0x00,0xFF,
  0xFE,0x01,0xFF,0xFE,0x01,0xFF,0xFE,0x03,0xFF,0xFE,0x03,0xFF,0xFE,0x07,0xFF,0xFE,0x07,0xFF,0xFE,0x0F,0xFF,0xFE,0x1F,0xBF,
  0xFE,0x1F,0x3F,0xFE,0x3F,0x7F,0xFE,0x3E,0x7F,0xFE,0x7E,0x7F,0xFE,0xFC,0x7F,0xFE,0xFC,0x7F,0xFD,0xF8,0x7F,0xFF,0xF0,0x7F,
  0xFF,0xF0,0x7F,0xFF,0xE0,0x7F,0xFF,0xE0,0x7F,0xFF,0xC0,0x7F,0xFF,0xC0,0x7F,0xFF,0x80,0x7F,0xFF,0x00,0x7F,0xFF,0x00,0x7F,
  0x1F,0x00,0x7C,0x07,0xC0,0x1F,0x01,0xF8,0x0F,0xC0,0x3F,0x03,0xF0,0x0F,0xF7,0xF8,0x01,0xFF,0xFC,0x00,0x3F,0xFE,0x00,0x03,
  0xFE,0x00,0x00,0x00,0x00,0x00,0x00,0x00,0x00,0x00,0x00,0x03,0xF8,0x00,0x7F,0xFE,0x00,0x3F,0xBF,0x80,0x0F,0xE7,0xF0,0x03,
  0xF9,0xFC,0x01,0xFC,0x7F,0x00,0x7F,0x0F,0xE0,0x1F,0xC3,0xF8,0x07,0xE0,0x7E,0x03,0xF8,0x1F,0xC0,0xFE,0x07,0xF0,0x3F,0x00,
  0xFC,0x1F,0xC0,0x3F,0x87,0xE0,0x07,0xE1,0xF8,0x01,0xF8,0xFE,0x00,0x7F,0x3F,0x00,0x0F,0xCF,0xC0,0x03,0xF3,0xF0,0x00,0x7D,
  0xF8,0x00,0x1F,0xFE,0x00,0x07,0xFF,0x00,0x00,0xFF,0xC0,0x00,0x3F,0xF0,0x00,0x07,0xF8,0x00,0x01,0xFE,0x00,0x00,0x7F,0x80,
  0x00,0x1F,0xC0,0x00,0x07,0xF0,0x00,0x03,0xF8,0x00,0x00,0xFE,0x00,0x00,0xFF,0x00,0x07,0xFF,0xC0,0x01,0xFF,0xE0,0x00,0x7F,
  0xF0,0x00,0x1F,0xF8,0x00,0x03,0xF8,0x00,0x00,0xFE,0x00,0xFF,0xFC,0x01,0xFF,0xF8,0x03,0xFF,0xF0,0x07,0xFF,0xE0,0x0F,0xFF,
  0xC0,0x1F,0xFF,0x80,0x3F,0xFF,0x00,0x7F,0xFE,0x00,0xFF,0xFC,0x01,0xFF,0xF8,0x03,0xFF,0xF0,0x07,0xFF,0xE0,0x0F,0xFF,0xC0,
  0x1F,0xFF,0x80,0x3F,0xFF,0x00,0x7F,0xFE,0x00,0xFF,0xFC,0x01,0xFF,0xF8,0x03,0xFF,0xF0,0x07,0xFF,0xE0,0x0F,0xFF,0xFF,0xFF,
  0xFF,0xFF,0xFF,0xFF,0xFF,0xFF,0xFF,0xFF,0xFF,0xFF,0xFF,0xFC,0x01,0xF8,0x00,0x03,0xF0,0x00,0x07,0xE0,0x00,0x0F,0xC0,0x00,
  0x1F,0x80,0x00,0x3F,0x00,0x00,0x7E,0x00,0x00,0xFC,0x00,0x01,0xF8,0x00,0x03,0xF0,0x00,
  0x00};
static const lgfx::GFXglyph LibSans34_glyphs[] PROGMEM = {
  {0,0,0,14,0,0},
  {0,7,34,16,5,-34},
  {30,17,12,23,3,-34},
  {56,26,34,27,1,-34},
  {167,26,40,27,1,-36},
  {297,41,34,44,1,-34},
  {472,32,34,35,2,-34},
  {608,6,12,12,3,-34},
  {617,14,46,16,2,-36},
  {698,14,46,16,0,-36},
  {779,19,18,19,0,-34},
  {822,25,25,29,2,-29},
  {901,7,15,14,3,-7},
  {915,12,6,16,2,-16},
  {924,7,7,14,3,-7},
  {931,12,37,14,1,-36},
  {987,23,34,27,2,-34},
  {1085,23,34,27,3,-34},
  {1183,23,34,27,2,-34},
  {1281,25,34,27,1,-34},
  {1388,26,34,27,1,-34},
  {1499,24,34,27,2,-34},
  {1601,24,34,27,2,-34},
  {1703,23,34,27,2,-34},
  {1801,24,34,27,2,-34},
  {1903,24,34,27,2,-34},
  {2005,7,25,16,5,-25},
  {2027,7,33,16,5,-25},
  {2056,25,26,29,2,-29},
  {2138,25,18,29,2,-25},
  {2195,25,26,29,2,-29},
  {2277,25,34,30,2,-34},
  {2384,42,42,48,3,-34},
  {2605,33,34,35,1,-34},
  {2746,30,34,35,3,-34},
  {2874,32,34,35,2,-34},
  {3010,30,34,35,3,-34},
  {3138,28,34,33,3,-34},
  {3257,25,34,30,3,-34},
  {3364,33,34,38,2,-34},
  {3505,29,34,35,3,-34},
  {3629,7,34,14,3,-34},
  {3659,23,34,27,1,-34},
  {3757,32,34,35,3,-34},
  {3893,25,34,30,3,-34},
  {4000,35,34,41,3,-34},
  {4149,29,34,35,3,-34},
  {4273,34,34,38,2,-34},
  {4418,28,34,33,3,-34},
  {4537,34,43,38,2,-34},
  {4720,31,34,35,3,-34},
  {4852,30,34,33,1,-34},
  {4980,29,34,30,0,-34},
  {5104,29,34,35,3,-34},
  {5228,32,34,33,0,-34},
  {5364,46,34,46,0,-34},
  {5560,31,34,33,1,-34},
  {5692,31,34,33,1,-34},
  {5824,28,34,30,1,-34},
  {5943,13,46,16,3,-36},
  {6018,12,37,14,1,-36},
  {6074,13,46,16,1,-36},
  {6149,26,21,29,1,-34},
  {6218,29,2,27,-1,4},
  {6226,12,8,16,2,-36},
  {6238,27,26,27,1,-26},
  {6326,25,36,30,3,-36},
  {6439,24,26,27,2,-26},
  {6517,25,36,30,2,-36},
  {6630,24,26,27,2,-26},
  {6708,15,36,16,1,-36},
  {6776,25,36,30,2,-26},
  {6889,24,36,30,3,-36},
  {6997,7,36,14,3,-36},
  {7029,11,46,14,-1,-36},
  {7093,24,36,27,3,-36},
  {7201,7,36,14,3,-36},
  {7233,38,26,44,3,-26},
  {7357,24,26,30,3,-26},
  {7435,26,26,30,2,-26},
  {7520,25,36,30,3,-26},
  {7633,25,36,30,2,-26},
  {7746,15,26,19,3,-26},
  {7795,23,26,27,2,-26},
  {7870,15,32,16,1,-32},
  {7930,24,26,30,3,-26},
  {8008,27,26,27,0,-26},
  {8096,38,26,38,0,-26},
  {8220,26,26,27,1,-26},
  {8305,26,36,27,1,-26},
  {8422,21,26,24,2,-26},
  {8491,17,46,19,1,-36},
  {8589,6,47,14,4,-36},
  {8625,17,46,19,1,-36},
  {8723,25,8,29,2,-20},
  {0,0,0,0,0,0},
  {0,0,0,0,0,0},
  {0,0,0,0,0,0},
  {0,0,0,0,0,0},
  {0,0,0,0,0,0},
  {0,0,0,0,0,0},
  {0,0,0,0,0,0},
  {0,0,0,0,0,0},
  {0,0,0,0,0,0},
  {0,0,0,0,0,0},
  {0,0,0,0,0,0},
  {0,0,0,0,0,0},
  {0,0,0,0,0,0},
  {0,0,0,0,0,0},
  {0,0,0,0,0,0},
  {0,0,0,0,0,0},
  {0,0,0,0,0,0},
  {0,0,0,0,0,0},
  {0,0,0,0,0,0},
  {0,0,0,0,0,0},
  {0,0,0,0,0,0},
  {0,0,0,0,0,0},
  {0,0,0,0,0,0},
  {0,0,0,0,0,0},
  {0,0,0,0,0,0},
  {0,0,0,0,0,0},
  {0,0,0,0,0,0},
  {0,0,0,0,0,0},
  {0,0,0,0,0,0},
  {0,0,0,0,0,0},
  {0,0,0,0,0,0},
  {0,0,0,0,0,0},
  {0,0,0,0,0,0},
  {0,0,0,0,0,0},
  {0,0,0,0,0,0},
  {0,0,0,0,0,0},
  {0,0,0,0,0,0},
  {0,0,0,0,0,0},
  {0,0,0,0,0,0},
  {0,0,0,0,0,0},
  {0,0,0,0,0,0},
  {0,0,0,0,0,0},
  {0,0,0,0,0,0},
  {0,0,0,0,0,0},
  {0,0,0,0,0,0},
  {0,0,0,0,0,0},
  {0,0,0,0,0,0},
  {0,0,0,0,0,0},
  {0,0,0,0,0,0},
  {8748,16,15,20,2,-34},
  {0,0,0,0,0,0},
  {0,0,0,0,0,0},
  {0,0,0,0,0,0},
  {0,0,0,0,0,0},
  {0,0,0,0,0,0},
  {0,0,0,0,0,0},
  {0,0,0,0,0,0},
  {0,0,0,0,0,0},
  {0,0,0,0,0,0},
  {0,0,0,0,0,0},
  {0,0,0,0,0,0},
  {0,0,0,0,0,0},
  {0,0,0,0,0,0},
  {0,0,0,0,0,0},
  {0,0,0,0,0,0},
  {0,0,0,0,0,0},
  {0,0,0,0,0,0},
  {0,0,0,0,0,0},
  {0,0,0,0,0,0},
  {0,0,0,0,0,0},
  {0,0,0,0,0,0},
  {0,0,0,0,0,0},
  {0,0,0,0,0,0},
  {0,0,0,0,0,0},
  {0,0,0,0,0,0},
  {0,0,0,0,0,0},
  {0,0,0,0,0,0},
  {0,0,0,0,0,0},
  {0,0,0,0,0,0},
  {0,0,0,0,0,0},
  {0,0,0,0,0,0},
  {0,0,0,0,0,0},
  {0,0,0,0,0,0},
  {0,0,0,0,0,0},
  {0,0,0,0,0,0},
  {0,0,0,0,0,0},
  {0,0,0,0,0,0},
  {0,0,0,0,0,0},
  {0,0,0,0,0,0},
  {0,0,0,0,0,0},
  {0,0,0,0,0,0},
  {0,0,0,0,0,0},
  {0,0,0,0,0,0},
  {0,0,0,0,0,0},
  {0,0,0,0,0,0},
  {0,0,0,0,0,0},
  {0,0,0,0,0,0},
  {0,0,0,0,0,0},
  {0,0,0,0,0,0},
  {0,0,0,0,0,0},
  {0,0,0,0,0,0},
  {0,0,0,0,0,0},
  {0,0,0,0,0,0},
  {0,0,0,0,0,0},
  {0,0,0,0,0,0},
  {0,0,0,0,0,0},
  {0,0,0,0,0,0},
  {0,0,0,0,0,0},
  {0,0,0,0,0,0},
  {0,0,0,0,0,0},
  {0,0,0,0,0,0},
  {0,0,0,0,0,0},
  {0,0,0,0,0,0},
  {0,0,0,0,0,0},
  {0,0,0,0,0,0},
  {0,0,0,0,0,0},
  {0,0,0,0,0,0},
  {0,0,0,0,0,0},
  {0,0,0,0,0,0},
  {0,0,0,0,0,0},
  {0,0,0,0,0,0},
  {0,0,0,0,0,0},
  {0,0,0,0,0,0},
  {0,0,0,0,0,0},
  {0,0,0,0,0,0},
  {0,0,0,0,0,0},
  {0,0,0,0,0,0},
  {0,0,0,0,0,0},
  {0,0,0,0,0,0},
  {0,0,0,0,0,0},
  {0,0,0,0,0,0},
  {0,0,0,0,0,0},
  {0,0,0,0,0,0},
  {0,0,0,0,0,0},
  {0,0,0,0,0,0},
  {0,0,0,0,0,0},
  {0,0,0,0,0,0},
  {0,0,0,0,0,0},
  {0,0,0,0,0,0},
  {0,0,0,0,0,0},
  {0,0,0,0,0,0},
  {0,0,0,0,0,0},
  {0,0,0,0,0,0},
  {0,0,0,0,0,0},
  {0,0,0,0,0,0},
  {0,0,0,0,0,0},
  {0,0,0,0,0,0},
  {0,0,0,0,0,0},
  {0,0,0,0,0,0},
  {0,0,0,0,0,0},
  {0,0,0,0,0,0},
  {0,0,0,0,0,0},
  {0,0,0,0,0,0},
  {0,0,0,0,0,0},
  {0,0,0,0,0,0},
  {0,0,0,0,0,0},
  {0,0,0,0,0,0},
  {0,0,0,0,0,0},
  {0,0,0,0,0,0},
  {0,0,0,0,0,0},
  {0,0,0,0,0,0},
  {0,0,0,0,0,0},
  {0,0,0,0,0,0},
  {0,0,0,0,0,0},
  {0,0,0,0,0,0},
  {0,0,0,0,0,0},
  {0,0,0,0,0,0},
  {0,0,0,0,0,0},
  {0,0,0,0,0,0},
  {0,0,0,0,0,0},
  {0,0,0,0,0,0},
  {0,0,0,0,0,0},
  {0,0,0,0,0,0},
  {0,0,0,0,0,0},
  {0,0,0,0,0,0},
  {0,0,0,0,0,0},
  {0,0,0,0,0,0},
  {0,0,0,0,0,0},
  {0,0,0,0,0,0},
  {0,0,0,0,0,0},
  {0,0,0,0,0,0},
  {0,0,0,0,0,0},
  {0,0,0,0,0,0},
  {0,0,0,0,0,0},
  {0,0,0,0,0,0},
  {0,0,0,0,0,0},
  {0,0,0,0,0,0},
  {0,0,0,0,0,0},
  {0,0,0,0,0,0},
  {0,0,0,0,0,0},
  {0,0,0,0,0,0},
  {0,0,0,0,0,0},
  {0,0,0,0,0,0},
  {0,0,0,0,0,0},
  {0,0,0,0,0,0},
  {0,0,0,0,0,0},
  {0,0,0,0,0,0},
  {0,0,0,0,0,0},
  {0,0,0,0,0,0},
  {0,0,0,0,0,0},
  {0,0,0,0,0,0},
  {0,0,0,0,0,0},
  {0,0,0,0,0,0},
  {0,0,0,0,0,0},
  {0,0,0,0,0,0},
  {0,0,0,0,0,0},
  {0,0,0,0,0,0},
  {0,0,0,0,0,0},
  {0,0,0,0,0,0},
  {0,0,0,0,0,0},
  {0,0,0,0,0,0},
  {0,0,0,0,0,0},
  {0,0,0,0,0,0},
  {0,0,0,0,0,0},
  {0,0,0,0,0,0},
  {0,0,0,0,0,0},
  {0,0,0,0,0,0},
  {0,0,0,0,0,0},
  {0,0,0,0,0,0},
  {0,0,0,0,0,0},
  {0,0,0,0,0,0},
  {0,0,0,0,0,0},
  {0,0,0,0,0,0},
  {0,0,0,0,0,0},
  {0,0,0,0,0,0},
  {0,0,0,0,0,0},
  {0,0,0,0,0,0},
  {0,0,0,0,0,0},
  {0,0,0,0,0,0},
  {0,0,0,0,0,0},
  {0,0,0,0,0,0},
  {0,0,0,0,0,0},
  {0,0,0,0,0,0},
  {0,0,0,0,0,0},
  {0,0,0,0,0,0},
  {0,0,0,0,0,0},
  {0,0,0,0,0,0},
  {0,0,0,0,0,0},
  {0,0,0,0,0,0},
  {0,0,0,0,0,0},
  {0,0,0,0,0,0},
  {0,0,0,0,0,0},
  {0,0,0,0,0,0},
  {0,0,0,0,0,0},
  {0,0,0,0,0,0},
  {0,0,0,0,0,0},
  {0,0,0,0,0,0},
  {0,0,0,0,0,0},
  {0,0,0,0,0,0},
  {0,0,0,0,0,0},
  {0,0,0,0,0,0},
  {0,0,0,0,0,0},
  {0,0,0,0,0,0},
  {0,0,0,0,0,0},
  {0,0,0,0,0,0},
  {0,0,0,0,0,0},
  {0,0,0,0,0,0},
  {0,0,0,0,0,0},
  {0,0,0,0,0,0},
  {0,0,0,0,0,0},
  {0,0,0,0,0,0},
  {0,0,0,0,0,0},
  {0,0,0,0,0,0},
  {0,0,0,0,0,0},
  {0,0,0,0,0,0},
  {0,0,0,0,0,0},
  {0,0,0,0,0,0},
  {0,0,0,0,0,0},
  {0,0,0,0,0,0},
  {0,0,0,0,0,0},
  {0,0,0,0,0,0},
  {0,0,0,0,0,0},
  {0,0,0,0,0,0},
  {0,0,0,0,0,0},
  {0,0,0,0,0,0},
  {0,0,0,0,0,0},
  {0,0,0,0,0,0},
  {0,0,0,0,0,0},
  {0,0,0,0,0,0},
  {0,0,0,0,0,0},
  {0,0,0,0,0,0},
  {0,0,0,0,0,0},
  {0,0,0,0,0,0},
  {0,0,0,0,0,0},
  {0,0,0,0,0,0},
  {0,0,0,0,0,0},
  {0,0,0,0,0,0},
  {0,0,0,0,0,0},
  {0,0,0,0,0,0},
  {0,0,0,0,0,0},
  {0,0,0,0,0,0},
  {0,0,0,0,0,0},
  {0,0,0,0,0,0},
  {0,0,0,0,0,0},
  {0,0,0,0,0,0},
  {0,0,0,0,0,0},
  {0,0,0,0,0,0},
  {0,0,0,0,0,0},
  {0,0,0,0,0,0},
  {0,0,0,0,0,0},
  {0,0,0,0,0,0},
  {0,0,0,0,0,0},
  {0,0,0,0,0,0},
  {0,0,0,0,0,0},
  {0,0,0,0,0,0},
  {0,0,0,0,0,0},
  {0,0,0,0,0,0},
  {0,0,0,0,0,0},
  {0,0,0,0,0,0},
  {0,0,0,0,0,0},
  {0,0,0,0,0,0},
  {0,0,0,0,0,0},
  {0,0,0,0,0,0},
  {0,0,0,0,0,0},
  {0,0,0,0,0,0},
  {0,0,0,0,0,0},
  {0,0,0,0,0,0},
  {0,0,0,0,0,0},
  {0,0,0,0,0,0},
  {0,0,0,0,0,0},
  {0,0,0,0,0,0},
  {0,0,0,0,0,0},
  {0,0,0,0,0,0},
  {0,0,0,0,0,0},
  {0,0,0,0,0,0},
  {0,0,0,0,0,0},
  {0,0,0,0,0,0},
  {0,0,0,0,0,0},
  {0,0,0,0,0,0},
  {0,0,0,0,0,0},
  {0,0,0,0,0,0},
  {0,0,0,0,0,0},
  {0,0,0,0,0,0},
  {0,0,0,0,0,0},
  {0,0,0,0,0,0},
  {0,0,0,0,0,0},
  {0,0,0,0,0,0},
  {0,0,0,0,0,0},
  {0,0,0,0,0,0},
  {0,0,0,0,0,0},
  {0,0,0,0,0,0},
  {0,0,0,0,0,0},
  {0,0,0,0,0,0},
  {0,0,0,0,0,0},
  {0,0,0,0,0,0},
  {0,0,0,0,0,0},
  {0,0,0,0,0,0},
  {0,0,0,0,0,0},
  {0,0,0,0,0,0},
  {0,0,0,0,0,0},
  {0,0,0,0,0,0},
  {0,0,0,0,0,0},
  {0,0,0,0,0,0},
  {0,0,0,0,0,0},
  {0,0,0,0,0,0},
  {0,0,0,0,0,0},
  {0,0,0,0,0,0},
  {0,0,0,0,0,0},
  {0,0,0,0,0,0},
  {0,0,0,0,0,0},
  {0,0,0,0,0,0},
  {0,0,0,0,0,0},
  {0,0,0,0,0,0},
  {0,0,0,0,0,0},
  {0,0,0,0,0,0},
  {0,0,0,0,0,0},
  {0,0,0,0,0,0},
  {0,0,0,0,0,0},
  {0,0,0,0,0,0},
  {0,0,0,0,0,0},
  {0,0,0,0,0,0},
  {0,0,0,0,0,0},
  {0,0,0,0,0,0},
  {0,0,0,0,0,0},
  {0,0,0,0,0,0},
  {0,0,0,0,0,0},
  {0,0,0,0,0,0},
  {0,0,0,0,0,0},
  {0,0,0,0,0,0},
  {0,0,0,0,0,0},
  {0,0,0,0,0,0},
  {0,0,0,0,0,0},
  {0,0,0,0,0,0},
  {0,0,0,0,0,0},
  {0,0,0,0,0,0},
  {0,0,0,0,0,0},
  {0,0,0,0,0,0},
  {0,0,0,0,0,0},
  {0,0,0,0,0,0},
  {0,0,0,0,0,0},
  {0,0,0,0,0,0},
  {0,0,0,0,0,0},
  {0,0,0,0,0,0},
  {0,0,0,0,0,0},
  {0,0,0,0,0,0},
  {0,0,0,0,0,0},
  {0,0,0,0,0,0},
  {0,0,0,0,0,0},
  {0,0,0,0,0,0},
  {0,0,0,0,0,0},
  {0,0,0,0,0,0},
  {0,0,0,0,0,0},
  {0,0,0,0,0,0},
  {0,0,0,0,0,0},
  {0,0,0,0,0,0},
  {0,0,0,0,0,0},
  {0,0,0,0,0,0},
  {0,0,0,0,0,0},
  {0,0,0,0,0,0},
  {0,0,0,0,0,0},
  {0,0,0,0,0,0},
  {0,0,0,0,0,0},
  {0,0,0,0,0,0},
  {0,0,0,0,0,0},
  {0,0,0,0,0,0},
  {0,0,0,0,0,0},
  {0,0,0,0,0,0},
  {0,0,0,0,0,0},
  {0,0,0,0,0,0},
  {0,0,0,0,0,0},
  {0,0,0,0,0,0},
  {0,0,0,0,0,0},
  {0,0,0,0,0,0},
  {0,0,0,0,0,0},
  {0,0,0,0,0,0},
  {0,0,0,0,0,0},
  {0,0,0,0,0,0},
  {0,0,0,0,0,0},
  {0,0,0,0,0,0},
  {0,0,0,0,0,0},
  {0,0,0,0,0,0},
  {0,0,0,0,0,0},
  {0,0,0,0,0,0},
  {0,0,0,0,0,0},
  {0,0,0,0,0,0},
  {0,0,0,0,0,0},
  {0,0,0,0,0,0},
  {0,0,0,0,0,0},
  {0,0,0,0,0,0},
  {0,0,0,0,0,0},
  {0,0,0,0,0,0},
  {0,0,0,0,0,0},
  {0,0,0,0,0,0},
  {0,0,0,0,0,0},
  {0,0,0,0,0,0},
  {0,0,0,0,0,0},
  {0,0,0,0,0,0},
  {0,0,0,0,0,0},
  {0,0,0,0,0,0},
  {0,0,0,0,0,0},
  {0,0,0,0,0,0},
  {0,0,0,0,0,0},
  {0,0,0,0,0,0},
  {0,0,0,0,0,0},
  {0,0,0,0,0,0},
  {0,0,0,0,0,0},
  {0,0,0,0,0,0},
  {0,0,0,0,0,0},
  {0,0,0,0,0,0},
  {0,0,0,0,0,0},
  {0,0,0,0,0,0},
  {0,0,0,0,0,0},
  {0,0,0,0,0,0},
  {0,0,0,0,0,0},
  {0,0,0,0,0,0},
  {0,0,0,0,0,0},
  {0,0,0,0,0,0},
  {0,0,0,0,0,0},
  {0,0,0,0,0,0},
  {0,0,0,0,0,0},
  {0,0,0,0,0,0},
  {0,0,0,0,0,0},
  {0,0,0,0,0,0},
  {0,0,0,0,0,0},
  {0,0,0,0,0,0},
  {0,0,0,0,0,0},
  {0,0,0,0,0,0},
  {0,0,0,0,0,0},
  {0,0,0,0,0,0},
  {0,0,0,0,0,0},
  {0,0,0,0,0,0},
  {0,0,0,0,0,0},
  {0,0,0,0,0,0},
  {0,0,0,0,0,0},
  {0,0,0,0,0,0},
  {0,0,0,0,0,0},
  {0,0,0,0,0,0},
  {0,0,0,0,0,0},
  {0,0,0,0,0,0},
  {0,0,0,0,0,0},
  {0,0,0,0,0,0},
  {0,0,0,0,0,0},
  {0,0,0,0,0,0},
  {0,0,0,0,0,0},
  {0,0,0,0,0,0},
  {0,0,0,0,0,0},
  {0,0,0,0,0,0},
  {0,0,0,0,0,0},
  {0,0,0,0,0,0},
  {0,0,0,0,0,0},
  {0,0,0,0,0,0},
  {0,0,0,0,0,0},
  {0,0,0,0,0,0},
  {0,0,0,0,0,0},
  {0,0,0,0,0,0},
  {0,0,0,0,0,0},
  {0,0,0,0,0,0},
  {0,0,0,0,0,0},
  {0,0,0,0,0,0},
  {0,0,0,0,0,0},
  {0,0,0,0,0,0},
  {0,0,0,0,0,0},
  {0,0,0,0,0,0},
  {0,0,0,0,0,0},
  {0,0,0,0,0,0},
  {0,0,0,0,0,0},
  {0,0,0,0,0,0},
  {0,0,0,0,0,0},
  {0,0,0,0,0,0},
  {0,0,0,0,0,0},
  {0,0,0,0,0,0},
  {0,0,0,0,0,0},
  {0,0,0,0,0,0},
  {0,0,0,0,0,0},
  {0,0,0,0,0,0},
  {0,0,0,0,0,0},
  {0,0,0,0,0,0},
  {0,0,0,0,0,0},
  {0,0,0,0,0,0},
  {0,0,0,0,0,0},
  {0,0,0,0,0,0},
  {0,0,0,0,0,0},
  {0,0,0,0,0,0},
  {0,0,0,0,0,0},
  {0,0,0,0,0,0},
  {0,0,0,0,0,0},
  {0,0,0,0,0,0},
  {0,0,0,0,0,0},
  {0,0,0,0,0,0},
  {0,0,0,0,0,0},
  {0,0,0,0,0,0},
  {0,0,0,0,0,0},
  {0,0,0,0,0,0},
  {0,0,0,0,0,0},
  {0,0,0,0,0,0},
  {0,0,0,0,0,0},
  {0,0,0,0,0,0},
  {0,0,0,0,0,0},
  {0,0,0,0,0,0},
  {0,0,0,0,0,0},
  {0,0,0,0,0,0},
  {0,0,0,0,0,0},
  {0,0,0,0,0,0},
  {0,0,0,0,0,0},
  {0,0,0,0,0,0},
  {0,0,0,0,0,0},
  {0,0,0,0,0,0},
  {0,0,0,0,0,0},
  {0,0,0,0,0,0},
  {0,0,0,0,0,0},
  {0,0,0,0,0,0},
  {0,0,0,0,0,0},
  {0,0,0,0,0,0},
  {0,0,0,0,0,0},
  {0,0,0,0,0,0},
  {0,0,0,0,0,0},
  {0,0,0,0,0,0},
  {0,0,0,0,0,0},
  {0,0,0,0,0,0},
  {0,0,0,0,0,0},
  {0,0,0,0,0,0},
  {0,0,0,0,0,0},
  {0,0,0,0,0,0},
  {0,0,0,0,0,0},
  {0,0,0,0,0,0},
  {0,0,0,0,0,0},
  {0,0,0,0,0,0},
  {0,0,0,0,0,0},
  {0,0,0,0,0,0},
  {0,0,0,0,0,0},
  {0,0,0,0,0,0},
  {0,0,0,0,0,0},
  {0,0,0,0,0,0},
  {0,0,0,0,0,0},
  {0,0,0,0,0,0},
  {0,0,0,0,0,0},
  {0,0,0,0,0,0},
  {0,0,0,0,0,0},
  {0,0,0,0,0,0},
  {0,0,0,0,0,0},
  {0,0,0,0,0,0},
  {0,0,0,0,0,0},
  {0,0,0,0,0,0},
  {0,0,0,0,0,0},
  {0,0,0,0,0,0},
  {0,0,0,0,0,0},
  {0,0,0,0,0,0},
  {0,0,0,0,0,0},
  {0,0,0,0,0,0},
  {0,0,0,0,0,0},
  {0,0,0,0,0,0},
  {0,0,0,0,0,0},
  {0,0,0,0,0,0},
  {0,0,0,0,0,0},
  {0,0,0,0,0,0},
  {0,0,0,0,0,0},
  {0,0,0,0,0,0},
  {0,0,0,0,0,0},
  {0,0,0,0,0,0},
  {0,0,0,0,0,0},
  {0,0,0,0,0,0},
  {0,0,0,0,0,0},
  {0,0,0,0,0,0},
  {0,0,0,0,0,0},
  {0,0,0,0,0,0},
  {0,0,0,0,0,0},
  {0,0,0,0,0,0},
  {0,0,0,0,0,0},
  {0,0,0,0,0,0},
  {0,0,0,0,0,0},
  {0,0,0,0,0,0},
  {0,0,0,0,0,0},
  {0,0,0,0,0,0},
  {0,0,0,0,0,0},
  {0,0,0,0,0,0},
  {0,0,0,0,0,0},
  {0,0,0,0,0,0},
  {0,0,0,0,0,0},
  {0,0,0,0,0,0},
  {0,0,0,0,0,0},
  {0,0,0,0,0,0},
  {0,0,0,0,0,0},
  {0,0,0,0,0,0},
  {0,0,0,0,0,0},
  {0,0,0,0,0,0},
  {0,0,0,0,0,0},
  {0,0,0,0,0,0},
  {0,0,0,0,0,0},
  {0,0,0,0,0,0},
  {0,0,0,0,0,0},
  {0,0,0,0,0,0},
  {0,0,0,0,0,0},
  {0,0,0,0,0,0},
  {0,0,0,0,0,0},
  {0,0,0,0,0,0},
  {0,0,0,0,0,0},
  {0,0,0,0,0,0},
  {0,0,0,0,0,0},
  {0,0,0,0,0,0},
  {0,0,0,0,0,0},
  {0,0,0,0,0,0},
  {0,0,0,0,0,0},
  {0,0,0,0,0,0},
  {0,0,0,0,0,0},
  {0,0,0,0,0,0},
  {0,0,0,0,0,0},
  {0,0,0,0,0,0},
  {0,0,0,0,0,0},
  {0,0,0,0,0,0},
  {0,0,0,0,0,0},
  {0,0,0,0,0,0},
  {0,0,0,0,0,0},
  {0,0,0,0,0,0},
  {0,0,0,0,0,0},
  {0,0,0,0,0,0},
  {0,0,0,0,0,0},
  {0,0,0,0,0,0},
  {0,0,0,0,0,0},
  {0,0,0,0,0,0},
  {0,0,0,0,0,0},
  {0,0,0,0,0,0},
  {0,0,0,0,0,0},
  {0,0,0,0,0,0},
  {0,0,0,0,0,0},
  {0,0,0,0,0,0},
  {0,0,0,0,0,0},
  {0,0,0,0,0,0},
  {0,0,0,0,0,0},
  {0,0,0,0,0,0},
  {0,0,0,0,0,0},
  {0,0,0,0,0,0},
  {0,0,0,0,0,0},
  {0,0,0,0,0,0},
  {0,0,0,0,0,0},
  {0,0,0,0,0,0},
  {0,0,0,0,0,0},
  {0,0,0,0,0,0},
  {0,0,0,0,0,0},
  {0,0,0,0,0,0},
  {0,0,0,0,0,0},
  {0,0,0,0,0,0},
  {0,0,0,0,0,0},
  {0,0,0,0,0,0},
  {0,0,0,0,0,0},
  {0,0,0,0,0,0},
  {0,0,0,0,0,0},
  {0,0,0,0,0,0},
  {0,0,0,0,0,0},
  {0,0,0,0,0,0},
  {0,0,0,0,0,0},
  {0,0,0,0,0,0},
  {0,0,0,0,0,0},
  {0,0,0,0,0,0},
  {0,0,0,0,0,0},
  {0,0,0,0,0,0},
  {0,0,0,0,0,0},
  {0,0,0,0,0,0},
  {0,0,0,0,0,0},
  {0,0,0,0,0,0},
  {0,0,0,0,0,0},
  {0,0,0,0,0,0},
  {0,0,0,0,0,0},
  {0,0,0,0,0,0},
  {0,0,0,0,0,0},
  {0,0,0,0,0,0},
  {0,0,0,0,0,0},
  {0,0,0,0,0,0},
  {0,0,0,0,0,0},
  {0,0,0,0,0,0},
  {0,0,0,0,0,0},
  {0,0,0,0,0,0},
  {0,0,0,0,0,0},
  {0,0,0,0,0,0},
  {0,0,0,0,0,0},
  {0,0,0,0,0,0},
  {0,0,0,0,0,0},
  {0,0,0,0,0,0},
  {0,0,0,0,0,0},
  {0,0,0,0,0,0},
  {0,0,0,0,0,0},
  {0,0,0,0,0,0},
  {0,0,0,0,0,0},
  {0,0,0,0,0,0},
  {0,0,0,0,0,0},
  {0,0,0,0,0,0},
  {0,0,0,0,0,0},
  {0,0,0,0,0,0},
  {0,0,0,0,0,0},
  {0,0,0,0,0,0},
  {0,0,0,0,0,0},
  {0,0,0,0,0,0},
  {0,0,0,0,0,0},
  {0,0,0,0,0,0},
  {0,0,0,0,0,0},
  {0,0,0,0,0,0},
  {0,0,0,0,0,0},
  {0,0,0,0,0,0},
  {0,0,0,0,0,0},
  {0,0,0,0,0,0},
  {0,0,0,0,0,0},
  {0,0,0,0,0,0},
  {0,0,0,0,0,0},
  {0,0,0,0,0,0},
  {0,0,0,0,0,0},
  {0,0,0,0,0,0},
  {0,0,0,0,0,0},
  {0,0,0,0,0,0},
  {0,0,0,0,0,0},
  {0,0,0,0,0,0},
  {0,0,0,0,0,0},
  {0,0,0,0,0,0},
  {0,0,0,0,0,0},
  {0,0,0,0,0,0},
  {0,0,0,0,0,0},
  {0,0,0,0,0,0},
  {0,0,0,0,0,0},
  {0,0,0,0,0,0},
  {0,0,0,0,0,0},
  {0,0,0,0,0,0},
  {0,0,0,0,0,0},
  {0,0,0,0,0,0},
  {0,0,0,0,0,0},
  {0,0,0,0,0,0},
  {0,0,0,0,0,0},
  {0,0,0,0,0,0},
  {0,0,0,0,0,0},
  {0,0,0,0,0,0},
  {0,0,0,0,0,0},
  {0,0,0,0,0,0},
  {0,0,0,0,0,0},
  {0,0,0,0,0,0},
  {0,0,0,0,0,0},
  {0,0,0,0,0,0},
  {0,0,0,0,0,0},
  {0,0,0,0,0,0},
  {0,0,0,0,0,0},
  {0,0,0,0,0,0},
  {0,0,0,0,0,0},
  {0,0,0,0,0,0},
  {0,0,0,0,0,0},
  {0,0,0,0,0,0},
  {0,0,0,0,0,0},
  {0,0,0,0,0,0},
  {0,0,0,0,0,0},
  {0,0,0,0,0,0},
  {0,0,0,0,0,0},
  {0,0,0,0,0,0},
  {0,0,0,0,0,0},
  {0,0,0,0,0,0},
  {0,0,0,0,0,0},
  {0,0,0,0,0,0},
  {0,0,0,0,0,0},
  {0,0,0,0,0,0},
  {0,0,0,0,0,0},
  {0,0,0,0,0,0},
  {0,0,0,0,0,0},
  {0,0,0,0,0,0},
  {0,0,0,0,0,0},
  {0,0,0,0,0,0},
  {0,0,0,0,0,0},
  {0,0,0,0,0,0},
  {0,0,0,0,0,0},
  {0,0,0,0,0,0},
  {0,0,0,0,0,0},
  {0,0,0,0,0,0},
  {0,0,0,0,0,0},
  {0,0,0,0,0,0},
  {0,0,0,0,0,0},
  {0,0,0,0,0,0},
  {0,0,0,0,0,0},
  {0,0,0,0,0,0},
  {0,0,0,0,0,0},
  {0,0,0,0,0,0},
  {0,0,0,0,0,0},
  {0,0,0,0,0,0},
  {0,0,0,0,0,0},
  {0,0,0,0,0,0},
  {0,0,0,0,0,0},
  {0,0,0,0,0,0},
  {0,0,0,0,0,0},
  {0,0,0,0,0,0},
  {0,0,0,0,0,0},
  {0,0,0,0,0,0},
  {0,0,0,0,0,0},
  {0,0,0,0,0,0},
  {0,0,0,0,0,0},
  {0,0,0,0,0,0},
  {0,0,0,0,0,0},
  {0,0,0,0,0,0},
  {0,0,0,0,0,0},
  {0,0,0,0,0,0},
  {0,0,0,0,0,0},
  {0,0,0,0,0,0},
  {0,0,0,0,0,0},
  {0,0,0,0,0,0},
  {0,0,0,0,0,0},
  {0,0,0,0,0,0},
  {0,0,0,0,0,0},
  {0,0,0,0,0,0},
  {0,0,0,0,0,0},
  {0,0,0,0,0,0},
  {0,0,0,0,0,0},
  {0,0,0,0,0,0},
  {0,0,0,0,0,0},
  {0,0,0,0,0,0},
  {0,0,0,0,0,0},
  {0,0,0,0,0,0},
  {0,0,0,0,0,0},
  {0,0,0,0,0,0},
  {0,0,0,0,0,0},
  {0,0,0,0,0,0},
  {0,0,0,0,0,0},
  {0,0,0,0,0,0},
  {0,0,0,0,0,0},
  {0,0,0,0,0,0},
  {0,0,0,0,0,0},
  {0,0,0,0,0,0},
  {0,0,0,0,0,0},
  {0,0,0,0,0,0},
  {0,0,0,0,0,0},
  {0,0,0,0,0,0},
  {0,0,0,0,0,0},
  {0,0,0,0,0,0},
  {0,0,0,0,0,0},
  {0,0,0,0,0,0},
  {0,0,0,0,0,0},
  {0,0,0,0,0,0},
  {0,0,0,0,0,0},
  {0,0,0,0,0,0},
  {0,0,0,0,0,0},
  {0,0,0,0,0,0},
  {0,0,0,0,0,0},
  {0,0,0,0,0,0},
  {0,0,0,0,0,0},
  {0,0,0,0,0,0},
  {0,0,0,0,0,0},
  {0,0,0,0,0,0},
  {0,0,0,0,0,0},
  {0,0,0,0,0,0},
  {0,0,0,0,0,0},
  {0,0,0,0,0,0},
  {0,0,0,0,0,0},
  {0,0,0,0,0,0},
  {0,0,0,0,0,0},
  {0,0,0,0,0,0},
  {0,0,0,0,0,0},
  {0,0,0,0,0,0},
  {8778,28,44,33,3,-44},
  {8932,28,42,33,3,-42},
  {9079,41,34,43,0,-34},
  {9254,24,44,28,3,-44},
  {9386,31,34,35,2,-34},
  {9518,30,34,33,1,-34},
  {9646,7,34,14,3,-34},
  {9676,16,42,14,-1,-42},
  {9760,23,34,27,1,-34},
  {9858,52,34,54,0,-34},
  {10079,47,34,52,3,-34},
  {10279,40,34,43,0,-34},
  {10449,27,44,30,3,-44},
  {10598,29,44,35,3,-44},
  {10758,31,45,30,0,-45},
  {10933,29,44,35,3,-34},
  {11093,33,34,35,1,-34},
  {11234,31,34,35,3,-34},
  {11366,30,34,35,3,-34},
  {11494,24,34,28,3,-34},
  {11596,34,44,35,0,-34},
  {11783,28,34,33,3,-34},
  {11902,44,34,44,0,-34},
  {12089,27,34,31,1,-34},
  {12204,29,34,35,3,-34},
  {12328,29,45,35,3,-45},
  {12492,27,34,30,3,-34},
  {12607,31,34,34,0,-34},
  {12739,35,34,41,3,-34},
  {12888,29,34,35,3,-34},
  {13012,34,34,38,2,-34},
  {13157,29,34,35,3,-34},
  {13281,28,34,33,3,-34},
  {13400,32,34,35,2,-34},
  {13536,29,34,30,0,-34},
  {13660,31,34,30,0,-34},
  {13792,38,34,42,2,-34},
  {13954,31,34,33,1,-34},
  {14086,33,44,36,3,-34},
  {14268,28,34,34,3,-34},
  {14387,43,34,49,3,-34},
  {14570,47,44,50,3,-34},
  {14829,41,34,43,0,-34},
  {15004,42,34,48,3,-34},
  {15183,31,34,35,3,-34},
  {15315,32,34,35,1,-34},
  {15451,46,34,51,3,-34},
  {15647,31,34,35,1,-34},
  {15779,27,26,27,1,-26},
  {15867,26,36,30,2,-36},
  {15984,25,26,30,3,-26},
  {16066,16,26,20,3,-26},
  {16118,30,36,31,0,-26},
  {16253,24,26,27,2,-26},
  {16331,35,26,35,0,-26},
  {16445,22,26,24,1,-26},
  {16517,24,26,30,3,-26},
  {16595,24,37,30,3,-37},
  {16706,21,26,25,3,-26},
  {16775,28,26,31,0,-26},
  {16866,30,26,36,3,-26},
  {16964,23,26,30,3,-26},
  {17039,26,26,30,2,-26},
  {17124,23,26,30,3,-26},
  {17199,25,36,30,3,-26},
  {17312,24,26,27,2,-26},
  {17390,22,26,24,1,-26},
  {17462,26,36,27,1,-26},
  {17579,39,46,43,2,-36},
  {17804,26,26,27,1,-26},
  {17889,27,36,30,3,-26},
  {18011,23,26,28,2,-26},
  {18086,34,26,41,3,-26},
  {18197,38,36,41,3,-26},
  {18368,33,26,36,1,-26},
  {18476,35,26,42,3,-26},
  {18590,25,26,30,3,-26},
  {18672,24,26,27,1,-26},
  {18750,37,26,42,3,-26},
  {18871,25,26,29,0,-26},
  {18953,24,37,27,2,-37},
  {19064,24,35,27,2,-35},
  {19169,27,46,30,0,-36},
  {19325,17,37,20,3,-37},
  {19404,24,26,27,2,-26},
  {19482,23,26,27,2,-26},
  {19557,7,36,14,3,-36},
  {19589,16,35,14,-1,-35},
  {19659,11,46,14,-1,-36},
  {19723,45,26,47,0,-26},
  {19870,39,26,44,3,-26},
  {19997,27,36,30,0,-36},
  {20119,21,37,25,3,-37},
  {20217,24,37,30,3,-37},
  {20328,26,47,27,1,-37},
  {20481,23,36,30,3,-26},
};
static const lgfx::GFXfont LibSans34((uint8_t *)LibSans34_bitmap, (lgfx::GFXglyph *)LibSans34_glyphs, 0x20, 0x45F, 56);
