// Liberation Serif Bold, cap height 68px, U+0020..U+045F (ASCII + Cyrillic)
#pragma once

static const uint8_t LibSerif68_bitmap[] PROGMEM = {
  0x7F,0xFF,0x3F,0xFF,0x9F,0xFF,0xCF,0xFF,0xE7,0xFF,0xE3,0xFF,0xF1,0xFF,0xF8,0xFF,0xFC,0x7F,0xFE,0x1F,0xFF,0x0F,0xFF,0x87,
  0xFF,0xC3,0xFF,0xE1,0xFF,0xF0,0xFF,0xF0,0x7F,0xF8,0x3F,0xFC,0x1F,0xFE,0x0F,0xFF,0x03,0xFF,0x81,0xFF,0xC0,0xFF,0xE0,0x7F,
  0xF0,0x3F,0xF8,0x1F,0xF8,0x0F,0xFC,0x07,0xFE,0x03,0xFF,0x01,0xFF,0x80,0x7F,0xC0,0x3F,0xE0,0x1F,0xF0,0x0F,0xF8,0x07,0xF8,
  0x03,0xFC,0x01,0xFE,0x00,0xFF,0x00,0x7F,0x80,0x3F,0xC0,0x0F,0xE0,0x07,0xF0,0x03,0xF8,0x01,0xFC,0x00,0xFC,0x00,0x7E,0x00,
  0x3F,0x00,0x00,0x00,0x00,0x00,0x00,0x00,0x00,0x00,0x00,0x00,0x00,0x00,0x00,0x7E,0x00,0xFF,0xC0,0xFF,0xF0,0xFF,0xFC,0x7F,
  0xFF,0x7F,0xFF,0xBF,0xFF,0xFF,0xFF,0xFF,0xFF,0xFF,0xFF,0xFF,0xFF,0xFF,0xFF,0xFE,0x7F,0xFF,0x3F,0xFF,0x0F,0xFF,0x03,0xFF,
  0x00,0x7E,0x00,0xFF,0xF8,0x07,0xFF,0xFF,0xFC,0x01,0xFF,0xFF,0xFF,0x00,0x7F,0xFF,0xFF,0xC0,0x0F,0xFF,0xFF,0xF0,0x03,0xFF,
  0xFF,0xFC,0x00,0xFF,0xE7,0xFF,0x00,0x3F,0xF9,0xFF,0x80,0x0F,0xFE,0x7F,0xE0,0x03,0xFF,0x9F,0xF8,0x00,0x7F,0xE7,0xFE,0x00,
  0x1F,0xF9,0xFF,0x80,0x07,0xFC,0x7F,0xE0,0x01,0xFF,0x0F,0xF0,0x00,0x7F,0xC3,0xFC,0x00,0x1F,0xF0,0xFF,0x00,0x03,0xFC,0x3F,
  0xC0,0x00,0xFF,0x0F,0xF0,0x00,0x3F,0x83,0xFC,0x00,0x0F,0xE0,0x7E,0x00,0x03,0xF8,0x1F,0x80,0x00,0xFE,0x07,0xE0,0x00,0x1F,
  0x81,0xF8,0x00,0x07,0xE0,0x7E,0x00,0x01,0xF0,0x00,0x00,0x7F,0x00,0x03,0xF8,0x00,0x00,0x1F,0xC0,0x00,0xFE,0x00,0x00,0x07,
  0xF0,0x00,0x3F,0x80,0x00,0x03,0xFC,0x00,0x1F,0xE0,0x00,0x00,0xFF,0x00,0x07,0xF8,0x00,0x00,0x3F,0xC0,0x01,0xFE,0x00,0x00,
  0x0F,0xE0,0x00,0x7F,0x00,0x00,0x03,0xF8,0x00,0x1F,0xC0,0x00,0x00,0xFE,0x00,0x07,0xF0,0x00,0x00,0x7F,0x80,0x03,0xFC,0x00,
  0x00,0x1F,0xE0,0x00,0xFF,0x00,0x00,0x07,0xF0,0x00,0x3F,0x80,0x00,0x01,0xFC,0x00,0x0F,0xE0,0x00,0x00,0x7F,0x00,0x03,0xF8,
  0x00,0x00,0x3F,0xC0,0x01,0xFE,0x00,0x00,0x0F,0xF0,0x00,0x7F,0x80,0x00,0x03,0xF8,0x00,0x1F,0xC0,0x00,0x00,0xFE,0x00,0x07,
  0xF0,0x00,0x00,0x3F,0x80,0x01,0xFC,0x00,0x00,0x1F,0xE0,0x00,0xFF,0x00,0xFF,0xFF,0xFF,0xFF,0xFF,0xFF,0xFF,0xFF,0xFF,0xFF,
  0xFF,0xFF,0xFF,0xFF,0xFF,0xFF,0xFF,0xFF,0xFF,0xFF,0xFF,0xFF,0xFF,0xFF,0xFF,0xFF,0xFF,0xFF,0xFF,0xFF,0xFF,0xFF,0xFF,0xFF,
  0xFF,0xFF,0xFF,0xF0,0x00,0xFF,0x00,0x07,0xF8,0x00,0x00,0x3F,0x80,0x01,0xFC,0x00,0x00,0x0F,0xE0,0x00,0x7F,0x00,0x00,0x03,
  0xF8,0x00,0x1F,0xC0,0x00,0x01,0xFE,0x00,0x0F,0xF0,0x00,0x00,0x7F,0x80,0x03,0xFC,0x00,0x00,0x1F,0xC0,0x00,0xFF,0x00,0x00,
  0x07,0xF0,0x00,0x3F,0x80,0x00,0x01,0xFC,0x00,0x0F,0xE0,0x00,0x00,0x7F,0x00,0x03,0xF8,0x00,0x00,0x3F,0xC0,0x01,0xFE,0x00,
  0x00,0x0F,0xF0,0x00,0x7F,0x80,0x00,0x03,0xF8,0x00,0x1F,0xE0,0x00,0x00,0xFE,0x00,0x07,0xF0,0x00,0x00,0x3F,0x80,0x01,0xFC,
  0x00,0x3F,0xFF,0xFF,0xFF,0xFF,0xFF,0xFF,0xFF,0xFF,0xFF,0xFF,0xFF,0xFF,0xFF,0xFF,0xFF,0xFF,0xFF,0xFF,0xFF,0xFF,0xFF,0xFF,
  0xFF,0xFF,0xFF,0xFF,0xFF,0xFF,0xFF,0xFF,0xFF,0xFF,0xFF,0xFF,0xFF,0xFF,0xFC,0x03,0xFC,0x00,0x1F,0xE0,0x00,0x00,0xFF,0x00,
  0x07,0xF0,0x00,0x00,0x3F,0x80,0x01,0xFC,0x00,0x00,0x0F,0xE0,0x00,0x7F,0x00,0x00,0x07,0xF8,0x00,0x3F,0xC0,0x00,0x01,0xFE,
  0x00,0x0F,0xF0,0x00,0x00,0x7F,0x80,0x03,0xFC,0x00,0x00,0x1F,0xC0,0x00,0xFE,0x00,0x00,0x07,0xF0,0x00,0x3F,0x80,0x00,0x01,
  0xFC,0x00,0x0F,0xE0,0x00,0x00,0xFF,0x00,0x07,0xF8,0x00,0x00,0x3F,0xC0,0x01,0xFE,0x00,0x00,0x0F,0xF0,0x00,0x7F,0x00,0x00,
  0x03,0xF8,0x00,0x1F,0xC0,0x00,0x00,0xFE,0x00,0x07,0xF0,0x00,0x00,0x7F,0x80,0x03,0xFC,0x00,0x00,0x1F,0xE0,0x00,0xFF,0x00,
  0x00,0x07,0xF8,0x00,0x3F,0x80,0x00,0x01,0xFC,0x00,0x0F,0xE0,0x00,0x00,0x7F,0x00,0x03,0xF8,0x00,0x00,0x1F,0xC0,0x00,0xFE,
  0x00,0x00,0x00,0x00,0x0F,0x80,0x00,0x00,0x00,0x00,0x7C,0x00,0x00,0x00,0x00,0x03,0xE0,0x00,0x00,0x00,0x00,0x1F,0x00,0x00,
  0x00,0x00,0x00,0xF8,0x00,0x00,0x00,0x00,0x07,0xC0,0x00,0x00,0x00,0x03,0xFF,0xF8,0x00,0x00,0x00,0xFF,0xFF,0xFF,0x80,0x00,
  0x3F,0xFF,0xFF,0xFF,0x00,0x07,0xFF,0xFF,0xFF,0xF8,0x00,0x7F,0xFF,0xFF,0xFF,0xC0,0x07,0xFF,0xFF,0x3F,0xFE,0x00,0x7F,0xF0,
  0xF8,0x3F,0xF0,0x07,0xFE,0x07,0xC0,0x7F,0x80,0x7F,0xE0,0x3E,0x01,0xFC,0x07,0xFF,0x01,0xF0,0x07,0xE0,0x3F,0xF0,0x0F,0x80,
  0x3F,0x03,0xFF,0x80,0x7C,0x00,0xF8,0x1F,0xFC,0x03,0xE0,0x07,0xC0,0xFF,0xE0,0x1F,0x00,0x3E,0x07,0xFE,0x00,0xF8,0x01,0xF0,
  0x3F,0xF8,0x07,0xC0,0x07,0x83,0xFF,0xC0,0x3E,0x00,0x00,0x1F,0xFE,0x01,0xF0,0x00,0x00,0xFF,0xF0,0x0F,0x80,0x00,0x03,0xFF,
  0xC0,0x7C,0x00,0x00,0x1F,0xFE,0x03,0xE0,0x00,0x00,0xFF,0xFC,0x1F,0x00,0x00,0x07,0xFF,0xF0,0xF8,0x00,0x00,0x3F,0xFF,0xE7,
  0xC0,0x00,0x01,0xFF,0xFF,0xFE,0x00,0x00,0x07,0xFF,0xFF,0xF0,0x00,0x00,0x3F,0xFF,0xFF,0xC0,0x00,0x01,0xFF,0xFF,0xFF,0x80,
  0x00,0x07,0xFF,0xFF,0xFF,0x00,0x00,0x1F,0xFF,0xFF,0xFF,0x00,0x00,0xFF,0xFF,0xFF,0xFC,0x00,0x03,0xFF,0xFF,0xFF,0xF8,0x00,
  0x0F,0xFF,0xFF,0xFF,0xE0,0x00,0x3F,0xFF,0xFF,0xFF,0xC0,0x00,0xFF,0xFF,0xFF,0xFF,0x00,0x01,0xFF,0xFF,0xFF,0xFC,0x00,0x07,
  0xFF,0xFF,0xFF,0xE0,0x00,0x0F,0xFF,0xFF,0xFF,0x80,0x00,0x1F,0xFF,0xFF,0xFE,0x00,0x00,0x1F,0xFF,0xFF,0xF0,0x00,0x00,0x3F,
  0xFF,0xFF,0xC0,0x00,0x01,0xFF,0xFF,0xFE,0x00,0x00,0x0F,0xBF,0xFF,0xF0,0x00,0x00,0x7C,0x7F,0xFF,0x80,0x00,0x03,0xE0,0xFF,
  0xFE,0x00,0x00,0x1F,0x03,0xFF,0xF0,0x00,0x00,0xF8,0x0F,0xFF,0x80,0x00,0x07,0xC0,0x3F,0xFC,0x00,0x00,0x3E,0x01,0xFF,0xE0,
  0x00,0x01,0xF0,0x07,0xFF,0xF8,0x00,0x0F,0x80,0x3F,0xFF,0xC0,0x00,0x7C,0x01,0xFF,0xFE,0x00,0x03,0xE0,0x0F,0xFF,0xF0,0x00,
  0x1F,0x00,0x7F,0xFF,0x80,0x00,0xF8,0x03,0xFF,0xFE,0x00,0x07,0xC0,0x1F,0xFB,0xF0,0x00,0x3E,0x00,0xFF,0xDF,0x80,0x01,0xF0,
  0x0F,0xFE,0xFC,0x00,0x0F,0x80,0x7F,0xE7,0xE0,0x00,0x7C,0x03,0xFF,0x3F,0x80,0x03,0xE0,0x3F,0xF1,0xFF,0x00,0x1F,0x03,0xFF,
  0x0F,0xFC,0x00,0xF8,0x3F,0xF8,0x7F,0xFC,0x07,0xC3,0xFF,0x83,0xFF,0xFC,0x3E,0x7F,0xF8,0x1F,0xFF,0xFF,0xFF,0xFF,0x80,0xFF,
  0xFF,0xFF,0xFF,0xF0,0x00,0xFF,0xFF,0xFF,0xFE,0x00,0x00,0x7F,0xFF,0xFF,0xC0,0x00,0x00,0x0F,0xFF,0xE0,0x00,0x00,0x00,0x00,
  0xF8,0x00,0x00,0x00,0x00,0x07,0xC0,0x00,0x00,0x00,0x00,0x3E,0x00,0x00,0x00,0x00,0x01,0xF0,0x00,0x00,0x00,0x00,0x0F,0x80,
  0x00,0x00,0x00,0x00,0x7C,0x00,0x00,0x00,0x00,0x03,0xE0,0x00,0x00,0x00,0x1F,0xF8,0x00,0x00,0x00,0x00,0x03,0xF8,0x00,0x00,
  0x1F,0xFF,0xE0,0x00,0x00,0x00,0x00,0xFF,0x00,0x00,0x0F,0xFF,0xFF,0x00,0x00,0x00,0x00,0x3F,0xC0,0x00,0x03,0xFF,0xFF,0xF0,
  0x00,0x00,0x00,0x07,0xF0,0x00,0x00,0xFF,0xFF,0xFF,0x00,0x00,0x00,0x01,0xFE,0x00,0x00,0x3F,0xF8,0x7F,0xF0,0x00,0x00,0x00,
  0x7F,0x80,0x00,0x0F,0xFE,0x07,0xFF,0x00,0x00,0x00,0x1F,0xE0,0x00,0x01,0xFF,0x80,0x7F,0xE0,0x00,0x00,0x03,0xFC,0x00,0x00,
  0x7F,0xF0,0x0F,0xFE,0x00,0x00,0x00,0xFF,0x00,0x00,0x0F,0xFC,0x00,0xFF,0xC0,0x00,0x00,0x3F,0xC0,0x00,0x01,0xFF,0x80,0x1F,
  0xFC,0x00,0x00,0x07,0xF8,0x00,0x00,0x7F,0xF0,0x03,0xFF,0x80,0x00,0x01,0xFE,0x00,0x00,0x0F,0xFE,0x00,0x7F,0xF0,0x00,0x00,
  0x7F,0x80,0x00,0x01,0xFF,0xC0,0x0F,0xFE,0x00,0x00,0x0F,0xE0,0x00,0x00,0x3F,0xF8,0x00,0xFF,0xE0,0x00,0x03,0xFC,0x00,0x00,
  0x07,0xFF,0x00,0x1F,0xFC,0x00,0x00,0xFF,0x00,0x00,0x00,0xFF,0xE0,0x03,0xFF,0x80,0x00,0x1F,0xC0,0x00,0x00,0x1F,0xFC,0x00,
  0x7F,0xF0,0x00,0x07,0xF8,0x00,0x00,0x03,0xFF,0x80,0x0F,0xFE,0x00,0x01,0xFE,0x00,0x00,0x00,0x7F,0xF0,0x01,0xFF,0xC0,0x00,
  0x3F,0x80,0x00,0x00,0x0F,0xFE,0x00,0x3F,0xF8,0x00,0x0F,0xF0,0x00,0x00,0x01,0xFF,0xC0,0x07,0xFF,0x00,0x03,0xFC,0x00,0x00,
  0x00,0x3F,0xF8,0x00,0xFF,0xE0,0x00,0xFF,0x00,0x00,0x00,0x07,0xFF,0x00,0x1F,0xF8,0x00,0x1F,0xE0,0x00,0x00,0x00,0xFF,0xE0,
  0x07,0xFF,0x00,0x07,0xF8,0x00,0x00,0x00,0x1F,0xFC,0x00,0xFF,0xE0,0x01,0xFE,0x00,0x00,0x00,0x03,0xFF,0x80,0x1F,0xFC,0x00,
  0x3F,0xC0,0x00,0x00,0x00,0x3F,0xF0,0x03,0xFF,0x80,0x0F,0xF0,0x00,0x00,0x00,0x07,0xFE,0x00,0x7F,0xE0,0x03,0xFC,0x00,0x00,
  0x00,0x00,0xFF,0xE0,0x1F,0xFC,0x00,0x7F,0x00,0x00,0x00,0x00,0x0F,0xFC,0x03,0xFF,0x00,0x1F,0xE0,0x00,0x00,0x00,0x00,0xFF,
  0xC0,0xFF,0xE0,0x07,0xF8,0x00,0x00,0x00,0x00,0x1F,0xFC,0x3F,0xF8,0x00,0xFE,0x00,0x03,0xFF,0x00,0x01,0xFF,0xFF,0xFE,0x00,
  0x3F,0xC0,0x03,0xFF,0xFC,0x00,0x1F,0xFF,0xFF,0x80,0x0F,0xF0,0x01,0xFF,0xFF,0xE0,0x01,0xFF,0xFF,0xE0,0x01,0xFC,0x00,0x7F,
  0xFF,0xFE,0x00,0x0F,0xFF,0xF0,0x00,0x7F,0x80,0x1F,0xFF,0xFF,0xE0,0x00,0x3F,0xF0,0x00,0x1F,0xE0,0x07,0xFE,0x0F,0xFE,0x00,
  0x00,0x00,0x00,0x07,0xF8,0x01,0xFF,0x80,0xFF,0xC0,0x00,0x00,0x00,0x00,0xFF,0x00,0x7F,0xF0,0x0F,0xFC,0x00,0x00,0x00,0x00,
  0x3F,0xC0,0x0F,0xFC,0x01,0xFF,0x80,0x00,0x00,0x00,0x0F,0xF0,0x01,0xFF,0x80,0x3F,0xF8,0x00,0x00,0x00,0x01,0xFE,0x00,0x7F,
  0xF0,0x03,0xFF,0x00,0x00,0x00,0x00,0x7F,0x80,0x0F,0xFE,0x00,0x7F,0xE0,0x00,0x00,0x00,0x1F,0xE0,0x01,0xFF,0xC0,0x0F,0xFE,
  0x00,0x00,0x00,0x03,0xF8,0x00,0x3F,0xF0,0x01,0xFF,0xC0,0x00,0x00,0x00,0xFF,0x00,0x0F,0xFE,0x00,0x3F,0xF8,0x00,0x00,0x00,
  0x3F,0xC0,0x01,0xFF,0xC0,0x07,0xFF,0x00,0x00,0x00,0x07,0xF0,0x00,0x3F,0xF8,0x00,0xFF,0xE0,0x00,0x00,0x01,0xFE,0x00,0x07,
  0xFF,0x00,0x1F,0xFC,0x00,0x00,0x00,0x7F,0x80,0x00,0xFF,0xE0,0x03,0xFF,0x80,0x00,0x00,0x0F,0xE0,0x00,0x1F,0xFC,0x00,0x7F,
  0xF0,0x00,0x00,0x03,0xFC,0x00,0x03,0xFF,0x80,0x0F,0xFE,0x00,0x00,0x00,0xFF,0x00,0x00,0x7F,0xF0,0x01,0xFF,0xC0,0x00,0x00,
  0x3F,0xC0,0x00,0x0F,0xFE,0x00,0x3F,0xF8,0x00,0x00,0x07,0xF8,0x00,0x01,0xFF,0xC0,0x07,0xFF,0x00,0x00,0x01,0xFE,0x00,0x00,
  0x1F,0xF8,0x00,0xFF,0xE0,0x00,0x00,0x7F,0x80,0x00,0x03,0xFF,0x80,0x1F,0xFC,0x00,0x00,0x0F,0xE0,0x00,0x00,0x7F,0xF0,0x03,
  0xFF,0x00,0x00,0x03,0xFC,0x00,0x00,0x0F,0xFE,0x00,0x7F,0xE0,0x00,0x00,0xFF,0x00,0x00,0x00,0xFF,0xC0,0x1F,0xFC,0x00,0x00,
  0x1F,0xC0,0x00,0x00,0x1F,0xF8,0x03,0xFF,0x00,0x00,0x07,0xF8,0x00,0x00,0x03,0xFF,0x80,0xFF,0xE0,0x00,0x01,0xFE,0x00,0x00,
  0x00,0x3F,0xF0,0x1F,0xF8,0x00,0x00,0x3F,0x80,0x00,0x00,0x03,0xFF,0x07,0xFF,0x00,0x00,0x0F,0xF0,0x00,0x00,0x00,0x3F,0xFF,
  0xFF,0xC0,0x00,0x03,0xFC,0x00,0x00,0x00,0x03,0xFF,0xFF,0xF0,0x00,0x00,0x7F,0x00,0x00,0x00,0x00,0x3F,0xFF,0xFC,0x00,0x00,
  0x1F,0xE0,0x00,0x00,0x00,0x01,0xFF,0xFE,0x00,0x00,0x07,0xF8,0x00,0x00,0x00,0x00,0x0F,0xFE,0x00,0x00,0x00,0x00,0x03,0xFF,
  0xE0,0x00,0x00,0x00,0x00,0x00,0x00,0x01,0xFF,0xFF,0xC0,0x00,0x00,0x00,0x00,0x00,0x00,0x7F,0xFF,0xFF,0x00,0x00,0x00,0x00,
  0x00,0x00,0x1F,0xFF,0xFF,0xFC,0x00,0x00,0x00,0x00,0x00,0x03,0xFF,0xFF,0xFF,0xE0,0x00,0x00,0x00,0x00,0x00,0x7F,0xFC,0x1F,
  0xFF,0x00,0x00,0x00,0x00,0x00,0x0F,0xFF,0x00,0xFF,0xF8,0x00,0x00,0x00,0x00,0x01,0xFF,0xF0,0x07,0xFF,0x80,0x00,0x00,0x00,
  0x00,0x1F,0xFE,0x00,0x7F,0xFC,0x00,0x00,0x00,0x00,0x03,0xFF,0xE0,0x03,0xFF,0xC0,0x00,0x00,0x00,0x00,0x3F,0xFE,0x00,0x3F,
  0xFE,0x00,0x00,0x00,0x00,0x03,0xFF,0xC0,0x03,0xFF,0xE0,0x00,0x00,0x00,0x00,0x3F,0xFC,0x00,0x3F,0xFE,0x00,0x00,0x00,0x00,
  0x07,0xFF,0xC0,0x03,0xFF,0xE0,0x00,0x00,0x00,0x00,0x7F,0xFC,0x00,0x3F,0xFE,0x00,0x00,0x00,0x00,0x07,0xFF,0xC0,0x03,0xFF,
  0xE0,0x00,0x00,0x00,0x00,0x7F,0xFC,0x00,0x3F,0xFE,0x00,0x00,0x00,0x00,0x03,0xFF,0xE0,0x03,0xFF,0xE0,0x00,0x00,0x00,0x00,
  0x3F,0xFE,0x00,0x3F,0xFE,0x00,0x00,0x00,0x00,0x03,0xFF,0xE0,0x07,0xFF,0xC0,0x00,0x00,0x00,0x00,0x3F,0xFF,0x00,0x7F,0xFC,
  0x00,0x00,0x00,0x00,0x03,0xFF,0xF0,0x07,0xFF,0x80,0x00,0x00,0x00,0x00,0x1F,0xFF,0x80,0xFF,0xF8,0x00,0x00,0x00,0x00,0x01,
  0xFF,0xF8,0x1F,0xFF,0x00,0x00,0x00,0x00,0x00,0x1F,0xFF,0xC3,0xFF,0xE0,0x00,0x00,0x00,0x00,0x00,0xFF,0xFE,0x7F,0xFC,0x00,
  0x00,0x00,0x00,0x00,0x0F,0xFF,0xFF,0xFF,0x80,0x00,0x00,0x00,0x00,0x00,0x7F,0xFF,0xFF,0xE0,0x00,0x00,0x00,0x00,0x00,0x03,
  0xFF,0xFF,0xFC,0x00,0x7F,0xFF,0xFF,0x80,0x00,0x3F,0xFF,0xFF,0x00,0x07,0xFF,0xFF,0xF8,0x00,0x01,0xFF,0xFF,0x80,0x00,0x7F,
  0xFF,0xFF,0x80,0x00,0x1F,0xFF,0xF8,0x00,0x03,0xFF,0xFF,0xF0,0x00,0x07,0xFF,0xFF,0xC0,0x00,0x03,0xFF,0xF0,0x00,0x01,0xFF,
  0xFF,0xFE,0x00,0x00,0x3F,0xFE,0x00,0x00,0x7F,0xFF,0xFF,0xF0,0x00,0x03,0xFF,0xE0,0x00,0x0F,0xFF,0xFF,0xFF,0x80,0x00,0x3F,
  0xFE,0x00,0x03,0xFF,0xF7,0xFF,0xFE,0x00,0x03,0xFF,0xC0,0x00,0x7F,0xFE,0x3F,0xFF,0xF0,0x00,0x3F,0xFC,0x00,0x0F,0xFF,0xC1,
  0xFF,0xFF,0x80,0x03,0xFF,0xC0,0x00,0xFF,0xF8,0x0F,0xFF,0xFC,0x00,0x3F,0xF8,0x00,0x1F,0xFF,0x00,0x7F,0xFF,0xE0,0x03,0xFF,
  0x80,0x03,0xFF,0xF0,0x03,0xFF,0xFF,0x00,0x7F,0xF8,0x00,0x3F,0xFE,0x00,0x1F,0xFF,0xF8,0x07,0xFF,0x00,0x07,0xFF,0xE0,0x00,
  0xFF,0xFF,0xC0,0x7F,0xF0,0x00,0x7F,0xFE,0x00,0x03,0xFF,0xFE,0x07,0xFF,0x00,0x07,0xFF,0xE0,0x00,0x1F,0xFF,0xF8,0xFF,0xE0,
  0x00,0xFF,0xFC,0x00,0x00,0xFF,0xFF,0xCF,0xFE,0x00,0x0F,0xFF,0xC0,0x00,0x07,0xFF,0xFE,0xFF,0xC0,0x00,0xFF,0xFC,0x00,0x00,
  0x3F,0xFF,0xFF,0xFC,0x00,0x0F,0xFF,0xC0,0x00,0x01,0xFF,0xFF,0xFF,0x80,0x00,0xFF,0xFC,0x00,0x00,0x0F,0xFF,0xFF,0xF8,0x00,
  0x0F,0xFF,0xC0,0x00,0x00,0x7F,0xFF,0xFF,0x00,0x00,0xFF,0xFC,0x00,0x00,0x03,0xFF,0xFF,0xF0,0x00,0x0F,0xFF,0xC0,0x00,0x00,
  0x1F,0xFF,0xFE,0x00,0x00,0xFF,0xFC,0x00,0x00,0x00,0xFF,0xFF,0xE0,0x00,0x0F,0xFF,0xE0,0x00,0x00,0x07,0xFF,0xFF,0x00,0x00,
  0x7F,0xFE,0x00,0x00,0x00,0x3F,0xFF,0xF8,0x00,0x07,0xFF,0xE0,0x00,0x00,0x00,0xFF,0xFF,0xC0,0x00,0x7F,0xFF,0x00,0x00,0x00,
  0x0F,0xFF,0xFE,0x00,0x03,0xFF,0xF0,0x00,0x00,0x01,0xFF,0xFF,0xF0,0x00,0x3F,0xFF,0x80,0x00,0x00,0x3F,0xFF,0xFF,0x80,0x01,
  0xFF,0xFC,0x00,0x00,0x0F,0xFF,0xFF,0xFC,0x00,0x0F,0xFF,0xF0,0x00,0x03,0xFF,0xFF,0xFF,0xE0,0x00,0x7F,0xFF,0xC0,0x00,0xFF,
  0xFF,0xFF,0xFF,0x80,0x03,0xFF,0xFF,0xE7,0xFF,0xFF,0x9F,0xFF,0xFC,0x00,0x1F,0xFF,0xFF,0xFF,0xFF,0xE0,0xFF,0xFF,0xFC,0x00,
  0x7F,0xFF,0xFF,0xFF,0xF8,0x07,0xFF,0xFF,0xF0,0x01,0xFF,0xFF,0xFF,0xFE,0x00,0x3F,0xFF,0xFF,0x00,0x03,0xFF,0xFF,0xFF,0x00,
  0x01,0xFF,0xFF,0xF0,0x00,0x01,0xFF,0xFE,0x00,0x00,0x00,0x00,0x00,0xFF,0xFF,0xFF,0xFF,0xFF,0xFF,0xF7,0xFF,0x3F,0xF9,0xFF,
  0xCF,0xFE,0x7F,0xF3,0xFF,0x8F,0xF8,0x7F,0xC3,0xFE,0x1F,0xF0,0xFF,0x87,0xFC,0x1F,0xC0,0xFE,0x07,0xF0,0x3F,0x81,0xFC,0x0F,
  0xE0,0x7E,0x01,0xF0,0x00,0x00,0x00,0x40,0x00,0x00,0x70,0x00,0x00,0x3C,0x00,0x00,0x3F,0x00,0x00,0x1F,0xC0,0x00,0x1F,0xF0,
  0x00,0x0F,0xFC,0x00,0x07,0xFC,0x00,0x03,0xFE,0x00,0x01,0xFF,0x00,0x01,0xFF,0xC0,0x00,0x7F,0xE0,0x00,0x3F,0xF0,0x00,0x1F,
  0xFC,0x00,0x0F,0xFE,0x00,0x07,0xFF,0x80,0x01,0xFF,0xC0,0x00,0xFF,0xF0,0x00,0x3F,0xF8,0x00,0x1F,0xFE,0x00,0x07,0xFF,0x80,
  0x03,0xFF,0xC0,0x00,0xFF,0xF0,0x00,0x7F,0xFC,0x00,0x1F,0xFE,0x00,0x0F,0xFF,0x80,0x03,0xFF,0xE0,0x00,0xFF,0xF8,0x00,0x3F,
  0xFE,0x00,0x1F,0xFF,0x80,0x07,0xFF,0xC0,0x01,0xFF,0xF0,0x00,0x7F,0xFC,0x00,0x1F,0xFF,0x00,0x0F,0xFF,0xC0,0x03,0xFF,0xF0,
  0x00,0xFF,0xFC,0x00,0x3F,0xFF,0x00,0x0F,0xFF,0xC0,0x03,0xFF,0xF0,0x00,0xFF,0xFC,0x00,0x3F,0xFF,0x00,0x0F,0xFF,0xC0,0x03,
  0xFF,0xF0,0x00,0xFF,0xFC,0x00,0x3F,0xFF,0x00,0x0F,0xFF,0xC0,0x03,0xFF,0xF0,0x00,0xFF,0xFC,0x00,0x3F,0xFF,0x00,0x0F,0xFF,
  0xC0,0x03,0xFF,0xF0,0x00,0xFF,0xFC,0x00,0x3F,0xFF,0x00,0x0F,0xFF,0xC0,0x03,0xFF,0xF0,0x00,0xFF,0xFC,0x00,0x3F,0xFF,0x00,
  0x0F,0xFF,0xC0,0x03,0xFF,0xF0,0x00,0x7F,0xFC,0x00,0x1F,0xFF,0x00,0x07,0xFF,0xC0,0x01,0xFF,0xF0,0x00,0x7F,0xFE,0x00,0x0F,
  0xFF,0x80,0x03,0xFF,0xE0,0x00,0xFF,0xF8,0x00,0x1F,0xFE,0x00,0x07,0xFF,0x80,0x01,0xFF,0xF0,0x00,0x3F,0xFC,0x00,0x0F,0xFF,
  0x00,0x01,0xFF,0xE0,0x00,0x7F,0xF8,0x00,0x0F,0xFE,0x00,0x03,0xFF,0xC0,0x00,0x7F,0xF0,0x00,0x1F,0xFE,0x00,0x03,0xFF,0x80,
  0x00,0x7F,0xF0,0x00,0x0F,0xFC,0x00,0x01,0xFF,0x80,0x00,0x3F,0xF0,0x00,0x07,0xFC,0x00,0x00,0xFF,0x80,0x00,0x1F,0xF0,0x00,
  0x03,0xFF,0x00,0x00,0x7F,0xC0,0x00,0x07,0xF0,0x00,0x00,0xFC,0x00,0x00,0x0F,0x00,0x00,0x01,0xC0,0x00,0x00,0x10,0x80,0x00,
  0x00,0x1C,0x00,0x00,0x03,0xE0,0x00,0x00,0x7E,0x00,0x00,0x0F,0xF0,0x00,0x01,0xFF,0x00,0x00,0x1F,0xF8,0x00,0x01,0xFF,0x80,
  0x00,0x1F,0xF8,0x00,0x01,0xFF,0x80,0x00,0x1F,0xF8,0x00,0x01,0xFF,0x80,0x00,0x3F,0xF8,0x00,0x03,0xFF,0x80,0x00,0x3F,0xF0,
  0x00,0x07,0xFF,0x00,0x00,0xFF,0xF0,0x00,0x0F,0xFE,0x00,0x01,0xFF,0xE0,0x00,0x1F,0xFE,0x00,0x03,0xFF,0xC0,0x00,0x7F,0xFC,
  0x00,0x07,0xFF,0x80,0x00,0xFF,0xF0,0x00,0x1F,0xFF,0x00,0x03,0xFF,0xE0,0x00,0x3F,0xFE,0x00,0x07,0xFF,0xC0,0x00,0xFF,0xF8,
  0x00,0x1F,0xFF,0x00,0x03,0xFF,0xF0,0x00,0x7F,0xFE,0x00,0x0F,0xFF,0xC0,0x00,0xFF,0xF8,0x00,0x1F,0xFF,0x00,0x03,0xFF,0xE0,
  0x00,0x7F,0xFE,0x00,0x0F,0xFF,0xC0,0x01,0xFF,0xF8,0x00,0x3F,0xFF,0x00,0x07,0xFF,0xE0,0x00,0xFF,0xFC,0x00,0x1F,0xFF,0x80,
  0x03,0xFF,0xF0,0x00,0x7F,0xFE,0x00,0x0F,0xFF,0xC0,0x01,0xFF,0xF8,0x00,0x3F,0xFF,0x00,0x07,0xFF,0xE0,0x00,0xFF,0xFC,0x00,
  0x1F,0xFF,0x80,0x03,0xFF,0xF0,0x00,0x7F,0xFE,0x00,0x0F,0xFF,0xC0,0x01,0xFF,0xF8,0x00,0x3F,0xFF,0x00,0x07,0xFF,0xE0,0x00,
  0xFF,0xFC,0x00,0x1F,0xFF,0x00,0x03,0xFF,0xE0,0x00,0x7F,0xFC,0x00,0x1F,0xFF,0x80,0x03,0xFF,0xF0,0x00,0x7F,0xFE,0x00,0x0F,
  0xFF,0x80,0x01,0xFF,0xF0,0x00,0x3F,0xFE,0x00,0x07,0xFF,0x80,0x01,0xFF,0xF0,0x00,0x3F,0xFE,0x00,0x07,0xFF,0x80,0x00,0xFF,
  0xF0,0x00,0x3F,0xFE,0x00,0x07,0xFF,0x80,0x00,0xFF,0xF0,0x00,0x3F,0xFC,0x00,0x07,0xFF,0x00,0x01,0xFF,0xE0,0x00,0x3F,0xF8,
  0x00,0x07,0xFE,0x00,0x01,0xFF,0xC0,0x00,0x7F,0xF0,0x00,0x0F,0xFC,0x00,0x03,0xFF,0x00,0x00,0xFF,0xC0,0x00,0x3F,0xF0,0x00,
  0x0F,0xFC,0x00,0x03,0xFF,0x00,0x00,0xFF,0x80,0x00,0x1F,0xE0,0x00,0x03,0xF0,0x00,0x00,0x7C,0x00,0x00,0x0E,0x00,0x00,0x01,
  0x00,0x00,0x00,0x00,0x00,0x00,0xFF,0xF0,0x00,0x00,0x00,0x1F,0xFE,0x00,0x00,0x00,0x01,0xFF,0x80,0x00,0x00,0x00,0x3F,0xF0,
  0x00,0x00,0x00,0x07,0xFE,0x00,0x00,0x1C,0x00,0xFF,0xC0,0x04,0x03,0xC0,0x1F,0xF8,0x03,0xC0,0x7C,0x01,0xFE,0x00,0xF8,0x1F,
  0xC0,0x3F,0xC0,0x3F,0x83,0xFE,0x07,0xF8,0x1F,0xF0,0xFF,0xE0,0xFF,0x07,0xFF,0x1F,0xFE,0x0F,0xC1,0xFF,0xE7,0xFF,0xE1,0xF8,
  0x7F,0xFE,0xFF,0xFF,0x3F,0x3F,0xFF,0xFF,0xFF,0xF7,0xEF,0xFF,0xF9,0xFF,0xFF,0xFF,0xFF,0xFF,0x07,0xFF,0xFF,0xFF,0xFE,0x00,
  0x0F,0xFF,0xFF,0xFC,0x00,0x00,0x3F,0xFF,0xFC,0x00,0x00,0x00,0xFF,0xFC,0x00,0x00,0x00,0xFF,0xFF,0xF0,0x00,0x00,0xFF,0xFF,
  0xFF,0xC0,0x01,0xFF,0xFF,0xFF,0xFF,0x81,0xFF,0xFF,0xFF,0xFF,0xFF,0xFF,0xFF,0xDF,0xBF,0xFF,0xEF,0xFF,0xE3,0xF3,0xFF,0xFD,
  0xFF,0xF8,0x7E,0x1F,0xFF,0x9F,0xFE,0x0F,0xC1,0xFF,0xE3,0xFF,0x83,0xFC,0x1F,0xFC,0x3F,0xE0,0x7F,0x81,0xFF,0x07,0xF0,0x0F,
  0xF0,0x0F,0xE0,0x7C,0x01,0xFE,0x00,0xF8,0x0F,0x00,0x7F,0xC0,0x0F,0x01,0xC0,0x0F,0xFC,0x00,0xC0,0x00,0x01,0xFF,0x80,0x00,
  0x00,0x00,0x3F,0xF0,0x00,0x00,0x00,0x07,0xFE,0x00,0x00,0x00,0x01,0xFF,0xE0,0x00,0x00,0x00,0x3F,0xFC,0x00,0x00,0x00,0x00,
  0x07,0xF0,0x00,0x00,0x00,0x00,0x03,0xF8,0x00,0x00,0x00,0x00,0x01,0xFC,0x00,0x00,0x00,0x00,0x00,0xFE,0x00,0x00,0x00,0x00,
  0x00,0x7F,0x00,0x00,0x00,0x00,0x00,0x3F,0x80,0x00,0x00,0x00,0x00,0x1F,0xC0,0x00,0x00,0x00,0x00,0x0F,0xE0,0x00,0x00,0x00,
  0x00,0x07,0xF0,0x00,0x00,0x00,0x00,0x03,0xF8,0x00,0x00,0x00,0x00,0x01,0xFC,0x00,0x00,0x00,0x00,0x00,0xFE,0x00,0x00,0x00,
  0x00,0x00,0x7F,0x00,0x00,0x00,0x00,0x00,0x3F,0x80,0x00,0x00,0x00,0x00,0x1F,0xC0,0x00,0x00,0x00,0x00,0x0F,0xE0,0x00,0x00,
  0x00,0x00,0x07,0xF0,0x00,0x00,0x00,0x00,0x03,0xF8,0x00,0x00,0x00,0x00,0x01,0xFC,0x00,0x00,0x00,0x00,0x00,0xFE,0x00,0x00,
  0x00,0x00,0x00,0x7F,0x00,0x00,0x07,0xFF,0xFF,0xFF,0xFF,0xFF,0xFF,0xFF,0xFF,0xFF,0xFF,0xFF,0xFF,0xFF,0xFF,0xFF,0xFF,0xFF,
  0xFF,0xFF,0xFF,0xFF,0xFF,0xFF,0xFF,0xFF,0xFF,0xFF,0xFF,0xFF,0xFF,0xFF,0xFF,0xFF,0xFF,0xFF,0xFF,0xFF,0xFF,0xFF,0xFF,0xFF,
  0xFF,0xF0,0x00,0x00,0x7F,0x80,0x00,0x00,0x00,0x00,0x3F,0x80,0x00,0x00,0x00,0x00,0x1F,0xC0,0x00,0x00,0x00,0x00,0x0F,0xE0,
  0x00,0x00,0x00,0x00,0x07,0xF0,0x00,0x00,0x00,0x00,0x03,0xF8,0x00,0x00,0x00,0x00,0x01,0xFC,0x00,0x00,0x00,0x00,0x00,0xFE,
  0x00,0x00,0x00,0x00,0x00,0x7F,0x00,0x00,0x00,0x00,0x00,0x3F,0x80,0x00,0x00,0x00,0x00,0x1F,0xC0,0x00,0x00,0x00,0x00,0x0F,
  0xE0,0x00,0x00,0x00,0x00,0x07,0xF0,0x00,0x00,0x00,0x00,0x03,0xF8,0x00,0x00,0x00,0x00,0x01,0xFC,0x00,0x00,0x00,0x00,0x00,
  0xFE,0x00,0x00,0x00,0x00,0x00,0x7F,0x00,0x00,0x00,0x00,0x00,0x3F,0x80,0x00,0x00,0x00,0x00,0x1F,0xC0,0x00,0x00,0x00,0x00,
  0x0F,0xE0,0x00,0x00,0x00,0x00,0x07,0xF0,0x00,0x00,0x00,0x00,0xFE,0x00,0x1F,0xFC,0x03,0xFF,0xF0,0x1F,0xFF,0xC1,0xFF,0xFF,
  0x0F,0xFF,0xF8,0x7F,0xFF,0xE3,0xFF,0xFF,0x1F,0xFF,0xF8,0xFF,0xFF,0xC3,0xFF,0xFE,0x0F,0xFF,0xF0,0x3F,0xFF,0x80,0xFF,0xFC,
  0x01,0xFF,0xE0,0x07,0xFE,0x00,0x3F,0xF0,0x00,0xFF,0x80,0x0F,0xF8,0x00,0x7F,0xC0,0x07,0xFC,0x00,0x3F,0xC0,0x03,0xFC,0x00,
  0x7F,0xC0,0x07,0xFC,0x01,0xFF,0xC0,0x3F,0xF8,0x01,0xFF,0x80,0x0F,0xF0,0x00,0x7C,0x00,0x03,0x00,0x00,0x00,0xFF,0xFF,0xFF,
  0xFF,0xFF,0xFF,0xFF,0xFF,0xFF,0xFF,0xFF,0xFF,0xFF,0xFF,0xFF,0xFF,0xFF,0xFF,0xFF,0xFF,0xFF,0xFF,0xFF,0xFF,0xFF,0xFF,0xFF,
  0xFF,0xFF,0xFF,0xE0,0x07,0xE0,0x1F,0xF8,0x3F,0xFC,0x7F,0xFE,0x7F,0xFF,0xFF,0xFF,0xFF,0xFF,0xFF,0xFF,0xFF,0xFF,0xFF,0xFF,
  0xFF,0xFF,0xFF,0xFF,0xFF,0xFF,0x7F,0xFE,0x3F,0xFC,0x1F,0xF8,0x07,0xE0,0x00,0x00,0x00,0xFE,0x00,0x00,0x03,0xFC,0x00,0x00,
  0x07,0xF0,0x00,0x00,0x0F,0xE0,0x00,0x00,0x3F,0xC0,0x00,0x00,0x7F,0x00,0x00,0x00,0xFE,0x00,0x00,0x03,0xF8,0x00,0x00,0x07,
  0xF0,0x00,0x00,0x0F,0xE0,0x00,0x00,0x3F,0x80,0x00,0x00,0x7F,0x00,0x00,0x00,0xFE,0x00,0x00,0x03,0xF8,0x00,0x00,0x07,0xF0,
  0x00,0x00,0x1F,0xE0,0x00,0x00,0x3F,0x80,0x00,0x00,0x7F,0x00,0x00,0x01,0xFE,0x00,0x00,0x03,0xF8,0x00,0x00,0x07,0xF0,0x00,
  0x00,0x1F,0xE0,0x00,0x00,0x3F,0x80,0x00,0x00,0x7F,0x00,0x00,0x01,0xFE,0x00,0x00,0x03,0xF8,0x00,0x00,0x07,0xF0,0x00,0x00,
  0x1F,0xE0,0x00,0x00,0x3F,0x80,0x00,0x00,0x7F,0x00,0x00,0x01,0xFE,0x00,0x00,0x03,0xF8,0x00,0x00,0x07,0xF0,0x00,0x00,0x1F,
  0xE0,0x00,0x00,0x3F,0x80,0x00,0x00,0x7F,0x00,0x00,0x01,0xFE,0x00,0x00,0x03,0xF8,0x00,0x00,0x07,0xF0,0x00,0x00,0x1F,0xE0,
  0x00,0x00,0x3F,0x80,0x00,0x00,0x7F,0x00,0x00,0x01,0xFE,0x00,0x00,0x03,0xF8,0x00,0x00,0x07,0xF0,0x00,0x00,0x1F,0xE0,0x00,
  0x00,0x3F,0x80,0x00,0x00,0x7F,0x00,0x00,0x01,0xFE,0x00,0x00,0x03,0xF8,0x00,0x00,0x07,0xF0,0x00,0x00,0x1F,0xE0,0x00,0x00,
  0x3F,0x80,0x00,0x00,0x7F,0x00,0x00,0x01,0xFC,0x00,0x00,0x03,0xF8,0x00,0x00,0x07,0xF0,0x00,0x00,0x1F,0xC0,0x00,0x00,0x3F,
  0x80,0x00,0x00,0xFF,0x00,0x00,0x01,0xFC,0x00,0x00,0x03,0xF8,0x00,0x00,0x0F,0xF0,0x00,0x00,0x1F,0xC0,0x00,0x00,0x3F,0x80,
  0x00,0x00,0xFF,0x00,0x00,0x01,0xFC,0x00,0x00,0x03,0xF8,0x00,0x00,0x0F,0xF0,0x00,0x00,0x1F,0xC0,0x00,0x00,0x00,0x00,0x00,
  0x7F,0xE0,0x00,0x00,0x00,0x3F,0xFF,0xC0,0x00,0x00,0x0F,0xFF,0xFF,0x00,0x00,0x03,0xFF,0xFF,0xFC,0x00,0x00,0x7F,0xFF,0xFF,
  0xE0,0x00,0x0F,0xFF,0x1F,0xFF,0x00,0x01,0xFF,0xE0,0x7F,0xF8,0x00,0x3F,0xFC,0x07,0xFF,0xC0,0x03,0xFF,0xC0,0x3F,0xFC,0x00,
  0x7F,0xF8,0x03,0xFF,0xE0,0x07,0xFF,0x80,0x1F,0xFE,0x00,0xFF,0xF8,0x01,0xFF,0xF0,0x0F,0xFF,0x00,0x1F,0xFF,0x01,0xFF,0xF0,
  0x00,0xFF,0xF8,0x1F,0xFF,0x00,0x0F,0xFF,0x83,0xFF,0xF0,0x00,0xFF,0xFC,0x3F,0xFF,0x00,0x0F,0xFF,0xC3,0xFF,0xF0,0x00,0xFF,
  0xFC,0x3F,0xFF,0x00,0x0F,0xFF,0xC7,0xFF,0xE0,0x00,0xFF,0xFE,0x7F,0xFE,0x00,0x07,0xFF,0xE7,0xFF,0xE0,0x00,0x7F,0xFE,0x7F,
  0xFE,0x00,0x07,0xFF,0xE7,0xFF,0xE0,0x00,0x7F,0xFE,0x7F,0xFE,0x00,0x07,0xFF,0xEF,0xFF,0xE0,0x00,0x7F,0xFF,0xFF,0xFE,0x00,
  0x07,0xFF,0xFF,0xFF,0xE0,0x00,0x7F,0xFF,0xFF,0xFE,0x00,0x07,0xFF,0xFF,0xFF,0xE0,0x00,0x7F,0xFF,0xFF,0xFE,0x00,0x07,0xFF,
  0xFF,0xFF,0xE0,0x00,0x7F,0xFF,0xFF,0xFE,0x00,0x07,0xFF,0xFF,0xFF,0xE0,0x00,0x7F,0xFF,0xFF,0xFE,0x00,0x07,0xFF,0xFF,0xFF,
  0xE0,0x00,0x7F,0xFF,0xFF,0xFE,0x00,0x07,0xFF,0xFF,0xFF,0xE0,0x00,0x7F,0xFF,0xFF,0xFE,0x00,0x07,0xFF,0xFF,0xFF,0xE0,0x00,
  0x7F,0xFF,0xFF,0xFE,0x00,0x07,0xFF,0xFF,0xFF,0xE0,0x00,0x7F,0xFF,0xFF,0xFE,0x00,0x07,0xFF,0xFF,0xFF,0xE0,0x00,0x7F,0xFF,
  0xFF,0xFE,0x00,0x07,0xFF,0xF7,0xFF,0xE0,0x00,0x7F,0xFE,0x7F,0xFE,0x00,0x07,0xFF,0xE7,0xFF,0xE0,0x00,0x7F,0xFE,0x7F,0xFE,
  0x00,0x07,0xFF,0xE7,0xFF,0xE0,0x00,0x7F,0xFE,0x7F,0xFE,0x00,0x0F,0xFF,0xE3,0xFF,0xF0,0x00,0xFF,0xFC,0x3F,0xFF,0x00,0x0F,
  0xFF,0xC3,0xFF,0xF0,0x00,0xFF,0xFC,0x1F,0xFF,0x00,0x0F,0xFF,0xC1,0xFF,0xF0,0x00,0xFF,0xF8,0x1F,0xFF,0x00,0x0F,0xFF,0x80,
  0xFF,0xF0,0x01,0xFF,0xF0,0x0F,0xFF,0x80,0x1F,0xFF,0x00,0x7F,0xF8,0x01,0xFF,0xE0,0x07,0xFF,0x80,0x3F,0xFE,0x00,0x3F,0xFC,
  0x03,0xFF,0xC0,0x03,0xFF,0xC0,0x7F,0xFC,0x00,0x1F,0xFE,0x07,0xFF,0x80,0x00,0xFF,0xF1,0xFF,0xF0,0x00,0x07,0xFF,0xFF,0xFE,
  0x00,0x00,0x3F,0xFF,0xFF,0xC0,0x00,0x00,0xFF,0xFF,0xF0,0x00,0x00,0x03,0xFF,0xFC,0x00,0x00,0x00,0x07,0xFE,0x00,0x00,0x00,
  0x00,0x1F,0xE0,0x00,0x00,0x00,0xFF,0xC0,0x00,0x00,0x07,0xFF,0x80,0x00,0x00,0x1F,0xFF,0x00,0x00,0x00,0xFF,0xFE,0x00,0x00,
  0x07,0xFF,0xFC,0x00,0x00,0x1F,0xFF,0xF8,0x00,0x00,0xFF,0xFF,0xF0,0x00,0x07,0xFF,0xFF,0xE0,0x00,0x1F,0xFF,0xFF,0xC0,0x00,
  0xFF,0xFF,0xFF,0x80,0x03,0xFF,0xFF,0xFF,0x00,0x0F,0xFE,0xFF,0xFE,0x00,0x1F,0xE1,0xFF,0xFC,0x00,0x3E,0x03,0xFF,0xF8,0x00,
  0x60,0x07,0xFF,0xF0,0x00,0x00,0x0F,0xFF,0xE0,0x00,0x00,0x1F,0xFF,0xC0,0x00,0x00,0x3F,0xFF,0x80,0x00,0x00,0x7F,0xFF,0x00,
  0x00,0x00,0xFF,0xFE,0x00,0x00,0x01,0xFF,0xFC,0x00,0x00,0x03,0xFF,0xF8,0x00,0x00,0x07,0xFF,0xF0,0x00,0x00,0x0F,0xFF,0xE0,
  0x00,0x00,0x1F,0xFF,0xC0,0x00,0x00,0x3F,0xFF,0x80,0x00,0x00,0x7F,0xFF,0x00,0x00,0x00,0xFF,0xFE,0x00,0x00,0x01,0xFF,0xFC,
  0x00,0x00,0x03,0xFF,0xF8,0x00,0x00,0x07,0xFF,0xF0,0x00,0x00,0x0F,0xFF,0xE0,0x00,0x00,0x1F,0xFF,0xC0,0x00,0x00,0x3F,0xFF,
  0x80,0x00,0x00,0x7F,0xFF,0x00,0x00,0x00,0xFF,0xFE,0x00,0x00,0x01,0xFF,0xFC,0x00,0x00,0x03,0xFF,0xF8,0x00,0x00,0x07,0xFF,
  0xF0,0x00,0x00,0x0F,0xFF,0xE0,0x00,0x00,0x1F,0xFF,0xC0,0x00,0x00,0x3F,0xFF,0x80,0x00,0x00,0x7F,0xFF,0x00,0x00,0x00,0xFF,
  0xFE,0x00,0x00,0x01,0xFF,0xFC,0x00,0x00,0x03,0xFF,0xF8,0x00,0x00,0x07,0xFF,0xF0,0x00,0x00,0x0F,0xFF,0xE0,0x00,0x00,0x1F,
  0xFF,0xC0,0x00,0x00,0x3F,0xFF,0x80,0x00,0x00,0x7F,0xFF,0x00,0x00,0x00,0xFF,0xFE,0x00,0x00,0x01,0xFF,0xFC,0x00,0x00,0x03,
  0xFF,0xF8,0x00,0x00,0x07,0xFF,0xF0,0x00,0x00,0x0F,0xFF,0xE0,0x00,0x00,0x1F,0xFF,0xC0,0x00,0x00,0x3F,0xFF,0x80,0x00,0x00,
  0x7F,0xFF,0x00,0x00,0x00,0xFF,0xFE,0x00,0x00,0x01,0xFF,0xFC,0x00,0x00,0x07,0xFF,0xFC,0x00,0x3F,0xFF,0xFF,0xFF,0xFE,0xFF,
  0xFF,0xFF,0xFF,0xFF,0xFF,0xFF,0xFF,0xFF,0xFF,0xFF,0xFF,0xFF,0xFF,0xFF,0xFF,0xFF,0xFF,0xFF,0xF0,0x00,0x1F,0xFF,0xC0,0x00,
  0x00,0x3F,0xFF,0xFF,0xC0,0x00,0x1F,0xFF,0xFF,0xFF,0x80,0x01,0xFF,0xFF,0xFF,0xFE,0x00,0x1F,0xFF,0xFF,0xFF,0xF0,0x01,0xFF,
  0xC0,0xFF,0xFF,0x80,0x1F,0xE0,0x03,0xFF,0xFC,0x01,0xFC,0x00,0x0F,0xFF,0xE0,0x1F,0x80,0x00,0x7F,0xFF,0x01,0xF8,0x00,0x07,
  0xFF,0xF0,0x1F,0x80,0x00,0x3F,0xFF,0x81,0xF8,0x00,0x03,0xFF,0xF8,0x1F,0x00,0x00,0x1F,0xFF,0xC1,0xF0,0x00,0x01,0xFF,0xFC,
  0x1F,0x00,0x00,0x1F,0xFF,0xC1,0xF0,0x00,0x01,0xFF,0xFC,0x1E,0x00,0x00,0x1F,0xFF,0xC1,0xE0,0x00,0x00,0xFF,0xFC,0x00,0x00,
  0x00,0x1F,0xFF,0xC0,0x00,0x00,0x01,0xFF,0xFC,0x00,0x00,0x00,0x1F,0xFF,0xC0,0x00,0x00,0x01,0xFF,0xFC,0x00,0x00,0x00,0x1F,
  0xFF,0xC0,0x00,0x00,0x01,0xFF,0xFC,0x00,0x00,0x00,0x1F,0xFF,0x80,0x00,0x00,0x01,0xFF,0xF8,0x00,0x00,0x00,0x3F,0xFF,0x80,
  0x00,0x00,0x03,0xFF,0xF0,0x00,0x00,0x00,0x3F,0xFF,0x00,0x00,0x00,0x07,0xFF,0xF0,0x00,0x00,0x00,0x7F,0xFE,0x00,0x00,0x00,
  0x07,0xFF,0xC0,0x00,0x00,0x00,0xFF,0xFC,0x00,0x00,0x00,0x0F,0xFF,0x80,0x00,0x00,0x01,0xFF,0xF0,0x00,0x00,0x00,0x3F,0xFE,
  0x00,0x00,0x00,0x03,0xFF,0xC0,0x00,0x00,0x00,0x7F,0xF8,0x00,0x00,0x00,0x0F,0xFF,0x00,0x00,0x00,0x01,0xFF,0xE0,0x00,0x00,
  0x00,0x3F,0xFC,0x00,0x00,0x00,0x03,0xFF,0x80,0x00,0x00,0x00,0x7F,0xF0,0x00,0x00,0x00,0x0F,0xFE,0x00,0x00,0x00,0x01,0xFF,
  0xC0,0x00,0x00,0x00,0x3F,0xF0,0x00,0x00,0x00,0x07,0xFE,0x00,0x00,0x00,0x00,0xFF,0xC0,0x00,0x00,0x00,0x1F,0xF8,0x00,0x00,
  0x00,0x03,0xFF,0x00,0x00,0x00,0x00,0x7F,0xC0,0x00,0x00,0x00,0x0F,0xF8,0x00,0x00,0x00,0x01,0xFF,0x00,0x00,0x00,0x00,0x3F,
  0xE0,0x00,0x00,0x00,0x07,0xFC,0x00,0x00,0x00,0x00,0xFF,0x80,0x00,0x00,0x00,0x1F,0xE0,0x00,0x00,0x00,0x03,0xFF,0xFF,0xFF,
  0xFF,0xFE,0x7F,0xFF,0xFF,0xFF,0xFF,0xFF,0xFF,0xFF,0xFF,0xFF,0xFF,0xFF,0xFF,0xFF,0xFF,0xFF,0xFF,0xFF,0xFF,0xFF,0xFF,0xFF,
  0xFF,0xFF,0xFF,0xFF,0xFF,0xFF,0xFF,0xFF,0xFF,0xFF,0xFF,0xFF,0xFF,0xFF,0xFF,0xFF,0xFF,0xFF,0xFF,0xFF,0xFF,0xFF,0xFF,0xFF,
  0xFF,0xFF,0xFF,0xFF,0xFF,0xFF,0xFF,0xFF,0xFF,0xFF,0xFF,0xFF,0xFF,0xFF,0xF0,0x00,0x3F,0xFF,0xC0,0x00,0x00,0x3F,0xFF,0xFF,
  0xE0,0x00,0x0F,0xFF,0xFF,0xFF,0xE0,0x00,0x7F,0xFF,0xFF,0xFF,0xC0,0x03,0xFF,0xFF,0xFF,0xFF,0x00,0x1F,0xFE,0x0F,0xFF,0xFC,
  0x00,0xFF,0x80,0x1F,0xFF,0xF0,0x07,0xF0,0x00,0x3F,0xFF,0xC0,0x3F,0x80,0x00,0xFF,0xFF,0x01,0xF8,0x00,0x07,0xFF,0xF8,0x0F,
  0xC0,0x00,0x1F,0xFF,0xC0,0x7E,0x00,0x00,0xFF,0xFF,0x03,0xF0,0x00,0x03,0xFF,0xF8,0x1F,0x80,0x00,0x1F,0xFF,0xC0,0xF8,0x00,
  0x00,0xFF,0xFE,0x07,0xC0,0x00,0x07,0xFF,0xF0,0x3E,0x00,0x00,0x3F,0xFF,0x81,0xE0,0x00,0x01,0xFF,0xFC,0x00,0x00,0x00,0x0F,
  0xFF,0xE0,0x00,0x00,0x00,0x7F,0xFF,0x00,0x00,0x00,0x03,0xFF,0xF8,0x00,0x00,0x00,0x1F,0xFF,0xC0,0x00,0x00,0x00,0xFF,0xFE,
  0x00,0x00,0x00,0x07,0xFF,0xE0,0x00,0x00,0x00,0x7F,0xFF,0x00,0x00,0x00,0x03,0xFF,0xF0,0x00,0x00,0x00,0x3F,0xFF,0x80,0x00,
  0x00,0x03,0xFF,0xF8,0x00,0x00,0x00,0x3F,0xFF,0x80,0x00,0x00,0x1F,0xFF,0xF8,0x00,0x00,0x3F,0xFF,0xFF,0x80,0x00,0x01,0xFF,
  0xFF,0xF0,0x00,0x00,0x0F,0xFF,0xFC,0x00,0x00,0x00,0x7F,0xFF,0xF0,0x00,0x00,0x03,0xFF,0xFF,0xF0,0x00,0x00,0x1F,0xFF,0xFF,
  0xE0,0x00,0x00,0x07,0xFF,0xFF,0xC0,0x00,0x00,0x01,0xFF,0xFF,0x00,0x00,0x00,0x01,0xFF,0xFC,0x00,0x00,0x00,0x07,0xFF,0xF0,
  0x00,0x00,0x00,0x1F,0xFF,0xC0,0x00,0x00,0x00,0x7F,0xFF,0x00,0x00,0x00,0x03,0xFF,0xF8,0x00,0x00,0x00,0x1F,0xFF,0xC0,0x00,
  0x00,0x00,0x7F,0xFF,0x00,0x00,0x00,0x03,0xFF,0xF8,0x00,0x00,0x00,0x1F,0xFF,0xC0,0x00,0x00,0x00,0xFF,0xFE,0x00,0x00,0x00,
  0x07,0xFF,0xF0,0x00,0x00,0x00,0x3F,0xFF,0x80,0x00,0x00,0x01,0xFF,0xFF,0xE0,0x00,0x00,0x0F,0xFF,0xEF,0x80,0x00,0x00,0x7F,
  0xFF,0x7C,0x00,0x00,0x03,0xFF,0xFB,0xE0,0x00,0x00,0x1F,0xFF,0xDF,0x80,0x00,0x00,0xFF,0xFE,0xFC,0x00,0x00,0x0F,0xFF,0xF7,
  0xE0,0x00,0x00,0x7F,0xFF,0x3F,0x00,0x00,0x03,0xFF,0xF9,0xFC,0x00,0x00,0x3F,0xFF,0x8F,0xE0,0x00,0x03,0xFF,0xFC,0x7F,0x00,
  0x00,0x3F,0xFF,0xC3,0xFC,0x00,0x03,0xFF,0xFC,0x1F,0xF8,0x00,0x7F,0xFF,0xC0,0xFF,0xF8,0x0F,0xFF,0xFC,0x07,0xFF,0xFF,0xFF,
  0xFF,0xC0,0x3F,0xFF,0xFF,0xFF,0xF8,0x01,0xFF,0xFF,0xFF,0xFF,0x00,0x01,0xFF,0xFF,0xFF,0xE0,0x00,0x00,0x3F,0xFF,0xE0,0x00,
  0x00,0x00,0x00,0x00,0x01,0xFF,0xC0,0x00,0x00,0x00,0x01,0xFF,0xE0,0x00,0x00,0x00,0x01,0xFF,0xF0,0x00,0x00,0x00,0x00,0xFF,
  0xF8,0x00,0x00,0x00,0x00,0xFF,0xFC,0x00,0x00,0x00,0x00,0xFF,0xFE,0x00,0x00,0x00,0x00,0x7F,0xFF,0x00,0x00,0x00,0x00,0x7F,
  0xFF,0x80,0x00,0x00,0x00,0x7F,0xFF,0xC0,0x00,0x00,0x00,0x3F,0xFF,0xE0,0x00,0x00,0x00,0x3F,0xFF,0xF0,0x00,0x00,0x00,0x3F,
  0xFF,0xF8,0x00,0x00,0x00,0x1F,0xFF,0xFC,0x00,0x00,0x00,0x1F,0xFF,0xFE,0x00,0x00,0x00,0x0F,0xFF,0xFF,0x00,0x00,0x00,0x0F,
  0xEF,0xFF,0x80,0x00,0x00,0x0F,0xE7,0xFF,0xC0,0x00,0x00,0x07,0xF3,0xFF,0xE0,0x00,0x00,0x07,0xF1,0xFF,0xF0,0x00,0x00,0x07,
  0xF0,0xFF,0xF8,0x00,0x00,0x03,0xF8,0x7F,0xFC,0x00,0x00,0x03,0xF8,0x3F,0xFE,0x00,0x00,0x03,0xF8,0x1F,0xFF,0x00,0x00,0x01,
  0xFC,0x0F,0xFF,0x80,0x00,0x01,0xFC,0x07,0xFF,0xC0,0x00,0x01,0xFC,0x03,0xFF,0xE0,0x00,0x00,0xFE,0x01,0xFF,0xF0,0x00,0x00,
  0xFE,0x00,0xFF,0xF8,0x00,0x00,0xFE,0x00,0x7F,0xFC,0x00,0x00,0x7F,0x00,0x3F,0xFE,0x00,0x00,0x7F,0x00,0x1F,0xFF,0x00,0x00,
  0x7F,0x00,0x0F,0xFF,0x80,0x00,0x3F,0x80,0x07,0xFF,0xC0,0x00,0x3F,0x80,0x03,0xFF,0xE0,0x00,0x3F,0xC0,0x01,0xFF,0xF0,0x00,
  0x1F,0xC0,0x00,0xFF,0xF8,0x00,0x1F,0xC0,0x00,0x7F,0xFC,0x00,0x1F,0xE0,0x00,0x3F,0xFE,0x00,0x0F,0xE0,0x00,0x1F,0xFF,0x00,
  0x0F,0xE0,0x00,0x0F,0xFF,0x80,0x0F,0xF0,0x00,0x07,0xFF,0xC0,0x07,0xF0,0x00,0x03,0xFF,0xE0,0x07,0xF0,0x00,0x01,0xFF,0xF0,
  0x07,0xF8,0x00,0x00,0xFF,0xF8,0x03,0xFC,0x00,0x00,0xFF,0xFE,0x03,0xFF,0xFF,0xFF,0xFF,0xFF,0xFD,0xFF,0xFF,0xFF,0xFF,0xFF,
  0xFF,0xFF,0xFF,0xFF,0xFF,0xFF,0xFF,0xFF,0xFF,0xFF,0xFF,0xFF,0xFF,0xFF,0xFF,0xFF,0xFF,0xFF,0xFF,0xFF,0xFF,0xFF,0xFF,0xFF,
  0xFF,0xFF,0xFF,0xFF,0xFF,0xFF,0xFF,0xFF,0xFF,0xFF,0xFF,0xFF,0xFF,0xFF,0xFF,0xFF,0xFF,0xFF,0xFF,0xFF,0xFF,0xFF,0xFF,0xFF,
  0xFF,0xFE,0x00,0x00,0x00,0x0F,0xFF,0x80,0x00,0x00,0x00,0x07,0xFF,0xC0,0x00,0x00,0x00,0x03,0xFF,0xE0,0x00,0x00,0x00,0x01,
  0xFF,0xF0,0x00,0x00,0x00,0x00,0xFF,0xF8,0x00,0x00,0x00,0x00,0x7F,0xFC,0x00,0x00,0x00,0x00,0x3F,0xFE,0x00,0x00,0x00,0x00,
  0x1F,0xFF,0x00,0x00,0x00,0x00,0x0F,0xFF,0x80,0x00,0x00,0x00,0x07,0xFF,0xC0,0x00,0x00,0x00,0x03,0xFF,0xE0,0x00,0x00,0x00,
  0x01,0xFF,0xF0,0x00,0x00,0x00,0x00,0xFF,0xF8,0x00,0x1F,0xFF,0xFF,0xFF,0xFE,0x01,0xFF,0xFF,0xFF,0xFF,0xE0,0x1F,0xFF,0xFF,
  0xFF,0xFE,0x01,0xFF,0xFF,0xFF,0xFF,0xE0,0x1F,0xFF,0xFF,0xFF,0xFE,0x01,0xFF,0xFF,0xFF,0xFF,0xE0,0x1F,0xFF,0xFF,0xFF,0xFE,
  0x01,0xFF,0xFF,0xFF,0xFF,0xE0,0x1F,0xFF,0xFF,0xFF,0xFE,0x01,0xFF,0xFF,0xFF,0xFF,0xE0,0x1F,0xFF,0xFF,0xFF,0xFE,0x01,0xFC,
  0x00,0x00,0x00,0x00,0x1F,0x80,0x00,0x00,0x00,0x01,0xF8,0x00,0x00,0x00,0x00,0x1F,0x80,0x00,0x00,0x00,0x01,0xF8,0x00,0x00,
  0x00,0x00,0x1F,0x80,0x00,0x00,0x00,0x01,0xF8,0x00,0x00,0x00,0x00,0x1F,0x80,0x00,0x00,0x00,0x01,0xF8,0x00,0x00,0x00,0x00,
  0x1F,0x80,0x00,0x00,0x00,0x01,0xF8,0x00,0x00,0x00,0x00,0x1F,0x80,0x00,0x00,0x00,0x01,0xF8,0x00,0x00,0x00,0x00,0x1F,0x80,
  0x00,0x00,0x00,0x01,0xF8,0x00,0x00,0x00,0x00,0x1F,0x80,0x00,0x00,0x00,0x01,0xF8,0x00,0x00,0x00,0x00,0x1F,0x83,0xFF,0xF0,
  0x00,0x01,0xFF,0xFF,0xFF,0xF0,0x00,0x1F,0xFF,0xFF,0xFF,0xC0,0x01,0xFF,0xFF,0xFF,0xFF,0x00,0x1F,0xFF,0xFF,0xFF,0xFC,0x01,
  0xFF,0xC0,0xFF,0xFF,0xE0,0x1F,0xC0,0x01,0xFF,0xFF,0x00,0x00,0x00,0x07,0xFF,0xF8,0x00,0x00,0x00,0x3F,0xFF,0x80,0x00,0x00,
  0x01,0xFF,0xFC,0x00,0x00,0x00,0x1F,0xFF,0xC0,0x00,0x00,0x00,0xFF,0xFE,0x00,0x00,0x00,0x0F,0xFF,0xE0,0x00,0x00,0x00,0xFF,
  0xFF,0x00,0x00,0x00,0x07,0xFF,0xF0,0x00,0x00,0x00,0x7F,0xFF,0x00,0x00,0x00,0x07,0xFF,0xF0,0x00,0x00,0x00,0x7F,0xFF,0x00,
  0x00,0x00,0x07,0xFF,0xF0,0x00,0x00,0x00,0x7F,0xFF,0x00,0x00,0x00,0x07,0xFF,0xF0,0x00,0x00,0x00,0x7F,0xFF,0xF8,0x00,0x00,
  0x07,0xFF,0xFF,0x80,0x00,0x00,0x7F,0xFF,0xF8,0x00,0x00,0x07,0xFF,0xFF,0xC0,0x00,0x00,0x7F,0xFF,0xFC,0x00,0x00,0x07,0xFF,
  0xEF,0xC0,0x00,0x00,0xFF,0xFE,0xFC,0x00,0x00,0x0F,0xFF,0xEF,0xE0,0x00,0x00,0xFF,0xFC,0xFE,0x00,0x00,0x1F,0xFF,0xCF,0xE0,
  0x00,0x01,0xFF,0xF8,0xFE,0x00,0x00,0x3F,0xFF,0x87,0xF0,0x00,0x07,0xFF,0xF0,0x7F,0xC0,0x01,0xFF,0xFE,0x07,0xFF,0xC0,0xFF,
  0xFF,0xC0,0x7F,0xFF,0xFF,0xFF,0xF8,0x07,0xFF,0xFF,0xFF,0xFE,0x00,0x7F,0xFF,0xFF,0xFF,0x80,0x01,0xFF,0xFF,0xFF,0xE0,0x00,
  0x00,0x3F,0xFF,0xE0,0x00,0x00,0x00,0x00,0x07,0xFF,0xC0,0x00,0x00,0x00,0xFF,0xFF,0xF8,0x00,0x00,0x0F,0xFF,0xFF,0xFC,0x00,
  0x00,0xFF,0xFF,0xFF,0xF0,0x00,0x07,0xFF,0xFF,0xFF,0xC0,0x00,0x7F,0xFF,0x0F,0xFF,0x00,0x03,0xFF,0xF0,0x07,0xFC,0x00,0x1F,
  0xFF,0x00,0x07,0xF0,0x00,0xFF,0xF8,0x00,0x1F,0xC0,0x03,0xFF,0xE0,0x00,0x3F,0x00,0x1F,0xFF,0x00,0x00,0xFC,0x00,0xFF,0xFC,
  0x00,0x03,0xF0,0x03,0xFF,0xE0,0x00,0x0F,0xC0,0x1F,0xFF,0x80,0x00,0x3F,0x00,0x7F,0xFC,0x00,0x00,0x7C,0x03,0xFF,0xF0,0x00,
  0x01,0xF0,0x0F,0xFF,0xC0,0x00,0x07,0xC0,0x7F,0xFE,0x00,0x00,0x1F,0x01,0xFF,0xF8,0x00,0x00,0x00,0x07,0xFF,0xE0,0x00,0x00,
  0x00,0x3F,0xFF,0x80,0x00,0x00,0x00,0xFF,0xFE,0x00,0x00,0x00,0x03,0xFF,0xF0,0x00,0x00,0x00,0x0F,0xFF,0xC0,0x00,0x00,0x00,
  0x7F,0xFF,0x00,0x00,0x00,0x01,0xFF,0xFC,0x00,0x00,0x00,0x07,0xFF,0xF0,0x00,0x00,0x00,0x1F,0xFF,0xC0,0x00,0x00,0x00,0x7F,
  0xFF,0x07,0xFF,0x00,0x01,0xFF,0xFC,0xFF,0xFF,0x80,0x07,0xFF,0xFF,0xFF,0xFF,0x80,0x1F,0xFF,0xFF,0xFF,0xFF,0x80,0x7F,0xFF,
  0xFF,0xFF,0xFF,0x01,0xFF,0xFF,0xFF,0xFF,0xFE,0x07,0xFF,0xFF,0x8F,0xFF,0xFC,0x3F,0xFF,0xC0,0x07,0xFF,0xF8,0x7F,0xFF,0x00,
  0x0F,0xFF,0xE1,0xFF,0xFC,0x00,0x1F,0xFF,0xC7,0xFF,0xF0,0x00,0x7F,0xFF,0x1F,0xFF,0xC0,0x00,0xFF,0xFE,0x7F,0xFF,0x00,0x03,
  0xFF,0xF9,0xFF,0xFC,0x00,0x0F,0xFF,0xE7,0xFF,0xF0,0x00,0x3F,0xFF,0xDF,0xFF,0xC0,0x00,0x7F,0xFF,0x7F,0xFF,0x00,0x01,0xFF,
  0xFD,0xFF,0xFC,0x00,0x07,0xFF,0xF7,0xFF,0xF0,0x00,0x1F,0xFF,0xDF,0xFF,0xC0,0x00,0x7F,0xFF,0x3F,0xFF,0x00,0x01,0xFF,0xFC,
  0xFF,0xFC,0x00,0x07,0xFF,0xF3,0xFF,0xF0,0x00,0x1F,0xFF,0xCF,0xFF,0xC0,0x00,0x7F,0xFF,0x1F,0xFF,0x80,0x01,0xFF,0xFC,0x7F,
  0xFE,0x00,0x07,0xFF,0xF1,0xFF,0xF8,0x00,0x1F,0xFF,0x83,0xFF,0xE0,0x00,0x7F,0xFE,0x0F,0xFF,0xC0,0x01,0xFF,0xF8,0x1F,0xFF,
  0x00,0x0F,0xFF,0xE0,0x7F,0xFC,0x00,0x3F,0xFF,0x00,0xFF,0xF0,0x00,0xFF,0xFC,0x03,0xFF,0xE0,0x03,0xFF,0xE0,0x07,0xFF,0x80,
  0x1F,0xFF,0x80,0x0F,0xFF,0x00,0x7F,0xFC,0x00,0x1F,0xFE,0x03,0xFF,0xE0,0x00,0x3F,0xFE,0x3F,0xFF,0x00,0x00,0x7F,0xFF,0xFF,
  0xF8,0x00,0x00,0xFF,0xFF,0xFF,0xC0,0x00,0x00,0xFF,0xFF,0xFC,0x00,0x00,0x00,0xFF,0xFF,0xC0,0x00,0x00,0x00,0x7F,0xF8,0x00,
  0x00,0xFF,0xFF,0xFF,0xFF,0xFF,0xFF,0xFF,0xFF,0xFF,0xFF,0xFF,0xFF,0xFF,0xFF,0xFF,0xFF,0xFF,0xFF,0xFF,0xFF,0xFF,0xFF,0xFF,
  0xFF,0xFF,0xFF,0xFF,0xEF,0xFF,0xFF,0xFF,0xFF,0xFE,0xFF,0xFF,0xFF,0xFF,0xFF,0xEF,0xFF,0xFF,0xFF,0xFF,0xFC,0xFF,0xFF,0xFF,
  0xFF,0xFF,0xCF,0xFF,0xFF,0xFF,0xFF,0xF8,0xFF,0xFF,0xFF,0xFF,0xFF,0x8F,0xE0,0x00,0x00,0x07,0xF0,0xFC,0x00,0x00,0x00,0x7F,
  0x0F,0xC0,0x00,0x00,0x0F,0xF0,0xFC,0x00,0x00,0x00,0xFE,0x0F,0xC0,0x00,0x00,0x1F,0xE0,0xF8,0x00,0x00,0x01,0xFC,0x0F,0x80,
  0x00,0x00,0x3F,0xC0,0xF8,0x00,0x00,0x03,0xFC,0x0F,0x00,0x00,0x00,0x7F,0x80,0x00,0x00,0x00,0x07,0xF8,0x00,0x00,0x00,0x00,
  0xFF,0x00,0x00,0x00,0x00,0x0F,0xF0,0x00,0x00,0x00,0x01,0xFE,0x00,0x00,0x00,0x00,0x1F,0xE0,0x00,0x00,0x00,0x03,0xFE,0x00,
  0x00,0x00,0x00,0x3F,0xC0,0x00,0x00,0x00,0x07,0xFC,0x00,0x00,0x00,0x00,0x7F,0x80,0x00,0x00,0x00,0x0F,0xF8,0x00,0x00,0x00,
  0x00,0xFF,0x80,0x00,0x00,0x00,0x1F,0xF0,0x00,0x00,0x00,0x01,0xFF,0x00,0x00,0x00,0x00,0x3F,0xE0,0x00,0x00,0x00,0x03,0xFE,
  0x00,0x00,0x00,0x00,0x7F,0xE0,0x00,0x00,0x00,0x07,0xFC,0x00,0x00,0x00,0x00,0xFF,0xC0,0x00,0x00,0x00,0x0F,0xF8,0x00,0x00,
  0x00,0x01,0xFF,0x80,0x00,0x00,0x00,0x1F,0xF0,0x00,0x00,0x00,0x03,0xFF,0x00,0x00,0x00,0x00,0x3F,0xF0,0x00,0x00,0x00,0x07,
  0xFE,0x00,0x00,0x00,0x00,0x7F,0xE0,0x00,0x00,0x00,0x0F,0xFC,0x00,0x00,0x00,0x00,0xFF,0xC0,0x00,0x00,0x00,0x1F,0xFC,0x00,
  0x00,0x00,0x01,0xFF,0x80,0x00,0x00,0x00,0x3F,0xF8,0x00,0x00,0x00,0x03,0xFF,0x00,0x00,0x00,0x00,0x7F,0xF0,0x00,0x00,0x00,
  0x07,0xFE,0x00,0x00,0x00,0x00,0xFF,0xE0,0x00,0x00,0x00,0x0F,0xFE,0x00,0x00,0x00,0x01,0xFF,0xC0,0x00,0x00,0x00,0x1F,0xFC,
  0x00,0x00,0x00,0x03,0xFF,0x80,0x00,0x00,0x00,0x3F,0xF8,0x00,0x00,0x00,0x07,0xFF,0x80,0x00,0x00,0x00,0x7F,0xF0,0x00,0x00,
  0x00,0x0F,0xFF,0x00,0x00,0x00,0x00,0xFF,0xE0,0x00,0x00,0x00,0x1F,0xFE,0x00,0x00,0x00,0x01,0xFF,0xE0,0x00,0x00,0x00,0x3F,
  0xFC,0x00,0x00,0x00,0x03,0xFF,0xC0,0x00,0x00,0x00,0x7F,0xF8,0x00,0x00,0x00,0x00,0x00,0x7F,0xF8,0x00,0x00,0x00,0x1F,0xFF,
  0xFE,0x00,0x00,0x01,0xFF,0xFF,0xFE,0x00,0x00,0x1F,0xFF,0xFF,0xFE,0x00,0x00,0xFF,0xFF,0xFF,0xFC,0x00,0x07,0xFF,0xE1,0xFF,
  0xF8,0x00,0x3F,0xFE,0x03,0xFF,0xF0,0x01,0xFF,0xF0,0x07,0xFF,0xE0,0x0F,0xFF,0xC0,0x0F,0xFF,0xC0,0x3F,0xFF,0x00,0x3F,0xFF,
  0x01,0xFF,0xF8,0x00,0x7F,0xFE,0x07,0xFF,0xE0,0x01,0xFF,0xF8,0x1F,0xFF,0x80,0x07,0xFF,0xE0,0xFF,0xFE,0x00,0x1F,0xFF,0xC3,
  0xFF,0xF8,0x00,0x7F,0xFF,0x0F,0xFF,0xE0,0x01,0xFF,0xFC,0x3F,0xFF,0x80,0x07,0xFF,0xF0,0xFF,0xFE,0x00,0x1F,0xFF,0xC3,0xFF,
  0xF8,0x00,0x7F,0xFF,0x0F,0xFF,0xE0,0x01,0xFF,0xFC,0x3F,0xFF,0x80,0x07,0xFF,0xF0,0xFF,0xFE,0x00,0x1F,0xFF,0xC1,0xFF,0xF8,
  0x00,0x7F,0xFE,0x07,0xFF,0xE0,0x01,0xFF,0xF8,0x1F,0xFF,0x80,0x07,0xFF,0xE0,0x3F,0xFE,0x00,0x1F,0xFF,0x00,0xFF,0xFC,0x00,
  0xFF,0xFC,0x01,0xFF,0xF0,0x03,0xFF,0xE0,0x03,0xFF,0xE0,0x1F,0xFF,0x00,0x07,0xFF,0xE1,0xFF,0xF8,0x00,0x0F,0xFF,0xFF,0xFF,
  0xC0,0x00,0x0F,0xFF,0xFF,0xFC,0x00,0x00,0x0F,0xFF,0xFF,0xC0,0x00,0x00,0xFF,0xFF,0xFF,0xC0,0x00,0x07,0xFF,0xFF,0xFF,0x80,
  0x00,0x7F,0xFF,0xFF,0xFF,0x80,0x03,0xFF,0xE0,0x1F,0xFF,0x00,0x1F,0xFF,0x00,0x3F,0xFE,0x00,0xFF,0xF8,0x00,0x7F,0xFC,0x07,
  0xFF,0xE0,0x01,0xFF,0xF8,0x1F,0xFF,0x00,0x03,0xFF,0xE0,0xFF,0xFC,0x00,0x0F,0xFF,0xC3,0xFF,0xF0,0x00,0x3F,0xFF,0x0F,0xFF,
  0x80,0x00,0x7F,0xFC,0x7F,0xFE,0x00,0x01,0xFF,0xF9,0xFF,0xF8,0x00,0x07,0xFF,0xE7,0xFF,0xE0,0x00,0x1F,0xFF,0x9F,0xFF,0x80,
  0x00,0x7F,0xFE,0x7F,0xFE,0x00,0x01,0xFF,0xFB,0xFF,0xF8,0x00,0x07,0xFF,0xFF,0xFF,0xE0,0x00,0x1F,0xFF,0xFF,0xFF,0x80,0x00,
  0x7F,0xFF,0xFF,0xFE,0x00,0x01,0xFF,0xFD,0xFF,0xF8,0x00,0x07,0xFF,0xE7,0xFF,0xE0,0x00,0x1F,0xFF,0x9F,0xFF,0x80,0x00,0x7F,
  0xFE,0x7F,0xFE,0x00,0x01,0xFF,0xF9,0xFF,0xF8,0x00,0x0F,0xFF,0xE3,0xFF,0xF0,0x00,0x3F,0xFF,0x0F,0xFF,0xC0,0x00,0xFF,0xFC,
  0x3F,0xFF,0x00,0x03,0xFF,0xF0,0x7F,0xFE,0x00,0x1F,0xFF,0x80,0xFF,0xF8,0x00,0xFF,0xFC,0x03,0xFF,0xF0,0x07,0xFF,0xF0,0x07,
  0xFF,0xF8,0x7F,0xFF,0x80,0x0F,0xFF,0xFF,0xFF,0xFC,0x00,0x0F,0xFF,0xFF,0xFF,0xC0,0x00,0x0F,0xFF,0xFF,0xFC,0x00,0x00,0x0F,
  0xFF,0xFF,0xC0,0x00,0x00,0x03,0xFF,0xF0,0x00,0x00,0x00,0x00,0xFF,0xF0,0x00,0x00,0x00,0x7F,0xFF,0xF0,0x00,0x00,0x0F,0xFF,
  0xFF,0xE0,0x00,0x01,0xFF,0xFF,0xFF,0xC0,0x00,0x1F,0xFF,0xFF,0xFF,0x00,0x01,0xFF,0xFC,0x7F,0xFC,0x00,0x1F,0xFF,0x80,0xFF,
  0xF0,0x01,0xFF,0xF8,0x07,0xFF,0xC0,0x1F,0xFF,0x80,0x1F,0xFF,0x00,0xFF,0xFC,0x00,0x7F,0xF8,0x0F,0xFF,0xC0,0x03,0xFF,0xE0,
  0x7F,0xFE,0x00,0x1F,0xFF,0x07,0xFF,0xF0,0x00,0xFF,0xFC,0x3F,0xFF,0x00,0x03,0xFF,0xE1,0xFF,0xF8,0x00,0x1F,0xFF,0x9F,0xFF,
  0xC0,0x00,0xFF,0xFC,0xFF,0xFE,0x00,0x07,0xFF,0xE7,0xFF,0xF0,0x00,0x3F,0xFF,0xBF,0xFF,0x80,0x00,0xFF,0xFD,0xFF,0xFC,0x00,
  0x07,0xFF,0xEF,0xFF,0xE0,0x00,0x3F,0xFF,0x7F,0xFF,0x00,0x01,0xFF,0xFB,0xFF,0xF8,0x00,0x0F,0xFF,0xFF,0xFF,0xC0,0x00,0x7F,
  0xFF,0xFF,0xFE,0x00,0x03,0xFF,0xFF,0xFF,0xF0,0x00,0x1F,0xFF,0xFF,0xFF,0x80,0x00,0xFF,0xFF,0xFF,0xFC,0x00,0x07,0xFF,0xF7,
  0xFF,0xF0,0x00,0x3F,0xFF,0xBF,0xFF,0x80,0x01,0xFF,0xFD,0xFF,0xFC,0x00,0x0F,0xFF,0xE7,0xFF,0xE0,0x00,0x7F,0xFF,0x3F,0xFF,
  0x80,0x03,0xFF,0xF8,0xFF,0xFE,0x00,0x1F,0xFF,0xC7,0xFF,0xF8,0x00,0xFF,0xFE,0x1F,0xFF,0xF0,0x3F,0xFF,0xF0,0x7F,0xFF,0xFF,
  0xFF,0xFF,0x81,0xFF,0xFF,0xFF,0xFF,0xFC,0x07,0xFF,0xFF,0xFF,0xFF,0xE0,0x0F,0xFF,0xFF,0xFF,0xFF,0x00,0x1F,0xFF,0xFB,0xFF,
  0xF8,0x00,0x1F,0xFC,0x1F,0xFF,0xC0,0x00,0x00,0x00,0xFF,0xFE,0x00,0x00,0x00,0x07,0xFF,0xF0,0x00,0x00,0x00,0x3F,0xFF,0x80,
  0x00,0x00,0x01,0xFF,0xF8,0x00,0x00,0x00,0x0F,0xFF,0xC0,0x00,0x00,0x00,0xFF,0xFE,0x00,0x00,0x00,0x07,0xFF,0xF0,0x00,0x00,
  0x00,0x3F,0xFF,0x80,0x00,0x00,0x01,0xFF,0xF8,0x00,0x00,0x00,0x0F,0xFF,0xC1,0xE0,0x00,0x00,0x7F,0xFE,0x1F,0x00,0x00,0x07,
  0xFF,0xE0,0xF8,0x00,0x00,0x3F,0xFF,0x07,0xE0,0x00,0x01,0xFF,0xF0,0x3F,0x00,0x00,0x1F,0xFF,0x81,0xF8,0x00,0x00,0xFF,0xF8,
  0x0F,0xC0,0x00,0x07,0xFF,0xC0,0x7F,0x00,0x00,0x7F,0xFC,0x03,0xF8,0x00,0x07,0xFF,0xC0,0x1F,0xC0,0x00,0x3F,0xFE,0x00,0xFF,
  0x00,0x03,0xFF,0xE0,0x07,0xFE,0x00,0x7F,0xFE,0x00,0x3F,0xFE,0x0F,0xFF,0xE0,0x01,0xFF,0xFF,0xFF,0xFC,0x00,0x0F,0xFF,0xFF,
  0xFF,0xC0,0x00,0x7F,0xFF,0xFF,0xF8,0x00,0x00,0x7F,0xFF,0xFF,0x00,0x00,0x00,0x1F,0xFF,0x80,0x00,0x00,0x03,0xF0,0x07,0xFE,
  0x07,0xFF,0x87,0xFF,0xE7,0xFF,0xF3,0xFF,0xFD,0xFF,0xFE,0xFF,0xFF,0xFF,0xFF,0xBF,0xFF,0xDF,0xFF,0xEF,0xFF,0xF7,0xFF,0xF1,
  0xFF,0xF8,0x7F,0xF8,0x1F,0xF8,0x03,0xF0,0x00,0x00,0x00,0x00,0x00,0x00,0x00,0x00,0x00,0x00,0x00,0x00,0x00,0x00,0x00,0x00,
  0x00,0x00,0x00,0x00,0x00,0x00,0x00,0x00,0x00,0x00,0x00,0x00,0x00,0x00,0x00,0x00,0x00,0x00,0x01,0xF8,0x03,0xFF,0x03,0xFF,
  0xC3,0xFF,0xF3,0xFF,0xF9,0xFF,0xFE,0xFF,0xFF,0x7F,0xFF,0xFF,0xFF,0xDF,0xFF,0xEF,0xFF,0xF7,0xFF,0xFB,0xFF,0xF8,0xFF,0xFC,
  0x3F,0xFC,0x0F,0xFC,0x01,0xF8,0x00,0x00,0x7E,0x00,0x0F,0xFC,0x00,0xFF,0xF0,0x0F,0xFF,0xC0,0x7F,0xFF,0x07,0xFF,0xF8,0x3F,
  0xFF,0xC1,0xFF,0xFE,0x0F,0xFF,0xF0,0x7F,0xFF,0x83,0xFF,0xFC,0x1F,0xFF,0xE0,0x7F,0xFF,0x03,0xFF,0xF0,0x0F,0xFF,0x00,0x3F,
  0xF0,0x00,0x7E,0x00,0x00,0x00,0x00,0x00,0x00,0x00,0x00,0x00,0x00,0x00,0x00,0x00,0x00,0x00,0x00,0x00,0x00,0x00,0x00,0x00,
  0x00,0x00,0x00,0x00,0x00,0x00,0x00,0x00,0x00,0x00,0x00,0x00,0x00,0x00,0x00,0x00,0x00,0x00,0x00,0x00,0x00,0x00,0x00,0x00,
  0x00,0x7F,0x80,0x07,0xFF,0x00,0xFF,0xFC,0x07,0xFF,0xF0,0x7F,0xFF,0xC3,0xFF,0xFE,0x1F,0xFF,0xF8,0xFF,0xFF,0xC7,0xFF,0xFE,
  0x3F,0xFF,0xF0,0xFF,0xFF,0x83,0xFF,0xFC,0x0F,0xFF,0xE0,0x3F,0xFF,0x00,0x7F,0xF8,0x01,0xFF,0x80,0x07,0xFC,0x00,0x3F,0xE0,
  0x03,0xFE,0x00,0x1F,0xF0,0x01,0xFF,0x00,0x0F,0xF0,0x00,0xFF,0x00,0x1F,0xF0,0x01,0xFF,0x00,0x7F,0xF0,0x0F,0xFE,0x00,0x7F,
  0xE0,0x03,0xFC,0x00,0x1F,0x00,0x00,0xC0,0x00,0x00,0x00,0x00,0x00,0x00,0x00,0x01,0x80,0x00,0x00,0x00,0x00,0x03,0xC0,0x00,
  0x00,0x00,0x00,0x07,0xE0,0x00,0x00,0x00,0x00,0x0F,0xF0,0x00,0x00,0x00,0x00,0x1F,0xF8,0x00,0x00,0x00,0x00,0x3F,0xFC,0x00,
  0x00,0x00,0x00,0x7F,0xFE,0x00,0x00,0x00,0x00,0xFF,0xFE,0x00,0x00,0x00,0x01,0xFF,0xFC,0x00,0x00,0x00,0x03,0xFF,0xF8,0x00,
  0x00,0x00,0x07,0xFF,0xF0,0x00,0x00,0x00,0x0F,0xFF,0xE0,0x00,0x00,0x00,0x1F,0xFF,0xC0,0x00,0x00,0x00,0x3F,0xFF,0x80,0x00,
  0x00,0x00,0x7F,0xFF,0x00,0x00,0x00,0x00,0xFF,0xFE,0x00,0x00,0x00,0x01,0xFF,0xFC,0x00,0x00,0x00,0x03,0xFF,0xF8,0x00,0x00,
  0x00,0x07,0xFF,0xF0,0x00,0x00,0x00,0x0F,0xFF,0xE0,0x00,0x00,0x00,0x1F,0xFF,0xC0,0x00,0x00,0x00,0x3F,0xFF,0x80,0x00,0x00,
  0x00,0x7F,0xFF,0x00,0x00,0x00,0x00,0xFF,0xFE,0x00,0x00,0x00,0x00,0xFF,0xFC,0x00,0x00,0x00,0x00,0x7F,0xF8,0x00,0x00,0x00,
  0x00,0x3F,0xF0,0x00,0x00,0x00,0x00,0x1F,0xFE,0x00,0x00,0x00,0x00,0x0F,0xFF,0xC0,0x00,0x00,0x00,0x03,0xFF,0xF8,0x00,0x00,
  0x00,0x00,0x7F,0xFF,0x00,0x00,0x00,0x00,0x0F,0xFF,0xE0,0x00,0x00,0x00,0x01,0xFF,0xFC,0x00,0x00,0x00,0x00,0x3F,0xFF,0x80,
  0x00,0x00,0x00,0x07,0xFF,0xF0,0x00,0x00,0x00,0x00,0xFF,0xFE,0x00,0x00,0x00,0x00,0x1F,0xFF,0xC0,0x00,0x00,0x00,0x03,0xFF,
  0xF8,0x00,0x00,0x00,0x00,0x7F,0xFF,0x00,0x00,0x00,0x00,0x0F,0xFF,0xE0,0x00,0x00,0x00,0x01,0xFF,0xFC,0x00,0x00,0x00,0x00,
  0x3F,0xFF,0x80,0x00,0x00,0x00,0x07,0xFF,0xF0,0x00,0x00,0x00,0x00,0xFF,0xFE,0x00,0x00,0x00,0x00,0x1F,0xFF,0xC0,0x00,0x00,
  0x00,0x03,0xFF,0xF8,0x00,0x00,0x00,0x00,0x7F,0xFE,0x00,0x00,0x00,0x00,0x0F,0xFF,0x00,0x00,0x00,0x00,0x01,0xFF,0x80,0x00,
  0x00,0x00,0x00,0x3F,0xC0,0x00,0x00,0x00,0x00,0x07,0xE0,0x00,0x00,0x00,0x00,0x00,0xF0,0x00,0x00,0x00,0x00,0x00,0x18,0xFF,
  0xFF,0xFF,0xFF,0xFF,0xFF,0xFF,0xFF,0xFF,0xFF,0xFF,0xFF,0xFF,0xFF,0xFF,0xFF,0xFF,0xFF,0xFF,0xFF,0xFF,0xFF,0xFF,0xFF,0xFF,
  0xFF,0xFF,0xFF,0xFF,0xFF,0xFF,0xFF,0xFF,0xFF,0xFF,0xFF,0xFF,0xFF,0xFF,0xFF,0xFF,0xFF,0xFE,0x00,0x00,0x00,0x00,0x00,0x00,
  0x00,0x00,0x00,0x00,0x00,0x00,0x00,0x00,0x00,0x00,0x00,0x00,0x00,0x00,0x00,0x00,0x00,0x00,0x00,0x00,0x00,0x00,0x00,0x00,
  0x00,0x00,0x00,0x00,0x00,0x00,0x00,0x00,0x00,0x00,0x00,0x00,0x00,0x00,0x00,0x00,0x00,0x00,0x00,0x00,0x00,0x00,0x00,0x00,
  0x00,0x00,0x00,0x00,0x00,0x00,0x00,0x00,0x00,0x00,0x00,0x00,0x00,0x00,0x00,0x00,0x00,0x00,0x00,0x00,0x00,0x00,0x00,0x00,
  0x00,0x00,0x00,0x00,0x00,0x00,0x00,0x07,0xFF,0xFF,0xFF,0xFF,0xFF,0xFF,0xFF,0xFF,0xFF,0xFF,0xFF,0xFF,0xFF,0xFF,0xFF,0xFF,
  0xFF,0xFF,0xFF,0xFF,0xFF,0xFF,0xFF,0xFF,0xFF,0xFF,0xFF,0xFF,0xFF,0xFF,0xFF,0xFF,0xFF,0xFF,0xFF,0xFF,0xFF,0xFF,0xFF,0xFF,
  0xFF,0xFF,0xF0,0x80,0x00,0x00,0x00,0x00,0x00,0x70,0x00,0x00,0x00,0x00,0x00,0x3E,0x00,0x00,0x00,0x00,0x00,0x1F,0xC0,0x00,
  0x00,0x00,0x00,0x0F,0xF8,0x00,0x00,0x00,0x00,0x07,0xFF,0x00,0x00,0x00,0x00,0x03,0xFF,0xE0,0x00,0x00,0x00,0x00,0xFF,0xFC,
  0x00,0x00,0x00,0x00,0x3F,0xFF,0x80,0x00,0x00,0x00,0x07,0xFF,0xF0,0x00,0x00,0x00,0x00,0xFF,0xFE,0x00,0x00,0x00,0x00,0x0F,
  0xFF,0xC0,0x00,0x00,0x00,0x01,0xFF,0xF8,0x00,0x00,0x00,0x00,0x3F,0xFF,0x00,0x00,0x00,0x00,0x07,0xFF,0xE0,0x00,0x00,0x00,
  0x00,0xFF,0xFC,0x00,0x00,0x00,0x00,0x1F,0xFF,0x80,0x00,0x00,0x00,0x03,0xFF,0xF0,0x00,0x00,0x00,0x00,0x7F,0xFE,0x00,0x00,
  0x00,0x00,0x0F,0xFF,0xC0,0x00,0x00,0x00,0x01,0xFF,0xF8,0x00,0x00,0x00,0x00,0x3F,0xFF,0x00,0x00,0x00,0x00,0x07,0xFF,0xE0,
  0x00,0x00,0x00,0x00,0xFF,0xFC,0x00,0x00,0x00,0x00,0x1F,0xFF,0x80,0x00,0x00,0x00,0x03,0xFF,0xC0,0x00,0x00,0x00,0x00,0x7F,
  0xE0,0x00,0x00,0x00,0x00,0xFF,0xF0,0x00,0x00,0x00,0x01,0xFF,0xF8,0x00,0x00,0x00,0x03,0xFF,0xF0,0x00,0x00,0x00,0x07,0xFF,
  0xE0,0x00,0x00,0x00,0x0F,0xFF,0xC0,0x00,0x00,0x00,0x1F,0xFF,0x80,0x00,0x00,0x00,0x3F,0xFF,0x00,0x00,0x00,0x00,0x7F,0xFE,
  0x00,0x00,0x00,0x00,0xFF,0xFC,0x00,0x00,0x00,0x01,0xFF,0xF8,0x00,0x00,0x00,0x03,0xFF,0xF0,0x00,0x00,0x00,0x07,0xFF,0xE0,
  0x00,0x00,0x00,0x0F,0xFF,0xC0,0x00,0x00,0x00,0x1F,0xFF,0x80,0x00,0x00,0x00,0x3F,0xFF,0x00,0x00,0x00,0x00,0x7F,0xFE,0x00,
  0x00,0x00,0x01,0xFF,0xFC,0x00,0x00,0x00,0x03,0xFF,0xF8,0x00,0x00,0x00,0x03,0xFF,0xF0,0x00,0x00,0x00,0x03,0xFF,0xE0,0x00,
  0x00,0x00,0x01,0xFF,0xC0,0x00,0x00,0x00,0x00,0xFF,0x80,0x00,0x00,0x00,0x00,0x7F,0x00,0x00,0x00,0x00,0x00,0x3E,0x00,0x00,
  0x00,0x00,0x00,0x1C,0x00,0x00,0x00,0x00,0x00,0x08,0x00,0x00,0x00,0x00,0x00,0x00,0x00,0x7F,0xFF,0x00,0x00,0x1F,0xFF,0xFF,
  0xF0,0x00,0xFF,0xFF,0xFF,0xFE,0x00,0xFF,0xFF,0xFF,0xFF,0x80,0xFF,0xFF,0xFF,0xFF,0xC0,0xFF,0xF0,0x7F,0xFF,0xE0,0xFF,0x80,
  0x0F,0xFF,0xF0,0xFE,0x00,0x03,0xFF,0xF8,0xFE,0x00,0x01,0xFF,0xFC,0xFE,0x00,0x01,0xFF,0xFC,0xFC,0x00,0x00,0xFF,0xFE,0xFC,
  0x00,0x00,0xFF,0xFE,0xFC,0x00,0x00,0xFF,0xFE,0xFC,0x00,0x00,0x7F,0xFE,0xF8,0x00,0x00,0x7F,0xFF,0xF8,0x00,0x00,0x7F,0xFF,
  0xF8,0x00,0x00,0x7F,0xFF,0x00,0x00,0x00,0x7F,0xFF,0x00,0x00,0x00,0x7F,0xFF,0x00,0x00,0x00,0x7F,0xFF,0x00,0x00,0x00,0x7F,
  0xFF,0x00,0x00,0x00,0x7F,0xFF,0x00,0x00,0x00,0x7F,0xFE,0x00,0x00,0x00,0xFF,0xFE,0x00,0x00,0x00,0xFF,0xFE,0x00,0x00,0x00,
  0xFF,0xFE,0x00,0x00,0x01,0xFF,0xFC,0x00,0x00,0x01,0xFF,0xFC,0x00,0x00,0x03,0xFF,0xF8,0x00,0x00,0x07,0xFF,0xF8,0x00,0x00,
  0x1F,0xFF,0xF0,0x00,0x00,0xFF,0xFF,0xE0,0x00,0x0F,0xFF,0xFF,0xC0,0x00,0x1F,0xFF,0xFF,0x80,0x00,0x1F,0xFF,0xFF,0x00,0x00,
  0x1F,0xFF,0xFC,0x00,0x00,0x1F,0xFF,0xF0,0x00,0x00,0x0F,0xFF,0xC0,0x00,0x00,0x0F,0xFC,0x00,0x00,0x00,0x0F,0xF0,0x00,0x00,
  0x00,0x0F,0xF0,0x00,0x00,0x00,0x0F,0xF0,0x00,0x00,0x00,0x0F,0xF0,0x00,0x00,0x00,0x07,0xF0,0x00,0x00,0x00,0x07,0xF0,0x00,
  0x00,0x00,0x07,0xE0,0x00,0x00,0x00,0x07,0xE0,0x00,0x00,0x00,0x07,0xE0,0x00,0x00,0x00,0x03,0xE0,0x00,0x00,0x00,0x00,0x00,
  0x00,0x00,0x00,0x00,0x00,0x00,0x00,0x00,0x00,0x00,0x00,0x00,0x00,0x00,0x00,0x00,0x00,0x00,0x03,0xF0,0x00,0x00,0x00,0x0F,
  0xF8,0x00,0x00,0x00,0x1F,0xFE,0x00,0x00,0x00,0x3F,0xFE,0x00,0x00,0x00,0x7F,0xFF,0x00,0x00,0x00,0x7F,0xFF,0x80,0x00,0x00,
  0xFF,0xFF,0x80,0x00,0x00,0xFF,0xFF,0x80,0x00,0x00,0xFF,0xFF,0x80,0x00,0x00,0xFF,0xFF,0x80,0x00,0x00,0xFF,0xFF,0x80,0x00,
  0x00,0x7F,0xFF,0x80,0x00,0x00,0x7F,0xFF,0x00,0x00,0x00,0x3F,0xFE,0x00,0x00,0x00,0x1F,0xFE,0x00,0x00,0x00,0x0F,0xF8,0x00,
  0x00,0x00,0x03,0xF0,0x00,0x00,0x00,0x00,0x00,0x00,0x00,0x3F,0xFF,0xC0,0x00,0x00,0x00,0x00,0x00,0x00,0x00,0x1F,0xFF,0xFF,
  0xFC,0x00,0x00,0x00,0x00,0x00,0x00,0x03,0xFF,0xFF,0xFF,0xFE,0x00,0x00,0x00,0x00,0x00,0x00,0x7F,0xFF,0xFF,0xFF,0xFE,0x00,
  0x00,0x00,0x00,0x00,0x07,0xFF,0xFF,0xFF,0xFF,0xFF,0x00,0x00,0x00,0x00,0x00,0x7F,0xFF,0xE0,0x07,0xFF,0xFE,0x00,0x00,0x00,
  0x00,0x07,0xFF,0xE0,0x00,0x00,0xFF,0xFE,0x00,0x00,0x00,0x00,0x7F,0xFC,0x00,0x00,0x00,0x7F,0xFC,0x00,0x00,0x00,0x03,0xFF,
  0xC0,0x00,0x00,0x00,0x7F,0xF8,0x00,0x00,0x00,0x3F,0xFC,0x00,0x00,0x00,0x00,0xFF,0xF0,0x00,0x00,0x01,0xFF,0xC0,0x00,0x00,
  0x00,0x00,0xFF,0xE0,0x00,0x00,0x0F,0xFC,0x00,0x00,0x00,0x00,0x01,0xFF,0xC0,0x00,0x00,0xFF,0xE0,0x00,0x00,0x00,0x00,0x03,
  0xFF,0x80,0x00,0x07,0xFF,0x00,0x00,0x00,0x00,0x00,0x07,0xFF,0x00,0x00,0x3F,0xF0,0x00,0x00,0x00,0x00,0x00,0x0F,0xFC,0x00,
  0x01,0xFF,0x80,0x00,0x00,0x00,0x00,0x00,0x1F,0xF8,0x00,0x07,0xFC,0x00,0x00,0x00,0x00,0x00,0x00,0x7F,0xE0,0x00,0x3F,0xE0,
  0x00,0x00,0x00,0x00,0x00,0x00,0xFF,0xC0,0x01,0xFF,0x80,0x00,0x00,0x00,0x00,0x00,0x03,0xFF,0x00,0x0F,0xFC,0x00,0x00,0x00,
  0x00,0x00,0x00,0x07,0xFE,0x00,0x3F,0xE0,0x00,0x00,0x00,0x00,0x00,0x00,0x1F,0xF8,0x01,0xFF,0x00,0x00,0x00,0x00,0x00,0x00,
  0x00,0x3F,0xE0,0x0F,0xFC,0x00,0x00,0x00,0x1F,0xFF,0xF0,0x00,0xFF,0x80,0x3F,0xE0,0x00,0x00,0x07,0xFF,0xFF,0xC0,0x03,0xFF,
  0x01,0xFF,0x00,0x00,0x00,0xFF,0xFF,0xFF,0x00,0x0F,0xFC,0x0F,0xFC,0x00,0x00,0x0F,0xFF,0xFF,0xFC,0x00,0x3F,0xF0,0x3F,0xE0,
  0x00,0x00,0xFF,0xFF,0xFF,0xF0,0x00,0x7F,0xC1,0xFF,0x80,0x00,0x0F,0xFF,0xFF,0xFF,0x80,0x01,0xFF,0x07,0xFC,0x00,0x00,0x7F,
  0xF0,0x3F,0xFE,0x00,0x07,0xFC,0x1F,0xF0,0x00,0x03,0xFE,0x00,0xFF,0xF8,0x00,0x1F,0xF0,0xFF,0xC0,0x00,0x1F,0xF0,0x03,0xFF,
  0xE0,0x00,0x7F,0xC3,0xFE,0x00,0x00,0xFF,0x80,0x1F,0xFF,0x80,0x01,0xFF,0x1F,0xF8,0x00,0x07,0xFC,0x00,0x7F,0xFC,0x00,0x07,
  0xFC,0x7F,0xC0,0x00,0x3F,0xE0,0x01,0xFF,0xF0,0x00,0x1F,0xF1,0xFF,0x00,0x01,0xFF,0x80,0x07,0xFF,0xC0,0x00,0x7F,0xCF,0xFC,
  0x00,0x0F,0xFC,0x00,0x1F,0xFF,0x00,0x01,0xFF,0x3F,0xF0,0x00,0x3F,0xF0,0x00,0xFF,0xF8,0x00,0x07,0xFC,0xFF,0x80,0x01,0xFF,
  0x80,0x03,0xFF,0xE0,0x00,0x3F,0xF3,0xFE,0x00,0x07,0xFE,0x00,0x0F,0xFF,0x80,0x00,0xFF,0xDF,0xF8,0x00,0x3F,0xF8,0x00,0x3F,
  0xFE,0x00,0x03,0xFE,0x7F,0xE0,0x00,0xFF,0xC0,0x01,0xFF,0xF8,0x00,0x0F,0xF9,0xFF,0x80,0x07,0xFF,0x00,0x07,0xFF,0xC0,0x00,
  0x3F,0xE7,0xFC,0x00,0x1F,0xFC,0x00,0x1F,0xFF,0x00,0x00,0xFF,0x1F,0xF0,0x00,0xFF,0xF0,0x00,0x7F,0xFC,0x00,0x07,0xFC,0x7F,
  0xC0,0x03,0xFF,0x80,0x01,0xFF,0xF0,0x00,0x1F,0xF1,0xFF,0x00,0x0F,0xFE,0x00,0x0F,0xFF,0x80,0x00,0x7F,0x87,0xFC,0x00,0x7F,
  0xF8,0x00,0x3F,0xFE,0x00,0x03,0xFE,0x3F,0xF0,0x01,0xFF,0xE0,0x00,0xFF,0xF8,0x00,0x0F,0xF0,0xFF,0xC0,0x07,0xFF,0x80,0x03,
  0xFF,0xE0,0x00,0x3F,0xC3,0xFF,0x00,0x1F,0xFE,0x00,0x0F,0xFF,0x80,0x01,0xFE,0x0F,0xFC,0x00,0x7F,0xF8,0x00,0x7F,0xFC,0x00,
  0x07,0xF8,0x3F,0xF0,0x03,0xFF,0xE0,0x01,0xFF,0xF0,0x00,0x3F,0xC0,0xFF,0xC0,0x0F,0xFF,0x80,0x07,0xFF,0xC0,0x00,0xFE,0x03,
  0xFF,0x00,0x3F,0xFE,0x00,0x1F,0xFF,0x00,0x07,0xF0,0x07,0xFC,0x00,0xFF,0xF8,0x00,0xFF,0xFC,0x00,0x3F,0xC0,0x1F,0xF0,0x03,
  0xFF,0xE0,0x03,0xFF,0xE0,0x00,0xFE,0x00,0x7F,0xC0,0x0F,0xFF,0x80,0x0F,0xFF,0x80,0x07,0xF0,0x01,0xFF,0x00,0x3F,0xFE,0x00,
  0x3F,0xFE,0x00,0x3F,0x80,0x07,0xFE,0x00,0x7F,0xFC,0x03,0xFF,0xF8,0x01,0xFC,0x00,0x1F,0xF8,0x01,0xFF,0xF0,0x3F,0xFF,0xE0,
  0x1F,0xE0,0x00,0x7F,0xE0,0x07,0xFF,0xF7,0xFF,0xFF,0xC1,0xFE,0x00,0x00,0xFF,0x80,0x1F,0xFF,0xFF,0xFF,0xFF,0xFF,0xF0,0x00,
  0x03,0xFF,0x00,0x3F,0xFF,0xFE,0xFF,0xFF,0xFF,0x80,0x00,0x0F,0xFC,0x00,0xFF,0xFF,0xE3,0xFF,0xFF,0xF8,0x00,0x00,0x3F,0xF0,
  0x01,0xFF,0xFF,0x0F,0xFF,0xFF,0x80,0x00,0x00,0x7F,0xE0,0x03,0xFF,0xF8,0x1F,0xFF,0xF8,0x00,0x00,0x01,0xFF,0x80,0x07,0xFF,
  0x80,0x7F,0xFF,0x00,0x00,0x00,0x03,0xFE,0x00,0x07,0xF0,0x00,0x7F,0xC0,0x00,0x00,0x00,0x0F,0xFC,0x00,0x00,0x00,0x00,0x00,
  0x00,0x00,0x00,0x00,0x3F,0xF0,0x00,0x00,0x00,0x00,0x00,0x00,0x00,0x00,0x00,0x7F,0xE0,0x00,0x00,0x00,0x00,0x00,0x00,0x00,
  0x00,0x00,0xFF,0xC0,0x00,0x00,0x00,0x00,0x00,0x00,0x00,0x00,0x03,0xFF,0x00,0x00,0x00,0x00,0x00,0x00,0x00,0x00,0x00,0x07,
  0xFE,0x00,0x00,0x00,0x00,0x00,0x00,0x00,0x00,0x00,0x1F,0xFC,0x00,0x00,0x00,0x00,0x00,0x00,0x00,0x00,0x00,0x3F,0xF8,0x00,
  0x00,0x00,0x00,0x00,0x04,0x00,0x00,0x00,0x7F,0xF0,0x00,0x00,0x00,0x00,0x00,0x78,0x00,0x00,0x00,0xFF,0xE0,0x00,0x00,0x00,
  0x00,0x03,0xF0,0x00,0x00,0x01,0xFF,0xE0,0x00,0x00,0x00,0x00,0x3F,0xC0,0x00,0x00,0x03,0xFF,0xC0,0x00,0x00,0x00,0x03,0xFC,
  0x00,0x00,0x00,0x07,0xFF,0xC0,0x00,0x00,0x00,0x3F,0xE0,0x00,0x00,0x00,0x0F,0xFF,0xC0,0x00,0x00,0x07,0xFF,0x00,0x00,0x00,
  0x00,0x0F,0xFF,0xE0,0x00,0x01,0xFF,0xF0,0x00,0x00,0x00,0x00,0x1F,0xFF,0xFF,0x03,0xFF,0xFF,0x00,0x00,0x00,0x00,0x00,0x1F,
  0xFF,0xFF,0xFF,0xFF,0xF0,0x00,0x00,0x00,0x00,0x00,0x1F,0xFF,0xFF,0xFF,0xFF,0x00,0x00,0x00,0x00,0x00,0x00,0x1F,0xFF,0xFF,
  0xFF,0xE0,0x00,0x00,0x00,0x00,0x00,0x00,0x07,0xFF,0xFF,0xFC,0x00,0x00,0x00,0x00,0x00,0x00,0x00,0x01,0xFF,0xFE,0x00,0x00,
  0x00,0x00,0x00,0x00,0x00,0x00,0x07,0xFF,0xF0,0x00,0x00,0x00,0x00,0x00,0x00,0x03,0xFF,0xFC,0x00,0x00,0x00,0x00,0x00,0x00,
  0x03,0xFF,0xFE,0x00,0x00,0x00,0x00,0x00,0x00,0x01,0xFF,0xFF,0x00,0x00,0x00,0x00,0x00,0x00,0x00,0xFF,0xFF,0xC0,0x00,0x00,
  0x00,0x00,0x00,0x00,0xFF,0xFF,0xE0,0x00,0x00,0x00,0x00,0x00,0x00,0x7F,0xFF,0xF8,0x00,0x00,0x00,0x00,0x00,0x00,0x7F,0xFF,
  0xFC,0x00,0x00,0x00,0x00,0x00,0x00,0x3F,0xFF,0xFE,0x00,0x00,0x00,0x00,0x00,0x00,0x1F,0xFF,0xFF,0x80,0x00,0x00,0x00,0x00,
  0x00,0x1F,0xFF,0xFF,0xC0,0x00,0x00,0x00,0x00,0x00,0x0F,0xDF,0xFF,0xE0,0x00,0x00,0x00,0x00,0x00,0x07,0xEF,0xFF,0xF8,0x00,
  0x00,0x00,0x00,0x00,0x07,0xE3,0xFF,0xFC,0x00,0x00,0x00,0x00,0x00,0x03,0xF1,0xFF,0xFF,0x00,0x00,0x00,0x00,0x00,0x03,0xF8,
  0xFF,0xFF,0x80,0x00,0x00,0x00,0x00,0x01,0xF8,0x3F,0xFF,0xC0,0x00,0x00,0x00,0x00,0x00,0xFC,0x1F,0xFF,0xF0,0x00,0x00,0x00,
  0x00,0x00,0xFE,0x0F,0xFF,0xF8,0x00,0x00,0x00,0x00,0x00,0x7E,0x03,0xFF,0xFC,0x00,0x00,0x00,0x00,0x00,0x7F,0x01,0xFF,0xFF,
  0x00,0x00,0x00,0x00,0x00,0x3F,0x80,0xFF,0xFF,0x80,0x00,0x00,0x00,0x00,0x1F,0x80,0x3F,0xFF,0xE0,0x00,0x00,0x00,0x00,0x1F,
  0xC0,0x1F,0xFF,0xF0,0x00,0x00,0x00,0x00,0x0F,0xC0,0x07,0xFF,0xF8,0x00,0x00,0x00,0x00,0x07,0xE0,0x03,0xFF,0xFE,0x00,0x00,
  0x00,0x00,0x07,0xF0,0x01,0xFF,0xFF,0x00,0x00,0x00,0x00,0x03,0xF0,0x00,0x7F,0xFF,0x80,0x00,0x00,0x00,0x03,0xF8,0x00,0x3F,
  0xFF,0xE0,0x00,0x00,0x00,0x01,0xFC,0x00,0x1F,0xFF,0xF0,0x00,0x00,0x00,0x00,0xFC,0x00,0x07,0xFF,0xFC,0x00,0x00,0x00,0x00,
  0xFE,0x00,0x03,0xFF,0xFE,0x00,0x00,0x00,0x00,0x7E,0x00,0x01,0xFF,0xFF,0x00,0x00,0x00,0x00,0x3F,0x00,0x00,0x7F,0xFF,0xC0,
  0x00,0x00,0x00,0x3F,0x80,0x00,0x3F,0xFF,0xE0,0x00,0x00,0x00,0x1F,0x80,0x00,0x1F,0xFF,0xF8,0x00,0x00,0x00,0x1F,0xC0,0x00,
  0x07,0xFF,0xFC,0x00,0x00,0x00,0x0F,0xE0,0x00,0x03,0xFF,0xFE,0x00,0x00,0x00,0x07,0xE0,0x00,0x00,0xFF,0xFF,0x80,0x00,0x00,
  0x07,0xF0,0x00,0x00,0x7F,0xFF,0xC0,0x00,0x00,0x03,0xF8,0x00,0x00,0x3F,0xFF,0xE0,0x00,0x00,0x01,0xFF,0xFF,0xFF,0xFF,0xFF,
  0xF8,0x00,0x00,0x01,0xFF,0xFF,0xFF,0xFF,0xFF,0xFC,0x00,0x00,0x00,0xFF,0xFF,0xFF,0xFF,0xFF,0xFF,0x00,0x00,0x00,0xFF,0xFF,
  0xFF,0xFF,0xFF,0xFF,0x80,0x00,0x00,0x7F,0xFF,0xFF,0xFF,0xFF,0xFF,0xC0,0x00,0x00,0x3F,0xFF,0xFF,0xFF,0xFF,0xFF,0xF0,0x00,
  0x00,0x3F,0x80,0x00,0x00,0x0F,0xFF,0xF8,0x00,0x00,0x1F,0xC0,0x00,0x00,0x07,0xFF,0xFC,0x00,0x00,0x1F,0xC0,0x00,0x00,0x03,
  0xFF,0xFF,0x00,0x00,0x0F,0xE0,0x00,0x00,0x00,0xFF,0xFF,0x80,0x00,0x07,0xF0,0x00,0x00,0x00,0x7F,0xFF,0xE0,0x00,0x07,0xF0,
  0x00,0x00,0x00,0x1F,0xFF,0xF0,0x00,0x03,0xF8,0x00,0x00,0x00,0x0F,0xFF,0xF8,0x00,0x01,0xF8,0x00,0x00,0x00,0x07,0xFF,0xFE,
  0x00,0x01,0xFC,0x00,0x00,0x00,0x01,0xFF,0xFF,0x00,0x00,0xFE,0x00,0x00,0x00,0x00,0xFF,0xFF,0x80,0x00,0xFE,0x00,0x00,0x00,
  0x00,0x7F,0xFF,0xE0,0x00,0x7F,0x00,0x00,0x00,0x00,0x1F,0xFF,0xF0,0x00,0x3F,0x80,0x00,0x00,0x00,0x0F,0xFF,0xFC,0x00,0x3F,
  0x80,0x00,0x00,0x00,0x03,0xFF,0xFE,0x00,0x1F,0xC0,0x00,0x00,0x00,0x01,0xFF,0xFF,0x00,0x0F,0xE0,0x00,0x00,0x00,0x00,0xFF,
  0xFF,0xC0,0x0F,0xE0,0x00,0x00,0x00,0x00,0x3F,0xFF,0xE0,0x1F,0xFF,0x00,0x00,0x00,0x01,0xFF,0xFF,0xFE,0x7F,0xFF,0xFC,0x00,
  0x00,0x0F,0xFF,0xFF,0xFF,0xFF,0xFF,0xFE,0x00,0x00,0x07,0xFF,0xFF,0xFF,0xFF,0xFF,0xFF,0x00,0x00,0x03,0xFF,0xFF,0xFF,0xFF,
  0xFF,0xFF,0x80,0x00,0x01,0xFF,0xFF,0xFF,0xF8,0xFF,0xFF,0xFF,0xFF,0xFF,0xC0,0x00,0x00,0x7F,0xFF,0xFF,0xFF,0xFF,0xFF,0x80,
  0x00,0x3F,0xFF,0xFF,0xFF,0xFF,0xFF,0xF8,0x00,0x1F,0xFF,0xFF,0xFF,0xFF,0xFF,0xFF,0x00,0x00,0x7F,0xFF,0xFF,0xFF,0xFF,0xFF,
  0xC0,0x00,0x07,0xFF,0xFF,0xFF,0xFF,0xFF,0xF0,0x00,0x03,0xFF,0xFE,0x00,0x1F,0xFF,0xFC,0x00,0x01,0xFF,0xFF,0x00,0x03,0xFF,
  0xFF,0x00,0x00,0xFF,0xFF,0x80,0x00,0xFF,0xFF,0xC0,0x00,0x7F,0xFF,0xC0,0x00,0x3F,0xFF,0xE0,0x00,0x3F,0xFF,0xE0,0x00,0x1F,
  0xFF,0xF8,0x00,0x1F,0xFF,0xF0,0x00,0x07,0xFF,0xFC,0x00,0x0F,0xFF,0xF8,0x00,0x03,0xFF,0xFE,0x00,0x07,0xFF,0xFC,0x00,0x01,
  0xFF,0xFF,0x00,0x03,0xFF,0xFE,0x00,0x00,0xFF,0xFF,0x80,0x01,0xFF,0xFF,0x00,0x00,0x7F,0xFF,0xC0,0x00,0xFF,0xFF,0x80,0x00,
  0x1F,0xFF,0xE0,0x00,0x7F,0xFF,0xC0,0x00,0x1F,0xFF,0xF0,0x00,0x3F,0xFF,0xE0,0x00,0x0F,0xFF,0xF8,0x00,0x1F,0xFF,0xF0,0x00,
  0x07,0xFF,0xFC,0x00,0x0F,0xFF,0xF8,0x00,0x03,0xFF,0xFC,0x00,0x07,0xFF,0xFC,0x00,0x01,0xFF,0xFE,0x00,0x03,0xFF,0xFE,0x00,
  0x00,0xFF,0xFF,0x00,0x01,0xFF,0xFF,0x00,0x00,0xFF,0xFF,0x00,0x00,0xFF,0xFF,0x80,0x00,0x7F,0xFF,0x00,0x00,0x7F,0xFF,0xC0,
  0x00,0x7F,0xFF,0x80,0x00,0x3F,0xFF,0xE0,0x00,0x3F,0xFF,0x80,0x00,0x1F,0xFF,0xF0,0x00,0x7F,0xFF,0x80,0x00,0x0F,0xFF,0xF8,
  0x00,0xFF,0xFF,0x00,0x00,0x07,0xFF,0xFF,0xFF,0xFF,0xFF,0x00,0x00,0x03,0xFF,0xFF,0xFF,0xFF,0xFC,0x00,0x00,0x01,0xFF,0xFF,
  0xFF,0xFF,0xFC,0x00,0x00,0x00,0xFF,0xFF,0xFF,0xFF,0xFF,0xF0,0x00,0x00,0x7F,0xFF,0xFF,0xFF,0xFF,0xFF,0x00,0x00,0x3F,0xFF,
  0xFF,0xFF,0xFF,0xFF,0xE0,0x00,0x1F,0xFF,0xF0,0x00,0x1F,0xFF,0xF8,0x00,0x0F,0xFF,0xF8,0x00,0x03,0xFF,0xFF,0x00,0x07,0xFF,
  0xFC,0x00,0x00,0x7F,0xFF,0xC0,0x03,0xFF,0xFE,0x00,0x00,0x1F,0xFF,0xE0,0x01,0xFF,0xFF,0x00,0x00,0x07,0xFF,0xF8,0x00,0xFF,
  0xFF,0x80,0x00,0x03,0xFF,0xFE,0x00,0x7F,0xFF,0xC0,0x00,0x00,0xFF,0xFF,0x00,0x3F,0xFF,0xE0,0x00,0x00,0x7F,0xFF,0xC0,0x1F,
  0xFF,0xF0,0x00,0x00,0x3F,0xFF,0xE0,0x0F,0xFF,0xF8,0x00,0x00,0x1F,0xFF,0xF0,0x07,0xFF,0xFC,0x00,0x00,0x0F,0xFF,0xF8,0x03,
  0xFF,0xFE,0x00,0x00,0x03,0xFF,0xFC,0x01,0xFF,0xFF,0x00,0x00,0x01,0xFF,0xFF,0x00,0xFF,0xFF,0x80,0x00,0x00,0xFF,0xFF,0x80,
  0x7F,0xFF,0xC0,0x00,0x00,0x7F,0xFF,0x80,0x3F,0xFF,0xE0,0x00,0x00,0x3F,0xFF,0xC0,0x1F,0xFF,0xF0,0x00,0x00,0x3F,0xFF,0xE0,
  0x0F,0xFF,0xF8,0x00,0x00,0x1F,0xFF,0xF0,0x07,0xFF,0xFC,0x00,0x00,0x0F,0xFF,0xF8,0x03,0xFF,0xFE,0x00,0x00,0x07,0xFF,0xFC,
  0x01,0xFF,0xFF,0x00,0x00,0x03,0xFF,0xFC,0x00,0xFF,0xFF,0x80,0x00,0x03,0xFF,0xFE,0x00,0x7F,0xFF,0xC0,0x00,0x01,0xFF,0xFE,
  0x00,0x3F,0xFF,0xE0,0x00,0x01,0xFF,0xFF,0x00,0x1F,0xFF,0xF0,0x00,0x01,0xFF,0xFF,0x00,0x0F,0xFF,0xF8,0x00,0x01,0xFF,0xFF,
  0x00,0x07,0xFF,0xFC,0x00,0x01,0xFF,0xFF,0x00,0x03,0xFF,0xFF,0xE0,0x0F,0xFF,0xFF,0x00,0x1F,0xFF,0xFF,0xFF,0xFF,0xFF,0xFF,
  0x00,0xFF,0xFF,0xFF,0xFF,0xFF,0xFF,0xFE,0x00,0x7F,0xFF,0xFF,0xFF,0xFF,0xFF,0xFC,0x00,0x3F,0xFF,0xFF,0xFF,0xFF,0xFF,0xF0,
  0x00,0x1F,0xFF,0xFF,0xFF,0xFF,0xFF,0x80,0x00,0x00,0x00,0x00,0x00,0x0F,0xFF,0xFC,0x00,0x00,0x00,0x00,0x07,0xFF,0xFF,0xFF,
  0xE0,0x00,0x00,0x00,0xFF,0xFF,0xFF,0xFF,0xF8,0x00,0x00,0x1F,0xFF,0xFF,0xFF,0xFF,0xFE,0x00,0x01,0xFF,0xFF,0xFF,0xFF,0xFF,
  0xF8,0x00,0x0F,0xFF,0xFF,0xE0,0xFF,0xFF,0xE0,0x00,0xFF,0xFF,0xE0,0x00,0x0F,0xFF,0x80,0x07,0xFF,0xFE,0x00,0x00,0x07,0xFE,
  0x00,0x3F,0xFF,0xE0,0x00,0x00,0x07,0xF8,0x01,0xFF,0xFF,0x00,0x00,0x00,0x0F,0xE0,0x0F,0xFF,0xF0,0x00,0x00,0x00,0x1F,0x80,
  0x7F,0xFF,0x80,0x00,0x00,0x00,0x7E,0x03,0xFF,0xFE,0x00,0x00,0x00,0x01,0xF8,0x0F,0xFF,0xF0,0x00,0x00,0x00,0x03,0xE0,0x7F,
  0xFF,0x80,0x00,0x00,0x00,0x0F,0x83,0xFF,0xFE,0x00,0x00,0x00,0x00,0x3E,0x0F,0xFF,0xF0,0x00,0x00,0x00,0x00,0xF8,0x7F,0xFF,
  0xC0,0x00,0x00,0x00,0x03,0xE1,0xFF,0xFE,0x00,0x00,0x00,0x00,0x0F,0x87,0xFF,0xF8,0x00,0x00,0x00,0x00,0x1E,0x3F,0xFF,0xE0,
  0x00,0x00,0x00,0x00,0x00,0xFF,0xFF,0x80,0x00,0x00,0x00,0x00,0x03,0xFF,0xFC,0x00,0x00,0x00,0x00,0x00,0x1F,0xFF,0xF0,0x00,
  0x00,0x00,0x00,0x00,0x7F,0xFF,0xC0,0x00,0x00,0x00,0x00,0x01,0xFF,0xFF,0x00,0x00,0x00,0x00,0x00,0x07,0xFF,0xFC,0x00,0x00,
  0x00,0x00,0x00,0x1F,0xFF,0xE0,0x00,0x00,0x00,0x00,0x00,0xFF,0xFF,0x80,0x00,0x00,0x00,0x00,0x03,0xFF,0xFE,0x00,0x00,0x00,
  0x00,0x00,0x0F,0xFF,0xF8,0x00,0x00,0x00,0x00,0x00,0x3F,0xFF,0xE0,0x00,0x00,0x00,0x00,0x00,0xFF,0xFF,0x80,0x00,0x00,0x00,
  0x00,0x03,0xFF,0xFE,0x00,0x00,0x00,0x00,0x00,0x0F,0xFF,0xF8,0x00,0x00,0x00,0x00,0x00,0x3F,0xFF,0xE0,0x00,0x00,0x00,0x00,
  0x00,0xFF,0xFF,0x80,0x00,0x00,0x00,0x00,0x03,0xFF,0xFE,0x00,0x00,0x00,0x00,0x00,0x0F,0xFF,0xF8,0x00,0x00,0x00,0x00,0x00,
  0x3F,0xFF,0xE0,0x00,0x00,0x00,0x00,0x00,0xFF,0xFF,0x80,0x00,0x00,0x00,0x00,0x03,0xFF,0xFE,0x00,0x00,0x00,0x00,0x00,0x07,
  0xFF,0xF8,0x00,0x00,0x00,0x00,0x00,0x1F,0xFF,0xF0,0x00,0x00,0x00,0x00,0x00,0x7F,0xFF,0xC0,0x00,0x00,0x00,0x00,0x01,0xFF,
  0xFF,0x00,0x00,0x00,0x00,0x00,0x07,0xFF,0xFC,0x00,0x00,0x00,0x00,0x00,0x0F,0xFF,0xF0,0x00,0x00,0x00,0x00,0x00,0x3F,0xFF,
  0xE0,0x00,0x00,0x00,0x00,0x3C,0xFF,0xFF,0x80,0x00,0x00,0x00,0x01,0xF1,0xFF,0xFE,0x00,0x00,0x00,0x00,0x07,0xC7,0xFF,0xFC,
  0x00,0x00,0x00,0x00,0x1F,0x1F,0xFF,0xF0,0x00,0x00,0x00,0x00,0x7C,0x3F,0xFF,0xC0,0x00,0x00,0x00,0x01,0xF0,0x7F,0xFF,0x80,
  0x00,0x00,0x00,0x07,0xC1,0xFF,0xFE,0x00,0x00,0x00,0x00,0x3F,0x03,0xFF,0xFC,0x00,0x00,0x00,0x00,0xFC,0x07,0xFF,0xF8,0x00,
  0x00,0x00,0x03,0xF0,0x1F,0xFF,0xF0,0x00,0x00,0x00,0x0F,0xC0,0x3F,0xFF,0xE0,0x00,0x00,0x00,0x3F,0x00,0x7F,0xFF,0xC0,0x00,
  0x00,0x01,0xFC,0x00,0xFF,0xFF,0x80,0x00,0x00,0x1F,0xF0,0x01,0xFF,0xFF,0x80,0x00,0x01,0xFF,0xC0,0x01,0xFF,0xFF,0x80,0x00,
  0x3F,0xFF,0x00,0x03,0xFF,0xFF,0xF0,0x1F,0xFF,0xFC,0x00,0x03,0xFF,0xFF,0xFF,0xFF,0xFF,0xF0,0x00,0x03,0xFF,0xFF,0xFF,0xFF,
  0xFF,0x00,0x00,0x03,0xFF,0xFF,0xFF,0xFF,0xC0,0x00,0x00,0x00,0xFF,0xFF,0xFF,0xF0,0x00,0x00,0x00,0x00,0x3F,0xFF,0xE0,0x00,
  0x00,0xFF,0xFF,0xFF,0xFF,0xFF,0x80,0x00,0x00,0x0F,0xFF,0xFF,0xFF,0xFF,0xFF,0xC0,0x00,0x00,0xFF,0xFF,0xFF,0xFF,0xFF,0xFF,
  0x80,0x00,0x0F,0xFF,0xFF,0xFF,0xFF,0xFF,0xFF,0x00,0x00,0x07,0xFF,0xFF,0xFF,0xFF,0xFF,0xFC,0x00,0x00,0x0F,0xFF,0xFF,0xFF,
  0xFF,0xFF,0xF0,0x00,0x00,0xFF,0xFF,0x80,0x0F,0xFF,0xFF,0x80,0x00,0x0F,0xFF,0xF8,0x00,0x1F,0xFF,0xFC,0x00,0x00,0xFF,0xFF,
  0x80,0x00,0x7F,0xFF,0xF0,0x00,0x0F,0xFF,0xF8,0x00,0x01,0xFF,0xFF,0x00,0x00,0xFF,0xFF,0x80,0x00,0x0F,0xFF,0xF8,0x00,0x0F,
  0xFF,0xF8,0x00,0x00,0x7F,0xFF,0xC0,0x00,0xFF,0xFF,0x80,0x00,0x03,0xFF,0xFE,0x00,0x0F,0xFF,0xF8,0x00,0x00,0x3F,0xFF,0xE0,
  0x00,0xFF,0xFF,0x80,0x00,0x01,0xFF,0xFF,0x00,0x0F,0xFF,0xF8,0x00,0x00,0x0F,0xFF,0xF8,0x00,0xFF,0xFF,0x80,0x00,0x00,0xFF,
  0xFF,0x80,0x0F,0xFF,0xF8,0x00,0x00,0x07,0xFF,0xF8,0x00,0xFF,0xFF,0x80,0x00,0x00,0x7F,0xFF,0xC0,0x0F,0xFF,0xF8,0x00,0x00,
  0x07,0xFF,0xFC,0x00,0xFF,0xFF,0x80,0x00,0x00,0x3F,0xFF,0xC0,0x0F,0xFF,0xF8,0x00,0x00,0x03,0xFF,0xFE,0x00,0xFF,0xFF,0x80,
  0x00,0x00,0x3F,0xFF,0xE0,0x0F,0xFF,0xF8,0x00,0x00,0x03,0xFF,0xFE,0x00,0xFF,0xFF,0x80,0x00,0x00,0x3F,0xFF,0xE0,0x0F,0xFF,
  0xF8,0x00,0x00,0x01,0xFF,0xFF,0x00,0xFF,0xFF,0x80,0x00,0x00,0x1F,0xFF,0xF0,0x0F,0xFF,0xF8,0x00,0x00,0x01,0xFF,0xFF,0x00,
  0xFF,0xFF,0x80,0x00,0x00,0x1F,0xFF,0xF0,0x0F,0xFF,0xF8,0x00,0x00,0x01,0xFF,0xFF,0x00,0xFF,0xFF,0x80,0x00,0x00,0x1F,0xFF,
  0xF0,0x0F,0xFF,0xF8,0x00,0x00,0x01,0xFF,0xFF,0x00,0xFF,0xFF,0x80,0x00,0x00,0x1F,0xFF,0xF0,0x0F,0xFF,0xF8,0x00,0x00,0x01,
  0xFF,0xFF,0x00,0xFF,0xFF,0x80,0x00,0x00,0x1F,0xFF,0xF0,0x0F,0xFF,0xF8,0x00,0x00,0x01,0xFF,0xFF,0x00,0xFF,0xFF,0x80,0x00,
  0x00,0x1F,0xFF,0xF0,0x0F,0xFF,0xF8,0x00,0x00,0x01,0xFF,0xFF,0x00,0xFF,0xFF,0x80,0x00,0x00,0x1F,0xFF,0xF0,0x0F,0xFF,0xF8,
  0x00,0x00,0x01,0xFF,0xFF,0x00,0xFF,0xFF,0x80,0x00,0x00,0x1F,0xFF,0xF0,0x0F,0xFF,0xF8,0x00,0x00,0x01,0xFF,0xFF,0x00,0xFF,
  0xFF,0x80,0x00,0x00,0x1F,0xFF,0xE0,0x0F,0xFF,0xF8,0x00,0x00,0x01,0xFF,0xFE,0x00,0xFF,0xFF,0x80,0x00,0x00,0x1F,0xFF,0xE0,
  0x0F,0xFF,0xF8,0x00,0x00,0x03,0xFF,0xFE,0x00,0xFF,0xFF,0x80,0x00,0x00,0x3F,0xFF,0xE0,0x0F,0xFF,0xF8,0x00,0x00,0x03,0xFF,
  0xFC,0x00,0xFF,0xFF,0x80,0x00,0x00,0x3F,0xFF,0xC0,0x0F,0xFF,0xF8,0x00,0x00,0x03,0xFF,0xFC,0x00,0xFF,0xFF,0x80,0x00,0x00,
  0x7F,0xFF,0x80,0x0F,0xFF,0xF8,0x00,0x00,0x07,0xFF,0xF8,0x00,0xFF,0xFF,0x80,0x00,0x00,0x7F,0xFF,0x80,0x0F,0xFF,0xF8,0x00,
  0x00,0x0F,0xFF,0xF0,0x00,0xFF,0xFF,0x80,0x00,0x00,0xFF,0xFF,0x00,0x0F,0xFF,0xF8,0x00,0x00,0x1F,0xFF,0xE0,0x00,0xFF,0xFF,
  0x80,0x00,0x01,0xFF,0xFC,0x00,0x0F,0xFF,0xF8,0x00,0x00,0x3F,0xFF,0xC0,0x00,0xFF,0xFF,0x80,0x00,0x07,0xFF,0xF8,0x00,0x0F,
  0xFF,0xF8,0x00,0x00,0xFF,0xFF,0x00,0x00,0xFF,0xFF,0x80,0x00,0x3F,0xFF,0xE0,0x00,0x0F,0xFF,0xF8,0x00,0x0F,0xFF,0xFC,0x00,
  0x00,0xFF,0xFF,0xFF,0x3F,0xFF,0xFF,0x00,0x00,0xFF,0xFF,0xFF,0xFF,0xFF,0xFF,0xE0,0x00,0xFF,0xFF,0xFF,0xFF,0xFF,0xFF,0xF8,
  0x00,0x0F,0xFF,0xFF,0xFF,0xFF,0xFF,0xFE,0x00,0x00,0xFF,0xFF,0xFF,0xFF,0xFF,0xFF,0x00,0x00,0x0F,0xFF,0xFF,0xFF,0xFF,0xFF,
  0x00,0x00,0x00,0xFF,0xFF,0xFF,0xFF,0xFF,0xFF,0xFF,0xC3,0xFF,0xFF,0xFF,0xFF,0xFF,0xFF,0xFF,0x0F,0xFF,0xFF,0xFF,0xFF,0xFF,
  0xFF,0xFC,0x3F,0xFF,0xFF,0xFF,0xFF,0xFF,0xFF,0xF0,0x07,0xFF,0xFF,0xFF,0xFF,0xFF,0xFF,0xC0,0x03,0xFF,0xFF,0xFF,0xFF,0xFF,
  0xFF,0x00,0x0F,0xFF,0xF8,0x00,0x00,0x01,0xFC,0x00,0x3F,0xFF,0xE0,0x00,0x00,0x03,0xF0,0x00,0xFF,0xFF,0x80,0x00,0x00,0x0F,
  0xC0,0x03,0xFF,0xFE,0x00,0x00,0x00,0x3F,0x00,0x0F,0xFF,0xF8,0x00,0x00,0x00,0xFC,0x00,0x3F,0xFF,0xE0,0x00,0x00,0x03,0xF0,
  0x00,0xFF,0xFF,0x80,0x00,0x00,0x0F,0xC0,0x03,0xFF,0xFE,0x00,0x00,0x00,0x1F,0x00,0x0F,0xFF,0xF8,0x00,0x00,0x00,0x7C,0x00,
  0x3F,0xFF,0xE0,0x00,0x00,0x01,0xF0,0x00,0xFF,0xFF,0x80,0x00,0x00,0x07,0xC0,0x03,0xFF,0xFE,0x00,0x00,0x00,0x00,0x00,0x0F,
  0xFF,0xF8,0x00,0x00,0x00,0x00,0x00,0x3F,0xFF,0xE0,0x00,0x00,0x00,0x00,0x00,0xFF,0xFF,0x80,0x00,0x00,0x00,0x00,0x03,0xFF,
  0xFE,0x00,0x00,0x00,0x00,0x00,0x0F,0xFF,0xF8,0x00,0x00,0x00,0x00,0x00,0x3F,0xFF,0xE0,0x00,0x03,0xC0,0x00,0x00,0xFF,0xFF,
  0x80,0x00,0x0F,0x00,0x00,0x03,0xFF,0xFE,0x00,0x00,0x7C,0x00,0x00,0x0F,0xFF,0xF8,0x00,0x01,0xF0,0x00,0x00,0x3F,0xFF,0xE0,
  0x00,0x07,0xC0,0x00,0x00,0xFF,0xFF,0x80,0x00,0x1F,0x00,0x00,0x03,0xFF,0xFE,0x00,0x00,0x7C,0x00,0x00,0x0F,0xFF,0xF8,0x00,
  0x03,0xF0,0x00,0x00,0x3F,0xFF,0xFF,0xFF,0xFF,0xC0,0x00,0x00,0xFF,0xFF,0xFF,0xFF,0xFF,0x00,0x00,0x03,0xFF,0xFF,0xFF,0xFF,
  0xFC,0x00,0x00,0x0F,0xFF,0xFF,0xFF,0xFF,0xF0,0x00,0x00,0x3F,0xFF,0xFF,0xFF,0xFF,0xC0,0x00,0x00,0xFF,0xFF,0xFF,0xFF,0xFF,
  0x00,0x00,0x03,0xFF,0xFE,0x00,0x00,0xFC,0x00,0x00,0x0F,0xFF,0xF8,0x00,0x01,0xF0,0x00,0x00,0x3F,0xFF,0xE0,0x00,0x07,0xC0,
  0x00,0x00,0xFF,0xFF,0x80,0x00,0x1F,0x00,0x00,0x03,0xFF,0xFE,0x00,0x00,0x7C,0x00,0x00,0x0F,0xFF,0xF8,0x00,0x01,0xF0,0x00,
  0x00,0x3F,0xFF,0xE0,0x00,0x03,0xC0,0x00,0x00,0xFF,0xFF,0x80,0x00,0x00,0x00,0x00,0x03,0xFF,0xFE,0x00,0x00,0x00,0x00,0x00,
  0x0F,0xFF,0xF8,0x00,0x00,0x00,0x00,0x00,0x3F,0xFF,0xE0,0x00,0x00,0x00,0x00,0x00,0xFF,0xFF,0x80,0x00,0x00,0x00,0x00,0x03,
  0xFF,0xFE,0x00,0x00,0x00,0x01,0xF0,0x0F,0xFF,0xF8,0x00,0x00,0x00,0x07,0xC0,0x3F,0xFF,0xE0,0x00,0x00,0x00,0x1F,0x00,0xFF,
  0xFF,0x80,0x00,0x00,0x00,0x7C,0x03,0xFF,0xFE,0x00,0x00,0x00,0x03,0xF0,0x0F,0xFF,0xF8,0x00,0x00,0x00,0x0F,0xC0,0x3F,0xFF,
  0xE0,0x00,0x00,0x00,0x3F,0x00,0xFF,0xFF,0x80,0x00,0x00,0x00,0xFC,0x03,0xFF,0xFE,0x00,0x00,0x00,0x07,0xF0,0x0F,0xFF,0xF8,
  0x00,0x00,0x00,0x1F,0xC0,0x3F,0xFF,0xE0,0x00,0x00,0x00,0x7F,0x00,0xFF,0xFF,0x80,0x00,0x00,0x01,0xFC,0x03,0xFF,0xFE,0x00,
  0x00,0x00,0x0F,0xE0,0x0F,0xFF,0xFF,0xFF,0xFF,0xFF,0xFF,0x83,0xFF,0xFF,0xFF,0xFF,0xFF,0xFF,0xFE,0xFF,0xFF,0xFF,0xFF,0xFF,
  0xFF,0xFF,0xFB,0xFF,0xFF,0xFF,0xFF,0xFF,0xFF,0xFF,0xEF,0xFF,0xFF,0xFF,0xFF,0xFF,0xFF,0xFF,0xBF,0xFF,0xFF,0xFF,0xFF,0xFF,
  0xFF,0xFE,0xFF,0xFF,0xFF,0xFF,0xFF,0xFF,0xFF,0xFF,0xFF,0xFF,0xFF,0xFF,0xFF,0xFF,0xFF,0xFF,0xFF,0xFF,0xFF,0xFF,0xFF,0xFF,
  0xFF,0xFF,0xFF,0xFF,0xFF,0xFF,0xF0,0x7F,0xFF,0xFF,0xFF,0xFF,0xFF,0xF8,0x07,0xFF,0xFF,0xFF,0xFF,0xFF,0xFC,0x03,0xFF,0xFE,
  0x00,0x00,0x00,0xFE,0x01,0xFF,0xFF,0x00,0x00,0x00,0x7F,0x00,0xFF,0xFF,0x80,0x00,0x00,0x3F,0x80,0x7F,0xFF,0xC0,0x00,0x00,
  0x0F,0xC0,0x3F,0xFF,0xE0,0x00,0x00,0x07,0xE0,0x1F,0xFF,0xF0,0x00,0x00,0x03,0xF0,0x0F,0xFF,0xF8,0x00,0x00,0x01,0xF8,0x07,
  0xFF,0xFC,0x00,0x00,0x00,0xFC,0x03,0xFF,0xFE,0x00,0x00,0x00,0x7E,0x01,0xFF,0xFF,0x00,0x00,0x00,0x3F,0x00,0xFF,0xFF,0x80,
  0x00,0x00,0x0F,0x80,0x7F,0xFF,0xC0,0x00,0x00,0x07,0xC0,0x3F,0xFF,0xE0,0x00,0x00,0x00,0x00,0x1F,0xFF,0xF0,0x00,0x00,0x00,
  0x00,0x0F,0xFF,0xF8,0x00,0x00,0x00,0x00,0x07,0xFF,0xFC,0x00,0x00,0x00,0x00,0x03,0xFF,0xFE,0x00,0x00,0x00,0x00,0x01,0xFF,
  0xFF,0x00,0x00,0x00,0x00,0x00,0xFF,0xFF,0x80,0x00,0x1E,0x00,0x00,0x7F,0xFF,0xC0,0x00,0x1F,0x00,0x00,0x3F,0xFF,0xE0,0x00,
  0x0F,0x80,0x00,0x1F,0xFF,0xF0,0x00,0x07,0xC0,0x00,0x0F,0xFF,0xF8,0x00,0x03,0xE0,0x00,0x07,0xFF,0xFC,0x00,0x01,0xF0,0x00,
  0x03,0xFF,0xFE,0x00,0x01,0xF8,0x00,0x01,0xFF,0xFF,0x00,0x00,0xFC,0x00,0x00,0xFF,0xFF,0x80,0x00,0x7E,0x00,0x00,0x7F,0xFF,
  0xFF,0xFF,0xFF,0x00,0x00,0x3F,0xFF,0xFF,0xFF,0xFF,0x80,0x00,0x1F,0xFF,0xFF,0xFF,0xFF,0xC0,0x00,0x0F,0xFF,0xFF,0xFF,0xFF,
  0xE0,0x00,0x07,0xFF,0xFF,0xFF,0xFF,0xF0,0x00,0x03,0xFF,0xFF,0xFF,0xFF,0xF8,0x00,0x01,0xFF,0xFF,0x00,0x00,0xFC,0x00,0x00,
  0xFF,0xFF,0x80,0x00,0x7E,0x00,0x00,0x7F,0xFF,0xC0,0x00,0x1F,0x00,0x00,0x3F,0xFF,0xE0,0x00,0x0F,0x80,0x00,0x1F,0xFF,0xF0,
  0x00,0x07,0xC0,0x00,0x0F,0xFF,0xF8,0x00,0x03,0xE0,0x00,0x07,0xFF,0xFC,0x00,0x01,0xF0,0x00,0x03,0xFF,0xFE,0x00,0x00,0xF8,
  0x00,0x01,0xFF,0xFF,0x00,0x00,0x00,0x00,0x00,0xFF,0xFF,0x80,0x00,0x00,0x00,0x00,0x7F,0xFF,0xC0,0x00,0x00,0x00,0x00,0x3F,
  0xFF,0xE0,0x00,0x00,0x00,0x00,0x1F,0xFF,0xF0,0x00,0x00,0x00,0x00,0x0F,0xFF,0xF8,0x00,0x00,0x00,0x00,0x07,0xFF,0xFC,0x00,
  0x00,0x00,0x00,0x03,0xFF,0xFE,0x00,0x00,0x00,0x00,0x01,0xFF,0xFF,0x00,0x00,0x00,0x00,0x00,0xFF,0xFF,0x80,0x00,0x00,0x00,
  0x00,0x7F,0xFF,0xC0,0x00,0x00,0x00,0x00,0x3F,0xFF,0xE0,0x00,0x00,0x00,0x00,0x1F,0xFF,0xF0,0x00,0x00,0x00,0x00,0x0F,0xFF,
  0xF8,0x00,0x00,0x00,0x00,0x07,0xFF,0xFC,0x00,0x00,0x00,0x00,0x03,0xFF,0xFE,0x00,0x00,0x00,0x00,0x0F,0xFF,0xFF,0xF8,0x00,
  0x00,0x00,0x7F,0xFF,0xFF,0xFF,0xF0,0x00,0x00,0x7F,0xFF,0xFF,0xFF,0xF8,0x00,0x00,0x3F,0xFF,0xFF,0xFF,0xFC,0x00,0x00,0x1F,
  0xFF,0xFF,0xFF,0xFE,0x00,0x00,0x00,0x00,0x00,0x00,0x07,0xFF,0xFF,0x00,0x00,0x00,0x00,0x00,0x00,0x7F,0xFF,0xFF,0xFE,0x00,
  0x00,0x00,0x00,0x01,0xFF,0xFF,0xFF,0xFF,0xF0,0x00,0x00,0x00,0x03,0xFF,0xFF,0xFF,0xFF,0xFF,0x80,0x00,0x00,0x07,0xFF,0xFF,
  0xFF,0xFF,0xFF,0xF0,0x00,0x00,0x0F,0xFF,0xFF,0xC1,0xFF,0xFF,0xF8,0x00,0x00,0x1F,0xFF,0xF8,0x00,0x03,0xFF,0xFC,0x00,0x00,
  0x1F,0xFF,0xF0,0x00,0x00,0x3F,0xFE,0x00,0x00,0x1F,0xFF,0xE0,0x00,0x00,0x03,0xFF,0x00,0x00,0x1F,0xFF,0xE0,0x00,0x00,0x00,
  0x7F,0x80,0x00,0x1F,0xFF,0xC0,0x00,0x00,0x00,0x1F,0xC0,0x00,0x1F,0xFF,0xC0,0x00,0x00,0x00,0x07,0xE0,0x00,0x1F,0xFF,0xE0,
  0x00,0x00,0x00,0x03,0xF0,0x00,0x1F,0xFF,0xE0,0x00,0x00,0x00,0x00,0xF8,0x00,0x1F,0xFF,0xE0,0x00,0x00,0x00,0x00,0x7C,0x00,
  0x0F,0xFF,0xF0,0x00,0x00,0x00,0x00,0x3E,0x00,0x0F,0xFF,0xF0,0x00,0x00,0x00,0x00,0x1F,0x00,0x07,0xFF,0xF8,0x00,0x00,0x00,
  0x00,0x0F,0x80,0x07,0xFF,0xF8,0x00,0x00,0x00,0x00,0x07,0xC0,0x03,0xFF,0xFC,0x00,0x00,0x00,0x00,0x03,0xE0,0x03,0xFF,0xFE,
  0x00,0x00,0x00,0x00,0x00,0x00,0x01,0xFF,0xFF,0x00,0x00,0x00,0x00,0x00,0x00,0x00,0xFF,0xFF,0x00,0x00,0x00,0x00,0x00,0x00,
  0x00,0x7F,0xFF,0x80,0x00,0x00,0x00,0x00,0x00,0x00,0x7F,0xFF,0xC0,0x00,0x00,0x00,0x00,0x00,0x00,0x3F,0xFF,0xE0,0x00,0x00,
  0x00,0x00,0x00,0x00,0x1F,0xFF,0xF0,0x00,0x00,0x00,0x00,0x00,0x00,0x0F,0xFF,0xF0,0x00,0x00,0x00,0x00,0x00,0x00,0x07,0xFF,
  0xF8,0x00,0x00,0x00,0x00,0x00,0x00,0x07,0xFF,0xFC,0x00,0x00,0x00,0x00,0x00,0x00,0x03,0xFF,0xFE,0x00,0x00,0x00,0x00,0x00,
  0x00,0x01,0xFF,0xFF,0x00,0x00,0x00,0x00,0x00,0x00,0x00,0xFF,0xFF,0x80,0x00,0x00,0x00,0x00,0x00,0x00,0x7F,0xFF,0xC0,0x00,
  0x00,0x00,0x00,0x00,0x00,0x3F,0xFF,0xE0,0x00,0x00,0x00,0x00,0x00,0x00,0x1F,0xFF,0xF0,0x00,0x00,0x00,0x00,0x00,0x00,0x0F,
  0xFF,0xF8,0x00,0x00,0x00,0x00,0x00,0x00,0x07,0xFF,0xFC,0x00,0x00,0x00,0x00,0x00,0x00,0x03,0xFF,0xFE,0x00,0x00,0x00,0xFF,
  0xFF,0xFF,0xFF,0xFF,0xFF,0x00,0x00,0x00,0x7F,0xFF,0xFF,0xFF,0xFF,0xFF,0x80,0x00,0x00,0x3F,0xFF,0xFF,0xFF,0xFF,0xFF,0xC0,
  0x00,0x00,0x1F,0xFF,0xFF,0xFF,0xDF,0xFF,0xE0,0x00,0x00,0x00,0xFF,0xFF,0xFF,0x0F,0xFF,0xF8,0x00,0x00,0x00,0x07,0xFF,0xF8,
  0x07,0xFF,0xFC,0x00,0x00,0x00,0x03,0xFF,0xFC,0x03,0xFF,0xFE,0x00,0x00,0x00,0x01,0xFF,0xFE,0x01,0xFF,0xFF,0x00,0x00,0x00,
  0x00,0xFF,0xFF,0x00,0x7F,0xFF,0x80,0x00,0x00,0x00,0x7F,0xFF,0x80,0x3F,0xFF,0xE0,0x00,0x00,0x00,0x3F,0xFF,0xC0,0x1F,0xFF,
  0xF0,0x00,0x00,0x00,0x1F,0xFF,0xE0,0x07,0xFF,0xF8,0x00,0x00,0x00,0x0F,0xFF,0xF0,0x03,0xFF,0xFE,0x00,0x00,0x00,0x07,0xFF,
  0xF8,0x00,0xFF,0xFF,0x00,0x00,0x00,0x03,0xFF,0xFC,0x00,0x7F,0xFF,0x80,0x00,0x00,0x01,0xFF,0xFE,0x00,0x1F,0xFF,0xE0,0x00,
  0x00,0x00,0xFF,0xFF,0x00,0x0F,0xFF,0xF0,0x00,0x00,0x00,0x7F,0xFF,0x80,0x03,0xFF,0xFC,0x00,0x00,0x00,0x3F,0xFF,0xC0,0x00,
  0xFF,0xFF,0x00,0x00,0x00,0x1F,0xFF,0xE0,0x00,0x3F,0xFF,0xC0,0x00,0x00,0x0F,0xFF,0xF0,0x00,0x0F,0xFF,0xF0,0x00,0x00,0x07,
  0xFF,0xF8,0x00,0x03,0xFF,0xFC,0x00,0x00,0x03,0xFF,0xFC,0x00,0x00,0xFF,0xFF,0x00,0x00,0x01,0xFF,0xFE,0x00,0x00,0x3F,0xFF,
  0xE0,0x00,0x00,0xFF,0xFF,0x00,0x00,0x0F,0xFF,0xFC,0x00,0x01,0xFF,0xFF,0x80,0x00,0x01,0xFF,0xFF,0xF0,0x1F,0xFF,0xFF,0xC0,
  0x00,0x00,0x7F,0xFF,0xFF,0xFF,0xFF,0xFF,0xE0,0x00,0x00,0x0F,0xFF,0xFF,0xFF,0xFF,0xFF,0x80,0x00,0x00,0x00,0xFF,0xFF,0xFF,
  0xFF,0xFC,0x00,0x00,0x00,0x00,0x0F,0xFF,0xFF,0xFF,0xC0,0x00,0x00,0x00,0x00,0x00,0x3F,0xFF,0xE0,0x00,0x00,0x00,0xFF,0xFF,
  0xFF,0xFF,0x80,0x0F,0xFF,0xFF,0xFF,0xFF,0xFF,0xFF,0xFF,0xFC,0x00,0x7F,0xFF,0xFF,0xFF,0xFF,0xFF,0xFF,0xFF,0xE0,0x03,0xFF,
  0xFF,0xFF,0xFF,0xFF,0xFF,0xFF,0xFF,0x00,0x1F,0xFF,0xFF,0xFF,0xF0,0xFF,0xFF,0xFF,0x80,0x00,0x0F,0xFF,0xFF,0xF8,0x00,0x7F,
  0xFF,0xC0,0x00,0x00,0x07,0xFF,0xF8,0x00,0x03,0xFF,0xFE,0x00,0x00,0x00,0x3F,0xFF,0xC0,0x00,0x1F,0xFF,0xF0,0x00,0x00,0x01,
  0xFF,0xFE,0x00,0x00,0xFF,0xFF,0x80,0x00,0x00,0x0F,0xFF,0xF0,0x00,0x07,0xFF,0xFC,0x00,0x00,0x00,0x7F,0xFF,0x80,0x00,0x3F,
  0xFF,0xE0,0x00,0x00,0x03,0xFF,0xFC,0x00,0x01,0xFF,0xFF,0x00,0x00,0x00,0x1F,0xFF,0xE0,0x00,0x0F,0xFF,0xF8,0x00,0x00,0x00,
  0xFF,0xFF,0x00,0x00,0x7F,0xFF,0xC0,0x00,0x00,0x07,0xFF,0xF8,0x00,0x03,0xFF,0xFE,0x00,0x00,0x00,0x3F,0xFF,0xC0,0x00,0x1F,
  0xFF,0xF0,0x00,0x00,0x01,0xFF,0xFE,0x00,0x00,0xFF,0xFF,0x80,0x00,0x00,0x0F,0xFF,0xF0,0x00,0x07,0xFF,0xFC,0x00,0x00,0x00,
  0x7F,0xFF,0x80,0x00,0x3F,0xFF,0xE0,0x00,0x00,0x03,0xFF,0xFC,0x00,0x01,0xFF,0xFF,0x00,0x00,0x00,0x1F,0xFF,0xE0,0x00,0x0F,
  0xFF,0xF8,0x00,0x00,0x00,0xFF,0xFF,0x00,0x00,0x7F,0xFF,0xC0,0x00,0x00,0x07,0xFF,0xF8,0x00,0x03,0xFF,0xFE,0x00,0x00,0x00,
  0x3F,0xFF,0xC0,0x00,0x1F,0xFF,0xF0,0x00,0x00,0x01,0xFF,0xFE,0x00,0x00,0xFF,0xFF,0x80,0x00,0x00,0x0F,0xFF,0xF0,0x00,0x07,
  0xFF,0xFC,0x00,0x00,0x00,0x7F,0xFF,0x80,0x00,0x3F,0xFF,0xE0,0x00,0x00,0x03,0xFF,0xFC,0x00,0x01,0xFF,0xFF,0x00,0x00,0x00,
  0x1F,0xFF,0xE0,0x00,0x0F,0xFF,0xF8,0x00,0x00,0x00,0xFF,0xFF,0x00,0x00,0x7F,0xFF,0xC0,0x00,0x00,0x07,0xFF,0xF8,0x00,0x03,
  0xFF,0xFF,0xFF,0xFF,0xFF,0xFF,0xFF,0xC0,0x00,0x1F,0xFF,0xFF,0xFF,0xFF,0xFF,0xFF,0xFE,0x00,0x00,0xFF,0xFF,0xFF,0xFF,0xFF,
  0xFF,0xFF,0xF0,0x00,0x07,0xFF,0xFF,0xFF,0xFF,0xFF,0xFF,0xFF,0x80,0x00,0x3F,0xFF,0xFF,0xFF,0xFF,0xFF,0xFF,0xFC,0x00,0x01,
  0xFF,0xFF,0xFF,0xFF,0xFF,0xFF,0xFF,0xE0,0x00,0x0F,0xFF,0xF8,0x00,0x00,0x00,0xFF,0xFF,0x00,0x00,0x7F,0xFF,0xC0,0x00,0x00,
  0x07,0xFF,0xF8,0x00,0x03,0xFF,0xFE,0x00,0x00,0x00,0x3F,0xFF,0xC0,0x00,0x1F,0xFF,0xF0,0x00,0x00,0x01,0xFF,0xFE,0x00,0x00,
  0xFF,0xFF,0x80,0x00,0x00,0x0F,0xFF,0xF0,0x00,0x07,0xFF,0xFC,0x00,0x00,0x00,0x7F,0xFF,0x80,0x00,0x3F,0xFF,0xE0,0x00,0x00,
  0x03,0xFF,0xFC,0x00,0x01,0xFF,0xFF,0x00,0x00,0x00,0x1F,0xFF,0xE0,0x00,0x0F,0xFF,0xF8,0x00,0x00,0x00,0xFF,0xFF,0x00,0x00,
  0x7F,0xFF,0xC0,0x00,0x00,0x07,0xFF,0xF8,0x00,0x03,0xFF,0xFE,0x00,0x00,0x00,0x3F,0xFF,0xC0,0x00,0x1F,0xFF,0xF0,0x00,0x00,
  0x01,0xFF,0xFE,0x00,0x00,0xFF,0xFF,0x80,0x00,0x00,0x0F,0xFF,0xF0,0x00,0x07,0xFF,0xFC,0x00,0x00,0x00,0x7F,0xFF,0x80,0x00,
  0x3F,0xFF,0xE0,0x00,0x00,0x03,0xFF,0xFC,0x00,0x01,0xFF,0xFF,0x00,0x00,0x00,0x1F,0xFF,0xE0,0x00,0x0F,0xFF,0xF8,0x00,0x00,
  0x00,0xFF,0xFF,0x00,0x00,0x7F,0xFF,0xC0,0x00,0x00,0x07,0xFF,0xF8,0x00,0x03,0xFF,0xFE,0x00,0x00,0x00,0x3F,0xFF,0xC0,0x00,
  0x1F,0xFF,0xF0,0x00,0x00,0x01,0xFF,0xFE,0x00,0x00,0xFF,0xFF,0x80,0x00,0x00,0x0F,0xFF,0xF0,0x00,0x07,0xFF,0xFC,0x00,0x00,
  0x00,0x7F,0xFF,0x80,0x00,0x3F,0xFF,0xE0,0x00,0x00,0x03,0xFF,0xFC,0x00,0x01,0xFF,0xFF,0x00,0x00,0x00,0x1F,0xFF,0xE0,0x00,
  0x0F,0xFF,0xF8,0x00,0x00,0x00,0xFF,0xFF,0x00,0x00,0x7F,0xFF,0xC0,0x00,0x00,0x07,0xFF,0xF8,0x00,0x03,0xFF,0xFE,0x00,0x00,
  0x00,0x3F,0xFF,0xC0,0x01,0xFF,0xFF,0xFF,0x00,0x00,0x1F,0xFF,0xFF,0xF0,0xFF,0xFF,0xFF,0xFF,0x80,0x0F,0xFF,0xFF,0xFF,0xFF,
  0xFF,0xFF,0xFF,0xFC,0x00,0x7F,0xFF,0xFF,0xFF,0xFF,0xFF,0xFF,0xFF,0xE0,0x03,0xFF,0xFF,0xFF,0xFF,0xFF,0xFF,0xFF,0xFF,0x00,
  0x1F,0xFF,0xFF,0xFF,0xF0,0xFF,0xFF,0xFF,0xFF,0xFF,0xFF,0xFF,0xFF,0xFF,0xFF,0xFF,0xFF,0xFD,0xFF,0xFF,0xFF,0xFF,0x07,0xFF,
  0xFF,0xF8,0x00,0x1F,0xFF,0xE0,0x00,0x07,0xFF,0xF8,0x00,0x01,0xFF,0xFE,0x00,0x00,0x7F,0xFF,0x80,0x00,0x1F,0xFF,0xE0,0x00,
  0x07,0xFF,0xF8,0x00,0x01,0xFF,0xFE,0x00,0x00,0x7F,0xFF,0x80,0x00,0x1F,0xFF,0xE0,0x00,0x07,0xFF,0xF8,0x00,0x01,0xFF,0xFE,
  0x00,0x00,0x7F,0xFF,0x80,0x00,0x1F,0xFF,0xE0,0x00,0x07,0xFF,0xF8,0x00,0x01,0xFF,0xFE,0x00,0x00,0x7F,0xFF,0x80,0x00,0x1F,
  0xFF,0xE0,0x00,0x07,0xFF,0xF8,0x00,0x01,0xFF,0xFE,0x00,0x00,0x7F,0xFF,0x80,0x00,0x1F,0xFF,0xE0,0x00,0x07,0xFF,0xF8,0x00,
  0x01,0xFF,0xFE,0x00,0x00,0x7F,0xFF,0x80,0x00,0x1F,0xFF,0xE0,0x00,0x07,0xFF,0xF8,0x00,0x01,0xFF,0xFE,0x00,0x00,0x7F,0xFF,
  0x80,0x00,0x1F,0xFF,0xE0,0x00,0x07,0xFF,0xF8,0x00,0x01,0xFF,0xFE,0x00,0x00,0x7F,0xFF,0x80,0x00,0x1F,0xFF,0xE0,0x00,0x07,
  0xFF,0xF8,0x00,0x01,0xFF,0xFE,0x00,0x00,0x7F,0xFF,0x80,0x00,0x1F,0xFF,0xE0,0x00,0x07,0xFF,0xF8,0x00,0x01,0xFF,0xFE,0x00,
  0x00,0x7F,0xFF,0x80,0x00,0x1F,0xFF,0xE0,0x00,0x07,0xFF,0xF8,0x00,0x01,0xFF,0xFE,0x00,0x00,0x7F,0xFF,0x80,0x00,0x1F,0xFF,
  0xE0,0x00,0x07,0xFF,0xF8,0x00,0x01,0xFF,0xFE,0x00,0x00,0x7F,0xFF,0x80,0x00,0x1F,0xFF,0xE0,0x00,0x07,0xFF,0xF8,0x00,0x01,
  0xFF,0xFE,0x00,0x00,0x7F,0xFF,0x80,0x00,0x1F,0xFF,0xE0,0x00,0x07,0xFF,0xF8,0x00,0x01,0xFF,0xFE,0x00,0x00,0x7F,0xFF,0x80,
  0x00,0x1F,0xFF,0xE0,0x00,0x07,0xFF,0xF8,0x00,0x1F,0xFF,0xFF,0xF0,0x7F,0xFF,0xFF,0xFF,0xFF,0xFF,0xFF,0xFF,0xFF,0xFF,0xFF,
  0xFF,0xFF,0xFF,0xFF,0xFF,0xFF,0x00,0x0F,0xFF,0xFF,0xFF,0xF0,0x00,0xFF,0xFF,0xFF,0xFF,0x00,0x0F,0xFF,0xFF,0xFF,0xF0,0x00,
  0xFF,0xFF,0xFF,0xFF,0x00,0x00,0xFF,0xFF,0xFF,0x00,0x00,0x00,0xFF,0xFF,0x80,0x00,0x00,0x0F,0xFF,0xF8,0x00,0x00,0x00,0xFF,
  0xFF,0x80,0x00,0x00,0x0F,0xFF,0xF8,0x00,0x00,0x00,0xFF,0xFF,0x80,0x00,0x00,0x0F,0xFF,0xF8,0x00,0x00,0x00,0xFF,0xFF,0x80,
  0x00,0x00,0x0F,0xFF,0xF8,0x00,0x00,0x00,0xFF,0xFF,0x80,0x00,0x00,0x0F,0xFF,0xF8,0x00,0x00,0x00,0xFF,0xFF,0x80,0x00,0x00,
  0x0F,0xFF,0xF8,0x00,0x00,0x00,0xFF,0xFF,0x80,0x00,0x00,0x0F,0xFF,0xF8,0x00,0x00,0x00,0xFF,0xFF,0x80,0x00,0x00,0x0F,0xFF,
  0xF8,0x00,0x00,0x00,0xFF,0xFF,0x80,0x00,0x00,0x0F,0xFF,0xF8,0x00,0x00,0x00,0xFF,0xFF,0x80,0x00,0x00,0x0F,0xFF,0xF8,0x00,
  0x00,0x00,0xFF,0xFF,0x80,0x00,0x00,0x0F,0xFF,0xF8,0x00,0x00,0x00,0xFF,0xFF,0x80,0x00,0x00,0x0F,0xFF,0xF8,0x00,0x00,0x00,
  0xFF,0xFF,0x80,0x00,0x00,0x0F,0xFF,0xF8,0x00,0x00,0x00,0xFF,0xFF,0x80,0x00,0x00,0x0F,0xFF,0xF8,0x00,0x00,0x00,0xFF,0xFF,
  0x80,0x00,0x00,0x0F,0xFF,0xF8,0x00,0x00,0x00,0xFF,0xFF,0x80,0x00,0x00,0x0F,0xFF,0xF8,0x00,0x00,0x00,0xFF,0xFF,0x80,0x00,
  0x00,0x0F,0xFF,0xF8,0x00,0x00,0x00,0xFF,0xFF,0x80,0x00,0x00,0x0F,0xFF,0xF8,0x00,0x00,0x00,0xFF,0xFF,0x80,0x00,0x00,0x0F,
  0xFF,0xF8,0x00,0x00,0x00,0xFF,0xFF,0x80,0x00,0x00,0x0F,0xFF,0xF8,0x00,0x00,0x00,0xFF,0xFF,0x80,0x00,0x00,0x0F,0xFF,0xF0,
  0x00,0x00,0x00,0xFF,0xFF,0x00,0x00,0x00,0x0F,0xFF,0xF0,0x00,0x00,0x00,0xFF,0xFF,0x00,0x00,0x00,0x0F,0xFF,0xF0,0x00,0x00,
  0x00,0xFF,0xFF,0x00,0xF0,0x00,0x0F,0xFF,0xF0,0x0F,0x00,0x00,0xFF,0xFF,0x00,0xF8,0x00,0x0F,0xFF,0xE0,0x0F,0x80,0x00,0xFF,
  0xFE,0x00,0xF8,0x00,0x0F,0xFF,0xE0,0x0F,0x80,0x00,0xFF,0xFC,0x00,0xF8,0x00,0x0F,0xFF,0xC0,0x0F,0x80,0x01,0xFF,0xF8,0x00,
  0xFC,0x00,0x1F,0xFF,0x80,0x0F,0xC0,0x03,0xFF,0xF0,0x00,0xFF,0x00,0xFF,0xFE,0x00,0x0F,0xFF,0x7F,0xFF,0xC0,0x00,0xFF,0xFF,
  0xFF,0xF8,0x00,0x0F,0xFF,0xFF,0xFE,0x00,0x00,0xFF,0xFF,0xFF,0xC0,0x00,0x0F,0xFF,0xFF,0xE0,0x00,0x00,0x0F,0xFF,0xE0,0x00,
  0x00,0x00,0xFF,0xFF,0xFF,0xFF,0x80,0x00,0x7F,0xFF,0xFF,0x83,0xFF,0xFF,0xFF,0xFE,0x00,0x01,0xFF,0xFF,0xFE,0x0F,0xFF,0xFF,
  0xFF,0xF8,0x00,0x07,0xFF,0xFF,0xF8,0x3F,0xFF,0xFF,0xFF,0xE0,0x00,0x1F,0xFF,0xFF,0xE0,0x07,0xFF,0xFF,0xF8,0x00,0x00,0x07,
  0xFF,0xF0,0x00,0x03,0xFF,0xFE,0x00,0x00,0x00,0x07,0xFC,0x00,0x00,0x0F,0xFF,0xF8,0x00,0x00,0x00,0x3F,0xE0,0x00,0x00,0x3F,
  0xFF,0xE0,0x00,0x00,0x01,0xFF,0x00,0x00,0x00,0xFF,0xFF,0x80,0x00,0x00,0x0F,0xF0,0x00,0x00,0x03,0xFF,0xFE,0x00,0x00,0x00,
  0xFF,0x80,0x00,0x00,0x0F,0xFF,0xF8,0x00,0x00,0x07,0xFC,0x00,0x00,0x00,0x3F,0xFF,0xE0,0x00,0x00,0x3F,0xE0,0x00,0x00,0x00,
  0xFF,0xFF,0x80,0x00,0x01,0xFF,0x00,0x00,0x00,0x03,0xFF,0xFE,0x00,0x00,0x0F,0xF8,0x00,0x00,0x00,0x0F,0xFF,0xF8,0x00,0x00,
  0x7F,0xC0,0x00,0x00,0x00,0x3F,0xFF,0xE0,0x00,0x03,0xFC,0x00,0x00,0x00,0x00,0xFF,0xFF,0x80,0x00,0x1F,0xE0,0x00,0x00,0x00,
  0x03,0xFF,0xFE,0x00,0x01,0xFF,0x00,0x00,0x00,0x00,0x0F,0xFF,0xF8,0x00,0x0F,0xF8,0x00,0x00,0x00,0x00,0x3F,0xFF,0xE0,0x00,
  0x7F,0xC0,0x00,0x00,0x00,0x00,0xFF,0xFF,0x80,0x03,0xFE,0x00,0x00,0x00,0x00,0x03,0xFF,0xFE,0x00,0x1F,0xF0,0x00,0x00,0x00,
  0x00,0x0F,0xFF,0xF8,0x00,0xFF,0x80,0x00,0x00,0x00,0x00,0x3F,0xFF,0xE0,0x07,0xF8,0x00,0x00,0x00,0x00,0x00,0xFF,0xFF,0x80,
  0x3F,0xC0,0x00,0x00,0x00,0x00,0x03,0xFF,0xFE,0x01,0xFF,0x00,0x00,0x00,0x00,0x00,0x0F,0xFF,0xF8,0x1F,0xFE,0x00,0x00,0x00,
  0x00,0x00,0x3F,0xFF,0xE0,0xFF,0xFC,0x00,0x00,0x00,0x00,0x00,0xFF,0xFF,0x87,0xFF,0xF8,0x00,0x00,0x00,0x00,0x03,0xFF,0xFE,
  0x3F,0xFF,0xF0,0x00,0x00,0x00,0x00,0x0F,0xFF,0xF9,0xFF,0xFF,0xC0,0x00,0x00,0x00,0x00,0x3F,0xFF,0xEF,0xFF,0xFF,0x80,0x00,
  0x00,0x00,0x00,0xFF,0xFF,0xFF,0xFF,0xFF,0x00,0x00,0x00,0x00,0x03,0xFF,0xFF,0xFF,0xFF,0xFE,0x00,0x00,0x00,0x00,0x0F,0xFF,
  0xFF,0xFF,0xFF,0xF8,0x00,0x00,0x00,0x00,0x3F,0xFF,0xFF,0xFF,0xFF,0xF0,0x00,0x00,0x00,0x00,0xFF,0xFF,0xF9,0xFF,0xFF,0xE0,
  0x00,0x00,0x00,0x03,0xFF,0xFF,0xC3,0xFF,0xFF,0xC0,0x00,0x00,0x00,0x0F,0xFF,0xFE,0x07,0xFF,0xFF,0x80,0x00,0x00,0x00,0x3F,
  0xFF,0xF0,0x0F,0xFF,0xFE,0x00,0x00,0x00,0x00,0xFF,0xFF,0x80,0x3F,0xFF,0xFC,0x00,0x00,0x00,0x03,0xFF,0xFE,0x00,0x7F,0xFF,
  0xF8,0x00,0x00,0x00,0x0F,0xFF,0xF8,0x00,0xFF,0xFF,0xF0,0x00,0x00,0x00,0x3F,0xFF,0xE0,0x01,0xFF,0xFF,0xE0,0x00,0x00,0x00,
  0xFF,0xFF,0x80,0x03,0xFF,0xFF,0x80,0x00,0x00,0x03,0xFF,0xFE,0x00,0x0F,0xFF,0xFF,0x00,0x00,0x00,0x0F,0xFF,0xF8,0x00,0x1F,
  0xFF,0xFE,0x00,0x00,0x00,0x3F,0xFF,0xE0,0x00,0x3F,0xFF,0xFC,0x00,0x00,0x00,0xFF,0xFF,0x80,0x00,0x7F,0xFF,0xF0,0x00,0x00,
  0x03,0xFF,0xFE,0x00,0x01,0xFF,0xFF,0xE0,0x00,0x00,0x0F,0xFF,0xF8,0x00,0x03,0xFF,0xFF,0xC0,0x00,0x00,0x3F,0xFF,0xE0,0x00,
  0x07,0xFF,0xFF,0x80,0x00,0x00,0xFF,0xFF,0x80,0x00,0x0F,0xFF,0xFF,0x00,0x00,0x03,0xFF,0xFE,0x00,0x00,0x1F,0xFF,0xFC,0x00,
  0x00,0x0F,0xFF,0xF8,0x00,0x00,0x7F,0xFF,0xF8,0x00,0x00,0x3F,0xFF,0xE0,0x00,0x00,0xFF,0xFF,0xF0,0x00,0x00,0xFF,0xFF,0x80,
  0x00,0x01,0xFF,0xFF,0xE0,0x00,0x03,0xFF,0xFE,0x00,0x00,0x03,0xFF,0xFF,0xC0,0x00,0x0F,0xFF,0xF8,0x00,0x00,0x0F,0xFF,0xFF,
  0x00,0x00,0x3F,0xFF,0xE0,0x00,0x00,0x1F,0xFF,0xFE,0x00,0x00,0xFF,0xFF,0x80,0x00,0x00,0x3F,0xFF,0xFC,0x00,0x03,0xFF,0xFE,
  0x00,0x00,0x00,0x7F,0xFF,0xF8,0x00,0x0F,0xFF,0xF8,0x00,0x00,0x01,0xFF,0xFF,0xE0,0x03,0xFF,0xFF,0xFE,0x00,0x00,0x03,0xFF,
  0xFF,0xF8,0xFF,0xFF,0xFF,0xFF,0xC0,0x00,0x07,0xFF,0xFF,0xFF,0xFF,0xFF,0xFF,0xFF,0x00,0x00,0x0F,0xFF,0xFF,0xFF,0xFF,0xFF,
  0xFF,0xFC,0x00,0x00,0x1F,0xFF,0xFF,0xFF,0xFF,0xFF,0xFF,0xF0,0x00,0x00,0x7F,0xFF,0xFF,0xFF,0xFF,0xFF,0xFF,0xE0,0x00,0x00,
  0x01,0xFF,0xFF,0xFF,0xFF,0xC0,0x00,0x00,0x03,0xFF,0xFF,0xFF,0xFF,0x80,0x00,0x00,0x07,0xFF,0xFF,0xFF,0xFF,0x00,0x00,0x00,
  0x00,0x7F,0xFF,0xFF,0x80,0x00,0x00,0x00,0x00,0x1F,0xFF,0xF0,0x00,0x00,0x00,0x00,0x00,0x3F,0xFF,0xE0,0x00,0x00,0x00,0x00,
  0x00,0x7F,0xFF,0xC0,0x00,0x00,0x00,0x00,0x00,0xFF,0xFF,0x80,0x00,0x00,0x00,0x00,0x01,0xFF,0xFF,0x00,0x00,0x00,0x00,0x00,
  0x03,0xFF,0xFE,0x00,0x00,0x00,0x00,0x00,0x07,0xFF,0xFC,0x00,0x00,0x00,0x00,0x00,0x0F,0xFF,0xF8,0x00,0x00,0x00,0x00,0x00,
  0x1F,0xFF,0xF0,0x00,0x00,0x00,0x00,0x00,0x3F,0xFF,0xE0,0x00,0x00,0x00,0x00,0x00,0x7F,0xFF,0xC0,0x00,0x00,0x00,0x00,0x00,
  0xFF,0xFF,0x80,0x00,0x00,0x00,0x00,0x01,0xFF,0xFF,0x00,0x00,0x00,0x00,0x00,0x03,0xFF,0xFE,0x00,0x00,0x00,0x00,0x00,0x07,
  0xFF,0xFC,0x00,0x00,0x00,0x00,0x00,0x0F,0xFF,0xF8,0x00,0x00,0x00,0x00,0x00,0x1F,0xFF,0xF0,0x00,0x00,0x00,0x00,0x00,0x3F,
  0xFF,0xE0,0x00,0x00,0x00,0x00,0x00,0x7F,0xFF,0xC0,0x00,0x00,0x00,0x00,0x00,0xFF,0xFF,0x80,0x00,0x00,0x00,0x00,0x01,0xFF,
  0xFF,0x00,0x00,0x00,0x00,0x00,0x03,0xFF,0xFE,0x00,0x00,0x00,0x00,0x00,0x07,0xFF,0xFC,0x00,0x00,0x00,0x00,0x00,0x0F,0xFF,
  0xF8,0x00,0x00,0x00,0x00,0x00,0x1F,0xFF,0xF0,0x00,0x00,0x00,0x00,0x00,0x3F,0xFF,0xE0,0x00,0x00,0x00,0x00,0x00,0x7F,0xFF,
  0xC0,0x00,0x00,0x00,0x00,0x00,0xFF,0xFF,0x80,0x00,0x00,0x00,0x00,0x01,0xFF,0xFF,0x00,0x00,0x00,0x00,0x00,0x03,0xFF,0xFE,
  0x00,0x00,0x00,0x00,0x00,0x07,0xFF,0xFC,0x00,0x00,0x00,0x00,0x00,0x0F,0xFF,0xF8,0x00,0x00,0x00,0x00,0x00,0x1F,0xFF,0xF0,
  0x00,0x00,0x00,0x00,0x00,0x3F,0xFF,0xE0,0x00,0x00,0x00,0x00,0x00,0x7F,0xFF,0xC0,0x00,0x00,0x00,0x00,0x00,0xFF,0xFF,0x80,
  0x00,0x00,0x00,0x00,0x01,0xFF,0xFF,0x00,0x00,0x00,0x00,0x00,0x03,0xFF,0xFE,0x00,0x00,0x00,0x00,0x00,0x07,0xFF,0xFC,0x00,
  0x00,0x00,0x00,0x00,0x0F,0xFF,0xF8,0x00,0x00,0x00,0x00,0x00,0x1F,0xFF,0xF0,0x00,0x00,0x00,0x00,0x00,0x3F,0xFF,0xE0,0x00,
  0x00,0x00,0x00,0x00,0x7F,0xFF,0xC0,0x00,0x00,0x00,0x0F,0x00,0xFF,0xFF,0x80,0x00,0x00,0x00,0x3E,0x01,0xFF,0xFF,0x00,0x00,
  0x00,0x00,0x7C,0x03,0xFF,0xFE,0x00,0x00,0x00,0x01,0xF8,0x07,0xFF,0xFC,0x00,0x00,0x00,0x03,0xF0,0x0F,0xFF,0xF8,0x00,0x00,
  0x00,0x07,0xE0,0x1F,0xFF,0xF0,0x00,0x00,0x00,0x0F,0xC0,0x3F,0xFF,0xE0,0x00,0x00,0x00,0x3F,0x00,0x7F,0xFF,0xC0,0x00,0x00,
  0x00,0x7E,0x00,0xFF,0xFF,0x80,0x00,0x00,0x00,0xFC,0x01,0xFF,0xFF,0x00,0x00,0x00,0x03,0xF8,0x03,0xFF,0xFE,0x00,0x00,0x00,
  0x07,0xF0,0x07,0xFF,0xFC,0x00,0x00,0x00,0x0F,0xE0,0x0F,0xFF,0xF8,0x00,0x00,0x00,0x1F,0xC0,0x1F,0xFF,0xF0,0x00,0x00,0x00,
  0x7F,0x80,0x3F,0xFF,0xE0,0x00,0x0F,0xFF,0xFF,0x07,0xFF,0xFF,0xFF,0xFF,0xFF,0xFF,0xFE,0xFF,0xFF,0xFF,0xFF,0xFF,0xFF,0xFF,
  0xF9,0xFF,0xFF,0xFF,0xFF,0xFF,0xFF,0xFF,0xF3,0xFF,0xFF,0xFF,0xFF,0xFF,0xFF,0xFF,0xE7,0xFF,0xFF,0xFF,0xFF,0xFF,0xFF,0xFF,
  0xC0,0xFF,0xFF,0xFF,0xE0,0x00,0x00,0x00,0x00,0x3F,0xFF,0xFF,0xFF,0xFF,0xFF,0xFF,0x00,0x00,0x00,0x00,0x03,0xFF,0xFF,0xFF,
  0xFF,0xFF,0xFF,0xFC,0x00,0x00,0x00,0x00,0x1F,0xFF,0xFF,0xFF,0xFF,0xFF,0xFF,0xE0,0x00,0x00,0x00,0x01,0xFF,0xFF,0xFF,0xF0,
  0x7F,0xFF,0xFF,0x80,0x00,0x00,0x00,0x0F,0xFF,0xFF,0xF0,0x00,0x7F,0xFF,0xFC,0x00,0x00,0x00,0x00,0xFF,0xFF,0xFC,0x00,0x03,
  0xFF,0xFF,0xE0,0x00,0x00,0x00,0x07,0xFF,0xFF,0xE0,0x00,0x1F,0xFF,0xFF,0x80,0x00,0x00,0x00,0x7F,0xFF,0xFF,0x00,0x00,0xFF,
  0xFF,0xFC,0x00,0x00,0x00,0x03,0xFF,0xFF,0xF8,0x00,0x07,0xFF,0xFF,0xF0,0x00,0x00,0x00,0x1F,0xFF,0xFF,0xC0,0x00,0x3F,0xFF,
  0xFF,0x80,0x00,0x00,0x01,0xFF,0xFF,0xFE,0x00,0x01,0xFF,0xFF,0xFE,0x00,0x00,0x00,0x0F,0xFF,0xFF,0xF0,0x00,0x0F,0xEF,0xFF,
  0xF0,0x00,0x00,0x00,0xFF,0xFF,0xFF,0x80,0x00,0x7F,0x7F,0xFF,0x80,0x00,0x00,0x07,0xF7,0xFF,0xFC,0x00,0x03,0xF9,0xFF,0xFE,
  0x00,0x00,0x00,0x7F,0xBF,0xFF,0xE0,0x00,0x1F,0xCF,0xFF,0xF0,0x00,0x00,0x03,0xF9,0xFF,0xFF,0x00,0x00,0xFE,0x7F,0xFF,0xC0,
  0x00,0x00,0x3F,0xCF,0xFF,0xF8,0x00,0x07,0xF1,0xFF,0xFE,0x00,0x00,0x01,0xFC,0x7F,0xFF,0xC0,0x00,0x3F,0x8F,0xFF,0xF8,0x00,
  0x00,0x0F,0xE3,0xFF,0xFE,0x00,0x01,0xFC,0x3F,0xFF,0xC0,0x00,0x00,0xFF,0x1F,0xFF,0xF0,0x00,0x0F,0xE1,0xFF,0xFF,0x00,0x00,
  0x07,0xF0,0xFF,0xFF,0x80,0x00,0x7F,0x07,0xFF,0xF8,0x00,0x00,0x7F,0x87,0xFF,0xFC,0x00,0x03,0xF8,0x3F,0xFF,0xC0,0x00,0x03,
  0xF8,0x3F,0xFF,0xE0,0x00,0x1F,0xC1,0xFF,0xFF,0x00,0x00,0x3F,0xC1,0xFF,0xFF,0x00,0x00,0xFE,0x07,0xFF,0xF8,0x00,0x01,0xFC,
  0x0F,0xFF,0xF8,0x00,0x07,0xF0,0x3F,0xFF,0xE0,0x00,0x1F,0xE0,0x7F,0xFF,0xC0,0x00,0x3F,0x80,0xFF,0xFF,0x00,0x00,0xFE,0x03,
  0xFF,0xFE,0x00,0x01,0xFC,0x07,0xFF,0xFC,0x00,0x07,0xF0,0x1F,0xFF,0xF0,0x00,0x0F,0xE0,0x1F,0xFF,0xE0,0x00,0x7F,0x00,0xFF,
  0xFF,0x80,0x00,0x7F,0x00,0xFF,0xFF,0x00,0x03,0xF8,0x07,0xFF,0xFC,0x00,0x03,0xF8,0x03,0xFF,0xFC,0x00,0x3F,0xC0,0x3F,0xFF,
  0xE0,0x00,0x1F,0xC0,0x1F,0xFF,0xE0,0x01,0xFC,0x01,0xFF,0xFF,0x00,0x00,0xFE,0x00,0xFF,0xFF,0x80,0x1F,0xE0,0x0F,0xFF,0xF8,
  0x00,0x07,0xF0,0x03,0xFF,0xFC,0x00,0xFE,0x00,0x7F,0xFF,0xC0,0x00,0x3F,0x80,0x1F,0xFF,0xF0,0x0F,0xF0,0x03,0xFF,0xFE,0x00,
  0x01,0xFC,0x00,0x7F,0xFF,0x80,0x7F,0x00,0x1F,0xFF,0xF0,0x00,0x0F,0xE0,0x03,0xFF,0xFC,0x03,0xF8,0x00,0xFF,0xFF,0x80,0x00,
  0x7F,0x00,0x0F,0xFF,0xF0,0x3F,0x80,0x07,0xFF,0xFC,0x00,0x03,0xF8,0x00,0x7F,0xFF,0x81,0xFC,0x00,0x3F,0xFF,0xE0,0x00,0x1F,
  0xC0,0x03,0xFF,0xFE,0x1F,0xE0,0x01,0xFF,0xFF,0x00,0x00,0xFE,0x00,0x0F,0xFF,0xF0,0xFE,0x00,0x0F,0xFF,0xF8,0x00,0x07,0xF0,
  0x00,0x7F,0xFF,0xCF,0xF0,0x00,0x7F,0xFF,0xC0,0x00,0x3F,0x80,0x01,0xFF,0xFE,0x7F,0x00,0x03,0xFF,0xFE,0x00,0x01,0xFC,0x00,
  0x0F,0xFF,0xFF,0xF8,0x00,0x1F,0xFF,0xF0,0x00,0x0F,0xE0,0x00,0x3F,0xFF,0xFF,0x80,0x00,0xFF,0xFF,0x80,0x00,0x7F,0x00,0x01,
  0xFF,0xFF,0xFC,0x00,0x07,0xFF,0xFC,0x00,0x03,0xF8,0x00,0x07,0xFF,0xFF,0xC0,0x00,0x3F,0xFF,0xE0,0x00,0x1F,0xC0,0x00,0x3F,
  0xFF,0xFE,0x00,0x01,0xFF,0xFF,0x00,0x00,0xFE,0x00,0x01,0xFF,0xFF,0xF0,0x00,0x0F,0xFF,0xF8,0x00,0x07,0xF0,0x00,0x07,0xFF,
  0xFF,0x00,0x00,0x7F,0xFF,0xC0,0x00,0x3F,0x80,0x00,0x3F,0xFF,0xF8,0x00,0x03,0xFF,0xFE,0x00,0x01,0xFC,0x00,0x00,0xFF,0xFF,
  0x80,0x00,0x1F,0xFF,0xF0,0x00,0x0F,0xE0,0x00,0x07,0xFF,0xFC,0x00,0x00,0xFF,0xFF,0x80,0x00,0x7F,0x00,0x00,0x1F,0xFF,0xC0,
  0x00,0x07,0xFF,0xFC,0x00,0x03,0xF8,0x00,0x00,0xFF,0xFE,0x00,0x00,0x3F,0xFF,0xE0,0x00,0x1F,0xC0,0x00,0x07,0xFF,0xE0,0x00,
  0x01,0xFF,0xFF,0x00,0x00,0xFE,0x00,0x00,0x1F,0xFF,0x00,0x00,0x0F,0xFF,0xF8,0x00,0x07,0xF0,0x00,0x00,0xFF,0xF8,0x00,0x00,
  0x7F,0xFF,0xC0,0x00,0x3F,0x80,0x00,0x03,0xFF,0x80,0x00,0x03,0xFF,0xFE,0x00,0x01,0xFC,0x00,0x00,0x1F,0xFC,0x00,0x00,0x1F,
  0xFF,0xF0,0x00,0x0F,0xE0,0x00,0x00,0x7F,0xC0,0x00,0x00,0xFF,0xFF,0x80,0x00,0x7F,0x00,0x00,0x03,0xFE,0x00,0x00,0x07,0xFF,
  0xFC,0x00,0x03,0xF8,0x00,0x00,0x0F,0xE0,0x00,0x00,0x3F,0xFF,0xE0,0x01,0xFF,0xFC,0x00,0x00,0x7F,0x00,0x00,0x1F,0xFF,0xFF,
  0xF0,0xFF,0xFF,0xFF,0x00,0x03,0xF0,0x00,0x1F,0xFF,0xFF,0xFF,0xFF,0xFF,0xFF,0xF8,0x00,0x0F,0x80,0x00,0xFF,0xFF,0xFF,0xFF,
  0xFF,0xFF,0xFF,0xC0,0x00,0x7C,0x00,0x07,0xFF,0xFF,0xFF,0xFF,0xFF,0xFF,0xFE,0x00,0x01,0xC0,0x00,0x3F,0xFF,0xFF,0xFF,0xF0,
  0xFF,0xFF,0xFF,0x00,0x00,0x01,0xFF,0xFF,0xFF,0xFF,0xFF,0xFF,0x80,0x00,0x01,0xFF,0xFF,0xFF,0xFF,0xFF,0xFF,0x80,0x00,0x01,
  0xFF,0xFF,0xFF,0xFF,0xFF,0xFF,0xC0,0x00,0x00,0xFF,0xFF,0xFF,0x07,0xFF,0xFF,0xE0,0x00,0x00,0x0F,0xFF,0xE0,0x00,0x7F,0xFF,
  0xF0,0x00,0x00,0x00,0x7E,0x00,0x00,0x7F,0xFF,0xF0,0x00,0x00,0x00,0x7E,0x00,0x00,0x7F,0xFF,0xF8,0x00,0x00,0x00,0x7E,0x00,
  0x00,0x7F,0xFF,0xFC,0x00,0x00,0x00,0x7E,0x00,0x00,0x7F,0xFF,0xFE,0x00,0x00,0x00,0x7E,0x00,0x00,0x7F,0xFF,0xFE,0x00,0x00,
  0x00,0x7E,0x00,0x00,0x7F,0xFF,0xFF,0x00,0x00,0x00,0x7E,0x00,0x00,0x7F,0xFF,0xFF,0x80,0x00,0x00,0x7E,0x00,0x00,0x7F,0xFF,
  0xFF,0xC0,0x00,0x00,0x7E,0x00,0x00,0x7E,0xFF,0xFF,0xE0,0x00,0x00,0x7E,0x00,0x00,0x7E,0x7F,0xFF,0xE0,0x00,0x00,0x7E,0x00,
  0x00,0x7E,0x7F,0xFF,0xF0,0x00,0x00,0x7E,0x00,0x00,0x7E,0x3F,0xFF,0xF8,0x00,0x00,0x7E,0x00,0x00,0x7E,0x1F,0xFF,0xFC,0x00,
  0x00,0x7E,0x00,0x00,0x7E,0x0F,0xFF,0xFC,0x00,0x00,0x7E,0x00,0x00,0x7E,0x0F,0xFF,0xFE,0x00,0x00,0x7E,0x00,0x00,0x7E,0x07,
  0xFF,0xFF,0x00,0x00,0x7E,0x00,0x00,0x7E,0x03,0xFF,0xFF,0x80,0x00,0x7E,0x00,0x00,0x7E,0x01,0xFF,0xFF,0x80,0x00,0x7E,0x00,
  0x00,0x7E,0x00,0xFF,0xFF,0xC0,0x00,0x7E,0x00,0x00,0x7E,0x00,0xFF,0xFF,0xE0,0x00,0x7E,0x00,0x00,0x7E,0x00,0x7F,0xFF,0xF0,
  0x00,0x7E,0x00,0x00,0x7E,0x00,0x3F,0xFF,0xF0,0x00,0x7E,0x00,0x00,0x7E,0x00,0x1F,0xFF,0xF8,0x00,0x7E,0x00,0x00,0x7E,0x00,
  0x1F,0xFF,0xFC,0x00,0x7E,0x00,0x00,0x7E,0x00,0x0F,0xFF,0xFE,0x00,0x7E,0x00,0x00,0x7E,0x00,0x07,0xFF,0xFF,0x00,0x7E,0x00,
  0x00,0x7E,0x00,0x03,0xFF,0xFF,0x00,0x7E,0x00,0x00,0x7E,0x00,0x03,0xFF,0xFF,0x80,0x7E,0x00,0x00,0x7E,0x00,0x01,0xFF,0xFF,
  0xC0,0x7E,0x00,0x00,0x7E,0x00,0x00,0xFF,0xFF,0xE0,0x7E,0x00,0x00,0x7E,0x00,0x00,0x7F,0xFF,0xE0,0x7E,0x00,0x00,0x7E,0x00,
  0x00,0x3F,0xFF,0xF0,0x7E,0x00,0x00,0x7E,0x00,0x00,0x3F,0xFF,0xF8,0x7E,0x00,0x00,0x7E,0x00,0x00,0x1F,0xFF,0xFC,0x7E,0x00,
  0x00,0x7E,0x00,0x00,0x0F,0xFF,0xFC,0x7E,0x00,0x00,0x7E,0x00,0x00,0x07,0xFF,0xFE,0x7E,0x00,0x00,0x7E,0x00,0x00,0x07,0xFF,
  0xFF,0x7E,0x00,0x00,0x7E,0x00,0x00,0x03,0xFF,0xFF,0xFE,0x00,0x00,0x7E,0x00,0x00,0x01,0xFF,0xFF,0xFE,0x00,0x00,0x7E,0x00,
  0x00,0x00,0xFF,0xFF,0xFE,0x00,0x00,0x7E,0x00,0x00,0x00,0xFF,0xFF,0xFE,0x00,0x00,0x7E,0x00,0x00,0x00,0x7F,0xFF,0xFE,0x00,
  0x00,0x7E,0x00,0x00,0x00,0x3F,0xFF,0xFE,0x00,0x00,0x7E,0x00,0x00,0x00,0x1F,0xFF,0xFE,0x00,0x00,0x7E,0x00,0x00,0x00,0x0F,
  0xFF,0xFE,0x00,0x00,0x7E,0x00,0x00,0x00,0x0F,0xFF,0xFE,0x00,0x00,0x7E,0x00,0x00,0x00,0x07,0xFF,0xFE,0x00,0x00,0x7E,0x00,
  0x00,0x00,0x03,0xFF,0xFE,0x00,0x00,0x7E,0x00,0x00,0x00,0x01,0xFF,0xFE,0x00,0x00,0x7E,0x00,0x00,0x00,0x01,0xFF,0xFE,0x00,
  0x00,0x7E,0x00,0x00,0x00,0x00,0xFF,0xFE,0x00,0x00,0x7E,0x00,0x00,0x00,0x00,0x7F,0xFE,0x00,0x00,0x7E,0x00,0x00,0x00,0x00,
  0x3F,0xFE,0x00,0x00,0x7E,0x00,0x00,0x00,0x00,0x3F,0xFE,0x00,0x00,0x7E,0x00,0x00,0x00,0x00,0x1F,0xFE,0x00,0x00,0x7E,0x00,
  0x00,0x00,0x00,0x0F,0xFE,0x00,0x00,0x7E,0x00,0x00,0x00,0x00,0x07,0xFE,0x00,0x07,0xFF,0xE0,0x00,0x00,0x00,0x03,0xFE,0x00,
  0xFF,0xFF,0xFF,0x00,0x00,0x00,0x03,0xFE,0x00,0xFF,0xFF,0xFF,0x00,0x00,0x00,0x01,0xFE,0x00,0xFF,0xFF,0xFF,0x00,0x00,0x00,
  0x00,0xFE,0x00,0xFF,0xFF,0xFF,0x00,0x00,0x00,0x00,0x7E,0x00,0x00,0x00,0x00,0x1F,0xFF,0xF0,0x00,0x00,0x00,0x00,0x00,0x07,
  0xFF,0xFF,0xFF,0x00,0x00,0x00,0x00,0x00,0x7F,0xFF,0xFF,0xFF,0xC0,0x00,0x00,0x00,0x07,0xFF,0xFF,0xFF,0xFF,0xE0,0x00,0x00,
  0x00,0x1F,0xFF,0xFF,0xFF,0xFF,0xF0,0x00,0x00,0x00,0xFF,0xFF,0xE0,0x3F,0xFF,0xF8,0x00,0x00,0x07,0xFF,0xFC,0x00,0x07,0xFF,
  0xF8,0x00,0x00,0x1F,0xFF,0xE0,0x00,0x03,0xFF,0xF8,0x00,0x00,0x7F,0xFF,0x80,0x00,0x03,0xFF,0xFC,0x00,0x01,0xFF,0xFC,0x00,
  0x00,0x03,0xFF,0xFC,0x00,0x07,0xFF,0xF8,0x00,0x00,0x03,0xFF,0xF8,0x00,0x1F,0xFF,0xE0,0x00,0x00,0x03,0xFF,0xF8,0x00,0x3F,
  0xFF,0x80,0x00,0x00,0x03,0xFF,0xF8,0x00,0xFF,0xFF,0x00,0x00,0x00,0x07,0xFF,0xF8,0x03,0xFF,0xFC,0x00,0x00,0x00,0x07,0xFF,
  0xF0,0x07,0xFF,0xF8,0x00,0x00,0x00,0x0F,0xFF,0xF0,0x1F,0xFF,0xE0,0x00,0x00,0x00,0x0F,0xFF,0xE0,0x3F,0xFF,0xC0,0x00,0x00,
  0x00,0x1F,0xFF,0xE0,0x7F,0xFF,0x80,0x00,0x00,0x00,0x3F,0xFF,0xC1,0xFF,0xFE,0x00,0x00,0x00,0x00,0x7F,0xFF,0xC3,0xFF,0xFC,
  0x00,0x00,0x00,0x00,0x7F,0xFF,0x87,0xFF,0xF8,0x00,0x00,0x00,0x00,0xFF,0xFF,0x1F,0xFF,0xF0,0x00,0x00,0x00,0x01,0xFF,0xFE,
  0x3F,0xFF,0xE0,0x00,0x00,0x00,0x03,0xFF,0xFE,0x7F,0xFF,0xC0,0x00,0x00,0x00,0x07,0xFF,0xFC,0xFF,0xFF,0x00,0x00,0x00,0x00,
  0x0F,0xFF,0xF9,0xFF,0xFE,0x00,0x00,0x00,0x00,0x0F,0xFF,0xF7,0xFF,0xFC,0x00,0x00,0x00,0x00,0x1F,0xFF,0xEF,0xFF,0xF8,0x00,
  0x00,0x00,0x00,0x3F,0xFF,0xFF,0xFF,0xF0,0x00,0x00,0x00,0x00,0x7F,0xFF,0xFF,0xFF,0xE0,0x00,0x00,0x00,0x00,0xFF,0xFF,0xFF,
  0xFF,0xC0,0x00,0x00,0x00,0x01,0xFF,0xFF,0xFF,0xFF,0x80,0x00,0x00,0x00,0x03,0xFF,0xFF,0xFF,0xFF,0x00,0x00,0x00,0x00,0x07,
  0xFF,0xFF,0xFF,0xFE,0x00,0x00,0x00,0x00,0x0F,0xFF,0xFF,0xFF,0xFC,0x00,0x00,0x00,0x00,0x1F,0xFF,0xFF,0xFF,0xF8,0x00,0x00,
  0x00,0x00,0x3F,0xFF,0xFF,0xFF,0xF0,0x00,0x00,0x00,0x00,0x7F,0xFF,0xFF,0xFF,0xE0,0x00,0x00,0x00,0x00,0xFF,0xFF,0xFF,0xFF,
  0xC0,0x00,0x00,0x00,0x01,0xFF,0xFF,0xFF,0xFF,0x80,0x00,0x00,0x00,0x03,0xFF,0xFF,0xFF,0xFF,0x00,0x00,0x00,0x00,0x07,0xFF,
  0xF9,0xFF,0xFE,0x00,0x00,0x00,0x00,0x0F,0xFF,0xF3,0xFF,0xFC,0x00,0x00,0x00,0x00,0x3F,0xFF,0xE7,0xFF,0xFC,0x00,0x00,0x00,
  0x00,0x7F,0xFF,0xCF,0xFF,0xF8,0x00,0x00,0x00,0x00,0xFF,0xFF,0x9F,0xFF,0xF0,0x00,0x00,0x00,0x01,0xFF,0xFF,0x1F,0xFF,0xE0,
  0x00,0x00,0x00,0x03,0xFF,0xFC,0x3F,0xFF,0xC0,0x00,0x00,0x00,0x07,0xFF,0xF8,0x7F,0xFF,0x80,0x00,0x00,0x00,0x0F,0xFF,0xF0,
  0xFF,0xFF,0x80,0x00,0x00,0x00,0x3F,0xFF,0xC0,0xFF,0xFF,0x00,0x00,0x00,0x00,0x7F,0xFF,0x81,0xFF,0xFE,0x00,0x00,0x00,0x00,
  0xFF,0xFF,0x01,0xFF,0xFC,0x00,0x00,0x00,0x03,0xFF,0xFC,0x03,0xFF,0xFC,0x00,0x00,0x00,0x07,0xFF,0xF8,0x03,0xFF,0xF8,0x00,
  0x00,0x00,0x0F,0xFF,0xE0,0x07,0xFF,0xF8,0x00,0x00,0x00,0x3F,0xFF,0xC0,0x07,0xFF,0xF0,0x00,0x00,0x00,0x7F,0xFF,0x00,0x07,
  0xFF,0xF0,0x00,0x00,0x01,0xFF,0xFC,0x00,0x07,0xFF,0xF0,0x00,0x00,0x07,0xFF,0xF0,0x00,0x07,0xFF,0xE0,0x00,0x00,0x1F,0xFF,
  0xC0,0x00,0x07,0xFF,0xF0,0x00,0x00,0x7F,0xFF,0x00,0x00,0x07,0xFF,0xF0,0x00,0x01,0xFF,0xFC,0x00,0x00,0x07,0xFF,0xF8,0x00,
  0x0F,0xFF,0xF0,0x00,0x00,0x07,0xFF,0xFF,0x01,0xFF,0xFF,0xC0,0x00,0x00,0x03,0xFF,0xFF,0xFF,0xFF,0xFE,0x00,0x00,0x00,0x01,
  0xFF,0xFF,0xFF,0xFF,0xF0,0x00,0x00,0x00,0x00,0xFF,0xFF,0xFF,0xFF,0x80,0x00,0x00,0x00,0x00,0x1F,0xFF,0xFF,0xF0,0x00,0x00,
  0x00,0x00,0x00,0x03,0xFF,0xFE,0x00,0x00,0x00,0x00,0xFF,0xFF,0xFF,0xFF,0xFE,0x00,0x00,0x1F,0xFF,0xFF,0xFF,0xFF,0xFE,0x00,
  0x03,0xFF,0xFF,0xFF,0xFF,0xFF,0xF8,0x00,0x7F,0xFF,0xFF,0xFF,0xFF,0xFF,0xC0,0x00,0x7F,0xFF,0xFF,0xFF,0xFF,0xFE,0x00,0x01,
  0xFF,0xFF,0xFF,0xFF,0xFF,0xE0,0x00,0x3F,0xFF,0xE0,0x07,0xFF,0xFF,0x00,0x07,0xFF,0xFC,0x00,0x3F,0xFF,0xF0,0x00,0xFF,0xFF,
  0x80,0x01,0xFF,0xFE,0x00,0x1F,0xFF,0xF0,0x00,0x1F,0xFF,0xE0,0x03,0xFF,0xFE,0x00,0x03,0xFF,0xFE,0x00,0x7F,0xFF,0xC0,0x00,
  0x3F,0xFF,0xC0,0x0F,0xFF,0xF8,0x00,0x07,0xFF,0xF8,0x01,0xFF,0xFF,0x00,0x00,0xFF,0xFF,0x80,0x3F,0xFF,0xE0,0x00,0x0F,0xFF,
  0xF0,0x07,0xFF,0xFC,0x00,0x01,0xFF,0xFE,0x00,0xFF,0xFF,0x80,0x00,0x3F,0xFF,0xC0,0x1F,0xFF,0xF0,0x00,0x07,0xFF,0xFC,0x03,
  0xFF,0xFE,0x00,0x00,0xFF,0xFF,0x80,0x7F,0xFF,0xC0,0x00,0x1F,0xFF,0xF0,0x0F,0xFF,0xF8,0x00,0x03,0xFF,0xFE,0x01,0xFF,0xFF,
  0x00,0x00,0x7F,0xFF,0xC0,0x3F,0xFF,0xE0,0x00,0x0F,0xFF,0xF8,0x07,0xFF,0xFC,0x00,0x01,0xFF,0xFE,0x00,0xFF,0xFF,0x80,0x00,
  0x3F,0xFF,0xC0,0x1F,0xFF,0xF0,0x00,0x07,0xFF,0xF8,0x03,0xFF,0xFE,0x00,0x00,0xFF,0xFF,0x00,0x7F,0xFF,0xC0,0x00,0x3F,0xFF,
  0xE0,0x0F,0xFF,0xF8,0x00,0x07,0xFF,0xF8,0x01,0xFF,0xFF,0x00,0x00,0xFF,0xFF,0x00,0x3F,0xFF,0xE0,0x00,0x3F,0xFF,0xC0,0x07,
  0xFF,0xFC,0x00,0x0F,0xFF,0xF8,0x00,0xFF,0xFF,0x80,0x03,0xFF,0xFE,0x00,0x1F,0xFF,0xF0,0x00,0xFF,0xFF,0xC0,0x03,0xFF,0xFE,
  0x00,0x7F,0xFF,0xF0,0x00,0x7F,0xFF,0xFF,0xFF,0xFF,0xFC,0x00,0x0F,0xFF,0xFF,0xFF,0xFF,0xFE,0x00,0x01,0xFF,0xFF,0xFF,0xFF,
  0xFF,0x80,0x00,0x3F,0xFF,0xFF,0xFF,0xFF,0xC0,0x00,0x07,0xFF,0xFF,0xFF,0xFF,0xC0,0x00,0x00,0xFF,0xFF,0xFF,0xFF,0x80,0x00,
  0x00,0x1F,0xFF,0xF0,0x00,0x00,0x00,0x00,0x03,0xFF,0xFE,0x00,0x00,0x00,0x00,0x00,0x7F,0xFF,0xC0,0x00,0x00,0x00,0x00,0x0F,
  0xFF,0xF8,0x00,0x00,0x00,0x00,0x01,0xFF,0xFF,0x00,0x00,0x00,0x00,0x00,0x3F,0xFF,0xE0,0x00,0x00,0x00,0x00,0x07,0xFF,0xFC,
  0x00,0x00,0x00,0x00,0x00,0xFF,0xFF,0x80,0x00,0x00,0x00,0x00,0x1F,0xFF,0xF0,0x00,0x00,0x00,0x00,0x03,0xFF,0xFE,0x00,0x00,
  0x00,0x00,0x00,0x7F,0xFF,0xC0,0x00,0x00,0x00,0x00,0x0F,0xFF,0xF8,0x00,0x00,0x00,0x00,0x01,0xFF,0xFF,0x00,0x00,0x00,0x00,
  0x00,0x3F,0xFF,0xE0,0x00,0x00,0x00,0x00,0x07,0xFF,0xFC,0x00,0x00,0x00,0x00,0x00,0xFF,0xFF,0x80,0x00,0x00,0x00,0x00,0x1F,
  0xFF,0xF0,0x00,0x00,0x00,0x00,0x03,0xFF,0xFE,0x00,0x00,0x00,0x00,0x00,0x7F,0xFF,0xC0,0x00,0x00,0x00,0x00,0x0F,0xFF,0xF8,
  0x00,0x00,0x00,0x00,0x01,0xFF,0xFF,0x00,0x00,0x00,0x00,0x00,0x3F,0xFF,0xE0,0x00,0x00,0x00,0x00,0x3F,0xFF,0xFF,0xE0,0x00,
  0x00,0x00,0x7F,0xFF,0xFF,0xFF,0xF0,0x00,0x00,0x1F,0xFF,0xFF,0xFF,0xFE,0x00,0x00,0x03,0xFF,0xFF,0xFF,0xFF,0xC0,0x00,0x00,
  0x7F,0xFF,0xFF,0xFF,0xF8,0x00,0x00,0x00,0x00,0x00,0x00,0x1F,0xFF,0xF0,0x00,0x00,0x00,0x00,0x00,0x07,0xFF,0xFF,0xFF,0x00,
  0x00,0x00,0x00,0x00,0x7F,0xFF,0xFF,0xFF,0xC0,0x00,0x00,0x00,0x07,0xFF,0xFF,0xFF,0xFF,0xE0,0x00,0x00,0x00,0x1F,0xFF,0xFF,
  0xFF,0xFF,0xF0,0x00,0x00,0x00,0xFF,0xFF,0xE0,0x3F,0xFF,0xF8,0x00,0x00,0x07,0xFF,0xFC,0x00,0x07,0xFF,0xF8,0x00,0x00,0x1F,
  0xFF,0xE0,0x00,0x03,0xFF,0xF8,0x00,0x00,0x7F,0xFF,0x80,0x00,0x03,0xFF,0xFC,0x00,0x01,0xFF,0xFC,0x00,0x00,0x03,0xFF,0xFC,
  0x00,0x07,0xFF,0xF8,0x00,0x00,0x03,0xFF,0xF8,0x00,0x1F,0xFF,0xE0,0x00,0x00,0x03,0xFF,0xF8,0x00,0x3F,0xFF,0x80,0x00,0x00,
  0x03,0xFF,0xF8,0x00,0xFF,0xFF,0x00,0x00,0x00,0x07,0xFF,0xF8,0x03,0xFF,0xFC,0x00,0x00,0x00,0x07,0xFF,0xF0,0x07,0xFF,0xF8,
  0x00,0x00,0x00,0x0F,0xFF,0xF0,0x1F,0xFF,0xE0,0x00,0x00,0x00,0x0F,0xFF,0xE0,0x3F,0xFF,0xC0,0x00,0x00,0x00,0x1F,0xFF,0xE0,
  0x7F,0xFF,0x80,0x00,0x00,0x00,0x3F,0xFF,0xC1,0xFF,0xFE,0x00,0x00,0x00,0x00,0x7F,0xFF,0xC3,0xFF,0xFC,0x00,0x00,0x00,0x00,
  0x7F,0xFF,0x87,0xFF,0xF8,0x00,0x00,0x00,0x00,0xFF,0xFF,0x1F,0xFF,0xF0,0x00,0x00,0x00,0x01,0xFF,0xFE,0x3F,0xFF,0xE0,0x00,
  0x00,0x00,0x03,0xFF,0xFE,0x7F,0xFF,0xC0,0x00,0x00,0x00,0x07,0xFF,0xFC,0xFF,0xFF,0x00,0x00,0x00,0x00,0x0F,0xFF,0xF9,0xFF,
  0xFE,0x00,0x00,0x00,0x00,0x0F,0xFF,0xF7,0xFF,0xFC,0x00,0x00,0x00,0x00,0x1F,0xFF,0xEF,0xFF,0xF8,0x00,0x00,0x00,0x00,0x3F,
  0xFF,0xFF,0xFF,0xF0,0x00,0x00,0x00,0x00,0x7F,0xFF,0xFF,0xFF,0xE0,0x00,0x00,0x00,0x00,0xFF,0xFF,0xFF,0xFF,0xC0,0x00,0x00,
  0x00,0x01,0xFF,0xFF,0xFF,0xFF,0x80,0x00,0x00,0x00,0x03,0xFF,0xFF,0xFF,0xFF,0x00,0x00,0x00,0x00,0x07,0xFF,0xFF,0xFF,0xFE,
  0x00,0x00,0x00,0x00,0x0F,0xFF,0xFF,0xFF,0xFC,0x00,0x00,0x00,0x00,0x1F,0xFF,0xFF,0xFF,0xF8,0x00,0x00,0x00,0x00,0x3F,0xFF,
  0xFF,0xFF,0xF0,0x00,0x00,0x00,0x00,0x7F,0xFF,0xFF,0xFF,0xE0,0x00,0x00,0x00,0x00,0xFF,0xFF,0xFF,0xFF,0xC0,0x00,0x00,0x00,
  0x01,0xFF,0xFF,0xFF,0xFF,0x80,0x00,0x00,0x00,0x03,0xFF,0xFF,0xFF,0xFF,0x00,0x00,0x00,0x00,0x07,0xFF,0xF9,0xFF,0xFE,0x00,
  0x00,0x00,0x00,0x0F,0xFF,0xF3,0xFF,0xFC,0x00,0x00,0x00,0x00,0x3F,0xFF,0xE7,0xFF,0xFC,0x00,0x00,0x00,0x00,0x7F,0xFF,0xCF,
  0xFF,0xF8,0x00,0x00,0x00,0x00,0xFF,0xFF,0x9F,0xFF,0xF0,0x00,0x00,0x00,0x01,0xFF,0xFF,0x1F,0xFF,0xE0,0x00,0x00,0x00,0x03,
  0xFF,0xFC,0x3F,0xFF,0xC0,0x00,0x00,0x00,0x07,0xFF,0xF8,0x7F,0xFF,0x80,0x00,0x00,0x00,0x0F,0xFF,0xF0,0xFF,0xFF,0x80,0x00,
  0x00,0x00,0x3F,0xFF,0xC0,0xFF,0xFF,0x00,0x00,0x00,0x00,0x7F,0xFF,0x81,0xFF,0xFE,0x00,0x00,0x00,0x00,0xFF,0xFF,0x01,0xFF,
  0xFC,0x00,0x00,0x00,0x03,0xFF,0xFC,0x03,0xFF,0xFC,0x00,0x00,0x00,0x07,0xFF,0xF8,0x03,0xFF,0xF8,0x00,0x00,0x00,0x0F,0xFF,
  0xE0,0x07,0xFF,0xF8,0x00,0x00,0x00,0x3F,0xFF,0xC0,0x07,0xFF,0xF0,0x00,0x00,0x00,0x7F,0xFF,0x00,0x07,0xFF,0xF0,0x00,0x00,
  0x01,0xFF,0xFC,0x00,0x07,0xFF,0xF0,0x00,0x00,0x07,0xFF,0xF0,0x00,0x07,0xFF,0xE0,0x00,0x00,0x1F,0xFF,0xC0,0x00,0x07,0xFF,
  0xF0,0x00,0x00,0x7F,0xFF,0x00,0x00,0x07,0xFF,0xF0,0x00,0x01,0xFF,0xFC,0x00,0x00,0x07,0xFF,0xF8,0x00,0x0F,0xFF,0xF0,0x00,
  0x00,0x07,0xFF,0xFF,0x01,0xFF,0xFF,0xC0,0x00,0x00,0x03,0xFF,0xFF,0xFF,0xFF,0xFE,0x00,0x00,0x00,0x01,0xFF,0xFF,0xFF,0xFF,
  0xF0,0x00,0x00,0x00,0x00,0xFF,0xFF,0xFF,0xFF,0x80,0x00,0x00,0x00,0x00,0x3F,0xFF,0xFF,0xFF,0x80,0x00,0x00,0x00,0x00,0x03,
  0xFF,0xFF,0xFF,0x80,0x00,0x00,0x00,0x00,0x00,0x07,0xFF,0xFF,0x00,0x00,0x00,0x00,0x00,0x00,0x07,0xFF,0xFF,0x00,0x00,0x00,
  0x00,0x00,0x00,0x07,0xFF,0xFF,0x00,0x00,0x00,0x00,0x00,0x00,0x07,0xFF,0xFF,0x00,0x00,0x00,0x00,0x00,0x00,0x0F,0xFF,0xFF,
  0x00,0x00,0x00,0x00,0x00,0x00,0x0F,0xFF,0xFF,0x00,0x00,0x00,0x00,0x00,0x00,0x0F,0xFF,0xFF,0x00,0x00,0x00,0x00,0x00,0x00,
  0x0F,0xFF,0xFF,0x00,0x00,0x00,0x00,0x00,0x00,0x0F,0xFF,0xFF,0x80,0x00,0x00,0x00,0x00,0x00,0x0F,0xFF,0xFF,0xC0,0x00,0x00,
  0x00,0x00,0x00,0x0F,0xFF,0xFF,0xFE,0x00,0x00,0x00,0x00,0x00,0x0F,0xFF,0xFF,0xFC,0x00,0x00,0x00,0x00,0x00,0x0F,0xFF,0xFF,
  0xF8,0x00,0x00,0x00,0x00,0x00,0x07,0xFF,0xFF,0xF0,0x00,0x00,0x00,0x00,0x00,0x03,0xFF,0xFF,0xC0,0x00,0x00,0x00,0x00,0x00,
  0x00,0xFF,0xF0,0x00,0xFF,0xFF,0xFF,0xFF,0xFF,0xC0,0x00,0x00,0x00,0x3F,0xFF,0xFF,0xFF,0xFF,0xFF,0x80,0x00,0x00,0x0F,0xFF,
  0xFF,0xFF,0xFF,0xFF,0xFC,0x00,0x00,0x03,0xFF,0xFF,0xFF,0xFF,0xFF,0xFF,0xE0,0x00,0x00,0x07,0xFF,0xFF,0xFF,0xFF,0xFF,0xFE,
  0x00,0x00,0x00,0x3F,0xFF,0xFF,0xFF,0xFF,0xFF,0xC0,0x00,0x00,0x0F,0xFF,0xF8,0x00,0x1F,0xFF,0xF8,0x00,0x00,0x03,0xFF,0xFE,
  0x00,0x00,0xFF,0xFF,0x00,0x00,0x00,0xFF,0xFF,0x80,0x00,0x1F,0xFF,0xE0,0x00,0x00,0x3F,0xFF,0xE0,0x00,0x03,0xFF,0xFC,0x00,
  0x00,0x0F,0xFF,0xF8,0x00,0x00,0x7F,0xFF,0x00,0x00,0x03,0xFF,0xFE,0x00,0x00,0x1F,0xFF,0xE0,0x00,0x00,0xFF,0xFF,0x80,0x00,
  0x07,0xFF,0xF8,0x00,0x00,0x3F,0xFF,0xE0,0x00,0x00,0xFF,0xFE,0x00,0x00,0x0F,0xFF,0xF8,0x00,0x00,0x3F,0xFF,0xC0,0x00,0x03,
  0xFF,0xFE,0x00,0x00,0x0F,0xFF,0xF0,0x00,0x00,0xFF,0xFF,0x80,0x00,0x03,0xFF,0xFC,0x00,0x00,0x3F,0xFF,0xE0,0x00,0x00,0xFF,
  0xFF,0x00,0x00,0x0F,0xFF,0xF8,0x00,0x00,0x3F,0xFF,0xC0,0x00,0x03,0xFF,0xFE,0x00,0x00,0x0F,0xFF,0xF0,0x00,0x00,0xFF,0xFF,
  0x80,0x00,0x03,0xFF,0xFC,0x00,0x00,0x3F,0xFF,0xE0,0x00,0x00,0xFF,0xFF,0x00,0x00,0x0F,0xFF,0xF8,0x00,0x00,0x3F,0xFF,0xC0,
  0x00,0x03,0xFF,0xFE,0x00,0x00,0x0F,0xFF,0xF0,0x00,0x00,0xFF,0xFF,0x80,0x00,0x03,0xFF,0xFC,0x00,0x00,0x3F,0xFF,0xE0,0x00,
  0x00,0xFF,0xFE,0x00,0x00,0x0F,0xFF,0xF8,0x00,0x00,0x7F,0xFF,0x80,0x00,0x03,0xFF,0xFE,0x00,0x00,0x1F,0xFF,0xE0,0x00,0x00,
  0xFF,0xFF,0x80,0x00,0x07,0xFF,0xF0,0x00,0x00,0x3F,0xFF,0xE0,0x00,0x03,0xFF,0xFC,0x00,0x00,0x0F,0xFF,0xF8,0x00,0x01,0xFF,
  0xFE,0x00,0x00,0x03,0xFF,0xFE,0x00,0x00,0xFF,0xFF,0x80,0x00,0x00,0xFF,0xFF,0x80,0x00,0xFF,0xFF,0xC0,0x00,0x00,0x3F,0xFF,
  0xE0,0x01,0xFF,0xFF,0xE0,0x00,0x00,0x0F,0xFF,0xFF,0xFF,0xFF,0xFF,0xF0,0x00,0x00,0x03,0xFF,0xFF,0xFF,0xFF,0xFF,0xF0,0x00,
  0x00,0x00,0xFF,0xFF,0xFF,0xFF,0xFF,0xF8,0x00,0x00,0x00,0x3F,0xFF,0xFF,0xFF,0xFF,0xF0,0x00,0x00,0x00,0x0F,0xFF,0xFF,0xFF,
  0xFF,0xF8,0x00,0x00,0x00,0x03,0xFF,0xFF,0xFF,0xFF,0xFF,0x00,0x00,0x00,0x00,0xFF,0xFF,0x80,0x3F,0xFF,0xC0,0x00,0x00,0x00,
  0x3F,0xFF,0xE0,0x0F,0xFF,0xF8,0x00,0x00,0x00,0x0F,0xFF,0xF8,0x01,0xFF,0xFF,0x00,0x00,0x00,0x03,0xFF,0xFE,0x00,0x3F,0xFF,
  0xC0,0x00,0x00,0x00,0xFF,0xFF,0x80,0x0F,0xFF,0xF8,0x00,0x00,0x00,0x3F,0xFF,0xE0,0x01,0xFF,0xFF,0x00,0x00,0x00,0x0F,0xFF,
  0xF8,0x00,0x3F,0xFF,0xE0,0x00,0x00,0x03,0xFF,0xFE,0x00,0x0F,0xFF,0xF8,0x00,0x00,0x00,0xFF,0xFF,0x80,0x01,0xFF,0xFF,0x00,
  0x00,0x00,0x3F,0xFF,0xE0,0x00,0x3F,0xFF,0xE0,0x00,0x00,0x0F,0xFF,0xF8,0x00,0x0F,0xFF,0xFC,0x00,0x00,0x03,0xFF,0xFE,0x00,
  0x01,0xFF,0xFF,0x00,0x00,0x00,0xFF,0xFF,0x80,0x00,0x3F,0xFF,0xE0,0x00,0x00,0x3F,0xFF,0xE0,0x00,0x0F,0xFF,0xFC,0x00,0x00,
  0x0F,0xFF,0xF8,0x00,0x01,0xFF,0xFF,0x80,0x00,0x03,0xFF,0xFE,0x00,0x00,0x3F,0xFF,0xE0,0x00,0x00,0xFF,0xFF,0x80,0x00,0x0F,
  0xFF,0xFC,0x00,0x00,0x3F,0xFF,0xE0,0x00,0x01,0xFF,0xFF,0x80,0x00,0x0F,0xFF,0xF8,0x00,0x00,0x3F,0xFF,0xE0,0x00,0x03,0xFF,
  0xFE,0x00,0x00,0x0F,0xFF,0xFC,0x00,0x00,0xFF,0xFF,0x80,0x00,0x01,0xFF,0xFF,0x80,0x00,0x3F,0xFF,0xE0,0x00,0x00,0x3F,0xFF,
  0xF0,0x00,0x0F,0xFF,0xF8,0x00,0x00,0x0F,0xFF,0xFC,0x00,0x1F,0xFF,0xFF,0xE0,0x00,0x01,0xFF,0xFF,0xF0,0x7F,0xFF,0xFF,0xFF,
  0x80,0x00,0x3F,0xFF,0xFF,0xFF,0xFF,0xFF,0xFF,0xE0,0x00,0x0F,0xFF,0xFF,0xFF,0xFF,0xFF,0xFF,0xF8,0x00,0x01,0xFF,0xFF,0xFF,
  0xFF,0xFF,0xFF,0xFE,0x00,0x00,0x3F,0xFF,0xFF,0x00,0x00,0x3F,0xFF,0xC0,0x00,0x00,0x07,0xFF,0xFF,0xFF,0x80,0x00,0x1F,0xFF,
  0xFF,0xFF,0xF0,0x00,0x7F,0xFF,0xFF,0xFF,0xF0,0x01,0xFF,0xFF,0xFF,0xFF,0xF0,0x03,0xFF,0xFC,0x1F,0xFF,0xF0,0x07,0xFF,0xC0,
  0x00,0xFF,0xF0,0x0F,0xFF,0x00,0x00,0x3F,0xF0,0x1F,0xFC,0x00,0x00,0x0F,0xF0,0x1F,0xFC,0x00,0x00,0x07,0xF0,0x3F,0xF8,0x00,
  0x00,0x07,0xF0,0x3F,0xF8,0x00,0x00,0x03,0xF0,0x3F,0xF0,0x00,0x00,0x03,0xF0,0x7F,0xF0,0x00,0x00,0x03,0xF0,0x7F,0xF0,0x00,
  0x00,0x03,0xF0,0x7F,0xF0,0x00,0x00,0x01,0xF0,0x7F,0xF0,0x00,0x00,0x01,0xF0,0x7F,0xF8,0x00,0x00,0x01,0xF0,0x7F,0xF8,0x00,
  0x00,0x00,0x00,0x7F,0xFC,0x00,0x00,0x00,0x00,0x7F,0xFE,0x00,0x00,0x00,0x00,0x7F,0xFF,0x00,0x00,0x00,0x00,0x7F,0xFF,0xC0,
  0x00,0x00,0x00,0x7F,0xFF,0xF0,0x00,0x00,0x00,0x3F,0xFF,0xFE,0x00,0x00,0x00,0x3F,0xFF,0xFF,0xC0,0x00,0x00,0x3F,0xFF,0xFF,
  0xF8,0x00,0x00,0x1F,0xFF,0xFF,0xFE,0x00,0x00,0x1F,0xFF,0xFF,0xFF,0xC0,0x00,0x0F,0xFF,0xFF,0xFF,0xF0,0x00,0x07,0xFF,0xFF,
  0xFF,0xFC,0x00,0x07,0xFF,0xFF,0xFF,0xFF,0x00,0x03,0xFF,0xFF,0xFF,0xFF,0x80,0x01,0xFF,0xFF,0xFF,0xFF,0xC0,0x00,0x7F,0xFF,
  0xFF,0xFF,0xE0,0x00,0x3F,0xFF,0xFF,0xFF,0xF0,0x00,0x0F,0xFF,0xFF,0xFF,0xF8,0x00,0x03,0xFF,0xFF,0xFF,0xFC,0x00,0x00,0xFF,
  0xFF,0xFF,0xFC,0x00,0x00,0x1F,0xFF,0xFF,0xFE,0x00,0x00,0x03,0xFF,0xFF,0xFE,0x00,0x00,0x00,0xFF,0xFF,0xFE,0x00,0x00,0x00,
  0x1F,0xFF,0xFF,0x00,0x00,0x00,0x03,0xFF,0xFF,0x00,0x00,0x00,0x00,0xFF,0xFF,0x00,0x00,0x00,0x00,0x7F,0xFF,0x00,0x00,0x00,
  0x00,0x3F,0xFF,0x00,0x00,0x00,0x00,0x1F,0xFF,0x78,0x00,0x00,0x00,0x0F,0xFF,0xF8,0x00,0x00,0x00,0x07,0xFF,0xFC,0x00,0x00,
  0x00,0x07,0xFF,0xFC,0x00,0x00,0x00,0x07,0xFF,0xFC,0x00,0x00,0x00,0x07,0xFF,0xFC,0x00,0x00,0x00,0x07,0xFF,0xFC,0x00,0x00,
  0x00,0x07,0xFF,0xFE,0x00,0x00,0x00,0x07,0xFF,0xFE,0x00,0x00,0x00,0x07,0xFE,0xFE,0x00,0x00,0x00,0x0F,0xFE,0xFE,0x00,0x00,
  0x00,0x0F,0xFE,0xFF,0x00,0x00,0x00,0x0F,0xFC,0xFF,0x80,0x00,0x00,0x1F,0xFC,0xFF,0xC0,0x00,0x00,0x3F,0xF8,0xFF,0xF0,0x00,
  0x00,0x7F,0xF0,0xFF,0xFE,0x00,0x01,0xFF,0xE0,0xFF,0xFF,0xE0,0x1F,0xFF,0xC0,0xFF,0xFF,0xFF,0xFF,0xFF,0x80,0x7F,0xFF,0xFF,
  0xFF,0xFE,0x00,0x0F,0xFF,0xFF,0xFF,0xF8,0x00,0x00,0xFF,0xFF,0xFF,0xE0,0x00,0x00,0x03,0xFF,0xFC,0x00,0x00,0xFF,0xFF,0xFF,
  0xFF,0xFF,0xFF,0xFF,0xFF,0xFF,0xFF,0xFF,0xFF,0xFF,0xFF,0xFF,0xFF,0xFF,0xFF,0xFF,0xFF,0xFF,0xFF,0xFF,0xFF,0xFF,0xFF,0xFF,
  0xFF,0xFF,0xFF,0xFF,0xFF,0xFF,0xFF,0xFF,0xFF,0xFF,0xFF,0xFF,0xFF,0xFF,0xFF,0xFF,0xF0,0x3F,0xFF,0xFF,0xFF,0xFF,0xFF,0xC0,
  0x00,0x0F,0xFF,0xF8,0x00,0x01,0xFF,0xF0,0x00,0x03,0xFF,0xFE,0x00,0x00,0x3F,0xF8,0x00,0x00,0xFF,0xFF,0x80,0x00,0x0F,0xFE,
  0x00,0x00,0x3F,0xFF,0xE0,0x00,0x03,0xFF,0x80,0x00,0x0F,0xFF,0xF8,0x00,0x00,0xFF,0xE0,0x00,0x03,0xFF,0xFE,0x00,0x00,0x3F,
  0xF8,0x00,0x00,0xFF,0xFF,0x80,0x00,0x0F,0xFE,0x00,0x00,0x3F,0xFF,0xE0,0x00,0x03,0xFF,0x80,0x00,0x0F,0xFF,0xF8,0x00,0x00,
  0x7F,0xE0,0x00,0x03,0xFF,0xFE,0x00,0x00,0x1F,0xF8,0x00,0x00,0xFF,0xFF,0x80,0x00,0x07,0xFC,0x00,0x00,0x3F,0xFF,0xE0,0x00,
  0x01,0xFF,0x00,0x00,0x0F,0xFF,0xF8,0x00,0x00,0x7C,0x00,0x00,0x03,0xFF,0xFE,0x00,0x00,0x00,0x00,0x00,0x00,0xFF,0xFF,0x80,
  0x00,0x00,0x00,0x00,0x00,0x3F,0xFF,0xE0,0x00,0x00,0x00,0x00,0x00,0x0F,0xFF,0xF8,0x00,0x00,0x00,0x00,0x00,0x03,0xFF,0xFE,
  0x00,0x00,0x00,0x00,0x00,0x00,0xFF,0xFF,0x80,0x00,0x00,0x00,0x00,0x00,0x3F,0xFF,0xE0,0x00,0x00,0x00,0x00,0x00,0x0F,0xFF,
  0xF8,0x00,0x00,0x00,0x00,0x00,0x03,0xFF,0xFE,0x00,0x00,0x00,0x00,0x00,0x00,0xFF,0xFF,0x80,0x00,0x00,0x00,0x00,0x00,0x3F,
  0xFF,0xE0,0x00,0x00,0x00,0x00,0x00,0x0F,0xFF,0xF8,0x00,0x00,0x00,0x00,0x00,0x03,0xFF,0xFE,0x00,0x00,0x00,0x00,0x00,0x00,
  0xFF,0xFF,0x80,0x00,0x00,0x00,0x00,0x00,0x3F,0xFF,0xE0,0x00,0x00,0x00,0x00,0x00,0x0F,0xFF,0xF8,0x00,0x00,0x00,0x00,0x00,
  0x03,0xFF,0xFE,0x00,0x00,0x00,0x00,0x00,0x00,0xFF,0xFF,0x80,0x00,0x00,0x00,0x00,0x00,0x3F,0xFF,0xE0,0x00,0x00,0x00,0x00,
  0x00,0x0F,0xFF,0xF8,0x00,0x00,0x00,0x00,0x00,0x03,0xFF,0xFE,0x00,0x00,0x00,0x00,0x00,0x00,0xFF,0xFF,0x80,0x00,0x00,0x00,
  0x00,0x00,0x3F,0xFF,0xE0,0x00,0x00,0x00,0x00,0x00,0x0F,0xFF,0xF8,0x00,0x00,0x00,0x00,0x00,0x03,0xFF,0xFE,0x00,0x00,0x00,
  0x00,0x00,0x00,0xFF,0xFF,0x80,0x00,0x00,0x00,0x00,0x00,0x3F,0xFF,0xE0,0x00,0x00,0x00,0x00,0x00,0x0F,0xFF,0xF8,0x00,0x00,
  0x00,0x00,0x00,0x03,0xFF,0xFE,0x00,0x00,0x00,0x00,0x00,0x00,0xFF,0xFF,0x80,0x00,0x00,0x00,0x00,0x00,0x3F,0xFF,0xE0,0x00,
  0x00,0x00,0x00,0x00,0x0F,0xFF,0xF8,0x00,0x00,0x00,0x00,0x00,0x03,0xFF,0xFE,0x00,0x00,0x00,0x00,0x00,0x00,0xFF,0xFF,0x80,
  0x00,0x00,0x00,0x00,0x00,0x3F,0xFF,0xE0,0x00,0x00,0x00,0x00,0x00,0x0F,0xFF,0xF8,0x00,0x00,0x00,0x00,0x00,0x03,0xFF,0xFE,
  0x00,0x00,0x00,0x00,0x00,0x00,0xFF,0xFF,0x80,0x00,0x00,0x00,0x00,0x00,0x3F,0xFF,0xE0,0x00,0x00,0x00,0x00,0x00,0x0F,0xFF,
  0xF8,0x00,0x00,0x00,0x00,0x00,0x03,0xFF,0xFE,0x00,0x00,0x00,0x00,0x00,0x00,0xFF,0xFF,0x80,0x00,0x00,0x00,0x00,0x00,0x3F,
  0xFF,0xE0,0x00,0x00,0x00,0x00,0x00,0x0F,0xFF,0xF8,0x00,0x00,0x00,0x00,0x00,0x7F,0xFF,0xFF,0xF0,0x00,0x00,0x00,0x03,0xFF,
  0xFF,0xFF,0xFF,0xE0,0x00,0x00,0x00,0xFF,0xFF,0xFF,0xFF,0xF8,0x00,0x00,0x00,0x3F,0xFF,0xFF,0xFF,0xFE,0x00,0x00,0x00,0x0F,
  0xFF,0xFF,0xFF,0xFF,0x80,0x00,0xFF,0xFF,0xFF,0xFF,0x00,0x03,0xFF,0xFF,0xFF,0xFF,0xFF,0xFF,0xFC,0x00,0x0F,0xFF,0xFF,0xFF,
  0xFF,0xFF,0xFF,0xF0,0x00,0x3F,0xFF,0xFF,0xFF,0xFF,0xFF,0xFF,0xC0,0x00,0xFF,0xFF,0xFE,0x0F,0xFF,0xFF,0xE0,0x00,0x00,0x1F,
  0xFF,0x80,0x07,0xFF,0xF8,0x00,0x00,0x00,0x07,0xF0,0x00,0x1F,0xFF,0xE0,0x00,0x00,0x00,0x1F,0xC0,0x00,0x7F,0xFF,0x80,0x00,
  0x00,0x00,0x7F,0x00,0x01,0xFF,0xFE,0x00,0x00,0x00,0x01,0xFC,0x00,0x07,0xFF,0xF8,0x00,0x00,0x00,0x07,0xF0,0x00,0x1F,0xFF,
  0xE0,0x00,0x00,0x00,0x1F,0xC0,0x00,0x7F,0xFF,0x80,0x00,0x00,0x00,0x7F,0x00,0x01,0xFF,0xFE,0x00,0x00,0x00,0x01,0xFC,0x00,
  0x07,0xFF,0xF8,0x00,0x00,0x00,0x07,0xF0,0x00,0x1F,0xFF,0xE0,0x00,0x00,0x00,0x1F,0xC0,0x00,0x7F,0xFF,0x80,0x00,0x00,0x00,
  0x7F,0x00,0x01,0xFF,0xFE,0x00,0x00,0x00,0x01,0xFC,0x00,0x07,0xFF,0xF8,0x00,0x00,0x00,0x07,0xF0,0x00,0x1F,0xFF,0xE0,0x00,
  0x00,0x00,0x1F,0xC0,0x00,0x7F,0xFF,0x80,0x00,0x00,0x00,0x7F,0x00,0x01,0xFF,0xFE,0x00,0x00,0x00,0x01,0xFC,0x00,0x07,0xFF,
  0xF8,0x00,0x00,0x00,0x07,0xF0,0x00,0x1F,0xFF,0xE0,0x00,0x00,0x00,0x1F,0xC0,0x00,0x7F,0xFF,0x80,0x00,0x00,0x00,0x7F,0x00,
  0x01,0xFF,0xFE,0x00,0x00,0x00,0x01,0xFC,0x00,0x07,0xFF,0xF8,0x00,0x00,0x00,0x07,0xF0,0x00,0x1F,0xFF,0xE0,0x00,0x00,0x00,
  0x1F,0xC0,0x00,0x7F,0xFF,0x80,0x00,0x00,0x00,0x7F,0x00,0x01,0xFF,0xFE,0x00,0x00,0x00,0x01,0xFC,0x00,0x07,0xFF,0xF8,0x00,
  0x00,0x00,0x07,0xF0,0x00,0x1F,0xFF,0xE0,0x00,0x00,0x00,0x1F,0xC0,0x00,0x7F,0xFF,0x80,0x00,0x00,0x00,0x7F,0x00,0x01,0xFF,
  0xFE,0x00,0x00,0x00,0x01,0xFC,0x00,0x07,0xFF,0xF8,0x00,0x00,0x00,0x07,0xF0,0x00,0x1F,0xFF,0xE0,0x00,0x00,0x00,0x1F,0xC0,
  0x00,0x7F,0xFF,0x80,0x00,0x00,0x00,0x7F,0x00,0x01,0xFF,0xFE,0x00,0x00,0x00,0x01,0xFC,0x00,0x07,0xFF,0xF8,0x00,0x00,0x00,
  0x07,0xF0,0x00,0x1F,0xFF,0xE0,0x00,0x00,0x00,0x1F,0xC0,0x00,0x7F,0xFF,0x80,0x00,0x00,0x00,0x7F,0x00,0x01,0xFF,0xFE,0x00,
  0x00,0x00,0x01,0xFC,0x00,0x07,0xFF,0xF8,0x00,0x00,0x00,0x07,0xF0,0x00,0x1F,0xFF,0xE0,0x00,0x00,0x00,0x1F,0xC0,0x00,0x7F,
  0xFF,0x80,0x00,0x00,0x00,0x7F,0x00,0x01,0xFF,0xFE,0x00,0x00,0x00,0x01,0xFC,0x00,0x07,0xFF,0xF8,0x00,0x00,0x00,0x07,0xF0,
  0x00,0x1F,0xFF,0xE0,0x00,0x00,0x00,0x1F,0xC0,0x00,0x7F,0xFF,0xC0,0x00,0x00,0x00,0x7F,0x00,0x00,0xFF,0xFF,0x00,0x00,0x00,
  0x01,0xFC,0x00,0x03,0xFF,0xFC,0x00,0x00,0x00,0x07,0xF0,0x00,0x0F,0xFF,0xF0,0x00,0x00,0x00,0x1F,0x80,0x00,0x3F,0xFF,0xC0,
  0x00,0x00,0x00,0x7E,0x00,0x00,0xFF,0xFF,0x80,0x00,0x00,0x03,0xF8,0x00,0x01,0xFF,0xFE,0x00,0x00,0x00,0x0F,0xE0,0x00,0x07,
  0xFF,0xF8,0x00,0x00,0x00,0x7F,0x00,0x00,0x1F,0xFF,0xF0,0x00,0x00,0x01,0xFC,0x00,0x00,0x3F,0xFF,0xE0,0x00,0x00,0x0F,0xF0,
  0x00,0x00,0xFF,0xFF,0xC0,0x00,0x00,0x7F,0x80,0x00,0x01,0xFF,0xFF,0x80,0x00,0x03,0xFC,0x00,0x00,0x03,0xFF,0xFF,0x00,0x00,
  0x1F,0xF0,0x00,0x00,0x0F,0xFF,0xFF,0x00,0x01,0xFF,0x80,0x00,0x00,0x1F,0xFF,0xFF,0xC0,0x7F,0xFC,0x00,0x00,0x00,0x3F,0xFF,
  0xFF,0xFF,0xFF,0xE0,0x00,0x00,0x00,0x3F,0xFF,0xFF,0xFF,0xFF,0x00,0x00,0x00,0x00,0x7F,0xFF,0xFF,0xFF,0xF8,0x00,0x00,0x00,
  0x00,0x7F,0xFF,0xFF,0xFF,0x80,0x00,0x00,0x00,0x00,0x7F,0xFF,0xFF,0xF8,0x00,0x00,0x00,0x00,0x00,0x3F,0xFF,0xFF,0x80,0x00,
  0x00,0x00,0x00,0x00,0x0F,0xFF,0xE0,0x00,0x00,0x00,0xFF,0xFF,0xFF,0xFC,0x00,0x00,0x07,0xFF,0xFF,0xFF,0xFF,0xFF,0xFE,0x00,
  0x00,0x03,0xFF,0xFF,0xFF,0xFF,0xFF,0xFF,0x00,0x00,0x01,0xFF,0xFF,0xFF,0xFF,0xFF,0xFF,0x80,0x00,0x00,0xFF,0xFF,0xF1,0xFF,
  0xFF,0xFC,0x00,0x00,0x00,0x0F,0xFF,0xC0,0x1F,0xFF,0xF0,0x00,0x00,0x00,0x00,0xFE,0x00,0x0F,0xFF,0xF8,0x00,0x00,0x00,0x00,
  0x7F,0x00,0x03,0xFF,0xFE,0x00,0x00,0x00,0x00,0x3F,0x80,0x01,0xFF,0xFF,0x00,0x00,0x00,0x00,0x3F,0x80,0x00,0x7F,0xFF,0xC0,
  0x00,0x00,0x00,0x1F,0xC0,0x00,0x3F,0xFF,0xE0,0x00,0x00,0x00,0x1F,0xC0,0x00,0x1F,0xFF,0xF8,0x00,0x00,0x00,0x0F,0xE0,0x00,
  0x07,0xFF,0xFC,0x00,0x00,0x00,0x07,0xF0,0x00,0x03,0xFF,0xFE,0x00,0x00,0x00,0x07,0xF0,0x00,0x00,0xFF,0xFF,0x80,0x00,0x00,
  0x03,0xF8,0x00,0x00,0x7F,0xFF,0xC0,0x00,0x00,0x03,0xF8,0x00,0x00,0x1F,0xFF,0xF0,0x00,0x00,0x01,0xFC,0x00,0x00,0x0F,0xFF,
  0xF8,0x00,0x00,0x00,0xFC,0x00,0x00,0x07,0xFF,0xFE,0x00,0x00,0x00,0xFE,0x00,0x00,0x01,0xFF,0xFF,0x00,0x00,0x00,0x7F,0x00,
  0x00,0x00,0xFF,0xFF,0xC0,0x00,0x00,0x7F,0x00,0x00,0x00,0x3F,0xFF,0xE0,0x00,0x00,0x3F,0x80,0x00,0x00,0x1F,0xFF,0xF0,0x00,
  0x00,0x1F,0x80,0x00,0x00,0x07,0xFF,0xFC,0x00,0x00,0x1F,0xC0,0x00,0x00,0x03,0xFF,0xFE,0x00,0x00,0x0F,0xE0,0x00,0x00,0x00,
  0xFF,0xFF,0x80,0x00,0x0F,0xE0,0x00,0x00,0x00,0x7F,0xFF,0xC0,0x00,0x07,0xF0,0x00,0x00,0x00,0x3F,0xFF,0xF0,0x00,0x03,0xF0,
  0x00,0x00,0x00,0x0F,0xFF,0xF8,0x00,0x03,0xF8,0x00,0x00,0x00,0x07,0xFF,0xFC,0x00,0x01,0xFC,0x00,0x00,0x00,0x01,0xFF,0xFF,
  0x00,0x01,0xFC,0x00,0x00,0x00,0x00,0xFF,0xFF,0x80,0x00,0xFE,0x00,0x00,0x00,0x00,0x3F,0xFF,0xE0,0x00,0x7E,0x00,0x00,0x00,
  0x00,0x1F,0xFF,0xF0,0x00,0x7F,0x00,0x00,0x00,0x00,0x0F,0xFF,0xFC,0x00,0x3F,0x00,0x00,0x00,0x00,0x03,0xFF,0xFE,0x00,0x3F,
  0x80,0x00,0x00,0x00,0x01,0xFF,0xFF,0x00,0x1F,0xC0,0x00,0x00,0x00,0x00,0x7F,0xFF,0xC0,0x1F,0xC0,0x00,0x00,0x00,0x00,0x3F,
  0xFF,0xE0,0x0F,0xE0,0x00,0x00,0x00,0x00,0x0F,0xFF,0xF8,0x07,0xE0,0x00,0x00,0x00,0x00,0x07,0xFF,0xFC,0x07,0xF0,0x00,0x00,
  0x00,0x00,0x03,0xFF,0xFF,0x03,0xF8,0x00,0x00,0x00,0x00,0x00,0xFF,0xFF,0x83,0xF8,0x00,0x00,0x00,0x00,0x00,0x7F,0xFF,0xE1,
  0xFC,0x00,0x00,0x00,0x00,0x00,0x1F,0xFF,0xF0,0xFC,0x00,0x00,0x00,0x00,0x00,0x0F,0xFF,0xF8,0xFE,0x00,0x00,0x00,0x00,0x00,
  0x03,0xFF,0xFE,0x7F,0x00,0x00,0x00,0x00,0x00,0x01,0xFF,0xFF,0x7F,0x00,0x00,0x00,0x00,0x00,0x00,0xFF,0xFF,0xFF,0x80,0x00,
  0x00,0x00,0x00,0x00,0x3F,0xFF,0xFF,0x80,0x00,0x00,0x00,0x00,0x00,0x1F,0xFF,0xFF,0xC0,0x00,0x00,0x00,0x00,0x00,0x07,0xFF,
  0xFF,0xC0,0x00,0x00,0x00,0x00,0x00,0x03,0xFF,0xFF,0xE0,0x00,0x00,0x00,0x00,0x00,0x00,0xFF,0xFF,0xF0,0x00,0x00,0x00,0x00,
  0x00,0x00,0x7F,0xFF,0xF0,0x00,0x00,0x00,0x00,0x00,0x00,0x1F,0xFF,0xF8,0x00,0x00,0x00,0x00,0x00,0x00,0x0F,0xFF,0xF8,0x00,
  0x00,0x00,0x00,0x00,0x00,0x07,0xFF,0xFC,0x00,0x00,0x00,0x00,0x00,0x00,0x01,0xFF,0xFE,0x00,0x00,0x00,0x00,0x00,0x00,0x00,
  0xFF,0xFE,0x00,0x00,0x00,0x00,0x00,0x00,0x00,0x3F,0xFF,0x00,0x00,0x00,0x00,0x00,0x00,0x00,0x1F,0xFF,0x00,0x00,0x00,0x00,
  0x00,0x00,0x00,0x07,0xFF,0x80,0x00,0x00,0x00,0x00,0x00,0x00,0x03,0xFF,0xC0,0x00,0x00,0x00,0x00,0x00,0x00,0x01,0xFF,0xC0,
  0x00,0x00,0x00,0x00,0x00,0x00,0x00,0x7F,0xE0,0x00,0x00,0x00,0x00,0x00,0x00,0x00,0x3F,0xE0,0x00,0x00,0x00,0x00,0x00,0x00,
  0x00,0x0F,0xF0,0x00,0x00,0x00,0x00,0x00,0x00,0x00,0x07,0xF0,0x00,0x00,0x00,0x00,0xFF,0xFF,0xFF,0xFE,0x00,0x00,0x00,0x00,
  0x00,0x01,0xFF,0xFF,0xFF,0xFF,0xFF,0xFF,0xF0,0x00,0x00,0x00,0x00,0x00,0x0F,0xFF,0xFF,0xFF,0xFF,0xFF,0xFF,0x80,0x00,0x00,
  0x00,0x00,0x00,0x7F,0xFF,0xFE,0xFF,0xFF,0xFF,0xFC,0x00,0x00,0x00,0x00,0x00,0x03,0xFF,0xFF,0xF0,0xFF,0xFF,0xFE,0x00,0x00,
  0x00,0x00,0x00,0x00,0x00,0xFF,0xFC,0x00,0xFF,0xFF,0x00,0x00,0x00,0x00,0x00,0x00,0x00,0x00,0x7F,0x00,0x07,0xFF,0xFC,0x00,
  0x00,0x00,0x1F,0xC0,0x00,0x00,0x07,0xF8,0x00,0x3F,0xFF,0xE0,0x00,0x00,0x00,0xFF,0x00,0x00,0x00,0x3F,0xC0,0x00,0xFF,0xFF,
  0x00,0x00,0x00,0x0F,0xF8,0x00,0x00,0x01,0xFC,0x00,0x07,0xFF,0xFC,0x00,0x00,0x00,0x7F,0xC0,0x00,0x00,0x1F,0xE0,0x00,0x3F,
  0xFF,0xE0,0x00,0x00,0x03,0xFF,0x00,0x00,0x00,0xFF,0x00,0x00,0xFF,0xFF,0x80,0x00,0x00,0x3F,0xF8,0x00,0x00,0x07,0xF0,0x00,
  0x07,0xFF,0xFC,0x00,0x00,0x01,0xFF,0xE0,0x00,0x00,0x3F,0x80,0x00,0x3F,0xFF,0xE0,0x00,0x00,0x1F,0xFF,0x00,0x00,0x03,0xFC,
  0x00,0x00,0xFF,0xFF,0x80,0x00,0x00,0xFF,0xF8,0x00,0x00,0x1F,0xE0,0x00,0x07,0xFF,0xFC,0x00,0x00,0x07,0xFF,0xE0,0x00,0x00,
  0xFE,0x00,0x00,0x3F,0xFF,0xE0,0x00,0x00,0x7F,0xFF,0x00,0x00,0x0F,0xF0,0x00,0x00,0xFF,0xFF,0x80,0x00,0x03,0xFF,0xFC,0x00,
  0x00,0x7F,0x80,0x00,0x07,0xFF,0xFC,0x00,0x00,0x3F,0xFF,0xE0,0x00,0x03,0xF8,0x00,0x00,0x3F,0xFF,0xE0,0x00,0x01,0xFF,0xFF,
  0x80,0x00,0x3F,0xC0,0x00,0x00,0xFF,0xFF,0x80,0x00,0x0F,0xFF,0xFC,0x00,0x01,0xFE,0x00,0x00,0x07,0xFF,0xFC,0x00,0x00,0xFF,
  0xFF,0xE0,0x00,0x0F,0xE0,0x00,0x00,0x1F,0xFF,0xF0,0x00,0x07,0xFF,0xFF,0x80,0x00,0x7F,0x00,0x00,0x00,0xFF,0xFF,0x80,0x00,
  0x7F,0xFF,0xFC,0x00,0x07,0xF8,0x00,0x00,0x07,0xFF,0xFC,0x00,0x03,0xFF,0xFF,0xF0,0x00,0x3F,0x80,0x00,0x00,0x1F,0xFF,0xF0,
  0x00,0x3F,0xFF,0xFF,0x80,0x01,0xFC,0x00,0x00,0x00,0xFF,0xFF,0x80,0x01,0xFF,0xFF,0xFC,0x00,0x1F,0xE0,0x00,0x00,0x07,0xFF,
  0xFC,0x00,0x0F,0xFF,0xFF,0xF0,0x00,0xFE,0x00,0x00,0x00,0x1F,0xFF,0xF0,0x00,0xFF,0xFF,0xFF,0x80,0x07,0xF0,0x00,0x00,0x00,
  0xFF,0xFF,0x80,0x07,0xF3,0xFF,0xFE,0x00,0x7F,0x80,0x00,0x00,0x07,0xFF,0xFC,0x00,0x7F,0x9F,0xFF,0xF0,0x03,0xF8,0x00,0x00,
  0x00,0x1F,0xFF,0xF0,0x03,0xFC,0xFF,0xFF,0x80,0x1F,0xC0,0x00,0x00,0x00,0xFF,0xFF,0x80,0x1F,0xC3,0xFF,0xFE,0x00,0xFE,0x00,
  0x00,0x00,0x07,0xFF,0xFE,0x01,0xFE,0x1F,0xFF,0xF0,0x0F,0xF0,0x00,0x00,0x00,0x1F,0xFF,0xF0,0x0F,0xE0,0x7F,0xFF,0xC0,0x7F,
  0x00,0x00,0x00,0x00,0xFF,0xFF,0x80,0xFF,0x03,0xFF,0xFE,0x03,0xF8,0x00,0x00,0x00,0x07,0xFF,0xFE,0x07,0xF8,0x1F,0xFF,0xF8,
  0x3F,0xC0,0x00,0x00,0x00,0x1F,0xFF,0xF0,0x3F,0x80,0x7F,0xFF,0xC1,0xFC,0x00,0x00,0x00,0x00,0xFF,0xFF,0x83,0xFC,0x03,0xFF,
  0xFE,0x0F,0xE0,0x00,0x00,0x00,0x07,0xFF,0xFE,0x1F,0xC0,0x0F,0xFF,0xF8,0xFF,0x00,0x00,0x00,0x00,0x1F,0xFF,0xF1,0xFE,0x00,
  0x7F,0xFF,0xC7,0xF0,0x00,0x00,0x00,0x00,0xFF,0xFF,0x8F,0xF0,0x01,0xFF,0xFF,0x3F,0x80,0x00,0x00,0x00,0x03,0xFF,0xFE,0x7F,
  0x00,0x0F,0xFF,0xF9,0xFC,0x00,0x00,0x00,0x00,0x1F,0xFF,0xF7,0xF8,0x00,0x7F,0xFF,0xDF,0xC0,0x00,0x00,0x00,0x00,0xFF,0xFF,
  0xFF,0x80,0x01,0xFF,0xFF,0xFE,0x00,0x00,0x00,0x00,0x03,0xFF,0xFF,0xFC,0x00,0x0F,0xFF,0xFF,0xF0,0x00,0x00,0x00,0x00,0x1F,
  0xFF,0xFF,0xC0,0x00,0x3F,0xFF,0xFF,0x00,0x00,0x00,0x00,0x00,0xFF,0xFF,0xFE,0x00,0x01,0xFF,0xFF,0xF8,0x00,0x00,0x00,0x00,
  0x03,0xFF,0xFF,0xF0,0x00,0x0F,0xFF,0xFF,0xC0,0x00,0x00,0x00,0x00,0x1F,0xFF,0xFF,0x00,0x00,0x3F,0xFF,0xFC,0x00,0x00,0x00,
  0x00,0x00,0xFF,0xFF,0xF8,0x00,0x01,0xFF,0xFF,0xE0,0x00,0x00,0x00,0x00,0x03,0xFF,0xFF,0x80,0x00,0x07,0xFF,0xFF,0x00,0x00,
  0x00,0x00,0x00,0x1F,0xFF,0xFC,0x00,0x00,0x3F,0xFF,0xF8,0x00,0x00,0x00,0x00,0x00,0xFF,0xFF,0xE0,0x00,0x00,0xFF,0xFF,0x80,
  0x00,0x00,0x00,0x00,0x03,0xFF,0xFE,0x00,0x00,0x07,0xFF,0xFC,0x00,0x00,0x00,0x00,0x00,0x1F,0xFF,0xF0,0x00,0x00,0x3F,0xFF,
  0xE0,0x00,0x00,0x00,0x00,0x00,0xFF,0xFF,0x00,0x00,0x00,0xFF,0xFE,0x00,0x00,0x00,0x00,0x00,0x03,0xFF,0xF8,0x00,0x00,0x07,
  0xFF,0xF0,0x00,0x00,0x00,0x00,0x00,0x1F,0xFF,0xC0,0x00,0x00,0x1F,0xFF,0x80,0x00,0x00,0x00,0x00,0x00,0x7F,0xFC,0x00,0x00,
  0x00,0xFF,0xF8,0x00,0x00,0x00,0x00,0x00,0x03,0xFF,0xE0,0x00,0x00,0x07,0xFF,0xC0,0x00,0x00,0x00,0x00,0x00,0x1F,0xFE,0x00,
  0x00,0x00,0x1F,0xFE,0x00,0x00,0x00,0x00,0x00,0x00,0x7F,0xF0,0x00,0x00,0x00,0xFF,0xE0,0x00,0x00,0x00,0x00,0x00,0x03,0xFF,
  0x80,0x00,0x00,0x03,0xFF,0x00,0x00,0x00,0x00,0x00,0x00,0x1F,0xF8,0x00,0x00,0x00,0x1F,0xF8,0x00,0x00,0x00,0x00,0x00,0x00,
  0x7F,0xC0,0x00,0x00,0x00,0xFF,0x80,0x00,0x00,0x00,0x00,0x00,0x03,0xFC,0x00,0x00,0x00,0x03,0xFC,0x00,0x00,0x00,0x00,0x00,
  0x00,0x1F,0xE0,0x00,0x00,0x00,0x1F,0xE0,0x00,0x00,0x00,0x00,0x00,0x00,0x7E,0x00,0x00,0x00,0x00,0x7E,0x00,0x00,0x00,0x00,
  0x3F,0xFF,0xFF,0xFF,0xE0,0x07,0xFF,0xFF,0xF0,0x3F,0xFF,0xFF,0xFF,0xE0,0x07,0xFF,0xFF,0xF0,0x3F,0xFF,0xFF,0xFF,0xE0,0x07,
  0xFF,0xFF,0xF0,0x3F,0xFF,0xFF,0xFF,0xE0,0x07,0xFF,0xFF,0xF0,0x03,0xFF,0xFF,0xFE,0x00,0x00,0x7F,0xFF,0x00,0x00,0x3F,0xFF,
  0xE0,0x00,0x00,0x07,0xF0,0x00,0x00,0x1F,0xFF,0xF0,0x00,0x00,0x0F,0xE0,0x00,0x00,0x1F,0xFF,0xF0,0x00,0x00,0x1F,0xE0,0x00,
  0x00,0x0F,0xFF,0xF8,0x00,0x00,0x3F,0xC0,0x00,0x00,0x07,0xFF,0xFC,0x00,0x00,0x7F,0x80,0x00,0x00,0x07,0xFF,0xFC,0x00,0x00,
  0x7F,0x00,0x00,0x00,0x03,0xFF,0xFE,0x00,0x00,0xFE,0x00,0x00,0x00,0x01,0xFF,0xFF,0x00,0x01,0xFE,0x00,0x00,0x00,0x01,0xFF,
  0xFF,0x00,0x03,0xFC,0x00,0x00,0x00,0x00,0xFF,0xFF,0x80,0x03,0xF8,0x00,0x00,0x00,0x00,0x7F,0xFF,0xC0,0x07,0xF0,0x00,0x00,
  0x00,0x00,0x7F,0xFF,0xC0,0x0F,0xE0,0x00,0x00,0x00,0x00,0x3F,0xFF,0xE0,0x1F,0xE0,0x00,0x00,0x00,0x00,0x3F,0xFF,0xE0,0x3F,
  0xC0,0x00,0x00,0x00,0x00,0x1F,0xFF,0xF0,0x3F,0x80,0x00,0x00,0x00,0x00,0x0F,0xFF,0xF8,0x7F,0x00,0x00,0x00,0x00,0x00,0x0F,
  0xFF,0xF8,0xFE,0x00,0x00,0x00,0x00,0x00,0x07,0xFF,0xFD,0xFE,0x00,0x00,0x00,0x00,0x00,0x03,0xFF,0xFF,0xFC,0x00,0x00,0x00,
  0x00,0x00,0x03,0xFF,0xFF,0xF8,0x00,0x00,0x00,0x00,0x00,0x01,0xFF,0xFF,0xF0,0x00,0x00,0x00,0x00,0x00,0x00,0xFF,0xFF,0xF0,
  0x00,0x00,0x00,0x00,0x00,0x00,0xFF,0xFF,0xE0,0x00,0x00,0x00,0x00,0x00,0x00,0x7F,0xFF,0xC0,0x00,0x00,0x00,0x00,0x00,0x00,
  0x3F,0xFF,0xE0,0x00,0x00,0x00,0x00,0x00,0x00,0x3F,0xFF,0xE0,0x00,0x00,0x00,0x00,0x00,0x00,0x1F,0xFF,0xF0,0x00,0x00,0x00,
  0x00,0x00,0x00,0x0F,0xFF,0xF8,0x00,0x00,0x00,0x00,0x00,0x00,0x0F,0xFF,0xF8,0x00,0x00,0x00,0x00,0x00,0x00,0x07,0xFF,0xFC,
  0x00,0x00,0x00,0x00,0x00,0x00,0x07,0xFF,0xFC,0x00,0x00,0x00,0x00,0x00,0x00,0x0F,0xFF,0xFE,0x00,0x00,0x00,0x00,0x00,0x00,
  0x1F,0xFF,0xFF,0x00,0x00,0x00,0x00,0x00,0x00,0x1F,0xFF,0xFF,0x00,0x00,0x00,0x00,0x00,0x00,0x3F,0xFF,0xFF,0x80,0x00,0x00,
  0x00,0x00,0x00,0x7F,0xFF,0xFF,0xC0,0x00,0x00,0x00,0x00,0x00,0xFF,0x7F,0xFF,0xC0,0x00,0x00,0x00,0x00,0x01,0xFE,0x3F,0xFF,
  0xE0,0x00,0x00,0x00,0x00,0x01,0xFC,0x1F,0xFF,0xF0,0x00,0x00,0x00,0x00,0x03,0xF8,0x1F,0xFF,0xF0,0x00,0x00,0x00,0x00,0x07,
  0xF8,0x0F,0xFF,0xF8,0x00,0x00,0x00,0x00,0x0F,0xF0,0x07,0xFF,0xFC,0x00,0x00,0x00,0x00,0x0F,0xE0,0x07,0xFF,0xFC,0x00,0x00,
  0x00,0x00,0x1F,0xC0,0x03,0xFF,0xFE,0x00,0x00,0x00,0x00,0x3F,0x80,0x01,0xFF,0xFF,0x00,0x00,0x00,0x00,0x7F,0x80,0x01,0xFF,
  0xFF,0x00,0x00,0x00,0x00,0xFF,0x00,0x00,0xFF,0xFF,0x80,0x00,0x00,0x00,0xFE,0x00,0x00,0x7F,0xFF,0x80,0x00,0x00,0x01,0xFC,
  0x00,0x00,0x7F,0xFF,0xC0,0x00,0x00,0x03,0xF8,0x00,0x00,0x3F,0xFF,0xE0,0x00,0x00,0x07,0xF8,0x00,0x00,0x3F,0xFF,0xE0,0x00,
  0x00,0x0F,0xF0,0x00,0x00,0x1F,0xFF,0xF0,0x00,0x00,0x0F,0xE0,0x00,0x00,0x0F,0xFF,0xF8,0x00,0x00,0x1F,0xC0,0x00,0x00,0x0F,
  0xFF,0xF8,0x00,0x00,0x3F,0xC0,0x00,0x00,0x07,0xFF,0xFC,0x00,0x00,0x7F,0x80,0x00,0x00,0x03,0xFF,0xFE,0x00,0x00,0xFF,0x00,
  0x00,0x00,0x03,0xFF,0xFE,0x00,0x00,0xFE,0x00,0x00,0x00,0x01,0xFF,0xFF,0x00,0x0F,0xFF,0xE0,0x00,0x00,0x1F,0xFF,0xFF,0xF0,
  0xFF,0xFF,0xFE,0x00,0x01,0xFF,0xFF,0xFF,0xFF,0xFF,0xFF,0xFE,0x00,0x01,0xFF,0xFF,0xFF,0xFF,0xFF,0xFF,0xFE,0x00,0x01,0xFF,
  0xFF,0xFF,0xFF,0xFF,0xFF,0xFE,0x00,0x01,0xFF,0xFF,0xFF,0xFF,0xFF,0xFF,0xFF,0xFF,0xE0,0x00,0xFF,0xFF,0xFF,0xFF,0xFF,0xFF,
  0xFF,0xC0,0x01,0xFF,0xFF,0xFF,0xFF,0xFF,0xFF,0xFF,0x80,0x03,0xFF,0xFF,0xFF,0xFF,0xFF,0xFF,0xFF,0x00,0x07,0xFF,0xFF,0xF0,
  0xFF,0xFF,0xFF,0xC0,0x00,0x00,0x7F,0xFE,0x00,0x1F,0xFF,0xF8,0x00,0x00,0x00,0x1F,0xE0,0x00,0x3F,0xFF,0xF8,0x00,0x00,0x00,
  0x7F,0x80,0x00,0x3F,0xFF,0xF0,0x00,0x00,0x00,0xFF,0x00,0x00,0x7F,0xFF,0xF0,0x00,0x00,0x03,0xFC,0x00,0x00,0x7F,0xFF,0xE0,
  0x00,0x00,0x07,0xF8,0x00,0x00,0x7F,0xFF,0xE0,0x00,0x00,0x1F,0xE0,0x00,0x00,0xFF,0xFF,0xC0,0x00,0x00,0x3F,0x80,0x00,0x00,
  0xFF,0xFF,0xC0,0x00,0x00,0xFF,0x00,0x00,0x01,0xFF,0xFF,0x80,0x00,0x01,0xFC,0x00,0x00,0x01,0xFF,0xFF,0x80,0x00,0x07,0xF8,
  0x00,0x00,0x03,0xFF,0xFF,0x80,0x00,0x0F,0xE0,0x00,0x00,0x03,0xFF,0xFF,0x00,0x00,0x3F,0xC0,0x00,0x00,0x03,0xFF,0xFF,0x00,
  0x00,0x7F,0x00,0x00,0x00,0x07,0xFF,0xFE,0x00,0x01,0xFE,0x00,0x00,0x00,0x07,0xFF,0xFE,0x00,0x03,0xF8,0x00,0x00,0x00,0x0F,
  0xFF,0xFC,0x00,0x0F,0xF0,0x00,0x00,0x00,0x0F,0xFF,0xFC,0x00,0x1F,0xC0,0x00,0x00,0x00,0x1F,0xFF,0xF8,0x00,0x7F,0x80,0x00,
  0x00,0x00,0x1F,0xFF,0xF8,0x01,0xFE,0x00,0x00,0x00,0x00,0x3F,0xFF,0xF0,0x03,0xF8,0x00,0x00,0x00,0x00,0x3F,0xFF,0xF0,0x0F,
  0xF0,0x00,0x00,0x00,0x00,0x3F,0xFF,0xF0,0x1F,0xC0,0x00,0x00,0x00,0x00,0x7F,0xFF,0xE0,0x7F,0x80,0x00,0x00,0x00,0x00,0x7F,
  0xFF,0xE0,0xFE,0x00,0x00,0x00,0x00,0x00,0xFF,0xFF,0xC3,0xFC,0x00,0x00,0x00,0x00,0x00,0xFF,0xFF,0xC7,0xF0,0x00,0x00,0x00,
  0x00,0x01,0xFF,0xFF,0x9F,0xE0,0x00,0x00,0x00,0x00,0x01,0xFF,0xFF,0xBF,0x80,0x00,0x00,0x00,0x00,0x01,0xFF,0xFF,0xFF,0x00,
  0x00,0x00,0x00,0x00,0x03,0xFF,0xFF,0xFC,0x00,0x00,0x00,0x00,0x00,0x03,0xFF,0xFF,0xF0,0x00,0x00,0x00,0x00,0x00,0x07,0xFF,
  0xFF,0xE0,0x00,0x00,0x00,0x00,0x00,0x07,0xFF,0xFF,0x80,0x00,0x00,0x00,0x00,0x00,0x0F,0xFF,0xFF,0x00,0x00,0x00,0x00,0x00,
  0x00,0x0F,0xFF,0xFC,0x00,0x00,0x00,0x00,0x00,0x00,0x0F,0xFF,0xF8,0x00,0x00,0x00,0x00,0x00,0x00,0x1F,0xFF,0xE0,0x00,0x00,
  0x00,0x00,0x00,0x00,0x3F,0xFF,0xC0,0x00,0x00,0x00,0x00,0x00,0x00,0x7F,0xFF,0x80,0x00,0x00,0x00,0x00,0x00,0x00,0xFF,0xFF,
  0x00,0x00,0x00,0x00,0x00,0x00,0x01,0xFF,0xFE,0x00,0x00,0x00,0x00,0x00,0x00,0x03,0xFF,0xFC,0x00,0x00,0x00,0x00,0x00,0x00,
  0x07,0xFF,0xF8,0x00,0x00,0x00,0x00,0x00,0x00,0x0F,0xFF,0xF0,0x00,0x00,0x00,0x00,0x00,0x00,0x1F,0xFF,0xE0,0x00,0x00,0x00,
  0x00,0x00,0x00,0x3F,0xFF,0xC0,0x00,0x00,0x00,0x00,0x00,0x00,0x7F,0xFF,0x80,0x00,0x00,0x00,0x00,0x00,0x00,0xFF,0xFF,0x00,
  0x00,0x00,0x00,0x00,0x00,0x01,0xFF,0xFE,0x00,0x00,0x00,0x00,0x00,0x00,0x03,0xFF,0xFC,0x00,0x00,0x00,0x00,0x00,0x00,0x07,
  0xFF,0xF8,0x00,0x00,0x00,0x00,0x00,0x00,0x0F,0xFF,0xF0,0x00,0x00,0x00,0x00,0x00,0x00,0x1F,0xFF,0xE0,0x00,0x00,0x00,0x00,
  0x00,0x00,0x3F,0xFF,0xC0,0x00,0x00,0x00,0x00,0x00,0x00,0x7F,0xFF,0x80,0x00,0x00,0x00,0x00,0x00,0x00,0xFF,0xFF,0x00,0x00,
  0x00,0x00,0x00,0x00,0x01,0xFF,0xFE,0x00,0x00,0x00,0x00,0x00,0x00,0x03,0xFF,0xFC,0x00,0x00,0x00,0x00,0x00,0x00,0xFF,0xFF,
  0xFF,0xC0,0x00,0x00,0x00,0x00,0x7F,0xFF,0xFF,0xFF,0xFE,0x00,0x00,0x00,0x00,0xFF,0xFF,0xFF,0xFF,0xFC,0x00,0x00,0x00,0x01,
  0xFF,0xFF,0xFF,0xFF,0xF8,0x00,0x00,0x00,0x03,0xFF,0xFF,0xFF,0xFF,0xF0,0x00,0x00,0x1F,0xFF,0xFF,0xFF,0xFF,0xFF,0xFF,0x03,
  0xFF,0xFF,0xFF,0xFF,0xFF,0xFF,0xE0,0x7F,0xFF,0xFF,0xFF,0xFF,0xFF,0xFC,0x0F,0xFF,0xFF,0xFF,0xFF,0xFF,0xFF,0x81,0xFF,0xFF,
  0xFF,0xFF,0xFF,0xFF,0xF0,0x3F,0xFF,0xF8,0x00,0x0F,0xFF,0xFE,0x07,0xF0,0x00,0x00,0x01,0xFF,0xFF,0x80,0xFC,0x00,0x00,0x00,
  0x7F,0xFF,0xE0,0x1F,0x80,0x00,0x00,0x0F,0xFF,0xFC,0x03,0xF0,0x00,0x00,0x03,0xFF,0xFF,0x00,0x7E,0x00,0x00,0x00,0xFF,0xFF,
  0xC0,0x0F,0xC0,0x00,0x00,0x1F,0xFF,0xF8,0x01,0xF0,0x00,0x00,0x07,0xFF,0xFE,0x00,0x3E,0x00,0x00,0x01,0xFF,0xFF,0x80,0x07,
  0xC0,0x00,0x00,0x3F,0xFF,0xF0,0x00,0xF8,0x00,0x00,0x0F,0xFF,0xFC,0x00,0x1F,0x00,0x00,0x03,0xFF,0xFF,0x00,0x00,0x00,0x00,
  0x00,0x7F,0xFF,0xE0,0x00,0x00,0x00,0x00,0x1F,0xFF,0xF8,0x00,0x00,0x00,0x00,0x07,0xFF,0xFE,0x00,0x00,0x00,0x00,0x00,0xFF,
  0xFF,0xC0,0x00,0x00,0x00,0x00,0x3F,0xFF,0xF0,0x00,0x00,0x00,0x00,0x0F,0xFF,0xFC,0x00,0x00,0x00,0x00,0x01,0xFF,0xFF,0x80,
  0x00,0x00,0x00,0x00,0x7F,0xFF,0xE0,0x00,0x00,0x00,0x00,0x1F,0xFF,0xF8,0x00,0x00,0x00,0x00,0x03,0xFF,0xFF,0x00,0x00,0x00,
  0x00,0x00,0xFF,0xFF,0xC0,0x00,0x00,0x00,0x00,0x3F,0xFF,0xF8,0x00,0x00,0x00,0x00,0x07,0xFF,0xFE,0x00,0x00,0x00,0x00,0x01,
  0xFF,0xFF,0x80,0x00,0x00,0x00,0x00,0x7F,0xFF,0xF0,0x00,0x00,0x00,0x00,0x0F,0xFF,0xFC,0x00,0x00,0x00,0x00,0x03,0xFF,0xFF,
  0x00,0x00,0x00,0x00,0x00,0xFF,0xFF,0xE0,0x00,0x00,0x00,0x00,0x1F,0xFF,0xF8,0x00,0x00,0x00,0x00,0x07,0xFF,0xFE,0x00,0x00,
  0x00,0x00,0x01,0xFF,0xFF,0xC0,0x00,0x00,0x00,0x00,0x3F,0xFF,0xF0,0x00,0x00,0x00,0x00,0x0F,0xFF,0xFC,0x00,0x00,0x00,0x00,
  0x03,0xFF,0xFF,0x80,0x00,0x00,0x00,0x00,0x7F,0xFF,0xE0,0x00,0x00,0x00,0x00,0x1F,0xFF,0xF8,0x00,0x00,0x00,0x00,0x07,0xFF,
  0xFF,0x00,0x00,0x00,0x00,0x00,0xFF,0xFF,0xC0,0x00,0x00,0x00,0x00,0x3F,0xFF,0xF0,0x00,0x00,0x00,0x00,0x0F,0xFF,0xFE,0x00,
  0x00,0x00,0x00,0x01,0xFF,0xFF,0x80,0x00,0x00,0x00,0x00,0x7F,0xFF,0xE0,0x00,0x00,0x03,0xE0,0x1F,0xFF,0xFC,0x00,0x00,0x00,
  0x7C,0x03,0xFF,0xFF,0x00,0x00,0x00,0x0F,0x80,0xFF,0xFF,0xC0,0x00,0x00,0x01,0xF0,0x3F,0xFF,0xF8,0x00,0x00,0x00,0x7E,0x07,
  0xFF,0xFE,0x00,0x00,0x00,0x0F,0xC1,0xFF,0xFF,0x80,0x00,0x00,0x01,0xF8,0x7F,0xFF,0xF0,0x00,0x00,0x00,0x3F,0x0F,0xFF,0xFC,
  0x00,0x00,0x00,0x0F,0xE3,0xFF,0xFF,0x00,0x00,0x00,0x01,0xFC,0xFF,0xFF,0xE0,0x00,0x00,0x00,0x3F,0x1F,0xFF,0xF8,0x00,0x00,
  0x00,0x07,0xE7,0xFF,0xFE,0x00,0x00,0x00,0x00,0xFD,0xFF,0xFF,0xC0,0x00,0x00,0x00,0xFF,0xBF,0xFF,0xF0,0x00,0x00,0xFF,0xFF,
  0xF7,0xFF,0xFF,0xFF,0xFF,0xFF,0xFF,0xFE,0xFF,0xFF,0xFF,0xFF,0xFF,0xFF,0xFF,0xDF,0xFF,0xFF,0xFF,0xFF,0xFF,0xFF,0xFB,0xFF,
  0xFF,0xFF,0xFF,0xFF,0xFF,0xFF,0x7F,0xFF,0xFF,0xFF,0xFF,0xFF,0xFF,0xE0,0xFF,0xFF,0xFF,0xFF,0xFF,0xFF,0xFF,0xFF,0xFF,0xFF,
  0xFF,0xCF,0xFF,0xF0,0x1F,0xFF,0x00,0x3F,0xFE,0x00,0x7F,0xFC,0x00,0xFF,0xF8,0x01,0xFF,0xF0,0x03,0xFF,0xE0,0x07,0xFF,0xC0,
  0x0F,0xFF,0x80,0x1F,0xFF,0x00,0x3F,0xFE,0x00,0x7F,0xFC,0x00,0xFF,0xF8,0x01,0xFF,0xF0,0x03,0xFF,0xE0,0x07,0xFF,0xC0,0x0F,
  0xFF,0x80,0x1F,0xFF,0x00,0x3F,0xFE,0x00,0x7F,0xFC,0x00,0xFF,0xF8,0x01,0xFF,0xF0,0x03,0xFF,0xE0,0x07,0xFF,0xC0,0x0F,0xFF,
  0x80,0x1F,0xFF,0x00,0x3F,0xFE,0x00,0x7F,0xFC,0x00,0xFF,0xF8,0x01,0xFF,0xF0,0x03,0xFF,0xE0,0x07,0xFF,0xC0,0x0F,0xFF,0x80,
  0x1F,0xFF,0x00,0x3F,0xFE,0x00,0x7F,0xFC,0x00,0xFF,0xF8,0x01,0xFF,0xF0,0x03,0xFF,0xE0,0x07,0xFF,0xC0,0x0F,0xFF,0x80,0x1F,
  0xFF,0x00,0x3F,0xFE,0x00,0x7F,0xFC,0x00,0xFF,0xF8,0x01,0xFF,0xF0,0x03,0xFF,0xE0,0x07,0xFF,0xC0,0x0F,0xFF,0x80,0x1F,0xFF,
  0x00,0x3F,0xFE,0x00,0x7F,0xFC,0x00,0xFF,0xF8,0x01,0xFF,0xF0,0x03,0xFF,0xE0,0x07,0xFF,0xC0,0x0F,0xFF,0x80,0x1F,0xFF,0x00,
  0x3F,0xFE,0x00,0x7F,0xFC,0x00,0xFF,0xF8,0x01,0xFF,0xF0,0x03,0xFF,0xE0,0x07,0xFF,0xC0,0x0F,0xFF,0x80,0x1F,0xFF,0x00,0x3F,
  0xFE,0x00,0x7F,0xFC,0x00,0xFF,0xF8,0x01,0xFF,0xF0,0x03,0xFF,0xE0,0x07,0xFF,0xC0,0x0F,0xFF,0x80,0x1F,0xFF,0x00,0x3F,0xFE,
  0x00,0x7F,0xFC,0x00,0xFF,0xF8,0x01,0xFF,0xFE,0x03,0xFF,0xFF,0xE7,0xFF,0xFF,0xFF,0xFF,0xFF,0xFF,0xFF,0xFF,0xC0,0xFE,0x00,
  0x00,0x01,0xFE,0x00,0x00,0x01,0xFC,0x00,0x00,0x03,0xF8,0x00,0x00,0x07,0xF8,0x00,0x00,0x07,0xF0,0x00,0x00,0x0F,0xE0,0x00,
  0x00,0x1F,0xE0,0x00,0x00,0x1F,0xC0,0x00,0x00,0x3F,0x80,0x00,0x00,0x7F,0x80,0x00,0x00,0x7F,0x00,0x00,0x00,0xFE,0x00,0x00,
  0x00,0xFE,0x00,0x00,0x01,0xFC,0x00,0x00,0x03,0xF8,0x00,0x00,0x03,0xF8,0x00,0x00,0x07,0xF0,0x00,0x00,0x0F,0xE0,0x00,0x00,
  0x0F,0xE0,0x00,0x00,0x1F,0xC0,0x00,0x00,0x3F,0x80,0x00,0x00,0x3F,0x80,0x00,0x00,0x7F,0x00,0x00,0x00,0xFF,0x00,0x00,0x00,
  0xFE,0x00,0x00,0x01,0xFC,0x00,0x00,0x03,0xFC,0x00,0x00,0x03,0xF8,0x00,0x00,0x07,0xF0,0x00,0x00,0x0F,0xF0,0x00,0x00,0x0F,
  0xE0,0x00,0x00,0x1F,0xC0,0x00,0x00,0x3F,0xC0,0x00,0x00,0x3F,0x80,0x00,0x00,0x7F,0x00,0x00,0x00,0xFF,0x00,0x00,0x00,0xFE,
  0x00,0x00,0x01,0xFC,0x00,0x00,0x03,0xFC,0x00,0x00,0x03,0xF8,0x00,0x00,0x07,0xF0,0x00,0x00,0x0F,0xF0,0x00,0x00,0x0F,0xE0,
  0x00,0x00,0x1F,0xC0,0x00,0x00,0x3F,0xC0,0x00,0x00,0x3F,0x80,0x00,0x00,0x7F,0x00,0x00,0x00,0xFF,0x00,0x00,0x00,0xFE,0x00,
  0x00,0x01,0xFC,0x00,0x00,0x03,0xFC,0x00,0x00,0x03,0xF8,0x00,0x00,0x07,0xF0,0x00,0x00,0x0F,0xF0,0x00,0x00,0x0F,0xE0,0x00,
  0x00,0x1F,0xC0,0x00,0x00,0x3F,0xC0,0x00,0x00,0x3F,0x80,0x00,0x00,0x7F,0x00,0x00,0x00,0xFF,0x00,0x00,0x00,0xFE,0x00,0x00,
  0x01,0xFC,0x00,0x00,0x01,0xFC,0x00,0x00,0x03,0xF8,0x00,0x00,0x07,0xF8,0x00,0x00,0x07,0xF0,0x00,0x00,0x0F,0xE0,0x00,0x00,
  0x1F,0xE0,0x00,0x00,0x1F,0xC0,0xFF,0xFF,0xFF,0xFF,0xFF,0xFF,0xFF,0xFF,0xFB,0xFF,0xFF,0xF0,0x1F,0xFF,0xE0,0x07,0xFF,0xC0,
  0x0F,0xFF,0x80,0x1F,0xFF,0x00,0x3F,0xFE,0x00,0x7F,0xFC,0x00,0xFF,0xF8,0x01,0xFF,0xF0,0x03,0xFF,0xE0,0x07,0xFF,0xC0,0x0F,
  0xFF,0x80,0x1F,0xFF,0x00,0x3F,0xFE,0x00,0x7F,0xFC,0x00,0xFF,0xF8,0x01,0xFF,0xF0,0x03,0xFF,0xE0,0x07,0xFF,0xC0,0x0F,0xFF,
  0x80,0x1F,0xFF,0x00,0x3F,0xFE,0x00,0x7F,0xFC,0x00,0xFF,0xF8,0x01,0xFF,0xF0,0x03,0xFF,0xE0,0x07,0xFF,0xC0,0x0F,0xFF,0x80,
  0x1F,0xFF,0x00,0x3F,0xFE,0x00,0x7F,0xFC,0x00,0xFF,0xF8,0x01,0xFF,0xF0,0x03,0xFF,0xE0,0x07,0xFF,0xC0,0x0F,0xFF,0x80,0x1F,
  0xFF,0x00,0x3F,0xFE,0x00,0x7F,0xFC,0x00,0xFF,0xF8,0x01,0xFF,0xF0,0x03,0xFF,0xE0,0x07,0xFF,0xC0,0x0F,0xFF,0x80,0x1F,0xFF,
  0x00,0x3F,0xFE,0x00,0x7F,0xFC,0x00,0xFF,0xF8,0x01,0xFF,0xF0,0x03,0xFF,0xE0,0x07,0xFF,0xC0,0x0F,0xFF,0x80,0x1F,0xFF,0x00,
  0x3F,0xFE,0x00,0x7F,0xFC,0x00,0xFF,0xF8,0x01,0xFF,0xF0,0x03,0xFF,0xE0,0x07,0xFF,0xC0,0x0F,0xFF,0x80,0x1F,0xFF,0x00,0x3F,
  0xFE,0x00,0x7F,0xFC,0x00,0xFF,0xF8,0x01,0xFF,0xF0,0x03,0xFF,0xE0,0x07,0xFF,0xC0,0x0F,0xFF,0x80,0x1F,0xFF,0x00,0x3F,0xFE,
  0x00,0x7F,0xFC,0x00,0xFF,0xF8,0x01,0xFF,0xF0,0x03,0xFF,0xE0,0x07,0xFF,0xC0,0x0F,0xFF,0x80,0x1F,0xFF,0x00,0x3F,0xFE,0x03,
  0xFF,0xFC,0xFF,0xFF,0xFF,0xFF,0xFF,0xFF,0xFF,0xFF,0xFF,0xFF,0xFF,0xC0,0x00,0x00,0x03,0xE0,0x00,0x00,0x00,0x00,0x07,0xE0,
  0x00,0x00,0x00,0x00,0x07,0xF0,0x00,0x00,0x00,0x00,0x0F,0xF0,0x00,0x00,0x00,0x00,0x0F,0xF8,0x00,0x00,0x00,0x00,0x1F,0xF8,
  0x00,0x00,0x00,0x00,0x1F,0xFC,0x00,0x00,0x00,0x00,0x3F,0xFC,0x00,0x00,0x00,0x00,0x3F,0xFC,0x00,0x00,0x00,0x00,0x3F,0xFE,
  0x00,0x00,0x00,0x00,0x7F,0xFE,0x00,0x00,0x00,0x00,0x7E,0x7F,0x00,0x00,0x00,0x00,0xFE,0x7F,0x00,0x00,0x00,0x00,0xFE,0x3F,
  0x80,0x00,0x00,0x01,0xFC,0x3F,0x80,0x00,0x00,0x01,0xFC,0x1F,0xC0,0x00,0x00,0x03,0xF8,0x1F,0xC0,0x00,0x00,0x03,0xF8,0x0F,
  0xC0,0x00,0x00,0x07,0xF0,0x0F,0xE0,0x00,0x00,0x07,0xF0,0x0F,0xE0,0x00,0x00,0x07,0xF0,0x07,0xF0,0x00,0x00,0x0F,0xE0,0x07,
  0xF0,0x00,0x00,0x0F,0xE0,0x03,0xF8,0x00,0x00,0x1F,0xC0,0x03,0xF8,0x00,0x00,0x1F,0xC0,0x01,0xFC,0x00,0x00,0x3F,0x80,0x01,
  0xFC,0x00,0x00,0x3F,0x80,0x01,0xFE,0x00,0x00,0x7F,0x80,0x00,0xFE,0x00,0x00,0x7F,0x00,0x00,0xFE,0x00,0x00,0x7F,0x00,0x00,
  0x7F,0x00,0x00,0xFE,0x00,0x00,0x7F,0x00,0x00,0xFE,0x00,0x00,0x3F,0x80,0x01,0xFC,0x00,0x00,0x3F,0x80,0x01,0xFC,0x00,0x00,
  0x1F,0xC0,0x03,0xF8,0x00,0x00,0x1F,0xC0,0x03,0xF8,0x00,0x00,0x1F,0xE0,0x07,0xF8,0x00,0x00,0x0F,0xE0,0x07,0xF0,0x00,0x00,
  0x0F,0xF0,0x0F,0xF0,0x00,0x00,0x07,0xF0,0x0F,0xE0,0x00,0x00,0x07,0xF0,0x0F,0xE0,0x00,0x00,0x03,0xF8,0x1F,0xC0,0x00,0x00,
  0x03,0xF8,0x1F,0xC0,0x00,0x00,0x03,0xFC,0x3F,0xC0,0x00,0x00,0x01,0xFC,0x3F,0x80,0x00,0x00,0x01,0xFE,0x7F,0x80,0x00,0x00,
  0x00,0xFE,0x7F,0x00,0x00,0x00,0x00,0xFF,0xFF,0x00,0x00,0x00,0x00,0x7F,0xFF,0xFF,0xFF,0xFF,0xFF,0xFF,0xFF,0xFF,0xFF,0xFF,
  0xFF,0xFF,0xFF,0xFF,0xFF,0xFF,0xFF,0xFF,0xFF,0xFF,0xFF,0xFF,0xFF,0xFF,0xFF,0xFF,0xFF,0xFF,0xFF,0xFF,0xFF,0xFF,0xFF,0xFF,
  0xFF,0xFF,0xFF,0xFF,0xFF,0xFF,0xFF,0xFF,0xFF,0xFF,0xFF,0xFF,0xFF,0xC0,0xFF,0xFE,0x01,0xFF,0xFE,0x01,0xFF,0xFC,0x01,0xFF,
  0xFC,0x00,0xFF,0xFC,0x00,0xFF,0xF8,0x00,0xFF,0xF8,0x00,0x7F,0xF0,0x00,0x7F,0xF0,0x00,0x7F,0xF0,0x00,0x3F,0xE0,0x00,0x3F,
  0xE0,0x00,0x3F,0xC0,0x00,0x1F,0xC0,0x00,0x1F,0x80,0x00,0x1F,0x00,0x01,0xFF,0xFE,0x00,0x00,0x03,0xFF,0xFF,0xFF,0xC0,0x00,
  0x0F,0xFF,0xFF,0xFF,0xE0,0x00,0x1F,0xFF,0xFF,0xFF,0xE0,0x00,0x3F,0xFF,0xFF,0xFF,0xF0,0x00,0x7F,0xE0,0x1F,0xFF,0xE0,0x00,
  0xFE,0x00,0x0F,0xFF,0xE0,0x01,0xF0,0x00,0x0F,0xFF,0xE0,0x03,0xE0,0x00,0x1F,0xFF,0xC0,0x07,0xC0,0x00,0x3F,0xFF,0x80,0x0F,
  0x00,0x00,0x3F,0xFF,0x00,0x1E,0x00,0x00,0x7F,0xFF,0x00,0x3C,0x00,0x00,0xFF,0xFE,0x00,0x00,0x00,0x01,0xFF,0xFC,0x00,0x00,
  0x00,0x03,0xFF,0xF8,0x00,0x00,0x00,0x07,0xFF,0xF0,0x00,0x00,0x00,0x0F,0xFF,0xE0,0x00,0x00,0x00,0x1F,0xFF,0xC0,0x00,0x00,
  0x00,0x3F,0xFF,0x80,0x00,0x00,0x00,0x7F,0xFF,0x00,0x00,0x1F,0xFF,0xFF,0xFE,0x00,0x07,0xFF,0xFF,0xFF,0xFC,0x00,0x7F,0xFF,
  0xFF,0xFF,0xF8,0x01,0xFF,0xFF,0xFF,0xFF,0xF0,0x07,0xFF,0xFF,0xFF,0xFF,0xE0,0x1F,0xFF,0xE0,0x1F,0xFF,0xC0,0x7F,0xFF,0x00,
  0x3F,0xFF,0x81,0xFF,0xFC,0x00,0x7F,0xFF,0x03,0xFF,0xF0,0x00,0xFF,0xFE,0x0F,0xFF,0xE0,0x01,0xFF,0xFC,0x1F,0xFF,0xC0,0x03,
  0xFF,0xF8,0x3F,0xFF,0x00,0x07,0xFF,0xF0,0x7F,0xFE,0x00,0x0F,0xFF,0xE1,0xFF,0xFC,0x00,0x1F,0xFF,0xC3,0xFF,0xF8,0x00,0x3F,
  0xFF,0x87,0xFF,0xF0,0x00,0x7F,0xFF,0x0F,0xFF,0xE0,0x00,0xFF,0xFE,0x1F,0xFF,0xC0,0x01,0xFF,0xFC,0x3F,0xFF,0x80,0x03,0xFF,
  0xF8,0x3F,0xFF,0x80,0x07,0xFF,0xF0,0x7F,0xFF,0x00,0x0F,0xFF,0xE0,0xFF,0xFE,0x00,0x1F,0xFF,0xC0,0xFF,0xFE,0x00,0x7F,0xFF,
  0x81,0xFF,0xFF,0x0F,0xFF,0xFF,0x03,0xFF,0xFF,0xFF,0xFF,0xFE,0x03,0xFF,0xFF,0xFF,0xFF,0xFF,0xC3,0xFF,0xFF,0xF9,0xFF,0xFF,
  0x83,0xFF,0xFF,0xC3,0xFF,0xFF,0x01,0xFF,0xFE,0x03,0xFF,0xFE,0x00,0x7F,0xE0,0x00,0x00,0x00,0xFF,0xFF,0xF0,0x00,0x00,0x00,
  0x07,0xFF,0xFF,0x80,0x00,0x00,0x00,0x3F,0xFF,0xFC,0x00,0x00,0x00,0x00,0xFF,0xFF,0xE0,0x00,0x00,0x00,0x00,0x7F,0xFF,0x00,
  0x00,0x00,0x00,0x03,0xFF,0xF8,0x00,0x00,0x00,0x00,0x1F,0xFF,0xC0,0x00,0x00,0x00,0x00,0xFF,0xFE,0x00,0x00,0x00,0x00,0x07,
  0xFF,0xF0,0x00,0x00,0x00,0x00,0x3F,0xFF,0x80,0x00,0x00,0x00,0x01,0xFF,0xFC,0x00,0x00,0x00,0x00,0x0F,0xFF,0xE0,0x00,0x00,
  0x00,0x00,0x7F,0xFF,0x00,0x00,0x00,0x00,0x03,0xFF,0xF8,0x00,0x00,0x00,0x00,0x1F,0xFF,0xC0,0x00,0x00,0x00,0x00,0xFF,0xFE,
  0x00,0x00,0x00,0x00,0x07,0xFF,0xF0,0x00,0x00,0x00,0x00,0x3F,0xFF,0x80,0x00,0x00,0x00,0x01,0xFF,0xFC,0x00,0x00,0x00,0x00,
  0x0F,0xFF,0xE0,0x00,0x00,0x00,0x00,0x7F,0xFF,0x00,0x00,0x00,0x00,0x03,0xFF,0xF8,0x00,0x00,0x00,0x00,0x1F,0xFF,0xC0,0x00,
  0x00,0x00,0x00,0xFF,0xFE,0x01,0xFF,0xC0,0x00,0x07,0xFF,0xF0,0xFF,0xFF,0xC0,0x00,0x3F,0xFF,0x9F,0xFF,0xFF,0x80,0x01,0xFF,
  0xFF,0xFF,0xFF,0xFF,0x00,0x0F,0xFF,0xFF,0xFF,0xFF,0xFC,0x00,0x7F,0xFF,0xFF,0xFF,0xFF,0xF0,0x03,0xFF,0xFE,0x00,0x7F,0xFF,
  0xC0,0x1F,0xFF,0xC0,0x01,0xFF,0xFE,0x00,0xFF,0xFE,0x00,0x07,0xFF,0xF8,0x07,0xFF,0xF0,0x00,0x1F,0xFF,0xC0,0x3F,0xFF,0x80,
  0x00,0x7F,0xFF,0x01,0xFF,0xFC,0x00,0x03,0xFF,0xF8,0x0F,0xFF,0xE0,0x00,0x1F,0xFF,0xC0,0x7F,0xFF,0x00,0x00,0x7F,0xFF,0x03,
  0xFF,0xF8,0x00,0x03,0xFF,0xF8,0x1F,0xFF,0xC0,0x00,0x1F,0xFF,0xC0,0xFF,0xFE,0x00,0x00,0xFF,0xFE,0x07,0xFF,0xF0,0x00,0x07,
  0xFF,0xF0,0x3F,0xFF,0x80,0x00,0x3F,0xFF,0x81,0xFF,0xFC,0x00,0x00,0xFF,0xFE,0x0F,0xFF,0xE0,0x00,0x07,0xFF,0xF0,0x7F,0xFF,
  0x00,0x00,0x3F,0xFF,0x83,0xFF,0xF8,0x00,0x01,0xFF,0xFC,0x1F,0xFF,0xC0,0x00,0x0F,0xFF,0xE0,0xFF,0xFE,0x00,0x00,0x7F,0xFF,
  0x07,0xFF,0xF0,0x00,0x03,0xFF,0xF8,0x3F,0xFF,0x80,0x00,0x1F,0xFF,0xC1,0xFF,0xFC,0x00,0x00,0xFF,0xFE,0x0F,0xFF,0xE0,0x00,
  0x07,0xFF,0xE0,0x7F,0xFF,0x00,0x00,0x7F,0xFF,0x03,0xFF,0xF8,0x00,0x03,0xFF,0xF8,0x1F,0xFF,0xC0,0x00,0x1F,0xFF,0xC0,0xFF,
  0xFE,0x00,0x00,0xFF,0xFE,0x07,0xFF,0xF0,0x00,0x07,0xFF,0xF0,0x3F,0xFF,0x80,0x00,0x3F,0xFF,0x01,0xFF,0xFC,0x00,0x01,0xFF,
  0xF8,0x0F,0xFF,0xE0,0x00,0x1F,0xFF,0xC0,0x7F,0xFF,0x00,0x00,0xFF,0xFC,0x03,0xFF,0xF8,0x00,0x07,0xFF,0xE0,0x1F,0xFF,0xC0,
  0x00,0x7F,0xFE,0x00,0xFF,0xFE,0x00,0x03,0xFF,0xE0,0x07,0xFF,0xF0,0x00,0x3F,0xFF,0x00,0x3F,0xFF,0x80,0x03,0xFF,0xF0,0x01,
  0xFF,0xFC,0x00,0x3F,0xFF,0x00,0x0F,0xFF,0xFF,0x0F,0xFF,0xF0,0x00,0x7F,0xFF,0xFF,0xFF,0xFF,0x00,0x03,0xFF,0xFF,0xFF,0xFF,
  0xF0,0x00,0x01,0xFF,0xFF,0xFF,0xFE,0x00,0x00,0x00,0x3F,0xFF,0xFF,0xC0,0x00,0x00,0x00,0x07,0xFF,0xE0,0x00,0x00,0x00,0x00,
  0x7F,0xFE,0x00,0x00,0x03,0xFF,0xFF,0xF8,0x00,0x1F,0xFF,0xFF,0xFE,0x00,0x3F,0xFF,0xFF,0xFE,0x00,0xFF,0xFF,0xFF,0xFE,0x01,
  0xFF,0xFE,0x0F,0xFE,0x03,0xFF,0xF8,0x01,0xFE,0x07,0xFF,0xF0,0x00,0xFE,0x0F,0xFF,0xE0,0x00,0x7E,0x0F,0xFF,0xC0,0x00,0x7E,
  0x1F,0xFF,0x80,0x00,0x7E,0x3F,0xFF,0x80,0x00,0x3E,0x3F,0xFF,0x00,0x00,0x3E,0x3F,0xFF,0x00,0x00,0x3E,0x7F,0xFF,0x00,0x00,
  0x3E,0x7F,0xFE,0x00,0x00,0x1E,0x7F,0xFE,0x00,0x00,0x00,0xFF,0xFE,0x00,0x00,0x00,0xFF,0xFE,0x00,0x00,0x00,0xFF,0xFE,0x00,
  0x00,0x00,0xFF,0xFE,0x00,0x00,0x00,0xFF,0xFE,0x00,0x00,0x00,0xFF,0xFC,0x00,0x00,0x00,0xFF,0xFC,0x00,0x00,0x00,0xFF,0xFC,
  0x00,0x00,0x00,0xFF,0xFC,0x00,0x00,0x00,0xFF,0xFC,0x00,0x00,0x00,0xFF,0xFC,0x00,0x00,0x00,0xFF,0xFE,0x00,0x00,0x00,0xFF,
  0xFE,0x00,0x00,0x00,0xFF,0xFE,0x00,0x00,0x00,0xFF,0xFE,0x00,0x00,0x00,0xFF,0xFE,0x00,0x00,0x00,0xFF,0xFE,0x00,0x00,0x00,
  0x7F,0xFE,0x00,0x00,0x00,0x7F,0xFF,0x00,0x00,0x00,0x7F,0xFF,0x00,0x00,0x00,0x3F,0xFF,0x80,0x00,0x00,0x3F,0xFF,0x80,0x00,
  0x00,0x1F,0xFF,0xC0,0x00,0x00,0x1F,0xFF,0xE0,0x00,0x00,0x0F,0xFF,0xF0,0x00,0x00,0x07,0xFF,0xFC,0x00,0x02,0x07,0xFF,0xFF,
  0x81,0xFF,0x01,0xFF,0xFF,0xFF,0xFF,0x00,0xFF,0xFF,0xFF,0xFF,0x00,0x7F,0xFF,0xFF,0xFE,0x00,0x1F,0xFF,0xFF,0xFC,0x00,0x03,
  0xFF,0xFF,0xE0,0x00,0x00,0x3F,0xFE,0x00,0x00,0x00,0x00,0x0F,0xFF,0xFF,0x00,0x00,0x00,0x00,0x7F,0xFF,0xF8,0x00,0x00,0x00,
  0x03,0xFF,0xFF,0xC0,0x00,0x00,0x00,0x1F,0xFF,0xFE,0x00,0x00,0x00,0x00,0x0F,0xFF,0xF0,0x00,0x00,0x00,0x00,0x3F,0xFF,0x80,
  0x00,0x00,0x00,0x01,0xFF,0xFC,0x00,0x00,0x00,0x00,0x0F,0xFF,0xE0,0x00,0x00,0x00,0x00,0x7F,0xFF,0x00,0x00,0x00,0x00,0x03,
  0xFF,0xF8,0x00,0x00,0x00,0x00,0x1F,0xFF,0xC0,0x00,0x00,0x00,0x00,0xFF,0xFE,0x00,0x00,0x00,0x00,0x07,0xFF,0xF0,0x00,0x00,
  0x00,0x00,0x3F,0xFF,0x80,0x00,0x00,0x00,0x01,0xFF,0xFC,0x00,0x00,0x00,0x00,0x0F,0xFF,0xE0,0x00,0x00,0x00,0x00,0x7F,0xFF,
  0x00,0x00,0x00,0x00,0x03,0xFF,0xF8,0x00,0x00,0x00,0x00,0x1F,0xFF,0xC0,0x00,0x00,0x00,0x00,0xFF,0xFE,0x00,0x00,0x00,0x00,
  0x07,0xFF,0xF0,0x00,0x00,0x00,0x00,0x3F,0xFF,0x80,0x00,0x00,0x00,0x01,0xFF,0xFC,0x00,0x00,0x1F,0xFF,0x0F,0xFF,0xE0,0x00,
  0x07,0xFF,0xFF,0xFF,0xFF,0x00,0x00,0xFF,0xFF,0xFF,0xFF,0xF8,0x00,0x1F,0xFF,0xFF,0xFF,0xFF,0xC0,0x01,0xFF,0xFF,0xFF,0xFF,
  0xFE,0x00,0x1F,0xFF,0xE0,0x7F,0xFF,0xF0,0x01,0xFF,0xFC,0x00,0x3F,0xFF,0x80,0x1F,0xFF,0xC0,0x01,0xFF,0xFC,0x01,0xFF,0xFC,
  0x00,0x0F,0xFF,0xE0,0x0F,0xFF,0xC0,0x00,0x7F,0xFF,0x00,0xFF,0xFE,0x00,0x03,0xFF,0xF8,0x07,0xFF,0xE0,0x00,0x1F,0xFF,0xC0,
  0x7F,0xFF,0x00,0x00,0xFF,0xFE,0x03,0xFF,0xF0,0x00,0x07,0xFF,0xF0,0x1F,0xFF,0x80,0x00,0x3F,0xFF,0x81,0xFF,0xFC,0x00,0x01,
  0xFF,0xFC,0x0F,0xFF,0xE0,0x00,0x0F,0xFF,0xE0,0x7F,0xFF,0x00,0x00,0x7F,0xFF,0x03,0xFF,0xF0,0x00,0x03,0xFF,0xF8,0x3F,0xFF,
  0x80,0x00,0x1F,0xFF,0xC1,0xFF,0xFC,0x00,0x00,0xFF,0xFE,0x0F,0xFF,0xE0,0x00,0x07,0xFF,0xF0,0x7F,0xFF,0x00,0x00,0x3F,0xFF,
  0x83,0xFF,0xF8,0x00,0x01,0xFF,0xFC,0x1F,0xFF,0xC0,0x00,0x0F,0xFF,0xE0,0xFF,0xFE,0x00,0x00,0x7F,0xFF,0x07,0xFF,0xF0,0x00,
  0x03,0xFF,0xF8,0x3F,0xFF,0x80,0x00,0x1F,0xFF,0xC1,0xFF,0xFC,0x00,0x00,0xFF,0xFE,0x0F,0xFF,0xE0,0x00,0x07,0xFF,0xF0,0x7F,
  0xFF,0x00,0x00,0x3F,0xFF,0x81,0xFF,0xFC,0x00,0x01,0xFF,0xFC,0x0F,0xFF,0xE0,0x00,0x0F,0xFF,0xE0,0x7F,0xFF,0x00,0x00,0x7F,
  0xFF,0x03,0xFF,0xF8,0x00,0x03,0xFF,0xF8,0x1F,0xFF,0xC0,0x00,0x1F,0xFF,0xC0,0x7F,0xFE,0x00,0x00,0xFF,0xFE,0x03,0xFF,0xF8,
  0x00,0x07,0xFF,0xF0,0x1F,0xFF,0xC0,0x00,0x3F,0xFF,0x80,0x7F,0xFF,0x00,0x01,0xFF,0xFC,0x03,0xFF,0xF8,0x00,0x0F,0xFF,0xE0,
  0x0F,0xFF,0xE0,0x00,0x7F,0xFF,0x00,0x7F,0xFF,0x80,0x07,0xFF,0xF8,0x01,0xFF,0xFE,0x01,0xFF,0xFF,0xC0,0x07,0xFF,0xFF,0xFF,
  0xFF,0xFE,0x00,0x1F,0xFF,0xFF,0xFF,0xFF,0xFF,0x00,0x7F,0xFF,0xFF,0xFF,0xFF,0xFC,0x00,0xFF,0xFF,0xF8,0xFF,0xFF,0xE0,0x01,
  0xFF,0xFF,0x07,0xFF,0xFF,0x00,0x01,0xFF,0xC0,0x00,0x00,0x00,0x00,0x01,0xFF,0xE0,0x00,0x00,0x0F,0xFF,0xFC,0x00,0x00,0x7F,
  0xFF,0xFF,0x00,0x00,0xFF,0xFF,0xFF,0x80,0x01,0xFF,0xFF,0xFF,0xE0,0x03,0xFF,0xE3,0xFF,0xE0,0x07,0xFF,0x81,0xFF,0xF0,0x0F,
  0xFF,0x80,0xFF,0xF8,0x1F,0xFF,0x00,0x7F,0xF8,0x1F,0xFF,0x00,0x7F,0xFC,0x3F,0xFE,0x00,0x7F,0xFC,0x3F,0xFE,0x00,0x7F,0xFC,
  0x7F,0xFE,0x00,0x7F,0xFE,0x7F,0xFE,0x00,0x7F,0xFE,0x7F,0xFE,0x00,0x7F,0xFE,0xFF,0xFE,0x00,0x7F,0xFE,0xFF,0xFE,0x00,0x7F,
  0xFE,0xFF,0xFE,0x00,0x7F,0xFE,0xFF,0xFE,0x00,0x7F,0xFE,0xFF,0xFE,0x00,0x7F,0xFE,0xFF,0xFF,0xFF,0xFF,0xFF,0xFF,0xFF,0xFF,
  0xFF,0xFF,0xFF,0xFF,0xFF,0xFF,0xFF,0xFF,0xFF,0xFF,0xFF,0xFF,0xFF,0xFF,0xFF,0xFF,0xFF,0xFF,0xFE,0x00,0x00,0x00,0xFF,0xFE,
  0x00,0x00,0x00,0xFF,0xFE,0x00,0x00,0x00,0xFF,0xFE,0x00,0x00,0x00,0xFF,0xFE,0x00,0x00,0x00,0xFF,0xFE,0x00,0x00,0x00,0xFF,
  0xFE,0x00,0x00,0x00,0xFF,0xFE,0x00,0x00,0x00,0xFF,0xFE,0x00,0x00,0x00,0x7F,0xFE,0x00,0x00,0x00,0x7F,0xFE,0x00,0x00,0x00,
  0x7F,0xFF,0x00,0x00,0x00,0x7F,0xFF,0x00,0x00,0x00,0x3F,0xFF,0x00,0x00,0x00,0x3F,0xFF,0x80,0x00,0x00,0x1F,0xFF,0xC0,0x00,
  0x00,0x1F,0xFF,0xE0,0x00,0x00,0x0F,0xFF,0xF8,0x00,0x04,0x07,0xFF,0xFF,0x83,0xFC,0x03,0xFF,0xFF,0xFF,0xFC,0x01,0xFF,0xFF,
  0xFF,0xFC,0x00,0xFF,0xFF,0xFF,0xFC,0x00,0x3F,0xFF,0xFF,0xF0,0x00,0x0F,0xFF,0xFF,0x80,0x00,0x00,0xFF,0xF8,0x00,0x00,0x00,
  0x07,0xFF,0x80,0x00,0x0F,0xFF,0xFC,0x00,0x07,0xFF,0xFF,0x80,0x01,0xFF,0xFF,0xF0,0x00,0x7F,0xFF,0xFE,0x00,0x1F,0xFF,0xFF,
  0xC0,0x07,0xFF,0xE1,0xF8,0x01,0xFF,0xF8,0x1F,0x00,0x7F,0xFE,0x03,0xE0,0x0F,0xFF,0xC0,0x3C,0x03,0xFF,0xF0,0x07,0x80,0x7F,
  0xFE,0x00,0xF0,0x0F,0xFF,0xC0,0x00,0x01,0xFF,0xF8,0x00,0x00,0x7F,0xFF,0x00,0x00,0x0F,0xFF,0xE0,0x00,0x01,0xFF,0xFC,0x00,
  0x00,0x3F,0xFF,0x80,0x00,0x07,0xFF,0xF0,0x00,0x00,0xFF,0xFE,0x00,0x00,0x1F,0xFF,0xC0,0x00,0x03,0xFF,0xF8,0x00,0x00,0x7F,
  0xFF,0x00,0x00,0x0F,0xFF,0xE0,0x00,0x01,0xFF,0xFC,0x00,0x01,0xFF,0xFF,0xFF,0xC1,0xFF,0xFF,0xFF,0xF8,0x7F,0xFF,0xFF,0xFF,
  0x0F,0xFF,0xFF,0xFF,0xE1,0xFF,0xFF,0xFF,0xFC,0x00,0x7F,0xFF,0x00,0x00,0x0F,0xFF,0xE0,0x00,0x01,0xFF,0xFC,0x00,0x00,0x3F,
  0xFF,0x80,0x00,0x07,0xFF,0xF0,0x00,0x00,0xFF,0xFE,0x00,0x00,0x1F,0xFF,0xC0,0x00,0x03,0xFF,0xF8,0x00,0x00,0x7F,0xFF,0x00,
  0x00,0x0F,0xFF,0xE0,0x00,0x01,0xFF,0xFC,0x00,0x00,0x3F,0xFF,0x80,0x00,0x07,0xFF,0xF0,0x00,0x00,0xFF,0xFE,0x00,0x00,0x1F,
  0xFF,0xC0,0x00,0x03,0xFF,0xF8,0x00,0x00,0x7F,0xFF,0x00,0x00,0x0F,0xFF,0xE0,0x00,0x01,0xFF,0xFC,0x00,0x00,0x3F,0xFF,0x80,
  0x00,0x07,0xFF,0xF0,0x00,0x00,0xFF,0xFE,0x00,0x00,0x1F,0xFF,0xC0,0x00,0x03,0xFF,0xF8,0x00,0x00,0x7F,0xFF,0x00,0x00,0x0F,
  0xFF,0xE0,0x00,0x01,0xFF,0xFC,0x00,0x00,0x3F,0xFF,0x80,0x00,0x07,0xFF,0xF0,0x00,0x00,0xFF,0xFE,0x00,0x00,0x1F,0xFF,0xC0,
  0x00,0x03,0xFF,0xF8,0x00,0x00,0x7F,0xFF,0x00,0x00,0x0F,0xFF,0xE0,0x00,0x01,0xFF,0xFC,0x00,0x00,0x3F,0xFF,0x80,0x00,0x07,
  0xFF,0xF0,0x00,0x00,0xFF,0xFE,0x00,0x00,0x3F,0xFF,0xE0,0x00,0x7F,0xFF,0xFF,0xF0,0x0F,0xFF,0xFF,0xFE,0x01,0xFF,0xFF,0xFF,
  0xC0,0x3F,0xFF,0xFF,0xF8,0x00,0x00,0x00,0x00,0x00,0x00,0x18,0x00,0x00,0x00,0x00,0x00,0xFC,0x00,0x00,0x00,0x00,0x03,0xFC,
  0x00,0x00,0x00,0x00,0x0F,0xF8,0x00,0x00,0xFF,0xF8,0x3F,0xF0,0x00,0x0F,0xFF,0xFF,0xFF,0xF0,0x00,0x7F,0xFF,0xFF,0xFF,0xE0,
  0x00,0xFF,0xFF,0xFF,0xFF,0xC0,0x03,0xFF,0xFF,0xFF,0xFF,0xC0,0x07,0xFF,0xF0,0xFF,0xFF,0x80,0x0F,0xFF,0xC0,0x3F,0xFF,0x80,
  0x1F,0xFF,0x80,0x1F,0xFF,0x80,0x1F,0xFF,0x80,0x0F,0xFF,0xC0,0x3F,0xFF,0x00,0x0F,0xFF,0xC0,0x3F,0xFF,0x00,0x0F,0xFF,0xE0,
  0x3F,0xFF,0x00,0x07,0xFF,0xE0,0x7F,0xFF,0x00,0x07,0xFF,0xE0,0x7F,0xFF,0x00,0x07,0xFF,0xE0,0x7F,0xFF,0x00,0x07,0xFF,0xF0,
  0x7F,0xFE,0x00,0x07,0xFF,0xF0,0x7F,0xFE,0x00,0x07,0xFF,0xF0,0x7F,0xFF,0x00,0x07,0xFF,0xF0,0x7F,0xFF,0x00,0x07,0xFF,0xF0,
  0x7F,0xFF,0x00,0x07,0xFF,0xE0,0x7F,0xFF,0x00,0x07,0xFF,0xE0,0x3F,0xFF,0x00,0x07,0xFF,0xE0,0x3F,0xFF,0x00,0x0F,0xFF,0xE0,
  0x3F,0xFF,0x00,0x0F,0xFF,0xC0,0x1F,0xFF,0x80,0x0F,0xFF,0xC0,0x1F,0xFF,0x80,0x1F,0xFF,0x80,0x0F,0xFF,0xC0,0x3F,0xFF,0x00,
  0x07,0xFF,0xF0,0xFF,0xFE,0x00,0x03,0xFF,0xFF,0xFF,0xFC,0x00,0x01,0xFF,0xFF,0xFF,0xF8,0x00,0x00,0x7F,0xFF,0xFF,0xE0,0x00,
  0x00,0x3F,0xFF,0xFF,0x80,0x00,0x00,0x7F,0xFF,0xF8,0x00,0x00,0x00,0xFC,0x00,0x00,0x00,0x00,0x01,0xFC,0x00,0x00,0x00,0x00,
  0x03,0xFC,0x00,0x00,0x00,0x00,0x07,0xF8,0x00,0x00,0x00,0x00,0x07,0xFC,0x00,0x00,0x00,0x00,0x0F,0xFC,0x00,0x00,0x00,0x00,
  0x1F,0xFE,0x00,0x00,0x00,0x00,0x3F,0xFF,0x80,0x00,0x00,0x00,0x3F,0xFF,0xFF,0xFF,0xF8,0x00,0x3F,0xFF,0xFF,0xFF,0xFF,0x00,
  0x3F,0xFF,0xFF,0xFF,0xFF,0xC0,0x3F,0xFF,0xFF,0xFF,0xFF,0xF0,0x1F,0xFF,0xFF,0xFF,0xFF,0xF8,0x1F,0xFF,0xFF,0xFF,0xFF,0xFC,
  0x0F,0xFF,0xFF,0xFF,0xFF,0xFC,0x0F,0xFF,0xFF,0xFF,0xFF,0xFE,0x07,0xFF,0xFF,0xFF,0xFF,0xFE,0x01,0xFF,0xFF,0xFF,0xFF,0xFF,
  0x00,0xFF,0xFF,0xFF,0xFF,0xFF,0x01,0xFF,0xFF,0xFF,0xFF,0xFF,0x03,0xFC,0x00,0x00,0x7F,0xFF,0x0F,0xF8,0x00,0x00,0x1F,0xFF,
  0x1F,0xF0,0x00,0x00,0x0F,0xFF,0x3F,0xE0,0x00,0x00,0x07,0xFF,0x7F,0xC0,0x00,0x00,0x07,0xFF,0xFF,0xC0,0x00,0x00,0x07,0xFE,
  0xFF,0xC0,0x00,0x00,0x07,0xFE,0xFF,0xC0,0x00,0x00,0x0F,0xFE,0xFF,0xC0,0x00,0x00,0x0F,0xFC,0xFF,0xC0,0x00,0x00,0x1F,0xFC,
  0xFF,0xE0,0x00,0x00,0x3F,0xF8,0xFF,0xF0,0x00,0x00,0xFF,0xF0,0x7F,0xFE,0x00,0x07,0xFF,0xE0,0x3F,0xFF,0xFF,0xFF,0xFF,0xC0,
  0x1F,0xFF,0xFF,0xFF,0xFF,0x80,0x0F,0xFF,0xFF,0xFF,0xFE,0x00,0x03,0xFF,0xFF,0xFF,0xF8,0x00,0x00,0x7F,0xFF,0xFF,0xC0,0x00,
  0x00,0x07,0xFF,0xFC,0x00,0x00,0xFF,0xFF,0xE0,0x00,0x00,0x00,0x07,0xFF,0xFF,0x00,0x00,0x00,0x00,0x3F,0xFF,0xF8,0x00,0x00,
  0x00,0x01,0xFF,0xFF,0xC0,0x00,0x00,0x00,0x00,0xFF,0xFE,0x00,0x00,0x00,0x00,0x07,0xFF,0xF0,0x00,0x00,0x00,0x00,0x3F,0xFF,
  0x80,0x00,0x00,0x00,0x01,0xFF,0xFC,0x00,0x00,0x00,0x00,0x0F,0xFF,0xE0,0x00,0x00,0x00,0x00,0x7F,0xFF,0x00,0x00,0x00,0x00,
  0x03,0xFF,0xF8,0x00,0x00,0x00,0x00,0x1F,0xFF,0xC0,0x00,0x00,0x00,0x00,0xFF,0xFE,0x00,0x00,0x00,0x00,0x07,0xFF,0xF0,0x00,
  0x00,0x00,0x00,0x3F,0xFF,0x80,0x00,0x00,0x00,0x01,0xFF,0xFC,0x00,0x00,0x00,0x00,0x0F,0xFF,0xE0,0x00,0x00,0x00,0x00,0x7F,
  0xFF,0x00,0x00,0x00,0x00,0x03,0xFF,0xF8,0x00,0x00,0x00,0x00,0x1F,0xFF,0xC0,0x00,0x00,0x00,0x00,0xFF,0xFE,0x00,0x00,0x00,
  0x00,0x07,0xFF,0xF0,0x00,0x00,0x00,0x00,0x3F,0xFF,0x80,0x00,0x00,0x00,0x01,0xFF,0xFC,0x00,0x3F,0xE0,0x00,0x0F,0xFF,0xE0,
  0x1F,0xFF,0xC0,0x00,0x7F,0xFF,0x03,0xFF,0xFF,0x80,0x03,0xFF,0xF8,0x7F,0xFF,0xFE,0x00,0x1F,0xFF,0xCF,0xFF,0xFF,0xF8,0x00,
  0xFF,0xFF,0xFF,0xFF,0xFF,0xE0,0x07,0xFF,0xFF,0xFF,0xFF,0xFF,0x00,0x3F,0xFF,0xF8,0x1F,0xFF,0xFC,0x01,0xFF,0xFE,0x00,0x3F,
  0xFF,0xE0,0x0F,0xFF,0xE0,0x00,0xFF,0xFF,0x00,0x7F,0xFF,0x00,0x03,0xFF,0xF8,0x03,0xFF,0xF8,0x00,0x1F,0xFF,0xC0,0x1F,0xFF,
  0xC0,0x00,0xFF,0xFE,0x00,0xFF,0xFE,0x00,0x03,0xFF,0xF8,0x07,0xFF,0xF0,0x00,0x1F,0xFF,0xC0,0x3F,0xFF,0x80,0x00,0xFF,0xFE,
  0x01,0xFF,0xFC,0x00,0x07,0xFF,0xF0,0x0F,0xFF,0xE0,0x00,0x3F,0xFF,0x80,0x7F,0xFF,0x00,0x01,0xFF,0xFC,0x03,0xFF,0xF8,0x00,
  0x0F,0xFF,0xE0,0x1F,0xFF,0xC0,0x00,0x7F,0xFF,0x00,0xFF,0xFE,0x00,0x03,0xFF,0xF8,0x07,0xFF,0xF0,0x00,0x1F,0xFF,0xC0,0x3F,
  0xFF,0x80,0x00,0xFF,0xFE,0x01,0xFF,0xFC,0x00,0x07,0xFF,0xF0,0x0F,0xFF,0xE0,0x00,0x3F,0xFF,0x80,0x7F,0xFF,0x00,0x01,0xFF,
  0xFC,0x03,0xFF,0xF8,0x00,0x0F,0xFF,0xE0,0x1F,0xFF,0xC0,0x00,0x7F,0xFF,0x00,0xFF,0xFE,0x00,0x03,0xFF,0xF8,0x07,0xFF,0xF0,
  0x00,0x1F,0xFF,0xC0,0x3F,0xFF,0x80,0x00,0xFF,0xFE,0x01,0xFF,0xFC,0x00,0x07,0xFF,0xF0,0x0F,0xFF,0xE0,0x00,0x3F,0xFF,0x80,
  0x7F,0xFF,0x00,0x01,0xFF,0xFC,0x03,0xFF,0xF8,0x00,0x0F,0xFF,0xE0,0x1F,0xFF,0xC0,0x00,0x7F,0xFF,0x00,0xFF,0xFE,0x00,0x03,
  0xFF,0xF8,0x07,0xFF,0xF0,0x00,0x1F,0xFF,0xC0,0x3F,0xFF,0x80,0x00,0xFF,0xFE,0x01,0xFF,0xFC,0x00,0x07,0xFF,0xF0,0x0F,0xFF,
  0xE0,0x00,0x3F,0xFF,0x80,0x7F,0xFF,0x00,0x01,0xFF,0xFC,0x03,0xFF,0xF8,0x00,0x0F,0xFF,0xE0,0x1F,0xFF,0xE0,0x00,0xFF,0xFF,
  0x0F,0xFF,0xFF,0xE0,0x3F,0xFF,0xFF,0xFF,0xFF,0xFF,0x83,0xFF,0xFF,0xFF,0xFF,0xFF,0xFC,0x1F,0xFF,0xFF,0xFF,0xFF,0xFF,0xE0,
  0xFF,0xFF,0xFF,0x00,0x1C,0x00,0x00,0x3F,0xC0,0x00,0x7F,0xF0,0x00,0x7F,0xFC,0x00,0x3F,0xFF,0x00,0x3F,0xFF,0x80,0x1F,0xFF,
  0xC0,0x0F,0xFF,0xF0,0x07,0xFF,0xF8,0x03,0xFF,0xF8,0x01,0xFF,0xFC,0x00,0x7F,0xFE,0x00,0x3F,0xFE,0x00,0x0F,0xFF,0x00,0x03,
  0xFE,0x00,0x00,0x7E,0x00,0x00,0x00,0x00,0x00,0x00,0x00,0x00,0x00,0x00,0x00,0x00,0x00,0x00,0x00,0x00,0x00,0x00,0x00,0x00,
  0x00,0x00,0x00,0x00,0x00,0x00,0x00,0x00,0x00,0x3F,0xFF,0xF8,0x1F,0xFF,0xFC,0x0F,0xFF,0xFE,0x07,0xFF,0xFF,0x00,0x3F,0xFF,
  0x80,0x1F,0xFF,0xC0,0x0F,0xFF,0xE0,0x07,0xFF,0xF0,0x03,0xFF,0xF8,0x01,0xFF,0xFC,0x00,0xFF,0xFE,0x00,0x7F,0xFF,0x00,0x3F,
  0xFF,0x80,0x1F,0xFF,0xC0,0x0F,0xFF,0xE0,0x07,0xFF,0xF0,0x03,0xFF,0xF8,0x01,0xFF,0xFC,0x00,0xFF,0xFE,0x00,0x7F,0xFF,0x00,
  0x3F,0xFF,0x80,0x1F,0xFF,0xC0,0x0F,0xFF,0xE0,0x07,0xFF,0xF0,0x03,0xFF,0xF8,0x01,0xFF,0xFC,0x00,0xFF,0xFE,0x00,0x7F,0xFF,
  0x00,0x3F,0xFF,0x80,0x1F,0xFF,0xC0,0x0F,0xFF,0xE0,0x07,0xFF,0xF0,0x03,0xFF,0xF8,0x01,0xFF,0xFC,0x00,0xFF,0xFE,0x00,0x7F,
  0xFF,0x00,0x3F,0xFF,0x80,0x1F,0xFF,0xC0,0x0F,0xFF,0xE0,0x07,0xFF,0xF0,0x03,0xFF,0xF8,0x01,0xFF,0xFC,0x00,0xFF,0xFE,0x00,
  0x7F,0xFF,0x83,0xFF,0xFF,0xFF,0xFF,0xFF,0xFF,0xFF,0xFF,0xFF,0xFF,0xFF,0xFF,0x80,0x00,0x00,0x0E,0x00,0x00,0x03,0xFC,0x00,
  0x00,0x3F,0xF8,0x00,0x03,0xFF,0xE0,0x00,0x3F,0xFF,0x00,0x01,0xFF,0xFC,0x00,0x0F,0xFF,0xE0,0x00,0xFF,0xFF,0x00,0x07,0xFF,
  0xF8,0x00,0x1F,0xFF,0xC0,0x00,0xFF,0xFE,0x00,0x07,0xFF,0xE0,0x00,0x1F,0xFF,0x00,0x00,0x7F,0xF0,0x00,0x01,0xFF,0x00,0x00,
  0x07,0xE0,0x00,0x00,0x00,0x00,0x00,0x00,0x00,0x00,0x00,0x00,0x00,0x00,0x00,0x00,0x00,0x00,0x00,0x00,0x00,0x00,0x00,0x00,
  0x00,0x00,0x00,0x00,0x00,0x00,0x00,0x00,0x00,0x00,0x00,0x1F,0xFF,0xFF,0xC0,0xFF,0xFF,0xFE,0x07,0xFF,0xFF,0xF0,0x3F,0xFF,
  0xFF,0x80,0x0F,0xFF,0xFC,0x00,0x0F,0xFF,0xE0,0x00,0x7F,0xFF,0x00,0x03,0xFF,0xF8,0x00,0x1F,0xFF,0xC0,0x00,0xFF,0xFE,0x00,
  0x07,0xFF,0xF0,0x00,0x3F,0xFF,0x80,0x01,0xFF,0xFC,0x00,0x0F,0xFF,0xE0,0x00,0x7F,0xFF,0x00,0x03,0xFF,0xF8,0x00,0x1F,0xFF,
  0xC0,0x00,0xFF,0xFE,0x00,0x07,0xFF,0xF0,0x00,0x3F,0xFF,0x80,0x01,0xFF,0xFC,0x00,0x0F,0xFF,0xE0,0x00,0x7F,0xFF,0x00,0x03,
  0xFF,0xF8,0x00,0x1F,0xFF,0xC0,0x00,0xFF,0xFE,0x00,0x07,0xFF,0xF0,0x00,0x3F,0xFF,0x80,0x01,0xFF,0xFC,0x00,0x0F,0xFF,0xE0,
  0x00,0x7F,0xFF,0x00,0x03,0xFF,0xF8,0x00,0x1F,0xFF,0xC0,0x00,0xFF,0xFE,0x00,0x07,0xFF,0xF0,0x00,0x3F,0xFF,0x80,0x01,0xFF,
  0xFC,0x00,0x0F,0xFF,0xE0,0x00,0x7F,0xFF,0x00,0x03,0xFF,0xF8,0x00,0x1F,0xFF,0xC0,0x00,0xFF,0xFE,0x00,0x07,0xFF,0xF0,0x00,
  0x3F,0xFF,0x80,0x01,0xFF,0xFC,0x00,0x0F,0xFF,0xE0,0x00,0x7F,0xFF,0x00,0x03,0xFF,0xF8,0x00,0x1F,0xFF,0xC0,0x00,0xFF,0xFE,
  0x00,0x07,0xFF,0xF0,0x00,0x3F,0xFF,0x80,0x01,0xFF,0xFC,0x00,0x0F,0xFF,0xE0,0x00,0x7F,0xFE,0x00,0x03,0xFF,0xF0,0x00,0x1F,
  0xFF,0x80,0x01,0xFF,0xFD,0xE0,0x0F,0xFF,0xCF,0x00,0x7F,0xFE,0x7C,0x03,0xFF,0xF3,0xE0,0x3F,0xFF,0x1F,0x03,0xFF,0xF0,0xFC,
  0x3F,0xFF,0x87,0xFF,0xFF,0xF8,0x3F,0xFF,0xFF,0x81,0xFF,0xFF,0xF0,0x0F,0xFF,0xFF,0x00,0x7F,0xFF,0xE0,0x00,0xFF,0xF8,0x00,
  0x00,0xFF,0xFF,0xE0,0x00,0x00,0x00,0x01,0xFF,0xFF,0xC0,0x00,0x00,0x00,0x03,0xFF,0xFF,0x80,0x00,0x00,0x00,0x07,0xFF,0xFF,
  0x00,0x00,0x00,0x00,0x00,0xFF,0xFE,0x00,0x00,0x00,0x00,0x01,0xFF,0xFC,0x00,0x00,0x00,0x00,0x03,0xFF,0xF8,0x00,0x00,0x00,
  0x00,0x07,0xFF,0xF0,0x00,0x00,0x00,0x00,0x0F,0xFF,0xE0,0x00,0x00,0x00,0x00,0x1F,0xFF,0xC0,0x00,0x00,0x00,0x00,0x3F,0xFF,
  0x80,0x00,0x00,0x00,0x00,0x7F,0xFF,0x00,0x00,0x00,0x00,0x00,0xFF,0xFE,0x00,0x00,0x00,0x00,0x01,0xFF,0xFC,0x00,0x00,0x00,
  0x00,0x03,0xFF,0xF8,0x00,0x00,0x00,0x00,0x07,0xFF,0xF0,0x00,0x00,0x00,0x00,0x0F,0xFF,0xE0,0x00,0x00,0x00,0x00,0x1F,0xFF,
  0xC0,0x00,0x00,0x00,0x00,0x3F,0xFF,0x80,0x00,0x00,0x00,0x00,0x7F,0xFF,0x00,0x00,0x00,0x00,0x00,0xFF,0xFE,0x00,0x00,0x00,
  0x00,0x01,0xFF,0xFC,0x00,0x00,0x00,0x00,0x03,0xFF,0xF8,0x00,0x00,0x00,0x00,0x07,0xFF,0xF0,0x00,0x00,0x00,0x00,0x0F,0xFF,
  0xE0,0x00,0x7F,0xFF,0xE0,0x1F,0xFF,0xC0,0x00,0xFF,0xFF,0xC0,0x3F,0xFF,0x80,0x01,0xFF,0xFF,0x80,0x7F,0xFF,0x00,0x03,0xFF,
  0xFE,0x00,0xFF,0xFE,0x00,0x00,0x7F,0xC0,0x01,0xFF,0xFC,0x00,0x00,0xFE,0x00,0x03,0xFF,0xF8,0x00,0x03,0xFC,0x00,0x07,0xFF,
  0xF0,0x00,0x0F,0xF0,0x00,0x0F,0xFF,0xE0,0x00,0x3F,0xC0,0x00,0x1F,0xFF,0xC0,0x00,0xFF,0x00,0x00,0x3F,0xFF,0x80,0x03,0xFC,
  0x00,0x00,0x7F,0xFF,0x00,0x0F,0xF0,0x00,0x00,0xFF,0xFE,0x00,0x3F,0xC0,0x00,0x01,0xFF,0xFC,0x00,0x7F,0x00,0x00,0x03,0xFF,
  0xF8,0x01,0xFC,0x00,0x00,0x07,0xFF,0xF0,0x07,0xF0,0x00,0x00,0x0F,0xFF,0xE0,0x1F,0xC0,0x00,0x00,0x1F,0xFF,0xC0,0x7F,0xC0,
  0x00,0x00,0x3F,0xFF,0x81,0xFF,0x80,0x00,0x00,0x7F,0xFF,0x07,0xFF,0x80,0x00,0x00,0xFF,0xFE,0x1F,0xFF,0x80,0x00,0x01,0xFF,
  0xFC,0x7F,0xFF,0x00,0x00,0x03,0xFF,0xF9,0xFF,0xFF,0x00,0x00,0x07,0xFF,0xF7,0xFF,0xFE,0x00,0x00,0x0F,0xFF,0xFF,0xFF,0xFE,
  0x00,0x00,0x1F,0xFF,0xFF,0xFF,0xFE,0x00,0x00,0x3F,0xFF,0xFF,0xFF,0xFC,0x00,0x00,0x7F,0xFF,0xFB,0xFF,0xFC,0x00,0x00,0xFF,
  0xFF,0xC3,0xFF,0xF8,0x00,0x01,0xFF,0xFF,0x03,0xFF,0xF8,0x00,0x03,0xFF,0xFC,0x07,0xFF,0xF8,0x00,0x07,0xFF,0xF0,0x07,0xFF,
  0xF0,0x00,0x0F,0xFF,0xE0,0x0F,0xFF,0xF0,0x00,0x1F,0xFF,0xC0,0x0F,0xFF,0xE0,0x00,0x3F,0xFF,0x80,0x1F,0xFF,0xE0,0x00,0x7F,
  0xFF,0x00,0x1F,0xFF,0xE0,0x00,0xFF,0xFE,0x00,0x1F,0xFF,0xC0,0x01,0xFF,0xFC,0x00,0x3F,0xFF,0xC0,0x03,0xFF,0xF8,0x00,0x3F,
  0xFF,0x80,0x07,0xFF,0xF0,0x00,0x7F,0xFF,0x80,0x0F,0xFF,0xE0,0x00,0x7F,0xFF,0x80,0x1F,0xFF,0xC0,0x00,0xFF,0xFF,0x00,0x3F,
  0xFF,0x80,0x00,0xFF,0xFF,0x00,0x7F,0xFF,0x80,0x01,0xFF,0xFF,0x0F,0xFF,0xFF,0xE0,0x0F,0xFF,0xFF,0xDF,0xFF,0xFF,0xE0,0x1F,
  0xFF,0xFF,0xFF,0xFF,0xFF,0xC0,0x3F,0xFF,0xFF,0xFF,0xFF,0xFF,0x80,0x7F,0xFF,0xFF,0xFF,0xFF,0xF0,0x7F,0xFF,0xF8,0x3F,0xFF,
  0xFC,0x0F,0xFF,0xFE,0x00,0x7F,0xFF,0x00,0x3F,0xFF,0x80,0x1F,0xFF,0xC0,0x0F,0xFF,0xE0,0x07,0xFF,0xF0,0x03,0xFF,0xF8,0x01,
  0xFF,0xFC,0x00,0xFF,0xFE,0x00,0x7F,0xFF,0x00,0x3F,0xFF,0x80,0x1F,0xFF,0xC0,0x0F,0xFF,0xE0,0x07,0xFF,0xF0,0x03,0xFF,0xF8,
  0x01,0xFF,0xFC,0x00,0xFF,0xFE,0x00,0x7F,0xFF,0x00,0x3F,0xFF,0x80,0x1F,0xFF,0xC0,0x0F,0xFF,0xE0,0x07,0xFF,0xF0,0x03,0xFF,
  0xF8,0x01,0xFF,0xFC,0x00,0xFF,0xFE,0x00,0x7F,0xFF,0x00,0x3F,0xFF,0x80,0x1F,0xFF,0xC0,0x0F,0xFF,0xE0,0x07,0xFF,0xF0,0x03,
  0xFF,0xF8,0x01,0xFF,0xFC,0x00,0xFF,0xFE,0x00,0x7F,0xFF,0x00,0x3F,0xFF,0x80,0x1F,0xFF,0xC0,0x0F,0xFF,0xE0,0x07,0xFF,0xF0,
  0x03,0xFF,0xF8,0x01,0xFF,0xFC,0x00,0xFF,0xFE,0x00,0x7F,0xFF,0x00,0x3F,0xFF,0x80,0x1F,0xFF,0xC0,0x0F,0xFF,0xE0,0x07,0xFF,
  0xF0,0x03,0xFF,0xF8,0x01,0xFF,0xFC,0x00,0xFF,0xFE,0x00,0x7F,0xFF,0x00,0x3F,0xFF,0x80,0x1F,0xFF,0xC0,0x0F,0xFF,0xE0,0x07,
  0xFF,0xF0,0x03,0xFF,0xF8,0x01,0xFF,0xFC,0x00,0xFF,0xFE,0x00,0x7F,0xFF,0x00,0x3F,0xFF,0x80,0x1F,0xFF,0xC0,0x0F,0xFF,0xE0,
  0x07,0xFF,0xF0,0x03,0xFF,0xF8,0x01,0xFF,0xFC,0x00,0xFF,0xFF,0x0F,0xFF,0xFF,0xFF,0xFF,0xFF,0xFF,0xFF,0xFF,0xFF,0xFF,0xFF,
  0xFF,0x00,0x00,0x00,0x01,0xFF,0x00,0x00,0x0F,0xF8,0x00,0x3F,0xFF,0xF0,0x07,0xFF,0xF0,0x00,0x3F,0xFF,0x80,0x0F,0xFF,0xFE,
  0x07,0xFF,0xFF,0x00,0x3F,0xFF,0xF8,0x03,0xFF,0xFF,0x87,0xFF,0xFF,0xE0,0x7F,0xFF,0xFF,0x00,0xFF,0xFF,0xE7,0xFF,0xFF,0xFC,
  0x7F,0xFF,0xFF,0xE0,0x03,0xFF,0xFF,0xFF,0xFF,0xFF,0x3F,0xFF,0xFF,0xF8,0x00,0xFF,0xFF,0xFF,0xFF,0xFF,0xFF,0xFF,0xFF,0xFF,
  0x00,0x3F,0xFF,0xFC,0x1F,0xFF,0xFF,0xC0,0xFF,0xFF,0xC0,0x0F,0xFF,0xF8,0x01,0xFF,0xFF,0x80,0x0F,0xFF,0xF0,0x03,0xFF,0xF8,
  0x00,0x3F,0xFF,0xC0,0x01,0xFF,0xFE,0x00,0xFF,0xFE,0x00,0x0F,0xFF,0xF0,0x00,0x7F,0xFF,0x80,0x3F,0xFF,0x80,0x01,0xFF,0xFC,
  0x00,0x0F,0xFF,0xE0,0x0F,0xFF,0xE0,0x00,0x7F,0xFF,0x00,0x03,0xFF,0xF8,0x03,0xFF,0xF8,0x00,0x1F,0xFF,0xC0,0x00,0xFF,0xFE,
  0x00,0xFF,0xFE,0x00,0x07,0xFF,0xF0,0x00,0x3F,0xFF,0x80,0x3F,0xFF,0x80,0x01,0xFF,0xFC,0x00,0x0F,0xFF,0xE0,0x0F,0xFF,0xE0,
  0x00,0x7F,0xFF,0x00,0x03,0xFF,0xF8,0x03,0xFF,0xF8,0x00,0x1F,0xFF,0xC0,0x00,0xFF,0xFE,0x00,0xFF,0xFE,0x00,0x07,0xFF,0xF0,
  0x00,0x3F,0xFF,0x80,0x3F,0xFF,0x80,0x01,0xFF,0xFC,0x00,0x0F,0xFF,0xE0,0x0F,0xFF,0xE0,0x00,0x7F,0xFF,0x00,0x03,0xFF,0xF8,
  0x03,0xFF,0xF8,0x00,0x1F,0xFF,0xC0,0x00,0xFF,0xFE,0x00,0xFF,0xFE,0x00,0x07,0xFF,0xF0,0x00,0x3F,0xFF,0x80,0x3F,0xFF,0x80,
  0x01,0xFF,0xFC,0x00,0x0F,0xFF,0xE0,0x0F,0xFF,0xE0,0x00,0x7F,0xFF,0x00,0x03,0xFF,0xF8,0x03,0xFF,0xF8,0x00,0x1F,0xFF,0xC0,
  0x00,0xFF,0xFE,0x00,0xFF,0xFE,0x00,0x07,0xFF,0xF0,0x00,0x3F,0xFF,0x80,0x3F,0xFF,0x80,0x01,0xFF,0xFC,0x00,0x0F,0xFF,0xE0,
  0x0F,0xFF,0xE0,0x00,0x7F,0xFF,0x00,0x03,0xFF,0xF8,0x03,0xFF,0xF8,0x00,0x1F,0xFF,0xC0,0x00,0xFF,0xFE,0x00,0xFF,0xFE,0x00,
  0x07,0xFF,0xF0,0x00,0x3F,0xFF,0x80,0x3F,0xFF,0x80,0x01,0xFF,0xFC,0x00,0x0F,0xFF,0xE0,0x0F,0xFF,0xE0,0x00,0x7F,0xFF,0x00,
  0x03,0xFF,0xF8,0x03,0xFF,0xF8,0x00,0x1F,0xFF,0xC0,0x00,0xFF,0xFE,0x00,0xFF,0xFE,0x00,0x07,0xFF,0xF0,0x00,0x3F,0xFF,0x80,
  0x3F,0xFF,0x80,0x01,0xFF,0xFC,0x00,0x0F,0xFF,0xE0,0x0F,0xFF,0xE0,0x00,0x7F,0xFF,0x00,0x03,0xFF,0xF8,0x03,0xFF,0xF8,0x00,
  0x1F,0xFF,0xC0,0x00,0xFF,0xFE,0x00,0xFF,0xFE,0x00,0x07,0xFF,0xF0,0x00,0x3F,0xFF,0x80,0x3F,0xFF,0x80,0x01,0xFF,0xFC,0x00,
  0x0F,0xFF,0xE0,0x0F,0xFF,0xE0,0x00,0x7F,0xFF,0x00,0x03,0xFF,0xF8,0x03,0xFF,0xF8,0x00,0x1F,0xFF,0xC0,0x00,0xFF,0xFE,0x00,
  0xFF,0xFE,0x00,0x07,0xFF,0xF0,0x00,0x3F,0xFF,0x80,0x3F,0xFF,0x80,0x01,0xFF,0xFC,0x00,0x0F,0xFF,0xE0,0x0F,0xFF,0xF0,0x00,
  0x7F,0xFF,0x80,0x03,0xFF,0xFC,0x3F,0xFF,0xFF,0x80,0xFF,0xFF,0xFE,0x07,0xFF,0xFF,0xEF,0xFF,0xFF,0xF0,0x7F,0xFF,0xFF,0x83,
  0xFF,0xFF,0xFF,0xFF,0xFF,0xFC,0x1F,0xFF,0xFF,0xE0,0xFF,0xFF,0xFF,0xFF,0xFF,0xFF,0x07,0xFF,0xFF,0xF8,0x3F,0xFF,0xFF,0xC0,
  0x00,0x00,0x00,0x01,0xFF,0x00,0x07,0xFF,0xFE,0x00,0xFF,0xFE,0x00,0x3F,0xFF,0xF8,0x1F,0xFF,0xFC,0x01,0xFF,0xFF,0xC3,0xFF,
  0xFF,0xF0,0x0F,0xFF,0xFE,0x7F,0xFF,0xFF,0xC0,0x07,0xFF,0xFF,0xFF,0xFF,0xFF,0x00,0x3F,0xFF,0xFF,0xFF,0xFF,0xF8,0x01,0xFF,
  0xFF,0xC0,0xFF,0xFF,0xE0,0x0F,0xFF,0xF0,0x01,0xFF,0xFF,0x00,0x7F,0xFF,0x00,0x07,0xFF,0xF8,0x03,0xFF,0xF8,0x00,0x1F,0xFF,
  0xC0,0x1F,0xFF,0xC0,0x00,0xFF,0xFE,0x00,0xFF,0xFE,0x00,0x07,0xFF,0xF0,0x07,0xFF,0xF0,0x00,0x1F,0xFF,0xC0,0x3F,0xFF,0x80,
  0x00,0xFF,0xFE,0x01,0xFF,0xFC,0x00,0x07,0xFF,0xF0,0x0F,0xFF,0xE0,0x00,0x3F,0xFF,0x80,0x7F,0xFF,0x00,0x01,0xFF,0xFC,0x03,
  0xFF,0xF8,0x00,0x0F,0xFF,0xE0,0x1F,0xFF,0xC0,0x00,0x7F,0xFF,0x00,0xFF,0xFE,0x00,0x03,0xFF,0xF8,0x07,0xFF,0xF0,0x00,0x1F,
  0xFF,0xC0,0x3F,0xFF,0x80,0x00,0xFF,0xFE,0x01,0xFF,0xFC,0x00,0x07,0xFF,0xF0,0x0F,0xFF,0xE0,0x00,0x3F,0xFF,0x80,0x7F,0xFF,
  0x00,0x01,0xFF,0xFC,0x03,0xFF,0xF8,0x00,0x0F,0xFF,0xE0,0x1F,0xFF,0xC0,0x00,0x7F,0xFF,0x00,0xFF,0xFE,0x00,0x03,0xFF,0xF8,
  0x07,0xFF,0xF0,0x00,0x1F,0xFF,0xC0,0x3F,0xFF,0x80,0x00,0xFF,0xFE,0x01,0xFF,0xFC,0x00,0x07,0xFF,0xF0,0x0F,0xFF,0xE0,0x00,
  0x3F,0xFF,0x80,0x7F,0xFF,0x00,0x01,0xFF,0xFC,0x03,0xFF,0xF8,0x00,0x0F,0xFF,0xE0,0x1F,0xFF,0xC0,0x00,0x7F,0xFF,0x00,0xFF,
  0xFE,0x00,0x03,0xFF,0xF8,0x07,0xFF,0xF0,0x00,0x1F,0xFF,0xC0,0x3F,0xFF,0x80,0x00,0xFF,0xFE,0x01,0xFF,0xFC,0x00,0x07,0xFF,
  0xF0,0x0F,0xFF,0xE0,0x00,0x3F,0xFF,0x80,0x7F,0xFF,0x00,0x01,0xFF,0xFC,0x03,0xFF,0xF8,0x00,0x0F,0xFF,0xE0,0x1F,0xFF,0xC0,
  0x00,0x7F,0xFF,0x00,0xFF,0xFF,0x00,0x07,0xFF,0xF8,0x7F,0xFF,0xFF,0x01,0xFF,0xFF,0xFF,0xFF,0xFF,0xFC,0x1F,0xFF,0xFF,0xFF,
  0xFF,0xFF,0xE0,0xFF,0xFF,0xFF,0xFF,0xFF,0xFF,0x07,0xFF,0xFF,0xF8,0x00,0x00,0xFF,0xF0,0x00,0x00,0x00,0xFF,0xFF,0xF0,0x00,
  0x00,0x3F,0xFF,0xFF,0xC0,0x00,0x0F,0xFF,0xFF,0xFF,0x00,0x01,0xFF,0xFF,0xFF,0xF8,0x00,0x3F,0xFF,0x0F,0xFF,0xC0,0x07,0xFF,
  0xC0,0x7F,0xFE,0x00,0xFF,0xF8,0x03,0xFF,0xF0,0x0F,0xFF,0x80,0x1F,0xFF,0x01,0xFF,0xF0,0x01,0xFF,0xF8,0x1F,0xFF,0x00,0x0F,
  0xFF,0x83,0xFF,0xF0,0x00,0xFF,0xFC,0x3F,0xFF,0x00,0x0F,0xFF,0xC7,0xFF,0xE0,0x00,0xFF,0xFE,0x7F,0xFE,0x00,0x07,0xFF,0xE7,
  0xFF,0xE0,0x00,0x7F,0xFE,0x7F,0xFE,0x00,0x07,0xFF,0xEF,0xFF,0xE0,0x00,0x7F,0xFF,0xFF,0xFE,0x00,0x07,0xFF,0xFF,0xFF,0xE0,
  0x00,0x7F,0xFF,0xFF,0xFE,0x00,0x07,0xFF,0xFF,0xFF,0xE0,0x00,0x7F,0xFF,0xFF,0xFE,0x00,0x07,0xFF,0xFF,0xFF,0xE0,0x00,0x7F,
  0xFF,0xFF,0xFE,0x00,0x07,0xFF,0xFF,0xFF,0xE0,0x00,0x7F,0xFF,0xFF,0xFE,0x00,0x07,0xFF,0xFF,0xFF,0xE0,0x00,0x7F,0xFF,0xFF,
  0xFE,0x00,0x07,0xFF,0xFF,0xFF,0xE0,0x00,0x7F,0xFF,0xFF,0xFE,0x00,0x07,0xFF,0xFF,0xFF,0xE0,0x00,0x7F,0xFF,0xFF,0xFE,0x00,
  0x07,0xFF,0xF7,0xFF,0xE0,0x00,0x7F,0xFE,0x7F,0xFE,0x00,0x07,0xFF,0xE7,0xFF,0xE0,0x00,0x7F,0xFE,0x7F,0xFF,0x00,0x0F,0xFF,
  0xE3,0xFF,0xF0,0x00,0xFF,0xFC,0x3F,0xFF,0x00,0x0F,0xFF,0xC1,0xFF,0xF0,0x00,0xFF,0xF8,0x1F,0xFF,0x00,0x1F,0xFF,0x80,0xFF,
  0xF8,0x01,0xFF,0xF0,0x0F,0xFF,0x80,0x3F,0xFF,0x00,0x7F,0xFC,0x07,0xFF,0xE0,0x03,0xFF,0xF0,0xFF,0xFC,0x00,0x1F,0xFF,0xFF,
  0xFF,0x80,0x00,0xFF,0xFF,0xFF,0xF0,0x00,0x03,0xFF,0xFF,0xFC,0x00,0x00,0x0F,0xFF,0xFF,0x00,0x00,0x00,0x0F,0xFF,0x00,0x00,
  0x00,0x00,0x00,0x0F,0xFE,0x00,0x07,0xFF,0xFF,0x87,0xFF,0xFE,0x00,0x3F,0xFF,0xFC,0xFF,0xFF,0xFC,0x01,0xFF,0xFF,0xFF,0xFF,
  0xFF,0xF0,0x07,0xFF,0xFF,0xFF,0xFF,0xFF,0xE0,0x03,0xFF,0xFF,0xFF,0xFF,0xFF,0x80,0x1F,0xFF,0xF8,0x03,0xFF,0xFC,0x00,0xFF,
  0xFF,0x00,0x0F,0xFF,0xF0,0x07,0xFF,0xF0,0x00,0x3F,0xFF,0xC0,0x3F,0xFF,0x80,0x00,0xFF,0xFE,0x01,0xFF,0xFC,0x00,0x03,0xFF,
  0xF8,0x0F,0xFF,0xE0,0x00,0x1F,0xFF,0xC0,0x7F,0xFF,0x00,0x00,0xFF,0xFE,0x03,0xFF,0xF8,0x00,0x03,0xFF,0xF8,0x1F,0xFF,0xC0,
  0x00,0x1F,0xFF,0xC0,0xFF,0xFE,0x00,0x00,0xFF,0xFE,0x07,0xFF,0xF0,0x00,0x07,0xFF,0xF0,0x3F,0xFF,0x80,0x00,0x3F,0xFF,0x81,
  0xFF,0xFC,0x00,0x01,0xFF,0xFC,0x0F,0xFF,0xE0,0x00,0x0F,0xFF,0xE0,0x7F,0xFF,0x00,0x00,0x3F,0xFF,0x83,0xFF,0xF8,0x00,0x01,
  0xFF,0xFC,0x1F,0xFF,0xC0,0x00,0x0F,0xFF,0xE0,0xFF,0xFE,0x00,0x00,0x7F,0xFF,0x07,0xFF,0xF0,0x00,0x03,0xFF,0xF8,0x3F,0xFF,
  0x80,0x00,0x1F,0xFF,0xC1,0xFF,0xFC,0x00,0x00,0xFF,0xFE,0x0F,0xFF,0xE0,0x00,0x07,0xFF,0xF0,0x7F,0xFF,0x00,0x00,0x3F,0xFF,
  0x03,0xFF,0xF8,0x00,0x01,0xFF,0xF8,0x1F,0xFF,0xC0,0x00,0x1F,0xFF,0xC0,0xFF,0xFE,0x00,0x00,0xFF,0xFE,0x07,0xFF,0xF0,0x00,
  0x07,0xFF,0xF0,0x3F,0xFF,0x80,0x00,0x3F,0xFF,0x81,0xFF,0xFC,0x00,0x01,0xFF,0xF8,0x0F,0xFF,0xE0,0x00,0x0F,0xFF,0xC0,0x7F,
  0xFF,0x00,0x00,0xFF,0xFE,0x03,0xFF,0xF8,0x00,0x07,0xFF,0xF0,0x1F,0xFF,0xC0,0x00,0x3F,0xFF,0x00,0xFF,0xFE,0x00,0x03,0xFF,
  0xF8,0x07,0xFF,0xF0,0x00,0x1F,0xFF,0x80,0x3F,0xFF,0x80,0x01,0xFF,0xF8,0x01,0xFF,0xFC,0x00,0x0F,0xFF,0xC0,0x0F,0xFF,0xF0,
  0x01,0xFF,0xFC,0x00,0x7F,0xFF,0xFE,0x7F,0xFF,0xC0,0x03,0xFF,0xFF,0xFF,0xFF,0xFC,0x00,0x1F,0xFF,0xFF,0xFF,0xFF,0xC0,0x00,
  0xFF,0xFF,0xFF,0xFF,0xF8,0x00,0x07,0xFF,0xFF,0xFF,0xFF,0x00,0x00,0x3F,0xFF,0x87,0xFF,0x80,0x00,0x01,0xFF,0xFC,0x00,0x00,
  0x00,0x00,0x0F,0xFF,0xE0,0x00,0x00,0x00,0x00,0x7F,0xFF,0x00,0x00,0x00,0x00,0x03,0xFF,0xF8,0x00,0x00,0x00,0x00,0x1F,0xFF,
  0xC0,0x00,0x00,0x00,0x00,0xFF,0xFE,0x00,0x00,0x00,0x00,0x07,0xFF,0xF0,0x00,0x00,0x00,0x00,0x3F,0xFF,0x80,0x00,0x00,0x00,
  0x01,0xFF,0xFC,0x00,0x00,0x00,0x00,0x0F,0xFF,0xE0,0x00,0x00,0x00,0x00,0x7F,0xFF,0x00,0x00,0x00,0x00,0x03,0xFF,0xF8,0x00,
  0x00,0x00,0x00,0x1F,0xFF,0xC0,0x00,0x00,0x00,0x00,0xFF,0xFE,0x00,0x00,0x00,0x00,0x07,0xFF,0xF0,0x00,0x00,0x00,0x00,0x3F,
  0xFF,0x80,0x00,0x00,0x00,0x01,0xFF,0xFE,0x00,0x00,0x00,0x00,0xFF,0xFF,0xFF,0xC0,0x00,0x00,0x0F,0xFF,0xFF,0xFE,0x00,0x00,
  0x00,0x7F,0xFF,0xFF,0xF0,0x00,0x00,0x03,0xFF,0xFF,0xFF,0x80,0x00,0x00,0x00,0x00,0x00,0x00,0x00,0x00,0x7F,0x00,0x00,0x03,
  0xFF,0xF0,0x0F,0xF8,0x00,0x01,0xFF,0xFF,0xFF,0xFF,0xC0,0x00,0x3F,0xFF,0xFF,0xFF,0xFE,0x00,0x07,0xFF,0xFF,0xFF,0xFF,0xF0,
  0x00,0x7F,0xFF,0xFF,0xFF,0xFF,0x80,0x07,0xFF,0xFC,0x1F,0xFF,0xFC,0x00,0x7F,0xFF,0x00,0x0F,0xFF,0xE0,0x07,0xFF,0xF0,0x00,
  0x7F,0xFF,0x00,0x7F,0xFF,0x00,0x03,0xFF,0xF8,0x03,0xFF,0xF0,0x00,0x1F,0xFF,0xC0,0x3F,0xFF,0x80,0x00,0xFF,0xFE,0x01,0xFF,
  0xF8,0x00,0x07,0xFF,0xF0,0x1F,0xFF,0xC0,0x00,0x3F,0xFF,0x80,0xFF,0xFE,0x00,0x01,0xFF,0xFC,0x07,0xFF,0xE0,0x00,0x0F,0xFF,
  0xE0,0x7F,0xFF,0x00,0x00,0x7F,0xFF,0x03,0xFF,0xF8,0x00,0x03,0xFF,0xF8,0x1F,0xFF,0xC0,0x00,0x1F,0xFF,0xC0,0xFF,0xFE,0x00,
  0x00,0xFF,0xFE,0x07,0xFF,0xF0,0x00,0x07,0xFF,0xF0,0x7F,0xFF,0x00,0x00,0x3F,0xFF,0x83,0xFF,0xF8,0x00,0x01,0xFF,0xFC,0x1F,
  0xFF,0xC0,0x00,0x0F,0xFF,0xE0,0xFF,0xFE,0x00,0x00,0x7F,0xFF,0x07,0xFF,0xF0,0x00,0x03,0xFF,0xF8,0x3F,0xFF,0x80,0x00,0x1F,
  0xFF,0xC1,0xFF,0xFC,0x00,0x00,0xFF,0xFE,0x0F,0xFF,0xE0,0x00,0x07,0xFF,0xF0,0x7F,0xFF,0x00,0x00,0x3F,0xFF,0x83,0xFF,0xF8,
  0x00,0x01,0xFF,0xFC,0x1F,0xFF,0xC0,0x00,0x0F,0xFF,0xE0,0x7F,0xFE,0x00,0x00,0x7F,0xFF,0x03,0xFF,0xF8,0x00,0x03,0xFF,0xF8,
  0x1F,0xFF,0xC0,0x00,0x1F,0xFF,0xC0,0xFF,0xFE,0x00,0x00,0xFF,0xFE,0x07,0xFF,0xF0,0x00,0x07,0xFF,0xF0,0x1F,0xFF,0x80,0x00,
  0x3F,0xFF,0x80,0xFF,0xFE,0x00,0x01,0xFF,0xFC,0x07,0xFF,0xF0,0x00,0x0F,0xFF,0xE0,0x1F,0xFF,0x80,0x00,0x7F,0xFF,0x00,0xFF,
  0xFE,0x00,0x03,0xFF,0xF8,0x03,0xFF,0xF8,0x00,0x1F,0xFF,0xC0,0x1F,0xFF,0xE0,0x00,0xFF,0xFE,0x00,0x7F,0xFF,0x80,0x3F,0xFF,
  0xF0,0x01,0xFF,0xFF,0xFF,0xFF,0xFF,0x80,0x07,0xFF,0xFF,0xFF,0xFF,0xFC,0x00,0x1F,0xFF,0xFF,0xFF,0xFF,0xE0,0x00,0x3F,0xFF,
  0xFE,0x7F,0xFF,0x00,0x00,0x7F,0xFF,0xC3,0xFF,0xF8,0x00,0x00,0x7F,0xF0,0x1F,0xFF,0xC0,0x00,0x00,0x00,0x00,0xFF,0xFE,0x00,
  0x00,0x00,0x00,0x07,0xFF,0xF0,0x00,0x00,0x00,0x00,0x3F,0xFF,0x80,0x00,0x00,0x00,0x01,0xFF,0xFC,0x00,0x00,0x00,0x00,0x0F,
  0xFF,0xE0,0x00,0x00,0x00,0x00,0x7F,0xFF,0x00,0x00,0x00,0x00,0x03,0xFF,0xF8,0x00,0x00,0x00,0x00,0x1F,0xFF,0xC0,0x00,0x00,
  0x00,0x00,0xFF,0xFE,0x00,0x00,0x00,0x00,0x07,0xFF,0xF0,0x00,0x00,0x00,0x00,0x3F,0xFF,0x80,0x00,0x00,0x00,0x01,0xFF,0xFC,
  0x00,0x00,0x00,0x00,0x0F,0xFF,0xE0,0x00,0x00,0x00,0x00,0x7F,0xFF,0x00,0x00,0x00,0x00,0x03,0xFF,0xF8,0x00,0x00,0x00,0x00,
  0x1F,0xFF,0xC0,0x00,0x00,0x00,0x01,0xFF,0xFE,0x00,0x00,0x00,0x03,0xFF,0xFF,0xFF,0x00,0x00,0x00,0x1F,0xFF,0xFF,0xFC,0x00,
  0x00,0x00,0xFF,0xFF,0xFF,0xE0,0x00,0x00,0x07,0xFF,0xFF,0xFF,0x00,0x00,0x00,0x00,0x1F,0xFF,0xFF,0xF8,0x00,0x7F,0xFF,0xFF,
  0xFC,0x00,0xFF,0xFF,0xFF,0xFE,0x00,0xFF,0xFF,0xFF,0xFF,0x00,0xFF,0xF8,0x3F,0xFF,0x81,0xFF,0xFC,0x0F,0xFF,0xC1,0xFF,0xFE,
  0x07,0xFF,0xE1,0xFF,0xFF,0x03,0xFF,0xF1,0xFF,0xFF,0x81,0xFF,0xF9,0xFF,0xFF,0xC0,0xFF,0xFD,0xFF,0xFF,0xE0,0x7F,0xFF,0xFF,
  0xC3,0xF0,0x3F,0xFF,0xFF,0x00,0xF8,0x1F,0xFF,0xFC,0x00,0x7C,0x0F,0xFF,0xF8,0x00,0x1E,0x07,0xFF,0xF0,0x00,0x0F,0x03,0xFF,
  0xF8,0x00,0x03,0x81,0xFF,0xFC,0x00,0x00,0x00,0xFF,0xFE,0x00,0x00,0x00,0x7F,0xFF,0x00,0x00,0x00,0x3F,0xFF,0x80,0x00,0x00,
  0x1F,0xFF,0xC0,0x00,0x00,0x0F,0xFF,0xE0,0x00,0x00,0x07,0xFF,0xF0,0x00,0x00,0x03,0xFF,0xF8,0x00,0x00,0x01,0xFF,0xFC,0x00,
  0x00,0x00,0xFF,0xFE,0x00,0x00,0x00,0x7F,0xFF,0x00,0x00,0x00,0x3F,0xFF,0x80,0x00,0x00,0x1F,0xFF,0xC0,0x00,0x00,0x0F,0xFF,
  0xE0,0x00,0x00,0x07,0xFF,0xF0,0x00,0x00,0x03,0xFF,0xF8,0x00,0x00,0x01,0xFF,0xFC,0x00,0x00,0x00,0xFF,0xFE,0x00,0x00,0x00,
  0x7F,0xFF,0x00,0x00,0x00,0x3F,0xFF,0x80,0x00,0x00,0x1F,0xFF,0xC0,0x00,0x00,0x0F,0xFF,0xE0,0x00,0x00,0x07,0xFF,0xF0,0x00,
  0x00,0x03,0xFF,0xF8,0x00,0x00,0x01,0xFF,0xFC,0x00,0x00,0x00,0xFF,0xFE,0x00,0x00,0x00,0x7F,0xFF,0x00,0x00,0x00,0x7F,0xFF,
  0xC0,0x00,0x07,0xFF,0xFF,0xFF,0x80,0x03,0xFF,0xFF,0xFF,0xC0,0x01,0xFF,0xFF,0xFF,0xE0,0x00,0xFF,0xFF,0xFF,0xF0,0x00,0x00,
  0x00,0x0F,0xFF,0x80,0x00,0x0F,0xFF,0xFF,0xC0,0x07,0xFF,0xFF,0xFC,0x03,0xFF,0xFF,0xFF,0x80,0xFF,0xFF,0xFF,0xF0,0x3F,0xF0,
  0x0F,0xFE,0x0F,0xFC,0x00,0x3F,0xC1,0xFF,0x00,0x01,0xF8,0x7F,0xE0,0x00,0x1F,0x0F,0xF8,0x00,0x03,0xE1,0xFF,0x00,0x00,0x7C,
  0x7F,0xE0,0x00,0x0F,0x8F,0xFE,0x00,0x00,0xF1,0xFF,0xC0,0x00,0x1C,0x3F,0xFC,0x00,0x00,0x07,0xFF,0xE0,0x00,0x00,0xFF,0xFF,
  0x00,0x00,0x1F,0xFF,0xF8,0x00,0x01,0xFF,0xFF,0xE0,0x00,0x3F,0xFF,0xFF,0x80,0x07,0xFF,0xFF,0xFE,0x00,0x7F,0xFF,0xFF,0xE0,
  0x0F,0xFF,0xFF,0xFF,0x00,0xFF,0xFF,0xFF,0xF0,0x0F,0xFF,0xFF,0xFF,0x00,0xFF,0xFF,0xFF,0xF0,0x0F,0xFF,0xFF,0xFE,0x00,0xFF,
  0xFF,0xFF,0xE0,0x07,0xFF,0xFF,0xFC,0x00,0x3F,0xFF,0xFF,0x80,0x00,0xFF,0xFF,0xF8,0x00,0x03,0xFF,0xFF,0x00,0x00,0x0F,0xFF,
  0xE0,0x00,0x00,0x7F,0xFF,0x80,0x00,0x07,0xFF,0xF8,0x00,0x00,0x7F,0xFF,0x00,0x00,0x0F,0xFF,0xF0,0x00,0x00,0xFF,0xFE,0x00,
  0x00,0x1F,0xF7,0xC0,0x00,0x03,0xFE,0xF8,0x00,0x00,0xFF,0xDF,0x80,0x00,0x1F,0xF3,0xF8,0x00,0x07,0xFE,0x7F,0xC0,0x01,0xFF,
  0x8F,0xFF,0x00,0x7F,0xF1,0xFF,0xFF,0xFF,0xFC,0x3F,0xFF,0xFF,0xFE,0x03,0xFF,0xFF,0xFF,0x80,0x0F,0xFF,0xFF,0xC0,0x00,0x0F,
  0xFF,0x80,0x00,0x00,0x07,0xF8,0x00,0x00,0x0F,0xF8,0x00,0x00,0x0F,0xF8,0x00,0x00,0x1F,0xF8,0x00,0x00,0x3F,0xF8,0x00,0x00,
  0x3F,0xF8,0x00,0x00,0x7F,0xF8,0x00,0x00,0x7F,0xF8,0x00,0x00,0xFF,0xF8,0x00,0x00,0xFF,0xF8,0x00,0x01,0xFF,0xF8,0x00,0x07,
  0xFF,0xFF,0xFE,0x7F,0xFF,0xFF,0xFE,0xFF,0xFF,0xFF,0xFE,0xFF,0xFF,0xFF,0xFE,0xFF,0xFF,0xFF,0xFE,0x03,0xFF,0xF8,0x00,0x03,
  0xFF,0xF8,0x00,0x03,0xFF,0xF8,0x00,0x03,0xFF,0xF8,0x00,0x03,0xFF,0xF8,0x00,0x03,0xFF,0xF8,0x00,0x03,0xFF,0xF8,0x00,0x03,
  0xFF,0xF8,0x00,0x03,0xFF,0xF8,0x00,0x03,0xFF,0xF8,0x00,0x03,0xFF,0xF8,0x00,0x03,0xFF,0xF8,0x00,0x03,0xFF,0xF8,0x00,0x03,
  0xFF,0xF8,0x00,0x03,0xFF,0xF8,0x00,0x03,0xFF,0xF8,0x00,0x03,0xFF,0xF8,0x00,0x03,0xFF,0xF8,0x00,0x03,0xFF,0xF8,0x00,0x03,
  0xFF,0xF8,0x00,0x03,0xFF,0xF8,0x00,0x03,0xFF,0xF8,0x00,0x03,0xFF,0xF8,0x00,0x03,0xFF,0xF8,0x00,0x03,0xFF,0xF8,0x00,0x03,
  0xFF,0xF8,0x00,0x03,0xFF,0xF8,0x00,0x03,0xFF,0xF8,0x00,0x03,0xFF,0xF8,0x00,0x03,0xFF,0xF8,0x00,0x03,0xFF,0xF8,0x00,0x03,
  0xFF,0xF8,0x00,0x03,0xFF,0xF8,0x00,0x03,0xFF,0xF8,0x00,0x03,0xFF,0xF8,0x00,0x03,0xFF,0xFC,0x00,0x01,0xFF,0xFE,0x00,0x01,
  0xFF,0xFF,0x8F,0x00,0xFF,0xFF,0xFF,0x00,0xFF,0xFF,0xFF,0x00,0x7F,0xFF,0xFF,0x00,0x3F,0xFF,0xFF,0x00,0x0F,0xFF,0xF8,0x00,
  0x01,0xFF,0x80,0xFF,0xFF,0xE0,0x07,0xFF,0xFF,0x07,0xFF,0xFF,0x00,0x3F,0xFF,0xF8,0x3F,0xFF,0xF8,0x01,0xFF,0xFF,0xC1,0xFF,
  0xFF,0xC0,0x07,0xFF,0xFE,0x00,0xFF,0xFE,0x00,0x07,0xFF,0xF0,0x07,0xFF,0xF0,0x00,0x1F,0xFF,0x80,0x3F,0xFF,0x80,0x00,0xFF,
  0xFC,0x01,0xFF,0xFC,0x00,0x07,0xFF,0xE0,0x0F,0xFF,0xE0,0x00,0x3F,0xFF,0x00,0x7F,0xFF,0x00,0x01,0xFF,0xF8,0x03,0xFF,0xF8,
  0x00,0x0F,0xFF,0xC0,0x1F,0xFF,0xC0,0x00,0x7F,0xFE,0x00,0xFF,0xFE,0x00,0x03,0xFF,0xF0,0x07,0xFF,0xF0,0x00,0x1F,0xFF,0x80,
  0x3F,0xFF,0x80,0x00,0xFF,0xFC,0x01,0xFF,0xFC,0x00,0x07,0xFF,0xE0,0x0F,0xFF,0xE0,0x00,0x3F,0xFF,0x00,0x7F,0xFF,0x00,0x01,
  0xFF,0xF8,0x03,0xFF,0xF8,0x00,0x0F,0xFF,0xC0,0x1F,0xFF,0xC0,0x00,0x7F,0xFE,0x00,0xFF,0xFE,0x00,0x03,0xFF,0xF0,0x07,0xFF,
  0xF0,0x00,0x1F,0xFF,0x80,0x3F,0xFF,0x80,0x00,0xFF,0xFC,0x01,0xFF,0xFC,0x00,0x07,0xFF,0xE0,0x0F,0xFF,0xE0,0x00,0x3F,0xFF,
  0x00,0x7F,0xFF,0x00,0x01,0xFF,0xF8,0x03,0xFF,0xF8,0x00,0x0F,0xFF,0xC0,0x1F,0xFF,0xC0,0x00,0x7F,0xFE,0x00,0xFF,0xFE,0x00,
  0x03,0xFF,0xF0,0x07,0xFF,0xF0,0x00,0x1F,0xFF,0x80,0x3F,0xFF,0x80,0x00,0xFF,0xFC,0x01,0xFF,0xFC,0x00,0x07,0xFF,0xE0,0x0F,
  0xFF,0xE0,0x00,0x3F,0xFF,0x00,0x7F,0xFF,0x00,0x01,0xFF,0xF8,0x03,0xFF,0xF8,0x00,0x0F,0xFF,0xC0,0x1F,0xFF,0xC0,0x00,0x7F,
  0xFE,0x00,0xFF,0xFF,0x00,0x03,0xFF,0xF0,0x07,0xFF,0xF8,0x00,0x1F,0xFF,0x80,0x1F,0xFF,0xC0,0x00,0xFF,0xFC,0x00,0xFF,0xFF,
  0x00,0x07,0xFF,0xE0,0x07,0xFF,0xFC,0x00,0x7F,0xFF,0x00,0x3F,0xFF,0xF8,0x1F,0xFF,0xF8,0x00,0xFF,0xFF,0xFF,0xFF,0xFF,0xC0,
  0x07,0xFF,0xFF,0xFF,0xFF,0xFF,0x00,0x1F,0xFF,0xFF,0xF3,0xFF,0xFF,0x80,0x7F,0xFF,0xFE,0x1F,0xFF,0xFC,0x01,0xFF,0xFF,0xC0,
  0xFF,0xFF,0xE0,0x07,0xFF,0xF0,0x07,0xFF,0xFF,0x00,0x07,0xFC,0x00,0x00,0x00,0x00,0xFF,0xFF,0xFF,0x00,0x0F,0xFF,0xFF,0xFF,
  0xFF,0xF0,0x00,0xFF,0xFF,0xFF,0xFF,0xFF,0x00,0x0F,0xFF,0xFF,0xFF,0xFF,0xF0,0x00,0x7F,0xFF,0x1F,0xFF,0xF0,0x00,0x00,0x7F,
  0x80,0xFF,0xFE,0x00,0x00,0x03,0xF0,0x0F,0xFF,0xF0,0x00,0x00,0x7F,0x00,0x7F,0xFF,0x00,0x00,0x07,0xE0,0x07,0xFF,0xF8,0x00,
  0x00,0xFE,0x00,0x7F,0xFF,0x80,0x00,0x0F,0xC0,0x03,0xFF,0xF8,0x00,0x00,0xFC,0x00,0x3F,0xFF,0xC0,0x00,0x1F,0xC0,0x01,0xFF,
  0xFC,0x00,0x01,0xF8,0x00,0x1F,0xFF,0xE0,0x00,0x3F,0x80,0x00,0xFF,0xFE,0x00,0x03,0xF0,0x00,0x0F,0xFF,0xF0,0x00,0x3F,0x00,
  0x00,0x7F,0xFF,0x00,0x07,0xE0,0x00,0x07,0xFF,0xF8,0x00,0x7E,0x00,0x00,0x3F,0xFF,0x80,0x0F,0xE0,0x00,0x03,0xFF,0xF8,0x00,
  0xFC,0x00,0x00,0x3F,0xFF,0xC0,0x0F,0xC0,0x00,0x01,0xFF,0xFC,0x01,0xF8,0x00,0x00,0x1F,0xFF,0xE0,0x1F,0x80,0x00,0x00,0xFF,
  0xFE,0x03,0xF0,0x00,0x00,0x0F,0xFF,0xF0,0x3F,0x00,0x00,0x00,0x7F,0xFF,0x03,0xF0,0x00,0x00,0x07,0xFF,0xF8,0x7E,0x00,0x00,
  0x00,0x3F,0xFF,0x87,0xE0,0x00,0x00,0x03,0xFF,0xF8,0xFC,0x00,0x00,0x00,0x3F,0xFF,0xCF,0xC0,0x00,0x00,0x01,0xFF,0xFC,0xF8,
  0x00,0x00,0x00,0x1F,0xFF,0xFF,0x80,0x00,0x00,0x00,0xFF,0xFF,0xF8,0x00,0x00,0x00,0x0F,0xFF,0xFF,0x00,0x00,0x00,0x00,0x7F,
  0xFF,0xF0,0x00,0x00,0x00,0x07,0xFF,0xFE,0x00,0x00,0x00,0x00,0x3F,0xFF,0xE0,0x00,0x00,0x00,0x03,0xFF,0xFC,0x00,0x00,0x00,
  0x00,0x1F,0xFF,0xC0,0x00,0x00,0x00,0x01,0xFF,0xFC,0x00,0x00,0x00,0x00,0x1F,0xFF,0x80,0x00,0x00,0x00,0x00,0xFF,0xF8,0x00,
  0x00,0x00,0x00,0x0F,0xFF,0x00,0x00,0x00,0x00,0x00,0x7F,0xF0,0x00,0x00,0x00,0x00,0x07,0xFE,0x00,0x00,0x00,0x00,0x00,0x3F,
  0xE0,0x00,0x00,0x00,0x00,0x03,0xFE,0x00,0x00,0x00,0x00,0x00,0x1F,0xC0,0x00,0x00,0x00,0x00,0x01,0xFC,0x00,0x00,0x00,0xFF,
  0xFF,0xFF,0x00,0x00,0x00,0x00,0x1F,0xFF,0xFF,0xFF,0xFF,0xE0,0x00,0x00,0x00,0x03,0xFF,0xFF,0xFF,0xFF,0xFC,0x00,0x00,0x00,
  0x00,0x7F,0xFF,0xBF,0xFF,0xFF,0x80,0x00,0x00,0x00,0x0F,0xFF,0xE1,0xFF,0xFE,0x00,0x00,0x00,0x00,0x00,0x0F,0xE0,0x1F,0xFF,
  0xC0,0x00,0x03,0xF0,0x00,0x01,0xFC,0x01,0xFF,0xF8,0x00,0x00,0x7E,0x00,0x00,0x3F,0x00,0x3F,0xFF,0x00,0x00,0x1F,0xC0,0x00,
  0x07,0xE0,0x07,0xFF,0xF0,0x00,0x03,0xFC,0x00,0x01,0xF8,0x00,0x7F,0xFE,0x00,0x00,0x7F,0x80,0x00,0x3F,0x00,0x0F,0xFF,0xC0,
  0x00,0x1F,0xF8,0x00,0x07,0xE0,0x01,0xFF,0xFC,0x00,0x03,0xFF,0x00,0x01,0xF8,0x00,0x1F,0xFF,0x80,0x00,0xFF,0xE0,0x00,0x3F,
  0x00,0x03,0xFF,0xF8,0x00,0x1F,0xFE,0x00,0x07,0xE0,0x00,0x3F,0xFF,0x00,0x03,0xFF,0xC0,0x01,0xF8,0x00,0x07,0xFF,0xE0,0x00,
  0xFF,0xFC,0x00,0x3F,0x00,0x00,0xFF,0xFE,0x00,0x1F,0xFF,0x80,0x07,0xE0,0x00,0x0F,0xFF,0xC0,0x07,0xFF,0xF8,0x01,0xF8,0x00,
  0x01,0xFF,0xF8,0x00,0xFF,0xFF,0x00,0x3F,0x00,0x00,0x3F,0xFF,0x80,0x1F,0xFF,0xE0,0x07,0xE0,0x00,0x03,0xFF,0xF0,0x07,0xFF,
  0xFE,0x01,0xF8,0x00,0x00,0x7F,0xFF,0x00,0xFF,0xFF,0xC0,0x3F,0x00,0x00,0x07,0xFF,0xE0,0x3F,0xFF,0xFC,0x07,0xC0,0x00,0x00,
  0xFF,0xFC,0x07,0xDF,0xFF,0x81,0xF8,0x00,0x00,0x1F,0xFF,0xC0,0xF9,0xFF,0xF0,0x3F,0x00,0x00,0x01,0xFF,0xF8,0x3F,0x3F,0xFF,
  0x07,0xC0,0x00,0x00,0x3F,0xFF,0x07,0xC7,0xFF,0xE1,0xF8,0x00,0x00,0x03,0xFF,0xF1,0xF8,0x7F,0xFE,0x3F,0x00,0x00,0x00,0x7F,
  0xFE,0x3E,0x0F,0xFF,0xC7,0xC0,0x00,0x00,0x0F,0xFF,0xE7,0xC0,0xFF,0xF9,0xF8,0x00,0x00,0x00,0xFF,0xFD,0xF0,0x1F,0xFF,0xBF,
  0x00,0x00,0x00,0x1F,0xFF,0xFE,0x03,0xFF,0xFF,0xC0,0x00,0x00,0x03,0xFF,0xFF,0xC0,0x3F,0xFF,0xF8,0x00,0x00,0x00,0x3F,0xFF,
  0xF0,0x07,0xFF,0xFE,0x00,0x00,0x00,0x07,0xFF,0xFE,0x00,0x7F,0xFF,0xC0,0x00,0x00,0x00,0x7F,0xFF,0x80,0x0F,0xFF,0xF8,0x00,
  0x00,0x00,0x0F,0xFF,0xF0,0x00,0xFF,0xFE,0x00,0x00,0x00,0x01,0xFF,0xFE,0x00,0x1F,0xFF,0xC0,0x00,0x00,0x00,0x1F,0xFF,0x80,
  0x03,0xFF,0xF8,0x00,0x00,0x00,0x03,0xFF,0xF0,0x00,0x3F,0xFE,0x00,0x00,0x00,0x00,0x7F,0xFC,0x00,0x07,0xFF,0xC0,0x00,0x00,
  0x00,0x07,0xFF,0x80,0x00,0x7F,0xF8,0x00,0x00,0x00,0x00,0xFF,0xF0,0x00,0x0F,0xFE,0x00,0x00,0x00,0x00,0x0F,0xFC,0x00,0x01,
  0xFF,0xC0,0x00,0x00,0x00,0x01,0xFF,0x80,0x00,0x1F,0xF8,0x00,0x00,0x00,0x00,0x3F,0xE0,0x00,0x03,0xFE,0x00,0x00,0x00,0x00,
  0x03,0xFC,0x00,0x00,0x3F,0xC0,0x00,0x00,0x00,0x00,0x7F,0x80,0x00,0x07,0xF0,0x00,0x00,0x00,0x00,0x07,0xE0,0x00,0x00,0xFE,
  0x00,0x00,0x00,0x3F,0xFF,0xFF,0xE0,0x7F,0xFF,0x83,0xFF,0xFF,0xFE,0x07,0xFF,0xF8,0x3F,0xFF,0xFF,0xE0,0x7F,0xFF,0x83,0xFF,
  0xFF,0xFE,0x03,0xFF,0xF8,0x03,0xFF,0xFE,0x00,0x07,0xF8,0x00,0x1F,0xFF,0xC0,0x00,0x7F,0x00,0x01,0xFF,0xFE,0x00,0x0F,0xE0,
  0x00,0x0F,0xFF,0xF0,0x01,0xFE,0x00,0x00,0x7F,0xFF,0x00,0x1F,0xC0,0x00,0x07,0xFF,0xF8,0x03,0xF8,0x00,0x00,0x3F,0xFF,0xC0,
  0x7F,0x00,0x00,0x01,0xFF,0xFC,0x0F,0xE0,0x00,0x00,0x1F,0xFF,0xE1,0xFC,0x00,0x00,0x00,0xFF,0xFE,0x3F,0x80,0x00,0x00,0x07,
  0xFF,0xF7,0xF8,0x00,0x00,0x00,0x7F,0xFF,0xFF,0x00,0x00,0x00,0x03,0xFF,0xFF,0xE0,0x00,0x00,0x00,0x3F,0xFF,0xFC,0x00,0x00,
  0x00,0x01,0xFF,0xFF,0x80,0x00,0x00,0x00,0x0F,0xFF,0xF0,0x00,0x00,0x00,0x00,0xFF,0xFF,0x00,0x00,0x00,0x00,0x07,0xFF,0xF8,
  0x00,0x00,0x00,0x00,0x3F,0xFF,0x80,0x00,0x00,0x00,0x03,0xFF,0xFC,0x00,0x00,0x00,0x00,0x1F,0xFF,0xE0,0x00,0x00,0x00,0x00,
  0xFF,0xFE,0x00,0x00,0x00,0x00,0x1F,0xFF,0xF0,0x00,0x00,0x00,0x03,0xFF,0xFF,0x80,0x00,0x00,0x00,0x3F,0xFF,0xF8,0x00,0x00,
  0x00,0x07,0xFF,0xFF,0xC0,0x00,0x00,0x00,0xFF,0xFF,0xFC,0x00,0x00,0x00,0x1F,0xDF,0xFF,0xE0,0x00,0x00,0x03,0xF8,0xFF,0xFF,
  0x00,0x00,0x00,0x7F,0x87,0xFF,0xF0,0x00,0x00,0x07,0xF0,0x7F,0xFF,0x80,0x00,0x00,0xFE,0x03,0xFF,0xFC,0x00,0x00,0x1F,0xC0,
  0x1F,0xFF,0xC0,0x00,0x03,0xF8,0x01,0xFF,0xFE,0x00,0x00,0x7F,0x00,0x0F,0xFF,0xF0,0x00,0x0F,0xE0,0x00,0x7F,0xFF,0x00,0x01,
  0xFE,0x00,0x07,0xFF,0xF8,0x00,0x1F,0xC0,0x00,0x3F,0xFF,0xC0,0x03,0xF8,0x00,0x01,0xFF,0xFC,0x00,0x7F,0x00,0x00,0x1F,0xFF,
  0xE0,0x7F,0xFF,0x00,0x1F,0xFF,0xFF,0xEF,0xFF,0xF8,0x03,0xFF,0xFF,0xFF,0xFF,0xFF,0x80,0x3F,0xFF,0xFF,0xFF,0xFF,0xF8,0x03,
  0xFF,0xFF,0xFF,0xFF,0xFF,0xFF,0x80,0x3F,0xFF,0xFF,0xFF,0xFF,0xE0,0x0F,0xFF,0xFF,0xFF,0xFF,0xF8,0x03,0xFF,0xFF,0xFF,0xFF,
  0xFC,0x00,0x7F,0xFF,0x1F,0xFF,0xF0,0x00,0x01,0xFE,0x03,0xFF,0xF8,0x00,0x00,0x3F,0x00,0xFF,0xFF,0x00,0x00,0x1F,0xC0,0x1F,
  0xFF,0xC0,0x00,0x07,0xE0,0x07,0xFF,0xF0,0x00,0x03,0xF8,0x01,0xFF,0xFE,0x00,0x00,0xFE,0x00,0x3F,0xFF,0x80,0x00,0x3F,0x00,
  0x0F,0xFF,0xF0,0x00,0x1F,0xC0,0x01,0xFF,0xFC,0x00,0x07,0xE0,0x00,0x7F,0xFF,0x80,0x01,0xF8,0x00,0x0F,0xFF,0xE0,0x00,0xFE,
  0x00,0x03,0xFF,0xF8,0x00,0x3F,0x00,0x00,0xFF,0xFF,0x00,0x1F,0xC0,0x00,0x1F,0xFF,0xC0,0x07,0xE0,0x00,0x07,0xFF,0xF8,0x01,
  0xF8,0x00,0x00,0xFF,0xFE,0x00,0xFC,0x00,0x00,0x3F,0xFF,0x80,0x3F,0x00,0x00,0x07,0xFF,0xF0,0x0F,0xC0,0x00,0x01,0xFF,0xFC,
  0x07,0xE0,0x00,0x00,0x7F,0xFF,0x81,0xF8,0x00,0x00,0x0F,0xFF,0xE0,0xFC,0x00,0x00,0x03,0xFF,0xFC,0x3F,0x00,0x00,0x00,0x7F,
  0xFF,0x0F,0xC0,0x00,0x00,0x1F,0xFF,0xC7,0xE0,0x00,0x00,0x07,0xFF,0xF9,0xF8,0x00,0x00,0x00,0xFF,0xFE,0x7C,0x00,0x00,0x00,
  0x3F,0xFF,0xFF,0x00,0x00,0x00,0x07,0xFF,0xFF,0xC0,0x00,0x00,0x01,0xFF,0xFF,0xE0,0x00,0x00,0x00,0x3F,0xFF,0xF8,0x00,0x00,
  0x00,0x0F,0xFF,0xFC,0x00,0x00,0x00,0x03,0xFF,0xFF,0x00,0x00,0x00,0x00,0x7F,0xFF,0xC0,0x00,0x00,0x00,0x1F,0xFF,0xE0,0x00,
  0x00,0x00,0x03,0xFF,0xF8,0x00,0x00,0x00,0x00,0xFF,0xFC,0x00,0x00,0x00,0x00,0x1F,0xFF,0x00,0x00,0x00,0x00,0x07,0xFF,0xC0,
  0x00,0x00,0x00,0x01,0xFF,0xE0,0x00,0x00,0x00,0x00,0x3F,0xF8,0x00,0x00,0x00,0x00,0x0F,0xFC,0x00,0x00,0x00,0x00,0x01,0xFF,
  0x00,0x00,0x00,0x00,0x00,0x7F,0xC0,0x00,0x00,0x00,0x00,0x0F,0xE0,0x00,0x00,0x00,0x00,0x03,0xF8,0x00,0x00,0x00,0x00,0x00,
  0xFC,0x00,0x00,0x00,0x00,0x00,0x3F,0x00,0x00,0x00,0x00,0x00,0x0F,0xC0,0x00,0x00,0x00,0x00,0x07,0xE0,0x00,0x00,0x00,0x00,
  0x01,0xF8,0x00,0x00,0x00,0x00,0x00,0xFC,0x00,0x00,0x00,0x00,0x00,0x3F,0x00,0x00,0x00,0x00,0x00,0x1F,0xC0,0x00,0x00,0x00,
  0x00,0x07,0xE0,0x00,0x00,0x07,0x80,0x03,0xF8,0x00,0x00,0x01,0xE0,0x00,0xFC,0x00,0x00,0x00,0x78,0x00,0x7F,0x00,0x00,0x00,
  0x1F,0x00,0x1F,0x80,0x00,0x00,0x07,0xC0,0x0F,0xE0,0x00,0x00,0x01,0xF8,0x07,0xF0,0x00,0x00,0x00,0x7E,0x07,0xF8,0x00,0x00,
  0x00,0x1F,0xFF,0xFE,0x00,0x00,0x00,0x07,0xFF,0xFF,0x00,0x00,0x00,0x01,0xFF,0xFF,0x80,0x00,0x00,0x00,0x7F,0xFF,0x80,0x00,
  0x00,0x00,0x1F,0xFF,0xC0,0x00,0x00,0x00,0x00,0xFF,0xC0,0x00,0x00,0x00,0x00,0x3F,0xFF,0xFF,0xFF,0xFE,0x0F,0xFF,0xFF,0xFF,
  0xFF,0x83,0xFF,0xFF,0xFF,0xFF,0xE0,0xFF,0xFF,0xFF,0xFF,0xF8,0x3F,0xFF,0xFF,0xFF,0xFC,0x0F,0xF0,0x01,0xFF,0xFF,0x03,0xF0,
  0x00,0x7F,0xFF,0x80,0xF8,0x00,0x3F,0xFF,0xE0,0x3E,0x00,0x0F,0xFF,0xF0,0x0F,0x80,0x07,0xFF,0xFC,0x03,0xE0,0x01,0xFF,0xFE,
  0x00,0xF0,0x00,0xFF,0xFF,0x00,0x3C,0x00,0x3F,0xFF,0xC0,0x0F,0x00,0x1F,0xFF,0xE0,0x00,0x00,0x07,0xFF,0xF8,0x00,0x00,0x03,
  0xFF,0xFC,0x00,0x00,0x00,0xFF,0xFF,0x00,0x00,0x00,0x7F,0xFF,0x80,0x00,0x00,0x3F,0xFF,0xE0,0x00,0x00,0x0F,0xFF,0xF0,0x00,
  0x00,0x07,0xFF,0xFC,0x00,0x00,0x01,0xFF,0xFE,0x00,0x00,0x00,0xFF,0xFF,0x80,0x00,0x00,0x3F,0xFF,0xC0,0x00,0x00,0x1F,0xFF,
  0xF0,0x00,0x00,0x07,0xFF,0xF8,0x00,0x00,0x03,0xFF,0xFC,0x00,0x00,0x00,0xFF,0xFF,0x00,0x00,0x00,0x7F,0xFF,0x80,0x00,0x00,
  0x1F,0xFF,0xE0,0x00,0x00,0x0F,0xFF,0xF0,0x00,0x3C,0x03,0xFF,0xFC,0x00,0x0F,0x01,0xFF,0xFE,0x00,0x03,0xC0,0xFF,0xFF,0x80,
  0x01,0xF0,0x3F,0xFF,0xC0,0x00,0x7C,0x1F,0xFF,0xF0,0x00,0x1F,0x07,0xFF,0xF8,0x00,0x07,0x83,0xFF,0xFE,0x00,0x03,0xE0,0xFF,
  0xFF,0x00,0x00,0xF8,0x7F,0xFF,0x80,0x00,0x3E,0x1F,0xFF,0xE0,0x00,0x0F,0x8F,0xFF,0xF0,0x00,0x07,0xE3,0xFF,0xFC,0x00,0x0F,
  0xF9,0xFF,0xFF,0xFF,0xFF,0xFE,0x7F,0xFF,0xFF,0xFF,0xFF,0xBF,0xFF,0xFF,0xFF,0xFF,0xEF,0xFF,0xFF,0xFF,0xFF,0xFB,0xFF,0xFF,
  0xFF,0xFF,0xFE,0x00,0x00,0x03,0xFF,0xC0,0x00,0x07,0xFF,0xF0,0x00,0x07,0xFF,0xFC,0x00,0x03,0xFF,0xFF,0x00,0x01,0xFF,0xFE,
  0x00,0x00,0xFF,0xF8,0x00,0x00,0x7F,0xFC,0x00,0x00,0x1F,0xFE,0x00,0x00,0x0F,0xFF,0x80,0x00,0x03,0xFF,0xE0,0x00,0x00,0xFF,
  0xF8,0x00,0x00,0x7F,0xFC,0x00,0x00,0x1F,0xFF,0x00,0x00,0x07,0xFF,0xC0,0x00,0x01,0xFF,0xF0,0x00,0x00,0x7F,0xFC,0x00,0x00,
  0x1F,0xFF,0x00,0x00,0x07,0xFF,0xC0,0x00,0x01,0xFF,0xF0,0x00,0x00,0x7F,0xFC,0x00,0x00,0x1F,0xFF,0x00,0x00,0x07,0xFF,0xC0,
  0x00,0x01,0xFF,0xF0,0x00,0x00,0x7F,0xFC,0x00,0x00,0x1F,0xFF,0x00,0x00,0x07,0xFF,0xC0,0x00,0x01,0xFF,0xF0,0x00,0x00,0x7F,
  0xFC,0x00,0x00,0x1F,0xFF,0x00,0x00,0x07,0xFF,0xC0,0x00,0x01,0xFF,0xF0,0x00,0x00,0x7F,0xFC,0x00,0x00,0x1F,0xFF,0x00,0x00,
  0x07,0xFF,0xC0,0x00,0x01,0xFF,0xF0,0x00,0x00,0xFF,0xF8,0x00,0x00,0x3F,0xFE,0x00,0x00,0x1F,0xFF,0x00,0x00,0x0F,0xFF,0xC0,
  0x00,0x07,0xFF,0xE0,0x00,0x0F,0xFF,0xF0,0x00,0x3F,0xFF,0xF0,0x00,0x0F,0xFF,0xF0,0x00,0x03,0xFF,0xF8,0x00,0x00,0xFF,0xFF,
  0xC0,0x00,0x0F,0xFF,0xF8,0x00,0x00,0x3F,0xFF,0x00,0x00,0x03,0xFF,0xE0,0x00,0x00,0x7F,0xFC,0x00,0x00,0x0F,0xFF,0x80,0x00,
  0x03,0xFF,0xE0,0x00,0x00,0xFF,0xFC,0x00,0x00,0x1F,0xFF,0x00,0x00,0x07,0xFF,0xC0,0x00,0x01,0xFF,0xF0,0x00,0x00,0x7F,0xFC,
  0x00,0x00,0x1F,0xFF,0x00,0x00,0x07,0xFF,0xC0,0x00,0x01,0xFF,0xF0,0x00,0x00,0x7F,0xFC,0x00,0x00,0x1F,0xFF,0x00,0x00,0x07,
  0xFF,0xC0,0x00,0x01,0xFF,0xF0,0x00,0x00,0x7F,0xFC,0x00,0x00,0x1F,0xFF,0x00,0x00,0x07,0xFF,0xC0,0x00,0x01,0xFF,0xF0,0x00,
  0x00,0x7F,0xFC,0x00,0x00,0x1F,0xFF,0x00,0x00,0x07,0xFF,0xC0,0x00,0x01,0xFF,0xF0,0x00,0x00,0x7F,0xFC,0x00,0x00,0x1F,0xFF,
  0x00,0x00,0x07,0xFF,0xC0,0x00,0x01,0xFF,0xF0,0x00,0x00,0x3F,0xFE,0x00,0x00,0x0F,0xFF,0x80,0x00,0x03,0xFF,0xE0,0x00,0x00,
  0x7F,0xF8,0x00,0x00,0x1F,0xFF,0x00,0x00,0x03,0xFF,0xE0,0x00,0x00,0x7F,0xFF,0x80,0x00,0x0F,0xFF,0xFC,0x00,0x01,0xFF,0xFF,
  0x00,0x00,0x1F,0xFF,0xC0,0x00,0x00,0xFF,0xF0,0xFF,0xFF,0xFF,0xFF,0xFF,0xFF,0xFF,0xFF,0xFF,0xFF,0xFF,0xFF,0xFF,0xFF,0xFF,
  0xFF,0xFF,0xFF,0xFF,0xFF,0xFF,0xFF,0xFF,0xFF,0xFF,0xFF,0xFF,0xFF,0xFF,0xFF,0xFF,0xFF,0xFF,0xFF,0xFF,0xFF,0xFF,0xFF,0xFF,
  0xFF,0xFF,0xFF,0xFF,0xFF,0xFF,0xFF,0xFF,0xFF,0xFF,0xFF,0xFF,0xFF,0xFF,0xFF,0xFF,0xFF,0xFF,0xFF,0xFF,0xFF,0xFF,0xFF,0xFF,
  0xFF,0xFF,0xFF,0xFF,0xFF,0xFF,0xFF,0xFF,0xFF,0xFF,0xFF,0xFF,0xFF,0xFF,0xFF,0xFF,0xFF,0xFF,0xFF,0xFF,0x80,0xFF,0xF0,0x00,
  0x00,0x3F,0xFF,0x80,0x00,0x0F,0xFF,0xF8,0x00,0x03,0xFF,0xFF,0x00,0x00,0x1F,0xFF,0xE0,0x00,0x00,0x7F,0xFC,0x00,0x00,0x0F,
  0xFF,0x80,0x00,0x01,0xFF,0xE0,0x00,0x00,0x7F,0xFC,0x00,0x00,0x1F,0xFF,0x00,0x00,0x07,0xFF,0xC0,0x00,0x00,0xFF,0xF8,0x00,
  0x00,0x3F,0xFE,0x00,0x00,0x0F,0xFF,0x80,0x00,0x03,0xFF,0xE0,0x00,0x00,0xFF,0xF8,0x00,0x00,0x3F,0xFE,0x00,0x00,0x0F,0xFF,
  0x80,0x00,0x03,0xFF,0xE0,0x00,0x00,0xFF,0xF8,0x00,0x00,0x3F,0xFE,0x00,0x00,0x0F,0xFF,0x80,0x00,0x03,0xFF,0xE0,0x00,0x00,
  0xFF,0xF8,0x00,0x00,0x3F,0xFE,0x00,0x00,0x0F,0xFF,0x80,0x00,0x03,0xFF,0xE0,0x00,0x00,0xFF,0xF8,0x00,0x00,0x3F,0xFE,0x00,
  0x00,0x0F,0xFF,0x80,0x00,0x03,0xFF,0xE0,0x00,0x00,0xFF,0xF8,0x00,0x00,0x3F,0xFE,0x00,0x00,0x0F,0xFF,0x80,0x00,0x03,0xFF,
  0xE0,0x00,0x00,0x7F,0xFC,0x00,0x00,0x1F,0xFF,0x00,0x00,0x03,0xFF,0xE0,0x00,0x00,0xFF,0xFC,0x00,0x00,0x1F,0xFF,0x80,0x00,
  0x03,0xFF,0xFC,0x00,0x00,0x3F,0xFF,0xF0,0x00,0x03,0xFF,0xFC,0x00,0x00,0x7F,0xFF,0x00,0x00,0xFF,0xFF,0xC0,0x00,0x7F,0xFF,
  0xC0,0x00,0x7F,0xFF,0x00,0x00,0x1F,0xFF,0x00,0x00,0x0F,0xFF,0x80,0x00,0x07,0xFF,0xC0,0x00,0x01,0xFF,0xF0,0x00,0x00,0xFF,
  0xFC,0x00,0x00,0x3F,0xFE,0x00,0x00,0x0F,0xFF,0x80,0x00,0x03,0xFF,0xE0,0x00,0x00,0xFF,0xF8,0x00,0x00,0x3F,0xFE,0x00,0x00,
  0x0F,0xFF,0x80,0x00,0x03,0xFF,0xE0,0x00,0x00,0xFF,0xF8,0x00,0x00,0x3F,0xFE,0x00,0x00,0x0F,0xFF,0x80,0x00,0x03,0xFF,0xE0,
  0x00,0x00,0xFF,0xF8,0x00,0x00,0x3F,0xFE,0x00,0x00,0x0F,0xFF,0x80,0x00,0x03,0xFF,0xE0,0x00,0x00,0xFF,0xF8,0x00,0x00,0x3F,
  0xFE,0x00,0x00,0x0F,0xFF,0x80,0x00,0x03,0xFF,0xE0,0x00,0x00,0xFF,0xF8,0x00,0x00,0x3F,0xFE,0x00,0x00,0x0F,0xFF,0x80,0x00,
  0x03,0xFF,0xE0,0x00,0x01,0xFF,0xF0,0x00,0x00,0x7F,0xFC,0x00,0x00,0x1F,0xFF,0x00,0x00,0x07,0xFF,0x80,0x00,0x03,0xFF,0xE0,
  0x00,0x01,0xFF,0xF0,0x00,0x07,0xFF,0xF8,0x00,0x0F,0xFF,0xFC,0x00,0x03,0xFF,0xFE,0x00,0x00,0xFF,0xFE,0x00,0x00,0x3F,0xFC,
  0x00,0x00,0x00,0x00,0x3F,0xC0,0x00,0x00,0x07,0xF0,0x0F,0xFF,0x80,0x00,0x00,0x7F,0x03,0xFF,0xFC,0x00,0x00,0x07,0xF0,0x7F,
  0xFF,0xF0,0x00,0x00,0x7F,0x0F,0xFF,0xFF,0x80,0x00,0x0F,0xF0,0xFF,0xFF,0xFE,0x00,0x00,0xFF,0x1F,0xFF,0xFF,0xF0,0x00,0x0F,
  0xE1,0xFF,0x8F,0xFF,0x80,0x00,0xFE,0x3F,0xE0,0x3F,0xFC,0x00,0x1F,0xE3,0xFC,0x00,0xFF,0xE0,0x01,0xFE,0x7F,0x80,0x07,0xFF,
  0x80,0x3F,0xC7,0xF8,0x00,0x3F,0xFC,0x07,0xFC,0x7F,0x00,0x01,0xFF,0xF9,0xFF,0x87,0xF0,0x00,0x07,0xFF,0xFF,0xF8,0x7F,0x00,
  0x00,0x3F,0xFF,0xFF,0x0F,0xF0,0x00,0x01,0xFF,0xFF,0xE0,0xFE,0x00,0x00,0x0F,0xFF,0xFE,0x0F,0xE0,0x00,0x00,0x3F,0xFF,0xC0,
  0xFE,0x00,0x00,0x00,0xFF,0xF0,0x0F,0xE0,0x00,0x00,0x03,0xFC,0x00,0x00,0x0F,0xF0,0x00,0x00,0x7F,0xFC,0x00,0x01,0xFF,0xFF,
  0x00,0x03,0xFF,0xFF,0xC0,0x07,0xFF,0xFF,0xE0,0x0F,0xFF,0xFF,0xF0,0x1F,0xF0,0x1F,0xF0,0x3F,0xC0,0x07,0xF8,0x3F,0x80,0x03,
  0xFC,0x7F,0x00,0x01,0xFC,0x7F,0x00,0x00,0xFE,0x7E,0x00,0x00,0xFE,0xFE,0x00,0x00,0x7E,0xFC,0x00,0x00,0x7E,0xFC,0x00,0x00,
  0x7E,0xFC,0x00,0x00,0x7F,0xFC,0x00,0x00,0x7F,0xFC,0x00,0x00,0x7E,0xFC,0x00,0x00,0x7E,0xFE,0x00,0x00,0x7E,0xFE,0x00,0x00,
  0xFE,0x7E,0x00,0x00,0xFE,0x7F,0x00,0x01,0xFC,0x3F,0x80,0x03,0xFC,0x3F,0xC0,0x07,0xF8,0x1F,0xF0,0x0F,0xF0,0x0F,0xFF,0xFF,
  0xF0,0x07,0xFF,0xFF,0xE0,0x03,0xFF,0xFF,0xC0,0x01,0xFF,0xFF,0x00,0x00,0x7F,0xFE,0x00,0x00,0x1F,0xF0,0x00,0x00,0x00,0x0F,
  0xFF,0xE0,0x00,0x00,0x00,0x00,0x00,0x3F,0xFF,0x80,0x00,0x00,0x00,0x00,0x00,0xFF,0xFF,0x00,0x00,0x00,0x00,0x00,0x00,0xFF,
  0xFC,0x00,0x00,0x00,0x00,0x00,0x01,0xFF,0xF8,0x00,0x00,0x00,0x00,0x00,0x03,0xFF,0xF0,0x00,0x00,0x00,0x00,0x00,0x03,0xFF,
  0xC0,0x00,0x00,0x00,0x00,0x00,0x07,0xFF,0x80,0x00,0x00,0x00,0x00,0x00,0x0F,0xFE,0x00,0x00,0x00,0x00,0x00,0x00,0x0F,0xFC,
  0x00,0x00,0x00,0x00,0x00,0x00,0x1F,0xF8,0x00,0x00,0x00,0x00,0x00,0x00,0x3F,0xE0,0x00,0x00,0x00,0x00,0x00,0x00,0x3F,0xC0,
  0x00,0x00,0x00,0x00,0x00,0x00,0x7F,0x00,0x00,0x00,0x00,0x00,0x00,0x00,0xFE,0x00,0x00,0x00,0x00,0x00,0x00,0x00,0xF8,0x00,
  0x00,0x00,0x00,0x00,0x00,0x00,0x00,0x00,0x00,0x00,0x00,0x00,0x00,0x00,0x00,0x00,0x00,0x00,0x00,0x00,0x00,0x00,0x00,0x00,
  0x00,0x00,0x00,0x00,0x00,0x00,0x00,0x00,0x00,0x00,0x00,0x00,0x00,0x00,0x00,0x00,0x00,0x00,0x00,0x00,0x00,0x00,0x00,0x0F,
  0xFF,0xFF,0xFF,0xFF,0xFF,0xFF,0xFC,0x3F,0xFF,0xFF,0xFF,0xFF,0xFF,0xFF,0xF0,0xFF,0xFF,0xFF,0xFF,0xFF,0xFF,0xFF,0xC3,0xFF,
  0xFF,0xFF,0xFF,0xFF,0xFF,0xFF,0x00,0x7F,0xFF,0xFF,0xFF,0xFF,0xFF,0xFC,0x00,0x3F,0xFF,0xFF,0xFF,0xFF,0xFF,0xF0,0x00,0xFF,
  0xFF,0x80,0x00,0x00,0x1F,0xC0,0x03,0xFF,0xFE,0x00,0x00,0x00,0x3F,0x00,0x0F,0xFF,0xF8,0x00,0x00,0x00,0xFC,0x00,0x3F,0xFF,
  0xE0,0x00,0x00,0x03,0xF0,0x00,0xFF,0xFF,0x80,0x00,0x00,0x0F,0xC0,0x03,0xFF,0xFE,0x00,0x00,0x00,0x3F,0x00,0x0F,0xFF,0xF8,
  0x00,0x00,0x00,0xFC,0x00,0x3F,0xFF,0xE0,0x00,0x00,0x01,0xF0,0x00,0xFF,0xFF,0x80,0x00,0x00,0x07,0xC0,0x03,0xFF,0xFE,0x00,
  0x00,0x00,0x1F,0x00,0x0F,0xFF,0xF8,0x00,0x00,0x00,0x7C,0x00,0x3F,0xFF,0xE0,0x00,0x00,0x00,0x00,0x00,0xFF,0xFF,0x80,0x00,
  0x00,0x00,0x00,0x03,0xFF,0xFE,0x00,0x00,0x00,0x00,0x00,0x0F,0xFF,0xF8,0x00,0x00,0x00,0x00,0x00,0x3F,0xFF,0xE0,0x00,0x00,
  0x00,0x00,0x00,0xFF,0xFF,0x80,0x00,0x00,0x00,0x00,0x03,0xFF,0xFE,0x00,0x00,0x3C,0x00,0x00,0x0F,0xFF,0xF8,0x00,0x00,0xF0,
  0x00,0x00,0x3F,0xFF,0xE0,0x00,0x07,0xC0,0x00,0x00,0xFF,0xFF,0x80,0x00,0x1F,0x00,0x00,0x03,0xFF,0xFE,0x00,0x00,0x7C,0x00,
  0x00,0x0F,0xFF,0xF8,0x00,0x01,0xF0,0x00,0x00,0x3F,0xFF,0xE0,0x00,0x07,0xC0,0x00,0x00,0xFF,0xFF,0x80,0x00,0x3F,0x00,0x00,
  0x03,0xFF,0xFF,0xFF,0xFF,0xFC,0x00,0x00,0x0F,0xFF,0xFF,0xFF,0xFF,0xF0,0x00,0x00,0x3F,0xFF,0xFF,0xFF,0xFF,0xC0,0x00,0x00,
  0xFF,0xFF,0xFF,0xFF,0xFF,0x00,0x00,0x03,0xFF,0xFF,0xFF,0xFF,0xFC,0x00,0x00,0x0F,0xFF,0xFF,0xFF,0xFF,0xF0,0x00,0x00,0x3F,
  0xFF,0xE0,0x00,0x0F,0xC0,0x00,0x00,0xFF,0xFF,0x80,0x00,0x1F,0x00,0x00,0x03,0xFF,0xFE,0x00,0x00,0x7C,0x00,0x00,0x0F,0xFF,
  0xF8,0x00,0x01,0xF0,0x00,0x00,0x3F,0xFF,0xE0,0x00,0x07,0xC0,0x00,0x00,0xFF,0xFF,0x80,0x00,0x1F,0x00,0x00,0x03,0xFF,0xFE,
  0x00,0x00,0x3C,0x00,0x00,0x0F,0xFF,0xF8,0x00,0x00,0x00,0x00,0x00,0x3F,0xFF,0xE0,0x00,0x00,0x00,0x00,0x00,0xFF,0xFF,0x80,
  0x00,0x00,0x00,0x00,0x03,0xFF,0xFE,0x00,0x00,0x00,0x00,0x00,0x0F,0xFF,0xF8,0x00,0x00,0x00,0x00,0x00,0x3F,0xFF,0xE0,0x00,
  0x00,0x00,0x1F,0x00,0xFF,0xFF,0x80,0x00,0x00,0x00,0x7C,0x03,0xFF,0xFE,0x00,0x00,0x00,0x01,0xF0,0x0F,0xFF,0xF8,0x00,0x00,
  0x00,0x07,0xC0,0x3F,0xFF,0xE0,0x00,0x00,0x00,0x3F,0x00,0xFF,0xFF,0x80,0x00,0x00,0x00,0xFC,0x03,0xFF,0xFE,0x00,0x00,0x00,
  0x03,0xF0,0x0F,0xFF,0xF8,0x00,0x00,0x00,0x0F,0xC0,0x3F,0xFF,0xE0,0x00,0x00,0x00,0x7F,0x00,0xFF,0xFF,0x80,0x00,0x00,0x01,
  0xFC,0x03,0xFF,0xFE,0x00,0x00,0x00,0x07,0xF0,0x0F,0xFF,0xF8,0x00,0x00,0x00,0x1F,0xC0,0x3F,0xFF,0xE0,0x00,0x00,0x00,0xFE,
  0x00,0xFF,0xFF,0xFF,0xFF,0xFF,0xFF,0xF8,0x3F,0xFF,0xFF,0xFF,0xFF,0xFF,0xFF,0xEF,0xFF,0xFF,0xFF,0xFF,0xFF,0xFF,0xFF,0xBF,
  0xFF,0xFF,0xFF,0xFF,0xFF,0xFF,0xFE,0xFF,0xFF,0xFF,0xFF,0xFF,0xFF,0xFF,0xFB,0xFF,0xFF,0xFF,0xFF,0xFF,0xFF,0xFF,0xE0,0x00,
  0x00,0x07,0xE0,0x03,0xF0,0x00,0x00,0x00,0x00,0x3F,0xC0,0x1F,0xF0,0x00,0x00,0x00,0x01,0xFF,0x80,0xFF,0xC0,0x00,0x00,0x00,
  0x07,0xFF,0x03,0xFF,0x80,0x00,0x00,0x00,0x3F,0xFC,0x1F,0xFE,0x00,0x00,0x00,0x00,0xFF,0xF0,0x7F,0xF8,0x00,0x00,0x00,0x03,
  0xFF,0xC1,0xFF,0xE0,0x00,0x00,0x00,0x0F,0xFF,0x07,0xFF,0x80,0x00,0x00,0x00,0x1F,0xFC,0x0F,0xFE,0x00,0x00,0x00,0x00,0x7F,
  0xE0,0x3F,0xF0,0x00,0x00,0x00,0x00,0xFF,0x00,0x7F,0x80,0x00,0x00,0x00,0x00,0xF8,0x00,0x7C,0x00,0x00,0x00,0x00,0x00,0x00,
  0x00,0x00,0x00,0x00,0x00,0x00,0x00,0x00,0x00,0x00,0x00,0x00,0x00,0x00,0x00,0x00,0x00,0x00,0x00,0x00,0x00,0x00,0x00,0x00,
  0x00,0x00,0x00,0x00,0x00,0x00,0x00,0x00,0x00,0x00,0x00,0x00,0x00,0x00,0x00,0x00,0x00,0x00,0x0F,0xFF,0xFF,0xFF,0xFF,0xFF,
  0xFF,0xFC,0x3F,0xFF,0xFF,0xFF,0xFF,0xFF,0xFF,0xF0,0xFF,0xFF,0xFF,0xFF,0xFF,0xFF,0xFF,0xC3,0xFF,0xFF,0xFF,0xFF,0xFF,0xFF,
  0xFF,0x00,0x7F,0xFF,0xFF,0xFF,0xFF,0xFF,0xFC,0x00,0x3F,0xFF,0xFF,0xFF,0xFF,0xFF,0xF0,0x00,0xFF,0xFF,0x80,0x00,0x00,0x1F,
  0xC0,0x03,0xFF,0xFE,0x00,0x00,0x00,0x3F,0x00,0x0F,0xFF,0xF8,0x00,0x00,0x00,0xFC,0x00,0x3F,0xFF,0xE0,0x00,0x00,0x03,0xF0,
  0x00,0xFF,0xFF,0x80,0x00,0x00,0x0F,0xC0,0x03,0xFF,0xFE,0x00,0x00,0x00,0x3F,0x00,0x0F,0xFF,0xF8,0x00,0x00,0x00,0xFC,0x00,
  0x3F,0xFF,0xE0,0x00,0x00,0x01,0xF0,0x00,0xFF,0xFF,0x80,0x00,0x00,0x07,0xC0,0x03,0xFF,0xFE,0x00,0x00,0x00,0x1F,0x00,0x0F,
  0xFF,0xF8,0x00,0x00,0x00,0x7C,0x00,0x3F,0xFF,0xE0,0x00,0x00,0x00,0x00,0x00,0xFF,0xFF,0x80,0x00,0x00,0x00,0x00,0x03,0xFF,
  0xFE,0x00,0x00,0x00,0x00,0x00,0x0F,0xFF,0xF8,0x00,0x00,0x00,0x00,0x00,0x3F,0xFF,0xE0,0x00,0x00,0x00,0x00,0x00,0xFF,0xFF,
  0x80,0x00,0x00,0x00,0x00,0x03,0xFF,0xFE,0x00,0x00,0x3C,0x00,0x00,0x0F,0xFF,0xF8,0x00,0x00,0xF0,0x00,0x00,0x3F,0xFF,0xE0,
  0x00,0x07,0xC0,0x00,0x00,0xFF,0xFF,0x80,0x00,0x1F,0x00,0x00,0x03,0xFF,0xFE,0x00,0x00,0x7C,0x00,0x00,0x0F,0xFF,0xF8,0x00,
  0x01,0xF0,0x00,0x00,0x3F,0xFF,0xE0,0x00,0x07,0xC0,0x00,0x00,0xFF,0xFF,0x80,0x00,0x3F,0x00,0x00,0x03,0xFF,0xFF,0xFF,0xFF,
  0xFC,0x00,0x00,0x0F,0xFF,0xFF,0xFF,0xFF,0xF0,0x00,0x00,0x3F,0xFF,0xFF,0xFF,0xFF,0xC0,0x00,0x00,0xFF,0xFF,0xFF,0xFF,0xFF,
  0x00,0x00,0x03,0xFF,0xFF,0xFF,0xFF,0xFC,0x00,0x00,0x0F,0xFF,0xFF,0xFF,0xFF,0xF0,0x00,0x00,0x3F,0xFF,0xE0,0x00,0x0F,0xC0,
  0x00,0x00,0xFF,0xFF,0x80,0x00,0x1F,0x00,0x00,0x03,0xFF,0xFE,0x00,0x00,0x7C,0x00,0x00,0x0F,0xFF,0xF8,0x00,0x01,0xF0,0x00,
  0x00,0x3F,0xFF,0xE0,0x00,0x07,0xC0,0x00,0x00,0xFF,0xFF,0x80,0x00,0x1F,0x00,0x00,0x03,0xFF,0xFE,0x00,0x00,0x3C,0x00,0x00,
  0x0F,0xFF,0xF8,0x00,0x00,0x00,0x00,0x00,0x3F,0xFF,0xE0,0x00,0x00,0x00,0x00,0x00,0xFF,0xFF,0x80,0x00,0x00,0x00,0x00,0x03,
  0xFF,0xFE,0x00,0x00,0x00,0x00,0x00,0x0F,0xFF,0xF8,0x00,0x00,0x00,0x00,0x00,0x3F,0xFF,0xE0,0x00,0x00,0x00,0x1F,0x00,0xFF,
  0xFF,0x80,0x00,0x00,0x00,0x7C,0x03,0xFF,0xFE,0x00,0x00,0x00,0x01,0xF0,0x0F,0xFF,0xF8,0x00,0x00,0x00,0x07,0xC0,0x3F,0xFF,
  0xE0,0x00,0x00,0x00,0x3F,0x00,0xFF,0xFF,0x80,0x00,0x00,0x00,0xFC,0x03,0xFF,0xFE,0x00,0x00,0x00,0x03,0xF0,0x0F,0xFF,0xF8,
  0x00,0x00,0x00,0x0F,0xC0,0x3F,0xFF,0xE0,0x00,0x00,0x00,0x7F,0x00,0xFF,0xFF,0x80,0x00,0x00,0x01,0xFC,0x03,0xFF,0xFE,0x00,
  0x00,0x00,0x07,0xF0,0x0F,0xFF,0xF8,0x00,0x00,0x00,0x1F,0xC0,0x3F,0xFF,0xE0,0x00,0x00,0x00,0xFE,0x00,0xFF,0xFF,0xFF,0xFF,
  0xFF,0xFF,0xF8,0x3F,0xFF,0xFF,0xFF,0xFF,0xFF,0xFF,0xEF,0xFF,0xFF,0xFF,0xFF,0xFF,0xFF,0xFF,0xBF,0xFF,0xFF,0xFF,0xFF,0xFF,
  0xFF,0xFE,0xFF,0xFF,0xFF,0xFF,0xFF,0xFF,0xFF,0xFB,0xFF,0xFF,0xFF,0xFF,0xFF,0xFF,0xFF,0xE0,0xFF,0xFF,0xFF,0xFF,0xFF,0xFF,
  0xFF,0xFF,0x00,0x7F,0xFF,0xFF,0xFF,0xFF,0xFF,0xFF,0xFF,0x80,0x3F,0xFF,0xFF,0xFF,0xFF,0xFF,0xFF,0xFF,0xC0,0x1F,0xFF,0xFF,
  0xFF,0xFF,0xFF,0xFF,0xFF,0xE0,0x0F,0xFF,0xFF,0xFF,0xFF,0xFF,0xFF,0xFF,0xF0,0x07,0xFF,0xFC,0x1F,0xFF,0xFF,0xFF,0xFF,0xF8,
  0x03,0xF0,0x00,0x0F,0xFF,0xF8,0x00,0x01,0xFC,0x01,0xF8,0x00,0x07,0xFF,0xFC,0x00,0x00,0x7E,0x00,0xF8,0x00,0x03,0xFF,0xFE,
  0x00,0x00,0x3F,0x00,0x7C,0x00,0x01,0xFF,0xFF,0x00,0x00,0x1F,0x80,0x3E,0x00,0x00,0xFF,0xFF,0x80,0x00,0x0F,0xC0,0x1F,0x00,
  0x00,0x7F,0xFF,0xC0,0x00,0x07,0xE0,0x0F,0x80,0x00,0x3F,0xFF,0xE0,0x00,0x03,0xF0,0x07,0xC0,0x00,0x1F,0xFF,0xF0,0x00,0x01,
  0xF8,0x03,0xE0,0x00,0x0F,0xFF,0xF8,0x00,0x00,0x7C,0x01,0xF0,0x00,0x07,0xFF,0xFC,0x00,0x00,0x3E,0x00,0xF8,0x00,0x03,0xFF,
  0xFE,0x00,0x00,0x1F,0x00,0x78,0x00,0x01,0xFF,0xFF,0x00,0x00,0x0F,0x80,0x3C,0x00,0x00,0xFF,0xFF,0x80,0x00,0x00,0x00,0x00,
  0x00,0x00,0x7F,0xFF,0xC0,0x00,0x00,0x00,0x00,0x00,0x00,0x3F,0xFF,0xE0,0x00,0x00,0x00,0x00,0x00,0x00,0x1F,0xFF,0xF0,0x00,
  0x00,0x00,0x00,0x00,0x00,0x0F,0xFF,0xF8,0x00,0x00,0x00,0x00,0x00,0x00,0x07,0xFF,0xFC,0x0F,0xFF,0x80,0x00,0x00,0x00,0x03,
  0xFF,0xFE,0xFF,0xFF,0xFC,0x00,0x00,0x00,0x01,0xFF,0xFF,0xFF,0xFF,0xFF,0x80,0x00,0x00,0x00,0xFF,0xFF,0xFF,0xFF,0xFF,0xF0,
  0x00,0x00,0x00,0x7F,0xFF,0xFF,0xFF,0xFF,0xFC,0x00,0x00,0x00,0x3F,0xFF,0xFF,0xFF,0xFF,0xFF,0x00,0x00,0x00,0x1F,0xFF,0xFF,
  0xFF,0xFF,0xFF,0xC0,0x00,0x00,0x0F,0xFF,0xFF,0xFF,0xFF,0xFF,0xF0,0x00,0x00,0x07,0xFF,0xFC,0x00,0x1F,0xFF,0xF8,0x00,0x00,
  0x03,0xFF,0xFE,0x00,0x07,0xFF,0xFE,0x00,0x00,0x01,0xFF,0xFF,0x00,0x01,0xFF,0xFF,0x00,0x00,0x00,0xFF,0xFF,0x80,0x00,0x7F,
  0xFF,0xC0,0x00,0x00,0x7F,0xFF,0xC0,0x00,0x1F,0xFF,0xE0,0x00,0x00,0x3F,0xFF,0xE0,0x00,0x0F,0xFF,0xF0,0x00,0x00,0x1F,0xFF,
  0xF0,0x00,0x07,0xFF,0xF8,0x00,0x00,0x0F,0xFF,0xF8,0x00,0x01,0xFF,0xFE,0x00,0x00,0x07,0xFF,0xFC,0x00,0x00,0xFF,0xFF,0x00,
  0x00,0x03,0xFF,0xFE,0x00,0x00,0x7F,0xFF,0x80,0x00,0x01,0xFF,0xFF,0x00,0x00,0x3F,0xFF,0xC0,0x00,0x00,0xFF,0xFF,0x80,0x00,
  0x1F,0xFF,0xE0,0x00,0x00,0x7F,0xFF,0xC0,0x00,0x0F,0xFF,0xF0,0x00,0x00,0x3F,0xFF,0xE0,0x00,0x07,0xFF,0xF8,0x00,0x00,0x1F,
  0xFF,0xF0,0x00,0x03,0xFF,0xFC,0x00,0x00,0x0F,0xFF,0xF8,0x00,0x01,0xFF,0xFE,0x00,0x00,0x07,0xFF,0xFC,0x00,0x00,0xFF,0xFF,
  0x00,0x00,0x03,0xFF,0xFE,0x00,0x00,0x7F,0xFF,0x80,0x00,0x01,0xFF,0xFF,0x00,0x00,0x3F,0xFF,0xC0,0x00,0x00,0xFF,0xFF,0x80,
  0x00,0x1F,0xFF,0xE0,0x00,0x00,0x7F,0xFF,0xC0,0x00,0x0F,0xFF,0xF0,0x00,0x00,0x3F,0xFF,0xE0,0x00,0x07,0xFF,0xF8,0x00,0x00,
  0x1F,0xFF,0xF0,0x00,0x03,0xFF,0xFC,0x00,0x00,0x0F,0xFF,0xF8,0x00,0x01,0xFF,0xFE,0x00,0x00,0x07,0xFF,0xFC,0x00,0x00,0xFF,
  0xFF,0x00,0x00,0x03,0xFF,0xFE,0x00,0x00,0x7F,0xFF,0x80,0x00,0x01,0xFF,0xFF,0x00,0x00,0x3F,0xFF,0xC0,0x00,0x00,0xFF,0xFF,
  0x80,0x00,0x1F,0xFF,0xE0,0x00,0x00,0x7F,0xFF,0xC0,0x00,0x0F,0xFF,0xF0,0x00,0x00,0x3F,0xFF,0xE0,0x00,0x07,0xFF,0xF8,0x00,
  0x00,0x1F,0xFF,0xF0,0x00,0x03,0xFF,0xFC,0x00,0x00,0x0F,0xFF,0xF8,0x00,0x01,0xFF,0xFE,0x00,0x00,0x7F,0xFF,0xFF,0x80,0x00,
  0xFF,0xFF,0x00,0x03,0xFF,0xFF,0xFF,0xFE,0x00,0x7F,0xFF,0x80,0x01,0xFF,0xFF,0xFF,0xFF,0x00,0x3F,0xFF,0xC0,0x00,0xFF,0xFF,
  0xFF,0xFF,0x80,0x1F,0xFF,0xE0,0x00,0x7F,0xFF,0xFF,0xFF,0xC0,0x0F,0xFF,0xF0,0x00,0x00,0x00,0x00,0x00,0x00,0x07,0xFF,0xF8,
  0x00,0x00,0x00,0x00,0x00,0x00,0x03,0xFF,0xFC,0x00,0x00,0x00,0x00,0x00,0x00,0x01,0xFF,0xFE,0x00,0x00,0x00,0x00,0x00,0x00,
  0x00,0xFF,0xFF,0x00,0x00,0x00,0x00,0x00,0x00,0x00,0x7F,0xFF,0x80,0x00,0x00,0x00,0x00,0x00,0x00,0x3F,0xFF,0x80,0x00,0x00,
  0x00,0x00,0x00,0x00,0x1F,0xFF,0xC0,0x00,0x00,0x00,0x01,0xF0,0x00,0x0F,0xFF,0xE0,0x00,0x00,0x00,0x00,0xF8,0x00,0x07,0xFF,
  0xF0,0x00,0x00,0x00,0x00,0x7C,0x00,0x03,0xFF,0xF8,0x00,0x00,0x00,0x00,0x3E,0x00,0x01,0xFF,0xF8,0x00,0x00,0x00,0x00,0x1F,
  0x00,0x01,0xFF,0xFC,0x00,0x00,0x00,0x00,0x0F,0xC0,0x00,0xFF,0xFC,0x00,0x00,0x00,0x00,0x07,0xE0,0x00,0x7F,0xFE,0x00,0x00,
  0x00,0x00,0x03,0xF0,0x00,0x7F,0xFE,0x00,0x00,0x00,0x00,0x01,0xFC,0x00,0x7F,0xFE,0x00,0x00,0x00,0x00,0x00,0xFF,0x00,0x7F,
  0xFE,0x00,0x00,0x00,0x00,0x00,0x7F,0xFB,0xFF,0xFE,0x00,0x00,0x00,0x00,0x00,0x3F,0xFF,0xFF,0xFE,0x00,0x00,0x00,0x00,0x00,
  0x1F,0xFF,0xFF,0xFE,0x00,0x00,0x00,0x00,0x00,0x0F,0xFF,0xFF,0xFC,0x00,0x00,0x00,0x00,0x00,0x07,0xFF,0xFF,0xF8,0x00,0x00,
  0x00,0x00,0x00,0x00,0x0F,0xFF,0xC0,0x00,0x00,0x00,0x00,0x00,0x00,0xFF,0xFE,0x00,0x00,0x00,0x00,0x00,0x1F,0xFF,0xC0,0x00,
  0x00,0x00,0x00,0x07,0xFF,0xF8,0x00,0x00,0x00,0x00,0x00,0xFF,0xFC,0x00,0x00,0x00,0x00,0x00,0x3F,0xFF,0x00,0x00,0x00,0x00,
  0x00,0x0F,0xFF,0xC0,0x00,0x00,0x00,0x00,0x01,0xFF,0xE0,0x00,0x00,0x00,0x00,0x00,0x7F,0xF8,0x00,0x00,0x00,0x00,0x00,0x0F,
  0xFE,0x00,0x00,0x00,0x00,0x00,0x03,0xFF,0x00,0x00,0x00,0x00,0x00,0x00,0x7F,0xC0,0x00,0x00,0x00,0x00,0x00,0x1F,0xF0,0x00,
  0x00,0x00,0x00,0x00,0x07,0xF8,0x00,0x00,0x00,0x00,0x00,0x00,0xFE,0x00,0x00,0x00,0x00,0x00,0x00,0x3F,0x80,0x00,0x00,0x00,
  0x00,0x00,0x07,0xC0,0x00,0x00,0x00,0x00,0x00,0x00,0x00,0x00,0x00,0x00,0x00,0x00,0x00,0x00,0x00,0x00,0x00,0x00,0x00,0x00,
  0x00,0x00,0x00,0x00,0x00,0x00,0x00,0x00,0x00,0x00,0x00,0x00,0x00,0x00,0x00,0x00,0x00,0x00,0x00,0x00,0x00,0x00,0x00,0x00,
  0x00,0x00,0x00,0x3F,0xFF,0xFF,0xFF,0xFF,0xFF,0xFF,0xF7,0xFF,0xFF,0xFF,0xFF,0xFF,0xFF,0xFE,0xFF,0xFF,0xFF,0xFF,0xFF,0xFF,
  0xFF,0xDF,0xFF,0xFF,0xFF,0xFF,0xFF,0xFF,0xF8,0x3F,0xFF,0xFF,0xFF,0xFF,0xFF,0xFF,0x00,0x3F,0xFF,0xC0,0x01,0xFF,0xFF,0xE0,
  0x07,0xFF,0xF8,0x00,0x00,0x01,0xFC,0x00,0xFF,0xFF,0x00,0x00,0x00,0x3F,0x80,0x1F,0xFF,0xE0,0x00,0x00,0x07,0xF0,0x03,0xFF,
  0xFC,0x00,0x00,0x00,0xFE,0x00,0x7F,0xFF,0x80,0x00,0x00,0x0F,0xC0,0x0F,0xFF,0xF0,0x00,0x00,0x01,0xF8,0x01,0xFF,0xFE,0x00,
  0x00,0x00,0x3F,0x00,0x3F,0xFF,0xC0,0x00,0x00,0x07,0xE0,0x07,0xFF,0xF8,0x00,0x00,0x00,0x7C,0x00,0xFF,0xFF,0x00,0x00,0x00,
  0x0F,0x80,0x1F,0xFF,0xE0,0x00,0x00,0x01,0xF0,0x03,0xFF,0xFC,0x00,0x00,0x00,0x3E,0x00,0x7F,0xFF,0x80,0x00,0x00,0x07,0xE0,
  0x0F,0xFF,0xF0,0x00,0x00,0x00,0x7C,0x01,0xFF,0xFE,0x00,0x00,0x00,0x0F,0x00,0x3F,0xFF,0xC0,0x00,0x00,0x00,0x00,0x07,0xFF,
  0xF8,0x00,0x00,0x00,0x00,0x00,0xFF,0xFF,0x00,0x00,0x00,0x00,0x00,0x1F,0xFF,0xE0,0x00,0x00,0x00,0x00,0x03,0xFF,0xFC,0x00,
  0x00,0x00,0x00,0x00,0x7F,0xFF,0x80,0x00,0x00,0x00,0x00,0x0F,0xFF,0xF0,0x00,0x00,0x00,0x00,0x01,0xFF,0xFE,0x00,0x00,0x00,
  0x00,0x00,0x3F,0xFF,0xC0,0x00,0x00,0x00,0x00,0x07,0xFF,0xF8,0x00,0x00,0x00,0x00,0x00,0xFF,0xFF,0x00,0x00,0x00,0x00,0x00,
  0x1F,0xFF,0xE0,0x00,0x00,0x00,0x00,0x03,0xFF,0xFC,0x00,0x00,0x00,0x00,0x00,0x7F,0xFF,0x80,0x00,0x00,0x00,0x00,0x0F,0xFF,
  0xF0,0x00,0x00,0x00,0x00,0x01,0xFF,0xFE,0x00,0x00,0x00,0x00,0x00,0x3F,0xFF,0xC0,0x00,0x00,0x00,0x00,0x07,0xFF,0xF8,0x00,
  0x00,0x00,0x00,0x00,0xFF,0xFF,0x00,0x00,0x00,0x00,0x00,0x1F,0xFF,0xE0,0x00,0x00,0x00,0x00,0x03,0xFF,0xFC,0x00,0x00,0x00,
  0x00,0x00,0x7F,0xFF,0x80,0x00,0x00,0x00,0x00,0x0F,0xFF,0xF0,0x00,0x00,0x00,0x00,0x01,0xFF,0xFE,0x00,0x00,0x00,0x00,0x00,
  0x3F,0xFF,0xC0,0x00,0x00,0x00,0x00,0x07,0xFF,0xF8,0x00,0x00,0x00,0x00,0x00,0xFF,0xFF,0x00,0x00,0x00,0x00,0x00,0x1F,0xFF,
  0xE0,0x00,0x00,0x00,0x00,0x03,0xFF,0xFC,0x00,0x00,0x00,0x00,0x00,0x7F,0xFF,0x80,0x00,0x00,0x00,0x00,0x0F,0xFF,0xF0,0x00,
  0x00,0x00,0x00,0x01,0xFF,0xFE,0x00,0x00,0x00,0x00,0x00,0x3F,0xFF,0xC0,0x00,0x00,0x00,0x00,0x07,0xFF,0xF8,0x00,0x00,0x00,
  0x00,0x00,0xFF,0xFF,0x00,0x00,0x00,0x00,0x00,0x1F,0xFF,0xE0,0x00,0x00,0x00,0x00,0x03,0xFF,0xFC,0x00,0x00,0x00,0x00,0x00,
  0x7F,0xFF,0x80,0x00,0x00,0x00,0x00,0x0F,0xFF,0xF0,0x00,0x00,0x00,0x00,0x01,0xFF,0xFE,0x00,0x00,0x00,0x00,0x00,0x3F,0xFF,
  0xC0,0x00,0x00,0x00,0x00,0x07,0xFF,0xF8,0x00,0x00,0x00,0x00,0x0F,0xFF,0xFF,0xF0,0x00,0x00,0x00,0x3F,0xFF,0xFF,0xFF,0xF8,
  0x00,0x00,0x07,0xFF,0xFF,0xFF,0xFF,0x00,0x00,0x00,0xFF,0xFF,0xFF,0xFF,0xE0,0x00,0x00,0x1F,0xFF,0xFF,0xFF,0xFC,0x00,0x00,
  0x00,0x00,0x00,0x00,0x1F,0xFF,0xE0,0x00,0x00,0x00,0x00,0x7F,0xFF,0xFF,0xF8,0x00,0x00,0x00,0x7F,0xFF,0xFF,0xFF,0xF0,0x00,
  0x00,0x7F,0xFF,0xFF,0xFF,0xFF,0xE0,0x00,0x1F,0xFF,0xFF,0xFF,0xFF,0xFC,0x00,0x0F,0xFF,0xFF,0xE1,0xFF,0xFF,0x80,0x03,0xFF,
  0xFF,0x00,0x01,0xFF,0xF0,0x01,0xFF,0xFF,0x80,0x00,0x07,0xFE,0x00,0x7F,0xFF,0xC0,0x00,0x00,0x3F,0xC0,0x1F,0xFF,0xF0,0x00,
  0x00,0x01,0xF8,0x07,0xFF,0xFC,0x00,0x00,0x00,0x3F,0x00,0xFF,0xFF,0x00,0x00,0x00,0x07,0xE0,0x3F,0xFF,0xC0,0x00,0x00,0x00,
  0x7C,0x0F,0xFF,0xF8,0x00,0x00,0x00,0x0F,0x81,0xFF,0xFE,0x00,0x00,0x00,0x01,0xF0,0x7F,0xFF,0x80,0x00,0x00,0x00,0x3E,0x0F,
  0xFF,0xF0,0x00,0x00,0x00,0x07,0xC3,0xFF,0xFE,0x00,0x00,0x00,0x00,0xF8,0x7F,0xFF,0x80,0x00,0x00,0x00,0x1F,0x1F,0xFF,0xF0,
  0x00,0x00,0x00,0x01,0xE3,0xFF,0xFE,0x00,0x00,0x00,0x00,0x00,0x7F,0xFF,0x80,0x00,0x00,0x00,0x00,0x0F,0xFF,0xF0,0x00,0x00,
  0x00,0x00,0x03,0xFF,0xFE,0x00,0x00,0x00,0x00,0x00,0x7F,0xFF,0xC0,0x00,0x00,0x00,0x00,0x0F,0xFF,0xF8,0x00,0x00,0x00,0x00,
  0x01,0xFF,0xFF,0x00,0x00,0x00,0x00,0x00,0x3F,0xFF,0xC0,0x00,0x00,0x00,0x00,0x0F,0xFF,0xF8,0x00,0x00,0x00,0x00,0x01,0xFF,
  0xFF,0x00,0x00,0x00,0x00,0x00,0x3F,0xFF,0xE0,0x00,0x00,0x00,0x00,0x07,0xFF,0xFF,0xFF,0xFF,0xFE,0x00,0x00,0xFF,0xFF,0xFF,
  0xFF,0xFF,0xC0,0x00,0x1F,0xFF,0xFF,0xFF,0xFF,0xF8,0x00,0x03,0xFF,0xFF,0xFF,0xFF,0xFF,0x00,0x00,0x7F,0xFF,0xFF,0xFF,0xFF,
  0xE0,0x00,0x0F,0xFF,0xFF,0xFF,0xFF,0xFC,0x00,0x01,0xFF,0xFF,0x00,0x00,0x00,0x00,0x00,0x3F,0xFF,0xE0,0x00,0x00,0x00,0x00,
  0x07,0xFF,0xFC,0x00,0x00,0x00,0x00,0x00,0xFF,0xFF,0x80,0x00,0x00,0x00,0x00,0x1F,0xFF,0xF0,0x00,0x00,0x00,0x00,0x03,0xFF,
  0xFE,0x00,0x00,0x00,0x00,0x00,0x3F,0xFF,0xC0,0x00,0x00,0x00,0x00,0x07,0xFF,0xFC,0x00,0x00,0x00,0x00,0x00,0xFF,0xFF,0x80,
  0x00,0x00,0x00,0x00,0x1F,0xFF,0xF0,0x00,0x00,0x00,0x00,0x01,0xFF,0xFE,0x00,0x00,0x00,0x00,0x00,0x3F,0xFF,0xC0,0x00,0x00,
  0x00,0x01,0xE7,0xFF,0xFC,0x00,0x00,0x00,0x00,0x7C,0xFF,0xFF,0x80,0x00,0x00,0x00,0x0F,0x8F,0xFF,0xF0,0x00,0x00,0x00,0x01,
  0xF1,0xFF,0xFF,0x00,0x00,0x00,0x00,0x3E,0x1F,0xFF,0xE0,0x00,0x00,0x00,0x07,0xC3,0xFF,0xFE,0x00,0x00,0x00,0x00,0xF8,0x3F,
  0xFF,0xC0,0x00,0x00,0x00,0x3F,0x03,0xFF,0xFC,0x00,0x00,0x00,0x07,0xE0,0x7F,0xFF,0x80,0x00,0x00,0x00,0xFC,0x07,0xFF,0xF8,
  0x00,0x00,0x00,0x1F,0x80,0x7F,0xFF,0x80,0x00,0x00,0x03,0xF0,0x07,0xFF,0xF8,0x00,0x00,0x00,0xFE,0x00,0x7F,0xFF,0x80,0x00,
  0x00,0x7F,0xC0,0x07,0xFF,0xFC,0x00,0x00,0x3F,0xF8,0x00,0x7F,0xFF,0xE0,0x00,0x1F,0xFF,0x00,0x03,0xFF,0xFF,0xE0,0x7F,0xFF,
  0xE0,0x00,0x3F,0xFF,0xFF,0xFF,0xFF,0xFC,0x00,0x01,0xFF,0xFF,0xFF,0xFF,0xFE,0x00,0x00,0x0F,0xFF,0xFF,0xFF,0xFE,0x00,0x00,
  0x00,0x3F,0xFF,0xFF,0xF8,0x00,0x00,0x00,0x00,0x3F,0xFF,0xC0,0x00,0x00,0x00,0x00,0x3F,0xFF,0xC0,0x00,0x00,0x07,0xFF,0xFF,
  0xFF,0x80,0x00,0x1F,0xFF,0xFF,0xFF,0xF0,0x00,0x7F,0xFF,0xFF,0xFF,0xF0,0x01,0xFF,0xFF,0xFF,0xFF,0xF0,0x03,0xFF,0xFC,0x1F,
  0xFF,0xF0,0x07,0xFF,0xC0,0x00,0xFF,0xF0,0x0F,0xFF,0x00,0x00,0x3F,0xF0,0x1F,0xFC,0x00,0x00,0x0F,0xF0,0x1F,0xFC,0x00,0x00,
  0x07,0xF0,0x3F,0xF8,0x00,0x00,0x07,0xF0,0x3F,0xF8,0x00,0x00,0x03,0xF0,0x3F,0xF0,0x00,0x00,0x03,0xF0,0x7F,0xF0,0x00,0x00,
  0x03,0xF0,0x7F,0xF0,0x00,0x00,0x03,0xF0,0x7F,0xF0,0x00,0x00,0x01,0xF0,0x7F,0xF0,0x00,0x00,0x01,0xF0,0x7F,0xF8,0x00,0x00,
  0x01,0xF0,0x7F,0xF8,0x00,0x00,0x00,0x00,0x7F,0xFC,0x00,0x00,0x00,0x00,0x7F,0xFE,0x00,0x00,0x00,0x00,0x7F,0xFF,0x00,0x00,
  0x00,0x00,0x7F,0xFF,0xC0,0x00,0x00,0x00,0x7F,0xFF,0xF0,0x00,0x00,0x00,0x3F,0xFF,0xFE,0x00,0x00,0x00,0x3F,0xFF,0xFF,0xC0,
  0x00,0x00,0x3F,0xFF,0xFF,0xF8,0x00,0x00,0x1F,0xFF,0xFF,0xFE,0x00,0x00,0x1F,0xFF,0xFF,0xFF,0xC0,0x00,0x0F,0xFF,0xFF,0xFF,
  0xF0,0x00,0x07,0xFF,0xFF,0xFF,0xFC,0x00,0x07,0xFF,0xFF,0xFF,0xFF,0x00,0x03,0xFF,0xFF,0xFF,0xFF,0x80,0x01,0xFF,0xFF,0xFF,
  0xFF,0xC0,0x00,0x7F,0xFF,0xFF,0xFF,0xE0,0x00,0x3F,0xFF,0xFF,0xFF,0xF0,0x00,0x0F,0xFF,0xFF,0xFF,0xF8,0x00,0x03,0xFF,0xFF,
  0xFF,0xFC,0x00,0x00,0xFF,0xFF,0xFF,0xFC,0x00,0x00,0x1F,0xFF,0xFF,0xFE,0x00,0x00,0x03,0xFF,0xFF,0xFE,0x00,0x00,0x00,0xFF,
  0xFF,0xFE,0x00,0x00,0x00,0x1F,0xFF,0xFF,0x00,0x00,0x00,0x03,0xFF,0xFF,0x00,0x00,0x00,0x00,0xFF,0xFF,0x00,0x00,0x00,0x00,
  0x7F,0xFF,0x00,0x00,0x00,0x00,0x3F,0xFF,0x00,0x00,0x00,0x00,0x1F,0xFF,0x78,0x00,0x00,0x00,0x0F,0xFF,0xF8,0x00,0x00,0x00,
  0x07,0xFF,0xFC,0x00,0x00,0x00,0x07,0xFF,0xFC,0x00,0x00,0x00,0x07,0xFF,0xFC,0x00,0x00,0x00,0x07,0xFF,0xFC,0x00,0x00,0x00,
  0x07,0xFF,0xFC,0x00,0x00,0x00,0x07,0xFF,0xFE,0x00,0x00,0x00,0x07,0xFF,0xFE,0x00,0x00,0x00,0x07,0xFE,0xFE,0x00,0x00,0x00,
  0x0F,0xFE,0xFE,0x00,0x00,0x00,0x0F,0xFE,0xFF,0x00,0x00,0x00,0x0F,0xFC,0xFF,0x80,0x00,0x00,0x1F,0xFC,0xFF,0xC0,0x00,0x00,
  0x3F,0xF8,0xFF,0xF0,0x00,0x00,0x7F,0xF0,0xFF,0xFE,0x00,0x01,0xFF,0xE0,0xFF,0xFF,0xE0,0x1F,0xFF,0xC0,0xFF,0xFF,0xFF,0xFF,
  0xFF,0x80,0x7F,0xFF,0xFF,0xFF,0xFE,0x00,0x0F,0xFF,0xFF,0xFF,0xF8,0x00,0x00,0xFF,0xFF,0xFF,0xE0,0x00,0x00,0x03,0xFF,0xFC,
  0x00,0x00,0xFF,0xFF,0xFF,0xFF,0xFF,0xFF,0xFF,0xFF,0xFF,0xFF,0xFF,0xFF,0xFD,0xFF,0xFF,0xFF,0xFF,0x07,0xFF,0xFF,0xF8,0x00,
  0x1F,0xFF,0xE0,0x00,0x07,0xFF,0xF8,0x00,0x01,0xFF,0xFE,0x00,0x00,0x7F,0xFF,0x80,0x00,0x1F,0xFF,0xE0,0x00,0x07,0xFF,0xF8,
  0x00,0x01,0xFF,0xFE,0x00,0x00,0x7F,0xFF,0x80,0x00,0x1F,0xFF,0xE0,0x00,0x07,0xFF,0xF8,0x00,0x01,0xFF,0xFE,0x00,0x00,0x7F,
  0xFF,0x80,0x00,0x1F,0xFF,0xE0,0x00,0x07,0xFF,0xF8,0x00,0x01,0xFF,0xFE,0x00,0x00,0x7F,0xFF,0x80,0x00,0x1F,0xFF,0xE0,0x00,
  0x07,0xFF,0xF8,0x00,0x01,0xFF,0xFE,0x00,0x00,0x7F,0xFF,0x80,0x00,0x1F,0xFF,0xE0,0x00,0x07,0xFF,0xF8,0x00,0x01,0xFF,0xFE,
  0x00,0x00,0x7F,0xFF,0x80,0x00,0x1F,0xFF,0xE0,0x00,0x07,0xFF,0xF8,0x00,0x01,0xFF,0xFE,0x00,0x00,0x7F,0xFF,0x80,0x00,0x1F,
  0xFF,0xE0,0x00,0x07,0xFF,0xF8,0x00,0x01,0xFF,0xFE,0x00,0x00,0x7F,0xFF,0x80,0x00,0x1F,0xFF,0xE0,0x00,0x07,0xFF,0xF8,0x00,
  0x01,0xFF,0xFE,0x00,0x00,0x7F,0xFF,0x80,0x00,0x1F,0xFF,0xE0,0x00,0x07,0xFF,0xF8,0x00,0x01,0xFF,0xFE,0x00,0x00,0x7F,0xFF,
  0x80,0x00,0x1F,0xFF,0xE0,0x00,0x07,0xFF,0xF8,0x00,0x01,0xFF,0xFE,0x00,0x00,0x7F,0xFF,0x80,0x00,0x1F,0xFF,0xE0,0x00,0x07,
  0xFF,0xF8,0x00,0x01,0xFF,0xFE,0x00,0x00,0x7F,0xFF,0x80,0x00,0x1F,0xFF,0xE0,0x00,0x07,0xFF,0xF8,0x00,0x01,0xFF,0xFE,0x00,
  0x00,0x7F,0xFF,0x80,0x00,0x1F,0xFF,0xE0,0x00,0x07,0xFF,0xF8,0x00,0x01,0xFF,0xFE,0x00,0x00,0x7F,0xFF,0x80,0x00,0x1F,0xFF,
  0xE0,0x00,0x07,0xFF,0xF8,0x00,0x1F,0xFF,0xFF,0xF0,0x7F,0xFF,0xFF,0xFF,0xFF,0xFF,0xFF,0xFF,0xFF,0xFF,0xFF,0xFF,0xFF,0xFF,
  0xFF,0xFF,0xFF,0x03,0xE0,0x01,0xF8,0x03,0xFE,0x01,0xFF,0x00,0xFF,0xC0,0x7F,0xE0,0x7F,0xF0,0x3F,0xF8,0x1F,0xFE,0x0F,0xFF,
  0x0F,0xFF,0x83,0xFF,0xC3,0xFF,0xE0,0xFF,0xF0,0x7F,0xF8,0x3F,0xFC,0x1F,0xFC,0x0F,0xFE,0x03,0xFF,0x01,0xFF,0x80,0x7F,0x80,
  0x3F,0xC0,0x0F,0x80,0x07,0xC0,0x00,0x00,0x00,0x00,0x00,0x00,0x00,0x00,0x00,0x00,0x00,0x00,0x00,0x00,0x00,0x00,0x00,0x00,
  0x00,0x00,0x00,0x00,0x00,0x00,0x00,0x0F,0xFF,0xFF,0xFF,0xFF,0xFF,0xFF,0xFF,0xFF,0xFF,0xFF,0xFF,0xFF,0xDF,0xFF,0xFF,0xFF,
  0xF0,0x7F,0xFF,0xFF,0x80,0x01,0xFF,0xFE,0x00,0x00,0x7F,0xFF,0x80,0x00,0x1F,0xFF,0xE0,0x00,0x07,0xFF,0xF8,0x00,0x01,0xFF,
  0xFE,0x00,0x00,0x7F,0xFF,0x80,0x00,0x1F,0xFF,0xE0,0x00,0x07,0xFF,0xF8,0x00,0x01,0xFF,0xFE,0x00,0x00,0x7F,0xFF,0x80,0x00,
  0x1F,0xFF,0xE0,0x00,0x07,0xFF,0xF8,0x00,0x01,0xFF,0xFE,0x00,0x00,0x7F,0xFF,0x80,0x00,0x1F,0xFF,0xE0,0x00,0x07,0xFF,0xF8,
  0x00,0x01,0xFF,0xFE,0x00,0x00,0x7F,0xFF,0x80,0x00,0x1F,0xFF,0xE0,0x00,0x07,0xFF,0xF8,0x00,0x01,0xFF,0xFE,0x00,0x00,0x7F,
  0xFF,0x80,0x00,0x1F,0xFF,0xE0,0x00,0x07,0xFF,0xF8,0x00,0x01,0xFF,0xFE,0x00,0x00,0x7F,0xFF,0x80,0x00,0x1F,0xFF,0xE0,0x00,
  0x07,0xFF,0xF8,0x00,0x01,0xFF,0xFE,0x00,0x00,0x7F,0xFF,0x80,0x00,0x1F,0xFF,0xE0,0x00,0x07,0xFF,0xF8,0x00,0x01,0xFF,0xFE,
  0x00,0x00,0x7F,0xFF,0x80,0x00,0x1F,0xFF,0xE0,0x00,0x07,0xFF,0xF8,0x00,0x01,0xFF,0xFE,0x00,0x00,0x7F,0xFF,0x80,0x00,0x1F,
  0xFF,0xE0,0x00,0x07,0xFF,0xF8,0x00,0x01,0xFF,0xFE,0x00,0x00,0x7F,0xFF,0x80,0x00,0x1F,0xFF,0xE0,0x00,0x07,0xFF,0xF8,0x00,
  0x01,0xFF,0xFE,0x00,0x00,0x7F,0xFF,0x80,0x00,0x1F,0xFF,0xE0,0x00,0x07,0xFF,0xF8,0x00,0x01,0xFF,0xFE,0x00,0x00,0x7F,0xFF,
  0x80,0x00,0x1F,0xFF,0xE0,0x00,0x07,0xFF,0xF8,0x00,0x01,0xFF,0xFE,0x00,0x00,0x7F,0xFF,0x80,0x00,0x1F,0xFF,0xE0,0x00,0x07,
  0xFF,0xF8,0x00,0x01,0xFF,0xFE,0x00,0x00,0x7F,0xFF,0x80,0x01,0xFF,0xFF,0xFF,0x07,0xFF,0xFF,0xFF,0xFF,0xFF,0xFF,0xFF,0xFF,
  0xFF,0xFF,0xFF,0xFF,0xFF,0xFF,0xFF,0xFF,0xF0,0x00,0x0F,0xFF,0xFF,0xFF,0xF0,0x00,0xFF,0xFF,0xFF,0xFF,0x00,0x0F,0xFF,0xFF,
  0xFF,0xF0,0x00,0xFF,0xFF,0xFF,0xFF,0x00,0x00,0xFF,0xFF,0xFF,0x00,0x00,0x00,0xFF,0xFF,0x80,0x00,0x00,0x0F,0xFF,0xF8,0x00,
  0x00,0x00,0xFF,0xFF,0x80,0x00,0x00,0x0F,0xFF,0xF8,0x00,0x00,0x00,0xFF,0xFF,0x80,0x00,0x00,0x0F,0xFF,0xF8,0x00,0x00,0x00,
  0xFF,0xFF,0x80,0x00,0x00,0x0F,0xFF,0xF8,0x00,0x00,0x00,0xFF,0xFF,0x80,0x00,0x00,0x0F,0xFF,0xF8,0x00,0x00,0x00,0xFF,0xFF,
  0x80,0x00,0x00,0x0F,0xFF,0xF8,0x00,0x00,0x00,0xFF,0xFF,0x80,0x00,0x00,0x0F,0xFF,0xF8,0x00,0x00,0x00,0xFF,0xFF,0x80,0x00,
  0x00,0x0F,0xFF,0xF8,0x00,0x00,0x00,0xFF,0xFF,0x80,0x00,0x00,0x0F,0xFF,0xF8,0x00,0x00,0x00,0xFF,0xFF,0x80,0x00,0x00,0x0F,
  0xFF,0xF8,0x00,0x00,0x00,0xFF,0xFF,0x80,0x00,0x00,0x0F,0xFF,0xF8,0x00,0x00,0x00,0xFF,0xFF,0x80,0x00,0x00,0x0F,0xFF,0xF8,
  0x00,0x00,0x00,0xFF,0xFF,0x80,0x00,0x00,0x0F,0xFF,0xF8,0x00,0x00,0x00,0xFF,0xFF,0x80,0x00,0x00,0x0F,0xFF,0xF8,0x00,0x00,
  0x00,0xFF,0xFF,0x80,0x00,0x00,0x0F,0xFF,0xF8,0x00,0x00,0x00,0xFF,0xFF,0x80,0x00,0x00,0x0F,0xFF,0xF8,0x00,0x00,0x00,0xFF,
  0xFF,0x80,0x00,0x00,0x0F,0xFF,0xF8,0x00,0x00,0x00,0xFF,0xFF,0x80,0x00,0x00,0x0F,0xFF,0xF8,0x00,0x00,0x00,0xFF,0xFF,0x80,
  0x00,0x00,0x0F,0xFF,0xF8,0x00,0x00,0x00,0xFF,0xFF,0x80,0x00,0x00,0x0F,0xFF,0xF8,0x00,0x00,0x00,0xFF,0xFF,0x80,0x00,0x00,
  0x0F,0xFF,0xF0,0x00,0x00,0x00,0xFF,0xFF,0x00,0x00,0x00,0x0F,0xFF,0xF0,0x00,0x00,0x00,0xFF,0xFF,0x00,0x00,0x00,0x0F,0xFF,
  0xF0,0x00,0x00,0x00,0xFF,0xFF,0x00,0xF0,0x00,0x0F,0xFF,0xF0,0x0F,0x00,0x00,0xFF,0xFF,0x00,0xF8,0x00,0x0F,0xFF,0xE0,0x0F,
  0x80,0x00,0xFF,0xFE,0x00,0xF8,0x00,0x0F,0xFF,0xE0,0x0F,0x80,0x00,0xFF,0xFC,0x00,0xF8,0x00,0x0F,0xFF,0xC0,0x0F,0x80,0x01,
  0xFF,0xF8,0x00,0xFC,0x00,0x1F,0xFF,0x80,0x0F,0xC0,0x03,0xFF,0xF0,0x00,0xFF,0x00,0xFF,0xFE,0x00,0x0F,0xFF,0x7F,0xFF,0xC0,
  0x00,0xFF,0xFF,0xFF,0xF8,0x00,0x0F,0xFF,0xFF,0xFE,0x00,0x00,0xFF,0xFF,0xFF,0xC0,0x00,0x0F,0xFF,0xFF,0xE0,0x00,0x00,0x0F,
  0xFF,0xE0,0x00,0x00,0x00,0x00,0x03,0xFF,0xFF,0xFF,0xFF,0xFF,0xFF,0xFF,0xF8,0x00,0x00,0x00,0x00,0x3F,0xFF,0xFF,0xFF,0xFF,
  0xFF,0xFF,0xFF,0x80,0x00,0x00,0x00,0x03,0xFF,0xFF,0xFF,0xFF,0xFF,0xFF,0xFF,0xF8,0x00,0x00,0x00,0x00,0x3F,0xFF,0xFF,0xFF,
  0xFF,0xFF,0xFF,0xFF,0x80,0x00,0x00,0x00,0x00,0x1F,0xFF,0xFF,0xFF,0xFF,0xFF,0xFE,0x00,0x00,0x00,0x00,0x00,0x00,0x1F,0xFF,
  0xFF,0xFF,0xFF,0xFC,0x00,0x00,0x00,0x00,0x00,0x00,0x01,0xFC,0x00,0x00,0x7F,0xFF,0xC0,0x00,0x00,0x00,0x00,0x00,0x00,0x1F,
  0x80,0x00,0x07,0xFF,0xFC,0x00,0x00,0x00,0x00,0x00,0x00,0x01,0xF8,0x00,0x00,0x7F,0xFF,0xC0,0x00,0x00,0x00,0x00,0x00,0x00,
  0x1F,0x80,0x00,0x07,0xFF,0xFC,0x00,0x00,0x00,0x00,0x00,0x00,0x01,0xF8,0x00,0x00,0x7F,0xFF,0xC0,0x00,0x00,0x00,0x00,0x00,
  0x00,0x1F,0x80,0x00,0x07,0xFF,0xFC,0x00,0x00,0x00,0x00,0x00,0x00,0x01,0xF8,0x00,0x00,0x7F,0xFF,0xC0,0x00,0x00,0x00,0x00,
  0x00,0x00,0x1F,0x80,0x00,0x07,0xFF,0xFC,0x00,0x00,0x00,0x00,0x00,0x00,0x03,0xF8,0x00,0x00,0x7F,0xFF,0xC0,0x00,0x00,0x00,
  0x00,0x00,0x00,0x3F,0x80,0x00,0x07,0xFF,0xFC,0x00,0x00,0x00,0x00,0x00,0x00,0x03,0xF8,0x00,0x00,0x7F,0xFF,0xC0,0x00,0x00,
  0x00,0x00,0x00,0x00,0x3F,0x80,0x00,0x07,0xFF,0xFC,0x00,0x00,0x00,0x00,0x00,0x00,0x03,0xF8,0x00,0x00,0x7F,0xFF,0xC0,0x00,
  0x00,0x00,0x00,0x00,0x00,0x3F,0x00,0x00,0x07,0xFF,0xFC,0x00,0x00,0x00,0x00,0x00,0x00,0x03,0xF0,0x00,0x00,0x7F,0xFF,0xC0,
  0x00,0x00,0x00,0x00,0x00,0x00,0x3F,0x00,0x00,0x07,0xFF,0xFC,0x00,0x00,0x00,0x00,0x00,0x00,0x03,0xF0,0x00,0x00,0x7F,0xFF,
  0xC0,0x00,0x00,0x00,0x00,0x00,0x00,0x3F,0x00,0x00,0x07,0xFF,0xFC,0x00,0x00,0x00,0x00,0x00,0x00,0x03,0xF0,0x00,0x00,0x7F,
  0xFF,0xC0,0x00,0x00,0x00,0x00,0x00,0x00,0x7F,0x00,0x00,0x07,0xFF,0xFC,0x00,0x00,0x00,0x00,0x00,0x00,0x07,0xF0,0x00,0x00,
  0x7F,0xFF,0xC0,0x00,0x00,0x00,0x00,0x00,0x00,0x7F,0x00,0x00,0x07,0xFF,0xFC,0x00,0x00,0x00,0x00,0x00,0x00,0x07,0xF0,0x00,
  0x00,0x7F,0xFF,0xC0,0x00,0x00,0x00,0x00,0x00,0x00,0x7E,0x00,0x00,0x07,0xFF,0xFF,0xFF,0xF0,0x00,0x00,0x00,0x00,0x07,0xE0,
  0x00,0x00,0x7F,0xFF,0xFF,0xFF,0xF8,0x00,0x00,0x00,0x00,0x7E,0x00,0x00,0x07,0xFF,0xFF,0xFF,0xFF,0xF0,0x00,0x00,0x00,0x07,
  0xE0,0x00,0x00,0x7F,0xFF,0xFF,0xFF,0xFF,0xC0,0x00,0x00,0x00,0xFE,0x00,0x00,0x07,0xFF,0xFF,0xFF,0xFF,0xFF,0x00,0x00,0x00,
  0x0F,0xE0,0x00,0x00,0x7F,0xFF,0xFF,0xFF,0xFF,0xF8,0x00,0x00,0x00,0xFE,0x00,0x00,0x07,0xFF,0xFC,0x03,0xFF,0xFF,0xC0,0x00,
  0x00,0x0F,0xE0,0x00,0x00,0x7F,0xFF,0xC0,0x07,0xFF,0xFE,0x00,0x00,0x00,0xFC,0x00,0x00,0x07,0xFF,0xFC,0x00,0x3F,0xFF,0xF0,
  0x00,0x00,0x0F,0xC0,0x00,0x00,0x7F,0xFF,0xC0,0x01,0xFF,0xFF,0x80,0x00,0x00,0xFC,0x00,0x00,0x07,0xFF,0xFC,0x00,0x0F,0xFF,
  0xF8,0x00,0x00,0x1F,0xC0,0x00,0x00,0x7F,0xFF,0xC0,0x00,0x7F,0xFF,0xC0,0x00,0x01,0xFC,0x00,0x00,0x07,0xFF,0xFC,0x00,0x07,
  0xFF,0xFC,0x00,0x00,0x1F,0xC0,0x00,0x00,0x7F,0xFF,0xC0,0x00,0x3F,0xFF,0xE0,0x00,0x01,0xFC,0x00,0x00,0x07,0xFF,0xFC,0x00,
  0x03,0xFF,0xFE,0x00,0x00,0x1F,0x80,0x00,0x00,0x7F,0xFF,0xC0,0x00,0x3F,0xFF,0xE0,0x00,0x03,0xF8,0x00,0x00,0x07,0xFF,0xFC,
  0x00,0x03,0xFF,0xFE,0x00,0x00,0x3F,0x80,0x00,0x00,0x7F,0xFF,0xC0,0x00,0x3F,0xFF,0xE0,0x00,0x03,0xF8,0x00,0x00,0x07,0xFF,
  0xFC,0x00,0x01,0xFF,0xFE,0x00,0x00,0x3F,0x80,0x00,0x00,0x7F,0xFF,0xC0,0x00,0x1F,0xFF,0xF0,0x00,0x07,0xF0,0x00,0x00,0x07,
  0xFF,0xFC,0x00,0x01,0xFF,0xFF,0x00,0x00,0x7F,0x00,0x00,0x00,0x7F,0xFF,0xC0,0x00,0x1F,0xFF,0xE0,0x00,0x07,0xF0,0x00,0x00,
  0x07,0xFF,0xFC,0x00,0x03,0xFF,0xFE,0x00,0x00,0xFF,0x00,0x00,0x00,0x7F,0xFF,0xC0,0x00,0x3F,0xFF,0xEF,0x00,0x0F,0xE0,0x00,
  0x00,0x07,0xFF,0xFC,0x00,0x03,0xFF,0xFE,0xF0,0x01,0xFE,0x00,0x00,0x00,0x7F,0xFF,0xC0,0x00,0x3F,0xFF,0xEF,0x80,0x1F,0xE0,
  0x00,0x00,0x07,0xFF,0xFC,0x00,0x07,0xFF,0xFC,0xF8,0x03,0xFC,0x00,0x00,0x00,0x7F,0xFF,0xC0,0x00,0x7F,0xFF,0xCF,0xC0,0x3F,
  0xC0,0x00,0x00,0x07,0xFF,0xFC,0x00,0x0F,0xFF,0xFC,0xFC,0x07,0xF8,0x00,0x00,0x00,0x7F,0xFF,0xC0,0x01,0xFF,0xFF,0x8F,0xE0,
  0xFF,0x80,0x00,0x00,0x07,0xFF,0xFC,0x00,0x3F,0xFF,0xF0,0xFF,0x1F,0xF8,0x00,0x00,0x00,0x7F,0xFF,0xC0,0x07,0xFF,0xFE,0x07,
  0xFF,0xFF,0x00,0x00,0x00,0x07,0xFF,0xFC,0x01,0xFF,0xFF,0xC0,0x7F,0xFF,0xE0,0x00,0x00,0x00,0x7F,0xFF,0xC1,0xFF,0xFF,0xF8,
  0x07,0xFF,0xFE,0x00,0x00,0x00,0x7F,0xFF,0xFF,0xFF,0xFF,0xFF,0x00,0x7F,0xFF,0xC0,0x00,0x00,0x7F,0xFF,0xFF,0xFF,0xFF,0xFF,
  0xC0,0x07,0xFF,0xF8,0x00,0x00,0x07,0xFF,0xFF,0xFF,0xFF,0xFF,0xF0,0x00,0x7F,0xFF,0x00,0x00,0x00,0x7F,0xFF,0xFF,0xFF,0xFF,
  0xF8,0x00,0x03,0xFF,0xE0,0x00,0x00,0x07,0xFF,0xFF,0xFF,0xFF,0xF0,0x00,0x00,0x0F,0xF0,0x00,0x00,0x00,0x00,0x00,0x00,0x00,
  0x00,0x00,0x00,0x00,0xFF,0xFF,0xFF,0xFF,0x00,0x7F,0xFF,0xFF,0xFF,0x80,0x00,0x00,0x7F,0xFF,0xFF,0xFF,0x80,0x3F,0xFF,0xFF,
  0xFF,0xC0,0x00,0x00,0x3F,0xFF,0xFF,0xFF,0xC0,0x1F,0xFF,0xFF,0xFF,0xE0,0x00,0x00,0x1F,0xFF,0xFF,0xFF,0xE0,0x0F,0xFF,0xFF,
  0xFF,0xF0,0x00,0x00,0x00,0xFF,0xFF,0xFF,0x00,0x00,0x7F,0xFF,0xFF,0x80,0x00,0x00,0x00,0x07,0xFF,0xFC,0x00,0x00,0x07,0xFF,
  0xFC,0x00,0x00,0x00,0x00,0x03,0xFF,0xFE,0x00,0x00,0x03,0xFF,0xFE,0x00,0x00,0x00,0x00,0x01,0xFF,0xFF,0x00,0x00,0x01,0xFF,
  0xFF,0x00,0x00,0x00,0x00,0x00,0xFF,0xFF,0x80,0x00,0x00,0xFF,0xFF,0x80,0x00,0x00,0x00,0x00,0x7F,0xFF,0xC0,0x00,0x00,0x7F,
  0xFF,0xC0,0x00,0x00,0x00,0x00,0x3F,0xFF,0xE0,0x00,0x00,0x3F,0xFF,0xE0,0x00,0x00,0x00,0x00,0x1F,0xFF,0xF0,0x00,0x00,0x1F,
  0xFF,0xF0,0x00,0x00,0x00,0x00,0x0F,0xFF,0xF8,0x00,0x00,0x0F,0xFF,0xF8,0x00,0x00,0x00,0x00,0x07,0xFF,0xFC,0x00,0x00,0x07,
  0xFF,0xFC,0x00,0x00,0x00,0x00,0x03,0xFF,0xFE,0x00,0x00,0x03,0xFF,0xFE,0x00,0x00,0x00,0x00,0x01,0xFF,0xFF,0x00,0x00,0x01,
  0xFF,0xFF,0x00,0x00,0x00,0x00,0x00,0xFF,0xFF,0x80,0x00,0x00,0xFF,0xFF,0x80,0x00,0x00,0x00,0x00,0x7F,0xFF,0xC0,0x00,0x00,
  0x7F,0xFF,0xC0,0x00,0x00,0x00,0x00,0x3F,0xFF,0xE0,0x00,0x00,0x3F,0xFF,0xE0,0x00,0x00,0x00,0x00,0x1F,0xFF,0xF0,0x00,0x00,
  0x1F,0xFF,0xF0,0x00,0x00,0x00,0x00,0x0F,0xFF,0xF8,0x00,0x00,0x0F,0xFF,0xF8,0x00,0x00,0x00,0x00,0x07,0xFF,0xFC,0x00,0x00,
  0x07,0xFF,0xFC,0x00,0x00,0x00,0x00,0x03,0xFF,0xFE,0x00,0x00,0x03,0xFF,0xFE,0x00,0x00,0x00,0x00,0x01,0xFF,0xFF,0x00,0x00,
  0x01,0xFF,0xFF,0x00,0x00,0x00,0x00,0x00,0xFF,0xFF,0x80,0x00,0x00,0xFF,0xFF,0x80,0x00,0x00,0x00,0x00,0x7F,0xFF,0xC0,0x00,
  0x00,0x7F,0xFF,0xC0,0x00,0x00,0x00,0x00,0x3F,0xFF,0xE0,0x00,0x00,0x3F,0xFF,0xE0,0x00,0x00,0x00,0x00,0x1F,0xFF,0xF0,0x00,
  0x00,0x1F,0xFF,0xF0,0x00,0x00,0x00,0x00,0x0F,0xFF,0xF8,0x00,0x00,0x0F,0xFF,0xF8,0x00,0x00,0x00,0x00,0x07,0xFF,0xFC,0x00,
  0x00,0x07,0xFF,0xFC,0x00,0x00,0x00,0x00,0x03,0xFF,0xFF,0xFF,0xFF,0xFF,0xFF,0xFF,0xFF,0xF0,0x00,0x00,0x01,0xFF,0xFF,0xFF,
  0xFF,0xFF,0xFF,0xFF,0xFF,0xFF,0xC0,0x00,0x00,0xFF,0xFF,0xFF,0xFF,0xFF,0xFF,0xFF,0xFF,0xFF,0xFC,0x00,0x00,0x7F,0xFF,0xFF,
  0xFF,0xFF,0xFF,0xFF,0xFF,0xFF,0xFF,0x80,0x00,0x3F,0xFF,0xFF,0xFF,0xFF,0xFF,0xFF,0xFF,0xFF,0xFF,0xF0,0x00,0x1F,0xFF,0xFF,
  0xFF,0xFF,0xFF,0xFF,0xFF,0xFF,0xFF,0xFC,0x00,0x0F,0xFF,0xF8,0x00,0x00,0x0F,0xFF,0xF8,0x07,0xFF,0xFF,0x80,0x07,0xFF,0xFC,
  0x00,0x00,0x07,0xFF,0xFC,0x00,0xFF,0xFF,0xE0,0x03,0xFF,0xFE,0x00,0x00,0x03,0xFF,0xFE,0x00,0x3F,0xFF,0xF0,0x01,0xFF,0xFF,
  0x00,0x00,0x01,0xFF,0xFF,0x00,0x0F,0xFF,0xFC,0x00,0xFF,0xFF,0x80,0x00,0x00,0xFF,0xFF,0x80,0x03,0xFF,0xFF,0x00,0x7F,0xFF,
  0xC0,0x00,0x00,0x7F,0xFF,0xC0,0x00,0xFF,0xFF,0x80,0x3F,0xFF,0xE0,0x00,0x00,0x3F,0xFF,0xE0,0x00,0x7F,0xFF,0xC0,0x1F,0xFF,
  0xF0,0x00,0x00,0x1F,0xFF,0xF0,0x00,0x1F,0xFF,0xF0,0x0F,0xFF,0xF8,0x00,0x00,0x0F,0xFF,0xF8,0x00,0x0F,0xFF,0xF8,0x07,0xFF,
  0xFC,0x00,0x00,0x07,0xFF,0xFC,0x00,0x07,0xFF,0xFC,0x03,0xFF,0xFE,0x00,0x00,0x03,0xFF,0xFE,0x00,0x03,0xFF,0xFE,0x01,0xFF,
  0xFF,0x00,0x00,0x01,0xFF,0xFF,0x00,0x01,0xFF,0xFF,0x00,0xFF,0xFF,0x80,0x00,0x00,0xFF,0xFF,0x80,0x00,0x7F,0xFF,0x80,0x7F,
  0xFF,0xC0,0x00,0x00,0x7F,0xFF,0xC0,0x00,0x3F,0xFF,0xC0,0x3F,0xFF,0xE0,0x00,0x00,0x3F,0xFF,0xE0,0x00,0x1F,0xFF,0xE0,0x1F,
  0xFF,0xF0,0x00,0x00,0x1F,0xFF,0xF0,0x00,0x1F,0xFF,0xF0,0x0F,0xFF,0xF8,0x00,0x00,0x0F,0xFF,0xF8,0x00,0x0F,0xFF,0xF8,0x07,
  0xFF,0xFC,0x00,0x00,0x07,0xFF,0xFC,0x00,0x07,0xFF,0xFC,0x03,0xFF,0xFE,0x00,0x00,0x03,0xFF,0xFE,0x00,0x03,0xFF,0xFE,0x01,
  0xFF,0xFF,0x00,0x00,0x01,0xFF,0xFF,0x00,0x01,0xFF,0xFF,0x00,0xFF,0xFF,0x80,0x00,0x00,0xFF,0xFF,0x80,0x01,0xFF,0xFF,0x00,
  0x7F,0xFF,0xC0,0x00,0x00,0x7F,0xFF,0xC0,0x00,0xFF,0xFF,0x80,0x3F,0xFF,0xE0,0x00,0x00,0x3F,0xFF,0xE0,0x00,0xFF,0xFF,0x80,
  0x1F,0xFF,0xF0,0x00,0x00,0x1F,0xFF,0xF0,0x00,0xFF,0xFF,0x80,0x0F,0xFF,0xF8,0x00,0x00,0x0F,0xFF,0xF8,0x00,0xFF,0xFF,0xC0,
  0x07,0xFF,0xFC,0x00,0x00,0x07,0xFF,0xFC,0x01,0xFF,0xFF,0xC0,0x03,0xFF,0xFE,0x00,0x00,0x03,0xFF,0xFE,0x0F,0xFF,0xFF,0x80,
  0x1F,0xFF,0xFF,0xE0,0x00,0x0F,0xFF,0xFF,0xFF,0xFF,0xFF,0x80,0xFF,0xFF,0xFF,0xFF,0x00,0x7F,0xFF,0xFF,0xFF,0xFF,0xFF,0x00,
  0x7F,0xFF,0xFF,0xFF,0x80,0x3F,0xFF,0xFF,0xFF,0xFF,0xFE,0x00,0x3F,0xFF,0xFF,0xFF,0xC0,0x1F,0xFF,0xFF,0xFF,0xFF,0xF8,0x00,
  0x1F,0xFF,0xFF,0xFF,0xE0,0x0F,0xFF,0xFF,0xFF,0xFF,0x80,0x00,0x00,0xFF,0xFF,0xFF,0xFF,0xFF,0xFF,0xFF,0xFF,0x00,0x00,0xFF,
  0xFF,0xFF,0xFF,0xFF,0xFF,0xFF,0xFF,0x00,0x00,0xFF,0xFF,0xFF,0xFF,0xFF,0xFF,0xFF,0xFF,0x00,0x00,0xFF,0xFF,0xFF,0xFF,0xFF,
  0xFF,0xFF,0xFF,0x00,0x00,0xFF,0xFF,0xFF,0xFF,0xFF,0xFF,0xFF,0xFF,0x00,0x00,0xFF,0xFF,0x83,0xFF,0xFF,0xFF,0xFF,0xFF,0x00,
  0x00,0xFC,0x00,0x01,0xFF,0xFE,0x00,0x00,0x7F,0x00,0x00,0xFC,0x00,0x01,0xFF,0xFE,0x00,0x00,0x3F,0x00,0x00,0xFC,0x00,0x01,
  0xFF,0xFE,0x00,0x00,0x3F,0x00,0x00,0xF8,0x00,0x01,0xFF,0xFE,0x00,0x00,0x3F,0x00,0x00,0xF8,0x00,0x01,0xFF,0xFE,0x00,0x00,
  0x3F,0x00,0x00,0xF8,0x00,0x01,0xFF,0xFE,0x00,0x00,0x3F,0x00,0x00,0xF8,0x00,0x01,0xFF,0xFE,0x00,0x00,0x3F,0x00,0x00,0xF8,
  0x00,0x01,0xFF,0xFE,0x00,0x00,0x1F,0x00,0x00,0xF8,0x00,0x01,0xFF,0xFE,0x00,0x00,0x1F,0x00,0x00,0xF8,0x00,0x01,0xFF,0xFE,
  0x00,0x00,0x1F,0x00,0x00,0xF8,0x00,0x01,0xFF,0xFE,0x00,0x00,0x1F,0x00,0x00,0xF8,0x00,0x01,0xFF,0xFE,0x00,0x00,0x1F,0x00,
  0x00,0xF0,0x00,0x01,0xFF,0xFE,0x00,0x00,0x00,0x00,0x00,0x00,0x00,0x01,0xFF,0xFE,0x00,0x00,0x00,0x00,0x00,0x00,0x00,0x01,
  0xFF,0xFE,0x00,0x00,0x00,0x00,0x00,0x00,0x00,0x01,0xFF,0xFE,0x00,0x00,0x00,0x00,0x00,0x00,0x00,0x01,0xFF,0xFE,0x00,0x00,
  0x00,0x00,0x00,0x00,0x00,0x01,0xFF,0xFE,0x07,0xFF,0xC0,0x00,0x00,0x00,0x00,0x01,0xFF,0xFE,0xFF,0xFF,0xF8,0x00,0x00,0x00,
  0x00,0x01,0xFF,0xFF,0xFF,0xFF,0xFF,0x00,0x00,0x00,0x00,0x01,0xFF,0xFF,0xFF,0xFF,0xFF,0xC0,0x00,0x00,0x00,0x01,0xFF,0xFF,
  0xFF,0xFF,0xFF,0xE0,0x00,0x00,0x00,0x01,0xFF,0xFF,0xFF,0xFF,0xFF,0xF0,0x00,0x00,0x00,0x01,0xFF,0xFF,0xFF,0xFF,0xFF,0xF8,
  0x00,0x00,0x00,0x01,0xFF,0xFF,0xFF,0xFF,0xFF,0xFC,0x00,0x00,0x00,0x01,0xFF,0xFE,0x00,0x1F,0xFF,0xFC,0x00,0x00,0x00,0x01,
  0xFF,0xFE,0x00,0x07,0xFF,0xFE,0x00,0x00,0x00,0x01,0xFF,0xFE,0x00,0x03,0xFF,0xFE,0x00,0x00,0x00,0x01,0xFF,0xFE,0x00,0x01,
  0xFF,0xFF,0x00,0x00,0x00,0x01,0xFF,0xFE,0x00,0x00,0xFF,0xFF,0x00,0x00,0x00,0x01,0xFF,0xFE,0x00,0x00,0xFF,0xFF,0x00,0x00,
  0x00,0x01,0xFF,0xFE,0x00,0x00,0xFF,0xFF,0x00,0x00,0x00,0x01,0xFF,0xFE,0x00,0x00,0x7F,0xFF,0x80,0x00,0x00,0x01,0xFF,0xFE,
  0x00,0x00,0x7F,0xFF,0x80,0x00,0x00,0x01,0xFF,0xFE,0x00,0x00,0x7F,0xFF,0x80,0x00,0x00,0x01,0xFF,0xFE,0x00,0x00,0x7F,0xFF,
  0x80,0x00,0x00,0x01,0xFF,0xFE,0x00,0x00,0x7F,0xFF,0x80,0x00,0x00,0x01,0xFF,0xFE,0x00,0x00,0x7F,0xFF,0x80,0x00,0x00,0x01,
  0xFF,0xFE,0x00,0x00,0x7F,0xFF,0x80,0x00,0x00,0x01,0xFF,0xFE,0x00,0x00,0x7F,0xFF,0x80,0x00,0x00,0x01,0xFF,0xFE,0x00,0x00,
  0x7F,0xFF,0x80,0x00,0x00,0x01,0xFF,0xFE,0x00,0x00,0x7F,0xFF,0x80,0x00,0x00,0x01,0xFF,0xFE,0x00,0x00,0x7F,0xFF,0x80,0x00,
  0x00,0x01,0xFF,0xFE,0x00,0x00,0x7F,0xFF,0x80,0x00,0x00,0x01,0xFF,0xFE,0x00,0x00,0x7F,0xFF,0x80,0x00,0x00,0x01,0xFF,0xFE,
  0x00,0x00,0x7F,0xFF,0x80,0x00,0x00,0x01,0xFF,0xFE,0x00,0x00,0x7F,0xFF,0x80,0x00,0x00,0x01,0xFF,0xFE,0x00,0x00,0x7F,0xFF,
  0x80,0x00,0x00,0x01,0xFF,0xFE,0x00,0x00,0x7F,0xFF,0x80,0x00,0x00,0x01,0xFF,0xFE,0x00,0x00,0x7F,0xFF,0x80,0x00,0x00,0x01,
  0xFF,0xFE,0x00,0x00,0x7F,0xFF,0x80,0x00,0x00,0x01,0xFF,0xFE,0x00,0x00,0x7F,0xFF,0x80,0x00,0x00,0x01,0xFF,0xFE,0x00,0x00,
  0x7F,0xFF,0x80,0x00,0x00,0x01,0xFF,0xFE,0x00,0x00,0x7F,0xFF,0x80,0x00,0x00,0x01,0xFF,0xFE,0x00,0x00,0x7F,0xFF,0x80,0x00,
  0x00,0x01,0xFF,0xFE,0x00,0x00,0x7F,0xFF,0x80,0x00,0x00,0x03,0xFF,0xFE,0x00,0x00,0x7F,0xFF,0x80,0x00,0x00,0x3F,0xFF,0xFF,
  0xE0,0x03,0xFF,0xFF,0xF0,0x00,0x03,0xFF,0xFF,0xFF,0xFE,0x3F,0xFF,0xFF,0xFF,0x00,0x03,0xFF,0xFF,0xFF,0xFE,0x3F,0xFF,0xFF,
  0xFF,0x00,0x03,0xFF,0xFF,0xFF,0xFE,0x3F,0xFF,0xFF,0xFF,0x00,0x03,0xFF,0xFF,0xFF,0xFE,0x3F,0xFF,0xFF,0xFF,0x00,0x00,0x00,
  0x00,0x03,0xFF,0xF8,0x00,0x00,0x00,0x00,0x00,0x00,0x01,0xFF,0xFC,0x00,0x00,0x00,0x00,0x00,0x00,0x01,0xFF,0xFE,0x00,0x00,
  0x00,0x00,0x00,0x00,0x00,0xFF,0xFC,0x00,0x00,0x00,0x00,0x00,0x00,0x00,0xFF,0xFC,0x00,0x00,0x00,0x00,0x00,0x00,0x00,0xFF,
  0xFC,0x00,0x00,0x00,0x00,0x00,0x00,0x00,0x7F,0xF8,0x00,0x00,0x00,0x00,0x00,0x00,0x00,0x7F,0xF8,0x00,0x00,0x00,0x00,0x00,
  0x00,0x00,0x3F,0xF8,0x00,0x00,0x00,0x00,0x00,0x00,0x00,0x3F,0xF0,0x00,0x00,0x00,0x00,0x00,0x00,0x00,0x3F,0xF0,0x00,0x00,
  0x00,0x00,0x00,0x00,0x00,0x1F,0xF0,0x00,0x00,0x00,0x00,0x00,0x00,0x00,0x1F,0xE0,0x00,0x00,0x00,0x00,0x00,0x00,0x00,0x0F,
  0xE0,0x00,0x00,0x00,0x00,0x00,0x00,0x00,0x0F,0xE0,0x00,0x00,0x00,0x00,0x00,0x00,0x00,0x07,0xC0,0x00,0x00,0x00,0x00,0x00,
  0x00,0x00,0x00,0x00,0x00,0x00,0x00,0x00,0x00,0x00,0x00,0x00,0x00,0x00,0x00,0x00,0x00,0x00,0x00,0x00,0x00,0x00,0x00,0x00,
  0x00,0x00,0x00,0x00,0x00,0x00,0x00,0x00,0x00,0x00,0x00,0x00,0x00,0x00,0x00,0x00,0x00,0x00,0x00,0x00,0x00,0x00,0x00,0x00,
  0x00,0x00,0x00,0x00,0x00,0x03,0xFF,0xFF,0xFF,0xFE,0x00,0x03,0xFF,0xFF,0xF9,0xFF,0xFF,0xFF,0xFF,0x00,0x01,0xFF,0xFF,0xFC,
  0xFF,0xFF,0xFF,0xFF,0x80,0x00,0xFF,0xFF,0xFE,0x7F,0xFF,0xFF,0xFF,0xC0,0x00,0x7F,0xFF,0xFF,0x01,0xFF,0xFF,0xFE,0x00,0x00,
  0x07,0xFF,0xF8,0x00,0x1F,0xFF,0xF0,0x00,0x00,0x00,0xFF,0x80,0x00,0x0F,0xFF,0xF8,0x00,0x00,0x00,0xFF,0x80,0x00,0x07,0xFF,
  0xFC,0x00,0x00,0x00,0xFF,0x80,0x00,0x03,0xFF,0xFE,0x00,0x00,0x00,0xFF,0x80,0x00,0x01,0xFF,0xFF,0x00,0x00,0x00,0xFF,0x80,
  0x00,0x00,0xFF,0xFF,0x80,0x00,0x00,0xFF,0x80,0x00,0x00,0x7F,0xFF,0xC0,0x00,0x00,0xFF,0x80,0x00,0x00,0x3F,0xFF,0xE0,0x00,
  0x00,0xFF,0x80,0x00,0x00,0x1F,0xFF,0xF0,0x00,0x00,0xFF,0x80,0x00,0x00,0x0F,0xFF,0xF8,0x00,0x00,0xFF,0x80,0x00,0x00,0x07,
  0xFF,0xFC,0x00,0x00,0xFF,0x80,0x00,0x00,0x03,0xFF,0xFE,0x00,0x00,0xFF,0x80,0x00,0x00,0x01,0xFF,0xFF,0x00,0x00,0xFF,0x80,
  0x00,0x00,0x00,0xFF,0xFF,0x80,0x00,0xFF,0x80,0x00,0x00,0x00,0x7F,0xFF,0xC0,0x00,0xFF,0x80,0x00,0x00,0x00,0x3F,0xFF,0xE0,
  0x00,0xFF,0x00,0x00,0x00,0x00,0x1F,0xFF,0xF0,0x00,0xFF,0x00,0x00,0x00,0x00,0x0F,0xFF,0xF8,0x00,0xFF,0x00,0x00,0x00,0x00,
  0x07,0xFF,0xFC,0x00,0xFF,0x00,0x00,0x00,0x00,0x03,0xFF,0xFE,0x00,0xFF,0x00,0x00,0x00,0x00,0x01,0xFF,0xFF,0x00,0xFF,0x80,
  0x00,0x00,0x00,0x00,0xFF,0xFF,0x80,0xFF,0xE0,0x00,0x00,0x00,0x00,0x7F,0xFF,0xC0,0xFF,0xF8,0x00,0x00,0x00,0x00,0x3F,0xFF,
  0xE0,0xFF,0xFC,0x00,0x00,0x00,0x00,0x1F,0xFF,0xF0,0xFF,0xFF,0x00,0x00,0x00,0x00,0x0F,0xFF,0xF8,0xFF,0xFF,0xC0,0x00,0x00,
  0x00,0x07,0xFF,0xFD,0xFF,0xFF,0xE0,0x00,0x00,0x00,0x03,0xFF,0xFF,0xFF,0xFF,0xF8,0x00,0x00,0x00,0x01,0xFF,0xFF,0xFF,0xFF,
  0xFE,0x00,0x00,0x00,0x00,0xFF,0xFF,0xFF,0xFF,0xFF,0x00,0x00,0x00,0x00,0x7F,0xFF,0xFE,0xFF,0xFF,0xC0,0x00,0x00,0x00,0x3F,
  0xFF,0xFE,0x3F,0xFF,0xF0,0x00,0x00,0x00,0x1F,0xFF,0xFE,0x1F,0xFF,0xF8,0x00,0x00,0x00,0x0F,0xFF,0xFC,0x07,0xFF,0xFE,0x00,
  0x00,0x00,0x07,0xFF,0xFC,0x01,0xFF,0xFF,0x80,0x00,0x00,0x03,0xFF,0xFE,0x00,0xFF,0xFF,0xC0,0x00,0x00,0x01,0xFF,0xFF,0x00,
  0x3F,0xFF,0xF0,0x00,0x00,0x00,0xFF,0xFF,0x80,0x1F,0xFF,0xFC,0x00,0x00,0x00,0x7F,0xFF,0xC0,0x07,0xFF,0xFE,0x00,0x00,0x00,
  0x3F,0xFF,0xE0,0x01,0xFF,0xFF,0x80,0x00,0x00,0x1F,0xFF,0xF0,0x00,0xFF,0xFF,0xE0,0x00,0x00,0x0F,0xFF,0xF8,0x00,0x3F,0xFF,
  0xF0,0x00,0x00,0x07,0xFF,0xFC,0x00,0x0F,0xFF,0xFC,0x00,0x00,0x03,0xFF,0xFE,0x00,0x07,0xFF,0xFF,0x00,0x00,0x01,0xFF,0xFF,
  0x00,0x01,0xFF,0xFF,0x80,0x00,0x00,0xFF,0xFF,0x80,0x00,0x7F,0xFF,0xE0,0x00,0x00,0x7F,0xFF,0xC0,0x00,0x3F,0xFF,0xF8,0x00,
  0x00,0x3F,0xFF,0xE0,0x00,0x0F,0xFF,0xFC,0x00,0x00,0x1F,0xFF,0xF0,0x00,0x07,0xFF,0xFF,0x00,0x00,0x0F,0xFF,0xF8,0x00,0x01,
  0xFF,0xFF,0xC0,0x00,0x07,0xFF,0xFC,0x00,0x00,0x7F,0xFF,0xE0,0x00,0x03,0xFF,0xFE,0x00,0x00,0x3F,0xFF,0xF8,0x00,0x01,0xFF,
  0xFF,0x00,0x00,0x0F,0xFF,0xFE,0x00,0x00,0xFF,0xFF,0x80,0x00,0x03,0xFF,0xFF,0x00,0x00,0x7F,0xFF,0xC0,0x00,0x01,0xFF,0xFF,
  0xC0,0x00,0x3F,0xFF,0xE0,0x00,0x00,0x7F,0xFF,0xF0,0x00,0x1F,0xFF,0xF0,0x00,0x00,0x3F,0xFF,0xF8,0x00,0x0F,0xFF,0xF8,0x00,
  0x00,0x0F,0xFF,0xFE,0x00,0x7F,0xFF,0xFF,0xC0,0x00,0x03,0xFF,0xFF,0xE3,0xFF,0xFF,0xFF,0xFF,0x00,0x01,0xFF,0xFF,0xFD,0xFF,
  0xFF,0xFF,0xFF,0x80,0x00,0x7F,0xFF,0xFF,0xFF,0xFF,0xFF,0xFF,0xC0,0x00,0x1F,0xFF,0xFF,0xFF,0xFF,0xFF,0xFF,0xE0,0x00,0x0F,
  0xFF,0xFF,0xC0,0x00,0x00,0x00,0x7F,0xFF,0x00,0x00,0x00,0x00,0x00,0x00,0x00,0x03,0xFF,0xF8,0x00,0x00,0x00,0x00,0x00,0x00,
  0x00,0x0F,0xFF,0xE0,0x00,0x00,0x00,0x00,0x00,0x00,0x00,0x3F,0xFF,0x80,0x00,0x00,0x00,0x00,0x00,0x00,0x00,0xFF,0xFC,0x00,
  0x00,0x00,0x00,0x00,0x00,0x00,0x01,0xFF,0xF0,0x00,0x00,0x00,0x00,0x00,0x00,0x00,0x07,0xFF,0x80,0x00,0x00,0x00,0x00,0x00,
  0x00,0x00,0x1F,0xFE,0x00,0x00,0x00,0x00,0x00,0x00,0x00,0x00,0x7F,0xF0,0x00,0x00,0x00,0x00,0x00,0x00,0x00,0x00,0xFF,0xC0,
  0x00,0x00,0x00,0x00,0x00,0x00,0x00,0x03,0xFF,0x00,0x00,0x00,0x00,0x00,0x00,0x00,0x00,0x0F,0xF8,0x00,0x00,0x00,0x00,0x00,
  0x00,0x00,0x00,0x1F,0xE0,0x00,0x00,0x00,0x00,0x00,0x00,0x00,0x00,0x7F,0x00,0x00,0x00,0x00,0x00,0x00,0x00,0x00,0x01,0xFC,
  0x00,0x00,0x00,0x00,0x00,0x00,0x00,0x00,0x03,0xE0,0x00,0x00,0x00,0x00,0x00,0x00,0x00,0x00,0x00,0x00,0x00,0x00,0x00,0x00,
  0x00,0x00,0x00,0x00,0x00,0x00,0x00,0x00,0x00,0x00,0x00,0x00,0x00,0x00,0x00,0x00,0x00,0x00,0x00,0x00,0x00,0x00,0x00,0x00,
  0x00,0x00,0x00,0x00,0x00,0x00,0x00,0x00,0x00,0x00,0x00,0x00,0x00,0x00,0x00,0x00,0x00,0x00,0x00,0x00,0x00,0x00,0x03,0xFF,
  0xFF,0xFF,0xFE,0x00,0x3F,0xFF,0xFF,0xFF,0xFF,0xFF,0xFF,0xFF,0xF0,0x01,0xFF,0xFF,0xFF,0xFF,0xFF,0xFF,0xFF,0xFF,0x80,0x0F,
  0xFF,0xFF,0xFF,0xFF,0xFF,0xFF,0xFF,0xFC,0x00,0x7F,0xFF,0xFF,0xFF,0xC3,0xFF,0xFF,0xFE,0x00,0x00,0x3F,0xFF,0xFF,0xE0,0x01,
  0xFF,0xFF,0x00,0x00,0x00,0x1F,0xFF,0xE0,0x00,0x0F,0xFF,0xF8,0x00,0x00,0x00,0xFF,0xFF,0x00,0x00,0x7F,0xFF,0xC0,0x00,0x00,
  0x07,0xFF,0xF8,0x00,0x03,0xFF,0xFE,0x00,0x00,0x00,0x3F,0xFF,0xC0,0x00,0x1F,0xFF,0xF0,0x00,0x00,0x03,0xFF,0xFE,0x00,0x00,
  0xFF,0xFF,0x80,0x00,0x00,0x1F,0xFF,0xF0,0x00,0x07,0xFF,0xFC,0x00,0x00,0x01,0xFF,0xFF,0x80,0x00,0x3F,0xFF,0xE0,0x00,0x00,
  0x1F,0xFF,0xFC,0x00,0x01,0xFF,0xFF,0x00,0x00,0x00,0xFF,0xFF,0xE0,0x00,0x0F,0xFF,0xF8,0x00,0x00,0x0F,0xFF,0xFF,0x00,0x00,
  0x7F,0xFF,0xC0,0x00,0x00,0xFF,0xFF,0xF8,0x00,0x03,0xFF,0xFE,0x00,0x00,0x0F,0xFF,0xFF,0xC0,0x00,0x1F,0xFF,0xF0,0x00,0x00,
  0x7F,0xFF,0xFE,0x00,0x00,0xFF,0xFF,0x80,0x00,0x07,0xFF,0xFF,0xF0,0x00,0x07,0xFF,0xFC,0x00,0x00,0x7F,0x7F,0xFF,0x80,0x00,
  0x3F,0xFF,0xE0,0x00,0x03,0xF3,0xFF,0xFC,0x00,0x01,0xFF,0xFF,0x00,0x00,0x3F,0x9F,0xFF,0xE0,0x00,0x0F,0xFF,0xF8,0x00,0x03,
  0xF8,0xFF,0xFF,0x00,0x00,0x7F,0xFF,0xC0,0x00,0x1F,0x87,0xFF,0xF8,0x00,0x03,0xFF,0xFE,0x00,0x01,0xFC,0x3F,0xFF,0xC0,0x00,
  0x1F,0xFF,0xF0,0x00,0x1F,0xC1,0xFF,0xFE,0x00,0x00,0xFF,0xFF,0x80,0x00,0xFC,0x0F,0xFF,0xF0,0x00,0x07,0xFF,0xFC,0x00,0x0F,
  0xE0,0x7F,0xFF,0x80,0x00,0x3F,0xFF,0xE0,0x00,0xFE,0x03,0xFF,0xFC,0x00,0x01,0xFF,0xFF,0x00,0x07,0xE0,0x1F,0xFF,0xE0,0x00,
  0x0F,0xFF,0xF8,0x00,0x7F,0x00,0xFF,0xFF,0x00,0x00,0x7F,0xFF,0xC0,0x07,0xF0,0x07,0xFF,0xF8,0x00,0x03,0xFF,0xFE,0x00,0x3F,
  0x00,0x3F,0xFF,0xC0,0x00,0x1F,0xFF,0xF0,0x03,0xF8,0x01,0xFF,0xFE,0x00,0x00,0xFF,0xFF,0x80,0x3F,0x80,0x0F,0xFF,0xF0,0x00,
  0x07,0xFF,0xFC,0x01,0xF8,0x00,0x7F,0xFF,0x80,0x00,0x3F,0xFF,0xE0,0x1F,0xC0,0x03,0xFF,0xFC,0x00,0x01,0xFF,0xFF,0x01,0xFC,
  0x00,0x1F,0xFF,0xE0,0x00,0x0F,0xFF,0xF8,0x0F,0xC0,0x00,0xFF,0xFF,0x00,0x00,0x7F,0xFF,0xC0,0xFE,0x00,0x07,0xFF,0xF8,0x00,
  0x03,0xFF,0xFE,0x0F,0xE0,0x00,0x3F,0xFF,0xC0,0x00,0x1F,0xFF,0xF0,0x7E,0x00,0x01,0xFF,0xFE,0x00,0x00,0xFF,0xFF,0x87,0xF0,
  0x00,0x0F,0xFF,0xF0,0x00,0x07,0xFF,0xFC,0x7F,0x00,0x00,0x7F,0xFF,0x80,0x00,0x3F,0xFF,0xE7,0xF0,0x00,0x03,0xFF,0xFC,0x00,
  0x01,0xFF,0xFF,0x3F,0x80,0x00,0x1F,0xFF,0xE0,0x00,0x0F,0xFF,0xFB,0xF8,0x00,0x00,0xFF,0xFF,0x00,0x00,0x7F,0xFF,0xFF,0x80,
  0x00,0x07,0xFF,0xF8,0x00,0x03,0xFF,0xFF,0xFC,0x00,0x00,0x3F,0xFF,0xC0,0x00,0x1F,0xFF,0xFF,0xC0,0x00,0x01,0xFF,0xFE,0x00,
  0x00,0xFF,0xFF,0xFC,0x00,0x00,0x0F,0xFF,0xF0,0x00,0x07,0xFF,0xFF,0xC0,0x00,0x00,0x7F,0xFF,0x80,0x00,0x3F,0xFF,0xFE,0x00,
  0x00,0x03,0xFF,0xFC,0x00,0x01,0xFF,0xFF,0xE0,0x00,0x00,0x1F,0xFF,0xE0,0x00,0x0F,0xFF,0xFE,0x00,0x00,0x00,0xFF,0xFF,0x00,
  0x00,0x7F,0xFF,0xF0,0x00,0x00,0x07,0xFF,0xF8,0x00,0x03,0xFF,0xFF,0x00,0x00,0x00,0x3F,0xFF,0xC0,0x00,0x1F,0xFF,0xF0,0x00,
  0x00,0x01,0xFF,0xFE,0x00,0x00,0xFF,0xFF,0x80,0x00,0x00,0x0F,0xFF,0xF0,0x00,0x07,0xFF,0xFC,0x00,0x00,0x00,0x7F,0xFF,0x80,
  0x00,0x3F,0xFF,0xE0,0x00,0x00,0x03,0xFF,0xFC,0x00,0x01,0xFF,0xFF,0x00,0x00,0x00,0x1F,0xFF,0xE0,0x00,0x0F,0xFF,0xF8,0x00,
  0x00,0x00,0xFF,0xFF,0x00,0x07,0xFF,0xFF,0xFC,0x00,0x00,0x7F,0xFF,0xFF,0xC3,0xFF,0xFF,0xFF,0xFE,0x00,0x3F,0xFF,0xFF,0xFF,
  0xFF,0xFF,0xFF,0xFF,0xF0,0x01,0xFF,0xFF,0xFF,0xFF,0xFF,0xFF,0xFF,0xFF,0x80,0x0F,0xFF,0xFF,0xFF,0xFF,0xFF,0xFF,0xFF,0xFC,
  0x00,0x7F,0xFF,0xFF,0xFF,0xC0,0x00,0x00,0x1F,0xFC,0x00,0x00,0xFF,0xE0,0x00,0x00,0x00,0x1F,0xF8,0x00,0x01,0xFF,0xC0,0x00,
  0x00,0x00,0x3F,0xF8,0x00,0x03,0xFF,0x80,0x00,0x00,0x00,0x7F,0xF0,0x00,0x07,0xFE,0x00,0x00,0x00,0x00,0xFF,0xE0,0x00,0x1F,
  0xFC,0x00,0x00,0x00,0x01,0xFF,0xC0,0x00,0x3F,0xF8,0x00,0x00,0x00,0x01,0xFF,0xC0,0x00,0xFF,0xE0,0x00,0x00,0x00,0x03,0xFF,
  0xC0,0x01,0xFF,0xC0,0x00,0x00,0x00,0x03,0xFF,0xC0,0x07,0xFF,0x00,0x00,0x00,0x00,0x03,0xFF,0xC0,0x3F,0xFC,0x00,0x00,0x00,
  0x00,0x03,0xFF,0xFF,0xFF,0xF8,0x00,0x00,0x00,0x00,0x03,0xFF,0xFF,0xFF,0xC0,0x00,0x00,0x00,0x00,0x01,0xFF,0xFF,0xFF,0x00,
  0x00,0x00,0x00,0x00,0x00,0xFF,0xFF,0xF0,0x00,0x00,0x00,0x00,0x00,0x00,0x1F,0xFF,0x00,0x00,0x00,0x00,0x00,0x00,0x00,0x00,
  0x00,0x00,0x00,0x00,0x00,0x00,0x00,0x00,0x00,0x00,0x00,0x00,0x00,0x00,0x00,0x00,0x00,0x00,0x00,0x00,0x00,0x00,0x00,0x00,
  0x00,0x00,0x00,0x00,0x00,0x00,0x00,0x00,0x00,0x00,0x00,0x00,0x00,0x00,0x00,0x00,0x00,0x00,0x00,0x00,0x00,0x00,0x00,0x00,
  0x1F,0xFF,0xFF,0xFF,0xFC,0x00,0x1F,0xFF,0xFF,0xFF,0xFF,0xFF,0xFF,0xF8,0x00,0x3F,0xFF,0xFF,0xFF,0xFF,0xFF,0xFF,0xF0,0x00,
  0x7F,0xFF,0xFF,0xFF,0xFF,0xFF,0xFF,0xE0,0x00,0xFF,0xFF,0xFE,0x1F,0xFF,0xFF,0xF8,0x00,0x00,0x0F,0xFF,0xC0,0x03,0xFF,0xFF,
  0x00,0x00,0x00,0x03,0xFC,0x00,0x07,0xFF,0xFF,0x00,0x00,0x00,0x07,0xF0,0x00,0x07,0xFF,0xFE,0x00,0x00,0x00,0x1F,0xE0,0x00,
  0x07,0xFF,0xFE,0x00,0x00,0x00,0x3F,0x80,0x00,0x0F,0xFF,0xFC,0x00,0x00,0x00,0xFF,0x00,0x00,0x0F,0xFF,0xFC,0x00,0x00,0x03,
  0xFC,0x00,0x00,0x1F,0xFF,0xF8,0x00,0x00,0x07,0xF8,0x00,0x00,0x1F,0xFF,0xF8,0x00,0x00,0x1F,0xE0,0x00,0x00,0x3F,0xFF,0xF8,
  0x00,0x00,0x3F,0xC0,0x00,0x00,0x3F,0xFF,0xF0,0x00,0x00,0xFF,0x00,0x00,0x00,0x3F,0xFF,0xF0,0x00,0x01,0xFC,0x00,0x00,0x00,
  0x7F,0xFF,0xE0,0x00,0x07,0xF8,0x00,0x00,0x00,0x7F,0xFF,0xE0,0x00,0x0F,0xE0,0x00,0x00,0x00,0xFF,0xFF,0xC0,0x00,0x3F,0xC0,
  0x00,0x00,0x00,0xFF,0xFF,0xC0,0x00,0x7F,0x00,0x00,0x00,0x01,0xFF,0xFF,0x80,0x01,0xFE,0x00,0x00,0x00,0x01,0xFF,0xFF,0x80,
  0x03,0xF8,0x00,0x00,0x00,0x01,0xFF,0xFF,0x00,0x0F,0xF0,0x00,0x00,0x00,0x03,0xFF,0xFF,0x00,0x1F,0xC0,0x00,0x00,0x00,0x03,
  0xFF,0xFF,0x00,0x7F,0x80,0x00,0x00,0x00,0x07,0xFF,0xFE,0x00,0xFE,0x00,0x00,0x00,0x00,0x07,0xFF,0xFE,0x03,0xF8,0x00,0x00,
  0x00,0x00,0x07,0xFF,0xFC,0x0F,0xF0,0x00,0x00,0x00,0x00,0x0F,0xFF,0xFC,0x1F,0xC0,0x00,0x00,0x00,0x00,0x0F,0xFF,0xF8,0x7F,
  0x80,0x00,0x00,0x00,0x00,0x1F,0xFF,0xF8,0xFE,0x00,0x00,0x00,0x00,0x00,0x1F,0xFF,0xF3,0xFC,0x00,0x00,0x00,0x00,0x00,0x3F,
  0xFF,0xF7,0xF0,0x00,0x00,0x00,0x00,0x00,0x3F,0xFF,0xFF,0xE0,0x00,0x00,0x00,0x00,0x00,0x3F,0xFF,0xFF,0x80,0x00,0x00,0x00,
  0x00,0x00,0x7F,0xFF,0xFF,0x00,0x00,0x00,0x00,0x00,0x00,0x7F,0xFF,0xFC,0x00,0x00,0x00,0x00,0x00,0x00,0xFF,0xFF,0xF8,0x00,
  0x00,0x00,0x00,0x00,0x00,0xFF,0xFF,0xE0,0x00,0x00,0x00,0x00,0x00,0x01,0xFF,0xFF,0x80,0x00,0x00,0x00,0x00,0x00,0x01,0xFF,
  0xFF,0x00,0x00,0x00,0x00,0x00,0x00,0x01,0xFF,0xFC,0x00,0x00,0x00,0x00,0x00,0x00,0x03,0xFF,0xF8,0x00,0x00,0x00,0x00,0x00,
  0x00,0x03,0xFF,0xE0,0x00,0x00,0x00,0x00,0x00,0x00,0x07,0xFF,0xC0,0x00,0x00,0x00,0x00,0x00,0x00,0x07,0xFF,0x00,0x00,0x00,
  0x00,0x00,0x00,0x00,0x07,0xFE,0x00,0x00,0x00,0x00,0x00,0x00,0x00,0x0F,0xF8,0x00,0x00,0x00,0x00,0x00,0x00,0x00,0x1F,0xF0,
  0x00,0x00,0x00,0x00,0x00,0x00,0x00,0x3F,0xC0,0x00,0x00,0x00,0x00,0x00,0x00,0x00,0xFF,0x00,0x00,0x00,0x00,0x00,0x00,0x00,
  0x01,0xFE,0x00,0x00,0x00,0x00,0x00,0xE0,0x00,0x07,0xF8,0x00,0x00,0x00,0x00,0x01,0xE0,0x00,0x0F,0xF0,0x00,0x00,0x00,0x00,
  0x03,0xC0,0x00,0x3F,0xC0,0x00,0x00,0x00,0x00,0x07,0xC0,0x00,0xFF,0x80,0x00,0x00,0x00,0x00,0x0F,0x80,0x01,0xFE,0x00,0x00,
  0x00,0x00,0x00,0x1F,0x80,0x07,0xF8,0x00,0x00,0x00,0x00,0x00,0x3F,0x00,0x1F,0xF0,0x00,0x00,0x00,0x00,0x00,0x7F,0x00,0xFF,
  0xC0,0x00,0x00,0x00,0x00,0x00,0xFF,0x87,0xFF,0x00,0x00,0x00,0x00,0x00,0x01,0xFF,0xFF,0xFE,0x00,0x00,0x00,0x00,0x00,0x03,
  0xFF,0xFF,0xF8,0x00,0x00,0x00,0x00,0x00,0x07,0xFF,0xFF,0xE0,0x00,0x00,0x00,0x00,0x00,0x0F,0xFF,0xFF,0x80,0x00,0x00,0x00,
  0x00,0x00,0x1F,0xFF,0xFE,0x00,0x00,0x00,0x00,0x00,0x00,0x1F,0xFF,0xF0,0x00,0x00,0x00,0x00,0x00,0x00,0x1F,0xFF,0xC0,0x00,
  0x00,0x00,0x00,0x00,0x00,0x07,0xFC,0x00,0x00,0x00,0x00,0x00,0x00,0xFF,0xFF,0xFF,0xFF,0x80,0x0F,0xFF,0xFF,0xFF,0xFF,0xFF,
  0xFF,0xFF,0xFC,0x00,0x7F,0xFF,0xFF,0xFF,0xFF,0xFF,0xFF,0xFF,0xE0,0x03,0xFF,0xFF,0xFF,0xFF,0xFF,0xFF,0xFF,0xFF,0x00,0x1F,
  0xFF,0xFF,0xFF,0xF0,0xFF,0xFF,0xFF,0x80,0x00,0x0F,0xFF,0xFF,0xF8,0x00,0x7F,0xFF,0xC0,0x00,0x00,0x07,0xFF,0xF8,0x00,0x03,
  0xFF,0xFE,0x00,0x00,0x00,0x3F,0xFF,0xC0,0x00,0x1F,0xFF,0xF0,0x00,0x00,0x01,0xFF,0xFE,0x00,0x00,0xFF,0xFF,0x80,0x00,0x00,
  0x0F,0xFF,0xF0,0x00,0x07,0xFF,0xFC,0x00,0x00,0x00,0x7F,0xFF,0x80,0x00,0x3F,0xFF,0xE0,0x00,0x00,0x03,0xFF,0xFC,0x00,0x01,
  0xFF,0xFF,0x00,0x00,0x00,0x1F,0xFF,0xE0,0x00,0x0F,0xFF,0xF8,0x00,0x00,0x00,0xFF,0xFF,0x00,0x00,0x7F,0xFF,0xC0,0x00,0x00,
  0x07,0xFF,0xF8,0x00,0x03,0xFF,0xFE,0x00,0x00,0x00,0x3F,0xFF,0xC0,0x00,0x1F,0xFF,0xF0,0x00,0x00,0x01,0xFF,0xFE,0x00,0x00,
  0xFF,0xFF,0x80,0x00,0x00,0x0F,0xFF,0xF0,0x00,0x07,0xFF,0xFC,0x00,0x00,0x00,0x7F,0xFF,0x80,0x00,0x3F,0xFF,0xE0,0x00,0x00,
  0x03,0xFF,0xFC,0x00,0x01,0xFF,0xFF,0x00,0x00,0x00,0x1F,0xFF,0xE0,0x00,0x0F,0xFF,0xF8,0x00,0x00,0x00,0xFF,0xFF,0x00,0x00,
  0x7F,0xFF,0xC0,0x00,0x00,0x07,0xFF,0xF8,0x00,0x03,0xFF,0xFE,0x00,0x00,0x00,0x3F,0xFF,0xC0,0x00,0x1F,0xFF,0xF0,0x00,0x00,
  0x01,0xFF,0xFE,0x00,0x00,0xFF,0xFF,0x80,0x00,0x00,0x0F,0xFF,0xF0,0x00,0x07,0xFF,0xFC,0x00,0x00,0x00,0x7F,0xFF,0x80,0x00,
  0x3F,0xFF,0xE0,0x00,0x00,0x03,0xFF,0xFC,0x00,0x01,0xFF,0xFF,0x00,0x00,0x00,0x1F,0xFF,0xE0,0x00,0x0F,0xFF,0xF8,0x00,0x00,
  0x00,0xFF,0xFF,0x00,0x00,0x7F,0xFF,0xC0,0x00,0x00,0x07,0xFF,0xF8,0x00,0x03,0xFF,0xFE,0x00,0x00,0x00,0x3F,0xFF,0xC0,0x00,
  0x1F,0xFF,0xF0,0x00,0x00,0x01,0xFF,0xFE,0x00,0x00,0xFF,0xFF,0x80,0x00,0x00,0x0F,0xFF,0xF0,0x00,0x07,0xFF,0xFC,0x00,0x00,
  0x00,0x7F,0xFF,0x80,0x00,0x3F,0xFF,0xE0,0x00,0x00,0x03,0xFF,0xFC,0x00,0x01,0xFF,0xFF,0x00,0x00,0x00,0x1F,0xFF,0xE0,0x00,
  0x0F,0xFF,0xF8,0x00,0x00,0x00,0xFF,0xFF,0x00,0x00,0x7F,0xFF,0xC0,0x00,0x00,0x07,0xFF,0xF8,0x00,0x03,0xFF,0xFE,0x00,0x00,
  0x00,0x3F,0xFF,0xC0,0x00,0x1F,0xFF,0xF0,0x00,0x00,0x01,0xFF,0xFE,0x00,0x00,0xFF,0xFF,0x80,0x00,0x00,0x0F,0xFF,0xF0,0x00,
  0x07,0xFF,0xFC,0x00,0x00,0x00,0x7F,0xFF,0x80,0x00,0x3F,0xFF,0xE0,0x00,0x00,0x03,0xFF,0xFC,0x00,0x01,0xFF,0xFF,0x00,0x00,
  0x00,0x1F,0xFF,0xE0,0x00,0x0F,0xFF,0xF8,0x00,0x00,0x00,0xFF,0xFF,0x00,0x00,0x7F,0xFF,0xC0,0x00,0x00,0x07,0xFF,0xF8,0x00,
  0x03,0xFF,0xFE,0x00,0x00,0x00,0x3F,0xFF,0xC0,0x00,0x1F,0xFF,0xF0,0x00,0x00,0x01,0xFF,0xFE,0x00,0x00,0xFF,0xFF,0x80,0x00,
  0x00,0x0F,0xFF,0xF0,0x00,0x07,0xFF,0xFC,0x00,0x00,0x00,0x7F,0xFF,0x80,0x00,0x3F,0xFF,0xE0,0x00,0x00,0x03,0xFF,0xFC,0x00,
  0x01,0xFF,0xFF,0x00,0x00,0x00,0x1F,0xFF,0xE0,0x00,0x0F,0xFF,0xF8,0x00,0x00,0x00,0xFF,0xFF,0x00,0x00,0x7F,0xFF,0xC0,0x00,
  0x00,0x07,0xFF,0xF8,0x00,0x03,0xFF,0xFE,0x00,0x00,0x00,0x3F,0xFF,0xC0,0x00,0x1F,0xFF,0xF0,0x00,0x00,0x01,0xFF,0xFE,0x00,
  0x00,0xFF,0xFF,0x80,0x00,0x00,0x0F,0xFF,0xF0,0x00,0x07,0xFF,0xFC,0x00,0x00,0x00,0x7F,0xFF,0x80,0x00,0x3F,0xFF,0xE0,0x00,
  0x00,0x03,0xFF,0xFC,0x00,0x01,0xFF,0xFF,0x00,0x00,0x00,0x1F,0xFF,0xE0,0x00,0x0F,0xFF,0xF8,0x00,0x00,0x00,0xFF,0xFF,0x00,
  0x00,0x7F,0xFF,0xC0,0x00,0x00,0x07,0xFF,0xF8,0x00,0x03,0xFF,0xFF,0xFF,0xFF,0xFF,0xFF,0xFF,0xC0,0x01,0xFF,0xFF,0xFF,0xFF,
  0xFF,0xFF,0xFF,0xFF,0xF0,0xFF,0xFF,0xFF,0xFF,0xFF,0xFF,0xFF,0xFF,0xFF,0xFF,0xFF,0xFF,0xFF,0xFF,0xFF,0xFF,0xFF,0xFF,0xFF,
  0xFF,0xFF,0xFF,0xFF,0xFF,0xFF,0xFF,0xFF,0xFF,0xFF,0xFF,0xFF,0xFF,0xFF,0xFF,0xFF,0xFF,0xFF,0xFF,0xF0,0x00,0x00,0x00,0x1F,
  0xFF,0xC0,0x00,0x00,0x00,0x00,0x00,0x00,0x00,0xFF,0xFE,0x00,0x00,0x00,0x00,0x00,0x00,0x00,0x07,0xFF,0xF0,0x00,0x00,0x00,
  0x00,0x00,0x00,0x00,0x1F,0xFF,0x00,0x00,0x00,0x00,0x00,0x00,0x00,0x00,0xFF,0xF8,0x00,0x00,0x00,0x00,0x00,0x00,0x00,0x07,
  0xFF,0xC0,0x00,0x00,0x00,0x00,0x00,0x00,0x00,0x3F,0xFE,0x00,0x00,0x00,0x00,0x00,0x00,0x00,0x01,0xFF,0xE0,0x00,0x00,0x00,
  0x00,0x00,0x00,0x00,0x07,0xFF,0x00,0x00,0x00,0x00,0x00,0x00,0x00,0x00,0x3F,0xF8,0x00,0x00,0x00,0x00,0x00,0x00,0x00,0x01,
  0xFF,0xC0,0x00,0x00,0x00,0x00,0x00,0x00,0x00,0x0F,0xFE,0x00,0x00,0x00,0x00,0x00,0x00,0x00,0x00,0x3F,0xE0,0x00,0x00,0x00,
  0x00,0x00,0x00,0x00,0x01,0xFF,0x00,0x00,0x00,0x00,0x00,0x00,0x00,0x00,0x0F,0xF8,0x00,0x00,0x00,0x00,0x00,0x00,0x00,0x00,
  0x7F,0xC0,0x00,0x00,0x00,0x00,0x00,0x00,0x00,0x03,0xFC,0x00,0x00,0x00,0x00,0x00,0x00,0x00,0x00,0x0F,0xE0,0x00,0x00,0x00,
  0x00,0x00,0x00,0x00,0x00,0x7F,0x00,0x00,0x00,0x00,0x00,0x00,0x00,0x00,0x03,0xF8,0x00,0x00,0x00,0x00,0x00,0x00,0x00,0x00,
  0x1F,0xC0,0x00,0x00,0x00,0x00,0x00,0x00,0x00,0x07,0xFF,0xF0,0x00,0x00,0x00,0x00,0x00,0x00,0x03,0xFF,0xFC,0x00,0x00,0x00,
  0x00,0x00,0x00,0x03,0xFF,0xFE,0x00,0x00,0x00,0x00,0x00,0x00,0x01,0xFF,0xFF,0x00,0x00,0x00,0x00,0x00,0x00,0x00,0xFF,0xFF,
  0xC0,0x00,0x00,0x00,0x00,0x00,0x00,0xFF,0xFF,0xE0,0x00,0x00,0x00,0x00,0x00,0x00,0x7F,0xFF,0xF8,0x00,0x00,0x00,0x00,0x00,
  0x00,0x7F,0xFF,0xFC,0x00,0x00,0x00,0x00,0x00,0x00,0x3F,0xFF,0xFE,0x00,0x00,0x00,0x00,0x00,0x00,0x1F,0xFF,0xFF,0x80,0x00,
  0x00,0x00,0x00,0x00,0x1F,0xFF,0xFF,0xC0,0x00,0x00,0x00,0x00,0x00,0x0F,0xDF,0xFF,0xE0,0x00,0x00,0x00,0x00,0x00,0x07,0xEF,
  0xFF,0xF8,0x00,0x00,0x00,0x00,0x00,0x07,0xE3,0xFF,0xFC,0x00,0x00,0x00,0x00,0x00,0x03,0xF1,0xFF,0xFF,0x00,0x00,0x00,0x00,
  0x00,0x03,0xF8,0xFF,0xFF,0x80,0x00,0x00,0x00,0x00,0x01,0xF8,0x3F,0xFF,0xC0,0x00,0x00,0x00,0x00,0x00,0xFC,0x1F,0xFF,0xF0,
  0x00,0x00,0x00,0x00,0x00,0xFE,0x0F,0xFF,0xF8,0x00,0x00,0x00,0x00,0x00,0x7E,0x03,0xFF,0xFC,0x00,0x00,0x00,0x00,0x00,0x7F,
  0x01,0xFF,0xFF,0x00,0x00,0x00,0x00,0x00,0x3F,0x80,0xFF,0xFF,0x80,0x00,0x00,0x00,0x00,0x1F,0x80,0x3F,0xFF,0xE0,0x00,0x00,
  0x00,0x00,0x1F,0xC0,0x1F,0xFF,0xF0,0x00,0x00,0x00,0x00,0x0F,0xC0,0x07,0xFF,0xF8,0x00,0x00,0x00,0x00,0x07,0xE0,0x03,0xFF,
  0xFE,0x00,0x00,0x00,0x00,0x07,0xF0,0x01,0xFF,0xFF,0x00,0x00,0x00,0x00,0x03,0xF0,0x00,0x7F,0xFF,0x80,0x00,0x00,0x00,0x03,
  0xF8,0x00,0x3F,0xFF,0xE0,0x00,0x00,0x00,0x01,0xFC,0x00,0x1F,0xFF,0xF0,0x00,0x00,0x00,0x00,0xFC,0x00,0x07,0xFF,0xFC,0x00,
  0x00,0x00,0x00,0xFE,0x00,0x03,0xFF,0xFE,0x00,0x00,0x00,0x00,0x7E,0x00,0x01,0xFF,0xFF,0x00,0x00,0x00,0x00,0x3F,0x00,0x00,
  0x7F,0xFF,0xC0,0x00,0x00,0x00,0x3F,0x80,0x00,0x3F,0xFF,0xE0,0x00,0x00,0x00,0x1F,0x80,0x00,0x1F,0xFF,0xF8,0x00,0x00,0x00,
  0x1F,0xC0,0x00,0x07,0xFF,0xFC,0x00,0x00,0x00,0x0F,0xE0,0x00,0x03,0xFF,0xFE,0x00,0x00,0x00,0x07,0xE0,0x00,0x00,0xFF,0xFF,
  0x80,0x00,0x00,0x07,0xF0,0x00,0x00,0x7F,0xFF,0xC0,0x00,0x00,0x03,0xF8,0x00,0x00,0x3F,0xFF,0xE0,0x00,0x00,0x01,0xFF,0xFF,
  0xFF,0xFF,0xFF,0xF8,0x00,0x00,0x01,0xFF,0xFF,0xFF,0xFF,0xFF,0xFC,0x00,0x00,0x00,0xFF,0xFF,0xFF,0xFF,0xFF,0xFF,0x00,0x00,
  0x00,0xFF,0xFF,0xFF,0xFF,0xFF,0xFF,0x80,0x00,0x00,0x7F,0xFF,0xFF,0xFF,0xFF,0xFF,0xC0,0x00,0x00,0x3F,0xFF,0xFF,0xFF,0xFF,
  0xFF,0xF0,0x00,0x00,0x3F,0x80,0x00,0x00,0x0F,0xFF,0xF8,0x00,0x00,0x1F,0xC0,0x00,0x00,0x07,0xFF,0xFC,0x00,0x00,0x1F,0xC0,
  0x00,0x00,0x03,0xFF,0xFF,0x00,0x00,0x0F,0xE0,0x00,0x00,0x00,0xFF,0xFF,0x80,0x00,0x07,0xF0,0x00,0x00,0x00,0x7F,0xFF,0xE0,
  0x00,0x07,0xF0,0x00,0x00,0x00,0x1F,0xFF,0xF0,0x00,0x03,0xF8,0x00,0x00,0x00,0x0F,0xFF,0xF8,0x00,0x01,0xF8,0x00,0x00,0x00,
  0x07,0xFF,0xFE,0x00,0x01,0xFC,0x00,0x00,0x00,0x01,0xFF,0xFF,0x00,0x00,0xFE,0x00,0x00,0x00,0x00,0xFF,0xFF,0x80,0x00,0xFE,
  0x00,0x00,0x00,0x00,0x7F,0xFF,0xE0,0x00,0x7F,0x00,0x00,0x00,0x00,0x1F,0xFF,0xF0,0x00,0x3F,0x80,0x00,0x00,0x00,0x0F,0xFF,
  0xFC,0x00,0x3F,0x80,0x00,0x00,0x00,0x03,0xFF,0xFE,0x00,0x1F,0xC0,0x00,0x00,0x00,0x01,0xFF,0xFF,0x00,0x0F,0xE0,0x00,0x00,
  0x00,0x00,0xFF,0xFF,0xC0,0x0F,0xE0,0x00,0x00,0x00,0x00,0x3F,0xFF,0xE0,0x1F,0xFF,0x00,0x00,0x00,0x01,0xFF,0xFF,0xFE,0x7F,
  0xFF,0xFC,0x00,0x00,0x0F,0xFF,0xFF,0xFF,0xFF,0xFF,0xFE,0x00,0x00,0x07,0xFF,0xFF,0xFF,0xFF,0xFF,0xFF,0x00,0x00,0x03,0xFF,
  0xFF,0xFF,0xFF,0xFF,0xFF,0x80,0x00,0x01,0xFF,0xFF,0xFF,0xF8,0xFF,0xFF,0xFF,0xFF,0xFF,0xFF,0xFF,0x87,0xFF,0xFF,0xFF,0xFF,
  0xFF,0xFF,0xFC,0x3F,0xFF,0xFF,0xFF,0xFF,0xFF,0xFF,0xE1,0xFF,0xFF,0xFF,0xFF,0xFF,0xFF,0xFF,0x00,0xFF,0xFF,0xFF,0xFF,0xFF,
  0xFF,0xF8,0x00,0x7F,0xFF,0xC0,0x03,0xFF,0xFF,0xC0,0x03,0xFF,0xFE,0x00,0x00,0x01,0xFE,0x00,0x1F,0xFF,0xF0,0x00,0x00,0x07,
  0xF0,0x00,0xFF,0xFF,0x80,0x00,0x00,0x3F,0x80,0x07,0xFF,0xFC,0x00,0x00,0x01,0xFC,0x00,0x3F,0xFF,0xE0,0x00,0x00,0x07,0xE0,
  0x01,0xFF,0xFF,0x00,0x00,0x00,0x3F,0x00,0x0F,0xFF,0xF8,0x00,0x00,0x01,0xF8,0x00,0x7F,0xFF,0xC0,0x00,0x00,0x07,0xC0,0x03,
  0xFF,0xFE,0x00,0x00,0x00,0x3E,0x00,0x1F,0xFF,0xF0,0x00,0x00,0x01,0xF0,0x00,0xFF,0xFF,0x80,0x00,0x00,0x0F,0x80,0x07,0xFF,
  0xFC,0x00,0x00,0x00,0x00,0x00,0x3F,0xFF,0xE0,0x00,0x00,0x00,0x00,0x01,0xFF,0xFF,0x00,0x00,0x00,0x00,0x00,0x0F,0xFF,0xF8,
  0x00,0x00,0x00,0x00,0x00,0x7F,0xFF,0xC0,0x00,0x00,0x00,0x00,0x03,0xFF,0xFE,0x00,0x00,0x00,0x00,0x00,0x1F,0xFF,0xF0,0x00,
  0x00,0x00,0x00,0x00,0xFF,0xFF,0x80,0x00,0x00,0x00,0x00,0x07,0xFF,0xFC,0x00,0x00,0x00,0x00,0x00,0x3F,0xFF,0xE0,0x00,0x00,
  0x00,0x00,0x01,0xFF,0xFF,0x00,0x00,0x00,0x00,0x00,0x0F,0xFF,0xF8,0x00,0x00,0x00,0x00,0x00,0x7F,0xFF,0xFF,0xFF,0xE0,0x00,
  0x00,0x03,0xFF,0xFF,0xFF,0xFF,0xF8,0x00,0x00,0x1F,0xFF,0xFF,0xFF,0xFF,0xF8,0x00,0x00,0xFF,0xFF,0xFF,0xFF,0xFF,0xF0,0x00,
  0x07,0xFF,0xFF,0xFF,0xFF,0xFF,0xE0,0x00,0x3F,0xFF,0xFF,0xFF,0xFF,0xFF,0x80,0x01,0xFF,0xFF,0x00,0x1F,0xFF,0xFE,0x00,0x0F,
  0xFF,0xF8,0x00,0x1F,0xFF,0xF8,0x00,0x7F,0xFF,0xC0,0x00,0x7F,0xFF,0xE0,0x03,0xFF,0xFE,0x00,0x01,0xFF,0xFF,0x80,0x1F,0xFF,
  0xF0,0x00,0x07,0xFF,0xFC,0x00,0xFF,0xFF,0x80,0x00,0x1F,0xFF,0xF0,0x07,0xFF,0xFC,0x00,0x00,0xFF,0xFF,0x80,0x3F,0xFF,0xE0,
  0x00,0x03,0xFF,0xFE,0x01,0xFF,0xFF,0x00,0x00,0x1F,0xFF,0xF0,0x0F,0xFF,0xF8,0x00,0x00,0xFF,0xFF,0x80,0x7F,0xFF,0xC0,0x00,
  0x07,0xFF,0xFC,0x03,0xFF,0xFE,0x00,0x00,0x3F,0xFF,0xE0,0x1F,0xFF,0xF0,0x00,0x00,0xFF,0xFF,0x00,0xFF,0xFF,0x80,0x00,0x07,
  0xFF,0xF8,0x07,0xFF,0xFC,0x00,0x00,0x3F,0xFF,0xC0,0x3F,0xFF,0xE0,0x00,0x03,0xFF,0xFE,0x01,0xFF,0xFF,0x00,0x00,0x1F,0xFF,
  0xF0,0x0F,0xFF,0xF8,0x00,0x00,0xFF,0xFF,0x80,0x7F,0xFF,0xC0,0x00,0x07,0xFF,0xFC,0x03,0xFF,0xFE,0x00,0x00,0x3F,0xFF,0xE0,
  0x1F,0xFF,0xF0,0x00,0x03,0xFF,0xFE,0x00,0xFF,0xFF,0x80,0x00,0x1F,0xFF,0xF0,0x07,0xFF,0xFC,0x00,0x01,0xFF,0xFF,0x00,0x3F,
  0xFF,0xE0,0x00,0x0F,0xFF,0xF8,0x01,0xFF,0xFF,0x00,0x00,0xFF,0xFF,0x80,0x0F,0xFF,0xF8,0x00,0x0F,0xFF,0xF8,0x00,0x7F,0xFF,
  0xC0,0x01,0xFF,0xFF,0x80,0x03,0xFF,0xFE,0x00,0xFF,0xFF,0xF8,0x00,0xFF,0xFF,0xFF,0xFF,0xFF,0xFF,0x80,0xFF,0xFF,0xFF,0xFF,
  0xFF,0xFF,0xF0,0x07,0xFF,0xFF,0xFF,0xFF,0xFF,0xFE,0x00,0x3F,0xFF,0xFF,0xFF,0xFF,0xFF,0x80,0x01,0xFF,0xFF,0xFF,0xFF,0xFF,
  0x80,0x00,0x00,0xFF,0xFF,0xFF,0xFF,0xFF,0xC0,0x00,0x00,0x7F,0xFF,0xFF,0xFF,0xFF,0xFF,0x80,0x00,0x3F,0xFF,0xFF,0xFF,0xFF,
  0xFF,0xF8,0x00,0x1F,0xFF,0xFF,0xFF,0xFF,0xFF,0xFF,0x00,0x00,0x7F,0xFF,0xFF,0xFF,0xFF,0xFF,0xC0,0x00,0x07,0xFF,0xFF,0xFF,
  0xFF,0xFF,0xF0,0x00,0x03,0xFF,0xFE,0x00,0x1F,0xFF,0xFC,0x00,0x01,0xFF,0xFF,0x00,0x03,0xFF,0xFF,0x00,0x00,0xFF,0xFF,0x80,
  0x00,0xFF,0xFF,0xC0,0x00,0x7F,0xFF,0xC0,0x00,0x3F,0xFF,0xE0,0x00,0x3F,0xFF,0xE0,0x00,0x1F,0xFF,0xF8,0x00,0x1F,0xFF,0xF0,
  0x00,0x07,0xFF,0xFC,0x00,0x0F,0xFF,0xF8,0x00,0x03,0xFF,0xFE,0x00,0x07,0xFF,0xFC,0x00,0x01,0xFF,0xFF,0x00,0x03,0xFF,0xFE,
  0x00,0x00,0xFF,0xFF,0x80,0x01,0xFF,0xFF,0x00,0x00,0x7F,0xFF,0xC0,0x00,0xFF,0xFF,0x80,0x00,0x1F,0xFF,0xE0,0x00,0x7F,0xFF,
  0xC0,0x00,0x1F,0xFF,0xF0,0x00,0x3F,0xFF,0xE0,0x00,0x0F,0xFF,0xF8,0x00,0x1F,0xFF,0xF0,0x00,0x07,0xFF,0xFC,0x00,0x0F,0xFF,
  0xF8,0x00,0x03,0xFF,0xFC,0x00,0x07,0xFF,0xFC,0x00,0x01,0xFF,0xFE,0x00,0x03,0xFF,0xFE,0x00,0x00,0xFF,0xFF,0x00,0x01,0xFF,
  0xFF,0x00,0x00,0xFF,0xFF,0x00,0x00,0xFF,0xFF,0x80,0x00,0x7F,0xFF,0x00,0x00,0x7F,0xFF,0xC0,0x00,0x7F,0xFF,0x80,0x00,0x3F,
  0xFF,0xE0,0x00,0x3F,0xFF,0x80,0x00,0x1F,0xFF,0xF0,0x00,0x7F,0xFF,0x80,0x00,0x0F,0xFF,0xF8,0x00,0xFF,0xFF,0x00,0x00,0x07,
  0xFF,0xFF,0xFF,0xFF,0xFF,0x00,0x00,0x03,0xFF,0xFF,0xFF,0xFF,0xFC,0x00,0x00,0x01,0xFF,0xFF,0xFF,0xFF,0xFC,0x00,0x00,0x00,
  0xFF,0xFF,0xFF,0xFF,0xFF,0xF0,0x00,0x00,0x7F,0xFF,0xFF,0xFF,0xFF,0xFF,0x00,0x00,0x3F,0xFF,0xFF,0xFF,0xFF,0xFF,0xE0,0x00,
  0x1F,0xFF,0xF0,0x00,0x1F,0xFF,0xF8,0x00,0x0F,0xFF,0xF8,0x00,0x03,0xFF,0xFF,0x00,0x07,0xFF,0xFC,0x00,0x00,0x7F,0xFF,0xC0,
  0x03,0xFF,0xFE,0x00,0x00,0x1F,0xFF,0xE0,0x01,0xFF,0xFF,0x00,0x00,0x07,0xFF,0xF8,0x00,0xFF,0xFF,0x80,0x00,0x03,0xFF,0xFE,
  0x00,0x7F,0xFF,0xC0,0x00,0x00,0xFF,0xFF,0x00,0x3F,0xFF,0xE0,0x00,0x00,0x7F,0xFF,0xC0,0x1F,0xFF,0xF0,0x00,0x00,0x3F,0xFF,
  0xE0,0x0F,0xFF,0xF8,0x00,0x00,0x1F,0xFF,0xF0,0x07,0xFF,0xFC,0x00,0x00,0x0F,0xFF,0xF8,0x03,0xFF,0xFE,0x00,0x00,0x03,0xFF,
  0xFC,0x01,0xFF,0xFF,0x00,0x00,0x01,0xFF,0xFF,0x00,0xFF,0xFF,0x80,0x00,0x00,0xFF,0xFF,0x80,0x7F,0xFF,0xC0,0x00,0x00,0x7F,
  0xFF,0x80,0x3F,0xFF,0xE0,0x00,0x00,0x3F,0xFF,0xC0,0x1F,0xFF,0xF0,0x00,0x00,0x3F,0xFF,0xE0,0x0F,0xFF,0xF8,0x00,0x00,0x1F,
  0xFF,0xF0,0x07,0xFF,0xFC,0x00,0x00,0x0F,0xFF,0xF8,0x03,0xFF,0xFE,0x00,0x00,0x07,0xFF,0xFC,0x01,0xFF,0xFF,0x00,0x00,0x03,
  0xFF,0xFC,0x00,0xFF,0xFF,0x80,0x00,0x03,0xFF,0xFE,0x00,0x7F,0xFF,0xC0,0x00,0x01,0xFF,0xFE,0x00,0x3F,0xFF,0xE0,0x00,0x01,
  0xFF,0xFF,0x00,0x1F,0xFF,0xF0,0x00,0x01,0xFF,0xFF,0x00,0x0F,0xFF,0xF8,0x00,0x01,0xFF,0xFF,0x00,0x07,0xFF,0xFC,0x00,0x01,
  0xFF,0xFF,0x00,0x03,0xFF,0xFF,0xE0,0x0F,0xFF,0xFF,0x00,0x1F,0xFF,0xFF,0xFF,0xFF,0xFF,0xFF,0x00,0xFF,0xFF,0xFF,0xFF,0xFF,
  0xFF,0xFE,0x00,0x7F,0xFF,0xFF,0xFF,0xFF,0xFF,0xFC,0x00,0x3F,0xFF,0xFF,0xFF,0xFF,0xFF,0xF0,0x00,0x1F,0xFF,0xFF,0xFF,0xFF,
  0xFF,0x80,0x00,0x00,0xFF,0xFF,0xFF,0xFF,0xFF,0xFF,0xFF,0xDF,0xFF,0xFF,0xFF,0xFF,0xFF,0xFF,0xFB,0xFF,0xFF,0xFF,0xFF,0xFF,
  0xFF,0xFF,0x7F,0xFF,0xFF,0xFF,0xFF,0xFF,0xFF,0xE0,0xFF,0xFF,0xFF,0xFF,0xFF,0xFF,0xFC,0x00,0xFF,0xFF,0x00,0x07,0xFF,0xFF,
  0x80,0x1F,0xFF,0xE0,0x00,0x00,0x07,0xF0,0x03,0xFF,0xFC,0x00,0x00,0x00,0xFE,0x00,0x7F,0xFF,0x80,0x00,0x00,0x1F,0xC0,0x0F,
  0xFF,0xF0,0x00,0x00,0x03,0xF8,0x01,0xFF,0xFE,0x00,0x00,0x00,0x3F,0x00,0x3F,0xFF,0xC0,0x00,0x00,0x07,0xE0,0x07,0xFF,0xF8,
  0x00,0x00,0x00,0xFC,0x00,0xFF,0xFF,0x00,0x00,0x00,0x1F,0x80,0x1F,0xFF,0xE0,0x00,0x00,0x01,0xF0,0x03,0xFF,0xFC,0x00,0x00,
  0x00,0x3E,0x00,0x7F,0xFF,0x80,0x00,0x00,0x07,0xC0,0x0F,0xFF,0xF0,0x00,0x00,0x00,0xF8,0x01,0xFF,0xFE,0x00,0x00,0x00,0x1F,
  0x80,0x3F,0xFF,0xC0,0x00,0x00,0x01,0xF0,0x07,0xFF,0xF8,0x00,0x00,0x00,0x3C,0x00,0xFF,0xFF,0x00,0x00,0x00,0x00,0x00,0x1F,
  0xFF,0xE0,0x00,0x00,0x00,0x00,0x03,0xFF,0xFC,0x00,0x00,0x00,0x00,0x00,0x7F,0xFF,0x80,0x00,0x00,0x00,0x00,0x0F,0xFF,0xF0,
  0x00,0x00,0x00,0x00,0x01,0xFF,0xFE,0x00,0x00,0x00,0x00,0x00,0x3F,0xFF,0xC0,0x00,0x00,0x00,0x00,0x07,0xFF,0xF8,0x00,0x00,
  0x00,0x00,0x00,0xFF,0xFF,0x00,0x00,0x00,0x00,0x00,0x1F,0xFF,0xE0,0x00,0x00,0x00,0x00,0x03,0xFF,0xFC,0x00,0x00,0x00,0x00,
  0x00,0x7F,0xFF,0x80,0x00,0x00,0x00,0x00,0x0F,0xFF,0xF0,0x00,0x00,0x00,0x00,0x01,0xFF,0xFE,0x00,0x00,0x00,0x00,0x00,0x3F,
  0xFF,0xC0,0x00,0x00,0x00,0x00,0x07,0xFF,0xF8,0x00,0x00,0x00,0x00,0x00,0xFF,0xFF,0x00,0x00,0x00,0x00,0x00,0x1F,0xFF,0xE0,
  0x00,0x00,0x00,0x00,0x03,0xFF,0xFC,0x00,0x00,0x00,0x00,0x00,0x7F,0xFF,0x80,0x00,0x00,0x00,0x00,0x0F,0xFF,0xF0,0x00,0x00,
  0x00,0x00,0x01,0xFF,0xFE,0x00,0x00,0x00,0x00,0x00,0x3F,0xFF,0xC0,0x00,0x00,0x00,0x00,0x07,0xFF,0xF8,0x00,0x00,0x00,0x00,
  0x00,0xFF,0xFF,0x00,0x00,0x00,0x00,0x00,0x1F,0xFF,0xE0,0x00,0x00,0x00,0x00,0x03,0xFF,0xFC,0x00,0x00,0x00,0x00,0x00,0x7F,
  0xFF,0x80,0x00,0x00,0x00,0x00,0x0F,0xFF,0xF0,0x00,0x00,0x00,0x00,0x01,0xFF,0xFE,0x00,0x00,0x00,0x00,0x00,0x3F,0xFF,0xC0,
  0x00,0x00,0x00,0x00,0x07,0xFF,0xF8,0x00,0x00,0x00,0x00,0x00,0xFF,0xFF,0x00,0x00,0x00,0x00,0x00,0x1F,0xFF,0xE0,0x00,0x00,
  0x00,0x00,0x03,0xFF,0xFC,0x00,0x00,0x00,0x00,0x00,0x7F,0xFF,0x80,0x00,0x00,0x00,0x00,0x0F,0xFF,0xF0,0x00,0x00,0x00,0x00,
  0x01,0xFF,0xFE,0x00,0x00,0x00,0x00,0x00,0x3F,0xFF,0xC0,0x00,0x00,0x00,0x00,0x07,0xFF,0xF8,0x00,0x00,0x00,0x00,0x00,0xFF,
  0xFF,0x00,0x00,0x00,0x00,0x00,0x1F,0xFF,0xE0,0x00,0x00,0x00,0x00,0x3F,0xFF,0xFF,0xC0,0x00,0x00,0x00,0xFF,0xFF,0xFF,0xFF,
  0xE0,0x00,0x00,0x1F,0xFF,0xFF,0xFF,0xFC,0x00,0x00,0x03,0xFF,0xFF,0xFF,0xFF,0x80,0x00,0x00,0x7F,0xFF,0xFF,0xFF,0xF0,0x00,
  0x00,0x00,0x00,0x07,0xFF,0xFF,0xFF,0xFF,0xFF,0xFF,0xF0,0x00,0x3F,0xFF,0xFF,0xFF,0xFF,0xFF,0xFF,0x80,0x01,0xFF,0xFF,0xFF,
  0xFF,0xFF,0xFF,0xFC,0x00,0x0F,0xFF,0xFF,0xFF,0xFF,0xFF,0xFF,0xE0,0x00,0x03,0xFF,0xFF,0xFF,0xFF,0xFF,0xE0,0x00,0x00,0x01,
  0xFF,0xFF,0xFF,0xFF,0xF0,0x00,0x00,0x00,0x0F,0xE0,0x00,0x7F,0xFF,0x80,0x00,0x00,0x00,0x7F,0x00,0x03,0xFF,0xFC,0x00,0x00,
  0x00,0x03,0xF8,0x00,0x1F,0xFF,0xE0,0x00,0x00,0x00,0x1F,0xC0,0x00,0xFF,0xFF,0x00,0x00,0x00,0x00,0xFE,0x00,0x07,0xFF,0xF8,
  0x00,0x00,0x00,0x07,0xF0,0x00,0x3F,0xFF,0xC0,0x00,0x00,0x00,0x3F,0x80,0x01,0xFF,0xFE,0x00,0x00,0x00,0x01,0xF8,0x00,0x0F,
  0xFF,0xF0,0x00,0x00,0x00,0x0F,0xC0,0x00,0x7F,0xFF,0x80,0x00,0x00,0x00,0x7E,0x00,0x03,0xFF,0xFC,0x00,0x00,0x00,0x03,0xF0,
  0x00,0x1F,0xFF,0xE0,0x00,0x00,0x00,0x1F,0x80,0x00,0xFF,0xFF,0x00,0x00,0x00,0x00,0xFC,0x00,0x07,0xFF,0xF8,0x00,0x00,0x00,
  0x07,0xE0,0x00,0x3F,0xFF,0xC0,0x00,0x00,0x00,0x7F,0x00,0x01,0xFF,0xFE,0x00,0x00,0x00,0x03,0xF8,0x00,0x0F,0xFF,0xF0,0x00,
  0x00,0x00,0x1F,0xC0,0x00,0x7F,0xFF,0x80,0x00,0x00,0x00,0xFE,0x00,0x03,0xFF,0xFC,0x00,0x00,0x00,0x07,0xE0,0x00,0x1F,0xFF,
  0xE0,0x00,0x00,0x00,0x3F,0x00,0x00,0xFF,0xFF,0x00,0x00,0x00,0x01,0xF8,0x00,0x07,0xFF,0xF8,0x00,0x00,0x00,0x0F,0xC0,0x00,
  0x3F,0xFF,0xC0,0x00,0x00,0x00,0xFE,0x00,0x01,0xFF,0xFE,0x00,0x00,0x00,0x07,0xF0,0x00,0x0F,0xFF,0xF0,0x00,0x00,0x00,0x3F,
  0x80,0x00,0x7F,0xFF,0x80,0x00,0x00,0x01,0xF8,0x00,0x03,0xFF,0xFC,0x00,0x00,0x00,0x0F,0xC0,0x00,0x1F,0xFF,0xE0,0x00,0x00,
  0x00,0xFE,0x00,0x00,0xFF,0xFF,0x00,0x00,0x00,0x07,0xF0,0x00,0x07,0xFF,0xF8,0x00,0x00,0x00,0x3F,0x80,0x00,0x3F,0xFF,0xC0,
  0x00,0x00,0x01,0xF8,0x00,0x01,0xFF,0xFE,0x00,0x00,0x00,0x0F,0xC0,0x00,0x0F,0xFF,0xF0,0x00,0x00,0x00,0xFE,0x00,0x00,0x7F,
  0xFF,0x80,0x00,0x00,0x07,0xF0,0x00,0x03,0xFF,0xFC,0x00,0x00,0x00,0x3F,0x80,0x00,0x1F,0xFF,0xE0,0x00,0x00,0x01,0xF8,0x00,
  0x00,0xFF,0xFF,0x00,0x00,0x00,0x1F,0xC0,0x00,0x07,0xFF,0xF8,0x00,0x00,0x00,0xFE,0x00,0x00,0x3F,0xFF,0xC0,0x00,0x00,0x07,
  0xF0,0x00,0x01,0xFF,0xFE,0x00,0x00,0x00,0x3F,0x00,0x00,0x0F,0xFF,0xF0,0x00,0x00,0x03,0xF8,0x00,0x00,0x7F,0xFF,0x80,0x00,
  0x00,0x1F,0xC0,0x00,0x03,0xFF,0xFC,0x00,0x00,0x00,0xFC,0x00,0x00,0x1F,0xFF,0xE0,0x00,0x00,0x0F,0xE0,0x00,0x00,0xFF,0xFF,
  0x00,0x00,0x00,0x7F,0x00,0x00,0x07,0xFF,0xF8,0x00,0x00,0x03,0xF0,0x00,0x00,0x3F,0xFF,0xC0,0x00,0x00,0x3F,0x80,0x00,0x01,
  0xFF,0xFE,0x00,0x00,0x01,0xFC,0x00,0x00,0x0F,0xFF,0xF0,0x00,0x00,0x1F,0xC0,0x00,0x00,0x7F,0xFF,0x80,0x00,0x00,0xFE,0x00,
  0x00,0x03,0xFF,0xFC,0x00,0x00,0x07,0xF0,0x00,0x00,0x1F,0xFF,0xE0,0x00,0x00,0x7F,0x00,0x00,0x00,0xFF,0xFF,0x00,0x00,0x03,
  0xF8,0x00,0x00,0x07,0xFF,0xF8,0x00,0x00,0x3F,0x80,0x00,0x00,0x3F,0xFF,0xC0,0x00,0x01,0xFC,0x00,0x00,0x01,0xFF,0xFE,0x00,
  0x00,0x1F,0xE0,0x00,0x00,0x0F,0xFF,0xF0,0x00,0x00,0xFF,0xFF,0xFF,0xFF,0xFF,0xFF,0x80,0x00,0xFF,0xFF,0xFF,0xFF,0xFF,0xFF,
  0xFF,0xE0,0xFF,0xFF,0xFF,0xFF,0xFF,0xFF,0xFF,0xFF,0xFF,0xFF,0xFF,0xFF,0xFF,0xFF,0xFF,0xFF,0xFF,0xFF,0xFF,0xFF,0xFF,0xFF,
  0xFF,0xFF,0xFF,0xFF,0xFF,0xFF,0xFF,0xFF,0xFF,0xFF,0xFF,0xFF,0xFF,0xFF,0xC0,0x00,0x00,0x00,0x00,0x1F,0xFF,0xFF,0xFE,0x00,
  0x00,0x00,0x00,0x00,0xFF,0xFF,0xFF,0xF0,0x00,0x00,0x00,0x00,0x07,0xFF,0xFF,0xFF,0x00,0x00,0x00,0x00,0x00,0x3F,0xFF,0xFF,
  0xF8,0x00,0x00,0x00,0x00,0x00,0xFF,0xFF,0xFF,0xC0,0x00,0x00,0x00,0x00,0x07,0xFF,0xFF,0xFE,0x00,0x00,0x00,0x00,0x00,0x3F,
  0xFF,0xFF,0xE0,0x00,0x00,0x00,0x00,0x00,0xFF,0xEF,0xFF,0x00,0x00,0x00,0x00,0x00,0x07,0xFF,0x7F,0xF8,0x00,0x00,0x00,0x00,
  0x00,0x3F,0xF9,0xFF,0x80,0x00,0x00,0x00,0x00,0x00,0xFF,0xCF,0xFC,0x00,0x00,0x00,0x00,0x00,0x07,0xFE,0x7F,0xE0,0x00,0x00,
  0x00,0x00,0x00,0x3F,0xF3,0xFE,0x00,0x00,0x00,0x00,0x00,0x01,0xFF,0x9F,0xF0,0x00,0x00,0x00,0x00,0x00,0x07,0xFC,0xFF,0x80,
  0x00,0x00,0x00,0x00,0x00,0x3F,0xE7,0xF8,0x00,0x00,0x00,0x00,0x00,0x01,0xFF,0x3F,0xC0,0x00,0x00,0x00,0x00,0x00,0x07,0xF9,
  0xFE,0x00,0x00,0x00,0x00,0x00,0x00,0x3F,0xCF,0xF0,0x00,0x00,0x00,0x00,0x00,0x01,0xFE,0x7F,0x00,0x00,0x00,0x00,0x00,0x00,
  0x07,0xF3,0xF8,0x00,0x00,0x00,0x00,0x00,0x00,0x3F,0x80,0xFF,0xFF,0xFF,0xFF,0xFF,0xFF,0xFF,0xC3,0xFF,0xFF,0xFF,0xFF,0xFF,
  0xFF,0xFF,0x0F,0xFF,0xFF,0xFF,0xFF,0xFF,0xFF,0xFC,0x3F,0xFF,0xFF,0xFF,0xFF,0xFF,0xFF,0xF0,0x07,0xFF,0xFF,0xFF,0xFF,0xFF,
  0xFF,0xC0,0x03,0xFF,0xFF,0xFF,0xFF,0xFF,0xFF,0x00,0x0F,0xFF,0xF8,0x00,0x00,0x01,0xFC,0x00,0x3F,0xFF,0xE0,0x00,0x00,0x03,
  0xF0,0x00,0xFF,0xFF,0x80,0x00,0x00,0x0F,0xC0,0x03,0xFF,0xFE,0x00,0x00,0x00,0x3F,0x00,0x0F,0xFF,0xF8,0x00,0x00,0x00,0xFC,
  0x00,0x3F,0xFF,0xE0,0x00,0x00,0x03,0xF0,0x00,0xFF,0xFF,0x80,0x00,0x00,0x0F,0xC0,0x03,0xFF,0xFE,0x00,0x00,0x00,0x1F,0x00,
  0x0F,0xFF,0xF8,0x00,0x00,0x00,0x7C,0x00,0x3F,0xFF,0xE0,0x00,0x00,0x01,0xF0,0x00,0xFF,0xFF,0x80,0x00,0x00,0x07,0xC0,0x03,
  0xFF,0xFE,0x00,0x00,0x00,0x00,0x00,0x0F,0xFF,0xF8,0x00,0x00,0x00,0x00,0x00,0x3F,0xFF,0xE0,0x00,0x00,0x00,0x00,0x00,0xFF,
  0xFF,0x80,0x00,0x00,0x00,0x00,0x03,0xFF,0xFE,0x00,0x00,0x00,0x00,0x00,0x0F,0xFF,0xF8,0x00,0x00,0x00,0x00,0x00,0x3F,0xFF,
  0xE0,0x00,0x03,0xC0,0x00,0x00,0xFF,0xFF,0x80,0x00,0x0F,0x00,0x00,0x03,0xFF,0xFE,0x00,0x00,0x7C,0x00,0x00,0x0F,0xFF,0xF8,
  0x00,0x01,0xF0,0x00,0x00,0x3F,0xFF,0xE0,0x00,0x07,0xC0,0x00,0x00,0xFF,0xFF,0x80,0x00,0x1F,0x00,0x00,0x03,0xFF,0xFE,0x00,
  0x00,0x7C,0x00,0x00,0x0F,0xFF,0xF8,0x00,0x03,0xF0,0x00,0x00,0x3F,0xFF,0xFF,0xFF,0xFF,0xC0,0x00,0x00,0xFF,0xFF,0xFF,0xFF,
  0xFF,0x00,0x00,0x03,0xFF,0xFF,0xFF,0xFF,0xFC,0x00,0x00,0x0F,0xFF,0xFF,0xFF,0xFF,0xF0,0x00,0x00,0x3F,0xFF,0xFF,0xFF,0xFF,
  0xC0,0x00,0x00,0xFF,0xFF,0xFF,0xFF,0xFF,0x00,0x00,0x03,0xFF,0xFE,0x00,0x00,0xFC,0x00,0x00,0x0F,0xFF,0xF8,0x00,0x01,0xF0,
  0x00,0x00,0x3F,0xFF,0xE0,0x00,0x07,0xC0,0x00,0x00,0xFF,0xFF,0x80,0x00,0x1F,0x00,0x00,0x03,0xFF,0xFE,0x00,0x00,0x7C,0x00,
  0x00,0x0F,0xFF,0xF8,0x00,0x01,0xF0,0x00,0x00,0x3F,0xFF,0xE0,0x00,0x03,0xC0,0x00,0x00,0xFF,0xFF,0x80,0x00,0x00,0x00,0x00,
  0x03,0xFF,0xFE,0x00,0x00,0x00,0x00,0x00,0x0F,0xFF,0xF8,0x00,0x00,0x00,0x00,0x00,0x3F,0xFF,0xE0,0x00,0x00,0x00,0x00,0x00,
  0xFF,0xFF,0x80,0x00,0x00,0x00,0x00,0x03,0xFF,0xFE,0x00,0x00,0x00,0x01,0xF0,0x0F,0xFF,0xF8,0x00,0x00,0x00,0x07,0xC0,0x3F,
  0xFF,0xE0,0x00,0x00,0x00,0x1F,0x00,0xFF,0xFF,0x80,0x00,0x00,0x00,0x7C,0x03,0xFF,0xFE,0x00,0x00,0x00,0x03,0xF0,0x0F,0xFF,
  0xF8,0x00,0x00,0x00,0x0F,0xC0,0x3F,0xFF,0xE0,0x00,0x00,0x00,0x3F,0x00,0xFF,0xFF,0x80,0x00,0x00,0x00,0xFC,0x03,0xFF,0xFE,
  0x00,0x00,0x00,0x07,0xF0,0x0F,0xFF,0xF8,0x00,0x00,0x00,0x1F,0xC0,0x3F,0xFF,0xE0,0x00,0x00,0x00,0x7F,0x00,0xFF,0xFF,0x80,
  0x00,0x00,0x01,0xFC,0x03,0xFF,0xFE,0x00,0x00,0x00,0x0F,0xE0,0x0F,0xFF,0xFF,0xFF,0xFF,0xFF,0xFF,0x83,0xFF,0xFF,0xFF,0xFF,
  0xFF,0xFF,0xFE,0xFF,0xFF,0xFF,0xFF,0xFF,0xFF,0xFF,0xFB,0xFF,0xFF,0xFF,0xFF,0xFF,0xFF,0xFF,0xEF,0xFF,0xFF,0xFF,0xFF,0xFF,
  0xFF,0xFF,0xBF,0xFF,0xFF,0xFF,0xFF,0xFF,0xFF,0xFE,0x0F,0xFF,0xFF,0x80,0x0F,0xFF,0xFF,0xFF,0xE0,0x07,0xFF,0xFF,0xC0,0x1F,
  0xFF,0xFF,0x00,0x1F,0xFF,0xFF,0xFF,0xC0,0x0F,0xFF,0xFF,0x80,0x3F,0xFF,0xFE,0x00,0x3F,0xFF,0xFF,0xFF,0x80,0x1F,0xFF,0xFF,
  0x00,0x3F,0xFF,0xFC,0x00,0x7F,0xFF,0xFF,0xFF,0x00,0x3F,0xFF,0xFE,0x00,0x0F,0xFF,0xC0,0x00,0x0F,0xFF,0xFF,0xC0,0x00,0x07,
  0xFF,0xC0,0x00,0x01,0xFE,0x00,0x00,0x01,0xFF,0xFC,0x00,0x00,0x03,0xFC,0x00,0x00,0x01,0xFE,0x00,0x00,0x03,0xFF,0xF8,0x00,
  0x00,0x0F,0xF0,0x00,0x00,0x01,0xFE,0x00,0x00,0x07,0xFF,0xF0,0x00,0x00,0x3F,0xC0,0x00,0x00,0x01,0xFE,0x00,0x00,0x0F,0xFF,
  0xE0,0x00,0x00,0xFF,0x00,0x00,0x00,0x01,0xFE,0x00,0x00,0x1F,0xFF,0xC0,0x00,0x03,0xFC,0x00,0x00,0x00,0x03,0xFC,0x00,0x00,
  0x3F,0xFF,0x80,0x00,0x0F,0xF0,0x00,0x00,0x00,0x03,0xFC,0x00,0x00,0x7F,0xFF,0x00,0x00,0x1F,0xE0,0x00,0x00,0x00,0x03,0xFC,
  0x00,0x00,0xFF,0xFE,0x00,0x00,0x7F,0x80,0x00,0x00,0x00,0x03,0xFC,0x00,0x01,0xFF,0xFC,0x00,0x01,0xFE,0x00,0x00,0x00,0x00,
  0x03,0xFC,0x00,0x03,0xFF,0xF8,0x00,0x07,0xF8,0x00,0x00,0x00,0x00,0x03,0xFC,0x00,0x07,0xFF,0xF0,0x00,0x1F,0xE0,0x00,0x00,
  0x00,0x00,0x03,0xFC,0x00,0x0F,0xFF,0xE0,0x00,0x7F,0x80,0x00,0x00,0x00,0x00,0x07,0xF8,0x00,0x1F,0xFF,0xC0,0x01,0xFE,0x00,
  0x00,0x00,0x00,0x00,0x07,0xF8,0x00,0x3F,0xFF,0x80,0x03,0xFC,0x00,0x00,0x00,0x00,0x00,0x07,0xF8,0x00,0x7F,0xFF,0x00,0x0F,
  0xF0,0x00,0x00,0x00,0x00,0x00,0x07,0xF8,0x00,0xFF,0xFE,0x00,0x3F,0xC0,0x00,0x00,0x00,0x00,0x00,0x07,0xF8,0x01,0xFF,0xFC,
  0x00,0xFF,0x00,0x00,0x00,0x00,0x00,0x00,0x07,0xF8,0x03,0xFF,0xF8,0x03,0xFC,0x00,0x00,0x00,0x00,0x00,0x00,0x07,0xF8,0x07,
  0xFF,0xF0,0x0F,0xF0,0x00,0x00,0x00,0x00,0x00,0x00,0x0F,0xF0,0x0F,0xFF,0xE0,0x3F,0xC0,0x00,0x00,0x00,0x00,0x00,0x00,0x0F,
  0xF0,0x1F,0xFF,0xC0,0x7F,0x80,0x00,0x00,0x00,0x00,0x00,0x00,0x3F,0xF0,0x3F,0xFF,0x81,0xFF,0x80,0x00,0x00,0x00,0x00,0x00,
  0x00,0x7F,0xF0,0x7F,0xFF,0x07,0xFF,0x00,0x00,0x00,0x00,0x00,0x00,0x01,0xFF,0xF0,0xFF,0xFE,0x1F,0xFF,0x00,0x00,0x00,0x00,
  0x00,0x00,0x07,0xFF,0xF1,0xFF,0xFC,0x7F,0xFE,0x00,0x00,0x00,0x00,0x00,0x00,0x0F,0xFF,0xF3,0xFF,0xF9,0xFF,0xFE,0x00,0x00,
  0x00,0x00,0x00,0x00,0x3F,0xFF,0xE7,0xFF,0xF7,0xFF,0xFE,0x00,0x00,0x00,0x00,0x00,0x00,0x7F,0xFF,0xEF,0xFF,0xEF,0xFF,0xFC,
  0x00,0x00,0x00,0x00,0x00,0x01,0xFF,0xFF,0xFF,0xFF,0xFF,0xFF,0xFC,0x00,0x00,0x00,0x00,0x00,0x07,0xFF,0xFF,0xFF,0xFF,0xFF,
  0xFF,0xF8,0x00,0x00,0x00,0x00,0x00,0x0F,0xFF,0xFF,0xFF,0xFF,0xFF,0xFF,0xF8,0x00,0x00,0x00,0x00,0x00,0x3F,0xFF,0xDF,0xFF,
  0xFF,0xE7,0xFF,0xF8,0x00,0x00,0x00,0x00,0x00,0xFF,0xFF,0x0F,0xFF,0xFF,0x8F,0xFF,0xF0,0x00,0x00,0x00,0x00,0x01,0xFF,0xFE,
  0x0F,0xFF,0xFE,0x0F,0xFF,0xF0,0x00,0x00,0x00,0x00,0x07,0xFF,0xF8,0x0F,0xFF,0xF8,0x1F,0xFF,0xF0,0x00,0x00,0x00,0x00,0x0F,
  0xFF,0xF0,0x0F,0xFF,0xE0,0x1F,0xFF,0xE0,0x00,0x00,0x00,0x00,0x3F,0xFF,0xC0,0x1F,0xFF,0xC0,0x1F,0xFF,0xE0,0x00,0x00,0x00,
  0x00,0xFF,0xFF,0x80,0x3F,0xFF,0x80,0x3F,0xFF,0xC0,0x00,0x00,0x00,0x01,0xFF,0xFE,0x00,0x7F,0xFF,0x00,0x3F,0xFF,0xC0,0x00,
  0x00,0x00,0x07,0xFF,0xFC,0x00,0xFF,0xFE,0x00,0x7F,0xFF,0xC0,0x00,0x00,0x00,0x0F,0xFF,0xF0,0x01,0xFF,0xFC,0x00,0x7F,0xFF,
  0x80,0x00,0x00,0x00,0x3F,0xFF,0xC0,0x03,0xFF,0xF8,0x00,0xFF,0xFF,0x80,0x00,0x00,0x00,0xFF,0xFF,0x80,0x07,0xFF,0xF0,0x00,
  0xFF,0xFF,0x00,0x00,0x00,0x01,0xFF,0xFE,0x00,0x0F,0xFF,0xE0,0x01,0xFF,0xFF,0x00,0x00,0x00,0x07,0xFF,0xFC,0x00,0x1F,0xFF,
  0xC0,0x01,0xFF,0xFF,0x00,0x00,0x00,0x0F,0xFF,0xF0,0x00,0x3F,0xFF,0x80,0x01,0xFF,0xFE,0x00,0x00,0x00,0x3F,0xFF,0xE0,0x00,
  0x7F,0xFF,0x00,0x03,0xFF,0xFE,0x00,0x00,0x00,0xFF,0xFF,0x80,0x00,0xFF,0xFE,0x00,0x03,0xFF,0xFC,0x00,0x00,0x01,0xFF,0xFF,
  0x00,0x01,0xFF,0xFC,0x00,0x07,0xFF,0xFC,0x00,0x00,0x07,0xFF,0xFC,0x00,0x03,0xFF,0xF8,0x00,0x07,0xFF,0xFC,0x00,0x00,0x1F,
  0xFF,0xF0,0x00,0x07,0xFF,0xF0,0x00,0x0F,0xFF,0xF8,0x00,0x00,0x3F,0xFF,0xE0,0x00,0x0F,0xFF,0xE0,0x00,0x0F,0xFF,0xF8,0x00,
  0x00,0xFF,0xFF,0x80,0x00,0x1F,0xFF,0xC0,0x00,0x1F,0xFF,0xF8,0x00,0x01,0xFF,0xFF,0x00,0x00,0x3F,0xFF,0x80,0x00,0x1F,0xFF,
  0xF0,0x00,0x07,0xFF,0xFC,0x00,0x00,0x7F,0xFF,0x00,0x00,0x1F,0xFF,0xF0,0x00,0x1F,0xFF,0xF8,0x00,0x00,0xFF,0xFE,0x00,0x00,
  0x3F,0xFF,0xE0,0x00,0x3F,0xFF,0xE0,0x00,0x01,0xFF,0xFC,0x00,0x00,0x3F,0xFF,0xE0,0x00,0xFF,0xFF,0xC0,0x00,0x03,0xFF,0xF8,
  0x00,0x00,0x7F,0xFF,0xE0,0x0F,0xFF,0xFF,0x00,0x00,0x7F,0xFF,0xFF,0x00,0x00,0x7F,0xFF,0xF8,0xFF,0xFF,0xFE,0x00,0x0F,0xFF,
  0xFF,0xFF,0xE0,0x00,0xFF,0xFF,0xFF,0xFF,0xFF,0xF8,0x00,0x1F,0xFF,0xFF,0xFF,0xC0,0x00,0xFF,0xFF,0xFF,0xFF,0xFF,0xE0,0x00,
  0x3F,0xFF,0xFF,0xFF,0x80,0x01,0xFF,0xFF,0xFF,0xFF,0xFF,0xC0,0x00,0x7F,0xFF,0xFF,0xFF,0x00,0x01,0xFF,0xFF,0xF0,0x00,0x3F,
  0xFF,0xF0,0x00,0x00,0x1F,0xFF,0xFF,0xFE,0x00,0x01,0xFF,0xFF,0xFF,0xFF,0x80,0x03,0xFF,0xFF,0xFF,0xFF,0xC0,0x07,0xFF,0xFF,
  0xFF,0xFF,0xE0,0x0F,0xFF,0xC0,0xFF,0xFF,0xE0,0x1F,0xF8,0x00,0x3F,0xFF,0xE0,0x3F,0xC0,0x00,0x3F,0xFF,0xE0,0x7F,0x00,0x00,
  0x3F,0xFF,0xE0,0xFE,0x00,0x00,0x3F,0xFF,0xC1,0xFC,0x00,0x00,0x7F,0xFF,0x83,0xF0,0x00,0x00,0x7F,0xFF,0x87,0xE0,0x00,0x00,
  0xFF,0xFF,0x0F,0xC0,0x00,0x01,0xFF,0xFE,0x1F,0x80,0x00,0x03,0xFF,0xFC,0x3E,0x00,0x00,0x07,0xFF,0xFC,0x7C,0x00,0x00,0x07,
  0xFF,0xF8,0x78,0x00,0x00,0x0F,0xFF,0xF0,0x00,0x00,0x00,0x1F,0xFF,0xC0,0x00,0x00,0x00,0x7F,0xFF,0x80,0x00,0x00,0x00,0xFF,
  0xFF,0x00,0x00,0x00,0x01,0xFF,0xFE,0x00,0x00,0x00,0x03,0xFF,0xFC,0x00,0x00,0x00,0x0F,0xFF,0xF0,0x00,0x00,0x00,0x1F,0xFF,
  0xE0,0x00,0x00,0x00,0x7F,0xFF,0x80,0x00,0x00,0x00,0xFF,0xFE,0x00,0x00,0x00,0x07,0xFF,0xFC,0x00,0x00,0x00,0x1F,0xFF,0xF0,
  0x00,0x00,0x03,0xFF,0xFF,0x80,0x00,0x01,0xFF,0xFF,0xFE,0x00,0x00,0x03,0xFF,0xFF,0xF0,0x00,0x00,0x07,0xFF,0xFF,0x00,0x00,
  0x00,0x0F,0xFF,0xFF,0x00,0x00,0x00,0x1F,0xFF,0xFF,0xC0,0x00,0x00,0x3F,0xFF,0xFF,0xF0,0x00,0x00,0x03,0xFF,0xFF,0xF0,0x00,
  0x00,0x00,0x1F,0xFF,0xF8,0x00,0x00,0x00,0x0F,0xFF,0xF8,0x00,0x00,0x00,0x0F,0xFF,0xF8,0x00,0x00,0x00,0x0F,0xFF,0xF0,0x00,
  0x00,0x00,0x0F,0xFF,0xF0,0x00,0x00,0x00,0x0F,0xFF,0xF0,0x00,0x00,0x00,0x1F,0xFF,0xE0,0x00,0x00,0x00,0x3F,0xFF,0xC0,0x00,
  0x00,0x00,0x3F,0xFF,0xC0,0x00,0x00,0x00,0x7F,0xFF,0x80,0x00,0x00,0x00,0xFF,0xFF,0x00,0x00,0x00,0x01,0xFF,0xFE,0x00,0x00,
  0x00,0x03,0xFF,0xFC,0x00,0x00,0x00,0x07,0xFF,0xFF,0x80,0x00,0x00,0x0F,0xFF,0xFF,0x80,0x00,0x00,0x1F,0xFF,0xFF,0x00,0x00,
  0x00,0x3F,0xFF,0xFE,0x00,0x00,0x00,0x7F,0xFF,0xFC,0x00,0x00,0x01,0xFF,0xFE,0xFC,0x00,0x00,0x03,0xFF,0xFD,0xF8,0x00,0x00,
  0x07,0xFF,0xFB,0xF0,0x00,0x00,0x1F,0xFF,0xE7,0xE0,0x00,0x00,0x3F,0xFF,0xCF,0xE0,0x00,0x00,0xFF,0xFF,0x1F,0xC0,0x00,0x03,
  0xFF,0xFC,0x3F,0x80,0x00,0x0F,0xFF,0xF0,0x7F,0xE0,0x00,0x7F,0xFF,0xC0,0xFF,0xFC,0x07,0xFF,0xFF,0x01,0xFF,0xFF,0xFF,0xFF,
  0xFC,0x03,0xFF,0xFF,0xFF,0xFF,0xE0,0x07,0xFF,0xFF,0xFF,0xFF,0x00,0x01,0xFF,0xFF,0xFF,0xF0,0x00,0x00,0x0F,0xFF,0xFC,0x00,
  0x00,0x00,0xFF,0xFF,0xFF,0xFF,0x80,0x0F,0xFF,0xFF,0xFF,0xFF,0xFF,0xFF,0xFF,0xFC,0x00,0x7F,0xFF,0xFF,0xFF,0xFF,0xFF,0xFF,
  0xFF,0xE0,0x03,0xFF,0xFF,0xFF,0xFF,0xFF,0xFF,0xFF,0xFF,0x00,0x1F,0xFF,0xFF,0xFF,0xF0,0xFF,0xFF,0xFF,0x80,0x00,0x0F,0xFF,
  0xFF,0xF8,0x00,0x7F,0xFF,0xC0,0x00,0x00,0x07,0xFF,0xF8,0x00,0x03,0xFF,0xFE,0x00,0x00,0x00,0x3F,0xFF,0xC0,0x00,0x1F,0xFF,
  0xF0,0x00,0x00,0x01,0xFF,0xFE,0x00,0x00,0xFF,0xFF,0x80,0x00,0x00,0x0F,0xFF,0xF0,0x00,0x07,0xFF,0xFC,0x00,0x00,0x00,0xFF,
  0xFF,0x80,0x00,0x3F,0xFF,0xE0,0x00,0x00,0x07,0xFF,0xFC,0x00,0x01,0xFF,0xFF,0x00,0x00,0x00,0x7F,0xFF,0xE0,0x00,0x0F,0xFF,
  0xF8,0x00,0x00,0x07,0xFF,0xFF,0x00,0x00,0x7F,0xFF,0xC0,0x00,0x00,0x3F,0xFF,0xF8,0x00,0x03,0xFF,0xFE,0x00,0x00,0x03,0xFF,
  0xFF,0xC0,0x00,0x1F,0xFF,0xF0,0x00,0x00,0x3F,0xFF,0xFE,0x00,0x00,0xFF,0xFF,0x80,0x00,0x03,0xFF,0xFF,0xF0,0x00,0x07,0xFF,
  0xFC,0x00,0x00,0x1F,0xFF,0xFF,0x80,0x00,0x3F,0xFF,0xE0,0x00,0x01,0xFF,0xFF,0xFC,0x00,0x01,0xFF,0xFF,0x00,0x00,0x1F,0xDF,
  0xFF,0xE0,0x00,0x0F,0xFF,0xF8,0x00,0x00,0xFC,0xFF,0xFF,0x00,0x00,0x7F,0xFF,0xC0,0x00,0x0F,0xE7,0xFF,0xF8,0x00,0x03,0xFF,
  0xFE,0x00,0x00,0xFE,0x3F,0xFF,0xC0,0x00,0x1F,0xFF,0xF0,0x00,0x07,0xE1,0xFF,0xFE,0x00,0x00,0xFF,0xFF,0x80,0x00,0x7F,0x0F,
  0xFF,0xF0,0x00,0x07,0xFF,0xFC,0x00,0x07,0xF0,0x7F,0xFF,0x80,0x00,0x3F,0xFF,0xE0,0x00,0x3F,0x03,0xFF,0xFC,0x00,0x01,0xFF,
  0xFF,0x00,0x03,0xF8,0x1F,0xFF,0xE0,0x00,0x0F,0xFF,0xF8,0x00,0x3F,0x80,0xFF,0xFF,0x00,0x00,0x7F,0xFF,0xC0,0x01,0xF8,0x07,
  0xFF,0xF8,0x00,0x03,0xFF,0xFE,0x00,0x1F,0xC0,0x3F,0xFF,0xC0,0x00,0x1F,0xFF,0xF0,0x01,0xFC,0x01,0xFF,0xFE,0x00,0x00,0xFF,
  0xFF,0x80,0x0F,0xC0,0x0F,0xFF,0xF0,0x00,0x07,0xFF,0xFC,0x00,0xFE,0x00,0x7F,0xFF,0x80,0x00,0x3F,0xFF,0xE0,0x0F,0xE0,0x03,
  0xFF,0xFC,0x00,0x01,0xFF,0xFF,0x00,0x7E,0x00,0x1F,0xFF,0xE0,0x00,0x0F,0xFF,0xF8,0x07,0xF0,0x00,0xFF,0xFF,0x00,0x00,0x7F,
  0xFF,0xC0,0x7F,0x00,0x07,0xFF,0xF8,0x00,0x03,0xFF,0xFE,0x03,0xF0,0x00,0x3F,0xFF,0xC0,0x00,0x1F,0xFF,0xF0,0x3F,0x80,0x01,
  0xFF,0xFE,0x00,0x00,0xFF,0xFF,0x83,0xF8,0x00,0x0F,0xFF,0xF0,0x00,0x07,0xFF,0xFC,0x1F,0x80,0x00,0x7F,0xFF,0x80,0x00,0x3F,
  0xFF,0xE1,0xFC,0x00,0x03,0xFF,0xFC,0x00,0x01,0xFF,0xFF,0x1F,0xC0,0x00,0x1F,0xFF,0xE0,0x00,0x0F,0xFF,0xF9,0xFC,0x00,0x00,
  0xFF,0xFF,0x00,0x00,0x7F,0xFF,0xCF,0xE0,0x00,0x07,0xFF,0xF8,0x00,0x03,0xFF,0xFE,0xFE,0x00,0x00,0x3F,0xFF,0xC0,0x00,0x1F,
  0xFF,0xFF,0xE0,0x00,0x01,0xFF,0xFE,0x00,0x00,0xFF,0xFF,0xFF,0x00,0x00,0x0F,0xFF,0xF0,0x00,0x07,0xFF,0xFF,0xF0,0x00,0x00,
  0x7F,0xFF,0x80,0x00,0x3F,0xFF,0xFF,0x00,0x00,0x03,0xFF,0xFC,0x00,0x01,0xFF,0xFF,0xF0,0x00,0x00,0x1F,0xFF,0xE0,0x00,0x0F,
  0xFF,0xFF,0x80,0x00,0x00,0xFF,0xFF,0x00,0x00,0x7F,0xFF,0xF8,0x00,0x00,0x07,0xFF,0xF8,0x00,0x03,0xFF,0xFF,0x80,0x00,0x00,
  0x3F,0xFF,0xC0,0x00,0x1F,0xFF,0xFC,0x00,0x00,0x01,0xFF,0xFE,0x00,0x00,0xFF,0xFF,0xC0,0x00,0x00,0x0F,0xFF,0xF0,0x00,0x07,
  0xFF,0xFC,0x00,0x00,0x00,0x7F,0xFF,0x80,0x00,0x3F,0xFF,0xE0,0x00,0x00,0x03,0xFF,0xFC,0x00,0x01,0xFF,0xFF,0x00,0x00,0x00,
  0x1F,0xFF,0xE0,0x00,0x0F,0xFF,0xF8,0x00,0x00,0x00,0xFF,0xFF,0x00,0x00,0x7F,0xFF,0xC0,0x00,0x00,0x07,0xFF,0xF8,0x00,0x03,
  0xFF,0xFE,0x00,0x00,0x00,0x3F,0xFF,0xC0,0x01,0xFF,0xFF,0xFF,0x00,0x00,0x1F,0xFF,0xFF,0xF0,0xFF,0xFF,0xFF,0xFF,0x80,0x0F,
  0xFF,0xFF,0xFF,0xFF,0xFF,0xFF,0xFF,0xFC,0x00,0x7F,0xFF,0xFF,0xFF,0xFF,0xFF,0xFF,0xFF,0xE0,0x03,0xFF,0xFF,0xFF,0xFF,0xFF,
  0xFF,0xFF,0xFF,0x00,0x1F,0xFF,0xFF,0xFF,0xF0,0x00,0x00,0x1F,0xFC,0x00,0x01,0xFF,0xC0,0x00,0x00,0x00,0x00,0xFF,0xE0,0x00,
  0x0F,0xFE,0x00,0x00,0x00,0x00,0x07,0xFF,0x00,0x00,0x7F,0xF0,0x00,0x00,0x00,0x00,0x3F,0xF8,0x00,0x03,0xFF,0x80,0x00,0x00,
  0x00,0x00,0xFF,0xC0,0x00,0x1F,0xFC,0x00,0x00,0x00,0x00,0x07,0xFF,0x00,0x01,0xFF,0xC0,0x00,0x00,0x00,0x00,0x3F,0xF8,0x00,
  0x0F,0xFE,0x00,0x00,0x00,0x00,0x00,0xFF,0xE0,0x00,0xFF,0xE0,0x00,0x00,0x00,0x00,0x07,0xFF,0x80,0x0F,0xFF,0x00,0x00,0x00,
  0x00,0x00,0x1F,0xFF,0x01,0xFF,0xF0,0x00,0x00,0x00,0x00,0x00,0x7F,0xFF,0xFF,0xFF,0x00,0x00,0x00,0x00,0x00,0x01,0xFF,0xFF,
  0xFF,0xF0,0x00,0x00,0x00,0x00,0x00,0x03,0xFF,0xFF,0xFE,0x00,0x00,0x00,0x00,0x00,0x00,0x07,0xFF,0xFF,0xC0,0x00,0x00,0x00,
  0x00,0x00,0x00,0x03,0xFF,0xE0,0x00,0x00,0x00,0x00,0x00,0x00,0x00,0x00,0x00,0x00,0x00,0x00,0x00,0x00,0x00,0x00,0x00,0x00,
  0x00,0x00,0x00,0x00,0x00,0x00,0x00,0x00,0x00,0x00,0x00,0x00,0x00,0x00,0x00,0x00,0x00,0x00,0x00,0x00,0x00,0x00,0x00,0x00,
  0x00,0x00,0x00,0x00,0x00,0x00,0x00,0x00,0x00,0x00,0x00,0x00,0x00,0x00,0x00,0x00,0x00,0x00,0x00,0x7F,0xFF,0xFF,0xFF,0xC0,
  0x07,0xFF,0xFF,0xFF,0xFF,0xFF,0xFF,0xFF,0xFE,0x00,0x3F,0xFF,0xFF,0xFF,0xFF,0xFF,0xFF,0xFF,0xF0,0x01,0xFF,0xFF,0xFF,0xFF,
  0xFF,0xFF,0xFF,0xFF,0x80,0x0F,0xFF,0xFF,0xFF,0xF8,0x7F,0xFF,0xFF,0xC0,0x00,0x07,0xFF,0xFF,0xFC,0x00,0x3F,0xFF,0xE0,0x00,
  0x00,0x03,0xFF,0xFC,0x00,0x01,0xFF,0xFF,0x00,0x00,0x00,0x1F,0xFF,0xE0,0x00,0x0F,0xFF,0xF8,0x00,0x00,0x00,0xFF,0xFF,0x00,
  0x00,0x7F,0xFF,0xC0,0x00,0x00,0x07,0xFF,0xF8,0x00,0x03,0xFF,0xFE,0x00,0x00,0x00,0x7F,0xFF,0xC0,0x00,0x1F,0xFF,0xF0,0x00,
  0x00,0x03,0xFF,0xFE,0x00,0x00,0xFF,0xFF,0x80,0x00,0x00,0x3F,0xFF,0xF0,0x00,0x07,0xFF,0xFC,0x00,0x00,0x03,0xFF,0xFF,0x80,
  0x00,0x3F,0xFF,0xE0,0x00,0x00,0x1F,0xFF,0xFC,0x00,0x01,0xFF,0xFF,0x00,0x00,0x01,0xFF,0xFF,0xE0,0x00,0x0F,0xFF,0xF8,0x00,
  0x00,0x1F,0xFF,0xFF,0x00,0x00,0x7F,0xFF,0xC0,0x00,0x01,0xFF,0xFF,0xF8,0x00,0x03,0xFF,0xFE,0x00,0x00,0x0F,0xFF,0xFF,0xC0,
  0x00,0x1F,0xFF,0xF0,0x00,0x00,0xFF,0xFF,0xFE,0x00,0x00,0xFF,0xFF,0x80,0x00,0x0F,0xEF,0xFF,0xF0,0x00,0x07,0xFF,0xFC,0x00,
  0x00,0x7E,0x7F,0xFF,0x80,0x00,0x3F,0xFF,0xE0,0x00,0x07,0xF3,0xFF,0xFC,0x00,0x01,0xFF,0xFF,0x00,0x00,0x7F,0x1F,0xFF,0xE0,
  0x00,0x0F,0xFF,0xF8,0x00,0x03,0xF0,0xFF,0xFF,0x00,0x00,0x7F,0xFF,0xC0,0x00,0x3F,0x87,0xFF,0xF8,0x00,0x03,0xFF,0xFE,0x00,
  0x03,0xF8,0x3F,0xFF,0xC0,0x00,0x1F,0xFF,0xF0,0x00,0x1F,0x81,0xFF,0xFE,0x00,0x00,0xFF,0xFF,0x80,0x01,0xFC,0x0F,0xFF,0xF0,
  0x00,0x07,0xFF,0xFC,0x00,0x1F,0xC0,0x7F,0xFF,0x80,0x00,0x3F,0xFF,0xE0,0x00,0xFC,0x03,0xFF,0xFC,0x00,0x01,0xFF,0xFF,0x00,
  0x0F,0xE0,0x1F,0xFF,0xE0,0x00,0x0F,0xFF,0xF8,0x00,0xFE,0x00,0xFF,0xFF,0x00,0x00,0x7F,0xFF,0xC0,0x07,0xE0,0x07,0xFF,0xF8,
  0x00,0x03,0xFF,0xFE,0x00,0x7F,0x00,0x3F,0xFF,0xC0,0x00,0x1F,0xFF,0xF0,0x07,0xF0,0x01,0xFF,0xFE,0x00,0x00,0xFF,0xFF,0x80,
  0x3F,0x00,0x0F,0xFF,0xF0,0x00,0x07,0xFF,0xFC,0x03,0xF8,0x00,0x7F,0xFF,0x80,0x00,0x3F,0xFF,0xE0,0x3F,0x80,0x03,0xFF,0xFC,
  0x00,0x01,0xFF,0xFF,0x01,0xF8,0x00,0x1F,0xFF,0xE0,0x00,0x0F,0xFF,0xF8,0x1F,0xC0,0x00,0xFF,0xFF,0x00,0x00,0x7F,0xFF,0xC1,
  0xFC,0x00,0x07,0xFF,0xF8,0x00,0x03,0xFF,0xFE,0x0F,0xC0,0x00,0x3F,0xFF,0xC0,0x00,0x1F,0xFF,0xF0,0xFE,0x00,0x01,0xFF,0xFE,
  0x00,0x00,0xFF,0xFF,0x8F,0xE0,0x00,0x0F,0xFF,0xF0,0x00,0x07,0xFF,0xFC,0xFE,0x00,0x00,0x7F,0xFF,0x80,0x00,0x3F,0xFF,0xE7,
  0xF0,0x00,0x03,0xFF,0xFC,0x00,0x01,0xFF,0xFF,0x7F,0x00,0x00,0x1F,0xFF,0xE0,0x00,0x0F,0xFF,0xFF,0xF0,0x00,0x00,0xFF,0xFF,
  0x00,0x00,0x7F,0xFF,0xFF,0x80,0x00,0x07,0xFF,0xF8,0x00,0x03,0xFF,0xFF,0xF8,0x00,0x00,0x3F,0xFF,0xC0,0x00,0x1F,0xFF,0xFF,
  0x80,0x00,0x01,0xFF,0xFE,0x00,0x00,0xFF,0xFF,0xF8,0x00,0x00,0x0F,0xFF,0xF0,0x00,0x07,0xFF,0xFF,0xC0,0x00,0x00,0x7F,0xFF,
  0x80,0x00,0x3F,0xFF,0xFC,0x00,0x00,0x03,0xFF,0xFC,0x00,0x01,0xFF,0xFF,0xC0,0x00,0x00,0x1F,0xFF,0xE0,0x00,0x0F,0xFF,0xFE,
  0x00,0x00,0x00,0xFF,0xFF,0x00,0x00,0x7F,0xFF,0xE0,0x00,0x00,0x07,0xFF,0xF8,0x00,0x03,0xFF,0xFE,0x00,0x00,0x00,0x3F,0xFF,
  0xC0,0x00,0x1F,0xFF,0xF0,0x00,0x00,0x01,0xFF,0xFE,0x00,0x00,0xFF,0xFF,0x80,0x00,0x00,0x0F,0xFF,0xF0,0x00,0x07,0xFF,0xFC,
  0x00,0x00,0x00,0x7F,0xFF,0x80,0x00,0x3F,0xFF,0xE0,0x00,0x00,0x03,0xFF,0xFC,0x00,0x01,0xFF,0xFF,0x00,0x00,0x00,0x1F,0xFF,
  0xE0,0x00,0xFF,0xFF,0xFF,0x80,0x00,0x0F,0xFF,0xFF,0xF8,0x7F,0xFF,0xFF,0xFF,0xC0,0x07,0xFF,0xFF,0xFF,0xFF,0xFF,0xFF,0xFF,
  0xFE,0x00,0x3F,0xFF,0xFF,0xFF,0xFF,0xFF,0xFF,0xFF,0xF0,0x01,0xFF,0xFF,0xFF,0xFF,0xFF,0xFF,0xFF,0xFF,0x80,0x0F,0xFF,0xFF,
  0xFF,0xF8,0xFF,0xFF,0xFF,0xFF,0x80,0x00,0xFF,0xFF,0xFE,0x7F,0xFF,0xFF,0xFF,0xC0,0x00,0x7F,0xFF,0xFF,0x3F,0xFF,0xFF,0xFF,
  0xE0,0x00,0x3F,0xFF,0xFF,0x9F,0xFF,0xFF,0xFF,0xF0,0x00,0x1F,0xFF,0xFF,0xC0,0x7F,0xFF,0xFF,0x80,0x00,0x01,0xFF,0xFE,0x00,
  0x07,0xFF,0xFC,0x00,0x00,0x00,0x3F,0xE0,0x00,0x03,0xFF,0xFE,0x00,0x00,0x00,0x3F,0xE0,0x00,0x01,0xFF,0xFF,0x00,0x00,0x00,
  0x3F,0xE0,0x00,0x00,0xFF,0xFF,0x80,0x00,0x00,0x3F,0xE0,0x00,0x00,0x7F,0xFF,0xC0,0x00,0x00,0x3F,0xE0,0x00,0x00,0x3F,0xFF,
  0xE0,0x00,0x00,0x3F,0xE0,0x00,0x00,0x1F,0xFF,0xF0,0x00,0x00,0x3F,0xE0,0x00,0x00,0x0F,0xFF,0xF8,0x00,0x00,0x3F,0xE0,0x00,
  0x00,0x07,0xFF,0xFC,0x00,0x00,0x3F,0xE0,0x00,0x00,0x03,0xFF,0xFE,0x00,0x00,0x3F,0xE0,0x00,0x00,0x01,0xFF,0xFF,0x00,0x00,
  0x3F,0xE0,0x00,0x00,0x00,0xFF,0xFF,0x80,0x00,0x3F,0xE0,0x00,0x00,0x00,0x7F,0xFF,0xC0,0x00,0x3F,0xE0,0x00,0x00,0x00,0x3F,
  0xFF,0xE0,0x00,0x3F,0xE0,0x00,0x00,0x00,0x1F,0xFF,0xF0,0x00,0x3F,0xE0,0x00,0x00,0x00,0x0F,0xFF,0xF8,0x00,0x3F,0xC0,0x00,
  0x00,0x00,0x07,0xFF,0xFC,0x00,0x3F,0xC0,0x00,0x00,0x00,0x03,0xFF,0xFE,0x00,0x3F,0xC0,0x00,0x00,0x00,0x01,0xFF,0xFF,0x00,
  0x3F,0xC0,0x00,0x00,0x00,0x00,0xFF,0xFF,0x80,0x3F,0xC0,0x00,0x00,0x00,0x00,0x7F,0xFF,0xC0,0x3F,0xE0,0x00,0x00,0x00,0x00,
  0x3F,0xFF,0xE0,0x3F,0xF8,0x00,0x00,0x00,0x00,0x1F,0xFF,0xF0,0x3F,0xFE,0x00,0x00,0x00,0x00,0x0F,0xFF,0xF8,0x3F,0xFF,0x00,
  0x00,0x00,0x00,0x07,0xFF,0xFC,0x3F,0xFF,0xC0,0x00,0x00,0x00,0x03,0xFF,0xFE,0x3F,0xFF,0xF0,0x00,0x00,0x00,0x01,0xFF,0xFF,
  0x7F,0xFF,0xF8,0x00,0x00,0x00,0x00,0xFF,0xFF,0xFF,0xFF,0xFE,0x00,0x00,0x00,0x00,0x7F,0xFF,0xFF,0xFF,0xFF,0x80,0x00,0x00,
  0x00,0x3F,0xFF,0xFF,0xFF,0xFF,0xC0,0x00,0x00,0x00,0x1F,0xFF,0xFF,0xBF,0xFF,0xF0,0x00,0x00,0x00,0x0F,0xFF,0xFF,0x8F,0xFF,
  0xFC,0x00,0x00,0x00,0x07,0xFF,0xFF,0x87,0xFF,0xFE,0x00,0x00,0x00,0x03,0xFF,0xFF,0x01,0xFF,0xFF,0x80,0x00,0x00,0x01,0xFF,
  0xFF,0x00,0x7F,0xFF,0xE0,0x00,0x00,0x00,0xFF,0xFF,0x80,0x3F,0xFF,0xF0,0x00,0x00,0x00,0x7F,0xFF,0xC0,0x0F,0xFF,0xFC,0x00,
  0x00,0x00,0x3F,0xFF,0xE0,0x07,0xFF,0xFF,0x00,0x00,0x00,0x1F,0xFF,0xF0,0x01,0xFF,0xFF,0x80,0x00,0x00,0x0F,0xFF,0xF8,0x00,
  0x7F,0xFF,0xE0,0x00,0x00,0x07,0xFF,0xFC,0x00,0x3F,0xFF,0xF8,0x00,0x00,0x03,0xFF,0xFE,0x00,0x0F,0xFF,0xFC,0x00,0x00,0x01,
  0xFF,0xFF,0x00,0x03,0xFF,0xFF,0x00,0x00,0x00,0xFF,0xFF,0x80,0x01,0xFF,0xFF,0xC0,0x00,0x00,0x7F,0xFF,0xC0,0x00,0x7F,0xFF,
  0xE0,0x00,0x00,0x3F,0xFF,0xE0,0x00,0x1F,0xFF,0xF8,0x00,0x00,0x1F,0xFF,0xF0,0x00,0x0F,0xFF,0xFE,0x00,0x00,0x0F,0xFF,0xF8,
  0x00,0x03,0xFF,0xFF,0x00,0x00,0x07,0xFF,0xFC,0x00,0x01,0xFF,0xFF,0xC0,0x00,0x03,0xFF,0xFE,0x00,0x00,0x7F,0xFF,0xF0,0x00,
  0x01,0xFF,0xFF,0x00,0x00,0x1F,0xFF,0xF8,0x00,0x00,0xFF,0xFF,0x80,0x00,0x0F,0xFF,0xFE,0x00,0x00,0x7F,0xFF,0xC0,0x00,0x03,
  0xFF,0xFF,0x80,0x00,0x3F,0xFF,0xE0,0x00,0x00,0xFF,0xFF,0xC0,0x00,0x1F,0xFF,0xF0,0x00,0x00,0x7F,0xFF,0xF0,0x00,0x0F,0xFF,
  0xF8,0x00,0x00,0x1F,0xFF,0xFC,0x00,0x07,0xFF,0xFC,0x00,0x00,0x0F,0xFF,0xFE,0x00,0x03,0xFF,0xFE,0x00,0x00,0x03,0xFF,0xFF,
  0x80,0x1F,0xFF,0xFF,0xF0,0x00,0x00,0xFF,0xFF,0xF8,0xFF,0xFF,0xFF,0xFF,0xC0,0x00,0x7F,0xFF,0xFF,0x7F,0xFF,0xFF,0xFF,0xE0,
  0x00,0x1F,0xFF,0xFF,0xFF,0xFF,0xFF,0xFF,0xF0,0x00,0x07,0xFF,0xFF,0xFF,0xFF,0xFF,0xFF,0xF8,0x00,0x03,0xFF,0xFF,0xF0,0x00,
  0x03,0xFF,0xFF,0xFF,0xFF,0xFF,0xFF,0xFF,0xF0,0x00,0x3F,0xFF,0xFF,0xFF,0xFF,0xFF,0xFF,0xFF,0x00,0x03,0xFF,0xFF,0xFF,0xFF,
  0xFF,0xFF,0xFF,0xF0,0x00,0x3F,0xFF,0xFF,0xFF,0xFF,0xFF,0xFF,0xFF,0x00,0x00,0x1F,0xFF,0xFF,0xFF,0xFF,0xFF,0xFE,0x00,0x00,
  0x00,0x1F,0xFF,0xFF,0xFF,0xFF,0xFE,0x00,0x00,0x00,0x01,0xFC,0x00,0x00,0x1F,0xFF,0xE0,0x00,0x00,0x00,0x1F,0x80,0x00,0x01,
  0xFF,0xFE,0x00,0x00,0x00,0x01,0xF8,0x00,0x00,0x1F,0xFF,0xE0,0x00,0x00,0x00,0x1F,0x80,0x00,0x01,0xFF,0xFE,0x00,0x00,0x00,
  0x01,0xF8,0x00,0x00,0x1F,0xFF,0xE0,0x00,0x00,0x00,0x1F,0x80,0x00,0x01,0xFF,0xFE,0x00,0x00,0x00,0x01,0xF8,0x00,0x00,0x1F,
  0xFF,0xE0,0x00,0x00,0x00,0x1F,0x80,0x00,0x01,0xFF,0xFE,0x00,0x00,0x00,0x03,0xF8,0x00,0x00,0x1F,0xFF,0xE0,0x00,0x00,0x00,
  0x3F,0x80,0x00,0x01,0xFF,0xFE,0x00,0x00,0x00,0x03,0xF8,0x00,0x00,0x1F,0xFF,0xE0,0x00,0x00,0x00,0x3F,0x80,0x00,0x01,0xFF,
  0xFE,0x00,0x00,0x00,0x03,0xF8,0x00,0x00,0x1F,0xFF,0xE0,0x00,0x00,0x00,0x3F,0x00,0x00,0x01,0xFF,0xFE,0x00,0x00,0x00,0x03,
  0xF0,0x00,0x00,0x1F,0xFF,0xE0,0x00,0x00,0x00,0x3F,0x00,0x00,0x01,0xFF,0xFE,0x00,0x00,0x00,0x03,0xF0,0x00,0x00,0x1F,0xFF,
  0xE0,0x00,0x00,0x00,0x3F,0x00,0x00,0x01,0xFF,0xFE,0x00,0x00,0x00,0x03,0xF0,0x00,0x00,0x1F,0xFF,0xE0,0x00,0x00,0x00,0x7F,
  0x00,0x00,0x01,0xFF,0xFE,0x00,0x00,0x00,0x07,0xF0,0x00,0x00,0x1F,0xFF,0xE0,0x00,0x00,0x00,0x7F,0x00,0x00,0x01,0xFF,0xFE,
  0x00,0x00,0x00,0x07,0xF0,0x00,0x00,0x1F,0xFF,0xE0,0x00,0x00,0x00,0x7E,0x00,0x00,0x01,0xFF,0xFE,0x00,0x00,0x00,0x07,0xE0,
  0x00,0x00,0x1F,0xFF,0xE0,0x00,0x00,0x00,0x7E,0x00,0x00,0x01,0xFF,0xFE,0x00,0x00,0x00,0x07,0xE0,0x00,0x00,0x1F,0xFF,0xE0,
  0x00,0x00,0x00,0xFE,0x00,0x00,0x01,0xFF,0xFE,0x00,0x00,0x00,0x0F,0xE0,0x00,0x00,0x1F,0xFF,0xE0,0x00,0x00,0x00,0xFE,0x00,
  0x00,0x01,0xFF,0xFE,0x00,0x00,0x00,0x0F,0xE0,0x00,0x00,0x1F,0xFF,0xE0,0x00,0x00,0x00,0xFC,0x00,0x00,0x01,0xFF,0xFE,0x00,
  0x00,0x00,0x0F,0xC0,0x00,0x00,0x1F,0xFF,0xE0,0x00,0x00,0x00,0xFC,0x00,0x00,0x01,0xFF,0xFE,0x00,0x00,0x00,0x1F,0xC0,0x00,
  0x00,0x1F,0xFF,0xE0,0x00,0x00,0x01,0xFC,0x00,0x00,0x01,0xFF,0xFE,0x00,0x00,0x00,0x1F,0xC0,0x00,0x00,0x1F,0xFF,0xE0,0x00,
  0x00,0x01,0xFC,0x00,0x00,0x01,0xFF,0xFE,0x00,0x00,0x00,0x1F,0x80,0x00,0x00,0x1F,0xFF,0xE0,0x00,0x00,0x03,0xF8,0x00,0x00,
  0x01,0xFF,0xFE,0x00,0x00,0x00,0x3F,0x80,0x00,0x00,0x1F,0xFF,0xE0,0x00,0x00,0x03,0xF8,0x00,0x00,0x01,0xFF,0xFE,0x00,0x00,
  0x00,0x3F,0x80,0x00,0x00,0x1F,0xFF,0xE0,0x00,0x00,0x07,0xF0,0x00,0x00,0x01,0xFF,0xFE,0x00,0x00,0x00,0x7F,0x00,0x00,0x00,
  0x1F,0xFF,0xE0,0x00,0x00,0x07,0xF0,0x00,0x00,0x01,0xFF,0xFE,0x00,0x00,0x00,0xFF,0x00,0x00,0x00,0x1F,0xFF,0xE0,0x0F,0x00,
  0x0F,0xE0,0x00,0x00,0x01,0xFF,0xFE,0x00,0xF0,0x01,0xFE,0x00,0x00,0x00,0x1F,0xFF,0xE0,0x0F,0x80,0x1F,0xE0,0x00,0x00,0x01,
  0xFF,0xFE,0x00,0xF8,0x03,0xFC,0x00,0x00,0x00,0x1F,0xFF,0xE0,0x0F,0xC0,0x3F,0xC0,0x00,0x00,0x01,0xFF,0xFE,0x00,0xFC,0x07,
  0xF8,0x00,0x00,0x00,0x1F,0xFF,0xE0,0x0F,0xE0,0xFF,0x80,0x00,0x00,0x01,0xFF,0xFE,0x00,0xFF,0x1F,0xF8,0x00,0x00,0x00,0x1F,
  0xFF,0xE0,0x07,0xFF,0xFF,0x00,0x00,0x00,0x01,0xFF,0xFE,0x00,0x7F,0xFF,0xE0,0x00,0x00,0x00,0x1F,0xFF,0xE0,0x07,0xFF,0xFE,
  0x00,0x00,0x00,0x1F,0xFF,0xFF,0xE0,0x7F,0xFF,0xC0,0x00,0x00,0x3F,0xFF,0xFF,0xFF,0xF7,0xFF,0xF8,0x00,0x00,0x03,0xFF,0xFF,
  0xFF,0xFF,0x7F,0xFF,0x00,0x00,0x00,0x3F,0xFF,0xFF,0xFF,0xF3,0xFF,0xE0,0x00,0x00,0x03,0xFF,0xFF,0xFF,0xFF,0x0F,0xF0,0x00,
  0x00,0x00,0x00,0x00,0x00,0x00,0x00,0xFF,0xFF,0xFF,0xE0,0x00,0x00,0x00,0x00,0x3F,0xFF,0xFF,0xFF,0xFF,0xFF,0xFF,0x00,0x00,
  0x00,0x00,0x03,0xFF,0xFF,0xFF,0xFF,0xFF,0xFF,0xFC,0x00,0x00,0x00,0x00,0x1F,0xFF,0xFF,0xFF,0xFF,0xFF,0xFF,0xE0,0x00,0x00,
  0x00,0x01,0xFF,0xFF,0xFF,0xF0,0x7F,0xFF,0xFF,0x80,0x00,0x00,0x00,0x0F,0xFF,0xFF,0xF0,0x00,0x7F,0xFF,0xFC,0x00,0x00,0x00,
  0x00,0xFF,0xFF,0xFC,0x00,0x03,0xFF,0xFF,0xE0,0x00,0x00,0x00,0x07,0xFF,0xFF,0xE0,0x00,0x1F,0xFF,0xFF,0x80,0x00,0x00,0x00,
  0x7F,0xFF,0xFF,0x00,0x00,0xFF,0xFF,0xFC,0x00,0x00,0x00,0x03,0xFF,0xFF,0xF8,0x00,0x07,0xFF,0xFF,0xF0,0x00,0x00,0x00,0x1F,
  0xFF,0xFF,0xC0,0x00,0x3F,0xFF,0xFF,0x80,0x00,0x00,0x01,0xFF,0xFF,0xFE,0x00,0x01,0xFF,0xFF,0xFE,0x00,0x00,0x00,0x0F,0xFF,
  0xFF,0xF0,0x00,0x0F,0xEF,0xFF,0xF0,0x00,0x00,0x00,0xFF,0xFF,0xFF,0x80,0x00,0x7F,0x7F,0xFF,0x80,0x00,0x00,0x07,0xF7,0xFF,
  0xFC,0x00,0x03,0xF9,0xFF,0xFE,0x00,0x00,0x00,0x7F,0xBF,0xFF,0xE0,0x00,0x1F,0xCF,0xFF,0xF0,0x00,0x00,0x03,0xF9,0xFF,0xFF,
  0x00,0x00,0xFE,0x7F,0xFF,0xC0,0x00,0x00,0x3F,0xCF,0xFF,0xF8,0x00,0x07,0xF1,0xFF,0xFE,0x00,0x00,0x01,0xFC,0x7F,0xFF,0xC0,
  0x00,0x3F,0x8F,0xFF,0xF8,0x00,0x00,0x0F,0xE3,0xFF,0xFE,0x00,0x01,0xFC,0x3F,0xFF,0xC0,0x00,0x00,0xFF,0x1F,0xFF,0xF0,0x00,
  0x0F,0xE1,0xFF,0xFF,0x00,0x00,0x07,0xF0,0xFF,0xFF,0x80,0x00,0x7F,0x07,0xFF,0xF8,0x00,0x00,0x7F,0x87,0xFF,0xFC,0x00,0x03,
  0xF8,0x3F,0xFF,0xC0,0x00,0x03,0xF8,0x3F,0xFF,0xE0,0x00,0x1F,0xC1,0xFF,0xFF,0x00,0x00,0x3F,0xC1,0xFF,0xFF,0x00,0x00,0xFE,
  0x07,0xFF,0xF8,0x00,0x01,0xFC,0x0F,0xFF,0xF8,0x00,0x07,0xF0,0x3F,0xFF,0xE0,0x00,0x1F,0xE0,0x7F,0xFF,0xC0,0x00,0x3F,0x80,
  0xFF,0xFF,0x00,0x00,0xFE,0x03,0xFF,0xFE,0x00,0x01,0xFC,0x07,0xFF,0xFC,0x00,0x07,0xF0,0x1F,0xFF,0xF0,0x00,0x0F,0xE0,0x1F,
  0xFF,0xE0,0x00,0x7F,0x00,0xFF,0xFF,0x80,0x00,0x7F,0x00,0xFF,0xFF,0x00,0x03,0xF8,0x07,0xFF,0xFC,0x00,0x03,0xF8,0x03,0xFF,
  0xFC,0x00,0x3F,0xC0,0x3F,0xFF,0xE0,0x00,0x1F,0xC0,0x1F,0xFF,0xE0,0x01,0xFC,0x01,0xFF,0xFF,0x00,0x00,0xFE,0x00,0xFF,0xFF,
  0x80,0x1F,0xE0,0x0F,0xFF,0xF8,0x00,0x07,0xF0,0x03,0xFF,0xFC,0x00,0xFE,0x00,0x7F,0xFF,0xC0,0x00,0x3F,0x80,0x1F,0xFF,0xF0,
  0x0F,0xF0,0x03,0xFF,0xFE,0x00,0x01,0xFC,0x00,0x7F,0xFF,0x80,0x7F,0x00,0x1F,0xFF,0xF0,0x00,0x0F,0xE0,0x03,0xFF,0xFC,0x03,
  0xF8,0x00,0xFF,0xFF,0x80,0x00,0x7F,0x00,0x0F,0xFF,0xF0,0x3F,0x80,0x07,0xFF,0xFC,0x00,0x03,0xF8,0x00,0x7F,0xFF,0x81,0xFC,
  0x00,0x3F,0xFF,0xE0,0x00,0x1F,0xC0,0x03,0xFF,0xFE,0x1F,0xE0,0x01,0xFF,0xFF,0x00,0x00,0xFE,0x00,0x0F,0xFF,0xF0,0xFE,0x00,
  0x0F,0xFF,0xF8,0x00,0x07,0xF0,0x00,0x7F,0xFF,0xCF,0xF0,0x00,0x7F,0xFF,0xC0,0x00,0x3F,0x80,0x01,0xFF,0xFE,0x7F,0x00,0x03,
  0xFF,0xFE,0x00,0x01,0xFC,0x00,0x0F,0xFF,0xFF,0xF8,0x00,0x1F,0xFF,0xF0,0x00,0x0F,0xE0,0x00,0x3F,0xFF,0xFF,0x80,0x00,0xFF,
  0xFF,0x80,0x00,0x7F,0x00,0x01,0xFF,0xFF,0xFC,0x00,0x07,0xFF,0xFC,0x00,0x03,0xF8,0x00,0x07,0xFF,0xFF,0xC0,0x00,0x3F,0xFF,
  0xE0,0x00,0x1F,0xC0,0x00,0x3F,0xFF,0xFE,0x00,0x01,0xFF,0xFF,0x00,0x00,0xFE,0x00,0x01,0xFF,0xFF,0xF0,0x00,0x0F,0xFF,0xF8,
  0x00,0x07,0xF0,0x00,0x07,0xFF,0xFF,0x00,0x00,0x7F,0xFF,0xC0,0x00,0x3F,0x80,0x00,0x3F,0xFF,0xF8,0x00,0x03,0xFF,0xFE,0x00,
  0x01,0xFC,0x00,0x00,0xFF,0xFF,0x80,0x00,0x1F,0xFF,0xF0,0x00,0x0F,0xE0,0x00,0x07,0xFF,0xFC,0x00,0x00,0xFF,0xFF,0x80,0x00,
  0x7F,0x00,0x00,0x1F,0xFF,0xC0,0x00,0x07,0xFF,0xFC,0x00,0x03,0xF8,0x00,0x00,0xFF,0xFE,0x00,0x00,0x3F,0xFF,0xE0,0x00,0x1F,
  0xC0,0x00,0x07,0xFF,0xE0,0x00,0x01,0xFF,0xFF,0x00,0x00,0xFE,0x00,0x00,0x1F,0xFF,0x00,0x00,0x0F,0xFF,0xF8,0x00,0x07,0xF0,
  0x00,0x00,0xFF,0xF8,0x00,0x00,0x7F,0xFF,0xC0,0x00,0x3F,0x80,0x00,0x03,0xFF,0x80,0x00,0x03,0xFF,0xFE,0x00,0x01,0xFC,0x00,
  0x00,0x1F,0xFC,0x00,0x00,0x1F,0xFF,0xF0,0x00,0x0F,0xE0,0x00,0x00,0x7F,0xC0,0x00,0x00,0xFF,0xFF,0x80,0x00,0x7F,0x00,0x00,
  0x03,0xFE,0x00,0x00,0x07,0xFF,0xFC,0x00,0x03,0xF8,0x00,0x00,0x0F,0xE0,0x00,0x00,0x3F,0xFF,0xE0,0x01,0xFF,0xFC,0x00,0x00,
  0x7F,0x00,0x00,0x1F,0xFF,0xFF,0xF0,0xFF,0xFF,0xFF,0x00,0x03,0xF0,0x00,0x1F,0xFF,0xFF,0xFF,0xFF,0xFF,0xFF,0xF8,0x00,0x0F,
  0x80,0x00,0xFF,0xFF,0xFF,0xFF,0xFF,0xFF,0xFF,0xC0,0x00,0x7C,0x00,0x07,0xFF,0xFF,0xFF,0xFF,0xFF,0xFF,0xFE,0x00,0x01,0xC0,
  0x00,0x3F,0xFF,0xFF,0xFF,0xF0,0xFF,0xFF,0xFF,0xFF,0x80,0x0F,0xFF,0xFF,0xFF,0xFF,0xFF,0xFF,0xFF,0xFC,0x00,0x7F,0xFF,0xFF,
  0xFF,0xFF,0xFF,0xFF,0xFF,0xE0,0x03,0xFF,0xFF,0xFF,0xFF,0xFF,0xFF,0xFF,0xFF,0x00,0x1F,0xFF,0xFF,0xFF,0xF0,0xFF,0xFF,0xFF,
  0x80,0x00,0x0F,0xFF,0xFF,0xF8,0x00,0x7F,0xFF,0xC0,0x00,0x00,0x07,0xFF,0xF8,0x00,0x03,0xFF,0xFE,0x00,0x00,0x00,0x3F,0xFF,
  0xC0,0x00,0x1F,0xFF,0xF0,0x00,0x00,0x01,0xFF,0xFE,0x00,0x00,0xFF,0xFF,0x80,0x00,0x00,0x0F,0xFF,0xF0,0x00,0x07,0xFF,0xFC,
  0x00,0x00,0x00,0x7F,0xFF,0x80,0x00,0x3F,0xFF,0xE0,0x00,0x00,0x03,0xFF,0xFC,0x00,0x01,0xFF,0xFF,0x00,0x00,0x00,0x1F,0xFF,
  0xE0,0x00,0x0F,0xFF,0xF8,0x00,0x00,0x00,0xFF,0xFF,0x00,0x00,0x7F,0xFF,0xC0,0x00,0x00,0x07,0xFF,0xF8,0x00,0x03,0xFF,0xFE,
  0x00,0x00,0x00,0x3F,0xFF,0xC0,0x00,0x1F,0xFF,0xF0,0x00,0x00,0x01,0xFF,0xFE,0x00,0x00,0xFF,0xFF,0x80,0x00,0x00,0x0F,0xFF,
  0xF0,0x00,0x07,0xFF,0xFC,0x00,0x00,0x00,0x7F,0xFF,0x80,0x00,0x3F,0xFF,0xE0,0x00,0x00,0x03,0xFF,0xFC,0x00,0x01,0xFF,0xFF,
  0x00,0x00,0x00,0x1F,0xFF,0xE0,0x00,0x0F,0xFF,0xF8,0x00,0x00,0x00,0xFF,0xFF,0x00,0x00,0x7F,0xFF,0xC0,0x00,0x00,0x07,0xFF,
  0xF8,0x00,0x03,0xFF,0xFE,0x00,0x00,0x00,0x3F,0xFF,0xC0,0x00,0x1F,0xFF,0xF0,0x00,0x00,0x01,0xFF,0xFE,0x00,0x00,0xFF,0xFF,
  0x80,0x00,0x00,0x0F,0xFF,0xF0,0x00,0x07,0xFF,0xFC,0x00,0x00,0x00,0x7F,0xFF,0x80,0x00,0x3F,0xFF,0xE0,0x00,0x00,0x03,0xFF,
  0xFC,0x00,0x01,0xFF,0xFF,0x00,0x00,0x00,0x1F,0xFF,0xE0,0x00,0x0F,0xFF,0xF8,0x00,0x00,0x00,0xFF,0xFF,0x00,0x00,0x7F,0xFF,
  0xC0,0x00,0x00,0x07,0xFF,0xF8,0x00,0x03,0xFF,0xFF,0xFF,0xFF,0xFF,0xFF,0xFF,0xC0,0x00,0x1F,0xFF,0xFF,0xFF,0xFF,0xFF,0xFF,
  0xFE,0x00,0x00,0xFF,0xFF,0xFF,0xFF,0xFF,0xFF,0xFF,0xF0,0x00,0x07,0xFF,0xFF,0xFF,0xFF,0xFF,0xFF,0xFF,0x80,0x00,0x3F,0xFF,
  0xFF,0xFF,0xFF,0xFF,0xFF,0xFC,0x00,0x01,0xFF,0xFF,0xFF,0xFF,0xFF,0xFF,0xFF,0xE0,0x00,0x0F,0xFF,0xF8,0x00,0x00,0x00,0xFF,
  0xFF,0x00,0x00,0x7F,0xFF,0xC0,0x00,0x00,0x07,0xFF,0xF8,0x00,0x03,0xFF,0xFE,0x00,0x00,0x00,0x3F,0xFF,0xC0,0x00,0x1F,0xFF,
  0xF0,0x00,0x00,0x01,0xFF,0xFE,0x00,0x00,0xFF,0xFF,0x80,0x00,0x00,0x0F,0xFF,0xF0,0x00,0x07,0xFF,0xFC,0x00,0x00,0x00,0x7F,
  0xFF,0x80,0x00,0x3F,0xFF,0xE0,0x00,0x00,0x03,0xFF,0xFC,0x00,0x01,0xFF,0xFF,0x00,0x00,0x00,0x1F,0xFF,0xE0,0x00,0x0F,0xFF,
  0xF8,0x00,0x00,0x00,0xFF,0xFF,0x00,0x00,0x7F,0xFF,0xC0,0x00,0x00,0x07,0xFF,0xF8,0x00,0x03,0xFF,0xFE,0x00,0x00,0x00,0x3F,
  0xFF,0xC0,0x00,0x1F,0xFF,0xF0,0x00,0x00,0x01,0xFF,0xFE,0x00,0x00,0xFF,0xFF,0x80,0x00,0x00,0x0F,0xFF,0xF0,0x00,0x07,0xFF,
  0xFC,0x00,0x00,0x00,0x7F,0xFF,0x80,0x00,0x3F,0xFF,0xE0,0x00,0x00,0x03,0xFF,0xFC,0x00,0x01,0xFF,0xFF,0x00,0x00,0x00,0x1F,
  0xFF,0xE0,0x00,0x0F,0xFF,0xF8,0x00,0x00,0x00,0xFF,0xFF,0x00,0x00,0x7F,0xFF,0xC0,0x00,0x00,0x07,0xFF,0xF8,0x00,0x03,0xFF,
  0xFE,0x00,0x00,0x00,0x3F,0xFF,0xC0,0x00,0x1F,0xFF,0xF0,0x00,0x00,0x01,0xFF,0xFE,0x00,0x00,0xFF,0xFF,0x80,0x00,0x00,0x0F,
  0xFF,0xF0,0x00,0x07,0xFF,0xFC,0x00,0x00,0x00,0x7F,0xFF,0x80,0x00,0x3F,0xFF,0xE0,0x00,0x00,0x03,0xFF,0xFC,0x00,0x01,0xFF,
  0xFF,0x00,0x00,0x00,0x1F,0xFF,0xE0,0x00,0x0F,0xFF,0xF8,0x00,0x00,0x00,0xFF,0xFF,0x00,0x00,0x7F,0xFF,0xC0,0x00,0x00,0x07,
  0xFF,0xF8,0x00,0x03,0xFF,0xFE,0x00,0x00,0x00,0x3F,0xFF,0xC0,0x01,0xFF,0xFF,0xFF,0x00,0x00,0x1F,0xFF,0xFF,0xF0,0xFF,0xFF,
  0xFF,0xFF,0x80,0x0F,0xFF,0xFF,0xFF,0xFF,0xFF,0xFF,0xFF,0xFC,0x00,0x7F,0xFF,0xFF,0xFF,0xFF,0xFF,0xFF,0xFF,0xE0,0x03,0xFF,
  0xFF,0xFF,0xFF,0xFF,0xFF,0xFF,0xFF,0x00,0x1F,0xFF,0xFF,0xFF,0xF0,0x00,0x00,0x00,0x1F,0xFF,0xF0,0x00,0x00,0x00,0x00,0x00,
  0x07,0xFF,0xFF,0xFF,0x00,0x00,0x00,0x00,0x00,0x7F,0xFF,0xFF,0xFF,0xC0,0x00,0x00,0x00,0x07,0xFF,0xFF,0xFF,0xFF,0xE0,0x00,
  0x00,0x00,0x1F,0xFF,0xFF,0xFF,0xFF,0xF0,0x00,0x00,0x00,0xFF,0xFF,0xE0,0x3F,0xFF,0xF8,0x00,0x00,0x07,0xFF,0xFC,0x00,0x07,
  0xFF,0xF8,0x00,0x00,0x1F,0xFF,0xE0,0x00,0x03,0xFF,0xF8,0x00,0x00,0x7F,0xFF,0x80,0x00,0x03,0xFF,0xFC,0x00,0x01,0xFF,0xFC,
  0x00,0x00,0x03,0xFF,0xFC,0x00,0x07,0xFF,0xF8,0x00,0x00,0x03,0xFF,0xF8,0x00,0x1F,0xFF,0xE0,0x00,0x00,0x03,0xFF,0xF8,0x00,
  0x3F,0xFF,0x80,0x00,0x00,0x03,0xFF,0xF8,0x00,0xFF,0xFF,0x00,0x00,0x00,0x07,0xFF,0xF8,0x03,0xFF,0xFC,0x00,0x00,0x00,0x07,
  0xFF,0xF0,0x07,0xFF,0xF8,0x00,0x00,0x00,0x0F,0xFF,0xF0,0x1F,0xFF,0xE0,0x00,0x00,0x00,0x0F,0xFF,0xE0,0x3F,0xFF,0xC0,0x00,
  0x00,0x00,0x1F,0xFF,0xE0,0x7F,0xFF,0x80,0x00,0x00,0x00,0x3F,0xFF,0xC1,0xFF,0xFE,0x00,0x00,0x00,0x00,0x7F,0xFF,0xC3,0xFF,
  0xFC,0x00,0x00,0x00,0x00,0x7F,0xFF,0x87,0xFF,0xF8,0x00,0x00,0x00,0x00,0xFF,0xFF,0x1F,0xFF,0xF0,0x00,0x00,0x00,0x01,0xFF,
  0xFE,0x3F,0xFF,0xE0,0x00,0x00,0x00,0x03,0xFF,0xFE,0x7F,0xFF,0xC0,0x00,0x00,0x00,0x07,0xFF,0xFC,0xFF,0xFF,0x00,0x00,0x00,
  0x00,0x0F,0xFF,0xF9,0xFF,0xFE,0x00,0x00,0x00,0x00,0x0F,0xFF,0xF7,0xFF,0xFC,0x00,0x00,0x00,0x00,0x1F,0xFF,0xEF,0xFF,0xF8,
  0x00,0x00,0x00,0x00,0x3F,0xFF,0xFF,0xFF,0xF0,0x00,0x00,0x00,0x00,0x7F,0xFF,0xFF,0xFF,0xE0,0x00,0x00,0x00,0x00,0xFF,0xFF,
  0xFF,0xFF,0xC0,0x00,0x00,0x00,0x01,0xFF,0xFF,0xFF,0xFF,0x80,0x00,0x00,0x00,0x03,0xFF,0xFF,0xFF,0xFF,0x00,0x00,0x00,0x00,
  0x07,0xFF,0xFF,0xFF,0xFE,0x00,0x00,0x00,0x00,0x0F,0xFF,0xFF,0xFF,0xFC,0x00,0x00,0x00,0x00,0x1F,0xFF,0xFF,0xFF,0xF8,0x00,
  0x00,0x00,0x00,0x3F,0xFF,0xFF,0xFF,0xF0,0x00,0x00,0x00,0x00,0x7F,0xFF,0xFF,0xFF,0xE0,0x00,0x00,0x00,0x00,0xFF,0xFF,0xFF,
  0xFF,0xC0,0x00,0x00,0x00,0x01,0xFF,0xFF,0xFF,0xFF,0x80,0x00,0x00,0x00,0x03,0xFF,0xFF,0xFF,0xFF,0x00,0x00,0x00,0x00,0x07,
  0xFF,0xF9,0xFF,0xFE,0x00,0x00,0x00,0x00,0x0F,0xFF,0xF3,0xFF,0xFC,0x00,0x00,0x00,0x00,0x3F,0xFF,0xE7,0xFF,0xFC,0x00,0x00,
  0x00,0x00,0x7F,0xFF,0xCF,0xFF,0xF8,0x00,0x00,0x00,0x00,0xFF,0xFF,0x9F,0xFF,0xF0,0x00,0x00,0x00,0x01,0xFF,0xFF,0x1F,0xFF,
  0xE0,0x00,0x00,0x00,0x03,0xFF,0xFC,0x3F,0xFF,0xC0,0x00,0x00,0x00,0x07,0xFF,0xF8,0x7F,0xFF,0x80,0x00,0x00,0x00,0x0F,0xFF,
  0xF0,0xFF,0xFF,0x80,0x00,0x00,0x00,0x3F,0xFF,0xC0,0xFF,0xFF,0x00,0x00,0x00,0x00,0x7F,0xFF,0x81,0xFF,0xFE,0x00,0x00,0x00,
  0x00,0xFF,0xFF,0x01,0xFF,0xFC,0x00,0x00,0x00,0x03,0xFF,0xFC,0x03,0xFF,0xFC,0x00,0x00,0x00,0x07,0xFF,0xF8,0x03,0xFF,0xF8,
  0x00,0x00,0x00,0x0F,0xFF,0xE0,0x07,0xFF,0xF8,0x00,0x00,0x00,0x3F,0xFF,0xC0,0x07,0xFF,0xF0,0x00,0x00,0x00,0x7F,0xFF,0x00,
  0x07,0xFF,0xF0,0x00,0x00,0x01,0xFF,0xFC,0x00,0x07,0xFF,0xF0,0x00,0x00,0x07,0xFF,0xF0,0x00,0x07,0xFF,0xE0,0x00,0x00,0x1F,
  0xFF,0xC0,0x00,0x07,0xFF,0xF0,0x00,0x00,0x7F,0xFF,0x00,0x00,0x07,0xFF,0xF0,0x00,0x01,0xFF,0xFC,0x00,0x00,0x07,0xFF,0xF8,
  0x00,0x0F,0xFF,0xF0,0x00,0x00,0x07,0xFF,0xFF,0x01,0xFF,0xFF,0xC0,0x00,0x00,0x03,0xFF,0xFF,0xFF,0xFF,0xFE,0x00,0x00,0x00,
  0x01,0xFF,0xFF,0xFF,0xFF,0xF0,0x00,0x00,0x00,0x00,0xFF,0xFF,0xFF,0xFF,0x80,0x00,0x00,0x00,0x00,0x1F,0xFF,0xFF,0xF0,0x00,
  0x00,0x00,0x00,0x00,0x03,0xFF,0xFE,0x00,0x00,0x00,0x00,0xFF,0xFF,0xFF,0xFF,0xFF,0xFF,0xFF,0xFF,0xFF,0xFF,0xFF,0xFF,0xFF,
  0xFF,0xFF,0xFF,0xFF,0xFF,0xFF,0xFF,0xFF,0xFF,0xFF,0xFF,0xFF,0xFF,0xFF,0xFF,0xFF,0xFF,0xFF,0xFF,0xFF,0xFF,0xFF,0xFF,0xFF,
  0xFF,0xF0,0x7F,0xFF,0xFF,0xFF,0xFF,0xFF,0xFF,0xFF,0xF0,0x00,0x3F,0xFF,0xFF,0xFF,0xFF,0xFF,0xFF,0xF8,0x00,0x01,0xFF,0xFE,
  0x00,0x00,0x00,0x3F,0xFF,0xC0,0x00,0x0F,0xFF,0xF0,0x00,0x00,0x01,0xFF,0xFE,0x00,0x00,0x7F,0xFF,0x80,0x00,0x00,0x0F,0xFF,
  0xF0,0x00,0x03,0xFF,0xFC,0x00,0x00,0x00,0x7F,0xFF,0x80,0x00,0x1F,0xFF,0xE0,0x00,0x00,0x03,0xFF,0xFC,0x00,0x00,0xFF,0xFF,
  0x00,0x00,0x00,0x1F,0xFF,0xE0,0x00,0x07,0xFF,0xF8,0x00,0x00,0x00,0xFF,0xFF,0x00,0x00,0x3F,0xFF,0xC0,0x00,0x00,0x07,0xFF,
  0xF8,0x00,0x01,0xFF,0xFE,0x00,0x00,0x00,0x3F,0xFF,0xC0,0x00,0x0F,0xFF,0xF0,0x00,0x00,0x01,0xFF,0xFE,0x00,0x00,0x7F,0xFF,
  0x80,0x00,0x00,0x0F,0xFF,0xF0,0x00,0x03,0xFF,0xFC,0x00,0x00,0x00,0x7F,0xFF,0x80,0x00,0x1F,0xFF,0xE0,0x00,0x00,0x03,0xFF,
  0xFC,0x00,0x00,0xFF,0xFF,0x00,0x00,0x00,0x1F,0xFF,0xE0,0x00,0x07,0xFF,0xF8,0x00,0x00,0x00,0xFF,0xFF,0x00,0x00,0x3F,0xFF,
  0xC0,0x00,0x00,0x07,0xFF,0xF8,0x00,0x01,0xFF,0xFE,0x00,0x00,0x00,0x3F,0xFF,0xC0,0x00,0x0F,0xFF,0xF0,0x00,0x00,0x01,0xFF,
  0xFE,0x00,0x00,0x7F,0xFF,0x80,0x00,0x00,0x0F,0xFF,0xF0,0x00,0x03,0xFF,0xFC,0x00,0x00,0x00,0x7F,0xFF,0x80,0x00,0x1F,0xFF,
  0xE0,0x00,0x00,0x03,0xFF,0xFC,0x00,0x00,0xFF,0xFF,0x00,0x00,0x00,0x1F,0xFF,0xE0,0x00,0x07,0xFF,0xF8,0x00,0x00,0x00,0xFF,
  0xFF,0x00,0x00,0x3F,0xFF,0xC0,0x00,0x00,0x07,0xFF,0xF8,0x00,0x01,0xFF,0xFE,0x00,0x00,0x00,0x3F,0xFF,0xC0,0x00,0x0F,0xFF,
  0xF0,0x00,0x00,0x01,0xFF,0xFE,0x00,0x00,0x7F,0xFF,0x80,0x00,0x00,0x0F,0xFF,0xF0,0x00,0x03,0xFF,0xFC,0x00,0x00,0x00,0x7F,
  0xFF,0x80,0x00,0x1F,0xFF,0xE0,0x00,0x00,0x03,0xFF,0xFC,0x00,0x00,0xFF,0xFF,0x00,0x00,0x00,0x1F,0xFF,0xE0,0x00,0x07,0xFF,
  0xF8,0x00,0x00,0x00,0xFF,0xFF,0x00,0x00,0x3F,0xFF,0xC0,0x00,0x00,0x07,0xFF,0xF8,0x00,0x01,0xFF,0xFE,0x00,0x00,0x00,0x3F,
  0xFF,0xC0,0x00,0x0F,0xFF,0xF0,0x00,0x00,0x01,0xFF,0xFE,0x00,0x00,0x7F,0xFF,0x80,0x00,0x00,0x0F,0xFF,0xF0,0x00,0x03,0xFF,
  0xFC,0x00,0x00,0x00,0x7F,0xFF,0x80,0x00,0x1F,0xFF,0xE0,0x00,0x00,0x03,0xFF,0xFC,0x00,0x00,0xFF,0xFF,0x00,0x00,0x00,0x1F,
  0xFF,0xE0,0x00,0x07,0xFF,0xF8,0x00,0x00,0x00,0xFF,0xFF,0x00,0x00,0x3F,0xFF,0xC0,0x00,0x00,0x07,0xFF,0xF8,0x00,0x01,0xFF,
  0xFE,0x00,0x00,0x00,0x3F,0xFF,0xC0,0x00,0x0F,0xFF,0xF0,0x00,0x00,0x01,0xFF,0xFE,0x00,0x00,0x7F,0xFF,0x80,0x00,0x00,0x0F,
  0xFF,0xF0,0x00,0x03,0xFF,0xFC,0x00,0x00,0x00,0x7F,0xFF,0x80,0x00,0x1F,0xFF,0xE0,0x00,0x00,0x03,0xFF,0xFC,0x00,0x00,0xFF,
  0xFF,0x00,0x00,0x00,0x1F,0xFF,0xE0,0x00,0x07,0xFF,0xF8,0x00,0x00,0x00,0xFF,0xFF,0x00,0x00,0x3F,0xFF,0xC0,0x00,0x00,0x07,
  0xFF,0xF8,0x00,0x01,0xFF,0xFE,0x00,0x00,0x00,0x3F,0xFF,0xC0,0x00,0x0F,0xFF,0xF0,0x00,0x00,0x01,0xFF,0xFE,0x00,0x00,0x7F,
  0xFF,0x80,0x00,0x00,0x0F,0xFF,0xF0,0x00,0x03,0xFF,0xFC,0x00,0x00,0x00,0x7F,0xFF,0x80,0x00,0x1F,0xFF,0xE0,0x00,0x00,0x03,
  0xFF,0xFC,0x00,0x00,0xFF,0xFF,0x00,0x00,0x00,0x1F,0xFF,0xE0,0x00,0x07,0xFF,0xF8,0x00,0x00,0x00,0xFF,0xFF,0x00,0x00,0x3F,
  0xFF,0xC0,0x00,0x00,0x07,0xFF,0xF8,0x00,0x01,0xFF,0xFE,0x00,0x00,0x00,0x3F,0xFF,0xC0,0x01,0xFF,0xFF,0xFF,0x00,0x00,0x1F,
  0xFF,0xFF,0xE0,0xFF,0xFF,0xFF,0xFF,0x80,0x1F,0xFF,0xFF,0xFF,0xFF,0xFF,0xFF,0xFF,0xFE,0x00,0xFF,0xFF,0xFF,0xFF,0xFF,0xFF,
  0xFF,0xFF,0xF0,0x07,0xFF,0xFF,0xFF,0xFF,0xFF,0xFF,0xFF,0xFF,0x80,0x3F,0xFF,0xFF,0xFF,0xF0,0xFF,0xFF,0xFF,0xFF,0xFE,0x00,
  0x00,0x1F,0xFF,0xFF,0xFF,0xFF,0xFE,0x00,0x03,0xFF,0xFF,0xFF,0xFF,0xFF,0xF8,0x00,0x7F,0xFF,0xFF,0xFF,0xFF,0xFF,0xC0,0x00,
  0x7F,0xFF,0xFF,0xFF,0xFF,0xFE,0x00,0x01,0xFF,0xFF,0xFF,0xFF,0xFF,0xE0,0x00,0x3F,0xFF,0xE0,0x07,0xFF,0xFF,0x00,0x07,0xFF,
  0xFC,0x00,0x3F,0xFF,0xF0,0x00,0xFF,0xFF,0x80,0x01,0xFF,0xFE,0x00,0x1F,0xFF,0xF0,0x00,0x1F,0xFF,0xE0,0x03,0xFF,0xFE,0x00,
  0x03,0xFF,0xFE,0x00,0x7F,0xFF,0xC0,0x00,0x3F,0xFF,0xC0,0x0F,0xFF,0xF8,0x00,0x07,0xFF,0xF8,0x01,0xFF,0xFF,0x00,0x00,0xFF,
  0xFF,0x80,0x3F,0xFF,0xE0,0x00,0x0F,0xFF,0xF0,0x07,0xFF,0xFC,0x00,0x01,0xFF,0xFE,0x00,0xFF,0xFF,0x80,0x00,0x3F,0xFF,0xC0,
  0x1F,0xFF,0xF0,0x00,0x07,0xFF,0xFC,0x03,0xFF,0xFE,0x00,0x00,0xFF,0xFF,0x80,0x7F,0xFF,0xC0,0x00,0x1F,0xFF,0xF0,0x0F,0xFF,
  0xF8,0x00,0x03,0xFF,0xFE,0x01,0xFF,0xFF,0x00,0x00,0x7F,0xFF,0xC0,0x3F,0xFF,0xE0,0x00,0x0F,0xFF,0xF8,0x07,0xFF,0xFC,0x00,
  0x01,0xFF,0xFE,0x00,0xFF,0xFF,0x80,0x00,0x3F,0xFF,0xC0,0x1F,0xFF,0xF0,0x00,0x07,0xFF,0xF8,0x03,0xFF,0xFE,0x00,0x00,0xFF,
  0xFF,0x00,0x7F,0xFF,0xC0,0x00,0x3F,0xFF,0xE0,0x0F,0xFF,0xF8,0x00,0x07,0xFF,0xF8,0x01,0xFF,0xFF,0x00,0x00,0xFF,0xFF,0x00,
  0x3F,0xFF,0xE0,0x00,0x3F,0xFF,0xC0,0x07,0xFF,0xFC,0x00,0x0F,0xFF,0xF8,0x00,0xFF,0xFF,0x80,0x03,0xFF,0xFE,0x00,0x1F,0xFF,
  0xF0,0x00,0xFF,0xFF,0xC0,0x03,0xFF,0xFE,0x00,0x7F,0xFF,0xF0,0x00,0x7F,0xFF,0xFF,0xFF,0xFF,0xFC,0x00,0x0F,0xFF,0xFF,0xFF,
  0xFF,0xFE,0x00,0x01,0xFF,0xFF,0xFF,0xFF,0xFF,0x80,0x00,0x3F,0xFF,0xFF,0xFF,0xFF,0xC0,0x00,0x07,0xFF,0xFF,0xFF,0xFF,0xC0,
  0x00,0x00,0xFF,0xFF,0xFF,0xFF,0x80,0x00,0x00,0x1F,0xFF,0xF0,0x00,0x00,0x00,0x00,0x03,0xFF,0xFE,0x00,0x00,0x00,0x00,0x00,
  0x7F,0xFF,0xC0,0x00,0x00,0x00,0x00,0x0F,0xFF,0xF8,0x00,0x00,0x00,0x00,0x01,0xFF,0xFF,0x00,0x00,0x00,0x00,0x00,0x3F,0xFF,
  0xE0,0x00,0x00,0x00,0x00,0x07,0xFF,0xFC,0x00,0x00,0x00,0x00,0x00,0xFF,0xFF,0x80,0x00,0x00,0x00,0x00,0x1F,0xFF,0xF0,0x00,
  0x00,0x00,0x00,0x03,0xFF,0xFE,0x00,0x00,0x00,0x00,0x00,0x7F,0xFF,0xC0,0x00,0x00,0x00,0x00,0x0F,0xFF,0xF8,0x00,0x00,0x00,
  0x00,0x01,0xFF,0xFF,0x00,0x00,0x00,0x00,0x00,0x3F,0xFF,0xE0,0x00,0x00,0x00,0x00,0x07,0xFF,0xFC,0x00,0x00,0x00,0x00,0x00,
  0xFF,0xFF,0x80,0x00,0x00,0x00,0x00,0x1F,0xFF,0xF0,0x00,0x00,0x00,0x00,0x03,0xFF,0xFE,0x00,0x00,0x00,0x00,0x00,0x7F,0xFF,
  0xC0,0x00,0x00,0x00,0x00,0x0F,0xFF,0xF8,0x00,0x00,0x00,0x00,0x01,0xFF,0xFF,0x00,0x00,0x00,0x00,0x00,0x3F,0xFF,0xE0,0x00,
  0x00,0x00,0x00,0x3F,0xFF,0xFF,0xE0,0x00,0x00,0x00,0x7F,0xFF,0xFF,0xFF,0xF0,0x00,0x00,0x1F,0xFF,0xFF,0xFF,0xFE,0x00,0x00,
  0x03,0xFF,0xFF,0xFF,0xFF,0xC0,0x00,0x00,0x7F,0xFF,0xFF,0xFF,0xF8,0x00,0x00,0x00,0x00,0x00,0x00,0x0F,0xFF,0xFC,0x00,0x00,
  0x00,0x00,0x07,0xFF,0xFF,0xFF,0xE0,0x00,0x00,0x00,0xFF,0xFF,0xFF,0xFF,0xF8,0x00,0x00,0x1F,0xFF,0xFF,0xFF,0xFF,0xFE,0x00,
  0x01,0xFF,0xFF,0xFF,0xFF,0xFF,0xF8,0x00,0x0F,0xFF,0xFF,0xE0,0xFF,0xFF,0xE0,0x00,0xFF,0xFF,0xE0,0x00,0x0F,0xFF,0x80,0x07,
  0xFF,0xFE,0x00,0x00,0x07,0xFE,0x00,0x3F,0xFF,0xE0,0x00,0x00,0x07,0xF8,0x01,0xFF,0xFF,0x00,0x00,0x00,0x0F,0xE0,0x0F,0xFF,
  0xF0,0x00,0x00,0x00,0x1F,0x80,0x7F,0xFF,0x80,0x00,0x00,0x00,0x7E,0x03,0xFF,0xFE,0x00,0x00,0x00,0x01,0xF8,0x0F,0xFF,0xF0,
  0x00,0x00,0x00,0x03,0xE0,0x7F,0xFF,0x80,0x00,0x00,0x00,0x0F,0x83,0xFF,0xFE,0x00,0x00,0x00,0x00,0x3E,0x0F,0xFF,0xF0,0x00,
  0x00,0x00,0x00,0xF8,0x7F,0xFF,0xC0,0x00,0x00,0x00,0x03,0xE1,0xFF,0xFE,0x00,0x00,0x00,0x00,0x0F,0x87,0xFF,0xF8,0x00,0x00,
  0x00,0x00,0x1E,0x3F,0xFF,0xE0,0x00,0x00,0x00,0x00,0x00,0xFF,0xFF,0x80,0x00,0x00,0x00,0x00,0x03,0xFF,0xFC,0x00,0x00,0x00,
  0x00,0x00,0x1F,0xFF,0xF0,0x00,0x00,0x00,0x00,0x00,0x7F,0xFF,0xC0,0x00,0x00,0x00,0x00,0x01,0xFF,0xFF,0x00,0x00,0x00,0x00,
  0x00,0x07,0xFF,0xFC,0x00,0x00,0x00,0x00,0x00,0x1F,0xFF,0xE0,0x00,0x00,0x00,0x00,0x00,0xFF,0xFF,0x80,0x00,0x00,0x00,0x00,
  0x03,0xFF,0xFE,0x00,0x00,0x00,0x00,0x00,0x0F,0xFF,0xF8,0x00,0x00,0x00,0x00,0x00,0x3F,0xFF,0xE0,0x00,0x00,0x00,0x00,0x00,
  0xFF,0xFF,0x80,0x00,0x00,0x00,0x00,0x03,0xFF,0xFE,0x00,0x00,0x00,0x00,0x00,0x0F,0xFF,0xF8,0x00,0x00,0x00,0x00,0x00,0x3F,
  0xFF,0xE0,0x00,0x00,0x00,0x00,0x00,0xFF,0xFF,0x80,0x00,0x00,0x00,0x00,0x03,0xFF,0xFE,0x00,0x00,0x00,0x00,0x00,0x0F,0xFF,
  0xF8,0x00,0x00,0x00,0x00,0x00,0x3F,0xFF,0xE0,0x00,0x00,0x00,0x00,0x00,0xFF,0xFF,0x80,0x00,0x00,0x00,0x00,0x03,0xFF,0xFE,
  0x00,0x00,0x00,0x00,0x00,0x07,0xFF,0xF8,0x00,0x00,0x00,0x00,0x00,0x1F,0xFF,0xF0,0x00,0x00,0x00,0x00,0x00,0x7F,0xFF,0xC0,
  0x00,0x00,0x00,0x00,0x01,0xFF,0xFF,0x00,0x00,0x00,0x00,0x00,0x07,0xFF,0xFC,0x00,0x00,0x00,0x00,0x00,0x0F,0xFF,0xF0,0x00,
  0x00,0x00,0x00,0x00,0x3F,0xFF,0xE0,0x00,0x00,0x00,0x00,0x3C,0xFF,0xFF,0x80,0x00,0x00,0x00,0x01,0xF1,0xFF,0xFE,0x00,0x00,
  0x00,0x00,0x07,0xC7,0xFF,0xFC,0x00,0x00,0x00,0x00,0x1F,0x1F,0xFF,0xF0,0x00,0x00,0x00,0x00,0x7C,0x3F,0xFF,0xC0,0x00,0x00,
  0x00,0x01,0xF0,0x7F,0xFF,0x80,0x00,0x00,0x00,0x07,0xC1,0xFF,0xFE,0x00,0x00,0x00,0x00,0x3F,0x03,0xFF,0xFC,0x00,0x00,0x00,
  0x00,0xFC,0x07,0xFF,0xF8,0x00,0x00,0x00,0x03,0xF0,0x1F,0xFF,0xF0,0x00,0x00,0x00,0x0F,0xC0,0x3F,0xFF,0xE0,0x00,0x00,0x00,
  0x3F,0x00,0x7F,0xFF,0xC0,0x00,0x00,0x01,0xFC,0x00,0xFF,0xFF,0x80,0x00,0x00,0x1F,0xF0,0x01,0xFF,0xFF,0x80,0x00,0x01,0xFF,
  0xC0,0x01,0xFF,0xFF,0x80,0x00,0x3F,0xFF,0x00,0x03,0xFF,0xFF,0xF0,0x1F,0xFF,0xFC,0x00,0x03,0xFF,0xFF,0xFF,0xFF,0xFF,0xF0,
  0x00,0x03,0xFF,0xFF,0xFF,0xFF,0xFF,0x00,0x00,0x03,0xFF,0xFF,0xFF,0xFF,0xC0,0x00,0x00,0x00,0xFF,0xFF,0xFF,0xF0,0x00,0x00,
  0x00,0x00,0x3F,0xFF,0xE0,0x00,0x00,0xFF,0xFF,0xFF,0xFF,0xFF,0xFF,0xFF,0xFF,0xFF,0xFF,0xFF,0xFF,0xFF,0xFF,0xFF,0xFF,0xFF,
  0xFF,0xFF,0xFF,0xFF,0xFF,0xFF,0xFF,0xFF,0xFF,0xFF,0xFF,0xFF,0xFF,0xFF,0xFF,0xFF,0xFF,0xFF,0xFF,0xFF,0xFF,0xFF,0xFF,0xFF,
  0xFF,0xFF,0xF0,0x3F,0xFF,0xFF,0xFF,0xFF,0xFF,0xC0,0x00,0x0F,0xFF,0xF8,0x00,0x01,0xFF,0xF0,0x00,0x03,0xFF,0xFE,0x00,0x00,
  0x3F,0xF8,0x00,0x00,0xFF,0xFF,0x80,0x00,0x0F,0xFE,0x00,0x00,0x3F,0xFF,0xE0,0x00,0x03,0xFF,0x80,0x00,0x0F,0xFF,0xF8,0x00,
  0x00,0xFF,0xE0,0x00,0x03,0xFF,0xFE,0x00,0x00,0x3F,0xF8,0x00,0x00,0xFF,0xFF,0x80,0x00,0x0F,0xFE,0x00,0x00,0x3F,0xFF,0xE0,
  0x00,0x03,0xFF,0x80,0x00,0x0F,0xFF,0xF8,0x00,0x00,0x7F,0xE0,0x00,0x03,0xFF,0xFE,0x00,0x00,0x1F,0xF8,0x00,0x00,0xFF,0xFF,
  0x80,0x00,0x07,0xFC,0x00,0x00,0x3F,0xFF,0xE0,0x00,0x01,0xFF,0x00,0x00,0x0F,0xFF,0xF8,0x00,0x00,0x7C,0x00,0x00,0x03,0xFF,
  0xFE,0x00,0x00,0x00,0x00,0x00,0x00,0xFF,0xFF,0x80,0x00,0x00,0x00,0x00,0x00,0x3F,0xFF,0xE0,0x00,0x00,0x00,0x00,0x00,0x0F,
  0xFF,0xF8,0x00,0x00,0x00,0x00,0x00,0x03,0xFF,0xFE,0x00,0x00,0x00,0x00,0x00,0x00,0xFF,0xFF,0x80,0x00,0x00,0x00,0x00,0x00,
  0x3F,0xFF,0xE0,0x00,0x00,0x00,0x00,0x00,0x0F,0xFF,0xF8,0x00,0x00,0x00,0x00,0x00,0x03,0xFF,0xFE,0x00,0x00,0x00,0x00,0x00,
  0x00,0xFF,0xFF,0x80,0x00,0x00,0x00,0x00,0x00,0x3F,0xFF,0xE0,0x00,0x00,0x00,0x00,0x00,0x0F,0xFF,0xF8,0x00,0x00,0x00,0x00,
  0x00,0x03,0xFF,0xFE,0x00,0x00,0x00,0x00,0x00,0x00,0xFF,0xFF,0x80,0x00,0x00,0x00,0x00,0x00,0x3F,0xFF,0xE0,0x00,0x00,0x00,
  0x00,0x00,0x0F,0xFF,0xF8,0x00,0x00,0x00,0x00,0x00,0x03,0xFF,0xFE,0x00,0x00,0x00,0x00,0x00,0x00,0xFF,0xFF,0x80,0x00,0x00,
  0x00,0x00,0x00,0x3F,0xFF,0xE0,0x00,0x00,0x00,0x00,0x00,0x0F,0xFF,0xF8,0x00,0x00,0x00,0x00,0x00,0x03,0xFF,0xFE,0x00,0x00,
  0x00,0x00,0x00,0x00,0xFF,0xFF,0x80,0x00,0x00,0x00,0x00,0x00,0x3F,0xFF,0xE0,0x00,0x00,0x00,0x00,0x00,0x0F,0xFF,0xF8,0x00,
  0x00,0x00,0x00,0x00,0x03,0xFF,0xFE,0x00,0x00,0x00,0x00,0x00,0x00,0xFF,0xFF,0x80,0x00,0x00,0x00,0x00,0x00,0x3F,0xFF,0xE0,
  0x00,0x00,0x00,0x00,0x00,0x0F,0xFF,0xF8,0x00,0x00,0x00,0x00,0x00,0x03,0xFF,0xFE,0x00,0x00,0x00,0x00,0x00,0x00,0xFF,0xFF,
  0x80,0x00,0x00,0x00,0x00,0x00,0x3F,0xFF,0xE0,0x00,0x00,0x00,0x00,0x00,0x0F,0xFF,0xF8,0x00,0x00,0x00,0x00,0x00,0x03,0xFF,
  0xFE,0x00,0x00,0x00,0x00,0x00,0x00,0xFF,0xFF,0x80,0x00,0x00,0x00,0x00,0x00,0x3F,0xFF,0xE0,0x00,0x00,0x00,0x00,0x00,0x0F,
  0xFF,0xF8,0x00,0x00,0x00,0x00,0x00,0x03,0xFF,0xFE,0x00,0x00,0x00,0x00,0x00,0x00,0xFF,0xFF,0x80,0x00,0x00,0x00,0x00,0x00,
  0x3F,0xFF,0xE0,0x00,0x00,0x00,0x00,0x00,0x0F,0xFF,0xF8,0x00,0x00,0x00,0x00,0x00,0x03,0xFF,0xFE,0x00,0x00,0x00,0x00,0x00,
  0x00,0xFF,0xFF,0x80,0x00,0x00,0x00,0x00,0x00,0x3F,0xFF,0xE0,0x00,0x00,0x00,0x00,0x00,0x0F,0xFF,0xF8,0x00,0x00,0x00,0x00,
  0x00,0x7F,0xFF,0xFF,0xF0,0x00,0x00,0x00,0x03,0xFF,0xFF,0xFF,0xFF,0xE0,0x00,0x00,0x00,0xFF,0xFF,0xFF,0xFF,0xF8,0x00,0x00,
  0x00,0x3F,0xFF,0xFF,0xFF,0xFE,0x00,0x00,0x00,0x0F,0xFF,0xFF,0xFF,0xFF,0x80,0x00,0xFF,0xFF,0xFF,0xFF,0xE0,0x00,0xFF,0xFF,
  0xFF,0xFF,0xFF,0xFF,0xFF,0xC0,0x01,0xFF,0xFF,0xFF,0xFF,0xFF,0xFF,0xFF,0x80,0x03,0xFF,0xFF,0xFF,0xFF,0xFF,0xFF,0xFF,0x00,
  0x07,0xFF,0xFF,0xF0,0xFF,0xFF,0xFF,0xC0,0x00,0x00,0x7F,0xFE,0x00,0x1F,0xFF,0xF8,0x00,0x00,0x00,0x1F,0xE0,0x00,0x3F,0xFF,
  0xF8,0x00,0x00,0x00,0x3F,0x80,0x00,0x3F,0xFF,0xF0,0x00,0x00,0x00,0xFF,0x00,0x00,0x3F,0xFF,0xF0,0x00,0x00,0x01,0xFC,0x00,
  0x00,0x7F,0xFF,0xE0,0x00,0x00,0x07,0xF8,0x00,0x00,0x7F,0xFF,0xE0,0x00,0x00,0x1F,0xE0,0x00,0x00,0xFF,0xFF,0xC0,0x00,0x00,
  0x3F,0xC0,0x00,0x00,0xFF,0xFF,0xC0,0x00,0x00,0xFF,0x00,0x00,0x01,0xFF,0xFF,0xC0,0x00,0x01,0xFE,0x00,0x00,0x01,0xFF,0xFF,
  0x80,0x00,0x07,0xF8,0x00,0x00,0x01,0xFF,0xFF,0x80,0x00,0x0F,0xE0,0x00,0x00,0x03,0xFF,0xFF,0x00,0x00,0x3F,0xC0,0x00,0x00,
  0x03,0xFF,0xFF,0x00,0x00,0x7F,0x00,0x00,0x00,0x07,0xFF,0xFE,0x00,0x01,0xFE,0x00,0x00,0x00,0x07,0xFF,0xFE,0x00,0x03,0xF8,
  0x00,0x00,0x00,0x0F,0xFF,0xFC,0x00,0x0F,0xF0,0x00,0x00,0x00,0x0F,0xFF,0xFC,0x00,0x1F,0xC0,0x00,0x00,0x00,0x0F,0xFF,0xF8,
  0x00,0x7F,0x80,0x00,0x00,0x00,0x1F,0xFF,0xF8,0x00,0xFE,0x00,0x00,0x00,0x00,0x1F,0xFF,0xF8,0x03,0xFC,0x00,0x00,0x00,0x00,
  0x3F,0xFF,0xF0,0x07,0xF0,0x00,0x00,0x00,0x00,0x3F,0xFF,0xF0,0x1F,0xC0,0x00,0x00,0x00,0x00,0x3F,0xFF,0xE0,0x7F,0x80,0x00,
  0x00,0x00,0x00,0x7F,0xFF,0xE0,0xFE,0x00,0x00,0x00,0x00,0x00,0x7F,0xFF,0xC3,0xFC,0x00,0x00,0x00,0x00,0x00,0xFF,0xFF,0xC7,
  0xF0,0x00,0x00,0x00,0x00,0x00,0xFF,0xFF,0x9F,0xE0,0x00,0x00,0x00,0x00,0x01,0xFF,0xFF,0xBF,0x80,0x00,0x00,0x00,0x00,0x01,
  0xFF,0xFF,0xFF,0x00,0x00,0x00,0x00,0x00,0x01,0xFF,0xFF,0xFC,0x00,0x00,0x00,0x00,0x00,0x03,0xFF,0xFF,0xF8,0x00,0x00,0x00,
  0x00,0x00,0x03,0xFF,0xFF,0xE0,0x00,0x00,0x00,0x00,0x00,0x07,0xFF,0xFF,0xC0,0x00,0x00,0x00,0x00,0x00,0x07,0xFF,0xFF,0x00,
  0x00,0x00,0x00,0x00,0x00,0x0F,0xFF,0xFC,0x00,0x00,0x00,0x00,0x00,0x00,0x0F,0xFF,0xF8,0x00,0x00,0x00,0x00,0x00,0x00,0x0F,
  0xFF,0xE0,0x00,0x00,0x00,0x00,0x00,0x00,0x1F,0xFF,0xC0,0x00,0x00,0x00,0x00,0x00,0x00,0x1F,0xFF,0x00,0x00,0x00,0x00,0x00,
  0x00,0x00,0x3F,0xFE,0x00,0x00,0x00,0x00,0x00,0x00,0x00,0x3F,0xF8,0x00,0x00,0x00,0x00,0x00,0x00,0x00,0x3F,0xF0,0x00,0x00,
  0x00,0x00,0x00,0x00,0x00,0x7F,0xC0,0x00,0x00,0x00,0x00,0x00,0x00,0x00,0xFF,0x80,0x00,0x00,0x00,0x00,0x00,0x00,0x01,0xFE,
  0x00,0x00,0x00,0x00,0x00,0x00,0x00,0x07,0xF8,0x00,0x00,0x00,0x00,0x00,0x00,0x00,0x0F,0xF0,0x00,0x00,0x00,0x00,0x07,0x00,
  0x00,0x3F,0xC0,0x00,0x00,0x00,0x00,0x0F,0x00,0x00,0x7F,0x80,0x00,0x00,0x00,0x00,0x1E,0x00,0x01,0xFE,0x00,0x00,0x00,0x00,
  0x00,0x3E,0x00,0x07,0xFC,0x00,0x00,0x00,0x00,0x00,0x7C,0x00,0x0F,0xF0,0x00,0x00,0x00,0x00,0x00,0xFC,0x00,0x3F,0xC0,0x00,
  0x00,0x00,0x00,0x01,0xF8,0x00,0xFF,0x80,0x00,0x00,0x00,0x00,0x03,0xF8,0x07,0xFE,0x00,0x00,0x00,0x00,0x00,0x07,0xFC,0x3F,
  0xF8,0x00,0x00,0x00,0x00,0x00,0x0F,0xFF,0xFF,0xF0,0x00,0x00,0x00,0x00,0x00,0x1F,0xFF,0xFF,0xC0,0x00,0x00,0x00,0x00,0x00,
  0x3F,0xFF,0xFF,0x00,0x00,0x00,0x00,0x00,0x00,0x7F,0xFF,0xFC,0x00,0x00,0x00,0x00,0x00,0x00,0xFF,0xFF,0xF0,0x00,0x00,0x00,
  0x00,0x00,0x00,0xFF,0xFF,0x80,0x00,0x00,0x00,0x00,0x00,0x00,0xFF,0xFE,0x00,0x00,0x00,0x00,0x00,0x00,0x00,0x3F,0xE0,0x00,
  0x00,0x00,0x00,0x00,0x00,0x00,0x00,0x00,0x7F,0xFF,0xFF,0xFF,0x00,0x00,0x00,0x00,0x00,0x00,0x3F,0xFF,0xFF,0xFF,0x80,0x00,
  0x00,0x00,0x00,0x00,0x1F,0xFF,0xFF,0xFF,0xC0,0x00,0x00,0x00,0x00,0x00,0x0F,0xFF,0xFF,0xFF,0xE0,0x00,0x00,0x00,0x00,0x00,
  0x00,0x3F,0xFF,0xFF,0x00,0x00,0x00,0x00,0x00,0x00,0x00,0x01,0xFF,0xF8,0x00,0x00,0x00,0x00,0x00,0x00,0x00,0x00,0xFF,0xFC,
  0x00,0x00,0x00,0x00,0x00,0x00,0x00,0x00,0x7F,0xFE,0x00,0x00,0x00,0x00,0x00,0x00,0x00,0x00,0x3F,0xFF,0x00,0x00,0x00,0x00,
  0x00,0x00,0x00,0x00,0x1F,0xFF,0x80,0x00,0x00,0x00,0x00,0x00,0x03,0xFF,0xFF,0xFF,0xFF,0xFE,0x00,0x00,0x00,0x00,0x3F,0xFF,
  0xFF,0xFF,0xFF,0xFF,0xF8,0x00,0x00,0x00,0x7F,0xFF,0xFF,0xFF,0xFF,0xFF,0xFF,0x00,0x00,0x00,0xFF,0xFF,0xFF,0xFF,0xFF,0xFF,
  0xFF,0xE0,0x00,0x01,0xFF,0xFF,0xFF,0xFF,0xFF,0xFF,0xFF,0xFC,0x00,0x01,0xFF,0xFF,0xC0,0xFF,0xFE,0x03,0xFF,0xFF,0x80,0x01,
  0xFF,0xFE,0x00,0x3F,0xFF,0x00,0x3F,0xFF,0xE0,0x01,0xFF,0xFE,0x00,0x1F,0xFF,0x80,0x07,0xFF,0xF8,0x01,0xFF,0xFC,0x00,0x0F,
  0xFF,0xC0,0x01,0xFF,0xFE,0x01,0xFF,0xFE,0x00,0x07,0xFF,0xE0,0x00,0x7F,0xFF,0x01,0xFF,0xFE,0x00,0x03,0xFF,0xF0,0x00,0x3F,
  0xFF,0xC0,0xFF,0xFE,0x00,0x01,0xFF,0xF8,0x00,0x0F,0xFF,0xF0,0xFF,0xFF,0x00,0x00,0xFF,0xFC,0x00,0x03,0xFF,0xF8,0x7F,0xFF,
  0x00,0x00,0x7F,0xFE,0x00,0x01,0xFF,0xFE,0x7F,0xFF,0x80,0x00,0x3F,0xFF,0x00,0x00,0xFF,0xFF,0x3F,0xFF,0x80,0x00,0x1F,0xFF,
  0x80,0x00,0x3F,0xFF,0x9F,0xFF,0xC0,0x00,0x0F,0xFF,0xC0,0x00,0x1F,0xFF,0xFF,0xFF,0xE0,0x00,0x07,0xFF,0xE0,0x00,0x0F,0xFF,
  0xFF,0xFF,0xF0,0x00,0x03,0xFF,0xF0,0x00,0x07,0xFF,0xFF,0xFF,0xF8,0x00,0x01,0xFF,0xF8,0x00,0x01,0xFF,0xFF,0xFF,0xFC,0x00,
  0x00,0xFF,0xFC,0x00,0x00,0xFF,0xFF,0xFF,0xFE,0x00,0x00,0x7F,0xFE,0x00,0x00,0x7F,0xFF,0xFF,0xFF,0x00,0x00,0x3F,0xFF,0x00,
  0x00,0x3F,0xFF,0xFF,0xFF,0x80,0x00,0x1F,0xFF,0x80,0x00,0x1F,0xFF,0xFF,0xFF,0xC0,0x00,0x0F,0xFF,0xC0,0x00,0x0F,0xFF,0xFF,
  0xFF,0xE0,0x00,0x07,0xFF,0xE0,0x00,0x07,0xFF,0xFF,0xFF,0xF0,0x00,0x03,0xFF,0xF0,0x00,0x03,0xFF,0xFF,0xFF,0xF8,0x00,0x01,
  0xFF,0xF8,0x00,0x03,0xFF,0xFD,0xFF,0xFC,0x00,0x00,0xFF,0xFC,0x00,0x01,0xFF,0xFE,0xFF,0xFE,0x00,0x00,0x7F,0xFE,0x00,0x00,
  0xFF,0xFF,0x7F,0xFF,0x00,0x00,0x3F,0xFF,0x00,0x00,0x7F,0xFF,0x3F,0xFF,0xC0,0x00,0x1F,0xFF,0x80,0x00,0x3F,0xFF,0x8F,0xFF,
  0xE0,0x00,0x0F,0xFF,0xC0,0x00,0x3F,0xFF,0xC7,0xFF,0xF8,0x00,0x07,0xFF,0xE0,0x00,0x1F,0xFF,0xC1,0xFF,0xFC,0x00,0x03,0xFF,
  0xF0,0x00,0x1F,0xFF,0xE0,0xFF,0xFF,0x00,0x01,0xFF,0xF8,0x00,0x0F,0xFF,0xE0,0x3F,0xFF,0x80,0x00,0xFF,0xFC,0x00,0x0F,0xFF,
  0xF0,0x1F,0xFF,0xE0,0x00,0x7F,0xFE,0x00,0x0F,0xFF,0xF0,0x07,0xFF,0xF8,0x00,0x3F,0xFF,0x00,0x07,0xFF,0xF0,0x01,0xFF,0xFE,
  0x00,0x1F,0xFF,0x80,0x0F,0xFF,0xF0,0x00,0x7F,0xFF,0x80,0x0F,0xFF,0xC0,0x0F,0xFF,0xF0,0x00,0x1F,0xFF,0xF8,0x0F,0xFF,0xE0,
  0x3F,0xFF,0xF0,0x00,0x03,0xFF,0xFF,0xFF,0xFF,0xFF,0xFF,0xFF,0xF0,0x00,0x00,0xFF,0xFF,0xFF,0xFF,0xFF,0xFF,0xFF,0xE0,0x00,
  0x00,0x1F,0xFF,0xFF,0xFF,0xFF,0xFF,0xFF,0xC0,0x00,0x00,0x01,0xFF,0xFF,0xFF,0xFF,0xFF,0xFF,0x80,0x00,0x00,0x00,0x0F,0xFF,
  0xFF,0xFF,0xFF,0xF8,0x00,0x00,0x00,0x00,0x00,0x00,0x1F,0xFF,0x80,0x00,0x00,0x00,0x00,0x00,0x00,0x00,0x0F,0xFF,0xC0,0x00,
  0x00,0x00,0x00,0x00,0x00,0x00,0x07,0xFF,0xE0,0x00,0x00,0x00,0x00,0x00,0x00,0x00,0x03,0xFF,0xF0,0x00,0x00,0x00,0x00,0x00,
  0x00,0x00,0x01,0xFF,0xF8,0x00,0x00,0x00,0x00,0x00,0x00,0x00,0x00,0xFF,0xFC,0x00,0x00,0x00,0x00,0x00,0x00,0x00,0x0F,0xFF,
  0xFF,0xE0,0x00,0x00,0x00,0x00,0x00,0x00,0x7F,0xFF,0xFF,0xFF,0x00,0x00,0x00,0x00,0x00,0x00,0x3F,0xFF,0xFF,0xFF,0x80,0x00,
  0x00,0x00,0x00,0x00,0x1F,0xFF,0xFF,0xFF,0xC0,0x00,0x00,0x00,0x00,0x00,0x0F,0xFF,0xFF,0xFF,0xE0,0x00,0x00,0x00,0x3F,0xFF,
  0xFF,0xFF,0xE0,0x07,0xFF,0xFF,0xF0,0x3F,0xFF,0xFF,0xFF,0xE0,0x07,0xFF,0xFF,0xF0,0x3F,0xFF,0xFF,0xFF,0xE0,0x07,0xFF,0xFF,
  0xF0,0x3F,0xFF,0xFF,0xFF,0xE0,0x07,0xFF,0xFF,0xF0,0x03,0xFF,0xFF,0xFE,0x00,0x00,0x7F,0xFF,0x00,0x00,0x3F,0xFF,0xE0,0x00,
  0x00,0x07,0xF0,0x00,0x00,0x1F,0xFF,0xF0,0x00,0x00,0x0F,0xE0,0x00,0x00,0x1F,0xFF,0xF0,0x00,0x00,0x1F,0xE0,0x00,0x00,0x0F,
  0xFF,0xF8,0x00,0x00,0x3F,0xC0,0x00,0x00,0x07,0xFF,0xFC,0x00,0x00,0x7F,0x80,0x00,0x00,0x07,0xFF,0xFC,0x00,0x00,0x7F,0x00,
  0x00,0x00,0x03,0xFF,0xFE,0x00,0x00,0xFE,0x00,0x00,0x00,0x01,0xFF,0xFF,0x00,0x01,0xFE,0x00,0x00,0x00,0x01,0xFF,0xFF,0x00,
  0x03,0xFC,0x00,0x00,0x00,0x00,0xFF,0xFF,0x80,0x03,0xF8,0x00,0x00,0x00,0x00,0x7F,0xFF,0xC0,0x07,0xF0,0x00,0x00,0x00,0x00,
  0x7F,0xFF,0xC0,0x0F,0xE0,0x00,0x00,0x00,0x00,0x3F,0xFF,0xE0,0x1F,0xE0,0x00,0x00,0x00,0x00,0x3F,0xFF,0xE0,0x3F,0xC0,0x00,
  0x00,0x00,0x00,0x1F,0xFF,0xF0,0x3F,0x80,0x00,0x00,0x00,0x00,0x0F,0xFF,0xF8,0x7F,0x00,0x00,0x00,0x00,0x00,0x0F,0xFF,0xF8,
  0xFE,0x00,0x00,0x00,0x00,0x00,0x07,0xFF,0xFD,0xFE,0x00,0x00,0x00,0x00,0x00,0x03,0xFF,0xFF,0xFC,0x00,0x00,0x00,0x00,0x00,
  0x03,0xFF,0xFF,0xF8,0x00,0x00,0x00,0x00,0x00,0x01,0xFF,0xFF,0xF0,0x00,0x00,0x00,0x00,0x00,0x00,0xFF,0xFF,0xF0,0x00,0x00,
  0x00,0x00,0x00,0x00,0xFF,0xFF,0xE0,0x00,0x00,0x00,0x00,0x00,0x00,0x7F,0xFF,0xC0,0x00,0x00,0x00,0x00,0x00,0x00,0x3F,0xFF,
  0xE0,0x00,0x00,0x00,0x00,0x00,0x00,0x3F,0xFF,0xE0,0x00,0x00,0x00,0x00,0x00,0x00,0x1F,0xFF,0xF0,0x00,0x00,0x00,0x00,0x00,
  0x00,0x0F,0xFF,0xF8,0x00,0x00,0x00,0x00,0x00,0x00,0x0F,0xFF,0xF8,0x00,0x00,0x00,0x00,0x00,0x00,0x07,0xFF,0xFC,0x00,0x00,
  0x00,0x00,0x00,0x00,0x07,0xFF,0xFC,0x00,0x00,0x00,0x00,0x00,0x00,0x0F,0xFF,0xFE,0x00,0x00,0x00,0x00,0x00,0x00,0x1F,0xFF,
  0xFF,0x00,0x00,0x00,0x00,0x00,0x00,0x1F,0xFF,0xFF,0x00,0x00,0x00,0x00,0x00,0x00,0x3F,0xFF,0xFF,0x80,0x00,0x00,0x00,0x00,
  0x00,0x7F,0xFF,0xFF,0xC0,0x00,0x00,0x00,0x00,0x00,0xFF,0x7F,0xFF,0xC0,0x00,0x00,0x00,0x00,0x01,0xFE,0x3F,0xFF,0xE0,0x00,
  0x00,0x00,0x00,0x01,0xFC,0x1F,0xFF,0xF0,0x00,0x00,0x00,0x00,0x03,0xF8,0x1F,0xFF,0xF0,0x00,0x00,0x00,0x00,0x07,0xF8,0x0F,
  0xFF,0xF8,0x00,0x00,0x00,0x00,0x0F,0xF0,0x07,0xFF,0xFC,0x00,0x00,0x00,0x00,0x0F,0xE0,0x07,0xFF,0xFC,0x00,0x00,0x00,0x00,
  0x1F,0xC0,0x03,0xFF,0xFE,0x00,0x00,0x00,0x00,0x3F,0x80,0x01,0xFF,0xFF,0x00,0x00,0x00,0x00,0x7F,0x80,0x01,0xFF,0xFF,0x00,
  0x00,0x00,0x00,0xFF,0x00,0x00,0xFF,0xFF,0x80,0x00,0x00,0x00,0xFE,0x00,0x00,0x7F,0xFF,0x80,0x00,0x00,0x01,0xFC,0x00,0x00,
  0x7F,0xFF,0xC0,0x00,0x00,0x03,0xF8,0x00,0x00,0x3F,0xFF,0xE0,0x00,0x00,0x07,0xF8,0x00,0x00,0x3F,0xFF,0xE0,0x00,0x00,0x0F,
  0xF0,0x00,0x00,0x1F,0xFF,0xF0,0x00,0x00,0x0F,0xE0,0x00,0x00,0x0F,0xFF,0xF8,0x00,0x00,0x1F,0xC0,0x00,0x00,0x0F,0xFF,0xF8,
  0x00,0x00,0x3F,0xC0,0x00,0x00,0x07,0xFF,0xFC,0x00,0x00,0x7F,0x80,0x00,0x00,0x03,0xFF,0xFE,0x00,0x00,0xFF,0x00,0x00,0x00,
  0x03,0xFF,0xFE,0x00,0x00,0xFE,0x00,0x00,0x00,0x01,0xFF,0xFF,0x00,0x0F,0xFF,0xE0,0x00,0x00,0x1F,0xFF,0xFF,0xF0,0xFF,0xFF,
  0xFE,0x00,0x01,0xFF,0xFF,0xFF,0xFF,0xFF,0xFF,0xFE,0x00,0x01,0xFF,0xFF,0xFF,0xFF,0xFF,0xFF,0xFE,0x00,0x01,0xFF,0xFF,0xFF,
  0xFF,0xFF,0xFF,0xFE,0x00,0x01,0xFF,0xFF,0xFF,0xFF,0xFF,0xFF,0xFF,0xFF,0xC0,0x3F,0xFF,0xFF,0xFF,0xF7,0xFF,0xFF,0xFF,0xFE,
  0x01,0xFF,0xFF,0xFF,0xFF,0xBF,0xFF,0xFF,0xFF,0xF0,0x0F,0xFF,0xFF,0xFF,0xFD,0xFF,0xFF,0xFF,0xFF,0x80,0x7F,0xFF,0xFF,0xFF,
  0xE0,0x7F,0xFF,0xFF,0x80,0x00,0x1F,0xFF,0xFF,0xE0,0x00,0x3F,0xFF,0xC0,0x00,0x00,0x0F,0xFF,0xF0,0x00,0x01,0xFF,0xFE,0x00,
  0x00,0x00,0x7F,0xFF,0x80,0x00,0x0F,0xFF,0xF0,0x00,0x00,0x03,0xFF,0xFC,0x00,0x00,0x7F,0xFF,0x80,0x00,0x00,0x1F,0xFF,0xE0,
  0x00,0x03,0xFF,0xFC,0x00,0x00,0x00,0xFF,0xFF,0x00,0x00,0x1F,0xFF,0xE0,0x00,0x00,0x07,0xFF,0xF8,0x00,0x00,0xFF,0xFF,0x00,
  0x00,0x00,0x3F,0xFF,0xC0,0x00,0x07,0xFF,0xF8,0x00,0x00,0x01,0xFF,0xFE,0x00,0x00,0x3F,0xFF,0xC0,0x00,0x00,0x0F,0xFF,0xF0,
  0x00,0x01,0xFF,0xFE,0x00,0x00,0x00,0x7F,0xFF,0x80,0x00,0x0F,0xFF,0xF0,0x00,0x00,0x03,0xFF,0xFC,0x00,0x00,0x7F,0xFF,0x80,
  0x00,0x00,0x1F,0xFF,0xE0,0x00,0x03,0xFF,0xFC,0x00,0x00,0x00,0xFF,0xFF,0x00,0x00,0x1F,0xFF,0xE0,0x00,0x00,0x07,0xFF,0xF8,
  0x00,0x00,0xFF,0xFF,0x00,0x00,0x00,0x3F,0xFF,0xC0,0x00,0x07,0xFF,0xF8,0x00,0x00,0x01,0xFF,0xFE,0x00,0x00,0x3F,0xFF,0xC0,
  0x00,0x00,0x0F,0xFF,0xF0,0x00,0x01,0xFF,0xFE,0x00,0x00,0x00,0x7F,0xFF,0x80,0x00,0x0F,0xFF,0xF0,0x00,0x00,0x03,0xFF,0xFC,
  0x00,0x00,0x7F,0xFF,0x80,0x00,0x00,0x1F,0xFF,0xE0,0x00,0x03,0xFF,0xFC,0x00,0x00,0x00,0xFF,0xFF,0x00,0x00,0x1F,0xFF,0xE0,
  0x00,0x00,0x07,0xFF,0xF8,0x00,0x00,0xFF,0xFF,0x00,0x00,0x00,0x3F,0xFF,0xC0,0x00,0x07,0xFF,0xF8,0x00,0x00,0x01,0xFF,0xFE,
  0x00,0x00,0x3F,0xFF,0xC0,0x00,0x00,0x0F,0xFF,0xF0,0x00,0x01,0xFF,0xFE,0x00,0x00,0x00,0x7F,0xFF,0x80,0x00,0x0F,0xFF,0xF0,
  0x00,0x00,0x03,0xFF,0xFC,0x00,0x00,0x7F,0xFF,0x80,0x00,0x00,0x1F,0xFF,0xE0,0x00,0x03,0xFF,0xFC,0x00,0x00,0x00,0xFF,0xFF,
  0x00,0x00,0x1F,0xFF,0xE0,0x00,0x00,0x07,0xFF,0xF8,0x00,0x00,0xFF,0xFF,0x00,0x00,0x00,0x3F,0xFF,0xC0,0x00,0x07,0xFF,0xF8,
  0x00,0x00,0x01,0xFF,0xFE,0x00,0x00,0x3F,0xFF,0xC0,0x00,0x00,0x0F,0xFF,0xF0,0x00,0x01,0xFF,0xFE,0x00,0x00,0x00,0x7F,0xFF,
  0x80,0x00,0x0F,0xFF,0xF0,0x00,0x00,0x03,0xFF,0xFC,0x00,0x00,0x7F,0xFF,0x80,0x00,0x00,0x1F,0xFF,0xE0,0x00,0x03,0xFF,0xFC,
  0x00,0x00,0x00,0xFF,0xFF,0x00,0x00,0x1F,0xFF,0xE0,0x00,0x00,0x07,0xFF,0xF8,0x00,0x00,0xFF,0xFF,0x00,0x00,0x00,0x3F,0xFF,
  0xC0,0x00,0x07,0xFF,0xF8,0x00,0x00,0x01,0xFF,0xFE,0x00,0x00,0x3F,0xFF,0xC0,0x00,0x00,0x0F,0xFF,0xF0,0x00,0x01,0xFF,0xFE,
  0x00,0x00,0x00,0x7F,0xFF,0x80,0x00,0x0F,0xFF,0xF0,0x00,0x00,0x03,0xFF,0xFC,0x00,0x00,0x7F,0xFF,0x80,0x00,0x00,0x1F,0xFF,
  0xE0,0x00,0x03,0xFF,0xFC,0x00,0x00,0x00,0xFF,0xFF,0x00,0x00,0x1F,0xFF,0xE0,0x00,0x00,0x07,0xFF,0xF8,0x00,0x00,0xFF,0xFF,
  0x00,0x00,0x00,0x3F,0xFF,0xC0,0x00,0x07,0xFF,0xF8,0x00,0x00,0x01,0xFF,0xFE,0x00,0x00,0x3F,0xFF,0xC0,0x00,0x00,0x0F,0xFF,
  0xF0,0x00,0x01,0xFF,0xFE,0x00,0x00,0x00,0x7F,0xFF,0x80,0x00,0x0F,0xFF,0xF0,0x00,0x00,0x03,0xFF,0xFC,0x00,0x00,0x7F,0xFF,
  0x80,0x00,0x00,0x1F,0xFF,0xE0,0x00,0x03,0xFF,0xFC,0x00,0x00,0x00,0xFF,0xFF,0x00,0x00,0x1F,0xFF,0xE0,0x00,0x00,0x07,0xFF,
  0xF8,0x00,0x00,0xFF,0xFF,0x00,0x00,0x00,0x3F,0xFF,0xC0,0x00,0x07,0xFF,0xF8,0x00,0x00,0x01,0xFF,0xFE,0x00,0x00,0x3F,0xFF,
  0xC0,0x00,0x00,0x0F,0xFF,0xF0,0x00,0x01,0xFF,0xFF,0xFF,0xFF,0xFF,0xFF,0xFF,0x80,0x00,0xFF,0xFF,0xFF,0xFF,0xFF,0xFF,0xFF,
  0xFF,0xE0,0xFF,0xFF,0xFF,0xFF,0xFF,0xFF,0xFF,0xFF,0xFF,0xFF,0xFF,0xFF,0xFF,0xFF,0xFF,0xFF,0xFF,0xFF,0xFF,0xFF,0xFF,0xFF,
  0xFF,0xFF,0xFF,0xFF,0xFF,0xFF,0xFF,0xFF,0xFF,0xFF,0xFF,0xFF,0xFF,0xFF,0xFF,0xFF,0xF0,0x00,0x00,0x00,0x00,0x00,0x00,0x00,
  0x1F,0xFF,0x80,0x00,0x00,0x00,0x00,0x00,0x00,0x00,0xFF,0xFC,0x00,0x00,0x00,0x00,0x00,0x00,0x00,0x07,0xFF,0xE0,0x00,0x00,
  0x00,0x00,0x00,0x00,0x00,0x1F,0xFF,0x00,0x00,0x00,0x00,0x00,0x00,0x00,0x00,0xFF,0xF8,0x00,0x00,0x00,0x00,0x00,0x00,0x00,
  0x07,0xFF,0xC0,0x00,0x00,0x00,0x00,0x00,0x00,0x00,0x3F,0xFE,0x00,0x00,0x00,0x00,0x00,0x00,0x00,0x00,0xFF,0xF0,0x00,0x00,
  0x00,0x00,0x00,0x00,0x00,0x07,0xFF,0x00,0x00,0x00,0x00,0x00,0x00,0x00,0x00,0x3F,0xF8,0x00,0x00,0x00,0x00,0x00,0x00,0x00,
  0x00,0xFF,0xC0,0x00,0x00,0x00,0x00,0x00,0x00,0x00,0x07,0xFE,0x00,0x00,0x00,0x00,0x00,0x00,0x00,0x00,0x3F,0xF0,0x00,0x00,
  0x00,0x00,0x00,0x00,0x00,0x00,0xFF,0x80,0x00,0x00,0x00,0x00,0x00,0x00,0x00,0x07,0xFC,0x00,0x00,0x00,0x00,0x00,0x00,0x00,
  0x00,0x3F,0xE0,0x00,0x00,0x00,0x00,0x00,0x00,0x00,0x01,0xFF,0x00,0x00,0x00,0x00,0x00,0x00,0x00,0x00,0x07,0xF8,0x00,0x00,
  0x00,0x00,0x00,0x00,0x00,0x00,0x3F,0xC0,0x00,0x00,0x00,0x00,0x00,0x00,0x00,0x01,0xFE,0x00,0x00,0x00,0x00,0x00,0x00,0x00,
  0x00,0x07,0xF0,0x00,0x00,0x00,0x00,0x00,0x00,0x00,0x00,0x3F,0x80,0xFF,0xFF,0xFF,0xFC,0x00,0xFF,0xFF,0xFF,0xFF,0xFF,0xFF,
  0xFF,0xFF,0x00,0x3F,0xFF,0xFF,0xFF,0xFF,0xFF,0xFF,0xFF,0xC0,0x0F,0xFF,0xFF,0xFF,0xFF,0xFF,0xFF,0xFF,0xF0,0x01,0xFF,0xFF,
  0xFF,0xFE,0x0F,0xFF,0xFF,0xE0,0x00,0x07,0xFF,0xFF,0xF8,0x00,0x7F,0xFF,0xC0,0x00,0x00,0x1F,0xFF,0xE0,0x00,0x1F,0xFF,0xF0,
  0x00,0x00,0x07,0xFF,0xF8,0x00,0x07,0xFF,0xFC,0x00,0x00,0x01,0xFF,0xFE,0x00,0x01,0xFF,0xFF,0x00,0x00,0x00,0x7F,0xFF,0x80,
  0x00,0x7F,0xFF,0xC0,0x00,0x00,0x1F,0xFF,0xE0,0x00,0x1F,0xFF,0xF0,0x00,0x00,0x07,0xFF,0xF8,0x00,0x07,0xFF,0xFC,0x00,0x00,
  0x01,0xFF,0xFE,0x00,0x01,0xFF,0xFF,0x00,0x00,0x00,0x7F,0xFF,0x80,0x00,0x7F,0xFF,0xC0,0x00,0x00,0x1F,0xFF,0xE0,0x00,0x1F,
  0xFF,0xF0,0x00,0x00,0x07,0xFF,0xF8,0x00,0x07,0xFF,0xFC,0x00,0x00,0x01,0xFF,0xFE,0x00,0x01,0xFF,0xFF,0x00,0x00,0x00,0x7F,
  0xFF,0x80,0x00,0x7F,0xFF,0xC0,0x00,0x00,0x1F,0xFF,0xE0,0x00,0x1F,0xFF,0xF0,0x00,0x00,0x07,0xFF,0xF8,0x00,0x07,0xFF,0xFC,
  0x00,0x00,0x01,0xFF,0xFE,0x00,0x01,0xFF,0xFF,0x00,0x00,0x00,0x7F,0xFF,0x80,0x00,0x7F,0xFF,0xC0,0x00,0x00,0x1F,0xFF,0xE0,
  0x00,0x1F,0xFF,0xF0,0x00,0x00,0x07,0xFF,0xF8,0x00,0x07,0xFF,0xFC,0x00,0x00,0x01,0xFF,0xFE,0x00,0x01,0xFF,0xFF,0x00,0x00,
  0x00,0x7F,0xFF,0x80,0x00,0x3F,0xFF,0xC0,0x00,0x00,0x1F,0xFF,0xE0,0x00,0x0F,0xFF,0xF0,0x00,0x00,0x07,0xFF,0xF8,0x00,0x03,
  0xFF,0xFC,0x00,0x00,0x01,0xFF,0xFE,0x00,0x00,0xFF,0xFF,0x00,0x00,0x00,0x7F,0xFF,0x80,0x00,0x3F,0xFF,0xC0,0x00,0x00,0x1F,
  0xFF,0xE0,0x00,0x0F,0xFF,0xF0,0x00,0x00,0x07,0xFF,0xF8,0x00,0x03,0xFF,0xFC,0x00,0x00,0x01,0xFF,0xFE,0x00,0x00,0x7F,0xFF,
  0x80,0x00,0x00,0x7F,0xFF,0x80,0x00,0x1F,0xFF,0xF0,0x00,0x00,0x1F,0xFF,0xE0,0x00,0x07,0xFF,0xFC,0x00,0x00,0x0F,0xFF,0xF8,
  0x00,0x00,0xFF,0xFF,0x80,0x00,0x0F,0xFF,0xFE,0x00,0x00,0x3F,0xFF,0xF8,0x00,0x3F,0xFF,0xFF,0x80,0x00,0x07,0xFF,0xFF,0xFF,
  0xFF,0xFF,0xFF,0xE0,0x00,0x00,0xFF,0xFF,0xFF,0xFF,0xFF,0xFF,0xF8,0x00,0x00,0x3F,0xFF,0xFF,0xFF,0xFF,0xFF,0xFE,0x00,0x00,
  0x03,0xFF,0xFF,0xFF,0xFF,0xFF,0xFF,0x80,0x00,0x00,0x7F,0xFF,0xFF,0xFF,0x9F,0xFF,0xE0,0x00,0x00,0x07,0xFF,0xFF,0xFF,0x07,
  0xFF,0xF8,0x00,0x00,0x00,0x7F,0xFF,0xFE,0x01,0xFF,0xFE,0x00,0x00,0x00,0x01,0xFF,0xF0,0x00,0x7F,0xFF,0x80,0x00,0x00,0x00,
  0x00,0x00,0x00,0x1F,0xFF,0xE0,0x00,0x00,0x00,0x00,0x00,0x00,0x07,0xFF,0xF8,0x00,0x00,0x00,0x00,0x00,0x00,0x01,0xFF,0xFE,
  0x00,0x00,0x00,0x00,0x00,0x00,0x00,0x7F,0xFF,0x80,0x00,0x00,0x00,0x00,0x00,0x00,0x1F,0xFF,0xE0,0x00,0x00,0x00,0x00,0x00,
  0x00,0x07,0xFF,0xF8,0x00,0x00,0x00,0x00,0x00,0x00,0x01,0xFF,0xFE,0x00,0x00,0x00,0x00,0x00,0x00,0x00,0x7F,0xFF,0x80,0x00,
  0x00,0x00,0x00,0x00,0x00,0x1F,0xFF,0xE0,0x00,0x00,0x00,0x00,0x00,0x00,0x07,0xFF,0xF8,0x00,0x00,0x00,0x00,0x00,0x00,0x01,
  0xFF,0xFE,0x00,0x00,0x00,0x00,0x00,0x00,0x00,0x7F,0xFF,0x80,0x00,0x00,0x00,0x00,0x00,0x00,0x1F,0xFF,0xE0,0x00,0x00,0x00,
  0x00,0x00,0x00,0x07,0xFF,0xF8,0x00,0x00,0x00,0x00,0x00,0x00,0x01,0xFF,0xFE,0x00,0x00,0x00,0x00,0x00,0x00,0x00,0x7F,0xFF,
  0x80,0x00,0x00,0x00,0x00,0x00,0x00,0x1F,0xFF,0xE0,0x00,0x00,0x00,0x00,0x00,0x00,0x07,0xFF,0xF8,0x00,0x00,0x00,0x00,0x00,
  0x00,0x3F,0xFF,0xFF,0xE0,0x00,0x00,0x00,0x00,0x01,0xFF,0xFF,0xFF,0xFF,0x80,0x00,0x00,0x00,0x00,0x7F,0xFF,0xFF,0xFF,0xE0,
  0x00,0x00,0x00,0x00,0x1F,0xFF,0xFF,0xFF,0xF8,0x00,0x00,0x00,0x00,0x07,0xFF,0xFF,0xFF,0xFE,0xFF,0xFF,0xFF,0xFF,0x01,0xFF,
  0xFF,0xFF,0xFE,0x03,0xFF,0xFF,0xFF,0xFF,0xFF,0xFF,0xFF,0xFE,0x03,0xFF,0xFF,0xFF,0xFC,0x07,0xFF,0xFF,0xFF,0xFF,0xFF,0xFF,
  0xFF,0xFC,0x07,0xFF,0xFF,0xFF,0xF8,0x0F,0xFF,0xFF,0xFF,0xFF,0xFF,0xFF,0xFF,0xF8,0x0F,0xFF,0xFF,0xFF,0xF0,0x1F,0xFF,0xFF,
  0xFF,0xE0,0xFF,0xFF,0xFF,0x00,0x01,0xFF,0xFF,0xFE,0x00,0x03,0xFF,0xFF,0xFC,0x00,0x1F,0xFF,0xF0,0x00,0x00,0x3F,0xFF,0xC0,
  0x00,0x00,0x7F,0xFF,0x80,0x00,0x3F,0xFF,0xE0,0x00,0x00,0x7F,0xFF,0x80,0x00,0x00,0xFF,0xFF,0x00,0x00,0x7F,0xFF,0xC0,0x00,
  0x00,0xFF,0xFF,0x00,0x00,0x01,0xFF,0xFE,0x00,0x00,0xFF,0xFF,0x80,0x00,0x01,0xFF,0xFE,0x00,0x00,0x03,0xFF,0xFC,0x00,0x01,
  0xFF,0xFF,0x00,0x00,0x03,0xFF,0xFC,0x00,0x00,0x07,0xFF,0xF8,0x00,0x03,0xFF,0xFE,0x00,0x00,0x07,0xFF,0xF8,0x00,0x00,0x0F,
  0xFF,0xF0,0x00,0x07,0xFF,0xFC,0x00,0x00,0x0F,0xFF,0xF0,0x00,0x00,0x1F,0xFF,0xE0,0x00,0x0F,0xFF,0xF8,0x00,0x00,0x1F,0xFF,
  0xE0,0x00,0x00,0x3F,0xFF,0xC0,0x00,0x1F,0xFF,0xF0,0x00,0x00,0x3F,0xFF,0xC0,0x00,0x00,0x7F,0xFF,0x80,0x00,0x3F,0xFF,0xE0,
  0x00,0x00,0x7F,0xFF,0x80,0x00,0x00,0xFF,0xFF,0x00,0x00,0x7F,0xFF,0xC0,0x00,0x00,0xFF,0xFF,0x00,0x00,0x01,0xFF,0xFE,0x00,
  0x00,0xFF,0xFF,0x80,0x00,0x01,0xFF,0xFE,0x00,0x00,0x03,0xFF,0xFC,0x00,0x01,0xFF,0xFF,0x00,0x00,0x03,0xFF,0xFC,0x00,0x00,
  0x07,0xFF,0xF8,0x00,0x03,0xFF,0xFE,0x00,0x00,0x07,0xFF,0xF8,0x00,0x00,0x0F,0xFF,0xF0,0x00,0x07,0xFF,0xFC,0x00,0x00,0x0F,
  0xFF,0xF0,0x00,0x00,0x1F,0xFF,0xE0,0x00,0x0F,0xFF,0xF8,0x00,0x00,0x1F,0xFF,0xE0,0x00,0x00,0x3F,0xFF,0xC0,0x00,0x1F,0xFF,
  0xF0,0x00,0x00,0x3F,0xFF,0xC0,0x00,0x00,0x7F,0xFF,0x80,0x00,0x3F,0xFF,0xE0,0x00,0x00,0x7F,0xFF,0x80,0x00,0x00,0xFF,0xFF,
  0x00,0x00,0x7F,0xFF,0xC0,0x00,0x00,0xFF,0xFF,0x00,0x00,0x01,0xFF,0xFE,0x00,0x00,0xFF,0xFF,0x80,0x00,0x01,0xFF,0xFE,0x00,
  0x00,0x03,0xFF,0xFC,0x00,0x01,0xFF,0xFF,0x00,0x00,0x03,0xFF,0xFC,0x00,0x00,0x07,0xFF,0xF8,0x00,0x03,0xFF,0xFE,0x00,0x00,
  0x07,0xFF,0xF8,0x00,0x00,0x0F,0xFF,0xF0,0x00,0x07,0xFF,0xFC,0x00,0x00,0x0F,0xFF,0xF0,0x00,0x00,0x1F,0xFF,0xE0,0x00,0x0F,
  0xFF,0xF8,0x00,0x00,0x1F,0xFF,0xE0,0x00,0x00,0x3F,0xFF,0xC0,0x00,0x1F,0xFF,0xF0,0x00,0x00,0x3F,0xFF,0xC0,0x00,0x00,0x7F,
  0xFF,0x80,0x00,0x3F,0xFF,0xE0,0x00,0x00,0x7F,0xFF,0x80,0x00,0x00,0xFF,0xFF,0x00,0x00,0x7F,0xFF,0xC0,0x00,0x00,0xFF,0xFF,
  0x00,0x00,0x01,0xFF,0xFE,0x00,0x00,0xFF,0xFF,0x80,0x00,0x01,0xFF,0xFE,0x00,0x00,0x03,0xFF,0xFC,0x00,0x01,0xFF,0xFF,0x00,
  0x00,0x03,0xFF,0xFC,0x00,0x00,0x07,0xFF,0xF8,0x00,0x03,0xFF,0xFE,0x00,0x00,0x07,0xFF,0xF8,0x00,0x00,0x0F,0xFF,0xF0,0x00,
  0x07,0xFF,0xFC,0x00,0x00,0x0F,0xFF,0xF0,0x00,0x00,0x1F,0xFF,0xE0,0x00,0x0F,0xFF,0xF8,0x00,0x00,0x1F,0xFF,0xE0,0x00,0x00,
  0x3F,0xFF,0xC0,0x00,0x1F,0xFF,0xF0,0x00,0x00,0x3F,0xFF,0xC0,0x00,0x00,0x7F,0xFF,0x80,0x00,0x3F,0xFF,0xE0,0x00,0x00,0x7F,
  0xFF,0x80,0x00,0x00,0xFF,0xFF,0x00,0x00,0x7F,0xFF,0xC0,0x00,0x00,0xFF,0xFF,0x00,0x00,0x01,0xFF,0xFE,0x00,0x00,0xFF,0xFF,
  0x80,0x00,0x01,0xFF,0xFE,0x00,0x00,0x03,0xFF,0xFC,0x00,0x01,0xFF,0xFF,0x00,0x00,0x03,0xFF,0xFC,0x00,0x00,0x07,0xFF,0xF8,
  0x00,0x03,0xFF,0xFE,0x00,0x00,0x07,0xFF,0xF8,0x00,0x00,0x0F,0xFF,0xF0,0x00,0x07,0xFF,0xFC,0x00,0x00,0x0F,0xFF,0xF0,0x00,
  0x00,0x1F,0xFF,0xE0,0x00,0x0F,0xFF,0xF8,0x00,0x00,0x1F,0xFF,0xE0,0x00,0x00,0x3F,0xFF,0xC0,0x00,0x1F,0xFF,0xF0,0x00,0x00,
  0x3F,0xFF,0xC0,0x00,0x00,0x7F,0xFF,0x80,0x00,0x3F,0xFF,0xE0,0x00,0x00,0x7F,0xFF,0x80,0x00,0x00,0xFF,0xFF,0x00,0x00,0x7F,
  0xFF,0xC0,0x00,0x00,0xFF,0xFF,0x00,0x00,0x01,0xFF,0xFE,0x00,0x00,0xFF,0xFF,0x80,0x00,0x01,0xFF,0xFE,0x00,0x00,0x03,0xFF,
  0xFC,0x00,0x01,0xFF,0xFF,0x00,0x00,0x03,0xFF,0xFC,0x00,0x00,0x07,0xFF,0xF8,0x00,0x03,0xFF,0xFE,0x00,0x00,0x07,0xFF,0xF8,
  0x00,0x00,0x0F,0xFF,0xF0,0x00,0x07,0xFF,0xFC,0x00,0x00,0x0F,0xFF,0xF0,0x00,0x00,0x1F,0xFF,0xE0,0x00,0x0F,0xFF,0xF8,0x00,
  0x00,0x1F,0xFF,0xE0,0x00,0x00,0x3F,0xFF,0xC0,0x00,0x1F,0xFF,0xF0,0x00,0x00,0x3F,0xFF,0xC0,0x00,0x00,0x7F,0xFF,0x80,0x00,
  0x3F,0xFF,0xE0,0x00,0x00,0x7F,0xFF,0x80,0x00,0x00,0xFF,0xFF,0x00,0x00,0x7F,0xFF,0xC0,0x00,0x00,0xFF,0xFF,0x00,0x00,0x01,
  0xFF,0xFE,0x00,0x00,0xFF,0xFF,0x80,0x00,0x01,0xFF,0xFE,0x00,0x00,0x03,0xFF,0xFC,0x00,0x01,0xFF,0xFF,0x00,0x00,0x03,0xFF,
  0xFC,0x00,0x00,0x07,0xFF,0xF8,0x00,0x03,0xFF,0xFE,0x00,0x00,0x07,0xFF,0xF8,0x00,0x00,0x0F,0xFF,0xF0,0x00,0x07,0xFF,0xFC,
  0x00,0x00,0x0F,0xFF,0xF0,0x00,0x00,0x1F,0xFF,0xE0,0x00,0x0F,0xFF,0xF8,0x00,0x00,0x1F,0xFF,0xE0,0x00,0x00,0x3F,0xFF,0xC0,
  0x00,0x1F,0xFF,0xF0,0x00,0x00,0x3F,0xFF,0xC0,0x00,0x00,0x7F,0xFF,0x80,0x00,0x3F,0xFF,0xFF,0xFF,0xFF,0xFF,0xFF,0xFF,0xFF,
  0xFF,0xFF,0xFF,0x00,0x07,0xFF,0xFF,0xFF,0xFF,0xFF,0xFF,0xFF,0xFF,0xFF,0xFF,0xFF,0xFF,0xE0,0xFF,0xFF,0xFF,0xFF,0xFF,0xFF,
  0xFF,0xFF,0xFF,0xFF,0xFF,0xFF,0xFF,0xFD,0xFF,0xFF,0xFF,0xFF,0xFF,0xFF,0xFF,0xFF,0xFF,0xFF,0xFF,0xFF,0xFF,0xFF,0xFF,0xFF,
  0xFF,0xFF,0xFF,0xFF,0xFF,0xFF,0xFF,0xFF,0xFF,0xFF,0xFF,0xFF,0xFF,0xFF,0xFF,0xFF,0xFF,0xFF,0xFF,0xFF,0xFF,0xFF,0xFF,0xFF,
  0xFF,0xF0,0xFF,0xFF,0xFF,0xFF,0x01,0xFF,0xFF,0xFF,0xFC,0x07,0xFF,0xFF,0xFF,0xF9,0xFF,0xFF,0xFF,0xFE,0x03,0xFF,0xFF,0xFF,
  0xF8,0x0F,0xFF,0xFF,0xFF,0xF3,0xFF,0xFF,0xFF,0xFC,0x07,0xFF,0xFF,0xFF,0xF0,0x1F,0xFF,0xFF,0xFF,0xE7,0xFF,0xFF,0xFF,0xF8,
  0x0F,0xFF,0xFF,0xFF,0xE0,0x3F,0xFF,0xFF,0xFF,0xC0,0xFF,0xFF,0xFF,0x00,0x01,0xFF,0xFF,0xFC,0x00,0x07,0xFF,0xFF,0xF8,0x00,
  0x1F,0xFF,0xF0,0x00,0x00,0x3F,0xFF,0xC0,0x00,0x00,0xFF,0xFF,0x00,0x00,0x3F,0xFF,0xE0,0x00,0x00,0x7F,0xFF,0x80,0x00,0x01,
  0xFF,0xFE,0x00,0x00,0x7F,0xFF,0xC0,0x00,0x00,0xFF,0xFF,0x00,0x00,0x03,0xFF,0xFC,0x00,0x00,0xFF,0xFF,0x80,0x00,0x01,0xFF,
  0xFE,0x00,0x00,0x07,0xFF,0xF8,0x00,0x01,0xFF,0xFF,0x00,0x00,0x03,0xFF,0xFC,0x00,0x00,0x0F,0xFF,0xF0,0x00,0x03,0xFF,0xFE,
  0x00,0x00,0x07,0xFF,0xF8,0x00,0x00,0x1F,0xFF,0xE0,0x00,0x07,0xFF,0xFC,0x00,0x00,0x0F,0xFF,0xF0,0x00,0x00,0x3F,0xFF,0xC0,
  0x00,0x0F,0xFF,0xF8,0x00,0x00,0x1F,0xFF,0xE0,0x00,0x00,0x7F,0xFF,0x80,0x00,0x1F,0xFF,0xF0,0x00,0x00,0x3F,0xFF,0xC0,0x00,
  0x00,0xFF,0xFF,0x00,0x00,0x3F,0xFF,0xE0,0x00,0x00,0x7F,0xFF,0x80,0x00,0x01,0xFF,0xFE,0x00,0x00,0x7F,0xFF,0xC0,0x00,0x00,
  0xFF,0xFF,0x00,0x00,0x03,0xFF,0xFC,0x00,0x00,0xFF,0xFF,0x80,0x00,0x01,0xFF,0xFE,0x00,0x00,0x07,0xFF,0xF8,0x00,0x01,0xFF,
  0xFF,0x00,0x00,0x03,0xFF,0xFC,0x00,0x00,0x0F,0xFF,0xF0,0x00,0x03,0xFF,0xFE,0x00,0x00,0x07,0xFF,0xF8,0x00,0x00,0x1F,0xFF,
  0xE0,0x00,0x07,0xFF,0xFC,0x00,0x00,0x0F,0xFF,0xF0,0x00,0x00,0x3F,0xFF,0xC0,0x00,0x0F,0xFF,0xF8,0x00,0x00,0x1F,0xFF,0xE0,
  0x00,0x00,0x7F,0xFF,0x80,0x00,0x1F,0xFF,0xF0,0x00,0x00,0x3F,0xFF,0xC0,0x00,0x00,0xFF,0xFF,0x00,0x00,0x3F,0xFF,0xE0,0x00,
  0x00,0x7F,0xFF,0x80,0x00,0x01,0xFF,0xFE,0x00,0x00,0x7F,0xFF,0xC0,0x00,0x00,0xFF,0xFF,0x00,0x00,0x03,0xFF,0xFC,0x00,0x00,
  0xFF,0xFF,0x80,0x00,0x01,0xFF,0xFE,0x00,0x00,0x07,0xFF,0xF8,0x00,0x01,0xFF,0xFF,0x00,0x00,0x03,0xFF,0xFC,0x00,0x00,0x0F,
  0xFF,0xF0,0x00,0x03,0xFF,0xFE,0x00,0x00,0x07,0xFF,0xF8,0x00,0x00,0x1F,0xFF,0xE0,0x00,0x07,0xFF,0xFC,0x00,0x00,0x0F,0xFF,
  0xF0,0x00,0x00,0x3F,0xFF,0xC0,0x00,0x0F,0xFF,0xF8,0x00,0x00,0x1F,0xFF,0xE0,0x00,0x00,0x7F,0xFF,0x80,0x00,0x1F,0xFF,0xF0,
  0x00,0x00,0x3F,0xFF,0xC0,0x00,0x00,0xFF,0xFF,0x00,0x00,0x3F,0xFF,0xE0,0x00,0x00,0x7F,0xFF,0x80,0x00,0x01,0xFF,0xFE,0x00,
  0x00,0x7F,0xFF,0xC0,0x00,0x00,0xFF,0xFF,0x00,0x00,0x03,0xFF,0xFC,0x00,0x00,0xFF,0xFF,0x80,0x00,0x01,0xFF,0xFE,0x00,0x00,
  0x07,0xFF,0xF8,0x00,0x01,0xFF,0xFF,0x00,0x00,0x03,0xFF,0xFC,0x00,0x00,0x0F,0xFF,0xF0,0x00,0x03,0xFF,0xFE,0x00,0x00,0x07,
  0xFF,0xF8,0x00,0x00,0x1F,0xFF,0xE0,0x00,0x07,0xFF,0xFC,0x00,0x00,0x0F,0xFF,0xF0,0x00,0x00,0x3F,0xFF,0xC0,0x00,0x0F,0xFF,
  0xF8,0x00,0x00,0x1F,0xFF,0xE0,0x00,0x00,0x7F,0xFF,0x80,0x00,0x1F,0xFF,0xF0,0x00,0x00,0x3F,0xFF,0xC0,0x00,0x00,0xFF,0xFF,
  0x00,0x00,0x3F,0xFF,0xE0,0x00,0x00,0x7F,0xFF,0x80,0x00,0x01,0xFF,0xFE,0x00,0x00,0x7F,0xFF,0xC0,0x00,0x00,0xFF,0xFF,0x00,
  0x00,0x03,0xFF,0xFC,0x00,0x00,0xFF,0xFF,0x80,0x00,0x01,0xFF,0xFE,0x00,0x00,0x07,0xFF,0xF8,0x00,0x01,0xFF,0xFF,0x00,0x00,
  0x03,0xFF,0xFC,0x00,0x00,0x0F,0xFF,0xF0,0x00,0x03,0xFF,0xFE,0x00,0x00,0x07,0xFF,0xF8,0x00,0x00,0x1F,0xFF,0xE0,0x00,0x07,
  0xFF,0xFC,0x00,0x00,0x0F,0xFF,0xF0,0x00,0x00,0x3F,0xFF,0xC0,0x00,0x0F,0xFF,0xF8,0x00,0x00,0x1F,0xFF,0xE0,0x00,0x00,0x7F,
  0xFF,0x80,0x00,0x1F,0xFF,0xF0,0x00,0x00,0x3F,0xFF,0xC0,0x00,0x00,0xFF,0xFF,0x00,0x00,0x3F,0xFF,0xE0,0x00,0x00,0x7F,0xFF,
  0x80,0x00,0x01,0xFF,0xFE,0x00,0x00,0x7F,0xFF,0xC0,0x00,0x00,0xFF,0xFF,0x00,0x00,0x03,0xFF,0xFC,0x00,0x00,0xFF,0xFF,0x80,
  0x00,0x01,0xFF,0xFE,0x00,0x00,0x07,0xFF,0xF8,0x00,0x01,0xFF,0xFF,0x00,0x00,0x03,0xFF,0xFC,0x00,0x00,0x0F,0xFF,0xF0,0x00,
  0x03,0xFF,0xFE,0x00,0x00,0x07,0xFF,0xF8,0x00,0x00,0x1F,0xFF,0xE0,0x00,0x07,0xFF,0xFC,0x00,0x00,0x0F,0xFF,0xF0,0x00,0x00,
  0x3F,0xFF,0xC0,0x00,0x0F,0xFF,0xF8,0x00,0x00,0x1F,0xFF,0xE0,0x00,0x00,0x7F,0xFF,0x80,0x00,0x1F,0xFF,0xF0,0x00,0x00,0x3F,
  0xFF,0xC0,0x00,0x00,0xFF,0xFF,0x00,0x00,0x3F,0xFF,0xE0,0x00,0x00,0x7F,0xFF,0x80,0x00,0x01,0xFF,0xFE,0x00,0x00,0x7F,0xFF,
  0xC0,0x00,0x00,0xFF,0xFF,0x00,0x00,0x03,0xFF,0xFC,0x00,0x00,0xFF,0xFF,0x80,0x00,0x01,0xFF,0xFE,0x00,0x00,0x07,0xFF,0xF8,
  0x00,0x01,0xFF,0xFF,0x00,0x00,0x03,0xFF,0xFC,0x00,0x00,0x0F,0xFF,0xF0,0x00,0x03,0xFF,0xFE,0x00,0x00,0x07,0xFF,0xF8,0x00,
  0x00,0x1F,0xFF,0xE0,0x00,0x07,0xFF,0xFC,0x00,0x00,0x0F,0xFF,0xF0,0x00,0x00,0x3F,0xFF,0xC0,0x00,0x0F,0xFF,0xF8,0x00,0x00,
  0x1F,0xFF,0xE0,0x00,0x00,0x7F,0xFF,0x80,0x00,0x1F,0xFF,0xF0,0x00,0x00,0x3F,0xFF,0xC0,0x00,0x00,0xFF,0xFF,0x00,0x00,0x3F,
  0xFF,0xFF,0xFF,0xFF,0xFF,0xFF,0xFF,0xFF,0xFF,0xFF,0xFE,0x00,0x07,0xFF,0xFF,0xFF,0xFF,0xFF,0xFF,0xFF,0xFF,0xFF,0xFF,0xFF,
  0xFF,0xE0,0xFF,0xFF,0xFF,0xFF,0xFF,0xFF,0xFF,0xFF,0xFF,0xFF,0xFF,0xFF,0xFF,0xFF,0xFF,0xFF,0xFF,0xFF,0xFF,0xFF,0xFF,0xFF,
  0xFF,0xFF,0xFF,0xFF,0xFF,0xFF,0xFF,0xFF,0xFF,0xFF,0xFF,0xFF,0xFF,0xFF,0xFF,0xFF,0xFF,0xFF,0xFF,0xFF,0xFF,0xFF,0xFF,0xFF,
  0xFF,0xFF,0xFF,0xFF,0xFF,0xFF,0xFF,0xFF,0xFF,0xF0,0x00,0x00,0x00,0x00,0x00,0x00,0x00,0x00,0x00,0x00,0x00,0x0F,0xFF,0xE0,
  0x00,0x00,0x00,0x00,0x00,0x00,0x00,0x00,0x00,0x00,0x00,0x0F,0xFF,0xC0,0x00,0x00,0x00,0x00,0x00,0x00,0x00,0x00,0x00,0x00,
  0x00,0x1F,0xFF,0x00,0x00,0x00,0x00,0x00,0x00,0x00,0x00,0x00,0x00,0x00,0x00,0x3F,0xFE,0x00,0x00,0x00,0x00,0x00,0x00,0x00,
  0x00,0x00,0x00,0x00,0x00,0x7F,0xFC,0x00,0x00,0x00,0x00,0x00,0x00,0x00,0x00,0x00,0x00,0x00,0x00,0x7F,0xF8,0x00,0x00,0x00,
  0x00,0x00,0x00,0x00,0x00,0x00,0x00,0x00,0x00,0xFF,0xF0,0x00,0x00,0x00,0x00,0x00,0x00,0x00,0x00,0x00,0x00,0x00,0x01,0xFF,
  0xE0,0x00,0x00,0x00,0x00,0x00,0x00,0x00,0x00,0x00,0x00,0x00,0x01,0xFF,0xC0,0x00,0x00,0x00,0x00,0x00,0x00,0x00,0x00,0x00,
  0x00,0x00,0x03,0xFF,0x80,0x00,0x00,0x00,0x00,0x00,0x00,0x00,0x00,0x00,0x00,0x00,0x07,0xFF,0x00,0x00,0x00,0x00,0x00,0x00,
  0x00,0x00,0x00,0x00,0x00,0x00,0x07,0xFE,0x00,0x00,0x00,0x00,0x00,0x00,0x00,0x00,0x00,0x00,0x00,0x00,0x0F,0xFC,0x00,0x00,
  0x00,0x00,0x00,0x00,0x00,0x00,0x00,0x00,0x00,0x00,0x1F,0xF8,0x00,0x00,0x00,0x00,0x00,0x00,0x00,0x00,0x00,0x00,0x00,0x00,
  0x3F,0xF0,0x00,0x00,0x00,0x00,0x00,0x00,0x00,0x00,0x00,0x00,0x00,0x00,0x3F,0xE0,0x00,0x00,0x00,0x00,0x00,0x00,0x00,0x00,
  0x00,0x00,0x00,0x00,0x7F,0xC0,0x00,0x00,0x00,0x00,0x00,0x00,0x00,0x00,0x00,0x00,0x00,0x00,0xFF,0x00,0x00,0x00,0x00,0x00,
  0x00,0x00,0x00,0x00,0x00,0x00,0x00,0x00,0xFE,0x00,0x00,0x00,0x00,0x00,0x00,0x00,0x00,0x00,0x00,0x00,0x00,0x01,0xFC,0x00,
  0x00,0x00,0x00,0x00,0x00,0x00,0x00,0x00,0x00,0x00,0x00,0x03,0xF8,0x00,0x00,0x00,0x00,0x00,0x00,0x00,0x00,0x00,0x00,0x00,
  0x00,0x07,0xF0,0xFF,0xFF,0xFF,0xFF,0xFF,0xFF,0xE0,0x00,0x00,0x7F,0xFF,0xFF,0xFF,0xFF,0xFF,0xF0,0x00,0x00,0x3F,0xFF,0xFF,
  0xFF,0xFF,0xFF,0xF8,0x00,0x00,0x1F,0xFF,0xFF,0xFF,0xFF,0xFF,0xF8,0x00,0x00,0x0F,0xFF,0xFF,0xFF,0xFF,0xFF,0x00,0x00,0x00,
  0x07,0xFF,0xFF,0x1F,0xFF,0xF0,0x00,0x00,0x00,0x03,0xF8,0x00,0x07,0xFF,0xF8,0x00,0x00,0x00,0x01,0xFC,0x00,0x03,0xFF,0xFC,
  0x00,0x00,0x00,0x00,0xFC,0x00,0x01,0xFF,0xFE,0x00,0x00,0x00,0x00,0x7E,0x00,0x00,0xFF,0xFF,0x00,0x00,0x00,0x00,0x3F,0x00,
  0x00,0x7F,0xFF,0x80,0x00,0x00,0x00,0x1F,0x80,0x00,0x3F,0xFF,0xC0,0x00,0x00,0x00,0x0F,0xC0,0x00,0x1F,0xFF,0xE0,0x00,0x00,
  0x00,0x07,0xC0,0x00,0x0F,0xFF,0xF0,0x00,0x00,0x00,0x03,0xE0,0x00,0x07,0xFF,0xF8,0x00,0x00,0x00,0x01,0xF0,0x00,0x03,0xFF,
  0xFC,0x00,0x00,0x00,0x00,0xF8,0x00,0x01,0xFF,0xFE,0x00,0x00,0x00,0x00,0x00,0x00,0x00,0xFF,0xFF,0x00,0x00,0x00,0x00,0x00,
  0x00,0x00,0x7F,0xFF,0x80,0x00,0x00,0x00,0x00,0x00,0x00,0x3F,0xFF,0xC0,0x00,0x00,0x00,0x00,0x00,0x00,0x1F,0xFF,0xE0,0x00,
  0x00,0x00,0x00,0x00,0x00,0x0F,0xFF,0xF0,0x00,0x00,0x00,0x00,0x00,0x00,0x07,0xFF,0xF8,0x00,0x00,0x00,0x00,0x00,0x00,0x03,
  0xFF,0xFC,0x00,0x00,0x00,0x00,0x00,0x00,0x01,0xFF,0xFE,0x00,0x00,0x00,0x00,0x00,0x00,0x00,0xFF,0xFF,0x00,0x00,0x00,0x00,
  0x00,0x00,0x00,0x7F,0xFF,0x80,0x00,0x00,0x00,0x00,0x00,0x00,0x3F,0xFF,0xC0,0x00,0x00,0x00,0x00,0x00,0x00,0x1F,0xFF,0xE0,
  0x00,0x00,0x00,0x00,0x00,0x00,0x0F,0xFF,0xFF,0xFF,0xC0,0x00,0x00,0x00,0x00,0x07,0xFF,0xFF,0xFF,0xFF,0x00,0x00,0x00,0x00,
  0x03,0xFF,0xFF,0xFF,0xFF,0xF0,0x00,0x00,0x00,0x01,0xFF,0xFF,0xFF,0xFF,0xFE,0x00,0x00,0x00,0x00,0xFF,0xFF,0xFF,0xFF,0xFF,
  0xC0,0x00,0x00,0x00,0x7F,0xFF,0xFF,0xFF,0xFF,0xF0,0x00,0x00,0x00,0x3F,0xFF,0xC0,0x1F,0xFF,0xFE,0x00,0x00,0x00,0x1F,0xFF,
  0xE0,0x03,0xFF,0xFF,0x80,0x00,0x00,0x0F,0xFF,0xF0,0x00,0xFF,0xFF,0xC0,0x00,0x00,0x07,0xFF,0xF8,0x00,0x3F,0xFF,0xF0,0x00,
  0x00,0x03,0xFF,0xFC,0x00,0x0F,0xFF,0xFC,0x00,0x00,0x01,0xFF,0xFE,0x00,0x03,0xFF,0xFE,0x00,0x00,0x00,0xFF,0xFF,0x00,0x01,
  0xFF,0xFF,0x80,0x00,0x00,0x7F,0xFF,0x80,0x00,0x7F,0xFF,0xC0,0x00,0x00,0x3F,0xFF,0xC0,0x00,0x3F,0xFF,0xE0,0x00,0x00,0x1F,
  0xFF,0xE0,0x00,0x1F,0xFF,0xF0,0x00,0x00,0x0F,0xFF,0xF0,0x00,0x07,0xFF,0xFC,0x00,0x00,0x07,0xFF,0xF8,0x00,0x03,0xFF,0xFE,
  0x00,0x00,0x03,0xFF,0xFC,0x00,0x01,0xFF,0xFF,0x00,0x00,0x01,0xFF,0xFE,0x00,0x00,0xFF,0xFF,0x80,0x00,0x00,0xFF,0xFF,0x00,
  0x00,0x7F,0xFF,0xC0,0x00,0x00,0x7F,0xFF,0x80,0x00,0x3F,0xFF,0xE0,0x00,0x00,0x3F,0xFF,0xC0,0x00,0x1F,0xFF,0xF0,0x00,0x00,
  0x1F,0xFF,0xE0,0x00,0x0F,0xFF,0xF0,0x00,0x00,0x0F,0xFF,0xF0,0x00,0x0F,0xFF,0xF8,0x00,0x00,0x07,0xFF,0xF8,0x00,0x07,0xFF,
  0xFC,0x00,0x00,0x03,0xFF,0xFC,0x00,0x03,0xFF,0xFE,0x00,0x00,0x01,0xFF,0xFE,0x00,0x03,0xFF,0xFE,0x00,0x00,0x00,0xFF,0xFF,
  0x00,0x01,0xFF,0xFF,0x00,0x00,0x00,0x7F,0xFF,0x80,0x01,0xFF,0xFF,0x00,0x00,0x00,0x3F,0xFF,0xC0,0x01,0xFF,0xFF,0x80,0x00,
  0x00,0x1F,0xFF,0xE0,0x01,0xFF,0xFF,0x80,0x00,0x00,0x0F,0xFF,0xF0,0x03,0xFF,0xFF,0x80,0x00,0x00,0x07,0xFF,0xF8,0x1F,0xFF,
  0xFF,0x80,0x00,0x00,0x3F,0xFF,0xFF,0xFF,0xFF,0xFF,0x00,0x00,0x03,0xFF,0xFF,0xFF,0xFF,0xFF,0xFE,0x00,0x00,0x01,0xFF,0xFF,
  0xFF,0xFF,0xFF,0xFC,0x00,0x00,0x00,0xFF,0xFF,0xFF,0xFF,0xFF,0xF0,0x00,0x00,0x00,0x7F,0xFF,0xFF,0xFF,0xFF,0x00,0x00,0x00,
  0xFF,0xFF,0xFF,0xFF,0xF0,0x00,0x00,0x00,0x7F,0xFF,0xFF,0xFF,0xFF,0xFF,0xFF,0xFF,0xFC,0x00,0x00,0x00,0x1F,0xFF,0xFF,0xFF,
  0xFF,0xFF,0xFF,0xFF,0xFF,0x00,0x00,0x00,0x07,0xFF,0xFF,0xFF,0xFF,0xFF,0xFF,0xFF,0xFF,0xC0,0x00,0x00,0x01,0xFF,0xFF,0xFF,
  0xFF,0x0F,0xFF,0xFF,0xFC,0x00,0x00,0x00,0x00,0x07,0xFF,0xFF,0xFC,0x00,0x3F,0xFF,0xE0,0x00,0x00,0x00,0x00,0x00,0x0F,0xFF,
  0xF0,0x00,0x0F,0xFF,0xF8,0x00,0x00,0x00,0x00,0x00,0x03,0xFF,0xFC,0x00,0x03,0xFF,0xFE,0x00,0x00,0x00,0x00,0x00,0x00,0xFF,
  0xFF,0x00,0x00,0xFF,0xFF,0x80,0x00,0x00,0x00,0x00,0x00,0x3F,0xFF,0xC0,0x00,0x3F,0xFF,0xE0,0x00,0x00,0x00,0x00,0x00,0x0F,
  0xFF,0xF0,0x00,0x0F,0xFF,0xF8,0x00,0x00,0x00,0x00,0x00,0x03,0xFF,0xFC,0x00,0x03,0xFF,0xFE,0x00,0x00,0x00,0x00,0x00,0x00,
  0xFF,0xFF,0x00,0x00,0xFF,0xFF,0x80,0x00,0x00,0x00,0x00,0x00,0x3F,0xFF,0xC0,0x00,0x3F,0xFF,0xE0,0x00,0x00,0x00,0x00,0x00,
  0x0F,0xFF,0xF0,0x00,0x0F,0xFF,0xF8,0x00,0x00,0x00,0x00,0x00,0x03,0xFF,0xFC,0x00,0x03,0xFF,0xFE,0x00,0x00,0x00,0x00,0x00,
  0x00,0xFF,0xFF,0x00,0x00,0xFF,0xFF,0x80,0x00,0x00,0x00,0x00,0x00,0x3F,0xFF,0xC0,0x00,0x3F,0xFF,0xE0,0x00,0x00,0x00,0x00,
  0x00,0x0F,0xFF,0xF0,0x00,0x0F,0xFF,0xF8,0x00,0x00,0x00,0x00,0x00,0x03,0xFF,0xFC,0x00,0x03,0xFF,0xFE,0x00,0x00,0x00,0x00,
  0x00,0x00,0xFF,0xFF,0x00,0x00,0xFF,0xFF,0x80,0x00,0x00,0x00,0x00,0x00,0x3F,0xFF,0xC0,0x00,0x3F,0xFF,0xE0,0x00,0x00,0x00,
  0x00,0x00,0x0F,0xFF,0xF0,0x00,0x0F,0xFF,0xF8,0x00,0x00,0x00,0x00,0x00,0x03,0xFF,0xFC,0x00,0x03,0xFF,0xFE,0x00,0x00,0x00,
  0x00,0x00,0x00,0xFF,0xFF,0x00,0x00,0xFF,0xFF,0x80,0x00,0x00,0x00,0x00,0x00,0x3F,0xFF,0xC0,0x00,0x3F,0xFF,0xE0,0x00,0x00,
  0x00,0x00,0x00,0x0F,0xFF,0xF0,0x00,0x0F,0xFF,0xF8,0x00,0x00,0x00,0x00,0x00,0x03,0xFF,0xFC,0x00,0x03,0xFF,0xFE,0x00,0x00,
  0x00,0x00,0x00,0x00,0xFF,0xFF,0x00,0x00,0xFF,0xFF,0x80,0x00,0x00,0x00,0x00,0x00,0x3F,0xFF,0xC0,0x00,0x3F,0xFF,0xFF,0xFF,
  0xE0,0x00,0x00,0x00,0x0F,0xFF,0xF0,0x00,0x0F,0xFF,0xFF,0xFF,0xFF,0xC0,0x00,0x00,0x03,0xFF,0xFC,0x00,0x03,0xFF,0xFF,0xFF,
  0xFF,0xFE,0x00,0x00,0x00,0xFF,0xFF,0x00,0x00,0xFF,0xFF,0xFF,0xFF,0xFF,0xE0,0x00,0x00,0x3F,0xFF,0xC0,0x00,0x3F,0xFF,0xFF,
  0xFF,0xFF,0xFE,0x00,0x00,0x0F,0xFF,0xF0,0x00,0x0F,0xFF,0xFF,0xFF,0xFF,0xFF,0xE0,0x00,0x03,0xFF,0xFC,0x00,0x03,0xFF,0xFE,
  0x00,0x3F,0xFF,0xFC,0x00,0x00,0xFF,0xFF,0x00,0x00,0xFF,0xFF,0x80,0x03,0xFF,0xFF,0x80,0x00,0x3F,0xFF,0xC0,0x00,0x3F,0xFF,
  0xE0,0x00,0x3F,0xFF,0xF0,0x00,0x0F,0xFF,0xF0,0x00,0x0F,0xFF,0xF8,0x00,0x07,0xFF,0xFC,0x00,0x03,0xFF,0xFC,0x00,0x03,0xFF,
  0xFE,0x00,0x00,0xFF,0xFF,0x80,0x00,0xFF,0xFF,0x00,0x00,0xFF,0xFF,0x80,0x00,0x3F,0xFF,0xE0,0x00,0x3F,0xFF,0xC0,0x00,0x3F,
  0xFF,0xE0,0x00,0x07,0xFF,0xFC,0x00,0x0F,0xFF,0xF0,0x00,0x0F,0xFF,0xF8,0x00,0x01,0xFF,0xFF,0x00,0x03,0xFF,0xFC,0x00,0x03,
  0xFF,0xFE,0x00,0x00,0x7F,0xFF,0xC0,0x00,0xFF,0xFF,0x00,0x00,0xFF,0xFF,0x80,0x00,0x0F,0xFF,0xF8,0x00,0x3F,0xFF,0xC0,0x00,
  0x3F,0xFF,0xE0,0x00,0x03,0xFF,0xFE,0x00,0x0F,0xFF,0xF0,0x00,0x0F,0xFF,0xF8,0x00,0x00,0xFF,0xFF,0x80,0x03,0xFF,0xFC,0x00,
  0x03,0xFF,0xFE,0x00,0x00,0x3F,0xFF,0xE0,0x00,0xFF,0xFF,0x00,0x00,0xFF,0xFF,0x80,0x00,0x0F,0xFF,0xF8,0x00,0x3F,0xFF,0xC0,
  0x00,0x3F,0xFF,0xE0,0x00,0x03,0xFF,0xFE,0x00,0x0F,0xFF,0xF0,0x00,0x0F,0xFF,0xF8,0x00,0x00,0xFF,0xFF,0x80,0x03,0xFF,0xFC,
  0x00,0x03,0xFF,0xFE,0x00,0x00,0x3F,0xFF,0xE0,0x00,0xFF,0xFF,0x00,0x00,0xFF,0xFF,0x80,0x00,0x0F,0xFF,0xF8,0x00,0x3F,0xFF,
  0xC0,0x00,0x3F,0xFF,0xE0,0x00,0x03,0xFF,0xFC,0x00,0x0F,0xFF,0xF0,0x00,0x0F,0xFF,0xF8,0x00,0x01,0xFF,0xFF,0x00,0x03,0xFF,
  0xFC,0x00,0x03,0xFF,0xFE,0x00,0x00,0x7F,0xFF,0xC0,0x00,0xFF,0xFF,0x00,0x00,0xFF,0xFF,0x80,0x00,0x3F,0xFF,0xE0,0x00,0x3F,
  0xFF,0xC0,0x00,0x3F,0xFF,0xE0,0x00,0x0F,0xFF,0xF8,0x00,0x0F,0xFF,0xF0,0x00,0x0F,0xFF,0xF8,0x00,0x07,0xFF,0xFC,0x00,0x03,
  0xFF,0xFC,0x00,0x03,0xFF,0xFE,0x00,0x03,0xFF,0xFF,0x00,0x00,0xFF,0xFF,0x00,0x00,0xFF,0xFF,0x80,0x01,0xFF,0xFF,0x80,0x00,
  0x3F,0xFF,0xC0,0x00,0x3F,0xFF,0xE0,0x01,0xFF,0xFF,0xC0,0x00,0x0F,0xFF,0xF0,0x00,0x0F,0xFF,0xF8,0x07,0xFF,0xFF,0xE0,0x00,
  0x03,0xFF,0xFC,0x00,0x1F,0xFF,0xFF,0xFF,0xFF,0xFF,0xE0,0x00,0x1F,0xFF,0xFF,0xF0,0xFF,0xFF,0xFF,0xFF,0xFF,0xFF,0xF0,0x00,
  0x7F,0xFF,0xFF,0xFF,0xFF,0xFF,0xFF,0xFF,0xFF,0xFF,0xE0,0x00,0x1F,0xFF,0xFF,0xFF,0xFF,0xFF,0xFF,0xFF,0xFF,0xFF,0xC0,0x00,
  0x07,0xFF,0xFF,0xFF,0xFF,0xFF,0xFF,0xFF,0xFF,0xFE,0x00,0x00,0x01,0xFF,0xFF,0xFF,0xFF,0xFF,0xFF,0xFF,0xFF,0xF0,0x00,0x00,
  0x03,0xFF,0xFF,0xFF,0xFF,0xC0,0x00,0x00,0x0F,0xFF,0xFF,0xFF,0xFF,0x00,0x00,0x00,0x3F,0xFF,0xFF,0xFF,0xFC,0x00,0x00,0x00,
  0x0F,0xFF,0xFF,0xFC,0x00,0x00,0x00,0x00,0x03,0xFF,0xFE,0x00,0x00,0x00,0x00,0x00,0x0F,0xFF,0xF8,0x00,0x00,0x00,0x00,0x00,
  0x3F,0xFF,0xE0,0x00,0x00,0x00,0x00,0x00,0xFF,0xFF,0x80,0x00,0x00,0x00,0x00,0x03,0xFF,0xFE,0x00,0x00,0x00,0x00,0x00,0x0F,
  0xFF,0xF8,0x00,0x00,0x00,0x00,0x00,0x3F,0xFF,0xE0,0x00,0x00,0x00,0x00,0x00,0xFF,0xFF,0x80,0x00,0x00,0x00,0x00,0x03,0xFF,
  0xFE,0x00,0x00,0x00,0x00,0x00,0x0F,0xFF,0xF8,0x00,0x00,0x00,0x00,0x00,0x3F,0xFF,0xE0,0x00,0x00,0x00,0x00,0x00,0xFF,0xFF,
  0x80,0x00,0x00,0x00,0x00,0x03,0xFF,0xFE,0x00,0x00,0x00,0x00,0x00,0x0F,0xFF,0xF8,0x00,0x00,0x00,0x00,0x00,0x3F,0xFF,0xE0,
  0x00,0x00,0x00,0x00,0x00,0xFF,0xFF,0x80,0x00,0x00,0x00,0x00,0x03,0xFF,0xFE,0x00,0x00,0x00,0x00,0x00,0x0F,0xFF,0xF8,0x00,
  0x00,0x00,0x00,0x00,0x3F,0xFF,0xE0,0x00,0x00,0x00,0x00,0x00,0xFF,0xFF,0x80,0x00,0x00,0x00,0x00,0x03,0xFF,0xFE,0x00,0x00,
  0x00,0x00,0x00,0x0F,0xFF,0xF8,0x00,0x00,0x00,0x00,0x00,0x3F,0xFF,0xE0,0x00,0x00,0x00,0x00,0x00,0xFF,0xFF,0x80,0x00,0x00,
  0x00,0x00,0x03,0xFF,0xFF,0xFF,0xFF,0x00,0x00,0x00,0x0F,0xFF,0xFF,0xFF,0xFF,0xE0,0x00,0x00,0x3F,0xFF,0xFF,0xFF,0xFF,0xF0,
  0x00,0x00,0xFF,0xFF,0xFF,0xFF,0xFF,0xF0,0x00,0x03,0xFF,0xFF,0xFF,0xFF,0xFF,0xF0,0x00,0x0F,0xFF,0xFF,0xFF,0xFF,0xFF,0xF0,
  0x00,0x3F,0xFF,0xE0,0x01,0xFF,0xFF,0xE0,0x00,0xFF,0xFF,0x80,0x01,0xFF,0xFF,0xC0,0x03,0xFF,0xFE,0x00,0x01,0xFF,0xFF,0x80,
  0x0F,0xFF,0xF8,0x00,0x03,0xFF,0xFE,0x00,0x3F,0xFF,0xE0,0x00,0x07,0xFF,0xFC,0x00,0xFF,0xFF,0x80,0x00,0x1F,0xFF,0xF0,0x03,
  0xFF,0xFE,0x00,0x00,0x3F,0xFF,0xE0,0x0F,0xFF,0xF8,0x00,0x00,0xFF,0xFF,0x80,0x3F,0xFF,0xE0,0x00,0x03,0xFF,0xFE,0x00,0xFF,
  0xFF,0x80,0x00,0x07,0xFF,0xFC,0x03,0xFF,0xFE,0x00,0x00,0x1F,0xFF,0xF0,0x0F,0xFF,0xF8,0x00,0x00,0x7F,0xFF,0xC0,0x3F,0xFF,
  0xE0,0x00,0x01,0xFF,0xFF,0x00,0xFF,0xFF,0x80,0x00,0x07,0xFF,0xFC,0x03,0xFF,0xFE,0x00,0x00,0x1F,0xFF,0xF0,0x0F,0xFF,0xF8,
  0x00,0x00,0x7F,0xFF,0xC0,0x3F,0xFF,0xE0,0x00,0x01,0xFF,0xFF,0x00,0xFF,0xFF,0x80,0x00,0x07,0xFF,0xFC,0x03,0xFF,0xFE,0x00,
  0x00,0x1F,0xFF,0xE0,0x0F,0xFF,0xF8,0x00,0x00,0xFF,0xFF,0x80,0x3F,0xFF,0xE0,0x00,0x03,0xFF,0xFE,0x00,0xFF,0xFF,0x80,0x00,
  0x1F,0xFF,0xF0,0x03,0xFF,0xFE,0x00,0x00,0x7F,0xFF,0xC0,0x0F,0xFF,0xF8,0x00,0x03,0xFF,0xFE,0x00,0x3F,0xFF,0xE0,0x00,0x1F,
  0xFF,0xF8,0x00,0xFF,0xFF,0x80,0x00,0xFF,0xFF,0xC0,0x03,0xFF,0xFE,0x00,0x0F,0xFF,0xFE,0x00,0x0F,0xFF,0xF8,0x03,0xFF,0xFF,
  0xF0,0x01,0xFF,0xFF,0xFF,0xFF,0xFF,0xFF,0x00,0xFF,0xFF,0xFF,0xFF,0xFF,0xFF,0xF8,0x03,0xFF,0xFF,0xFF,0xFF,0xFF,0xFF,0x00,
  0x0F,0xFF,0xFF,0xFF,0xFF,0xFF,0xE0,0x00,0x3F,0xFF,0xFF,0xFF,0xFF,0xF0,0x00,0x00,0x00,0x00,0x7F,0xFF,0xC0,0x00,0x00,0x00,
  0x03,0xFF,0xFF,0xFF,0x80,0x00,0x00,0x0F,0xFF,0xFF,0xFF,0xFE,0x00,0x00,0x0F,0xFF,0xFF,0xFF,0xFF,0xF0,0x00,0x03,0xFF,0xFF,
  0xFF,0xFF,0xFF,0x80,0x00,0x7F,0xFF,0xE0,0xFF,0xFF,0xFC,0x00,0x0F,0xFF,0x80,0x00,0xFF,0xFF,0xC0,0x01,0xFF,0x80,0x00,0x07,
  0xFF,0xFC,0x00,0x3F,0xC0,0x00,0x00,0x3F,0xFF,0xC0,0x07,0xF0,0x00,0x00,0x03,0xFF,0xFC,0x00,0xFC,0x00,0x00,0x00,0x3F,0xFF,
  0xC0,0x1F,0x80,0x00,0x00,0x03,0xFF,0xFC,0x03,0xF0,0x00,0x00,0x00,0x7F,0xFF,0x80,0x7E,0x00,0x00,0x00,0x07,0xFF,0xF8,0x0F,
  0xC0,0x00,0x00,0x00,0xFF,0xFF,0x81,0xF0,0x00,0x00,0x00,0x0F,0xFF,0xF0,0x3E,0x00,0x00,0x00,0x01,0xFF,0xFF,0x07,0xC0,0x00,
  0x00,0x00,0x1F,0xFF,0xE0,0xF8,0x00,0x00,0x00,0x03,0xFF,0xFC,0x1F,0x00,0x00,0x00,0x00,0x7F,0xFF,0xC0,0x00,0x00,0x00,0x00,
  0x0F,0xFF,0xF8,0x00,0x00,0x00,0x00,0x00,0xFF,0xFF,0x00,0x00,0x00,0x00,0x00,0x1F,0xFF,0xE0,0x00,0x00,0x00,0x00,0x03,0xFF,
  0xFE,0x00,0x00,0x00,0x00,0x00,0x7F,0xFF,0xC0,0x00,0x00,0x00,0x00,0x0F,0xFF,0xF8,0x00,0x00,0x00,0x00,0x01,0xFF,0xFF,0x00,
  0x00,0x00,0x00,0x00,0x3F,0xFF,0xE0,0x00,0x00,0x00,0x00,0x03,0xFF,0xFC,0x00,0x00,0x00,0x00,0x00,0x7F,0xFF,0xC0,0x00,0x00,
  0x00,0x00,0x0F,0xFF,0xF8,0x00,0x07,0xFF,0xFF,0xFF,0xFF,0xFF,0x00,0x00,0xFF,0xFF,0xFF,0xFF,0xFF,0xE0,0x00,0x1F,0xFF,0xFF,
  0xFF,0xFF,0xFC,0x00,0x03,0xFF,0xFF,0xFF,0xFF,0xFF,0x80,0x00,0x7F,0xFF,0xFF,0xFF,0xFF,0xF0,0x00,0x07,0xFF,0xFF,0xFF,0xFF,
  0xFE,0x00,0x00,0x00,0x00,0x00,0x7F,0xFF,0xC0,0x00,0x00,0x00,0x00,0x0F,0xFF,0xF8,0x00,0x00,0x00,0x00,0x01,0xFF,0xFF,0x00,
  0x00,0x00,0x00,0x00,0x3F,0xFF,0xE0,0x00,0x00,0x00,0x00,0x07,0xFF,0xF8,0x00,0x00,0x00,0x00,0x01,0xFF,0xFF,0x00,0x00,0x00,
  0x00,0x00,0x3F,0xFF,0xE0,0x00,0x00,0x00,0x00,0x07,0xFF,0xFC,0x00,0x00,0x00,0x00,0x00,0xFF,0xFF,0x80,0x00,0x00,0x00,0x00,
  0x1F,0xFF,0xF0,0x00,0x00,0x00,0x00,0x03,0xFF,0xFC,0x78,0x00,0x00,0x00,0x00,0xFF,0xFF,0x9F,0x00,0x00,0x00,0x00,0x1F,0xFF,
  0xF3,0xE0,0x00,0x00,0x00,0x03,0xFF,0xFC,0x7C,0x00,0x00,0x00,0x00,0x7F,0xFF,0x8F,0x80,0x00,0x00,0x00,0x1F,0xFF,0xF1,0xF8,
  0x00,0x00,0x00,0x03,0xFF,0xFC,0x3F,0x00,0x00,0x00,0x00,0xFF,0xFF,0x87,0xE0,0x00,0x00,0x00,0x1F,0xFF,0xE0,0xFC,0x00,0x00,
  0x00,0x07,0xFF,0xF8,0x1F,0x80,0x00,0x00,0x00,0xFF,0xFF,0x03,0xF0,0x00,0x00,0x00,0x3F,0xFF,0xC0,0x7F,0x00,0x00,0x00,0x0F,
  0xFF,0xF0,0x0F,0xF0,0x00,0x00,0x03,0xFF,0xFC,0x01,0xFF,0x00,0x00,0x00,0xFF,0xFF,0x00,0x3F,0xF8,0x00,0x00,0x7F,0xFF,0xC0,
  0x07,0xFF,0xE0,0x00,0x3F,0xFF,0xF0,0x00,0xFF,0xFF,0xC0,0x7F,0xFF,0xFC,0x00,0x0F,0xFF,0xFF,0xFF,0xFF,0xFE,0x00,0x00,0xFF,
  0xFF,0xFF,0xFF,0xFF,0x00,0x00,0x01,0xFF,0xFF,0xFF,0xFF,0x80,0x00,0x00,0x03,0xFF,0xFF,0xFF,0x80,0x00,0x00,0x00,0x01,0xFF,
  0xFF,0x00,0x00,0x00,0x00,0x00,0x00,0x00,0x00,0x00,0x00,0x00,0x00,0x07,0xFF,0xF8,0x00,0x00,0x03,0xFF,0xFF,0xFF,0xFE,0x00,
  0x00,0x00,0x03,0xFF,0xFF,0xFE,0x00,0x00,0x0F,0xFF,0xFF,0xFF,0xF8,0x00,0x00,0x00,0x7F,0xFF,0xFF,0xFF,0x00,0x00,0x3F,0xFF,
  0xFF,0xFF,0xE0,0x00,0x00,0x07,0xFF,0xFF,0xFF,0xFF,0x00,0x00,0xFF,0xFF,0xFF,0xFF,0x80,0x00,0x00,0x7F,0xFF,0xFF,0xFF,0xFF,
  0x00,0x00,0x3F,0xFF,0xFF,0xE0,0x00,0x00,0x07,0xFF,0xFE,0x03,0xFF,0xFF,0x00,0x00,0x0F,0xFF,0xF8,0x00,0x00,0x00,0x3F,0xFF,
  0xC0,0x01,0xFF,0xFE,0x00,0x00,0x3F,0xFF,0xE0,0x00,0x00,0x01,0xFF,0xFC,0x00,0x01,0xFF,0xFC,0x00,0x00,0xFF,0xFF,0x80,0x00,
  0x00,0x0F,0xFF,0xE0,0x00,0x03,0xFF,0xF8,0x00,0x03,0xFF,0xFE,0x00,0x00,0x00,0x7F,0xFF,0x00,0x00,0x07,0xFF,0xF0,0x00,0x0F,
  0xFF,0xF8,0x00,0x00,0x03,0xFF,0xF8,0x00,0x00,0x0F,0xFF,0xE0,0x00,0x3F,0xFF,0xE0,0x00,0x00,0x1F,0xFF,0xC0,0x00,0x00,0x1F,
  0xFF,0xC0,0x00,0xFF,0xFF,0x80,0x00,0x00,0x7F,0xFF,0x00,0x00,0x00,0x3F,0xFF,0x80,0x03,0xFF,0xFE,0x00,0x00,0x03,0xFF,0xF8,
  0x00,0x00,0x00,0xFF,0xFE,0x00,0x0F,0xFF,0xF8,0x00,0x00,0x1F,0xFF,0xE0,0x00,0x00,0x03,0xFF,0xFC,0x00,0x3F,0xFF,0xE0,0x00,
  0x00,0x7F,0xFF,0x80,0x00,0x00,0x07,0xFF,0xF0,0x00,0xFF,0xFF,0x80,0x00,0x03,0xFF,0xFC,0x00,0x00,0x00,0x1F,0xFF,0xE0,0x03,
  0xFF,0xFE,0x00,0x00,0x0F,0xFF,0xF0,0x00,0x00,0x00,0x7F,0xFF,0x80,0x0F,0xFF,0xF8,0x00,0x00,0x3F,0xFF,0xC0,0x00,0x00,0x00,
  0xFF,0xFF,0x00,0x3F,0xFF,0xE0,0x00,0x01,0xFF,0xFF,0x00,0x00,0x00,0x03,0xFF,0xFC,0x00,0xFF,0xFF,0x80,0x00,0x07,0xFF,0xF8,
  0x00,0x00,0x00,0x0F,0xFF,0xF0,0x03,0xFF,0xFE,0x00,0x00,0x1F,0xFF,0xE0,0x00,0x00,0x00,0x3F,0xFF,0xC0,0x0F,0xFF,0xF8,0x00,
  0x00,0x7F,0xFF,0x80,0x00,0x00,0x00,0xFF,0xFF,0x80,0x3F,0xFF,0xE0,0x00,0x03,0xFF,0xFE,0x00,0x00,0x00,0x03,0xFF,0xFE,0x00,
  0xFF,0xFF,0x80,0x00,0x0F,0xFF,0xF8,0x00,0x00,0x00,0x07,0xFF,0xF8,0x03,0xFF,0xFE,0x00,0x00,0x3F,0xFF,0xE0,0x00,0x00,0x00,
  0x1F,0xFF,0xE0,0x0F,0xFF,0xF8,0x00,0x00,0xFF,0xFF,0x80,0x00,0x00,0x00,0x7F,0xFF,0xC0,0x3F,0xFF,0xE0,0x00,0x03,0xFF,0xFE,
  0x00,0x00,0x00,0x01,0xFF,0xFF,0x00,0xFF,0xFF,0x80,0x00,0x0F,0xFF,0xF0,0x00,0x00,0x00,0x07,0xFF,0xFC,0x03,0xFF,0xFE,0x00,
  0x00,0x3F,0xFF,0xC0,0x00,0x00,0x00,0x1F,0xFF,0xF0,0x0F,0xFF,0xF8,0x00,0x01,0xFF,0xFF,0x00,0x00,0x00,0x00,0x7F,0xFF,0xC0,
  0x3F,0xFF,0xFF,0xFF,0xFF,0xFF,0xFC,0x00,0x00,0x00,0x01,0xFF,0xFF,0x00,0xFF,0xFF,0xFF,0xFF,0xFF,0xFF,0xF0,0x00,0x00,0x00,
  0x07,0xFF,0xFC,0x03,0xFF,0xFF,0xFF,0xFF,0xFF,0xFF,0xC0,0x00,0x00,0x00,0x1F,0xFF,0xF0,0x0F,0xFF,0xFF,0xFF,0xFF,0xFF,0xFF,
  0x00,0x00,0x00,0x00,0x7F,0xFF,0xC0,0x3F,0xFF,0xFF,0xFF,0xFF,0xFF,0xFC,0x00,0x00,0x00,0x01,0xFF,0xFF,0x00,0xFF,0xFF,0xFF,
  0xFF,0xFF,0xFF,0xF0,0x00,0x00,0x00,0x07,0xFF,0xFC,0x03,0xFF,0xFE,0x00,0x00,0x7F,0xFF,0xC0,0x00,0x00,0x00,0x1F,0xFF,0xF0,
  0x0F,0xFF,0xF8,0x00,0x01,0xFF,0xFF,0x00,0x00,0x00,0x00,0x7F,0xFF,0xC0,0x3F,0xFF,0xE0,0x00,0x07,0xFF,0xFC,0x00,0x00,0x00,
  0x01,0xFF,0xFF,0x00,0xFF,0xFF,0x80,0x00,0x0F,0xFF,0xF0,0x00,0x00,0x00,0x07,0xFF,0xFC,0x03,0xFF,0xFE,0x00,0x00,0x3F,0xFF,
  0xC0,0x00,0x00,0x00,0x1F,0xFF,0xF0,0x0F,0xFF,0xF8,0x00,0x00,0xFF,0xFF,0x80,0x00,0x00,0x00,0x7F,0xFF,0xC0,0x3F,0xFF,0xE0,
  0x00,0x03,0xFF,0xFE,0x00,0x00,0x00,0x01,0xFF,0xFE,0x00,0xFF,0xFF,0x80,0x00,0x0F,0xFF,0xF8,0x00,0x00,0x00,0x07,0xFF,0xF8,
  0x03,0xFF,0xFE,0x00,0x00,0x3F,0xFF,0xE0,0x00,0x00,0x00,0x1F,0xFF,0xE0,0x0F,0xFF,0xF8,0x00,0x00,0xFF,0xFF,0x80,0x00,0x00,
  0x00,0xFF,0xFF,0x80,0x3F,0xFF,0xE0,0x00,0x01,0xFF,0xFE,0x00,0x00,0x00,0x03,0xFF,0xFE,0x00,0xFF,0xFF,0x80,0x00,0x07,0xFF,
  0xF8,0x00,0x00,0x00,0x0F,0xFF,0xF0,0x03,0xFF,0xFE,0x00,0x00,0x1F,0xFF,0xE0,0x00,0x00,0x00,0x3F,0xFF,0xC0,0x0F,0xFF,0xF8,
  0x00,0x00,0x3F,0xFF,0xC0,0x00,0x00,0x00,0xFF,0xFF,0x00,0x3F,0xFF,0xE0,0x00,0x00,0xFF,0xFF,0x00,0x00,0x00,0x03,0xFF,0xF8,
  0x00,0xFF,0xFF,0x80,0x00,0x03,0xFF,0xFC,0x00,0x00,0x00,0x1F,0xFF,0xE0,0x03,0xFF,0xFE,0x00,0x00,0x07,0xFF,0xF0,0x00,0x00,
  0x00,0x7F,0xFF,0x80,0x0F,0xFF,0xF8,0x00,0x00,0x1F,0xFF,0xE0,0x00,0x00,0x01,0xFF,0xFC,0x00,0x3F,0xFF,0xE0,0x00,0x00,0x3F,
  0xFF,0x80,0x00,0x00,0x0F,0xFF,0xF0,0x00,0xFF,0xFF,0x80,0x00,0x00,0xFF,0xFE,0x00,0x00,0x00,0x3F,0xFF,0x80,0x03,0xFF,0xFE,
  0x00,0x00,0x01,0xFF,0xFC,0x00,0x00,0x01,0xFF,0xFC,0x00,0x0F,0xFF,0xF8,0x00,0x00,0x03,0xFF,0xF0,0x00,0x00,0x07,0xFF,0xF0,
  0x00,0x3F,0xFF,0xE0,0x00,0x00,0x0F,0xFF,0xE0,0x00,0x00,0x3F,0xFF,0x80,0x00,0xFF,0xFF,0x80,0x00,0x00,0x1F,0xFF,0xC0,0x00,
  0x01,0xFF,0xFC,0x00,0x03,0xFF,0xFE,0x00,0x00,0x00,0x3F,0xFF,0x80,0x00,0x0F,0xFF,0xE0,0x00,0x0F,0xFF,0xF8,0x00,0x00,0x00,
  0x7F,0xFF,0x00,0x00,0x7F,0xFF,0x00,0x00,0x3F,0xFF,0xE0,0x00,0x00,0x00,0xFF,0xFF,0x00,0x07,0xFF,0xF8,0x00,0x0F,0xFF,0xFF,
  0xF8,0x00,0x00,0x00,0xFF,0xFF,0x80,0xFF,0xFF,0xC0,0x03,0xFF,0xFF,0xFF,0xFE,0x00,0x00,0x01,0xFF,0xFF,0xFF,0xFF,0xFC,0x00,
  0x0F,0xFF,0xFF,0xFF,0xF8,0x00,0x00,0x01,0xFF,0xFF,0xFF,0xFF,0xC0,0x00,0x3F,0xFF,0xFF,0xFF,0xE0,0x00,0x00,0x01,0xFF,0xFF,
  0xFF,0xFC,0x00,0x00,0xFF,0xFF,0xFF,0xFF,0x80,0x00,0x00,0x00,0xFF,0xFF,0xFF,0x80,0x00,0x00,0x00,0x00,0x00,0x00,0x00,0x00,
  0x00,0x00,0x1F,0xFF,0xC0,0x00,0x00,0x00,0x00,0x00,0x00,0x03,0xFF,0xFF,0xFF,0xFF,0xFF,0x80,0x00,0x00,0x3F,0xFF,0xFF,0xFF,
  0xFF,0xFF,0xC0,0x00,0x01,0xFF,0xFF,0xFF,0xFF,0xFF,0xFF,0xE0,0x00,0x03,0xFF,0xFF,0xFF,0xFF,0xFF,0xFF,0xF0,0x00,0x07,0xFF,
  0xFF,0xFF,0xFF,0xFF,0xFF,0x80,0x00,0x07,0xFF,0xFF,0xFF,0xFF,0xFF,0xFC,0x00,0x00,0x0F,0xFF,0xFF,0x00,0x01,0xFF,0xFE,0x00,
  0x00,0x0F,0xFF,0xFC,0x00,0x00,0xFF,0xFF,0x00,0x00,0x07,0xFF,0xF8,0x00,0x00,0x7F,0xFF,0x80,0x00,0x07,0xFF,0xF8,0x00,0x00,
  0x3F,0xFF,0xC0,0x00,0x07,0xFF,0xFC,0x00,0x00,0x1F,0xFF,0xE0,0x00,0x03,0xFF,0xFC,0x00,0x00,0x0F,0xFF,0xF0,0x00,0x03,0xFF,
  0xFE,0x00,0x00,0x07,0xFF,0xF8,0x00,0x01,0xFF,0xFE,0x00,0x00,0x03,0xFF,0xFC,0x00,0x00,0xFF,0xFF,0x00,0x00,0x01,0xFF,0xFE,
  0x00,0x00,0x7F,0xFF,0x80,0x00,0x00,0xFF,0xFF,0x00,0x00,0x3F,0xFF,0xC0,0x00,0x00,0x7F,0xFF,0x80,0x00,0x3F,0xFF,0xC0,0x00,
  0x00,0x3F,0xFF,0xC0,0x00,0x1F,0xFF,0xE0,0x00,0x00,0x1F,0xFF,0xE0,0x00,0x0F,0xFF,0xF0,0x00,0x00,0x0F,0xFF,0xF0,0x00,0x07,
  0xFF,0xF8,0x00,0x00,0x07,0xFF,0xF8,0x00,0x01,0xFF,0xFC,0x00,0x00,0x03,0xFF,0xFC,0x00,0x00,0xFF,0xFF,0x00,0x00,0x01,0xFF,
  0xFE,0x00,0x00,0x7F,0xFF,0x80,0x00,0x00,0xFF,0xFF,0x00,0x00,0x3F,0xFF,0xC0,0x00,0x00,0x7F,0xFF,0x80,0x00,0x1F,0xFF,0xE0,
  0x00,0x00,0x3F,0xFF,0xC0,0x00,0x07,0xFF,0xF8,0x00,0x00,0x1F,0xFF,0xE0,0x00,0x03,0xFF,0xFC,0x00,0x00,0x0F,0xFF,0xF0,0x00,
  0x01,0xFF,0xFF,0x00,0x00,0x07,0xFF,0xF8,0x00,0x00,0x7F,0xFF,0x80,0x00,0x03,0xFF,0xFC,0x00,0x00,0x3F,0xFF,0xE0,0x00,0x01,
  0xFF,0xFE,0x00,0x00,0x0F,0xFF,0xFC,0x00,0x00,0xFF,0xFF,0x00,0x00,0x03,0xFF,0xFF,0x00,0x00,0x7F,0xFF,0x80,0x00,0x00,0xFF,
  0xFF,0xF8,0x00,0x3F,0xFF,0xC0,0x00,0x00,0x3F,0xFF,0xFF,0xFF,0xFF,0xFF,0xE0,0x00,0x00,0x0F,0xFF,0xFF,0xFF,0xFF,0xFF,0xF0,
  0x00,0x00,0x01,0xFF,0xFF,0xFF,0xFF,0xFF,0xF8,0x00,0x00,0x00,0x3F,0xFF,0xFF,0xFF,0xFF,0xFC,0x00,0x00,0x00,0x0F,0xFF,0xFF,
  0xFF,0xFF,0xFE,0x00,0x00,0x00,0x0F,0xFF,0xFF,0xFF,0xFF,0xFF,0x00,0x00,0x00,0x0F,0xFF,0xF8,0x00,0x7F,0xFF,0x80,0x00,0x00,
  0x07,0xFF,0xFC,0x00,0x3F,0xFF,0xC0,0x00,0x00,0x07,0xFF,0xFC,0x00,0x1F,0xFF,0xE0,0x00,0x00,0x03,0xFF,0xFE,0x00,0x0F,0xFF,
  0xF0,0x00,0x00,0x03,0xFF,0xFE,0x00,0x07,0xFF,0xF8,0x00,0x00,0x03,0xFF,0xFE,0x00,0x03,0xFF,0xFC,0x00,0x00,0x01,0xFF,0xFF,
  0x00,0x01,0xFF,0xFE,0x00,0x00,0x01,0xFF,0xFF,0x00,0x00,0xFF,0xFF,0x00,0x00,0x00,0xFF,0xFF,0x80,0x00,0x7F,0xFF,0x80,0x00,
  0x00,0xFF,0xFF,0x80,0x00,0x3F,0xFF,0xC0,0x00,0x00,0x7F,0xFF,0xC0,0x00,0x1F,0xFF,0xE0,0x00,0x00,0x7F,0xFF,0xC0,0x00,0x0F,
  0xFF,0xF0,0x00,0x00,0x7F,0xFF,0xE0,0x00,0x07,0xFF,0xF8,0x00,0x00,0x3F,0xFF,0xE0,0x00,0x03,0xFF,0xFC,0x00,0x00,0x3F,0xFF,
  0xF0,0x00,0x01,0xFF,0xFE,0x00,0x00,0x1F,0xFF,0xF0,0x00,0x00,0xFF,0xFF,0x00,0x00,0x1F,0xFF,0xF8,0x00,0x00,0x7F,0xFF,0x80,
  0x00,0x0F,0xFF,0xF8,0x00,0x00,0x3F,0xFF,0xC0,0x00,0x0F,0xFF,0xF8,0x00,0x00,0x1F,0xFF,0xE0,0x00,0x0F,0xFF,0xFC,0x00,0x00,
  0x0F,0xFF,0xF0,0x00,0x07,0xFF,0xFC,0x00,0x00,0x07,0xFF,0xF8,0x00,0x07,0xFF,0xFE,0x00,0x00,0x03,0xFF,0xFC,0x00,0x03,0xFF,
  0xFE,0x00,0x00,0x01,0xFF,0xFE,0x00,0x1F,0xFF,0xFF,0x00,0x00,0x1F,0xFF,0xFF,0xE0,0xFF,0xFF,0xFF,0x00,0x00,0xFF,0xFF,0xFF,
  0xFF,0xFF,0xFF,0xFF,0x80,0x00,0x7F,0xFF,0xFF,0xFF,0xFF,0xFF,0xFF,0x80,0x00,0x3F,0xFF,0xFF,0xFF,0xFF,0xFF,0xFF,0xC0,0x00,
  0x1F,0xFF,0xFF,0xFF,0xF0,0x00,0x01,0xFF,0xFE,0x00,0x00,0x03,0xFF,0xFF,0xFF,0xC0,0x00,0x0F,0xFF,0xFF,0xFF,0xE0,0x00,0x1F,
  0xFF,0xFF,0xFF,0xE0,0x00,0x3F,0xFF,0xFF,0xFF,0xF0,0x00,0x7F,0xE0,0x1F,0xFF,0xE0,0x00,0xFE,0x00,0x0F,0xFF,0xE0,0x01,0xF0,
  0x00,0x0F,0xFF,0xE0,0x03,0xE0,0x00,0x1F,0xFF,0xC0,0x07,0xC0,0x00,0x3F,0xFF,0x80,0x0F,0x00,0x00,0x3F,0xFF,0x00,0x1E,0x00,
  0x00,0x7F,0xFF,0x00,0x3C,0x00,0x00,0xFF,0xFE,0x00,0x00,0x00,0x01,0xFF,0xFC,0x00,0x00,0x00,0x03,0xFF,0xF8,0x00,0x00,0x00,
  0x07,0xFF,0xF0,0x00,0x00,0x00,0x0F,0xFF,0xE0,0x00,0x00,0x00,0x1F,0xFF,0xC0,0x00,0x00,0x00,0x3F,0xFF,0x80,0x00,0x00,0x00,
  0x7F,0xFF,0x00,0x00,0x1F,0xFF,0xFF,0xFE,0x00,0x07,0xFF,0xFF,0xFF,0xFC,0x00,0x7F,0xFF,0xFF,0xFF,0xF8,0x01,0xFF,0xFF,0xFF,
  0xFF,0xF0,0x07,0xFF,0xFF,0xFF,0xFF,0xE0,0x1F,0xFF,0xE0,0x1F,0xFF,0xC0,0x7F,0xFF,0x00,0x3F,0xFF,0x81,0xFF,0xFC,0x00,0x7F,
  0xFF,0x03,0xFF,0xF0,0x00,0xFF,0xFE,0x0F,0xFF,0xE0,0x01,0xFF,0xFC,0x1F,0xFF,0xC0,0x03,0xFF,0xF8,0x3F,0xFF,0x00,0x07,0xFF,
  0xF0,0x7F,0xFE,0x00,0x0F,0xFF,0xE1,0xFF,0xFC,0x00,0x1F,0xFF,0xC3,0xFF,0xF8,0x00,0x3F,0xFF,0x87,0xFF,0xF0,0x00,0x7F,0xFF,
  0x0F,0xFF,0xE0,0x00,0xFF,0xFE,0x1F,0xFF,0xC0,0x01,0xFF,0xFC,0x3F,0xFF,0x80,0x03,0xFF,0xF8,0x3F,0xFF,0x80,0x07,0xFF,0xF0,
  0x7F,0xFF,0x00,0x0F,0xFF,0xE0,0xFF,0xFE,0x00,0x1F,0xFF,0xC0,0xFF,0xFE,0x00,0x7F,0xFF,0x81,0xFF,0xFF,0x0F,0xFF,0xFF,0x03,
  0xFF,0xFF,0xFF,0xFF,0xFE,0x03,0xFF,0xFF,0xFF,0xFF,0xFF,0xC3,0xFF,0xFF,0xF9,0xFF,0xFF,0x83,0xFF,0xFF,0xC3,0xFF,0xFF,0x01,
  0xFF,0xFE,0x03,0xFF,0xFE,0x00,0x7F,0xE0,0x00,0x00,0x00,0x00,0x00,0x00,0x00,0x01,0xE0,0x00,0x00,0x00,0x00,0x3E,0x00,0x00,
  0x00,0x00,0x0F,0xE0,0x00,0x00,0x00,0x07,0xFE,0x00,0x00,0x00,0x1F,0xFF,0xE0,0x00,0x00,0xFF,0xFF,0xFC,0x00,0x00,0x7F,0xFF,
  0xFF,0xC0,0x00,0x3F,0xFF,0xFF,0xFC,0x00,0x0F,0xFF,0xFF,0xFF,0x80,0x01,0xFF,0xFF,0xFF,0xF8,0x00,0x3F,0xFF,0xFF,0xFF,0x00,
  0x07,0xFF,0xFF,0xFF,0xE0,0x00,0xFF,0xFF,0xFF,0xFC,0x00,0x1F,0xFF,0xFF,0xFF,0x80,0x03,0xFF,0xFF,0xFF,0xE0,0x00,0x3F,0xFF,
  0xFF,0xF0,0x00,0x07,0xFF,0xFF,0xF0,0x00,0x00,0xFF,0xFF,0x80,0x00,0x00,0x0F,0xFF,0x00,0x00,0x00,0x00,0xFF,0x80,0x00,0x00,
  0x00,0x1F,0xF0,0x00,0x00,0x00,0x01,0xFE,0x00,0x00,0x00,0x00,0x3F,0xC0,0x00,0x00,0x00,0x03,0xF8,0x00,0x00,0x00,0x00,0x3F,
  0x80,0x00,0x00,0x00,0x03,0xF0,0x03,0xFF,0x80,0x00,0x7F,0x01,0xFF,0xFF,0x00,0x07,0xF0,0x7F,0xFF,0xFC,0x00,0x7F,0x1F,0xFF,
  0xFF,0xF0,0x07,0xF3,0xFF,0xFF,0xFF,0x80,0x7F,0x7F,0xF0,0xFF,0xFC,0x07,0xF7,0xFC,0x03,0xFF,0xE0,0x7E,0xFF,0x80,0x1F,0xFF,
  0x0F,0xFF,0xF8,0x01,0xFF,0xF8,0xFF,0xFF,0x80,0x0F,0xFF,0x8F,0xFF,0xF0,0x00,0xFF,0xFC,0xFF,0xFF,0x00,0x0F,0xFF,0xCF,0xFF,
  0xF0,0x00,0xFF,0xFC,0xFF,0xFF,0x00,0x07,0xFF,0xEF,0xFF,0xF0,0x00,0x7F,0xFE,0xFF,0xFE,0x00,0x07,0xFF,0xEF,0xFF,0xE0,0x00,
  0x7F,0xFE,0xFF,0xFE,0x00,0x07,0xFF,0xFF,0xFF,0xE0,0x00,0x7F,0xFF,0xFF,0xFE,0x00,0x07,0xFF,0xFF,0xFF,0xE0,0x00,0x7F,0xFF,
  0xFF,0xFE,0x00,0x07,0xFF,0xFF,0xFF,0xE0,0x00,0x7F,0xFF,0xFF,0xFE,0x00,0x07,0xFF,0xFF,0xFF,0xE0,0x00,0x7F,0xFF,0xFF,0xFE,
  0x00,0x07,0xFF,0xFF,0xFF,0xE0,0x00,0x7F,0xFF,0xFF,0xFE,0x00,0x07,0xFF,0xF7,0xFF,0xE0,0x00,0x7F,0xFF,0x7F,0xFE,0x00,0x07,
  0xFF,0xF7,0xFF,0xE0,0x00,0x7F,0xFF,0x7F,0xFE,0x00,0x07,0xFF,0xF7,0xFF,0xE0,0x00,0x7F,0xFF,0x7F,0xFE,0x00,0x07,0xFF,0xE3,
  0xFF,0xE0,0x00,0x7F,0xFE,0x3F,0xFF,0x00,0x07,0xFF,0xE3,0xFF,0xF0,0x00,0x7F,0xFE,0x1F,0xFF,0x00,0x0F,0xFF,0xC1,0xFF,0xF0,
  0x00,0xFF,0xFC,0x0F,0xFF,0x00,0x0F,0xFF,0x80,0xFF,0xF8,0x00,0xFF,0xF8,0x07,0xFF,0x80,0x1F,0xFF,0x00,0x7F,0xFC,0x01,0xFF,
  0xF0,0x03,0xFF,0xC0,0x3F,0xFE,0x00,0x1F,0xFF,0x0F,0xFF,0xC0,0x00,0xFF,0xFF,0xFF,0xF8,0x00,0x07,0xFF,0xFF,0xFE,0x00,0x00,
  0x1F,0xFF,0xFF,0xC0,0x00,0x00,0x7F,0xFF,0xF0,0x00,0x00,0x00,0xFF,0xF0,0x00,0x00,0xFF,0xFF,0xFF,0xFF,0x80,0x00,0x3F,0xFF,
  0xFF,0xFF,0xFF,0x00,0x0F,0xFF,0xFF,0xFF,0xFF,0xF8,0x03,0xFF,0xFF,0xFF,0xFF,0xFF,0x80,0x0F,0xFF,0xFF,0xFF,0xFF,0xF0,0x03,
  0xFF,0xF8,0x03,0xFF,0xFE,0x00,0xFF,0xFE,0x00,0x3F,0xFF,0xC0,0x3F,0xFF,0x80,0x07,0xFF,0xF0,0x0F,0xFF,0xE0,0x01,0xFF,0xFC,
  0x03,0xFF,0xF8,0x00,0x3F,0xFF,0x80,0xFF,0xFE,0x00,0x0F,0xFF,0xE0,0x3F,0xFF,0x80,0x03,0xFF,0xF8,0x0F,0xFF,0xE0,0x00,0xFF,
  0xFE,0x03,0xFF,0xF8,0x00,0x3F,0xFF,0x80,0xFF,0xFE,0x00,0x0F,0xFF,0xE0,0x3F,0xFF,0x80,0x03,0xFF,0xF0,0x0F,0xFF,0xE0,0x01,
  0xFF,0xFC,0x03,0xFF,0xF8,0x00,0x7F,0xFE,0x00,0xFF,0xFE,0x00,0x3F,0xFF,0x00,0x3F,0xFF,0x80,0x1F,0xFF,0x80,0x0F,0xFF,0xE0,
  0x1F,0xFF,0xC0,0x03,0xFF,0xFF,0xFF,0xFF,0xC0,0x00,0xFF,0xFF,0xFF,0xFF,0x80,0x00,0x3F,0xFF,0xFF,0xFF,0xF8,0x00,0x0F,0xFF,
  0xFF,0xFF,0xFF,0xC0,0x03,0xFF,0xFF,0xFF,0xFF,0xFE,0x00,0xFF,0xFE,0x00,0x3F,0xFF,0xC0,0x3F,0xFF,0x80,0x03,0xFF,0xF8,0x0F,
  0xFF,0xE0,0x00,0x7F,0xFF,0x03,0xFF,0xF8,0x00,0x0F,0xFF,0xE0,0xFF,0xFE,0x00,0x03,0xFF,0xF8,0x3F,0xFF,0x80,0x00,0x7F,0xFF,
  0x0F,0xFF,0xE0,0x00,0x1F,0xFF,0xC3,0xFF,0xF8,0x00,0x07,0xFF,0xF0,0xFF,0xFE,0x00,0x01,0xFF,0xFC,0x3F,0xFF,0x80,0x00,0x7F,
  0xFF,0x0F,0xFF,0xE0,0x00,0x1F,0xFF,0xC3,0xFF,0xF8,0x00,0x07,0xFF,0xF0,0xFF,0xFE,0x00,0x03,0xFF,0xF8,0x3F,0xFF,0x80,0x00,
  0xFF,0xFE,0x0F,0xFF,0xE0,0x00,0x7F,0xFF,0x83,0xFF,0xF8,0x00,0x3F,0xFF,0xC0,0xFF,0xFE,0x00,0x3F,0xFF,0xE0,0x3F,0xFF,0xFF,
  0xFF,0xFF,0xF0,0xFF,0xFF,0xFF,0xFF,0xFF,0xF8,0x3F,0xFF,0xFF,0xFF,0xFF,0xF8,0x0F,0xFF,0xFF,0xFF,0xFF,0xF0,0x03,0xFF,0xFF,
  0xFF,0xFF,0x80,0x00,0xFF,0xFF,0xFF,0xFF,0xFF,0xFF,0xFF,0xFF,0xFF,0xFF,0xFF,0xFF,0xFF,0xFF,0xFF,0xFF,0xFF,0xFF,0xFF,0xFF,
  0xFF,0x0F,0xFF,0xFF,0xFF,0xFF,0xC3,0xFF,0xF8,0x00,0xFF,0xF0,0xFF,0xFE,0x00,0x01,0xFC,0x3F,0xFF,0x80,0x00,0x3F,0x0F,0xFF,
  0xE0,0x00,0x0F,0xC3,0xFF,0xF8,0x00,0x03,0xF0,0xFF,0xFE,0x00,0x00,0xFC,0x3F,0xFF,0x80,0x00,0x1F,0x0F,0xFF,0xE0,0x00,0x07,
  0xC3,0xFF,0xF8,0x00,0x01,0xF0,0xFF,0xFE,0x00,0x00,0x7C,0x3F,0xFF,0x80,0x00,0x0E,0x0F,0xFF,0xE0,0x00,0x00,0x03,0xFF,0xF8,
  0x00,0x00,0x00,0xFF,0xFE,0x00,0x00,0x00,0x3F,0xFF,0x80,0x00,0x00,0x0F,0xFF,0xE0,0x00,0x00,0x03,0xFF,0xF8,0x00,0x00,0x00,
  0xFF,0xFE,0x00,0x00,0x00,0x3F,0xFF,0x80,0x00,0x00,0x0F,0xFF,0xE0,0x00,0x00,0x03,0xFF,0xF8,0x00,0x00,0x00,0xFF,0xFE,0x00,
  0x00,0x00,0x3F,0xFF,0x80,0x00,0x00,0x0F,0xFF,0xE0,0x00,0x00,0x03,0xFF,0xF8,0x00,0x00,0x00,0xFF,0xFE,0x00,0x00,0x00,0x3F,
  0xFF,0x80,0x00,0x00,0x0F,0xFF,0xE0,0x00,0x00,0x03,0xFF,0xF8,0x00,0x00,0x00,0xFF,0xFE,0x00,0x00,0x00,0x3F,0xFF,0x80,0x00,
  0x00,0x0F,0xFF,0xE0,0x00,0x00,0x03,0xFF,0xF8,0x00,0x00,0x00,0xFF,0xFE,0x00,0x00,0x00,0x3F,0xFF,0x80,0x00,0x00,0x0F,0xFF,
  0xE0,0x00,0x00,0x03,0xFF,0xF8,0x00,0x00,0x00,0xFF,0xFE,0x00,0x00,0x00,0x3F,0xFF,0xC0,0x00,0x00,0xFF,0xFF,0xFF,0xE0,0x00,
  0x3F,0xFF,0xFF,0xF8,0x00,0x0F,0xFF,0xFF,0xFE,0x00,0x03,0xFF,0xFF,0xFF,0x80,0x00,0x00,0x7F,0xFF,0xFF,0xFF,0xFF,0x80,0x1F,
  0xFF,0xFF,0xFF,0xFF,0xE0,0x07,0xFF,0xFF,0xFF,0xFF,0xF8,0x00,0xFF,0xFF,0xFF,0xFF,0xFE,0x00,0x03,0xFF,0xFF,0xFF,0xF8,0x00,
  0x00,0x7C,0x01,0xFF,0xFC,0x00,0x00,0x1F,0x00,0x7F,0xFF,0x00,0x00,0x07,0xC0,0x1F,0xFF,0xC0,0x00,0x03,0xF0,0x07,0xFF,0xF0,
  0x00,0x00,0xFC,0x01,0xFF,0xFC,0x00,0x00,0x3F,0x00,0x7F,0xFF,0x00,0x00,0x0F,0xC0,0x1F,0xFF,0xC0,0x00,0x03,0xF0,0x07,0xFF,
  0xF0,0x00,0x00,0xFC,0x01,0xFF,0xFC,0x00,0x00,0x3E,0x00,0x7F,0xFF,0x00,0x00,0x0F,0x80,0x1F,0xFF,0xC0,0x00,0x03,0xE0,0x07,
  0xFF,0xF0,0x00,0x01,0xF8,0x01,0xFF,0xFC,0x00,0x00,0x7E,0x00,0x7F,0xFF,0x00,0x00,0x1F,0x80,0x1F,0xFF,0xC0,0x00,0x07,0xE0,
  0x07,0xFF,0xF0,0x00,0x01,0xF8,0x01,0xFF,0xFC,0x00,0x00,0x7C,0x00,0x7F,0xFF,0x00,0x00,0x3F,0x00,0x1F,0xFF,0xC0,0x00,0x0F,
  0xC0,0x07,0xFF,0xF0,0x00,0x03,0xF0,0x01,0xFF,0xFC,0x00,0x00,0xFC,0x00,0x7F,0xFF,0x00,0x00,0x3E,0x00,0x1F,0xFF,0xC0,0x00,
  0x1F,0x80,0x07,0xFF,0xF0,0x00,0x07,0xE0,0x01,0xFF,0xFC,0x00,0x01,0xF8,0x00,0x7F,0xFF,0x00,0x00,0xFC,0x00,0x1F,0xFF,0xC0,
  0x00,0x3F,0x00,0x07,0xFF,0xF0,0x00,0x0F,0xC0,0x01,0xFF,0xFC,0x00,0x03,0xF0,0x00,0x7F,0xFF,0x00,0x01,0xF8,0x00,0x1F,0xFF,
  0xC0,0x00,0x7E,0x00,0x07,0xFF,0xF0,0x00,0x3F,0x80,0x01,0xFF,0xFC,0x00,0x0F,0xC0,0x00,0x7F,0xFF,0x00,0x03,0xF0,0x00,0x1F,
  0xFF,0xC0,0x01,0xF8,0x00,0x07,0xFF,0xF0,0x00,0x7E,0x00,0x01,0xFF,0xFC,0x00,0x3F,0x80,0x00,0x7F,0xFF,0x00,0x3F,0xFF,0xFF,
  0xFF,0xFF,0xE0,0xFF,0xFF,0xFF,0xFF,0xFF,0xFF,0xFF,0xFF,0xFF,0xFF,0xFF,0xFF,0xFF,0xFF,0xFF,0xFF,0xFF,0xFF,0xFF,0xFF,0xFF,
  0xFF,0xFF,0xFF,0xFF,0xFF,0xF8,0x00,0x00,0x07,0xFF,0xFF,0xFE,0x00,0x00,0x00,0xFF,0xFF,0xFF,0x80,0x00,0x00,0x3F,0xFF,0xFF,
  0xC0,0x00,0x00,0x07,0xFF,0x7F,0xF0,0x00,0x00,0x01,0xFF,0xDF,0xF8,0x00,0x00,0x00,0x7F,0xF7,0xFE,0x00,0x00,0x00,0x0F,0xFD,
  0xFF,0x80,0x00,0x00,0x03,0xFF,0x7F,0xC0,0x00,0x00,0x00,0x7F,0xDF,0xF0,0x00,0x00,0x00,0x1F,0xF7,0xF8,0x00,0x00,0x00,0x07,
  0xFD,0xFE,0x00,0x00,0x00,0x00,0xFF,0x7F,0x80,0x00,0x00,0x00,0x3F,0xDF,0xC0,0x00,0x00,0x00,0x0F,0xF7,0xF0,0x00,0x00,0x00,
  0x01,0xFD,0xFC,0x00,0x00,0x00,0x00,0x7F,0x7E,0x00,0x00,0x00,0x00,0x0F,0xDF,0x80,0x00,0x00,0x00,0x03,0xF0,0x00,0x01,0xFF,
  0xE0,0x00,0x00,0x0F,0xFF,0xFC,0x00,0x00,0x7F,0xFF,0xFF,0x00,0x00,0xFF,0xFF,0xFF,0x80,0x01,0xFF,0xFF,0xFF,0xE0,0x03,0xFF,
  0xE3,0xFF,0xE0,0x07,0xFF,0x81,0xFF,0xF0,0x0F,0xFF,0x80,0xFF,0xF8,0x1F,0xFF,0x00,0x7F,0xF8,0x1F,0xFF,0x00,0x7F,0xFC,0x3F,
  0xFE,0x00,0x7F,0xFC,0x3F,0xFE,0x00,0x7F,0xFC,0x7F,0xFE,0x00,0x7F,0xFE,0x7F,0xFE,0x00,0x7F,0xFE,0x7F,0xFE,0x00,0x7F,0xFE,
  0xFF,0xFE,0x00,0x7F,0xFE,0xFF,0xFE,0x00,0x7F,0xFE,0xFF,0xFE,0x00,0x7F,0xFE,0xFF,0xFE,0x00,0x7F,0xFE,0xFF,0xFE,0x00,0x7F,
  0xFE,0xFF,0xFF,0xFF,0xFF,0xFF,0xFF,0xFF,0xFF,0xFF,0xFF,0xFF,0xFF,0xFF,0xFF,0xFF,0xFF,0xFF,0xFF,0xFF,0xFF,0xFF,0xFF,0xFF,
  0xFF,0xFF,0xFF,0xFE,0x00,0x00,0x00,0xFF,0xFE,0x00,0x00,0x00,0xFF,0xFE,0x00,0x00,0x00,0xFF,0xFE,0x00,0x00,0x00,0xFF,0xFE,
  0x00,0x00,0x00,0xFF,0xFE,0x00,0x00,0x00,0xFF,0xFE,0x00,0x00,0x00,0xFF,0xFE,0x00,0x00,0x00,0xFF,0xFE,0x00,0x00,0x00,0x7F,
  0xFE,0x00,0x00,0x00,0x7F,0xFE,0x00,0x00,0x00,0x7F,0xFF,0x00,0x00,0x00,0x7F,0xFF,0x00,0x00,0x00,0x3F,0xFF,0x00,0x00,0x00,
  0x3F,0xFF,0x80,0x00,0x00,0x1F,0xFF,0xC0,0x00,0x00,0x1F,0xFF,0xE0,0x00,0x00,0x0F,0xFF,0xF8,0x00,0x04,0x07,0xFF,0xFF,0x83,
  0xFC,0x03,0xFF,0xFF,0xFF,0xFC,0x01,0xFF,0xFF,0xFF,0xFC,0x00,0xFF,0xFF,0xFF,0xFC,0x00,0x3F,0xFF,0xFF,0xF0,0x00,0x0F,0xFF,
  0xFF,0x80,0x00,0x00,0xFF,0xF8,0x00,0x3F,0xFF,0xC0,0x0F,0xFF,0xFF,0x00,0x7F,0xFF,0x87,0xFF,0xF8,0x01,0xFF,0xFF,0xE0,0x0F,
  0xFF,0xF0,0xFF,0xFF,0x00,0x3F,0xFF,0xFC,0x01,0xFF,0xFE,0x0F,0xFF,0xE0,0x07,0xFF,0xFF,0x00,0x1F,0xFF,0x80,0x1F,0xE0,0x00,
  0x1F,0xFF,0x00,0x00,0xFF,0x00,0x01,0xFE,0x00,0x03,0xFF,0xE0,0x00,0x1F,0xC0,0x00,0x1F,0xC0,0x00,0x7F,0xFC,0x00,0x07,0xF0,
  0x00,0x01,0xFC,0x00,0x0F,0xFF,0x80,0x01,0xFC,0x00,0x00,0x1F,0xC0,0x01,0xFF,0xF0,0x00,0x7F,0x00,0x00,0x01,0xFC,0x00,0x3F,
  0xFE,0x00,0x1F,0xE0,0x00,0x00,0x1F,0xC0,0x07,0xFF,0xC0,0x07,0xF8,0x00,0x00,0x01,0xFC,0x00,0xFF,0xF8,0x00,0xFE,0x00,0x00,
  0x00,0x1F,0xC0,0x1F,0xFF,0x00,0x3F,0x80,0x00,0x00,0x03,0xF8,0x03,0xFF,0xE0,0x0F,0xE0,0x00,0x00,0x00,0x3F,0x80,0x7F,0xFC,
  0x03,0xF8,0x00,0x00,0x00,0x03,0xF8,0x0F,0xFF,0x80,0xFE,0x00,0x00,0x00,0x00,0x3F,0x81,0xFF,0xF0,0x3F,0x80,0x00,0x00,0x00,
  0x07,0xF8,0x3F,0xFE,0x0F,0xF0,0x00,0x00,0x00,0x01,0xFF,0x87,0xFF,0xC1,0xFF,0x00,0x00,0x00,0x00,0x3F,0xF8,0xFF,0xF8,0x7F,
  0xE0,0x00,0x00,0x00,0x0F,0xFF,0x9F,0xFF,0x1F,0xFE,0x00,0x00,0x00,0x01,0xFF,0xF3,0xFF,0xE7,0xFF,0xC0,0x00,0x00,0x00,0x7F,
  0xFF,0x7F,0xFD,0xFF,0xFC,0x00,0x00,0x00,0x0F,0xFF,0xFF,0xFF,0xFF,0xFF,0x80,0x00,0x00,0x03,0xFF,0xFF,0xFF,0xFF,0xFF,0xF8,
  0x00,0x00,0x00,0x7F,0xFF,0xFF,0xFF,0xFF,0xFF,0x80,0x00,0x00,0x1F,0xFF,0x1F,0xFF,0xF9,0xFF,0xF0,0x00,0x00,0x03,0xFF,0xE1,
  0xFF,0xFC,0x1F,0xFF,0x00,0x00,0x00,0xFF,0xF8,0x1F,0xFF,0x03,0xFF,0xE0,0x00,0x00,0x1F,0xFF,0x03,0xFF,0xE0,0x3F,0xFE,0x00,
  0x00,0x07,0xFF,0xC0,0x7F,0xFC,0x07,0xFF,0xC0,0x00,0x00,0xFF,0xF8,0x0F,0xFF,0x80,0x7F,0xFC,0x00,0x00,0x3F,0xFE,0x01,0xFF,
  0xF0,0x0F,0xFF,0x80,0x00,0x07,0xFF,0xC0,0x3F,0xFE,0x00,0xFF,0xF8,0x00,0x01,0xFF,0xF0,0x07,0xFF,0xC0,0x1F,0xFF,0x00,0x00,
  0x3F,0xFE,0x00,0xFF,0xF8,0x01,0xFF,0xF0,0x00,0x0F,0xFF,0x80,0x1F,0xFF,0x00,0x3F,0xFE,0x00,0x01,0xFF,0xF0,0x03,0xFF,0xE0,
  0x03,0xFF,0xE0,0x00,0x7F,0xFC,0x00,0x7F,0xFC,0x00,0x7F,0xFC,0x00,0x0F,0xFF,0x80,0x0F,0xFF,0x80,0x07,0xFF,0xC0,0x03,0xFF,
  0xE0,0x01,0xFF,0xF0,0x00,0xFF,0xF8,0x00,0xFF,0xFC,0x00,0x3F,0xFE,0x00,0x0F,0xFF,0x80,0x1F,0xFF,0x00,0x07,0xFF,0xC0,0x01,
  0xFF,0xF0,0x07,0xFF,0xE0,0x00,0xFF,0xF8,0x00,0x3F,0xFF,0x07,0xFF,0xF8,0x00,0xFF,0xFF,0xE0,0x03,0xFF,0xFD,0xFF,0xFF,0x00,
  0x1F,0xFF,0xFE,0x00,0x7F,0xFF,0xFF,0xFF,0xC0,0x03,0xFF,0xFF,0xC0,0x07,0xFF,0xFF,0xFF,0xF8,0x00,0x7F,0xFF,0xF8,0x00,0xFF,
  0xFF,0x00,0x7F,0xFF,0x80,0x00,0x7F,0xFF,0xFF,0xE0,0x03,0xFF,0xFF,0xFF,0xE0,0x0F,0xFF,0xFF,0xFF,0xE0,0x3F,0xFF,0xFF,0xFF,
  0xC0,0xFF,0xC0,0xFF,0xFF,0x83,0xFC,0x00,0xFF,0xFF,0x0F,0xC0,0x01,0xFF,0xFC,0x3F,0x00,0x03,0xFF,0xF8,0xF8,0x00,0x0F,0xFF,
  0xE3,0xE0,0x00,0x3F,0xFF,0x8F,0x80,0x00,0x7F,0xFE,0x3E,0x00,0x01,0xFF,0xF8,0xF0,0x00,0x07,0xFF,0xE0,0x00,0x00,0x1F,0xFF,
  0x80,0x00,0x00,0xFF,0xFE,0x00,0x00,0x03,0xFF,0xF0,0x00,0x00,0x0F,0xFF,0xC0,0x00,0x00,0x3F,0xFE,0x00,0x00,0x01,0xFF,0xF0,
  0x00,0x00,0x0F,0xFF,0x80,0x00,0x00,0xFF,0xFC,0x00,0x01,0xFF,0xFF,0xE0,0x00,0x07,0xFF,0xFE,0x00,0x00,0x1F,0xFF,0xF8,0x00,
  0x00,0x7F,0xFF,0xFC,0x00,0x01,0xFF,0xFF,0xFC,0x00,0x00,0x1F,0xFF,0xF8,0x00,0x00,0x0F,0xFF,0xF0,0x00,0x00,0x1F,0xFF,0xE0,
  0x00,0x00,0x3F,0xFF,0x80,0x00,0x00,0x7F,0xFF,0x00,0x00,0x01,0xFF,0xFC,0x00,0x00,0x07,0xFF,0xF0,0x00,0x00,0x1F,0xFF,0xC0,
  0x00,0x00,0x7F,0xFF,0x00,0x00,0x01,0xFF,0xFC,0x00,0x00,0x07,0xFF,0xF0,0x00,0x00,0x1F,0xFF,0xC0,0x00,0x00,0xFF,0xFF,0x00,
  0x00,0x03,0xFF,0xF8,0x00,0x00,0x1F,0xFF,0xEE,0x00,0x01,0xFF,0xFF,0x3F,0xE0,0x7F,0xFF,0xFC,0xFF,0xFF,0xFF,0xFF,0xE3,0xFF,
  0xFF,0xFF,0xFF,0x07,0xFF,0xFF,0xFF,0xF0,0x07,0xFF,0xFF,0xFF,0x00,0x07,0xFF,0xFF,0xF0,0x00,0x01,0xFF,0xF8,0x00,0x00,0xFF,
  0xFF,0xFF,0x03,0xFF,0xFF,0xFF,0xFF,0xFF,0xFC,0x0F,0xFF,0xFF,0xFF,0xFF,0xFF,0xF0,0x3F,0xFF,0xFF,0xFF,0xFF,0xFF,0x80,0x7F,
  0xFF,0xFF,0x0F,0xFF,0xF0,0x00,0x3F,0xFF,0xC0,0x3F,0xFF,0x80,0x00,0x7F,0xFE,0x00,0xFF,0xFE,0x00,0x01,0xFF,0xF8,0x03,0xFF,
  0xF8,0x00,0x07,0xFF,0xE0,0x0F,0xFF,0xE0,0x00,0x1F,0xFF,0x80,0x3F,0xFF,0x80,0x00,0x7F,0xFE,0x00,0xFF,0xFE,0x00,0x03,0xFF,
  0xF8,0x03,0xFF,0xF8,0x00,0x0F,0xFF,0xE0,0x0F,0xFF,0xE0,0x00,0x7F,0xFF,0x80,0x3F,0xFF,0x80,0x03,0xFF,0xFE,0x00,0xFF,0xFE,
  0x00,0x1F,0xFF,0xF8,0x03,0xFF,0xF8,0x00,0xFF,0xFF,0xE0,0x0F,0xFF,0xE0,0x03,0xFF,0xFF,0x80,0x3F,0xFF,0x80,0x1F,0xFF,0xFE,
  0x00,0xFF,0xFE,0x00,0xFF,0xFF,0xF8,0x03,0xFF,0xF8,0x07,0xF7,0xFF,0xE0,0x0F,0xFF,0xE0,0x1F,0x9F,0xFF,0x80,0x3F,0xFF,0x80,
  0xFC,0x7F,0xFE,0x00,0xFF,0xFE,0x07,0xE1,0xFF,0xF8,0x03,0xFF,0xF8,0x3F,0x07,0xFF,0xE0,0x0F,0xFF,0xE0,0xFC,0x1F,0xFF,0x80,
  0x3F,0xFF,0x87,0xE0,0x7F,0xFE,0x00,0xFF,0xFE,0x3F,0x01,0xFF,0xF8,0x03,0xFF,0xF9,0xF8,0x07,0xFF,0xE0,0x0F,0xFF,0xE7,0xE0,
  0x1F,0xFF,0x80,0x3F,0xFF,0xBF,0x00,0x7F,0xFE,0x00,0xFF,0xFF,0xF8,0x01,0xFF,0xF8,0x03,0xFF,0xFF,0xC0,0x07,0xFF,0xE0,0x0F,
  0xFF,0xFF,0x00,0x1F,0xFF,0x80,0x3F,0xFF,0xF8,0x00,0x7F,0xFE,0x00,0xFF,0xFF,0xC0,0x01,0xFF,0xF8,0x03,0xFF,0xFE,0x00,0x07,
  0xFF,0xE0,0x0F,0xFF,0xF8,0x00,0x1F,0xFF,0x80,0x3F,0xFF,0xC0,0x00,0x7F,0xFE,0x00,0xFF,0xFE,0x00,0x01,0xFF,0xF8,0x03,0xFF,
  0xF8,0x00,0x07,0xFF,0xE0,0x0F,0xFF,0xE0,0x00,0x1F,0xFF,0x80,0x3F,0xFF,0x80,0x00,0x7F,0xFE,0x00,0xFF,0xFE,0x00,0x01,0xFF,
  0xF8,0x03,0xFF,0xFC,0x00,0x0F,0xFF,0xF0,0xFF,0xFF,0xFE,0x01,0xFF,0xFF,0xFF,0xFF,0xFF,0xFC,0x0F,0xFF,0xFF,0xFF,0xFF,0xFF,
  0xF0,0x3F,0xFF,0xFF,0xFF,0xFF,0xFF,0xC0,0xFF,0xFF,0xFF,0x01,0xFF,0xC0,0x00,0x0F,0xFE,0x00,0x07,0xFF,0x00,0x00,0x3F,0xF8,
  0x00,0x0F,0xFC,0x00,0x00,0xFF,0xE0,0x00,0x3F,0xF8,0x00,0x03,0xFF,0x00,0x00,0xFF,0xE0,0x00,0x1F,0xFC,0x00,0x03,0xFF,0x80,
  0x00,0x7F,0xF0,0x00,0x07,0xFF,0x00,0x03,0xFF,0x80,0x00,0x1F,0xFE,0x00,0x0F,0xFE,0x00,0x00,0x3F,0xFC,0x00,0x7F,0xF0,0x00,
  0x00,0x7F,0xF8,0x07,0xFF,0x80,0x00,0x00,0xFF,0xFF,0xFF,0xFC,0x00,0x00,0x01,0xFF,0xFF,0xFF,0xE0,0x00,0x00,0x01,0xFF,0xFF,
  0xFF,0x00,0x00,0x00,0x01,0xFF,0xFF,0xE0,0x00,0x00,0x00,0x00,0x7F,0xFC,0x00,0x00,0x00,0x00,0x00,0x00,0x00,0x00,0x00,0x00,
  0x00,0x00,0x00,0x00,0x00,0x00,0x00,0x00,0x00,0x00,0x00,0x00,0x00,0x00,0x00,0x00,0x00,0x00,0x00,0x00,0x00,0x00,0x00,0x00,
  0x00,0x00,0x00,0x00,0x00,0x00,0x00,0x00,0x00,0x00,0x00,0x00,0x00,0x00,0x00,0x00,0x00,0x00,0x00,0x00,0x00,0x00,0x00,0x00,
  0x00,0x00,0x00,0x00,0x00,0xFF,0xFF,0xFF,0x03,0xFF,0xFF,0xFF,0xFF,0xFF,0xFC,0x0F,0xFF,0xFF,0xFF,0xFF,0xFF,0xF0,0x3F,0xFF,
  0xFF,0xFF,0xFF,0xFF,0x80,0x7F,0xFF,0xFF,0x0F,0xFF,0xF0,0x00,0x3F,0xFF,0xC0,0x3F,0xFF,0x80,0x00,0x7F,0xFE,0x00,0xFF,0xFE,
  0x00,0x01,0xFF,0xF8,0x03,0xFF,0xF8,0x00,0x07,0xFF,0xE0,0x0F,0xFF,0xE0,0x00,0x1F,0xFF,0x80,0x3F,0xFF,0x80,0x00,0x7F,0xFE,
  0x00,0xFF,0xFE,0x00,0x03,0xFF,0xF8,0x03,0xFF,0xF8,0x00,0x0F,0xFF,0xE0,0x0F,0xFF,0xE0,0x00,0x7F,0xFF,0x80,0x3F,0xFF,0x80,
  0x03,0xFF,0xFE,0x00,0xFF,0xFE,0x00,0x1F,0xFF,0xF8,0x03,0xFF,0xF8,0x00,0xFF,0xFF,0xE0,0x0F,0xFF,0xE0,0x03,0xFF,0xFF,0x80,
  0x3F,0xFF,0x80,0x1F,0xFF,0xFE,0x00,0xFF,0xFE,0x00,0xFF,0xFF,0xF8,0x03,0xFF,0xF8,0x07,0xF7,0xFF,0xE0,0x0F,0xFF,0xE0,0x1F,
  0x9F,0xFF,0x80,0x3F,0xFF,0x80,0xFC,0x7F,0xFE,0x00,0xFF,0xFE,0x07,0xE1,0xFF,0xF8,0x03,0xFF,0xF8,0x3F,0x07,0xFF,0xE0,0x0F,
  0xFF,0xE0,0xFC,0x1F,0xFF,0x80,0x3F,0xFF,0x87,0xE0,0x7F,0xFE,0x00,0xFF,0xFE,0x3F,0x01,0xFF,0xF8,0x03,0xFF,0xF9,0xF8,0x07,
  0xFF,0xE0,0x0F,0xFF,0xE7,0xE0,0x1F,0xFF,0x80,0x3F,0xFF,0xBF,0x00,0x7F,0xFE,0x00,0xFF,0xFF,0xF8,0x01,0xFF,0xF8,0x03,0xFF,
  0xFF,0xC0,0x07,0xFF,0xE0,0x0F,0xFF,0xFF,0x00,0x1F,0xFF,0x80,0x3F,0xFF,0xF8,0x00,0x7F,0xFE,0x00,0xFF,0xFF,0xC0,0x01,0xFF,
  0xF8,0x03,0xFF,0xFE,0x00,0x07,0xFF,0xE0,0x0F,0xFF,0xF8,0x00,0x1F,0xFF,0x80,0x3F,0xFF,0xC0,0x00,0x7F,0xFE,0x00,0xFF,0xFE,
  0x00,0x01,0xFF,0xF8,0x03,0xFF,0xF8,0x00,0x07,0xFF,0xE0,0x0F,0xFF,0xE0,0x00,0x1F,0xFF,0x80,0x3F,0xFF,0x80,0x00,0x7F,0xFE,
  0x00,0xFF,0xFE,0x00,0x01,0xFF,0xF8,0x03,0xFF,0xFC,0x00,0x0F,0xFF,0xF0,0xFF,0xFF,0xFE,0x01,0xFF,0xFF,0xFF,0xFF,0xFF,0xFC,
  0x0F,0xFF,0xFF,0xFF,0xFF,0xFF,0xF0,0x3F,0xFF,0xFF,0xFF,0xFF,0xFF,0xC0,0xFF,0xFF,0xFF,0xFF,0xFF,0xFF,0x00,0x0F,0xFF,0xFC,
  0x3F,0xFF,0xFF,0xC0,0x03,0xFF,0xFF,0x0F,0xFF,0xFF,0xF0,0x00,0xFF,0xFF,0xC1,0xFF,0xFF,0xFC,0x00,0x3F,0xFF,0xE0,0x0F,0xFF,
  0xF0,0x00,0x00,0xFF,0x80,0x01,0xFF,0xFC,0x00,0x00,0x3F,0xC0,0x00,0x7F,0xFF,0x00,0x00,0x1F,0xE0,0x00,0x1F,0xFF,0xC0,0x00,
  0x0F,0xF0,0x00,0x07,0xFF,0xF0,0x00,0x0F,0xF8,0x00,0x01,0xFF,0xFC,0x00,0x07,0xF8,0x00,0x00,0x7F,0xFF,0x00,0x03,0xFC,0x00,
  0x00,0x1F,0xFF,0xC0,0x01,0xFE,0x00,0x00,0x07,0xFF,0xF0,0x00,0xFF,0x00,0x00,0x01,0xFF,0xFC,0x00,0x7F,0x80,0x00,0x00,0x7F,
  0xFF,0x00,0x3F,0xC0,0x00,0x00,0x1F,0xFF,0xC0,0x1F,0xE0,0x00,0x00,0x07,0xFF,0xF0,0x0F,0xF0,0x00,0x00,0x01,0xFF,0xFC,0x07,
  0xF8,0x00,0x00,0x00,0x7F,0xFF,0x03,0xFF,0x00,0x00,0x00,0x1F,0xFF,0xC1,0xFF,0xE0,0x00,0x00,0x07,0xFF,0xF0,0xFF,0xF8,0x00,
  0x00,0x01,0xFF,0xFC,0x7F,0xFF,0x00,0x00,0x00,0x7F,0xFF,0x3F,0xFF,0xE0,0x00,0x00,0x1F,0xFF,0xDF,0xFF,0xF8,0x00,0x00,0x07,
  0xFF,0xFF,0xFF,0xFF,0x00,0x00,0x01,0xFF,0xFF,0xFF,0xFF,0xE0,0x00,0x00,0x7F,0xFF,0xF3,0xFF,0xFC,0x00,0x00,0x1F,0xFF,0xF8,
  0xFF,0xFF,0x00,0x00,0x07,0xFF,0xF8,0x1F,0xFF,0xE0,0x00,0x01,0xFF,0xFC,0x03,0xFF,0xFC,0x00,0x00,0x7F,0xFF,0x00,0xFF,0xFF,
  0x00,0x00,0x1F,0xFF,0xC0,0x1F,0xFF,0xE0,0x00,0x07,0xFF,0xF0,0x03,0xFF,0xFC,0x00,0x01,0xFF,0xFC,0x00,0xFF,0xFF,0x00,0x00,
  0x7F,0xFF,0x00,0x1F,0xFF,0xE0,0x00,0x1F,0xFF,0xC0,0x03,0xFF,0xFC,0x00,0x07,0xFF,0xF0,0x00,0xFF,0xFF,0x00,0x01,0xFF,0xFC,
  0x00,0x1F,0xFF,0xE0,0x00,0x7F,0xFF,0x00,0x03,0xFF,0xFC,0x00,0x1F,0xFF,0xC0,0x00,0xFF,0xFF,0x00,0x07,0xFF,0xF0,0x00,0x1F,
  0xFF,0xE0,0x01,0xFF,0xFC,0x00,0x03,0xFF,0xFC,0x00,0x7F,0xFF,0x00,0x00,0xFF,0xFF,0x00,0x3F,0xFF,0xC0,0x00,0x3F,0xFF,0xE0,
  0x7F,0xFF,0xFF,0x00,0x7F,0xFF,0xFF,0xBF,0xFF,0xFF,0xC0,0x3F,0xFF,0xFF,0xFF,0xFF,0xFF,0xF0,0x0F,0xFF,0xFF,0xFF,0xFF,0xFF,
  0xFC,0x03,0xFF,0xFF,0xFF,0x00,0x0F,0xFF,0xFF,0xFF,0xFF,0xFE,0x00,0x1F,0xFF,0xFF,0xFF,0xFF,0xFC,0x00,0x3F,0xFF,0xFF,0xFF,
  0xFF,0xF8,0x00,0x3F,0xFF,0xFF,0xFF,0xFF,0xE0,0x00,0x07,0xFF,0xFF,0xFF,0xFC,0x00,0x00,0x07,0xE0,0x03,0xFF,0xF8,0x00,0x00,
  0x0F,0xC0,0x07,0xFF,0xF0,0x00,0x00,0x1F,0x80,0x0F,0xFF,0xE0,0x00,0x00,0x3F,0x00,0x1F,0xFF,0xC0,0x00,0x00,0x7E,0x00,0x3F,
  0xFF,0x80,0x00,0x01,0xF8,0x00,0x7F,0xFF,0x00,0x00,0x03,0xF0,0x00,0xFF,0xFE,0x00,0x00,0x07,0xE0,0x01,0xFF,0xFC,0x00,0x00,
  0x0F,0xC0,0x03,0xFF,0xF8,0x00,0x00,0x1F,0x80,0x07,0xFF,0xF0,0x00,0x00,0x3F,0x00,0x0F,0xFF,0xE0,0x00,0x00,0xFE,0x00,0x1F,
  0xFF,0xC0,0x00,0x01,0xF8,0x00,0x3F,0xFF,0x80,0x00,0x03,0xF0,0x00,0x7F,0xFF,0x00,0x00,0x07,0xE0,0x00,0xFF,0xFE,0x00,0x00,
  0x0F,0xC0,0x01,0xFF,0xFC,0x00,0x00,0x1F,0x80,0x03,0xFF,0xF8,0x00,0x00,0x7F,0x00,0x07,0xFF,0xF0,0x00,0x00,0xFC,0x00,0x0F,
  0xFF,0xE0,0x00,0x01,0xF8,0x00,0x1F,0xFF,0xC0,0x00,0x03,0xF0,0x00,0x3F,0xFF,0x80,0x00,0x07,0xE0,0x00,0x7F,0xFF,0x00,0x00,
  0x0F,0xC0,0x00,0xFF,0xFE,0x00,0x00,0x3F,0x00,0x01,0xFF,0xFC,0x00,0x00,0x7E,0x00,0x03,0xFF,0xF8,0x00,0x00,0xFC,0x00,0x07,
  0xFF,0xF0,0x00,0x01,0xF8,0x00,0x0F,0xFF,0xE0,0x00,0x07,0xF0,0x00,0x1F,0xFF,0xC0,0x00,0x0F,0xC0,0x00,0x3F,0xFF,0x80,0x00,
  0x1F,0x80,0x00,0x7F,0xFF,0x00,0x00,0x7F,0x00,0x00,0xFF,0xFE,0x06,0x00,0xFE,0x00,0x01,0xFF,0xFC,0x1E,0x01,0xF8,0x00,0x03,
  0xFF,0xF8,0x3C,0x07,0xF0,0x00,0x07,0xFF,0xF0,0x7C,0x0F,0xE0,0x00,0x0F,0xFF,0xE0,0xF8,0x3F,0x80,0x00,0x1F,0xFF,0xC1,0xF8,
  0xFF,0x00,0x00,0x3F,0xFF,0x83,0xFF,0xFC,0x00,0x00,0x7F,0xFF,0x07,0xFF,0xF8,0x00,0x00,0xFF,0xFE,0x0F,0xFF,0xE0,0x00,0x1F,
  0xFF,0xFF,0xCF,0xFF,0x80,0x00,0x7F,0xFF,0xFF,0xDF,0xFE,0x00,0x00,0xFF,0xFF,0xFF,0xBF,0xF8,0x00,0x01,0xFF,0xFF,0xFF,0x1F,
  0xC0,0x00,0x00,0x00,0x00,0x00,0xFF,0xFF,0xE0,0x00,0x00,0x0F,0xFF,0xFF,0xFF,0xFF,0xF0,0x00,0x00,0x07,0xFF,0xFF,0xFF,0xFF,
  0xFC,0x00,0x00,0x07,0xFF,0xFF,0xFF,0xFF,0xFE,0x00,0x00,0x03,0xFF,0xFF,0xE0,0xFF,0xFF,0x80,0x00,0x03,0xFF,0xFF,0x80,0x7F,
  0xFF,0xC0,0x00,0x01,0xFF,0xFF,0x80,0x3F,0xFF,0xE0,0x00,0x00,0xFF,0xFF,0xC0,0x1F,0xFF,0xF8,0x00,0x00,0xFF,0xFF,0xE0,0x0F,
  0xFF,0xFC,0x00,0x00,0x7F,0xFF,0xF0,0x07,0xFF,0xFF,0x00,0x00,0x7F,0xFF,0xF8,0x03,0xFF,0xFF,0x80,0x00,0x3F,0xFF,0xFC,0x01,
  0xFF,0xFF,0xE0,0x00,0x3F,0x7F,0xFE,0x00,0xFE,0xFF,0xF0,0x00,0x1F,0xBF,0xFF,0x00,0x7F,0x7F,0xF8,0x00,0x1F,0x9F,0xFF,0x80,
  0x3F,0xBF,0xFE,0x00,0x0F,0xCF,0xFF,0xC0,0x1F,0xCF,0xFF,0x00,0x07,0xC7,0xFF,0xE0,0x0F,0xE7,0xFF,0xC0,0x07,0xE3,0xFF,0xF0,
  0x07,0xF1,0xFF,0xE0,0x03,0xF1,0xFF,0xF8,0x03,0xF8,0xFF,0xF8,0x03,0xF0,0xFF,0xFC,0x01,0xFC,0x3F,0xFC,0x01,0xF8,0x7F,0xFE,
  0x00,0xFE,0x1F,0xFE,0x01,0xF8,0x3F,0xFF,0x00,0x7F,0x0F,0xFF,0x80,0xFC,0x1F,0xFF,0x80,0x3F,0x83,0xFF,0xC0,0xFC,0x0F,0xFF,
  0xC0,0x1F,0xC1,0xFF,0xF0,0x7E,0x07,0xFF,0xE0,0x0F,0xE0,0x7F,0xF8,0x3E,0x03,0xFF,0xF0,0x07,0xF0,0x3F,0xFE,0x3F,0x01,0xFF,
  0xF8,0x03,0xF8,0x0F,0xFF,0x1F,0x80,0xFF,0xFC,0x01,0xFC,0x07,0xFF,0x9F,0x80,0x7F,0xFE,0x00,0xFE,0x03,0xFF,0xEF,0xC0,0x3F,
  0xFF,0x00,0x7F,0x00,0xFF,0xFF,0xC0,0x1F,0xFF,0x80,0x3F,0x80,0x7F,0xFF,0xE0,0x0F,0xFF,0xC0,0x1F,0xC0,0x1F,0xFF,0xE0,0x07,
  0xFF,0xE0,0x0F,0xE0,0x0F,0xFF,0xF0,0x03,0xFF,0xF0,0x07,0xF0,0x03,0xFF,0xF8,0x01,0xFF,0xF8,0x03,0xF8,0x01,0xFF,0xF8,0x00,
  0xFF,0xFC,0x01,0xFC,0x00,0xFF,0xFC,0x00,0x7F,0xFE,0x00,0xFE,0x00,0x3F,0xFC,0x00,0x3F,0xFF,0x00,0x7F,0x00,0x1F,0xFE,0x00,
  0x1F,0xFF,0x80,0x3F,0x80,0x07,0xFE,0x00,0x0F,0xFF,0xC0,0x1F,0xC0,0x03,0xFF,0x00,0x07,0xFF,0xE0,0x0F,0xE0,0x00,0xFF,0x80,
  0x03,0xFF,0xF0,0x07,0xF0,0x00,0x7F,0x80,0x01,0xFF,0xF8,0x03,0xF8,0x00,0x3F,0xC0,0x00,0xFF,0xFC,0x01,0xFC,0x00,0x0F,0xC0,
  0x00,0xFF,0xFF,0x0F,0xFF,0xE0,0x07,0xE0,0x03,0xFF,0xFF,0xF7,0xFF,0xF0,0x01,0xE0,0x03,0xFF,0xFF,0xFF,0xFF,0xF8,0x00,0xF0,
  0x01,0xFF,0xFF,0xFF,0xFF,0xFC,0x00,0x38,0x00,0xFF,0xFF,0xFF,0xFF,0xFF,0xFF,0x03,0xFF,0xFF,0xFF,0xFF,0xFF,0xFC,0x0F,0xFF,
  0xFF,0xFF,0xFF,0xFF,0xF0,0x3F,0xFF,0xFF,0xFF,0xFF,0xFF,0xC0,0xFF,0xFF,0xFF,0x0F,0xFF,0xF0,0x00,0x3F,0xFF,0xC0,0x3F,0xFF,
  0x80,0x00,0x7F,0xFE,0x00,0xFF,0xFE,0x00,0x01,0xFF,0xF8,0x03,0xFF,0xF8,0x00,0x07,0xFF,0xE0,0x0F,0xFF,0xE0,0x00,0x1F,0xFF,
  0x80,0x3F,0xFF,0x80,0x00,0x7F,0xFE,0x00,0xFF,0xFE,0x00,0x01,0xFF,0xF8,0x03,0xFF,0xF8,0x00,0x07,0xFF,0xE0,0x0F,0xFF,0xE0,
  0x00,0x1F,0xFF,0x80,0x3F,0xFF,0x80,0x00,0x7F,0xFE,0x00,0xFF,0xFE,0x00,0x01,0xFF,0xF8,0x03,0xFF,0xF8,0x00,0x07,0xFF,0xE0,
  0x0F,0xFF,0xE0,0x00,0x1F,0xFF,0x80,0x3F,0xFF,0x80,0x00,0x7F,0xFE,0x00,0xFF,0xFE,0x00,0x01,0xFF,0xF8,0x03,0xFF,0xF8,0x00,
  0x07,0xFF,0xE0,0x0F,0xFF,0xE0,0x00,0x1F,0xFF,0x80,0x3F,0xFF,0xFF,0xFF,0xFF,0xFE,0x00,0xFF,0xFF,0xFF,0xFF,0xFF,0xF8,0x03,
  0xFF,0xFF,0xFF,0xFF,0xFF,0xE0,0x0F,0xFF,0xFF,0xFF,0xFF,0xFF,0x80,0x3F,0xFF,0xFF,0xFF,0xFF,0xFE,0x00,0xFF,0xFE,0x00,0x03,
  0xFF,0xF8,0x03,0xFF,0xF8,0x00,0x07,0xFF,0xE0,0x0F,0xFF,0xE0,0x00,0x1F,0xFF,0x80,0x3F,0xFF,0x80,0x00,0x7F,0xFE,0x00,0xFF,
  0xFE,0x00,0x01,0xFF,0xF8,0x03,0xFF,0xF8,0x00,0x07,0xFF,0xE0,0x0F,0xFF,0xE0,0x00,0x1F,0xFF,0x80,0x3F,0xFF,0x80,0x00,0x7F,
  0xFE,0x00,0xFF,0xFE,0x00,0x01,0xFF,0xF8,0x03,0xFF,0xF8,0x00,0x07,0xFF,0xE0,0x0F,0xFF,0xE0,0x00,0x1F,0xFF,0x80,0x3F,0xFF,
  0x80,0x00,0x7F,0xFE,0x00,0xFF,0xFE,0x00,0x01,0xFF,0xF8,0x03,0xFF,0xF8,0x00,0x07,0xFF,0xE0,0x0F,0xFF,0xE0,0x00,0x1F,0xFF,
  0x80,0x3F,0xFF,0x80,0x00,0x7F,0xFE,0x00,0xFF,0xFE,0x00,0x01,0xFF,0xF8,0x03,0xFF,0xFC,0x00,0x0F,0xFF,0xF0,0xFF,0xFF,0xFF,
  0x03,0xFF,0xFF,0xFF,0xFF,0xFF,0xFC,0x0F,0xFF,0xFF,0xFF,0xFF,0xFF,0xF0,0x3F,0xFF,0xFF,0xFF,0xFF,0xFF,0xC0,0xFF,0xFF,0xFF,
  0x00,0x00,0xFF,0xF0,0x00,0x00,0x00,0xFF,0xFF,0xF0,0x00,0x00,0x3F,0xFF,0xFF,0xC0,0x00,0x0F,0xFF,0xFF,0xFF,0x00,0x01,0xFF,
  0xFF,0xFF,0xF8,0x00,0x3F,0xFF,0x0F,0xFF,0xC0,0x07,0xFF,0xC0,0x7F,0xFE,0x00,0xFF,0xF8,0x03,0xFF,0xF0,0x0F,0xFF,0x80,0x1F,
  0xFF,0x01,0xFF,0xF0,0x01,0xFF,0xF8,0x1F,0xFF,0x00,0x0F,0xFF,0x83,0xFF,0xF0,0x00,0xFF,0xFC,0x3F,0xFF,0x00,0x0F,0xFF,0xC7,
  0xFF,0xE0,0x00,0xFF,0xFE,0x7F,0xFE,0x00,0x07,0xFF,0xE7,0xFF,0xE0,0x00,0x7F,0xFE,0x7F,0xFE,0x00,0x07,0xFF,0xEF,0xFF,0xE0,
  0x00,0x7F,0xFF,0xFF,0xFE,0x00,0x07,0xFF,0xFF,0xFF,0xE0,0x00,0x7F,0xFF,0xFF,0xFE,0x00,0x07,0xFF,0xFF,0xFF,0xE0,0x00,0x7F,
  0xFF,0xFF,0xFE,0x00,0x07,0xFF,0xFF,0xFF,0xE0,0x00,0x7F,0xFF,0xFF,0xFE,0x00,0x07,0xFF,0xFF,0xFF,0xE0,0x00,0x7F,0xFF,0xFF,
  0xFE,0x00,0x07,0xFF,0xFF,0xFF,0xE0,0x00,0x7F,0xFF,0xFF,0xFE,0x00,0x07,0xFF,0xFF,0xFF,0xE0,0x00,0x7F,0xFF,0xFF,0xFE,0x00,
  0x07,0xFF,0xFF,0xFF,0xE0,0x00,0x7F,0xFF,0xFF,0xFE,0x00,0x07,0xFF,0xF7,0xFF,0xE0,0x00,0x7F,0xFE,0x7F,0xFE,0x00,0x07,0xFF,
  0xE7,0xFF,0xE0,0x00,0x7F,0xFE,0x7F,0xFF,0x00,0x0F,0xFF,0xE3,0xFF,0xF0,0x00,0xFF,0xFC,0x3F,0xFF,0x00,0x0F,0xFF,0xC1,0xFF,
  0xF0,0x00,0xFF,0xF8,0x1F,0xFF,0x00,0x1F,0xFF,0x80,0xFF,0xF8,0x01,0xFF,0xF0,0x0F,0xFF,0x80,0x3F,0xFF,0x00,0x7F,0xFC,0x07,
  0xFF,0xE0,0x03,0xFF,0xF0,0xFF,0xFC,0x00,0x1F,0xFF,0xFF,0xFF,0x80,0x00,0xFF,0xFF,0xFF,0xF0,0x00,0x03,0xFF,0xFF,0xFC,0x00,
  0x00,0x0F,0xFF,0xFF,0x00,0x00,0x00,0x0F,0xFF,0x00,0x00,0xFF,0xFF,0xFF,0xFF,0xFF,0xFF,0xFF,0xFF,0xFF,0xFF,0xFF,0xFF,0xFF,
  0xFF,0xFF,0xFF,0xFF,0xFF,0xFF,0xFF,0xFF,0xFF,0xFF,0xFF,0xFF,0xFF,0xFF,0x0F,0xFF,0xFF,0xFF,0xFF,0xFF,0xC0,0x3F,0xFF,0x80,
  0x00,0xFF,0xFE,0x00,0xFF,0xFE,0x00,0x01,0xFF,0xF8,0x03,0xFF,0xF8,0x00,0x07,0xFF,0xE0,0x0F,0xFF,0xE0,0x00,0x1F,0xFF,0x80,
  0x3F,0xFF,0x80,0x00,0x7F,0xFE,0x00,0xFF,0xFE,0x00,0x01,0xFF,0xF8,0x03,0xFF,0xF8,0x00,0x07,0xFF,0xE0,0x0F,0xFF,0xE0,0x00,
  0x1F,0xFF,0x80,0x3F,0xFF,0x80,0x00,0x7F,0xFE,0x00,0xFF,0xFE,0x00,0x01,0xFF,0xF8,0x03,0xFF,0xF8,0x00,0x07,0xFF,0xE0,0x0F,
  0xFF,0xE0,0x00,0x1F,0xFF,0x80,0x3F,0xFF,0x80,0x00,0x7F,0xFE,0x00,0xFF,0xFE,0x00,0x01,0xFF,0xF8,0x03,0xFF,0xF8,0x00,0x07,
  0xFF,0xE0,0x0F,0xFF,0xE0,0x00,0x1F,0xFF,0x80,0x3F,0xFF,0x80,0x00,0x7F,0xFE,0x00,0xFF,0xFE,0x00,0x01,0xFF,0xF8,0x03,0xFF,
  0xF8,0x00,0x07,0xFF,0xE0,0x0F,0xFF,0xE0,0x00,0x1F,0xFF,0x80,0x3F,0xFF,0x80,0x00,0x7F,0xFE,0x00,0xFF,0xFE,0x00,0x01,0xFF,
  0xF8,0x03,0xFF,0xF8,0x00,0x07,0xFF,0xE0,0x0F,0xFF,0xE0,0x00,0x1F,0xFF,0x80,0x3F,0xFF,0x80,0x00,0x7F,0xFE,0x00,0xFF,0xFE,
  0x00,0x01,0xFF,0xF8,0x03,0xFF,0xF8,0x00,0x07,0xFF,0xE0,0x0F,0xFF,0xE0,0x00,0x1F,0xFF,0x80,0x3F,0xFF,0x80,0x00,0x7F,0xFE,
  0x00,0xFF,0xFE,0x00,0x01,0xFF,0xF8,0x03,0xFF,0xF8,0x00,0x07,0xFF,0xE0,0x0F,0xFF,0xE0,0x00,0x1F,0xFF,0x80,0x3F,0xFF,0x80,
  0x00,0x7F,0xFE,0x00,0xFF,0xFE,0x00,0x01,0xFF,0xF8,0x03,0xFF,0xF8,0x00,0x07,0xFF,0xE0,0x0F,0xFF,0xE0,0x00,0x1F,0xFF,0x80,
  0x3F,0xFF,0x80,0x00,0x7F,0xFE,0x00,0xFF,0xFE,0x00,0x01,0xFF,0xF8,0x03,0xFF,0xFC,0x00,0x0F,0xFF,0xF0,0xFF,0xFF,0xFF,0x03,
  0xFF,0xFF,0xFF,0xFF,0xFF,0xFC,0x0F,0xFF,0xFF,0xFF,0xFF,0xFF,0xF0,0x3F,0xFF,0xFF,0xFF,0xFF,0xFF,0xC0,0xFF,0xFF,0xFF,0x00,
  0x00,0x00,0x0F,0xFE,0x00,0x07,0xFF,0xFF,0x87,0xFF,0xFE,0x00,0x3F,0xFF,0xFC,0xFF,0xFF,0xFC,0x01,0xFF,0xFF,0xFF,0xFF,0xFF,
  0xF0,0x07,0xFF,0xFF,0xFF,0xFF,0xFF,0xE0,0x03,0xFF,0xFF,0xFF,0xFF,0xFF,0x80,0x1F,0xFF,0xF8,0x03,0xFF,0xFC,0x00,0xFF,0xFF,
  0x00,0x0F,0xFF,0xF0,0x07,0xFF,0xF0,0x00,0x3F,0xFF,0xC0,0x3F,0xFF,0x80,0x00,0xFF,0xFE,0x01,0xFF,0xFC,0x00,0x03,0xFF,0xF8,
  0x0F,0xFF,0xE0,0x00,0x1F,0xFF,0xC0,0x7F,0xFF,0x00,0x00,0xFF,0xFE,0x03,0xFF,0xF8,0x00,0x03,0xFF,0xF8,0x1F,0xFF,0xC0,0x00,
  0x1F,0xFF,0xC0,0xFF,0xFE,0x00,0x00,0xFF,0xFE,0x07,0xFF,0xF0,0x00,0x07,0xFF,0xF0,0x3F,0xFF,0x80,0x00,0x3F,0xFF,0x81,0xFF,
  0xFC,0x00,0x01,0xFF,0xFC,0x0F,0xFF,0xE0,0x00,0x0F,0xFF,0xE0,0x7F,0xFF,0x00,0x00,0x3F,0xFF,0x83,0xFF,0xF8,0x00,0x01,0xFF,
  0xFC,0x1F,0xFF,0xC0,0x00,0x0F,0xFF,0xE0,0xFF,0xFE,0x00,0x00,0x7F,0xFF,0x07,0xFF,0xF0,0x00,0x03,0xFF,0xF8,0x3F,0xFF,0x80,
  0x00,0x1F,0xFF,0xC1,0xFF,0xFC,0x00,0x00,0xFF,0xFE,0x0F,0xFF,0xE0,0x00,0x07,0xFF,0xF0,0x7F,0xFF,0x00,0x00,0x3F,0xFF,0x03,
  0xFF,0xF8,0x00,0x01,0xFF,0xF8,0x1F,0xFF,0xC0,0x00,0x1F,0xFF,0xC0,0xFF,0xFE,0x00,0x00,0xFF,0xFE,0x07,0xFF,0xF0,0x00,0x07,
  0xFF,0xF0,0x3F,0xFF,0x80,0x00,0x3F,0xFF,0x81,0xFF,0xFC,0x00,0x01,0xFF,0xF8,0x0F,0xFF,0xE0,0x00,0x0F,0xFF,0xC0,0x7F,0xFF,
  0x00,0x00,0xFF,0xFE,0x03,0xFF,0xF8,0x00,0x07,0xFF,0xF0,0x1F,0xFF,0xC0,0x00,0x3F,0xFF,0x00,0xFF,0xFE,0x00,0x03,0xFF,0xF8,
  0x07,0xFF,0xF0,0x00,0x1F,0xFF,0x80,0x3F,0xFF,0x80,0x01,0xFF,0xF8,0x01,0xFF,0xFC,0x00,0x0F,0xFF,0xC0,0x0F,0xFF,0xF0,0x01,
  0xFF,0xFC,0x00,0x7F,0xFF,0xFE,0x7F,0xFF,0xC0,0x03,0xFF,0xFF,0xFF,0xFF,0xFC,0x00,0x1F,0xFF,0xFF,0xFF,0xFF,0xC0,0x00,0xFF,
  0xFF,0xFF,0xFF,0xF8,0x00,0x07,0xFF,0xFF,0xFF,0xFF,0x00,0x00,0x3F,0xFF,0x87,0xFF,0x80,0x00,0x01,0xFF,0xFC,0x00,0x00,0x00,
  0x00,0x0F,0xFF,0xE0,0x00,0x00,0x00,0x00,0x7F,0xFF,0x00,0x00,0x00,0x00,0x03,0xFF,0xF8,0x00,0x00,0x00,0x00,0x1F,0xFF,0xC0,
  0x00,0x00,0x00,0x00,0xFF,0xFE,0x00,0x00,0x00,0x00,0x07,0xFF,0xF0,0x00,0x00,0x00,0x00,0x3F,0xFF,0x80,0x00,0x00,0x00,0x01,
  0xFF,0xFC,0x00,0x00,0x00,0x00,0x0F,0xFF,0xE0,0x00,0x00,0x00,0x00,0x7F,0xFF,0x00,0x00,0x00,0x00,0x03,0xFF,0xF8,0x00,0x00,
  0x00,0x00,0x1F,0xFF,0xC0,0x00,0x00,0x00,0x00,0xFF,0xFE,0x00,0x00,0x00,0x00,0x07,0xFF,0xF0,0x00,0x00,0x00,0x00,0x3F,0xFF,
  0x80,0x00,0x00,0x00,0x01,0xFF,0xFE,0x00,0x00,0x00,0x00,0xFF,0xFF,0xFF,0xC0,0x00,0x00,0x0F,0xFF,0xFF,0xFE,0x00,0x00,0x00,
  0x7F,0xFF,0xFF,0xF0,0x00,0x00,0x03,0xFF,0xFF,0xFF,0x80,0x00,0x00,0x00,0x00,0x00,0x7F,0xFE,0x00,0x00,0x03,0xFF,0xFF,0xF8,
  0x00,0x1F,0xFF,0xFF,0xFE,0x00,0x3F,0xFF,0xFF,0xFE,0x00,0xFF,0xFF,0xFF,0xFE,0x01,0xFF,0xFE,0x0F,0xFE,0x03,0xFF,0xF8,0x01,
  0xFE,0x07,0xFF,0xF0,0x00,0xFE,0x0F,0xFF,0xE0,0x00,0x7E,0x0F,0xFF,0xC0,0x00,0x7E,0x1F,0xFF,0x80,0x00,0x7E,0x3F,0xFF,0x80,
  0x00,0x3E,0x3F,0xFF,0x00,0x00,0x3E,0x3F,0xFF,0x00,0x00,0x3E,0x7F,0xFF,0x00,0x00,0x3E,0x7F,0xFE,0x00,0x00,0x1E,0x7F,0xFE,
  0x00,0x00,0x00,0xFF,0xFE,0x00,0x00,0x00,0xFF,0xFE,0x00,0x00,0x00,0xFF,0xFE,0x00,0x00,0x00,0xFF,0xFE,0x00,0x00,0x00,0xFF,
  0xFE,0x00,0x00,0x00,0xFF,0xFC,0x00,0x00,0x00,0xFF,0xFC,0x00,0x00,0x00,0xFF,0xFC,0x00,0x00,0x00,0xFF,0xFC,0x00,0x00,0x00,
  0xFF,0xFC,0x00,0x00,0x00,0xFF,0xFC,0x00,0x00,0x00,0xFF,0xFE,0x00,0x00,0x00,0xFF,0xFE,0x00,0x00,0x00,0xFF,0xFE,0x00,0x00,
  0x00,0xFF,0xFE,0x00,0x00,0x00,0xFF,0xFE,0x00,0x00,0x00,0xFF,0xFE,0x00,0x00,0x00,0x7F,0xFE,0x00,0x00,0x00,0x7F,0xFF,0x00,
  0x00,0x00,0x7F,0xFF,0x00,0x00,0x00,0x3F,0xFF,0x80,0x00,0x00,0x3F,0xFF,0x80,0x00,0x00,0x1F,0xFF,0xC0,0x00,0x00,0x1F,0xFF,
  0xE0,0x00,0x00,0x0F,0xFF,0xF0,0x00,0x00,0x07,0xFF,0xFC,0x00,0x02,0x07,0xFF,0xFF,0x81,0xFF,0x01,0xFF,0xFF,0xFF,0xFF,0x00,
  0xFF,0xFF,0xFF,0xFF,0x00,0x7F,0xFF,0xFF,0xFE,0x00,0x1F,0xFF,0xFF,0xFC,0x00,0x03,0xFF,0xFF,0xE0,0x00,0x00,0x3F,0xFE,0x00,
  0xFF,0xFF,0xFF,0xFF,0xFF,0xFF,0xFF,0xFF,0xFF,0xFF,0xFF,0xFF,0xFF,0xFF,0xFF,0xFF,0xFF,0xFF,0xFF,0xFF,0xFF,0xFF,0xFF,0xFF,
  0xFF,0xFF,0xFF,0xFF,0xFF,0xFF,0xFF,0xFF,0x83,0xFF,0xF8,0x3F,0xFF,0xF0,0x01,0xFF,0xFC,0x00,0x7F,0xF8,0x00,0xFF,0xFE,0x00,
  0x3F,0xFC,0x00,0x7F,0xFF,0x00,0x1F,0xFC,0x00,0x3F,0xFF,0x80,0x07,0xFE,0x00,0x1F,0xFF,0xC0,0x03,0xFF,0x00,0x0F,0xFF,0xE0,
  0x01,0xFF,0x80,0x07,0xFF,0xF0,0x00,0xFF,0x80,0x03,0xFF,0xF8,0x00,0x3F,0xC0,0x01,0xFF,0xFC,0x00,0x1E,0x00,0x00,0xFF,0xFE,
  0x00,0x00,0x00,0x00,0x7F,0xFF,0x00,0x00,0x00,0x00,0x3F,0xFF,0x80,0x00,0x00,0x00,0x1F,0xFF,0xC0,0x00,0x00,0x00,0x0F,0xFF,
  0xE0,0x00,0x00,0x00,0x07,0xFF,0xF0,0x00,0x00,0x00,0x03,0xFF,0xF8,0x00,0x00,0x00,0x01,0xFF,0xFC,0x00,0x00,0x00,0x00,0xFF,
  0xFE,0x00,0x00,0x00,0x00,0x7F,0xFF,0x00,0x00,0x00,0x00,0x3F,0xFF,0x80,0x00,0x00,0x00,0x1F,0xFF,0xC0,0x00,0x00,0x00,0x0F,
  0xFF,0xE0,0x00,0x00,0x00,0x07,0xFF,0xF0,0x00,0x00,0x00,0x03,0xFF,0xF8,0x00,0x00,0x00,0x01,0xFF,0xFC,0x00,0x00,0x00,0x00,
  0xFF,0xFE,0x00,0x00,0x00,0x00,0x7F,0xFF,0x00,0x00,0x00,0x00,0x3F,0xFF,0x80,0x00,0x00,0x00,0x1F,0xFF,0xC0,0x00,0x00,0x00,
  0x0F,0xFF,0xE0,0x00,0x00,0x00,0x07,0xFF,0xF0,0x00,0x00,0x00,0x03,0xFF,0xF8,0x00,0x00,0x00,0x01,0xFF,0xFC,0x00,0x00,0x00,
  0x00,0xFF,0xFE,0x00,0x00,0x00,0x00,0x7F,0xFF,0x00,0x00,0x00,0x00,0x3F,0xFF,0x80,0x00,0x00,0x00,0x1F,0xFF,0xC0,0x00,0x00,
  0x00,0x1F,0xFF,0xF0,0x00,0x00,0x03,0xFF,0xFF,0xFF,0xE0,0x00,0x03,0xFF,0xFF,0xFF,0xF8,0x00,0x01,0xFF,0xFF,0xFF,0xFC,0x00,
  0x00,0xFF,0xFF,0xFF,0xFE,0x00,0xFF,0xFF,0xFF,0x80,0x3F,0xFF,0xFF,0xFF,0xFF,0xE0,0x0F,0xFF,0xFF,0xFF,0xFF,0xF8,0x03,0xFF,
  0xFF,0xFF,0xFF,0xFC,0x00,0x7F,0xFF,0x1F,0xFF,0xF0,0x00,0x01,0xFE,0x03,0xFF,0xF8,0x00,0x00,0x3F,0x00,0xFF,0xFF,0x00,0x00,
  0x1F,0xC0,0x1F,0xFF,0xC0,0x00,0x07,0xE0,0x07,0xFF,0xF0,0x00,0x03,0xF8,0x01,0xFF,0xFE,0x00,0x00,0xFE,0x00,0x3F,0xFF,0x80,
  0x00,0x3F,0x00,0x0F,0xFF,0xF0,0x00,0x1F,0xC0,0x01,0xFF,0xFC,0x00,0x07,0xE0,0x00,0x7F,0xFF,0x80,0x01,0xF8,0x00,0x0F,0xFF,
  0xE0,0x00,0xFE,0x00,0x03,0xFF,0xF8,0x00,0x3F,0x00,0x00,0xFF,0xFF,0x00,0x1F,0xC0,0x00,0x1F,0xFF,0xC0,0x07,0xE0,0x00,0x07,
  0xFF,0xF8,0x01,0xF8,0x00,0x00,0xFF,0xFE,0x00,0xFC,0x00,0x00,0x3F,0xFF,0x80,0x3F,0x00,0x00,0x07,0xFF,0xF0,0x0F,0xC0,0x00,
  0x01,0xFF,0xFC,0x07,0xE0,0x00,0x00,0x7F,0xFF,0x81,0xF8,0x00,0x00,0x0F,0xFF,0xE0,0xFC,0x00,0x00,0x03,0xFF,0xFC,0x3F,0x00,
  0x00,0x00,0x7F,0xFF,0x0F,0xC0,0x00,0x00,0x1F,0xFF,0xC7,0xE0,0x00,0x00,0x07,0xFF,0xF9,0xF8,0x00,0x00,0x00,0xFF,0xFE,0x7C,
  0x00,0x00,0x00,0x3F,0xFF,0xFF,0x00,0x00,0x00,0x07,0xFF,0xFF,0xC0,0x00,0x00,0x01,0xFF,0xFF,0xE0,0x00,0x00,0x00,0x3F,0xFF,
  0xF8,0x00,0x00,0x00,0x0F,0xFF,0xFC,0x00,0x00,0x00,0x03,0xFF,0xFF,0x00,0x00,0x00,0x00,0x7F,0xFF,0xC0,0x00,0x00,0x00,0x1F,
  0xFF,0xE0,0x00,0x00,0x00,0x03,0xFF,0xF8,0x00,0x00,0x00,0x00,0xFF,0xFC,0x00,0x00,0x00,0x00,0x1F,0xFF,0x00,0x00,0x00,0x00,
  0x07,0xFF,0xC0,0x00,0x00,0x00,0x01,0xFF,0xE0,0x00,0x00,0x00,0x00,0x3F,0xF8,0x00,0x00,0x00,0x00,0x0F,0xFC,0x00,0x00,0x00,
  0x00,0x01,0xFF,0x00,0x00,0x00,0x00,0x00,0x7F,0xC0,0x00,0x00,0x00,0x00,0x0F,0xE0,0x00,0x00,0x00,0x00,0x03,0xF8,0x00,0x00,
  0x00,0x00,0x00,0xFC,0x00,0x00,0x00,0x00,0x00,0x3F,0x00,0x00,0x00,0x00,0x00,0x0F,0xC0,0x00,0x00,0x00,0x00,0x07,0xE0,0x00,
  0x00,0x00,0x00,0x01,0xF8,0x00,0x00,0x00,0x00,0x00,0xFC,0x00,0x00,0x00,0x00,0x00,0x3F,0x00,0x00,0x00,0x00,0x00,0x1F,0xC0,
  0x00,0x00,0x00,0x00,0x07,0xE0,0x00,0x00,0x07,0x80,0x03,0xF8,0x00,0x00,0x01,0xE0,0x00,0xFC,0x00,0x00,0x00,0x78,0x00,0x7F,
  0x00,0x00,0x00,0x1F,0x00,0x1F,0x80,0x00,0x00,0x07,0xC0,0x0F,0xE0,0x00,0x00,0x01,0xF8,0x07,0xF0,0x00,0x00,0x00,0x7E,0x07,
  0xF8,0x00,0x00,0x00,0x1F,0xFF,0xFE,0x00,0x00,0x00,0x07,0xFF,0xFF,0x00,0x00,0x00,0x01,0xFF,0xFF,0x80,0x00,0x00,0x00,0x7F,
  0xFF,0x80,0x00,0x00,0x00,0x1F,0xFF,0xC0,0x00,0x00,0x00,0x00,0xFF,0xC0,0x00,0x00,0x00,0x00,0x00,0x00,0x0F,0xFF,0xFE,0x00,
  0x00,0x00,0x00,0x00,0x0F,0xFF,0xFE,0x00,0x00,0x00,0x00,0x00,0x0F,0xFF,0xFE,0x00,0x00,0x00,0x00,0x00,0x07,0xFF,0xFE,0x00,
  0x00,0x00,0x00,0x00,0x00,0x7F,0xFE,0x00,0x00,0x00,0x00,0x00,0x00,0x7F,0xFE,0x00,0x00,0x00,0x00,0x00,0x00,0x7F,0xFE,0x00,
  0x00,0x00,0x00,0x00,0x00,0x7F,0xFE,0x00,0x00,0x00,0x00,0x00,0x00,0x7F,0xFE,0x00,0x00,0x00,0x00,0x00,0x00,0x7F,0xFE,0x00,
  0x00,0x00,0x00,0x00,0x00,0x7F,0xFE,0x00,0x00,0x00,0x00,0x00,0x00,0x7F,0xFE,0x00,0x00,0x00,0x00,0x00,0x00,0x7F,0xFE,0x00,
  0x00,0x00,0x00,0x00,0x00,0x7F,0xFE,0x00,0x00,0x00,0x00,0x00,0x00,0x7F,0xFE,0x00,0x00,0x00,0x00,0x00,0x00,0x7F,0xFE,0x00,
  0x00,0x00,0x00,0x00,0x00,0x7F,0xFE,0x00,0x00,0x00,0x00,0x00,0x00,0x7F,0xFE,0x00,0x00,0x00,0x00,0x00,0x00,0x7F,0xFE,0x00,
  0x00,0x00,0x00,0x00,0x00,0x7F,0xFE,0x00,0x00,0x00,0x00,0x00,0x00,0x7F,0xFE,0x00,0x00,0x00,0x00,0x00,0x00,0x7F,0xFE,0x00,
  0x00,0x00,0x00,0x00,0x00,0x7F,0xFE,0x00,0x00,0x00,0x00,0x0F,0xF8,0x7F,0xFE,0x07,0xF8,0x00,0x00,0x3F,0xFF,0x7F,0xFE,0x3F,
  0xFF,0x00,0x00,0xFF,0xFF,0xFF,0xFE,0xFF,0xFF,0x80,0x01,0xFF,0xFF,0xFF,0xFF,0xFF,0xFF,0xC0,0x03,0xFF,0xFF,0xFF,0xFF,0xFF,
  0xFF,0xE0,0x07,0xFF,0xFF,0xFF,0xFF,0xFF,0xFF,0xF0,0x0F,0xFF,0xC0,0x7F,0xFF,0x83,0xFF,0xF8,0x1F,0xFF,0x80,0x7F,0xFE,0x01,
  0xFF,0xF8,0x1F,0xFF,0x00,0x7F,0xFE,0x00,0xFF,0xFC,0x3F,0xFF,0x00,0x7F,0xFE,0x00,0x7F,0xFC,0x3F,0xFE,0x00,0x7F,0xFE,0x00,
  0x7F,0xFE,0x3F,0xFE,0x00,0x7F,0xFE,0x00,0x7F,0xFE,0x7F,0xFE,0x00,0x7F,0xFE,0x00,0x3F,0xFE,0x7F,0xFC,0x00,0x7F,0xFE,0x00,
  0x3F,0xFE,0x7F,0xFC,0x00,0x7F,0xFE,0x00,0x3F,0xFF,0xFF,0xFC,0x00,0x7F,0xFE,0x00,0x3F,0xFF,0xFF,0xFC,0x00,0x7F,0xFE,0x00,
  0x3F,0xFF,0xFF,0xFC,0x00,0x7F,0xFE,0x00,0x3F,0xFF,0xFF,0xFC,0x00,0x7F,0xFE,0x00,0x3F,0xFF,0xFF,0xFC,0x00,0x7F,0xFE,0x00,
  0x1F,0xFF,0xFF,0xF8,0x00,0x7F,0xFE,0x00,0x1F,0xFF,0xFF,0xF8,0x00,0x7F,0xFE,0x00,0x1F,0xFF,0xFF,0xF8,0x00,0x7F,0xFE,0x00,
  0x1F,0xFF,0xFF,0xF8,0x00,0x7F,0xFE,0x00,0x1F,0xFF,0xFF,0xF8,0x00,0x7F,0xFE,0x00,0x1F,0xFF,0xFF,0xF8,0x00,0x7F,0xFE,0x00,
  0x1F,0xFF,0xFF,0xF8,0x00,0x7F,0xFE,0x00,0x1F,0xFF,0xFF,0xF8,0x00,0x7F,0xFE,0x00,0x1F,0xFF,0xFF,0xF8,0x00,0x7F,0xFE,0x00,
  0x1F,0xFF,0xFF,0xF8,0x00,0x7F,0xFE,0x00,0x1F,0xFF,0xFF,0xF8,0x00,0x7F,0xFE,0x00,0x1F,0xFF,0xFF,0xF8,0x00,0x7F,0xFE,0x00,
  0x3F,0xFF,0xFF,0xFC,0x00,0x7F,0xFE,0x00,0x3F,0xFF,0xFF,0xFC,0x00,0x7F,0xFE,0x00,0x3F,0xFF,0xFF,0xFC,0x00,0x7F,0xFE,0x00,
  0x3F,0xFE,0xFF,0xFC,0x00,0x7F,0xFE,0x00,0x3F,0xFE,0x7F,0xFC,0x00,0x7F,0xFE,0x00,0x3F,0xFE,0x7F,0xFC,0x00,0x7F,0xFE,0x00,
  0x3F,0xFE,0x7F,0xFE,0x00,0x7F,0xFE,0x00,0x7F,0xFC,0x7F,0xFE,0x00,0x7F,0xFE,0x00,0x7F,0xFC,0x3F,0xFE,0x00,0x7F,0xFE,0x00,
  0x7F,0xFC,0x3F,0xFF,0x00,0x7F,0xFE,0x00,0xFF,0xF8,0x1F,0xFF,0x80,0x7F,0xFE,0x00,0xFF,0xF0,0x1F,0xFF,0xC1,0xFF,0xFF,0x01,
  0xFF,0xF0,0x0F,0xFF,0xFF,0xFF,0xFF,0xE7,0xFF,0xE0,0x0F,0xFF,0xFF,0xFF,0xFF,0xFF,0xFF,0xC0,0x07,0xFF,0xFF,0xFF,0xFF,0xFF,
  0xFF,0x80,0x01,0xFF,0xFF,0x7F,0xFF,0xFF,0xFF,0x00,0x00,0xFF,0xFC,0x7F,0xFE,0xFF,0xFC,0x00,0x00,0x1F,0xE0,0x7F,0xFE,0x1F,
  0xE0,0x00,0x00,0x00,0x00,0x7F,0xFE,0x00,0x00,0x00,0x00,0x00,0x00,0x7F,0xFE,0x00,0x00,0x00,0x00,0x00,0x00,0x7F,0xFE,0x00,
  0x00,0x00,0x00,0x00,0x00,0x7F,0xFE,0x00,0x00,0x00,0x00,0x00,0x00,0x7F,0xFE,0x00,0x00,0x00,0x00,0x00,0x00,0x7F,0xFE,0x00,
  0x00,0x00,0x00,0x00,0x00,0x7F,0xFE,0x00,0x00,0x00,0x00,0x00,0x00,0x7F,0xFE,0x00,0x00,0x00,0x00,0x00,0x00,0x7F,0xFE,0x00,
  0x00,0x00,0x00,0x00,0x00,0x7F,0xFE,0x00,0x00,0x00,0x00,0x00,0x00,0x7F,0xFE,0x00,0x00,0x00,0x00,0x00,0x00,0x7F,0xFE,0x00,
  0x00,0x00,0x00,0x00,0x00,0x7F,0xFE,0x00,0x00,0x00,0x00,0x00,0x00,0x7F,0xFE,0x00,0x00,0x00,0x00,0x00,0x00,0x7F,0xFE,0x00,
  0x00,0x00,0x00,0x00,0x00,0x7F,0xFE,0x00,0x00,0x00,0x00,0x00,0x00,0x7F,0xFF,0x00,0x00,0x00,0x00,0x00,0x0F,0xFF,0xFF,0xF0,
  0x00,0x00,0x00,0x00,0x0F,0xFF,0xFF,0xF0,0x00,0x00,0x00,0x00,0x0F,0xFF,0xFF,0xF0,0x00,0x00,0x00,0x00,0x0F,0xFF,0xFF,0xF0,
  0x00,0x00,0x3F,0xFF,0xFF,0xE0,0x7F,0xFF,0x83,0xFF,0xFF,0xFE,0x07,0xFF,0xF8,0x3F,0xFF,0xFF,0xE0,0x7F,0xFF,0x83,0xFF,0xFF,
  0xFE,0x03,0xFF,0xF8,0x03,0xFF,0xFE,0x00,0x07,0xF8,0x00,0x1F,0xFF,0xC0,0x00,0x7F,0x00,0x01,0xFF,0xFE,0x00,0x0F,0xE0,0x00,
  0x0F,0xFF,0xF0,0x01,0xFE,0x00,0x00,0x7F,0xFF,0x00,0x1F,0xC0,0x00,0x07,0xFF,0xF8,0x03,0xF8,0x00,0x00,0x3F,0xFF,0xC0,0x7F,
  0x00,0x00,0x01,0xFF,0xFC,0x0F,0xE0,0x00,0x00,0x1F,0xFF,0xE1,0xFC,0x00,0x00,0x00,0xFF,0xFE,0x3F,0x80,0x00,0x00,0x07,0xFF,
  0xF7,0xF8,0x00,0x00,0x00,0x7F,0xFF,0xFF,0x00,0x00,0x00,0x03,0xFF,0xFF,0xE0,0x00,0x00,0x00,0x3F,0xFF,0xFC,0x00,0x00,0x00,
  0x01,0xFF,0xFF,0x80,0x00,0x00,0x00,0x0F,0xFF,0xF0,0x00,0x00,0x00,0x00,0xFF,0xFF,0x00,0x00,0x00,0x00,0x07,0xFF,0xF8,0x00,
  0x00,0x00,0x00,0x3F,0xFF,0x80,0x00,0x00,0x00,0x03,0xFF,0xFC,0x00,0x00,0x00,0x00,0x1F,0xFF,0xE0,0x00,0x00,0x00,0x00,0xFF,
  0xFE,0x00,0x00,0x00,0x00,0x1F,0xFF,0xF0,0x00,0x00,0x00,0x03,0xFF,0xFF,0x80,0x00,0x00,0x00,0x3F,0xFF,0xF8,0x00,0x00,0x00,
  0x07,0xFF,0xFF,0xC0,0x00,0x00,0x00,0xFF,0xFF,0xFC,0x00,0x00,0x00,0x1F,0xDF,0xFF,0xE0,0x00,0x00,0x03,0xF8,0xFF,0xFF,0x00,
  0x00,0x00,0x7F,0x87,0xFF,0xF0,0x00,0x00,0x07,0xF0,0x7F,0xFF,0x80,0x00,0x00,0xFE,0x03,0xFF,0xFC,0x00,0x00,0x1F,0xC0,0x1F,
  0xFF,0xC0,0x00,0x03,0xF8,0x01,0xFF,0xFE,0x00,0x00,0x7F,0x00,0x0F,0xFF,0xF0,0x00,0x0F,0xE0,0x00,0x7F,0xFF,0x00,0x01,0xFE,
  0x00,0x07,0xFF,0xF8,0x00,0x1F,0xC0,0x00,0x3F,0xFF,0xC0,0x03,0xF8,0x00,0x01,0xFF,0xFC,0x00,0x7F,0x00,0x00,0x1F,0xFF,0xE0,
  0x7F,0xFF,0x00,0x1F,0xFF,0xFF,0xEF,0xFF,0xF8,0x03,0xFF,0xFF,0xFF,0xFF,0xFF,0x80,0x3F,0xFF,0xFF,0xFF,0xFF,0xF8,0x03,0xFF,
  0xFF,0xFF,0xFF,0xFF,0xFF,0x03,0xFF,0xFF,0xFD,0xFF,0xFF,0xFE,0x07,0xFF,0xFF,0xFB,0xFF,0xFF,0xFC,0x0F,0xFF,0xFF,0xF7,0xFF,
  0xFF,0xF8,0x1F,0xFF,0xFF,0xE0,0xFF,0xFF,0x00,0x03,0xFF,0xFC,0x01,0xFF,0xFC,0x00,0x03,0xFF,0xF0,0x03,0xFF,0xF8,0x00,0x07,
  0xFF,0xE0,0x07,0xFF,0xF0,0x00,0x0F,0xFF,0xC0,0x0F,0xFF,0xE0,0x00,0x1F,0xFF,0x80,0x1F,0xFF,0xC0,0x00,0x3F,0xFF,0x00,0x3F,
  0xFF,0x80,0x00,0x7F,0xFE,0x00,0x7F,0xFF,0x00,0x00,0xFF,0xFC,0x00,0xFF,0xFE,0x00,0x01,0xFF,0xF8,0x01,0xFF,0xFC,0x00,0x03,
  0xFF,0xF0,0x03,0xFF,0xF8,0x00,0x07,0xFF,0xE0,0x07,0xFF,0xF0,0x00,0x0F,0xFF,0xC0,0x0F,0xFF,0xE0,0x00,0x1F,0xFF,0x80,0x1F,
  0xFF,0xC0,0x00,0x3F,0xFF,0x00,0x3F,0xFF,0x80,0x00,0x7F,0xFE,0x00,0x7F,0xFF,0x00,0x00,0xFF,0xFC,0x00,0xFF,0xFE,0x00,0x01,
  0xFF,0xF8,0x01,0xFF,0xFC,0x00,0x03,0xFF,0xF0,0x03,0xFF,0xF8,0x00,0x07,0xFF,0xE0,0x07,0xFF,0xF0,0x00,0x0F,0xFF,0xC0,0x0F,
  0xFF,0xE0,0x00,0x1F,0xFF,0x80,0x1F,0xFF,0xC0,0x00,0x3F,0xFF,0x00,0x3F,0xFF,0x80,0x00,0x7F,0xFE,0x00,0x7F,0xFF,0x00,0x00,
  0xFF,0xFC,0x00,0xFF,0xFE,0x00,0x01,0xFF,0xF8,0x01,0xFF,0xFC,0x00,0x03,0xFF,0xF0,0x03,0xFF,0xF8,0x00,0x07,0xFF,0xE0,0x07,
  0xFF,0xF0,0x00,0x0F,0xFF,0xC0,0x0F,0xFF,0xE0,0x00,0x1F,0xFF,0x80,0x1F,0xFF,0xC0,0x00,0x3F,0xFF,0x00,0x3F,0xFF,0x80,0x00,
  0x7F,0xFE,0x00,0x7F,0xFF,0x00,0x00,0xFF,0xFC,0x00,0xFF,0xFE,0x00,0x01,0xFF,0xF8,0x01,0xFF,0xFC,0x00,0x03,0xFF,0xF0,0x03,
  0xFF,0xF8,0x00,0x07,0xFF,0xE0,0x07,0xFF,0xF0,0x00,0x0F,0xFF,0xC0,0x0F,0xFF,0xE0,0x00,0x1F,0xFF,0x80,0x1F,0xFF,0xC0,0x00,
  0x3F,0xFF,0x00,0x3F,0xFF,0x80,0x00,0xFF,0xFE,0x00,0x7F,0xFF,0xFF,0xFF,0xFF,0xFE,0x0F,0xFF,0xFF,0xFF,0xFF,0xFF,0xFF,0xFF,
  0xFF,0xFF,0xFF,0xFF,0xFF,0xFF,0xFF,0xFF,0xFF,0xFF,0xFF,0xFF,0xFF,0xFF,0xFF,0xFF,0xFF,0xFF,0xFF,0xFF,0x00,0x00,0x00,0x00,
  0x00,0x3F,0xFE,0x00,0x00,0x00,0x00,0x00,0x3F,0xFC,0x00,0x00,0x00,0x00,0x00,0x7F,0xF8,0x00,0x00,0x00,0x00,0x00,0xFF,0xF0,
  0x00,0x00,0x00,0x00,0x00,0xFF,0xE0,0x00,0x00,0x00,0x00,0x01,0xFF,0xC0,0x00,0x00,0x00,0x00,0x03,0xFF,0x80,0x00,0x00,0x00,
  0x00,0x03,0xFF,0x00,0x00,0x00,0x00,0x00,0x07,0xFE,0x00,0x00,0x00,0x00,0x00,0x0F,0xFC,0x00,0x00,0x00,0x00,0x00,0x0F,0xF8,
  0x00,0x00,0x00,0x00,0x00,0x1F,0xF0,0x00,0x00,0x00,0x00,0x00,0x1F,0xE0,0x00,0x00,0x00,0x00,0x00,0x3F,0xC0,0x00,0x00,0x00,
  0x00,0x00,0x7F,0x80,0x00,0x00,0x00,0x00,0x00,0x7F,0x00,0x00,0x00,0x00,0x00,0x00,0xFE,0x00,0x00,0x00,0x00,0x00,0x01,0xF8,
  0xFF,0xFF,0xFF,0x81,0xFF,0xFF,0xFF,0xFF,0xFF,0xFF,0x03,0xFF,0xFF,0xFF,0xFF,0xFF,0xFE,0x07,0xFF,0xFF,0xFB,0xFF,0xFF,0xF8,
  0x0F,0xFF,0xFF,0xF0,0x7F,0xFF,0x80,0x01,0xFF,0xFE,0x00,0xFF,0xFE,0x00,0x03,0xFF,0xF8,0x01,0xFF,0xFC,0x00,0x07,0xFF,0xF0,
  0x03,0xFF,0xF8,0x00,0x0F,0xFF,0xE0,0x07,0xFF,0xF0,0x00,0x1F,0xFF,0xC0,0x0F,0xFF,0xE0,0x00,0x3F,0xFF,0x80,0x1F,0xFF,0xC0,
  0x00,0x7F,0xFF,0x00,0x3F,0xFF,0x80,0x00,0xFF,0xFE,0x00,0x7F,0xFF,0x00,0x01,0xFF,0xFC,0x00,0xFF,0xFE,0x00,0x03,0xFF,0xF8,
  0x01,0xFF,0xFC,0x00,0x07,0xFF,0xF0,0x03,0xFF,0xF8,0x00,0x0F,0xFF,0xE0,0x07,0xFF,0xF0,0x00,0x1F,0xFF,0xC0,0x0F,0xFF,0xE0,
  0x00,0x3F,0xFF,0x80,0x1F,0xFF,0xC0,0x00,0x7F,0xFF,0x00,0x3F,0xFF,0x80,0x00,0xFF,0xFE,0x00,0x7F,0xFF,0x00,0x01,0xFF,0xFC,
  0x00,0xFF,0xFE,0x00,0x03,0xFF,0xF8,0x01,0xFF,0xFE,0x00,0x07,0xFF,0xF0,0x01,0xFF,0xFC,0x00,0x0F,0xFF,0xE0,0x03,0xFF,0xFC,
  0x00,0x3F,0xFF,0xC0,0x07,0xFF,0xFC,0x03,0xFF,0xFF,0x80,0x07,0xFF,0xFF,0xFF,0xFF,0xFF,0x00,0x0F,0xFF,0xFF,0xFF,0xFF,0xFE,
  0x00,0x0F,0xFF,0xFF,0xFF,0xFF,0xFC,0x00,0x0F,0xFF,0xFF,0xF3,0xFF,0xF8,0x00,0x0F,0xFF,0xFF,0x87,0xFF,0xF0,0x00,0x07,0xFF,
  0xF8,0x0F,0xFF,0xE0,0x00,0x03,0xFF,0x00,0x1F,0xFF,0xC0,0x00,0x00,0x00,0x00,0x3F,0xFF,0x80,0x00,0x00,0x00,0x00,0x7F,0xFF,
  0x00,0x00,0x00,0x00,0x00,0xFF,0xFE,0x00,0x00,0x00,0x00,0x01,0xFF,0xFC,0x00,0x00,0x00,0x00,0x03,0xFF,0xF8,0x00,0x00,0x00,
  0x00,0x07,0xFF,0xF0,0x00,0x00,0x00,0x00,0x0F,0xFF,0xE0,0x00,0x00,0x00,0x00,0x1F,0xFF,0xC0,0x00,0x00,0x00,0x00,0x3F,0xFF,
  0x80,0x00,0x00,0x00,0x00,0x7F,0xFF,0x00,0x00,0x00,0x00,0x00,0xFF,0xFF,0x00,0x00,0x00,0x00,0x1F,0xFF,0xFF,0xC0,0x00,0x00,
  0x00,0x3F,0xFF,0xFF,0xC0,0x00,0x00,0x00,0x7F,0xFF,0xFF,0x80,0x00,0x00,0x00,0xFF,0xFF,0xFF,0xFF,0xFF,0xFF,0x07,0xFF,0xFF,
  0xF8,0x3F,0xFF,0xFF,0xFF,0xFF,0xFF,0xC1,0xFF,0xFF,0xFE,0x0F,0xFF,0xFF,0xFF,0xFF,0xFF,0xF0,0x7F,0xFF,0xFF,0x83,0xFF,0xFF,
  0xFF,0xFF,0xFF,0xFC,0x1F,0xFF,0xFF,0xE0,0xFF,0xFF,0xFF,0x0F,0xFF,0xF0,0x00,0x7F,0xFF,0x80,0x03,0xFF,0xFC,0x03,0xFF,0xF8,
  0x00,0x1F,0xFF,0xC0,0x00,0xFF,0xFE,0x00,0xFF,0xFE,0x00,0x07,0xFF,0xF0,0x00,0x3F,0xFF,0x80,0x3F,0xFF,0x80,0x01,0xFF,0xFC,
  0x00,0x0F,0xFF,0xE0,0x0F,0xFF,0xE0,0x00,0x7F,0xFF,0x00,0x03,0xFF,0xF8,0x03,0xFF,0xF8,0x00,0x1F,0xFF,0xC0,0x00,0xFF,0xFE,
  0x00,0xFF,0xFE,0x00,0x07,0xFF,0xF0,0x00,0x3F,0xFF,0x80,0x3F,0xFF,0x80,0x01,0xFF,0xFC,0x00,0x0F,0xFF,0xE0,0x0F,0xFF,0xE0,
  0x00,0x7F,0xFF,0x00,0x03,0xFF,0xF8,0x03,0xFF,0xF8,0x00,0x1F,0xFF,0xC0,0x00,0xFF,0xFE,0x00,0xFF,0xFE,0x00,0x07,0xFF,0xF0,
  0x00,0x3F,0xFF,0x80,0x3F,0xFF,0x80,0x01,0xFF,0xFC,0x00,0x0F,0xFF,0xE0,0x0F,0xFF,0xE0,0x00,0x7F,0xFF,0x00,0x03,0xFF,0xF8,
  0x03,0xFF,0xF8,0x00,0x1F,0xFF,0xC0,0x00,0xFF,0xFE,0x00,0xFF,0xFE,0x00,0x07,0xFF,0xF0,0x00,0x3F,0xFF,0x80,0x3F,0xFF,0x80,
  0x01,0xFF,0xFC,0x00,0x0F,0xFF,0xE0,0x0F,0xFF,0xE0,0x00,0x7F,0xFF,0x00,0x03,0xFF,0xF8,0x03,0xFF,0xF8,0x00,0x1F,0xFF,0xC0,
  0x00,0xFF,0xFE,0x00,0xFF,0xFE,0x00,0x07,0xFF,0xF0,0x00,0x3F,0xFF,0x80,0x3F,0xFF,0x80,0x01,0xFF,0xFC,0x00,0x0F,0xFF,0xE0,
  0x0F,0xFF,0xE0,0x00,0x7F,0xFF,0x00,0x03,0xFF,0xF8,0x03,0xFF,0xF8,0x00,0x1F,0xFF,0xC0,0x00,0xFF,0xFE,0x00,0xFF,0xFE,0x00,
  0x07,0xFF,0xF0,0x00,0x3F,0xFF,0x80,0x3F,0xFF,0x80,0x01,0xFF,0xFC,0x00,0x0F,0xFF,0xE0,0x0F,0xFF,0xE0,0x00,0x7F,0xFF,0x00,
  0x03,0xFF,0xF8,0x03,0xFF,0xF8,0x00,0x1F,0xFF,0xC0,0x00,0xFF,0xFE,0x00,0xFF,0xFE,0x00,0x07,0xFF,0xF0,0x00,0x3F,0xFF,0x80,
  0x3F,0xFF,0x80,0x01,0xFF,0xFC,0x00,0x0F,0xFF,0xE0,0x0F,0xFF,0xE0,0x00,0x7F,0xFF,0x00,0x03,0xFF,0xF8,0x03,0xFF,0xF8,0x00,
  0x1F,0xFF,0xC0,0x00,0xFF,0xFE,0x00,0xFF,0xFE,0x00,0x07,0xFF,0xF0,0x00,0x3F,0xFF,0x80,0x3F,0xFF,0x80,0x01,0xFF,0xFC,0x00,
  0x0F,0xFF,0xE0,0x0F,0xFF,0xE0,0x00,0x7F,0xFF,0x00,0x03,0xFF,0xF8,0x03,0xFF,0xF8,0x00,0x1F,0xFF,0xC0,0x00,0xFF,0xFE,0x00,
  0xFF,0xFE,0x00,0x07,0xFF,0xF0,0x00,0x3F,0xFF,0x80,0x3F,0xFF,0x80,0x01,0xFF,0xFC,0x00,0x0F,0xFF,0xE0,0x0F,0xFF,0xE0,0x00,
  0x7F,0xFF,0x00,0x03,0xFF,0xF8,0x03,0xFF,0xF8,0x00,0x1F,0xFF,0xC0,0x00,0xFF,0xFE,0x00,0xFF,0xFE,0x00,0x07,0xFF,0xF0,0x00,
  0x3F,0xFF,0x80,0x3F,0xFF,0xFF,0xFF,0xFF,0xFF,0xFF,0xFF,0xFF,0xF0,0xFF,0xFF,0xFF,0xFF,0xFF,0xFF,0xFF,0xFF,0xFF,0xFF,0xFF,
  0xFF,0xFF,0xFF,0xFF,0xFF,0xFF,0xFF,0xFF,0xFF,0xFF,0xFF,0xFF,0xFF,0xFF,0xFF,0xFF,0xFF,0xFF,0xFF,0xFF,0xFF,0xFF,0xFF,0xFF,
  0xFF,0xFF,0xFF,0xFF,0xFF,0xFF,0xFF,0xFF,0xFF,0x07,0xFF,0xFF,0xF8,0x3F,0xFF,0xFF,0xCF,0xFF,0xFF,0xF0,0x7F,0xFF,0xFF,0x83,
  0xFF,0xFF,0xFC,0xFF,0xFF,0xFF,0x07,0xFF,0xFF,0xF8,0x3F,0xFF,0xFF,0xCF,0xFF,0xFF,0xF0,0x7F,0xFF,0xFF,0x83,0xFF,0xFF,0xFC,
  0x0F,0xFF,0xF0,0x00,0x7F,0xFF,0x80,0x03,0xFF,0xFC,0x00,0xFF,0xFE,0x00,0x07,0xFF,0xF0,0x00,0x3F,0xFF,0x80,0x0F,0xFF,0xE0,
  0x00,0x7F,0xFF,0x00,0x03,0xFF,0xF8,0x00,0xFF,0xFE,0x00,0x07,0xFF,0xF0,0x00,0x3F,0xFF,0x80,0x0F,0xFF,0xE0,0x00,0x7F,0xFF,
  0x00,0x03,0xFF,0xF8,0x00,0xFF,0xFE,0x00,0x07,0xFF,0xF0,0x00,0x3F,0xFF,0x80,0x0F,0xFF,0xE0,0x00,0x7F,0xFF,0x00,0x03,0xFF,
  0xF8,0x00,0xFF,0xFE,0x00,0x07,0xFF,0xF0,0x00,0x3F,0xFF,0x80,0x0F,0xFF,0xE0,0x00,0x7F,0xFF,0x00,0x03,0xFF,0xF8,0x00,0xFF,
  0xFE,0x00,0x07,0xFF,0xF0,0x00,0x3F,0xFF,0x80,0x0F,0xFF,0xE0,0x00,0x7F,0xFF,0x00,0x03,0xFF,0xF8,0x00,0xFF,0xFE,0x00,0x07,
  0xFF,0xF0,0x00,0x3F,0xFF,0x80,0x0F,0xFF,0xE0,0x00,0x7F,0xFF,0x00,0x03,0xFF,0xF8,0x00,0xFF,0xFE,0x00,0x07,0xFF,0xF0,0x00,
  0x3F,0xFF,0x80,0x0F,0xFF,0xE0,0x00,0x7F,0xFF,0x00,0x03,0xFF,0xF8,0x00,0xFF,0xFE,0x00,0x07,0xFF,0xF0,0x00,0x3F,0xFF,0x80,
  0x0F,0xFF,0xE0,0x00,0x7F,0xFF,0x00,0x03,0xFF,0xF8,0x00,0xFF,0xFE,0x00,0x07,0xFF,0xF0,0x00,0x3F,0xFF,0x80,0x0F,0xFF,0xE0,
  0x00,0x7F,0xFF,0x00,0x03,0xFF,0xF8,0x00,0xFF,0xFE,0x00,0x07,0xFF,0xF0,0x00,0x3F,0xFF,0x80,0x0F,0xFF,0xE0,0x00,0x7F,0xFF,
  0x00,0x03,0xFF,0xF8,0x00,0xFF,0xFE,0x00,0x07,0xFF,0xF0,0x00,0x3F,0xFF,0x80,0x0F,0xFF,0xE0,0x00,0x7F,0xFF,0x00,0x03,0xFF,
  0xF8,0x00,0xFF,0xFE,0x00,0x07,0xFF,0xF0,0x00,0x3F,0xFF,0x80,0x0F,0xFF,0xE0,0x00,0x7F,0xFF,0x00,0x03,0xFF,0xF8,0x00,0xFF,
  0xFE,0x00,0x07,0xFF,0xF0,0x00,0x3F,0xFF,0x80,0x0F,0xFF,0xE0,0x00,0x7F,0xFF,0x00,0x03,0xFF,0xF8,0x00,0xFF,0xFE,0x00,0x07,
  0xFF,0xF0,0x00,0x3F,0xFF,0x80,0x0F,0xFF,0xE0,0x00,0x7F,0xFF,0x00,0x03,0xFF,0xF8,0x00,0xFF,0xFE,0x00,0x07,0xFF,0xF0,0x00,
  0x3F,0xFF,0x80,0x0F,0xFF,0xE0,0x00,0x7F,0xFF,0x00,0x03,0xFF,0xF8,0x00,0xFF,0xFE,0x00,0x07,0xFF,0xF0,0x00,0x3F,0xFF,0x80,
  0x0F,0xFF,0xE0,0x00,0x7F,0xFF,0x00,0x03,0xFF,0xF8,0x00,0xFF,0xFE,0x00,0x07,0xFF,0xF0,0x00,0x3F,0xFF,0x80,0x0F,0xFF,0xE0,
  0x00,0x7F,0xFF,0x00,0x03,0xFF,0xF8,0x00,0xFF,0xFE,0x00,0x07,0xFF,0xF0,0x00,0x3F,0xFF,0x80,0x0F,0xFF,0xE0,0x00,0x7F,0xFF,
  0x00,0x03,0xFF,0xF8,0x00,0xFF,0xFE,0x00,0x07,0xFF,0xF0,0x00,0x3F,0xFF,0x80,0x0F,0xFF,0xE0,0x00,0x7F,0xFF,0x00,0x03,0xFF,
  0xF8,0x00,0xFF,0xFF,0xFF,0xFF,0xFF,0xFF,0xFF,0xFF,0xFF,0xC0,0xFF,0xFF,0xFF,0xFF,0xFF,0xFF,0xFF,0xFF,0xFF,0xFF,0xFF,0xFF,
  0xFF,0xFF,0xFF,0xFF,0xFF,0xFF,0xFF,0xFF,0xFF,0xFF,0xFF,0xFF,0xFF,0xFF,0xFF,0xFF,0xFF,0xFF,0xFF,0xFF,0xFF,0xFF,0xFF,0xFF,
  0xFF,0xFF,0xFF,0xFF,0xFF,0xFF,0x00,0x00,0x00,0x00,0x00,0x00,0x00,0x00,0x01,0xFF,0xF0,0x00,0x00,0x00,0x00,0x00,0x00,0x00,
  0x00,0x0F,0xFF,0x00,0x00,0x00,0x00,0x00,0x00,0x00,0x00,0x00,0xFF,0xF0,0x00,0x00,0x00,0x00,0x00,0x00,0x00,0x00,0x0F,0xFF,
  0x00,0x00,0x00,0x00,0x00,0x00,0x00,0x00,0x00,0x7F,0xF0,0x00,0x00,0x00,0x00,0x00,0x00,0x00,0x00,0x07,0xFF,0x00,0x00,0x00,
  0x00,0x00,0x00,0x00,0x00,0x00,0x7F,0xF0,0x00,0x00,0x00,0x00,0x00,0x00,0x00,0x00,0x03,0xFF,0x00,0x00,0x00,0x00,0x00,0x00,
  0x00,0x00,0x00,0x3F,0xF0,0x00,0x00,0x00,0x00,0x00,0x00,0x00,0x00,0x03,0xFF,0x00,0x00,0x00,0x00,0x00,0x00,0x00,0x00,0x00,
  0x1F,0xF0,0x00,0x00,0x00,0x00,0x00,0x00,0x00,0x00,0x01,0xFF,0x00,0x00,0x00,0x00,0x00,0x00,0x00,0x00,0x00,0x1F,0xF0,0x00,
  0x00,0x00,0x00,0x00,0x00,0x00,0x00,0x00,0xFF,0x00,0x00,0x00,0x00,0x00,0x00,0x00,0x00,0x00,0x0F,0xF0,0x00,0x00,0x00,0x00,
  0x00,0x00,0x00,0x00,0x00,0x7E,0x00,0x00,0x00,0x00,0x00,0x00,0x00,0x00,0x00,0x07,0xE0,0x00,0x00,0x00,0x00,0x00,0x00,0x00,
  0x00,0x00,0x7E,0xFF,0xFF,0xFF,0xFF,0xF8,0x00,0x00,0x7F,0xFF,0xFF,0xFF,0xFC,0x00,0x00,0x3F,0xFF,0xFF,0xFF,0xFE,0x00,0x00,
  0x1F,0xFF,0xFF,0xFF,0xFE,0x00,0x00,0x0F,0xFF,0xFF,0xFF,0xF0,0x00,0x00,0x07,0xFF,0x87,0xFF,0xF0,0x00,0x00,0x03,0xF0,0x03,
  0xFF,0xF8,0x00,0x00,0x01,0xF0,0x01,0xFF,0xFC,0x00,0x00,0x00,0xF8,0x00,0xFF,0xFE,0x00,0x00,0x00,0x7C,0x00,0x7F,0xFF,0x00,
  0x00,0x00,0x3E,0x00,0x3F,0xFF,0x80,0x00,0x00,0x1E,0x00,0x1F,0xFF,0xC0,0x00,0x00,0x0F,0x00,0x0F,0xFF,0xE0,0x00,0x00,0x07,
  0x80,0x07,0xFF,0xF0,0x00,0x00,0x03,0x80,0x03,0xFF,0xF8,0x00,0x00,0x00,0x00,0x01,0xFF,0xFC,0x00,0x00,0x00,0x00,0x00,0xFF,
  0xFE,0x00,0x00,0x00,0x00,0x00,0x7F,0xFF,0x00,0x00,0x00,0x00,0x00,0x3F,0xFF,0x80,0x00,0x00,0x00,0x00,0x1F,0xFF,0xC0,0x00,
  0x00,0x00,0x00,0x0F,0xFF,0xFF,0xFE,0x00,0x00,0x00,0x07,0xFF,0xFF,0xFF,0xF8,0x00,0x00,0x03,0xFF,0xFF,0xFF,0xFF,0x80,0x00,
  0x01,0xFF,0xFF,0xFF,0xFF,0xE0,0x00,0x00,0xFF,0xFF,0xFF,0xFF,0xFC,0x00,0x00,0x7F,0xFF,0x01,0xFF,0xFF,0x00,0x00,0x3F,0xFF,
  0x80,0x7F,0xFF,0x80,0x00,0x1F,0xFF,0xC0,0x1F,0xFF,0xE0,0x00,0x0F,0xFF,0xE0,0x07,0xFF,0xF0,0x00,0x07,0xFF,0xF0,0x01,0xFF,
  0xFC,0x00,0x03,0xFF,0xF8,0x00,0xFF,0xFE,0x00,0x01,0xFF,0xFC,0x00,0x7F,0xFF,0x00,0x00,0xFF,0xFE,0x00,0x3F,0xFF,0x80,0x00,
  0x7F,0xFF,0x00,0x1F,0xFF,0xC0,0x00,0x3F,0xFF,0x80,0x0F,0xFF,0xE0,0x00,0x1F,0xFF,0xC0,0x07,0xFF,0xF0,0x00,0x0F,0xFF,0xE0,
  0x03,0xFF,0xF8,0x00,0x07,0xFF,0xF0,0x01,0xFF,0xFC,0x00,0x03,0xFF,0xF8,0x00,0xFF,0xFE,0x00,0x01,0xFF,0xFC,0x00,0xFF,0xFE,
  0x00,0x00,0xFF,0xFE,0x00,0x7F,0xFF,0x00,0x00,0x7F,0xFF,0x00,0x7F,0xFF,0x00,0x00,0x3F,0xFF,0x80,0xFF,0xFF,0x80,0x00,0x1F,
  0xFF,0xFF,0xFF,0xFF,0x80,0x00,0xFF,0xFF,0xFF,0xFF,0xFF,0x00,0x00,0xFF,0xFF,0xFF,0xFF,0xFE,0x00,0x00,0x7F,0xFF,0xFF,0xFF,
  0xFC,0x00,0x00,0x3F,0xFF,0xFF,0xFF,0xC0,0x00,0xFF,0xFF,0xFF,0x80,0x00,0x00,0x1F,0xFF,0xFF,0xFF,0xFF,0xFF,0xF8,0x00,0x00,
  0x01,0xFF,0xFF,0xFF,0xFF,0xFF,0xFF,0x80,0x00,0x00,0x1F,0xFF,0xFF,0xFF,0xFF,0xFF,0xF8,0x00,0x00,0x00,0xFF,0xFF,0xFE,0x0F,
  0xFF,0xF0,0x00,0x00,0x00,0x01,0xFF,0xFE,0x00,0xFF,0xFE,0x00,0x00,0x00,0x00,0x0F,0xFF,0xE0,0x0F,0xFF,0xE0,0x00,0x00,0x00,
  0x00,0xFF,0xFE,0x00,0xFF,0xFE,0x00,0x00,0x00,0x00,0x0F,0xFF,0xE0,0x0F,0xFF,0xE0,0x00,0x00,0x00,0x00,0xFF,0xFE,0x00,0xFF,
  0xFE,0x00,0x00,0x00,0x00,0x0F,0xFF,0xE0,0x0F,0xFF,0xE0,0x00,0x00,0x00,0x00,0xFF,0xFE,0x00,0xFF,0xFE,0x00,0x00,0x00,0x00,
  0x0F,0xFF,0xE0,0x0F,0xFF,0xE0,0x00,0x00,0x00,0x00,0xFF,0xFE,0x00,0xFF,0xFE,0x00,0x00,0x00,0x00,0x0F,0xFF,0xE0,0x0F,0xFF,
  0xE0,0x00,0x00,0x00,0x00,0xFF,0xFE,0x00,0xFF,0xFE,0x00,0x00,0x00,0x00,0x0F,0xFF,0xE0,0x0F,0xFF,0xE0,0x00,0x00,0x00,0x00,
  0xFF,0xFE,0x00,0xFF,0xFE,0x00,0x00,0x00,0x00,0x0F,0xFF,0xE0,0x0F,0xFF,0xE0,0x00,0x00,0x00,0x00,0xFF,0xFE,0x00,0xFF,0xFE,
  0x00,0x00,0x00,0x00,0x0F,0xFF,0xE0,0x0F,0xFF,0xFF,0xFF,0xE0,0x00,0x00,0xFF,0xFE,0x00,0xFF,0xFF,0xFF,0xFF,0xE0,0x00,0x0F,
  0xFF,0xE0,0x0F,0xFF,0xFF,0xFF,0xFF,0xC0,0x00,0xFF,0xFE,0x00,0xFF,0xFF,0xFF,0xFF,0xFF,0x00,0x0F,0xFF,0xE0,0x0F,0xFF,0xFF,
  0xFF,0xFF,0xF8,0x00,0xFF,0xFE,0x00,0xFF,0xFE,0x00,0x7F,0xFF,0xC0,0x0F,0xFF,0xE0,0x0F,0xFF,0xE0,0x01,0xFF,0xFE,0x00,0xFF,
  0xFE,0x00,0xFF,0xFE,0x00,0x0F,0xFF,0xE0,0x0F,0xFF,0xE0,0x0F,0xFF,0xE0,0x00,0xFF,0xFF,0x00,0xFF,0xFE,0x00,0xFF,0xFE,0x00,
  0x07,0xFF,0xF0,0x0F,0xFF,0xE0,0x0F,0xFF,0xE0,0x00,0x7F,0xFF,0x00,0xFF,0xFE,0x00,0xFF,0xFE,0x00,0x07,0xFF,0xF0,0x0F,0xFF,
  0xE0,0x0F,0xFF,0xE0,0x00,0x3F,0xFF,0x80,0xFF,0xFE,0x00,0xFF,0xFE,0x00,0x03,0xFF,0xF8,0x0F,0xFF,0xE0,0x0F,0xFF,0xE0,0x00,
  0x3F,0xFF,0x80,0xFF,0xFE,0x00,0xFF,0xFE,0x00,0x03,0xFF,0xF8,0x0F,0xFF,0xE0,0x0F,0xFF,0xE0,0x00,0x7F,0xFF,0x00,0xFF,0xFE,
  0x00,0xFF,0xFE,0x00,0x07,0xFF,0xF0,0x0F,0xFF,0xE0,0x0F,0xFF,0xE0,0x00,0x7F,0xFF,0x00,0xFF,0xFE,0x00,0xFF,0xFE,0x00,0x07,
  0xFF,0xF0,0x0F,0xFF,0xE0,0x0F,0xFF,0xE0,0x00,0xFF,0xFE,0x00,0xFF,0xFE,0x00,0xFF,0xFE,0x00,0x1F,0xFF,0xE0,0x0F,0xFF,0xE0,
  0x0F,0xFF,0xE0,0x07,0xFF,0xFC,0x00,0xFF,0xFE,0x00,0xFF,0xFF,0xFF,0xFF,0xFF,0x80,0x1F,0xFF,0xE0,0xFF,0xFF,0xFF,0xFF,0xFF,
  0xF0,0x0F,0xFF,0xFF,0xEF,0xFF,0xFF,0xFF,0xFF,0xFC,0x01,0xFF,0xFF,0xFF,0xFF,0xFF,0xFF,0xFF,0xFE,0x00,0x1F,0xFF,0xFF,0xFF,
  0xFF,0xFF,0xFF,0xFC,0x00,0x01,0xFF,0xFF,0xFF,0xFF,0xFF,0xFF,0x80,0x00,0x00,0x7F,0xFF,0xFF,0xC0,0x00,0x00,0x3F,0xFF,0xFF,
  0xE0,0x00,0x00,0x1F,0xFF,0xFF,0xF0,0x00,0x00,0x00,0xFF,0xFF,0x00,0x00,0x00,0x00,0x7F,0xFF,0x00,0x00,0x00,0x00,0x3F,0xFF,
  0x80,0x00,0x00,0x00,0x1F,0xFF,0xC0,0x00,0x00,0x00,0x0F,0xFF,0xE0,0x00,0x00,0x00,0x07,0xFF,0xF0,0x00,0x00,0x00,0x03,0xFF,
  0xF8,0x00,0x00,0x00,0x01,0xFF,0xFC,0x00,0x00,0x00,0x00,0xFF,0xFE,0x00,0x00,0x00,0x00,0x7F,0xFF,0x00,0x00,0x00,0x00,0x3F,
  0xFF,0x80,0x00,0x00,0x00,0x1F,0xFF,0xC0,0x00,0x00,0x00,0x0F,0xFF,0xE0,0x00,0x00,0x00,0x07,0xFF,0xF0,0x00,0x00,0x00,0x03,
  0xFF,0xF8,0x00,0x00,0x00,0x01,0xFF,0xFC,0x00,0x00,0x00,0x00,0xFF,0xFF,0xFF,0xFE,0x00,0x00,0x7F,0xFF,0xFF,0xFF,0xF8,0x00,
  0x3F,0xFF,0xFF,0xFF,0xFF,0x80,0x1F,0xFF,0xFF,0xFF,0xFF,0xF0,0x0F,0xFF,0xFF,0xFF,0xFF,0xFC,0x07,0xFF,0xF0,0x01,0xFF,0xFF,
  0x03,0xFF,0xF8,0x00,0x3F,0xFF,0xC1,0xFF,0xFC,0x00,0x0F,0xFF,0xE0,0xFF,0xFE,0x00,0x07,0xFF,0xF8,0x7F,0xFF,0x00,0x01,0xFF,
  0xFC,0x3F,0xFF,0x80,0x00,0xFF,0xFE,0x1F,0xFF,0xC0,0x00,0x7F,0xFF,0x0F,0xFF,0xE0,0x00,0x1F,0xFF,0x87,0xFF,0xF0,0x00,0x0F,
  0xFF,0xC3,0xFF,0xF8,0x00,0x07,0xFF,0xE1,0xFF,0xFC,0x00,0x03,0xFF,0xF0,0xFF,0xFE,0x00,0x03,0xFF,0xF8,0x7F,0xFF,0x00,0x01,
  0xFF,0xFC,0x3F,0xFF,0x80,0x00,0xFF,0xFE,0x1F,0xFF,0xC0,0x00,0xFF,0xFF,0x0F,0xFF,0xE0,0x00,0x7F,0xFF,0x07,0xFF,0xF0,0x00,
  0x7F,0xFF,0x83,0xFF,0xF8,0x00,0xFF,0xFF,0x81,0xFF,0xFF,0xFF,0xFF,0xFF,0x8F,0xFF,0xFF,0xFF,0xFF,0xFF,0x07,0xFF,0xFF,0xFF,
  0xFF,0xFF,0x03,0xFF,0xFF,0xFF,0xFF,0xFC,0x01,0xFF,0xFF,0xFF,0xFF,0xC0,0x00,0x00,0xFF,0xFC,0x00,0x00,0xFF,0xFF,0xFF,0x00,
  0x07,0xFF,0xFF,0xFF,0x00,0x1F,0xFF,0xFF,0xFE,0x00,0x7F,0xFF,0xFF,0xFE,0x01,0xFF,0xC3,0xFF,0xFC,0x07,0xF8,0x03,0xFF,0xF8,
  0x1F,0x80,0x07,0xFF,0xF0,0x7E,0x00,0x0F,0xFF,0xC1,0xF0,0x00,0x1F,0xFF,0x87,0xC0,0x00,0x7F,0xFF,0x1F,0x00,0x00,0xFF,0xFC,
  0x78,0x00,0x03,0xFF,0xF1,0xE0,0x00,0x0F,0xFF,0xE7,0x80,0x00,0x1F,0xFF,0x9E,0x00,0x00,0x7F,0xFE,0x00,0x00,0x01,0xFF,0xFC,
  0x00,0x00,0x07,0xFF,0xF0,0x00,0x00,0x1F,0xFF,0xC0,0x00,0x00,0x7F,0xFF,0x00,0x00,0x01,0xFF,0xFC,0x00,0x00,0x07,0xFF,0xF0,
  0x0F,0xFF,0xFF,0xFF,0xC0,0x3F,0xFF,0xFF,0xFF,0x00,0xFF,0xFF,0xFF,0xFC,0x03,0xFF,0xFF,0xFF,0xF0,0x0F,0xFF,0xFF,0xFF,0xC0,
  0x00,0x00,0x7F,0xFF,0x00,0x00,0x01,0xFF,0xFC,0x00,0x00,0x07,0xFF,0xF0,0x00,0x00,0x1F,0xFF,0xC0,0x00,0x00,0x7F,0xFF,0x00,
  0x00,0x01,0xFF,0xFC,0x00,0x00,0x07,0xFF,0xE0,0x00,0x00,0x1F,0xFF,0x80,0x00,0x00,0xFF,0xFE,0x00,0x00,0x03,0xFF,0xF8,0x00,
  0x00,0x1F,0xFF,0xC0,0x00,0x00,0x7F,0xFF,0x00,0x00,0x03,0xFF,0xF8,0x00,0x00,0x1F,0xFF,0xE0,0x00,0x00,0xFF,0xFF,0x08,0x00,
  0x07,0xFF,0xF8,0x3F,0xC1,0xFF,0xFF,0xC0,0xFF,0xFF,0xFF,0xFE,0x03,0xFF,0xFF,0xFF,0xF0,0x0F,0xFF,0xFF,0xFF,0x00,0x0F,0xFF,
  0xFF,0xF8,0x00,0x0F,0xFF,0xFF,0x00,0x00,0x03,0xFF,0xC0,0x00,0x00,0x00,0x00,0x00,0x00,0x00,0x0F,0xFF,0x80,0x00,0x7F,0xFF,
  0xFF,0x80,0x00,0x3F,0xFF,0xF8,0x00,0x3F,0xFF,0xFF,0xC0,0x00,0xFF,0xFF,0xFF,0x80,0x1F,0xFF,0xFF,0xE0,0x00,0xFF,0xFF,0xFF,
  0xE0,0x0F,0xFF,0xFF,0xF0,0x00,0xFF,0xFF,0xFF,0xF8,0x00,0x7F,0xFF,0x80,0x01,0xFF,0xF8,0x7F,0xFE,0x00,0x3F,0xFF,0x80,0x00,
  0xFF,0xF8,0x0F,0xFF,0x80,0x1F,0xFF,0xC0,0x00,0xFF,0xF8,0x03,0xFF,0xE0,0x0F,0xFF,0xE0,0x00,0xFF,0xF8,0x01,0xFF,0xF8,0x07,
  0xFF,0xF0,0x00,0x7F,0xFC,0x00,0x7F,0xFC,0x03,0xFF,0xF8,0x00,0x7F,0xFE,0x00,0x3F,0xFF,0x01,0xFF,0xFC,0x00,0x3F,0xFE,0x00,
  0x0F,0xFF,0x80,0xFF,0xFE,0x00,0x3F,0xFF,0x00,0x07,0xFF,0xE0,0x7F,0xFF,0x00,0x1F,0xFF,0x80,0x03,0xFF,0xF0,0x3F,0xFF,0x80,
  0x0F,0xFF,0xC0,0x01,0xFF,0xF8,0x1F,0xFF,0xC0,0x0F,0xFF,0xE0,0x00,0xFF,0xFE,0x0F,0xFF,0xE0,0x07,0xFF,0xF0,0x00,0x7F,0xFF,
  0x07,0xFF,0xF0,0x03,0xFF,0xF8,0x00,0x3F,0xFF,0x83,0xFF,0xF8,0x01,0xFF,0xFC,0x00,0x1F,0xFF,0xC1,0xFF,0xFC,0x00,0xFF,0xFC,
  0x00,0x0F,0xFF,0xE0,0xFF,0xFE,0x00,0x7F,0xFE,0x00,0x07,0xFF,0xF0,0x7F,0xFF,0x00,0x7F,0xFF,0x00,0x01,0xFF,0xF8,0x3F,0xFF,
  0xFF,0xFF,0xFF,0x80,0x00,0xFF,0xFE,0x1F,0xFF,0xFF,0xFF,0xFF,0xC0,0x00,0x7F,0xFF,0x0F,0xFF,0xFF,0xFF,0xFF,0xE0,0x00,0x3F,
  0xFF,0x87,0xFF,0xFF,0xFF,0xFF,0xF0,0x00,0x1F,0xFF,0xC3,0xFF,0xFF,0xFF,0xFF,0xF8,0x00,0x0F,0xFF,0xE1,0xFF,0xFC,0x01,0xFF,
  0xFC,0x00,0x07,0xFF,0xF0,0xFF,0xFE,0x00,0xFF,0xFE,0x00,0x03,0xFF,0xF0,0x7F,0xFF,0x00,0x3F,0xFF,0x00,0x03,0xFF,0xF8,0x3F,
  0xFF,0x80,0x1F,0xFF,0x80,0x01,0xFF,0xFC,0x1F,0xFF,0xC0,0x0F,0xFF,0xE0,0x00,0xFF,0xFE,0x0F,0xFF,0xE0,0x07,0xFF,0xF0,0x00,
  0x7F,0xFF,0x07,0xFF,0xF0,0x03,0xFF,0xF8,0x00,0x3F,0xFF,0x83,0xFF,0xF8,0x01,0xFF,0xFC,0x00,0x1F,0xFF,0xC1,0xFF,0xFC,0x00,
  0x7F,0xFE,0x00,0x0F,0xFF,0xC0,0xFF,0xFE,0x00,0x3F,0xFF,0x00,0x07,0xFF,0xE0,0x7F,0xFF,0x00,0x1F,0xFF,0x80,0x03,0xFF,0xF0,
  0x3F,0xFF,0x80,0x07,0xFF,0xC0,0x03,0xFF,0xF0,0x1F,0xFF,0xC0,0x03,0xFF,0xF0,0x01,0xFF,0xF8,0x0F,0xFF,0xE0,0x00,0xFF,0xF8,
  0x00,0xFF,0xF8,0x07,0xFF,0xF0,0x00,0x7F,0xFC,0x00,0xFF,0xFC,0x03,0xFF,0xF8,0x00,0x1F,0xFF,0x00,0x7F,0xFC,0x01,0xFF,0xFC,
  0x00,0x07,0xFF,0xC0,0x7F,0xFC,0x00,0xFF,0xFF,0x00,0x03,0xFF,0xF0,0xFF,0xFC,0x07,0xFF,0xFF,0xF8,0x00,0xFF,0xFF,0xFF,0xFC,
  0x03,0xFF,0xFF,0xFC,0x00,0x1F,0xFF,0xFF,0xFC,0x01,0xFF,0xFF,0xFE,0x00,0x07,0xFF,0xFF,0xF8,0x00,0xFF,0xFF,0xFF,0x00,0x00,
  0x7F,0xFF,0xF0,0x00,0x00,0x00,0x00,0x00,0x00,0x07,0xFF,0x80,0x00,0x00,0x00,0x00,0x7F,0xFF,0xFF,0xFF,0xF8,0x00,0x3F,0xFF,
  0xFF,0xFF,0xFF,0xC0,0x0F,0xFF,0xFF,0xFF,0xFF,0xFE,0x00,0xFF,0xFF,0xFF,0xFF,0xFF,0xE0,0x0F,0xFF,0xFF,0xFF,0xFF,0xF0,0x00,
  0xFF,0xFF,0x80,0x3F,0xFF,0x80,0x0F,0xFF,0xF0,0x01,0xFF,0xFC,0x00,0xFF,0xFF,0x00,0x0F,0xFF,0xE0,0x07,0xFF,0xF0,0x00,0x7F,
  0xFF,0x00,0x3F,0xFF,0x80,0x03,0xFF,0xF8,0x03,0xFF,0xFC,0x00,0x1F,0xFF,0xC0,0x1F,0xFF,0xC0,0x00,0xFF,0xFE,0x00,0xFF,0xFE,
  0x00,0x07,0xFF,0xF0,0x07,0xFF,0xF0,0x00,0x3F,0xFF,0x80,0x3F,0xFF,0x80,0x01,0xFF,0xFC,0x00,0xFF,0xFC,0x00,0x0F,0xFF,0xE0,
  0x07,0xFF,0xE0,0x00,0x7F,0xFF,0x00,0x3F,0xFF,0x80,0x03,0xFF,0xF8,0x00,0xFF,0xFC,0x00,0x1F,0xFF,0xC0,0x07,0xFF,0xF0,0x00,
  0xFF,0xFE,0x00,0x1F,0xFF,0x80,0x07,0xFF,0xF0,0x00,0x7F,0xFE,0x00,0x3F,0xFF,0x80,0x01,0xFF,0xFE,0x01,0xFF,0xFC,0x00,0x07,
  0xFF,0xFF,0xFF,0xFF,0xE0,0x00,0x0F,0xFF,0xFF,0xFF,0xFF,0x00,0x00,0x3F,0xFF,0xFF,0xFF,0xF8,0x00,0x03,0xFF,0xFF,0xFF,0xFF,
  0xC0,0x00,0x1F,0xFF,0xFF,0xFF,0xFE,0x00,0x00,0xFF,0xFC,0x07,0xFF,0xF0,0x00,0x0F,0xFF,0xC0,0x3F,0xFF,0x80,0x00,0x7F,0xFE,
  0x01,0xFF,0xFC,0x00,0x07,0xFF,0xE0,0x0F,0xFF,0xE0,0x00,0x3F,0xFF,0x00,0x7F,0xFF,0x00,0x03,0xFF,0xF8,0x03,0xFF,0xF8,0x00,
  0x1F,0xFF,0x80,0x1F,0xFF,0xC0,0x01,0xFF,0xFC,0x00,0xFF,0xFE,0x00,0x0F,0xFF,0xC0,0x07,0xFF,0xF0,0x00,0xFF,0xFE,0x00,0x3F,
  0xFF,0x80,0x07,0xFF,0xF0,0x01,0xFF,0xFC,0x00,0x7F,0xFF,0x00,0x0F,0xFF,0xE0,0x03,0xFF,0xF8,0x00,0x7F,0xFF,0x00,0x3F,0xFF,
  0x80,0x03,0xFF,0xF8,0x01,0xFF,0xFC,0x00,0x1F,0xFF,0xC0,0x1F,0xFF,0xE0,0x01,0xFF,0xFE,0x07,0xFF,0xFE,0x00,0x7F,0xFF,0xFF,
  0x7F,0xFF,0xF0,0x07,0xFF,0xFF,0xFF,0xFF,0xFF,0x00,0x3F,0xFF,0xFF,0xFF,0xFF,0xF8,0x01,0xFF,0xFF,0xFF,0x03,0xFF,0xF8,0x00,
  0x00,0x03,0xFF,0xFC,0x00,0x00,0x01,0xFF,0xFE,0x00,0x00,0x00,0xFF,0xFE,0x00,0x00,0x00,0x3F,0xFF,0x00,0x00,0x00,0x1F,0xFF,
  0x00,0x00,0x00,0x0F,0xFF,0x80,0x00,0x00,0x03,0xFF,0x80,0x00,0x00,0x01,0xFF,0xC0,0x00,0x00,0x00,0xFF,0xE0,0x00,0x00,0x00,
  0x3F,0xE0,0x00,0x00,0x00,0x1F,0xF0,0x00,0x00,0x00,0x0F,0xF0,0x00,0x00,0x00,0x03,0xF8,0x00,0x00,0x00,0x01,0xF8,0x00,0x00,
  0x00,0x00,0xF8,0x00,0x00,0x00,0x00,0x00,0x00,0x00,0x00,0x00,0x00,0x00,0x00,0x00,0x00,0x00,0x00,0x00,0x00,0x00,0x00,0x00,
  0x00,0x00,0x00,0x00,0x00,0x00,0x00,0x00,0x00,0x00,0x00,0x00,0x00,0x00,0x00,0x00,0x00,0x00,0x00,0x00,0x00,0x01,0xFF,0xE0,
  0x00,0x00,0x0F,0xFF,0xFC,0x00,0x00,0x7F,0xFF,0xFF,0x00,0x00,0xFF,0xFF,0xFF,0x80,0x01,0xFF,0xFF,0xFF,0xE0,0x03,0xFF,0xE3,
  0xFF,0xE0,0x07,0xFF,0x81,0xFF,0xF0,0x0F,0xFF,0x80,0xFF,0xF8,0x1F,0xFF,0x00,0x7F,0xF8,0x1F,0xFF,0x00,0x7F,0xFC,0x3F,0xFE,
  0x00,0x7F,0xFC,0x3F,0xFE,0x00,0x7F,0xFC,0x7F,0xFE,0x00,0x7F,0xFE,0x7F,0xFE,0x00,0x7F,0xFE,0x7F,0xFE,0x00,0x7F,0xFE,0xFF,
  0xFE,0x00,0x7F,0xFE,0xFF,0xFE,0x00,0x7F,0xFE,0xFF,0xFE,0x00,0x7F,0xFE,0xFF,0xFE,0x00,0x7F,0xFE,0xFF,0xFE,0x00,0x7F,0xFE,
  0xFF,0xFF,0xFF,0xFF,0xFF,0xFF,0xFF,0xFF,0xFF,0xFF,0xFF,0xFF,0xFF,0xFF,0xFF,0xFF,0xFF,0xFF,0xFF,0xFF,0xFF,0xFF,0xFF,0xFF,
  0xFF,0xFF,0xFE,0x00,0x00,0x00,0xFF,0xFE,0x00,0x00,0x00,0xFF,0xFE,0x00,0x00,0x00,0xFF,0xFE,0x00,0x00,0x00,0xFF,0xFE,0x00,
  0x00,0x00,0xFF,0xFE,0x00,0x00,0x00,0xFF,0xFE,0x00,0x00,0x00,0xFF,0xFE,0x00,0x00,0x00,0xFF,0xFE,0x00,0x00,0x00,0x7F,0xFE,
  0x00,0x00,0x00,0x7F,0xFE,0x00,0x00,0x00,0x7F,0xFF,0x00,0x00,0x00,0x7F,0xFF,0x00,0x00,0x00,0x3F,0xFF,0x00,0x00,0x00,0x3F,
  0xFF,0x80,0x00,0x00,0x1F,0xFF,0xC0,0x00,0x00,0x1F,0xFF,0xE0,0x00,0x00,0x0F,0xFF,0xF8,0x00,0x04,0x07,0xFF,0xFF,0x83,0xFC,
  0x03,0xFF,0xFF,0xFF,0xFC,0x01,0xFF,0xFF,0xFF,0xFC,0x00,0xFF,0xFF,0xFF,0xFC,0x00,0x3F,0xFF,0xFF,0xF0,0x00,0x0F,0xFF,0xFF,
  0x80,0x00,0x00,0xFF,0xF8,0x00,0x00,0x7C,0x00,0x3F,0x00,0x01,0xFF,0x00,0xFF,0x80,0x03,0xFF,0x81,0xFF,0xC0,0x03,0xFF,0x81,
  0xFF,0xC0,0x03,0xFF,0x81,0xFF,0xE0,0x07,0xFF,0xC3,0xFF,0xE0,0x07,0xFF,0xC3,0xFF,0xE0,0x03,0xFF,0x81,0xFF,0xC0,0x03,0xFF,
  0x81,0xFF,0xC0,0x01,0xFF,0x00,0xFF,0x80,0x00,0xFF,0x00,0x7F,0x80,0x00,0x7C,0x00,0x3E,0x00,0x00,0x00,0x00,0x00,0x00,0x00,
  0x00,0x00,0x00,0x00,0x00,0x00,0x00,0x00,0x00,0x00,0x00,0x00,0x00,0x00,0x00,0x00,0x00,0x00,0x00,0x00,0x00,0x00,0x00,0x00,
  0x00,0x00,0x00,0x00,0x00,0x00,0x00,0x00,0x00,0x00,0x00,0x01,0xFF,0xE0,0x00,0x00,0x0F,0xFF,0xFC,0x00,0x00,0x7F,0xFF,0xFF,
  0x00,0x00,0xFF,0xFF,0xFF,0x80,0x01,0xFF,0xFF,0xFF,0xE0,0x03,0xFF,0xE3,0xFF,0xE0,0x07,0xFF,0x81,0xFF,0xF0,0x0F,0xFF,0x80,
  0xFF,0xF8,0x1F,0xFF,0x00,0x7F,0xF8,0x1F,0xFF,0x00,0x7F,0xFC,0x3F,0xFE,0x00,0x7F,0xFC,0x3F,0xFE,0x00,0x7F,0xFC,0x7F,0xFE,
  0x00,0x7F,0xFE,0x7F,0xFE,0x00,0x7F,0xFE,0x7F,0xFE,0x00,0x7F,0xFE,0xFF,0xFE,0x00,0x7F,0xFE,0xFF,0xFE,0x00,0x7F,0xFE,0xFF,
  0xFE,0x00,0x7F,0xFE,0xFF,0xFE,0x00,0x7F,0xFE,0xFF,0xFE,0x00,0x7F,0xFE,0xFF,0xFF,0xFF,0xFF,0xFF,0xFF,0xFF,0xFF,0xFF,0xFF,
  0xFF,0xFF,0xFF,0xFF,0xFF,0xFF,0xFF,0xFF,0xFF,0xFF,0xFF,0xFF,0xFF,0xFF,0xFF,0xFF,0xFE,0x00,0x00,0x00,0xFF,0xFE,0x00,0x00,
  0x00,0xFF,0xFE,0x00,0x00,0x00,0xFF,0xFE,0x00,0x00,0x00,0xFF,0xFE,0x00,0x00,0x00,0xFF,0xFE,0x00,0x00,0x00,0xFF,0xFE,0x00,
  0x00,0x00,0xFF,0xFE,0x00,0x00,0x00,0xFF,0xFE,0x00,0x00,0x00,0x7F,0xFE,0x00,0x00,0x00,0x7F,0xFE,0x00,0x00,0x00,0x7F,0xFF,
  0x00,0x00,0x00,0x7F,0xFF,0x00,0x00,0x00,0x3F,0xFF,0x00,0x00,0x00,0x3F,0xFF,0x80,0x00,0x00,0x1F,0xFF,0xC0,0x00,0x00,0x1F,
  0xFF,0xE0,0x00,0x00,0x0F,0xFF,0xF8,0x00,0x04,0x07,0xFF,0xFF,0x83,0xFC,0x03,0xFF,0xFF,0xFF,0xFC,0x01,0xFF,0xFF,0xFF,0xFC,
  0x00,0xFF,0xFF,0xFF,0xFC,0x00,0x3F,0xFF,0xFF,0xF0,0x00,0x0F,0xFF,0xFF,0x80,0x00,0x00,0xFF,0xF8,0x00,0x1F,0xFF,0xFC,0x00,
  0x00,0x00,0x0F,0xFF,0xFE,0x00,0x00,0x00,0x07,0xFF,0xFF,0x00,0x00,0x00,0x03,0xFF,0xFF,0x80,0x00,0x00,0x00,0x1F,0xFF,0xC0,
  0x00,0x00,0x00,0x0F,0xFF,0xE0,0x00,0x00,0x00,0x07,0xFF,0xF0,0x00,0x00,0x00,0x03,0xFF,0xF8,0x00,0x00,0x00,0x01,0xFF,0xFC,
  0x00,0x00,0x00,0x00,0xFF,0xFE,0x00,0x00,0x00,0x00,0x7F,0xFF,0x00,0x00,0x00,0x1F,0xFF,0xFF,0xFF,0xFC,0x00,0x0F,0xFF,0xFF,
  0xFF,0xFE,0x00,0x07,0xFF,0xFF,0xFF,0xFF,0x00,0x03,0xFF,0xFF,0xFF,0xFF,0x80,0x01,0xFF,0xFF,0xFF,0xFF,0xC0,0x00,0x01,0xFF,
  0xFC,0x00,0x00,0x00,0x00,0xFF,0xFE,0x00,0x00,0x00,0x00,0x7F,0xFF,0x00,0x00,0x00,0x00,0x3F,0xFF,0x80,0x00,0x00,0x00,0x1F,
  0xFF,0xC0,0x00,0x00,0x00,0x0F,0xFF,0xE0,0x00,0x00,0x00,0x07,0xFF,0xF0,0x00,0x00,0x00,0x03,0xFF,0xF8,0x00,0x00,0x00,0x01,
  0xFF,0xFC,0x00,0x7F,0x80,0x00,0xFF,0xFE,0x01,0xFF,0xF8,0x00,0x7F,0xFF,0x07,0xFF,0xFE,0x00,0x3F,0xFF,0x8F,0xFF,0xFF,0x80,
  0x1F,0xFF,0xDF,0xFF,0xFF,0xE0,0x0F,0xFF,0xFF,0xFF,0xFF,0xF8,0x07,0xFF,0xFF,0xFF,0xFF,0xFC,0x03,0xFF,0xFF,0x83,0xFF,0xFE,
  0x01,0xFF,0xFE,0x00,0x7F,0xFF,0x80,0xFF,0xFE,0x00,0x3F,0xFF,0xC0,0x7F,0xFF,0x00,0x0F,0xFF,0xE0,0x3F,0xFF,0x80,0x07,0xFF,
  0xF0,0x1F,0xFF,0xC0,0x03,0xFF,0xF8,0x0F,0xFF,0xE0,0x01,0xFF,0xFC,0x07,0xFF,0xF0,0x00,0x7F,0xFE,0x03,0xFF,0xF8,0x00,0x3F,
  0xFF,0x01,0xFF,0xFC,0x00,0x1F,0xFF,0x80,0xFF,0xFE,0x00,0x0F,0xFF,0xC0,0x7F,0xFF,0x00,0x07,0xFF,0xE0,0x3F,0xFF,0x80,0x03,
  0xFF,0xF0,0x1F,0xFF,0xC0,0x01,0xFF,0xF8,0x0F,0xFF,0xE0,0x00,0xFF,0xFC,0x07,0xFF,0xF0,0x00,0x7F,0xFE,0x03,0xFF,0xF8,0x00,
  0x3F,0xFF,0x01,0xFF,0xFC,0x00,0x1F,0xFF,0x80,0xFF,0xFE,0x00,0x0F,0xFF,0xC0,0x7F,0xFF,0x00,0x07,0xFF,0xE0,0x3F,0xFF,0x80,
  0x03,0xFF,0xF0,0x1F,0xFF,0xC0,0x01,0xFF,0xF8,0x0F,0xFF,0xE0,0x00,0xFF,0xFC,0x07,0xFF,0xF0,0x00,0x7F,0xFE,0x03,0xFF,0xF8,
  0x00,0x3F,0xFF,0x01,0xFF,0xFC,0x00,0x1F,0xFF,0x80,0xFF,0xFE,0x00,0x0F,0xFF,0xC0,0x7F,0xFF,0x00,0x07,0xFF,0xE0,0x3F,0xFF,
  0x80,0x03,0xFF,0xF0,0x1F,0xFF,0xC0,0x01,0xFF,0xF8,0x0F,0xFF,0xE0,0x00,0xFF,0xFC,0x07,0xFF,0xF0,0x00,0x7F,0xFE,0x03,0xFF,
  0xF8,0x00,0x3F,0xFF,0x01,0xFF,0xFC,0x00,0x1F,0xFF,0x80,0xFF,0xFE,0x00,0x0F,0xFF,0xC0,0x7F,0xFF,0x00,0x07,0xFF,0xE0,0x3F,
  0xFF,0xC0,0x03,0xFF,0xF1,0xFF,0xFF,0xFC,0x01,0xFF,0xF8,0xFF,0xFF,0xFF,0x00,0xFF,0xFC,0x7F,0xFF,0xFF,0x80,0x7F,0xFE,0x3F,
  0xFF,0xFF,0xC0,0x3F,0xFF,0x00,0x00,0x00,0x00,0x1F,0xFF,0x80,0x00,0x00,0x00,0x0F,0xFF,0xC0,0x00,0x00,0x00,0x07,0xFF,0xE0,
  0x00,0x00,0x00,0x03,0xFF,0xF0,0x00,0x00,0x00,0x01,0xFF,0xF8,0x00,0x00,0x00,0x01,0xFF,0xFC,0x00,0x00,0x00,0x00,0xFF,0xFE,
  0x00,0x00,0x00,0x00,0x7F,0xFF,0x00,0x00,0x00,0x00,0x3F,0xFF,0x80,0x00,0x00,0x00,0x1F,0xFF,0x80,0x00,0x01,0xC0,0x0F,0xFF,
  0xC0,0x00,0x00,0xF0,0x07,0xFF,0xE0,0x00,0x00,0x78,0x07,0xFF,0xE0,0x00,0x00,0x3E,0x03,0xFF,0xF0,0x00,0x00,0x1F,0x03,0xFF,
  0xF0,0x00,0x00,0x0F,0x83,0xFF,0xF0,0x00,0x00,0x07,0xFF,0xFF,0xF0,0x00,0x00,0x03,0xFF,0xFF,0xF0,0x00,0x00,0x01,0xFF,0xFF,
  0xF0,0x00,0x00,0x00,0xFF,0xFF,0xF0,0x00,0x00,0x00,0x7F,0xFF,0xE0,0x00,0x00,0x00,0x0F,0xFF,0x00,0x00,0x00,0x00,0x07,0xFF,
  0xF0,0x00,0x00,0x01,0xFF,0xFC,0x00,0x00,0x00,0xFF,0xFE,0x00,0x00,0x00,0x7F,0xFF,0x00,0x00,0x00,0x1F,0xFF,0x80,0x00,0x00,
  0x0F,0xFF,0xC0,0x00,0x00,0x03,0xFF,0xC0,0x00,0x00,0x01,0xFF,0xE0,0x00,0x00,0x00,0x7F,0xF0,0x00,0x00,0x00,0x3F,0xF0,0x00,
  0x00,0x00,0x1F,0xF8,0x00,0x00,0x00,0x07,0xFC,0x00,0x00,0x00,0x03,0xFC,0x00,0x00,0x00,0x00,0xFE,0x00,0x00,0x00,0x00,0x7F,
  0x00,0x00,0x00,0x00,0x1F,0x00,0x00,0x00,0x00,0x00,0x00,0x00,0x00,0x00,0x00,0x00,0x00,0x00,0x00,0x00,0x00,0x00,0x00,0x00,
  0x00,0x00,0x00,0x00,0x00,0x00,0x00,0x00,0x00,0x00,0x00,0x00,0x00,0x00,0x00,0x00,0x00,0x00,0x00,0x00,0x00,0x00,0x00,0x00,
  0x00,0x00,0x00,0x00,0x00,0x00,0x00,0x3F,0xFF,0xFF,0xFF,0xFF,0xFF,0xFF,0xFF,0xFF,0xFF,0xFF,0xFF,0xFF,0xFF,0xFF,0xFF,0xFF,
  0xFF,0xFF,0xFF,0xFF,0xC3,0xFF,0xFF,0xFF,0xFF,0xF0,0xFF,0xFE,0x00,0x3F,0xFC,0x3F,0xFF,0x80,0x00,0x7F,0x0F,0xFF,0xE0,0x00,
  0x0F,0xC3,0xFF,0xF8,0x00,0x03,0xF0,0xFF,0xFE,0x00,0x00,0xFC,0x3F,0xFF,0x80,0x00,0x3F,0x0F,0xFF,0xE0,0x00,0x07,0xC3,0xFF,
  0xF8,0x00,0x01,0xF0,0xFF,0xFE,0x00,0x00,0x7C,0x3F,0xFF,0x80,0x00,0x1F,0x0F,0xFF,0xE0,0x00,0x03,0x83,0xFF,0xF8,0x00,0x00,
  0x00,0xFF,0xFE,0x00,0x00,0x00,0x3F,0xFF,0x80,0x00,0x00,0x0F,0xFF,0xE0,0x00,0x00,0x03,0xFF,0xF8,0x00,0x00,0x00,0xFF,0xFE,
  0x00,0x00,0x00,0x3F,0xFF,0x80,0x00,0x00,0x0F,0xFF,0xE0,0x00,0x00,0x03,0xFF,0xF8,0x00,0x00,0x00,0xFF,0xFE,0x00,0x00,0x00,
  0x3F,0xFF,0x80,0x00,0x00,0x0F,0xFF,0xE0,0x00,0x00,0x03,0xFF,0xF8,0x00,0x00,0x00,0xFF,0xFE,0x00,0x00,0x00,0x3F,0xFF,0x80,
  0x00,0x00,0x0F,0xFF,0xE0,0x00,0x00,0x03,0xFF,0xF8,0x00,0x00,0x00,0xFF,0xFE,0x00,0x00,0x00,0x3F,0xFF,0x80,0x00,0x00,0x0F,
  0xFF,0xE0,0x00,0x00,0x03,0xFF,0xF8,0x00,0x00,0x00,0xFF,0xFE,0x00,0x00,0x00,0x3F,0xFF,0x80,0x00,0x00,0x0F,0xFF,0xE0,0x00,
  0x00,0x03,0xFF,0xF8,0x00,0x00,0x00,0xFF,0xFE,0x00,0x00,0x00,0x3F,0xFF,0x80,0x00,0x00,0x0F,0xFF,0xF0,0x00,0x00,0x3F,0xFF,
  0xFF,0xF8,0x00,0x0F,0xFF,0xFF,0xFE,0x00,0x03,0xFF,0xFF,0xFF,0x80,0x00,0xFF,0xFF,0xFF,0xE0,0x00,0x00,0x00,0x00,0x7F,0xFE,
  0x00,0x00,0x03,0xFF,0xFF,0xF8,0x00,0x1F,0xFF,0xFF,0xFE,0x00,0x3F,0xFF,0xFF,0xFE,0x00,0xFF,0xFF,0xFF,0xFE,0x01,0xFF,0xFE,
  0x0F,0xFE,0x03,0xFF,0xF8,0x01,0xFE,0x07,0xFF,0xF0,0x00,0xFE,0x0F,0xFF,0xE0,0x00,0x7E,0x0F,0xFF,0xC0,0x00,0x7E,0x1F,0xFF,
  0x80,0x00,0x7E,0x3F,0xFF,0x80,0x00,0x3E,0x3F,0xFF,0x00,0x00,0x3E,0x3F,0xFF,0x00,0x00,0x3E,0x7F,0xFF,0x00,0x00,0x3E,0x7F,
  0xFE,0x00,0x00,0x1E,0x7F,0xFE,0x00,0x00,0x00,0xFF,0xFE,0x00,0x00,0x00,0xFF,0xFE,0x00,0x00,0x00,0xFF,0xFE,0x00,0x00,0x00,
  0xFF,0xFE,0x00,0x00,0x00,0xFF,0xFF,0xFF,0xFC,0x00,0xFF,0xFF,0xFF,0xFC,0x00,0xFF,0xFF,0xFF,0xFC,0x00,0xFF,0xFF,0xFF,0xFC,
  0x00,0xFF,0xFF,0xFF,0xFC,0x00,0xFF,0xFC,0x00,0x00,0x00,0xFF,0xFC,0x00,0x00,0x00,0xFF,0xFE,0x00,0x00,0x00,0xFF,0xFE,0x00,
  0x00,0x00,0xFF,0xFE,0x00,0x00,0x00,0xFF,0xFE,0x00,0x00,0x00,0xFF,0xFE,0x00,0x00,0x00,0xFF,0xFE,0x00,0x00,0x00,0x7F,0xFF,
  0x00,0x00,0x00,0x7F,0xFF,0x00,0x00,0x00,0x7F,0xFF,0x00,0x00,0x00,0x3F,0xFF,0x80,0x00,0x00,0x3F,0xFF,0x80,0x00,0x00,0x1F,
  0xFF,0xC0,0x00,0x00,0x1F,0xFF,0xE0,0x00,0x00,0x0F,0xFF,0xF0,0x00,0x00,0x07,0xFF,0xFC,0x00,0x02,0x07,0xFF,0xFF,0x81,0xFF,
  0x01,0xFF,0xFF,0xFF,0xFF,0x00,0xFF,0xFF,0xFF,0xFF,0x00,0x7F,0xFF,0xFF,0xFE,0x00,0x1F,0xFF,0xFF,0xFC,0x00,0x03,0xFF,0xFF,
  0xE0,0x00,0x00,0x3F,0xFE,0x00,0x00,0x0F,0xFF,0x80,0x00,0x0F,0xFF,0xFF,0xC0,0x07,0xFF,0xFF,0xFC,0x03,0xFF,0xFF,0xFF,0x80,
  0xFF,0xFF,0xFF,0xF0,0x3F,0xF0,0x0F,0xFE,0x0F,0xFC,0x00,0x3F,0xC1,0xFF,0x00,0x01,0xF8,0x7F,0xE0,0x00,0x1F,0x0F,0xF8,0x00,
  0x03,0xE1,0xFF,0x00,0x00,0x7C,0x7F,0xE0,0x00,0x0F,0x8F,0xFE,0x00,0x00,0xF1,0xFF,0xC0,0x00,0x1C,0x3F,0xFC,0x00,0x00,0x07,
  0xFF,0xE0,0x00,0x00,0xFF,0xFF,0x00,0x00,0x1F,0xFF,0xF8,0x00,0x01,0xFF,0xFF,0xE0,0x00,0x3F,0xFF,0xFF,0x80,0x07,0xFF,0xFF,
  0xFE,0x00,0x7F,0xFF,0xFF,0xE0,0x0F,0xFF,0xFF,0xFF,0x00,0xFF,0xFF,0xFF,0xF0,0x0F,0xFF,0xFF,0xFF,0x00,0xFF,0xFF,0xFF,0xF0,
  0x0F,0xFF,0xFF,0xFE,0x00,0xFF,0xFF,0xFF,0xE0,0x07,0xFF,0xFF,0xFC,0x00,0x3F,0xFF,0xFF,0x80,0x00,0xFF,0xFF,0xF8,0x00,0x03,
  0xFF,0xFF,0x00,0x00,0x0F,0xFF,0xE0,0x00,0x00,0x7F,0xFF,0x80,0x00,0x07,0xFF,0xF8,0x00,0x00,0x7F,0xFF,0x00,0x00,0x0F,0xFF,
  0xF0,0x00,0x00,0xFF,0xFE,0x00,0x00,0x1F,0xF7,0xC0,0x00,0x03,0xFE,0xF8,0x00,0x00,0xFF,0xDF,0x80,0x00,0x1F,0xF3,0xF8,0x00,
  0x07,0xFE,0x7F,0xC0,0x01,0xFF,0x8F,0xFF,0x00,0x7F,0xF1,0xFF,0xFF,0xFF,0xFC,0x3F,0xFF,0xFF,0xFE,0x03,0xFF,0xFF,0xFF,0x80,
  0x0F,0xFF,0xFF,0xC0,0x00,0x0F,0xFF,0x80,0x00,0x00,0x1C,0x00,0x00,0x3F,0xC0,0x00,0x7F,0xF0,0x00,0x7F,0xFC,0x00,0x3F,0xFF,
  0x00,0x3F,0xFF,0x80,0x1F,0xFF,0xC0,0x0F,0xFF,0xF0,0x07,0xFF,0xF8,0x03,0xFF,0xF8,0x01,0xFF,0xFC,0x00,0x7F,0xFE,0x00,0x3F,
  0xFE,0x00,0x0F,0xFF,0x00,0x03,0xFE,0x00,0x00,0x7E,0x00,0x00,0x00,0x00,0x00,0x00,0x00,0x00,0x00,0x00,0x00,0x00,0x00,0x00,
  0x00,0x00,0x00,0x00,0x00,0x00,0x00,0x00,0x00,0x00,0x00,0x00,0x00,0x00,0x00,0x3F,0xFF,0xF8,0x1F,0xFF,0xFC,0x0F,0xFF,0xFE,
  0x07,0xFF,0xFF,0x00,0x3F,0xFF,0x80,0x1F,0xFF,0xC0,0x0F,0xFF,0xE0,0x07,0xFF,0xF0,0x03,0xFF,0xF8,0x01,0xFF,0xFC,0x00,0xFF,
  0xFE,0x00,0x7F,0xFF,0x00,0x3F,0xFF,0x80,0x1F,0xFF,0xC0,0x0F,0xFF,0xE0,0x07,0xFF,0xF0,0x03,0xFF,0xF8,0x01,0xFF,0xFC,0x00,
  0xFF,0xFE,0x00,0x7F,0xFF,0x00,0x3F,0xFF,0x80,0x1F,0xFF,0xC0,0x0F,0xFF,0xE0,0x07,0xFF,0xF0,0x03,0xFF,0xF8,0x01,0xFF,0xFC,
  0x00,0xFF,0xFE,0x00,0x7F,0xFF,0x00,0x3F,0xFF,0x80,0x1F,0xFF,0xC0,0x0F,0xFF,0xE0,0x07,0xFF,0xF0,0x03,0xFF,0xF8,0x01,0xFF,
  0xFC,0x00,0xFF,0xFE,0x00,0x7F,0xFF,0x00,0x3F,0xFF,0x80,0x1F,0xFF,0xC0,0x0F,0xFF,0xE0,0x07,0xFF,0xF0,0x03,0xFF,0xF8,0x01,
  0xFF,0xFC,0x00,0xFF,0xFE,0x00,0x7F,0xFF,0x83,0xFF,0xFF,0xFF,0xFF,0xFF,0xFF,0xFF,0xFF,0xFF,0xFF,0xFF,0xFF,0x80,0x1F,0x80,
  0x0F,0xC1,0xFE,0x00,0xFF,0x9F,0xF8,0x0F,0xFC,0xFF,0xE0,0x7F,0xFF,0xFF,0x07,0xFF,0xFF,0xF8,0x3F,0xFF,0xFF,0xC1,0xFF,0xFF,
  0xFE,0x0F,0xFF,0x7F,0xF0,0x3F,0xFB,0xFF,0x01,0xFF,0x8F,0xF0,0x07,0xF8,0x1F,0x00,0x0F,0x80,0x00,0x00,0x00,0x00,0x00,0x00,
  0x00,0x00,0x00,0x00,0x00,0x00,0x00,0x00,0x00,0x00,0x00,0x00,0x00,0x00,0x00,0x00,0x00,0x00,0x00,0x00,0x00,0x00,0x00,0x00,
  0x00,0x00,0x0F,0xFF,0xFE,0x00,0x7F,0xFF,0xF0,0x03,0xFF,0xFF,0x80,0x1F,0xFF,0xFC,0x00,0x0F,0xFF,0xE0,0x00,0x7F,0xFF,0x00,
  0x03,0xFF,0xF8,0x00,0x1F,0xFF,0xC0,0x00,0xFF,0xFE,0x00,0x07,0xFF,0xF0,0x00,0x3F,0xFF,0x80,0x01,0xFF,0xFC,0x00,0x0F,0xFF,
  0xE0,0x00,0x7F,0xFF,0x00,0x03,0xFF,0xF8,0x00,0x1F,0xFF,0xC0,0x00,0xFF,0xFE,0x00,0x07,0xFF,0xF0,0x00,0x3F,0xFF,0x80,0x01,
  0xFF,0xFC,0x00,0x0F,0xFF,0xE0,0x00,0x7F,0xFF,0x00,0x03,0xFF,0xF8,0x00,0x1F,0xFF,0xC0,0x00,0xFF,0xFE,0x00,0x07,0xFF,0xF0,
  0x00,0x3F,0xFF,0x80,0x01,0xFF,0xFC,0x00,0x0F,0xFF,0xE0,0x00,0x7F,0xFF,0x00,0x03,0xFF,0xF8,0x00,0x1F,0xFF,0xC0,0x00,0xFF,
  0xFE,0x00,0x07,0xFF,0xF0,0x00,0x3F,0xFF,0x80,0x01,0xFF,0xFC,0x00,0x0F,0xFF,0xE0,0x00,0x7F,0xFF,0x00,0x03,0xFF,0xF8,0x00,
  0x1F,0xFF,0xC0,0x00,0xFF,0xFE,0x00,0x07,0xFF,0xF0,0x00,0x3F,0xFF,0x80,0x01,0xFF,0xFE,0x00,0xFF,0xFF,0xFF,0x0F,0xFF,0xFF,
  0xF8,0x7F,0xFF,0xFF,0xC3,0xFF,0xFF,0xFE,0x00,0x00,0x00,0x0E,0x00,0x00,0x03,0xFC,0x00,0x00,0x3F,0xF8,0x00,0x03,0xFF,0xE0,
  0x00,0x3F,0xFF,0x00,0x01,0xFF,0xFC,0x00,0x0F,0xFF,0xE0,0x00,0xFF,0xFF,0x00,0x07,0xFF,0xF8,0x00,0x1F,0xFF,0xC0,0x00,0xFF,
  0xFE,0x00,0x07,0xFF,0xE0,0x00,0x1F,0xFF,0x00,0x00,0x7F,0xF0,0x00,0x01,0xFF,0x00,0x00,0x07,0xE0,0x00,0x00,0x00,0x00,0x00,
  0x00,0x00,0x00,0x00,0x00,0x00,0x00,0x00,0x00,0x00,0x00,0x00,0x00,0x00,0x00,0x00,0x00,0x00,0x00,0x00,0x00,0x00,0x00,0x00,
  0x00,0x00,0x00,0x00,0x1F,0xFF,0xFF,0xC0,0xFF,0xFF,0xFE,0x07,0xFF,0xFF,0xF0,0x3F,0xFF,0xFF,0x80,0x0F,0xFF,0xFC,0x00,0x0F,
  0xFF,0xE0,0x00,0x7F,0xFF,0x00,0x03,0xFF,0xF8,0x00,0x1F,0xFF,0xC0,0x00,0xFF,0xFE,0x00,0x07,0xFF,0xF0,0x00,0x3F,0xFF,0x80,
  0x01,0xFF,0xFC,0x00,0x0F,0xFF,0xE0,0x00,0x7F,0xFF,0x00,0x03,0xFF,0xF8,0x00,0x1F,0xFF,0xC0,0x00,0xFF,0xFE,0x00,0x07,0xFF,
  0xF0,0x00,0x3F,0xFF,0x80,0x01,0xFF,0xFC,0x00,0x0F,0xFF,0xE0,0x00,0x7F,0xFF,0x00,0x03,0xFF,0xF8,0x00,0x1F,0xFF,0xC0,0x00,
  0xFF,0xFE,0x00,0x07,0xFF,0xF0,0x00,0x3F,0xFF,0x80,0x01,0xFF,0xFC,0x00,0x0F,0xFF,0xE0,0x00,0x7F,0xFF,0x00,0x03,0xFF,0xF8,
  0x00,0x1F,0xFF,0xC0,0x00,0xFF,0xFE,0x00,0x07,0xFF,0xF0,0x00,0x3F,0xFF,0x80,0x01,0xFF,0xFC,0x00,0x0F,0xFF,0xE0,0x00,0x7F,
  0xFF,0x00,0x03,0xFF,0xF8,0x00,0x1F,0xFF,0xC0,0x00,0xFF,0xFE,0x00,0x07,0xFF,0xF0,0x00,0x3F,0xFF,0x80,0x01,0xFF,0xFC,0x00,
  0x0F,0xFF,0xE0,0x00,0x7F,0xFF,0x00,0x03,0xFF,0xF8,0x00,0x1F,0xFF,0xC0,0x00,0xFF,0xFE,0x00,0x07,0xFF,0xF0,0x00,0x3F,0xFF,
  0x80,0x01,0xFF,0xFC,0x00,0x0F,0xFF,0xE0,0x00,0x7F,0xFE,0x00,0x03,0xFF,0xF0,0x00,0x1F,0xFF,0x80,0x01,0xFF,0xFD,0xE0,0x0F,
  0xFF,0xCF,0x00,0x7F,0xFE,0x7C,0x03,0xFF,0xF3,0xE0,0x3F,0xFF,0x1F,0x03,0xFF,0xF0,0xFC,0x3F,0xFF,0x87,0xFF,0xFF,0xF8,0x3F,
  0xFF,0xFF,0x81,0xFF,0xFF,0xF0,0x0F,0xFF,0xFF,0x00,0x7F,0xFF,0xE0,0x00,0xFF,0xF8,0x00,0x00,0x00,0x0F,0xFF,0xFF,0xFF,0xFF,
  0xF8,0x00,0x00,0x00,0x00,0x3F,0xFF,0xFF,0xFF,0xFF,0xE0,0x00,0x00,0x00,0x00,0xFF,0xFF,0xFF,0xFF,0xFF,0x80,0x00,0x00,0x00,
  0x01,0xFF,0xFF,0xFF,0xFF,0xFE,0x00,0x00,0x00,0x00,0x00,0x7F,0xFF,0xFF,0xFF,0x00,0x00,0x00,0x00,0x00,0x00,0xFC,0x03,0xFF,
  0xF8,0x00,0x00,0x00,0x00,0x00,0x03,0xF0,0x07,0xFF,0xE0,0x00,0x00,0x00,0x00,0x00,0x0F,0xC0,0x1F,0xFF,0x80,0x00,0x00,0x00,
  0x00,0x00,0x3F,0x00,0x7F,0xFE,0x00,0x00,0x00,0x00,0x00,0x00,0xFC,0x01,0xFF,0xF8,0x00,0x00,0x00,0x00,0x00,0x07,0xE0,0x07,
  0xFF,0xE0,0x00,0x00,0x00,0x00,0x00,0x1F,0x80,0x1F,0xFF,0x80,0x00,0x00,0x00,0x00,0x00,0x7E,0x00,0x7F,0xFE,0x00,0x00,0x00,
  0x00,0x00,0x01,0xF8,0x01,0xFF,0xF8,0x00,0x00,0x00,0x00,0x00,0x07,0xE0,0x07,0xFF,0xE0,0x00,0x00,0x00,0x00,0x00,0x1F,0x80,
  0x1F,0xFF,0x80,0x00,0x00,0x00,0x00,0x00,0xFE,0x00,0x7F,0xFE,0x00,0x00,0x00,0x00,0x00,0x03,0xF0,0x01,0xFF,0xF8,0x00,0x00,
  0x00,0x00,0x00,0x0F,0xC0,0x07,0xFF,0xE0,0x00,0x00,0x00,0x00,0x00,0x3F,0x00,0x1F,0xFF,0x80,0x00,0x00,0x00,0x00,0x00,0xFC,
  0x00,0x7F,0xFF,0xFF,0xFF,0x00,0x00,0x00,0x03,0xF0,0x01,0xFF,0xFF,0xFF,0xFF,0xC0,0x00,0x00,0x1F,0xC0,0x07,0xFF,0xFF,0xFF,
  0xFF,0xE0,0x00,0x00,0x7E,0x00,0x1F,0xFF,0xFF,0xFF,0xFF,0xE0,0x00,0x01,0xF8,0x00,0x7F,0xFF,0xFF,0xFF,0xFF,0xC0,0x00,0x07,
  0xE0,0x01,0xFF,0xF8,0x00,0xFF,0xFF,0x80,0x00,0x1F,0x80,0x07,0xFF,0xE0,0x00,0xFF,0xFF,0x00,0x00,0x7E,0x00,0x1F,0xFF,0x80,
  0x01,0xFF,0xFC,0x00,0x03,0xF0,0x00,0x7F,0xFE,0x00,0x07,0xFF,0xF8,0x00,0x0F,0xC0,0x01,0xFF,0xF8,0x00,0x0F,0xFF,0xE0,0x00,
  0x3F,0x00,0x07,0xFF,0xE0,0x00,0x3F,0xFF,0x80,0x00,0xFC,0x00,0x1F,0xFF,0x80,0x00,0xFF,0xFE,0x00,0x07,0xF0,0x00,0x7F,0xFE,
  0x00,0x01,0xFF,0xFC,0x00,0x1F,0x80,0x01,0xFF,0xF8,0x00,0x07,0xFF,0xF0,0x00,0x7E,0x00,0x07,0xFF,0xE0,0x00,0x1F,0xFF,0xC0,
  0x03,0xF8,0x00,0x1F,0xFF,0x80,0x00,0x7F,0xFF,0x60,0x0F,0xE0,0x00,0x7F,0xFE,0x00,0x01,0xFF,0xFB,0xC0,0x3F,0x00,0x01,0xFF,
  0xF8,0x00,0x0F,0xFF,0xEF,0x01,0xFC,0x00,0x07,0xFF,0xE0,0x00,0x3F,0xFF,0xBE,0x07,0xF0,0x00,0x1F,0xFF,0x80,0x00,0xFF,0xFE,
  0xF8,0x3F,0x80,0x00,0x7F,0xFE,0x00,0x07,0xFF,0xF3,0xF1,0xFE,0x00,0x01,0xFF,0xF8,0x00,0x3F,0xFF,0xCF,0xFF,0xF0,0x00,0x07,
  0xFF,0xE0,0x03,0xFF,0xFE,0x3F,0xFF,0xC0,0x00,0x3F,0xFF,0xFF,0xFF,0xFF,0xF0,0xFF,0xFE,0x00,0x0F,0xFF,0xFF,0xFF,0xFF,0xFF,
  0x81,0xFF,0xF0,0x00,0x3F,0xFF,0xFF,0xFF,0xFF,0xF8,0x07,0xFF,0x80,0x00,0xFF,0xFF,0xFF,0xFF,0xFF,0x00,0x1F,0xFC,0x00,0x03,
  0xFF,0xFF,0xFF,0xFF,0x80,0x00,0x1F,0xC0,0x00,0x00,0x00,0x00,0x00,0x00,0x00,0x00,0xFF,0xFF,0xFF,0x07,0xFF,0xFF,0xFE,0x00,
  0x00,0x03,0xFF,0xFF,0xFC,0x1F,0xFF,0xFF,0xF8,0x00,0x00,0x0F,0xFF,0xFF,0xF0,0x7F,0xFF,0xFF,0xE0,0x00,0x00,0x3F,0xFF,0xFF,
  0xC1,0xFF,0xFF,0xFF,0x00,0x00,0x00,0x0F,0xFF,0xF0,0x00,0x7F,0xFF,0x80,0x00,0x00,0x00,0x3F,0xFF,0x80,0x00,0xFF,0xFE,0x00,
  0x00,0x00,0x00,0xFF,0xFE,0x00,0x03,0xFF,0xF8,0x00,0x00,0x00,0x03,0xFF,0xF8,0x00,0x0F,0xFF,0xE0,0x00,0x00,0x00,0x0F,0xFF,
  0xE0,0x00,0x3F,0xFF,0x80,0x00,0x00,0x00,0x3F,0xFF,0x80,0x00,0xFF,0xFE,0x00,0x00,0x00,0x00,0xFF,0xFE,0x00,0x03,0xFF,0xF8,
  0x00,0x00,0x00,0x03,0xFF,0xF8,0x00,0x0F,0xFF,0xE0,0x00,0x00,0x00,0x0F,0xFF,0xE0,0x00,0x3F,0xFF,0x80,0x00,0x00,0x00,0x3F,
  0xFF,0x80,0x00,0xFF,0xFE,0x00,0x00,0x00,0x00,0xFF,0xFE,0x00,0x03,0xFF,0xF8,0x00,0x00,0x00,0x03,0xFF,0xF8,0x00,0x0F,0xFF,
  0xE0,0x00,0x00,0x00,0x0F,0xFF,0xE0,0x00,0x3F,0xFF,0x80,0x00,0x00,0x00,0x3F,0xFF,0x80,0x00,0xFF,0xFE,0x00,0x00,0x00,0x00,
  0xFF,0xFE,0x00,0x03,0xFF,0xF8,0x00,0x00,0x00,0x03,0xFF,0xF8,0x00,0x0F,0xFF,0xE0,0x00,0x00,0x00,0x0F,0xFF,0xFF,0xFF,0xFF,
  0xFF,0xFF,0xFF,0x00,0x00,0x3F,0xFF,0xFF,0xFF,0xFF,0xFF,0xFF,0xFF,0xE0,0x00,0xFF,0xFF,0xFF,0xFF,0xFF,0xFF,0xFF,0xFF,0xE0,
  0x03,0xFF,0xFF,0xFF,0xFF,0xFF,0xFF,0xFF,0xFF,0xE0,0x0F,0xFF,0xFF,0xFF,0xFF,0xFF,0xFF,0xFF,0xFF,0xC0,0x3F,0xFF,0x80,0x00,
  0xFF,0xFE,0x00,0xFF,0xFF,0x80,0xFF,0xFE,0x00,0x03,0xFF,0xF8,0x00,0xFF,0xFF,0x03,0xFF,0xF8,0x00,0x0F,0xFF,0xE0,0x01,0xFF,
  0xFE,0x0F,0xFF,0xE0,0x00,0x3F,0xFF,0x80,0x03,0xFF,0xF8,0x3F,0xFF,0x80,0x00,0xFF,0xFE,0x00,0x0F,0xFF,0xE0,0xFF,0xFE,0x00,
  0x03,0xFF,0xF8,0x00,0x1F,0xFF,0xC3,0xFF,0xF8,0x00,0x0F,0xFF,0xE0,0x00,0x7F,0xFF,0x0F,0xFF,0xE0,0x00,0x3F,0xFF,0x80,0x01,
  0xFF,0xFC,0x3F,0xFF,0x80,0x00,0xFF,0xFE,0x00,0x07,0xFF,0xF0,0xFF,0xFE,0x00,0x03,0xFF,0xF8,0x00,0x1F,0xFF,0xC3,0xFF,0xF8,
  0x00,0x0F,0xFF,0xE0,0x00,0x7F,0xFF,0x0F,0xFF,0xE0,0x00,0x3F,0xFF,0x80,0x01,0xFF,0xFC,0x3F,0xFF,0x80,0x00,0xFF,0xFE,0x00,
  0x07,0xFF,0xF0,0xFF,0xFE,0x00,0x03,0xFF,0xF8,0x00,0x3F,0xFF,0x83,0xFF,0xF8,0x00,0x0F,0xFF,0xE0,0x00,0xFF,0xFE,0x0F,0xFF,
  0xE0,0x00,0x3F,0xFF,0x80,0x07,0xFF,0xF8,0x3F,0xFF,0x80,0x00,0xFF,0xFE,0x00,0x3F,0xFF,0xC0,0xFF,0xFE,0x00,0x03,0xFF,0xF8,
  0x03,0xFF,0xFE,0x03,0xFF,0xFC,0x00,0x1F,0xFF,0xFF,0xFF,0xFF,0xF0,0xFF,0xFF,0xFF,0x03,0xFF,0xFF,0xFF,0xFF,0xFF,0x83,0xFF,
  0xFF,0xFC,0x1F,0xFF,0xFF,0xFF,0xFF,0xF8,0x0F,0xFF,0xFF,0xF0,0x7F,0xFF,0xFF,0xFF,0xFF,0x00,0x3F,0xFF,0xFF,0xC1,0xFF,0xFF,
  0xFF,0xFF,0x80,0x00,0x1F,0xFF,0xFC,0x00,0x00,0x00,0x00,0x1F,0xFF,0xFC,0x00,0x00,0x00,0x00,0x1F,0xFF,0xFC,0x00,0x00,0x00,
  0x00,0x1F,0xFF,0xFC,0x00,0x00,0x00,0x00,0x01,0xFF,0xFC,0x00,0x00,0x00,0x00,0x01,0xFF,0xFC,0x00,0x00,0x00,0x00,0x01,0xFF,
  0xFC,0x00,0x00,0x00,0x00,0x01,0xFF,0xFC,0x00,0x00,0x00,0x00,0x01,0xFF,0xFC,0x00,0x00,0x00,0x00,0x01,0xFF,0xFC,0x00,0x00,
  0x00,0x00,0x01,0xFF,0xFC,0x00,0x00,0x00,0x00,0xFF,0xFF,0xFF,0xFF,0xE0,0x00,0x00,0xFF,0xFF,0xFF,0xFF,0xE0,0x00,0x00,0xFF,
  0xFF,0xFF,0xFF,0xE0,0x00,0x00,0xFF,0xFF,0xFF,0xFF,0xE0,0x00,0x00,0xFF,0xFF,0xFF,0xFF,0xE0,0x00,0x00,0x01,0xFF,0xFC,0x00,
  0x00,0x00,0x00,0x01,0xFF,0xFC,0x00,0x00,0x00,0x00,0x01,0xFF,0xFC,0x00,0x00,0x00,0x00,0x01,0xFF,0xFC,0x00,0x00,0x00,0x00,
  0x01,0xFF,0xFC,0x00,0x00,0x00,0x00,0x01,0xFF,0xFC,0x00,0x00,0x00,0x00,0x01,0xFF,0xFC,0x00,0x00,0x00,0x00,0x01,0xFF,0xFC,
  0x00,0x00,0x00,0x00,0x01,0xFF,0xFC,0x00,0x3F,0xE0,0x00,0x01,0xFF,0xFC,0x03,0xFF,0xF8,0x00,0x01,0xFF,0xFC,0x0F,0xFF,0xFE,
  0x00,0x01,0xFF,0xFC,0x3F,0xFF,0xFF,0x00,0x01,0xFF,0xFC,0xFF,0xFF,0xFF,0x80,0x01,0xFF,0xFF,0xFF,0xFF,0xFF,0xC0,0x01,0xFF,
  0xFF,0xFF,0xFF,0xFF,0xC0,0x01,0xFF,0xFF,0xC0,0xFF,0xFF,0xE0,0x01,0xFF,0xFE,0x00,0x3F,0xFF,0xE0,0x01,0xFF,0xFC,0x00,0x1F,
  0xFF,0xE0,0x01,0xFF,0xFC,0x00,0x0F,0xFF,0xE0,0x01,0xFF,0xFC,0x00,0x0F,0xFF,0xE0,0x01,0xFF,0xFC,0x00,0x0F,0xFF,0xE0,0x01,
  0xFF,0xFC,0x00,0x07,0xFF,0xF0,0x01,0xFF,0xFC,0x00,0x07,0xFF,0xF0,0x01,0xFF,0xFC,0x00,0x07,0xFF,0xF0,0x01,0xFF,0xFC,0x00,
  0x07,0xFF,0xF0,0x01,0xFF,0xFC,0x00,0x07,0xFF,0xF0,0x01,0xFF,0xFC,0x00,0x07,0xFF,0xF0,0x01,0xFF,0xFC,0x00,0x07,0xFF,0xF0,
  0x01,0xFF,0xFC,0x00,0x07,0xFF,0xF0,0x01,0xFF,0xFC,0x00,0x07,0xFF,0xF0,0x01,0xFF,0xFC,0x00,0x07,0xFF,0xF0,0x01,0xFF,0xFC,
  0x00,0x07,0xFF,0xF0,0x01,0xFF,0xFC,0x00,0x07,0xFF,0xF0,0x01,0xFF,0xFC,0x00,0x07,0xFF,0xF0,0x01,0xFF,0xFC,0x00,0x07,0xFF,
  0xF0,0x01,0xFF,0xFC,0x00,0x07,0xFF,0xF0,0x01,0xFF,0xFC,0x00,0x07,0xFF,0xF0,0x01,0xFF,0xFC,0x00,0x07,0xFF,0xF0,0x01,0xFF,
  0xFC,0x00,0x07,0xFF,0xF0,0x01,0xFF,0xFC,0x00,0x07,0xFF,0xF0,0x01,0xFF,0xFC,0x00,0x07,0xFF,0xF0,0x01,0xFF,0xFC,0x00,0x07,
  0xFF,0xF0,0x01,0xFF,0xFC,0x00,0x07,0xFF,0xF0,0x01,0xFF,0xFC,0x00,0x07,0xFF,0xF0,0x01,0xFF,0xFC,0x00,0x07,0xFF,0xF0,0x01,
  0xFF,0xFC,0x00,0x07,0xFF,0xF0,0x01,0xFF,0xFC,0x00,0x07,0xFF,0xF0,0x01,0xFF,0xFC,0x00,0x07,0xFF,0xF0,0x01,0xFF,0xFC,0x00,
  0x07,0xFF,0xF0,0x01,0xFF,0xFC,0x00,0x07,0xFF,0xF0,0x01,0xFF,0xFC,0x00,0x07,0xFF,0xF0,0x01,0xFF,0xFE,0x00,0x0F,0xFF,0xF0,
  0x1F,0xFF,0xFF,0xC0,0x7F,0xFF,0xFF,0x1F,0xFF,0xFF,0xE0,0xFF,0xFF,0xFF,0x1F,0xFF,0xFF,0xE0,0xFF,0xFF,0xFF,0x1F,0xFF,0xFF,
  0xE0,0xFF,0xFF,0xFF,0x00,0x00,0x00,0x03,0xFF,0xF8,0x00,0x00,0x00,0x00,0x01,0xFF,0xFE,0x00,0x00,0x00,0x00,0x00,0x7F,0xFF,
  0x00,0x00,0x00,0x00,0x00,0x3F,0xFF,0x80,0x00,0x00,0x00,0x00,0x1F,0xFF,0x80,0x00,0x00,0x00,0x00,0x07,0xFF,0xC0,0x00,0x00,
  0x00,0x00,0x03,0xFF,0xE0,0x00,0x00,0x00,0x00,0x00,0xFF,0xE0,0x00,0x00,0x00,0x00,0x00,0x7F,0xF0,0x00,0x00,0x00,0x00,0x00,
  0x1F,0xF8,0x00,0x00,0x00,0x00,0x00,0x0F,0xF8,0x00,0x00,0x00,0x00,0x00,0x07,0xFC,0x00,0x00,0x00,0x00,0x00,0x01,0xFE,0x00,
  0x00,0x00,0x00,0x00,0x00,0xFF,0x00,0x00,0x00,0x00,0x00,0x00,0x3F,0x00,0x00,0x00,0x00,0x00,0x00,0x0F,0x80,0x00,0x00,0x00,
  0x00,0x00,0x00,0x00,0x00,0x00,0x00,0x00,0x00,0x00,0x00,0x00,0x00,0x00,0x00,0x00,0x00,0x00,0x00,0x00,0x00,0x00,0x00,0x00,
  0x00,0x00,0x00,0x00,0x00,0x00,0x00,0x00,0x00,0x00,0x00,0x00,0x00,0x00,0x00,0x00,0x00,0x00,0x00,0x00,0x00,0x00,0x00,0x00,
  0x00,0x00,0x00,0x00,0x00,0x00,0x00,0x00,0x00,0x00,0x00,0x00,0x00,0x00,0x00,0x00,0x00,0x3F,0xFF,0xFF,0xC0,0x03,0xFF,0xFF,
  0x0F,0xFF,0xFF,0xF0,0x00,0xFF,0xFF,0xC3,0xFF,0xFF,0xFC,0x00,0x3F,0xFF,0xF0,0x7F,0xFF,0xFF,0x00,0x0F,0xFF,0xF8,0x03,0xFF,
  0xFC,0x00,0x00,0x3F,0xE0,0x00,0x7F,0xFF,0x00,0x00,0x0F,0xF0,0x00,0x1F,0xFF,0xC0,0x00,0x07,0xF8,0x00,0x07,0xFF,0xF0,0x00,
  0x03,0xFC,0x00,0x01,0xFF,0xFC,0x00,0x03,0xFE,0x00,0x00,0x7F,0xFF,0x00,0x01,0xFE,0x00,0x00,0x1F,0xFF,0xC0,0x00,0xFF,0x00,
  0x00,0x07,0xFF,0xF0,0x00,0x7F,0x80,0x00,0x01,0xFF,0xFC,0x00,0x3F,0xC0,0x00,0x00,0x7F,0xFF,0x00,0x1F,0xE0,0x00,0x00,0x1F,
  0xFF,0xC0,0x0F,0xF0,0x00,0x00,0x07,0xFF,0xF0,0x07,0xF8,0x00,0x00,0x01,0xFF,0xFC,0x03,0xFC,0x00,0x00,0x00,0x7F,0xFF,0x01,
  0xFE,0x00,0x00,0x00,0x1F,0xFF,0xC0,0xFF,0xC0,0x00,0x00,0x07,0xFF,0xF0,0x7F,0xF8,0x00,0x00,0x01,0xFF,0xFC,0x3F,0xFE,0x00,
  0x00,0x00,0x7F,0xFF,0x1F,0xFF,0xC0,0x00,0x00,0x1F,0xFF,0xCF,0xFF,0xF8,0x00,0x00,0x07,0xFF,0xF7,0xFF,0xFE,0x00,0x00,0x01,
  0xFF,0xFF,0xFF,0xFF,0xC0,0x00,0x00,0x7F,0xFF,0xFF,0xFF,0xF8,0x00,0x00,0x1F,0xFF,0xFC,0xFF,0xFF,0x00,0x00,0x07,0xFF,0xFE,
  0x3F,0xFF,0xC0,0x00,0x01,0xFF,0xFE,0x07,0xFF,0xF8,0x00,0x00,0x7F,0xFF,0x00,0xFF,0xFF,0x00,0x00,0x1F,0xFF,0xC0,0x3F,0xFF,
  0xC0,0x00,0x07,0xFF,0xF0,0x07,0xFF,0xF8,0x00,0x01,0xFF,0xFC,0x00,0xFF,0xFF,0x00,0x00,0x7F,0xFF,0x00,0x3F,0xFF,0xC0,0x00,
  0x1F,0xFF,0xC0,0x07,0xFF,0xF8,0x00,0x07,0xFF,0xF0,0x00,0xFF,0xFF,0x00,0x01,0xFF,0xFC,0x00,0x3F,0xFF,0xC0,0x00,0x7F,0xFF,
  0x00,0x07,0xFF,0xF8,0x00,0x1F,0xFF,0xC0,0x00,0xFF,0xFF,0x00,0x07,0xFF,0xF0,0x00,0x3F,0xFF,0xC0,0x01,0xFF,0xFC,0x00,0x07,
  0xFF,0xF8,0x00,0x7F,0xFF,0x00,0x00,0xFF,0xFF,0x00,0x1F,0xFF,0xC0,0x00,0x3F,0xFF,0xC0,0x0F,0xFF,0xF0,0x00,0x0F,0xFF,0xF8,
  0x1F,0xFF,0xFF,0xC0,0x1F,0xFF,0xFF,0xEF,0xFF,0xFF,0xF0,0x0F,0xFF,0xFF,0xFF,0xFF,0xFF,0xFC,0x03,0xFF,0xFF,0xFF,0xFF,0xFF,
  0xFF,0x00,0xFF,0xFF,0xFF,0xC0,0x00,0x1F,0xFF,0xC0,0x00,0x00,0x00,0x00,0x7F,0xFF,0x00,0x00,0x00,0x00,0x00,0xFF,0xFE,0x00,
  0x00,0x00,0x00,0x01,0xFF,0xF8,0x00,0x00,0x00,0x00,0x03,0xFF,0xF0,0x00,0x00,0x00,0x00,0x07,0xFF,0xE0,0x00,0x00,0x00,0x00,
  0x07,0xFF,0x80,0x00,0x00,0x00,0x00,0x0F,0xFF,0x00,0x00,0x00,0x00,0x00,0x1F,0xFC,0x00,0x00,0x00,0x00,0x00,0x1F,0xF8,0x00,
  0x00,0x00,0x00,0x00,0x3F,0xF0,0x00,0x00,0x00,0x00,0x00,0x7F,0xC0,0x00,0x00,0x00,0x00,0x00,0x7F,0x80,0x00,0x00,0x00,0x00,
  0x00,0xFE,0x00,0x00,0x00,0x00,0x00,0x01,0xFC,0x00,0x00,0x00,0x00,0x00,0x01,0xF0,0x00,0x00,0x00,0x00,0x00,0x00,0x00,0x00,
  0x00,0x00,0x00,0x00,0x00,0x00,0x00,0x00,0x00,0x00,0x00,0x00,0x00,0x00,0x00,0x00,0x00,0x00,0x00,0x00,0x00,0x00,0x00,0x00,
  0x00,0x00,0x00,0x00,0x00,0x00,0x00,0x00,0x00,0x00,0x00,0x00,0x00,0x00,0x00,0x00,0x00,0x00,0x00,0x00,0x00,0x00,0x00,0x00,
  0x00,0x00,0x00,0x00,0x00,0x00,0x03,0xFF,0xFF,0xFC,0x0F,0xFF,0xFF,0xFF,0xFF,0xFF,0xF0,0x3F,0xFF,0xFF,0xFF,0xFF,0xFF,0xC0,
  0xFF,0xFF,0xFF,0xFF,0xFF,0xFE,0x01,0xFF,0xFF,0xFC,0x3F,0xFF,0xC0,0x00,0xFF,0xFF,0x00,0xFF,0xFE,0x00,0x01,0xFF,0xF8,0x03,
  0xFF,0xF8,0x00,0x07,0xFF,0xE0,0x0F,0xFF,0xE0,0x00,0x1F,0xFF,0x80,0x3F,0xFF,0x80,0x00,0x7F,0xFE,0x00,0xFF,0xFE,0x00,0x01,
  0xFF,0xF8,0x03,0xFF,0xF8,0x00,0x0F,0xFF,0xE0,0x0F,0xFF,0xE0,0x00,0x3F,0xFF,0x80,0x3F,0xFF,0x80,0x01,0xFF,0xFE,0x00,0xFF,
  0xFE,0x00,0x0F,0xFF,0xF8,0x03,0xFF,0xF8,0x00,0x7F,0xFF,0xE0,0x0F,0xFF,0xE0,0x03,0xFF,0xFF,0x80,0x3F,0xFF,0x80,0x0F,0xFF,
  0xFE,0x00,0xFF,0xFE,0x00,0x7F,0xFF,0xF8,0x03,0xFF,0xF8,0x03,0xFF,0xFF,0xE0,0x0F,0xFF,0xE0,0x1F,0xDF,0xFF,0x80,0x3F,0xFF,
  0x80,0x7E,0x7F,0xFE,0x00,0xFF,0xFE,0x03,0xF1,0xFF,0xF8,0x03,0xFF,0xF8,0x1F,0x87,0xFF,0xE0,0x0F,0xFF,0xE0,0xFC,0x1F,0xFF,
  0x80,0x3F,0xFF,0x83,0xF0,0x7F,0xFE,0x00,0xFF,0xFE,0x1F,0x81,0xFF,0xF8,0x03,0xFF,0xF8,0xFC,0x07,0xFF,0xE0,0x0F,0xFF,0xE7,
  0xE0,0x1F,0xFF,0x80,0x3F,0xFF,0x9F,0x80,0x7F,0xFE,0x00,0xFF,0xFE,0xFC,0x01,0xFF,0xF8,0x03,0xFF,0xFF,0xE0,0x07,0xFF,0xE0,
  0x0F,0xFF,0xFF,0x00,0x1F,0xFF,0x80,0x3F,0xFF,0xFC,0x00,0x7F,0xFE,0x00,0xFF,0xFF,0xE0,0x01,0xFF,0xF8,0x03,0xFF,0xFF,0x00,
  0x07,0xFF,0xE0,0x0F,0xFF,0xF8,0x00,0x1F,0xFF,0x80,0x3F,0xFF,0xE0,0x00,0x7F,0xFE,0x00,0xFF,0xFF,0x00,0x01,0xFF,0xF8,0x03,
  0xFF,0xF8,0x00,0x07,0xFF,0xE0,0x0F,0xFF,0xE0,0x00,0x1F,0xFF,0x80,0x3F,0xFF,0x80,0x00,0x7F,0xFE,0x00,0xFF,0xFE,0x00,0x01,
  0xFF,0xF8,0x03,0xFF,0xF8,0x00,0x07,0xFF,0xE0,0x0F,0xFF,0xF0,0x00,0x3F,0xFF,0xC3,0xFF,0xFF,0xF8,0x07,0xFF,0xFF,0xFF,0xFF,
  0xFF,0xF0,0x3F,0xFF,0xFF,0xFF,0xFF,0xFF,0xC0,0xFF,0xFF,0xFF,0xFF,0xFF,0xFF,0x03,0xFF,0xFF,0xFC,0x07,0xFF,0x00,0x00,0x3F,
  0xF8,0x01,0xFF,0xC0,0x00,0x0F,0xFE,0x00,0x3F,0xF0,0x00,0x03,0xFF,0x80,0x0F,0xFE,0x00,0x00,0xFF,0xC0,0x03,0xFF,0x80,0x00,
  0x7F,0xF0,0x00,0xFF,0xE0,0x00,0x1F,0xFC,0x00,0x1F,0xFC,0x00,0x0F,0xFE,0x00,0x07,0xFF,0x80,0x03,0xFF,0x80,0x00,0xFF,0xF0,
  0x01,0xFF,0xC0,0x00,0x1F,0xFE,0x01,0xFF,0xE0,0x00,0x03,0xFF,0xFF,0xFF,0xF0,0x00,0x00,0x7F,0xFF,0xFF,0xF8,0x00,0x00,0x07,
  0xFF,0xFF,0xFC,0x00,0x00,0x00,0x7F,0xFF,0xF8,0x00,0x00,0x00,0x01,0xFF,0xF0,0x00,0x00,0x00,0x00,0x00,0x00,0x00,0x00,0x00,
  0x00,0x00,0x00,0x00,0x00,0x00,0x00,0x00,0x00,0x00,0x00,0x00,0x00,0x00,0x00,0x00,0x00,0x00,0x00,0x00,0x00,0x00,0x00,0x00,
  0x00,0x00,0x00,0x00,0x00,0x00,0x00,0x00,0x00,0x00,0x00,0x00,0x00,0x00,0x00,0x00,0x00,0x00,0x00,0x00,0x00,0x00,0x00,0x00,
  0x00,0xFF,0xFF,0xFF,0x80,0x3F,0xFF,0xFF,0xFF,0xFF,0xE0,0x0F,0xFF,0xFF,0xFF,0xFF,0xF8,0x03,0xFF,0xFF,0xFF,0xFF,0xFC,0x00,
  0x7F,0xFF,0x1F,0xFF,0xF0,0x00,0x01,0xFE,0x03,0xFF,0xF8,0x00,0x00,0x3F,0x00,0xFF,0xFF,0x00,0x00,0x1F,0xC0,0x1F,0xFF,0xC0,
  0x00,0x07,0xE0,0x07,0xFF,0xF0,0x00,0x03,0xF8,0x01,0xFF,0xFE,0x00,0x00,0xFE,0x00,0x3F,0xFF,0x80,0x00,0x3F,0x00,0x0F,0xFF,
  0xF0,0x00,0x1F,0xC0,0x01,0xFF,0xFC,0x00,0x07,0xE0,0x00,0x7F,0xFF,0x80,0x01,0xF8,0x00,0x0F,0xFF,0xE0,0x00,0xFE,0x00,0x03,
  0xFF,0xF8,0x00,0x3F,0x00,0x00,0xFF,0xFF,0x00,0x1F,0xC0,0x00,0x1F,0xFF,0xC0,0x07,0xE0,0x00,0x07,0xFF,0xF8,0x01,0xF8,0x00,
  0x00,0xFF,0xFE,0x00,0xFC,0x00,0x00,0x3F,0xFF,0x80,0x3F,0x00,0x00,0x07,0xFF,0xF0,0x0F,0xC0,0x00,0x01,0xFF,0xFC,0x07,0xE0,
  0x00,0x00,0x7F,0xFF,0x81,0xF8,0x00,0x00,0x0F,0xFF,0xE0,0xFC,0x00,0x00,0x03,0xFF,0xFC,0x3F,0x00,0x00,0x00,0x7F,0xFF,0x0F,
  0xC0,0x00,0x00,0x1F,0xFF,0xC7,0xE0,0x00,0x00,0x07,0xFF,0xF9,0xF8,0x00,0x00,0x00,0xFF,0xFE,0x7C,0x00,0x00,0x00,0x3F,0xFF,
  0xFF,0x00,0x00,0x00,0x07,0xFF,0xFF,0xC0,0x00,0x00,0x01,0xFF,0xFF,0xE0,0x00,0x00,0x00,0x3F,0xFF,0xF8,0x00,0x00,0x00,0x0F,
  0xFF,0xFC,0x00,0x00,0x00,0x03,0xFF,0xFF,0x00,0x00,0x00,0x00,0x7F,0xFF,0xC0,0x00,0x00,0x00,0x1F,0xFF,0xE0,0x00,0x00,0x00,
  0x03,0xFF,0xF8,0x00,0x00,0x00,0x00,0xFF,0xFC,0x00,0x00,0x00,0x00,0x1F,0xFF,0x00,0x00,0x00,0x00,0x07,0xFF,0xC0,0x00,0x00,
  0x00,0x01,0xFF,0xE0,0x00,0x00,0x00,0x00,0x3F,0xF8,0x00,0x00,0x00,0x00,0x0F,0xFC,0x00,0x00,0x00,0x00,0x01,0xFF,0x00,0x00,
  0x00,0x00,0x00,0x7F,0xC0,0x00,0x00,0x00,0x00,0x0F,0xE0,0x00,0x00,0x00,0x00,0x03,0xF8,0x00,0x00,0x00,0x00,0x00,0xFC,0x00,
  0x00,0x00,0x00,0x00,0x3F,0x00,0x00,0x00,0x00,0x00,0x0F,0xC0,0x00,0x00,0x00,0x00,0x07,0xE0,0x00,0x00,0x00,0x00,0x01,0xF8,
  0x00,0x00,0x00,0x00,0x00,0xFC,0x00,0x00,0x00,0x00,0x00,0x3F,0x00,0x00,0x00,0x00,0x00,0x1F,0xC0,0x00,0x00,0x00,0x00,0x07,
  0xE0,0x00,0x00,0x07,0x80,0x03,0xF8,0x00,0x00,0x01,0xE0,0x00,0xFC,0x00,0x00,0x00,0x78,0x00,0x7F,0x00,0x00,0x00,0x1F,0x00,
  0x1F,0x80,0x00,0x00,0x07,0xC0,0x0F,0xE0,0x00,0x00,0x01,0xF8,0x07,0xF0,0x00,0x00,0x00,0x7E,0x07,0xF8,0x00,0x00,0x00,0x1F,
  0xFF,0xFE,0x00,0x00,0x00,0x07,0xFF,0xFF,0x00,0x00,0x00,0x01,0xFF,0xFF,0x80,0x00,0x00,0x00,0x7F,0xFF,0x80,0x00,0x00,0x00,
  0x1F,0xFF,0xC0,0x00,0x00,0x00,0x00,0xFF,0xC0,0x00,0x00,0x00,0x00,0xFF,0xFF,0xFF,0x03,0xFF,0xFF,0xFF,0xFF,0xFF,0xFC,0x0F,
  0xFF,0xFF,0xFF,0xFF,0xFF,0xF0,0x3F,0xFF,0xFF,0xFF,0xFF,0xFF,0xC0,0xFF,0xFF,0xFF,0x0F,0xFF,0xF0,0x00,0x3F,0xFF,0xC0,0x3F,
  0xFF,0x80,0x00,0x7F,0xFE,0x00,0xFF,0xFE,0x00,0x01,0xFF,0xF8,0x03,0xFF,0xF8,0x00,0x07,0xFF,0xE0,0x0F,0xFF,0xE0,0x00,0x1F,
  0xFF,0x80,0x3F,0xFF,0x80,0x00,0x7F,0xFE,0x00,0xFF,0xFE,0x00,0x01,0xFF,0xF8,0x03,0xFF,0xF8,0x00,0x07,0xFF,0xE0,0x0F,0xFF,
  0xE0,0x00,0x1F,0xFF,0x80,0x3F,0xFF,0x80,0x00,0x7F,0xFE,0x00,0xFF,0xFE,0x00,0x01,0xFF,0xF8,0x03,0xFF,0xF8,0x00,0x07,0xFF,
  0xE0,0x0F,0xFF,0xE0,0x00,0x1F,0xFF,0x80,0x3F,0xFF,0x80,0x00,0x7F,0xFE,0x00,0xFF,0xFE,0x00,0x01,0xFF,0xF8,0x03,0xFF,0xF8,
  0x00,0x07,0xFF,0xE0,0x0F,0xFF,0xE0,0x00,0x1F,0xFF,0x80,0x3F,0xFF,0x80,0x00,0x7F,0xFE,0x00,0xFF,0xFE,0x00,0x01,0xFF,0xF8,
  0x03,0xFF,0xF8,0x00,0x07,0xFF,0xE0,0x0F,0xFF,0xE0,0x00,0x1F,0xFF,0x80,0x3F,0xFF,0x80,0x00,0x7F,0xFE,0x00,0xFF,0xFE,0x00,
  0x01,0xFF,0xF8,0x03,0xFF,0xF8,0x00,0x07,0xFF,0xE0,0x0F,0xFF,0xE0,0x00,0x1F,0xFF,0x80,0x3F,0xFF,0x80,0x00,0x7F,0xFE,0x00,
  0xFF,0xFE,0x00,0x01,0xFF,0xF8,0x03,0xFF,0xF8,0x00,0x07,0xFF,0xE0,0x0F,0xFF,0xE0,0x00,0x1F,0xFF,0x80,0x3F,0xFF,0x80,0x00,
  0x7F,0xFE,0x00,0xFF,0xFE,0x00,0x01,0xFF,0xF8,0x03,0xFF,0xF8,0x00,0x07,0xFF,0xE0,0x0F,0xFF,0xE0,0x00,0x1F,0xFF,0x80,0x3F,
  0xFF,0x80,0x00,0x7F,0xFE,0x00,0xFF,0xFE,0x00,0x01,0xFF,0xF8,0x03,0xFF,0xF8,0x00,0x07,0xFF,0xE0,0x0F,0xFF,0xE0,0x00,0x1F,
  0xFF,0x80,0x3F,0xFF,0x80,0x00,0x7F,0xFE,0x00,0xFF,0xFE,0x00,0x03,0xFF,0xF8,0x03,0xFF,0xFF,0xFF,0xFF,0xFF,0xF0,0xFF,0xFF,
  0xFF,0xFF,0xFF,0xFF,0xFF,0xFF,0xFF,0xFF,0xFF,0xFF,0xFF,0xFF,0xFF,0xFF,0xFF,0xFF,0xFF,0xFF,0xFF,0xFF,0xFF,0xFF,0xFF,0xFF,
  0xFF,0x00,0x00,0x0F,0xFF,0x80,0x00,0x00,0x00,0x00,0x1F,0xFE,0x00,0x00,0x00,0x00,0x00,0x7F,0xF8,0x00,0x00,0x00,0x00,0x01,
  0xFF,0xE0,0x00,0x00,0x00,0x00,0x07,0xFF,0x80,0x00,0x00,0x00,0x00,0x1F,0xFC,0x00,0x00,0x00,0x00,0x00,0x3F,0xF0,0x00,0x00,
  0x00,0x00,0x00,0xFF,0xC0,0x00,0x00,0x00,0x00,0x03,0xFF,0x00,0x00,0x00,0x00,0x00,0x0F,0xFC,0x00,0x00,0x00,0x00,0x00,0x3F,
  0xE0,0x00,0x00,0x00,0x00,0x00,0x7F,0x80,0x00,0x00,0x00,0x00,0x01,0xFE,0x00,0x00,0x00,0x00,0x00,0x07,0xF8,0x00,0x00,0x00,
  0x00,0x00,0x1F,0xE0,0x00,0x00,0x00,0x00,0x00,0x7F,0x00,0x00,0x00,0x00,0x00,0x00,0xFC,0x00,0x00,0x00,0x00,0x00,0x03,0xF0,
  0x00,0x00,0x00,
  0x00};
static const lgfx::GFXglyph LibSerif68_glyphs[] PROGMEM = {
  {0,0,0,26,0,0},
  {0,17,69,35,9,-68},
  {147,34,24,58,12,-68},
  {249,50,68,52,1,-68},
  {674,45,83,52,4,-75},
  {1141,83,70,104,11,-69},
  {1868,76,70,87,6,-69},
  {2533,13,24,29,8,-68},
  {2572,26,94,35,5,-72},
  {2878,27,94,35,3,-72},
  {3196,43,39,52,4,-68},
  {3406,49,49,59,5,-59},
  {3707,21,31,26,1,-15},
  {3789,27,9,35,4,-29},
  {3820,16,17,26,5,-16},
  {3854,31,70,29,-1,-69},
  {4126,44,70,52,4,-69},
  {4511,39,68,52,8,-68},
  {4843,44,69,52,4,-69},
  {5223,45,70,52,4,-69},
  {5617,49,68,52,1,-68},
  {6034,44,69,52,4,-68},
  {6414,46,70,52,3,-69},
  {6817,44,68,52,6,-68},
  {7191,46,70,52,3,-69},
  {7594,45,70,52,3,-69},
  {7988,17,50,35,8,-49},
  {8095,21,65,35,5,-49},
  {8266,49,53,59,5,-61},
  {8591,49,28,59,5,-49},
  {8763,49,53,59,5,-61},
  {9088,40,70,52,6,-69},
  {9438,86,89,97,5,-69},
  {10395,73,69,75,1,-69},
  {11025,65,68,69,2,-68},
  {11578,62,70,75,5,-69},
  {12121,68,68,75,2,-68},
  {12699,62,68,69,2,-68},
  {13226,57,68,64,2,-68},
  {13711,73,70,81,5,-69},
  {14350,77,68,81,2,-68},
  {15005,34,68,40,3,-68},
  {15294,44,69,52,5,-68},
  {15674,78,68,81,2,-68},
  {16337,63,68,69,2,-68},
  {16873,93,68,98,2,-68},
  {17664,72,68,75,2,-68},
  {18276,71,70,81,5,-69},
  {18898,59,68,64,2,-68},
  {19400,71,86,81,5,-69},
  {20164,74,68,75,2,-68},
  {20793,48,70,58,5,-69},
  {21213,66,68,69,2,-68},
  {21774,70,69,75,3,-68},
  {22378,73,69,75,1,-68},
  {23008,101,69,104,1,-68},
  {23880,72,68,75,2,-68},
  {24492,71,68,75,2,-68},
  {25096,59,68,69,5,-68},
  {25598,23,86,35,8,-72},
  {25846,31,70,29,-1,-69},
  {26118,23,86,35,4,-72},
  {26366,48,48,60,6,-68},
  {26654,54,7,52,-1,7},
  {26702,23,16,35,4,-73},
  {26748,47,50,52,3,-49},
  {27042,53,73,58,1,-72},
  {27526,40,50,46,4,-49},
  {27776,53,73,58,4,-72},
  {28260,40,50,46,4,-49},
  {28510,35,73,35,1,-73},
  {28830,48,76,52,3,-53},
  {29286,53,72,58,3,-72},
  {29763,25,73,29,2,-73},
  {29992,29,95,35,-1,-73},
  {30337,55,72,58,3,-72},
  {30832,25,72,29,2,-72},
  {31057,82,49,87,3,-49},
  {31560,53,49,58,3,-49},
  {31885,44,50,52,4,-49},
  {32160,53,71,58,1,-49},
  {32631,53,72,58,4,-50},
  {33108,41,49,46,3,-49},
  {33360,35,50,40,3,-49},
  {33579,32,60,35,2,-59},
  {33819,53,49,58,2,-48},
  {34144,52,49,52,0,-48},
  {34463,75,49,75,0,-48},
  {34923,52,48,52,0,-48},
  {35235,50,71,52,1,-48},
  {35679,42,48,46,2,-48},
  {35931,34,86,41,3,-72},
  {36297,7,95,23,8,-72},
  {36381,34,86,41,4,-72},
  {36747,52,20,54,1,-44},
  {0,0,0,0,0,0},
  {0,0,0,0,0,0},
  {0,0,0,0,0,0},
  {0,0,0,0,0,0},
  {0,0,0,0,0,0},
  {0,0,0,0,0,0},
  {0,0,0,0,0,0},
  {0,0,0,0,0,0},
  {0,0,0,0,0,0},
  {0,0,0,0,0,0},
  {0,0,0,0,0,0},
  {0,0,0,0,0,0},
  {0,0,0,0,0,0},
  {0,0,0,0,0,0},
  {0,0,0,0,0,0},
  {0,0,0,0,0,0},
  {0,0,0,0,0,0},
  {0,0,0,0,0,0},
  {0,0,0,0,0,0},
  {0,0,0,0,0,0},
  {0,0,0,0,0,0},
  {0,0,0,0,0,0},
  {0,0,0,0,0,0},
  {0,0,0,0,0,0},
  {0,0,0,0,0,0},
  {0,0,0,0,0,0},
  {0,0,0,0,0,0},
  {0,0,0,0,0,0},
  {0,0,0,0,0,0},
  {0,0,0,0,0,0},
  {0,0,0,0,0,0},
  {0,0,0,0,0,0},
  {0,0,0,0,0,0},
  {0,0,0,0,0,0},
  {0,0,0,0,0,0},
  {0,0,0,0,0,0},
  {0,0,0,0,0,0},
  {0,0,0,0,0,0},
  {0,0,0,0,0,0},
  {0,0,0,0,0,0},
  {0,0,0,0,0,0},
  {0,0,0,0,0,0},
  {0,0,0,0,0,0},
  {0,0,0,0,0,0},
  {0,0,0,0,0,0},
  {0,0,0,0,0,0},
  {0,0,0,0,0,0},
  {0,0,0,0,0,0},
  {0,0,0,0,0,0},
  {36877,32,32,42,5,-69},
  {0,0,0,0,0,0},
  {0,0,0,0,0,0},
  {0,0,0,0,0,0},
  {0,0,0,0,0,0},
  {0,0,0,0,0,0},
  {0,0,0,0,0,0},
  {0,0,0,0,0,0},
  {0,0,0,0,0,0},
  {0,0,0,0,0,0},
  {0,0,0,0,0,0},
  {0,0,0,0,0,0},
  {0,0,0,0,0,0},
  {0,0,0,0,0,0},
  {0,0,0,0,0,0},
  {0,0,0,0,0,0},
  {0,0,0,0,0,0},
  {0,0,0,0,0,0},
  {0,0,0,0,0,0},
  {0,0,0,0,0,0},
  {0,0,0,0,0,0},
  {0,0,0,0,0,0},
  {0,0,0,0,0,0},
  {0,0,0,0,0,0},
  {0,0,0,0,0,0},
  {0,0,0,0,0,0},
  {0,0,0,0,0,0},
  {0,0,0,0,0,0},
  {0,0,0,0,0,0},
  {0,0,0,0,0,0},
  {0,0,0,0,0,0},
  {0,0,0,0,0,0},
  {0,0,0,0,0,0},
  {0,0,0,0,0,0},
  {0,0,0,0,0,0},
  {0,0,0,0,0,0},
  {0,0,0,0,0,0},
  {0,0,0,0,0,0},
  {0,0,0,0,0,0},
  {0,0,0,0,0,0},
  {0,0,0,0,0,0},
  {0,0,0,0,0,0},
  {0,0,0,0,0,0},
  {0,0,0,0,0,0},
  {0,0,0,0,0,0},
  {0,0,0,0,0,0},
  {0,0,0,0,0,0},
  {0,0,0,0,0,0},
  {0,0,0,0,0,0},
  {0,0,0,0,0,0},
  {0,0,0,0,0,0},
  {0,0,0,0,0,0},
  {0,0,0,0,0,0},
  {0,0,0,0,0,0},
  {0,0,0,0,0,0},
  {0,0,0,0,0,0},
  {0,0,0,0,0,0},
  {0,0,0,0,0,0},
  {0,0,0,0,0,0},
  {0,0,0,0,0,0},
  {0,0,0,0,0,0},
  {0,0,0,0,0,0},
  {0,0,0,0,0,0},
  {0,0,0,0,0,0},
  {0,0,0,0,0,0},
  {0,0,0,0,0,0},
  {0,0,0,0,0,0},
  {0,0,0,0,0,0},
  {0,0,0,0,0,0},
  {0,0,0,0,0,0},
  {0,0,0,0,0,0},
  {0,0,0,0,0,0},
  {0,0,0,0,0,0},
  {0,0,0,0,0,0},
  {0,0,0,0,0,0},
  {0,0,0,0,0,0},
  {0,0,0,0,0,0},
  {0,0,0,0,0,0},
  {0,0,0,0,0,0},
  {0,0,0,0,0,0},
  {0,0,0,0,0,0},
  {0,0,0,0,0,0},
  {0,0,0,0,0,0},
  {0,0,0,0,0,0},
  {0,0,0,0,0,0},
  {0,0,0,0,0,0},
  {0,0,0,0,0,0},
  {0,0,0,0,0,0},
  {0,0,0,0,0,0},
  {0,0,0,0,0,0},
  {0,0,0,0,0,0},
  {0,0,0,0,0,0},
  {0,0,0,0,0,0},
  {0,0,0,0,0,0},
  {0,0,0,0,0,0},
  {0,0,0,0,0,0},
  {0,0,0,0,0,0},
  {0,0,0,0,0,0},
  {0,0,0,0,0,0},
  {0,0,0,0,0,0},
  {0,0,0,0,0,0},
  {0,0,0,0,0,0},
  {0,0,0,0,0,0},
  {0,0,0,0,0,0},
  {0,0,0,0,0,0},
  {0,0,0,0,0,0},
  {0,0,0,0,0,0},
  {0,0,0,0,0,0},
  {0,0,0,0,0,0},
  {0,0,0,0,0,0},
  {0,0,0,0,0,0},
  {0,0,0,0,0,0},
  {0,0,0,0,0,0},
  {0,0,0,0,0,0},
  {0,0,0,0,0,0},
  {0,0,0,0,0,0},
  {0,0,0,0,0,0},
  {0,0,0,0,0,0},
  {0,0,0,0,0,0},
  {0,0,0,0,0,0},
  {0,0,0,0,0,0},
  {0,0,0,0,0,0},
  {0,0,0,0,0,0},
  {0,0,0,0,0,0},
  {0,0,0,0,0,0},
  {0,0,0,0,0,0},
  {0,0,0,0,0,0},
  {0,0,0,0,0,0},
  {0,0,0,0,0,0},
  {0,0,0,0,0,0},
  {0,0,0,0,0,0},
  {0,0,0,0,0,0},
  {0,0,0,0,0,0},
  {0,0,0,0,0,0},
  {0,0,0,0,0,0},
  {0,0,0,0,0,0},
  {0,0,0,0,0,0},
  {0,0,0,0,0,0},
  {0,0,0,0,0,0},
  {0,0,0,0,0,0},
  {0,0,0,0,0,0},
  {0,0,0,0,0,0},
  {0,0,0,0,0,0},
  {0,0,0,0,0,0},
  {0,0,0,0,0,0},
  {0,0,0,0,0,0},
  {0,0,0,0,0,0},
  {0,0,0,0,0,0},
  {0,0,0,0,0,0},
  {0,0,0,0,0,0},
  {0,0,0,0,0,0},
  {0,0,0,0,0,0},
  {0,0,0,0,0,0},
  {0,0,0,0,0,0},
  {0,0,0,0,0,0},
  {0,0,0,0,0,0},
  {0,0,0,0,0,0},
  {0,0,0,0,0,0},
  {0,0,0,0,0,0},
  {0,0,0,0,0,0},
  {0,0,0,0,0,0},
  {0,0,0,0,0,0},
  {0,0,0,0,0,0},
  {0,0,0,0,0,0},
  {0,0,0,0,0,0},
  {0,0,0,0,0,0},
  {0,0,0,0,0,0},
  {0,0,0,0,0,0},
  {0,0,0,0,0,0},
  {0,0,0,0,0,0},
  {0,0,0,0,0,0},
  {0,0,0,0,0,0},
  {0,0,0,0,0,0},
  {0,0,0,0,0,0},
  {0,0,0,0,0,0},
  {0,0,0,0,0,0},
  {0,0,0,0,0,0},
  {0,0,0,0,0,0},
  {0,0,0,0,0,0},
  {0,0,0,0,0,0},
  {0,0,0,0,0,0},
  {0,0,0,0,0,0},
  {0,0,0,0,0,0},
  {0,0,0,0,0,0},
  {0,0,0,0,0,0},
  {0,0,0,0,0,0},
  {0,0,0,0,0,0},
  {0,0,0,0,0,0},
  {0,0,0,0,0,0},
  {0,0,0,0,0,0},
  {0,0,0,0,0,0},
  {0,0,0,0,0,0},
  {0,0,0,0,0,0},
  {0,0,0,0,0,0},
  {0,0,0,0,0,0},
  {0,0,0,0,0,0},
  {0,0,0,0,0,0},
  {0,0,0,0,0,0},
  {0,0,0,0,0,0},
  {0,0,0,0,0,0},
  {0,0,0,0,0,0},
  {0,0,0,0,0,0},
  {0,0,0,0,0,0},
  {0,0,0,0,0,0},
  {0,0,0,0,0,0},
  {0,0,0,0,0,0},
  {0,0,0,0,0,0},
  {0,0,0,0,0,0},
  {0,0,0,0,0,0},
  {0,0,0,0,0,0},
  {0,0,0,0,0,0},
  {0,0,0,0,0,0},
  {0,0,0,0,0,0},
  {0,0,0,0,0,0},
  {0,0,0,0,0,0},
  {0,0,0,0,0,0},
  {0,0,0,0,0,0},
  {0,0,0,0,0,0},
  {0,0,0,0,0,0},
  {0,0,0,0,0,0},
  {0,0,0,0,0,0},
  {0,0,0,0,0,0},
  {0,0,0,0,0,0},
  {0,0,0,0,0,0},
  {0,0,0,0,0,0},
  {0,0,0,0,0,0},
  {0,0,0,0,0,0},
  {0,0,0,0,0,0},
  {0,0,0,0,0,0},
  {0,0,0,0,0,0},
  {0,0,0,0,0,0},
  {0,0,0,0,0,0},
  {0,0,0,0,0,0},
  {0,0,0,0,0,0},
  {0,0,0,0,0,0},
  {0,0,0,0,0,0},
  {0,0,0,0,0,0},
  {0,0,0,0,0,0},
  {0,0,0,0,0,0},
  {0,0,0,0,0,0},
  {0,0,0,0,0,0},
  {0,0,0,0,0,0},
  {0,0,0,0,0,0},
  {0,0,0,0,0,0},
  {0,0,0,0,0,0},
  {0,0,0,0,0,0},
  {0,0,0,0,0,0},
  {0,0,0,0,0,0},
  {0,0,0,0,0,0},
  {0,0,0,0,0,0},
  {0,0,0,0,0,0},
  {0,0,0,0,0,0},
  {0,0,0,0,0,0},
  {0,0,0,0,0,0},
  {0,0,0,0,0,0},
  {0,0,0,0,0,0},
  {0,0,0,0,0,0},
  {0,0,0,0,0,0},
  {0,0,0,0,0,0},
  {0,0,0,0,0,0},
  {0,0,0,0,0,0},
  {0,0,0,0,0,0},
  {0,0,0,0,0,0},
  {0,0,0,0,0,0},
  {0,0,0,0,0,0},
  {0,0,0,0,0,0},
  {0,0,0,0,0,0},
  {0,0,0,0,0,0},
  {0,0,0,0,0,0},
  {0,0,0,0,0,0},
  {0,0,0,0,0,0},
  {0,0,0,0,0,0},
  {0,0,0,0,0,0},
  {0,0,0,0,0,0},
  {0,0,0,0,0,0},
  {0,0,0,0,0,0},
  {0,0,0,0,0,0},
  {0,0,0,0,0,0},
  {0,0,0,0,0,0},
  {0,0,0,0,0,0},
  {0,0,0,0,0,0},
  {0,0,0,0,0,0},
  {0,0,0,0,0,0},
  {0,0,0,0,0,0},
  {0,0,0,0,0,0},
  {0,0,0,0,0,0},
  {0,0,0,0,0,0},
  {0,0,0,0,0,0},
  {0,0,0,0,0,0},
  {0,0,0,0,0,0},
  {0,0,0,0,0,0},
  {0,0,0,0,0,0},
  {0,0,0,0,0,0},
  {0,0,0,0,0,0},
  {0,0,0,0,0,0},
  {0,0,0,0,0,0},
  {0,0,0,0,0,0},
  {0,0,0,0,0,0},
  {0,0,0,0,0,0},
  {0,0,0,0,0,0},
  {0,0,0,0,0,0},
  {0,0,0,0,0,0},
  {0,0,0,0,0,0},
  {0,0,0,0,0,0},
  {0,0,0,0,0,0},
  {0,0,0,0,0,0},
  {0,0,0,0,0,0},
  {0,0,0,0,0,0},
  {0,0,0,0,0,0},
  {0,0,0,0,0,0},
  {0,0,0,0,0,0},
  {0,0,0,0,0,0},
  {0,0,0,0,0,0},
  {0,0,0,0,0,0},
  {0,0,0,0,0,0},
  {0,0,0,0,0,0},
  {0,0,0,0,0,0},
  {0,0,0,0,0,0},
  {0,0,0,0,0,0},
  {0,0,0,0,0,0},
  {0,0,0,0,0,0},
  {0,0,0,0,0,0},
  {0,0,0,0,0,0},
  {0,0,0,0,0,0},
  {0,0,0,0,0,0},
  {0,0,0,0,0,0},
  {0,0,0,0,0,0},
  {0,0,0,0,0,0},
  {0,0,0,0,0,0},
  {0,0,0,0,0,0},
  {0,0,0,0,0,0},
  {0,0,0,0,0,0},
  {0,0,0,0,0,0},
  {0,0,0,0,0,0},
  {0,0,0,0,0,0},
  {0,0,0,0,0,0},
  {0,0,0,0,0,0},
  {0,0,0,0,0,0},
  {0,0,0,0,0,0},
  {0,0,0,0,0,0},
  {0,0,0,0,0,0},
  {0,0,0,0,0,0},
  {0,0,0,0,0,0},
  {0,0,0,0,0,0},
  {0,0,0,0,0,0},
  {0,0,0,0,0,0},
  {0,0,0,0,0,0},
  {0,0,0,0,0,0},
  {0,0,0,0,0,0},
  {0,0,0,0,0,0},
  {0,0,0,0,0,0},
  {0,0,0,0,0,0},
  {0,0,0,0,0,0},
  {0,0,0,0,0,0},
  {0,0,0,0,0,0},
  {0,0,0,0,0,0},
  {0,0,0,0,0,0},
  {0,0,0,0,0,0},
  {0,0,0,0,0,0},
  {0,0,0,0,0,0},
  {0,0,0,0,0,0},
  {0,0,0,0,0,0},
  {0,0,0,0,0,0},
  {0,0,0,0,0,0},
  {0,0,0,0,0,0},
  {0,0,0,0,0,0},
  {0,0,0,0,0,0},
  {0,0,0,0,0,0},
  {0,0,0,0,0,0},
  {0,0,0,0,0,0},
  {0,0,0,0,0,0},
  {0,0,0,0,0,0},
  {0,0,0,0,0,0},
  {0,0,0,0,0,0},
  {0,0,0,0,0,0},
  {0,0,0,0,0,0},
  {0,0,0,0,0,0},
  {0,0,0,0,0,0},
  {0,0,0,0,0,0},
  {0,0,0,0,0,0},
  {0,0,0,0,0,0},
  {0,0,0,0,0,0},
  {0,0,0,0,0,0},
  {0,0,0,0,0,0},
  {0,0,0,0,0,0},
  {0,0,0,0,0,0},
  {0,0,0,0,0,0},
  {0,0,0,0,0,0},
  {0,0,0,0,0,0},
  {0,0,0,0,0,0},
  {0,0,0,0,0,0},
  {0,0,0,0,0,0},
  {0,0,0,0,0,0},
  {0,0,0,0,0,0},
  {0,0,0,0,0,0},
  {0,0,0,0,0,0},
  {0,0,0,0,0,0},
  {0,0,0,0,0,0},
  {0,0,0,0,0,0},
  {0,0,0,0,0,0},
  {0,0,0,0,0,0},
  {0,0,0,0,0,0},
  {0,0,0,0,0,0},
  {0,0,0,0,0,0},
  {0,0,0,0,0,0},
  {0,0,0,0,0,0},
  {0,0,0,0,0,0},
  {0,0,0,0,0,0},
  {0,0,0,0,0,0},
  {0,0,0,0,0,0},
  {0,0,0,0,0,0},
  {0,0,0,0,0,0},
  {0,0,0,0,0,0},
  {0,0,0,0,0,0},
  {0,0,0,0,0,0},
  {0,0,0,0,0,0},
  {0,0,0,0,0,0},
  {0,0,0,0,0,0},
  {0,0,0,0,0,0},
  {0,0,0,0,0,0},
  {0,0,0,0,0,0},
  {0,0,0,0,0,0},
  {0,0,0,0,0,0},
  {0,0,0,0,0,0},
  {0,0,0,0,0,0},
  {0,0,0,0,0,0},
  {0,0,0,0,0,0},
  {0,0,0,0,0,0},
  {0,0,0,0,0,0},
  {0,0,0,0,0,0},
  {0,0,0,0,0,0},
  {0,0,0,0,0,0},
  {0,0,0,0,0,0},
  {0,0,0,0,0,0},
  {0,0,0,0,0,0},
  {0,0,0,0,0,0},
  {0,0,0,0,0,0},
  {0,0,0,0,0,0},
  {0,0,0,0,0,0},
  {0,0,0,0,0,0},
  {0,0,0,0,0,0},
  {0,0,0,0,0,0},
  {0,0,0,0,0,0},
  {0,0,0,0,0,0},
  {0,0,0,0,0,0},
  {0,0,0,0,0,0},
  {0,0,0,0,0,0},
  {0,0,0,0,0,0},
  {0,0,0,0,0,0},
  {0,0,0,0,0,0},
  {0,0,0,0,0,0},
  {0,0,0,0,0,0},
  {0,0,0,0,0,0},
  {0,0,0,0,0,0},
  {0,0,0,0,0,0},
  {0,0,0,0,0,0},
  {0,0,0,0,0,0},
  {0,0,0,0,0,0},
  {0,0,0,0,0,0},
  {0,0,0,0,0,0},
  {0,0,0,0,0,0},
  {0,0,0,0,0,0},
  {0,0,0,0,0,0},
  {0,0,0,0,0,0},
  {0,0,0,0,0,0},
  {0,0,0,0,0,0},
  {0,0,0,0,0,0},
  {0,0,0,0,0,0},
  {0,0,0,0,0,0},
  {0,0,0,0,0,0},
  {0,0,0,0,0,0},
  {0,0,0,0,0,0},
  {0,0,0,0,0,0},
  {0,0,0,0,0,0},
  {0,0,0,0,0,0},
  {0,0,0,0,0,0},
  {0,0,0,0,0,0},
  {0,0,0,0,0,0},
  {0,0,0,0,0,0},
  {0,0,0,0,0,0},
  {0,0,0,0,0,0},
  {0,0,0,0,0,0},
  {0,0,0,0,0,0},
  {0,0,0,0,0,0},
  {0,0,0,0,0,0},
  {0,0,0,0,0,0},
  {0,0,0,0,0,0},
  {0,0,0,0,0,0},
  {0,0,0,0,0,0},
  {0,0,0,0,0,0},
  {0,0,0,0,0,0},
  {0,0,0,0,0,0},
  {0,0,0,0,0,0},
  {0,0,0,0,0,0},
  {0,0,0,0,0,0},
  {0,0,0,0,0,0},
  {0,0,0,0,0,0},
  {0,0,0,0,0,0},
  {0,0,0,0,0,0},
  {0,0,0,0,0,0},
  {0,0,0,0,0,0},
  {0,0,0,0,0,0},
  {0,0,0,0,0,0},
  {0,0,0,0,0,0},
  {0,0,0,0,0,0},
  {0,0,0,0,0,0},
  {0,0,0,0,0,0},
  {0,0,0,0,0,0},
  {0,0,0,0,0,0},
  {0,0,0,0,0,0},
  {0,0,0,0,0,0},
  {0,0,0,0,0,0},
  {0,0,0,0,0,0},
  {0,0,0,0,0,0},
  {0,0,0,0,0,0},
  {0,0,0,0,0,0},
  {0,0,0,0,0,0},
  {0,0,0,0,0,0},
  {0,0,0,0,0,0},
  {0,0,0,0,0,0},
  {0,0,0,0,0,0},
  {0,0,0,0,0,0},
  {0,0,0,0,0,0},
  {0,0,0,0,0,0},
  {0,0,0,0,0,0},
  {0,0,0,0,0,0},
  {0,0,0,0,0,0},
  {0,0,0,0,0,0},
  {0,0,0,0,0,0},
  {0,0,0,0,0,0},
  {0,0,0,0,0,0},
  {0,0,0,0,0,0},
  {0,0,0,0,0,0},
  {0,0,0,0,0,0},
  {0,0,0,0,0,0},
  {0,0,0,0,0,0},
  {0,0,0,0,0,0},
  {0,0,0,0,0,0},
  {0,0,0,0,0,0},
  {0,0,0,0,0,0},
  {0,0,0,0,0,0},
  {0,0,0,0,0,0},
  {0,0,0,0,0,0},
  {0,0,0,0,0,0},
  {0,0,0,0,0,0},
  {0,0,0,0,0,0},
  {0,0,0,0,0,0},
  {0,0,0,0,0,0},
  {0,0,0,0,0,0},
  {0,0,0,0,0,0},
  {0,0,0,0,0,0},
  {0,0,0,0,0,0},
  {0,0,0,0,0,0},
  {0,0,0,0,0,0},
  {0,0,0,0,0,0},
  {0,0,0,0,0,0},
  {0,0,0,0,0,0},
  {0,0,0,0,0,0},
  {0,0,0,0,0,0},
  {0,0,0,0,0,0},
  {0,0,0,0,0,0},
  {0,0,0,0,0,0},
  {0,0,0,0,0,0},
  {0,0,0,0,0,0},
  {0,0,0,0,0,0},
  {0,0,0,0,0,0},
  {0,0,0,0,0,0},
  {0,0,0,0,0,0},
  {0,0,0,0,0,0},
  {0,0,0,0,0,0},
  {0,0,0,0,0,0},
  {0,0,0,0,0,0},
  {0,0,0,0,0,0},
  {0,0,0,0,0,0},
  {0,0,0,0,0,0},
  {0,0,0,0,0,0},
  {0,0,0,0,0,0},
  {0,0,0,0,0,0},
  {0,0,0,0,0,0},
  {0,0,0,0,0,0},
  {0,0,0,0,0,0},
  {0,0,0,0,0,0},
  {0,0,0,0,0,0},
  {0,0,0,0,0,0},
  {0,0,0,0,0,0},
  {0,0,0,0,0,0},
  {0,0,0,0,0,0},
  {0,0,0,0,0,0},
  {0,0,0,0,0,0},
  {0,0,0,0,0,0},
  {0,0,0,0,0,0},
  {0,0,0,0,0,0},
  {0,0,0,0,0,0},
  {0,0,0,0,0,0},
  {0,0,0,0,0,0},
  {0,0,0,0,0,0},
  {0,0,0,0,0,0},
  {0,0,0,0,0,0},
  {0,0,0,0,0,0},
  {0,0,0,0,0,0},
  {0,0,0,0,0,0},
  {0,0,0,0,0,0},
  {0,0,0,0,0,0},
  {0,0,0,0,0,0},
  {0,0,0,0,0,0},
  {0,0,0,0,0,0},
  {0,0,0,0,0,0},
  {0,0,0,0,0,0},
  {0,0,0,0,0,0},
  {0,0,0,0,0,0},
  {0,0,0,0,0,0},
  {0,0,0,0,0,0},
  {0,0,0,0,0,0},
  {0,0,0,0,0,0},
  {0,0,0,0,0,0},
  {0,0,0,0,0,0},
  {0,0,0,0,0,0},
  {0,0,0,0,0,0},
  {0,0,0,0,0,0},
  {0,0,0,0,0,0},
  {0,0,0,0,0,0},
  {0,0,0,0,0,0},
  {0,0,0,0,0,0},
  {0,0,0,0,0,0},
  {0,0,0,0,0,0},
  {0,0,0,0,0,0},
  {0,0,0,0,0,0},
  {0,0,0,0,0,0},
  {0,0,0,0,0,0},
  {0,0,0,0,0,0},
  {0,0,0,0,0,0},
  {0,0,0,0,0,0},
  {0,0,0,0,0,0},
  {0,0,0,0,0,0},
  {0,0,0,0,0,0},
  {0,0,0,0,0,0},
  {0,0,0,0,0,0},
  {0,0,0,0,0,0},
  {0,0,0,0,0,0},
  {0,0,0,0,0,0},
  {0,0,0,0,0,0},
  {0,0,0,0,0,0},
  {0,0,0,0,0,0},
  {0,0,0,0,0,0},
  {0,0,0,0,0,0},
  {0,0,0,0,0,0},
  {0,0,0,0,0,0},
  {0,0,0,0,0,0},
  {0,0,0,0,0,0},
  {0,0,0,0,0,0},
  {0,0,0,0,0,0},
  {0,0,0,0,0,0},
  {0,0,0,0,0,0},
  {0,0,0,0,0,0},
  {0,0,0,0,0,0},
  {0,0,0,0,0,0},
  {0,0,0,0,0,0},
  {0,0,0,0,0,0},
  {0,0,0,0,0,0},
  {0,0,0,0,0,0},
  {0,0,0,0,0,0},
  {0,0,0,0,0,0},
  {0,0,0,0,0,0},
  {0,0,0,0,0,0},
  {0,0,0,0,0,0},
  {0,0,0,0,0,0},
  {0,0,0,0,0,0},
  {0,0,0,0,0,0},
  {0,0,0,0,0,0},
  {0,0,0,0,0,0},
  {0,0,0,0,0,0},
  {0,0,0,0,0,0},
  {0,0,0,0,0,0},
  {0,0,0,0,0,0},
  {0,0,0,0,0,0},
  {0,0,0,0,0,0},
  {0,0,0,0,0,0},
  {0,0,0,0,0,0},
  {0,0,0,0,0,0},
  {0,0,0,0,0,0},
  {0,0,0,0,0,0},
  {0,0,0,0,0,0},
  {0,0,0,0,0,0},
  {0,0,0,0,0,0},
  {0,0,0,0,0,0},
  {0,0,0,0,0,0},
  {0,0,0,0,0,0},
  {0,0,0,0,0,0},
  {0,0,0,0,0,0},
  {0,0,0,0,0,0},
  {0,0,0,0,0,0},
  {0,0,0,0,0,0},
  {0,0,0,0,0,0},
  {0,0,0,0,0,0},
  {0,0,0,0,0,0},
  {0,0,0,0,0,0},
  {0,0,0,0,0,0},
  {0,0,0,0,0,0},
  {0,0,0,0,0,0},
  {0,0,0,0,0,0},
  {0,0,0,0,0,0},
  {0,0,0,0,0,0},
  {0,0,0,0,0,0},
  {0,0,0,0,0,0},
  {0,0,0,0,0,0},
  {0,0,0,0,0,0},
  {0,0,0,0,0,0},
  {0,0,0,0,0,0},
  {0,0,0,0,0,0},
  {0,0,0,0,0,0},
  {0,0,0,0,0,0},
  {0,0,0,0,0,0},
  {0,0,0,0,0,0},
  {0,0,0,0,0,0},
  {0,0,0,0,0,0},
  {0,0,0,0,0,0},
  {0,0,0,0,0,0},
  {0,0,0,0,0,0},
  {0,0,0,0,0,0},
  {0,0,0,0,0,0},
  {0,0,0,0,0,0},
  {0,0,0,0,0,0},
  {0,0,0,0,0,0},
  {0,0,0,0,0,0},
  {0,0,0,0,0,0},
  {0,0,0,0,0,0},
  {0,0,0,0,0,0},
  {0,0,0,0,0,0},
  {0,0,0,0,0,0},
  {0,0,0,0,0,0},
  {0,0,0,0,0,0},
  {0,0,0,0,0,0},
  {0,0,0,0,0,0},
  {0,0,0,0,0,0},
  {0,0,0,0,0,0},
  {0,0,0,0,0,0},
  {0,0,0,0,0,0},
  {0,0,0,0,0,0},
  {0,0,0,0,0,0},
  {0,0,0,0,0,0},
  {0,0,0,0,0,0},
  {0,0,0,0,0,0},
  {0,0,0,0,0,0},
  {0,0,0,0,0,0},
  {0,0,0,0,0,0},
  {0,0,0,0,0,0},
  {0,0,0,0,0,0},
  {0,0,0,0,0,0},
  {0,0,0,0,0,0},
  {0,0,0,0,0,0},
  {0,0,0,0,0,0},
  {0,0,0,0,0,0},
  {0,0,0,0,0,0},
  {0,0,0,0,0,0},
  {0,0,0,0,0,0},
  {0,0,0,0,0,0},
  {0,0,0,0,0,0},
  {0,0,0,0,0,0},
  {0,0,0,0,0,0},
  {0,0,0,0,0,0},
  {0,0,0,0,0,0},
  {0,0,0,0,0,0},
  {0,0,0,0,0,0},
  {0,0,0,0,0,0},
  {0,0,0,0,0,0},
  {0,0,0,0,0,0},
  {0,0,0,0,0,0},
  {0,0,0,0,0,0},
  {0,0,0,0,0,0},
  {0,0,0,0,0,0},
  {0,0,0,0,0,0},
  {0,0,0,0,0,0},
  {0,0,0,0,0,0},
  {0,0,0,0,0,0},
  {0,0,0,0,0,0},
  {0,0,0,0,0,0},
  {0,0,0,0,0,0},
  {0,0,0,0,0,0},
  {0,0,0,0,0,0},
  {0,0,0,0,0,0},
  {0,0,0,0,0,0},
  {0,0,0,0,0,0},
  {0,0,0,0,0,0},
  {0,0,0,0,0,0},
  {0,0,0,0,0,0},
  {0,0,0,0,0,0},
  {0,0,0,0,0,0},
  {0,0,0,0,0,0},
  {0,0,0,0,0,0},
  {0,0,0,0,0,0},
  {0,0,0,0,0,0},
  {0,0,0,0,0,0},
  {0,0,0,0,0,0},
  {0,0,0,0,0,0},
  {0,0,0,0,0,0},
  {0,0,0,0,0,0},
  {0,0,0,0,0,0},
  {0,0,0,0,0,0},
  {0,0,0,0,0,0},
  {0,0,0,0,0,0},
  {0,0,0,0,0,0},
  {0,0,0,0,0,0},
  {0,0,0,0,0,0},
  {0,0,0,0,0,0},
  {0,0,0,0,0,0},
  {0,0,0,0,0,0},
  {0,0,0,0,0,0},
  {0,0,0,0,0,0},
  {0,0,0,0,0,0},
  {0,0,0,0,0,0},
  {0,0,0,0,0,0},
  {0,0,0,0,0,0},
  {0,0,0,0,0,0},
  {0,0,0,0,0,0},
  {0,0,0,0,0,0},
  {0,0,0,0,0,0},
  {0,0,0,0,0,0},
  {0,0,0,0,0,0},
  {0,0,0,0,0,0},
  {0,0,0,0,0,0},
  {0,0,0,0,0,0},
  {0,0,0,0,0,0},
  {0,0,0,0,0,0},
  {0,0,0,0,0,0},
  {0,0,0,0,0,0},
  {0,0,0,0,0,0},
  {0,0,0,0,0,0},
  {0,0,0,0,0,0},
  {0,0,0,0,0,0},
  {0,0,0,0,0,0},
  {0,0,0,0,0,0},
  {0,0,0,0,0,0},
  {0,0,0,0,0,0},
  {0,0,0,0,0,0},
  {0,0,0,0,0,0},
  {0,0,0,0,0,0},
  {0,0,0,0,0,0},
  {0,0,0,0,0,0},
  {0,0,0,0,0,0},
  {0,0,0,0,0,0},
  {0,0,0,0,0,0},
  {0,0,0,0,0,0},
  {0,0,0,0,0,0},
  {0,0,0,0,0,0},
  {0,0,0,0,0,0},
  {0,0,0,0,0,0},
  {0,0,0,0,0,0},
  {0,0,0,0,0,0},
  {37005,62,90,69,2,-90},
  {37703,62,86,69,2,-86},
  {38370,73,91,83,2,-68},
  {39201,59,90,66,2,-90},
  {39865,59,70,71,5,-69},
  {40382,48,70,58,5,-69},
  {40802,34,68,40,3,-68},
  {41091,34,86,40,3,-86},
  {41457,44,69,52,5,-68},
  {41837,100,69,104,0,-68},
  {42700,97,68,104,2,-68},
  {43525,80,68,83,-1,-68},
  {44205,73,90,75,2,-90},
  {45027,77,90,81,2,-90},
  {45894,71,90,76,3,-89},
  {46693,77,89,81,2,-68},
  {47550,73,69,75,1,-69},
  {48180,61,68,69,2,-68},
  {48699,65,68,69,2,-68},
  {49252,59,68,66,2,-68},
  {49754,69,90,72,1,-68},
  {50531,62,68,69,2,-68},
  {51058,103,68,103,0,-68},
  {51934,47,70,55,5,-69},
  {52346,77,68,81,2,-68},
  {53001,77,89,81,2,-89},
  {53858,73,68,75,2,-68},
  {54479,76,69,78,0,-68},
  {55135,93,68,98,2,-68},
  {55926,77,68,81,2,-68},
  {56581,71,70,81,5,-69},
  {57203,77,68,81,2,-68},
  {57858,59,68,64,2,-68},
  {58360,62,70,75,5,-69},
  {58903,66,68,69,2,-68},
  {59464,71,69,76,3,-68},
  {60077,81,68,89,4,-68},
  {60766,72,68,75,2,-68},
  {61378,77,90,81,2,-68},
  {62245,74,68,76,1,-68},
  {62874,111,68,114,2,-68},
  {63818,111,90,114,2,-68},
  {65067,73,68,80,2,-68},
  {65688,98,68,102,2,-68},
  {66521,62,68,69,2,-68},
  {67048,59,70,71,7,-69},
  {67565,110,70,117,2,-69},
  {68528,73,68,75,0,-68},
  {69149,47,50,52,3,-49},
  {69443,44,75,52,4,-74},
  {69856,50,48,56,3,-48},
  {70156,42,48,47,3,-48},
  {70408,50,66,53,1,-48},
  {70821,40,50,46,4,-49},
  {71071,75,48,75,0,-48},
  {71521,38,50,42,1,-49},
  {71759,54,48,60,3,-48},
  {72083,54,72,60,3,-72},
  {72569,58,48,60,2,-48},
  {72917,55,49,58,1,-48},
  {73254,65,48,71,3,-48},
  {73644,54,48,60,3,-48},
  {73968,44,50,52,4,-49},
  {74243,54,48,60,3,-48},
  {74567,53,71,58,1,-49},
  {75038,40,50,46,4,-49},
  {75288,49,48,51,1,-48},
  {75582,50,71,52,1,-48},
  {76026,64,94,72,4,-72},
  {76778,52,48,52,0,-48},
  {77090,55,66,60,3,-48},
  {77544,55,48,59,1,-48},
  {77874,82,48,88,3,-48},
  {78366,84,66,88,3,-48},
  {79059,57,48,61,1,-48},
  {79401,76,48,81,3,-48},
  {79857,49,48,55,3,-48},
  {80151,38,50,45,3,-49},
  {80389,73,50,79,3,-49},
  {80846,53,48,56,1,-48},
  {81164,40,74,46,4,-73},
  {81534,40,70,46,4,-69},
  {81884,49,94,56,0,-72},
  {82460,42,73,47,3,-73},
  {82844,40,50,45,4,-49},
  {83094,35,50,40,3,-49},
  {83313,25,73,29,2,-73},
  {83542,29,69,29,0,-69},
  {83793,29,95,35,-1,-73},
  {84138,78,49,81,1,-48},
  {84616,78,48,83,3,-48},
  {85084,56,72,58,0,-72},
  {85588,58,73,60,2,-73},
  {86118,54,73,60,3,-73},
  {86611,50,95,52,1,-72},
  {87205,54,66,60,3,-48},
};
static const lgfx::GFXfont LibSerif68((uint8_t *)LibSerif68_bitmap, (lgfx::GFXglyph *)LibSerif68_glyphs, 0x20, 0x45F, 116);
