// Liberation Serif Bold, cap height 34px, U+0020..U+045F (ASCII + Cyrillic)
#pragma once

static const uint8_t LibSerif34_bitmap[] PROGMEM = {
  0x7F,0x3F,0x9F,0xCF,0xE7,0xF3,0xF9,0xFC,0xFE,0x3F,0x1F,0x8F,0x87,0xC3,0xE1,0xF0,0xF8,0x7C,0x3E,0x1F,0x07,0x83,0xC1,0xC0,
  0xE0,0x70,0x38,0x00,0x00,0x00,0x07,0xC7,0xF3,0xFF,0xFF,0xFF,0x7F,0xBF,0x8F,0x80,0xFC,0x1F,0xFE,0x0F,0xFF,0x07,0xFF,0x83,
  0xFF,0xC1,0xF3,0xC0,0xF9,0xE0,0x3C,0xF0,0x1E,0x78,0x0F,0x3C,0x07,0x9E,0x03,0x86,0x01,0xC0,0x00,0xF0,0x3C,0x00,0xF0,0x3C,
  0x00,0xE0,0x3C,0x01,0xE0,0x3C,0x01,0xE0,0x38,0x01,0xE0,0x78,0x01,0xE0,0x78,0x01,0xC0,0x78,0x03,0xC0,0x78,0x03,0xC0,0x78,
  0xFF,0xFF,0xFF,0xFF,0xFF,0xFF,0xFF,0xFF,0xFF,0x07,0x80,0xF0,0x07,0x80,0xF0,0x07,0x80,0xE0,0x07,0x81,0xE0,0x07,0x01,0xE0,
  0x07,0x01,0xE0,0x0F,0x01,0xE0,0xFF,0xFF,0xFF,0xFF,0xFF,0xFF,0xFF,0xFF,0xFF,0x1E,0x03,0xC0,0x1E,0x03,0xC0,0x1E,0x03,0x80,
  0x1E,0x03,0x80,0x1E,0x07,0x80,0x1C,0x07,0x80,0x3C,0x07,0x80,0x3C,0x07,0x80,0x3C,0x07,0x00,0x3C,0x0F,0x00,0x3C,0x0F,0x00,
  0x00,0x30,0x00,0x00,0x60,0x00,0x00,0xC0,0x00,0x0F,0xFC,0x00,0x7F,0xFF,0x03,0xFF,0xFE,0x0F,0xCC,0x7C,0x3F,0x18,0x38,0x7C,
  0x30,0x70,0xF8,0x60,0xE3,0xF0,0xC0,0xC7,0xE1,0x80,0x0F,0xC3,0x00,0x1F,0xC6,0x00,0x3F,0xCC,0x00,0x3F,0xF8,0x00,0x7F,0xF8,
  0x00,0xFF,0xFC,0x00,0xFF,0xFE,0x00,0xFF,0xFF,0x00,0xFF,0xFF,0x00,0xFF,0xFF,0x00,0x7F,0xFE,0x00,0x3F,0xFE,0x00,0x3F,0xFC,
  0x00,0x67,0xF8,0x00,0xC3,0xF0,0x01,0x87,0xF0,0x03,0x07,0xF8,0x06,0x0F,0xF8,0x0C,0x1F,0x70,0x18,0x3E,0xE0,0x30,0x7D,0xC0,
  0x61,0xF3,0xC0,0xC3,0xE7,0xE1,0x8F,0x8F,0xFF,0xFE,0x1F,0xFF,0xF8,0x03,0xFF,0x80,0x00,0x18,0x00,0x00,0x30,0x00,0x00,0x60,
  0x00,0x07,0xF0,0x00,0x01,0xE0,0x07,0xFF,0x00,0x00,0xF0,0x03,0xF7,0xE0,0x00,0x3C,0x00,0xF8,0xFC,0x00,0x1E,0x00,0x7C,0x1F,
  0x00,0x0F,0x00,0x1F,0x07,0xC0,0x03,0xC0,0x07,0xC1,0xF8,0x01,0xE0,0x03,0xF0,0x7E,0x00,0xF0,0x00,0xFC,0x1F,0x80,0x3C,0x00,
  0x3F,0x07,0xE0,0x1E,0x00,0x0F,0xC1,0xF8,0x0F,0x00,0x03,0xF0,0x7E,0x03,0xC0,0x00,0x7C,0x1F,0x81,0xE0,0x00,0x1F,0x07,0xC0,
  0xF0,0x00,0x07,0xC1,0xF0,0x3C,0x00,0x00,0xF8,0xFC,0x1E,0x00,0x00,0x3F,0x7E,0x0F,0x00,0x00,0x07,0xFF,0x03,0xC0,0xFE,0x00,
  0x7F,0x01,0xE0,0x7F,0xE0,0x00,0x00,0xF0,0x3F,0xFC,0x00,0x00,0x3C,0x1F,0x0F,0x80,0x00,0x1E,0x0F,0xC3,0xE0,0x00,0x0F,0x03,
  0xE0,0xFC,0x00,0x03,0xC0,0xF8,0x3F,0x00,0x01,0xE0,0x3E,0x07,0xC0,0x00,0xF0,0x0F,0x81,0xF0,0x00,0x3C,0x03,0xE0,0x7C,0x00,
  0x1E,0x00,0xF8,0x1F,0x00,0x0F,0x00,0x3E,0x07,0xC0,0x03,0xC0,0x0F,0x83,0xF0,0x01,0xE0,0x03,0xE0,0xFC,0x00,0xF0,0x00,0xFC,
  0x3E,0x00,0x3C,0x00,0x1F,0x0F,0x80,0x1E,0x00,0x03,0xFF,0xC0,0x0F,0x00,0x00,0x7F,0xE0,0x03,0xC0,0x00,0x0F,0xE0,0x00,0x3F,
  0xC0,0x00,0x00,0x03,0xFF,0xE0,0x00,0x00,0x1F,0xFF,0xC0,0x00,0x00,0xFC,0x3F,0x80,0x00,0x07,0xF0,0x7E,0x00,0x00,0x1F,0x81,
  0xF8,0x00,0x00,0x7E,0x07,0xE0,0x00,0x01,0xF8,0x1F,0xC0,0x00,0x07,0xE0,0x7E,0x00,0x00,0x1F,0x81,0xF8,0x00,0x00,0x7F,0x07,
  0xE0,0x00,0x01,0xFC,0x3F,0x00,0x00,0x03,0xF9,0xFC,0x00,0x00,0x0F,0xFF,0xE0,0x00,0x00,0x1F,0xFE,0x0F,0xFF,0x80,0x7F,0xE0,
  0x1F,0xFC,0x01,0xFF,0x80,0x1F,0xC0,0x1F,0xFF,0x00,0x7E,0x01,0xFF,0xFE,0x01,0xF8,0x0F,0xE7,0xFC,0x07,0xE0,0x3F,0x0F,0xF8,
  0x1F,0x81,0xFC,0x1F,0xF0,0x7C,0x07,0xF0,0x3F,0xE3,0xF0,0x3F,0x80,0x7F,0xCF,0xC0,0xFE,0x00,0xFF,0xFE,0x03,0xF8,0x01,0xFF,
  0xF8,0x0F,0xE0,0x01,0xFF,0xC0,0x3F,0x80,0x03,0xFF,0x00,0xFE,0x00,0x07,0xFC,0x03,0xFC,0x00,0x0F,0xF8,0x07,0xF0,0x00,0x3F,
  0xF0,0x1F,0xE0,0x03,0xFF,0xE0,0x3F,0xC0,0x3F,0xFF,0xE0,0x7F,0xFF,0xFC,0xFF,0xF0,0x7F,0xFF,0xC1,0xFF,0xC0,0x3F,0xF8,0x00,
  0x00,0xFF,0xFB,0xF7,0xE7,0xCF,0x9F,0x3C,0x78,0xF0,0xE1,0xC0,0x00,0x04,0x00,0x70,0x07,0xC0,0x3E,0x01,0xF0,0x0F,0x80,0x7E,
  0x03,0xF0,0x0F,0xC0,0x7E,0x01,0xF8,0x0F,0xE0,0x3F,0x01,0xFC,0x07,0xF0,0x1F,0xC0,0x7F,0x01,0xFC,0x0F,0xE0,0x3F,0x80,0xFE,
  0x03,0xF8,0x0F,0xE0,0x3F,0x80,0xFE,0x03,0xF8,0x0F,0xE0,0x3F,0x80,0xFE,0x01,0xFC,0x07,0xF0,0x1F,0xC0,0x7F,0x01,0xFC,0x03,
  0xF0,0x0F,0xE0,0x1F,0x80,0x7E,0x00,0xFC,0x03,0xF0,0x07,0xE0,0x0F,0x80,0x1F,0x00,0x3E,0x00,0x7C,0x00,0x70,0x00,0x40,0x80,
  0x06,0x00,0x3C,0x01,0xF0,0x07,0xC0,0x1F,0x00,0x7C,0x03,0xF0,0x0F,0xC0,0x7E,0x01,0xF8,0x0F,0xC0,0x7F,0x03,0xF8,0x1F,0xC0,
  0x7E,0x03,0xF8,0x1F,0xC0,0xFE,0x07,0xF0,0x3F,0x81,0xFC,0x0F,0xE0,0x7F,0x03,0xF8,0x1F,0xC0,0xFE,0x07,0xF0,0x3F,0x81,0xFC,
  0x0F,0xE0,0x7E,0x07,0xF0,0x3F,0x81,0xF8,0x0F,0xC0,0x7E,0x07,0xE0,0x3F,0x03,0xF0,0x1F,0x01,0xF0,0x1F,0x01,0xF0,0x0F,0x00,
  0x60,0x02,0x00,0x00,0x00,0xFC,0x00,0x03,0xF0,0x02,0x07,0x80,0x0C,0x1E,0x0C,0x78,0x78,0x71,0xF9,0xE7,0xE7,0xF7,0xBF,0xBF,
  0xFF,0xFF,0x1F,0xFF,0xE0,0x0F,0xFC,0x00,0x3F,0xF0,0x07,0xFF,0xF8,0xFF,0xFF,0xFD,0xFD,0xEF,0xE7,0xE7,0x9F,0x9E,0x1E,0x1C,
  0x30,0x78,0x30,0x81,0xE0,0x00,0x0F,0xC0,0x00,0x3F,0x00,0x00,0x3C,0x00,0x00,0x3C,0x00,0x00,0x3C,0x00,0x00,0x3C,0x00,0x00,
  0x3C,0x00,0x00,0x3C,0x00,0x00,0x3C,0x00,0x00,0x3C,0x00,0x00,0x3C,0x00,0x00,0x3C,0x00,0xFF,0xFF,0xFF,0xFF,0xFF,0xFF,0xFF,
  0xFF,0xFF,0xFF,0xFF,0xFF,0x00,0x3C,0x00,0x00,0x3C,0x00,0x00,0x3C,0x00,0x00,0x3C,0x00,0x00,0x3C,0x00,0x00,0x3C,0x00,0x00,
  0x3C,0x00,0x00,0x3C,0x00,0x00,0x3C,0x00,0x00,0x3C,0x00,0x1E,0x1F,0xE7,0xF9,0xFF,0x7F,0xCF,0xF1,0xFC,0x3F,0x07,0x81,0xE0,
  0xF0,0x7C,0x3E,0x3F,0x0F,0x02,0x00,0xFF,0xFF,0xFF,0xFF,0xFF,0xFF,0xF0,0x3E,0x3F,0x9F,0xDF,0xFF,0xFB,0xF9,0xFC,0x7C,0x00,
  0x1E,0x00,0x3C,0x00,0x70,0x01,0xE0,0x03,0xC0,0x07,0x00,0x1E,0x00,0x3C,0x00,0x70,0x01,0xE0,0x03,0xC0,0x07,0x00,0x1E,0x00,
  0x3C,0x00,0x70,0x01,0xE0,0x03,0xC0,0x07,0x00,0x1E,0x00,0x3C,0x00,0x70,0x01,0xE0,0x03,0xC0,0x07,0x00,0x1E,0x00,0x3C,0x00,
  0x70,0x01,0xE0,0x03,0xC0,0x07,0x00,0x1E,0x00,0x3C,0x00,0x70,0x01,0xE0,0x03,0xC0,0x07,0x00,0x00,0x00,0xFC,0x00,0x0F,0xFC,
  0x00,0xFF,0xFC,0x07,0xE3,0xF8,0x1F,0x87,0xE0,0xFC,0x1F,0xC3,0xF0,0x3F,0x1F,0xC0,0xFE,0x7F,0x03,0xF9,0xFC,0x0F,0xE7,0xF0,
  0x3F,0xBF,0xC0,0xFF,0xFF,0x03,0xFF,0xFC,0x0F,0xFF,0xF0,0x3F,0xFF,0xC0,0xFF,0xFE,0x03,0xFF,0xF8,0x07,0xFF,0xE0,0x3F,0xFF,
  0xC0,0xFF,0xFF,0x03,0xFF,0xFC,0x0F,0xFF,0xF0,0x3F,0xFF,0xC0,0xFF,0xFF,0x03,0xFD,0xFC,0x0F,0xE7,0xF0,0x3F,0x9F,0xC0,0xFE,
  0x7F,0x03,0xF8,0xFC,0x0F,0xC3,0xF0,0x7F,0x07,0xE1,0xF8,0x1F,0x8F,0xE0,0x3F,0xFF,0x00,0x3F,0xF0,0x00,0x7F,0x00,0x00,0x78,
  0x00,0x3F,0x00,0x0F,0xE0,0x07,0xFC,0x03,0xFF,0x80,0xFF,0xF0,0x3E,0xFE,0x06,0x1F,0xC0,0x03,0xF8,0x00,0x7F,0x00,0x0F,0xE0,
  0x01,0xFC,0x00,0x3F,0x80,0x07,0xF0,0x00,0xFE,0x00,0x1F,0xC0,0x03,0xF8,0x00,0x7F,0x00,0x0F,0xE0,0x01,0xFC,0x00,0x3F,0x80,
  0x07,0xF0,0x00,0xFE,0x00,0x1F,0xC0,0x03,0xF8,0x00,0x7F,0x00,0x0F,0xE0,0x01,0xFC,0x00,0x3F,0x80,0x07,0xF0,0x00,0xFE,0x00,
  0xFF,0xFC,0xFF,0xFF,0xFF,0xFF,0xFC,0x0F,0xFC,0x01,0xFF,0xFE,0x07,0xFF,0xFC,0x1E,0x07,0xF8,0x78,0x0F,0xF1,0xC0,0x1F,0xE7,
  0x00,0x7F,0x9C,0x00,0xFE,0x70,0x03,0xF8,0x00,0x0F,0xE0,0x00,0x3F,0x80,0x00,0xFE,0x00,0x07,0xF8,0x00,0x1F,0xC0,0x00,0x7F,
  0x00,0x01,0xFC,0x00,0x0F,0xE0,0x00,0x7F,0x00,0x01,0xF8,0x00,0x0F,0xC0,0x00,0x7E,0x00,0x03,0xF0,0x00,0x1F,0x80,0x00,0x7C,
  0x00,0x03,0xE0,0x00,0x1E,0x00,0x00,0xF0,0x00,0x07,0x80,0x00,0x3C,0x00,0x01,0xFF,0xFF,0xFF,0xFF,0xFF,0xFF,0xFF,0xFF,0xFF,
  0xFF,0xFF,0xFF,0xFF,0xFF,0xFF,0xFF,0xC0,0x1F,0xFC,0x01,0xFF,0xFE,0x07,0xFF,0xFC,0x1E,0x07,0xF8,0x70,0x0F,0xF1,0xC0,0x3F,
  0xC7,0x00,0x7F,0x9C,0x01,0xFE,0x60,0x07,0xF8,0x00,0x1F,0xE0,0x00,0x7F,0x80,0x01,0xFC,0x00,0x07,0xF0,0x00,0x3F,0xC0,0x00,
  0xFE,0x00,0x0F,0xF0,0x03,0xFF,0x80,0x0F,0xF8,0x00,0x3F,0xFC,0x00,0x0F,0xF8,0x00,0x07,0xF0,0x00,0x0F,0xE0,0x00,0x3F,0xC0,
  0x00,0xFF,0x00,0x01,0xFC,0x00,0x07,0xF0,0x00,0x1F,0xF8,0x00,0x7F,0xE0,0x03,0xFF,0x80,0x0F,0xFE,0x00,0x3F,0xBC,0x01,0xFE,
  0xF0,0x0F,0xF3,0xFF,0xFF,0x8F,0xFF,0xF8,0x07,0xFF,0x80,0x00,0x01,0xF8,0x00,0x03,0xF8,0x00,0x07,0xF8,0x00,0x07,0xF8,0x00,
  0x0F,0xF8,0x00,0x1F,0xF8,0x00,0x1F,0xF8,0x00,0x3F,0xF8,0x00,0x7B,0xF8,0x00,0x73,0xF8,0x00,0xF3,0xF8,0x01,0xE3,0xF8,0x01,
  0xC3,0xF8,0x03,0xC3,0xF8,0x07,0x83,0xF8,0x07,0x03,0xF8,0x0F,0x03,0xF8,0x1E,0x03,0xF8,0x1C,0x03,0xF8,0x3C,0x03,0xF8,0x78,
  0x03,0xF8,0x70,0x03,0xF8,0xFF,0xFF,0xFF,0xFF,0xFF,0xFF,0xFF,0xFF,0xFF,0xFF,0xFF,0xFF,0xFF,0xFF,0xFF,0x00,0x03,0xF8,0x00,
  0x03,0xF8,0x00,0x03,0xF8,0x00,0x03,0xF8,0x00,0x03,0xF8,0x00,0x03,0xF8,0x00,0x03,0xF8,0x3F,0xFF,0xF0,0xFF,0xFF,0xC3,0xFF,
  0xFF,0x0F,0xFF,0xFC,0x3F,0xFF,0xF0,0xFF,0xFF,0x83,0x80,0x00,0x0E,0x00,0x00,0x38,0x00,0x00,0xE0,0x00,0x03,0x80,0x00,0x0E,
  0x00,0x00,0x38,0x00,0x00,0xE0,0x00,0x03,0xFF,0xE0,0x0F,0xFF,0xF0,0x3F,0xFF,0xE0,0xE0,0x3F,0xC0,0x00,0x7F,0x80,0x00,0xFE,
  0x00,0x03,0xFC,0x00,0x0F,0xF0,0x00,0x3F,0xC0,0x00,0x7F,0x00,0x01,0xFC,0x00,0x0F,0xFE,0x00,0x3F,0xF8,0x00,0xFF,0xE0,0x03,
  0xFB,0x80,0x0F,0xEF,0x00,0x7F,0x3E,0x03,0xFC,0xFF,0xFF,0xE3,0xFF,0xFE,0x01,0xFF,0xC0,0x00,0x00,0x7F,0xC0,0x03,0xFF,0xE0,
  0x0F,0xFF,0xC0,0x7F,0x07,0x80,0xFC,0x07,0x03,0xF0,0x0E,0x0F,0xE0,0x0C,0x1F,0xC0,0x18,0x7F,0x00,0x30,0xFE,0x00,0x01,0xFC,
  0x00,0x07,0xF8,0x00,0x0F,0xF0,0x00,0x1F,0xC0,0x00,0x3F,0x9F,0xC0,0x7F,0xFF,0xF0,0xFF,0xFF,0xF1,0xFF,0x1F,0xF3,0xF8,0x1F,
  0xE7,0xF0,0x1F,0xEF,0xE0,0x3F,0xDF,0xC0,0x3F,0xBF,0x80,0x7F,0x7F,0x80,0xFE,0xFF,0x01,0xFF,0xFE,0x03,0xF9,0xFC,0x07,0xF3,
  0xF8,0x0F,0xE7,0xF0,0x1F,0xC7,0xE0,0x3F,0x8F,0xE0,0xFE,0x0F,0xC1,0xFC,0x0F,0xC3,0xF0,0x0F,0xFF,0xC0,0x0F,0xFF,0x00,0x07,
  0xF8,0x00,0xFF,0xFF,0xFF,0xFF,0xFF,0xFF,0xFF,0xFF,0xFF,0xFF,0xFE,0xFF,0xFF,0xFB,0xFF,0xFF,0xCE,0x00,0x0F,0x38,0x00,0x3C,
  0xE0,0x01,0xE3,0x00,0x07,0x80,0x00,0x3C,0x00,0x00,0xF0,0x00,0x07,0x80,0x00,0x1E,0x00,0x00,0xF8,0x00,0x03,0xC0,0x00,0x1F,
  0x00,0x00,0x78,0x00,0x03,0xE0,0x00,0x0F,0x80,0x00,0x7C,0x00,0x01,0xF0,0x00,0x0F,0x80,0x00,0x3E,0x00,0x01,0xF0,0x00,0x07,
  0xC0,0x00,0x3F,0x00,0x00,0xF8,0x00,0x07,0xE0,0x00,0x1F,0x00,0x00,0xFC,0x00,0x03,0xF0,0x00,0x1F,0x80,0x00,0x7E,0x00,0x00,
  0x01,0xFE,0x00,0x1F,0xFE,0x01,0xFF,0xFE,0x0F,0xE1,0xFC,0x3F,0x07,0xF1,0xFC,0x0F,0xE7,0xF0,0x3F,0x9F,0xC0,0xFE,0x7F,0x03,
  0xFB,0xFC,0x0F,0xF7,0xF0,0x3F,0x9F,0xC0,0xFE,0x7F,0x03,0xF9,0xFC,0x0F,0xE3,0xF8,0x7F,0x07,0xE3,0xF8,0x0F,0xFF,0xC0,0x1F,
  0xFE,0x01,0xFF,0xFE,0x0F,0xE1,0xFC,0x7F,0x03,0xF9,0xFC,0x0F,0xEF,0xE0,0x1F,0xFF,0x80,0x7F,0xFE,0x01,0xFF,0xF8,0x07,0xFF,
  0xE0,0x1F,0xFF,0x80,0x7F,0xFE,0x01,0xFF,0xF8,0x07,0xFF,0xE0,0x3F,0xDF,0xC0,0xFE,0x3F,0x87,0xF0,0xFF,0xFF,0xC0,0xFF,0xFC,
  0x00,0xFF,0xC0,0x00,0xFE,0x00,0x0F,0xFF,0x80,0x3F,0xFF,0x80,0xFE,0x3F,0x83,0xF8,0x3F,0x87,0xF0,0x7F,0x1F,0xC0,0x7F,0x3F,
  0x80,0xFE,0x7F,0x01,0xFD,0xFE,0x03,0xFB,0xFC,0x07,0xFF,0xF8,0x0F,0xFF,0xF0,0x1F,0xEF,0xE0,0x3F,0xDF,0xC0,0x3F,0xBF,0x80,
  0x7F,0x7F,0x80,0xFE,0x7F,0x01,0xFC,0x7F,0x07,0xF8,0xFF,0xFF,0xF0,0x7F,0xFF,0xE0,0x3F,0xBF,0xC0,0x00,0x7F,0x80,0x00,0xFF,
  0x00,0x01,0xFE,0x00,0x03,0xF8,0x00,0x07,0xF1,0x80,0x0F,0xE3,0x00,0x3F,0x87,0x00,0x7F,0x0E,0x00,0xFC,0x1C,0x03,0xF0,0x3C,
  0x0F,0xE0,0x7F,0xFF,0x80,0xFF,0xFC,0x00,0x7F,0xE0,0x00,0x3E,0x3F,0xBF,0xDF,0xFF,0xFB,0xF9,0xFC,0x7C,0x00,0x00,0x00,0x00,
  0x00,0x00,0x00,0x00,0x00,0x00,0x00,0x0F,0x8F,0xE7,0xF7,0xFF,0xFE,0xFE,0x7F,0x1F,0x00,0x1F,0x0F,0xE3,0xF9,0xFF,0x7F,0xCF,
  0xE3,0xF8,0x7C,0x00,0x00,0x00,0x00,0x00,0x00,0x00,0x00,0x00,0x00,0x00,0x07,0x87,0xF9,0xFE,0x7F,0xDF,0xF3,0xFC,0x7F,0x0F,
  0xC1,0xF0,0x78,0x3E,0x1F,0x0F,0x8F,0xC3,0xC0,0x80,0x00,0x00,0x00,0x01,0x00,0x00,0x07,0x00,0x00,0x1F,0x00,0x00,0x7F,0x00,
  0x01,0xFC,0x00,0x07,0xF0,0x00,0x1F,0xC0,0x00,0x7F,0x00,0x01,0xFC,0x00,0x07,0xF0,0x00,0x1F,0xC0,0x00,0x7F,0x00,0x00,0xFC,
  0x00,0x00,0xF8,0x00,0x00,0xFC,0x00,0x00,0x7F,0x00,0x00,0x1F,0xC0,0x00,0x07,0xF0,0x00,0x01,0xFC,0x00,0x00,0x7F,0x00,0x00,
  0x1F,0xC0,0x00,0x07,0xF0,0x00,0x01,0xFC,0x00,0x00,0x7F,0x00,0x00,0x1F,0x00,0x00,0x07,0x00,0x00,0x01,0xFF,0xFF,0xFF,0xFF,
  0xFF,0xFF,0xFF,0xFF,0xFF,0xFF,0xFF,0xFF,0x00,0x00,0x00,0x00,0x00,0x00,0x00,0x00,0x00,0x00,0x00,0x00,0x00,0x00,0x00,0x00,
  0x00,0x00,0xFF,0xFF,0xFF,0xFF,0xFF,0xFF,0xFF,0xFF,0xFF,0xFF,0xFF,0xFF,0x80,0x00,0x00,0xE0,0x00,0x00,0xF8,0x00,0x00,0xFE,
  0x00,0x00,0x7F,0x80,0x00,0x1F,0xE0,0x00,0x07,0xF0,0x00,0x01,0xFC,0x00,0x00,0x7F,0x00,0x00,0x1F,0xC0,0x00,0x07,0xF0,0x00,
  0x01,0xFC,0x00,0x00,0x7F,0x00,0x00,0x1F,0x00,0x00,0x7F,0x00,0x01,0xFC,0x00,0x07,0xF0,0x00,0x1F,0xC0,0x00,0x7F,0x00,0x01,
  0xFC,0x00,0x07,0xF0,0x00,0x1F,0xE0,0x00,0x7F,0x80,0x00,0xFE,0x00,0x00,0xF8,0x00,0x00,0xE0,0x00,0x00,0x80,0x00,0x00,0x1F,
  0xF8,0x0F,0xFF,0xF0,0xFF,0xFF,0x8F,0x03,0xFC,0xE0,0x1F,0xEE,0x00,0xFE,0xE0,0x0F,0xFE,0x00,0xFF,0xC0,0x0F,0xF0,0x00,0xFF,
  0x00,0x0F,0xF0,0x00,0xFF,0x00,0x0F,0xF0,0x00,0xFE,0x00,0x0F,0xE0,0x01,0xFE,0x00,0x3F,0xC0,0x1F,0xF8,0x07,0xFF,0x00,0x3F,
  0xE0,0x03,0xF0,0x00,0x3C,0x00,0x03,0xC0,0x00,0x3C,0x00,0x01,0xC0,0x00,0x1C,0x00,0x00,0x00,0x00,0x00,0x00,0x03,0xC0,0x00,
  0x7F,0x00,0x0F,0xF0,0x00,0xFF,0x80,0x0F,0xF8,0x00,0xFF,0x00,0x07,0xF0,0x00,0x3C,0x00,0x00,0x00,0x1F,0xFC,0x00,0x00,0x00,
  0x1F,0xFF,0xF8,0x00,0x00,0x1F,0xFF,0xFF,0xC0,0x00,0x0F,0xF0,0x01,0xFC,0x00,0x03,0xF0,0x00,0x0F,0xC0,0x00,0xF8,0x00,0x00,
  0x7C,0x00,0x3E,0x00,0x00,0x07,0xC0,0x0F,0x80,0x00,0x00,0x7C,0x03,0xE0,0x00,0x00,0x0F,0x80,0xF8,0x00,0x00,0x00,0xF8,0x3E,
  0x00,0x00,0x00,0x1F,0x07,0x80,0x01,0xFF,0x83,0xE1,0xF0,0x01,0xFF,0xF0,0x3C,0x7C,0x00,0xFF,0xFC,0x07,0xCF,0x80,0x3E,0x3F,
  0x80,0xF9,0xE0,0x0F,0x07,0xF0,0x1F,0x7C,0x03,0xC0,0xFE,0x03,0xEF,0x80,0xF8,0x1F,0x80,0x7D,0xE0,0x3E,0x03,0xF0,0x0F,0x7C,
  0x07,0xC0,0xFE,0x01,0xEF,0x81,0xF8,0x1F,0xC0,0x7D,0xF0,0x3E,0x03,0xF8,0x0F,0xBE,0x0F,0xC0,0x7E,0x01,0xE7,0xC1,0xF8,0x0F,
  0xC0,0x3C,0xF8,0x3F,0x03,0xF8,0x0F,0x1E,0x07,0xE0,0x7F,0x01,0xE3,0xC0,0xFC,0x0F,0xC0,0x78,0x7C,0x1F,0x81,0xF8,0x1E,0x0F,
  0x83,0xF0,0x7F,0x03,0x81,0xF0,0x7F,0x1F,0xE1,0xE0,0x3E,0x0F,0xFF,0xFF,0xF8,0x07,0xC1,0xFF,0xFF,0xFC,0x00,0x7C,0x1F,0xE3,
  0xFF,0x00,0x0F,0x81,0xF0,0x3F,0x00,0x01,0xF0,0x00,0x00,0x00,0x00,0x1F,0x00,0x00,0x00,0x00,0x03,0xF0,0x00,0x00,0x00,0x00,
  0x3E,0x00,0x00,0x00,0x00,0x03,0xE0,0x00,0x00,0x10,0x00,0x3F,0x00,0x00,0x0E,0x00,0x03,0xF0,0x00,0x07,0x80,0x00,0x3F,0xC0,
  0x07,0xE0,0x00,0x01,0xFF,0xFF,0xF0,0x00,0x00,0x0F,0xFF,0xF8,0x00,0x00,0x00,0x3F,0xF8,0x00,0x00,0x00,0x01,0xFE,0x00,0x00,
  0x00,0x0F,0xF0,0x00,0x00,0x00,0xFF,0xC0,0x00,0x00,0x07,0xFE,0x00,0x00,0x00,0x7F,0xF0,0x00,0x00,0x03,0xFF,0xC0,0x00,0x00,
  0x1D,0xFE,0x00,0x00,0x01,0xEF,0xF0,0x00,0x00,0x0E,0x7F,0xC0,0x00,0x00,0x71,0xFE,0x00,0x00,0x07,0x0F,0xF0,0x00,0x00,0x38,
  0x7F,0xC0,0x00,0x03,0xC1,0xFE,0x00,0x00,0x1C,0x0F,0xF8,0x00,0x00,0xE0,0x7F,0xC0,0x00,0x0F,0x01,0xFE,0x00,0x00,0x70,0x0F,
  0xF8,0x00,0x03,0x80,0x7F,0xC0,0x00,0x3C,0x01,0xFE,0x00,0x01,0xC0,0x0F,0xF8,0x00,0x1E,0x00,0x7F,0xC0,0x00,0xFF,0xFF,0xFF,
  0x00,0x07,0xFF,0xFF,0xF8,0x00,0x7F,0xFF,0xFF,0xC0,0x03,0x80,0x01,0xFF,0x00,0x1C,0x00,0x0F,0xF8,0x01,0xE0,0x00,0x3F,0xC0,
  0x0E,0x00,0x01,0xFF,0x00,0xF0,0x00,0x0F,0xF8,0x07,0x80,0x00,0x3F,0xE0,0x38,0x00,0x01,0xFF,0x03,0xC0,0x00,0x07,0xF8,0x1E,
  0x00,0x00,0x7F,0xE7,0xFF,0x00,0x1F,0xFF,0xFF,0xF8,0x00,0xFF,0xFE,0xFF,0xFF,0xFE,0x00,0xFF,0xFF,0xFF,0xC0,0x0F,0xFF,0xFF,
  0xE0,0x0F,0xF0,0x1F,0xF0,0x0F,0xF0,0x0F,0xF8,0x0F,0xF0,0x07,0xF8,0x0F,0xF0,0x07,0xFC,0x0F,0xF0,0x07,0xFC,0x0F,0xF0,0x07,
  0xFC,0x0F,0xF0,0x07,0xFC,0x0F,0xF0,0x07,0xF8,0x0F,0xF0,0x07,0xF8,0x0F,0xF0,0x07,0xF0,0x0F,0xF0,0x0F,0xF0,0x0F,0xF0,0x3F,
  0xC0,0x0F,0xFF,0xFF,0x80,0x0F,0xFF,0xFF,0x80,0x0F,0xFF,0xFF,0xF0,0x0F,0xF0,0x07,0xFC,0x0F,0xF0,0x03,0xFE,0x0F,0xF0,0x01,
  0xFE,0x0F,0xF0,0x01,0xFF,0x0F,0xF0,0x00,0xFF,0x0F,0xF0,0x00,0xFF,0x0F,0xF0,0x00,0xFF,0x0F,0xF0,0x00,0xFF,0x0F,0xF0,0x00,
  0xFF,0x0F,0xF0,0x01,0xFF,0x0F,0xF0,0x01,0xFE,0x0F,0xF0,0x03,0xFE,0x0F,0xF0,0x07,0xFC,0x0F,0xFF,0xFF,0xF8,0xFF,0xFF,0xFF,
  0xE0,0xFF,0xFF,0xFF,0x00,0x00,0x07,0xFF,0xC0,0x00,0x3F,0xFF,0xFC,0x00,0xFF,0xFF,0xFE,0x03,0xFF,0x00,0x7E,0x07,0xFC,0x00,
  0x1E,0x0F,0xF8,0x00,0x0E,0x0F,0xF0,0x00,0x0E,0x1F,0xE0,0x00,0x0E,0x3F,0xE0,0x00,0x06,0x3F,0xC0,0x00,0x06,0x3F,0xC0,0x00,
  0x00,0x7F,0xC0,0x00,0x00,0x7F,0x80,0x00,0x00,0x7F,0x80,0x00,0x00,0x7F,0x80,0x00,0x00,0x7F,0x80,0x00,0x00,0x7F,0x80,0x00,
  0x00,0x7F,0x80,0x00,0x00,0xFF,0x80,0x00,0x00,0x7F,0x80,0x00,0x00,0x7F,0x80,0x00,0x00,0x7F,0x80,0x00,0x00,0x7F,0x80,0x00,
  0x00,0x7F,0xC0,0x00,0x00,0x7F,0xC0,0x00,0x00,0x3F,0xC0,0x00,0x07,0x3F,0xC0,0x00,0x07,0x3F,0xE0,0x00,0x07,0x1F,0xE0,0x00,
  0x07,0x0F,0xF0,0x00,0x07,0x07,0xF8,0x00,0x0F,0x07,0xFC,0x00,0x1F,0x01,0xFF,0x00,0x7F,0x00,0xFF,0xFF,0xFE,0x00,0x3F,0xFF,
  0xFC,0x00,0x07,0xFF,0x80,0xFF,0xFF,0xFC,0x00,0x3F,0xFF,0xFF,0xE0,0x00,0xFF,0xFF,0xFE,0x00,0x3F,0xC0,0xFF,0xE0,0x0F,0xF0,
  0x07,0xFC,0x03,0xFC,0x00,0xFF,0x80,0xFF,0x00,0x1F,0xF0,0x3F,0xC0,0x03,0xFC,0x0F,0xF0,0x00,0xFF,0x83,0xFC,0x00,0x3F,0xE0,
  0xFF,0x00,0x07,0xF8,0x3F,0xC0,0x01,0xFF,0x0F,0xF0,0x00,0x7F,0xC3,0xFC,0x00,0x1F,0xF0,0xFF,0x00,0x07,0xFC,0x3F,0xC0,0x01,
  0xFF,0x0F,0xF0,0x00,0x7F,0xC3,0xFC,0x00,0x1F,0xF0,0xFF,0x00,0x07,0xFC,0x3F,0xC0,0x01,0xFF,0x0F,0xF0,0x00,0x7F,0xC3,0xFC,
  0x00,0x1F,0xF0,0xFF,0x00,0x07,0xFC,0x3F,0xC0,0x01,0xFE,0x0F,0xF0,0x00,0x7F,0x83,0xFC,0x00,0x1F,0xE0,0xFF,0x00,0x0F,0xF0,
  0x3F,0xC0,0x03,0xFC,0x0F,0xF0,0x01,0xFE,0x03,0xFC,0x00,0xFF,0x00,0xFF,0x00,0x7F,0x80,0x3F,0xFF,0xFF,0xC0,0xFF,0xFF,0xFF,
  0xC0,0x3F,0xFF,0xFF,0x80,0x00,0xFF,0xFF,0xFF,0xF9,0xFF,0xFF,0xFF,0xF0,0x3F,0xFF,0xFF,0xE0,0x7F,0x80,0x01,0xC0,0xFF,0x00,
  0x03,0x81,0xFE,0x00,0x07,0x03,0xFC,0x00,0x0E,0x07,0xF8,0x00,0x1C,0x0F,0xF0,0x00,0x18,0x1F,0xE0,0x00,0x00,0x3F,0xC0,0x00,
  0x00,0x7F,0x80,0x18,0x00,0xFF,0x00,0x30,0x01,0xFE,0x00,0xE0,0x03,0xFC,0x01,0xC0,0x07,0xFF,0xFF,0x80,0x0F,0xFF,0xFF,0x00,
  0x1F,0xFF,0xFE,0x00,0x3F,0xC0,0x1C,0x00,0x7F,0x80,0x38,0x00,0xFF,0x00,0x30,0x01,0xFE,0x00,0x60,0x03,0xFC,0x00,0x00,0x07,
  0xF8,0x00,0x00,0x0F,0xF0,0x00,0x06,0x1F,0xE0,0x00,0x1C,0x3F,0xC0,0x00,0x38,0x7F,0x80,0x00,0x70,0xFF,0x00,0x00,0xE1,0xFE,
  0x00,0x03,0xC3,0xFC,0x00,0x07,0x87,0xFF,0xFF,0xFF,0xFF,0xFF,0xFF,0xFF,0xFF,0xFF,0xFF,0xFC,0xFF,0xFF,0xFF,0xFF,0xFF,0xFF,
  0xFF,0x0F,0xFF,0xFF,0xF0,0xFF,0x00,0x07,0x0F,0xF0,0x00,0x70,0xFF,0x00,0x07,0x0F,0xF0,0x00,0x70,0xFF,0x00,0x03,0x0F,0xF0,
  0x00,0x30,0xFF,0x00,0x00,0x0F,0xF0,0x00,0x00,0xFF,0x00,0x00,0x0F,0xF0,0x00,0x00,0xFF,0x00,0x70,0x0F,0xF0,0x07,0x00,0xFF,
  0x00,0x70,0x0F,0xF0,0x07,0x00,0xFF,0xFF,0xF0,0x0F,0xFF,0xFF,0x00,0xFF,0xFF,0xF0,0x0F,0xF0,0x07,0x00,0xFF,0x00,0x70,0x0F,
  0xF0,0x07,0x00,0xFF,0x00,0x70,0x0F,0xF0,0x00,0x00,0xFF,0x00,0x00,0x0F,0xF0,0x00,0x00,0xFF,0x00,0x00,0x0F,0xF0,0x00,0x00,
  0xFF,0x00,0x00,0x0F,0xF0,0x00,0x00,0xFF,0x80,0x00,0xFF,0xFF,0xC0,0x0F,0xFF,0xFC,0x00,0x00,0x03,0xFF,0xC0,0x00,0x01,0xFF,
  0xFF,0xE0,0x00,0x3F,0xFF,0xFF,0xE0,0x03,0xFE,0x00,0xFF,0x00,0x3F,0xC0,0x00,0xF8,0x03,0xFC,0x00,0x03,0xC0,0x3F,0xC0,0x00,
  0x0E,0x03,0xFC,0x00,0x00,0x70,0x1F,0xE0,0x00,0x03,0x81,0xFE,0x00,0x00,0x1C,0x0F,0xF0,0x00,0x00,0x00,0xFF,0x80,0x00,0x00,
  0x07,0xF8,0x00,0x00,0x00,0x3F,0xC0,0x00,0x00,0x01,0xFE,0x00,0x00,0x00,0x0F,0xF0,0x00,0x00,0x00,0x7F,0x80,0x00,0x00,0x03,
  0xFC,0x00,0x00,0x00,0x3F,0xE0,0x00,0x00,0x00,0xFF,0x00,0x00,0x00,0x07,0xF8,0x00,0x7F,0xFF,0xBF,0xC0,0x03,0xFF,0xFD,0xFE,
  0x00,0x01,0xFF,0x0F,0xF8,0x00,0x07,0xF8,0x7F,0xC0,0x00,0x3F,0xC1,0xFE,0x00,0x01,0xFE,0x0F,0xF0,0x00,0x0F,0xF0,0x3F,0xC0,
  0x00,0x7F,0x81,0xFE,0x00,0x03,0xFC,0x07,0xF8,0x00,0x1F,0xE0,0x1F,0xE0,0x00,0xFF,0x00,0x7F,0x80,0x07,0xF8,0x01,0xFF,0x00,
  0x7F,0xC0,0x07,0xFF,0xFF,0xFE,0x00,0x0F,0xFF,0xFF,0x80,0x00,0x07,0xFF,0x80,0x00,0xFF,0xFF,0x83,0xFF,0xFF,0xFF,0xFF,0x07,
  0xFF,0xFC,0x7F,0xE0,0x01,0xFF,0x80,0x7F,0x80,0x01,0xFE,0x00,0xFF,0x00,0x03,0xFC,0x01,0xFE,0x00,0x07,0xF8,0x03,0xFC,0x00,
  0x0F,0xF0,0x07,0xF8,0x00,0x1F,0xE0,0x0F,0xF0,0x00,0x3F,0xC0,0x1F,0xE0,0x00,0x7F,0x80,0x3F,0xC0,0x00,0xFF,0x00,0x7F,0x80,
  0x01,0xFE,0x00,0xFF,0x00,0x03,0xFC,0x01,0xFE,0x00,0x07,0xF8,0x03,0xFC,0x00,0x0F,0xF0,0x07,0xFF,0xFF,0xFF,0xE0,0x0F,0xFF,
  0xFF,0xFF,0xC0,0x1F,0xFF,0xFF,0xFF,0x80,0x3F,0xC0,0x00,0xFF,0x00,0x7F,0x80,0x01,0xFE,0x00,0xFF,0x00,0x03,0xFC,0x01,0xFE,
  0x00,0x07,0xF8,0x03,0xFC,0x00,0x0F,0xF0,0x07,0xF8,0x00,0x1F,0xE0,0x0F,0xF0,0x00,0x3F,0xC0,0x1F,0xE0,0x00,0x7F,0x80,0x3F,
  0xC0,0x00,0xFF,0x00,0x7F,0x80,0x01,0xFE,0x00,0xFF,0x00,0x03,0xFC,0x01,0xFE,0x00,0x07,0xF8,0x03,0xFC,0x00,0x0F,0xF0,0x0F,
  0xFC,0x00,0x3F,0xF0,0xFF,0xFF,0x83,0xFF,0xFF,0xFF,0xFF,0x07,0xFF,0xFC,0xFF,0xFF,0xFF,0xFF,0xC7,0xFE,0x01,0xFE,0x00,0xFF,
  0x00,0x7F,0x80,0x3F,0xC0,0x1F,0xE0,0x0F,0xF0,0x07,0xF8,0x03,0xFC,0x01,0xFE,0x00,0xFF,0x00,0x7F,0x80,0x3F,0xC0,0x1F,0xE0,
  0x0F,0xF0,0x07,0xF8,0x03,0xFC,0x01,0xFE,0x00,0xFF,0x00,0x7F,0x80,0x3F,0xC0,0x1F,0xE0,0x0F,0xF0,0x07,0xF8,0x03,0xFC,0x01,
  0xFE,0x00,0xFF,0x00,0x7F,0x80,0x3F,0xC0,0x3F,0xF0,0xFF,0xFF,0xFF,0xFF,0xC0,0x03,0xFF,0xFE,0x07,0xFF,0xFC,0x00,0xFF,0x80,
  0x00,0xFF,0x00,0x01,0xFE,0x00,0x03,0xFC,0x00,0x07,0xF8,0x00,0x0F,0xF0,0x00,0x1F,0xE0,0x00,0x3F,0xC0,0x00,0x7F,0x80,0x00,
  0xFF,0x00,0x01,0xFE,0x00,0x03,0xFC,0x00,0x07,0xF8,0x00,0x0F,0xF0,0x00,0x1F,0xE0,0x00,0x3F,0xC0,0x00,0x7F,0x80,0x00,0xFF,
  0x00,0x01,0xFE,0x00,0x03,0xFC,0x00,0x07,0xF8,0x00,0x0F,0xF0,0x00,0x1F,0xE0,0x00,0x3F,0xC1,0x00,0x7F,0x07,0x00,0xFE,0x0E,
  0x01,0xFC,0x1C,0x07,0xF0,0x38,0x0F,0xE0,0x78,0x3F,0x80,0xFF,0xFE,0x01,0xFF,0xF8,0x01,0xFF,0x80,0x00,0xFF,0xFF,0x80,0x7F,
  0xF1,0xFF,0xFF,0x00,0xFF,0xE0,0x3F,0xE0,0x00,0x7E,0x00,0x7F,0x80,0x00,0xF0,0x00,0xFF,0x00,0x07,0xC0,0x01,0xFE,0x00,0x1F,
  0x00,0x03,0xFC,0x00,0x7C,0x00,0x07,0xF8,0x01,0xF0,0x00,0x0F,0xF0,0x07,0x80,0x00,0x1F,0xE0,0x1E,0x00,0x00,0x3F,0xC0,0x78,
  0x00,0x00,0x7F,0x81,0xE0,0x00,0x00,0xFF,0x0F,0x80,0x00,0x01,0xFE,0x3F,0x80,0x00,0x03,0xFC,0xFF,0x80,0x00,0x07,0xFB,0xFF,
  0x00,0x00,0x0F,0xFF,0xFF,0x00,0x00,0x1F,0xFF,0xFF,0x00,0x00,0x3F,0xF3,0xFF,0x00,0x00,0x7F,0xC3,0xFF,0x00,0x00,0xFF,0x07,
  0xFE,0x00,0x01,0xFE,0x07,0xFE,0x00,0x03,0xFC,0x07,0xFE,0x00,0x07,0xF8,0x07,0xFE,0x00,0x0F,0xF0,0x0F,0xFC,0x00,0x1F,0xE0,
  0x0F,0xFC,0x00,0x3F,0xC0,0x0F,0xFC,0x00,0x7F,0x80,0x0F,0xFC,0x00,0xFF,0x00,0x0F,0xFC,0x01,0xFE,0x00,0x1F,0xF8,0x03,0xFC,
  0x00,0x1F,0xF8,0x07,0xFC,0x00,0x1F,0xF8,0xFF,0xFF,0x80,0x1F,0xFF,0xFF,0xFF,0x00,0x3F,0xFC,0xFF,0xFF,0xC0,0x01,0xFF,0xFF,
  0x80,0x00,0x3F,0xE0,0x00,0x00,0x7F,0x80,0x00,0x00,0xFF,0x00,0x00,0x01,0xFE,0x00,0x00,0x03,0xFC,0x00,0x00,0x07,0xF8,0x00,
  0x00,0x0F,0xF0,0x00,0x00,0x1F,0xE0,0x00,0x00,0x3F,0xC0,0x00,0x00,0x7F,0x80,0x00,0x00,0xFF,0x00,0x00,0x01,0xFE,0x00,0x00,
  0x03,0xFC,0x00,0x00,0x07,0xF8,0x00,0x00,0x0F,0xF0,0x00,0x00,0x1F,0xE0,0x00,0x00,0x3F,0xC0,0x00,0x00,0x7F,0x80,0x00,0x00,
  0xFF,0x00,0x00,0x01,0xFE,0x00,0x00,0x03,0xFC,0x00,0x00,0x07,0xF8,0x00,0x00,0x0F,0xF0,0x00,0x06,0x1F,0xE0,0x00,0x0C,0x3F,
  0xC0,0x00,0x38,0x7F,0x80,0x00,0x70,0xFF,0x00,0x00,0xE1,0xFE,0x00,0x03,0xC3,0xFC,0x00,0x07,0x87,0xFF,0xFF,0xFF,0xFF,0xFF,
  0xFF,0xFF,0xFF,0xFF,0xFF,0xFC,0xFF,0xFC,0x00,0x00,0x7F,0xFF,0xFF,0xF8,0x00,0x01,0xFF,0xFC,0x3F,0xF0,0x00,0x03,0xFF,0x80,
  0x7F,0xF0,0x00,0x0F,0xFE,0x00,0xFF,0xE0,0x00,0x1F,0xFC,0x01,0xFF,0xE0,0x00,0x7F,0xF8,0x03,0xFF,0xC0,0x00,0xFF,0xF0,0x07,
  0xFF,0xC0,0x01,0xDF,0xE0,0x0F,0x7F,0x80,0x07,0xBF,0xC0,0x1E,0xFF,0x00,0x0E,0x7F,0x80,0x3C,0xFF,0x00,0x3C,0xFF,0x00,0x79,
  0xFE,0x00,0x79,0xFE,0x00,0xF1,0xFE,0x01,0xE3,0xFC,0x01,0xE3,0xFC,0x03,0xC7,0xF8,0x03,0xC7,0xFC,0x0F,0x0F,0xF0,0x07,0x87,
  0xF8,0x1E,0x1F,0xE0,0x0F,0x0F,0xF8,0x38,0x3F,0xC0,0x1E,0x0F,0xF0,0xF0,0x7F,0x80,0x3C,0x1F,0xE1,0xC0,0xFF,0x00,0x78,0x1F,
  0xE7,0x81,0xFE,0x00,0xF0,0x3F,0xCE,0x03,0xFC,0x01,0xE0,0x7F,0xFC,0x07,0xF8,0x03,0xC0,0x7F,0xF8,0x0F,0xF0,0x07,0x80,0xFF,
  0xE0,0x1F,0xE0,0x0F,0x00,0xFF,0xC0,0x3F,0xC0,0x1E,0x01,0xFF,0x00,0x7F,0x80,0x3C,0x01,0xFE,0x00,0xFF,0x00,0x78,0x03,0xF8,
  0x01,0xFE,0x00,0xF0,0x03,0xF0,0x03,0xFC,0x01,0xE0,0x07,0xC0,0x07,0xF8,0x03,0xC0,0x0F,0x80,0x0F,0xF0,0x07,0x80,0x0F,0x00,
  0x3F,0xF0,0xFF,0xF0,0x1C,0x03,0xFF,0xFF,0xFF,0xE0,0x18,0x07,0xFF,0xFC,0xFF,0xF0,0x00,0xFF,0xFF,0xFF,0x80,0x0F,0xFF,0x0F,
  0xFC,0x00,0x0F,0x00,0xFF,0xC0,0x00,0xF0,0x0F,0xFE,0x00,0x0F,0x00,0xFF,0xF0,0x00,0xF0,0x0F,0xFF,0x80,0x0F,0x00,0xFF,0xF8,
  0x00,0xF0,0x0F,0x7F,0xC0,0x0F,0x00,0xF3,0xFE,0x00,0xF0,0x0F,0x3F,0xF0,0x0F,0x00,0xF1,0xFF,0x80,0xF0,0x0F,0x0F,0xF8,0x0F,
  0x00,0xF0,0x7F,0xC0,0xF0,0x0F,0x07,0xFE,0x0F,0x00,0xF0,0x3F,0xF0,0xF0,0x0F,0x01,0xFF,0x0F,0x00,0xF0,0x0F,0xF8,0xF0,0x0F,
  0x00,0x7F,0xCF,0x00,0xF0,0x07,0xFE,0xF0,0x0F,0x00,0x3F,0xEF,0x00,0xF0,0x01,0xFF,0xF0,0x0F,0x00,0x0F,0xFF,0x00,0xF0,0x00,
  0xFF,0xF0,0x0F,0x00,0x07,0xFF,0x00,0xF0,0x00,0x3F,0xF0,0x0F,0x00,0x01,0xFF,0x00,0xF0,0x00,0x1F,0xF0,0x0F,0x00,0x00,0xFF,
  0x00,0xF0,0x00,0x07,0xF0,0x0F,0x00,0x00,0x3F,0x00,0xF0,0x00,0x01,0xF0,0xFF,0xF0,0x00,0x1F,0x0F,0xFF,0x00,0x00,0xF0,0x00,
  0x07,0xFF,0x00,0x00,0x07,0xFF,0xFE,0x00,0x01,0xFF,0xFF,0xF8,0x00,0x3F,0xC0,0x3F,0xC0,0x07,0xF8,0x00,0xFE,0x00,0xFF,0x00,
  0x07,0xF0,0x1F,0xE0,0x00,0x7F,0x81,0xFE,0x00,0x03,0xFC,0x3F,0xC0,0x00,0x3F,0xC3,0xFC,0x00,0x01,0xFE,0x7F,0xC0,0x00,0x1F,
  0xE7,0xF8,0x00,0x01,0xFE,0x7F,0x80,0x00,0x1F,0xE7,0xF8,0x00,0x01,0xFF,0x7F,0x80,0x00,0x1F,0xF7,0xF8,0x00,0x01,0xFF,0x7F,
  0x80,0x00,0x1F,0xFF,0xF8,0x00,0x01,0xFF,0xFF,0x80,0x00,0x1F,0xF7,0xF8,0x00,0x01,0xFF,0x7F,0x80,0x00,0x1F,0xF7,0xF8,0x00,
  0x01,0xFF,0x7F,0x80,0x00,0x1F,0xF7,0xF8,0x00,0x01,0xFE,0x7F,0xC0,0x00,0x1F,0xE3,0xFC,0x00,0x01,0xFE,0x3F,0xC0,0x00,0x1F,
  0xE3,0xFC,0x00,0x03,0xFC,0x1F,0xE0,0x00,0x3F,0xC1,0xFE,0x00,0x07,0xF8,0x0F,0xF0,0x00,0x7F,0x00,0x7F,0x80,0x0F,0xE0,0x03,
  0xFC,0x03,0xFC,0x00,0x0F,0xFF,0xFF,0x80,0x00,0x3F,0xFF,0xE0,0x00,0x00,0x7F,0xF0,0x00,0xFF,0xFF,0xF8,0x07,0xFF,0xFF,0xF8,
  0x03,0xFF,0xFF,0xF0,0x1F,0xE0,0x7F,0xC0,0xFF,0x00,0xFF,0x07,0xF8,0x07,0xF8,0x3F,0xC0,0x1F,0xE1,0xFE,0x00,0xFF,0x0F,0xF0,
  0x07,0xF8,0x7F,0x80,0x3F,0xC3,0xFC,0x01,0xFE,0x1F,0xE0,0x0F,0xF0,0xFF,0x00,0x7F,0x87,0xF8,0x03,0xFC,0x3F,0xC0,0x3F,0xE1,
  0xFE,0x01,0xFE,0x0F,0xF0,0x1F,0xF0,0x7F,0x81,0xFF,0x03,0xFF,0xFF,0xF0,0x1F,0xFF,0xFE,0x00,0xFF,0xFF,0xC0,0x07,0xF8,0x00,
  0x00,0x3F,0xC0,0x00,0x01,0xFE,0x00,0x00,0x0F,0xF0,0x00,0x00,0x7F,0x80,0x00,0x03,0xFC,0x00,0x00,0x1F,0xE0,0x00,0x00,0xFF,
  0x00,0x00,0x07,0xF8,0x00,0x00,0x3F,0xC0,0x00,0x01,0xFF,0x00,0x00,0xFF,0xFF,0xC0,0x07,0xFF,0xFE,0x00,0x00,0x00,0x07,0xFF,
  0x00,0x00,0x07,0xFF,0xFE,0x00,0x01,0xFF,0xFF,0xF8,0x00,0x3F,0xC0,0x3F,0xC0,0x07,0xF8,0x00,0xFE,0x00,0xFF,0x00,0x07,0xF0,
  0x1F,0xE0,0x00,0x7F,0x81,0xFE,0x00,0x03,0xFC,0x3F,0xC0,0x00,0x3F,0xC3,0xFC,0x00,0x01,0xFE,0x7F,0xC0,0x00,0x1F,0xE7,0xF8,
  0x00,0x01,0xFE,0x7F,0x80,0x00,0x1F,0xE7,0xF8,0x00,0x01,0xFF,0x7F,0x80,0x00,0x1F,0xF7,0xF8,0x00,0x01,0xFF,0x7F,0x80,0x00,
  0x1F,0xFF,0xF8,0x00,0x01,0xFF,0xFF,0x80,0x00,0x1F,0xF7,0xF8,0x00,0x01,0xFF,0x7F,0x80,0x00,0x1F,0xF7,0xF8,0x00,0x01,0xFF,
  0x7F,0x80,0x00,0x1F,0xF7,0xF8,0x00,0x01,0xFE,0x7F,0xC0,0x00,0x1F,0xE3,0xFC,0x00,0x01,0xFE,0x3F,0xC0,0x00,0x1F,0xE3,0xFC,
  0x00,0x03,0xFC,0x1F,0xE0,0x00,0x3F,0xC1,0xFE,0x00,0x07,0xF8,0x0F,0xF0,0x00,0x7F,0x00,0x7F,0x80,0x0F,0xE0,0x03,0xFC,0x03,
  0xFC,0x00,0x0F,0xFF,0xFF,0x80,0x00,0x3F,0xFF,0xE0,0x00,0x00,0x7F,0xFE,0x00,0x00,0x00,0x3F,0xF0,0x00,0x00,0x01,0xFF,0x80,
  0x00,0x00,0x0F,0xFC,0x00,0x00,0x00,0x7F,0xE0,0x00,0x00,0x03,0xFF,0x00,0x00,0x00,0x1F,0xFF,0x00,0x00,0x00,0xFF,0xF0,0x00,
  0x00,0x03,0xFC,0xFF,0xFF,0xFE,0x00,0x07,0xFF,0xFF,0xFE,0x00,0x03,0xFF,0xFF,0xFC,0x00,0x1F,0xE0,0x1F,0xF0,0x00,0xFF,0x00,
  0x3F,0xC0,0x07,0xF8,0x01,0xFE,0x00,0x3F,0xC0,0x07,0xF8,0x01,0xFE,0x00,0x3F,0xC0,0x0F,0xF0,0x01,0xFE,0x00,0x7F,0x80,0x0F,
  0xF0,0x03,0xFC,0x00,0x7F,0x80,0x1F,0xE0,0x03,0xFC,0x00,0xFF,0x00,0x1F,0xE0,0x07,0xF8,0x00,0xFF,0x00,0x3F,0xC0,0x0F,0xF0,
  0x01,0xFE,0x00,0xFF,0x80,0x0F,0xF0,0x1F,0xF8,0x00,0x7F,0xFF,0xFF,0x80,0x03,0xFF,0xFF,0xF0,0x00,0x1F,0xFF,0xFF,0x00,0x00,
  0xFF,0x07,0xF8,0x00,0x07,0xF8,0x1F,0xE0,0x00,0x3F,0xC0,0xFF,0x80,0x01,0xFE,0x03,0xFE,0x00,0x0F,0xF0,0x0F,0xF0,0x00,0x7F,
  0x80,0x7F,0xC0,0x03,0xFC,0x01,0xFF,0x00,0x1F,0xE0,0x07,0xF8,0x00,0xFF,0x00,0x3F,0xE0,0x07,0xF8,0x00,0xFF,0x80,0x3F,0xC0,
  0x03,0xFE,0x01,0xFF,0x00,0x1F,0xF8,0xFF,0xFF,0x80,0x7F,0xFF,0xFF,0xFC,0x01,0xFF,0xC0,0x01,0xFF,0xE0,0x0F,0xFF,0xF8,0x1F,
  0xFF,0xF8,0x3F,0x00,0xF8,0x7E,0x00,0x38,0x7C,0x00,0x38,0xFC,0x00,0x38,0xFC,0x00,0x18,0xFC,0x00,0x18,0xFC,0x00,0x00,0xFE,
  0x00,0x00,0xFF,0x00,0x00,0xFF,0xE0,0x00,0x7F,0xFC,0x00,0x7F,0xFF,0x00,0x3F,0xFF,0xC0,0x3F,0xFF,0xF0,0x1F,0xFF,0xF8,0x07,
  0xFF,0xFC,0x01,0xFF,0xFC,0x00,0x7F,0xFE,0x00,0x0F,0xFE,0x00,0x01,0xFF,0x00,0x00,0xFF,0x00,0x00,0x7F,0xC0,0x00,0x3F,0xC0,
  0x00,0x3F,0xE0,0x00,0x3F,0xE0,0x00,0x3E,0xE0,0x00,0x3E,0xE0,0x00,0x7E,0xF0,0x00,0x7C,0xFC,0x01,0xF8,0xFF,0xFF,0xF0,0xFF,
  0xFF,0xE0,0x07,0xFF,0x00,0xFF,0xFF,0xFF,0xFF,0xFF,0xFF,0xFF,0xFF,0xFF,0xFF,0xFF,0xFF,0xFC,0x01,0xFE,0x00,0x7E,0x00,0xFF,
  0x00,0x3F,0x00,0x7F,0x80,0x1F,0x80,0x3F,0xC0,0x0F,0x80,0x1F,0xE0,0x07,0xC0,0x0F,0xF0,0x03,0xE0,0x07,0xF8,0x00,0xC0,0x03,
  0xFC,0x00,0x00,0x01,0xFE,0x00,0x00,0x00,0xFF,0x00,0x00,0x00,0x7F,0x80,0x00,0x00,0x3F,0xC0,0x00,0x00,0x1F,0xE0,0x00,0x00,
  0x0F,0xF0,0x00,0x00,0x07,0xF8,0x00,0x00,0x03,0xFC,0x00,0x00,0x01,0xFE,0x00,0x00,0x00,0xFF,0x00,0x00,0x00,0x7F,0x80,0x00,
  0x00,0x3F,0xC0,0x00,0x00,0x1F,0xE0,0x00,0x00,0x0F,0xF0,0x00,0x00,0x07,0xF8,0x00,0x00,0x03,0xFC,0x00,0x00,0x01,0xFE,0x00,
  0x00,0x00,0xFF,0x00,0x00,0x00,0x7F,0x80,0x00,0x00,0x3F,0xC0,0x00,0x00,0x3F,0xF0,0x00,0x01,0xFF,0xFF,0xC0,0x00,0xFF,0xFF,
  0xE0,0x00,0xFF,0xFF,0x80,0xFF,0xFF,0xFF,0xF0,0x1F,0xFC,0x3F,0xE0,0x00,0x3C,0x07,0xF8,0x00,0x07,0x00,0xFF,0x00,0x00,0xE0,
  0x1F,0xE0,0x00,0x1C,0x03,0xFC,0x00,0x03,0x80,0x7F,0x80,0x00,0x70,0x0F,0xF0,0x00,0x0E,0x01,0xFE,0x00,0x01,0xC0,0x3F,0xC0,
  0x00,0x38,0x07,0xF8,0x00,0x07,0x00,0xFF,0x00,0x00,0xE0,0x1F,0xE0,0x00,0x1C,0x03,0xFC,0x00,0x03,0x80,0x7F,0x80,0x00,0x70,
  0x0F,0xF0,0x00,0x0E,0x01,0xFE,0x00,0x01,0xC0,0x3F,0xC0,0x00,0x38,0x07,0xF8,0x00,0x07,0x00,0xFF,0x00,0x00,0xE0,0x1F,0xE0,
  0x00,0x1C,0x03,0xFC,0x00,0x03,0x80,0x7F,0x80,0x00,0x70,0x0F,0xF0,0x00,0x0E,0x01,0xFF,0x00,0x01,0xC0,0x1F,0xE0,0x00,0x38,
  0x03,0xFC,0x00,0x0F,0x00,0x7F,0xC0,0x01,0xC0,0x07,0xFC,0x00,0x78,0x00,0x7F,0xC0,0x3E,0x00,0x0F,0xFF,0xFF,0x80,0x00,0x7F,
  0xFF,0xE0,0x00,0x07,0xFF,0xF8,0x00,0x00,0x1F,0xF8,0x00,0x00,0xFF,0xFC,0x00,0x3F,0xFF,0xFF,0xC0,0x03,0xFF,0x3F,0xE0,0x00,
  0x07,0x81,0xFE,0x00,0x00,0x70,0x1F,0xF0,0x00,0x07,0x00,0xFF,0x00,0x00,0xF0,0x0F,0xF8,0x00,0x0E,0x00,0xFF,0x80,0x01,0xE0,
  0x07,0xF8,0x00,0x1C,0x00,0x7F,0xC0,0x01,0xC0,0x03,0xFC,0x00,0x3C,0x00,0x3F,0xE0,0x03,0x80,0x01,0xFE,0x00,0x78,0x00,0x1F,
  0xF0,0x07,0x00,0x01,0xFF,0x00,0x70,0x00,0x0F,0xF0,0x0F,0x00,0x00,0xFF,0x80,0xE0,0x00,0x07,0xF8,0x1E,0x00,0x00,0x7F,0xC1,
  0xC0,0x00,0x03,0xFC,0x1C,0x00,0x00,0x3F,0xE3,0xC0,0x00,0x03,0xFE,0x38,0x00,0x00,0x1F,0xE7,0x80,0x00,0x01,0xFF,0x70,0x00,
  0x00,0x0F,0xFF,0x00,0x00,0x00,0xFF,0xF0,0x00,0x00,0x07,0xFE,0x00,0x00,0x00,0x7F,0xE0,0x00,0x00,0x07,0xFC,0x00,0x00,0x00,
  0x3F,0xC0,0x00,0x00,0x03,0xF8,0x00,0x00,0x00,0x1F,0x80,0x00,0x00,0x01,0xF8,0x00,0x00,0x00,0x0F,0x00,0x00,0x00,0x00,0xF0,
  0x00,0x00,0xFF,0xFE,0x00,0x00,0x01,0xFF,0xFF,0xFF,0x80,0x00,0x00,0x7F,0xF3,0xFF,0x00,0x00,0x00,0x01,0xF0,0x7F,0x80,0x00,
  0xF0,0x00,0x78,0x1F,0xF0,0x00,0x3C,0x00,0x1E,0x03,0xFC,0x00,0x1F,0x80,0x07,0x00,0xFF,0x80,0x07,0xE0,0x03,0xC0,0x3F,0xE0,
  0x03,0xF8,0x00,0xF0,0x07,0xF8,0x00,0xFF,0x00,0x38,0x01,0xFF,0x00,0x3F,0xC0,0x1E,0x00,0x7F,0xC0,0x1F,0xF8,0x07,0x80,0x0F,
  0xF0,0x07,0xFE,0x01,0xC0,0x03,0xFE,0x03,0xFF,0x80,0xF0,0x00,0xFF,0x80,0xFF,0xF0,0x3C,0x00,0x1F,0xE0,0x3F,0xFC,0x0F,0x00,
  0x07,0xFC,0x1E,0xFF,0x83,0x80,0x01,0xFF,0x07,0xBF,0xE1,0xE0,0x00,0x3F,0xC3,0xC7,0xF8,0x78,0x00,0x0F,0xF8,0xF1,0xFF,0x1C,
  0x00,0x01,0xFE,0x38,0x3F,0xCF,0x00,0x00,0x7F,0x9E,0x0F,0xFB,0xC0,0x00,0x1F,0xF7,0x83,0xFE,0xE0,0x00,0x03,0xFF,0xC0,0x7F,
  0xF8,0x00,0x00,0xFF,0xF0,0x1F,0xFE,0x00,0x00,0x3F,0xF8,0x03,0xFF,0x00,0x00,0x07,0xFE,0x00,0xFF,0xC0,0x00,0x01,0xFF,0x80,
  0x3F,0xF0,0x00,0x00,0x7F,0xC0,0x07,0xFC,0x00,0x00,0x0F,0xF0,0x01,0xFE,0x00,0x00,0x03,0xF8,0x00,0x3F,0x80,0x00,0x00,0xFE,
  0x00,0x0F,0xE0,0x00,0x00,0x1F,0x80,0x01,0xF0,0x00,0x00,0x07,0xC0,0x00,0x7C,0x00,0x00,0x01,0xF0,0x00,0x1F,0x00,0x00,0x00,
  0x38,0x00,0x03,0x80,0x00,0x7F,0xFF,0xC3,0xFF,0xC7,0xFF,0xFC,0x3F,0xFC,0x0F,0xFC,0x00,0x3E,0x00,0x7F,0xC0,0x03,0x80,0x03,
  0xFE,0x00,0x78,0x00,0x1F,0xE0,0x0F,0x00,0x01,0xFF,0x01,0xE0,0x00,0x0F,0xF8,0x1C,0x00,0x00,0x7F,0x83,0xC0,0x00,0x07,0xFC,
  0x78,0x00,0x00,0x3F,0xEF,0x00,0x00,0x01,0xFF,0xE0,0x00,0x00,0x1F,0xFC,0x00,0x00,0x00,0xFF,0xC0,0x00,0x00,0x07,0xF8,0x00,
  0x00,0x00,0x7F,0xC0,0x00,0x00,0x03,0xFC,0x00,0x00,0x00,0x3F,0xE0,0x00,0x00,0x03,0xFF,0x00,0x00,0x00,0x7F,0xF0,0x00,0x00,
  0x0F,0xFF,0x80,0x00,0x01,0xE7,0xFC,0x00,0x00,0x1E,0x3F,0xC0,0x00,0x03,0xC3,0xFE,0x00,0x00,0x78,0x1F,0xF0,0x00,0x0F,0x00,
  0xFF,0x00,0x00,0xE0,0x0F,0xF8,0x00,0x1E,0x00,0x7F,0xC0,0x03,0xC0,0x03,0xFC,0x00,0x78,0x00,0x3F,0xE0,0x0F,0x00,0x01,0xFF,
  0x01,0xF0,0x00,0x1F,0xF8,0xFF,0xF0,0x1F,0xFF,0xFF,0xFF,0x01,0xFF,0xFF,0xFF,0xFF,0xC0,0xFF,0xFF,0xFF,0xF8,0x0F,0xFF,0x1F,
  0xFC,0x00,0x0F,0x00,0xFF,0x80,0x00,0xE0,0x07,0xFC,0x00,0x1E,0x00,0x7F,0xE0,0x01,0xC0,0x03,0xFE,0x00,0x3C,0x00,0x1F,0xF0,
  0x07,0x80,0x01,0xFF,0x00,0x78,0x00,0x0F,0xF8,0x0F,0x00,0x00,0xFF,0x80,0xF0,0x00,0x07,0xFC,0x1E,0x00,0x00,0x7F,0xC1,0xE0,
  0x00,0x03,0xFE,0x3C,0x00,0x00,0x3F,0xE3,0xC0,0x00,0x01,0xFF,0x78,0x00,0x00,0x0F,0xFF,0x00,0x00,0x00,0xFF,0xF0,0x00,0x00,
  0x07,0xFE,0x00,0x00,0x00,0x7F,0xE0,0x00,0x00,0x03,0xFC,0x00,0x00,0x00,0x3F,0xC0,0x00,0x00,0x03,0xFC,0x00,0x00,0x00,0x3F,
  0xC0,0x00,0x00,0x03,0xFC,0x00,0x00,0x00,0x3F,0xC0,0x00,0x00,0x03,0xFC,0x00,0x00,0x00,0x3F,0xC0,0x00,0x00,0x03,0xFC,0x00,
  0x00,0x00,0x3F,0xC0,0x00,0x00,0x03,0xFC,0x00,0x00,0x00,0x7F,0xE0,0x00,0x00,0x7F,0xFF,0xF0,0x00,0x07,0xFF,0xFF,0x00,0x3F,
  0xFF,0xFF,0xF0,0xFF,0xFF,0xFF,0xC3,0xFF,0xFF,0xFF,0x0E,0x00,0x07,0xFC,0x38,0x00,0x3F,0xE0,0xE0,0x01,0xFF,0x83,0x80,0x07,
  0xFC,0x0E,0x00,0x3F,0xE0,0x30,0x01,0xFF,0x80,0x00,0x07,0xFC,0x00,0x00,0x3F,0xE0,0x00,0x01,0xFF,0x80,0x00,0x07,0xFC,0x00,
  0x00,0x3F,0xE0,0x00,0x01,0xFF,0x80,0x00,0x07,0xFC,0x00,0x00,0x3F,0xE0,0x00,0x01,0xFF,0x80,0x00,0x07,0xFC,0x00,0x00,0x3F,
  0xE0,0x00,0x01,0xFF,0x80,0x00,0x07,0xFC,0x00,0x00,0x3F,0xE0,0x00,0x01,0xFF,0x80,0x00,0x07,0xFC,0x00,0x0C,0x3F,0xE0,0x00,
  0x71,0xFF,0x80,0x01,0xC7,0xFC,0x00,0x07,0x3F,0xE0,0x00,0x1D,0xFF,0x80,0x00,0xF7,0xFC,0x00,0x03,0xFF,0xFF,0xFF,0xFF,0xFF,
  0xFF,0xFF,0xFF,0xFF,0xFF,0xFF,0xE0,0xFF,0xFF,0xFE,0xFF,0x8F,0xC0,0xFC,0x0F,0xC0,0xFC,0x0F,0xC0,0xFC,0x0F,0xC0,0xFC,0x0F,
  0xC0,0xFC,0x0F,0xC0,0xFC,0x0F,0xC0,0xFC,0x0F,0xC0,0xFC,0x0F,0xC0,0xFC,0x0F,0xC0,0xFC,0x0F,0xC0,0xFC,0x0F,0xC0,0xFC,0x0F,
  0xC0,0xFC,0x0F,0xC0,0xFC,0x0F,0xC0,0xFC,0x0F,0xC0,0xFC,0x0F,0xC0,0xFC,0x0F,0xC0,0xFC,0x0F,0xC0,0xFF,0x8F,0xFE,0xFF,0xF0,
  0xE0,0x01,0xE0,0x03,0xC0,0x03,0x80,0x07,0x80,0x0F,0x00,0x0E,0x00,0x1E,0x00,0x3C,0x00,0x38,0x00,0x78,0x00,0xF0,0x00,0xE0,
  0x01,0xE0,0x03,0xC0,0x03,0x80,0x07,0x80,0x0F,0x00,0x0E,0x00,0x1E,0x00,0x3C,0x00,0x38,0x00,0x78,0x00,0xF0,0x00,0xE0,0x01,
  0xE0,0x03,0xC0,0x03,0x80,0x07,0x80,0x0F,0x00,0x0E,0x00,0x1E,0x00,0x3C,0x00,0x38,0x00,0x78,0x00,0xF0,0xFF,0xFF,0xFF,0x3F,
  0xF0,0x7F,0x07,0xF0,0x7F,0x07,0xF0,0x7F,0x07,0xF0,0x7F,0x07,0xF0,0x7F,0x07,0xF0,0x7F,0x07,0xF0,0x7F,0x07,0xF0,0x7F,0x07,
  0xF0,0x7F,0x07,0xF0,0x7F,0x07,0xF0,0x7F,0x07,0xF0,0x7F,0x07,0xF0,0x7F,0x07,0xF0,0x7F,0x07,0xF0,0x7F,0x07,0xF0,0x7F,0x07,
  0xF0,0x7F,0x07,0xF0,0x7F,0x07,0xF0,0x7F,0x3F,0xFF,0xFF,0xFF,0xF0,0x00,0x1C,0x00,0x00,0x3C,0x00,0x00,0x3C,0x00,0x00,0x7E,
  0x00,0x00,0x7E,0x00,0x00,0xFF,0x00,0x00,0xE7,0x00,0x01,0xE7,0x80,0x01,0xE3,0x80,0x01,0xC3,0xC0,0x03,0xC1,0xC0,0x03,0x81,
  0xE0,0x07,0x81,0xE0,0x07,0x00,0xE0,0x0F,0x00,0xF0,0x0F,0x00,0x70,0x1E,0x00,0x78,0x1E,0x00,0x38,0x1C,0x00,0x3C,0x3C,0x00,
  0x3C,0x38,0x00,0x1E,0x78,0x00,0x1E,0x70,0x00,0x0F,0xF0,0x00,0x0F,0xFF,0xFF,0xFF,0xFF,0xFF,0xFF,0xFF,0xFF,0xFF,0xFF,0xFF,
  0xFF,0xFF,0xFF,0x07,0xF0,0x3F,0x81,0xFC,0x07,0xC0,0x3E,0x01,0xE0,0x07,0x07,0xFF,0x00,0x7F,0xFF,0x80,0xFE,0x7F,0x81,0xE0,
  0x7F,0x83,0x80,0x7F,0x87,0x00,0xFF,0x0C,0x01,0xFE,0x00,0x03,0xFC,0x00,0x07,0xF8,0x00,0x0F,0xF0,0x00,0x1F,0xE0,0x3F,0xFF,
  0xC1,0xFF,0xFF,0x87,0xFC,0xFF,0x1F,0xC1,0xFE,0x7F,0x83,0xFC,0xFE,0x07,0xF9,0xFC,0x0F,0xF3,0xF8,0x1F,0xE7,0xF0,0x3F,0xCF,
  0xE0,0x7F,0x9F,0xE0,0xFF,0x3F,0xE3,0xFE,0x3F,0xFF,0xFF,0x3F,0xFB,0xFE,0x1F,0x80,0x00,0xFF,0xC0,0x00,0x3F,0xF0,0x00,0x03,
  0xFC,0x00,0x00,0xFF,0x00,0x00,0x3F,0xC0,0x00,0x0F,0xF0,0x00,0x03,0xFC,0x00,0x00,0xFF,0x00,0x00,0x3F,0x80,0x00,0x0F,0xE0,
  0x00,0x03,0xF8,0x00,0x00,0xFE,0x3F,0xC0,0x3F,0xFF,0xFC,0x0F,0xFF,0xFF,0x83,0xFC,0x0F,0xF0,0xFF,0x01,0xFC,0x3F,0xC0,0x7F,
  0x8F,0xF0,0x0F,0xE3,0xFC,0x03,0xF8,0xFF,0x00,0xFF,0x3F,0xC0,0x3F,0xCF,0xF0,0x0F,0xF3,0xFC,0x03,0xFC,0xFF,0x00,0xFF,0x3F,
  0xC0,0x3F,0xCF,0xF0,0x0F,0xF3,0xFC,0x03,0xFC,0xFF,0x00,0xFE,0x3F,0xC0,0x3F,0x8F,0xF0,0x0F,0xE3,0xFC,0x03,0xF8,0xFF,0x01,
  0xFC,0x3F,0xC0,0x7E,0x0F,0xF0,0x3F,0x83,0xFF,0xFF,0xC0,0x7F,0xFF,0xC0,0x00,0xFF,0xC0,0x00,0x00,0xFF,0x80,0x7F,0xFE,0x0F,
  0xFF,0xE1,0xFC,0x0E,0x3F,0x80,0xE7,0xF8,0x06,0x7F,0x00,0x67,0xF0,0x06,0xFF,0x00,0x0F,0xE0,0x00,0xFE,0x00,0x0F,0xE0,0x00,
  0xFE,0x00,0x0F,0xE0,0x00,0xFE,0x00,0x0F,0xE0,0x00,0xFE,0x00,0x0F,0xF0,0x00,0xFF,0x00,0x07,0xF0,0x00,0x7F,0x80,0x03,0xFC,
  0x00,0x1F,0xF0,0x30,0xFF,0xFF,0x07,0xFF,0xE0,0x0F,0xF8,0x00,0x03,0xFF,0x00,0x00,0xFF,0xC0,0x00,0x0F,0xF0,0x00,0x03,0xFC,
  0x00,0x00,0xFF,0x00,0x00,0x3F,0xC0,0x00,0x0F,0xF0,0x00,0x03,0xFC,0x00,0x00,0xFF,0x00,0x00,0x3F,0xC0,0x00,0x0F,0xF0,0x07,
  0xFF,0xFC,0x07,0xFF,0xFF,0x03,0xFF,0xFF,0xC1,0xFC,0x0F,0xF0,0xFE,0x03,0xFC,0x3F,0x80,0xFF,0x1F,0xC0,0x3F,0xC7,0xF0,0x0F,
  0xF1,0xFC,0x03,0xFC,0xFF,0x00,0xFF,0x3F,0xC0,0x3F,0xCF,0xF0,0x0F,0xF3,0xFC,0x03,0xFC,0xFF,0x00,0xFF,0x3F,0xC0,0x3F,0xCF,
  0xF0,0x0F,0xF3,0xFC,0x03,0xFC,0xFF,0x00,0xFF,0x1F,0xC0,0x3F,0xC7,0xF0,0x0F,0xF1,0xFE,0x03,0xFC,0x3F,0x80,0xFF,0x0F,0xF0,
  0x7F,0xC1,0xFF,0xFF,0xFC,0x1F,0xFD,0xFF,0x01,0xFC,0x00,0x00,0x01,0xFC,0x00,0xFF,0xF0,0x1F,0xFF,0xC3,0xF8,0xFC,0x3F,0x0F,
  0xE7,0xF0,0x7E,0x7F,0x07,0xEF,0xE0,0x7F,0xFE,0x07,0xFF,0xE0,0x7F,0xFF,0xFF,0xFF,0xFF,0xFF,0xFF,0xFF,0xFF,0xE0,0x00,0xFE,
  0x00,0x0F,0xE0,0x00,0xFE,0x00,0x0F,0xF0,0x00,0xFF,0x00,0x07,0xF0,0x00,0x7F,0x80,0x03,0xF8,0x00,0x3F,0xE0,0x61,0xFF,0xFE,
  0x07,0xFF,0xC0,0x1F,0xF0,0x00,0x3F,0xC0,0x3F,0xF0,0x1F,0xFC,0x0F,0xE7,0x07,0xF0,0xC1,0xFC,0x30,0xFF,0x00,0x3F,0x80,0x0F,
  0xE0,0x03,0xF8,0x00,0xFE,0x00,0x3F,0x80,0x0F,0xE0,0x0F,0xFF,0xCF,0xFF,0xF1,0xFF,0xFC,0x0F,0xE0,0x03,0xF8,0x00,0xFE,0x00,
  0x3F,0x80,0x0F,0xE0,0x03,0xF8,0x00,0xFE,0x00,0x3F,0x80,0x0F,0xE0,0x03,0xF8,0x00,0xFE,0x00,0x3F,0x80,0x0F,0xE0,0x03,0xF8,
  0x00,0xFE,0x00,0x3F,0x80,0x0F,0xE0,0x03,0xF8,0x00,0xFF,0x01,0xFF,0xF8,0x7F,0xFE,0x00,0x00,0x00,0x06,0x00,0x00,0x0F,0x00,
  0x7F,0xFF,0x80,0xFF,0xFF,0x81,0xFF,0xFF,0x81,0xFC,0x1F,0xC0,0xFE,0x0F,0xF0,0xFF,0x03,0xF8,0x7F,0x01,0xFC,0x3F,0x80,0xFE,
  0x1F,0xC0,0x7F,0x0F,0xE0,0x3F,0x87,0xF0,0x1F,0xC3,0xFC,0x0F,0xE0,0xFE,0x0F,0xE0,0x7F,0x07,0xF0,0x1F,0xFF,0xF0,0x07,0xFF,
  0xF0,0x01,0xFF,0xC0,0x01,0xC0,0x00,0x01,0xE0,0x00,0x01,0xF8,0x00,0x01,0xFF,0xFF,0xC0,0xFF,0xFF,0xF8,0x3F,0xFF,0xFE,0x1F,
  0xFF,0xFF,0x87,0xFF,0xFF,0xC1,0xFF,0xFF,0xE1,0xE0,0x03,0xF9,0xE0,0x00,0xFD,0xF0,0x00,0x7D,0xF8,0x00,0x3E,0xFC,0x00,0x3F,
  0x3E,0x00,0x3F,0x1F,0x80,0x3F,0x07,0xFF,0xFF,0x01,0xFF,0xFE,0x00,0x1F,0xFC,0x00,0xFF,0xC0,0x00,0x1F,0xF8,0x00,0x00,0x7F,
  0x00,0x00,0x0F,0xE0,0x00,0x01,0xFC,0x00,0x00,0x3F,0x80,0x00,0x07,0xF0,0x00,0x00,0xFE,0x00,0x00,0x1F,0xC0,0x00,0x03,0xF8,
  0x00,0x00,0x7F,0x00,0x00,0x0F,0xE0,0xFC,0x01,0xFC,0xFF,0xE0,0x3F,0xFF,0xFE,0x07,0xFF,0xFF,0xC0,0xFE,0x07,0xFC,0x1F,0xC0,
  0x7F,0x83,0xF8,0x0F,0xF0,0x7F,0x01,0xFE,0x0F,0xE0,0x3F,0xC1,0xFC,0x07,0xF8,0x3F,0x80,0xFF,0x07,0xF0,0x1F,0xE0,0xFE,0x03,
  0xFC,0x1F,0xC0,0x7F,0x83,0xF8,0x0F,0xF0,0x7F,0x01,0xFE,0x0F,0xE0,0x3F,0xC1,0xFC,0x07,0xF8,0x3F,0x80,0xFF,0x07,0xF0,0x1F,
  0xE0,0xFE,0x03,0xFC,0x1F,0xC0,0x7F,0x83,0xF8,0x0F,0xF3,0xFF,0xC7,0xFF,0xFF,0xF8,0xFF,0xF0,0x07,0x00,0xFC,0x07,0xF0,0x7F,
  0x83,0xFC,0x0F,0xE0,0x7E,0x01,0xE0,0x00,0x00,0x00,0x00,0x00,0x00,0x0F,0xFC,0x7F,0xE0,0x7F,0x03,0xF8,0x1F,0xC0,0xFE,0x07,
  0xF0,0x3F,0x81,0xFC,0x0F,0xE0,0x7F,0x03,0xF8,0x1F,0xC0,0xFE,0x07,0xF0,0x3F,0x81,0xFC,0x0F,0xE0,0x7F,0x03,0xF8,0x1F,0xC0,
  0xFE,0x3F,0xFF,0xFF,0xF0,0x00,0x38,0x01,0xF8,0x03,0xF8,0x0F,0xF0,0x1F,0xE0,0x3F,0xC0,0x3F,0x00,0x3C,0x00,0x00,0x00,0x00,
  0x00,0x00,0x00,0x01,0xFF,0xE3,0xFF,0xC0,0x7F,0x80,0xFF,0x01,0xFE,0x03,0xFC,0x07,0xF8,0x0F,0xF0,0x1F,0xE0,0x3F,0xC0,0x7F,
  0x80,0xFF,0x01,0xFE,0x03,0xFC,0x07,0xF8,0x0F,0xF0,0x1F,0xE0,0x3F,0xC0,0x7F,0x80,0xFF,0x01,0xFE,0x03,0xFC,0x07,0xF8,0x0F,
  0xF0,0x1F,0xE0,0x3F,0xC0,0x7F,0x80,0xFF,0x01,0xFD,0xC3,0xFB,0x87,0xF7,0x1F,0xCF,0xFF,0x1F,0xFC,0x1F,0xE0,0x00,0xFF,0xC0,
  0x00,0x0F,0xFC,0x00,0x00,0x1F,0xC0,0x00,0x01,0xFC,0x00,0x00,0x1F,0xC0,0x00,0x01,0xFC,0x00,0x00,0x1F,0xC0,0x00,0x01,0xFC,
  0x00,0x00,0x1F,0xC0,0x00,0x01,0xFC,0x00,0x00,0x1F,0xC0,0x00,0x01,0xFC,0x00,0x00,0x1F,0xC0,0x7F,0xC1,0xFC,0x07,0xFC,0x1F,
  0xC0,0x1E,0x01,0xFC,0x03,0xC0,0x1F,0xC0,0x78,0x01,0xFC,0x0F,0x00,0x1F,0xC1,0xE0,0x01,0xFC,0x1C,0x00,0x1F,0xC3,0xC0,0x01,
  0xFC,0x7C,0x00,0x1F,0xCF,0xE0,0x01,0xFD,0xFF,0x00,0x1F,0xFF,0xF0,0x01,0xFF,0xFF,0x80,0x1F,0xE3,0xF8,0x01,0xFC,0x3F,0xC0,
  0x1F,0xC1,0xFE,0x01,0xFC,0x1F,0xE0,0x1F,0xC0,0xFF,0x01,0xFC,0x0F,0xF0,0x1F,0xC0,0x7F,0x81,0xFC,0x07,0xFC,0x7F,0xF0,0xFF,
  0xFF,0xFF,0x8F,0xFF,0xFF,0xC7,0xFE,0x0F,0xF0,0x3F,0x81,0xFC,0x0F,0xE0,0x7F,0x03,0xF8,0x1F,0xC0,0xFE,0x07,0xF0,0x3F,0x81,
  0xFC,0x0F,0xE0,0x7F,0x03,0xF8,0x1F,0xC0,0xFE,0x07,0xF0,0x3F,0x81,0xFC,0x0F,0xE0,0x7F,0x03,0xF8,0x1F,0xC0,0xFE,0x07,0xF0,
  0x3F,0x81,0xFC,0x0F,0xE0,0x7F,0x03,0xF8,0x1F,0xC1,0xFE,0x3F,0xFD,0xFF,0xF0,0x00,0x01,0xF8,0x07,0xF0,0x7F,0xE7,0xFF,0x0F,
  0xFC,0x3F,0xFF,0xFF,0x9F,0xFF,0x03,0xFF,0xFF,0xFF,0xFF,0x81,0xFC,0x0F,0xF8,0x1F,0xE0,0xFE,0x03,0xFC,0x0F,0xF0,0x7F,0x01,
  0xFE,0x07,0xF8,0x3F,0x80,0xFF,0x01,0xFC,0x1F,0xC0,0x7F,0x80,0xFE,0x0F,0xE0,0x3F,0xC0,0x7F,0x07,0xF0,0x1F,0xE0,0x3F,0x83,
  0xF8,0x0F,0xF0,0x1F,0xC1,0xFC,0x07,0xF8,0x0F,0xE0,0xFE,0x03,0xFC,0x07,0xF0,0x7F,0x01,0xFE,0x03,0xF8,0x3F,0x80,0xFF,0x01,
  0xFC,0x1F,0xC0,0x7F,0x80,0xFE,0x0F,0xE0,0x3F,0xC0,0x7F,0x07,0xF0,0x1F,0xE0,0x3F,0x83,0xF8,0x0F,0xF0,0x1F,0xC1,0xFC,0x07,
  0xF8,0x0F,0xE0,0xFE,0x03,0xFC,0x07,0xF0,0x7F,0x01,0xFE,0x03,0xF9,0xFF,0xE3,0xFF,0xC7,0xFF,0xFF,0xF1,0xFF,0xE3,0xFF,0x80,
  0x00,0x01,0xF8,0x1F,0xF9,0xFF,0xC3,0xFF,0xFF,0xFC,0x0F,0xFF,0xFF,0x81,0xFC,0x0F,0xF8,0x3F,0x80,0xFF,0x07,0xF0,0x1F,0xE0,
  0xFE,0x03,0xFC,0x1F,0xC0,0x7F,0x83,0xF8,0x0F,0xF0,0x7F,0x01,0xFE,0x0F,0xE0,0x3F,0xC1,0xFC,0x07,0xF8,0x3F,0x80,0xFF,0x07,
  0xF0,0x1F,0xE0,0xFE,0x03,0xFC,0x1F,0xC0,0x7F,0x83,0xF8,0x0F,0xF0,0x7F,0x01,0xFE,0x0F,0xE0,0x3F,0xC1,0xFC,0x07,0xF8,0x3F,
  0x80,0xFF,0x07,0xF0,0x1F,0xE7,0xFF,0x8F,0xFF,0xFF,0xF1,0xFF,0xE0,0x01,0xFE,0x00,0x1F,0xFE,0x01,0xFF,0xFE,0x0F,0xE1,0xFC,
  0x3F,0x03,0xF1,0xFC,0x0F,0xE7,0xF0,0x3F,0x9F,0xC0,0xFE,0xFF,0x03,0xFF,0xFC,0x0F,0xFF,0xF0,0x3F,0xFF,0xC0,0xFF,0xFE,0x03,
  0xFF,0xFC,0x0F,0xFF,0xF0,0x3F,0xFF,0xC0,0xFF,0xFF,0x03,0xFF,0xFC,0x0F,0xF7,0xF0,0x3F,0x9F,0xC0,0xFE,0x7F,0x03,0xF8,0xFC,
  0x1F,0xC3,0xF8,0x7F,0x07,0xFF,0xF8,0x07,0xFF,0x80,0x07,0xF8,0x00,0x00,0x0F,0xF0,0x3F,0xFF,0xFF,0x0F,0xFF,0xFF,0xE0,0xFF,
  0x83,0xFC,0x3F,0xC0,0x7F,0x0F,0xF0,0x1F,0xE3,0xFC,0x03,0xF8,0xFF,0x00,0xFE,0x3F,0xC0,0x3F,0xCF,0xF0,0x0F,0xF3,0xFC,0x03,
  0xFC,0xFF,0x00,0xFF,0x3F,0xC0,0x3F,0xCF,0xF0,0x0F,0xF3,0xFC,0x03,0xFC,0xFF,0x00,0xFF,0x3F,0xC0,0x3F,0xCF,0xF0,0x0F,0xE3,
  0xFC,0x03,0xF8,0xFF,0x00,0xFE,0x3F,0xC0,0x7F,0x0F,0xF0,0x1F,0xC3,0xFC,0x0F,0xE0,0xFF,0xFF,0xF0,0x3F,0xFF,0xF8,0x0F,0xFF,
  0xF8,0x03,0xFC,0x00,0x00,0xFF,0x00,0x00,0x3F,0xC0,0x00,0x0F,0xF0,0x00,0x03,0xFC,0x00,0x00,0xFF,0x00,0x00,0x3F,0xC0,0x00,
  0x0F,0xF0,0x00,0x0F,0xFF,0x80,0x03,0xFF,0xE0,0x00,0x00,0x00,0x07,0x00,0x3F,0xFF,0xE0,0x1F,0xFF,0xFC,0x07,0xFF,0xFF,0x81,
  0xFC,0x0F,0xF0,0x7F,0x01,0xFE,0x0F,0xE0,0x3F,0xC3,0xF8,0x07,0xF8,0x7F,0x00,0xFF,0x0F,0xE0,0x1F,0xE3,0xFC,0x03,0xFC,0x7F,
  0x80,0x7F,0x8F,0xF0,0x0F,0xF1,0xFE,0x01,0xFE,0x3F,0xC0,0x3F,0xC7,0xF8,0x07,0xF8,0xFF,0x00,0xFF,0x1F,0xE0,0x1F,0xE3,0xFC,
  0x03,0xFC,0x3F,0x80,0x7F,0x87,0xF0,0x0F,0xF0,0xFF,0x01,0xFE,0x0F,0xE0,0x3F,0xC1,0xFE,0x07,0xF8,0x1F,0xFF,0xFF,0x00,0xFF,
  0xFF,0xE0,0x07,0xF1,0xFC,0x00,0x00,0x3F,0x80,0x00,0x0F,0xF0,0x00,0x01,0xFE,0x00,0x00,0x3F,0xC0,0x00,0x07,0xF8,0x00,0x00,
  0xFF,0x00,0x00,0x1F,0xE0,0x00,0x03,0xFC,0x00,0x03,0xFF,0xE0,0x00,0x7F,0xFE,0x00,0x00,0x7F,0xFF,0x0F,0xFF,0xF8,0xFE,0x3F,
  0xCF,0xF1,0xFE,0xFF,0x8F,0xFF,0xFC,0x7F,0xF0,0xE3,0xFE,0x03,0x1F,0xE0,0x18,0xFF,0x00,0x07,0xF8,0x00,0x3F,0xC0,0x01,0xFE,
  0x00,0x0F,0xF0,0x00,0x7F,0x80,0x03,0xFC,0x00,0x1F,0xE0,0x00,0xFF,0x00,0x07,0xF8,0x00,0x3F,0xC0,0x01,0xFE,0x00,0x0F,0xF0,
  0x00,0x7F,0x80,0x1F,0xFF,0xC0,0xFF,0xFE,0x00,0x07,0xFC,0x0F,0xFF,0x1F,0xDF,0x8F,0x01,0xCF,0x80,0x67,0xC0,0x33,0xE0,0x19,
  0xF8,0x00,0xFE,0x00,0x7F,0xE0,0x3F,0xFC,0x1F,0xFF,0x87,0xFF,0xE1,0xFF,0xF8,0x7F,0xFC,0x07,0xFF,0x00,0xFF,0x80,0x1F,0xE0,
  0x07,0xF8,0x01,0xFC,0x00,0xFE,0x00,0x7B,0xC0,0x7D,0xFC,0xFC,0xFF,0xFC,0x1F,0xF8,0x00,0x03,0xC0,0x03,0xC0,0x07,0xC0,0x0F,
  0xC0,0x0F,0xC0,0x7F,0xFE,0xFF,0xFE,0xFF,0xFE,0x1F,0xC0,0x1F,0xC0,0x1F,0xC0,0x1F,0xC0,0x1F,0xC0,0x1F,0xC0,0x1F,0xC0,0x1F,
  0xC0,0x1F,0xC0,0x1F,0xC0,0x1F,0xC0,0x1F,0xC0,0x1F,0xC0,0x1F,0xC0,0x1F,0xC0,0x1F,0xC0,0x1F,0xC0,0x1F,0xE0,0x1F,0xF1,0x0F,
  0xFF,0x07,0xFF,0x01,0xFC,0xFF,0xC1,0xFF,0x1F,0xF8,0x3F,0xE0,0xFF,0x01,0xFC,0x1F,0xE0,0x3F,0x83,0xFC,0x07,0xF0,0x7F,0x80,
  0xFE,0x0F,0xF0,0x1F,0xC1,0xFE,0x03,0xF8,0x3F,0xC0,0x7F,0x07,0xF8,0x0F,0xE0,0xFF,0x01,0xFC,0x1F,0xE0,0x3F,0x83,0xFC,0x07,
  0xF0,0x7F,0x80,0xFE,0x0F,0xF0,0x1F,0xC1,0xFE,0x03,0xF8,0x3F,0xC0,0x7F,0x07,0xF8,0x0F,0xE0,0xFF,0x01,0xFC,0x1F,0xE0,0x3F,
  0x83,0xFE,0x07,0xF0,0x3F,0xFF,0xFE,0x07,0xFF,0xFF,0xF0,0x7F,0xF3,0xFF,0x03,0xF0,0x00,0x00,0xFF,0xF0,0x3F,0xFF,0xFC,0x0F,
  0xF3,0xFC,0x00,0x70,0xFF,0x00,0x3C,0x1F,0xC0,0x0E,0x07,0xF8,0x03,0x81,0xFE,0x01,0xE0,0x3F,0xC0,0x70,0x0F,0xF0,0x1C,0x01,
  0xFE,0x0E,0x00,0x7F,0x83,0x80,0x0F,0xE1,0xC0,0x03,0xFC,0x70,0x00,0x7F,0x1C,0x00,0x1F,0xEE,0x00,0x07,0xFB,0x80,0x00,0xFF,
  0xC0,0x00,0x3F,0xF0,0x00,0x07,0xFC,0x00,0x01,0xFE,0x00,0x00,0x3F,0x80,0x00,0x0F,0xC0,0x00,0x03,0xF0,0x00,0x00,0x78,0x00,
  0x00,0x1E,0x00,0x00,0xFF,0xF0,0x00,0x07,0xFF,0xFF,0x80,0x00,0x1F,0xCF,0xE0,0x03,0x00,0x38,0x7F,0x80,0x3C,0x01,0xC1,0xFC,
  0x01,0xE0,0x0E,0x0F,0xE0,0x1F,0x80,0xE0,0x7F,0x80,0xFC,0x07,0x01,0xFC,0x07,0xE0,0x38,0x0F,0xE0,0x7F,0x83,0x80,0x3F,0x83,
  0xFC,0x1C,0x01,0xFC,0x3F,0xE0,0xE0,0x0F,0xE1,0xFF,0x8E,0x00,0x3F,0x8C,0xFC,0x70,0x01,0xFC,0xE7,0xF3,0x80,0x0F,0xF7,0x3F,
  0xB8,0x00,0x3F,0xB0,0xFD,0xC0,0x01,0xFF,0x87,0xFC,0x00,0x07,0xF8,0x3F,0xE0,0x00,0x3F,0xC0,0xFF,0x00,0x01,0xFE,0x07,0xF0,
  0x00,0x07,0xE0,0x1F,0x80,0x00,0x3F,0x00,0xFC,0x00,0x01,0xF0,0x07,0xC0,0x00,0x07,0x80,0x1E,0x00,0x00,0x3C,0x00,0xF0,0x00,
  0x7F,0xFC,0xFF,0x9F,0xFE,0x1F,0xE1,0xFE,0x01,0xC0,0x3F,0xC0,0xF0,0x0F,0xF0,0x78,0x01,0xFE,0x3C,0x00,0x3F,0xDE,0x00,0x0F,
  0xFF,0x00,0x01,0xFF,0x80,0x00,0x3F,0xC0,0x00,0x0F,0xF0,0x00,0x01,0xFE,0x00,0x00,0x3F,0x80,0x00,0x1F,0xF0,0x00,0x07,0xFE,
  0x00,0x03,0xFF,0x80,0x01,0xEF,0xF0,0x00,0xF1,0xFE,0x00,0x78,0x7F,0x80,0x3C,0x0F,0xF0,0x1E,0x01,0xFE,0x07,0x00,0x7F,0x8F,
  0xF0,0x7F,0xFF,0xFC,0x1F,0xFF,0xFF,0xF8,0x3F,0xDF,0xFE,0x0F,0xE3,0xFC,0x00,0xF0,0x7F,0x00,0x38,0x1F,0xE0,0x0E,0x07,0xF8,
  0x07,0x00,0xFF,0x01,0xC0,0x3F,0xC0,0xF0,0x07,0xF8,0x38,0x01,0xFE,0x0E,0x00,0x3F,0x87,0x00,0x0F,0xF1,0xC0,0x03,0xFC,0x70,
  0x00,0x7F,0xB8,0x00,0x1F,0xEE,0x00,0x03,0xFF,0x00,0x00,0xFF,0xC0,0x00,0x1F,0xF0,0x00,0x07,0xF8,0x00,0x01,0xFE,0x00,0x00,
  0x3F,0x00,0x00,0x0F,0xC0,0x00,0x01,0xF0,0x00,0x00,0x78,0x00,0x00,0x0E,0x00,0x00,0x07,0x00,0x00,0x01,0xC0,0x00,0x00,0xF0,
  0x00,0x60,0x38,0x00,0x18,0x1E,0x00,0x07,0x07,0x00,0x01,0xC3,0x80,0x00,0x7F,0xE0,0x00,0x1F,0xF0,0x00,0x07,0xF0,0x00,0x00,
  0x7F,0xFF,0xF3,0xFF,0xFF,0x9F,0x8F,0xF8,0xE0,0x7F,0x86,0x03,0xFC,0x30,0x3F,0xC1,0x81,0xFE,0x00,0x1F,0xE0,0x00,0xFF,0x00,
  0x0F,0xF0,0x00,0x7F,0x80,0x07,0xF8,0x00,0x7F,0xC0,0x03,0xFC,0x00,0x3F,0xE0,0x01,0xFE,0x03,0x1F,0xF0,0x18,0xFF,0x01,0xCF,
  0xF0,0x0E,0x7F,0x80,0x77,0xF8,0x03,0xBF,0xC1,0xFF,0xFF,0xFF,0xDF,0xFF,0xFE,0x00,0x7F,0x80,0x7F,0xC0,0x7F,0x00,0x7E,0x00,
  0x7F,0x00,0x3F,0x80,0x1F,0xC0,0x0F,0xE0,0x07,0xF0,0x03,0xF8,0x01,0xFC,0x00,0xFE,0x00,0x7F,0x00,0x3F,0x80,0x1F,0xC0,0x0F,
  0xE0,0x07,0xE0,0x07,0xF0,0x03,0xF8,0x07,0xF8,0x0F,0xF0,0x07,0xF8,0x00,0xFE,0x00,0x1F,0x80,0x0F,0xE0,0x03,0xF0,0x01,0xFC,
  0x00,0xFE,0x00,0x7F,0x00,0x3F,0x80,0x1F,0xC0,0x0F,0xE0,0x07,0xF0,0x03,0xF8,0x01,0xFC,0x00,0xFE,0x00,0x7F,0x00,0x3F,0x80,
  0x0F,0xC0,0x07,0xE0,0x01,0xFC,0x00,0x7F,0xC0,0x0F,0xE0,0xFF,0xFF,0xFF,0xFF,0xFF,0xFF,0xFF,0xFF,0xFF,0xFF,0xFF,0xFF,0xFF,
  0xFF,0xFF,0xFF,0xFF,0xFF,0xFF,0xFF,0xFF,0xFF,0xFF,0xF0,0xFE,0x00,0x7F,0xC0,0x07,0xF0,0x01,0xFC,0x00,0x7E,0x00,0x3F,0x00,
  0x1F,0x80,0x0F,0xC0,0x07,0xE0,0x03,0xF0,0x01,0xF8,0x00,0xFC,0x00,0x7E,0x00,0x3F,0x00,0x1F,0x80,0x0F,0xC0,0x07,0xF0,0x03,
  0xF8,0x00,0xFE,0x00,0x3F,0x80,0x0F,0xF8,0x03,0xFC,0x07,0xF8,0x07,0xF0,0x07,0xF0,0x03,0xF8,0x01,0xFC,0x00,0xFC,0x00,0x7E,
  0x00,0x3F,0x00,0x1F,0x80,0x0F,0xC0,0x07,0xE0,0x03,0xF0,0x01,0xF8,0x00,0xFC,0x00,0x7E,0x00,0x3F,0x00,0x1F,0x80,0x1F,0x80,
  0x1F,0xC0,0x7F,0xC0,0x3F,0x80,0x00,0x07,0xC0,0x01,0xE3,0xFE,0x00,0x3C,0x7F,0xF0,0x07,0x1F,0xFF,0x01,0xE7,0xC3,0xF0,0x3C,
  0xF0,0x3F,0x0F,0x9E,0x03,0xFF,0xE3,0x80,0x1F,0xF8,0x70,0x01,0xFF,0x1E,0x00,0x0F,0x80,0x03,0xE0,0x0F,0xF8,0x1F,0xFC,0x3C,
  0x1E,0x78,0x0F,0x70,0x07,0x70,0x07,0xF0,0x07,0xF0,0x07,0x70,0x07,0x70,0x07,0x78,0x0F,0x3C,0x1E,0x1F,0xFC,0x0F,0xF8,0x07,
  0xE0,0x00,0x3F,0xC0,0x00,0x00,0x3F,0x80,0x00,0x00,0x3F,0x80,0x00,0x00,0x3F,0x00,0x00,0x00,0x3F,0x00,0x00,0x00,0x1E,0x00,
  0x00,0x00,0x1E,0x00,0x00,0x00,0x1C,0x00,0x00,0x00,0x00,0x00,0x00,0x00,0x00,0x00,0x00,0x00,0x00,0x07,0xFF,0xFF,0xFF,0xCF,
  0xFF,0xFF,0xFF,0x81,0xFF,0xFF,0xFF,0x03,0xFC,0x00,0x0E,0x07,0xF8,0x00,0x1C,0x0F,0xF0,0x00,0x38,0x1F,0xE0,0x00,0x70,0x3F,
  0xC0,0x00,0xE0,0x7F,0x80,0x00,0xC0,0xFF,0x00,0x00,0x01,0xFE,0x00,0x00,0x03,0xFC,0x00,0xC0,0x07,0xF8,0x01,0x80,0x0F,0xF0,
  0x07,0x00,0x1F,0xE0,0x0E,0x00,0x3F,0xFF,0xFC,0x00,0x7F,0xFF,0xF8,0x00,0xFF,0xFF,0xF0,0x01,0xFE,0x00,0xE0,0x03,0xFC,0x01,
  0xC0,0x07,0xF8,0x01,0x80,0x0F,0xF0,0x03,0x00,0x1F,0xE0,0x00,0x00,0x3F,0xC0,0x00,0x00,0x7F,0x80,0x00,0x30,0xFF,0x00,0x00,
  0xE1,0xFE,0x00,0x01,0xC3,0xFC,0x00,0x03,0x87,0xF8,0x00,0x07,0x0F,0xF0,0x00,0x1E,0x1F,0xE0,0x00,0x3C,0x3F,0xFF,0xFF,0xFF,
  0xFF,0xFF,0xFF,0xFF,0xFF,0xFF,0xFF,0xE0,0x00,0x3C,0x1C,0x00,0x00,0xFC,0x7C,0x00,0x01,0xF8,0xFC,0x00,0x03,0xF1,0xF8,0x00,
  0x07,0xE3,0xE0,0x00,0x07,0x83,0x80,0x00,0x00,0x00,0x00,0x00,0x00,0x00,0x00,0x00,0x00,0x00,0x01,0xFF,0xFF,0xFF,0xF3,0xFF,
  0xFF,0xFF,0xE0,0x7F,0xFF,0xFF,0xC0,0xFF,0x00,0x03,0x81,0xFE,0x00,0x07,0x03,0xFC,0x00,0x0E,0x07,0xF8,0x00,0x1C,0x0F,0xF0,
  0x00,0x38,0x1F,0xE0,0x00,0x30,0x3F,0xC0,0x00,0x00,0x7F,0x80,0x00,0x00,0xFF,0x00,0x30,0x01,0xFE,0x00,0x60,0x03,0xFC,0x01,
  0xC0,0x07,0xF8,0x03,0x80,0x0F,0xFF,0xFF,0x00,0x1F,0xFF,0xFE,0x00,0x3F,0xFF,0xFC,0x00,0x7F,0x80,0x38,0x00,0xFF,0x00,0x70,
  0x01,0xFE,0x00,0x60,0x03,0xFC,0x00,0xC0,0x07,0xF8,0x00,0x00,0x0F,0xF0,0x00,0x00,0x1F,0xE0,0x00,0x0C,0x3F,0xC0,0x00,0x38,
  0x7F,0x80,0x00,0x70,0xFF,0x00,0x00,0xE1,0xFE,0x00,0x01,0xC3,0xFC,0x00,0x07,0x87,0xF8,0x00,0x0F,0x0F,0xFF,0xFF,0xFF,0xFF,
  0xFF,0xFF,0xFF,0xFF,0xFF,0xFF,0xF8,0xFF,0xFF,0xFF,0xFF,0x0F,0xFF,0xFF,0xFF,0xF0,0xFF,0xFF,0xFF,0xFF,0x0E,0x01,0xFE,0x00,
  0x70,0xE0,0x1F,0xE0,0x07,0x0E,0x01,0xFE,0x00,0x70,0xE0,0x1F,0xE0,0x07,0x0C,0x01,0xFE,0x00,0x70,0xC0,0x1F,0xE0,0x07,0x0C,
  0x01,0xFE,0x00,0x00,0x00,0x1F,0xE0,0x00,0x00,0x01,0xFE,0x7F,0xC0,0x00,0x1F,0xFF,0xFF,0x80,0x01,0xFF,0xFF,0xFC,0x00,0x1F,
  0xFF,0xFF,0xE0,0x01,0xFE,0x03,0xFE,0x00,0x1F,0xE0,0x1F,0xF0,0x01,0xFE,0x00,0xFF,0x00,0x1F,0xE0,0x0F,0xF0,0x01,0xFE,0x00,
  0xFF,0x00,0x1F,0xE0,0x0F,0xF0,0x01,0xFE,0x00,0xFF,0x00,0x1F,0xE0,0x0F,0xF0,0x01,0xFE,0x00,0xFF,0x00,0x1F,0xE0,0x0F,0xF0,
  0x01,0xFE,0x00,0xFF,0x00,0x1F,0xE0,0x0F,0xF0,0x01,0xFE,0x00,0xFF,0x00,0x1F,0xE0,0x0F,0xF0,0x01,0xFE,0x00,0xFF,0x00,0x1F,
  0xE0,0x0F,0xF0,0x01,0xFF,0x00,0xFF,0x01,0xFF,0xFE,0x0F,0xF0,0x1F,0xFF,0xE0,0xFF,0x00,0x00,0x00,0x0F,0xF0,0x00,0x00,0x00,
  0xFF,0x00,0x00,0x00,0x0F,0xF0,0x00,0x03,0x00,0xFF,0x00,0x00,0x38,0x0F,0xF0,0x00,0x03,0x80,0xFE,0x00,0x00,0x38,0x0F,0xE0,
  0x00,0x03,0xC1,0xFC,0x00,0x00,0x3F,0xFF,0x80,0x00,0x03,0xFF,0xE0,0x00,0x00,0x1F,0xF8,0x00,0x00,0x00,0xFF,0x00,0x00,0x0F,
  0xF0,0x00,0x00,0x7F,0x00,0x00,0x07,0xE0,0x00,0x00,0x3E,0x00,0x00,0x03,0xE0,0x00,0x00,0x3C,0x00,0x00,0x01,0xC0,0x00,0x00,
  0x00,0x00,0x00,0x00,0x00,0x00,0x00,0x00,0x00,0x01,0xFF,0xFF,0xFF,0xFF,0xFF,0xFF,0xFF,0x87,0xFF,0xFF,0xFC,0x3F,0xC0,0x01,
  0xE1,0xFE,0x00,0x07,0x0F,0xF0,0x00,0x38,0x7F,0x80,0x01,0xC3,0xFC,0x00,0x0E,0x1F,0xE0,0x00,0x30,0xFF,0x00,0x01,0x87,0xF8,
  0x00,0x00,0x3F,0xC0,0x00,0x01,0xFE,0x00,0x00,0x0F,0xF0,0x00,0x00,0x7F,0x80,0x00,0x03,0xFC,0x00,0x00,0x1F,0xE0,0x00,0x00,
  0xFF,0x00,0x00,0x07,0xF8,0x00,0x00,0x3F,0xC0,0x00,0x01,0xFE,0x00,0x00,0x0F,0xF0,0x00,0x00,0x7F,0x80,0x00,0x03,0xFC,0x00,
  0x00,0x1F,0xE0,0x00,0x00,0xFF,0x00,0x00,0x07,0xF8,0x00,0x00,0x3F,0xC0,0x00,0x01,0xFE,0x00,0x00,0x0F,0xF0,0x00,0x00,0x7F,
  0x80,0x00,0x03,0xFE,0x00,0x01,0xFF,0xFF,0x80,0x0F,0xFF,0xFC,0x00,0x00,0x00,0x0F,0xFF,0x00,0x01,0xFF,0xFF,0xE0,0x1F,0xFF,
  0xFF,0x80,0xFF,0x80,0x3F,0x07,0xF8,0x00,0x3C,0x3F,0xC0,0x00,0x71,0xFF,0x00,0x01,0xC7,0xF8,0x00,0x07,0x3F,0xE0,0x00,0x1C,
  0xFF,0x00,0x00,0x73,0xFC,0x00,0x00,0x1F,0xF0,0x00,0x00,0x7F,0x80,0x00,0x01,0xFE,0x00,0x00,0x07,0xF8,0x00,0x00,0x1F,0xE0,
  0x00,0x00,0x7F,0xFF,0xFC,0x03,0xFF,0xFF,0xF0,0x0F,0xFF,0xFF,0xC0,0x1F,0xE0,0x00,0x00,0x7F,0x80,0x00,0x01,0xFE,0x00,0x00,
  0x07,0xF8,0x00,0x00,0x1F,0xE0,0x00,0x00,0x7F,0xC0,0x00,0x00,0xFF,0x00,0x00,0x33,0xFC,0x00,0x00,0xCF,0xF8,0x00,0x07,0x1F,
  0xE0,0x00,0x1C,0x3F,0xC0,0x00,0x70,0xFF,0x80,0x01,0xC1,0xFF,0x00,0x0F,0x03,0xFE,0x00,0xFC,0x03,0xFF,0xFF,0xF0,0x03,0xFF,
  0xFF,0x00,0x01,0xFF,0xC0,0x01,0xFF,0xE0,0x0F,0xFF,0xF8,0x1F,0xFF,0xF8,0x3F,0x00,0xF8,0x7E,0x00,0x38,0x7C,0x00,0x38,0xFC,
  0x00,0x38,0xFC,0x00,0x18,0xFC,0x00,0x18,0xFC,0x00,0x00,0xFE,0x00,0x00,0xFF,0x00,0x00,0xFF,0xE0,0x00,0x7F,0xFC,0x00,0x7F,
  0xFF,0x00,0x3F,0xFF,0xC0,0x3F,0xFF,0xF0,0x1F,0xFF,0xF8,0x07,0xFF,0xFC,0x01,0xFF,0xFC,0x00,0x7F,0xFE,0x00,0x0F,0xFE,0x00,
  0x01,0xFF,0x00,0x00,0xFF,0x00,0x00,0x7F,0xC0,0x00,0x3F,0xC0,0x00,0x3F,0xE0,0x00,0x3F,0xE0,0x00,0x3E,0xE0,0x00,0x3E,0xE0,
  0x00,0x7E,0xF0,0x00,0x7C,0xFC,0x01,0xF8,0xFF,0xFF,0xF0,0xFF,0xFF,0xE0,0x07,0xFF,0x00,0xFF,0xFF,0xFF,0xFF,0xC7,0xFE,0x01,
  0xFE,0x00,0xFF,0x00,0x7F,0x80,0x3F,0xC0,0x1F,0xE0,0x0F,0xF0,0x07,0xF8,0x03,0xFC,0x01,0xFE,0x00,0xFF,0x00,0x7F,0x80,0x3F,
  0xC0,0x1F,0xE0,0x0F,0xF0,0x07,0xF8,0x03,0xFC,0x01,0xFE,0x00,0xFF,0x00,0x7F,0x80,0x3F,0xC0,0x1F,0xE0,0x0F,0xF0,0x07,0xF8,
  0x03,0xFC,0x01,0xFE,0x00,0xFF,0x00,0x7F,0x80,0x3F,0xC0,0x3F,0xF0,0xFF,0xFF,0xFF,0xFF,0xC0,0x3C,0x1C,0x3E,0x1F,0x1F,0x9F,
  0x8F,0xCF,0xC7,0xC3,0xE1,0xC0,0xE0,0x00,0x00,0x00,0x00,0x00,0x00,0x7F,0xFF,0xFF,0xFF,0xE3,0xFF,0x00,0xFF,0x00,0x7F,0x80,
  0x3F,0xC0,0x1F,0xE0,0x0F,0xF0,0x07,0xF8,0x03,0xFC,0x01,0xFE,0x00,0xFF,0x00,0x7F,0x80,0x3F,0xC0,0x1F,0xE0,0x0F,0xF0,0x07,
  0xF8,0x03,0xFC,0x01,0xFE,0x00,0xFF,0x00,0x7F,0x80,0x3F,0xC0,0x1F,0xE0,0x0F,0xF0,0x07,0xF8,0x03,0xFC,0x01,0xFE,0x00,0xFF,
  0x00,0x7F,0x80,0x3F,0xC0,0x1F,0xE0,0x1F,0xF8,0x7F,0xFF,0xFF,0xFF,0xE0,0x03,0xFF,0xFE,0x07,0xFF,0xFC,0x00,0xFF,0x80,0x00,
  0xFF,0x00,0x01,0xFE,0x00,0x03,0xFC,0x00,0x07,0xF8,0x00,0x0F,0xF0,0x00,0x1F,0xE0,0x00,0x3F,0xC0,0x00,0x7F,0x80,0x00,0xFF,
  0x00,0x01,0xFE,0x00,0x03,0xFC,0x00,0x07,0xF8,0x00,0x0F,0xF0,0x00,0x1F,0xE0,0x00,0x3F,0xC0,0x00,0x7F,0x80,0x00,0xFF,0x00,
  0x01,0xFE,0x00,0x03,0xFC,0x00,0x07,0xF8,0x00,0x0F,0xF0,0x00,0x1F,0xE0,0x00,0x3F,0xC1,0x00,0x7F,0x07,0x00,0xFE,0x0E,0x01,
  0xFC,0x1C,0x07,0xF0,0x38,0x0F,0xE0,0x78,0x3F,0x80,0xFF,0xFE,0x01,0xFF,0xF8,0x01,0xFF,0x80,0x00,0x01,0xFF,0xFF,0xFF,0xFE,
  0x00,0x00,0x7F,0xFF,0xFF,0xFF,0x80,0x00,0x01,0xFF,0xFF,0xFC,0x00,0x00,0x00,0x38,0x01,0xFE,0x00,0x00,0x00,0x1E,0x00,0x7F,
  0x80,0x00,0x00,0x07,0x80,0x1F,0xE0,0x00,0x00,0x01,0xE0,0x07,0xF8,0x00,0x00,0x00,0x70,0x01,0xFE,0x00,0x00,0x00,0x1C,0x00,
  0x7F,0x80,0x00,0x00,0x07,0x00,0x1F,0xE0,0x00,0x00,0x01,0xC0,0x07,0xF8,0x00,0x00,0x00,0x70,0x01,0xFE,0x00,0x00,0x00,0x1C,
  0x00,0x7F,0x80,0x00,0x00,0x07,0x00,0x1F,0xE0,0x00,0x00,0x01,0xC0,0x07,0xFF,0xF8,0x00,0x00,0xF0,0x01,0xFF,0xFF,0xC0,0x00,
  0x3C,0x00,0x7F,0xFF,0xFC,0x00,0x0E,0x00,0x1F,0xE0,0xFF,0x80,0x03,0x80,0x07,0xF8,0x1F,0xF0,0x00,0xE0,0x01,0xFE,0x03,0xFE,
  0x00,0x38,0x00,0x7F,0x80,0x7F,0x80,0x1E,0x00,0x1F,0xE0,0x1F,0xE0,0x07,0x80,0x07,0xF8,0x07,0xFC,0x01,0xE0,0x01,0xFE,0x01,
  0xFF,0x00,0x70,0x00,0x7F,0x80,0x7F,0xC0,0x3C,0x00,0x1F,0xE0,0x1F,0xF0,0x0F,0x00,0x07,0xF8,0x07,0xFF,0x03,0xC0,0x01,0xFE,
  0x01,0xFE,0xE1,0xE0,0x00,0x7F,0x80,0xFF,0xB8,0x78,0x00,0x1F,0xE0,0x7F,0xCF,0x3C,0x00,0x07,0xF8,0x3F,0xE3,0xFF,0x00,0x03,
  0xFF,0xFF,0xF0,0xFF,0x80,0x0F,0xFF,0xFF,0xF0,0x3F,0xC0,0x03,0xFF,0xFF,0xE0,0x07,0xE0,0x00,0x00,0x00,0x00,0x00,0xFF,0xFF,
  0x0F,0xFF,0xF8,0x00,0x7F,0xFF,0x87,0xFF,0xFC,0x00,0x07,0xFE,0x00,0x3F,0xE0,0x00,0x01,0xFE,0x00,0x1F,0xE0,0x00,0x00,0xFF,
  0x00,0x0F,0xF0,0x00,0x00,0x7F,0x80,0x07,0xF8,0x00,0x00,0x3F,0xC0,0x03,0xFC,0x00,0x00,0x1F,0xE0,0x01,0xFE,0x00,0x00,0x0F,
  0xF0,0x00,0xFF,0x00,0x00,0x07,0xF8,0x00,0x7F,0x80,0x00,0x03,0xFC,0x00,0x3F,0xC0,0x00,0x01,0xFE,0x00,0x1F,0xE0,0x00,0x00,
  0xFF,0x00,0x0F,0xF0,0x00,0x00,0x7F,0x80,0x07,0xF8,0x00,0x00,0x3F,0xC0,0x03,0xFC,0x00,0x00,0x1F,0xFF,0xFF,0xFF,0xFF,0x00,
  0x0F,0xFF,0xFF,0xFF,0xFF,0xF0,0x07,0xFF,0xFF,0xFF,0xFF,0xFC,0x03,0xFC,0x00,0x3F,0xC1,0xFF,0x81,0xFE,0x00,0x1F,0xE0,0x7F,
  0xC0,0xFF,0x00,0x0F,0xF0,0x1F,0xF0,0x7F,0x80,0x07,0xF8,0x07,0xF8,0x3F,0xC0,0x03,0xFC,0x03,0xFE,0x1F,0xE0,0x01,0xFE,0x01,
  0xFF,0x0F,0xF0,0x00,0xFF,0x00,0xFF,0x87,0xF8,0x00,0x7F,0x80,0x7F,0xC3,0xFC,0x00,0x3F,0xC0,0x3F,0xE1,0xFE,0x00,0x1F,0xE0,
  0x1F,0xE0,0xFF,0x00,0x0F,0xF0,0x1F,0xF0,0x7F,0x80,0x07,0xF8,0x0F,0xF0,0x3F,0xC0,0x03,0xFC,0x1F,0xF8,0x3F,0xF0,0x01,0xFF,
  0xFF,0xF0,0xFF,0xFF,0x0F,0xFF,0xFF,0xF0,0x7F,0xFF,0x87,0xFF,0xFF,0xC0,0x00,0xFF,0xFF,0xFF,0xFF,0x00,0x7F,0xFF,0xFF,0xFF,
  0x80,0x3F,0xFF,0xFF,0xFF,0xC0,0x1C,0x01,0xFE,0x00,0xE0,0x0E,0x00,0xFF,0x00,0x70,0x07,0x00,0x7F,0x80,0x18,0x03,0x80,0x3F,
  0xC0,0x0C,0x01,0xC0,0x1F,0xE0,0x06,0x00,0xE0,0x0F,0xF0,0x03,0x00,0x20,0x07,0xF8,0x00,0x00,0x00,0x03,0xFC,0x00,0x00,0x00,
  0x01,0xFE,0x7F,0x80,0x00,0x00,0xFF,0xFF,0xF8,0x00,0x00,0x7F,0xFF,0xFE,0x00,0x00,0x3F,0xFF,0xFF,0x80,0x00,0x1F,0xE0,0x3F,
  0xE0,0x00,0x0F,0xF0,0x0F,0xF0,0x00,0x07,0xF8,0x07,0xFC,0x00,0x03,0xFC,0x01,0xFE,0x00,0x01,0xFE,0x00,0xFF,0x00,0x00,0xFF,
  0x00,0x7F,0x80,0x00,0x7F,0x80,0x3F,0xC0,0x00,0x3F,0xC0,0x1F,0xE0,0x00,0x1F,0xE0,0x0F,0xF0,0x00,0x0F,0xF0,0x07,0xF8,0x00,
  0x07,0xF8,0x03,0xFC,0x00,0x03,0xFC,0x01,0xFE,0x00,0x01,0xFE,0x00,0xFF,0x00,0x00,0xFF,0x00,0x7F,0x80,0x00,0x7F,0x80,0x3F,
  0xC0,0x00,0x3F,0xC0,0x1F,0xE0,0x00,0x3F,0xF0,0x1F,0xF8,0x01,0xFF,0xFF,0x3F,0xFF,0x80,0xFF,0xFF,0x9F,0xFF,0xC0,0x00,0x00,
  0x1F,0xE0,0x00,0x00,0x03,0xFC,0x00,0x00,0x00,0x3F,0x80,0x00,0x00,0x07,0xE0,0x00,0x00,0x00,0x7C,0x00,0x00,0x00,0x0F,0x80,
  0x00,0x00,0x01,0xE0,0x00,0x00,0x00,0x1C,0x00,0x00,0x00,0x00,0x00,0x00,0x00,0x00,0x00,0x00,0x00,0x00,0x00,0x00,0x00,0x0F,
  0xFF,0xF8,0x0F,0xFF,0xFF,0xFF,0x80,0xFF,0xF0,0xFF,0x80,0x03,0xF0,0x0F,0xF0,0x00,0x3C,0x00,0xFF,0x00,0x07,0x80,0x0F,0xF0,
  0x00,0xF0,0x00,0xFF,0x00,0x1E,0x00,0x0F,0xF0,0x03,0xC0,0x00,0xFF,0x00,0x78,0x00,0x0F,0xF0,0x0F,0x00,0x00,0xFF,0x01,0xE0,
  0x00,0x0F,0xF0,0x3C,0x00,0x00,0xFF,0x07,0x80,0x00,0x0F,0xF0,0xFC,0x00,0x00,0xFF,0x3F,0xC0,0x00,0x0F,0xF7,0xFE,0x00,0x00,
  0xFF,0xFF,0xF0,0x00,0x0F,0xFF,0xFF,0x00,0x00,0xFF,0xCF,0xF8,0x00,0x0F,0xF8,0x7F,0xC0,0x00,0xFF,0x07,0xFC,0x00,0x0F,0xF0,
  0x3F,0xE0,0x00,0xFF,0x03,0xFF,0x00,0x0F,0xF0,0x1F,0xF0,0x00,0xFF,0x00,0xFF,0x80,0x0F,0xF0,0x0F,0xFC,0x00,0xFF,0x00,0x7F,
  0xC0,0x0F,0xF0,0x03,0xFE,0x00,0xFF,0x00,0x3F,0xF0,0x0F,0xF0,0x01,0xFF,0x00,0xFF,0x00,0x0F,0xF8,0x0F,0xF8,0x00,0xFF,0xCF,
  0xFF,0xF8,0x07,0xFF,0xFF,0xFF,0x80,0x7F,0xF0,0x00,0x0F,0xF0,0x00,0x00,0x00,0x0F,0xF0,0x00,0x00,0x00,0x0F,0xE0,0x00,0x00,
  0x00,0x07,0xE0,0x00,0x00,0x00,0x07,0xC0,0x00,0x00,0x00,0x07,0xC0,0x00,0x00,0x00,0x03,0xC0,0x00,0x00,0x00,0x03,0x80,0x00,
  0x00,0x00,0x00,0x00,0x00,0x00,0x00,0x00,0x00,0x00,0x00,0x00,0x00,0x00,0x07,0xFF,0xFC,0x1F,0xFF,0xFF,0xFF,0xF8,0x3F,0xFF,
  0xE3,0xFF,0x00,0x0F,0xFC,0x03,0xFC,0x00,0x0F,0xF0,0x07,0xF8,0x00,0x1F,0xE0,0x0F,0xF0,0x00,0x7F,0xC0,0x1F,0xE0,0x01,0xFF,
  0x80,0x3F,0xC0,0x03,0xFF,0x00,0x7F,0x80,0x0F,0xFE,0x00,0xFF,0x00,0x3F,0xFC,0x01,0xFE,0x00,0x77,0xF8,0x03,0xFC,0x01,0xCF,
  0xF0,0x07,0xF8,0x07,0x9F,0xE0,0x0F,0xF0,0x0E,0x3F,0xC0,0x1F,0xE0,0x38,0x7F,0x80,0x3F,0xC0,0xF0,0xFF,0x00,0x7F,0x81,0xC1,
  0xFE,0x00,0xFF,0x07,0x03,0xFC,0x01,0xFE,0x1E,0x07,0xF8,0x03,0xFC,0x38,0x0F,0xF0,0x07,0xF8,0xE0,0x1F,0xE0,0x0F,0xF3,0xC0,
  0x3F,0xC0,0x1F,0xE7,0x00,0x7F,0x80,0x3F,0xDC,0x00,0xFF,0x00,0x7F,0xF8,0x01,0xFE,0x00,0xFF,0xE0,0x03,0xFC,0x01,0xFF,0x80,
  0x07,0xF8,0x03,0xFF,0x00,0x0F,0xF0,0x07,0xFC,0x00,0x1F,0xE0,0x0F,0xF0,0x00,0x3F,0xC0,0x1F,0xE0,0x00,0x7F,0x80,0x7F,0xE0,
  0x01,0xFF,0x87,0xFF,0xFC,0x1F,0xFF,0xFF,0xFF,0xF8,0x3F,0xFF,0xE0,0x00,0x3F,0x00,0xFC,0x00,0x03,0xF0,0x0F,0xC0,0x00,0x1F,
  0x00,0xF8,0x00,0x01,0xF8,0x1F,0x80,0x00,0x0F,0xE7,0xF0,0x00,0x00,0x7F,0xFE,0x00,0x00,0x00,0xFF,0x80,0x00,0x00,0x00,0x00,
  0x00,0x00,0x00,0x00,0x00,0x00,0x00,0x00,0x00,0x00,0xFF,0xFF,0xC0,0xFF,0xFF,0xFF,0xFC,0x07,0xFF,0x0F,0xFC,0x00,0x0F,0x80,
  0x7F,0xC0,0x00,0xF0,0x07,0xFE,0x00,0x0F,0x00,0x3F,0xE0,0x01,0xE0,0x01,0xFF,0x00,0x1C,0x00,0x1F,0xF0,0x03,0xC0,0x00,0xFF,
  0x80,0x38,0x00,0x0F,0xF8,0x07,0x80,0x00,0x7F,0xC0,0xF0,0x00,0x07,0xFC,0x0F,0x00,0x00,0x3F,0xE1,0xE0,0x00,0x03,0xFE,0x1E,
  0x00,0x00,0x1F,0xF3,0xC0,0x00,0x00,0xFF,0x3C,0x00,0x00,0x0F,0xFF,0x80,0x00,0x00,0x7F,0xF8,0x00,0x00,0x07,0xFF,0x00,0x00,
  0x00,0x3F,0xF0,0x00,0x00,0x03,0xFE,0x00,0x00,0x00,0x1F,0xC0,0x00,0x00,0x00,0xFC,0x00,0x00,0x00,0x0F,0x80,0x00,0x00,0x00,
  0x78,0x00,0x00,0x00,0x0F,0x00,0x00,0x00,0x00,0xF0,0x00,0x00,0x60,0x1E,0x00,0x00,0x06,0x03,0xE0,0x00,0x00,0x70,0x7C,0x00,
  0x00,0x07,0x8F,0x80,0x00,0x00,0x7F,0xF8,0x00,0x00,0x07,0xFF,0x00,0x00,0x00,0x7F,0xC0,0x00,0x00,0x01,0xF8,0x00,0x00,0x00,
  0xFF,0xFF,0x83,0xFF,0xFF,0xFF,0xFF,0x07,0xFF,0xFC,0x7F,0xE0,0x01,0xFF,0x80,0x7F,0x80,0x01,0xFE,0x00,0xFF,0x00,0x03,0xFC,
  0x01,0xFE,0x00,0x07,0xF8,0x03,0xFC,0x00,0x0F,0xF0,0x07,0xF8,0x00,0x1F,0xE0,0x0F,0xF0,0x00,0x3F,0xC0,0x1F,0xE0,0x00,0x7F,
  0x80,0x3F,0xC0,0x00,0xFF,0x00,0x7F,0x80,0x01,0xFE,0x00,0xFF,0x00,0x03,0xFC,0x01,0xFE,0x00,0x07,0xF8,0x03,0xFC,0x00,0x0F,
  0xF0,0x07,0xF8,0x00,0x1F,0xE0,0x0F,0xF0,0x00,0x3F,0xC0,0x1F,0xE0,0x00,0x7F,0x80,0x3F,0xC0,0x00,0xFF,0x00,0x7F,0x80,0x01,
  0xFE,0x00,0xFF,0x00,0x03,0xFC,0x01,0xFE,0x00,0x07,0xF8,0x03,0xFC,0x00,0x0F,0xF0,0x07,0xF8,0x00,0x1F,0xE0,0x0F,0xF0,0x00,
  0x3F,0xC0,0x1F,0xE0,0x00,0x7F,0x80,0x3F,0xC0,0x00,0xFF,0x00,0x7F,0x80,0x01,0xFE,0x00,0xFF,0x00,0x03,0xFC,0x01,0xFE,0x00,
  0x07,0xF8,0x03,0xFC,0x00,0x0F,0xF0,0x07,0xFF,0xFF,0xFF,0xF0,0xFF,0xFF,0xFF,0xFF,0xFF,0xFF,0xFF,0xFF,0xFF,0xFC,0x00,0x07,
  0xF8,0x00,0x00,0x00,0x07,0xF0,0x00,0x00,0x00,0x0F,0xE0,0x00,0x00,0x00,0x1F,0x80,0x00,0x00,0x00,0x3F,0x00,0x00,0x00,0x00,
  0x3E,0x00,0x00,0x00,0x00,0x7C,0x00,0x00,0x00,0x00,0xF8,0x00,0x00,0x00,0x01,0xE0,0x00,0x00,0x00,0x03,0xC0,0x00,0x00,0x00,
  0x03,0x80,0x00,0x00,0x00,0x01,0xFE,0x00,0x00,0x00,0x0F,0xF0,0x00,0x00,0x00,0xFF,0xC0,0x00,0x00,0x07,0xFE,0x00,0x00,0x00,
  0x7F,0xF0,0x00,0x00,0x03,0xFF,0xC0,0x00,0x00,0x1D,0xFE,0x00,0x00,0x01,0xEF,0xF0,0x00,0x00,0x0E,0x7F,0xC0,0x00,0x00,0x71,
  0xFE,0x00,0x00,0x07,0x0F,0xF0,0x00,0x00,0x38,0x7F,0xC0,0x00,0x03,0xC1,0xFE,0x00,0x00,0x1C,0x0F,0xF8,0x00,0x00,0xE0,0x7F,
  0xC0,0x00,0x0F,0x01,0xFE,0x00,0x00,0x70,0x0F,0xF8,0x00,0x03,0x80,0x7F,0xC0,0x00,0x3C,0x01,0xFE,0x00,0x01,0xC0,0x0F,0xF8,
  0x00,0x1E,0x00,0x7F,0xC0,0x00,0xFF,0xFF,0xFF,0x00,0x07,0xFF,0xFF,0xF8,0x00,0x7F,0xFF,0xFF,0xC0,0x03,0x80,0x01,0xFF,0x00,
  0x1C,0x00,0x0F,0xF8,0x01,0xE0,0x00,0x3F,0xC0,0x0E,0x00,0x01,0xFF,0x00,0xF0,0x00,0x0F,0xF8,0x07,0x80,0x00,0x3F,0xE0,0x38,
  0x00,0x01,0xFF,0x03,0xC0,0x00,0x07,0xF8,0x1E,0x00,0x00,0x7F,0xE7,0xFF,0x00,0x1F,0xFF,0xFF,0xF8,0x00,0xFF,0xFE,0xFF,0xFF,
  0xFF,0xF1,0xFF,0xFF,0xFF,0xE0,0x7F,0xFF,0xFF,0xC0,0x7F,0x80,0x03,0x80,0xFF,0x00,0x07,0x01,0xFE,0x00,0x0F,0x03,0xFC,0x00,
  0x0E,0x07,0xF8,0x00,0x1C,0x0F,0xF0,0x00,0x00,0x1F,0xE0,0x00,0x00,0x3F,0xC0,0x00,0x00,0x7F,0x80,0x00,0x00,0xFF,0x00,0x00,
  0x01,0xFE,0x00,0x00,0x03,0xFC,0x00,0x00,0x07,0xFF,0xFE,0x00,0x0F,0xFF,0xFF,0xC0,0x1F,0xFF,0xFF,0xC0,0x3F,0xC0,0x7F,0xC0,
  0x7F,0x80,0x7F,0xC0,0xFF,0x00,0x7F,0xC1,0xFE,0x00,0x7F,0x83,0xFC,0x00,0xFF,0x87,0xF8,0x01,0xFF,0x0F,0xF0,0x03,0xFE,0x1F,
  0xE0,0x07,0xFC,0x3F,0xC0,0x0F,0xF8,0x7F,0x80,0x1F,0xE0,0xFF,0x00,0x7F,0xC1,0xFE,0x00,0xFF,0x03,0xFC,0x07,0xFE,0x07,0xFF,
  0xFF,0xF0,0xFF,0xFF,0xFF,0xC1,0xFF,0xFF,0xFC,0x00,0xFF,0xFF,0xFE,0x00,0xFF,0xFF,0xFF,0xC0,0x0F,0xFF,0xFF,0xE0,0x0F,0xF0,
  0x1F,0xF0,0x0F,0xF0,0x0F,0xF8,0x0F,0xF0,0x07,0xF8,0x0F,0xF0,0x07,0xFC,0x0F,0xF0,0x07,0xFC,0x0F,0xF0,0x07,0xFC,0x0F,0xF0,
  0x07,0xFC,0x0F,0xF0,0x07,0xF8,0x0F,0xF0,0x07,0xF8,0x0F,0xF0,0x07,0xF0,0x0F,0xF0,0x0F,0xF0,0x0F,0xF0,0x3F,0xC0,0x0F,0xFF,
  0xFF,0x80,0x0F,0xFF,0xFF,0x80,0x0F,0xFF,0xFF,0xF0,0x0F,0xF0,0x07,0xFC,0x0F,0xF0,0x03,0xFE,0x0F,0xF0,0x01,0xFE,0x0F,0xF0,
  0x01,0xFF,0x0F,0xF0,0x00,0xFF,0x0F,0xF0,0x00,0xFF,0x0F,0xF0,0x00,0xFF,0x0F,0xF0,0x00,0xFF,0x0F,0xF0,0x00,0xFF,0x0F,0xF0,
  0x01,0xFF,0x0F,0xF0,0x01,0xFE,0x0F,0xF0,0x03,0xFE,0x0F,0xF0,0x07,0xFC,0x0F,0xFF,0xFF,0xF8,0xFF,0xFF,0xFF,0xE0,0xFF,0xFF,
  0xFF,0x00,0xFF,0xFF,0xFF,0xFF,0xFF,0xFF,0xFF,0xC3,0xFF,0xFF,0xFE,0x1F,0xE0,0x00,0xF0,0xFF,0x00,0x03,0x87,0xF8,0x00,0x1C,
  0x3F,0xC0,0x00,0xE1,0xFE,0x00,0x07,0x0F,0xF0,0x00,0x18,0x7F,0x80,0x00,0xC3,0xFC,0x00,0x00,0x1F,0xE0,0x00,0x00,0xFF,0x00,
  0x00,0x07,0xF8,0x00,0x00,0x3F,0xC0,0x00,0x01,0xFE,0x00,0x00,0x0F,0xF0,0x00,0x00,0x7F,0x80,0x00,0x03,0xFC,0x00,0x00,0x1F,
  0xE0,0x00,0x00,0xFF,0x00,0x00,0x07,0xF8,0x00,0x00,0x3F,0xC0,0x00,0x01,0xFE,0x00,0x00,0x0F,0xF0,0x00,0x00,0x7F,0x80,0x00,
  0x03,0xFC,0x00,0x00,0x1F,0xE0,0x00,0x00,0xFF,0x00,0x00,0x07,0xF8,0x00,0x00,0x3F,0xC0,0x00,0x01,0xFF,0x00,0x00,0xFF,0xFF,
  0xC0,0x07,0xFF,0xFE,0x00,0x00,0x01,0xFF,0xFF,0xFF,0xC0,0x3F,0xFF,0xFF,0xF8,0x00,0x7F,0xFF,0xF8,0x00,0x07,0x01,0xFE,0x00,
  0x00,0xE0,0x3F,0xC0,0x00,0x1C,0x07,0xF8,0x00,0x03,0x80,0xFF,0x00,0x00,0xF0,0x1F,0xE0,0x00,0x1E,0x03,0xFC,0x00,0x03,0xC0,
  0x7F,0x80,0x00,0x70,0x0F,0xF0,0x00,0x0E,0x01,0xFE,0x00,0x01,0xC0,0x3F,0xC0,0x00,0x38,0x07,0xF8,0x00,0x07,0x00,0xFF,0x00,
  0x01,0xE0,0x1F,0xE0,0x00,0x3C,0x03,0xFC,0x00,0x07,0x00,0x7F,0x80,0x00,0xE0,0x0F,0xF0,0x00,0x1C,0x01,0xFE,0x00,0x07,0x80,
  0x3F,0xC0,0x00,0xF0,0x07,0xF8,0x00,0x1C,0x00,0xFF,0x00,0x03,0x80,0x1F,0xE0,0x00,0xF0,0x03,0xFC,0x00,0x1C,0x00,0x7F,0x80,
  0x07,0x80,0x0F,0xF0,0x00,0xF0,0x01,0xFE,0x00,0x1C,0x00,0x3F,0xC0,0x07,0x80,0x07,0xF8,0x00,0xE0,0x00,0xFF,0x00,0x3F,0xFF,
  0xFF,0xF0,0xFF,0xFF,0xFF,0xFF,0xFF,0xFF,0xFF,0xFF,0xFF,0xFC,0x00,0x00,0x3F,0xFF,0x00,0x00,0x07,0xF7,0xE0,0x00,0x00,0xFE,
  0xFC,0x00,0x00,0x0F,0xDF,0x00,0x00,0x01,0xFB,0xE0,0x00,0x00,0x3F,0x7C,0x00,0x00,0x03,0xEF,0x80,0x00,0x00,0x7D,0xE0,0x00,
  0x00,0x0F,0x3C,0x00,0x00,0x00,0xE7,0x80,0x00,0x00,0x1C,0xFF,0xFF,0xFF,0xF9,0xFF,0xFF,0xFF,0xF0,0x3F,0xFF,0xFF,0xE0,0x7F,
  0x80,0x01,0xC0,0xFF,0x00,0x03,0x81,0xFE,0x00,0x07,0x03,0xFC,0x00,0x0E,0x07,0xF8,0x00,0x1C,0x0F,0xF0,0x00,0x18,0x1F,0xE0,
  0x00,0x00,0x3F,0xC0,0x00,0x00,0x7F,0x80,0x18,0x00,0xFF,0x00,0x30,0x01,0xFE,0x00,0xE0,0x03,0xFC,0x01,0xC0,0x07,0xFF,0xFF,
  0x80,0x0F,0xFF,0xFF,0x00,0x1F,0xFF,0xFE,0x00,0x3F,0xC0,0x1C,0x00,0x7F,0x80,0x38,0x00,0xFF,0x00,0x30,0x01,0xFE,0x00,0x60,
  0x03,0xFC,0x00,0x00,0x07,0xF8,0x00,0x00,0x0F,0xF0,0x00,0x06,0x1F,0xE0,0x00,0x1C,0x3F,0xC0,0x00,0x38,0x7F,0x80,0x00,0x70,
  0xFF,0x00,0x00,0xE1,0xFE,0x00,0x03,0xC3,0xFC,0x00,0x07,0x87,0xFF,0xFF,0xFF,0xFF,0xFF,0xFF,0xFF,0xFF,0xFF,0xFF,0xFC,0x3F,
  0xF8,0x3F,0xFF,0x81,0xFF,0x87,0xFF,0x07,0xFF,0xF0,0x3F,0xF0,0x1F,0x00,0x1F,0xF0,0x01,0xF0,0x00,0xF0,0x01,0xFE,0x00,0x3C,
  0x00,0x0F,0x00,0x3F,0xC0,0x0F,0x00,0x01,0xE0,0x07,0xF8,0x03,0xC0,0x00,0x1E,0x00,0xFF,0x00,0xF0,0x00,0x01,0xE0,0x1F,0xE0,
  0x3C,0x00,0x00,0x1E,0x03,0xFC,0x0F,0x00,0x00,0x01,0xE0,0x7F,0x81,0xE0,0x00,0x00,0x1E,0x0F,0xF0,0x78,0x00,0x00,0x01,0xE1,
  0xFE,0x1E,0x00,0x00,0x00,0x3C,0x3F,0xC7,0x80,0x00,0x00,0x07,0xC7,0xF9,0xF0,0x00,0x00,0x01,0xFC,0xFF,0x7F,0x00,0x00,0x00,
  0x3F,0xDF,0xFF,0xF0,0x00,0x00,0x0F,0xFF,0xFF,0xFE,0x00,0x00,0x03,0xFF,0xFF,0xFF,0xE0,0x00,0x00,0x7F,0xBF,0xF9,0xFE,0x00,
  0x00,0x1F,0xE3,0xFE,0x3F,0xC0,0x00,0x03,0xFC,0x3F,0xC3,0xFC,0x00,0x00,0xFF,0x07,0xF8,0x7F,0x80,0x00,0x3F,0xE0,0xFF,0x07,
  0xF8,0x00,0x07,0xF8,0x1F,0xE0,0xFF,0x80,0x01,0xFF,0x03,0xFC,0x0F,0xF0,0x00,0x3F,0xC0,0x7F,0x81,0xFF,0x00,0x0F,0xF0,0x0F,
  0xF0,0x1F,0xE0,0x03,0xFE,0x01,0xFE,0x03,0xFE,0x00,0x7F,0x80,0x3F,0xC0,0x3F,0xE0,0x1F,0xF0,0x07,0xF8,0x03,0xFC,0x03,0xFC,
  0x00,0xFF,0x00,0x7F,0xC0,0xFF,0x80,0x3F,0xE0,0x07,0xFC,0xFF,0xE0,0x3F,0xFF,0xC0,0xFF,0xFF,0xFC,0x07,0xFF,0xF8,0x0F,0xFC,
  0x0F,0xFF,0x00,0x7F,0xFF,0xC0,0x7F,0xFF,0xF0,0x7C,0x07,0xF8,0x70,0x03,0xFC,0x70,0x03,0xFC,0x70,0x03,0xFE,0x70,0x01,0xFE,
  0x70,0x01,0xFE,0x00,0x01,0xFE,0x00,0x01,0xFE,0x00,0x03,0xFC,0x00,0x03,0xFC,0x00,0x03,0xFC,0x00,0x07,0xF8,0x00,0x1F,0xF0,
  0x01,0xFF,0xC0,0x01,0xFF,0x80,0x01,0xFF,0xE0,0x00,0x1F,0xF8,0x00,0x03,0xFC,0x00,0x01,0xFE,0x00,0x01,0xFE,0x00,0x00,0xFF,
  0x00,0x00,0xFF,0x00,0x00,0xFF,0x00,0x00,0xFF,0xE0,0x00,0xFF,0xE0,0x00,0xFF,0xE0,0x01,0xFE,0xF0,0x01,0xFE,0xF0,0x03,0xFC,
  0x78,0x07,0xF8,0x7F,0xFF,0xF0,0x7F,0xFF,0xC0,0x1F,0xFE,0x00,0xFF,0xFF,0x83,0xFF,0xFF,0xFF,0xFF,0x07,0xFF,0xFC,0x7F,0xE0,
  0x01,0xFF,0x80,0x7F,0x80,0x01,0xFE,0x00,0xFF,0x00,0x03,0xFC,0x01,0xFE,0x00,0x0F,0xF8,0x03,0xFC,0x00,0x3F,0xF0,0x07,0xF8,
  0x00,0x7F,0xE0,0x0F,0xF0,0x01,0xFF,0xC0,0x1F,0xE0,0x07,0xFF,0x80,0x3F,0xC0,0x0E,0xFF,0x00,0x7F,0x80,0x39,0xFE,0x00,0xFF,
  0x00,0xF3,0xFC,0x01,0xFE,0x01,0xC7,0xF8,0x03,0xFC,0x07,0x0F,0xF0,0x07,0xF8,0x1E,0x1F,0xE0,0x0F,0xF0,0x38,0x3F,0xC0,0x1F,
  0xE0,0xE0,0x7F,0x80,0x3F,0xC3,0xC0,0xFF,0x00,0x7F,0x87,0x01,0xFE,0x00,0xFF,0x1C,0x03,0xFC,0x01,0xFE,0x78,0x07,0xF8,0x03,
  0xFC,0xE0,0x0F,0xF0,0x07,0xFB,0x80,0x1F,0xE0,0x0F,0xFF,0x00,0x3F,0xC0,0x1F,0xFC,0x00,0x7F,0x80,0x3F,0xF0,0x00,0xFF,0x00,
  0x7F,0xE0,0x01,0xFE,0x00,0xFF,0x80,0x03,0xFC,0x01,0xFE,0x00,0x07,0xF8,0x03,0xFC,0x00,0x0F,0xF0,0x0F,0xFC,0x00,0x3F,0xF0,
  0xFF,0xFF,0x83,0xFF,0xFF,0xFF,0xFF,0x07,0xFF,0xFC,0x00,0x7E,0x00,0xF8,0x00,0x00,0x7C,0x03,0xF0,0x00,0x00,0xF8,0x07,0xE0,
  0x00,0x01,0xF8,0x1F,0x80,0x00,0x01,0xFC,0xFE,0x00,0x00,0x01,0xFF,0xF8,0x00,0x00,0x00,0x7F,0xC0,0x00,0x00,0x00,0x00,0x00,
  0x00,0x00,0x00,0x00,0x00,0x00,0x00,0x00,0x00,0x00,0x03,0xFF,0xFE,0x0F,0xFF,0xFF,0xFF,0xFC,0x1F,0xFF,0xF1,0xFF,0x80,0x07,
  0xFE,0x01,0xFE,0x00,0x07,0xF8,0x03,0xFC,0x00,0x0F,0xF0,0x07,0xF8,0x00,0x3F,0xE0,0x0F,0xF0,0x00,0xFF,0xC0,0x1F,0xE0,0x01,
  0xFF,0x80,0x3F,0xC0,0x07,0xFF,0x00,0x7F,0x80,0x1F,0xFE,0x00,0xFF,0x00,0x3B,0xFC,0x01,0xFE,0x00,0xE7,0xF8,0x03,0xFC,0x03,
  0xCF,0xF0,0x07,0xF8,0x07,0x1F,0xE0,0x0F,0xF0,0x1C,0x3F,0xC0,0x1F,0xE0,0x78,0x7F,0x80,0x3F,0xC0,0xE0,0xFF,0x00,0x7F,0x83,
  0x81,0xFE,0x00,0xFF,0x0F,0x03,0xFC,0x01,0xFE,0x1C,0x07,0xF8,0x03,0xFC,0x70,0x0F,0xF0,0x07,0xF9,0xE0,0x1F,0xE0,0x0F,0xF3,
  0x80,0x3F,0xC0,0x1F,0xEE,0x00,0x7F,0x80,0x3F,0xFC,0x00,0xFF,0x00,0x7F,0xF0,0x01,0xFE,0x00,0xFF,0xC0,0x03,0xFC,0x01,0xFF,
  0x80,0x07,0xF8,0x03,0xFE,0x00,0x0F,0xF0,0x07,0xF8,0x00,0x1F,0xE0,0x0F,0xF0,0x00,0x3F,0xC0,0x3F,0xF0,0x00,0xFF,0xC3,0xFF,
  0xFE,0x0F,0xFF,0xFF,0xFF,0xFC,0x1F,0xFF,0xF0,0xFF,0xFF,0x80,0xFF,0xFF,0xFF,0xF8,0x0F,0xFF,0x0F,0xF8,0x00,0x3F,0x00,0xFF,
  0x00,0x03,0xC0,0x0F,0xF0,0x00,0x78,0x00,0xFF,0x00,0x0F,0x00,0x0F,0xF0,0x01,0xE0,0x00,0xFF,0x00,0x3C,0x00,0x0F,0xF0,0x07,
  0x80,0x00,0xFF,0x00,0xF0,0x00,0x0F,0xF0,0x1E,0x00,0x00,0xFF,0x03,0xC0,0x00,0x0F,0xF0,0x78,0x00,0x00,0xFF,0x0F,0xC0,0x00,
  0x0F,0xF3,0xFC,0x00,0x00,0xFF,0x7F,0xE0,0x00,0x0F,0xFF,0xFF,0x00,0x00,0xFF,0xFF,0xF0,0x00,0x0F,0xFC,0xFF,0x80,0x00,0xFF,
  0x87,0xFC,0x00,0x0F,0xF0,0x7F,0xC0,0x00,0xFF,0x03,0xFE,0x00,0x0F,0xF0,0x3F,0xF0,0x00,0xFF,0x01,0xFF,0x00,0x0F,0xF0,0x0F,
  0xF8,0x00,0xFF,0x00,0xFF,0xC0,0x0F,0xF0,0x07,0xFC,0x00,0xFF,0x00,0x3F,0xE0,0x0F,0xF0,0x03,0xFF,0x00,0xFF,0x00,0x1F,0xF0,
  0x0F,0xF0,0x00,0xFF,0x80,0xFF,0x80,0x0F,0xFC,0xFF,0xFF,0x80,0x7F,0xFF,0xFF,0xF8,0x07,0xFF,0x01,0xFF,0xFF,0xFF,0xFC,0x07,
  0xFF,0xFF,0xFF,0xF0,0x01,0xFF,0xFF,0xFC,0x00,0x03,0x80,0x1F,0xF0,0x00,0x1E,0x00,0x7F,0xC0,0x00,0x78,0x01,0xFF,0x00,0x01,
  0xE0,0x07,0xFC,0x00,0x07,0x00,0x1F,0xF0,0x00,0x1C,0x00,0x7F,0xC0,0x00,0x70,0x01,0xFF,0x00,0x01,0xC0,0x07,0xFC,0x00,0x07,
  0x00,0x1F,0xF0,0x00,0x1C,0x00,0x7F,0xC0,0x00,0x70,0x01,0xFF,0x00,0x01,0xC0,0x07,0xFC,0x00,0x0F,0x00,0x1F,0xF0,0x00,0x3C,
  0x00,0x7F,0xC0,0x00,0xE0,0x01,0xFF,0x00,0x03,0x80,0x07,0xFC,0x00,0x0E,0x00,0x1F,0xF0,0x00,0x38,0x00,0x7F,0xC0,0x01,0xE0,
  0x01,0xFF,0x00,0x07,0x80,0x07,0xFC,0x00,0x1E,0x00,0x1F,0xF0,0x00,0x70,0x00,0x7F,0xC0,0x03,0xC0,0x01,0xFF,0x00,0x0F,0x00,
  0x07,0xFC,0x30,0x3C,0x00,0x1F,0xF0,0xE1,0xE0,0x00,0x7F,0xC3,0x87,0x80,0x01,0xFF,0x0F,0x3C,0x00,0x07,0xFC,0x3F,0xF0,0x00,
  0x1F,0xF0,0xFF,0x80,0x07,0xFF,0xFF,0xFC,0x00,0x1F,0xFF,0xF7,0xE0,0x00,0x00,0x00,0x00,0xFF,0xFC,0x00,0x00,0x7F,0xFF,0xFF,
  0xF8,0x00,0x01,0xFF,0xFC,0x3F,0xF0,0x00,0x03,0xFF,0x80,0x7F,0xF0,0x00,0x0F,0xFE,0x00,0xFF,0xE0,0x00,0x1F,0xFC,0x01,0xFF,
  0xE0,0x00,0x7F,0xF8,0x03,0xFF,0xC0,0x00,0xFF,0xF0,0x07,0xFF,0xC0,0x01,0xDF,0xE0,0x0F,0x7F,0x80,0x07,0xBF,0xC0,0x1E,0xFF,
  0x00,0x0E,0x7F,0x80,0x3C,0xFF,0x00,0x3C,0xFF,0x00,0x79,0xFE,0x00,0x79,0xFE,0x00,0xF1,0xFE,0x01,0xE3,0xFC,0x01,0xE3,0xFC,
  0x03,0xC7,0xF8,0x03,0xC7,0xFC,0x0F,0x0F,0xF0,0x07,0x87,0xF8,0x1E,0x1F,0xE0,0x0F,0x0F,0xF8,0x38,0x3F,0xC0,0x1E,0x0F,0xF0,
  0xF0,0x7F,0x80,0x3C,0x1F,0xE1,0xC0,0xFF,0x00,0x78,0x1F,0xE7,0x81,0xFE,0x00,0xF0,0x3F,0xCE,0x03,0xFC,0x01,0xE0,0x7F,0xFC,
  0x07,0xF8,0x03,0xC0,0x7F,0xF8,0x0F,0xF0,0x07,0x80,0xFF,0xE0,0x1F,0xE0,0x0F,0x00,0xFF,0xC0,0x3F,0xC0,0x1E,0x01,0xFF,0x00,
  0x7F,0x80,0x3C,0x01,0xFE,0x00,0xFF,0x00,0x78,0x03,0xF8,0x01,0xFE,0x00,0xF0,0x03,0xF0,0x03,0xFC,0x01,0xE0,0x07,0xC0,0x07,
  0xF8,0x03,0xC0,0x0F,0x80,0x0F,0xF0,0x07,0x80,0x0F,0x00,0x3F,0xF0,0xFF,0xF0,0x1C,0x03,0xFF,0xFF,0xFF,0xE0,0x18,0x07,0xFF,
  0xFC,0xFF,0xFF,0x83,0xFF,0xFF,0xFF,0xFF,0x07,0xFF,0xFC,0x7F,0xE0,0x01,0xFF,0x80,0x7F,0x80,0x01,0xFE,0x00,0xFF,0x00,0x03,
  0xFC,0x01,0xFE,0x00,0x07,0xF8,0x03,0xFC,0x00,0x0F,0xF0,0x07,0xF8,0x00,0x1F,0xE0,0x0F,0xF0,0x00,0x3F,0xC0,0x1F,0xE0,0x00,
  0x7F,0x80,0x3F,0xC0,0x00,0xFF,0x00,0x7F,0x80,0x01,0xFE,0x00,0xFF,0x00,0x03,0xFC,0x01,0xFE,0x00,0x07,0xF8,0x03,0xFC,0x00,
  0x0F,0xF0,0x07,0xFF,0xFF,0xFF,0xE0,0x0F,0xFF,0xFF,0xFF,0xC0,0x1F,0xFF,0xFF,0xFF,0x80,0x3F,0xC0,0x00,0xFF,0x00,0x7F,0x80,
  0x01,0xFE,0x00,0xFF,0x00,0x03,0xFC,0x01,0xFE,0x00,0x07,0xF8,0x03,0xFC,0x00,0x0F,0xF0,0x07,0xF8,0x00,0x1F,0xE0,0x0F,0xF0,
  0x00,0x3F,0xC0,0x1F,0xE0,0x00,0x7F,0x80,0x3F,0xC0,0x00,0xFF,0x00,0x7F,0x80,0x01,0xFE,0x00,0xFF,0x00,0x03,0xFC,0x01,0xFE,
  0x00,0x07,0xF8,0x03,0xFC,0x00,0x0F,0xF0,0x0F,0xFC,0x00,0x3F,0xF0,0xFF,0xFF,0x83,0xFF,0xFF,0xFF,0xFF,0x07,0xFF,0xFC,0x00,
  0x07,0xFF,0x00,0x00,0x07,0xFF,0xFE,0x00,0x01,0xFF,0xFF,0xF8,0x00,0x3F,0xC0,0x3F,0xC0,0x07,0xF8,0x00,0xFE,0x00,0xFF,0x00,
  0x07,0xF0,0x1F,0xE0,0x00,0x7F,0x81,0xFE,0x00,0x03,0xFC,0x3F,0xC0,0x00,0x3F,0xC3,0xFC,0x00,0x01,0xFE,0x7F,0xC0,0x00,0x1F,
  0xE7,0xF8,0x00,0x01,0xFE,0x7F,0x80,0x00,0x1F,0xE7,0xF8,0x00,0x01,0xFF,0x7F,0x80,0x00,0x1F,0xF7,0xF8,0x00,0x01,0xFF,0x7F,
  0x80,0x00,0x1F,0xFF,0xF8,0x00,0x01,0xFF,0xFF,0x80,0x00,0x1F,0xF7,0xF8,0x00,0x01,0xFF,0x7F,0x80,0x00,0x1F,0xF7,0xF8,0x00,
  0x01,0xFF,0x7F,0x80,0x00,0x1F,0xF7,0xF8,0x00,0x01,0xFE,0x7F,0xC0,0x00,0x1F,0xE3,0xFC,0x00,0x01,0xFE,0x3F,0xC0,0x00,0x1F,
  0xE3,0xFC,0x00,0x03,0xFC,0x1F,0xE0,0x00,0x3F,0xC1,0xFE,0x00,0x07,0xF8,0x0F,0xF0,0x00,0x7F,0x00,0x7F,0x80,0x0F,0xE0,0x03,
  0xFC,0x03,0xFC,0x00,0x0F,0xFF,0xFF,0x80,0x00,0x3F,0xFF,0xE0,0x00,0x00,0x7F,0xF0,0x00,0xFF,0xFF,0xFF,0xFF,0xFF,0xFF,0xFF,
  0xFF,0xFF,0xF8,0x3F,0xFF,0xFF,0xFF,0x80,0x7F,0x80,0x01,0xFE,0x00,0xFF,0x00,0x03,0xFC,0x01,0xFE,0x00,0x07,0xF8,0x03,0xFC,
  0x00,0x0F,0xF0,0x07,0xF8,0x00,0x1F,0xE0,0x0F,0xF0,0x00,0x3F,0xC0,0x1F,0xE0,0x00,0x7F,0x80,0x3F,0xC0,0x00,0xFF,0x00,0x7F,
  0x80,0x01,0xFE,0x00,0xFF,0x00,0x03,0xFC,0x01,0xFE,0x00,0x07,0xF8,0x03,0xFC,0x00,0x0F,0xF0,0x07,0xF8,0x00,0x1F,0xE0,0x0F,
  0xF0,0x00,0x3F,0xC0,0x1F,0xE0,0x00,0x7F,0x80,0x3F,0xC0,0x00,0xFF,0x00,0x7F,0x80,0x01,0xFE,0x00,0xFF,0x00,0x03,0xFC,0x01,
  0xFE,0x00,0x07,0xF8,0x03,0xFC,0x00,0x0F,0xF0,0x07,0xF8,0x00,0x1F,0xE0,0x0F,0xF0,0x00,0x3F,0xC0,0x1F,0xE0,0x00,0x7F,0x80,
  0x3F,0xC0,0x00,0xFF,0x00,0x7F,0x80,0x01,0xFE,0x00,0xFF,0x00,0x03,0xFC,0x01,0xFE,0x00,0x07,0xF8,0x03,0xFC,0x00,0x0F,0xF0,
  0x07,0xFC,0x00,0x3F,0xF0,0xFF,0xFF,0x83,0xFF,0xFD,0xFF,0xFF,0x07,0xFF,0xFC,0xFF,0xFF,0xF8,0x07,0xFF,0xFF,0xF8,0x03,0xFF,
  0xFF,0xF0,0x1F,0xE0,0x7F,0xC0,0xFF,0x00,0xFF,0x07,0xF8,0x07,0xF8,0x3F,0xC0,0x1F,0xE1,0xFE,0x00,0xFF,0x0F,0xF0,0x07,0xF8,
  0x7F,0x80,0x3F,0xC3,0xFC,0x01,0xFE,0x1F,0xE0,0x0F,0xF0,0xFF,0x00,0x7F,0x87,0xF8,0x03,0xFC,0x3F,0xC0,0x3F,0xE1,0xFE,0x01,
  0xFE,0x0F,0xF0,0x1F,0xF0,0x7F,0x81,0xFF,0x03,0xFF,0xFF,0xF0,0x1F,0xFF,0xFE,0x00,0xFF,0xFF,0xC0,0x07,0xF8,0x00,0x00,0x3F,
  0xC0,0x00,0x01,0xFE,0x00,0x00,0x0F,0xF0,0x00,0x00,0x7F,0x80,0x00,0x03,0xFC,0x00,0x00,0x1F,0xE0,0x00,0x00,0xFF,0x00,0x00,
  0x07,0xF8,0x00,0x00,0x3F,0xC0,0x00,0x01,0xFF,0x00,0x00,0xFF,0xFF,0xC0,0x07,0xFF,0xFE,0x00,0x00,0x00,0x07,0xFF,0xC0,0x00,
  0x3F,0xFF,0xFC,0x00,0xFF,0xFF,0xFE,0x03,0xFF,0x00,0x7E,0x07,0xFC,0x00,0x1E,0x0F,0xF8,0x00,0x0E,0x0F,0xF0,0x00,0x0E,0x1F,
  0xE0,0x00,0x0E,0x3F,0xE0,0x00,0x06,0x3F,0xC0,0x00,0x06,0x3F,0xC0,0x00,0x00,0x7F,0xC0,0x00,0x00,0x7F,0x80,0x00,0x00,0x7F,
  0x80,0x00,0x00,0x7F,0x80,0x00,0x00,0x7F,0x80,0x00,0x00,0x7F,0x80,0x00,0x00,0x7F,0x80,0x00,0x00,0xFF,0x80,0x00,0x00,0x7F,
  0x80,0x00,0x00,0x7F,0x80,0x00,0x00,0x7F,0x80,0x00,0x00,0x7F,0x80,0x00,0x00,0x7F,0xC0,0x00,0x00,0x7F,0xC0,0x00,0x00,0x3F,
  0xC0,0x00,0x07,0x3F,0xC0,0x00,0x07,0x3F,0xE0,0x00,0x07,0x1F,0xE0,0x00,0x07,0x0F,0xF0,0x00,0x07,0x07,0xF8,0x00,0x0F,0x07,
  0xFC,0x00,0x1F,0x01,0xFF,0x00,0x7F,0x00,0xFF,0xFF,0xFE,0x00,0x3F,0xFF,0xFC,0x00,0x07,0xFF,0x80,0xFF,0xFF,0xFF,0xFF,0xFF,
  0xFF,0xFF,0xFF,0xFF,0xFF,0xFF,0xFF,0xFC,0x01,0xFE,0x00,0x7E,0x00,0xFF,0x00,0x3F,0x00,0x7F,0x80,0x1F,0x80,0x3F,0xC0,0x0F,
  0x80,0x1F,0xE0,0x07,0xC0,0x0F,0xF0,0x03,0xE0,0x07,0xF8,0x00,0xC0,0x03,0xFC,0x00,0x00,0x01,0xFE,0x00,0x00,0x00,0xFF,0x00,
  0x00,0x00,0x7F,0x80,0x00,0x00,0x3F,0xC0,0x00,0x00,0x1F,0xE0,0x00,0x00,0x0F,0xF0,0x00,0x00,0x07,0xF8,0x00,0x00,0x03,0xFC,
  0x00,0x00,0x01,0xFE,0x00,0x00,0x00,0xFF,0x00,0x00,0x00,0x7F,0x80,0x00,0x00,0x3F,0xC0,0x00,0x00,0x1F,0xE0,0x00,0x00,0x0F,
  0xF0,0x00,0x00,0x07,0xF8,0x00,0x00,0x03,0xFC,0x00,0x00,0x01,0xFE,0x00,0x00,0x00,0xFF,0x00,0x00,0x00,0x7F,0x80,0x00,0x00,
  0x3F,0xC0,0x00,0x00,0x3F,0xF0,0x00,0x01,0xFF,0xFF,0xC0,0x00,0xFF,0xFF,0xE0,0x00,0xFF,0xFF,0xC0,0xFF,0xFF,0xFF,0xFC,0x07,
  0xFF,0x0F,0xFC,0x00,0x0F,0x80,0x7F,0xC0,0x00,0xF0,0x07,0xFE,0x00,0x0F,0x00,0x3F,0xE0,0x01,0xE0,0x01,0xFF,0x00,0x1C,0x00,
  0x1F,0xF0,0x03,0xC0,0x00,0xFF,0x80,0x38,0x00,0x0F,0xF8,0x07,0x80,0x00,0x7F,0xC0,0xF0,0x00,0x07,0xFC,0x0F,0x00,0x00,0x3F,
  0xE1,0xE0,0x00,0x03,0xFE,0x1E,0x00,0x00,0x1F,0xF3,0xC0,0x00,0x00,0xFF,0x3C,0x00,0x00,0x0F,0xFF,0x80,0x00,0x00,0x7F,0xF8,
  0x00,0x00,0x07,0xFF,0x00,0x00,0x00,0x3F,0xF0,0x00,0x00,0x03,0xFE,0x00,0x00,0x00,0x1F,0xC0,0x00,0x00,0x00,0xFC,0x00,0x00,
  0x00,0x0F,0x80,0x00,0x00,0x00,0x78,0x00,0x00,0x00,0x0F,0x00,0x00,0x00,0x00,0xF0,0x00,0x00,0x60,0x1E,0x00,0x00,0x06,0x03,
  0xE0,0x00,0x00,0x70,0x7C,0x00,0x00,0x07,0x8F,0x80,0x00,0x00,0x7F,0xF8,0x00,0x00,0x07,0xFF,0x00,0x00,0x00,0x7F,0xC0,0x00,
  0x00,0x01,0xF8,0x00,0x00,0x00,0x00,0x0F,0xFF,0xF0,0x00,0x00,0x07,0xFF,0xF8,0x00,0x00,0x00,0x3F,0xE0,0x00,0x00,0x00,0x0F,
  0xE0,0x00,0x00,0x00,0x07,0xF0,0x00,0x00,0x03,0xFF,0xFF,0xF8,0x00,0x0F,0xFF,0xFF,0xFF,0x80,0x1F,0xFF,0xFF,0xFF,0xF0,0x1F,
  0xE0,0x7F,0x07,0xFC,0x1F,0xE0,0x3F,0x80,0xFF,0x1F,0xE0,0x1F,0xC0,0x7F,0x8F,0xF0,0x0F,0xE0,0x1F,0xEF,0xF0,0x07,0xF0,0x0F,
  0xF7,0xF8,0x03,0xF8,0x03,0xFB,0xFC,0x01,0xFC,0x01,0xFF,0xFE,0x00,0xFE,0x00,0xFF,0xFF,0x00,0x7F,0x00,0x7F,0xFF,0x80,0x3F,
  0x80,0x3F,0xFF,0xC0,0x1F,0xC0,0x1F,0xFF,0xE0,0x0F,0xE0,0x1F,0xE7,0xF0,0x07,0xF0,0x0F,0xF3,0xFC,0x03,0xF8,0x07,0xF8,0xFE,
  0x01,0xFC,0x07,0xF8,0x7F,0x80,0xFE,0x07,0xF8,0x1F,0xE0,0x7F,0x07,0xF8,0x07,0xFF,0xFF,0xFF,0xF8,0x00,0xFF,0xFF,0xFF,0xF8,
  0x00,0x0F,0xFF,0xFF,0xE0,0x00,0x00,0x07,0xF0,0x00,0x00,0x00,0x03,0xF8,0x00,0x00,0x00,0x01,0xFC,0x00,0x00,0x00,0x01,0xFF,
  0x00,0x00,0x00,0x0F,0xFF,0xF0,0x00,0x00,0x07,0xFF,0xF8,0x00,0x00,0x7F,0xFF,0xC3,0xFF,0xC7,0xFF,0xFC,0x3F,0xFC,0x0F,0xFC,
  0x00,0x3E,0x00,0x7F,0xC0,0x03,0x80,0x03,0xFE,0x00,0x78,0x00,0x1F,0xE0,0x0F,0x00,0x01,0xFF,0x01,0xE0,0x00,0x0F,0xF8,0x1C,
  0x00,0x00,0x7F,0x83,0xC0,0x00,0x07,0xFC,0x78,0x00,0x00,0x3F,0xEF,0x00,0x00,0x01,0xFF,0xE0,0x00,0x00,0x1F,0xFC,0x00,0x00,
  0x00,0xFF,0xC0,0x00,0x00,0x07,0xF8,0x00,0x00,0x00,0x7F,0xC0,0x00,0x00,0x03,0xFC,0x00,0x00,0x00,0x3F,0xE0,0x00,0x00,0x03,
  0xFF,0x00,0x00,0x00,0x7F,0xF0,0x00,0x00,0x0F,0xFF,0x80,0x00,0x01,0xE7,0xFC,0x00,0x00,0x1E,0x3F,0xC0,0x00,0x03,0xC3,0xFE,
  0x00,0x00,0x78,0x1F,0xF0,0x00,0x0F,0x00,0xFF,0x00,0x00,0xE0,0x0F,0xF8,0x00,0x1E,0x00,0x7F,0xC0,0x03,0xC0,0x03,0xFC,0x00,
  0x78,0x00,0x3F,0xE0,0x0F,0x00,0x01,0xFF,0x01,0xF0,0x00,0x1F,0xF8,0xFF,0xF0,0x1F,0xFF,0xFF,0xFF,0x01,0xFF,0xFF,0xFF,0xFF,
  0x87,0xFF,0xFD,0xFF,0xFF,0x0F,0xFF,0xF8,0x3F,0xE0,0x01,0xFF,0x00,0x7F,0xC0,0x03,0xFE,0x00,0xFF,0x80,0x07,0xFC,0x01,0xFF,
  0x00,0x0F,0xF8,0x03,0xFE,0x00,0x1F,0xF0,0x07,0xFC,0x00,0x3F,0xE0,0x0F,0xF8,0x00,0x7F,0xC0,0x1F,0xF0,0x00,0xFF,0x80,0x3F,
  0xE0,0x01,0xFF,0x00,0x7F,0xC0,0x03,0xFE,0x00,0xFF,0x80,0x07,0xFC,0x01,0xFF,0x00,0x0F,0xF8,0x03,0xFE,0x00,0x1F,0xF0,0x07,
  0xFC,0x00,0x3F,0xE0,0x0F,0xF8,0x00,0x7F,0xC0,0x1F,0xF0,0x00,0xFF,0x80,0x3F,0xE0,0x01,0xFF,0x00,0x7F,0xC0,0x03,0xFE,0x00,
  0xFF,0x80,0x07,0xFC,0x01,0xFF,0x00,0x0F,0xF8,0x03,0xFE,0x00,0x1F,0xF0,0x07,0xFC,0x00,0x3F,0xE0,0x0F,0xF8,0x00,0x7F,0xC0,
  0x1F,0xF0,0x00,0xFF,0x80,0x3F,0xE0,0x01,0xFF,0x00,0x7F,0xC0,0x03,0xFE,0x00,0xFF,0x80,0x07,0xFC,0x01,0xFF,0x00,0x0F,0xF8,
  0x03,0xFE,0x00,0x1F,0xF0,0x07,0xFF,0xFF,0xFF,0xE0,0xFF,0xFF,0xFF,0xFF,0xFF,0xFF,0xFF,0xFF,0xFF,0xFC,0x00,0x00,0x00,0x07,
  0xF8,0x00,0x00,0x00,0x07,0xE0,0x00,0x00,0x00,0x0F,0xC0,0x00,0x00,0x00,0x1F,0x80,0x00,0x00,0x00,0x1F,0x00,0x00,0x00,0x00,
  0x3E,0x00,0x00,0x00,0x00,0x7C,0x00,0x00,0x00,0x00,0xF8,0x00,0x00,0x00,0x00,0xF0,0x00,0x00,0x00,0x01,0xE0,0x00,0x00,0x00,
  0x03,0xC0,0xFF,0xFE,0x0F,0xFF,0xFF,0xFF,0xE0,0xFF,0xFF,0x1F,0xF0,0x01,0xFF,0x81,0xFE,0x00,0x0F,0xF0,0x1F,0xE0,0x00,0xFF,
  0x01,0xFE,0x00,0x0F,0xF0,0x1F,0xE0,0x00,0xFF,0x01,0xFE,0x00,0x0F,0xF0,0x1F,0xE0,0x00,0xFF,0x01,0xFE,0x00,0x0F,0xF0,0x1F,
  0xE0,0x00,0xFF,0x01,0xFE,0x00,0x0F,0xF0,0x1F,0xE0,0x00,0xFF,0x01,0xFE,0x00,0x0F,0xF0,0x1F,0xE0,0x00,0xFF,0x01,0xFF,0x00,
  0x0F,0xF0,0x0F,0xF0,0x00,0xFF,0x00,0xFF,0x80,0x0F,0xF0,0x0F,0xFC,0x07,0xFF,0x00,0x7F,0xFF,0xFF,0xF0,0x03,0xFF,0xFF,0xFF,
  0x00,0x1F,0xFF,0xEF,0xF0,0x00,0x3F,0xE0,0xFF,0x00,0x00,0x00,0x0F,0xF0,0x00,0x00,0x00,0xFF,0x00,0x00,0x00,0x0F,0xF0,0x00,
  0x00,0x00,0xFF,0x00,0x00,0x00,0x0F,0xF0,0x00,0x00,0x00,0xFF,0x00,0x00,0x00,0x0F,0xF0,0x00,0x00,0x00,0xFF,0x00,0x00,0x00,
  0x1F,0xF8,0x00,0x00,0x1F,0xFF,0xF0,0x00,0x01,0xFF,0xFF,0xFF,0xFF,0x0F,0xFF,0xF1,0xFF,0xFF,0xFF,0xFE,0x1F,0xFF,0xC3,0xFF,
  0xFC,0x7F,0xE0,0x07,0xFC,0x00,0xFF,0xC0,0x7F,0x80,0x0F,0xF8,0x00,0xFF,0x00,0xFF,0x00,0x1F,0xF0,0x01,0xFE,0x01,0xFE,0x00,
  0x3F,0xE0,0x03,0xFC,0x03,0xFC,0x00,0x7F,0xC0,0x07,0xF8,0x07,0xF8,0x00,0xFF,0x80,0x0F,0xF0,0x0F,0xF0,0x01,0xFF,0x00,0x1F,
  0xE0,0x1F,0xE0,0x03,0xFE,0x00,0x3F,0xC0,0x3F,0xC0,0x07,0xFC,0x00,0x7F,0x80,0x7F,0x80,0x0F,0xF8,0x00,0xFF,0x00,0xFF,0x00,
  0x1F,0xF0,0x01,0xFE,0x01,0xFE,0x00,0x3F,0xE0,0x03,0xFC,0x03,0xFC,0x00,0x7F,0xC0,0x07,0xF8,0x07,0xF8,0x00,0xFF,0x80,0x0F,
  0xF0,0x0F,0xF0,0x01,0xFF,0x00,0x1F,0xE0,0x1F,0xE0,0x03,0xFE,0x00,0x3F,0xC0,0x3F,0xC0,0x07,0xFC,0x00,0x7F,0x80,0x7F,0x80,
  0x0F,0xF8,0x00,0xFF,0x00,0xFF,0x00,0x1F,0xF0,0x01,0xFE,0x01,0xFE,0x00,0x3F,0xE0,0x03,0xFC,0x03,0xFC,0x00,0x7F,0xC0,0x07,
  0xF8,0x07,0xF8,0x00,0xFF,0x80,0x0F,0xF0,0x0F,0xF0,0x01,0xFF,0x00,0x1F,0xE0,0x1F,0xE0,0x03,0xFE,0x00,0x3F,0xC0,0x3F,0xC0,
  0x07,0xFC,0x00,0x7F,0x80,0x7F,0x80,0x0F,0xF8,0x00,0xFF,0x00,0xFF,0x00,0x1F,0xF0,0x01,0xFE,0x01,0xFE,0x00,0x3F,0xE0,0x03,
  0xFC,0x03,0xFC,0x00,0x7F,0xC0,0x07,0xF8,0x07,0xFF,0xFF,0xFF,0xFF,0xFF,0xF8,0xFF,0xFF,0xFF,0xFF,0xFF,0xFF,0xFF,0xFF,0xFF,
  0xFF,0xFF,0xFF,0xFF,0xFC,0xFF,0xFF,0x1F,0xFF,0xE3,0xFF,0xFF,0xFF,0xFE,0x3F,0xFF,0xC7,0xFF,0xFC,0x7F,0xE0,0x07,0xFC,0x00,
  0xFF,0x80,0x7F,0x80,0x0F,0xF0,0x01,0xFE,0x00,0xFF,0x00,0x1F,0xE0,0x03,0xFC,0x01,0xFE,0x00,0x3F,0xC0,0x07,0xF8,0x03,0xFC,
  0x00,0x7F,0x80,0x0F,0xF0,0x07,0xF8,0x00,0xFF,0x00,0x1F,0xE0,0x0F,0xF0,0x01,0xFE,0x00,0x3F,0xC0,0x1F,0xE0,0x03,0xFC,0x00,
  0x7F,0x80,0x3F,0xC0,0x07,0xF8,0x00,0xFF,0x00,0x7F,0x80,0x0F,0xF0,0x01,0xFE,0x00,0xFF,0x00,0x1F,0xE0,0x03,0xFC,0x01,0xFE,
  0x00,0x3F,0xC0,0x07,0xF8,0x03,0xFC,0x00,0x7F,0x80,0x0F,0xF0,0x07,0xF8,0x00,0xFF,0x00,0x1F,0xE0,0x0F,0xF0,0x01,0xFE,0x00,
  0x3F,0xC0,0x1F,0xE0,0x03,0xFC,0x00,0x7F,0x80,0x3F,0xC0,0x07,0xF8,0x00,0xFF,0x00,0x7F,0x80,0x0F,0xF0,0x01,0xFE,0x00,0xFF,
  0x00,0x1F,0xE0,0x03,0xFC,0x01,0xFE,0x00,0x3F,0xC0,0x07,0xF8,0x03,0xFC,0x00,0x7F,0x80,0x0F,0xF0,0x07,0xF8,0x00,0xFF,0x00,
  0x1F,0xE0,0x0F,0xF0,0x01,0xFE,0x00,0x3F,0xC0,0x1F,0xE0,0x03,0xFC,0x00,0x7F,0x80,0x3F,0xC0,0x07,0xF8,0x00,0xFF,0x00,0x7F,
  0x80,0x0F,0xF0,0x01,0xFE,0x00,0xFF,0x00,0x1F,0xE0,0x03,0xFC,0x01,0xFE,0x00,0x3F,0xC0,0x07,0xF8,0x03,0xFC,0x00,0x7F,0x80,
  0x0F,0xF0,0x07,0xFF,0xFF,0xFF,0xFF,0xFF,0xF0,0xFF,0xFF,0xFF,0xFF,0xFF,0xFF,0xFF,0xFF,0xFF,0xFF,0xFF,0xFF,0xFF,0xFC,0x00,
  0x00,0x00,0x00,0x00,0x03,0xF8,0x00,0x00,0x00,0x00,0x00,0x07,0xF0,0x00,0x00,0x00,0x00,0x00,0x07,0xE0,0x00,0x00,0x00,0x00,
  0x00,0x0F,0xC0,0x00,0x00,0x00,0x00,0x00,0x1F,0x80,0x00,0x00,0x00,0x00,0x00,0x1F,0x00,0x00,0x00,0x00,0x00,0x00,0x3E,0x00,
  0x00,0x00,0x00,0x00,0x00,0x7C,0x00,0x00,0x00,0x00,0x00,0x00,0x78,0x00,0x00,0x00,0x00,0x00,0x00,0xF0,0x00,0x00,0x00,0x00,
  0x00,0x01,0xE0,0xFF,0xFF,0xFF,0x80,0x0F,0xFF,0xFF,0xF8,0x00,0xFF,0xFF,0xF0,0x00,0x0E,0x01,0xFE,0x00,0x00,0xE0,0x1F,0xE0,
  0x00,0x0E,0x01,0xFE,0x00,0x00,0xE0,0x1F,0xE0,0x00,0x0E,0x01,0xFE,0x00,0x00,0x00,0x1F,0xE0,0x00,0x00,0x01,0xFE,0x00,0x00,
  0x00,0x1F,0xE0,0x00,0x00,0x01,0xFE,0x00,0x00,0x00,0x1F,0xE0,0x00,0x00,0x01,0xFE,0x00,0x00,0x00,0x1F,0xE0,0x00,0x00,0x01,
  0xFF,0xFF,0x00,0x00,0x1F,0xFF,0xFE,0x00,0x01,0xFF,0xFF,0xF8,0x00,0x1F,0xE0,0xFF,0xC0,0x01,0xFE,0x03,0xFE,0x00,0x1F,0xE0,
  0x1F,0xF0,0x01,0xFE,0x01,0xFF,0x00,0x1F,0xE0,0x0F,0xF0,0x01,0xFE,0x00,0xFF,0x00,0x1F,0xE0,0x0F,0xF0,0x01,0xFE,0x00,0xFF,
  0x00,0x1F,0xE0,0x0F,0xF0,0x01,0xFE,0x01,0xFF,0x00,0x1F,0xE0,0x1F,0xF0,0x01,0xFE,0x03,0xFE,0x00,0x1F,0xE0,0x7F,0xC0,0x01,
  0xFF,0xFF,0xF8,0x01,0xFF,0xFF,0xFE,0x00,0x1F,0xFF,0xFF,0x00,0xFF,0xFF,0xC0,0x00,0xFF,0xFF,0xFF,0xFF,0xE0,0x00,0x7F,0xFF,
  0xC7,0xFE,0x00,0x00,0x03,0xFF,0x01,0xFE,0x00,0x00,0x00,0xFF,0x00,0xFF,0x00,0x00,0x00,0x7F,0x80,0x7F,0x80,0x00,0x00,0x3F,
  0xC0,0x3F,0xC0,0x00,0x00,0x1F,0xE0,0x1F,0xE0,0x00,0x00,0x0F,0xF0,0x0F,0xF0,0x00,0x00,0x07,0xF8,0x07,0xF8,0x00,0x00,0x03,
  0xFC,0x03,0xFC,0x00,0x00,0x01,0xFE,0x01,0xFE,0x00,0x00,0x00,0xFF,0x00,0xFF,0x00,0x00,0x00,0x7F,0x80,0x7F,0x80,0x00,0x00,
  0x3F,0xC0,0x3F,0xC0,0x00,0x00,0x1F,0xE0,0x1F,0xFF,0xF8,0x00,0x0F,0xF0,0x0F,0xFF,0xFF,0x80,0x07,0xF8,0x07,0xFF,0xFF,0xF0,
  0x03,0xFC,0x03,0xFC,0x07,0xFC,0x01,0xFE,0x01,0xFE,0x01,0xFF,0x00,0xFF,0x00,0xFF,0x00,0x7F,0xC0,0x7F,0x80,0x7F,0x80,0x3F,
  0xE0,0x3F,0xC0,0x3F,0xC0,0x0F,0xF0,0x1F,0xE0,0x1F,0xE0,0x07,0xF8,0x0F,0xF0,0x0F,0xF0,0x03,0xFC,0x07,0xF8,0x07,0xF8,0x01,
  0xFE,0x03,0xFC,0x03,0xFC,0x00,0xFF,0x01,0xFE,0x01,0xFE,0x00,0x7F,0x80,0xFF,0x00,0xFF,0x00,0x7F,0xC0,0x7F,0x80,0x7F,0x80,
  0x7F,0xC0,0x3F,0xC0,0x3F,0xC0,0x7F,0xC0,0x1F,0xE0,0x1F,0xFF,0xFF,0xC0,0x1F,0xF8,0xFF,0xFF,0xFF,0x80,0xFF,0xFF,0xFF,0xFF,
  0xFE,0x00,0x7F,0xFF,0xC0,0xFF,0xFF,0xC0,0x01,0xFF,0xFF,0x80,0x00,0x7F,0xE0,0x00,0x00,0x7F,0x80,0x00,0x00,0xFF,0x00,0x00,
  0x01,0xFE,0x00,0x00,0x03,0xFC,0x00,0x00,0x07,0xF8,0x00,0x00,0x0F,0xF0,0x00,0x00,0x1F,0xE0,0x00,0x00,0x3F,0xC0,0x00,0x00,
  0x7F,0x80,0x00,0x00,0xFF,0x00,0x00,0x01,0xFE,0x00,0x00,0x03,0xFC,0x00,0x00,0x07,0xFF,0xFF,0x00,0x0F,0xFF,0xFF,0xC0,0x1F,
  0xFF,0xFF,0xE0,0x3F,0xC0,0x7F,0xE0,0x7F,0x80,0x3F,0xE0,0xFF,0x00,0x7F,0xC1,0xFE,0x00,0x7F,0xC3,0xFC,0x00,0xFF,0x87,0xF8,
  0x01,0xFF,0x0F,0xF0,0x01,0xFE,0x1F,0xE0,0x07,0xFC,0x3F,0xC0,0x0F,0xF8,0x7F,0x80,0x1F,0xF0,0xFF,0x00,0x3F,0xC1,0xFE,0x00,
  0xFF,0x83,0xFC,0x03,0xFE,0x07,0xFF,0xFF,0xF8,0xFF,0xFF,0xFF,0xC1,0xFF,0xFF,0xFC,0x00,0x03,0xFF,0xC0,0x03,0xFF,0xFF,0xC0,
  0x1F,0xFF,0xFF,0x00,0xF8,0x03,0xFE,0x07,0x00,0x0F,0xF8,0x38,0x00,0x3F,0xE1,0x80,0x00,0xFF,0x0C,0x00,0x03,0xFC,0x60,0x00,
  0x1F,0xE3,0x00,0x00,0xFF,0x80,0x00,0x03,0xFC,0x00,0x00,0x1F,0xE0,0x00,0x00,0xFF,0x00,0x00,0x07,0xFC,0x00,0x00,0x3F,0xE0,
  0x00,0x01,0xFF,0x00,0xFF,0xFF,0xF8,0x07,0xFF,0xFF,0xC0,0x3F,0xFF,0xFE,0x00,0x00,0x1F,0xF0,0x00,0x00,0xFF,0x80,0x00,0x07,
  0xFC,0x00,0x00,0x3F,0xE0,0x00,0x01,0xFE,0x00,0x00,0x0F,0xF6,0x00,0x00,0x7F,0xB0,0x00,0x07,0xFD,0x80,0x00,0x3F,0xCC,0x00,
  0x03,0xFE,0x70,0x00,0x1F,0xE3,0x80,0x01,0xFE,0x1E,0x00,0x1F,0xE0,0xFC,0x03,0xFE,0x07,0xFF,0xFF,0xE0,0x1F,0xFF,0xFC,0x00,
  0x07,0xFF,0x00,0x00,0x00,0x00,0x00,0x00,0x7F,0xF0,0x01,0xFF,0xFF,0x00,0x07,0xFF,0xFC,0x03,0xFF,0xFE,0x00,0x3F,0xFF,0xFC,
  0x00,0xFF,0xC0,0x00,0xFF,0x01,0xFE,0x00,0xFF,0x00,0x03,0xF8,0x01,0xFE,0x01,0xFE,0x00,0x0F,0xF0,0x01,0xFE,0x03,0xFC,0x00,
  0x3F,0xC0,0x01,0xFC,0x07,0xF8,0x00,0x7F,0x00,0x03,0xFC,0x0F,0xF0,0x01,0xFE,0x00,0x03,0xF8,0x1F,0xE0,0x03,0xFC,0x00,0x07,
  0xF8,0x3F,0xC0,0x07,0xF8,0x00,0x0F,0xF0,0x7F,0x80,0x1F,0xF0,0x00,0x1F,0xE0,0xFF,0x00,0x3F,0xC0,0x00,0x3F,0xE1,0xFE,0x00,
  0x7F,0x80,0x00,0x7F,0xC3,0xFC,0x00,0xFF,0x00,0x00,0xFF,0x87,0xF8,0x01,0xFE,0x00,0x01,0xFF,0x0F,0xFF,0xFF,0xFC,0x00,0x03,
  0xFE,0x1F,0xFF,0xFF,0xF8,0x00,0x03,0xFC,0x3F,0xFF,0xFF,0xF0,0x00,0x0F,0xF8,0x7F,0x80,0x1F,0xE0,0x00,0x1F,0xF0,0xFF,0x00,
  0x3F,0xC0,0x00,0x3F,0xE1,0xFE,0x00,0x7F,0x80,0x00,0x7F,0xC3,0xFC,0x00,0xFF,0x00,0x00,0xFF,0x87,0xF8,0x01,0xFE,0x00,0x01,
  0xFF,0x0F,0xF0,0x03,0xFE,0x00,0x03,0xFC,0x1F,0xE0,0x03,0xFC,0x00,0x07,0xF8,0x3F,0xC0,0x07,0xF8,0x00,0x0F,0xF0,0x7F,0x80,
  0x0F,0xF0,0x00,0x3F,0xC0,0xFF,0x00,0x0F,0xF0,0x00,0x7F,0x81,0xFE,0x00,0x1F,0xE0,0x00,0xFE,0x03,0xFC,0x00,0x1F,0xE0,0x03,
  0xFC,0x07,0xF8,0x00,0x1F,0xC0,0x0F,0xF0,0x1F,0xF8,0x00,0x1F,0xE0,0x3F,0xC1,0xFF,0xFF,0x00,0x1F,0xFF,0xFE,0x03,0xFF,0xFE,
  0x00,0x0F,0xFF,0xF8,0x00,0x00,0x00,0x00,0x03,0xFF,0x80,0x00,0x00,0x07,0xFF,0xFF,0xF8,0x01,0xFF,0xFF,0xFF,0xC0,0x3F,0xFF,
  0xFF,0xE0,0x03,0xFE,0x01,0xFE,0x00,0x3F,0xE0,0x0F,0xF0,0x01,0xFE,0x00,0x7F,0x80,0x1F,0xE0,0x03,0xFC,0x00,0xFF,0x00,0x1F,
  0xE0,0x07,0xF8,0x00,0xFF,0x00,0x3F,0xC0,0x07,0xF8,0x01,0xFE,0x00,0x3F,0xC0,0x0F,0xF0,0x01,0xFE,0x00,0x7F,0x80,0x0F,0xF0,
  0x03,0xFC,0x00,0x7F,0x80,0x0F,0xF0,0x03,0xFC,0x00,0x7F,0xC0,0x1F,0xE0,0x01,0xFF,0x80,0xFF,0x00,0x07,0xFF,0xFF,0xF8,0x00,
  0x0F,0xFF,0xFF,0xC0,0x00,0x3F,0xFF,0xFE,0x00,0x03,0xFC,0x0F,0xF0,0x00,0x3F,0xE0,0x7F,0x80,0x01,0xFE,0x03,0xFC,0x00,0x1F,
  0xF0,0x1F,0xE0,0x00,0xFF,0x00,0xFF,0x00,0x0F,0xF8,0x07,0xF8,0x00,0x7F,0x80,0x3F,0xC0,0x07,0xFC,0x01,0xFE,0x00,0x7F,0xC0,
  0x0F,0xF0,0x03,0xFE,0x00,0x7F,0x80,0x3F,0xE0,0x03,0xFC,0x03,0xFF,0x00,0x1F,0xF0,0xFF,0xF0,0x0F,0xFF,0xF7,0xFF,0x00,0x7F,
  0xFF,0x80,0x07,0xFF,0x00,0x7F,0xFF,0x80,0xFE,0x7F,0x81,0xE0,0x7F,0x83,0x80,0x7F,0x87,0x00,0xFF,0x0C,0x01,0xFE,0x00,0x03,
  0xFC,0x00,0x07,0xF8,0x00,0x0F,0xF0,0x00,0x1F,0xE0,0x3F,0xFF,0xC1,0xFF,0xFF,0x87,0xFC,0xFF,0x1F,0xC1,0xFE,0x7F,0x83,0xFC,
  0xFE,0x07,0xF9,0xFC,0x0F,0xF3,0xF8,0x1F,0xE7,0xF0,0x3F,0xCF,0xE0,0x7F,0x9F,0xE0,0xFF,0x3F,0xE3,0xFE,0x3F,0xFF,0xFF,0x3F,
  0xFB,0xFE,0x1F,0x80,0x00,0x00,0x00,0x1C,0x00,0x00,0xE0,0x01,0xFF,0x80,0x3F,0xFE,0x03,0xFF,0xF8,0x1F,0xFF,0xC0,0xFF,0xFE,
  0x07,0xFF,0xC0,0x3F,0xE0,0x00,0xF8,0x00,0x03,0x80,0x00,0x1E,0x00,0x00,0x70,0xFE,0x01,0xCF,0xFE,0x07,0x7F,0xFE,0x3F,0xE1,
  0xFC,0xFF,0x03,0xF3,0xFC,0x0F,0xEF,0xF0,0x3F,0xBF,0xC0,0xFF,0xFF,0x03,0xFF,0xFC,0x0F,0xFF,0xF0,0x1F,0xFF,0xC0,0x7F,0xFF,
  0x01,0xFF,0xFC,0x07,0xFF,0xF0,0x1F,0xFF,0xC0,0x7F,0xFF,0x03,0xFD,0xFC,0x0F,0xF7,0xF0,0x3F,0x9F,0xC0,0xFE,0x3F,0x03,0xF8,
  0xFC,0x0F,0xC1,0xF8,0x7E,0x03,0xFF,0xF8,0x07,0xFF,0x80,0x07,0xF8,0x00,0xFF,0xFF,0xE0,0x7F,0xFF,0xFE,0x07,0xF0,0xFF,0x83,
  0xF8,0x1F,0xC1,0xFC,0x0F,0xF0,0xFE,0x07,0xF8,0x7F,0x03,0xFC,0x3F,0x81,0xFE,0x1F,0xC0,0xFE,0x0F,0xE0,0xFE,0x07,0xFF,0xFC,
  0x03,0xFF,0xFF,0x01,0xFC,0x1F,0xE0,0xFE,0x03,0xF8,0x7F,0x00,0xFE,0x3F,0x80,0x7F,0x1F,0xC0,0x3F,0x8F,0xE0,0x1F,0xC7,0xF0,
  0x0F,0xE3,0xF8,0x0F,0xF1,0xFC,0x07,0xF8,0xFE,0x1F,0xFB,0xFF,0xFF,0xF1,0xFF,0xFF,0xE0,0xFF,0xFF,0xFF,0xFF,0xFF,0xC7,0xFF,
  0xFE,0x3F,0x80,0x71,0xFC,0x01,0x8F,0xE0,0x0C,0x7F,0x00,0x63,0xF8,0x03,0x1F,0xC0,0x00,0xFE,0x00,0x07,0xF0,0x00,0x3F,0x80,
  0x01,0xFC,0x00,0x0F,0xE0,0x00,0x7F,0x00,0x03,0xF8,0x00,0x1F,0xC0,0x00,0xFE,0x00,0x07,0xF0,0x00,0x3F,0x80,0x01,0xFC,0x00,
  0x0F,0xE0,0x03,0xFF,0xF0,0x1F,0xFF,0x80,0x0F,0xFF,0xFF,0x07,0xFF,0xFF,0x80,0x70,0xFF,0x00,0x38,0x7F,0x80,0x1C,0x3F,0xC0,
  0x0C,0x1F,0xE0,0x0E,0x0F,0xF0,0x07,0x07,0xF8,0x03,0x83,0xFC,0x01,0xC1,0xFE,0x00,0xE0,0xFF,0x00,0x70,0x7F,0x80,0x70,0x3F,
  0xC0,0x38,0x1F,0xE0,0x1C,0x0F,0xF0,0x0E,0x07,0xF8,0x0F,0x03,0xFC,0x07,0x01,0xFE,0x03,0x80,0xFF,0x03,0xC0,0x7F,0x81,0xC0,
  0x3F,0xC1,0xFF,0xFF,0xE3,0xFF,0xFF,0xFF,0xFF,0xFF,0xFF,0xFC,0x00,0x3F,0xFE,0x00,0x0F,0xFE,0x00,0x07,0xFF,0x00,0x03,0xFF,
  0x80,0x00,0xFF,0x80,0x00,0x7F,0xC0,0x00,0x1D,0xC0,0x00,0x0E,0xE0,0x00,0x07,0x00,0x01,0xFC,0x00,0xFF,0xF0,0x1F,0xFF,0xC3,
  0xF8,0xFC,0x3F,0x0F,0xE7,0xF0,0x7E,0x7F,0x07,0xEF,0xE0,0x7F,0xFE,0x07,0xFF,0xE0,0x7F,0xFF,0xFF,0xFF,0xFF,0xFF,0xFF,0xFF,
  0xFF,0xE0,0x00,0xFE,0x00,0x0F,0xE0,0x00,0xFE,0x00,0x0F,0xF0,0x00,0xFF,0x00,0x07,0xF0,0x00,0x7F,0x80,0x03,0xF8,0x00,0x3F,
  0xE0,0x61,0xFF,0xFE,0x07,0xFF,0xC0,0x1F,0xF0,0x7F,0x83,0xFF,0x07,0xF1,0xFE,0x0F,0xFC,0x1F,0xC0,0xF0,0x1F,0xC0,0x3C,0x01,
  0xC0,0x3F,0x01,0xE0,0x03,0x80,0xFC,0x0F,0x00,0x07,0x03,0xF0,0x78,0x00,0x1E,0x0F,0xC1,0xC0,0x00,0x3C,0x3F,0x0E,0x00,0x00,
  0x78,0xFC,0x78,0x00,0x01,0xF3,0xF3,0xE0,0x00,0x0F,0xEF,0xDF,0xC0,0x00,0x3F,0xFF,0xFF,0x00,0x01,0xFF,0xFF,0xFE,0x00,0x0F,
  0xE7,0xF9,0xF8,0x00,0x3F,0x0F,0xC7,0xF0,0x01,0xFC,0x3F,0x0F,0xC0,0x07,0xE0,0xFC,0x3F,0x80,0x3F,0x83,0xF0,0x7E,0x00,0xFE,
  0x0F,0xC1,0xFC,0x07,0xF0,0x3F,0x03,0xF0,0x1F,0xC0,0xFC,0x0F,0xE0,0xFE,0x03,0xF0,0x1F,0x8F,0xF8,0x3F,0xF0,0x7F,0xBF,0xC0,
  0xFF,0xC0,0xFF,0x3F,0xF8,0x0F,0xFF,0xE1,0xFF,0xFE,0x38,0x1F,0xE6,0x03,0xFC,0xC0,0x3F,0x98,0x07,0xF0,0x00,0xFE,0x00,0x1F,
  0xC0,0x07,0xF0,0x01,0xFC,0x03,0xFE,0x00,0x7F,0xE0,0x0F,0xFE,0x00,0x0F,0xE0,0x00,0xFE,0x00,0x1F,0xC0,0x03,0xFC,0x00,0x7F,
  0x80,0x0F,0xF0,0x01,0xFC,0x00,0x7F,0xB0,0x3F,0xE7,0xFF,0xF8,0xFF,0xFE,0x03,0xFE,0x00,0xFF,0xF0,0xFF,0xFF,0xFF,0x0F,0xFF,
  0x1F,0xC0,0x3F,0x81,0xFC,0x03,0xF8,0x1F,0xC0,0x3F,0x81,0xFC,0x07,0xF8,0x1F,0xC0,0x7F,0x81,0xFC,0x0F,0xF8,0x1F,0xC1,0xFF,
  0x81,0xFC,0x3F,0xF8,0x1F,0xC3,0xBF,0x81,0xFC,0x73,0xF8,0x1F,0xCE,0x3F,0x81,0xFD,0xC3,0xF8,0x1F,0xFC,0x3F,0x81,0xFF,0x83,
  0xF8,0x1F,0xF0,0x3F,0x81,0xFE,0x03,0xF8,0x1F,0xE0,0x3F,0x81,0xFC,0x03,0xF8,0x1F,0xC0,0x3F,0x81,0xFC,0x03,0xF8,0xFF,0xF0,
  0xFF,0xFF,0xFF,0x0F,0xFF,0x0F,0xC0,0x3F,0x00,0xFC,0x03,0xF0,0x07,0xC0,0x3E,0x00,0x7E,0x07,0xE0,0x03,0xF9,0xFC,0x00,0x1F,
  0xFF,0x80,0x00,0x3F,0xE0,0x00,0x00,0x00,0x00,0x00,0x00,0x00,0x00,0x00,0x00,0x00,0x00,0x00,0x00,0x00,0x00,0x00,0x00,0xFF,
  0xF0,0xFF,0xFF,0xFF,0x0F,0xFF,0x1F,0xC0,0x3F,0x81,0xFC,0x03,0xF8,0x1F,0xC0,0x3F,0x81,0xFC,0x07,0xF8,0x1F,0xC0,0x7F,0x81,
  0xFC,0x0F,0xF8,0x1F,0xC1,0xFF,0x81,0xFC,0x3F,0xF8,0x1F,0xC3,0xBF,0x81,0xFC,0x73,0xF8,0x1F,0xCE,0x3F,0x81,0xFD,0xC3,0xF8,
  0x1F,0xFC,0x3F,0x81,0xFF,0x83,0xF8,0x1F,0xF0,0x3F,0x81,0xFE,0x03,0xF8,0x1F,0xE0,0x3F,0x81,0xFC,0x03,0xF8,0x1F,0xC0,0x3F,
  0x81,0xFC,0x03,0xF8,0xFF,0xF0,0xFF,0xFF,0xFF,0x0F,0xFF,0xFF,0xF0,0x3F,0xE7,0xFF,0x81,0xFF,0x0F,0xF0,0x03,0xC0,0x7F,0x80,
  0x3C,0x03,0xFC,0x03,0xC0,0x1F,0xE0,0x3C,0x00,0xFF,0x03,0xC0,0x07,0xF8,0x3C,0x00,0x3F,0xC3,0xC0,0x01,0xFE,0x3E,0x00,0x0F,
  0xF3,0xF8,0x00,0x7F,0xFF,0xE0,0x03,0xFF,0xFF,0x00,0x1F,0xFB,0xFC,0x00,0xFF,0x0F,0xF0,0x07,0xF8,0x7F,0x80,0x3F,0xC1,0xFE,
  0x01,0xFE,0x07,0xF8,0x0F,0xF0,0x3F,0xC0,0x7F,0x80,0xFF,0x03,0xFC,0x03,0xFC,0x1F,0xE0,0x1F,0xF3,0xFF,0xC3,0xFF,0xFF,0xFE,
  0x1F,0xFF,0x03,0xFF,0xFF,0xE0,0x7F,0xFF,0xFC,0x03,0xFF,0xFE,0x00,0x78,0x3F,0x80,0x0E,0x07,0xF0,0x01,0xC0,0xFE,0x00,0x38,
  0x1F,0xC0,0x07,0x03,0xF8,0x00,0xE0,0x7F,0x00,0x1C,0x0F,0xE0,0x07,0x01,0xFC,0x00,0xE0,0x3F,0x80,0x1C,0x07,0xF0,0x03,0x80,
  0xFE,0x00,0x70,0x1F,0xC0,0x1E,0x03,0xF8,0x03,0x80,0x7F,0x00,0x70,0x0F,0xE0,0x0E,0x01,0xFC,0x63,0xC0,0x3F,0x8C,0x70,0x07,
  0xF1,0xDE,0x00,0xFF,0x3F,0x80,0x7F,0xFF,0xE0,0x0F,0xFF,0xF8,0x00,0x00,0x00,0xFF,0xC0,0x03,0xFF,0xFF,0xF0,0x01,0xFF,0xC7,
  0xF8,0x00,0xFF,0x83,0xFC,0x00,0xFF,0xC1,0xFF,0x00,0x7F,0xE0,0xFF,0x80,0x7F,0xF0,0x7F,0xE0,0x3F,0xF8,0x3B,0xF0,0x3B,0xFC,
  0x1D,0xFC,0x1D,0xFE,0x0E,0x7E,0x1C,0xFF,0x07,0x3F,0x0E,0x7F,0x83,0x8F,0xC7,0x3F,0xC1,0xC7,0xE7,0x1F,0xE0,0xE3,0xFB,0x8F,
  0xF0,0x70,0xFF,0x87,0xF8,0x38,0x7F,0xC3,0xFC,0x1C,0x1F,0xC1,0xFE,0x0E,0x0F,0xE0,0xFF,0x07,0x07,0xF0,0x7F,0x83,0x81,0xF0,
  0x3F,0xC1,0xC0,0xF8,0x1F,0xE0,0xE0,0x38,0x0F,0xF3,0xFC,0x1C,0x1F,0xFF,0xFE,0x04,0x0F,0xFF,0xFF,0xF9,0xFF,0xFF,0xFF,0x1F,
  0xFF,0x1F,0xC0,0x3F,0x81,0xFC,0x03,0xF8,0x1F,0xC0,0x3F,0x81,0xFC,0x03,0xF8,0x1F,0xC0,0x3F,0x81,0xFC,0x03,0xF8,0x1F,0xC0,
  0x3F,0x81,0xFC,0x03,0xF8,0x1F,0xFF,0xFF,0x81,0xFF,0xFF,0xF8,0x1F,0xFF,0xFF,0x81,0xFC,0x03,0xF8,0x1F,0xC0,0x3F,0x81,0xFC,
  0x03,0xF8,0x1F,0xC0,0x3F,0x81,0xFC,0x03,0xF8,0x1F,0xC0,0x3F,0x81,0xFC,0x03,0xF8,0x1F,0xC0,0x3F,0x81,0xFC,0x03,0xF8,0xFF,
  0xF1,0xFF,0xFF,0xFF,0x9F,0xFF,0x01,0xFE,0x00,0x1F,0xFE,0x01,0xFF,0xFE,0x0F,0xE1,0xFC,0x3F,0x03,0xF1,0xFC,0x0F,0xE7,0xF0,
  0x3F,0x9F,0xC0,0xFE,0xFF,0x03,0xFF,0xFC,0x0F,0xFF,0xF0,0x3F,0xFF,0xC0,0xFF,0xFE,0x03,0xFF,0xFC,0x0F,0xFF,0xF0,0x3F,0xFF,
  0xC0,0xFF,0xFF,0x03,0xFF,0xFC,0x0F,0xF7,0xF0,0x3F,0x9F,0xC0,0xFE,0x7F,0x03,0xF8,0xFC,0x1F,0xC3,0xF8,0x7F,0x07,0xFF,0xF8,
  0x07,0xFF,0x80,0x07,0xF8,0x00,0xFF,0xFF,0xFF,0xFF,0xFF,0xFF,0xFF,0x1F,0xFF,0xFF,0x81,0xFC,0x03,0xF8,0x1F,0xC0,0x3F,0x81,
  0xFC,0x03,0xF8,0x1F,0xC0,0x3F,0x81,0xFC,0x03,0xF8,0x1F,0xC0,0x3F,0x81,0xFC,0x03,0xF8,0x1F,0xC0,0x3F,0x81,0xFC,0x03,0xF8,
  0x1F,0xC0,0x3F,0x81,0xFC,0x03,0xF8,0x1F,0xC0,0x3F,0x81,0xFC,0x03,0xF8,0x1F,0xC0,0x3F,0x81,0xFC,0x03,0xF8,0x1F,0xC0,0x3F,
  0x81,0xFC,0x03,0xF8,0x1F,0xC0,0x3F,0x81,0xFC,0x03,0xF8,0xFF,0xF1,0xFF,0xFF,0xFF,0x9F,0xFF,0x00,0x0F,0xF0,0x3F,0xFF,0xFF,
  0x0F,0xFF,0xFF,0xE0,0xFF,0x83,0xFC,0x3F,0xC0,0x7F,0x0F,0xF0,0x1F,0xE3,0xFC,0x03,0xF8,0xFF,0x00,0xFE,0x3F,0xC0,0x3F,0xCF,
  0xF0,0x0F,0xF3,0xFC,0x03,0xFC,0xFF,0x00,0xFF,0x3F,0xC0,0x3F,0xCF,0xF0,0x0F,0xF3,0xFC,0x03,0xFC,0xFF,0x00,0xFF,0x3F,0xC0,
  0x3F,0xCF,0xF0,0x0F,0xE3,0xFC,0x03,0xF8,0xFF,0x00,0xFE,0x3F,0xC0,0x7F,0x0F,0xF0,0x1F,0xC3,0xFC,0x0F,0xE0,0xFF,0xFF,0xF0,
  0x3F,0xFF,0xF8,0x0F,0xFF,0xF8,0x03,0xFC,0x00,0x00,0xFF,0x00,0x00,0x3F,0xC0,0x00,0x0F,0xF0,0x00,0x03,0xFC,0x00,0x00,0xFF,
  0x00,0x00,0x3F,0xC0,0x00,0x0F,0xF0,0x00,0x0F,0xFF,0x80,0x03,0xFF,0xE0,0x00,0x00,0xFF,0x80,0x7F,0xFE,0x0F,0xFF,0xE1,0xFC,
  0x0E,0x3F,0x80,0xE7,0xF8,0x06,0x7F,0x00,0x67,0xF0,0x06,0xFF,0x00,0x0F,0xE0,0x00,0xFE,0x00,0x0F,0xE0,0x00,0xFE,0x00,0x0F,
  0xE0,0x00,0xFE,0x00,0x0F,0xE0,0x00,0xFE,0x00,0x0F,0xF0,0x00,0xFF,0x00,0x07,0xF0,0x00,0x7F,0x80,0x03,0xFC,0x00,0x1F,0xF0,
  0x30,0xFF,0xFF,0x07,0xFF,0xE0,0x0F,0xF8,0xFF,0xFF,0xFF,0xFF,0xFF,0xFF,0xFF,0xFF,0xFF,0xE0,0xFE,0x07,0xC0,0xFE,0x07,0xC0,
  0xFE,0x07,0xC0,0xFE,0x03,0x00,0xFE,0x00,0x00,0xFE,0x00,0x00,0xFE,0x00,0x00,0xFE,0x00,0x00,0xFE,0x00,0x00,0xFE,0x00,0x00,
  0xFE,0x00,0x00,0xFE,0x00,0x00,0xFE,0x00,0x00,0xFE,0x00,0x00,0xFE,0x00,0x00,0xFE,0x00,0x00,0xFE,0x00,0x00,0xFE,0x00,0x00,
  0xFF,0x00,0x0F,0xFF,0xE0,0x0F,0xFF,0xE0,0xFF,0xF8,0x3F,0xDF,0xFE,0x0F,0xE3,0xFC,0x00,0xF0,0x7F,0x00,0x38,0x1F,0xE0,0x0E,
  0x07,0xF8,0x07,0x00,0xFF,0x01,0xC0,0x3F,0xC0,0xF0,0x07,0xF8,0x38,0x01,0xFE,0x0E,0x00,0x3F,0x87,0x00,0x0F,0xF1,0xC0,0x03,
  0xFC,0x70,0x00,0x7F,0xB8,0x00,0x1F,0xEE,0x00,0x03,0xFF,0x00,0x00,0xFF,0xC0,0x00,0x1F,0xF0,0x00,0x07,0xF8,0x00,0x01,0xFE,
  0x00,0x00,0x3F,0x00,0x00,0x0F,0xC0,0x00,0x01,0xF0,0x00,0x00,0x78,0x00,0x00,0x0E,0x00,0x00,0x07,0x00,0x00,0x01,0xC0,0x00,
  0x00,0xF0,0x00,0x60,0x38,0x00,0x18,0x1E,0x00,0x07,0x07,0x00,0x01,0xC3,0x80,0x00,0x7F,0xE0,0x00,0x1F,0xF0,0x00,0x07,0xF0,
  0x00,0x00,0x00,0x3F,0xF0,0x00,0x00,0x3F,0xF0,0x00,0x00,0x0F,0xF0,0x00,0x00,0x07,0xF0,0x00,0x00,0x07,0xF0,0x00,0x00,0x07,
  0xF0,0x00,0x00,0x07,0xF0,0x00,0x00,0x07,0xF0,0x00,0x00,0x07,0xF0,0x00,0x00,0x07,0xF0,0x00,0x00,0x07,0xE0,0x00,0x03,0xE7,
  0xE7,0xE0,0x0F,0xFF,0xFF,0xF8,0x1F,0xFF,0xFF,0xFC,0x3F,0x8F,0xF1,0xFC,0x7F,0x07,0xF0,0xFE,0x7F,0x07,0xF0,0xFE,0x7E,0x07,
  0xF0,0x7F,0xFE,0x07,0xF0,0x7F,0xFE,0x07,0xF0,0x7F,0xFE,0x07,0xF0,0x7F,0xFE,0x07,0xF0,0x7F,0xFE,0x07,0xF0,0x7F,0xFE,0x07,
  0xF0,0x7F,0xFE,0x07,0xF0,0x7F,0xFE,0x07,0xF0,0x7F,0xFE,0x07,0xF0,0x7F,0xFE,0x07,0xF0,0x7F,0xFE,0x07,0xF0,0x7F,0xFE,0x07,
  0xF0,0x7F,0xFE,0x07,0xF0,0x7E,0x7E,0x07,0xF0,0x7E,0x7F,0x07,0xF0,0xFE,0x7F,0x8F,0xF0,0xFC,0x3F,0xFF,0xFF,0xF8,0x1F,0xFF,
  0xFF,0xF0,0x07,0xC7,0xEF,0xC0,0x00,0x07,0xE0,0x00,0x00,0x07,0xE0,0x00,0x00,0x07,0xF0,0x00,0x00,0x07,0xF0,0x00,0x00,0x07,
  0xF0,0x00,0x00,0x07,0xF0,0x00,0x00,0x07,0xF0,0x00,0x00,0x0F,0xF0,0x00,0x00,0x3F,0xFC,0x00,0x00,0x3F,0xFC,0x00,0x7F,0xFC,
  0xFF,0x9F,0xFE,0x1F,0xE1,0xFE,0x01,0xC0,0x3F,0xC0,0xF0,0x0F,0xF0,0x78,0x01,0xFE,0x3C,0x00,0x3F,0xDE,0x00,0x0F,0xFF,0x00,
  0x01,0xFF,0x80,0x00,0x3F,0xC0,0x00,0x0F,0xF0,0x00,0x01,0xFE,0x00,0x00,0x3F,0x80,0x00,0x1F,0xF0,0x00,0x07,0xFE,0x00,0x03,
  0xFF,0x80,0x01,0xEF,0xF0,0x00,0xF1,0xFE,0x00,0x78,0x7F,0x80,0x3C,0x0F,0xF0,0x1E,0x01,0xFE,0x07,0x00,0x7F,0x8F,0xF0,0x7F,
  0xFF,0xFC,0x1F,0xFF,0xFF,0xF9,0xFF,0xFF,0xFF,0x1F,0xFF,0x1F,0xC0,0x3F,0x81,0xFC,0x03,0xF8,0x1F,0xC0,0x3F,0x81,0xFC,0x03,
  0xF8,0x1F,0xC0,0x3F,0x81,0xFC,0x03,0xF8,0x1F,0xC0,0x3F,0x81,0xFC,0x03,0xF8,0x1F,0xC0,0x3F,0x81,0xFC,0x03,0xF8,0x1F,0xC0,
  0x3F,0x81,0xFC,0x03,0xF8,0x1F,0xC0,0x3F,0x81,0xFC,0x03,0xF8,0x1F,0xC0,0x3F,0x81,0xFC,0x03,0xF8,0x1F,0xC0,0x3F,0x81,0xFC,
  0x03,0xF8,0x1F,0xC0,0x3F,0x81,0xFF,0xFF,0xF8,0xFF,0xFF,0xFF,0xFF,0xFF,0xFF,0xFF,0x00,0x00,0x03,0xF0,0x00,0x00,0x3F,0x00,
  0x00,0x03,0xF0,0x00,0x00,0x1F,0x00,0x00,0x01,0xF0,0x00,0x00,0x1F,0x00,0x00,0x00,0xF0,0x00,0x00,0x0F,0x00,0x00,0x00,0x70,
  0xFF,0xF1,0xFF,0xFF,0xFE,0x3F,0xFC,0xFF,0x01,0xFE,0x1F,0xE0,0x3F,0xC3,0xFC,0x07,0xF8,0x7F,0x80,0xFF,0x0F,0xF0,0x1F,0xE1,
  0xFE,0x03,0xFC,0x3F,0xC0,0x7F,0x87,0xF8,0x0F,0xF0,0xFF,0x01,0xFE,0x1F,0xE0,0x3F,0xC3,0xFC,0x07,0xF8,0x3F,0xFF,0xFF,0x07,
  0xFF,0xFF,0xE0,0x7F,0xFB,0xFC,0x03,0xF8,0x7F,0x80,0x00,0x0F,0xF0,0x00,0x01,0xFE,0x00,0x00,0x3F,0xC0,0x00,0x07,0xF8,0x00,
  0x00,0xFF,0x00,0x00,0x7F,0xF8,0x00,0x0F,0xFF,0xFF,0xF9,0xFF,0xE7,0xFF,0xFF,0xFC,0x7F,0xF9,0xFF,0xE1,0xFC,0x07,0xF8,0x0F,
  0xE0,0x7F,0x01,0xFE,0x03,0xF8,0x1F,0xC0,0x7F,0x80,0xFE,0x07,0xF0,0x1F,0xE0,0x3F,0x81,0xFC,0x07,0xF8,0x0F,0xE0,0x7F,0x01,
  0xFE,0x03,0xF8,0x1F,0xC0,0x7F,0x80,0xFE,0x07,0xF0,0x1F,0xE0,0x3F,0x81,0xFC,0x07,0xF8,0x0F,0xE0,0x7F,0x01,0xFE,0x03,0xF8,
  0x1F,0xC0,0x7F,0x80,0xFE,0x07,0xF0,0x1F,0xE0,0x3F,0x81,0xFC,0x07,0xF8,0x0F,0xE0,0x7F,0x01,0xFE,0x03,0xF8,0x1F,0xC0,0x7F,
  0x80,0xFE,0x07,0xF0,0x1F,0xE0,0x3F,0x81,0xFC,0x07,0xF8,0x0F,0xE0,0x7F,0x01,0xFE,0x03,0xF8,0x1F,0xC0,0x7F,0x80,0xFE,0x07,
  0xFF,0xFF,0xFF,0xFF,0x8F,0xFF,0xFF,0xFF,0xFF,0xFB,0xFF,0xFF,0xFF,0xFF,0xFF,0xFF,0xF9,0xFF,0xE7,0xFF,0xDF,0xFE,0x3F,0xFC,
  0xFF,0xF0,0x7F,0x01,0xFE,0x03,0xF8,0x0F,0xE0,0x3F,0xC0,0x7F,0x01,0xFC,0x07,0xF8,0x0F,0xE0,0x3F,0x80,0xFF,0x01,0xFC,0x07,
  0xF0,0x1F,0xE0,0x3F,0x80,0xFE,0x03,0xFC,0x07,0xF0,0x1F,0xC0,0x7F,0x80,0xFE,0x03,0xF8,0x0F,0xF0,0x1F,0xC0,0x7F,0x01,0xFE,
  0x03,0xF8,0x0F,0xE0,0x3F,0xC0,0x7F,0x01,0xFC,0x07,0xF8,0x0F,0xE0,0x3F,0x80,0xFF,0x01,0xFC,0x07,0xF0,0x1F,0xE0,0x3F,0x80,
  0xFE,0x03,0xFC,0x07,0xF0,0x1F,0xC0,0x7F,0x80,0xFE,0x03,0xF8,0x0F,0xF0,0x1F,0xC0,0x7F,0x01,0xFE,0x03,0xF8,0x0F,0xE0,0x3F,
  0xC0,0x7F,0x01,0xFC,0x07,0xF8,0x0F,0xE0,0x3F,0xFF,0xFF,0xFF,0xFC,0x3F,0xFF,0xFF,0xFF,0xFF,0xF7,0xFF,0xFF,0xFF,0xFF,0xFF,
  0x00,0x00,0x00,0x00,0x0F,0xE0,0x00,0x00,0x00,0x01,0xFC,0x00,0x00,0x00,0x00,0x1F,0x00,0x00,0x00,0x00,0x03,0xE0,0x00,0x00,
  0x00,0x00,0x3C,0x00,0x00,0x00,0x00,0x07,0x80,0x00,0x00,0x00,0x00,0xF0,0x00,0x00,0x00,0x00,0x0E,0x00,0x00,0x00,0x00,0x01,
  0xC0,0xFF,0xFF,0xE0,0x07,0xFF,0xFF,0x00,0x3F,0xFF,0xC0,0x01,0xC0,0xFE,0x00,0x0E,0x07,0xF0,0x00,0x70,0x3F,0x80,0x03,0x81,
  0xFC,0x00,0x00,0x0F,0xE0,0x00,0x00,0x7F,0x00,0x00,0x03,0xF8,0x00,0x00,0x1F,0xFF,0xC0,0x00,0xFF,0xFF,0x80,0x07,0xF3,0xFF,
  0x00,0x3F,0x87,0xF8,0x01,0xFC,0x1F,0xE0,0x0F,0xE0,0xFF,0x00,0x7F,0x03,0xF8,0x03,0xF8,0x1F,0xC0,0x1F,0xC1,0xFE,0x00,0xFE,
  0x0F,0xF0,0x07,0xF0,0x7F,0x00,0x7F,0x9F,0xF8,0x0F,0xFF,0xFF,0x00,0x7F,0xFF,0xE0,0xFF,0xF8,0x00,0x3F,0xFF,0xFF,0xE0,0x00,
  0xFF,0xF1,0xFC,0x00,0x00,0xFF,0x07,0xF0,0x00,0x03,0xFC,0x1F,0xC0,0x00,0x0F,0xF0,0x7F,0x00,0x00,0x3F,0xC1,0xFC,0x00,0x00,
  0xFF,0x07,0xF0,0x00,0x03,0xFC,0x1F,0xC0,0x00,0x0F,0xF0,0x7F,0x00,0x00,0x3F,0xC1,0xFF,0xFE,0x00,0xFF,0x07,0xFF,0xFF,0x03,
  0xFC,0x1F,0xC3,0xFE,0x0F,0xF0,0x7F,0x03,0xFC,0x3F,0xC1,0xFC,0x07,0xF0,0xFF,0x07,0xF0,0x1F,0xE3,0xFC,0x1F,0xC0,0x7F,0x8F,
  0xF0,0x7F,0x01,0xFE,0x3F,0xC1,0xFC,0x07,0xF8,0xFF,0x07,0xF0,0x1F,0xC3,0xFC,0x1F,0xC0,0xFF,0x0F,0xF0,0x7F,0x0F,0xF8,0x3F,
  0xCF,0xFF,0xFF,0xC3,0xFF,0xFF,0xFF,0xF8,0x0F,0xFF,0xFF,0xF8,0x00,0x7F,0xFC,0x00,0x07,0xF0,0x00,0x03,0xF8,0x00,0x01,0xFC,
  0x00,0x00,0xFE,0x00,0x00,0x7F,0x00,0x00,0x3F,0x80,0x00,0x1F,0xC0,0x00,0x0F,0xE0,0x00,0x07,0xFF,0xFC,0x03,0xFF,0xFF,0xC1,
  0xFC,0x1F,0xF0,0xFE,0x03,0xFC,0x7F,0x01,0xFE,0x3F,0x80,0x7F,0x1F,0xC0,0x3F,0x8F,0xE0,0x1F,0xC7,0xF0,0x0F,0xE3,0xF8,0x0F,
  0xF1,0xFC,0x07,0xF0,0xFE,0x1F,0xFB,0xFF,0xFF,0xF1,0xFF,0xFF,0xE0,0x1F,0xF0,0x07,0xFF,0xE0,0x7F,0xFF,0x07,0x03,0xF8,0x70,
  0x1F,0xC6,0x01,0xFC,0x60,0x0F,0xE6,0x00,0xFE,0x00,0x0F,0xE0,0x00,0xFE,0x00,0x0F,0xF0,0x7F,0xFF,0x07,0xFF,0xF0,0x7F,0xFF,
  0x00,0x0F,0xF0,0x00,0xFF,0x00,0x0F,0xE0,0x00,0xFE,0x00,0x1F,0xE0,0x01,0xFE,0x00,0x1F,0xC0,0x03,0xF8,0xE0,0xFF,0x8F,0xFF,
  0xF0,0x7F,0xFC,0x01,0xFF,0x00,0x00,0x00,0x03,0xFC,0x07,0xFF,0xC0,0xFF,0xF8,0x3F,0xFC,0x0F,0xFF,0xE0,0x3F,0x80,0xFE,0x1F,
  0x81,0xFC,0x0F,0xE0,0xFE,0x0F,0xE0,0x7F,0x03,0xF0,0x7F,0x03,0xF8,0x1F,0xC3,0xF8,0x3F,0x80,0xFE,0x1F,0xC1,0xFC,0x07,0xF0,
  0xFE,0x0F,0xE0,0x3F,0xC7,0xF0,0x7F,0x01,0xFE,0x3F,0xFF,0xF8,0x0F,0xF1,0xFF,0xFF,0xC0,0x7F,0x8F,0xFF,0xFE,0x03,0xFC,0x7F,
  0x07,0xF0,0x1F,0xE3,0xF8,0x3F,0x80,0xFF,0x1F,0xC1,0xFC,0x07,0xF8,0xFE,0x0F,0xE0,0x3F,0x87,0xF0,0x7F,0x01,0xFC,0x3F,0x81,
  0xFC,0x0F,0xE1,0xFC,0x0F,0xE0,0x7E,0x0F,0xE0,0x3F,0x07,0xF0,0x7F,0x01,0xFC,0x3F,0x1F,0xFE,0x07,0xFF,0xF0,0xFF,0xF8,0x1F,
  0xFF,0x00,0x00,0x00,0x1F,0xE0,0x00,0x00,0xFF,0xFF,0xE0,0xFF,0xFF,0xFC,0x3F,0xE1,0xFE,0x0F,0xF0,0x3F,0x81,0xFE,0x07,0xF0,
  0x3F,0x80,0xFE,0x07,0xF0,0x1F,0xC0,0xFE,0x03,0xF8,0x1F,0xC0,0x7F,0x03,0xFC,0x0F,0xE0,0x3F,0x81,0xFC,0x03,0xF8,0x3F,0x80,
  0x3F,0xFF,0xF0,0x03,0xFF,0xFE,0x00,0xFF,0x1F,0xC0,0x1F,0xC3,0xF8,0x07,0xF8,0x7F,0x00,0xFE,0x0F,0xE0,0x3F,0xC1,0xFC,0x07,
  0xF0,0x3F,0x81,0xFE,0x07,0xF0,0x3F,0x80,0xFF,0x1F,0xF0,0x7F,0xFF,0xFE,0x0F,0xFF,0x1F,0xE0,0x00,0xFE,0x00,0x07,0xF0,0x00,
  0x3F,0x80,0x00,0xF8,0x00,0x07,0xC0,0x00,0x3C,0x00,0x00,0xE0,0x00,0x00,0x00,0x00,0x00,0x00,0x00,0x00,0x00,0x00,0x01,0xFC,
  0x00,0xFF,0xF0,0x1F,0xFF,0xC3,0xF8,0xFC,0x3F,0x0F,0xE7,0xF0,0x7E,0x7F,0x07,0xEF,0xE0,0x7F,0xFE,0x07,0xFF,0xE0,0x7F,0xFF,
  0xFF,0xFF,0xFF,0xFF,0xFF,0xFF,0xFF,0xE0,0x00,0xFE,0x00,0x0F,0xE0,0x00,0xFE,0x00,0x0F,0xF0,0x00,0xFF,0x00,0x07,0xF0,0x00,
  0x7F,0x80,0x03,0xF8,0x00,0x3F,0xE0,0x61,0xFF,0xFE,0x07,0xFF,0xC0,0x1F,0xF0,0x0F,0x0F,0x01,0xF0,0xF8,0x1F,0x9F,0x81,0xF9,
  0xF8,0x1F,0x0F,0x80,0xE0,0x70,0x00,0x00,0x00,0x00,0x00,0x00,0x00,0x00,0x00,0x00,0x01,0xFC,0x00,0xFF,0xF0,0x1F,0xFF,0xC3,
  0xF8,0xFC,0x3F,0x0F,0xE7,0xF0,0x7E,0x7F,0x07,0xEF,0xE0,0x7F,0xFE,0x07,0xFF,0xE0,0x7F,0xFF,0xFF,0xFF,0xFF,0xFF,0xFF,0xFF,
  0xFF,0xE0,0x00,0xFE,0x00,0x0F,0xE0,0x00,0xFE,0x00,0x0F,0xF0,0x00,0xFF,0x00,0x07,0xF0,0x00,0x7F,0x80,0x03,0xF8,0x00,0x3F,
  0xE0,0x61,0xFF,0xFE,0x07,0xFF,0xC0,0x1F,0xF0,0x7F,0xE0,0x00,0x3F,0xF0,0x00,0x03,0xF8,0x00,0x01,0xFC,0x00,0x00,0xFE,0x00,
  0x07,0xFF,0xFE,0x03,0xFF,0xFF,0x01,0xFF,0xFF,0x00,0x0F,0xE0,0x00,0x07,0xF0,0x00,0x03,0xF8,0x00,0x01,0xFC,0x1F,0x00,0xFE,
  0x7F,0xE0,0x7F,0xFF,0xF8,0x3F,0xFF,0xFC,0x1F,0xC1,0xFE,0x0F,0xE0,0x7F,0x87,0xF0,0x3F,0xC3,0xF8,0x1F,0xE1,0xFC,0x0F,0xF0,
  0xFE,0x07,0xF8,0x7F,0x03,0xFC,0x3F,0x81,0xFE,0x1F,0xC0,0xFF,0x0F,0xE0,0x7F,0x87,0xF0,0x3F,0xC3,0xF8,0x1F,0xE1,0xFC,0x0F,
  0xF0,0xFE,0x07,0xF8,0x7F,0x03,0xFC,0x3F,0x81,0xFE,0x1F,0xC0,0xFF,0x0F,0xE0,0x7F,0x87,0xF0,0x3F,0xDF,0xFE,0x1F,0xEF,0xFF,
  0x0F,0xF0,0x00,0x07,0xF8,0x00,0x03,0xFC,0x00,0x01,0xFE,0x00,0x00,0xFE,0x00,0x00,0x7F,0x00,0x18,0x3F,0x80,0x0E,0x3F,0x80,
  0x07,0x1F,0xC0,0x03,0xFF,0xC0,0x01,0xFF,0xC0,0x00,0x7F,0x80,0x00,0x1F,0xE0,0x01,0xFE,0x00,0x0F,0xE0,0x00,0xFC,0x00,0x07,
  0xC0,0x00,0x7C,0x00,0x07,0x80,0x00,0x38,0x00,0x00,0x00,0x00,0x00,0x00,0x00,0x00,0x00,0x00,0x00,0x00,0x00,0x00,0x7F,0xFF,
  0xFF,0xFF,0xFF,0xE3,0xFF,0xFF,0x1F,0xC0,0x38,0xFE,0x00,0xC7,0xF0,0x06,0x3F,0x80,0x31,0xFC,0x01,0x8F,0xE0,0x00,0x7F,0x00,
  0x03,0xF8,0x00,0x1F,0xC0,0x00,0xFE,0x00,0x07,0xF0,0x00,0x3F,0x80,0x01,0xFC,0x00,0x0F,0xE0,0x00,0x7F,0x00,0x03,0xF8,0x00,
  0x1F,0xC0,0x00,0xFE,0x00,0x07,0xF0,0x01,0xFF,0xF8,0x0F,0xFF,0xC0,0x00,0x00,0xFF,0x80,0x7F,0xFE,0x0F,0xFF,0xE1,0xFC,0x0E,
  0x3F,0x80,0xE7,0xF8,0x06,0x7F,0x00,0x67,0xF0,0x06,0xFF,0x00,0x0F,0xE0,0x00,0xFE,0x00,0x0F,0xFF,0xE0,0xFF,0xFE,0x0F,0xFF,
  0xE0,0xFE,0x00,0x0F,0xE0,0x00,0xFF,0x00,0x0F,0xF0,0x00,0xFF,0x00,0x07,0xF0,0x00,0x7F,0x80,0x03,0xFC,0x00,0x1F,0xF0,0x30,
  0xFF,0xFF,0x07,0xFF,0xE0,0x0F,0xF8,0x07,0xFC,0x0F,0xFF,0x1F,0xDF,0x8F,0x01,0xCF,0x80,0x67,0xC0,0x33,0xE0,0x19,0xF8,0x00,
  0xFE,0x00,0x7F,0xE0,0x3F,0xFC,0x1F,0xFF,0x87,0xFF,0xE1,0xFF,0xF8,0x7F,0xFC,0x07,0xFF,0x00,0xFF,0x80,0x1F,0xE0,0x07,0xF8,
  0x01,0xFC,0x00,0xFE,0x00,0x7B,0xC0,0x7D,0xFC,0xFC,0xFF,0xFC,0x1F,0xF8,0x00,0x07,0x00,0xFC,0x07,0xF0,0x7F,0x83,0xFC,0x0F,
  0xE0,0x7E,0x01,0xE0,0x00,0x00,0x00,0x00,0x00,0x00,0x0F,0xFC,0x7F,0xE0,0x7F,0x03,0xF8,0x1F,0xC0,0xFE,0x07,0xF0,0x3F,0x81,
  0xFC,0x0F,0xE0,0x7F,0x03,0xF8,0x1F,0xC0,0xFE,0x07,0xF0,0x3F,0x81,0xFC,0x0F,0xE0,0x7F,0x03,0xF8,0x1F,0xC0,0xFE,0x3F,0xFF,
  0xFF,0xF0,0x78,0x39,0xF8,0xFB,0xF1,0xFF,0xE3,0xF7,0xC7,0xC7,0x07,0x00,0x00,0x00,0x00,0x00,0x00,0x00,0x00,0x00,0x03,0xFF,
  0x07,0xFE,0x01,0xFC,0x03,0xF8,0x07,0xF0,0x0F,0xE0,0x1F,0xC0,0x3F,0x80,0x7F,0x00,0xFE,0x01,0xFC,0x03,0xF8,0x07,0xF0,0x0F,
  0xE0,0x1F,0xC0,0x3F,0x80,0x7F,0x00,0xFE,0x01,0xFC,0x03,0xF8,0x07,0xF0,0x0F,0xE0,0xFF,0xF9,0xFF,0xF0,0x00,0x38,0x01,0xF8,
  0x03,0xF8,0x0F,0xF0,0x1F,0xE0,0x3F,0xC0,0x3F,0x00,0x3C,0x00,0x00,0x00,0x00,0x00,0x00,0x00,0x01,0xFF,0xE3,0xFF,0xC0,0x7F,
  0x80,0xFF,0x01,0xFE,0x03,0xFC,0x07,0xF8,0x0F,0xF0,0x1F,0xE0,0x3F,0xC0,0x7F,0x80,0xFF,0x01,0xFE,0x03,0xFC,0x07,0xF8,0x0F,
  0xF0,0x1F,0xE0,0x3F,0xC0,0x7F,0x80,0xFF,0x01,0xFE,0x03,0xFC,0x07,0xF8,0x0F,0xF0,0x1F,0xE0,0x3F,0xC0,0x7F,0x80,0xFF,0x01,
  0xFD,0xC3,0xFB,0x87,0xF7,0x1F,0xCF,0xFF,0x1F,0xFC,0x1F,0xE0,0x00,0x03,0xFF,0xFF,0xC0,0x00,0x0F,0xFF,0xFF,0x00,0x00,0x0F,
  0xFF,0xE0,0x00,0x00,0x3C,0x3F,0x80,0x00,0x00,0xE0,0xFE,0x00,0x00,0x03,0x83,0xF8,0x00,0x00,0x0E,0x0F,0xE0,0x00,0x00,0x38,
  0x3F,0x80,0x00,0x00,0xE0,0xFE,0x00,0x00,0x03,0x83,0xF8,0x00,0x00,0x1C,0x0F,0xFF,0xF8,0x00,0x70,0x3F,0xFF,0xFC,0x01,0xC0,
  0xFE,0x0F,0xF8,0x07,0x03,0xF8,0x0F,0xF0,0x1C,0x0F,0xE0,0x3F,0xC0,0xF0,0x3F,0x80,0x7F,0x03,0x80,0xFE,0x01,0xFC,0x0E,0x03,
  0xF8,0x07,0xF0,0x38,0x0F,0xE0,0x1F,0xF1,0xE0,0x3F,0x80,0xFF,0xC7,0x00,0xFE,0x03,0xFF,0xBC,0x03,0xF8,0x3F,0xEF,0xE0,0x7F,
  0xFF,0xFE,0x3F,0x01,0xFF,0xFF,0xE0,0xF8,0x00,0x00,0x00,0x00,0xFF,0xF9,0xFF,0xF0,0x01,0xFF,0xE3,0xFF,0xE0,0x00,0x7F,0x01,
  0xFE,0x00,0x00,0xFE,0x03,0xFC,0x00,0x01,0xFC,0x07,0xF8,0x00,0x03,0xF8,0x0F,0xF0,0x00,0x07,0xF0,0x1F,0xE0,0x00,0x0F,0xE0,
  0x3F,0xC0,0x00,0x1F,0xC0,0x7F,0x80,0x00,0x3F,0x80,0xFF,0x00,0x00,0x7F,0xFF,0xFF,0xFF,0x00,0xFF,0xFF,0xFF,0xFF,0xC1,0xFF,
  0xFF,0xF8,0x7F,0xC3,0xF8,0x0F,0xF0,0x3F,0xC7,0xF0,0x1F,0xE0,0x7F,0x8F,0xE0,0x3F,0xC0,0x7F,0x1F,0xC0,0x7F,0x80,0xFE,0x3F,
  0x80,0xFF,0x01,0xFC,0x7F,0x01,0xFE,0x03,0xF8,0xFE,0x03,0xFC,0x0F,0xF1,0xFC,0x07,0xF8,0x1F,0xE3,0xF8,0x0F,0xF0,0xFF,0xBF,
  0xFC,0x7F,0xFF,0xFE,0x7F,0xFC,0xFF,0xFF,0xE0,0x7F,0xE0,0x00,0x07,0xFE,0x00,0x00,0x0F,0xE0,0x00,0x00,0xFE,0x00,0x00,0x0F,
  0xE0,0x00,0x0F,0xFF,0xFC,0x00,0xFF,0xFF,0xC0,0x0F,0xFF,0xF8,0x00,0x0F,0xE0,0x00,0x00,0xFE,0x00,0x00,0x0F,0xE0,0x00,0x00,
  0xFE,0x0F,0xC0,0x0F,0xE7,0xFF,0x00,0xFF,0xFF,0xF8,0x0F,0xFF,0xFF,0x80,0xFE,0x07,0xF8,0x0F,0xE0,0x3F,0xC0,0xFE,0x03,0xFC,
  0x0F,0xE0,0x3F,0xC0,0xFE,0x03,0xFC,0x0F,0xE0,0x3F,0xC0,0xFE,0x03,0xFC,0x0F,0xE0,0x3F,0xC0,0xFE,0x03,0xFC,0x0F,0xE0,0x3F,
  0xC0,0xFE,0x03,0xFC,0x0F,0xE0,0x3F,0xC0,0xFE,0x03,0xFC,0x0F,0xE0,0x3F,0xC0,0xFE,0x03,0xFC,0x0F,0xE0,0x3F,0xC0,0xFE,0x03,
  0xFC,0x0F,0xE0,0x3F,0xC0,0xFE,0x03,0xFC,0x7F,0xF8,0xFF,0xF7,0xFF,0x8F,0xFF,0x00,0x01,0xFC,0x00,0x00,0x1F,0xE0,0x00,0x00,
  0xFC,0x00,0x00,0x0F,0xC0,0x00,0x00,0xFC,0x00,0x00,0x07,0x80,0x00,0x00,0x78,0x00,0x00,0x03,0x80,0x00,0x00,0x00,0x00,0x00,
  0x00,0x00,0x00,0x00,0x00,0x00,0x00,0x00,0x00,0x00,0x00,0x00,0x00,0x00,0x7F,0xF8,0x1F,0xF3,0xFF,0xC0,0xFF,0x87,0xF8,0x01,
  0xE0,0x3F,0xC0,0x1E,0x01,0xFE,0x01,0xE0,0x0F,0xF0,0x1E,0x00,0x7F,0x81,0xE0,0x03,0xFC,0x1E,0x00,0x1F,0xE1,0xE0,0x00,0xFF,
  0x1F,0x00,0x07,0xF9,0xFC,0x00,0x3F,0xFF,0xF0,0x01,0xFF,0xFF,0x80,0x0F,0xFD,0xFE,0x00,0x7F,0x87,0xF8,0x03,0xFC,0x3F,0xC0,
  0x1F,0xE0,0xFF,0x00,0xFF,0x03,0xFC,0x07,0xF8,0x1F,0xE0,0x3F,0xC0,0x7F,0x81,0xFE,0x01,0xFE,0x0F,0xF0,0x0F,0xF9,0xFF,0xE1,
  0xFF,0xFF,0xFF,0x0F,0xFF,0x80,0x03,0xFC,0x00,0x00,0x1F,0xC0,0x00,0x00,0xFE,0x00,0x00,0x07,0xE0,0x00,0x00,0x3F,0x00,0x00,
  0x00,0xF0,0x00,0x00,0x07,0x80,0x00,0x00,0x38,0x00,0x00,0x00,0x00,0x00,0x00,0x00,0x00,0x00,0x00,0x00,0x00,0x00,0x00,0x00,
  0x00,0x00,0x00,0x0F,0xFF,0x0F,0xFF,0xFF,0xF0,0xFF,0xF1,0xFC,0x03,0xF8,0x1F,0xC0,0x3F,0x81,0xFC,0x03,0xF8,0x1F,0xC0,0x7F,
  0x81,0xFC,0x07,0xF8,0x1F,0xC0,0xFF,0x81,0xFC,0x1F,0xF8,0x1F,0xC3,0xFF,0x81,0xFC,0x3B,0xF8,0x1F,0xC7,0x3F,0x81,0xFC,0xE3,
  0xF8,0x1F,0xDC,0x3F,0x81,0xFF,0xC3,0xF8,0x1F,0xF8,0x3F,0x81,0xFF,0x03,0xF8,0x1F,0xE0,0x3F,0x81,0xFE,0x03,0xF8,0x1F,0xC0,
  0x3F,0x81,0xFC,0x03,0xF8,0x1F,0xC0,0x3F,0x8F,0xFF,0x0F,0xFF,0xFF,0xF0,0xFF,0xF0,0x1F,0x80,0x7E,0x07,0xE0,0x1F,0x80,0xF8,
  0x07,0xC0,0x3F,0x03,0xF0,0x07,0xF3,0xF8,0x00,0xFF,0xFC,0x00,0x07,0xFC,0x00,0x00,0x00,0x00,0x00,0x00,0x00,0x00,0x00,0x00,
  0x00,0x00,0x00,0x00,0x00,0x00,0x00,0xFF,0xF8,0x3F,0xDF,0xFE,0x0F,0xE3,0xFC,0x00,0xF0,0x7F,0x00,0x38,0x1F,0xE0,0x0E,0x07,
  0xF8,0x07,0x00,0xFF,0x01,0xC0,0x3F,0xC0,0xF0,0x07,0xF8,0x38,0x01,0xFE,0x0E,0x00,0x3F,0x87,0x00,0x0F,0xF1,0xC0,0x03,0xFC,
  0x70,0x00,0x7F,0xB8,0x00,0x1F,0xEE,0x00,0x03,0xFF,0x00,0x00,0xFF,0xC0,0x00,0x1F,0xF0,0x00,0x07,0xF8,0x00,0x01,0xFE,0x00,
  0x00,0x3F,0x00,0x00,0x0F,0xC0,0x00,0x01,0xF0,0x00,0x00,0x78,0x00,0x00,0x0E,0x00,0x00,0x07,0x00,0x00,0x01,0xC0,0x00,0x00,
  0xF0,0x00,0x60,0x38,0x00,0x18,0x1E,0x00,0x07,0x07,0x00,0x01,0xC3,0x80,0x00,0x7F,0xE0,0x00,0x1F,0xF0,0x00,0x07,0xF0,0x00,
  0x00,0xFF,0xF9,0xFF,0xFF,0xFF,0x1F,0xFF,0x1F,0xC0,0x3F,0x81,0xFC,0x03,0xF8,0x1F,0xC0,0x3F,0x81,0xFC,0x03,0xF8,0x1F,0xC0,
  0x3F,0x81,0xFC,0x03,0xF8,0x1F,0xC0,0x3F,0x81,0xFC,0x03,0xF8,0x1F,0xC0,0x3F,0x81,0xFC,0x03,0xF8,0x1F,0xC0,0x3F,0x81,0xFC,
  0x03,0xF8,0x1F,0xC0,0x3F,0x81,0xFC,0x03,0xF8,0x1F,0xC0,0x3F,0x81,0xFC,0x03,0xF8,0x1F,0xC0,0x3F,0x81,0xFC,0x03,0xF8,0x1F,
  0xC0,0x3F,0x81,0xFF,0xFF,0xF8,0xFF,0xFF,0xFF,0xFF,0xFF,0xFF,0xFF,0x00,0x1F,0x80,0x00,0x01,0xF8,0x00,0x00,0x1F,0x80,0x00,
  0x01,0xF8,0x00,0x00,0x0F,0x00,0x00,0x00,0xF0,0x00,0x00,0x0F,0x00,0x00,0x00,0xF0,0x00,0x00,0x0F,0x00,0x00,
  0x00};
static const lgfx::GFXglyph LibSerif34_glyphs[] PROGMEM = {
  {0,0,0,13,0,0},
  {0,9,35,17,4,-34},
  {40,17,12,29,6,-34},
  {66,24,34,26,1,-34},
  {168,23,42,26,2,-38},
  {289,42,36,52,5,-35},
  {478,38,36,43,3,-35},
  {649,7,12,14,4,-34},
  {660,14,47,17,2,-36},
  {743,13,47,17,2,-36},
  {820,22,20,26,2,-34},
  {875,24,24,30,3,-29},
  {947,10,16,13,1,-8},
  {967,13,4,17,2,-14},
  {974,9,8,13,2,-7},
  {983,15,36,14,0,-35},
  {1051,22,36,26,2,-35},
  {1150,19,34,26,4,-34},
  {1231,22,35,26,2,-35},
  {1328,22,36,26,2,-35},
  {1427,24,34,26,1,-34},
  {1529,22,35,26,2,-34},
  {1626,23,36,26,2,-35},
  {1730,22,34,26,3,-34},
  {1824,22,36,26,2,-35},
  {1923,23,36,26,1,-35},
  {2027,9,26,17,4,-25},
  {2057,10,33,17,3,-25},
  {2099,24,27,30,3,-31},
  {2180,24,14,30,3,-24},
  {2222,24,27,30,3,-31},
  {2303,20,36,26,3,-35},
  {2393,43,45,48,3,-35},
  {2635,37,35,38,0,-35},
  {2797,32,34,35,1,-34},
  {2933,32,36,38,2,-35},
  {3077,34,34,38,1,-34},
  {3222,31,34,35,1,-34},
  {3354,28,34,32,1,-34},
  {3473,37,36,40,2,-35},
  {3640,39,34,40,1,-34},
  {3806,17,34,20,2,-34},
  {3879,23,35,26,2,-34},
  {3980,39,34,40,1,-34},
  {4146,31,34,35,1,-34},
  {4278,47,34,49,1,-34},
  {4478,36,34,38,1,-34},
  {4631,36,36,40,2,-35},
  {4793,29,34,32,1,-34},
  {4917,36,44,40,2,-35},
  {5115,37,34,38,1,-34},
  {5273,24,36,29,3,-35},
  {5381,33,34,35,1,-34},
  {5522,35,35,38,1,-34},
  {5676,36,35,38,1,-34},
  {5834,50,35,52,1,-34},
  {6053,36,34,38,1,-34},
  {6206,36,34,38,1,-34},
  {6359,30,34,35,2,-34},
  {6487,12,43,17,4,-36},
  {6552,15,36,14,0,-35},
  {6620,12,43,17,2,-36},
  {6685,24,24,30,3,-34},
  {6757,26,4,26,0,4},
  {6770,12,8,17,2,-36},
  {6782,23,26,26,2,-25},
  {6857,26,37,29,1,-36},
  {6978,20,26,23,2,-25},
  {7043,26,37,29,2,-36},
  {7164,20,26,23,2,-25},
  {7229,18,37,17,0,-37},
  {7313,25,38,26,1,-27},
  {7432,27,36,29,1,-36},
  {7554,13,36,14,1,-36},
  {7613,15,47,17,-1,-36},
  {7702,28,36,29,1,-36},
  {7828,13,36,14,1,-36},
  {7887,41,25,43,1,-25},
  {8016,27,25,29,1,-25},
  {8101,22,26,26,2,-25},
  {8173,26,36,29,1,-25},
  {8290,27,37,29,2,-26},
  {8415,21,25,23,1,-25},
  {8481,17,26,20,2,-25},
  {8537,16,30,17,1,-29},
  {8597,27,25,29,1,-24},
  {8682,26,25,26,0,-24},
  {8764,37,25,38,0,-24},
  {8880,26,24,26,0,-24},
  {8958,26,35,26,0,-24},
  {9072,21,24,23,1,-24},
  {9135,17,43,20,2,-36},
  {9227,4,47,11,4,-36},
  {9251,17,43,20,2,-36},
  {9343,27,10,27,0,-22},
  {0,0,0,0,0,0},
  {0,0,0,0,0,0},
  {0,0,0,0,0,0},
  {0,0,0,0,0,0},
  {0,0,0,0,0,0},
  {0,0,0,0,0,0},
  {0,0,0,0,0,0},
  {0,0,0,0,0,0},
  {0,0,0,0,0,0},
  {0,0,0,0,0,0},
  {0,0,0,0,0,0},
  {0,0,0,0,0,0},
  {0,0,0,0,0,0},
  {0,0,0,0,0,0},
  {0,0,0,0,0,0},
  {0,0,0,0,0,0},
  {0,0,0,0,0,0},
  {0,0,0,0,0,0},
  {0,0,0,0,0,0},
  {0,0,0,0,0,0},
  {0,0,0,0,0,0},
  {0,0,0,0,0,0},
  {0,0,0,0,0,0},
  {0,0,0,0,0,0},
  {0,0,0,0,0,0},
  {0,0,0,0,0,0},
  {0,0,0,0,0,0},
  {0,0,0,0,0,0},
  {0,0,0,0,0,0},
  {0,0,0,0,0,0},
  {0,0,0,0,0,0},
  {0,0,0,0,0,0},
  {0,0,0,0,0,0},
  {0,0,0,0,0,0},
  {0,0,0,0,0,0},
  {0,0,0,0,0,0},
  {0,0,0,0,0,0},
  {0,0,0,0,0,0},
  {0,0,0,0,0,0},
  {0,0,0,0,0,0},
  {0,0,0,0,0,0},
  {0,0,0,0,0,0},
  {0,0,0,0,0,0},
  {0,0,0,0,0,0},
  {0,0,0,0,0,0},
  {0,0,0,0,0,0},
  {0,0,0,0,0,0},
  {0,0,0,0,0,0},
  {0,0,0,0,0,0},
  {9377,16,16,21,2,-35},
  {0,0,0,0,0,0},
  {0,0,0,0,0,0},
  {0,0,0,0,0,0},
  {0,0,0,0,0,0},
  {0,0,0,0,0,0},
  {0,0,0,0,0,0},
  {0,0,0,0,0,0},
  {0,0,0,0,0,0},
  {0,0,0,0,0,0},
  {0,0,0,0,0,0},
  {0,0,0,0,0,0},
  {0,0,0,0,0,0},
  {0,0,0,0,0,0},
  {0,0,0,0,0,0},
  {0,0,0,0,0,0},
  {0,0,0,0,0,0},
  {0,0,0,0,0,0},
  {0,0,0,0,0,0},
  {0,0,0,0,0,0},
  {0,0,0,0,0,0},
  {0,0,0,0,0,0},
  {0,0,0,0,0,0},
  {0,0,0,0,0,0},
  {0,0,0,0,0,0},
  {0,0,0,0,0,0},
  {0,0,0,0,0,0},
  {0,0,0,0,0,0},
  {0,0,0,0,0,0},
  {0,0,0,0,0,0},
  {0,0,0,0,0,0},
  {0,0,0,0,0,0},
  {0,0,0,0,0,0},
  {0,0,0,0,0,0},
  {0,0,0,0,0,0},
  {0,0,0,0,0,0},
  {0,0,0,0,0,0},
  {0,0,0,0,0,0},
  {0,0,0,0,0,0},
  {0,0,0,0,0,0},
  {0,0,0,0,0,0},
  {0,0,0,0,0,0},
  {0,0,0,0,0,0},
  {0,0,0,0,0,0},
  {0,0,0,0,0,0},
  {0,0,0,0,0,0},
  {0,0,0,0,0,0},
  {0,0,0,0,0,0},
  {0,0,0,0,0,0},
  {0,0,0,0,0,0},
  {0,0,0,0,0,0},
  {0,0,0,0,0,0},
  {0,0,0,0,0,0},
  {0,0,0,0,0,0},
  {0,0,0,0,0,0},
  {0,0,0,0,0,0},
  {0,0,0,0,0,0},
  {0,0,0,0,0,0},
  {0,0,0,0,0,0},
  {0,0,0,0,0,0},
  {0,0,0,0,0,0},
  {0,0,0,0,0,0},
  {0,0,0,0,0,0},
  {0,0,0,0,0,0},
  {0,0,0,0,0,0},
  {0,0,0,0,0,0},
  {0,0,0,0,0,0},
  {0,0,0,0,0,0},
  {0,0,0,0,0,0},
  {0,0,0,0,0,0},
  {0,0,0,0,0,0},
  {0,0,0,0,0,0},
  {0,0,0,0,0,0},
  {0,0,0,0,0,0},
  {0,0,0,0,0,0},
  {0,0,0,0,0,0},
  {0,0,0,0,0,0},
  {0,0,0,0,0,0},
  {0,0,0,0,0,0},
  {0,0,0,0,0,0},
  {0,0,0,0,0,0},
  {0,0,0,0,0,0},
  {0,0,0,0,0,0},
  {0,0,0,0,0,0},
  {0,0,0,0,0,0},
  {0,0,0,0,0,0},
  {0,0,0,0,0,0},
  {0,0,0,0,0,0},
  {0,0,0,0,0,0},
  {0,0,0,0,0,0},
  {0,0,0,0,0,0},
  {0,0,0,0,0,0},
  {0,0,0,0,0,0},
  {0,0,0,0,0,0},
  {0,0,0,0,0,0},
  {0,0,0,0,0,0},
  {0,0,0,0,0,0},
  {0,0,0,0,0,0},
  {0,0,0,0,0,0},
  {0,0,0,0,0,0},
  {0,0,0,0,0,0},
  {0,0,0,0,0,0},
  {0,0,0,0,0,0},
  {0,0,0,0,0,0},
  {0,0,0,0,0,0},
  {0,0,0,0,0,0},
  {0,0,0,0,0,0},
  {0,0,0,0,0,0},
  {0,0,0,0,0,0},
  {0,0,0,0,0,0},
  {0,0,0,0,0,0},
  {0,0,0,0,0,0},
  {0,0,0,0,0,0},
  {0,0,0,0,0,0},
  {0,0,0,0,0,0},
  {0,0,0,0,0,0},
  {0,0,0,0,0,0},
  {0,0,0,0,0,0},
  {0,0,0,0,0,0},
  {0,0,0,0,0,0},
  {0,0,0,0,0,0},
  {0,0,0,0,0,0},
  {0,0,0,0,0,0},
  {0,0,0,0,0,0},
  {0,0,0,0,0,0},
  {0,0,0,0,0,0},
  {0,0,0,0,0,0},
  {0,0,0,0,0,0},
  {0,0,0,0,0,0},
  {0,0,0,0,0,0},
  {0,0,0,0,0,0},
  {0,0,0,0,0,0},
  {0,0,0,0,0,0},
  {0,0,0,0,0,0},
  {0,0,0,0,0,0},
  {0,0,0,0,0,0},
  {0,0,0,0,0,0},
  {0,0,0,0,0,0},
  {0,0,0,0,0,0},
  {0,0,0,0,0,0},
  {0,0,0,0,0,0},
  {0,0,0,0,0,0},
  {0,0,0,0,0,0},
  {0,0,0,0,0,0},
  {0,0,0,0,0,0},
  {0,0,0,0,0,0},
  {0,0,0,0,0,0},
  {0,0,0,0,0,0},
  {0,0,0,0,0,0},
  {0,0,0,0,0,0},
  {0,0,0,0,0,0},
  {0,0,0,0,0,0},
  {0,0,0,0,0,0},
  {0,0,0,0,0,0},
  {0,0,0,0,0,0},
  {0,0,0,0,0,0},
  {0,0,0,0,0,0},
  {0,0,0,0,0,0},
  {0,0,0,0,0,0},
  {0,0,0,0,0,0},
  {0,0,0,0,0,0},
  {0,0,0,0,0,0},
  {0,0,0,0,0,0},
  {0,0,0,0,0,0},
  {0,0,0,0,0,0},
  {0,0,0,0,0,0},
  {0,0,0,0,0,0},
  {0,0,0,0,0,0},
  {0,0,0,0,0,0},
  {0,0,0,0,0,0},
  {0,0,0,0,0,0},
  {0,0,0,0,0,0},
  {0,0,0,0,0,0},
  {0,0,0,0,0,0},
  {0,0,0,0,0,0},
  {0,0,0,0,0,0},
  {0,0,0,0,0,0},
  {0,0,0,0,0,0},
  {0,0,0,0,0,0},
  {0,0,0,0,0,0},
  {0,0,0,0,0,0},
  {0,0,0,0,0,0},
  {0,0,0,0,0,0},
  {0,0,0,0,0,0},
  {0,0,0,0,0,0},
  {0,0,0,0,0,0},
  {0,0,0,0,0,0},
  {0,0,0,0,0,0},
  {0,0,0,0,0,0},
  {0,0,0,0,0,0},
  {0,0,0,0,0,0},
  {0,0,0,0,0,0},
  {0,0,0,0,0,0},
  {0,0,0,0,0,0},
  {0,0,0,0,0,0},
  {0,0,0,0,0,0},
  {0,0,0,0,0,0},
  {0,0,0,0,0,0},
  {0,0,0,0,0,0},
  {0,0,0,0,0,0},
  {0,0,0,0,0,0},
  {0,0,0,0,0,0},
  {0,0,0,0,0,0},
  {0,0,0,0,0,0},
  {0,0,0,0,0,0},
  {0,0,0,0,0,0},
  {0,0,0,0,0,0},
  {0,0,0,0,0,0},
  {0,0,0,0,0,0},
  {0,0,0,0,0,0},
  {0,0,0,0,0,0},
  {0,0,0,0,0,0},
  {0,0,0,0,0,0},
  {0,0,0,0,0,0},
  {0,0,0,0,0,0},
  {0,0,0,0,0,0},
  {0,0,0,0,0,0},
  {0,0,0,0,0,0},
  {0,0,0,0,0,0},
  {0,0,0,0,0,0},
  {0,0,0,0,0,0},
  {0,0,0,0,0,0},
  {0,0,0,0,0,0},
  {0,0,0,0,0,0},
  {0,0,0,0,0,0},
  {0,0,0,0,0,0},
  {0,0,0,0,0,0},
  {0,0,0,0,0,0},
  {0,0,0,0,0,0},
  {0,0,0,0,0,0},
  {0,0,0,0,0,0},
  {0,0,0,0,0,0},
  {0,0,0,0,0,0},
  {0,0,0,0,0,0},
  {0,0,0,0,0,0},
  {0,0,0,0,0,0},
  {0,0,0,0,0,0},
  {0,0,0,0,0,0},
  {0,0,0,0,0,0},
  {0,0,0,0,0,0},
  {0,0,0,0,0,0},
  {0,0,0,0,0,0},
  {0,0,0,0,0,0},
  {0,0,0,0,0,0},
  {0,0,0,0,0,0},
  {0,0,0,0,0,0},
  {0,0,0,0,0,0},
  {0,0,0,0,0,0},
  {0,0,0,0,0,0},
  {0,0,0,0,0,0},
  {0,0,0,0,0,0},
  {0,0,0,0,0,0},
  {0,0,0,0,0,0},
  {0,0,0,0,0,0},
  {0,0,0,0,0,0},
  {0,0,0,0,0,0},
  {0,0,0,0,0,0},
  {0,0,0,0,0,0},
  {0,0,0,0,0,0},
  {0,0,0,0,0,0},
  {0,0,0,0,0,0},
  {0,0,0,0,0,0},
  {0,0,0,0,0,0},
  {0,0,0,0,0,0},
  {0,0,0,0,0,0},
  {0,0,0,0,0,0},
  {0,0,0,0,0,0},
  {0,0,0,0,0,0},
  {0,0,0,0,0,0},
  {0,0,0,0,0,0},
  {0,0,0,0,0,0},
  {0,0,0,0,0,0},
  {0,0,0,0,0,0},
  {0,0,0,0,0,0},
  {0,0,0,0,0,0},
  {0,0,0,0,0,0},
  {0,0,0,0,0,0},
  {0,0,0,0,0,0},
  {0,0,0,0,0,0},
  {0,0,0,0,0,0},
  {0,0,0,0,0,0},
  {0,0,0,0,0,0},
  {0,0,0,0,0,0},
  {0,0,0,0,0,0},
  {0,0,0,0,0,0},
  {0,0,0,0,0,0},
  {0,0,0,0,0,0},
  {0,0,0,0,0,0},
  {0,0,0,0,0,0},
  {0,0,0,0,0,0},
  {0,0,0,0,0,0},
  {0,0,0,0,0,0},
  {0,0,0,0,0,0},
  {0,0,0,0,0,0},
  {0,0,0,0,0,0},
  {0,0,0,0,0,0},
  {0,0,0,0,0,0},
  {0,0,0,0,0,0},
  {0,0,0,0,0,0},
  {0,0,0,0,0,0},
  {0,0,0,0,0,0},
  {0,0,0,0,0,0},
  {0,0,0,0,0,0},
  {0,0,0,0,0,0},
  {0,0,0,0,0,0},
  {0,0,0,0,0,0},
  {0,0,0,0,0,0},
  {0,0,0,0,0,0},
  {0,0,0,0,0,0},
  {0,0,0,0,0,0},
  {0,0,0,0,0,0},
  {0,0,0,0,0,0},
  {0,0,0,0,0,0},
  {0,0,0,0,0,0},
  {0,0,0,0,0,0},
  {0,0,0,0,0,0},
  {0,0,0,0,0,0},
  {0,0,0,0,0,0},
  {0,0,0,0,0,0},
  {0,0,0,0,0,0},
  {0,0,0,0,0,0},
  {0,0,0,0,0,0},
  {0,0,0,0,0,0},
  {0,0,0,0,0,0},
  {0,0,0,0,0,0},
  {0,0,0,0,0,0},
  {0,0,0,0,0,0},
  {0,0,0,0,0,0},
  {0,0,0,0,0,0},
  {0,0,0,0,0,0},
  {0,0,0,0,0,0},
  {0,0,0,0,0,0},
  {0,0,0,0,0,0},
  {0,0,0,0,0,0},
  {0,0,0,0,0,0},
  {0,0,0,0,0,0},
  {0,0,0,0,0,0},
  {0,0,0,0,0,0},
  {0,0,0,0,0,0},
  {0,0,0,0,0,0},
  {0,0,0,0,0,0},
  {0,0,0,0,0,0},
  {0,0,0,0,0,0},
  {0,0,0,0,0,0},
  {0,0,0,0,0,0},
  {0,0,0,0,0,0},
  {0,0,0,0,0,0},
  {0,0,0,0,0,0},
  {0,0,0,0,0,0},
  {0,0,0,0,0,0},
  {0,0,0,0,0,0},
  {0,0,0,0,0,0},
  {0,0,0,0,0,0},
  {0,0,0,0,0,0},
  {0,0,0,0,0,0},
  {0,0,0,0,0,0},
  {0,0,0,0,0,0},
  {0,0,0,0,0,0},
  {0,0,0,0,0,0},
  {0,0,0,0,0,0},
  {0,0,0,0,0,0},
  {0,0,0,0,0,0},
  {0,0,0,0,0,0},
  {0,0,0,0,0,0},
  {0,0,0,0,0,0},
  {0,0,0,0,0,0},
  {0,0,0,0,0,0},
  {0,0,0,0,0,0},
  {0,0,0,0,0,0},
  {0,0,0,0,0,0},
  {0,0,0,0,0,0},
  {0,0,0,0,0,0},
  {0,0,0,0,0,0},
  {0,0,0,0,0,0},
  {0,0,0,0,0,0},
  {0,0,0,0,0,0},
  {0,0,0,0,0,0},
  {0,0,0,0,0,0},
  {0,0,0,0,0,0},
  {0,0,0,0,0,0},
  {0,0,0,0,0,0},
  {0,0,0,0,0,0},
  {0,0,0,0,0,0},
  {0,0,0,0,0,0},
  {0,0,0,0,0,0},
  {0,0,0,0,0,0},
  {0,0,0,0,0,0},
  {0,0,0,0,0,0},
  {0,0,0,0,0,0},
  {0,0,0,0,0,0},
  {0,0,0,0,0,0},
  {0,0,0,0,0,0},
  {0,0,0,0,0,0},
  {0,0,0,0,0,0},
  {0,0,0,0,0,0},
  {0,0,0,0,0,0},
  {0,0,0,0,0,0},
  {0,0,0,0,0,0},
  {0,0,0,0,0,0},
  {0,0,0,0,0,0},
  {0,0,0,0,0,0},
  {0,0,0,0,0,0},
  {0,0,0,0,0,0},
  {0,0,0,0,0,0},
  {0,0,0,0,0,0},
  {0,0,0,0,0,0},
  {0,0,0,0,0,0},
  {0,0,0,0,0,0},
  {0,0,0,0,0,0},
  {0,0,0,0,0,0},
  {0,0,0,0,0,0},
  {0,0,0,0,0,0},
  {0,0,0,0,0,0},
  {0,0,0,0,0,0},
  {0,0,0,0,0,0},
  {0,0,0,0,0,0},
  {0,0,0,0,0,0},
  {0,0,0,0,0,0},
  {0,0,0,0,0,0},
  {0,0,0,0,0,0},
  {0,0,0,0,0,0},
  {0,0,0,0,0,0},
  {0,0,0,0,0,0},
  {0,0,0,0,0,0},
  {0,0,0,0,0,0},
  {0,0,0,0,0,0},
  {0,0,0,0,0,0},
  {0,0,0,0,0,0},
  {0,0,0,0,0,0},
  {0,0,0,0,0,0},
  {0,0,0,0,0,0},
  {0,0,0,0,0,0},
  {0,0,0,0,0,0},
  {0,0,0,0,0,0},
  {0,0,0,0,0,0},
  {0,0,0,0,0,0},
  {0,0,0,0,0,0},
  {0,0,0,0,0,0},
  {0,0,0,0,0,0},
  {0,0,0,0,0,0},
  {0,0,0,0,0,0},
  {0,0,0,0,0,0},
  {0,0,0,0,0,0},
  {0,0,0,0,0,0},
  {0,0,0,0,0,0},
  {0,0,0,0,0,0},
  {0,0,0,0,0,0},
  {0,0,0,0,0,0},
  {0,0,0,0,0,0},
  {0,0,0,0,0,0},
  {0,0,0,0,0,0},
  {0,0,0,0,0,0},
  {0,0,0,0,0,0},
  {0,0,0,0,0,0},
  {0,0,0,0,0,0},
  {0,0,0,0,0,0},
  {0,0,0,0,0,0},
  {0,0,0,0,0,0},
  {0,0,0,0,0,0},
  {0,0,0,0,0,0},
  {0,0,0,0,0,0},
  {0,0,0,0,0,0},
  {0,0,0,0,0,0},
  {0,0,0,0,0,0},
  {0,0,0,0,0,0},
  {0,0,0,0,0,0},
  {0,0,0,0,0,0},
  {0,0,0,0,0,0},
  {0,0,0,0,0,0},
  {0,0,0,0,0,0},
  {0,0,0,0,0,0},
  {0,0,0,0,0,0},
  {0,0,0,0,0,0},
  {0,0,0,0,0,0},
  {0,0,0,0,0,0},
  {0,0,0,0,0,0},
  {0,0,0,0,0,0},
  {0,0,0,0,0,0},
  {0,0,0,0,0,0},
  {0,0,0,0,0,0},
  {0,0,0,0,0,0},
  {0,0,0,0,0,0},
  {0,0,0,0,0,0},
  {0,0,0,0,0,0},
  {0,0,0,0,0,0},
  {0,0,0,0,0,0},
  {0,0,0,0,0,0},
  {0,0,0,0,0,0},
  {0,0,0,0,0,0},
  {0,0,0,0,0,0},
  {0,0,0,0,0,0},
  {0,0,0,0,0,0},
  {0,0,0,0,0,0},
  {0,0,0,0,0,0},
  {0,0,0,0,0,0},
  {0,0,0,0,0,0},
  {0,0,0,0,0,0},
  {0,0,0,0,0,0},
  {0,0,0,0,0,0},
  {0,0,0,0,0,0},
  {0,0,0,0,0,0},
  {0,0,0,0,0,0},
  {0,0,0,0,0,0},
  {0,0,0,0,0,0},
  {0,0,0,0,0,0},
  {0,0,0,0,0,0},
  {0,0,0,0,0,0},
  {0,0,0,0,0,0},
  {0,0,0,0,0,0},
  {0,0,0,0,0,0},
  {0,0,0,0,0,0},
  {0,0,0,0,0,0},
  {0,0,0,0,0,0},
  {0,0,0,0,0,0},
  {0,0,0,0,0,0},
  {0,0,0,0,0,0},
  {0,0,0,0,0,0},
  {0,0,0,0,0,0},
  {0,0,0,0,0,0},
  {0,0,0,0,0,0},
  {0,0,0,0,0,0},
  {0,0,0,0,0,0},
  {0,0,0,0,0,0},
  {0,0,0,0,0,0},
  {0,0,0,0,0,0},
  {0,0,0,0,0,0},
  {0,0,0,0,0,0},
  {0,0,0,0,0,0},
  {0,0,0,0,0,0},
  {0,0,0,0,0,0},
  {0,0,0,0,0,0},
  {0,0,0,0,0,0},
  {0,0,0,0,0,0},
  {0,0,0,0,0,0},
  {0,0,0,0,0,0},
  {0,0,0,0,0,0},
  {0,0,0,0,0,0},
  {0,0,0,0,0,0},
  {0,0,0,0,0,0},
  {0,0,0,0,0,0},
  {0,0,0,0,0,0},
  {0,0,0,0,0,0},
  {0,0,0,0,0,0},
  {0,0,0,0,0,0},
  {0,0,0,0,0,0},
  {0,0,0,0,0,0},
  {0,0,0,0,0,0},
  {0,0,0,0,0,0},
  {0,0,0,0,0,0},
  {0,0,0,0,0,0},
  {0,0,0,0,0,0},
  {0,0,0,0,0,0},
  {0,0,0,0,0,0},
  {0,0,0,0,0,0},
  {0,0,0,0,0,0},
  {0,0,0,0,0,0},
  {0,0,0,0,0,0},
  {0,0,0,0,0,0},
  {0,0,0,0,0,0},
  {0,0,0,0,0,0},
  {0,0,0,0,0,0},
  {0,0,0,0,0,0},
  {0,0,0,0,0,0},
  {0,0,0,0,0,0},
  {0,0,0,0,0,0},
  {0,0,0,0,0,0},
  {0,0,0,0,0,0},
  {0,0,0,0,0,0},
  {0,0,0,0,0,0},
  {0,0,0,0,0,0},
  {0,0,0,0,0,0},
  {0,0,0,0,0,0},
  {0,0,0,0,0,0},
  {0,0,0,0,0,0},
  {0,0,0,0,0,0},
  {0,0,0,0,0,0},
  {0,0,0,0,0,0},
  {0,0,0,0,0,0},
  {0,0,0,0,0,0},
  {0,0,0,0,0,0},
  {0,0,0,0,0,0},
  {0,0,0,0,0,0},
  {0,0,0,0,0,0},
  {0,0,0,0,0,0},
  {0,0,0,0,0,0},
  {0,0,0,0,0,0},
  {0,0,0,0,0,0},
  {0,0,0,0,0,0},
  {0,0,0,0,0,0},
  {0,0,0,0,0,0},
  {0,0,0,0,0,0},
  {0,0,0,0,0,0},
  {0,0,0,0,0,0},
  {0,0,0,0,0,0},
  {0,0,0,0,0,0},
  {0,0,0,0,0,0},
  {0,0,0,0,0,0},
  {0,0,0,0,0,0},
  {0,0,0,0,0,0},
  {0,0,0,0,0,0},
  {0,0,0,0,0,0},
  {0,0,0,0,0,0},
  {0,0,0,0,0,0},
  {0,0,0,0,0,0},
  {0,0,0,0,0,0},
  {0,0,0,0,0,0},
  {0,0,0,0,0,0},
  {0,0,0,0,0,0},
  {0,0,0,0,0,0},
  {0,0,0,0,0,0},
  {0,0,0,0,0,0},
  {0,0,0,0,0,0},
  {0,0,0,0,0,0},
  {0,0,0,0,0,0},
  {0,0,0,0,0,0},
  {0,0,0,0,0,0},
  {0,0,0,0,0,0},
  {0,0,0,0,0,0},
  {0,0,0,0,0,0},
  {0,0,0,0,0,0},
  {0,0,0,0,0,0},
  {0,0,0,0,0,0},
  {0,0,0,0,0,0},
  {0,0,0,0,0,0},
  {0,0,0,0,0,0},
  {0,0,0,0,0,0},
  {0,0,0,0,0,0},
  {0,0,0,0,0,0},
  {0,0,0,0,0,0},
  {0,0,0,0,0,0},
  {0,0,0,0,0,0},
  {0,0,0,0,0,0},
  {0,0,0,0,0,0},
  {0,0,0,0,0,0},
  {0,0,0,0,0,0},
  {0,0,0,0,0,0},
  {0,0,0,0,0,0},
  {0,0,0,0,0,0},
  {0,0,0,0,0,0},
  {0,0,0,0,0,0},
  {0,0,0,0,0,0},
  {0,0,0,0,0,0},
  {0,0,0,0,0,0},
  {0,0,0,0,0,0},
  {0,0,0,0,0,0},
  {0,0,0,0,0,0},
  {0,0,0,0,0,0},
  {0,0,0,0,0,0},
  {0,0,0,0,0,0},
  {0,0,0,0,0,0},
  {0,0,0,0,0,0},
  {0,0,0,0,0,0},
  {0,0,0,0,0,0},
  {0,0,0,0,0,0},
  {0,0,0,0,0,0},
  {0,0,0,0,0,0},
  {0,0,0,0,0,0},
  {0,0,0,0,0,0},
  {0,0,0,0,0,0},
  {0,0,0,0,0,0},
  {0,0,0,0,0,0},
  {0,0,0,0,0,0},
  {0,0,0,0,0,0},
  {0,0,0,0,0,0},
  {0,0,0,0,0,0},
  {0,0,0,0,0,0},
  {0,0,0,0,0,0},
  {0,0,0,0,0,0},
  {0,0,0,0,0,0},
  {0,0,0,0,0,0},
  {0,0,0,0,0,0},
  {0,0,0,0,0,0},
  {0,0,0,0,0,0},
  {0,0,0,0,0,0},
  {0,0,0,0,0,0},
  {0,0,0,0,0,0},
  {0,0,0,0,0,0},
  {0,0,0,0,0,0},
  {0,0,0,0,0,0},
  {0,0,0,0,0,0},
  {0,0,0,0,0,0},
  {0,0,0,0,0,0},
  {0,0,0,0,0,0},
  {0,0,0,0,0,0},
  {0,0,0,0,0,0},
  {0,0,0,0,0,0},
  {0,0,0,0,0,0},
  {0,0,0,0,0,0},
  {0,0,0,0,0,0},
  {0,0,0,0,0,0},
  {0,0,0,0,0,0},
  {0,0,0,0,0,0},
  {0,0,0,0,0,0},
  {0,0,0,0,0,0},
  {0,0,0,0,0,0},
  {0,0,0,0,0,0},
  {0,0,0,0,0,0},
  {0,0,0,0,0,0},
  {0,0,0,0,0,0},
  {0,0,0,0,0,0},
  {0,0,0,0,0,0},
  {0,0,0,0,0,0},
  {0,0,0,0,0,0},
  {0,0,0,0,0,0},
  {0,0,0,0,0,0},
  {0,0,0,0,0,0},
  {0,0,0,0,0,0},
  {0,0,0,0,0,0},
  {0,0,0,0,0,0},
  {0,0,0,0,0,0},
  {0,0,0,0,0,0},
  {0,0,0,0,0,0},
  {0,0,0,0,0,0},
  {0,0,0,0,0,0},
  {0,0,0,0,0,0},
  {0,0,0,0,0,0},
  {0,0,0,0,0,0},
  {0,0,0,0,0,0},
  {0,0,0,0,0,0},
  {0,0,0,0,0,0},
  {0,0,0,0,0,0},
  {0,0,0,0,0,0},
  {0,0,0,0,0,0},
  {0,0,0,0,0,0},
  {0,0,0,0,0,0},
  {0,0,0,0,0,0},
  {0,0,0,0,0,0},
  {0,0,0,0,0,0},
  {0,0,0,0,0,0},
  {0,0,0,0,0,0},
  {0,0,0,0,0,0},
  {0,0,0,0,0,0},
  {0,0,0,0,0,0},
  {0,0,0,0,0,0},
  {0,0,0,0,0,0},
  {0,0,0,0,0,0},
  {0,0,0,0,0,0},
  {0,0,0,0,0,0},
  {0,0,0,0,0,0},
  {0,0,0,0,0,0},
  {0,0,0,0,0,0},
  {0,0,0,0,0,0},
  {0,0,0,0,0,0},
  {0,0,0,0,0,0},
  {0,0,0,0,0,0},
  {0,0,0,0,0,0},
  {0,0,0,0,0,0},
  {0,0,0,0,0,0},
  {0,0,0,0,0,0},
  {0,0,0,0,0,0},
  {0,0,0,0,0,0},
  {0,0,0,0,0,0},
  {0,0,0,0,0,0},
  {0,0,0,0,0,0},
  {0,0,0,0,0,0},
  {0,0,0,0,0,0},
  {0,0,0,0,0,0},
  {0,0,0,0,0,0},
  {0,0,0,0,0,0},
  {0,0,0,0,0,0},
  {0,0,0,0,0,0},
  {0,0,0,0,0,0},
  {0,0,0,0,0,0},
  {0,0,0,0,0,0},
  {0,0,0,0,0,0},
  {0,0,0,0,0,0},
  {0,0,0,0,0,0},
  {0,0,0,0,0,0},
  {0,0,0,0,0,0},
  {0,0,0,0,0,0},
  {0,0,0,0,0,0},
  {0,0,0,0,0,0},
  {0,0,0,0,0,0},
  {0,0,0,0,0,0},
  {0,0,0,0,0,0},
  {0,0,0,0,0,0},
  {0,0,0,0,0,0},
  {0,0,0,0,0,0},
  {0,0,0,0,0,0},
  {0,0,0,0,0,0},
  {0,0,0,0,0,0},
  {0,0,0,0,0,0},
  {0,0,0,0,0,0},
  {0,0,0,0,0,0},
  {0,0,0,0,0,0},
  {0,0,0,0,0,0},
  {0,0,0,0,0,0},
  {0,0,0,0,0,0},
  {0,0,0,0,0,0},
  {0,0,0,0,0,0},
  {0,0,0,0,0,0},
  {0,0,0,0,0,0},
  {0,0,0,0,0,0},
  {0,0,0,0,0,0},
  {0,0,0,0,0,0},
  {0,0,0,0,0,0},
  {0,0,0,0,0,0},
  {0,0,0,0,0,0},
  {0,0,0,0,0,0},
  {0,0,0,0,0,0},
  {0,0,0,0,0,0},
  {0,0,0,0,0,0},
  {0,0,0,0,0,0},
  {0,0,0,0,0,0},
  {0,0,0,0,0,0},
  {0,0,0,0,0,0},
  {0,0,0,0,0,0},
  {0,0,0,0,0,0},
  {0,0,0,0,0,0},
  {0,0,0,0,0,0},
  {0,0,0,0,0,0},
  {0,0,0,0,0,0},
  {0,0,0,0,0,0},
  {0,0,0,0,0,0},
  {0,0,0,0,0,0},
  {0,0,0,0,0,0},
  {0,0,0,0,0,0},
  {0,0,0,0,0,0},
  {0,0,0,0,0,0},
  {0,0,0,0,0,0},
  {0,0,0,0,0,0},
  {0,0,0,0,0,0},
  {0,0,0,0,0,0},
  {0,0,0,0,0,0},
  {0,0,0,0,0,0},
  {0,0,0,0,0,0},
  {0,0,0,0,0,0},
  {0,0,0,0,0,0},
  {0,0,0,0,0,0},
  {0,0,0,0,0,0},
  {0,0,0,0,0,0},
  {0,0,0,0,0,0},
  {0,0,0,0,0,0},
  {0,0,0,0,0,0},
  {0,0,0,0,0,0},
  {0,0,0,0,0,0},
  {0,0,0,0,0,0},
  {0,0,0,0,0,0},
  {0,0,0,0,0,0},
  {0,0,0,0,0,0},
  {0,0,0,0,0,0},
  {0,0,0,0,0,0},
  {0,0,0,0,0,0},
  {0,0,0,0,0,0},
  {0,0,0,0,0,0},
  {0,0,0,0,0,0},
  {0,0,0,0,0,0},
  {0,0,0,0,0,0},
  {9409,31,45,35,1,-45},
  {9584,31,43,35,1,-43},
  {9751,36,45,42,1,-34},
  {9954,29,45,33,1,-45},
  {10118,30,36,35,2,-35},
  {10253,24,36,29,3,-35},
  {10361,17,34,20,2,-34},
  {10434,17,43,20,2,-43},
  {10526,23,35,26,2,-34},
  {10627,50,35,52,0,-34},
  {10846,49,34,52,1,-34},
  {11055,41,34,42,-1,-34},
  {11230,36,45,38,1,-45},
  {11433,39,45,40,1,-45},
  {11653,36,45,38,1,-44},
  {11856,39,45,40,1,-34},
  {12076,37,35,38,0,-35},
  {12238,31,34,34,1,-34},
  {12370,32,34,35,1,-34},
  {12506,29,34,33,1,-34},
  {12630,35,45,36,0,-34},
  {12827,31,34,35,1,-34},
  {12959,51,34,51,0,-34},
  {13176,24,36,27,2,-35},
  {13284,39,34,40,1,-34},
  {13450,39,44,40,1,-44},
  {13665,36,34,38,1,-34},
  {13818,38,35,39,0,-34},
  {13985,47,34,49,1,-34},
  {14185,39,34,40,1,-34},
  {14351,36,36,40,2,-35},
  {14513,39,34,40,1,-34},
  {14679,29,34,32,1,-34},
  {14803,32,36,38,2,-35},
  {14947,33,34,35,1,-34},
  {15088,36,35,38,1,-34},
  {15246,41,34,45,2,-34},
  {15421,36,34,38,1,-34},
  {15574,39,45,40,1,-34},
  {15794,36,34,38,1,-34},
  {15947,55,34,57,1,-34},
  {16181,55,45,57,1,-34},
  {16491,36,34,40,1,-34},
  {16644,49,34,51,1,-34},
  {16853,31,34,34,1,-34},
  {16985,29,36,35,4,-35},
  {17116,55,36,59,1,-35},
  {17364,37,34,38,0,-34},
  {17522,23,26,26,2,-25},
  {17597,22,38,26,2,-37},
  {17702,25,24,28,1,-24},
  {17777,21,24,24,1,-24},
  {17840,25,33,26,1,-24},
  {17944,20,26,23,2,-25},
  {18009,38,24,38,0,-24},
  {18123,19,26,21,1,-25},
  {18185,28,24,30,1,-24},
  {18269,28,36,30,1,-36},
  {18395,29,24,30,1,-24},
  {18482,27,25,29,1,-24},
  {18567,33,24,35,1,-24},
  {18666,28,24,30,1,-24},
  {18750,22,26,26,2,-25},
  {18822,28,24,30,1,-24},
  {18906,26,36,29,1,-25},
  {19023,20,26,23,2,-25},
  {19088,24,24,26,1,-24},
  {19160,26,35,26,0,-24},
  {19274,32,47,36,2,-36},
  {19462,26,24,26,0,-24},
  {19540,28,33,30,1,-24},
  {19656,27,24,29,1,-24},
  {19737,42,24,44,1,-24},
  {19863,43,33,44,1,-24},
  {20041,29,24,30,0,-24},
  {20128,38,24,41,1,-24},
  {20242,25,24,28,1,-24},
  {20317,20,26,22,1,-25},
  {20382,37,26,40,1,-25},
  {20503,27,24,28,0,-24},
  {20584,20,38,23,2,-37},
  {20679,20,36,23,2,-35},
  {20769,25,47,28,0,-36},
  {20916,21,37,24,1,-37},
  {21014,20,26,22,2,-25},
  {21079,17,26,20,2,-25},
  {21135,13,36,14,1,-36},
  {21194,15,35,14,0,-35},
  {21260,15,47,17,-1,-36},
  {21349,38,25,41,1,-24},
  {21468,39,24,41,1,-24},
  {21585,28,36,29,0,-36},
  {21711,29,37,30,1,-37},
  {21846,28,37,30,1,-37},
  {21976,26,47,26,0,-36},
  {22129,28,33,30,1,-24},
};
static const lgfx::GFXfont LibSerif34((uint8_t *)LibSerif34_bitmap, (lgfx::GFXglyph *)LibSerif34_glyphs, 0x20, 0x45F, 59);
