// Liberation Sans Bold, cap height 68px, U+0020..U+045F (ASCII + Cyrillic)
#pragma once

static const uint8_t LibSans68_bitmap[] PROGMEM = {
  0xFF,0xFF,0xFF,0xFF,0xFF,0xFF,0xFF,0xFF,0xFF,0xDF,0xFF,0xBF,0xFF,0x3F,0xFE,0x7F,0xFC,0xFF,0xF9,0xFF,0xF3,0xFF,0xE7,0xFF,
  0xCF,0xFF,0x9F,0xFF,0x3F,0xFE,0x7F,0xFC,0xFF,0xF9,0xFF,0xF3,0xFF,0xE7,0xFF,0xCF,0xFF,0x9F,0xFF,0x3F,0xFE,0x7F,0xFC,0xFF,
  0xF9,0xFF,0xF3,0xFF,0xE7,0xFF,0xCF,0xFF,0x9F,0xFF,0x3F,0xFE,0x7F,0xFC,0xFF,0xF9,0xFF,0xE3,0xFF,0xC7,0xFF,0x8F,0xFF,0x0F,
  0xFE,0x1F,0xFC,0x3F,0xF8,0x7F,0xF0,0xFF,0xE1,0xFF,0xC3,0xFF,0x87,0xFF,0x0F,0xFE,0x00,0x00,0x00,0x00,0x00,0x00,0x00,0x00,
  0x00,0x00,0x00,0x00,0x00,0x00,0x00,0x7F,0xFE,0xFF,0xFD,0xFF,0xFB,0xFF,0xF7,0xFF,0xEF,0xFF,0xDF,0xFF,0xBF,0xFF,0x7F,0xFE,
  0xFF,0xFD,0xFF,0xFB,0xFF,0xF7,0xFF,0xE0,0xFF,0xFC,0x07,0xFF,0xDF,0xFF,0x01,0xFF,0xF7,0xFF,0xC0,0x7F,0xFD,0xFF,0xF0,0x1F,
  0xFF,0x7F,0xFC,0x07,0xFF,0xDF,0xFF,0x01,0xFF,0xF7,0xFF,0x80,0x7F,0xFD,0xFF,0xE0,0x1F,0xFF,0x7F,0xF8,0x07,0xFF,0xDF,0xFE,
  0x00,0xFF,0xF7,0xFF,0x80,0x3F,0xFD,0xFF,0xE0,0x0F,0xFF,0x7F,0xF8,0x03,0xFF,0xDF,0xFE,0x00,0xFF,0xF7,0xFF,0x80,0x3F,0xFD,
  0xFF,0xE0,0x0F,0xFF,0x7F,0xF8,0x03,0xFF,0xDF,0xFE,0x00,0xFF,0xE7,0xFF,0x80,0x3F,0xF9,0xFF,0xE0,0x0F,0xFE,0x3F,0xF8,0x03,
  0xFF,0x8F,0xFE,0x00,0xFF,0xE3,0xFF,0x80,0x3F,0xF8,0xFF,0xE0,0x0F,0xFE,0x3F,0xF8,0x03,0xFF,0x80,0x00,0x00,0x3F,0x80,0x00,
  0xFF,0x00,0x00,0x07,0xF8,0x00,0x0F,0xE0,0x00,0x00,0x7F,0x80,0x01,0xFE,0x00,0x00,0x07,0xF0,0x00,0x1F,0xE0,0x00,0x00,0x7F,
  0x00,0x01,0xFE,0x00,0x00,0x0F,0xF0,0x00,0x1F,0xC0,0x00,0x00,0xFF,0x00,0x01,0xFC,0x00,0x00,0x0F,0xF0,0x00,0x3F,0xC0,0x00,
  0x00,0xFE,0x00,0x03,0xFC,0x00,0x00,0x0F,0xE0,0x00,0x3F,0xC0,0x00,0x01,0xFE,0x00,0x03,0xF8,0x00,0x00,0x1F,0xE0,0x00,0x7F,
  0x80,0x00,0x01,0xFC,0x00,0x07,0xF8,0x00,0x00,0x1F,0xC0,0x00,0x7F,0x80,0x00,0x03,0xFC,0x00,0x07,0xF0,0x00,0x00,0x3F,0xC0,
  0x00,0xFF,0x00,0x00,0x03,0xFC,0x00,0x0F,0xF0,0x00,0x00,0x3F,0x80,0x00,0xFF,0x00,0x3F,0xFF,0xFF,0xFF,0xFF,0xFF,0xF3,0xFF,
  0xFF,0xFF,0xFF,0xFF,0xFF,0x3F,0xFF,0xFF,0xFF,0xFF,0xFF,0xF3,0xFF,0xFF,0xFF,0xFF,0xFF,0xFF,0x3F,0xFF,0xFF,0xFF,0xFF,0xFF,
  0xF3,0xFF,0xFF,0xFF,0xFF,0xFF,0xFF,0x3F,0xFF,0xFF,0xFF,0xFF,0xFF,0xF0,0x00,0xFF,0x00,0x03,0xFC,0x00,0x00,0x0F,0xE0,0x00,
  0x3F,0xC0,0x00,0x00,0xFE,0x00,0x03,0xFC,0x00,0x00,0x1F,0xE0,0x00,0x3F,0x80,0x00,0x01,0xFE,0x00,0x03,0xF8,0x00,0x00,0x1F,
  0xE0,0x00,0x7F,0x80,0x00,0x01,0xFC,0x00,0x07,0xF8,0x00,0x00,0x1F,0xC0,0x00,0x7F,0x80,0x00,0x03,0xFC,0x00,0x07,0xF0,0x00,
  0x00,0x3F,0xC0,0x00,0x7F,0x00,0x00,0x03,0xFC,0x00,0x0F,0xF0,0x00,0x00,0x3F,0x80,0x00,0xFF,0x00,0x00,0x03,0xF8,0x00,0x0F,
  0xF0,0x00,0x00,0x7F,0x80,0x00,0xFE,0x00,0x00,0x07,0xF8,0x00,0x0F,0xE0,0x00,0x00,0x7F,0x80,0x01,0xFE,0x00,0x00,0x07,0xF0,
  0x00,0x1F,0xE0,0x00,0xFF,0xFF,0xFF,0xFF,0xFF,0xFF,0x8F,0xFF,0xFF,0xFF,0xFF,0xFF,0xF8,0xFF,0xFF,0xFF,0xFF,0xFF,0xFF,0x8F,
  0xFF,0xFF,0xFF,0xFF,0xFF,0xF8,0xFF,0xFF,0xFF,0xFF,0xFF,0xFF,0x8F,0xFF,0xFF,0xFF,0xFF,0xFF,0xF8,0xFF,0xFF,0xFF,0xFF,0xFF,
  0xFF,0x80,0x1F,0xE0,0x00,0x7F,0x80,0x00,0x01,0xFC,0x00,0x07,0xF8,0x00,0x00,0x1F,0xC0,0x00,0x7F,0x80,0x00,0x03,0xFC,0x00,
  0x07,0xF0,0x00,0x00,0x3F,0xC0,0x00,0xFF,0x00,0x00,0x03,0xFC,0x00,0x0F,0xF0,0x00,0x00,0x3F,0x80,0x00,0xFF,0x00,0x00,0x03,
  0xF8,0x00,0x0F,0xF0,0x00,0x00,0x7F,0x80,0x00,0xFE,0x00,0x00,0x07,0xF8,0x00,0x1F,0xE0,0x00,0x00,0x7F,0x00,0x01,0xFE,0x00,
  0x00,0x07,0xF0,0x00,0x1F,0xE0,0x00,0x00,0xFF,0x00,0x01,0xFC,0x00,0x00,0x0F,0xF0,0x00,0x1F,0xC0,0x00,0x00,0xFF,0x00,0x03,
  0xFC,0x00,0x00,0x0F,0xE0,0x00,0x3F,0xC0,0x00,0x00,0xFE,0x00,0x03,0xFC,0x00,0x00,0x1F,0xE0,0x00,0x3F,0x80,0x00,0x00,0x00,
  0x00,0x00,0x78,0x00,0x00,0x00,0x00,0x00,0x07,0xC0,0x00,0x00,0x00,0x00,0x00,0x3E,0x00,0x00,0x00,0x00,0x00,0x01,0xF0,0x00,
  0x00,0x00,0x00,0x00,0x0F,0x80,0x00,0x00,0x00,0x00,0x00,0x7C,0x00,0x00,0x00,0x00,0x00,0x03,0xE0,0x00,0x00,0x00,0x00,0x03,
  0xFF,0xFC,0x00,0x00,0x00,0x03,0xFF,0xFF,0xFE,0x00,0x00,0x00,0x7F,0xFF,0xFF,0xFC,0x00,0x00,0x0F,0xFF,0xFF,0xFF,0xF8,0x00,
  0x01,0xFF,0xFF,0xFF,0xFF,0xE0,0x00,0x1F,0xFF,0xFF,0xFF,0xFF,0x80,0x01,0xFF,0xFF,0xFF,0xFF,0xFE,0x00,0x1F,0xFF,0xFF,0xFF,
  0xFF,0xF8,0x00,0xFF,0xFF,0xFF,0xFF,0xFF,0xE0,0x0F,0xFF,0xFE,0xFF,0xFF,0xFF,0x00,0x7F,0xFF,0x07,0xC3,0xFF,0xFC,0x07,0xFF,
  0xF0,0x3E,0x0F,0xFF,0xE0,0x3F,0xFF,0x01,0xF0,0x3F,0xFF,0x81,0xFF,0xF0,0x0F,0x80,0xFF,0xFC,0x0F,0xFF,0x80,0x7C,0x03,0xFF,
  0xE0,0xFF,0xF8,0x03,0xE0,0x1F,0xFF,0x87,0xFF,0xC0,0x1F,0x00,0x7F,0xFC,0x3F,0xFE,0x00,0xF8,0x03,0xFF,0x81,0xFF,0xF0,0x07,
  0xC0,0x1E,0x00,0x07,0xFF,0xC0,0x3E,0x00,0x00,0x00,0x3F,0xFE,0x01,0xF0,0x00,0x00,0x01,0xFF,0xF8,0x0F,0x80,0x00,0x00,0x0F,
  0xFF,0xE0,0x7C,0x00,0x00,0x00,0x7F,0xFF,0x83,0xE0,0x00,0x00,0x01,0xFF,0xFF,0x9F,0x00,0x00,0x00,0x0F,0xFF,0xFF,0xF8,0x00,
  0x00,0x00,0x3F,0xFF,0xFF,0xE0,0x00,0x00,0x01,0xFF,0xFF,0xFF,0xF0,0x00,0x00,0x07,0xFF,0xFF,0xFF,0xF0,0x00,0x00,0x1F,0xFF,
  0xFF,0xFF,0xF0,0x00,0x00,0x7F,0xFF,0xFF,0xFF,0xF0,0x00,0x01,0xFF,0xFF,0xFF,0xFF,0xC0,0x00,0x03,0xFF,0xFF,0xFF,0xFF,0x80,
  0x00,0x0F,0xFF,0xFF,0xFF,0xFE,0x00,0x00,0x0F,0xFF,0xFF,0xFF,0xF8,0x00,0x00,0x0F,0xFF,0xFF,0xFF,0xE0,0x00,0x00,0x0F,0xFF,
  0xFF,0xFF,0x80,0x00,0x00,0x0F,0xFF,0xFF,0xFC,0x00,0x00,0x00,0x7F,0xFF,0xFF,0xF0,0x00,0x00,0x03,0xE1,0xFF,0xFF,0x80,0x00,
  0x00,0x1F,0x01,0xFF,0xFE,0x00,0x00,0x00,0xF8,0x07,0xFF,0xF0,0x00,0x00,0x07,0xC0,0x0F,0xFF,0x80,0x00,0x00,0x3E,0x00,0x7F,
  0xFC,0x00,0x00,0x01,0xF0,0x01,0xFF,0xF0,0x03,0x80,0x0F,0x80,0x0F,0xFF,0x87,0xFC,0x00,0x7C,0x00,0x7F,0xFF,0xFF,0xE0,0x03,
  0xE0,0x03,0xFF,0xEF,0xFF,0x80,0x1F,0x00,0x1F,0xFF,0x7F,0xFC,0x00,0xF8,0x00,0xFF,0xFB,0xFF,0xF0,0x07,0xC0,0x0F,0xFF,0x9F,
  0xFF,0x80,0x3E,0x00,0x7F,0xFC,0x7F,0xFE,0x01,0xF0,0x07,0xFF,0xE3,0xFF,0xF8,0x0F,0x80,0x7F,0xFF,0x0F,0xFF,0xF0,0x7C,0x07,
  0xFF,0xF0,0x7F,0xFF,0xF3,0xE3,0xFF,0xFF,0x81,0xFF,0xFF,0xFF,0xFF,0xFF,0xF8,0x0F,0xFF,0xFF,0xFF,0xFF,0xFF,0xC0,0x3F,0xFF,
  0xFF,0xFF,0xFF,0xFC,0x00,0xFF,0xFF,0xFF,0xFF,0xFF,0xC0,0x03,0xFF,0xFF,0xFF,0xFF,0xFC,0x00,0x0F,0xFF,0xFF,0xFF,0xFF,0xC0,
  0x00,0x1F,0xFF,0xFF,0xFF,0xF8,0x00,0x00,0x3F,0xFF,0xFF,0xFF,0x00,0x00,0x00,0x7F,0xFF,0xFF,0xC0,0x00,0x00,0x00,0x1F,0xFF,
  0xC0,0x00,0x00,0x00,0x00,0x07,0xC0,0x00,0x00,0x00,0x00,0x00,0x3E,0x00,0x00,0x00,0x00,0x00,0x01,0xF0,0x00,0x00,0x00,0x00,
  0x00,0x0F,0x80,0x00,0x00,0x00,0x00,0x00,0x7C,0x00,0x00,0x00,0x00,0x00,0x03,0xE0,0x00,0x00,0x00,0x00,0x00,0x1F,0x00,0x00,
  0x00,0x00,0x00,0x00,0xF8,0x00,0x00,0x00,0x00,0x0F,0xFE,0x00,0x00,0x00,0x00,0x00,0x00,0x00,0x00,0x0F,0xFF,0xF8,0x00,0x00,
  0x00,0x03,0xFF,0x00,0x00,0x03,0xFF,0xFF,0x80,0x00,0x00,0x00,0xFF,0xC0,0x00,0x01,0xFF,0xFF,0xFC,0x00,0x00,0x00,0x3F,0xF8,
  0x00,0x00,0x7F,0xFF,0xFF,0xC0,0x00,0x00,0x07,0xFE,0x00,0x00,0x1F,0xFF,0xFF,0xFC,0x00,0x00,0x01,0xFF,0x80,0x00,0x03,0xFF,
  0xFF,0xFF,0x80,0x00,0x00,0x3F,0xF0,0x00,0x00,0xFF,0xFF,0xFF,0xF8,0x00,0x00,0x0F,0xFC,0x00,0x00,0x1F,0xFC,0x07,0xFF,0x00,
  0x00,0x03,0xFF,0x00,0x00,0x07,0xFF,0x00,0x7F,0xF0,0x00,0x00,0x7F,0xE0,0x00,0x00,0xFF,0xE0,0x07,0xFE,0x00,0x00,0x1F,0xF8,
  0x00,0x00,0x1F,0xF8,0x00,0xFF,0xE0,0x00,0x07,0xFE,0x00,0x00,0x07,0xFF,0x00,0x1F,0xFC,0x00,0x00,0xFF,0xC0,0x00,0x00,0xFF,
  0xE0,0x01,0xFF,0x80,0x00,0x3F,0xF0,0x00,0x00,0x1F,0xF8,0x00,0x3F,0xF0,0x00,0x0F,0xFE,0x00,0x00,0x03,0xFF,0x00,0x07,0xFE,
  0x00,0x01,0xFF,0x80,0x00,0x00,0x7F,0xE0,0x00,0xFF,0xE0,0x00,0x7F,0xE0,0x00,0x00,0x0F,0xFC,0x00,0x1F,0xFC,0x00,0x1F,0xFC,
  0x00,0x00,0x03,0xFF,0x80,0x03,0xFF,0x80,0x03,0xFF,0x00,0x00,0x00,0x7F,0xF0,0x00,0x7F,0xF0,0x00,0xFF,0xC0,0x00,0x00,0x0F,
  0xFE,0x00,0x0F,0xFE,0x00,0x3F,0xF8,0x00,0x00,0x01,0xFF,0xC0,0x01,0xFF,0xC0,0x07,0xFE,0x00,0x00,0x00,0x3F,0xF8,0x00,0x3F,
  0xF8,0x01,0xFF,0x80,0x00,0x00,0x07,0xFF,0x00,0x07,0xFF,0x00,0x7F,0xF0,0x00,0x00,0x00,0x7F,0xE0,0x00,0xFF,0xE0,0x0F,0xFC,
  0x00,0x00,0x00,0x0F,0xFC,0x00,0x1F,0xFC,0x03,0xFF,0x00,0x00,0x00,0x01,0xFF,0x80,0x03,0xFF,0x80,0xFF,0xE0,0x00,0x00,0x00,
  0x3F,0xF0,0x00,0x7F,0xE0,0x1F,0xF8,0x03,0xFF,0x80,0x07,0xFE,0x00,0x0F,0xFC,0x07,0xFE,0x03,0xFF,0xFC,0x00,0xFF,0xE0,0x01,
  0xFF,0x81,0xFF,0xC1,0xFF,0xFF,0xE0,0x1F,0xFC,0x00,0x7F,0xF0,0x3F,0xF0,0x7F,0xFF,0xFF,0x01,0xFF,0x80,0x0F,0xFC,0x0F,0xFC,
  0x1F,0xFF,0xFF,0xF0,0x3F,0xF8,0x03,0xFF,0x81,0xFF,0x87,0xFF,0xFF,0xFE,0x07,0xFF,0x00,0x7F,0xF0,0x7F,0xE0,0xFF,0xFF,0xFF,
  0xE0,0x7F,0xF0,0x1F,0xFC,0x1F,0xF8,0x3F,0xFF,0xFF,0xFE,0x0F,0xFF,0xFF,0xFF,0x83,0xFF,0x0F,0xFF,0x01,0xFF,0xC0,0xFF,0xFF,
  0xFF,0xE0,0xFF,0xC1,0xFF,0xC0,0x1F,0xFC,0x0F,0xFF,0xFF,0xF8,0x3F,0xF0,0x3F,0xF0,0x03,0xFF,0x80,0xFF,0xFF,0xFF,0x07,0xFE,
  0x0F,0xFE,0x00,0x3F,0xF0,0x0F,0xFF,0xFF,0x81,0xFF,0x81,0xFF,0xC0,0x07,0xFF,0x00,0xFF,0xFF,0xE0,0x7F,0xE0,0x3F,0xF0,0x00,
  0xFF,0xE0,0x07,0xFF,0xF0,0x0F,0xFC,0x07,0xFE,0x00,0x0F,0xFC,0x00,0x1F,0xF0,0x03,0xFF,0x00,0xFF,0xC0,0x01,0xFF,0x80,0x00,
  0x00,0x00,0xFF,0xC0,0x3F,0xF8,0x00,0x3F,0xF0,0x00,0x00,0x00,0x1F,0xF8,0x07,0xFF,0x00,0x07,0xFE,0x00,0x00,0x00,0x07,0xFE,
  0x00,0xFF,0xE0,0x00,0xFF,0xC0,0x00,0x00,0x01,0xFF,0xC0,0x1F,0xFC,0x00,0x1F,0xF8,0x00,0x00,0x00,0x3F,0xF0,0x03,0xFF,0x80,
  0x03,0xFF,0x00,0x00,0x00,0x0F,0xFC,0x00,0x7F,0xF0,0x00,0x7F,0xE0,0x00,0x00,0x03,0xFF,0x80,0x0F,0xFE,0x00,0x0F,0xFC,0x00,
  0x00,0x00,0x7F,0xE0,0x01,0xFF,0xC0,0x01,0xFF,0x80,0x00,0x00,0x1F,0xF8,0x00,0x3F,0xF8,0x00,0x3F,0xF0,0x00,0x00,0x07,0xFF,
  0x00,0x07,0xFF,0x00,0x07,0xFE,0x00,0x00,0x00,0xFF,0xC0,0x00,0xFF,0xE0,0x00,0xFF,0xC0,0x00,0x00,0x3F,0xF0,0x00,0x0F,0xFC,
  0x00,0x1F,0xF8,0x00,0x00,0x0F,0xFE,0x00,0x01,0xFF,0x80,0x07,0xFF,0x00,0x00,0x01,0xFF,0x80,0x00,0x3F,0xF0,0x00,0xFF,0xE0,
  0x00,0x00,0x7F,0xE0,0x00,0x07,0xFF,0x00,0x1F,0xF8,0x00,0x00,0x0F,0xFC,0x00,0x00,0xFF,0xE0,0x03,0xFF,0x00,0x00,0x03,0xFF,
  0x00,0x00,0x0F,0xFC,0x00,0xFF,0xE0,0x00,0x00,0xFF,0xC0,0x00,0x01,0xFF,0xC0,0x1F,0xF8,0x00,0x00,0x1F,0xF8,0x00,0x00,0x1F,
  0xFC,0x0F,0xFF,0x00,0x00,0x07,0xFE,0x00,0x00,0x03,0xFF,0xFF,0xFF,0xC0,0x00,0x01,0xFF,0x80,0x00,0x00,0x3F,0xFF,0xFF,0xF8,
  0x00,0x00,0x3F,0xF0,0x00,0x00,0x07,0xFF,0xFF,0xFE,0x00,0x00,0x0F,0xFC,0x00,0x00,0x00,0x7F,0xFF,0xFF,0x80,0x00,0x03,0xFF,
  0x00,0x00,0x00,0x07,0xFF,0xFF,0xE0,0x00,0x00,0x7F,0xE0,0x00,0x00,0x00,0x3F,0xFF,0xF8,0x00,0x00,0x1F,0xF8,0x00,0x00,0x00,
  0x03,0xFF,0xFC,0x00,0x00,0x00,0x00,0x00,0x00,0x00,0x00,0x0F,0xFC,0x00,0x00,0x00,0x00,0x00,0x7F,0xF8,0x00,0x00,0x00,0x00,
  0x00,0x03,0xFF,0xFF,0x00,0x00,0x00,0x00,0x00,0x0F,0xFF,0xFF,0xC0,0x00,0x00,0x00,0x00,0x1F,0xFF,0xFF,0xF0,0x00,0x00,0x00,
  0x00,0x7F,0xFF,0xFF,0xF8,0x00,0x00,0x00,0x00,0xFF,0xFF,0xFF,0xFC,0x00,0x00,0x00,0x00,0xFF,0xFF,0xFF,0xFE,0x00,0x00,0x00,
  0x01,0xFF,0xFF,0xFF,0xFE,0x00,0x00,0x00,0x01,0xFF,0xF8,0x7F,0xFF,0x00,0x00,0x00,0x03,0xFF,0xE0,0x1F,0xFF,0x00,0x00,0x00,
  0x03,0xFF,0xC0,0x07,0xFF,0x00,0x00,0x00,0x03,0xFF,0x80,0x07,0xFF,0x80,0x00,0x00,0x07,0xFF,0x00,0x03,0xFF,0x80,0x00,0x00,
  0x07,0xFF,0x00,0x03,0xFF,0x80,0x00,0x00,0x07,0xFF,0x00,0x03,0xFF,0x80,0x00,0x00,0x07,0xFF,0x00,0x03,0xFF,0x80,0x00,0x00,
  0x07,0xFF,0x00,0x03,0xFF,0x80,0x00,0x00,0x07,0xFF,0x00,0x07,0xFF,0x80,0x00,0x00,0x07,0xFF,0x00,0x07,0xFF,0x00,0x00,0x00,
  0x07,0xFF,0x00,0x0F,0xFF,0x00,0x00,0x00,0x03,0xFF,0x00,0x1F,0xFE,0x00,0x00,0x00,0x03,0xFF,0x80,0x3F,0xFE,0x00,0x00,0x00,
  0x03,0xFF,0x80,0xFF,0xFC,0x00,0x00,0x00,0x03,0xFF,0x83,0xFF,0xF8,0x00,0x00,0x00,0x01,0xFF,0xCF,0xFF,0xF0,0x00,0x00,0x00,
  0x01,0xFF,0xFF,0xFF,0xE0,0x00,0x00,0x00,0x01,0xFF,0xFF,0xFF,0xC0,0x00,0x00,0x00,0x00,0xFF,0xFF,0xFF,0x80,0x00,0x00,0x00,
  0x00,0xFF,0xFF,0xFE,0x00,0x00,0x00,0x00,0x00,0xFF,0xFF,0xFC,0x00,0x00,0x00,0x00,0x03,0xFF,0xFF,0xF0,0x00,0x00,0x00,0x00,
  0x07,0xFF,0xFF,0xC0,0x00,0x00,0x00,0x00,0x1F,0xFF,0xFF,0x00,0x00,0x60,0x00,0x00,0x3F,0xFF,0xFC,0x00,0x00,0x7C,0x00,0x00,
  0xFF,0xFF,0xFE,0x00,0x00,0x7F,0x80,0x01,0xFF,0xFF,0xFE,0x00,0x00,0xFF,0xE0,0x03,0xFF,0xFF,0xFF,0x00,0x00,0xFF,0xE0,0x07,
  0xFF,0xFF,0xFF,0x80,0x00,0xFF,0xE0,0x0F,0xFF,0xFF,0xFF,0x80,0x01,0xFF,0xE0,0x0F,0xFF,0xF7,0xFF,0xC0,0x01,0xFF,0xC0,0x1F,
  0xFF,0xC3,0xFF,0xE0,0x03,0xFF,0xC0,0x3F,0xFF,0x81,0xFF,0xE0,0x03,0xFF,0x80,0x3F,0xFF,0x01,0xFF,0xF0,0x03,0xFF,0x80,0x7F,
  0xFE,0x00,0xFF,0xF8,0x07,0xFF,0x80,0x7F,0xFC,0x00,0xFF,0xF8,0x07,0xFF,0x00,0x7F,0xFC,0x00,0x7F,0xFC,0x0F,0xFF,0x00,0x7F,
  0xF8,0x00,0x3F,0xFE,0x0F,0xFE,0x00,0xFF,0xF8,0x00,0x3F,0xFF,0x1F,0xFE,0x00,0xFF,0xF8,0x00,0x1F,0xFF,0xBF,0xFC,0x00,0xFF,
  0xF8,0x00,0x0F,0xFF,0xFF,0xFC,0x00,0xFF,0xF8,0x00,0x07,0xFF,0xFF,0xF8,0x00,0xFF,0xF8,0x00,0x07,0xFF,0xFF,0xF8,0x00,0xFF,
  0xF8,0x00,0x03,0xFF,0xFF,0xF0,0x00,0xFF,0xF8,0x00,0x01,0xFF,0xFF,0xF0,0x00,0x7F,0xFC,0x00,0x00,0xFF,0xFF,0xE0,0x00,0x7F,
  0xFC,0x00,0x00,0x7F,0xFF,0xC0,0x00,0x7F,0xFE,0x00,0x00,0x3F,0xFF,0xE0,0x00,0x7F,0xFE,0x00,0x00,0x7F,0xFF,0xF0,0x00,0x3F,
  0xFF,0x80,0x00,0xFF,0xFF,0xFC,0x00,0x3F,0xFF,0xC0,0x03,0xFF,0xFF,0xFF,0xFF,0x1F,0xFF,0xFC,0x1F,0xFF,0xFF,0xFF,0xFF,0x1F,
  0xFF,0xFF,0xFF,0xFF,0xFF,0xFF,0xFF,0x0F,0xFF,0xFF,0xFF,0xFF,0xFF,0xFF,0xFF,0x07,0xFF,0xFF,0xFF,0xFF,0xFF,0xFF,0xFF,0x03,
  0xFF,0xFF,0xFF,0xFF,0x9F,0xFF,0xFF,0x01,0xFF,0xFF,0xFF,0xFF,0x0F,0xFF,0xFF,0x00,0x7F,0xFF,0xFF,0xFC,0x03,0xFF,0xFF,0x00,
  0x1F,0xFF,0xFF,0xF0,0x00,0xFF,0xFF,0x00,0x07,0xFF,0xFF,0x80,0x00,0x1F,0xFF,0x00,0x00,0x7F,0xFC,0x00,0x00,0x01,0xF8,0xFF,
  0xFF,0xFF,0xFF,0xFF,0xFF,0xFF,0xFF,0xFF,0xFD,0xFF,0xEF,0xFF,0x7F,0xFB,0xFF,0xDF,0xFE,0xFF,0xF7,0xFF,0xBF,0xFD,0xFF,0xEF,
  0xFF,0x7F,0xFB,0xFF,0xDF,0xFE,0xFF,0xE7,0xFF,0x3F,0xF9,0xFF,0xCF,0xFE,0x7F,0xF0,0x00,0x03,0xFF,0xF0,0x00,0x7F,0xFE,0x00,
  0x07,0xFF,0xC0,0x00,0xFF,0xFC,0x00,0x1F,0xFF,0x80,0x01,0xFF,0xF0,0x00,0x3F,0xFF,0x00,0x03,0xFF,0xE0,0x00,0x7F,0xFE,0x00,
  0x0F,0xFF,0xC0,0x00,0xFF,0xFC,0x00,0x1F,0xFF,0x80,0x01,0xFF,0xF8,0x00,0x3F,0xFF,0x00,0x03,0xFF,0xF0,0x00,0x3F,0xFE,0x00,
  0x07,0xFF,0xE0,0x00,0x7F,0xFC,0x00,0x0F,0xFF,0xC0,0x00,0xFF,0xFC,0x00,0x0F,0xFF,0x80,0x01,0xFF,0xF8,0x00,0x1F,0xFF,0x80,
  0x01,0xFF,0xF0,0x00,0x1F,0xFF,0x00,0x03,0xFF,0xF0,0x00,0x3F,0xFF,0x00,0x03,0xFF,0xE0,0x00,0x3F,0xFE,0x00,0x07,0xFF,0xE0,
  0x00,0x7F,0xFE,0x00,0x07,0xFF,0xE0,0x00,0x7F,0xFC,0x00,0x07,0xFF,0xC0,0x00,0x7F,0xFC,0x00,0x07,0xFF,0xC0,0x00,0xFF,0xFC,
  0x00,0x0F,0xFF,0xC0,0x00,0xFF,0xFC,0x00,0x0F,0xFF,0xC0,0x00,0xFF,0xFC,0x00,0x0F,0xFF,0xC0,0x00,0xFF,0xFC,0x00,0x0F,0xFF,
  0x80,0x00,0xFF,0xF8,0x00,0x0F,0xFF,0x80,0x00,0xFF,0xF8,0x00,0x0F,0xFF,0x80,0x00,0xFF,0xF8,0x00,0x0F,0xFF,0x80,0x00,0xFF,
  0xFC,0x00,0x0F,0xFF,0xC0,0x00,0xFF,0xFC,0x00,0x0F,0xFF,0xC0,0x00,0xFF,0xFC,0x00,0x0F,0xFF,0xC0,0x00,0xFF,0xFC,0x00,0x07,
  0xFF,0xC0,0x00,0x7F,0xFC,0x00,0x07,0xFF,0xC0,0x00,0x7F,0xFC,0x00,0x07,0xFF,0xE0,0x00,0x7F,0xFE,0x00,0x07,0xFF,0xE0,0x00,
  0x3F,0xFE,0x00,0x03,0xFF,0xE0,0x00,0x3F,0xFF,0x00,0x03,0xFF,0xF0,0x00,0x1F,0xFF,0x00,0x01,0xFF,0xF0,0x00,0x1F,0xFF,0x80,
  0x01,0xFF,0xF8,0x00,0x0F,0xFF,0x80,0x00,0xFF,0xFC,0x00,0x0F,0xFF,0xC0,0x00,0x7F,0xFE,0x00,0x07,0xFF,0xE0,0x00,0x3F,0xFE,
  0x00,0x03,0xFF,0xF0,0x00,0x3F,0xFF,0x00,0x01,0xFF,0xF8,0x00,0x1F,0xFF,0x80,0x00,0xFF,0xFC,0x00,0x0F,0xFF,0xC0,0x00,0x7F,
  0xFE,0x00,0x03,0xFF,0xE0,0x00,0x3F,0xFF,0x00,0x01,0xFF,0xF0,0x00,0x1F,0xFF,0x80,0x00,0xFF,0xFC,0x00,0x07,0xFF,0xC0,0x00,
  0x7F,0xFE,0x00,0x03,0xFF,0xF0,0xFF,0xFC,0x00,0x07,0xFF,0xE0,0x00,0x3F,0xFE,0x00,0x03,0xFF,0xF0,0x00,0x1F,0xFF,0x80,0x00,
  0xFF,0xF8,0x00,0x0F,0xFF,0xC0,0x00,0x7F,0xFC,0x00,0x07,0xFF,0xE0,0x00,0x3F,0xFF,0x00,0x03,0xFF,0xF0,0x00,0x1F,0xFF,0x80,
  0x01,0xFF,0xF8,0x00,0x0F,0xFF,0x80,0x00,0xFF,0xFC,0x00,0x07,0xFF,0xC0,0x00,0x7F,0xFE,0x00,0x07,0xFF,0xE0,0x00,0x3F,0xFF,
  0x00,0x03,0xFF,0xF0,0x00,0x1F,0xFF,0x00,0x01,0xFF,0xF8,0x00,0x1F,0xFF,0x80,0x01,0xFF,0xF8,0x00,0x0F,0xFF,0x80,0x00,0xFF,
  0xFC,0x00,0x0F,0xFF,0xC0,0x00,0x7F,0xFC,0x00,0x07,0xFF,0xC0,0x00,0x7F,0xFE,0x00,0x07,0xFF,0xE0,0x00,0x7F,0xFE,0x00,0x07,
  0xFF,0xE0,0x00,0x3F,0xFE,0x00,0x03,0xFF,0xE0,0x00,0x3F,0xFE,0x00,0x03,0xFF,0xF0,0x00,0x3F,0xFF,0x00,0x03,0xFF,0xF0,0x00,
  0x3F,0xFF,0x00,0x03,0xFF,0xF0,0x00,0x3F,0xFF,0x00,0x03,0xFF,0xF0,0x00,0x3F,0xFF,0x00,0x01,0xFF,0xF0,0x00,0x1F,0xFF,0x00,
  0x01,0xFF,0xF0,0x00,0x1F,0xFF,0x00,0x01,0xFF,0xF0,0x00,0x3F,0xFF,0x00,0x03,0xFF,0xF0,0x00,0x3F,0xFF,0x00,0x03,0xFF,0xF0,
  0x00,0x3F,0xFF,0x00,0x03,0xFF,0xF0,0x00,0x3F,0xFF,0x00,0x03,0xFF,0xF0,0x00,0x3F,0xFE,0x00,0x03,0xFF,0xE0,0x00,0x3F,0xFE,
  0x00,0x07,0xFF,0xE0,0x00,0x7F,0xFE,0x00,0x07,0xFF,0xE0,0x00,0x7F,0xFE,0x00,0x07,0xFF,0xC0,0x00,0x7F,0xFC,0x00,0x0F,0xFF,
  0xC0,0x00,0xFF,0xFC,0x00,0x0F,0xFF,0x80,0x01,0xFF,0xF8,0x00,0x1F,0xFF,0x80,0x01,0xFF,0xF8,0x00,0x1F,0xFF,0x00,0x03,0xFF,
  0xF0,0x00,0x3F,0xFF,0x00,0x07,0xFF,0xE0,0x00,0x7F,0xFE,0x00,0x07,0xFF,0xC0,0x00,0xFF,0xFC,0x00,0x0F,0xFF,0x80,0x01,0xFF,
  0xF8,0x00,0x1F,0xFF,0x80,0x03,0xFF,0xF0,0x00,0x3F,0xFE,0x00,0x07,0xFF,0xE0,0x00,0x7F,0xFC,0x00,0x0F,0xFF,0xC0,0x00,0xFF,
  0xF8,0x00,0x1F,0xFF,0x80,0x03,0xFF,0xF0,0x00,0x3F,0xFE,0x00,0x07,0xFF,0xE0,0x00,0xFF,0xFC,0x00,0x00,0x00,0x03,0xFF,0x80,
  0x00,0x00,0x0F,0xFE,0x00,0x00,0x00,0x3F,0xF8,0x00,0x00,0x00,0xFF,0xC0,0x00,0x00,0x03,0xFF,0x00,0x00,0x00,0x07,0xFC,0x00,
  0x00,0x00,0x1F,0xF0,0x00,0x00,0x00,0x7F,0xC0,0x00,0x00,0x01,0xFF,0x00,0x20,0x78,0x07,0xFC,0x03,0xC1,0xF8,0x1F,0xF0,0x3F,
  0x0F,0xF8,0x7F,0xC3,0xFC,0x3F,0xF9,0xFF,0x7F,0xF8,0xFF,0xFF,0xFF,0xFF,0xE7,0xFF,0xFF,0xFF,0xFF,0x9F,0xFF,0xFF,0xFF,0xFF,
  0x7F,0xFF,0xFF,0xFF,0xFF,0xFF,0xFF,0xFF,0xFF,0xF1,0xFF,0xFF,0xFF,0xFF,0x00,0x7F,0xFF,0xFF,0xC0,0x00,0x1F,0xFF,0xF0,0x00,
  0x00,0x3F,0xFF,0x80,0x00,0x01,0xFF,0xFF,0x00,0x00,0x0F,0xFF,0xFE,0x00,0x00,0x7F,0xFF,0xFC,0x00,0x03,0xFF,0xBF,0xF8,0x00,
  0x1F,0xFC,0xFF,0xE0,0x00,0xFF,0xF1,0xFF,0xC0,0x07,0xFF,0x87,0xFF,0x80,0x3F,0xFE,0x0F,0xFF,0x00,0xFF,0xF0,0x1F,0xFE,0x03,
  0xFF,0x80,0x7F,0xF8,0x07,0xFE,0x00,0xFF,0x80,0x07,0xF0,0x03,0xFC,0x00,0x0F,0xC0,0x07,0xC0,0x00,0x0E,0x00,0x0E,0x00,0x00,
  0x18,0x00,0x20,0x00,0x00,0x00,0x0F,0xFC,0x00,0x00,0x00,0x00,0x07,0xFF,0x00,0x00,0x00,0x00,0x01,0xFF,0xC0,0x00,0x00,0x00,
  0x00,0x7F,0xF0,0x00,0x00,0x00,0x00,0x1F,0xFC,0x00,0x00,0x00,0x00,0x07,0xFF,0x00,0x00,0x00,0x00,0x01,0xFF,0xC0,0x00,0x00,
  0x00,0x00,0x7F,0xF0,0x00,0x00,0x00,0x00,0x1F,0xFC,0x00,0x00,0x00,0x00,0x07,0xFF,0x00,0x00,0x00,0x00,0x01,0xFF,0xC0,0x00,
  0x00,0x00,0x00,0x7F,0xF0,0x00,0x00,0x00,0x00,0x1F,0xFC,0x00,0x00,0x00,0x00,0x07,0xFF,0x00,0x00,0x00,0x00,0x01,0xFF,0xC0,
  0x00,0x00,0x00,0x00,0x7F,0xF0,0x00,0x00,0x00,0x00,0x1F,0xFC,0x00,0x00,0x00,0x00,0x07,0xFF,0x00,0x00,0x00,0x00,0x01,0xFF,
  0xC0,0x00,0x00,0x00,0x00,0x7F,0xF0,0x00,0x00,0xFF,0xFF,0xFF,0xFF,0xFF,0xFF,0xFF,0xFF,0xFF,0xFF,0xFF,0xFF,0xFF,0xFF,0xFF,
  0xFF,0xFF,0xFF,0xFF,0xFF,0xFF,0xFF,0xFF,0xFF,0xFF,0xFF,0xFF,0xFF,0xFF,0xFF,0xFF,0xFF,0xFF,0xFF,0xFF,0xFF,0xFF,0xFF,0xFF,
  0xFF,0xFF,0xFF,0xFF,0xFF,0xFF,0xFF,0xFF,0xFF,0xFF,0xFF,0xFF,0xFF,0xFF,0xFF,0xFF,0xFF,0xFF,0xFF,0xFF,0xFF,0xFF,0xFF,0xFF,
  0xFF,0xFF,0xFF,0xFF,0xFF,0xFC,0x00,0x00,0x7F,0xF0,0x00,0x00,0x00,0x00,0x1F,0xFC,0x00,0x00,0x00,0x00,0x07,0xFF,0x00,0x00,
  0x00,0x00,0x01,0xFF,0xC0,0x00,0x00,0x00,0x00,0x7F,0xF0,0x00,0x00,0x00,0x00,0x1F,0xFC,0x00,0x00,0x00,0x00,0x07,0xFF,0x00,
  0x00,0x00,0x00,0x01,0xFF,0xC0,0x00,0x00,0x00,0x00,0x7F,0xF0,0x00,0x00,0x00,0x00,0x1F,0xFC,0x00,0x00,0x00,0x00,0x07,0xFF,
  0x00,0x00,0x00,0x00,0x01,0xFF,0xC0,0x00,0x00,0x00,0x00,0x7F,0xF0,0x00,0x00,0x00,0x00,0x1F,0xFC,0x00,0x00,0x00,0x00,0x07,
  0xFF,0x00,0x00,0x00,0x00,0x01,0xFF,0xC0,0x00,0x00,0x00,0x00,0x7F,0xF0,0x00,0x00,0x00,0x00,0x1F,0xFC,0x00,0x00,0x00,0x00,
  0x07,0xFF,0x00,0x00,0x00,0x00,0x00,0xFF,0xC0,0x00,0x00,0xFF,0xFF,0xFF,0xFF,0xFF,0xFF,0xFF,0xFF,0xFF,0xFF,0xFF,0xFF,0xFF,
  0xFF,0xFF,0xFF,0xFF,0xFF,0xFF,0xFF,0xFF,0xFF,0xFF,0xFF,0xFF,0xFF,0xC0,0xFF,0x03,0xFC,0x0F,0xF0,0x3F,0x81,0xFE,0x07,0xF8,
  0x1F,0xE0,0xFF,0x03,0xFC,0x1F,0xF0,0x7F,0x83,0xFE,0x0F,0xF0,0x7F,0xC3,0xFE,0x00,0xFF,0xFF,0xFF,0xFF,0xFF,0xFF,0xFF,0xFF,
  0xFF,0xFF,0xFF,0xFF,0xFF,0xFF,0xFF,0xFF,0xFF,0xFF,0xFF,0xFF,0xFF,0xFF,0xFF,0xFF,0xFF,0xFF,0xFF,0xFF,0xFF,0xFF,0xFF,0xFF,
  0xFF,0xFF,0xFF,0xFF,0xFF,0xF0,0xFF,0xFF,0xFF,0xFF,0xFF,0xFF,0xFF,0xFF,0xFF,0xFF,0xFF,0xFF,0xFF,0xFF,0xFF,0xFF,0xFF,0xFF,
  0xFF,0xFF,0xFF,0xFF,0xFF,0xFF,0xFF,0xFF,0xC0,0x00,0x03,0xFF,0xC0,0x00,0xFF,0xE0,0x00,0x7F,0xF8,0x00,0x1F,0xFE,0x00,0x07,
  0xFF,0x80,0x01,0xFF,0xE0,0x00,0x7F,0xF0,0x00,0x1F,0xFC,0x00,0x0F,0xFF,0x00,0x03,0xFF,0xC0,0x00,0xFF,0xF0,0x00,0x3F,0xF8,
  0x00,0x0F,0xFE,0x00,0x07,0xFF,0x80,0x01,0xFF,0xE0,0x00,0x7F,0xF8,0x00,0x1F,0xFE,0x00,0x07,0xFF,0x00,0x03,0xFF,0xC0,0x00,
  0xFF,0xF0,0x00,0x3F,0xFC,0x00,0x0F,0xFF,0x00,0x03,0xFF,0x80,0x01,0xFF,0xE0,0x00,0x7F,0xF8,0x00,0x1F,0xFE,0x00,0x07,0xFF,
  0x80,0x01,0xFF,0xC0,0x00,0x7F,0xF0,0x00,0x3F,0xFC,0x00,0x0F,0xFF,0x00,0x03,0xFF,0xC0,0x00,0xFF,0xF0,0x00,0x3F,0xF8,0x00,
  0x1F,0xFE,0x00,0x07,0xFF,0x80,0x01,0xFF,0xE0,0x00,0x7F,0xF8,0x00,0x1F,0xFC,0x00,0x0F,0xFF,0x00,0x03,0xFF,0xC0,0x00,0xFF,
  0xF0,0x00,0x3F,0xFC,0x00,0x0F,0xFE,0x00,0x03,0xFF,0x80,0x01,0xFF,0xE0,0x00,0x7F,0xF8,0x00,0x1F,0xFE,0x00,0x07,0xFF,0x80,
  0x01,0xFF,0xC0,0x00,0xFF,0xF0,0x00,0x3F,0xFC,0x00,0x0F,0xFF,0x00,0x03,0xFF,0xC0,0x00,0xFF,0xE0,0x00,0x7F,0xF8,0x00,0x1F,
  0xFE,0x00,0x07,0xFF,0x80,0x01,0xFF,0xE0,0x00,0x7F,0xF0,0x00,0x3F,0xFC,0x00,0x0F,0xFF,0x00,0x03,0xFF,0xC0,0x00,0xFF,0xF0,
  0x00,0x3F,0xFC,0x00,0x0F,0xFE,0x00,0x07,0xFF,0x80,0x01,0xFF,0xE0,0x00,0x7F,0xF8,0x00,0x1F,0xFE,0x00,0x07,0xFF,0x00,0x03,
  0xFF,0xC0,0x00,0xFF,0xF0,0x00,0x3F,0xFC,0x00,0x00,0x00,0x00,0x3F,0xF8,0x00,0x00,0x00,0x07,0xFF,0xFF,0x00,0x00,0x00,0x3F,
  0xFF,0xFF,0x80,0x00,0x01,0xFF,0xFF,0xFF,0x80,0x00,0x07,0xFF,0xFF,0xFF,0xC0,0x00,0x1F,0xFF,0xFF,0xFF,0xC0,0x00,0x7F,0xFF,
  0xFF,0xFF,0xC0,0x01,0xFF,0xFF,0xFF,0xFF,0xC0,0x03,0xFF,0xFF,0xFF,0xFF,0x80,0x0F,0xFF,0xFF,0xFF,0xFF,0x80,0x3F,0xFF,0xFF,
  0xFF,0xFF,0x00,0x7F,0xFF,0x80,0xFF,0xFF,0x01,0xFF,0xFC,0x00,0x7F,0xFE,0x03,0xFF,0xF0,0x00,0x7F,0xFE,0x07,0xFF,0xC0,0x00,
  0xFF,0xFC,0x1F,0xFF,0x80,0x00,0xFF,0xFC,0x3F,0xFE,0x00,0x01,0xFF,0xF8,0x7F,0xFC,0x00,0x01,0xFF,0xF1,0xFF,0xF8,0x00,0x03,
  0xFF,0xE3,0xFF,0xF0,0x00,0x07,0xFF,0xE7,0xFF,0xC0,0x00,0x0F,0xFF,0xCF,0xFF,0x80,0x00,0x0F,0xFF,0x9F,0xFF,0x00,0x00,0x1F,
  0xFF,0x3F,0xFE,0x00,0x00,0x3F,0xFE,0xFF,0xFC,0x00,0x00,0x7F,0xFD,0xFF,0xF8,0x00,0x00,0xFF,0xFF,0xFF,0xF0,0x00,0x01,0xFF,
  0xFF,0xFF,0xE0,0x00,0x03,0xFF,0xFF,0xFF,0xC0,0x00,0x07,0xFF,0xFF,0xFF,0x80,0x00,0x0F,0xFF,0xFF,0xFF,0x00,0x00,0x1F,0xFF,
  0xFF,0xFE,0x00,0x00,0x3F,0xFF,0xFF,0xFC,0x00,0x00,0x7F,0xFF,0xFF,0xF8,0x00,0x00,0xFF,0xFF,0xFF,0xF0,0x00,0x01,0xFF,0xFF,
  0xFF,0xE0,0x00,0x03,0xFF,0xFF,0xFF,0xC0,0x00,0x07,0xFF,0xFF,0xFF,0x80,0x00,0x0F,0xFF,0xFF,0xFF,0x00,0x00,0x1F,0xFF,0xFF,
  0xFE,0x00,0x00,0x3F,0xFF,0xFF,0xFC,0x00,0x00,0x7F,0xFF,0xFF,0xF8,0x00,0x00,0xFF,0xFF,0xFF,0xF0,0x00,0x01,0xFF,0xFF,0xFF,
  0xE0,0x00,0x03,0xFF,0xFF,0xFF,0xC0,0x00,0x07,0xFF,0xFF,0xFF,0x80,0x00,0x0F,0xFF,0x9F,0xFF,0x00,0x00,0x1F,0xFF,0x3F,0xFE,
  0x00,0x00,0x3F,0xFE,0x7F,0xFC,0x00,0x00,0xFF,0xFC,0xFF,0xFC,0x00,0x01,0xFF,0xF9,0xFF,0xF8,0x00,0x03,0xFF,0xE1,0xFF,0xF0,
  0x00,0x07,0xFF,0xC3,0xFF,0xE0,0x00,0x0F,0xFF,0x87,0xFF,0xE0,0x00,0x3F,0xFF,0x0F,0xFF,0xC0,0x00,0x7F,0xFC,0x0F,0xFF,0x80,
  0x01,0xFF,0xF8,0x1F,0xFF,0x80,0x03,0xFF,0xF0,0x1F,0xFF,0x80,0x0F,0xFF,0xC0,0x3F,0xFF,0xC0,0x7F,0xFF,0x80,0x3F,0xFF,0xFF,
  0xFF,0xFE,0x00,0x7F,0xFF,0xFF,0xFF,0xFC,0x00,0x7F,0xFF,0xFF,0xFF,0xF0,0x00,0x7F,0xFF,0xFF,0xFF,0xC0,0x00,0xFF,0xFF,0xFF,
  0xFF,0x00,0x00,0xFF,0xFF,0xFF,0xFC,0x00,0x00,0x7F,0xFF,0xFF,0xF0,0x00,0x00,0x7F,0xFF,0xFF,0xC0,0x00,0x00,0x7F,0xFF,0xFE,
  0x00,0x00,0x00,0x1F,0xFF,0xF0,0x00,0x00,0x00,0x07,0xFF,0x00,0x00,0x00,0x00,0x00,0x7F,0xFE,0x00,0x00,0x00,0x07,0xFF,0xF8,
  0x00,0x00,0x00,0x3F,0xFF,0xE0,0x00,0x00,0x03,0xFF,0xFF,0x80,0x00,0x00,0x1F,0xFF,0xFE,0x00,0x00,0x01,0xFF,0xFF,0xF8,0x00,
  0x00,0x0F,0xFF,0xFF,0xE0,0x00,0x00,0xFF,0xFF,0xFF,0x80,0x00,0x07,0xFF,0xFF,0xFE,0x00,0x00,0x7F,0xFF,0xFF,0xF8,0x00,0x03,
  0xFF,0xFF,0xFF,0xE0,0x00,0x1F,0xFF,0xFF,0xFF,0x80,0x00,0x7F,0xFF,0x7F,0xFE,0x00,0x01,0xFF,0xF1,0xFF,0xF8,0x00,0x07,0xFF,
  0x87,0xFF,0xE0,0x00,0x1F,0xF8,0x1F,0xFF,0x80,0x00,0x7F,0x80,0x7F,0xFE,0x00,0x01,0xFC,0x01,0xFF,0xF8,0x00,0x07,0xC0,0x07,
  0xFF,0xE0,0x00,0x1E,0x00,0x1F,0xFF,0x80,0x00,0x60,0x00,0x7F,0xFE,0x00,0x01,0x00,0x01,0xFF,0xF8,0x00,0x00,0x00,0x07,0xFF,
  0xE0,0x00,0x00,0x00,0x1F,0xFF,0x80,0x00,0x00,0x00,0x7F,0xFE,0x00,0x00,0x00,0x01,0xFF,0xF8,0x00,0x00,0x00,0x07,0xFF,0xE0,
  0x00,0x00,0x00,0x1F,0xFF,0x80,0x00,0x00,0x00,0x7F,0xFE,0x00,0x00,0x00,0x01,0xFF,0xF8,0x00,0x00,0x00,0x07,0xFF,0xE0,0x00,
  0x00,0x00,0x1F,0xFF,0x80,0x00,0x00,0x00,0x7F,0xFE,0x00,0x00,0x00,0x01,0xFF,0xF8,0x00,0x00,0x00,0x07,0xFF,0xE0,0x00,0x00,
  0x00,0x1F,0xFF,0x80,0x00,0x00,0x00,0x7F,0xFE,0x00,0x00,0x00,0x01,0xFF,0xF8,0x00,0x00,0x00,0x07,0xFF,0xE0,0x00,0x00,0x00,
  0x1F,0xFF,0x80,0x00,0x00,0x00,0x7F,0xFE,0x00,0x00,0x00,0x01,0xFF,0xF8,0x00,0x00,0x00,0x07,0xFF,0xE0,0x00,0x00,0x00,0x1F,
  0xFF,0x80,0x00,0x00,0x00,0x7F,0xFE,0x00,0x00,0x00,0x01,0xFF,0xF8,0x00,0x00,0x00,0x07,0xFF,0xE0,0x00,0x00,0x00,0x1F,0xFF,
  0x80,0x00,0x00,0x00,0x7F,0xFE,0x00,0x00,0x00,0x01,0xFF,0xF8,0x00,0x00,0x00,0x07,0xFF,0xE0,0x00,0x00,0x00,0x1F,0xFF,0x80,
  0x00,0x00,0x00,0x7F,0xFE,0x00,0x00,0x00,0x01,0xFF,0xF8,0x00,0x00,0x00,0x07,0xFF,0xE0,0x00,0x00,0x00,0x1F,0xFF,0x80,0x00,
  0x00,0x00,0x7F,0xFE,0x00,0x00,0x00,0x01,0xFF,0xF8,0x00,0x0F,0xFF,0xFF,0xFF,0xFF,0xFF,0xFF,0xFF,0xFF,0xFF,0xFF,0xFF,0xFF,
  0xFF,0xFF,0xFF,0xFF,0xFF,0xFF,0xFF,0xFF,0xFF,0xFF,0xFF,0xFF,0xFF,0xFF,0xFF,0xFF,0xFF,0xFF,0xFF,0xFF,0xFF,0xFF,0xFF,0xFF,
  0xFF,0xFF,0xFF,0xFF,0xFF,0xFF,0xFF,0xFF,0xFF,0xFF,0xFF,0xFF,0xFF,0xFF,0xFF,0xFF,0xFF,0xFF,0xFF,0xFF,0xFF,0x00,0x00,0x3F,
  0xFE,0x00,0x00,0x00,0x03,0xFF,0xFF,0xE0,0x00,0x00,0x0F,0xFF,0xFF,0xF8,0x00,0x00,0x3F,0xFF,0xFF,0xFE,0x00,0x00,0x7F,0xFF,
  0xFF,0xFF,0x80,0x01,0xFF,0xFF,0xFF,0xFF,0xC0,0x03,0xFF,0xFF,0xFF,0xFF,0xE0,0x03,0xFF,0xFF,0xFF,0xFF,0xF0,0x07,0xFF,0xFF,
  0xFF,0xFF,0xF0,0x0F,0xFF,0xFF,0xFF,0xFF,0xF8,0x0F,0xFF,0xFF,0xFF,0xFF,0xF8,0x1F,0xFF,0xF0,0x0F,0xFF,0xFC,0x1F,0xFF,0xE0,
  0x03,0xFF,0xFC,0x3F,0xFF,0x80,0x01,0xFF,0xFC,0x3F,0xFF,0x80,0x00,0xFF,0xFE,0x3F,0xFF,0x00,0x00,0xFF,0xFE,0x7F,0xFF,0x00,
  0x00,0x7F,0xFE,0x7F,0xFE,0x00,0x00,0x7F,0xFE,0x7F,0xFE,0x00,0x00,0x7F,0xFE,0x0F,0xFE,0x00,0x00,0x7F,0xFE,0x00,0x00,0x00,
  0x00,0x7F,0xFE,0x00,0x00,0x00,0x00,0x7F,0xFE,0x00,0x00,0x00,0x00,0x7F,0xFE,0x00,0x00,0x00,0x00,0xFF,0xFE,0x00,0x00,0x00,
  0x00,0xFF,0xFC,0x00,0x00,0x00,0x01,0xFF,0xFC,0x00,0x00,0x00,0x01,0xFF,0xFC,0x00,0x00,0x00,0x03,0xFF,0xF8,0x00,0x00,0x00,
  0x07,0xFF,0xF8,0x00,0x00,0x00,0x0F,0xFF,0xF0,0x00,0x00,0x00,0x1F,0xFF,0xF0,0x00,0x00,0x00,0x3F,0xFF,0xE0,0x00,0x00,0x00,
  0x7F,0xFF,0xC0,0x00,0x00,0x00,0xFF,0xFF,0xC0,0x00,0x00,0x01,0xFF,0xFF,0x80,0x00,0x00,0x03,0xFF,0xFF,0x00,0x00,0x00,0x0F,
  0xFF,0xFE,0x00,0x00,0x00,0x1F,0xFF,0xFC,0x00,0x00,0x00,0x3F,0xFF,0xF8,0x00,0x00,0x00,0x7F,0xFF,0xF0,0x00,0x00,0x00,0xFF,
  0xFF,0xC0,0x00,0x00,0x01,0xFF,0xFF,0x80,0x00,0x00,0x03,0xFF,0xFF,0x00,0x00,0x00,0x0F,0xFF,0xFE,0x00,0x00,0x00,0x1F,0xFF,
  0xF8,0x00,0x00,0x00,0x3F,0xFF,0xF0,0x00,0x00,0x00,0x3F,0xFF,0xE0,0x00,0x00,0x00,0x7F,0xFF,0xC0,0x00,0x00,0x00,0xFF,0xFF,
  0x00,0x00,0x00,0x01,0xFF,0xFE,0x00,0x00,0x00,0x03,0xFF,0xFC,0x00,0x00,0x00,0x07,0xFF,0xF8,0x00,0x00,0x00,0x07,0xFF,0xF0,
  0x00,0x00,0x00,0x0F,0xFF,0xE0,0x00,0x00,0x00,0x1F,0xFF,0xC0,0x00,0x00,0x00,0x1F,0xFF,0xC0,0x00,0x00,0x00,0x3F,0xFF,0x80,
  0x00,0x00,0x00,0x7F,0xFF,0x80,0x00,0x00,0x00,0x7F,0xFF,0xFF,0xFF,0xFF,0xFF,0xFF,0xFF,0xFF,0xFF,0xFF,0xFF,0xFF,0xFF,0xFF,
  0xFF,0xFF,0xFF,0xFF,0xFF,0xFF,0xFF,0xFF,0xFF,0xFF,0xFF,0xFF,0xFF,0xFF,0xFF,0xFF,0xFF,0xFF,0xFF,0xFF,0xFF,0xFF,0xFF,0xFF,
  0xFF,0xFF,0xFF,0xFF,0xFF,0xFF,0xFF,0xFF,0xFF,0xFF,0xFF,0xFF,0xFF,0xFF,0xFF,0xFF,0xFF,0xFF,0xFF,0xFF,0xFF,0xFF,0xFF,0xFF,
  0xFF,0xFF,0xFF,0x00,0x00,0x1F,0xFF,0x00,0x00,0x00,0x00,0x7F,0xFF,0xFC,0x00,0x00,0x00,0x7F,0xFF,0xFF,0xC0,0x00,0x00,0x7F,
  0xFF,0xFF,0xFC,0x00,0x00,0x7F,0xFF,0xFF,0xFF,0x80,0x00,0x3F,0xFF,0xFF,0xFF,0xF8,0x00,0x1F,0xFF,0xFF,0xFF,0xFF,0x00,0x0F,
  0xFF,0xFF,0xFF,0xFF,0xC0,0x07,0xFF,0xFF,0xFF,0xFF,0xF8,0x01,0xFF,0xFF,0xFF,0xFF,0xFF,0x00,0xFF,0xFF,0xFF,0xFF,0xFF,0xC0,
  0x3F,0xFF,0xE0,0x1F,0xFF,0xF8,0x1F,0xFF,0xE0,0x01,0xFF,0xFE,0x07,0xFF,0xF0,0x00,0x3F,0xFF,0x83,0xFF,0xF8,0x00,0x07,0xFF,
  0xE0,0xFF,0xFC,0x00,0x01,0xFF,0xFC,0x3F,0xFF,0x00,0x00,0x7F,0xFF,0x0F,0xFF,0xC0,0x00,0x0F,0xFF,0xC7,0xFF,0xE0,0x00,0x03,
  0xFF,0xF0,0x07,0xF8,0x00,0x00,0xFF,0xFC,0x00,0x00,0x00,0x00,0x3F,0xFF,0x00,0x00,0x00,0x00,0x0F,0xFF,0x80,0x00,0x00,0x00,
  0x03,0xFF,0xE0,0x00,0x00,0x00,0x01,0xFF,0xF8,0x00,0x00,0x00,0x00,0x7F,0xFE,0x00,0x00,0x00,0x00,0x3F,0xFF,0x00,0x00,0x00,
  0x00,0x1F,0xFF,0xC0,0x00,0x00,0x00,0x1F,0xFF,0xE0,0x00,0x00,0x00,0x3F,0xFF,0xF0,0x00,0x00,0x0F,0xFF,0xFF,0xF8,0x00,0x00,
  0x03,0xFF,0xFF,0xFC,0x00,0x00,0x00,0xFF,0xFF,0xFC,0x00,0x00,0x00,0x3F,0xFF,0xFC,0x00,0x00,0x00,0x0F,0xFF,0xFC,0x00,0x00,
  0x00,0x03,0xFF,0xFE,0x00,0x00,0x00,0x00,0xFF,0xFF,0xF8,0x00,0x00,0x00,0x3F,0xFF,0xFF,0x80,0x00,0x00,0x0F,0xFF,0xFF,0xF8,
  0x00,0x00,0x03,0xFF,0xFF,0xFF,0x00,0x00,0x00,0xFF,0xFF,0xFF,0xE0,0x00,0x00,0x00,0x1F,0xFF,0xFC,0x00,0x00,0x00,0x00,0x7F,
  0xFF,0x80,0x00,0x00,0x00,0x0F,0xFF,0xF0,0x00,0x00,0x00,0x01,0xFF,0xFC,0x00,0x00,0x00,0x00,0x3F,0xFF,0x80,0x00,0x00,0x00,
  0x07,0xFF,0xE0,0x00,0x00,0x00,0x01,0xFF,0xF8,0x00,0x00,0x00,0x00,0x7F,0xFE,0x00,0x00,0x00,0x00,0x1F,0xFF,0x80,0x3F,0x00,
  0x00,0x07,0xFF,0xFF,0xFF,0xC0,0x00,0x01,0xFF,0xFF,0xFF,0xF8,0x00,0x00,0x7F,0xFE,0x7F,0xFE,0x00,0x00,0x1F,0xFF,0x9F,0xFF,
  0x80,0x00,0x07,0xFF,0xE7,0xFF,0xF0,0x00,0x03,0xFF,0xF9,0xFF,0xFE,0x00,0x00,0xFF,0xFE,0x3F,0xFF,0xC0,0x00,0x7F,0xFF,0x8F,
  0xFF,0xF8,0x00,0x7F,0xFF,0xC1,0xFF,0xFF,0xC0,0x7F,0xFF,0xF0,0x7F,0xFF,0xFF,0xFF,0xFF,0xF8,0x0F,0xFF,0xFF,0xFF,0xFF,0xFE,
  0x03,0xFF,0xFF,0xFF,0xFF,0xFF,0x00,0x7F,0xFF,0xFF,0xFF,0xFF,0xC0,0x0F,0xFF,0xFF,0xFF,0xFF,0xE0,0x01,0xFF,0xFF,0xFF,0xFF,
  0xF0,0x00,0x1F,0xFF,0xFF,0xFF,0xF0,0x00,0x03,0xFF,0xFF,0xFF,0xF8,0x00,0x00,0x3F,0xFF,0xFF,0xF8,0x00,0x00,0x01,0xFF,0xFF,
  0xF0,0x00,0x00,0x00,0x07,0xFF,0xC0,0x00,0x00,0x00,0x00,0x00,0x07,0xFF,0xF8,0x00,0x00,0x00,0x00,0x3F,0xFF,0xE0,0x00,0x00,
  0x00,0x00,0xFF,0xFF,0x80,0x00,0x00,0x00,0x07,0xFF,0xFE,0x00,0x00,0x00,0x00,0x3F,0xFF,0xF8,0x00,0x00,0x00,0x00,0xFF,0xFF,
  0xE0,0x00,0x00,0x00,0x07,0xFF,0xFF,0x80,0x00,0x00,0x00,0x3F,0xFF,0xFE,0x00,0x00,0x00,0x00,0xFF,0xFF,0xF8,0x00,0x00,0x00,
  0x07,0xFF,0xFF,0xE0,0x00,0x00,0x00,0x3F,0xFF,0xFF,0x80,0x00,0x00,0x00,0xFF,0xFF,0xFE,0x00,0x00,0x00,0x07,0xFF,0xFF,0xF8,
  0x00,0x00,0x00,0x3F,0xFF,0xFF,0xE0,0x00,0x00,0x00,0xFF,0xEF,0xFF,0x80,0x00,0x00,0x07,0xFF,0x3F,0xFE,0x00,0x00,0x00,0x3F,
  0xFC,0xFF,0xF8,0x00,0x00,0x00,0xFF,0xE3,0xFF,0xE0,0x00,0x00,0x07,0xFF,0x1F,0xFF,0x80,0x00,0x00,0x3F,0xFC,0x7F,0xFE,0x00,
  0x00,0x00,0xFF,0xE1,0xFF,0xF8,0x00,0x00,0x07,0xFF,0x87,0xFF,0xE0,0x00,0x00,0x3F,0xFC,0x1F,0xFF,0x80,0x00,0x00,0xFF,0xE0,
  0x7F,0xFE,0x00,0x00,0x07,0xFF,0x81,0xFF,0xF8,0x00,0x00,0x3F,0xFC,0x07,0xFF,0xE0,0x00,0x00,0xFF,0xE0,0x1F,0xFF,0x80,0x00,
  0x07,0xFF,0x80,0x7F,0xFE,0x00,0x00,0x1F,0xFC,0x01,0xFF,0xF8,0x00,0x00,0xFF,0xE0,0x07,0xFF,0xE0,0x00,0x07,0xFF,0x80,0x1F,
  0xFF,0x80,0x00,0x1F,0xFC,0x00,0x7F,0xFE,0x00,0x00,0xFF,0xE0,0x01,0xFF,0xF8,0x00,0x07,0xFF,0x80,0x07,0xFF,0xE0,0x00,0x1F,
  0xFC,0x00,0x1F,0xFF,0x80,0x00,0xFF,0xE0,0x00,0x7F,0xFE,0x00,0x07,0xFF,0x80,0x01,0xFF,0xF8,0x00,0x1F,0xFC,0x00,0x07,0xFF,
  0xE0,0x00,0xFF,0xE0,0x00,0x1F,0xFF,0x80,0x07,0xFF,0x80,0x00,0x7F,0xFE,0x00,0x1F,0xFC,0x00,0x01,0xFF,0xF8,0x00,0xFF,0xE0,
  0x00,0x07,0xFF,0xE0,0x07,0xFF,0x80,0x00,0x1F,0xFF,0x80,0x1F,0xFC,0x00,0x00,0x7F,0xFE,0x00,0xFF,0xFF,0xFF,0xFF,0xFF,0xFF,
  0xFF,0xFF,0xFF,0xFF,0xFF,0xFF,0xFF,0xFF,0xFF,0xFF,0xFF,0xFF,0xFF,0xFF,0xFF,0xFF,0xFF,0xFF,0xFF,0xFF,0xFF,0xFF,0xFF,0xFF,
  0xFF,0xFF,0xFF,0xFF,0xFF,0xFF,0xFF,0xFF,0xFF,0xFF,0xFF,0xFF,0xFF,0xFF,0xFF,0xFF,0xFF,0xFF,0xFF,0xFF,0xFF,0xFF,0xFF,0xFF,
  0xFF,0xFF,0xFF,0xFF,0xFF,0xFF,0xFF,0xFF,0xFF,0xFF,0xFF,0xFF,0xFF,0xF0,0x00,0x00,0x00,0x1F,0xFF,0x80,0x00,0x00,0x00,0x00,
  0x7F,0xFE,0x00,0x00,0x00,0x00,0x01,0xFF,0xF8,0x00,0x00,0x00,0x00,0x07,0xFF,0xE0,0x00,0x00,0x00,0x00,0x1F,0xFF,0x80,0x00,
  0x00,0x00,0x00,0x7F,0xFE,0x00,0x00,0x00,0x00,0x01,0xFF,0xF8,0x00,0x00,0x00,0x00,0x07,0xFF,0xE0,0x00,0x00,0x00,0x00,0x1F,
  0xFF,0x80,0x00,0x00,0x00,0x00,0x7F,0xFE,0x00,0x00,0x00,0x00,0x01,0xFF,0xF8,0x00,0x00,0x00,0x00,0x07,0xFF,0xE0,0x00,0x00,
  0x00,0x00,0x1F,0xFF,0x80,0x00,0x00,0x00,0x00,0x7F,0xFE,0x00,0x0F,0xFF,0xFF,0xFF,0xFF,0xF8,0x07,0xFF,0xFF,0xFF,0xFF,0xFC,
  0x03,0xFF,0xFF,0xFF,0xFF,0xFE,0x01,0xFF,0xFF,0xFF,0xFF,0xFF,0x00,0xFF,0xFF,0xFF,0xFF,0xFF,0x80,0x7F,0xFF,0xFF,0xFF,0xFF,
  0xC0,0x3F,0xFF,0xFF,0xFF,0xFF,0xE0,0x1F,0xFF,0xFF,0xFF,0xFF,0xF0,0x0F,0xFF,0xFF,0xFF,0xFF,0xF8,0x07,0xFF,0xFF,0xFF,0xFF,
  0xFC,0x03,0xFF,0xE0,0x00,0x00,0x00,0x01,0xFF,0xF0,0x00,0x00,0x00,0x00,0xFF,0xF8,0x00,0x00,0x00,0x00,0xFF,0xFC,0x00,0x00,
  0x00,0x00,0x7F,0xFE,0x00,0x00,0x00,0x00,0x3F,0xFE,0x00,0x00,0x00,0x00,0x1F,0xFF,0x00,0x00,0x00,0x00,0x0F,0xFF,0x80,0x00,
  0x00,0x00,0x07,0xFF,0xC0,0x00,0x00,0x00,0x03,0xFF,0xE0,0x00,0x00,0x00,0x01,0xFF,0xF0,0x00,0x00,0x00,0x00,0xFF,0xF8,0x00,
  0x00,0x00,0x00,0x7F,0xFC,0x00,0x00,0x00,0x00,0x3F,0xFE,0x03,0xFF,0x00,0x00,0x1F,0xFF,0x0F,0xFF,0xF8,0x00,0x0F,0xFF,0x9F,
  0xFF,0xFF,0x00,0x07,0xFF,0xDF,0xFF,0xFF,0xE0,0x03,0xFF,0xFF,0xFF,0xFF,0xF8,0x01,0xFF,0xFF,0xFF,0xFF,0xFE,0x00,0xFF,0xFF,
  0xFF,0xFF,0xFF,0x80,0xFF,0xFF,0xFF,0xFF,0xFF,0xE0,0x7F,0xFF,0xFF,0xFF,0xFF,0xF8,0x3F,0xFF,0xFF,0xFF,0xFF,0xFC,0x1F,0xFF,
  0xFF,0xFF,0xFF,0xFF,0x0F,0xFF,0xFE,0x03,0xFF,0xFF,0x87,0xFF,0xFC,0x00,0x7F,0xFF,0xE3,0xFF,0xF8,0x00,0x0F,0xFF,0xF1,0xFF,
  0xF8,0x00,0x03,0xFF,0xF8,0x00,0x00,0x00,0x01,0xFF,0xFE,0x00,0x00,0x00,0x00,0x7F,0xFF,0x00,0x00,0x00,0x00,0x3F,0xFF,0x80,
  0x00,0x00,0x00,0x0F,0xFF,0xC0,0x00,0x00,0x00,0x07,0xFF,0xE0,0x00,0x00,0x00,0x03,0xFF,0xF0,0x00,0x00,0x00,0x01,0xFF,0xF8,
  0x00,0x00,0x00,0x00,0xFF,0xFC,0x00,0x00,0x00,0x00,0x7F,0xFE,0x00,0x00,0x00,0x00,0x3F,0xFF,0x00,0x00,0x00,0x00,0x1F,0xFF,
  0x80,0x00,0x00,0x00,0x0F,0xFF,0xC0,0x7F,0x00,0x00,0x07,0xFF,0xFF,0xFF,0x80,0x00,0x07,0xFF,0xFF,0xFF,0xE0,0x00,0x03,0xFF,
  0xFF,0xFF,0xF0,0x00,0x03,0xFF,0xF9,0xFF,0xFC,0x00,0x01,0xFF,0xFC,0xFF,0xFF,0x00,0x01,0xFF,0xFE,0x3F,0xFF,0xC0,0x03,0xFF,
  0xFE,0x1F,0xFF,0xF8,0x07,0xFF,0xFF,0x0F,0xFF,0xFF,0xFF,0xFF,0xFF,0x03,0xFF,0xFF,0xFF,0xFF,0xFF,0x00,0xFF,0xFF,0xFF,0xFF,
  0xFF,0x80,0x3F,0xFF,0xFF,0xFF,0xFF,0x80,0x1F,0xFF,0xFF,0xFF,0xFF,0x80,0x07,0xFF,0xFF,0xFF,0xFF,0x80,0x00,0xFF,0xFF,0xFF,
  0xFF,0x00,0x00,0x3F,0xFF,0xFF,0xFF,0x00,0x00,0x07,0xFF,0xFF,0xFE,0x00,0x00,0x00,0x7F,0xFF,0xF8,0x00,0x00,0x00,0x07,0xFF,
  0xE0,0x00,0x00,0x00,0x00,0x1F,0xFE,0x00,0x00,0x00,0x00,0xFF,0xFF,0xC0,0x00,0x00,0x03,0xFF,0xFF,0xF8,0x00,0x00,0x0F,0xFF,
  0xFF,0xFC,0x00,0x00,0x1F,0xFF,0xFF,0xFF,0x00,0x00,0x7F,0xFF,0xFF,0xFF,0x80,0x00,0xFF,0xFF,0xFF,0xFF,0x80,0x01,0xFF,0xFF,
  0xFF,0xFF,0xC0,0x01,0xFF,0xFF,0xFF,0xFF,0xE0,0x03,0xFF,0xFF,0xFF,0xFF,0xE0,0x07,0xFF,0xFF,0xFF,0xFF,0xF0,0x07,0xFF,0xF8,
  0x0F,0xFF,0xF0,0x0F,0xFF,0xE0,0x03,0xFF,0xF8,0x0F,0xFF,0xC0,0x01,0xFF,0xF8,0x1F,0xFF,0x80,0x00,0xFF,0xF8,0x1F,0xFF,0x80,
  0x00,0xFF,0xF0,0x3F,0xFF,0x00,0x00,0x78,0x00,0x3F,0xFE,0x00,0x00,0x00,0x00,0x3F,0xFE,0x00,0x00,0x00,0x00,0x3F,0xFE,0x00,
  0x00,0x00,0x00,0x7F,0xFC,0x00,0x00,0x00,0x00,0x7F,0xFC,0x00,0x00,0x00,0x00,0x7F,0xFC,0x00,0x00,0x00,0x00,0x7F,0xFC,0x00,
  0x00,0x00,0x00,0xFF,0xFC,0x00,0x00,0x00,0x00,0xFF,0xF8,0x01,0xFF,0x80,0x00,0xFF,0xF8,0x0F,0xFF,0xF0,0x00,0xFF,0xF8,0x3F,
  0xFF,0xFC,0x00,0xFF,0xF8,0xFF,0xFF,0xFF,0x00,0xFF,0xF9,0xFF,0xFF,0xFF,0x80,0xFF,0xFB,0xFF,0xFF,0xFF,0xC0,0xFF,0xFB,0xFF,
  0xFF,0xFF,0xE0,0xFF,0xFF,0xFF,0xFF,0xFF,0xF0,0xFF,0xFF,0xFF,0xFF,0xFF,0xF0,0xFF,0xFF,0xFF,0xFF,0xFF,0xF8,0xFF,0xFF,0xF8,
  0x1F,0xFF,0xF8,0xFF,0xFF,0xC0,0x07,0xFF,0xFC,0xFF,0xFF,0x80,0x03,0xFF,0xFC,0xFF,0xFF,0x00,0x01,0xFF,0xFC,0xFF,0xFE,0x00,
  0x00,0xFF,0xFE,0xFF,0xFE,0x00,0x00,0x7F,0xFE,0xFF,0xFE,0x00,0x00,0x7F,0xFE,0xFF,0xFC,0x00,0x00,0x7F,0xFE,0xFF,0xFC,0x00,
  0x00,0x7F,0xFE,0xFF,0xFC,0x00,0x00,0x3F,0xFE,0xFF,0xFC,0x00,0x00,0x3F,0xFF,0xFF,0xFC,0x00,0x00,0x3F,0xFF,0xFF,0xFC,0x00,
  0x00,0x3F,0xFF,0x7F,0xFC,0x00,0x00,0x3F,0xFE,0x7F,0xFC,0x00,0x00,0x3F,0xFE,0x7F,0xFE,0x00,0x00,0x7F,0xFE,0x7F,0xFE,0x00,
  0x00,0x7F,0xFE,0x3F,0xFE,0x00,0x00,0x7F,0xFE,0x3F,0xFF,0x00,0x00,0x7F,0xFE,0x3F,0xFF,0x00,0x00,0xFF,0xFE,0x1F,0xFF,0x80,
  0x00,0xFF,0xFC,0x1F,0xFF,0xC0,0x01,0xFF,0xFC,0x0F,0xFF,0xE0,0x03,0xFF,0xFC,0x0F,0xFF,0xF0,0x0F,0xFF,0xF8,0x07,0xFF,0xFF,
  0xFF,0xFF,0xF8,0x07,0xFF,0xFF,0xFF,0xFF,0xF0,0x03,0xFF,0xFF,0xFF,0xFF,0xE0,0x01,0xFF,0xFF,0xFF,0xFF,0xE0,0x00,0xFF,0xFF,
  0xFF,0xFF,0xC0,0x00,0x7F,0xFF,0xFF,0xFF,0x80,0x00,0x3F,0xFF,0xFF,0xFF,0x00,0x00,0x1F,0xFF,0xFF,0xFC,0x00,0x00,0x07,0xFF,
  0xFF,0xF0,0x00,0x00,0x01,0xFF,0xFF,0xC0,0x00,0x00,0x00,0x1F,0xFE,0x00,0x00,0xFF,0xFF,0xFF,0xFF,0xFF,0xFF,0xFF,0xFF,0xFF,
  0xFF,0xFF,0xFF,0xFF,0xFF,0xFF,0xFF,0xFF,0xFF,0xFF,0xFF,0xFF,0xFF,0xFF,0xFF,0xFF,0xFF,0xFF,0xFF,0xFF,0xFF,0xFF,0xFF,0xFF,
  0xFF,0xFF,0xFF,0xFF,0xFF,0xFF,0xFF,0xFF,0xFF,0xFF,0xFF,0xFF,0xFF,0xFF,0xFF,0xFF,0xFF,0xFF,0xFF,0xFF,0xFF,0xFF,0xFF,0xFF,
  0xFF,0xFF,0xFF,0xFF,0xFF,0xFF,0xFF,0xF8,0x00,0x00,0x00,0x01,0xFF,0xE0,0x00,0x00,0x00,0x07,0xFF,0xC0,0x00,0x00,0x00,0x1F,
  0xFF,0x00,0x00,0x00,0x00,0x3F,0xFC,0x00,0x00,0x00,0x00,0xFF,0xF8,0x00,0x00,0x00,0x03,0xFF,0xE0,0x00,0x00,0x00,0x07,0xFF,
  0xC0,0x00,0x00,0x00,0x1F,0xFF,0x00,0x00,0x00,0x00,0x7F,0xFC,0x00,0x00,0x00,0x00,0xFF,0xF8,0x00,0x00,0x00,0x03,0xFF,0xE0,
  0x00,0x00,0x00,0x0F,0xFF,0xC0,0x00,0x00,0x00,0x1F,0xFF,0x00,0x00,0x00,0x00,0x7F,0xFC,0x00,0x00,0x00,0x00,0xFF,0xF8,0x00,
  0x00,0x00,0x03,0xFF,0xE0,0x00,0x00,0x00,0x0F,0xFF,0xC0,0x00,0x00,0x00,0x1F,0xFF,0x00,0x00,0x00,0x00,0x7F,0xFC,0x00,0x00,
  0x00,0x01,0xFF,0xF8,0x00,0x00,0x00,0x03,0xFF,0xE0,0x00,0x00,0x00,0x0F,0xFF,0xC0,0x00,0x00,0x00,0x1F,0xFF,0x00,0x00,0x00,
  0x00,0x7F,0xFE,0x00,0x00,0x00,0x00,0xFF,0xF8,0x00,0x00,0x00,0x03,0xFF,0xF0,0x00,0x00,0x00,0x07,0xFF,0xC0,0x00,0x00,0x00,
  0x1F,0xFF,0x80,0x00,0x00,0x00,0x3F,0xFF,0x00,0x00,0x00,0x00,0xFF,0xFC,0x00,0x00,0x00,0x01,0xFF,0xF8,0x00,0x00,0x00,0x07,
  0xFF,0xE0,0x00,0x00,0x00,0x0F,0xFF,0xC0,0x00,0x00,0x00,0x1F,0xFF,0x80,0x00,0x00,0x00,0x7F,0xFE,0x00,0x00,0x00,0x00,0xFF,
  0xFC,0x00,0x00,0x00,0x01,0xFF,0xF8,0x00,0x00,0x00,0x07,0xFF,0xE0,0x00,0x00,0x00,0x0F,0xFF,0xC0,0x00,0x00,0x00,0x1F,0xFF,
  0x80,0x00,0x00,0x00,0x7F,0xFE,0x00,0x00,0x00,0x00,0xFF,0xFC,0x00,0x00,0x00,0x01,0xFF,0xF8,0x00,0x00,0x00,0x03,0xFF,0xF0,
  0x00,0x00,0x00,0x0F,0xFF,0xE0,0x00,0x00,0x00,0x1F,0xFF,0x80,0x00,0x00,0x00,0x3F,0xFF,0x00,0x00,0x00,0x00,0x7F,0xFE,0x00,
  0x00,0x00,0x00,0xFF,0xFC,0x00,0x00,0x00,0x01,0xFF,0xF8,0x00,0x00,0x00,0x07,0xFF,0xF0,0x00,0x00,0x00,0x0F,0xFF,0xE0,0x00,
  0x00,0x00,0x1F,0xFF,0xC0,0x00,0x00,0x00,0x3F,0xFF,0x00,0x00,0x00,0x00,0x7F,0xFE,0x00,0x00,0x00,0x00,0xFF,0xFC,0x00,0x00,
  0x00,0x01,0xFF,0xF8,0x00,0x00,0x00,0x00,0x00,0x3F,0xFE,0x00,0x00,0x00,0x01,0xFF,0xFF,0xF0,0x00,0x00,0x07,0xFF,0xFF,0xFF,
  0x00,0x00,0x07,0xFF,0xFF,0xFF,0xE0,0x00,0x0F,0xFF,0xFF,0xFF,0xF8,0x00,0x0F,0xFF,0xFF,0xFF,0xFE,0x00,0x0F,0xFF,0xFF,0xFF,
  0xFF,0x80,0x0F,0xFF,0xFF,0xFF,0xFF,0xE0,0x0F,0xFF,0xFF,0xFF,0xFF,0xF8,0x07,0xFF,0xFF,0xFF,0xFF,0xFC,0x07,0xFF,0xFC,0x01,
  0xFF,0xFF,0x03,0xFF,0xF8,0x00,0x3F,0xFF,0x83,0xFF,0xF8,0x00,0x0F,0xFF,0xE1,0xFF,0xFC,0x00,0x07,0xFF,0xF0,0xFF,0xFC,0x00,
  0x01,0xFF,0xF8,0x7F,0xFE,0x00,0x00,0xFF,0xFC,0x3F,0xFF,0x00,0x00,0x7F,0xFE,0x1F,0xFF,0x80,0x00,0x3F,0xFF,0x0F,0xFF,0xC0,
  0x00,0x1F,0xFF,0x87,0xFF,0xE0,0x00,0x0F,0xFF,0xC3,0xFF,0xF0,0x00,0x07,0xFF,0xE1,0xFF,0xF8,0x00,0x03,0xFF,0xF0,0xFF,0xFC,
  0x00,0x01,0xFF,0xF8,0x3F,0xFE,0x00,0x00,0xFF,0xFC,0x1F,0xFF,0x80,0x00,0xFF,0xFC,0x0F,0xFF,0xC0,0x00,0x7F,0xFE,0x03,0xFF,
  0xF0,0x00,0x7F,0xFE,0x00,0xFF,0xFC,0x00,0x7F,0xFF,0x00,0x7F,0xFF,0x80,0xFF,0xFF,0x00,0x1F,0xFF,0xFF,0xFF,0xFF,0x00,0x07,
  0xFF,0xFF,0xFF,0xFF,0x00,0x00,0xFF,0xFF,0xFF,0xFE,0x00,0x00,0x1F,0xFF,0xFF,0xFC,0x00,0x00,0x03,0xFF,0xFF,0xF8,0x00,0x00,
  0x07,0xFF,0xFF,0xFF,0x00,0x00,0x0F,0xFF,0xFF,0xFF,0xF0,0x00,0x1F,0xFF,0xFF,0xFF,0xFC,0x00,0x1F,0xFF,0xFF,0xFF,0xFF,0x80,
  0x1F,0xFF,0xFF,0xFF,0xFF,0xE0,0x1F,0xFF,0xC0,0x07,0xFF,0xF8,0x1F,0xFF,0xC0,0x01,0xFF,0xFC,0x1F,0xFF,0xC0,0x00,0x3F,0xFF,
  0x0F,0xFF,0xC0,0x00,0x1F,0xFF,0x8F,0xFF,0xC0,0x00,0x07,0xFF,0xE7,0xFF,0xE0,0x00,0x03,0xFF,0xF3,0xFF,0xF0,0x00,0x01,0xFF,
  0xFF,0xFF,0xF0,0x00,0x00,0x7F,0xFF,0xFF,0xF8,0x00,0x00,0x3F,0xFF,0xFF,0xFC,0x00,0x00,0x1F,0xFF,0xFF,0xFE,0x00,0x00,0x0F,
  0xFF,0xFF,0xFF,0x00,0x00,0x07,0xFF,0xFF,0xFF,0x80,0x00,0x03,0xFF,0xFF,0xFF,0xC0,0x00,0x01,0xFF,0xFF,0xFF,0xF0,0x00,0x01,
  0xFF,0xFF,0xFF,0xF8,0x00,0x00,0xFF,0xFE,0xFF,0xFC,0x00,0x00,0x7F,0xFE,0x7F,0xFF,0x00,0x00,0x7F,0xFF,0x3F,0xFF,0xC0,0x00,
  0x3F,0xFF,0x8F,0xFF,0xF0,0x00,0x7F,0xFF,0x87,0xFF,0xFE,0x00,0x7F,0xFF,0xC1,0xFF,0xFF,0xFF,0xFF,0xFF,0xC0,0xFF,0xFF,0xFF,
  0xFF,0xFF,0xE0,0x3F,0xFF,0xFF,0xFF,0xFF,0xE0,0x0F,0xFF,0xFF,0xFF,0xFF,0xE0,0x03,0xFF,0xFF,0xFF,0xFF,0xE0,0x00,0xFF,0xFF,
  0xFF,0xFF,0xE0,0x00,0x1F,0xFF,0xFF,0xFF,0xC0,0x00,0x03,0xFF,0xFF,0xFF,0x80,0x00,0x00,0x7F,0xFF,0xFF,0x00,0x00,0x00,0x01,
  0xFF,0xF8,0x00,0x00,0x00,0x00,0x3F,0xFC,0x00,0x00,0x00,0x03,0xFF,0xFF,0x80,0x00,0x00,0x0F,0xFF,0xFF,0xF0,0x00,0x00,0x3F,
  0xFF,0xFF,0xF8,0x00,0x00,0xFF,0xFF,0xFF,0xFE,0x00,0x01,0xFF,0xFF,0xFF,0xFF,0x00,0x03,0xFF,0xFF,0xFF,0xFF,0x80,0x07,0xFF,
  0xFF,0xFF,0xFF,0xC0,0x0F,0xFF,0xFF,0xFF,0xFF,0xC0,0x0F,0xFF,0xFF,0xFF,0xFF,0xE0,0x1F,0xFF,0xFF,0xFF,0xFF,0xF0,0x1F,0xFF,
  0xF0,0x0F,0xFF,0xF0,0x3F,0xFF,0xC0,0x07,0xFF,0xF8,0x3F,0xFF,0x80,0x03,0xFF,0xF8,0x7F,0xFF,0x00,0x01,0xFF,0xFC,0x7F,0xFF,
  0x00,0x00,0xFF,0xFC,0x7F,0xFE,0x00,0x00,0xFF,0xFC,0x7F,0xFE,0x00,0x00,0x7F,0xFE,0x7F,0xFE,0x00,0x00,0x7F,0xFE,0x7F,0xFE,
  0x00,0x00,0x7F,0xFE,0xFF,0xFC,0x00,0x00,0x3F,0xFE,0xFF,0xFC,0x00,0x00,0x3F,0xFE,0xFF,0xFC,0x00,0x00,0x3F,0xFF,0xFF,0xFC,
  0x00,0x00,0x3F,0xFF,0xFF,0xFC,0x00,0x00,0x3F,0xFF,0xFF,0xFC,0x00,0x00,0x3F,0xFF,0x7F,0xFE,0x00,0x00,0x3F,0xFF,0x7F,0xFE,
  0x00,0x00,0x3F,0xFF,0x7F,0xFE,0x00,0x00,0x7F,0xFF,0x7F,0xFF,0x00,0x00,0x7F,0xFF,0x7F,0xFF,0x00,0x00,0xFF,0xFF,0x3F,0xFF,
  0x80,0x01,0xFF,0xFF,0x3F,0xFF,0xC0,0x03,0xFF,0xFF,0x3F,0xFF,0xE0,0x07,0xFF,0xFF,0x1F,0xFF,0xF8,0x3F,0xFF,0xFF,0x1F,0xFF,
  0xFF,0xFF,0xFF,0xFF,0x0F,0xFF,0xFF,0xFF,0xFF,0xFF,0x07,0xFF,0xFF,0xFF,0xFF,0xFF,0x07,0xFF,0xFF,0xFF,0xDF,0xFF,0x03,0xFF,
  0xFF,0xFF,0xDF,0xFF,0x01,0xFF,0xFF,0xFF,0x9F,0xFF,0x00,0xFF,0xFF,0xFE,0x1F,0xFF,0x00,0x3F,0xFF,0xFC,0x1F,0xFF,0x00,0x0F,
  0xFF,0xF0,0x1F,0xFF,0x00,0x01,0xFF,0x80,0x1F,0xFF,0x00,0x00,0x00,0x00,0x3F,0xFF,0x00,0x00,0x00,0x00,0x3F,0xFE,0x00,0x00,
  0x00,0x00,0x3F,0xFE,0x00,0x00,0x00,0x00,0x3F,0xFE,0x00,0x00,0x00,0x00,0x7F,0xFE,0x00,0x00,0x00,0x00,0x7F,0xFE,0x00,0x00,
  0x00,0x00,0x7F,0xFC,0x00,0x3E,0x00,0x00,0xFF,0xFC,0x1F,0xFE,0x00,0x00,0xFF,0xFC,0x3F,0xFE,0x00,0x01,0xFF,0xF8,0x3F,0xFF,
  0x00,0x01,0xFF,0xF8,0x3F,0xFF,0x80,0x03,0xFF,0xF0,0x1F,0xFF,0xC0,0x07,0xFF,0xF0,0x1F,0xFF,0xE0,0x1F,0xFF,0xE0,0x0F,0xFF,
  0xFF,0xFF,0xFF,0xE0,0x0F,0xFF,0xFF,0xFF,0xFF,0xC0,0x07,0xFF,0xFF,0xFF,0xFF,0x80,0x07,0xFF,0xFF,0xFF,0xFF,0x80,0x03,0xFF,
  0xFF,0xFF,0xFF,0x00,0x01,0xFF,0xFF,0xFF,0xFE,0x00,0x00,0xFF,0xFF,0xFF,0xF8,0x00,0x00,0x7F,0xFF,0xFF,0xF0,0x00,0x00,0x1F,
  0xFF,0xFF,0xC0,0x00,0x00,0x07,0xFF,0xFF,0x00,0x00,0x00,0x00,0x7F,0xF8,0x00,0x00,0xFF,0xFF,0xFF,0xFF,0xFF,0xFF,0xFF,0xFF,
  0xFF,0xFF,0xFF,0xFF,0xFF,0xFF,0xFF,0xFF,0xFF,0xFF,0xFF,0xFF,0xFF,0xFF,0xFF,0xFF,0xFF,0xFF,0xC0,0x00,0x00,0x00,0x00,0x00,
  0x00,0x00,0x00,0x00,0x00,0x00,0x00,0x00,0x00,0x00,0x00,0x00,0x00,0x00,0x00,0x00,0x00,0x00,0x00,0x00,0x00,0x00,0x00,0x00,
  0x00,0x00,0x00,0x00,0x00,0x00,0x00,0x00,0x00,0x00,0x00,0x0F,0xFF,0xFF,0xFF,0xFF,0xFF,0xFF,0xFF,0xFF,0xFF,0xFF,0xFF,0xFF,
  0xFF,0xFF,0xFF,0xFF,0xFF,0xFF,0xFF,0xFF,0xFF,0xFF,0xFF,0xFF,0xFF,0xFC,0xFF,0xFF,0xFF,0xFF,0xFF,0xFF,0xFF,0xFF,0xFF,0xFF,
  0xFF,0xFF,0xFF,0xFF,0xFF,0xFF,0xFF,0xFF,0xFF,0xFF,0xFF,0xFF,0xFF,0xFF,0xF0,0x00,0x00,0x00,0x00,0x00,0x00,0x00,0x00,0x00,
  0x00,0x00,0x00,0x00,0x00,0x00,0x00,0x00,0x00,0x00,0x00,0x00,0x00,0x00,0x00,0x00,0x00,0x00,0x00,0x00,0x00,0x00,0x00,0x00,
  0x00,0x00,0x00,0x00,0x00,0xFF,0xFF,0xFF,0xFF,0xFF,0xFF,0xFF,0xFF,0xFF,0xFF,0xFF,0xFF,0xFF,0xFF,0xFF,0xFF,0xFF,0xFF,0xFF,
  0xFF,0xFF,0xFF,0xFF,0xFF,0xF0,0x3F,0x80,0xFE,0x03,0xF8,0x1F,0xE0,0x7F,0x81,0xFE,0x0F,0xF0,0x3F,0xC0,0xFF,0x07,0xF8,0x3F,
  0xE0,0xFF,0x87,0xFC,0x3F,0xE0,0xFF,0x80,0x00,0x00,0x00,0x00,0x00,0x00,0xC0,0x00,0x00,0x00,0x00,0x00,0xF0,0x00,0x00,0x00,
  0x00,0x01,0xFC,0x00,0x00,0x00,0x00,0x03,0xFF,0x00,0x00,0x00,0x00,0x03,0xFF,0xC0,0x00,0x00,0x00,0x07,0xFF,0xF0,0x00,0x00,
  0x00,0x0F,0xFF,0xFC,0x00,0x00,0x00,0x0F,0xFF,0xFF,0x00,0x00,0x00,0x1F,0xFF,0xFF,0xC0,0x00,0x00,0x3F,0xFF,0xFF,0xF0,0x00,
  0x00,0x3F,0xFF,0xFF,0xFC,0x00,0x00,0x7F,0xFF,0xFF,0xFE,0x00,0x00,0xFF,0xFF,0xFF,0xFC,0x00,0x00,0xFF,0xFF,0xFF,0xFC,0x00,
  0x01,0xFF,0xFF,0xFF,0xF8,0x00,0x03,0xFF,0xFF,0xFF,0xF0,0x00,0x03,0xFF,0xFF,0xFF,0xF0,0x00,0x07,0xFF,0xFF,0xFF,0xE0,0x00,
  0x07,0xFF,0xFF,0xFF,0xE0,0x00,0x03,0xFF,0xFF,0xFF,0xC0,0x00,0x00,0xFF,0xFF,0xFF,0x80,0x00,0x00,0x3F,0xFF,0xFF,0x80,0x00,
  0x00,0x0F,0xFF,0xFF,0x00,0x00,0x00,0x03,0xFF,0xFF,0x00,0x00,0x00,0x00,0xFF,0xFE,0x00,0x00,0x00,0x00,0x3F,0xFC,0x00,0x00,
  0x00,0x00,0x0F,0xFC,0x00,0x00,0x00,0x00,0x03,0xFF,0xC0,0x00,0x00,0x00,0x00,0xFF,0xFE,0x00,0x00,0x00,0x00,0x3F,0xFF,0xE0,
  0x00,0x00,0x00,0x0F,0xFF,0xFF,0x00,0x00,0x00,0x03,0xFF,0xFF,0xF8,0x00,0x00,0x00,0xFF,0xFF,0xFF,0x80,0x00,0x00,0x3F,0xFF,
  0xFF,0xFC,0x00,0x00,0x07,0xFF,0xFF,0xFF,0xC0,0x00,0x00,0x7F,0xFF,0xFF,0xFE,0x00,0x00,0x03,0xFF,0xFF,0xFF,0xF0,0x00,0x00,
  0x1F,0xFF,0xFF,0xFF,0x00,0x00,0x01,0xFF,0xFF,0xFF,0xF8,0x00,0x00,0x0F,0xFF,0xFF,0xFF,0x80,0x00,0x00,0x7F,0xFF,0xFF,0xFC,
  0x00,0x00,0x07,0xFF,0xFF,0xFF,0xE0,0x00,0x00,0x3F,0xFF,0xFF,0xFC,0x00,0x00,0x03,0xFF,0xFF,0xFF,0x00,0x00,0x00,0x1F,0xFF,
  0xFF,0xC0,0x00,0x00,0x00,0xFF,0xFF,0xF0,0x00,0x00,0x00,0x0F,0xFF,0xFC,0x00,0x00,0x00,0x00,0x7F,0xFF,0x00,0x00,0x00,0x00,
  0x03,0xFF,0xC0,0x00,0x00,0x00,0x00,0x3F,0xF0,0x00,0x00,0x00,0x00,0x01,0xFC,0x00,0x00,0x00,0x00,0x00,0x0F,0x00,0x00,0x00,
  0x00,0x00,0x00,0xC0,0xFF,0xFF,0xFF,0xFF,0xFF,0xFF,0xFF,0xFF,0xFF,0xFF,0xFF,0xFF,0xFF,0xFF,0xFF,0xFF,0xFF,0xFF,0xFF,0xFF,
  0xFF,0xFF,0xFF,0xFF,0xFF,0xFF,0xFF,0xFF,0xFF,0xFF,0xFF,0xFF,0xFF,0xFF,0xFF,0xFF,0xFF,0xFF,0xFF,0xFF,0xFF,0xFF,0xFF,0xFF,
  0xFF,0xFF,0xFF,0xFF,0xFF,0xFF,0xFF,0xFF,0xFF,0xFF,0xFF,0xFF,0xFF,0xFF,0xFF,0xFF,0xFF,0xFF,0xFF,0xFF,0xFF,0xFF,0xFF,0xFF,
  0xFC,0x00,0x00,0x00,0x00,0x00,0x00,0x00,0x00,0x00,0x00,0x00,0x00,0x00,0x00,0x00,0x00,0x00,0x00,0x00,0x00,0x00,0x00,0x00,
  0x00,0x00,0x00,0x00,0x00,0x00,0x00,0x00,0x00,0x00,0x00,0x00,0x00,0x00,0x00,0x00,0x00,0x00,0x00,0x00,0x00,0x00,0x00,0x00,
  0x00,0x00,0x00,0x00,0x00,0x00,0x00,0x00,0x00,0x00,0x00,0x00,0x00,0x00,0x00,0x00,0x00,0x00,0x00,0x00,0x00,0x00,0x00,0x00,
  0x00,0x00,0x00,0x00,0x00,0x00,0x00,0x00,0x00,0x00,0x00,0x00,0x00,0x00,0x00,0x00,0x00,0x00,0x00,0x00,0x00,0x00,0x0F,0xFF,
  0xFF,0xFF,0xFF,0xFF,0xFF,0xFF,0xFF,0xFF,0xFF,0xFF,0xFF,0xFF,0xFF,0xFF,0xFF,0xFF,0xFF,0xFF,0xFF,0xFF,0xFF,0xFF,0xFF,0xFF,
  0xFF,0xFF,0xFF,0xFF,0xFF,0xFF,0xFF,0xFF,0xFF,0xFF,0xFF,0xFF,0xFF,0xFF,0xFF,0xFF,0xFF,0xFF,0xFF,0xFF,0xFF,0xFF,0xFF,0xFF,
  0xFF,0xFF,0xFF,0xFF,0xFF,0xFF,0xFF,0xFF,0xFF,0xFF,0xFF,0xFF,0xFF,0xFF,0xFF,0xFF,0xFF,0xFF,0xFF,0xC0,0xC0,0x00,0x00,0x00,
  0x00,0x00,0x3C,0x00,0x00,0x00,0x00,0x00,0x0F,0xE0,0x00,0x00,0x00,0x00,0x03,0xFF,0x00,0x00,0x00,0x00,0x00,0xFF,0xF0,0x00,
  0x00,0x00,0x00,0x3F,0xFF,0x80,0x00,0x00,0x00,0x0F,0xFF,0xFC,0x00,0x00,0x00,0x03,0xFF,0xFF,0xC0,0x00,0x00,0x00,0xFF,0xFF,
  0xFE,0x00,0x00,0x00,0x3F,0xFF,0xFF,0xF0,0x00,0x00,0x0F,0xFF,0xFF,0xFF,0x00,0x00,0x01,0xFF,0xFF,0xFF,0xF8,0x00,0x00,0x0F,
  0xFF,0xFF,0xFF,0xC0,0x00,0x00,0xFF,0xFF,0xFF,0xFC,0x00,0x00,0x07,0xFF,0xFF,0xFF,0xE0,0x00,0x00,0x3F,0xFF,0xFF,0xFF,0x00,
  0x00,0x03,0xFF,0xFF,0xFF,0xF0,0x00,0x00,0x1F,0xFF,0xFF,0xFF,0x80,0x00,0x01,0xFF,0xFF,0xFF,0xF8,0x00,0x00,0x0F,0xFF,0xFF,
  0xFF,0x00,0x00,0x00,0x7F,0xFF,0xFF,0xC0,0x00,0x00,0x07,0xFF,0xFF,0xF0,0x00,0x00,0x00,0x3F,0xFF,0xFC,0x00,0x00,0x00,0x03,
  0xFF,0xFF,0x00,0x00,0x00,0x00,0x1F,0xFF,0xC0,0x00,0x00,0x00,0x00,0xFF,0xF0,0x00,0x00,0x00,0x00,0x0F,0xFC,0x00,0x00,0x00,
  0x00,0x0F,0xFF,0x00,0x00,0x00,0x00,0x1F,0xFF,0xC0,0x00,0x00,0x00,0x3F,0xFF,0xF0,0x00,0x00,0x00,0x3F,0xFF,0xFC,0x00,0x00,
  0x00,0x7F,0xFF,0xFF,0x00,0x00,0x00,0x7F,0xFF,0xFF,0xC0,0x00,0x00,0xFF,0xFF,0xFF,0xF0,0x00,0x01,0xFF,0xFF,0xFF,0xF8,0x00,
  0x01,0xFF,0xFF,0xFF,0xF8,0x00,0x03,0xFF,0xFF,0xFF,0xF0,0x00,0x03,0xFF,0xFF,0xFF,0xE0,0x00,0x07,0xFF,0xFF,0xFF,0xE0,0x00,
  0x07,0xFF,0xFF,0xFF,0xC0,0x00,0x0F,0xFF,0xFF,0xFF,0x80,0x00,0x1F,0xFF,0xFF,0xFF,0x80,0x00,0x0F,0xFF,0xFF,0xFF,0x00,0x00,
  0x03,0xFF,0xFF,0xFE,0x00,0x00,0x00,0xFF,0xFF,0xFE,0x00,0x00,0x00,0x3F,0xFF,0xFC,0x00,0x00,0x00,0x0F,0xFF,0xFC,0x00,0x00,
  0x00,0x03,0xFF,0xF8,0x00,0x00,0x00,0x00,0xFF,0xF0,0x00,0x00,0x00,0x00,0x3F,0xF0,0x00,0x00,0x00,0x00,0x0F,0xE0,0x00,0x00,
  0x00,0x00,0x03,0xC0,0x00,0x00,0x00,0x00,0x00,0xC0,0x00,0x00,0x00,0x00,0x00,0x00,0x00,0x00,0x1F,0xFF,0x00,0x00,0x00,0x00,
  0x7F,0xFF,0xFC,0x00,0x00,0x00,0xFF,0xFF,0xFF,0xE0,0x00,0x00,0xFF,0xFF,0xFF,0xFE,0x00,0x00,0x7F,0xFF,0xFF,0xFF,0xC0,0x00,
  0x7F,0xFF,0xFF,0xFF,0xFC,0x00,0x3F,0xFF,0xFF,0xFF,0xFF,0x80,0x1F,0xFF,0xFF,0xFF,0xFF,0xF0,0x0F,0xFF,0xFF,0xFF,0xFF,0xFE,
  0x03,0xFF,0xFF,0xFF,0xFF,0xFF,0x81,0xFF,0xFF,0xFF,0xFF,0xFF,0xF0,0xFF,0xFF,0xF0,0x1F,0xFF,0xFC,0x3F,0xFF,0xE0,0x00,0xFF,
  0xFF,0x9F,0xFF,0xF0,0x00,0x1F,0xFF,0xE7,0xFF,0xF0,0x00,0x03,0xFF,0xF9,0xFF,0xFC,0x00,0x00,0x7F,0xFE,0xFF,0xFE,0x00,0x00,
  0x1F,0xFF,0xFF,0xFF,0x00,0x00,0x03,0xFF,0xFF,0xFF,0xC0,0x00,0x00,0xFF,0xFF,0xFF,0xF0,0x00,0x00,0x3F,0xFF,0xFF,0xFC,0x00,
  0x00,0x0F,0xFF,0xC0,0x00,0x00,0x00,0x03,0xFF,0xF0,0x00,0x00,0x00,0x00,0xFF,0xFC,0x00,0x00,0x00,0x00,0x7F,0xFE,0x00,0x00,
  0x00,0x00,0x1F,0xFF,0x80,0x00,0x00,0x00,0x0F,0xFF,0xE0,0x00,0x00,0x00,0x07,0xFF,0xF0,0x00,0x00,0x00,0x03,0xFF,0xFC,0x00,
  0x00,0x00,0x01,0xFF,0xFE,0x00,0x00,0x00,0x00,0xFF,0xFF,0x00,0x00,0x00,0x00,0x7F,0xFF,0xC0,0x00,0x00,0x00,0x7F,0xFF,0xE0,
  0x00,0x00,0x00,0x3F,0xFF,0xF0,0x00,0x00,0x00,0x1F,0xFF,0xF0,0x00,0x00,0x00,0x0F,0xFF,0xF8,0x00,0x00,0x00,0x0F,0xFF,0xFC,
  0x00,0x00,0x00,0x03,0xFF,0xFC,0x00,0x00,0x00,0x01,0xFF,0xFE,0x00,0x00,0x00,0x00,0xFF,0xFF,0x00,0x00,0x00,0x00,0x7F,0xFF,
  0x00,0x00,0x00,0x00,0x1F,0xFF,0x80,0x00,0x00,0x00,0x0F,0xFF,0xC0,0x00,0x00,0x00,0x03,0xFF,0xE0,0x00,0x00,0x00,0x01,0xFF,
  0xF8,0x00,0x00,0x00,0x00,0x7F,0xFC,0x00,0x00,0x00,0x00,0x1F,0xFF,0x00,0x00,0x00,0x00,0x07,0xFF,0xC0,0x00,0x00,0x00,0x01,
  0xFF,0xF0,0x00,0x00,0x00,0x00,0x00,0x00,0x00,0x00,0x00,0x00,0x00,0x00,0x00,0x00,0x00,0x00,0x00,0x00,0x00,0x00,0x00,0x00,
  0x00,0x00,0x00,0x00,0x00,0x00,0x00,0x00,0x00,0x00,0x00,0x00,0x00,0x00,0x00,0x00,0x00,0x00,0x00,0x00,0x00,0x00,0x00,0x00,
  0x00,0x00,0x00,0x00,0x00,0x00,0x00,0x00,0xFF,0xFC,0x00,0x00,0x00,0x00,0x3F,0xFF,0x00,0x00,0x00,0x00,0x0F,0xFF,0xC0,0x00,
  0x00,0x00,0x03,0xFF,0xF0,0x00,0x00,0x00,0x00,0xFF,0xFC,0x00,0x00,0x00,0x00,0x3F,0xFF,0x00,0x00,0x00,0x00,0x0F,0xFF,0xC0,
  0x00,0x00,0x00,0x03,0xFF,0xF0,0x00,0x00,0x00,0x00,0xFF,0xFC,0x00,0x00,0x00,0x00,0x3F,0xFF,0x00,0x00,0x00,0x00,0x0F,0xFF,
  0xC0,0x00,0x00,0x00,0x03,0xFF,0xF0,0x00,0x00,0x00,0x00,0xFF,0xFC,0x00,0x00,0x00,0x00,0x00,0x00,0x00,0x01,0xFF,0xFE,0x00,
  0x00,0x00,0x00,0x00,0x00,0x00,0x01,0xFF,0xFF,0xFF,0x80,0x00,0x00,0x00,0x00,0x00,0x00,0x7F,0xFF,0xFF,0xFF,0x80,0x00,0x00,
  0x00,0x00,0x00,0x1F,0xFF,0xFF,0xFF,0xFF,0x00,0x00,0x00,0x00,0x00,0x03,0xFF,0xFF,0xFF,0xFF,0xFE,0x00,0x00,0x00,0x00,0x00,
  0x7F,0xFF,0xFF,0xFF,0xFF,0xFC,0x00,0x00,0x00,0x00,0x0F,0xFF,0xFF,0xFF,0xFF,0xFF,0xF8,0x00,0x00,0x00,0x01,0xFF,0xFF,0xC0,
  0x00,0x7F,0xFF,0xE0,0x00,0x00,0x00,0x1F,0xFF,0xE0,0x00,0x00,0x3F,0xFF,0x80,0x00,0x00,0x03,0xFF,0xF8,0x00,0x00,0x00,0x3F,
  0xFF,0x00,0x00,0x00,0x3F,0xFE,0x00,0x00,0x00,0x00,0x7F,0xFC,0x00,0x00,0x03,0xFF,0xC0,0x00,0x00,0x00,0x00,0xFF,0xF0,0x00,
  0x00,0x3F,0xFC,0x00,0x00,0x00,0x00,0x03,0xFF,0x80,0x00,0x03,0xFF,0x80,0x00,0x00,0x00,0x00,0x07,0xFE,0x00,0x00,0x3F,0xF8,
  0x00,0x00,0x00,0x00,0x00,0x1F,0xF8,0x00,0x03,0xFF,0x00,0x00,0x00,0x00,0x00,0x00,0x7F,0xE0,0x00,0x3F,0xF0,0x00,0x00,0x00,
  0x00,0x00,0x01,0xFF,0x00,0x03,0xFF,0x00,0x00,0x00,0x00,0x00,0x00,0x07,0xFC,0x00,0x1F,0xF0,0x00,0x00,0x00,0x00,0x00,0x00,
  0x3F,0xE0,0x01,0xFF,0x00,0x00,0x03,0xFE,0x00,0x00,0x00,0xFF,0x80,0x1F,0xF8,0x00,0x00,0xFF,0xFE,0x03,0xFC,0x03,0xFC,0x00,
  0xFF,0x80,0x00,0x3F,0xFF,0xF8,0x1F,0xE0,0x1F,0xE0,0x0F,0xF8,0x00,0x03,0xFF,0xFF,0xE0,0xFF,0x00,0x7F,0x80,0x7F,0x80,0x00,
  0x7F,0xFF,0xFF,0x87,0xF0,0x03,0xFC,0x07,0xFC,0x00,0x07,0xFF,0xFF,0xFE,0x7F,0x80,0x1F,0xE0,0x3F,0xC0,0x00,0x7F,0xFF,0xFF,
  0xFB,0xFC,0x00,0x7F,0x83,0xFE,0x00,0x07,0xFF,0x80,0x3F,0xDF,0xE0,0x03,0xFC,0x1F,0xE0,0x00,0x7F,0xF0,0x00,0xFF,0xFE,0x00,
  0x1F,0xE1,0xFF,0x00,0x03,0xFE,0x00,0x01,0xFF,0xF0,0x00,0x7F,0x0F,0xF0,0x00,0x3F,0xE0,0x00,0x0F,0xFF,0x80,0x03,0xF8,0xFF,
  0x80,0x03,0xFE,0x00,0x00,0x3F,0xFC,0x00,0x1F,0xE7,0xF8,0x00,0x1F,0xE0,0x00,0x00,0xFF,0xC0,0x00,0xFF,0x3F,0xC0,0x01,0xFF,
  0x00,0x00,0x07,0xFE,0x00,0x07,0xF9,0xFE,0x00,0x0F,0xF0,0x00,0x00,0x3F,0xF0,0x00,0x3F,0xDF,0xE0,0x00,0xFF,0x80,0x00,0x01,
  0xFF,0x80,0x01,0xFE,0xFF,0x00,0x07,0xF8,0x00,0x00,0x0F,0xFC,0x00,0x0F,0xF7,0xF8,0x00,0x7F,0xC0,0x00,0x00,0x7F,0xC0,0x00,
  0x7F,0xBF,0xC0,0x03,0xFC,0x00,0x00,0x03,0xFE,0x00,0x03,0xFF,0xFC,0x00,0x1F,0xE0,0x00,0x00,0x1F,0xF0,0x00,0x1F,0xFF,0xE0,
  0x01,0xFF,0x00,0x00,0x00,0xFF,0x80,0x00,0xFF,0xFF,0x00,0x0F,0xF0,0x00,0x00,0x07,0xF8,0x00,0x07,0xFF,0xF8,0x00,0x7F,0x80,
  0x00,0x00,0x3F,0xC0,0x00,0x3F,0xBF,0xC0,0x03,0xFC,0x00,0x00,0x03,0xFE,0x00,0x01,0xFD,0xFE,0x00,0x1F,0xE0,0x00,0x00,0x1F,
  0xF0,0x00,0x0F,0xEF,0xF0,0x00,0xFF,0x00,0x00,0x00,0xFF,0x00,0x00,0xFF,0x7F,0x80,0x0F,0xF8,0x00,0x00,0x07,0xF8,0x00,0x07,
  0xFB,0xFC,0x00,0x7F,0xC0,0x00,0x00,0x7F,0xC0,0x00,0x3F,0x9F,0xE0,0x03,0xFE,0x00,0x00,0x03,0xFE,0x00,0x03,0xFC,0xFF,0x00,
  0x1F,0xF0,0x00,0x00,0x3F,0xF0,0x00,0x1F,0xE7,0xF8,0x00,0xFF,0x80,0x00,0x01,0xFF,0x00,0x00,0xFE,0x3F,0xC0,0x07,0xFC,0x00,
  0x00,0x0F,0xF8,0x00,0x0F,0xF1,0xFE,0x00,0x3F,0xE0,0x00,0x00,0xFF,0xC0,0x00,0x7F,0x8F,0xF0,0x00,0xFF,0x00,0x00,0x0F,0xFE,
  0x00,0x07,0xF8,0x7F,0x80,0x07,0xF8,0x00,0x00,0x7F,0xF0,0x00,0x3F,0xC3,0xFC,0x00,0x3F,0xE0,0x00,0x07,0xFF,0x80,0x03,0xFC,
  0x1F,0xE0,0x01,0xFF,0x00,0x00,0x7F,0xFC,0x00,0x3F,0xE0,0xFF,0x00,0x0F,0xFC,0x00,0x07,0xFF,0xE0,0x03,0xFE,0x03,0xFC,0x00,
  0x3F,0xE0,0x00,0x7F,0x7F,0x00,0x3F,0xE0,0x1F,0xE0,0x01,0xFF,0x80,0x0F,0xFB,0xF8,0x03,0xFF,0x00,0xFF,0x00,0x07,0xFF,0x01,
  0xFF,0x9F,0xE0,0x7F,0xF0,0x07,0xFC,0x00,0x3F,0xFF,0xFF,0xF8,0xFF,0xFF,0xFF,0x00,0x1F,0xE0,0x00,0xFF,0xFF,0xFF,0x83,0xFF,
  0xFF,0xF0,0x00,0xFF,0x00,0x03,0xFF,0xFF,0xF8,0x1F,0xFF,0xFF,0x00,0x07,0xFC,0x00,0x0F,0xFF,0xFF,0x80,0x7F,0xFF,0xE0,0x00,
  0x1F,0xE0,0x00,0x3F,0xFF,0xF0,0x03,0xFF,0xFE,0x00,0x00,0xFF,0x80,0x00,0x7F,0xFE,0x00,0x07,0xFF,0xC0,0x00,0x03,0xFE,0x00,
  0x00,0x7F,0x80,0x00,0x0F,0xF0,0x00,0x00,0x1F,0xF0,0x00,0x00,0x00,0x00,0x00,0x00,0x00,0x00,0x00,0x7F,0xC0,0x00,0x00,0x00,
  0x00,0x00,0x00,0x00,0x00,0x03,0xFF,0x00,0x00,0x00,0x00,0x00,0x00,0x00,0x00,0x00,0x0F,0xFC,0x00,0x00,0x00,0x00,0x00,0x00,
  0x00,0x00,0x00,0x3F,0xF0,0x00,0x00,0x00,0x00,0x00,0x00,0x00,0x00,0x01,0xFF,0xC0,0x00,0x00,0x00,0x00,0x00,0x20,0x00,0x00,
  0x07,0xFF,0x00,0x00,0x00,0x00,0x00,0x07,0x80,0x00,0x00,0x1F,0xFE,0x00,0x00,0x00,0x00,0x01,0xFC,0x00,0x00,0x00,0x7F,0xFC,
  0x00,0x00,0x00,0x00,0x7F,0xF0,0x00,0x00,0x01,0xFF,0xF8,0x00,0x00,0x00,0x1F,0xFF,0x80,0x00,0x00,0x07,0xFF,0xF8,0x00,0x00,
  0x0F,0xFF,0xFE,0x00,0x00,0x00,0x1F,0xFF,0xFC,0x00,0x0F,0xFF,0xFF,0xE0,0x00,0x00,0x00,0x3F,0xFF,0xFF,0xFF,0xFF,0xFF,0xFC,
  0x00,0x00,0x00,0x00,0xFF,0xFF,0xFF,0xFF,0xFF,0xFF,0x00,0x00,0x00,0x00,0x01,0xFF,0xFF,0xFF,0xFF,0xFF,0xE0,0x00,0x00,0x00,
  0x00,0x03,0xFF,0xFF,0xFF,0xFF,0xF8,0x00,0x00,0x00,0x00,0x00,0x03,0xFF,0xFF,0xFF,0xFE,0x00,0x00,0x00,0x00,0x00,0x00,0x03,
  0xFF,0xFF,0xFF,0x00,0x00,0x00,0x00,0x00,0x00,0x00,0x01,0xFF,0xFF,0x00,0x00,0x00,0x00,0x00,0x00,0x00,0x00,0xFF,0xFF,0x80,
  0x00,0x00,0x00,0x00,0x00,0x3F,0xFF,0xF0,0x00,0x00,0x00,0x00,0x00,0x1F,0xFF,0xFC,0x00,0x00,0x00,0x00,0x00,0x07,0xFF,0xFF,
  0x00,0x00,0x00,0x00,0x00,0x01,0xFF,0xFF,0xE0,0x00,0x00,0x00,0x00,0x00,0xFF,0xFF,0xF8,0x00,0x00,0x00,0x00,0x00,0x3F,0xFF,
  0xFF,0x00,0x00,0x00,0x00,0x00,0x1F,0xFF,0xFF,0xC0,0x00,0x00,0x00,0x00,0x07,0xFF,0xFF,0xF0,0x00,0x00,0x00,0x00,0x01,0xFF,
  0xFF,0xFE,0x00,0x00,0x00,0x00,0x00,0xFF,0xFF,0xFF,0x80,0x00,0x00,0x00,0x00,0x3F,0xFF,0xFF,0xE0,0x00,0x00,0x00,0x00,0x0F,
  0xFF,0x7F,0xFC,0x00,0x00,0x00,0x00,0x07,0xFF,0xCF,0xFF,0x00,0x00,0x00,0x00,0x01,0xFF,0xF3,0xFF,0xC0,0x00,0x00,0x00,0x00,
  0x7F,0xF8,0xFF,0xF8,0x00,0x00,0x00,0x00,0x3F,0xFE,0x1F,0xFE,0x00,0x00,0x00,0x00,0x0F,0xFF,0x87,0xFF,0xC0,0x00,0x00,0x00,
  0x07,0xFF,0xC1,0xFF,0xF0,0x00,0x00,0x00,0x01,0xFF,0xF0,0x7F,0xFC,0x00,0x00,0x00,0x00,0x7F,0xFC,0x0F,0xFF,0x80,0x00,0x00,
  0x00,0x3F,0xFE,0x03,0xFF,0xE0,0x00,0x00,0x00,0x0F,0xFF,0x80,0xFF,0xF8,0x00,0x00,0x00,0x03,0xFF,0xE0,0x1F,0xFF,0x00,0x00,
  0x00,0x01,0xFF,0xF0,0x07,0xFF,0xC0,0x00,0x00,0x00,0x7F,0xFC,0x01,0xFF,0xF0,0x00,0x00,0x00,0x1F,0xFF,0x00,0x3F,0xFE,0x00,
  0x00,0x00,0x0F,0xFF,0x80,0x0F,0xFF,0x80,0x00,0x00,0x03,0xFF,0xE0,0x01,0xFF,0xF0,0x00,0x00,0x01,0xFF,0xF8,0x00,0x7F,0xFC,
  0x00,0x00,0x00,0x7F,0xFC,0x00,0x1F,0xFF,0x00,0x00,0x00,0x1F,0xFF,0x00,0x03,0xFF,0xE0,0x00,0x00,0x0F,0xFF,0xC0,0x00,0xFF,
  0xF8,0x00,0x00,0x03,0xFF,0xE0,0x00,0x3F,0xFE,0x00,0x00,0x00,0xFF,0xF8,0x00,0x07,0xFF,0xC0,0x00,0x00,0x7F,0xFE,0x00,0x01,
  0xFF,0xF0,0x00,0x00,0x1F,0xFF,0x00,0x00,0x7F,0xFC,0x00,0x00,0x07,0xFF,0xC0,0x00,0x0F,0xFF,0x80,0x00,0x03,0xFF,0xF0,0x00,
  0x03,0xFF,0xE0,0x00,0x00,0xFF,0xF8,0x00,0x00,0xFF,0xFC,0x00,0x00,0x7F,0xFF,0xFF,0xFF,0xFF,0xFF,0x00,0x00,0x1F,0xFF,0xFF,
  0xFF,0xFF,0xFF,0xC0,0x00,0x07,0xFF,0xFF,0xFF,0xFF,0xFF,0xF8,0x00,0x03,0xFF,0xFF,0xFF,0xFF,0xFF,0xFE,0x00,0x00,0xFF,0xFF,
  0xFF,0xFF,0xFF,0xFF,0x80,0x00,0x3F,0xFF,0xFF,0xFF,0xFF,0xFF,0xF0,0x00,0x1F,0xFF,0xFF,0xFF,0xFF,0xFF,0xFC,0x00,0x07,0xFF,
  0xFF,0xFF,0xFF,0xFF,0xFF,0x00,0x01,0xFF,0xFF,0xFF,0xFF,0xFF,0xFF,0xE0,0x00,0xFF,0xFF,0xFF,0xFF,0xFF,0xFF,0xF8,0x00,0x3F,
  0xFF,0xFF,0xFF,0xFF,0xFF,0xFF,0x00,0x1F,0xFF,0xC0,0x00,0x00,0x0F,0xFF,0xC0,0x07,0xFF,0xE0,0x00,0x00,0x03,0xFF,0xF0,0x01,
  0xFF,0xF8,0x00,0x00,0x00,0x7F,0xFE,0x00,0xFF,0xFE,0x00,0x00,0x00,0x1F,0xFF,0x80,0x3F,0xFF,0x00,0x00,0x00,0x07,0xFF,0xE0,
  0x0F,0xFF,0xC0,0x00,0x00,0x00,0xFF,0xFC,0x07,0xFF,0xE0,0x00,0x00,0x00,0x3F,0xFF,0x01,0xFF,0xF8,0x00,0x00,0x00,0x0F,0xFF,
  0xE0,0x7F,0xFE,0x00,0x00,0x00,0x01,0xFF,0xF8,0x3F,0xFF,0x00,0x00,0x00,0x00,0x7F,0xFE,0x0F,0xFF,0xC0,0x00,0x00,0x00,0x1F,
  0xFF,0xC7,0xFF,0xF0,0x00,0x00,0x00,0x03,0xFF,0xF1,0xFF,0xF8,0x00,0x00,0x00,0x00,0xFF,0xFC,0x7F,0xFE,0x00,0x00,0x00,0x00,
  0x3F,0xFF,0xBF,0xFF,0x80,0x00,0x00,0x00,0x07,0xFF,0xEF,0xFF,0xC0,0x00,0x00,0x00,0x01,0xFF,0xFB,0xFF,0xF0,0x00,0x00,0x00,
  0x00,0x3F,0xFF,0xFF,0xFF,0xFF,0xFF,0xFE,0x00,0x00,0x0F,0xFF,0xFF,0xFF,0xFF,0xFF,0x00,0x00,0xFF,0xFF,0xFF,0xFF,0xFF,0xFC,
  0x00,0x0F,0xFF,0xFF,0xFF,0xFF,0xFF,0xF0,0x00,0xFF,0xFF,0xFF,0xFF,0xFF,0xFF,0xC0,0x0F,0xFF,0xFF,0xFF,0xFF,0xFF,0xFE,0x00,
  0xFF,0xFF,0xFF,0xFF,0xFF,0xFF,0xF0,0x0F,0xFF,0xFF,0xFF,0xFF,0xFF,0xFF,0x80,0xFF,0xFF,0xFF,0xFF,0xFF,0xFF,0xFC,0x0F,0xFF,
  0xFF,0xFF,0xFF,0xFF,0xFF,0xE0,0xFF,0xFF,0xFF,0xFF,0xFF,0xFF,0xFE,0x0F,0xFF,0xC0,0x00,0x00,0xFF,0xFF,0xE0,0xFF,0xFC,0x00,
  0x00,0x01,0xFF,0xFF,0x0F,0xFF,0xC0,0x00,0x00,0x0F,0xFF,0xF0,0xFF,0xFC,0x00,0x00,0x00,0x7F,0xFF,0x0F,0xFF,0xC0,0x00,0x00,
  0x07,0xFF,0xF0,0xFF,0xFC,0x00,0x00,0x00,0x7F,0xFF,0x0F,0xFF,0xC0,0x00,0x00,0x03,0xFF,0xF0,0xFF,0xFC,0x00,0x00,0x00,0x3F,
  0xFF,0x0F,0xFF,0xC0,0x00,0x00,0x03,0xFF,0xF0,0xFF,0xFC,0x00,0x00,0x00,0x3F,0xFF,0x0F,0xFF,0xC0,0x00,0x00,0x07,0xFF,0xE0,
  0xFF,0xFC,0x00,0x00,0x00,0x7F,0xFE,0x0F,0xFF,0xC0,0x00,0x00,0x0F,0xFF,0xE0,0xFF,0xFC,0x00,0x00,0x01,0xFF,0xFC,0x0F,0xFF,
  0xC0,0x00,0x00,0x3F,0xFF,0xC0,0xFF,0xFC,0x00,0x00,0x1F,0xFF,0xF8,0x0F,0xFF,0xFF,0xFF,0xFF,0xFF,0xFF,0x00,0xFF,0xFF,0xFF,
  0xFF,0xFF,0xFF,0xE0,0x0F,0xFF,0xFF,0xFF,0xFF,0xFF,0xF8,0x00,0xFF,0xFF,0xFF,0xFF,0xFF,0xFE,0x00,0x0F,0xFF,0xFF,0xFF,0xFF,
  0xFF,0x80,0x00,0xFF,0xFF,0xFF,0xFF,0xFF,0xFE,0x00,0x0F,0xFF,0xFF,0xFF,0xFF,0xFF,0xFC,0x00,0xFF,0xFF,0xFF,0xFF,0xFF,0xFF,
  0xF0,0x0F,0xFF,0xFF,0xFF,0xFF,0xFF,0xFF,0xC0,0xFF,0xFF,0xFF,0xFF,0xFF,0xFF,0xFE,0x0F,0xFF,0xFF,0xFF,0xFF,0xFF,0xFF,0xF0,
  0xFF,0xFC,0x00,0x00,0x01,0xFF,0xFF,0x8F,0xFF,0xC0,0x00,0x00,0x07,0xFF,0xFC,0xFF,0xFC,0x00,0x00,0x00,0x1F,0xFF,0xCF,0xFF,
  0xC0,0x00,0x00,0x00,0xFF,0xFE,0xFF,0xFC,0x00,0x00,0x00,0x0F,0xFF,0xEF,0xFF,0xC0,0x00,0x00,0x00,0x7F,0xFE,0xFF,0xFC,0x00,
  0x00,0x00,0x07,0xFF,0xFF,0xFF,0xC0,0x00,0x00,0x00,0x7F,0xFF,0xFF,0xFC,0x00,0x00,0x00,0x03,0xFF,0xFF,0xFF,0xC0,0x00,0x00,
  0x00,0x3F,0xFF,0xFF,0xFC,0x00,0x00,0x00,0x03,0xFF,0xFF,0xFF,0xC0,0x00,0x00,0x00,0x7F,0xFF,0xFF,0xFC,0x00,0x00,0x00,0x07,
  0xFF,0xFF,0xFF,0xC0,0x00,0x00,0x00,0x7F,0xFF,0xFF,0xFC,0x00,0x00,0x00,0x0F,0xFF,0xFF,0xFF,0xC0,0x00,0x00,0x00,0xFF,0xFE,
  0xFF,0xFC,0x00,0x00,0x00,0x1F,0xFF,0xEF,0xFF,0xC0,0x00,0x00,0x07,0xFF,0xFE,0xFF,0xFC,0x00,0x00,0x01,0xFF,0xFF,0xCF,0xFF,
  0xFF,0xFF,0xFF,0xFF,0xFF,0xFC,0xFF,0xFF,0xFF,0xFF,0xFF,0xFF,0xFF,0x8F,0xFF,0xFF,0xFF,0xFF,0xFF,0xFF,0xF8,0xFF,0xFF,0xFF,
  0xFF,0xFF,0xFF,0xFF,0x0F,0xFF,0xFF,0xFF,0xFF,0xFF,0xFF,0xE0,0xFF,0xFF,0xFF,0xFF,0xFF,0xFF,0xFC,0x0F,0xFF,0xFF,0xFF,0xFF,
  0xFF,0xFF,0x00,0xFF,0xFF,0xFF,0xFF,0xFF,0xFF,0xE0,0x0F,0xFF,0xFF,0xFF,0xFF,0xFF,0xF0,0x00,0xFF,0xFF,0xFF,0xFF,0xFF,0xFC,
  0x00,0x0F,0xFF,0xFF,0xFF,0xFF,0xF8,0x00,0x00,0x00,0x00,0x00,0x3F,0xFF,0x80,0x00,0x00,0x00,0x00,0x03,0xFF,0xFF,0xFC,0x00,
  0x00,0x00,0x00,0x1F,0xFF,0xFF,0xFF,0x80,0x00,0x00,0x00,0xFF,0xFF,0xFF,0xFF,0xE0,0x00,0x00,0x03,0xFF,0xFF,0xFF,0xFF,0xF8,
  0x00,0x00,0x07,0xFF,0xFF,0xFF,0xFF,0xFE,0x00,0x00,0x1F,0xFF,0xFF,0xFF,0xFF,0xFF,0x00,0x00,0x3F,0xFF,0xFF,0xFF,0xFF,0xFF,
  0x80,0x00,0x7F,0xFF,0xFF,0xFF,0xFF,0xFF,0xC0,0x00,0xFF,0xFF,0xFF,0xFF,0xFF,0xFF,0xE0,0x01,0xFF,0xFF,0xFF,0xFF,0xFF,0xFF,
  0xF0,0x01,0xFF,0xFF,0xFE,0x07,0xFF,0xFF,0xF0,0x03,0xFF,0xFF,0xC0,0x00,0x7F,0xFF,0xF8,0x07,0xFF,0xFF,0x00,0x00,0x0F,0xFF,
  0xFC,0x07,0xFF,0xFC,0x00,0x00,0x07,0xFF,0xFC,0x0F,0xFF,0xF8,0x00,0x00,0x01,0xFF,0xFE,0x0F,0xFF,0xF0,0x00,0x00,0x00,0xFF,
  0xFE,0x1F,0xFF,0xE0,0x00,0x00,0x00,0x7F,0xFF,0x1F,0xFF,0xE0,0x00,0x00,0x00,0x3F,0xFF,0x3F,0xFF,0xC0,0x00,0x00,0x00,0x3F,
  0xF8,0x3F,0xFF,0x80,0x00,0x00,0x00,0x1F,0x80,0x3F,0xFF,0x80,0x00,0x00,0x00,0x18,0x00,0x7F,0xFF,0x00,0x00,0x00,0x00,0x00,
  0x00,0x7F,0xFF,0x00,0x00,0x00,0x00,0x00,0x00,0x7F,0xFF,0x00,0x00,0x00,0x00,0x00,0x00,0x7F,0xFF,0x00,0x00,0x00,0x00,0x00,
  0x00,0x7F,0xFE,0x00,0x00,0x00,0x00,0x00,0x00,0xFF,0xFE,0x00,0x00,0x00,0x00,0x00,0x00,0xFF,0xFE,0x00,0x00,0x00,0x00,0x00,
  0x00,0xFF,0xFE,0x00,0x00,0x00,0x00,0x00,0x00,0xFF,0xFE,0x00,0x00,0x00,0x00,0x00,0x00,0xFF,0xFE,0x00,0x00,0x00,0x00,0x00,
  0x00,0xFF,0xFE,0x00,0x00,0x00,0x00,0x00,0x00,0xFF,0xFE,0x00,0x00,0x00,0x00,0x00,0x00,0xFF,0xFE,0x00,0x00,0x00,0x00,0x00,
  0x00,0xFF,0xFE,0x00,0x00,0x00,0x00,0x00,0x00,0xFF,0xFE,0x00,0x00,0x00,0x00,0x00,0x00,0xFF,0xFE,0x00,0x00,0x00,0x00,0x00,
  0x00,0xFF,0xFE,0x00,0x00,0x00,0x00,0x00,0x00,0xFF,0xFE,0x00,0x00,0x00,0x00,0x00,0x00,0xFF,0xFE,0x00,0x00,0x00,0x00,0x00,
  0x00,0xFF,0xFE,0x00,0x00,0x00,0x00,0x00,0x00,0x7F,0xFE,0x00,0x00,0x00,0x00,0x00,0x00,0x7F,0xFE,0x00,0x00,0x00,0x00,0x00,
  0x00,0x7F,0xFF,0x00,0x00,0x00,0x00,0x00,0x00,0x7F,0xFF,0x00,0x00,0x00,0x00,0x00,0x00,0x7F,0xFF,0x00,0x00,0x00,0x00,0x0C,
  0x00,0x3F,0xFF,0x80,0x00,0x00,0x00,0x0F,0x80,0x3F,0xFF,0x80,0x00,0x00,0x00,0x1F,0xE0,0x3F,0xFF,0xC0,0x00,0x00,0x00,0x1F,
  0xFC,0x1F,0xFF,0xC0,0x00,0x00,0x00,0x3F,0xFF,0x1F,0xFF,0xE0,0x00,0x00,0x00,0x7F,0xFF,0x1F,0xFF,0xF0,0x00,0x00,0x00,0x7F,
  0xFF,0x0F,0xFF,0xF0,0x00,0x00,0x00,0xFF,0xFF,0x0F,0xFF,0xFC,0x00,0x00,0x01,0xFF,0xFE,0x07,0xFF,0xFE,0x00,0x00,0x07,0xFF,
  0xFC,0x03,0xFF,0xFF,0x00,0x00,0x0F,0xFF,0xFC,0x03,0xFF,0xFF,0xE0,0x00,0x7F,0xFF,0xF8,0x01,0xFF,0xFF,0xFE,0x07,0xFF,0xFF,
  0xF0,0x00,0xFF,0xFF,0xFF,0xFF,0xFF,0xFF,0xF0,0x00,0x7F,0xFF,0xFF,0xFF,0xFF,0xFF,0xE0,0x00,0x3F,0xFF,0xFF,0xFF,0xFF,0xFF,
  0xC0,0x00,0x1F,0xFF,0xFF,0xFF,0xFF,0xFF,0x80,0x00,0x0F,0xFF,0xFF,0xFF,0xFF,0xFF,0x00,0x00,0x03,0xFF,0xFF,0xFF,0xFF,0xFC,
  0x00,0x00,0x01,0xFF,0xFF,0xFF,0xFF,0xF8,0x00,0x00,0x00,0x7F,0xFF,0xFF,0xFF,0xE0,0x00,0x00,0x00,0x1F,0xFF,0xFF,0xFF,0x80,
  0x00,0x00,0x00,0x03,0xFF,0xFF,0xFC,0x00,0x00,0x00,0x00,0x00,0x1F,0xFF,0x80,0x00,0x00,0xFF,0xFF,0xFF,0xFF,0x80,0x00,0x00,
  0x0F,0xFF,0xFF,0xFF,0xFF,0x80,0x00,0x00,0xFF,0xFF,0xFF,0xFF,0xFF,0x80,0x00,0x0F,0xFF,0xFF,0xFF,0xFF,0xFE,0x00,0x00,0xFF,
  0xFF,0xFF,0xFF,0xFF,0xF8,0x00,0x0F,0xFF,0xFF,0xFF,0xFF,0xFF,0xE0,0x00,0xFF,0xFF,0xFF,0xFF,0xFF,0xFF,0x00,0x0F,0xFF,0xFF,
  0xFF,0xFF,0xFF,0xFC,0x00,0xFF,0xFF,0xFF,0xFF,0xFF,0xFF,0xE0,0x0F,0xFF,0xFF,0xFF,0xFF,0xFF,0xFF,0x00,0xFF,0xFF,0xFF,0xFF,
  0xFF,0xFF,0xF8,0x0F,0xFF,0xC0,0x00,0x7F,0xFF,0xFF,0xC0,0xFF,0xFC,0x00,0x00,0x7F,0xFF,0xFC,0x0F,0xFF,0xC0,0x00,0x00,0xFF,
  0xFF,0xE0,0xFF,0xFC,0x00,0x00,0x07,0xFF,0xFF,0x0F,0xFF,0xC0,0x00,0x00,0x1F,0xFF,0xF0,0xFF,0xFC,0x00,0x00,0x00,0xFF,0xFF,
  0x8F,0xFF,0xC0,0x00,0x00,0x07,0xFF,0xF8,0xFF,0xFC,0x00,0x00,0x00,0x3F,0xFF,0xCF,0xFF,0xC0,0x00,0x00,0x03,0xFF,0xFC,0xFF,
  0xFC,0x00,0x00,0x00,0x1F,0xFF,0xCF,0xFF,0xC0,0x00,0x00,0x00,0xFF,0xFE,0xFF,0xFC,0x00,0x00,0x00,0x0F,0xFF,0xEF,0xFF,0xC0,
  0x00,0x00,0x00,0xFF,0xFE,0xFF,0xFC,0x00,0x00,0x00,0x07,0xFF,0xFF,0xFF,0xC0,0x00,0x00,0x00,0x7F,0xFF,0xFF,0xFC,0x00,0x00,
  0x00,0x07,0xFF,0xFF,0xFF,0xC0,0x00,0x00,0x00,0x7F,0xFF,0xFF,0xFC,0x00,0x00,0x00,0x03,0xFF,0xFF,0xFF,0xC0,0x00,0x00,0x00,
  0x3F,0xFF,0xFF,0xFC,0x00,0x00,0x00,0x03,0xFF,0xFF,0xFF,0xC0,0x00,0x00,0x00,0x3F,0xFF,0xFF,0xFC,0x00,0x00,0x00,0x03,0xFF,
  0xFF,0xFF,0xC0,0x00,0x00,0x00,0x3F,0xFF,0xFF,0xFC,0x00,0x00,0x00,0x03,0xFF,0xFF,0xFF,0xC0,0x00,0x00,0x00,0x3F,0xFF,0xFF,
  0xFC,0x00,0x00,0x00,0x03,0xFF,0xFF,0xFF,0xC0,0x00,0x00,0x00,0x3F,0xFF,0xFF,0xFC,0x00,0x00,0x00,0x03,0xFF,0xFF,0xFF,0xC0,
  0x00,0x00,0x00,0x7F,0xFF,0xFF,0xFC,0x00,0x00,0x00,0x07,0xFF,0xFF,0xFF,0xC0,0x00,0x00,0x00,0x7F,0xFF,0xFF,0xFC,0x00,0x00,
  0x00,0x07,0xFF,0xFF,0xFF,0xC0,0x00,0x00,0x00,0xFF,0xFE,0xFF,0xFC,0x00,0x00,0x00,0x0F,0xFF,0xEF,0xFF,0xC0,0x00,0x00,0x00,
  0xFF,0xFE,0xFF,0xFC,0x00,0x00,0x00,0x1F,0xFF,0xCF,0xFF,0xC0,0x00,0x00,0x01,0xFF,0xFC,0xFF,0xFC,0x00,0x00,0x00,0x3F,0xFF,
  0xCF,0xFF,0xC0,0x00,0x00,0x07,0xFF,0xF8,0xFF,0xFC,0x00,0x00,0x00,0x7F,0xFF,0x8F,0xFF,0xC0,0x00,0x00,0x0F,0xFF,0xF0,0xFF,
  0xFC,0x00,0x00,0x01,0xFF,0xFF,0x0F,0xFF,0xC0,0x00,0x00,0x7F,0xFF,0xE0,0xFF,0xFC,0x00,0x00,0x0F,0xFF,0xFE,0x0F,0xFF,0xC0,
  0x00,0x03,0xFF,0xFF,0xC0,0xFF,0xFC,0x00,0x03,0xFF,0xFF,0xF8,0x0F,0xFF,0xFF,0xFF,0xFF,0xFF,0xFF,0x00,0xFF,0xFF,0xFF,0xFF,
  0xFF,0xFF,0xF0,0x0F,0xFF,0xFF,0xFF,0xFF,0xFF,0xFC,0x00,0xFF,0xFF,0xFF,0xFF,0xFF,0xFF,0x80,0x0F,0xFF,0xFF,0xFF,0xFF,0xFF,
  0xF0,0x00,0xFF,0xFF,0xFF,0xFF,0xFF,0xFE,0x00,0x0F,0xFF,0xFF,0xFF,0xFF,0xFF,0x80,0x00,0xFF,0xFF,0xFF,0xFF,0xFF,0xE0,0x00,
  0x0F,0xFF,0xFF,0xFF,0xFF,0xF8,0x00,0x00,0xFF,0xFF,0xFF,0xFF,0xFC,0x00,0x00,0x0F,0xFF,0xFF,0xFF,0xFC,0x00,0x00,0x00,0xFF,
  0xFF,0xFF,0xFF,0xFF,0xFF,0xF9,0xFF,0xFF,0xFF,0xFF,0xFF,0xFF,0xF3,0xFF,0xFF,0xFF,0xFF,0xFF,0xFF,0xE7,0xFF,0xFF,0xFF,0xFF,
  0xFF,0xFF,0xCF,0xFF,0xFF,0xFF,0xFF,0xFF,0xFF,0x9F,0xFF,0xFF,0xFF,0xFF,0xFF,0xFF,0x3F,0xFF,0xFF,0xFF,0xFF,0xFF,0xFE,0x7F,
  0xFF,0xFF,0xFF,0xFF,0xFF,0xFC,0xFF,0xFF,0xFF,0xFF,0xFF,0xFF,0xF9,0xFF,0xFF,0xFF,0xFF,0xFF,0xFF,0xF3,0xFF,0xFF,0xFF,0xFF,
  0xFF,0xFF,0xE7,0xFF,0xE0,0x00,0x00,0x00,0x00,0x0F,0xFF,0xC0,0x00,0x00,0x00,0x00,0x1F,0xFF,0x80,0x00,0x00,0x00,0x00,0x3F,
  0xFF,0x00,0x00,0x00,0x00,0x00,0x7F,0xFE,0x00,0x00,0x00,0x00,0x00,0xFF,0xFC,0x00,0x00,0x00,0x00,0x01,0xFF,0xF8,0x00,0x00,
  0x00,0x00,0x03,0xFF,0xF0,0x00,0x00,0x00,0x00,0x07,0xFF,0xE0,0x00,0x00,0x00,0x00,0x0F,0xFF,0xC0,0x00,0x00,0x00,0x00,0x1F,
  0xFF,0x80,0x00,0x00,0x00,0x00,0x3F,0xFF,0x00,0x00,0x00,0x00,0x00,0x7F,0xFE,0x00,0x00,0x00,0x00,0x00,0xFF,0xFC,0x00,0x00,
  0x00,0x00,0x01,0xFF,0xF8,0x00,0x00,0x00,0x00,0x03,0xFF,0xF0,0x00,0x00,0x00,0x00,0x07,0xFF,0xE0,0x00,0x00,0x00,0x00,0x0F,
  0xFF,0xFF,0xFF,0xFF,0xFF,0xFC,0x1F,0xFF,0xFF,0xFF,0xFF,0xFF,0xF8,0x3F,0xFF,0xFF,0xFF,0xFF,0xFF,0xF0,0x7F,0xFF,0xFF,0xFF,
  0xFF,0xFF,0xE0,0xFF,0xFF,0xFF,0xFF,0xFF,0xFF,0xC1,0xFF,0xFF,0xFF,0xFF,0xFF,0xFF,0x83,0xFF,0xFF,0xFF,0xFF,0xFF,0xFF,0x07,
  0xFF,0xFF,0xFF,0xFF,0xFF,0xFE,0x0F,0xFF,0xFF,0xFF,0xFF,0xFF,0xFC,0x1F,0xFF,0xFF,0xFF,0xFF,0xFF,0xF8,0x3F,0xFF,0xFF,0xFF,
  0xFF,0xFF,0xF0,0x7F,0xFE,0x00,0x00,0x00,0x00,0x00,0xFF,0xFC,0x00,0x00,0x00,0x00,0x01,0xFF,0xF8,0x00,0x00,0x00,0x00,0x03,
  0xFF,0xF0,0x00,0x00,0x00,0x00,0x07,0xFF,0xE0,0x00,0x00,0x00,0x00,0x0F,0xFF,0xC0,0x00,0x00,0x00,0x00,0x1F,0xFF,0x80,0x00,
  0x00,0x00,0x00,0x3F,0xFF,0x00,0x00,0x00,0x00,0x00,0x7F,0xFE,0x00,0x00,0x00,0x00,0x00,0xFF,0xFC,0x00,0x00,0x00,0x00,0x01,
  0xFF,0xF8,0x00,0x00,0x00,0x00,0x03,0xFF,0xF0,0x00,0x00,0x00,0x00,0x07,0xFF,0xE0,0x00,0x00,0x00,0x00,0x0F,0xFF,0xC0,0x00,
  0x00,0x00,0x00,0x1F,0xFF,0x80,0x00,0x00,0x00,0x00,0x3F,0xFF,0x00,0x00,0x00,0x00,0x00,0x7F,0xFE,0x00,0x00,0x00,0x00,0x00,
  0xFF,0xFC,0x00,0x00,0x00,0x00,0x01,0xFF,0xFF,0xFF,0xFF,0xFF,0xFF,0xFF,0xFF,0xFF,0xFF,0xFF,0xFF,0xFF,0xFF,0xFF,0xFF,0xFF,
  0xFF,0xFF,0xFF,0xFF,0xFF,0xFF,0xFF,0xFF,0xFF,0xFF,0xFF,0xFF,0xFF,0xFF,0xFF,0xFF,0xFF,0xFF,0xFF,0xFF,0xFF,0xFF,0xFF,0xFF,
  0xFF,0xFF,0xFF,0xFF,0xFF,0xFF,0xFF,0xFF,0xFF,0xFF,0xFF,0xFF,0xFF,0xFF,0xFF,0xFF,0xFF,0xFF,0xFF,0xFF,0xFF,0xFF,0xFF,0xFF,
  0xFF,0xFF,0xFF,0xFF,0xFF,0xFF,0xFF,0xFF,0xFF,0xFF,0xF0,0xFF,0xFF,0xFF,0xFF,0xFF,0xFF,0xFF,0xFF,0xFF,0xFF,0xFF,0xFF,0xFF,
  0xFF,0xFF,0xFF,0xFF,0xFF,0xFF,0xFF,0xFF,0xFF,0xFF,0xFF,0xFF,0xFF,0xFF,0xFF,0xFF,0xFF,0xFF,0xFF,0xFF,0xFF,0xFF,0xFF,0xFF,
  0xFF,0xFF,0xFF,0xFF,0xFF,0xFF,0xFF,0xFF,0xFF,0xFF,0xFF,0xFF,0xFF,0xFF,0xFF,0xFF,0xFF,0xFF,0xFF,0xFF,0xFF,0xFF,0xFF,0xFF,
  0xFF,0xFF,0xFF,0xFF,0xFF,0xFF,0xFF,0xFF,0xFF,0xF0,0x00,0x00,0x00,0x00,0xFF,0xFC,0x00,0x00,0x00,0x00,0x3F,0xFF,0x00,0x00,
  0x00,0x00,0x0F,0xFF,0xC0,0x00,0x00,0x00,0x03,0xFF,0xF0,0x00,0x00,0x00,0x00,0xFF,0xFC,0x00,0x00,0x00,0x00,0x3F,0xFF,0x00,
  0x00,0x00,0x00,0x0F,0xFF,0xC0,0x00,0x00,0x00,0x03,0xFF,0xF0,0x00,0x00,0x00,0x00,0xFF,0xFC,0x00,0x00,0x00,0x00,0x3F,0xFF,
  0x00,0x00,0x00,0x00,0x0F,0xFF,0xC0,0x00,0x00,0x00,0x03,0xFF,0xF0,0x00,0x00,0x00,0x00,0xFF,0xFC,0x00,0x00,0x00,0x00,0x3F,
  0xFF,0x00,0x00,0x00,0x00,0x0F,0xFF,0xC0,0x00,0x00,0x00,0x03,0xFF,0xF0,0x00,0x00,0x00,0x00,0xFF,0xFC,0x00,0x00,0x00,0x00,
  0x3F,0xFF,0x00,0x00,0x00,0x00,0x0F,0xFF,0xC0,0x00,0x00,0x00,0x03,0xFF,0xF0,0x00,0x00,0x00,0x00,0xFF,0xFF,0xFF,0xFF,0xFF,
  0xFF,0xBF,0xFF,0xFF,0xFF,0xFF,0xFF,0xEF,0xFF,0xFF,0xFF,0xFF,0xFF,0xFB,0xFF,0xFF,0xFF,0xFF,0xFF,0xFE,0xFF,0xFF,0xFF,0xFF,
  0xFF,0xFF,0xBF,0xFF,0xFF,0xFF,0xFF,0xFF,0xEF,0xFF,0xFF,0xFF,0xFF,0xFF,0xFB,0xFF,0xFF,0xFF,0xFF,0xFF,0xFE,0xFF,0xFF,0xFF,
  0xFF,0xFF,0xFF,0xBF,0xFF,0xFF,0xFF,0xFF,0xFF,0xEF,0xFF,0xFF,0xFF,0xFF,0xFF,0xFB,0xFF,0xF0,0x00,0x00,0x00,0x00,0xFF,0xFC,
  0x00,0x00,0x00,0x00,0x3F,0xFF,0x00,0x00,0x00,0x00,0x0F,0xFF,0xC0,0x00,0x00,0x00,0x03,0xFF,0xF0,0x00,0x00,0x00,0x00,0xFF,
  0xFC,0x00,0x00,0x00,0x00,0x3F,0xFF,0x00,0x00,0x00,0x00,0x0F,0xFF,0xC0,0x00,0x00,0x00,0x03,0xFF,0xF0,0x00,0x00,0x00,0x00,
  0xFF,0xFC,0x00,0x00,0x00,0x00,0x3F,0xFF,0x00,0x00,0x00,0x00,0x0F,0xFF,0xC0,0x00,0x00,0x00,0x03,0xFF,0xF0,0x00,0x00,0x00,
  0x00,0xFF,0xFC,0x00,0x00,0x00,0x00,0x3F,0xFF,0x00,0x00,0x00,0x00,0x0F,0xFF,0xC0,0x00,0x00,0x00,0x03,0xFF,0xF0,0x00,0x00,
  0x00,0x00,0xFF,0xFC,0x00,0x00,0x00,0x00,0x3F,0xFF,0x00,0x00,0x00,0x00,0x0F,0xFF,0xC0,0x00,0x00,0x00,0x03,0xFF,0xF0,0x00,
  0x00,0x00,0x00,0xFF,0xFC,0x00,0x00,0x00,0x00,0x3F,0xFF,0x00,0x00,0x00,0x00,0x0F,0xFF,0xC0,0x00,0x00,0x00,0x03,0xFF,0xF0,
  0x00,0x00,0x00,0x00,0x00,0x00,0x00,0x1F,0xFF,0xE0,0x00,0x00,0x00,0x00,0x00,0x7F,0xFF,0xFF,0xC0,0x00,0x00,0x00,0x00,0x7F,
  0xFF,0xFF,0xFF,0x80,0x00,0x00,0x00,0x3F,0xFF,0xFF,0xFF,0xFC,0x00,0x00,0x00,0x1F,0xFF,0xFF,0xFF,0xFF,0xE0,0x00,0x00,0x0F,
  0xFF,0xFF,0xFF,0xFF,0xFE,0x00,0x00,0x03,0xFF,0xFF,0xFF,0xFF,0xFF,0xE0,0x00,0x00,0xFF,0xFF,0xFF,0xFF,0xFF,0xFF,0x00,0x00,
  0x7F,0xFF,0xFF,0xFF,0xFF,0xFF,0xF0,0x00,0x1F,0xFF,0xFF,0xFF,0xFF,0xFF,0xFF,0x00,0x03,0xFF,0xFF,0xFF,0xFF,0xFF,0xFF,0xE0,
  0x00,0xFF,0xFF,0xFF,0x81,0xFF,0xFF,0xFE,0x00,0x3F,0xFF,0xFE,0x00,0x03,0xFF,0xFF,0xE0,0x0F,0xFF,0xFF,0x00,0x00,0x0F,0xFF,
  0xFC,0x01,0xFF,0xFF,0x80,0x00,0x00,0xFF,0xFF,0xC0,0x7F,0xFF,0xE0,0x00,0x00,0x07,0xFF,0xF8,0x0F,0xFF,0xF0,0x00,0x00,0x00,
  0x7F,0xFF,0x83,0xFF,0xFE,0x00,0x00,0x00,0x07,0xFF,0xF0,0x7F,0xFF,0x80,0x00,0x00,0x00,0xFF,0xFC,0x1F,0xFF,0xE0,0x00,0x00,
  0x00,0x0F,0xFC,0x03,0xFF,0xFC,0x00,0x00,0x00,0x01,0xF8,0x00,0x7F,0xFF,0x00,0x00,0x00,0x00,0x18,0x00,0x1F,0xFF,0xE0,0x00,
  0x00,0x00,0x00,0x00,0x03,0xFF,0xF8,0x00,0x00,0x00,0x00,0x00,0x00,0x7F,0xFF,0x00,0x00,0x00,0x00,0x00,0x00,0x0F,0xFF,0xE0,
  0x00,0x00,0x00,0x00,0x00,0x01,0xFF,0xF8,0x00,0x00,0x00,0x00,0x00,0x00,0x7F,0xFF,0x00,0x00,0x00,0x00,0x00,0x00,0x0F,0xFF,
  0xE0,0x00,0x00,0x00,0x00,0x00,0x01,0xFF,0xFC,0x00,0x00,0x00,0x00,0x00,0x00,0x3F,0xFF,0x80,0x00,0x00,0x00,0x00,0x00,0x07,
  0xFF,0xF0,0x00,0x00,0x00,0x00,0x00,0x00,0xFF,0xFE,0x00,0x00,0x00,0x00,0x00,0x00,0x1F,0xFF,0xC0,0x00,0x00,0xFF,0xFF,0xFF,
  0xFF,0xFF,0xF8,0x00,0x00,0x1F,0xFF,0xFF,0xFF,0xFF,0xFF,0x00,0x00,0x03,0xFF,0xFF,0xFF,0xFF,0xFF,0xE0,0x00,0x00,0x7F,0xFF,
  0xFF,0xFF,0xFF,0xFC,0x00,0x00,0x0F,0xFF,0xFF,0xFF,0xFF,0xFF,0x80,0x00,0x01,0xFF,0xFF,0xFF,0xFF,0xFF,0xF0,0x00,0x00,0x3F,
  0xFF,0xFF,0xFF,0xFF,0xFE,0x00,0x00,0x07,0xFF,0xFF,0xFF,0xFF,0xFF,0xC0,0x00,0x00,0xFF,0xFF,0xFF,0xFD,0xFF,0xF8,0x00,0x00,
  0x1F,0xFF,0xFF,0xFF,0xBF,0xFF,0x00,0x00,0x03,0xFF,0xFF,0xFF,0xF7,0xFF,0xF0,0x00,0x00,0x00,0x00,0x3F,0xFE,0xFF,0xFE,0x00,
  0x00,0x00,0x00,0x07,0xFF,0xDF,0xFF,0xC0,0x00,0x00,0x00,0x00,0xFF,0xF9,0xFF,0xFC,0x00,0x00,0x00,0x00,0x1F,0xFF,0x3F,0xFF,
  0x80,0x00,0x00,0x00,0x03,0xFF,0xE7,0xFF,0xF8,0x00,0x00,0x00,0x00,0x7F,0xFC,0x7F,0xFF,0x00,0x00,0x00,0x00,0x0F,0xFF,0x8F,
  0xFF,0xF0,0x00,0x00,0x00,0x01,0xFF,0xF1,0xFF,0xFF,0x00,0x00,0x00,0x00,0x3F,0xFE,0x1F,0xFF,0xF0,0x00,0x00,0x00,0x0F,0xFF,
  0xC3,0xFF,0xFF,0x00,0x00,0x00,0x03,0xFF,0xF8,0x3F,0xFF,0xF0,0x00,0x00,0x01,0xFF,0xFF,0x03,0xFF,0xFF,0x80,0x00,0x00,0xFF,
  0xFF,0xE0,0x7F,0xFF,0xFC,0x00,0x01,0xFF,0xFF,0xFC,0x07,0xFF,0xFF,0xF8,0x07,0xFF,0xFF,0xFF,0x80,0x7F,0xFF,0xFF,0xFF,0xFF,
  0xFF,0xFF,0xC0,0x07,0xFF,0xFF,0xFF,0xFF,0xFF,0xFF,0xF0,0x00,0x7F,0xFF,0xFF,0xFF,0xFF,0xFF,0xFC,0x00,0x07,0xFF,0xFF,0xFF,
  0xFF,0xFF,0xFF,0x00,0x00,0x7F,0xFF,0xFF,0xFF,0xFF,0xFF,0x80,0x00,0x07,0xFF,0xFF,0xFF,0xFF,0xFF,0xC0,0x00,0x00,0x3F,0xFF,
  0xFF,0xFF,0xFF,0xE0,0x00,0x00,0x01,0xFF,0xFF,0xFF,0xFF,0xF0,0x00,0x00,0x00,0x0F,0xFF,0xFF,0xFF,0xF0,0x00,0x00,0x00,0x00,
  0x3F,0xFF,0xFF,0xE0,0x00,0x00,0x00,0x00,0x00,0x3F,0xFF,0x80,0x00,0x00,0x00,0xFF,0xFC,0x00,0x00,0x00,0x1F,0xFF,0xFF,0xFF,
  0x00,0x00,0x00,0x07,0xFF,0xFF,0xFF,0xC0,0x00,0x00,0x01,0xFF,0xFF,0xFF,0xF0,0x00,0x00,0x00,0x7F,0xFF,0xFF,0xFC,0x00,0x00,
  0x00,0x1F,0xFF,0xFF,0xFF,0x00,0x00,0x00,0x07,0xFF,0xFF,0xFF,0xC0,0x00,0x00,0x01,0xFF,0xFF,0xFF,0xF0,0x00,0x00,0x00,0x7F,
  0xFF,0xFF,0xFC,0x00,0x00,0x00,0x1F,0xFF,0xFF,0xFF,0x00,0x00,0x00,0x07,0xFF,0xFF,0xFF,0xC0,0x00,0x00,0x01,0xFF,0xFF,0xFF,
  0xF0,0x00,0x00,0x00,0x7F,0xFF,0xFF,0xFC,0x00,0x00,0x00,0x1F,0xFF,0xFF,0xFF,0x00,0x00,0x00,0x07,0xFF,0xFF,0xFF,0xC0,0x00,
  0x00,0x01,0xFF,0xFF,0xFF,0xF0,0x00,0x00,0x00,0x7F,0xFF,0xFF,0xFC,0x00,0x00,0x00,0x1F,0xFF,0xFF,0xFF,0x00,0x00,0x00,0x07,
  0xFF,0xFF,0xFF,0xC0,0x00,0x00,0x01,0xFF,0xFF,0xFF,0xF0,0x00,0x00,0x00,0x7F,0xFF,0xFF,0xFC,0x00,0x00,0x00,0x1F,0xFF,0xFF,
  0xFF,0x00,0x00,0x00,0x07,0xFF,0xFF,0xFF,0xC0,0x00,0x00,0x01,0xFF,0xFF,0xFF,0xF0,0x00,0x00,0x00,0x7F,0xFF,0xFF,0xFC,0x00,
  0x00,0x00,0x1F,0xFF,0xFF,0xFF,0x00,0x00,0x00,0x07,0xFF,0xFF,0xFF,0xC0,0x00,0x00,0x01,0xFF,0xFF,0xFF,0xFF,0xFF,0xFF,0xFF,
  0xFF,0xFF,0xFF,0xFF,0xFF,0xFF,0xFF,0xFF,0xFF,0xFF,0xFF,0xFF,0xFF,0xFF,0xFF,0xFF,0xFF,0xFF,0xFF,0xFF,0xFF,0xFF,0xFF,0xFF,
  0xFF,0xFF,0xFF,0xFF,0xFF,0xFF,0xFF,0xFF,0xFF,0xFF,0xFF,0xFF,0xFF,0xFF,0xFF,0xFF,0xFF,0xFF,0xFF,0xFF,0xFF,0xFF,0xFF,0xFF,
  0xFF,0xFF,0xFF,0xFF,0xFF,0xFF,0xFF,0xFF,0xFF,0xFF,0xFF,0xFF,0xFF,0xFF,0xFF,0xFF,0xFF,0xFF,0xFF,0xFF,0xFF,0xFF,0xFF,0xFF,
  0xFF,0xFF,0xFF,0xFF,0xFF,0xFF,0xFF,0xFF,0xFF,0xFF,0xFF,0xF0,0x00,0x00,0x00,0x7F,0xFF,0xFF,0xFC,0x00,0x00,0x00,0x1F,0xFF,
  0xFF,0xFF,0x00,0x00,0x00,0x07,0xFF,0xFF,0xFF,0xC0,0x00,0x00,0x01,0xFF,0xFF,0xFF,0xF0,0x00,0x00,0x00,0x7F,0xFF,0xFF,0xFC,
  0x00,0x00,0x00,0x1F,0xFF,0xFF,0xFF,0x00,0x00,0x00,0x07,0xFF,0xFF,0xFF,0xC0,0x00,0x00,0x01,0xFF,0xFF,0xFF,0xF0,0x00,0x00,
  0x00,0x7F,0xFF,0xFF,0xFC,0x00,0x00,0x00,0x1F,0xFF,0xFF,0xFF,0x00,0x00,0x00,0x07,0xFF,0xFF,0xFF,0xC0,0x00,0x00,0x01,0xFF,
  0xFF,0xFF,0xF0,0x00,0x00,0x00,0x7F,0xFF,0xFF,0xFC,0x00,0x00,0x00,0x1F,0xFF,0xFF,0xFF,0x00,0x00,0x00,0x07,0xFF,0xFF,0xFF,
  0xC0,0x00,0x00,0x01,0xFF,0xFF,0xFF,0xF0,0x00,0x00,0x00,0x7F,0xFF,0xFF,0xFC,0x00,0x00,0x00,0x1F,0xFF,0xFF,0xFF,0x00,0x00,
  0x00,0x07,0xFF,0xFF,0xFF,0xC0,0x00,0x00,0x01,0xFF,0xFF,0xFF,0xF0,0x00,0x00,0x00,0x7F,0xFF,0xFF,0xFC,0x00,0x00,0x00,0x1F,
  0xFF,0xFF,0xFF,0x00,0x00,0x00,0x07,0xFF,0xFF,0xFF,0xC0,0x00,0x00,0x01,0xFF,0xFF,0xFF,0xF0,0x00,0x00,0x00,0x7F,0xFF,0xFF,
  0xFC,0x00,0x00,0x00,0x1F,0xFF,0xFF,0xFF,0x00,0x00,0x00,0x07,0xFF,0xFF,0xFF,0xC0,0x00,0x00,0x01,0xFF,0xFF,0xFF,0xF0,0x00,
  0x00,0x00,0x7F,0xFF,0xFF,0xFF,0xFF,0xFF,0xFF,0xFF,0xFF,0xFF,0xFF,0xFF,0xFF,0xFF,0xFF,0xFF,0xFF,0xFF,0xFF,0xFF,0xFF,0xFF,
  0xFF,0xFF,0xFF,0xFF,0xFF,0xFF,0xFF,0xFF,0xFF,0xFF,0xFF,0xFF,0xFF,0xFF,0xFF,0xFF,0xFF,0xFF,0xFF,0xFF,0xFF,0xFF,0xFF,0xFF,
  0xFF,0xFF,0xFF,0xFF,0xFF,0xFF,0xFF,0xFF,0xFF,0xFF,0xFF,0xFF,0xFF,0xFF,0xFF,0xFF,0xFF,0xFF,0xFF,0xFF,0xFF,0xFF,0xFF,0xFF,
  0xFF,0xFF,0xFF,0xFF,0xFF,0xFF,0xFF,0xFF,0xFF,0xFF,0xFF,0xFF,0xFF,0xFF,0xFF,0xFF,0xFF,0xFF,0xFF,0xFF,0xFF,0xFF,0xFF,0xFF,
  0xFF,0xFF,0xFF,0xFF,0xFF,0xFF,0xFF,0xFF,0xFF,0xFF,0xFF,0xFF,0xFF,0xFF,0xFF,0xFF,0xFF,0xFF,0xFF,0xFF,0xFF,0xFF,0xFF,0xFF,
  0xFF,0xFF,0xFF,0x00,0x00,0x3F,0xFF,0xFF,0xFC,0x00,0x00,0xFF,0xFF,0xFF,0xF0,0x00,0x03,0xFF,0xFF,0xFF,0xC0,0x00,0x0F,0xFF,
  0xFF,0xFF,0x00,0x00,0x3F,0xFF,0xFF,0xFC,0x00,0x00,0xFF,0xFF,0xFF,0xF0,0x00,0x03,0xFF,0xFF,0xFF,0xC0,0x00,0x0F,0xFF,0xFF,
  0xFF,0x00,0x00,0x3F,0xFF,0xFF,0xFC,0x00,0x00,0xFF,0xFF,0xFF,0xF0,0x00,0x03,0xFF,0xFF,0xFF,0xC0,0x00,0x00,0x00,0x3F,0xFF,
  0x00,0x00,0x00,0x00,0xFF,0xFC,0x00,0x00,0x00,0x03,0xFF,0xF0,0x00,0x00,0x00,0x0F,0xFF,0xC0,0x00,0x00,0x00,0x3F,0xFF,0x00,
  0x00,0x00,0x00,0xFF,0xFC,0x00,0x00,0x00,0x03,0xFF,0xF0,0x00,0x00,0x00,0x0F,0xFF,0xC0,0x00,0x00,0x00,0x3F,0xFF,0x00,0x00,
  0x00,0x00,0xFF,0xFC,0x00,0x00,0x00,0x03,0xFF,0xF0,0x00,0x00,0x00,0x0F,0xFF,0xC0,0x00,0x00,0x00,0x3F,0xFF,0x00,0x00,0x00,
  0x00,0xFF,0xFC,0x00,0x00,0x00,0x03,0xFF,0xF0,0x00,0x00,0x00,0x0F,0xFF,0xC0,0x00,0x00,0x00,0x3F,0xFF,0x00,0x00,0x00,0x00,
  0xFF,0xFC,0x00,0x00,0x00,0x03,0xFF,0xF0,0x00,0x00,0x00,0x0F,0xFF,0xC0,0x00,0x00,0x00,0x3F,0xFF,0x00,0x00,0x00,0x00,0xFF,
  0xFC,0x00,0x00,0x00,0x03,0xFF,0xF0,0x00,0x00,0x00,0x0F,0xFF,0xC0,0x00,0x00,0x00,0x3F,0xFF,0x00,0x00,0x00,0x00,0xFF,0xFC,
  0x00,0x00,0x00,0x03,0xFF,0xF0,0x00,0x00,0x00,0x0F,0xFF,0xC0,0x00,0x00,0x00,0x3F,0xFF,0x00,0x00,0x00,0x00,0xFF,0xFC,0x00,
  0x00,0x00,0x03,0xFF,0xF0,0x00,0x00,0x00,0x0F,0xFF,0xC0,0x00,0x00,0x00,0x3F,0xFF,0x00,0x00,0x00,0x00,0xFF,0xFC,0x00,0x00,
  0x00,0x03,0xFF,0xF0,0x00,0x00,0x00,0x0F,0xFF,0xC0,0x0F,0x00,0x00,0x3F,0xFF,0x1F,0xFC,0x00,0x00,0xFF,0xFF,0xFF,0xF0,0x00,
  0x03,0xFF,0xFF,0xFF,0xE0,0x00,0x0F,0xFF,0xFF,0xFF,0x80,0x00,0x7F,0xFF,0xFF,0xFE,0x00,0x01,0xFF,0xFF,0xFF,0xFC,0x00,0x07,
  0xFF,0xF7,0xFF,0xF0,0x00,0x3F,0xFF,0x9F,0xFF,0xE0,0x01,0xFF,0xFE,0x3F,0xFF,0xE0,0x0F,0xFF,0xF8,0xFF,0xFF,0xE0,0xFF,0xFF,
  0xC3,0xFF,0xFF,0xFF,0xFF,0xFF,0x07,0xFF,0xFF,0xFF,0xFF,0xF8,0x0F,0xFF,0xFF,0xFF,0xFF,0xC0,0x3F,0xFF,0xFF,0xFF,0xFF,0x00,
  0x7F,0xFF,0xFF,0xFF,0xF8,0x00,0xFF,0xFF,0xFF,0xFF,0xC0,0x01,0xFF,0xFF,0xFF,0xFE,0x00,0x01,0xFF,0xFF,0xFF,0xE0,0x00,0x03,
  0xFF,0xFF,0xFF,0x00,0x00,0x01,0xFF,0xFF,0xE0,0x00,0x00,0x00,0x7F,0xF8,0x00,0x00,0xFF,0xFC,0x00,0x00,0x00,0x0F,0xFF,0xF9,
  0xFF,0xF8,0x00,0x00,0x00,0x3F,0xFF,0xE3,0xFF,0xF0,0x00,0x00,0x00,0xFF,0xFF,0x87,0xFF,0xE0,0x00,0x00,0x03,0xFF,0xFE,0x0F,
  0xFF,0xC0,0x00,0x00,0x0F,0xFF,0xF8,0x1F,0xFF,0x80,0x00,0x00,0x3F,0xFF,0xE0,0x3F,0xFF,0x00,0x00,0x00,0xFF,0xFF,0x80,0x7F,
  0xFE,0x00,0x00,0x03,0xFF,0xFE,0x00,0xFF,0xFC,0x00,0x00,0x0F,0xFF,0xF8,0x01,0xFF,0xF8,0x00,0x00,0x3F,0xFF,0xE0,0x03,0xFF,
  0xF0,0x00,0x00,0xFF,0xFF,0x80,0x07,0xFF,0xE0,0x00,0x03,0xFF,0xFE,0x00,0x0F,0xFF,0xC0,0x00,0x0F,0xFF,0xF8,0x00,0x1F,0xFF,
  0x80,0x00,0x3F,0xFF,0xE0,0x00,0x3F,0xFF,0x00,0x00,0xFF,0xFF,0x80,0x00,0x7F,0xFE,0x00,0x03,0xFF,0xFE,0x00,0x00,0xFF,0xFC,
  0x00,0x0F,0xFF,0xF8,0x00,0x01,0xFF,0xF8,0x00,0x3F,0xFF,0xE0,0x00,0x03,0xFF,0xF0,0x00,0xFF,0xFF,0x80,0x00,0x07,0xFF,0xE0,
  0x03,0xFF,0xFE,0x00,0x00,0x0F,0xFF,0xC0,0x0F,0xFF,0xF8,0x00,0x00,0x1F,0xFF,0x80,0x3F,0xFF,0xE0,0x00,0x00,0x3F,0xFF,0x00,
  0xFF,0xFF,0x80,0x00,0x00,0x7F,0xFE,0x03,0xFF,0xFE,0x00,0x00,0x00,0xFF,0xFC,0x0F,0xFF,0xF0,0x00,0x00,0x01,0xFF,0xF8,0x3F,
  0xFF,0xC0,0x00,0x00,0x03,0xFF,0xF0,0xFF,0xFF,0x00,0x00,0x00,0x07,0xFF,0xE3,0xFF,0xFC,0x00,0x00,0x00,0x0F,0xFF,0xCF,0xFF,
  0xF0,0x00,0x00,0x00,0x1F,0xFF,0xBF,0xFF,0xF0,0x00,0x00,0x00,0x3F,0xFF,0xFF,0xFF,0xF0,0x00,0x00,0x00,0x7F,0xFF,0xFF,0xFF,
  0xE0,0x00,0x00,0x00,0xFF,0xFF,0xFF,0xFF,0xE0,0x00,0x00,0x01,0xFF,0xFF,0xFF,0xFF,0xE0,0x00,0x00,0x03,0xFF,0xFF,0xFF,0xFF,
  0xE0,0x00,0x00,0x07,0xFF,0xFF,0xFF,0xFF,0xE0,0x00,0x00,0x0F,0xFF,0xFF,0xFF,0xFF,0xC0,0x00,0x00,0x1F,0xFF,0xFF,0x3F,0xFF,
  0xC0,0x00,0x00,0x3F,0xFF,0xFC,0x3F,0xFF,0xC0,0x00,0x00,0x7F,0xFF,0xF0,0x7F,0xFF,0xC0,0x00,0x00,0xFF,0xFF,0xC0,0x7F,0xFF,
  0xC0,0x00,0x01,0xFF,0xFE,0x00,0x7F,0xFF,0x80,0x00,0x03,0xFF,0xF8,0x00,0x7F,0xFF,0x80,0x00,0x07,0xFF,0xE0,0x00,0xFF,0xFF,
  0x80,0x00,0x0F,0xFF,0xC0,0x00,0xFF,0xFF,0x80,0x00,0x1F,0xFF,0x80,0x00,0xFF,0xFF,0x80,0x00,0x3F,0xFF,0x00,0x00,0xFF,0xFF,
  0x00,0x00,0x7F,0xFE,0x00,0x00,0xFF,0xFF,0x00,0x00,0xFF,0xFC,0x00,0x01,0xFF,0xFF,0x00,0x01,0xFF,0xF8,0x00,0x01,0xFF,0xFF,
  0x00,0x03,0xFF,0xF0,0x00,0x01,0xFF,0xFF,0x00,0x07,0xFF,0xE0,0x00,0x01,0xFF,0xFE,0x00,0x0F,0xFF,0xC0,0x00,0x01,0xFF,0xFE,
  0x00,0x1F,0xFF,0x80,0x00,0x03,0xFF,0xFE,0x00,0x3F,0xFF,0x00,0x00,0x03,0xFF,0xFE,0x00,0x7F,0xFE,0x00,0x00,0x03,0xFF,0xFE,
  0x00,0xFF,0xFC,0x00,0x00,0x03,0xFF,0xFC,0x01,0xFF,0xF8,0x00,0x00,0x07,0xFF,0xFC,0x03,0xFF,0xF0,0x00,0x00,0x07,0xFF,0xFC,
  0x07,0xFF,0xE0,0x00,0x00,0x07,0xFF,0xFC,0x0F,0xFF,0xC0,0x00,0x00,0x07,0xFF,0xFC,0x1F,0xFF,0x80,0x00,0x00,0x07,0xFF,0xF8,
  0x3F,0xFF,0x00,0x00,0x00,0x0F,0xFF,0xF8,0x7F,0xFE,0x00,0x00,0x00,0x0F,0xFF,0xF8,0xFF,0xFC,0x00,0x00,0x00,0x0F,0xFF,0xF9,
  0xFF,0xF8,0x00,0x00,0x00,0x0F,0xFF,0xFB,0xFF,0xF0,0x00,0x00,0x00,0x0F,0xFF,0xF7,0xFF,0xE0,0x00,0x00,0x00,0x1F,0xFF,0xF0,
  0xFF,0xFC,0x00,0x00,0x00,0x00,0x3F,0xFF,0x00,0x00,0x00,0x00,0x0F,0xFF,0xC0,0x00,0x00,0x00,0x03,0xFF,0xF0,0x00,0x00,0x00,
  0x00,0xFF,0xFC,0x00,0x00,0x00,0x00,0x3F,0xFF,0x00,0x00,0x00,0x00,0x0F,0xFF,0xC0,0x00,0x00,0x00,0x03,0xFF,0xF0,0x00,0x00,
  0x00,0x00,0xFF,0xFC,0x00,0x00,0x00,0x00,0x3F,0xFF,0x00,0x00,0x00,0x00,0x0F,0xFF,0xC0,0x00,0x00,0x00,0x03,0xFF,0xF0,0x00,
  0x00,0x00,0x00,0xFF,0xFC,0x00,0x00,0x00,0x00,0x3F,0xFF,0x00,0x00,0x00,0x00,0x0F,0xFF,0xC0,0x00,0x00,0x00,0x03,0xFF,0xF0,
  0x00,0x00,0x00,0x00,0xFF,0xFC,0x00,0x00,0x00,0x00,0x3F,0xFF,0x00,0x00,0x00,0x00,0x0F,0xFF,0xC0,0x00,0x00,0x00,0x03,0xFF,
  0xF0,0x00,0x00,0x00,0x00,0xFF,0xFC,0x00,0x00,0x00,0x00,0x3F,0xFF,0x00,0x00,0x00,0x00,0x0F,0xFF,0xC0,0x00,0x00,0x00,0x03,
  0xFF,0xF0,0x00,0x00,0x00,0x00,0xFF,0xFC,0x00,0x00,0x00,0x00,0x3F,0xFF,0x00,0x00,0x00,0x00,0x0F,0xFF,0xC0,0x00,0x00,0x00,
  0x03,0xFF,0xF0,0x00,0x00,0x00,0x00,0xFF,0xFC,0x00,0x00,0x00,0x00,0x3F,0xFF,0x00,0x00,0x00,0x00,0x0F,0xFF,0xC0,0x00,0x00,
  0x00,0x03,0xFF,0xF0,0x00,0x00,0x00,0x00,0xFF,0xFC,0x00,0x00,0x00,0x00,0x3F,0xFF,0x00,0x00,0x00,0x00,0x0F,0xFF,0xC0,0x00,
  0x00,0x00,0x03,0xFF,0xF0,0x00,0x00,0x00,0x00,0xFF,0xFC,0x00,0x00,0x00,0x00,0x3F,0xFF,0x00,0x00,0x00,0x00,0x0F,0xFF,0xC0,
  0x00,0x00,0x00,0x03,0xFF,0xF0,0x00,0x00,0x00,0x00,0xFF,0xFC,0x00,0x00,0x00,0x00,0x3F,0xFF,0x00,0x00,0x00,0x00,0x0F,0xFF,
  0xC0,0x00,0x00,0x00,0x03,0xFF,0xF0,0x00,0x00,0x00,0x00,0xFF,0xFC,0x00,0x00,0x00,0x00,0x3F,0xFF,0x00,0x00,0x00,0x00,0x0F,
  0xFF,0xC0,0x00,0x00,0x00,0x03,0xFF,0xF0,0x00,0x00,0x00,0x00,0xFF,0xFC,0x00,0x00,0x00,0x00,0x3F,0xFF,0x00,0x00,0x00,0x00,
  0x0F,0xFF,0xC0,0x00,0x00,0x00,0x03,0xFF,0xF0,0x00,0x00,0x00,0x00,0xFF,0xFC,0x00,0x00,0x00,0x00,0x3F,0xFF,0x00,0x00,0x00,
  0x00,0x0F,0xFF,0xC0,0x00,0x00,0x00,0x03,0xFF,0xF0,0x00,0x00,0x00,0x00,0xFF,0xFC,0x00,0x00,0x00,0x00,0x3F,0xFF,0xFF,0xFF,
  0xFF,0xFF,0xFF,0xFF,0xFF,0xFF,0xFF,0xFF,0xFF,0xFF,0xFF,0xFF,0xFF,0xFF,0xFF,0xFF,0xFF,0xFF,0xFF,0xFF,0xFF,0xFF,0xFF,0xFF,
  0xFF,0xFF,0xFF,0xFF,0xFF,0xFF,0xFF,0xFF,0xFF,0xFF,0xFF,0xFF,0xFF,0xFF,0xFF,0xFF,0xFF,0xFF,0xFF,0xFF,0xFF,0xFF,0xFF,0xFF,
  0xFF,0xFF,0xFF,0xFF,0xFF,0xFF,0xFF,0xFF,0xFF,0xFF,0xFF,0xFF,0xFF,0xFF,0xFF,0xFF,0xFF,0xFF,0xFF,0xE0,0x00,0x00,0x00,0x3F,
  0xFF,0xFF,0xFF,0xFF,0x00,0x00,0x00,0x03,0xFF,0xFF,0xFF,0xFF,0xFC,0x00,0x00,0x00,0x1F,0xFF,0xFF,0xFF,0xFF,0xE0,0x00,0x00,
  0x00,0xFF,0xFF,0xFF,0xFF,0xFF,0x00,0x00,0x00,0x0F,0xFF,0xFF,0xFF,0xFF,0xFC,0x00,0x00,0x00,0x7F,0xFF,0xFF,0xFF,0xFF,0xE0,
  0x00,0x00,0x03,0xFF,0xFF,0xFF,0xFF,0xFF,0x00,0x00,0x00,0x3F,0xFF,0xFF,0xFF,0xFF,0xFC,0x00,0x00,0x01,0xFF,0xFF,0xFF,0xFF,
  0xFF,0xE0,0x00,0x00,0x0F,0xFF,0xFF,0xFF,0xFF,0xFF,0x00,0x00,0x00,0xFF,0xFF,0xFF,0xFF,0xFF,0xF8,0x00,0x00,0x07,0xFF,0xFF,
  0xFF,0xFF,0xFF,0xE0,0x00,0x00,0x3F,0xFF,0xFF,0xFF,0xFF,0xFF,0x00,0x00,0x01,0xFF,0xFF,0xFF,0xFF,0xFF,0xF8,0x00,0x00,0x1F,
  0xFF,0xFF,0xFF,0xFE,0xFF,0xE0,0x00,0x00,0xFF,0xFF,0xFF,0xFF,0xF7,0xFF,0x00,0x00,0x07,0xFF,0xFF,0xFF,0xFF,0xBF,0xF8,0x00,
  0x00,0x7F,0xF7,0xFF,0xFF,0xFD,0xFF,0xE0,0x00,0x03,0xFF,0xBF,0xFF,0xFF,0xE7,0xFF,0x00,0x00,0x1F,0xFD,0xFF,0xFF,0xFF,0x3F,
  0xF8,0x00,0x01,0xFF,0xCF,0xFF,0xFF,0xF9,0xFF,0xE0,0x00,0x0F,0xFE,0x7F,0xFF,0xFF,0xC7,0xFF,0x00,0x00,0x7F,0xF3,0xFF,0xFF,
  0xFE,0x3F,0xF8,0x00,0x07,0xFF,0x9F,0xFF,0xFF,0xF1,0xFF,0xE0,0x00,0x3F,0xF8,0xFF,0xFF,0xFF,0x8F,0xFF,0x00,0x01,0xFF,0xC7,
  0xFF,0xFF,0xFC,0x3F,0xF8,0x00,0x1F,0xFE,0x3F,0xFF,0xFF,0xE1,0xFF,0xE0,0x00,0xFF,0xE1,0xFF,0xFF,0xFF,0x0F,0xFF,0x00,0x07,
  0xFF,0x0F,0xFF,0xFF,0xF8,0x3F,0xF8,0x00,0x3F,0xF8,0x7F,0xFF,0xFF,0xC1,0xFF,0xE0,0x03,0xFF,0xC3,0xFF,0xFF,0xFE,0x0F,0xFF,
  0x00,0x1F,0xFC,0x1F,0xFF,0xFF,0xF0,0x3F,0xF8,0x00,0xFF,0xE0,0xFF,0xFF,0xFF,0x81,0xFF,0xE0,0x0F,0xFF,0x07,0xFF,0xFF,0xFC,
  0x0F,0xFF,0x00,0x7F,0xF0,0x3F,0xFF,0xFF,0xE0,0x3F,0xF8,0x03,0xFF,0x81,0xFF,0xFF,0xFF,0x01,0xFF,0xC0,0x3F,0xFC,0x0F,0xFF,
  0xFF,0xF8,0x0F,0xFF,0x01,0xFF,0xC0,0x7F,0xFF,0xFF,0xC0,0x3F,0xF8,0x0F,0xFE,0x03,0xFF,0xFF,0xFE,0x01,0xFF,0xC0,0xFF,0xF0,
  0x1F,0xFF,0xFF,0xF0,0x0F,0xFF,0x07,0xFF,0x00,0xFF,0xFF,0xFF,0x80,0x3F,0xF8,0x3F,0xF8,0x07,0xFF,0xFF,0xFC,0x01,0xFF,0xC1,
  0xFF,0xC0,0x3F,0xFF,0xFF,0xE0,0x0F,0xFE,0x1F,0xFC,0x01,0xFF,0xFF,0xFF,0x00,0x7F,0xF8,0xFF,0xE0,0x0F,0xFF,0xFF,0xF8,0x01,
  0xFF,0xC7,0xFF,0x00,0x7F,0xFF,0xFF,0xC0,0x0F,0xFE,0x7F,0xF0,0x03,0xFF,0xFF,0xFE,0x00,0x7F,0xFB,0xFF,0x80,0x1F,0xFF,0xFF,
  0xF0,0x01,0xFF,0xDF,0xFC,0x00,0xFF,0xFF,0xFF,0x80,0x0F,0xFE,0xFF,0xC0,0x07,0xFF,0xFF,0xFC,0x00,0x7F,0xFF,0xFE,0x00,0x3F,
  0xFF,0xFF,0xE0,0x01,0xFF,0xFF,0xF0,0x01,0xFF,0xFF,0xFF,0x00,0x0F,0xFF,0xFF,0x00,0x0F,0xFF,0xFF,0xF8,0x00,0x7F,0xFF,0xF8,
  0x00,0x7F,0xFF,0xFF,0xC0,0x01,0xFF,0xFF,0xC0,0x03,0xFF,0xFF,0xFE,0x00,0x0F,0xFF,0xFC,0x00,0x1F,0xFF,0xFF,0xF0,0x00,0x7F,
  0xFF,0xE0,0x00,0xFF,0xFF,0xFF,0x80,0x01,0xFF,0xFF,0x00,0x07,0xFF,0xFF,0xFC,0x00,0x0F,0xFF,0xF0,0x00,0x3F,0xFF,0xFF,0xE0,
  0x00,0x7F,0xFF,0x80,0x01,0xFF,0xFF,0xFF,0x00,0x01,0xFF,0xFC,0x00,0x0F,0xFF,0xFF,0xF8,0x00,0x0F,0xFF,0xC0,0x00,0x7F,0xFF,
  0xFF,0xC0,0x00,0x7F,0xFE,0x00,0x03,0xFF,0xFF,0xFE,0x00,0x01,0xFF,0xF0,0x00,0x1F,0xFF,0xFF,0xF0,0x00,0x0F,0xFF,0x80,0x00,
  0xFF,0xFF,0xFF,0x80,0x00,0x7F,0xF8,0x00,0x07,0xFF,0xFF,0xFC,0x00,0x01,0xFF,0xC0,0x00,0x3F,0xFF,0xFF,0xE0,0x00,0x0F,0xFE,
  0x00,0x01,0xFF,0xF0,0xFF,0xFF,0x00,0x00,0x00,0x07,0xFF,0xFF,0xFF,0xE0,0x00,0x00,0x01,0xFF,0xFF,0xFF,0xF8,0x00,0x00,0x00,
  0x7F,0xFF,0xFF,0xFF,0x00,0x00,0x00,0x1F,0xFF,0xFF,0xFF,0xE0,0x00,0x00,0x07,0xFF,0xFF,0xFF,0xF8,0x00,0x00,0x01,0xFF,0xFF,
  0xFF,0xFF,0x00,0x00,0x00,0x7F,0xFF,0xFF,0xFF,0xC0,0x00,0x00,0x1F,0xFF,0xFF,0xFF,0xF8,0x00,0x00,0x07,0xFF,0xFF,0xFF,0xFE,
  0x00,0x00,0x01,0xFF,0xFF,0xFF,0xFF,0xC0,0x00,0x00,0x7F,0xFF,0xFF,0xFF,0xF8,0x00,0x00,0x1F,0xFF,0xFF,0xFF,0xFE,0x00,0x00,
  0x07,0xFF,0xFF,0xFF,0xFF,0xC0,0x00,0x01,0xFF,0xFF,0xFF,0xFF,0xF0,0x00,0x00,0x7F,0xFF,0xFF,0xFF,0xFE,0x00,0x00,0x1F,0xFF,
  0xFF,0xFF,0xFF,0x80,0x00,0x07,0xFF,0xFF,0xFF,0xFF,0xF0,0x00,0x01,0xFF,0xFF,0xFF,0x7F,0xFE,0x00,0x00,0x7F,0xFF,0xFF,0xCF,
  0xFF,0x80,0x00,0x1F,0xFF,0xFF,0xF3,0xFF,0xF0,0x00,0x07,0xFF,0xFF,0xFC,0x7F,0xFC,0x00,0x01,0xFF,0xFF,0xFF,0x1F,0xFF,0x80,
  0x00,0x7F,0xFF,0xFF,0xC3,0xFF,0xE0,0x00,0x1F,0xFF,0xFF,0xF0,0xFF,0xFC,0x00,0x07,0xFF,0xFF,0xFC,0x1F,0xFF,0x80,0x01,0xFF,
  0xFF,0xFF,0x03,0xFF,0xE0,0x00,0x7F,0xFF,0xFF,0xC0,0xFF,0xFC,0x00,0x1F,0xFF,0xFF,0xF0,0x1F,0xFF,0x00,0x07,0xFF,0xFF,0xFC,
  0x07,0xFF,0xE0,0x01,0xFF,0xFF,0xFF,0x00,0xFF,0xF8,0x00,0x7F,0xFF,0xFF,0xC0,0x3F,0xFF,0x00,0x1F,0xFF,0xFF,0xF0,0x07,0xFF,
  0xE0,0x07,0xFF,0xFF,0xFC,0x01,0xFF,0xF8,0x01,0xFF,0xFF,0xFF,0x00,0x3F,0xFF,0x00,0x7F,0xFF,0xFF,0xC0,0x07,0xFF,0xC0,0x1F,
  0xFF,0xFF,0xF0,0x01,0xFF,0xF8,0x07,0xFF,0xFF,0xFC,0x00,0x3F,0xFE,0x01,0xFF,0xFF,0xFF,0x00,0x0F,0xFF,0xC0,0x7F,0xFF,0xFF,
  0xC0,0x01,0xFF,0xF8,0x1F,0xFF,0xFF,0xF0,0x00,0x7F,0xFE,0x07,0xFF,0xFF,0xFC,0x00,0x0F,0xFF,0xC1,0xFF,0xFF,0xFF,0x00,0x01,
  0xFF,0xF0,0x7F,0xFF,0xFF,0xC0,0x00,0x7F,0xFE,0x1F,0xFF,0xFF,0xF0,0x00,0x0F,0xFF,0x87,0xFF,0xFF,0xFC,0x00,0x03,0xFF,0xF1,
  0xFF,0xFF,0xFF,0x00,0x00,0x7F,0xFE,0x7F,0xFF,0xFF,0xC0,0x00,0x1F,0xFF,0x9F,0xFF,0xFF,0xF0,0x00,0x03,0xFF,0xF3,0xFF,0xFF,
  0xFC,0x00,0x00,0x7F,0xFC,0xFF,0xFF,0xFF,0x00,0x00,0x1F,0xFF,0xBF,0xFF,0xFF,0xC0,0x00,0x03,0xFF,0xEF,0xFF,0xFF,0xF0,0x00,
  0x00,0xFF,0xFF,0xFF,0xFF,0xFC,0x00,0x00,0x1F,0xFF,0xFF,0xFF,0xFF,0x00,0x00,0x07,0xFF,0xFF,0xFF,0xFF,0xC0,0x00,0x00,0xFF,
  0xFF,0xFF,0xFF,0xF0,0x00,0x00,0x1F,0xFF,0xFF,0xFF,0xFC,0x00,0x00,0x07,0xFF,0xFF,0xFF,0xFF,0x00,0x00,0x00,0xFF,0xFF,0xFF,
  0xFF,0xC0,0x00,0x00,0x3F,0xFF,0xFF,0xFF,0xF0,0x00,0x00,0x07,0xFF,0xFF,0xFF,0xFC,0x00,0x00,0x01,0xFF,0xFF,0xFF,0xFF,0x00,
  0x00,0x00,0x3F,0xFF,0xFF,0xFF,0xC0,0x00,0x00,0x0F,0xFF,0xFF,0xFF,0xF0,0x00,0x00,0x01,0xFF,0xFF,0xFF,0xFC,0x00,0x00,0x00,
  0x3F,0xFF,0xFF,0xFF,0x00,0x00,0x00,0x0F,0xFF,0xFF,0xFF,0xC0,0x00,0x00,0x01,0xFF,0xFF,0x00,0x00,0x00,0x1F,0xFF,0xC0,0x00,
  0x00,0x00,0x00,0x00,0x1F,0xFF,0xFF,0xE0,0x00,0x00,0x00,0x00,0x07,0xFF,0xFF,0xFF,0xE0,0x00,0x00,0x00,0x00,0xFF,0xFF,0xFF,
  0xFF,0xE0,0x00,0x00,0x00,0x1F,0xFF,0xFF,0xFF,0xFF,0xC0,0x00,0x00,0x01,0xFF,0xFF,0xFF,0xFF,0xFF,0x00,0x00,0x00,0x3F,0xFF,
  0xFF,0xFF,0xFF,0xFE,0x00,0x00,0x03,0xFF,0xFF,0xFF,0xFF,0xFF,0xF8,0x00,0x00,0x3F,0xFF,0xFF,0xFF,0xFF,0xFF,0xE0,0x00,0x03,
  0xFF,0xFF,0xFF,0xFF,0xFF,0xFF,0x80,0x00,0x3F,0xFF,0xFF,0xFF,0xFF,0xFF,0xFE,0x00,0x03,0xFF,0xFF,0xFC,0x07,0xFF,0xFF,0xF8,
  0x00,0x3F,0xFF,0xFE,0x00,0x03,0xFF,0xFF,0xE0,0x01,0xFF,0xFF,0xC0,0x00,0x07,0xFF,0xFF,0x00,0x1F,0xFF,0xF8,0x00,0x00,0x0F,
  0xFF,0xFC,0x01,0xFF,0xFF,0x80,0x00,0x00,0x3F,0xFF,0xE0,0x0F,0xFF,0xF8,0x00,0x00,0x00,0xFF,0xFF,0x80,0xFF,0xFF,0x80,0x00,
  0x00,0x03,0xFF,0xFC,0x07,0xFF,0xF8,0x00,0x00,0x00,0x0F,0xFF,0xF0,0x3F,0xFF,0x80,0x00,0x00,0x00,0x7F,0xFF,0x83,0xFF,0xFC,
  0x00,0x00,0x00,0x01,0xFF,0xFE,0x1F,0xFF,0xC0,0x00,0x00,0x00,0x07,0xFF,0xF0,0xFF,0xFE,0x00,0x00,0x00,0x00,0x3F,0xFF,0x8F,
  0xFF,0xE0,0x00,0x00,0x00,0x01,0xFF,0xFE,0x7F,0xFF,0x00,0x00,0x00,0x00,0x07,0xFF,0xF3,0xFF,0xF8,0x00,0x00,0x00,0x00,0x3F,
  0xFF,0x9F,0xFF,0x80,0x00,0x00,0x00,0x01,0xFF,0xFD,0xFF,0xFC,0x00,0x00,0x00,0x00,0x07,0xFF,0xEF,0xFF,0xE0,0x00,0x00,0x00,
  0x00,0x3F,0xFF,0xFF,0xFF,0x00,0x00,0x00,0x00,0x01,0xFF,0xFF,0xFF,0xF8,0x00,0x00,0x00,0x00,0x0F,0xFF,0xFF,0xFF,0xC0,0x00,
  0x00,0x00,0x00,0x7F,0xFF,0xFF,0xFE,0x00,0x00,0x00,0x00,0x03,0xFF,0xFF,0xFF,0xF0,0x00,0x00,0x00,0x00,0x1F,0xFF,0xFF,0xFF,
  0x80,0x00,0x00,0x00,0x00,0xFF,0xFF,0xFF,0xFC,0x00,0x00,0x00,0x00,0x07,0xFF,0xFF,0xFF,0xE0,0x00,0x00,0x00,0x00,0x3F,0xFF,
  0xFF,0xFF,0x00,0x00,0x00,0x00,0x01,0xFF,0xFF,0xFF,0xF8,0x00,0x00,0x00,0x00,0x0F,0xFF,0xFF,0xFF,0xC0,0x00,0x00,0x00,0x00,
  0x7F,0xFF,0xFF,0xFE,0x00,0x00,0x00,0x00,0x03,0xFF,0xFF,0xFF,0xF0,0x00,0x00,0x00,0x00,0x1F,0xFF,0x9F,0xFF,0x80,0x00,0x00,
  0x00,0x00,0xFF,0xFC,0xFF,0xFE,0x00,0x00,0x00,0x00,0x0F,0xFF,0xE7,0xFF,0xF0,0x00,0x00,0x00,0x00,0x7F,0xFF,0x3F,0xFF,0x80,
  0x00,0x00,0x00,0x03,0xFF,0xF9,0xFF,0xFC,0x00,0x00,0x00,0x00,0x3F,0xFF,0x87,0xFF,0xF0,0x00,0x00,0x00,0x01,0xFF,0xFC,0x3F,
  0xFF,0x80,0x00,0x00,0x00,0x0F,0xFF,0xE1,0xFF,0xFE,0x00,0x00,0x00,0x00,0xFF,0xFE,0x07,0xFF,0xF0,0x00,0x00,0x00,0x0F,0xFF,
  0xF0,0x3F,0xFF,0xC0,0x00,0x00,0x00,0x7F,0xFF,0x80,0xFF,0xFF,0x00,0x00,0x00,0x07,0xFF,0xF8,0x07,0xFF,0xFC,0x00,0x00,0x00,
  0x7F,0xFF,0xC0,0x1F,0xFF,0xF0,0x00,0x00,0x07,0xFF,0xFC,0x00,0xFF,0xFF,0xC0,0x00,0x00,0x7F,0xFF,0xC0,0x03,0xFF,0xFF,0x80,
  0x00,0x0F,0xFF,0xFE,0x00,0x0F,0xFF,0xFF,0x00,0x01,0xFF,0xFF,0xE0,0x00,0x7F,0xFF,0xFF,0x80,0xFF,0xFF,0xFE,0x00,0x01,0xFF,
  0xFF,0xFF,0xFF,0xFF,0xFF,0xE0,0x00,0x07,0xFF,0xFF,0xFF,0xFF,0xFF,0xFF,0x00,0x00,0x1F,0xFF,0xFF,0xFF,0xFF,0xFF,0xE0,0x00,
  0x00,0x7F,0xFF,0xFF,0xFF,0xFF,0xFE,0x00,0x00,0x01,0xFF,0xFF,0xFF,0xFF,0xFF,0xE0,0x00,0x00,0x03,0xFF,0xFF,0xFF,0xFF,0xFE,
  0x00,0x00,0x00,0x0F,0xFF,0xFF,0xFF,0xFF,0xC0,0x00,0x00,0x00,0x1F,0xFF,0xFF,0xFF,0xF8,0x00,0x00,0x00,0x00,0x1F,0xFF,0xFF,
  0xFF,0x00,0x00,0x00,0x00,0x00,0x3F,0xFF,0xFF,0xC0,0x00,0x00,0x00,0x00,0x00,0x0F,0xFF,0xE0,0x00,0x00,0x00,0xFF,0xFF,0xFF,
  0xFF,0xF8,0x00,0x00,0xFF,0xFF,0xFF,0xFF,0xFF,0xC0,0x00,0xFF,0xFF,0xFF,0xFF,0xFF,0xF0,0x00,0xFF,0xFF,0xFF,0xFF,0xFF,0xFC,
  0x00,0xFF,0xFF,0xFF,0xFF,0xFF,0xFF,0x00,0xFF,0xFF,0xFF,0xFF,0xFF,0xFF,0x80,0xFF,0xFF,0xFF,0xFF,0xFF,0xFF,0xC0,0xFF,0xFF,
  0xFF,0xFF,0xFF,0xFF,0xE0,0xFF,0xFF,0xFF,0xFF,0xFF,0xFF,0xF0,0xFF,0xFF,0xFF,0xFF,0xFF,0xFF,0xF8,0xFF,0xFF,0xFF,0xFF,0xFF,
  0xFF,0xF8,0xFF,0xFC,0x00,0x00,0x7F,0xFF,0xFC,0xFF,0xFC,0x00,0x00,0x0F,0xFF,0xFC,0xFF,0xFC,0x00,0x00,0x03,0xFF,0xFC,0xFF,
  0xFC,0x00,0x00,0x01,0xFF,0xFE,0xFF,0xFC,0x00,0x00,0x00,0xFF,0xFE,0xFF,0xFC,0x00,0x00,0x00,0xFF,0xFE,0xFF,0xFC,0x00,0x00,
  0x00,0x7F,0xFE,0xFF,0xFC,0x00,0x00,0x00,0x7F,0xFF,0xFF,0xFC,0x00,0x00,0x00,0x7F,0xFF,0xFF,0xFC,0x00,0x00,0x00,0x7F,0xFF,
  0xFF,0xFC,0x00,0x00,0x00,0x7F,0xFF,0xFF,0xFC,0x00,0x00,0x00,0x7F,0xFF,0xFF,0xFC,0x00,0x00,0x00,0x7F,0xFF,0xFF,0xFC,0x00,
  0x00,0x00,0x7F,0xFF,0xFF,0xFC,0x00,0x00,0x00,0x7F,0xFE,0xFF,0xFC,0x00,0x00,0x00,0xFF,0xFE,0xFF,0xFC,0x00,0x00,0x00,0xFF,
  0xFE,0xFF,0xFC,0x00,0x00,0x01,0xFF,0xFE,0xFF,0xFC,0x00,0x00,0x01,0xFF,0xFC,0xFF,0xFC,0x00,0x00,0x07,0xFF,0xFC,0xFF,0xFC,
  0x00,0x00,0x0F,0xFF,0xFC,0xFF,0xFC,0x00,0x00,0x7F,0xFF,0xF8,0xFF,0xFF,0xFF,0xFF,0xFF,0xFF,0xF8,0xFF,0xFF,0xFF,0xFF,0xFF,
  0xFF,0xF0,0xFF,0xFF,0xFF,0xFF,0xFF,0xFF,0xE0,0xFF,0xFF,0xFF,0xFF,0xFF,0xFF,0xC0,0xFF,0xFF,0xFF,0xFF,0xFF,0xFF,0x80,0xFF,
  0xFF,0xFF,0xFF,0xFF,0xFF,0x00,0xFF,0xFF,0xFF,0xFF,0xFF,0xFE,0x00,0xFF,0xFF,0xFF,0xFF,0xFF,0xF8,0x00,0xFF,0xFF,0xFF,0xFF,
  0xFF,0xF0,0x00,0xFF,0xFF,0xFF,0xFF,0xFF,0x80,0x00,0xFF,0xFF,0xFF,0xFF,0xF8,0x00,0x00,0xFF,0xFC,0x00,0x00,0x00,0x00,0x00,
  0xFF,0xFC,0x00,0x00,0x00,0x00,0x00,0xFF,0xFC,0x00,0x00,0x00,0x00,0x00,0xFF,0xFC,0x00,0x00,0x00,0x00,0x00,0xFF,0xFC,0x00,
  0x00,0x00,0x00,0x00,0xFF,0xFC,0x00,0x00,0x00,0x00,0x00,0xFF,0xFC,0x00,0x00,0x00,0x00,0x00,0xFF,0xFC,0x00,0x00,0x00,0x00,
  0x00,0xFF,0xFC,0x00,0x00,0x00,0x00,0x00,0xFF,0xFC,0x00,0x00,0x00,0x00,0x00,0xFF,0xFC,0x00,0x00,0x00,0x00,0x00,0xFF,0xFC,
  0x00,0x00,0x00,0x00,0x00,0xFF,0xFC,0x00,0x00,0x00,0x00,0x00,0xFF,0xFC,0x00,0x00,0x00,0x00,0x00,0xFF,0xFC,0x00,0x00,0x00,
  0x00,0x00,0xFF,0xFC,0x00,0x00,0x00,0x00,0x00,0xFF,0xFC,0x00,0x00,0x00,0x00,0x00,0xFF,0xFC,0x00,0x00,0x00,0x00,0x00,0xFF,
  0xFC,0x00,0x00,0x00,0x00,0x00,0xFF,0xFC,0x00,0x00,0x00,0x00,0x00,0xFF,0xFC,0x00,0x00,0x00,0x00,0x00,0xFF,0xFC,0x00,0x00,
  0x00,0x00,0x00,0xFF,0xFC,0x00,0x00,0x00,0x00,0x00,0xFF,0xFC,0x00,0x00,0x00,0x00,0x00,0x00,0x00,0x00,0x1F,0xFF,0xC0,0x00,
  0x00,0x00,0x00,0x00,0x1F,0xFF,0xFF,0xE0,0x00,0x00,0x00,0x00,0x07,0xFF,0xFF,0xFF,0xE0,0x00,0x00,0x00,0x00,0xFF,0xFF,0xFF,
  0xFF,0xE0,0x00,0x00,0x00,0x1F,0xFF,0xFF,0xFF,0xFF,0xC0,0x00,0x00,0x01,0xFF,0xFF,0xFF,0xFF,0xFF,0x00,0x00,0x00,0x3F,0xFF,
  0xFF,0xFF,0xFF,0xFE,0x00,0x00,0x03,0xFF,0xFF,0xFF,0xFF,0xFF,0xF8,0x00,0x00,0x3F,0xFF,0xFF,0xFF,0xFF,0xFF,0xE0,0x00,0x03,
  0xFF,0xFF,0xFF,0xFF,0xFF,0xFF,0x80,0x00,0x3F,0xFF,0xFF,0xFF,0xFF,0xFF,0xFE,0x00,0x03,0xFF,0xFF,0xFC,0x07,0xFF,0xFF,0xF8,
  0x00,0x3F,0xFF,0xFE,0x00,0x03,0xFF,0xFF,0xC0,0x01,0xFF,0xFF,0xC0,0x00,0x07,0xFF,0xFF,0x00,0x1F,0xFF,0xF8,0x00,0x00,0x0F,
  0xFF,0xFC,0x01,0xFF,0xFF,0x80,0x00,0x00,0x3F,0xFF,0xE0,0x0F,0xFF,0xF8,0x00,0x00,0x00,0xFF,0xFF,0x80,0xFF,0xFF,0x80,0x00,
  0x00,0x03,0xFF,0xFC,0x07,0xFF,0xF8,0x00,0x00,0x00,0x0F,0xFF,0xF0,0x3F,0xFF,0x80,0x00,0x00,0x00,0x7F,0xFF,0x83,0xFF,0xFC,
  0x00,0x00,0x00,0x01,0xFF,0xFE,0x1F,0xFF,0xC0,0x00,0x00,0x00,0x07,0xFF,0xF0,0xFF,0xFE,0x00,0x00,0x00,0x00,0x3F,0xFF,0x8F,
  0xFF,0xE0,0x00,0x00,0x00,0x01,0xFF,0xFE,0x7F,0xFF,0x00,0x00,0x00,0x00,0x07,0xFF,0xF3,0xFF,0xF8,0x00,0x00,0x00,0x00,0x3F,
  0xFF,0x9F,0xFF,0x80,0x00,0x00,0x00,0x01,0xFF,0xFC,0xFF,0xFC,0x00,0x00,0x00,0x00,0x07,0xFF,0xEF,0xFF,0xE0,0x00,0x00,0x00,
  0x00,0x3F,0xFF,0x7F,0xFF,0x00,0x00,0x00,0x00,0x01,0xFF,0xFF,0xFF,0xF8,0x00,0x00,0x00,0x00,0x0F,0xFF,0xFF,0xFF,0xC0,0x00,
  0x00,0x00,0x00,0x7F,0xFF,0xFF,0xFE,0x00,0x00,0x00,0x00,0x03,0xFF,0xFF,0xFF,0xF0,0x00,0x00,0x00,0x00,0x1F,0xFF,0xFF,0xFF,
  0x80,0x00,0x00,0x00,0x00,0xFF,0xFF,0xFF,0xFC,0x00,0x00,0x00,0x00,0x07,0xFF,0xFF,0xFF,0xE0,0x00,0x00,0x00,0x00,0x3F,0xFF,
  0xFF,0xFF,0x00,0x00,0x00,0x00,0x01,0xFF,0xFF,0xFF,0xF8,0x00,0x00,0x00,0x00,0x0F,0xFF,0xFF,0xFF,0xC0,0x00,0x00,0x00,0x00,
  0x7F,0xFF,0xFF,0xFE,0x00,0x00,0x00,0x00,0x03,0xFF,0xFF,0xFF,0xF0,0x00,0x00,0x00,0x00,0x1F,0xFF,0x9F,0xFF,0x80,0x00,0x00,
  0x00,0x00,0xFF,0xFC,0xFF,0xFC,0x00,0x00,0x00,0x00,0x0F,0xFF,0xE7,0xFF,0xF0,0x00,0x00,0x00,0x00,0x7F,0xFF,0x3F,0xFF,0x80,
  0x00,0x00,0x00,0x03,0xFF,0xF9,0xFF,0xFC,0x00,0x00,0x00,0x00,0x1F,0xFF,0x87,0xFF,0xF0,0x00,0x00,0x00,0x01,0xFF,0xFC,0x3F,
  0xFF,0x80,0x00,0x00,0x00,0x0F,0xFF,0xE1,0xFF,0xFE,0x00,0x00,0x00,0x00,0xFF,0xFE,0x07,0xFF,0xF0,0x00,0x00,0x00,0x07,0xFF,
  0xF0,0x3F,0xFF,0xC0,0x00,0x00,0x00,0x7F,0xFF,0x81,0xFF,0xFF,0x00,0x00,0x00,0x07,0xFF,0xF8,0x07,0xFF,0xF8,0x00,0x00,0x00,
  0x3F,0xFF,0xC0,0x3F,0xFF,0xE0,0x00,0x00,0x03,0xFF,0xFC,0x00,0xFF,0xFF,0xC0,0x00,0x00,0x7F,0xFF,0xE0,0x07,0xFF,0xFF,0x00,
  0x00,0x07,0xFF,0xFE,0x00,0x1F,0xFF,0xFE,0x00,0x00,0xFF,0xFF,0xE0,0x00,0x7F,0xFF,0xFE,0x00,0x3F,0xFF,0xFE,0x00,0x01,0xFF,
  0xFF,0xFF,0xFF,0xFF,0xFF,0xF0,0x00,0x07,0xFF,0xFF,0xFF,0xFF,0xFF,0xFF,0x00,0x00,0x3F,0xFF,0xFF,0xFF,0xFF,0xFF,0xF0,0x00,
  0x00,0x7F,0xFF,0xFF,0xFF,0xFF,0xFF,0x00,0x00,0x01,0xFF,0xFF,0xFF,0xFF,0xFF,0xE0,0x00,0x00,0x07,0xFF,0xFF,0xFF,0xFF,0xFE,
  0x00,0x00,0x00,0x0F,0xFF,0xFF,0xFF,0xFF,0xC0,0x00,0x00,0x00,0x3F,0xFF,0xFF,0xFF,0xF8,0x00,0x00,0x00,0x00,0x7F,0xFF,0xFF,
  0xFF,0x00,0x00,0x00,0x00,0x00,0x7F,0xFF,0xFF,0xC0,0x00,0x00,0x00,0x00,0x00,0x3F,0xFF,0xF8,0x00,0x00,0x00,0x00,0x00,0x00,
  0x1F,0xFF,0xC0,0x00,0x00,0x00,0x00,0x00,0x00,0xFF,0xFF,0x00,0x00,0x00,0x00,0x00,0x00,0x03,0xFF,0xF8,0x00,0x00,0x00,0x00,
  0x00,0x00,0x1F,0xFF,0xE0,0x00,0x00,0x00,0x00,0x00,0x00,0x7F,0xFF,0x80,0x00,0x00,0x00,0x00,0x00,0x03,0xFF,0xFC,0x00,0x00,
  0x00,0x00,0x00,0x00,0x1F,0xFF,0xF8,0x00,0x00,0x00,0x00,0x00,0x00,0x7F,0xFF,0xF0,0x00,0x00,0x00,0x00,0x00,0x01,0xFF,0xFF,
  0xFF,0xF0,0x00,0x00,0x00,0x00,0x0F,0xFF,0xFF,0xFF,0x80,0x00,0x00,0x00,0x00,0x3F,0xFF,0xFF,0xFC,0x00,0x00,0x00,0x00,0x01,
  0xFF,0xFF,0xFF,0xE0,0x00,0x00,0x00,0x00,0x07,0xFF,0xFF,0xFF,0x00,0x00,0x00,0x00,0x00,0x1F,0xFF,0xFF,0xF8,0x00,0x00,0x00,
  0x00,0x00,0x7F,0xFF,0xFF,0xC0,0x00,0x00,0x00,0x00,0x01,0xFF,0xFF,0xFE,0x00,0x00,0x00,0x00,0x00,0x03,0xFF,0xFF,0xF0,0x00,
  0x00,0x00,0x00,0x00,0x07,0xFF,0xFF,0x80,0x00,0x00,0x00,0x00,0x00,0x07,0xFF,0xC0,0x00,0xFF,0xFF,0xFF,0xFF,0xFF,0x80,0x00,
  0x03,0xFF,0xFF,0xFF,0xFF,0xFF,0xE0,0x00,0x0F,0xFF,0xFF,0xFF,0xFF,0xFF,0xF0,0x00,0x3F,0xFF,0xFF,0xFF,0xFF,0xFF,0xF0,0x00,
  0xFF,0xFF,0xFF,0xFF,0xFF,0xFF,0xF0,0x03,0xFF,0xFF,0xFF,0xFF,0xFF,0xFF,0xE0,0x0F,0xFF,0xFF,0xFF,0xFF,0xFF,0xFF,0xC0,0x3F,
  0xFF,0xFF,0xFF,0xFF,0xFF,0xFF,0x80,0xFF,0xFF,0xFF,0xFF,0xFF,0xFF,0xFF,0x03,0xFF,0xFF,0xFF,0xFF,0xFF,0xFF,0xFC,0x0F,0xFF,
  0xFF,0xFF,0xFF,0xFF,0xFF,0xF8,0x3F,0xFF,0x00,0x00,0x03,0xFF,0xFF,0xE0,0xFF,0xFC,0x00,0x00,0x00,0xFF,0xFF,0xC3,0xFF,0xF0,
  0x00,0x00,0x01,0xFF,0xFF,0x0F,0xFF,0xC0,0x00,0x00,0x01,0xFF,0xFC,0x3F,0xFF,0x00,0x00,0x00,0x07,0xFF,0xF8,0xFF,0xFC,0x00,
  0x00,0x00,0x0F,0xFF,0xE3,0xFF,0xF0,0x00,0x00,0x00,0x3F,0xFF,0x8F,0xFF,0xC0,0x00,0x00,0x00,0xFF,0xFE,0x3F,0xFF,0x00,0x00,
  0x00,0x01,0xFF,0xF8,0xFF,0xFC,0x00,0x00,0x00,0x07,0xFF,0xE3,0xFF,0xF0,0x00,0x00,0x00,0x1F,0xFF,0x8F,0xFF,0xC0,0x00,0x00,
  0x00,0xFF,0xFE,0x3F,0xFF,0x00,0x00,0x00,0x03,0xFF,0xF8,0xFF,0xFC,0x00,0x00,0x00,0x0F,0xFF,0xE3,0xFF,0xF0,0x00,0x00,0x00,
  0x3F,0xFF,0x0F,0xFF,0xC0,0x00,0x00,0x01,0xFF,0xFC,0x3F,0xFF,0x00,0x00,0x00,0x0F,0xFF,0xF0,0xFF,0xFC,0x00,0x00,0x00,0x7F,
  0xFF,0x83,0xFF,0xF0,0x00,0x00,0x03,0xFF,0xFE,0x0F,0xFF,0xC0,0x00,0x00,0xFF,0xFF,0xF0,0x3F,0xFF,0xFF,0xFF,0xFF,0xFF,0xFF,
  0xC0,0xFF,0xFF,0xFF,0xFF,0xFF,0xFF,0xFE,0x03,0xFF,0xFF,0xFF,0xFF,0xFF,0xFF,0xF0,0x0F,0xFF,0xFF,0xFF,0xFF,0xFF,0xFF,0x80,
  0x3F,0xFF,0xFF,0xFF,0xFF,0xFF,0xFC,0x00,0xFF,0xFF,0xFF,0xFF,0xFF,0xFF,0xE0,0x03,0xFF,0xFF,0xFF,0xFF,0xFF,0xFE,0x00,0x0F,
  0xFF,0xFF,0xFF,0xFF,0xFF,0xE0,0x00,0x3F,0xFF,0xFF,0xFF,0xFF,0xFC,0x00,0x00,0xFF,0xFF,0xFF,0xFF,0xFF,0xF8,0x00,0x03,0xFF,
  0xFF,0xFF,0xFF,0xFF,0xF0,0x00,0x0F,0xFF,0xC0,0x00,0x1F,0xFF,0xC0,0x00,0x3F,0xFF,0x00,0x00,0x7F,0xFF,0x80,0x00,0xFF,0xFC,
  0x00,0x00,0xFF,0xFE,0x00,0x03,0xFF,0xF0,0x00,0x01,0xFF,0xFC,0x00,0x0F,0xFF,0xC0,0x00,0x07,0xFF,0xF8,0x00,0x3F,0xFF,0x00,
  0x00,0x0F,0xFF,0xE0,0x00,0xFF,0xFC,0x00,0x00,0x3F,0xFF,0xC0,0x03,0xFF,0xF0,0x00,0x00,0x7F,0xFF,0x80,0x0F,0xFF,0xC0,0x00,
  0x00,0xFF,0xFE,0x00,0x3F,0xFF,0x00,0x00,0x03,0xFF,0xFC,0x00,0xFF,0xFC,0x00,0x00,0x07,0xFF,0xF8,0x03,0xFF,0xF0,0x00,0x00,
  0x0F,0xFF,0xE0,0x0F,0xFF,0xC0,0x00,0x00,0x3F,0xFF,0xC0,0x3F,0xFF,0x00,0x00,0x00,0x7F,0xFF,0x80,0xFF,0xFC,0x00,0x00,0x01,
  0xFF,0xFE,0x03,0xFF,0xF0,0x00,0x00,0x03,0xFF,0xFC,0x0F,0xFF,0xC0,0x00,0x00,0x07,0xFF,0xF0,0x3F,0xFF,0x00,0x00,0x00,0x1F,
  0xFF,0xE0,0xFF,0xFC,0x00,0x00,0x00,0x3F,0xFF,0xC3,0xFF,0xF0,0x00,0x00,0x00,0xFF,0xFF,0x0F,0xFF,0xC0,0x00,0x00,0x01,0xFF,
  0xFE,0x3F,0xFF,0x00,0x00,0x00,0x03,0xFF,0xFC,0xFF,0xFC,0x00,0x00,0x00,0x0F,0xFF,0xF3,0xFF,0xF0,0x00,0x00,0x00,0x1F,0xFF,
  0xEF,0xFF,0xC0,0x00,0x00,0x00,0x7F,0xFF,0xFF,0xFF,0x00,0x00,0x00,0x00,0xFF,0xFF,0x00,0x00,0x03,0xFF,0xFE,0x00,0x00,0x00,
  0x00,0x0F,0xFF,0xFF,0xFE,0x00,0x00,0x00,0x0F,0xFF,0xFF,0xFF,0xF0,0x00,0x00,0x07,0xFF,0xFF,0xFF,0xFF,0x80,0x00,0x01,0xFF,
  0xFF,0xFF,0xFF,0xFC,0x00,0x00,0xFF,0xFF,0xFF,0xFF,0xFF,0xC0,0x00,0x3F,0xFF,0xFF,0xFF,0xFF,0xFC,0x00,0x0F,0xFF,0xFF,0xFF,
  0xFF,0xFF,0xC0,0x03,0xFF,0xFF,0xFF,0xFF,0xFF,0xFC,0x00,0x7F,0xFF,0xFF,0xFF,0xFF,0xFF,0xC0,0x1F,0xFF,0xFF,0x00,0xFF,0xFF,
  0xF8,0x07,0xFF,0xFE,0x00,0x03,0xFF,0xFF,0x80,0xFF,0xFF,0x00,0x00,0x1F,0xFF,0xF0,0x1F,0xFF,0xC0,0x00,0x01,0xFF,0xFE,0x07,
  0xFF,0xF0,0x00,0x00,0x1F,0xFF,0xE0,0xFF,0xFC,0x00,0x00,0x01,0xFF,0xFC,0x1F,0xFF,0x80,0x00,0x00,0x1F,0xFF,0x83,0xFF,0xF0,
  0x00,0x00,0x03,0xFF,0xC0,0x7F,0xFE,0x00,0x00,0x00,0x7C,0x00,0x0F,0xFF,0xC0,0x00,0x00,0x00,0x00,0x01,0xFF,0xF8,0x00,0x00,
  0x00,0x00,0x00,0x3F,0xFF,0x80,0x00,0x00,0x00,0x00,0x07,0xFF,0xF0,0x00,0x00,0x00,0x00,0x00,0xFF,0xFF,0x00,0x00,0x00,0x00,
  0x00,0x0F,0xFF,0xF8,0x00,0x00,0x00,0x00,0x01,0xFF,0xFF,0xC0,0x00,0x00,0x00,0x00,0x3F,0xFF,0xFF,0x00,0x00,0x00,0x00,0x03,
  0xFF,0xFF,0xFE,0x00,0x00,0x00,0x00,0x7F,0xFF,0xFF,0xFC,0x00,0x00,0x00,0x07,0xFF,0xFF,0xFF,0xFC,0x00,0x00,0x00,0x7F,0xFF,
  0xFF,0xFF,0xF0,0x00,0x00,0x07,0xFF,0xFF,0xFF,0xFF,0xE0,0x00,0x00,0x7F,0xFF,0xFF,0xFF,0xFF,0x00,0x00,0x07,0xFF,0xFF,0xFF,
  0xFF,0xF8,0x00,0x00,0x3F,0xFF,0xFF,0xFF,0xFF,0xC0,0x00,0x01,0xFF,0xFF,0xFF,0xFF,0xFC,0x00,0x00,0x0F,0xFF,0xFF,0xFF,0xFF,
  0xC0,0x00,0x00,0x3F,0xFF,0xFF,0xFF,0xFC,0x00,0x00,0x00,0x7F,0xFF,0xFF,0xFF,0xC0,0x00,0x00,0x00,0xFF,0xFF,0xFF,0xFC,0x00,
  0x00,0x00,0x00,0xFF,0xFF,0xFF,0x80,0x00,0x00,0x00,0x01,0xFF,0xFF,0xF8,0x00,0x00,0x00,0x00,0x07,0xFF,0xFF,0x00,0x00,0x00,
  0x00,0x00,0x3F,0xFF,0xE0,0x00,0x00,0x00,0x00,0x03,0xFF,0xFE,0x00,0x00,0x00,0x00,0x00,0x3F,0xFF,0xC0,0x00,0x00,0x00,0x00,
  0x03,0xFF,0xF8,0x00,0x00,0x00,0x00,0x00,0x3F,0xFF,0x00,0x00,0x00,0x00,0x00,0x07,0xFF,0xE0,0x07,0x80,0x00,0x00,0x00,0xFF,
  0xFC,0x3F,0xF0,0x00,0x00,0x00,0x1F,0xFF,0xFF,0xFF,0x00,0x00,0x00,0x03,0xFF,0xFF,0xFF,0xE0,0x00,0x00,0x00,0x7F,0xFF,0xFF,
  0xFE,0x00,0x00,0x00,0x0F,0xFF,0xDF,0xFF,0xC0,0x00,0x00,0x03,0xFF,0xFB,0xFF,0xFC,0x00,0x00,0x00,0xFF,0xFE,0x3F,0xFF,0xE0,
  0x00,0x00,0x3F,0xFF,0xC7,0xFF,0xFF,0x00,0x00,0x1F,0xFF,0xF8,0x7F,0xFF,0xF8,0x00,0x0F,0xFF,0xFE,0x0F,0xFF,0xFF,0xFF,0xFF,
  0xFF,0xFF,0xC0,0xFF,0xFF,0xFF,0xFF,0xFF,0xFF,0xF0,0x0F,0xFF,0xFF,0xFF,0xFF,0xFF,0xFC,0x00,0xFF,0xFF,0xFF,0xFF,0xFF,0xFF,
  0x00,0x0F,0xFF,0xFF,0xFF,0xFF,0xFF,0xC0,0x00,0xFF,0xFF,0xFF,0xFF,0xFF,0xF0,0x00,0x07,0xFF,0xFF,0xFF,0xFF,0xFC,0x00,0x00,
  0x7F,0xFF,0xFF,0xFF,0xFE,0x00,0x00,0x01,0xFF,0xFF,0xFF,0xFF,0x00,0x00,0x00,0x07,0xFF,0xFF,0xFE,0x00,0x00,0x00,0x00,0x07,
  0xFF,0xFC,0x00,0x00,0x00,0xFF,0xFF,0xFF,0xFF,0xFF,0xFF,0xFF,0xFF,0xFF,0xFF,0xFF,0xFF,0xFF,0xFF,0xFF,0xFF,0xFF,0xFF,0xFF,
  0xFF,0xFF,0xFF,0xFF,0xFF,0xFF,0xFF,0xFF,0xFF,0xFF,0xFF,0xFF,0xFF,0xFF,0xFF,0xFF,0xFF,0xFF,0xFF,0xFF,0xFF,0xFF,0xFF,0xFF,
  0xFF,0xFF,0xFF,0xFF,0xFF,0xFF,0xFF,0xFF,0xFF,0xFF,0xFF,0xFF,0xFF,0xFF,0xFF,0xFF,0xFF,0xFF,0xFF,0xFF,0xFF,0xFF,0xFF,0xFF,
  0xFF,0xFF,0xFF,0xFF,0xFF,0xFF,0xFF,0xFF,0xFF,0xFF,0xFF,0xFF,0xFC,0x00,0x00,0x0F,0xFF,0xC0,0x00,0x00,0x00,0x00,0x03,0xFF,
  0xF0,0x00,0x00,0x00,0x00,0x00,0xFF,0xFC,0x00,0x00,0x00,0x00,0x00,0x3F,0xFF,0x00,0x00,0x00,0x00,0x00,0x0F,0xFF,0xC0,0x00,
  0x00,0x00,0x00,0x03,0xFF,0xF0,0x00,0x00,0x00,0x00,0x00,0xFF,0xFC,0x00,0x00,0x00,0x00,0x00,0x3F,0xFF,0x00,0x00,0x00,0x00,
  0x00,0x0F,0xFF,0xC0,0x00,0x00,0x00,0x00,0x03,0xFF,0xF0,0x00,0x00,0x00,0x00,0x00,0xFF,0xFC,0x00,0x00,0x00,0x00,0x00,0x3F,
  0xFF,0x00,0x00,0x00,0x00,0x00,0x0F,0xFF,0xC0,0x00,0x00,0x00,0x00,0x03,0xFF,0xF0,0x00,0x00,0x00,0x00,0x00,0xFF,0xFC,0x00,
  0x00,0x00,0x00,0x00,0x3F,0xFF,0x00,0x00,0x00,0x00,0x00,0x0F,0xFF,0xC0,0x00,0x00,0x00,0x00,0x03,0xFF,0xF0,0x00,0x00,0x00,
  0x00,0x00,0xFF,0xFC,0x00,0x00,0x00,0x00,0x00,0x3F,0xFF,0x00,0x00,0x00,0x00,0x00,0x0F,0xFF,0xC0,0x00,0x00,0x00,0x00,0x03,
  0xFF,0xF0,0x00,0x00,0x00,0x00,0x00,0xFF,0xFC,0x00,0x00,0x00,0x00,0x00,0x3F,0xFF,0x00,0x00,0x00,0x00,0x00,0x0F,0xFF,0xC0,
  0x00,0x00,0x00,0x00,0x03,0xFF,0xF0,0x00,0x00,0x00,0x00,0x00,0xFF,0xFC,0x00,0x00,0x00,0x00,0x00,0x3F,0xFF,0x00,0x00,0x00,
  0x00,0x00,0x0F,0xFF,0xC0,0x00,0x00,0x00,0x00,0x03,0xFF,0xF0,0x00,0x00,0x00,0x00,0x00,0xFF,0xFC,0x00,0x00,0x00,0x00,0x00,
  0x3F,0xFF,0x00,0x00,0x00,0x00,0x00,0x0F,0xFF,0xC0,0x00,0x00,0x00,0x00,0x03,0xFF,0xF0,0x00,0x00,0x00,0x00,0x00,0xFF,0xFC,
  0x00,0x00,0x00,0x00,0x00,0x3F,0xFF,0x00,0x00,0x00,0x00,0x00,0x0F,0xFF,0xC0,0x00,0x00,0x00,0x00,0x03,0xFF,0xF0,0x00,0x00,
  0x00,0x00,0x00,0xFF,0xFC,0x00,0x00,0x00,0x00,0x00,0x3F,0xFF,0x00,0x00,0x00,0x00,0x00,0x0F,0xFF,0xC0,0x00,0x00,0x00,0x00,
  0x03,0xFF,0xF0,0x00,0x00,0x00,0x00,0x00,0xFF,0xFC,0x00,0x00,0x00,0x00,0x00,0x3F,0xFF,0x00,0x00,0x00,0x00,0x00,0x0F,0xFF,
  0xC0,0x00,0x00,0x00,0x00,0x03,0xFF,0xF0,0x00,0x00,0x00,0x00,0x00,0xFF,0xFC,0x00,0x00,0x00,0x00,0x00,0x3F,0xFF,0x00,0x00,
  0x00,0x00,0x00,0x0F,0xFF,0xC0,0x00,0x00,0x00,0x00,0x03,0xFF,0xF0,0x00,0x00,0x00,0x00,0x00,0xFF,0xFC,0x00,0x00,0x00,0x00,
  0x00,0x3F,0xFF,0x00,0x00,0x00,0x00,0x00,0x0F,0xFF,0xC0,0x00,0x00,0x00,0x00,0x03,0xFF,0xF0,0x00,0x00,0x00,0x00,0x00,0xFF,
  0xFC,0x00,0x00,0x00,0x00,0x00,0x3F,0xFF,0x00,0x00,0x00,0x00,0x00,0x0F,0xFF,0xC0,0x00,0x00,0xFF,0xFC,0x00,0x00,0x00,0x07,
  0xFF,0xFF,0xFF,0xC0,0x00,0x00,0x00,0x7F,0xFF,0xFF,0xFC,0x00,0x00,0x00,0x07,0xFF,0xFF,0xFF,0xC0,0x00,0x00,0x00,0x7F,0xFF,
  0xFF,0xFC,0x00,0x00,0x00,0x07,0xFF,0xFF,0xFF,0xC0,0x00,0x00,0x00,0x7F,0xFF,0xFF,0xFC,0x00,0x00,0x00,0x07,0xFF,0xFF,0xFF,
  0xC0,0x00,0x00,0x00,0x7F,0xFF,0xFF,0xFC,0x00,0x00,0x00,0x07,0xFF,0xFF,0xFF,0xC0,0x00,0x00,0x00,0x7F,0xFF,0xFF,0xFC,0x00,
  0x00,0x00,0x07,0xFF,0xFF,0xFF,0xC0,0x00,0x00,0x00,0x7F,0xFF,0xFF,0xFC,0x00,0x00,0x00,0x07,0xFF,0xFF,0xFF,0xC0,0x00,0x00,
  0x00,0x7F,0xFF,0xFF,0xFC,0x00,0x00,0x00,0x07,0xFF,0xFF,0xFF,0xC0,0x00,0x00,0x00,0x7F,0xFF,0xFF,0xFC,0x00,0x00,0x00,0x07,
  0xFF,0xFF,0xFF,0xC0,0x00,0x00,0x00,0x7F,0xFF,0xFF,0xFC,0x00,0x00,0x00,0x07,0xFF,0xFF,0xFF,0xC0,0x00,0x00,0x00,0x7F,0xFF,
  0xFF,0xFC,0x00,0x00,0x00,0x07,0xFF,0xFF,0xFF,0xC0,0x00,0x00,0x00,0x7F,0xFF,0xFF,0xFC,0x00,0x00,0x00,0x07,0xFF,0xFF,0xFF,
  0xC0,0x00,0x00,0x00,0x7F,0xFF,0xFF,0xFC,0x00,0x00,0x00,0x07,0xFF,0xFF,0xFF,0xC0,0x00,0x00,0x00,0x7F,0xFF,0xFF,0xFC,0x00,
  0x00,0x00,0x07,0xFF,0xFF,0xFF,0xC0,0x00,0x00,0x00,0x7F,0xFF,0xFF,0xFC,0x00,0x00,0x00,0x07,0xFF,0xFF,0xFF,0xC0,0x00,0x00,
  0x00,0x7F,0xFF,0xFF,0xFC,0x00,0x00,0x00,0x07,0xFF,0xFF,0xFF,0xC0,0x00,0x00,0x00,0x7F,0xFF,0xFF,0xFC,0x00,0x00,0x00,0x07,
  0xFF,0xFF,0xFF,0xC0,0x00,0x00,0x00,0x7F,0xFF,0xFF,0xFC,0x00,0x00,0x00,0x07,0xFF,0xFF,0xFF,0xC0,0x00,0x00,0x00,0x7F,0xFF,
  0xFF,0xFC,0x00,0x00,0x00,0x07,0xFF,0xFF,0xFF,0xC0,0x00,0x00,0x00,0x7F,0xFF,0xFF,0xFC,0x00,0x00,0x00,0x07,0xFF,0xFF,0xFF,
  0xC0,0x00,0x00,0x00,0x7F,0xFF,0xFF,0xFC,0x00,0x00,0x00,0x07,0xFF,0xFF,0xFF,0xC0,0x00,0x00,0x00,0x7F,0xFF,0xFF,0xFC,0x00,
  0x00,0x00,0x07,0xFF,0xEF,0xFF,0xC0,0x00,0x00,0x00,0x7F,0xFE,0xFF,0xFC,0x00,0x00,0x00,0x07,0xFF,0xEF,0xFF,0xE0,0x00,0x00,
  0x00,0x7F,0xFE,0xFF,0xFE,0x00,0x00,0x00,0x07,0xFF,0xEF,0xFF,0xE0,0x00,0x00,0x00,0xFF,0xFE,0xFF,0xFE,0x00,0x00,0x00,0x0F,
  0xFF,0xE7,0xFF,0xF0,0x00,0x00,0x00,0xFF,0xFE,0x7F,0xFF,0x00,0x00,0x00,0x1F,0xFF,0xC7,0xFF,0xF8,0x00,0x00,0x01,0xFF,0xFC,
  0x7F,0xFF,0x80,0x00,0x00,0x3F,0xFF,0xC3,0xFF,0xFC,0x00,0x00,0x07,0xFF,0xF8,0x3F,0xFF,0xE0,0x00,0x00,0xFF,0xFF,0x83,0xFF,
  0xFF,0x00,0x00,0x3F,0xFF,0xF0,0x1F,0xFF,0xFC,0x00,0x0F,0xFF,0xFF,0x00,0xFF,0xFF,0xFC,0x07,0xFF,0xFF,0xE0,0x0F,0xFF,0xFF,
  0xFF,0xFF,0xFF,0xFE,0x00,0x7F,0xFF,0xFF,0xFF,0xFF,0xFF,0xC0,0x03,0xFF,0xFF,0xFF,0xFF,0xFF,0xF8,0x00,0x1F,0xFF,0xFF,0xFF,
  0xFF,0xFF,0x00,0x00,0xFF,0xFF,0xFF,0xFF,0xFF,0xE0,0x00,0x07,0xFF,0xFF,0xFF,0xFF,0xF8,0x00,0x00,0x3F,0xFF,0xFF,0xFF,0xFF,
  0x00,0x00,0x00,0xFF,0xFF,0xFF,0xFF,0xC0,0x00,0x00,0x03,0xFF,0xFF,0xFF,0xF0,0x00,0x00,0x00,0x07,0xFF,0xFF,0xF8,0x00,0x00,
  0x00,0x00,0x03,0xFF,0xF8,0x00,0x00,0x00,0xFF,0xFE,0x00,0x00,0x00,0x00,0x7F,0xFF,0xFF,0xFE,0x00,0x00,0x00,0x00,0x7F,0xFF,
  0x7F,0xFE,0x00,0x00,0x00,0x00,0x7F,0xFF,0x7F,0xFF,0x00,0x00,0x00,0x00,0xFF,0xFE,0x7F,0xFF,0x00,0x00,0x00,0x00,0xFF,0xFE,
  0x3F,0xFF,0x00,0x00,0x00,0x00,0xFF,0xFC,0x3F,0xFF,0x80,0x00,0x00,0x01,0xFF,0xFC,0x3F,0xFF,0x80,0x00,0x00,0x01,0xFF,0xFC,
  0x1F,0xFF,0x80,0x00,0x00,0x01,0xFF,0xF8,0x1F,0xFF,0xC0,0x00,0x00,0x03,0xFF,0xF8,0x1F,0xFF,0xC0,0x00,0x00,0x03,0xFF,0xF8,
  0x0F,0xFF,0xC0,0x00,0x00,0x03,0xFF,0xF0,0x0F,0xFF,0xE0,0x00,0x00,0x03,0xFF,0xF0,0x07,0xFF,0xE0,0x00,0x00,0x07,0xFF,0xE0,
  0x07,0xFF,0xE0,0x00,0x00,0x07,0xFF,0xE0,0x07,0xFF,0xF0,0x00,0x00,0x07,0xFF,0xE0,0x03,0xFF,0xF0,0x00,0x00,0x0F,0xFF,0xC0,
  0x03,0xFF,0xF0,0x00,0x00,0x0F,0xFF,0xC0,0x03,0xFF,0xF8,0x00,0x00,0x0F,0xFF,0xC0,0x01,0xFF,0xF8,0x00,0x00,0x1F,0xFF,0x80,
  0x01,0xFF,0xF8,0x00,0x00,0x1F,0xFF,0x80,0x00,0xFF,0xFC,0x00,0x00,0x1F,0xFF,0x80,0x00,0xFF,0xFC,0x00,0x00,0x3F,0xFF,0x00,
  0x00,0xFF,0xFC,0x00,0x00,0x3F,0xFF,0x00,0x00,0x7F,0xFC,0x00,0x00,0x3F,0xFE,0x00,0x00,0x7F,0xFE,0x00,0x00,0x7F,0xFE,0x00,
  0x00,0x7F,0xFE,0x00,0x00,0x7F,0xFE,0x00,0x00,0x3F,0xFE,0x00,0x00,0x7F,0xFC,0x00,0x00,0x3F,0xFF,0x00,0x00,0xFF,0xFC,0x00,
  0x00,0x1F,0xFF,0x00,0x00,0xFF,0xFC,0x00,0x00,0x1F,0xFF,0x00,0x00,0xFF,0xF8,0x00,0x00,0x1F,0xFF,0x80,0x01,0xFF,0xF8,0x00,
  0x00,0x0F,0xFF,0x80,0x01,0xFF,0xF0,0x00,0x00,0x0F,0xFF,0x80,0x01,0xFF,0xF0,0x00,0x00,0x0F,0xFF,0xC0,0x01,0xFF,0xF0,0x00,
  0x00,0x07,0xFF,0xC0,0x03,0xFF,0xE0,0x00,0x00,0x07,0xFF,0xC0,0x03,0xFF,0xE0,0x00,0x00,0x07,0xFF,0xE0,0x03,0xFF,0xE0,0x00,
  0x00,0x03,0xFF,0xE0,0x07,0xFF,0xC0,0x00,0x00,0x03,0xFF,0xE0,0x07,0xFF,0xC0,0x00,0x00,0x01,0xFF,0xF0,0x07,0xFF,0xC0,0x00,
  0x00,0x01,0xFF,0xF0,0x0F,0xFF,0x80,0x00,0x00,0x01,0xFF,0xF0,0x0F,0xFF,0x80,0x00,0x00,0x00,0xFF,0xF8,0x0F,0xFF,0x00,0x00,
  0x00,0x00,0xFF,0xF8,0x1F,0xFF,0x00,0x00,0x00,0x00,0xFF,0xF8,0x1F,0xFF,0x00,0x00,0x00,0x00,0x7F,0xF8,0x1F,0xFE,0x00,0x00,
  0x00,0x00,0x7F,0xFC,0x3F,0xFE,0x00,0x00,0x00,0x00,0x3F,0xFC,0x3F,0xFE,0x00,0x00,0x00,0x00,0x3F,0xFC,0x3F,0xFC,0x00,0x00,
  0x00,0x00,0x3F,0xFE,0x3F,0xFC,0x00,0x00,0x00,0x00,0x1F,0xFE,0x7F,0xF8,0x00,0x00,0x00,0x00,0x1F,0xFE,0x7F,0xF8,0x00,0x00,
  0x00,0x00,0x1F,0xFE,0x7F,0xF8,0x00,0x00,0x00,0x00,0x0F,0xFF,0x7F,0xF0,0x00,0x00,0x00,0x00,0x0F,0xFF,0xFF,0xF0,0x00,0x00,
  0x00,0x00,0x07,0xFF,0xFF,0xF0,0x00,0x00,0x00,0x00,0x07,0xFF,0xFF,0xE0,0x00,0x00,0x00,0x00,0x07,0xFF,0xFF,0xE0,0x00,0x00,
  0x00,0x00,0x03,0xFF,0xFF,0xE0,0x00,0x00,0x00,0x00,0x03,0xFF,0xFF,0xC0,0x00,0x00,0x00,0x00,0x03,0xFF,0xFF,0xC0,0x00,0x00,
  0x00,0x00,0x01,0xFF,0xFF,0x80,0x00,0x00,0x00,0x00,0x01,0xFF,0xFF,0x80,0x00,0x00,0x00,0x00,0x01,0xFF,0xFF,0x80,0x00,0x00,
  0x00,0x00,0x00,0xFF,0xFF,0x00,0x00,0x00,0x00,0x00,0x00,0xFF,0xFF,0x00,0x00,0x00,0x00,0x00,0x00,0x7F,0xFF,0x00,0x00,0x00,
  0xFF,0xFE,0x00,0x00,0x01,0xFF,0xFE,0x00,0x00,0x01,0xFF,0xFF,0xFF,0xF0,0x00,0x00,0x1F,0xFF,0xF0,0x00,0x00,0x1F,0xFF,0xDF,
  0xFF,0x80,0x00,0x00,0xFF,0xFF,0xC0,0x00,0x00,0xFF,0xFE,0xFF,0xFC,0x00,0x00,0x07,0xFF,0xFE,0x00,0x00,0x07,0xFF,0xF7,0xFF,
  0xF0,0x00,0x00,0x3F,0xFF,0xF0,0x00,0x00,0x3F,0xFF,0x3F,0xFF,0x80,0x00,0x01,0xFF,0xFF,0x80,0x00,0x01,0xFF,0xF8,0xFF,0xFC,
  0x00,0x00,0x1F,0xFF,0xFC,0x00,0x00,0x1F,0xFF,0xC7,0xFF,0xE0,0x00,0x00,0xFF,0xFF,0xF0,0x00,0x00,0xFF,0xFC,0x3F,0xFF,0x80,
  0x00,0x07,0xFF,0xFF,0x80,0x00,0x07,0xFF,0xE1,0xFF,0xFC,0x00,0x00,0x3F,0xFF,0xFC,0x00,0x00,0x3F,0xFF,0x07,0xFF,0xE0,0x00,
  0x03,0xFF,0xFF,0xE0,0x00,0x01,0xFF,0xF8,0x3F,0xFF,0x00,0x00,0x1F,0xFF,0xFF,0x80,0x00,0x1F,0xFF,0x81,0xFF,0xF8,0x00,0x00,
  0xFF,0xFF,0xFC,0x00,0x00,0xFF,0xFC,0x07,0xFF,0xE0,0x00,0x07,0xFF,0xFF,0xE0,0x00,0x07,0xFF,0xE0,0x3F,0xFF,0x00,0x00,0x7F,
  0xFF,0xFF,0x00,0x00,0x3F,0xFF,0x01,0xFF,0xF8,0x00,0x03,0xFF,0xFF,0xFC,0x00,0x03,0xFF,0xF0,0x0F,0xFF,0xC0,0x00,0x1F,0xFD,
  0xFF,0xE0,0x00,0x1F,0xFF,0x80,0x3F,0xFF,0x00,0x00,0xFF,0xEF,0xFF,0x00,0x00,0xFF,0xFC,0x01,0xFF,0xF8,0x00,0x07,0xFF,0x7F,
  0xF8,0x00,0x07,0xFF,0xE0,0x0F,0xFF,0xC0,0x00,0x7F,0xF9,0xFF,0xE0,0x00,0x3F,0xFE,0x00,0x7F,0xFE,0x00,0x03,0xFF,0xCF,0xFF,
  0x00,0x03,0xFF,0xF0,0x01,0xFF,0xF0,0x00,0x1F,0xFC,0x7F,0xF8,0x00,0x1F,0xFF,0x80,0x0F,0xFF,0xC0,0x00,0xFF,0xE3,0xFF,0xC0,
  0x00,0xFF,0xFC,0x00,0x7F,0xFE,0x00,0x0F,0xFF,0x1F,0xFF,0x00,0x07,0xFF,0xC0,0x03,0xFF,0xF0,0x00,0x7F,0xF8,0x7F,0xF8,0x00,
  0x7F,0xFE,0x00,0x0F,0xFF,0x80,0x03,0xFF,0xC3,0xFF,0xC0,0x03,0xFF,0xF0,0x00,0x7F,0xFE,0x00,0x1F,0xFC,0x1F,0xFE,0x00,0x1F,
  0xFF,0x80,0x03,0xFF,0xF0,0x01,0xFF,0xE0,0xFF,0xF0,0x00,0xFF,0xF8,0x00,0x1F,0xFF,0x80,0x0F,0xFF,0x07,0xFF,0xC0,0x07,0xFF,
  0xC0,0x00,0x7F,0xFC,0x00,0x7F,0xF8,0x1F,0xFE,0x00,0x7F,0xFE,0x00,0x03,0xFF,0xE0,0x03,0xFF,0x80,0xFF,0xF0,0x03,0xFF,0xF0,
  0x00,0x1F,0xFF,0x80,0x3F,0xFC,0x07,0xFF,0x80,0x1F,0xFF,0x00,0x00,0xFF,0xFC,0x01,0xFF,0xE0,0x3F,0xFE,0x00,0xFF,0xF8,0x00,
  0x03,0xFF,0xE0,0x0F,0xFF,0x00,0xFF,0xF0,0x07,0xFF,0xC0,0x00,0x1F,0xFF,0x00,0x7F,0xF0,0x07,0xFF,0x80,0x7F,0xFC,0x00,0x00,
  0xFF,0xFC,0x03,0xFF,0x80,0x3F,0xFC,0x03,0xFF,0xE0,0x00,0x07,0xFF,0xE0,0x3F,0xFC,0x01,0xFF,0xF0,0x1F,0xFF,0x00,0x00,0x1F,
  0xFF,0x01,0xFF,0xE0,0x07,0xFF,0x80,0xFF,0xF8,0x00,0x00,0xFF,0xF8,0x0F,0xFF,0x00,0x3F,0xFC,0x0F,0xFF,0x80,0x00,0x07,0xFF,
  0xE0,0x7F,0xF0,0x01,0xFF,0xE0,0x7F,0xFC,0x00,0x00,0x3F,0xFF,0x07,0xFF,0x80,0x0F,0xFF,0x03,0xFF,0xE0,0x00,0x00,0xFF,0xF8,
  0x3F,0xFC,0x00,0x3F,0xFC,0x1F,0xFF,0x00,0x00,0x07,0xFF,0xC1,0xFF,0xE0,0x01,0xFF,0xE0,0xFF,0xF0,0x00,0x00,0x3F,0xFE,0x0F,
  0xFE,0x00,0x0F,0xFF,0x0F,0xFF,0x80,0x00,0x00,0xFF,0xF8,0x7F,0xF0,0x00,0x7F,0xF8,0x7F,0xFC,0x00,0x00,0x07,0xFF,0xC7,0xFF,
  0x80,0x03,0xFF,0xC3,0xFF,0xE0,0x00,0x00,0x3F,0xFE,0x3F,0xFC,0x00,0x0F,0xFF,0x1F,0xFE,0x00,0x00,0x01,0xFF,0xF1,0xFF,0xC0,
  0x00,0x7F,0xF9,0xFF,0xF0,0x00,0x00,0x07,0xFF,0x8F,0xFE,0x00,0x03,0xFF,0xCF,0xFF,0x80,0x00,0x00,0x3F,0xFE,0x7F,0xF0,0x00,
  0x1F,0xFE,0x7F,0xFC,0x00,0x00,0x01,0xFF,0xF7,0xFF,0x80,0x00,0x7F,0xF3,0xFF,0xC0,0x00,0x00,0x0F,0xFF,0xBF,0xF8,0x00,0x03,
  0xFF,0xBF,0xFE,0x00,0x00,0x00,0x3F,0xFD,0xFF,0xC0,0x00,0x1F,0xFF,0xFF,0xF0,0x00,0x00,0x01,0xFF,0xFF,0xFE,0x00,0x00,0xFF,
  0xFF,0xFF,0x80,0x00,0x00,0x0F,0xFF,0xFF,0xF0,0x00,0x03,0xFF,0xFF,0xF8,0x00,0x00,0x00,0x7F,0xFF,0xFF,0x80,0x00,0x1F,0xFF,
  0xFF,0xC0,0x00,0x00,0x01,0xFF,0xFF,0xF8,0x00,0x00,0xFF,0xFF,0xFE,0x00,0x00,0x00,0x0F,0xFF,0xFF,0xC0,0x00,0x07,0xFF,0xFF,
  0xF0,0x00,0x00,0x00,0x7F,0xFF,0xFE,0x00,0x00,0x1F,0xFF,0xFF,0x00,0x00,0x00,0x03,0xFF,0xFF,0xF0,0x00,0x00,0xFF,0xFF,0xF8,
  0x00,0x00,0x00,0x0F,0xFF,0xFF,0x00,0x00,0x07,0xFF,0xFF,0xC0,0x00,0x00,0x00,0x7F,0xFF,0xF8,0x00,0x00,0x3F,0xFF,0xFE,0x00,
  0x00,0x00,0x03,0xFF,0xFF,0xC0,0x00,0x01,0xFF,0xFF,0xE0,0x00,0x00,0x00,0x1F,0xFF,0xFE,0x00,0x00,0x07,0xFF,0xFF,0x00,0x00,
  0x00,0x00,0x7F,0xFF,0xE0,0x00,0x00,0x3F,0xFF,0xF8,0x00,0x00,0x00,0x03,0xFF,0xFF,0x00,0x00,0x01,0xFF,0xFF,0x80,0x00,0x00,
  0x00,0x1F,0xFF,0xF8,0x00,0x00,0x0F,0xFF,0xFC,0x00,0x00,0x00,0x00,0xFF,0xFF,0xC0,0x00,0x00,0x3F,0xFF,0xE0,0x00,0x00,0x3F,
  0xFF,0x80,0x00,0x00,0x01,0xFF,0xFC,0x1F,0xFF,0xC0,0x00,0x00,0x03,0xFF,0xF8,0x1F,0xFF,0xE0,0x00,0x00,0x03,0xFF,0xF8,0x0F,
  0xFF,0xE0,0x00,0x00,0x07,0xFF,0xF0,0x07,0xFF,0xF0,0x00,0x00,0x0F,0xFF,0xE0,0x07,0xFF,0xF0,0x00,0x00,0x0F,0xFF,0xE0,0x03,
  0xFF,0xF8,0x00,0x00,0x1F,0xFF,0xC0,0x01,0xFF,0xFC,0x00,0x00,0x3F,0xFF,0x80,0x01,0xFF,0xFC,0x00,0x00,0x3F,0xFF,0x80,0x00,
  0xFF,0xFE,0x00,0x00,0x7F,0xFF,0x00,0x00,0x7F,0xFF,0x00,0x00,0x7F,0xFF,0x00,0x00,0x7F,0xFF,0x00,0x00,0xFF,0xFE,0x00,0x00,
  0x3F,0xFF,0x80,0x01,0xFF,0xFC,0x00,0x00,0x1F,0xFF,0xC0,0x01,0xFF,0xFC,0x00,0x00,0x1F,0xFF,0xC0,0x03,0xFF,0xF8,0x00,0x00,
  0x0F,0xFF,0xE0,0x07,0xFF,0xF0,0x00,0x00,0x07,0xFF,0xE0,0x07,0xFF,0xF0,0x00,0x00,0x03,0xFF,0xF0,0x0F,0xFF,0xE0,0x00,0x00,
  0x03,0xFF,0xF8,0x1F,0xFF,0xC0,0x00,0x00,0x01,0xFF,0xF8,0x1F,0xFF,0xC0,0x00,0x00,0x00,0xFF,0xFC,0x3F,0xFF,0x80,0x00,0x00,
  0x00,0xFF,0xFE,0x3F,0xFF,0x00,0x00,0x00,0x00,0x7F,0xFE,0x7F,0xFF,0x00,0x00,0x00,0x00,0x3F,0xFF,0xFF,0xFE,0x00,0x00,0x00,
  0x00,0x3F,0xFF,0xFF,0xFE,0x00,0x00,0x00,0x00,0x1F,0xFF,0xFF,0xFC,0x00,0x00,0x00,0x00,0x0F,0xFF,0xFF,0xF8,0x00,0x00,0x00,
  0x00,0x0F,0xFF,0xFF,0xF8,0x00,0x00,0x00,0x00,0x07,0xFF,0xFF,0xF0,0x00,0x00,0x00,0x00,0x03,0xFF,0xFF,0xE0,0x00,0x00,0x00,
  0x00,0x03,0xFF,0xFF,0xE0,0x00,0x00,0x00,0x00,0x01,0xFF,0xFF,0xC0,0x00,0x00,0x00,0x00,0x01,0xFF,0xFF,0xC0,0x00,0x00,0x00,
  0x00,0x01,0xFF,0xFF,0xC0,0x00,0x00,0x00,0x00,0x03,0xFF,0xFF,0xE0,0x00,0x00,0x00,0x00,0x07,0xFF,0xFF,0xF0,0x00,0x00,0x00,
  0x00,0x07,0xFF,0xFF,0xF0,0x00,0x00,0x00,0x00,0x0F,0xFF,0xFF,0xF8,0x00,0x00,0x00,0x00,0x1F,0xFF,0xFF,0xFC,0x00,0x00,0x00,
  0x00,0x1F,0xFF,0xFF,0xFC,0x00,0x00,0x00,0x00,0x3F,0xFF,0xFF,0xFE,0x00,0x00,0x00,0x00,0x7F,0xFF,0xFF,0xFE,0x00,0x00,0x00,
  0x00,0x7F,0xFE,0x7F,0xFF,0x00,0x00,0x00,0x00,0xFF,0xFE,0x3F,0xFF,0x80,0x00,0x00,0x01,0xFF,0xFC,0x3F,0xFF,0x80,0x00,0x00,
  0x01,0xFF,0xF8,0x1F,0xFF,0xC0,0x00,0x00,0x03,0xFF,0xF8,0x0F,0xFF,0xE0,0x00,0x00,0x07,0xFF,0xF0,0x0F,0xFF,0xE0,0x00,0x00,
  0x07,0xFF,0xE0,0x07,0xFF,0xF0,0x00,0x00,0x0F,0xFF,0xE0,0x07,0xFF,0xF0,0x00,0x00,0x1F,0xFF,0xC0,0x03,0xFF,0xF8,0x00,0x00,
  0x1F,0xFF,0x80,0x01,0xFF,0xFC,0x00,0x00,0x3F,0xFF,0x80,0x01,0xFF,0xFC,0x00,0x00,0x7F,0xFF,0x00,0x00,0xFF,0xFE,0x00,0x00,
  0x7F,0xFF,0x00,0x00,0x7F,0xFF,0x00,0x00,0xFF,0xFE,0x00,0x00,0x7F,0xFF,0x00,0x01,0xFF,0xFC,0x00,0x00,0x3F,0xFF,0x80,0x01,
  0xFF,0xFC,0x00,0x00,0x3F,0xFF,0xC0,0x03,0xFF,0xF8,0x00,0x00,0x1F,0xFF,0xC0,0x07,0xFF,0xF0,0x00,0x00,0x0F,0xFF,0xE0,0x07,
  0xFF,0xF0,0x00,0x00,0x0F,0xFF,0xE0,0x0F,0xFF,0xE0,0x00,0x00,0x07,0xFF,0xF0,0x1F,0xFF,0xC0,0x00,0x00,0x03,0xFF,0xF8,0x1F,
  0xFF,0xC0,0x00,0x00,0x03,0xFF,0xF8,0x3F,0xFF,0x80,0x00,0x00,0x01,0xFF,0xFC,0x7F,0xFF,0x80,0x00,0x00,0x00,0xFF,0xFE,0x7F,
  0xFF,0x00,0x00,0x00,0x00,0xFF,0xFE,0xFF,0xFE,0x00,0x00,0x00,0x00,0x7F,0xFF,0xFF,0xFE,0x00,0x00,0x00,0x01,0xFF,0xFD,0xFF,
  0xFC,0x00,0x00,0x00,0x07,0xFF,0xF7,0xFF,0xF0,0x00,0x00,0x00,0x3F,0xFF,0x8F,0xFF,0xE0,0x00,0x00,0x01,0xFF,0xFC,0x3F,0xFF,
  0x80,0x00,0x00,0x07,0xFF,0xF0,0x7F,0xFF,0x00,0x00,0x00,0x3F,0xFF,0x81,0xFF,0xFC,0x00,0x00,0x00,0xFF,0xFE,0x03,0xFF,0xF8,
  0x00,0x00,0x07,0xFF,0xF0,0x07,0xFF,0xE0,0x00,0x00,0x1F,0xFF,0x80,0x1F,0xFF,0xC0,0x00,0x00,0xFF,0xFE,0x00,0x3F,0xFF,0x00,
  0x00,0x03,0xFF,0xF0,0x00,0xFF,0xFE,0x00,0x00,0x1F,0xFF,0xC0,0x01,0xFF,0xFC,0x00,0x00,0x7F,0xFE,0x00,0x03,0xFF,0xF0,0x00,
  0x03,0xFF,0xF8,0x00,0x0F,0xFF,0xE0,0x00,0x1F,0xFF,0xC0,0x00,0x1F,0xFF,0x80,0x00,0x7F,0xFE,0x00,0x00,0x7F,0xFF,0x00,0x03,
  0xFF,0xF8,0x00,0x00,0xFF,0xFC,0x00,0x0F,0xFF,0xC0,0x00,0x01,0xFF,0xF8,0x00,0x7F,0xFF,0x00,0x00,0x07,0xFF,0xE0,0x01,0xFF,
  0xF8,0x00,0x00,0x0F,0xFF,0xC0,0x0F,0xFF,0xC0,0x00,0x00,0x3F,0xFF,0x00,0x3F,0xFF,0x00,0x00,0x00,0x7F,0xFE,0x01,0xFF,0xF8,
  0x00,0x00,0x00,0xFF,0xF8,0x0F,0xFF,0xE0,0x00,0x00,0x03,0xFF,0xF0,0x3F,0xFF,0x00,0x00,0x00,0x07,0xFF,0xE1,0xFF,0xF8,0x00,
  0x00,0x00,0x1F,0xFF,0x87,0xFF,0xE0,0x00,0x00,0x00,0x3F,0xFF,0x3F,0xFF,0x00,0x00,0x00,0x00,0xFF,0xFC,0xFF,0xFC,0x00,0x00,
  0x00,0x01,0xFF,0xFF,0xFF,0xE0,0x00,0x00,0x00,0x03,0xFF,0xFF,0xFF,0x00,0x00,0x00,0x00,0x0F,0xFF,0xFF,0xFC,0x00,0x00,0x00,
  0x00,0x1F,0xFF,0xFF,0xE0,0x00,0x00,0x00,0x00,0x7F,0xFF,0xFF,0x80,0x00,0x00,0x00,0x00,0xFF,0xFF,0xFC,0x00,0x00,0x00,0x00,
  0x01,0xFF,0xFF,0xE0,0x00,0x00,0x00,0x00,0x07,0xFF,0xFF,0x80,0x00,0x00,0x00,0x00,0x0F,0xFF,0xFC,0x00,0x00,0x00,0x00,0x00,
  0x3F,0xFF,0xF0,0x00,0x00,0x00,0x00,0x00,0x7F,0xFF,0x80,0x00,0x00,0x00,0x00,0x00,0xFF,0xFE,0x00,0x00,0x00,0x00,0x00,0x03,
  0xFF,0xF0,0x00,0x00,0x00,0x00,0x00,0x0F,0xFF,0xC0,0x00,0x00,0x00,0x00,0x00,0x3F,0xFF,0x00,0x00,0x00,0x00,0x00,0x00,0xFF,
  0xFC,0x00,0x00,0x00,0x00,0x00,0x03,0xFF,0xF0,0x00,0x00,0x00,0x00,0x00,0x0F,0xFF,0xC0,0x00,0x00,0x00,0x00,0x00,0x3F,0xFF,
  0x00,0x00,0x00,0x00,0x00,0x00,0xFF,0xFC,0x00,0x00,0x00,0x00,0x00,0x03,0xFF,0xF0,0x00,0x00,0x00,0x00,0x00,0x0F,0xFF,0xC0,
  0x00,0x00,0x00,0x00,0x00,0x3F,0xFF,0x00,0x00,0x00,0x00,0x00,0x00,0xFF,0xFC,0x00,0x00,0x00,0x00,0x00,0x03,0xFF,0xF0,0x00,
  0x00,0x00,0x00,0x00,0x0F,0xFF,0xC0,0x00,0x00,0x00,0x00,0x00,0x3F,0xFF,0x00,0x00,0x00,0x00,0x00,0x00,0xFF,0xFC,0x00,0x00,
  0x00,0x00,0x00,0x03,0xFF,0xF0,0x00,0x00,0x00,0x00,0x00,0x0F,0xFF,0xC0,0x00,0x00,0x00,0x00,0x00,0x3F,0xFF,0x00,0x00,0x00,
  0x00,0x00,0x00,0xFF,0xFC,0x00,0x00,0x00,0x00,0x00,0x03,0xFF,0xF0,0x00,0x00,0x00,0x00,0x00,0x0F,0xFF,0xC0,0x00,0x00,0x00,
  0x00,0x00,0x3F,0xFF,0x00,0x00,0x00,0x00,0x00,0x00,0xFF,0xFC,0x00,0x00,0x00,0x00,0x00,0x03,0xFF,0xF0,0x00,0x00,0x00,0x00,
  0x00,0x0F,0xFF,0xC0,0x00,0x00,0x00,0x00,0x00,0x3F,0xFF,0x00,0x00,0x00,0x00,0x00,0x00,0xFF,0xFC,0x00,0x00,0x00,0x0F,0xFF,
  0xFF,0xFF,0xFF,0xFF,0xF8,0x1F,0xFF,0xFF,0xFF,0xFF,0xFF,0xF0,0x3F,0xFF,0xFF,0xFF,0xFF,0xFF,0xE0,0x7F,0xFF,0xFF,0xFF,0xFF,
  0xFF,0xC0,0xFF,0xFF,0xFF,0xFF,0xFF,0xFF,0x81,0xFF,0xFF,0xFF,0xFF,0xFF,0xFF,0x03,0xFF,0xFF,0xFF,0xFF,0xFF,0xFE,0x07,0xFF,
  0xFF,0xFF,0xFF,0xFF,0xFC,0x0F,0xFF,0xFF,0xFF,0xFF,0xFF,0xF8,0x1F,0xFF,0xFF,0xFF,0xFF,0xFF,0xF0,0x3F,0xFF,0xFF,0xFF,0xFF,
  0xFF,0xC0,0x00,0x00,0x00,0x00,0x7F,0xFF,0x00,0x00,0x00,0x00,0x00,0xFF,0xFE,0x00,0x00,0x00,0x00,0x03,0xFF,0xF8,0x00,0x00,
  0x00,0x00,0x0F,0xFF,0xE0,0x00,0x00,0x00,0x00,0x3F,0xFF,0x80,0x00,0x00,0x00,0x00,0x7F,0xFF,0x00,0x00,0x00,0x00,0x01,0xFF,
  0xFC,0x00,0x00,0x00,0x00,0x07,0xFF,0xF0,0x00,0x00,0x00,0x00,0x1F,0xFF,0xC0,0x00,0x00,0x00,0x00,0x7F,0xFF,0x00,0x00,0x00,
  0x00,0x00,0xFF,0xFE,0x00,0x00,0x00,0x00,0x03,0xFF,0xF8,0x00,0x00,0x00,0x00,0x0F,0xFF,0xE0,0x00,0x00,0x00,0x00,0x3F,0xFF,
  0x80,0x00,0x00,0x00,0x00,0xFF,0xFE,0x00,0x00,0x00,0x00,0x01,0xFF,0xFC,0x00,0x00,0x00,0x00,0x07,0xFF,0xF0,0x00,0x00,0x00,
  0x00,0x1F,0xFF,0xC0,0x00,0x00,0x00,0x00,0x7F,0xFF,0x00,0x00,0x00,0x00,0x01,0xFF,0xFE,0x00,0x00,0x00,0x00,0x03,0xFF,0xF8,
  0x00,0x00,0x00,0x00,0x0F,0xFF,0xE0,0x00,0x00,0x00,0x00,0x3F,0xFF,0x80,0x00,0x00,0x00,0x00,0xFF,0xFE,0x00,0x00,0x00,0x00,
  0x01,0xFF,0xFC,0x00,0x00,0x00,0x00,0x07,0xFF,0xF0,0x00,0x00,0x00,0x00,0x1F,0xFF,0xC0,0x00,0x00,0x00,0x00,0x7F,0xFF,0x00,
  0x00,0x00,0x00,0x01,0xFF,0xFC,0x00,0x00,0x00,0x00,0x03,0xFF,0xF8,0x00,0x00,0x00,0x00,0x0F,0xFF,0xE0,0x00,0x00,0x00,0x00,
  0x3F,0xFF,0x80,0x00,0x00,0x00,0x00,0xFF,0xFE,0x00,0x00,0x00,0x00,0x03,0xFF,0xFC,0x00,0x00,0x00,0x00,0x07,0xFF,0xF0,0x00,
  0x00,0x00,0x00,0x1F,0xFF,0xC0,0x00,0x00,0x00,0x00,0x7F,0xFF,0x00,0x00,0x00,0x00,0x01,0xFF,0xFC,0x00,0x00,0x00,0x00,0x07,
  0xFF,0xF8,0x00,0x00,0x00,0x00,0x0F,0xFF,0xE0,0x00,0x00,0x00,0x00,0x3F,0xFF,0x80,0x00,0x00,0x00,0x00,0xFF,0xFE,0x00,0x00,
  0x00,0x00,0x03,0xFF,0xF8,0x00,0x00,0x00,0x00,0x07,0xFF,0xF0,0x00,0x00,0x00,0x00,0x1F,0xFF,0xC0,0x00,0x00,0x00,0x00,0x7F,
  0xFF,0x00,0x00,0x00,0x00,0x01,0xFF,0xFF,0xFF,0xFF,0xFF,0xFF,0xFF,0xFF,0xFF,0xFF,0xFF,0xFF,0xFF,0xFF,0xFF,0xFF,0xFF,0xFF,
  0xFF,0xFF,0xFF,0xFF,0xFF,0xFF,0xFF,0xFF,0xFF,0xFF,0xFF,0xFF,0xFF,0xFF,0xFF,0xFF,0xFF,0xFF,0xFF,0xFF,0xFF,0xFF,0xFF,0xFF,
  0xFF,0xFF,0xFF,0xFF,0xFF,0xFF,0xFF,0xFF,0xFF,0xFF,0xFF,0xFF,0xFF,0xFF,0xFF,0xFF,0xFF,0xFF,0xFF,0xFF,0xFF,0xFF,0xFF,0xFF,
  0xFF,0xFF,0xFF,0xFF,0xFF,0xFF,0xFF,0xFF,0xFF,0xF0,0xFF,0xFF,0xFF,0xFF,0xFF,0xFF,0xFF,0xFF,0xFF,0xFF,0xFF,0xFF,0xFF,0xFF,
  0xFF,0xFF,0xFF,0xFF,0xFF,0xFF,0xFF,0xFF,0xFF,0xFF,0xFF,0xFF,0xFF,0xFF,0xFF,0xFF,0xFF,0xFF,0x80,0x03,0xFF,0xE0,0x00,0x7F,
  0xFC,0x00,0x0F,0xFF,0x80,0x01,0xFF,0xF0,0x00,0x3F,0xFE,0x00,0x07,0xFF,0xC0,0x00,0xFF,0xF8,0x00,0x1F,0xFF,0x00,0x03,0xFF,
  0xE0,0x00,0x7F,0xFC,0x00,0x0F,0xFF,0x80,0x01,0xFF,0xF0,0x00,0x3F,0xFE,0x00,0x07,0xFF,0xC0,0x00,0xFF,0xF8,0x00,0x1F,0xFF,
  0x00,0x03,0xFF,0xE0,0x00,0x7F,0xFC,0x00,0x0F,0xFF,0x80,0x01,0xFF,0xF0,0x00,0x3F,0xFE,0x00,0x07,0xFF,0xC0,0x00,0xFF,0xF8,
  0x00,0x1F,0xFF,0x00,0x03,0xFF,0xE0,0x00,0x7F,0xFC,0x00,0x0F,0xFF,0x80,0x01,0xFF,0xF0,0x00,0x3F,0xFE,0x00,0x07,0xFF,0xC0,
  0x00,0xFF,0xF8,0x00,0x1F,0xFF,0x00,0x03,0xFF,0xE0,0x00,0x7F,0xFC,0x00,0x0F,0xFF,0x80,0x01,0xFF,0xF0,0x00,0x3F,0xFE,0x00,
  0x07,0xFF,0xC0,0x00,0xFF,0xF8,0x00,0x1F,0xFF,0x00,0x03,0xFF,0xE0,0x00,0x7F,0xFC,0x00,0x0F,0xFF,0x80,0x01,0xFF,0xF0,0x00,
  0x3F,0xFE,0x00,0x07,0xFF,0xC0,0x00,0xFF,0xF8,0x00,0x1F,0xFF,0x00,0x03,0xFF,0xE0,0x00,0x7F,0xFC,0x00,0x0F,0xFF,0x80,0x01,
  0xFF,0xF0,0x00,0x3F,0xFE,0x00,0x07,0xFF,0xC0,0x00,0xFF,0xF8,0x00,0x1F,0xFF,0x00,0x03,0xFF,0xE0,0x00,0x7F,0xFC,0x00,0x0F,
  0xFF,0x80,0x01,0xFF,0xF0,0x00,0x3F,0xFE,0x00,0x07,0xFF,0xC0,0x00,0xFF,0xF8,0x00,0x1F,0xFF,0x00,0x03,0xFF,0xE0,0x00,0x7F,
  0xFC,0x00,0x0F,0xFF,0x80,0x01,0xFF,0xF0,0x00,0x3F,0xFE,0x00,0x07,0xFF,0xC0,0x00,0xFF,0xF8,0x00,0x1F,0xFF,0x00,0x03,0xFF,
  0xE0,0x00,0x7F,0xFE,0x00,0x0F,0xFF,0xFF,0xFF,0xFF,0xFF,0xFF,0xFF,0xFF,0xFF,0xFF,0xFF,0xFF,0xFF,0xFF,0xFF,0xFF,0xFF,0xFF,
  0xFF,0xFF,0xFF,0xFF,0xFF,0xFF,0xFF,0xFF,0xFF,0xFF,0xFF,0xFE,0xFF,0xF0,0x00,0x3F,0xFC,0x00,0x0F,0xFF,0x00,0x01,0xFF,0xC0,
  0x00,0x7F,0xF0,0x00,0x1F,0xFE,0x00,0x07,0xFF,0x80,0x01,0xFF,0xE0,0x00,0x3F,0xF8,0x00,0x0F,0xFE,0x00,0x03,0xFF,0xC0,0x00,
  0xFF,0xF0,0x00,0x3F,0xFC,0x00,0x0F,0xFF,0x00,0x01,0xFF,0xC0,0x00,0x7F,0xF8,0x00,0x1F,0xFE,0x00,0x07,0xFF,0x80,0x01,0xFF,
  0xE0,0x00,0x3F,0xF8,0x00,0x0F,0xFE,0x00,0x03,0xFF,0xC0,0x00,0xFF,0xF0,0x00,0x3F,0xFC,0x00,0x07,0xFF,0x00,0x01,0xFF,0xC0,
  0x00,0x7F,0xF8,0x00,0x1F,0xFE,0x00,0x07,0xFF,0x80,0x01,0xFF,0xE0,0x00,0x3F,0xF8,0x00,0x0F,0xFF,0x00,0x03,0xFF,0xC0,0x00,
  0xFF,0xF0,0x00,0x3F,0xFC,0x00,0x07,0xFF,0x00,0x01,0xFF,0xE0,0x00,0x7F,0xF8,0x00,0x1F,0xFE,0x00,0x07,0xFF,0x80,0x00,0xFF,
  0xE0,0x00,0x3F,0xF8,0x00,0x0F,0xFF,0x00,0x03,0xFF,0xC0,0x00,0xFF,0xF0,0x00,0x3F,0xFC,0x00,0x07,0xFF,0x00,0x01,0xFF,0xE0,
  0x00,0x7F,0xF8,0x00,0x1F,0xFE,0x00,0x07,0xFF,0x80,0x00,0xFF,0xE0,0x00,0x3F,0xFC,0x00,0x0F,0xFF,0x00,0x03,0xFF,0xC0,0x00,
  0xFF,0xF0,0x00,0x3F,0xFC,0x00,0x07,0xFF,0x80,0x01,0xFF,0xE0,0x00,0x7F,0xF8,0x00,0x1F,0xFE,0x00,0x07,0xFF,0x80,0x00,0xFF,
  0xE0,0x00,0x3F,0xFC,0x00,0x0F,0xFF,0x00,0x03,0xFF,0xC0,0x00,0xFF,0xF0,0x00,0x1F,0xFC,0x00,0x07,0xFF,0x80,0x01,0xFF,0xE0,
  0x00,0x7F,0xF8,0x00,0x1F,0xFE,0x00,0x07,0xFF,0x80,0x00,0xFF,0xF0,0xFF,0xFF,0xFF,0xFF,0xFF,0xFF,0xFF,0xFF,0xFF,0xFF,0xFF,
  0xFF,0xFF,0xFF,0xFF,0xFF,0xFF,0xFF,0xFF,0xFF,0xFF,0xFF,0xFF,0xFF,0xFF,0xFF,0xFF,0xFF,0xFF,0xC0,0x01,0xFF,0xF0,0x00,0x3F,
  0xFC,0x00,0x0F,0xFF,0x00,0x03,0xFF,0xC0,0x00,0xFF,0xF0,0x00,0x3F,0xFC,0x00,0x0F,0xFF,0x00,0x03,0xFF,0xC0,0x00,0xFF,0xF0,
  0x00,0x3F,0xFC,0x00,0x0F,0xFF,0x00,0x03,0xFF,0xC0,0x00,0xFF,0xF0,0x00,0x3F,0xFC,0x00,0x0F,0xFF,0x00,0x03,0xFF,0xC0,0x00,
  0xFF,0xF0,0x00,0x3F,0xFC,0x00,0x0F,0xFF,0x00,0x03,0xFF,0xC0,0x00,0xFF,0xF0,0x00,0x3F,0xFC,0x00,0x0F,0xFF,0x00,0x03,0xFF,
  0xC0,0x00,0xFF,0xF0,0x00,0x3F,0xFC,0x00,0x0F,0xFF,0x00,0x03,0xFF,0xC0,0x00,0xFF,0xF0,0x00,0x3F,0xFC,0x00,0x0F,0xFF,0x00,
  0x03,0xFF,0xC0,0x00,0xFF,0xF0,0x00,0x3F,0xFC,0x00,0x0F,0xFF,0x00,0x03,0xFF,0xC0,0x00,0xFF,0xF0,0x00,0x3F,0xFC,0x00,0x0F,
  0xFF,0x00,0x03,0xFF,0xC0,0x00,0xFF,0xF0,0x00,0x3F,0xFC,0x00,0x0F,0xFF,0x00,0x03,0xFF,0xC0,0x00,0xFF,0xF0,0x00,0x3F,0xFC,
  0x00,0x0F,0xFF,0x00,0x03,0xFF,0xC0,0x00,0xFF,0xF0,0x00,0x3F,0xFC,0x00,0x0F,0xFF,0x00,0x03,0xFF,0xC0,0x00,0xFF,0xF0,0x00,
  0x3F,0xFC,0x00,0x0F,0xFF,0x00,0x03,0xFF,0xC0,0x00,0xFF,0xF0,0x00,0x3F,0xFC,0x00,0x0F,0xFF,0x00,0x03,0xFF,0xC0,0x00,0xFF,
  0xF0,0x00,0x3F,0xFC,0x00,0x0F,0xFF,0x00,0x03,0xFF,0xC0,0x00,0xFF,0xF0,0x00,0x3F,0xFC,0x00,0x0F,0xFF,0x00,0x03,0xFF,0xC0,
  0x00,0xFF,0xF0,0x00,0x3F,0xFC,0x00,0x0F,0xFF,0x00,0x03,0xFF,0xC0,0x00,0xFF,0xF0,0x00,0x3F,0xFC,0x00,0x1F,0xFF,0xFF,0xFF,
  0xFF,0xFF,0xFF,0xFF,0xFF,0xFF,0xFF,0xFF,0xFF,0xFF,0xFF,0xFF,0xFF,0xFF,0xFF,0xFF,0xFF,0xFF,0xFF,0xFF,0xFF,0xFF,0xFF,0xFF,
  0xFF,0xFF,0xFF,0xC0,0x00,0x00,0x1F,0xFF,0xE0,0x00,0x00,0x00,0x01,0xFF,0xFF,0x00,0x00,0x00,0x00,0x0F,0xFF,0xFC,0x00,0x00,
  0x00,0x00,0xFF,0xFF,0xE0,0x00,0x00,0x00,0x07,0xFF,0xFF,0x80,0x00,0x00,0x00,0x3F,0xFF,0xFC,0x00,0x00,0x00,0x03,0xFF,0xFF,
  0xF0,0x00,0x00,0x00,0x1F,0xFF,0xFF,0x80,0x00,0x00,0x01,0xFF,0xDF,0xFC,0x00,0x00,0x00,0x0F,0xFE,0x7F,0xF0,0x00,0x00,0x00,
  0xFF,0xE3,0xFF,0x80,0x00,0x00,0x07,0xFF,0x0F,0xFE,0x00,0x00,0x00,0x3F,0xF0,0x7F,0xF0,0x00,0x00,0x03,0xFF,0x81,0xFF,0xC0,
  0x00,0x00,0x1F,0xFC,0x0F,0xFE,0x00,0x00,0x01,0xFF,0xC0,0x7F,0xF8,0x00,0x00,0x0F,0xFE,0x01,0xFF,0xC0,0x00,0x00,0xFF,0xE0,
  0x0F,0xFE,0x00,0x00,0x07,0xFF,0x00,0x3F,0xF8,0x00,0x00,0x7F,0xF0,0x01,0xFF,0xC0,0x00,0x03,0xFF,0x80,0x07,0xFF,0x00,0x00,
  0x1F,0xFC,0x00,0x3F,0xF8,0x00,0x01,0xFF,0xC0,0x00,0xFF,0xE0,0x00,0x0F,0xFE,0x00,0x07,0xFF,0x00,0x00,0xFF,0xE0,0x00,0x3F,
  0xFC,0x00,0x07,0xFF,0x00,0x00,0xFF,0xE0,0x00,0x7F,0xF0,0x00,0x07,0xFF,0x00,0x03,0xFF,0x80,0x00,0x1F,0xFC,0x00,0x3F,0xFC,
  0x00,0x00,0xFF,0xE0,0x01,0xFF,0xC0,0x00,0x03,0xFF,0x80,0x0F,0xFE,0x00,0x00,0x1F,0xFC,0x00,0xFF,0xE0,0x00,0x00,0xFF,0xF0,
  0x07,0xFF,0x00,0x00,0x03,0xFF,0x80,0x7F,0xF0,0x00,0x00,0x1F,0xFE,0x03,0xFF,0x80,0x00,0x00,0x7F,0xF0,0x3F,0xF8,0x00,0x00,
  0x03,0xFF,0x81,0xFF,0xC0,0x00,0x00,0x0F,0xFE,0x0F,0xFE,0x00,0x00,0x00,0x7F,0xF0,0xFF,0xE0,0x00,0x00,0x01,0xFF,0xC7,0xFF,
  0x00,0x00,0x00,0x0F,0xFE,0x7F,0xF0,0x00,0x00,0x00,0x7F,0xFB,0xFF,0x80,0x00,0x00,0x01,0xFF,0xFF,0xF8,0x00,0x00,0x00,0x0F,
  0xFE,0xFF,0xFF,0xFF,0xFF,0xFF,0xFF,0xFF,0xFF,0xFF,0xFF,0xFF,0xFF,0xFF,0xFF,0xFF,0xFF,0xFF,0xFF,0xFF,0xFF,0xFF,0xFF,0xFF,
  0xFF,0xFF,0xFF,0xFF,0xFF,0xF0,0xFF,0xF8,0x00,0x7F,0xFE,0x00,0x1F,0xFF,0x80,0x07,0xFF,0xE0,0x01,0xFF,0xF8,0x00,0x3F,0xFE,
  0x00,0x0F,0xFF,0x80,0x03,0xFF,0xC0,0x00,0xFF,0xF0,0x00,0x1F,0xFC,0x00,0x07,0xFF,0x00,0x01,0xFF,0xC0,0x00,0x7F,0xF0,0x00,
  0x0F,0xFC,0x00,0x03,0xFE,0x00,0x00,0x3F,0xFE,0x00,0x00,0x00,0x00,0x1F,0xFF,0xFE,0x00,0x00,0x00,0x03,0xFF,0xFF,0xFE,0x00,
  0x00,0x00,0x7F,0xFF,0xFF,0xF8,0x00,0x00,0x0F,0xFF,0xFF,0xFF,0xF0,0x00,0x00,0xFF,0xFF,0xFF,0xFF,0xC0,0x00,0x0F,0xFF,0xFF,
  0xFF,0xFF,0x00,0x00,0xFF,0xFF,0xFF,0xFF,0xF8,0x00,0x07,0xFF,0xFF,0xFF,0xFF,0xE0,0x00,0x7F,0xFF,0x80,0x7F,0xFF,0x80,0x03,
  0xFF,0xF8,0x01,0xFF,0xFC,0x00,0x3F,0xFF,0x80,0x07,0xFF,0xE0,0x01,0xFF,0xF8,0x00,0x1F,0xFF,0x80,0x0F,0xFF,0xC0,0x00,0xFF,
  0xFC,0x00,0xFF,0xFE,0x00,0x07,0xFF,0xE0,0x03,0xFF,0xF0,0x00,0x3F,0xFF,0x00,0x00,0x00,0x00,0x00,0xFF,0xF8,0x00,0x00,0x00,
  0x00,0x07,0xFF,0xC0,0x00,0x00,0x00,0x00,0x3F,0xFE,0x00,0x00,0x00,0x00,0x01,0xFF,0xF0,0x00,0x00,0x00,0x00,0x0F,0xFF,0x80,
  0x00,0x00,0x00,0x00,0x7F,0xFC,0x00,0x00,0x0F,0xFF,0xFF,0xFF,0xE0,0x00,0x07,0xFF,0xFF,0xFF,0xFF,0x00,0x00,0xFF,0xFF,0xFF,
  0xFF,0xF8,0x00,0x1F,0xFF,0xFF,0xFF,0xFF,0xC0,0x01,0xFF,0xFF,0xFF,0xFF,0xFE,0x00,0x1F,0xFF,0xFF,0xFF,0xFF,0xF0,0x01,0xFF,
  0xFF,0xFF,0xFF,0xFF,0x80,0x1F,0xFF,0xFF,0x80,0xFF,0xFC,0x00,0xFF,0xFF,0x00,0x03,0xFF,0xE0,0x0F,0xFF,0xE0,0x00,0x1F,0xFF,
  0x00,0x7F,0xFF,0x00,0x00,0xFF,0xF8,0x07,0xFF,0xF0,0x00,0x07,0xFF,0xC0,0x3F,0xFF,0x80,0x00,0x7F,0xFE,0x01,0xFF,0xF8,0x00,
  0x03,0xFF,0xF0,0x0F,0xFF,0xC0,0x00,0x1F,0xFF,0x80,0x7F,0xFE,0x00,0x00,0xFF,0xFC,0x03,0xFF,0xF0,0x00,0x0F,0xFF,0xE0,0x1F,
  0xFF,0x80,0x00,0xFF,0xFF,0x80,0xFF,0xFE,0x00,0x07,0xFF,0xFC,0x07,0xFF,0xF0,0x00,0x7F,0xFF,0xE0,0x3F,0xFF,0xC0,0x07,0xFF,
  0xFF,0x01,0xFF,0xFF,0x00,0xFF,0xFF,0xF8,0x07,0xFF,0xFF,0xFF,0xFB,0xFF,0xE0,0x3F,0xFF,0xFF,0xFF,0x9F,0xFF,0xFC,0xFF,0xFF,
  0xFF,0xF8,0xFF,0xFF,0xE7,0xFF,0xFF,0xFF,0xC7,0xFF,0xFF,0x1F,0xFF,0xFF,0xFC,0x1F,0xFF,0xF8,0x7F,0xFF,0xFF,0xC0,0xFF,0xFF,
  0xC1,0xFF,0xFF,0xF8,0x03,0xFF,0xFE,0x07,0xFF,0xFF,0x80,0x0F,0xFF,0xF0,0x0F,0xFF,0xF0,0x00,0x3F,0xFF,0x00,0x0F,0xFC,0x00,
  0x00,0x1F,0x00,0x7F,0xFE,0x00,0x00,0x00,0x00,0x1F,0xFF,0x80,0x00,0x00,0x00,0x07,0xFF,0xE0,0x00,0x00,0x00,0x01,0xFF,0xF8,
  0x00,0x00,0x00,0x00,0x7F,0xFE,0x00,0x00,0x00,0x00,0x1F,0xFF,0x80,0x00,0x00,0x00,0x07,0xFF,0xE0,0x00,0x00,0x00,0x01,0xFF,
  0xF8,0x00,0x00,0x00,0x00,0x7F,0xFE,0x00,0x00,0x00,0x00,0x1F,0xFF,0x80,0x00,0x00,0x00,0x07,0xFF,0xE0,0x00,0x00,0x00,0x01,
  0xFF,0xF8,0x00,0x00,0x00,0x00,0x7F,0xFE,0x00,0x00,0x00,0x00,0x1F,0xFF,0x80,0x00,0x00,0x00,0x07,0xFF,0xE0,0x00,0x00,0x00,
  0x01,0xFF,0xF8,0x00,0x00,0x00,0x00,0x7F,0xFE,0x00,0x00,0x00,0x00,0x1F,0xFF,0x80,0x00,0x00,0x00,0x07,0xFF,0xE0,0x00,0x00,
  0x00,0x01,0xFF,0xF8,0x00,0xFF,0xC0,0x00,0x7F,0xFE,0x01,0xFF,0xFE,0x00,0x1F,0xFF,0x81,0xFF,0xFF,0xE0,0x07,0xFF,0xE0,0xFF,
  0xFF,0xFC,0x01,0xFF,0xF0,0xFF,0xFF,0xFF,0x80,0x7F,0xFC,0x7F,0xFF,0xFF,0xF0,0x1F,0xFF,0x1F,0xFF,0xFF,0xFE,0x07,0xFF,0xCF,
  0xFF,0xFF,0xFF,0xC1,0xFF,0xF7,0xFF,0xFF,0xFF,0xF0,0x7F,0xFF,0xFF,0xFF,0xFF,0xFE,0x1F,0xFF,0xFE,0x00,0xFF,0xFF,0xC7,0xFF,
  0xFE,0x00,0x0F,0xFF,0xF1,0xFF,0xFF,0x00,0x01,0xFF,0xFC,0x7F,0xFF,0xC0,0x00,0x7F,0xFF,0x9F,0xFF,0xE0,0x00,0x0F,0xFF,0xE7,
  0xFF,0xF0,0x00,0x03,0xFF,0xF9,0xFF,0xFC,0x00,0x00,0x7F,0xFE,0x7F,0xFF,0x00,0x00,0x1F,0xFF,0xDF,0xFF,0x80,0x00,0x07,0xFF,
  0xF7,0xFF,0xE0,0x00,0x00,0xFF,0xFD,0xFF,0xF8,0x00,0x00,0x3F,0xFF,0x7F,0xFE,0x00,0x00,0x0F,0xFF,0xDF,0xFF,0x80,0x00,0x03,
  0xFF,0xF7,0xFF,0xE0,0x00,0x00,0xFF,0xFD,0xFF,0xF0,0x00,0x00,0x3F,0xFF,0x7F,0xFC,0x00,0x00,0x0F,0xFF,0xDF,0xFF,0x00,0x00,
  0x03,0xFF,0xF7,0xFF,0xC0,0x00,0x00,0xFF,0xFD,0xFF,0xF0,0x00,0x00,0x3F,0xFF,0x7F,0xFC,0x00,0x00,0x0F,0xFF,0xDF,0xFF,0x80,
  0x00,0x03,0xFF,0xF7,0xFF,0xE0,0x00,0x00,0xFF,0xFD,0xFF,0xF8,0x00,0x00,0x3F,0xFF,0x7F,0xFE,0x00,0x00,0x0F,0xFF,0xDF,0xFF,
  0x80,0x00,0x03,0xFF,0xF7,0xFF,0xE0,0x00,0x01,0xFF,0xFD,0xFF,0xFC,0x00,0x00,0x7F,0xFF,0x7F,0xFF,0x00,0x00,0x1F,0xFF,0x9F,
  0xFF,0xC0,0x00,0x0F,0xFF,0xE7,0xFF,0xF8,0x00,0x03,0xFF,0xF9,0xFF,0xFE,0x00,0x01,0xFF,0xFC,0x7F,0xFF,0xC0,0x00,0x7F,0xFF,
  0x1F,0xFF,0xF8,0x00,0x3F,0xFF,0xC7,0xFF,0xFF,0x80,0x3F,0xFF,0xE1,0xFF,0xFF,0xFC,0x7F,0xFF,0xF8,0x7F,0xFF,0xFF,0xFF,0xFF,
  0xFC,0x1F,0xFF,0x7F,0xFF,0xFF,0xFF,0x07,0xFF,0xCF,0xFF,0xFF,0xFF,0x81,0xFF,0xF1,0xFF,0xFF,0xFF,0xC0,0x7F,0xFC,0x3F,0xFF,
  0xFF,0xE0,0x1F,0xFF,0x07,0xFF,0xFF,0xF0,0x07,0xFF,0xC0,0x7F,0xFF,0xF0,0x03,0xFF,0xF0,0x0F,0xFF,0xF0,0x00,0x00,0x00,0x00,
  0x7F,0xE0,0x00,0x00,0x00,0x00,0x1F,0xFE,0x00,0x00,0x00,0x01,0xFF,0xFF,0xE0,0x00,0x00,0x07,0xFF,0xFF,0xF8,0x00,0x00,0x1F,
  0xFF,0xFF,0xFE,0x00,0x00,0x7F,0xFF,0xFF,0xFF,0x00,0x00,0xFF,0xFF,0xFF,0xFF,0x80,0x01,0xFF,0xFF,0xFF,0xFF,0xC0,0x03,0xFF,
  0xFF,0xFF,0xFF,0xE0,0x07,0xFF,0xFF,0xFF,0xFF,0xF0,0x07,0xFF,0xFE,0x3F,0xFF,0xF8,0x0F,0xFF,0xF0,0x07,0xFF,0xF8,0x1F,0xFF,
  0xE0,0x01,0xFF,0xFC,0x1F,0xFF,0xC0,0x00,0xFF,0xFC,0x3F,0xFF,0x80,0x00,0xFF,0xFE,0x3F,0xFF,0x00,0x00,0x7F,0xFE,0x3F,0xFF,
  0x00,0x00,0x7F,0xFE,0x7F,0xFF,0x00,0x00,0x3F,0xFF,0x7F,0xFE,0x00,0x00,0x3F,0xFC,0x7F,0xFE,0x00,0x00,0x00,0x00,0x7F,0xFE,
  0x00,0x00,0x00,0x00,0xFF,0xFE,0x00,0x00,0x00,0x00,0xFF,0xFC,0x00,0x00,0x00,0x00,0xFF,0xFC,0x00,0x00,0x00,0x00,0xFF,0xFC,
  0x00,0x00,0x00,0x00,0xFF,0xFC,0x00,0x00,0x00,0x00,0xFF,0xFC,0x00,0x00,0x00,0x00,0xFF,0xFC,0x00,0x00,0x00,0x00,0xFF,0xFC,
  0x00,0x00,0x00,0x00,0xFF,0xFC,0x00,0x00,0x00,0x00,0xFF,0xFC,0x00,0x00,0x00,0x00,0xFF,0xFC,0x00,0x00,0x00,0x00,0xFF,0xFC,
  0x00,0x00,0x00,0x00,0xFF,0xFE,0x00,0x00,0x00,0x00,0xFF,0xFE,0x00,0x00,0x00,0x00,0xFF,0xFE,0x00,0x00,0x00,0x00,0x7F,0xFE,
  0x00,0x00,0x3F,0xFE,0x7F,0xFE,0x00,0x00,0x3F,0xFF,0x7F,0xFF,0x00,0x00,0x3F,0xFF,0x7F,0xFF,0x00,0x00,0x3F,0xFF,0x3F,0xFF,
  0x00,0x00,0x7F,0xFE,0x3F,0xFF,0x80,0x00,0x7F,0xFE,0x1F,0xFF,0xC0,0x00,0xFF,0xFE,0x1F,0xFF,0xE0,0x01,0xFF,0xFC,0x0F,0xFF,
  0xF0,0x07,0xFF,0xF8,0x0F,0xFF,0xFE,0x1F,0xFF,0xF8,0x07,0xFF,0xFF,0xFF,0xFF,0xF0,0x03,0xFF,0xFF,0xFF,0xFF,0xE0,0x01,0xFF,
  0xFF,0xFF,0xFF,0xC0,0x00,0xFF,0xFF,0xFF,0xFF,0x80,0x00,0x7F,0xFF,0xFF,0xFF,0x00,0x00,0x1F,0xFF,0xFF,0xFE,0x00,0x00,0x0F,
  0xFF,0xFF,0xF8,0x00,0x00,0x01,0xFF,0xFF,0xC0,0x00,0x00,0x00,0x3F,0xFE,0x00,0x00,0x00,0x00,0x00,0x00,0x0F,0xFF,0xC0,0x00,
  0x00,0x00,0x03,0xFF,0xF0,0x00,0x00,0x00,0x00,0xFF,0xFC,0x00,0x00,0x00,0x00,0x3F,0xFF,0x00,0x00,0x00,0x00,0x0F,0xFF,0xC0,
  0x00,0x00,0x00,0x03,0xFF,0xF0,0x00,0x00,0x00,0x00,0xFF,0xFC,0x00,0x00,0x00,0x00,0x3F,0xFF,0x00,0x00,0x00,0x00,0x0F,0xFF,
  0xC0,0x00,0x00,0x00,0x03,0xFF,0xF0,0x00,0x00,0x00,0x00,0xFF,0xFC,0x00,0x00,0x00,0x00,0x3F,0xFF,0x00,0x00,0x00,0x00,0x0F,
  0xFF,0xC0,0x00,0x00,0x00,0x03,0xFF,0xF0,0x00,0x00,0x00,0x00,0xFF,0xFC,0x00,0x00,0x00,0x00,0x3F,0xFF,0x00,0x00,0x00,0x00,
  0x0F,0xFF,0xC0,0x00,0x00,0x00,0x03,0xFF,0xF0,0x00,0x00,0x00,0x00,0xFF,0xFC,0x00,0x07,0xFE,0x00,0x3F,0xFF,0x00,0x0F,0xFF,
  0xF0,0x0F,0xFF,0xC0,0x0F,0xFF,0xFF,0x03,0xFF,0xF0,0x07,0xFF,0xFF,0xF0,0xFF,0xFC,0x03,0xFF,0xFF,0xFE,0x3F,0xFF,0x01,0xFF,
  0xFF,0xFF,0xCF,0xFF,0xC0,0xFF,0xFF,0xFF,0xF3,0xFF,0xF0,0x7F,0xFF,0xFF,0xFE,0xFF,0xFC,0x3F,0xFF,0xFF,0xFF,0xFF,0xFF,0x0F,
  0xFF,0xFE,0x1F,0xFF,0xFF,0xC7,0xFF,0xFC,0x00,0xFF,0xFF,0xF1,0xFF,0xFE,0x00,0x1F,0xFF,0xFC,0xFF,0xFF,0x00,0x03,0xFF,0xFF,
  0x3F,0xFF,0x80,0x00,0x7F,0xFF,0xCF,0xFF,0xC0,0x00,0x0F,0xFF,0xF7,0xFF,0xF0,0x00,0x03,0xFF,0xFD,0xFF,0xFC,0x00,0x00,0x7F,
  0xFF,0x7F,0xFE,0x00,0x00,0x1F,0xFF,0xDF,0xFF,0x80,0x00,0x07,0xFF,0xF7,0xFF,0xE0,0x00,0x01,0xFF,0xFF,0xFF,0xF8,0x00,0x00,
  0x3F,0xFF,0xFF,0xFE,0x00,0x00,0x0F,0xFF,0xFF,0xFF,0x00,0x00,0x03,0xFF,0xFF,0xFF,0xC0,0x00,0x00,0xFF,0xFF,0xFF,0xF0,0x00,
  0x00,0x3F,0xFF,0xFF,0xFC,0x00,0x00,0x0F,0xFF,0xFF,0xFF,0x00,0x00,0x03,0xFF,0xFF,0xFF,0xC0,0x00,0x00,0xFF,0xFF,0xFF,0xF0,
  0x00,0x00,0x3F,0xFF,0xFF,0xFC,0x00,0x00,0x0F,0xFF,0xFF,0xFF,0x00,0x00,0x03,0xFF,0xFF,0xFF,0xC0,0x00,0x00,0xFF,0xFF,0xFF,
  0xF8,0x00,0x00,0x3F,0xFF,0xFF,0xFE,0x00,0x00,0x1F,0xFF,0xFF,0xFF,0x80,0x00,0x07,0xFF,0xF7,0xFF,0xE0,0x00,0x01,0xFF,0xFD,
  0xFF,0xF8,0x00,0x00,0x7F,0xFF,0x7F,0xFF,0x00,0x00,0x3F,0xFF,0xDF,0xFF,0xC0,0x00,0x0F,0xFF,0xF3,0xFF,0xF8,0x00,0x07,0xFF,
  0xFC,0xFF,0xFE,0x00,0x01,0xFF,0xFF,0x3F,0xFF,0xC0,0x00,0xFF,0xFF,0xC7,0xFF,0xF8,0x00,0x7F,0xFF,0xF1,0xFF,0xFF,0x00,0x3F,
  0xFF,0xFC,0x3F,0xFF,0xF8,0x7F,0xFF,0xFF,0x0F,0xFF,0xFF,0xFF,0xEF,0xFF,0xC1,0xFF,0xFF,0xFF,0xFB,0xFF,0xF0,0x7F,0xFF,0xFF,
  0xFC,0xFF,0xFC,0x0F,0xFF,0xFF,0xFE,0x3F,0xFF,0x01,0xFF,0xFF,0xFF,0x0F,0xFF,0xC0,0x3F,0xFF,0xFF,0x83,0xFF,0xF0,0x03,0xFF,
  0xFF,0xC0,0xFF,0xFC,0x00,0x3F,0xFF,0xC0,0x1F,0xFF,0x00,0x03,0xFF,0x80,0x00,0x00,0x00,0x00,0x00,0x3F,0xFC,0x00,0x00,0x00,
  0x01,0xFF,0xFF,0xC0,0x00,0x00,0x0F,0xFF,0xFF,0xF0,0x00,0x00,0x3F,0xFF,0xFF,0xFC,0x00,0x00,0x7F,0xFF,0xFF,0xFE,0x00,0x00,
  0xFF,0xFF,0xFF,0xFF,0x00,0x01,0xFF,0xFF,0xFF,0xFF,0x80,0x03,0xFF,0xFF,0xFF,0xFF,0xC0,0x07,0xFF,0xFF,0xFF,0xFF,0xE0,0x0F,
  0xFF,0xF0,0x0F,0xFF,0xE0,0x0F,0xFF,0xC0,0x03,0xFF,0xF0,0x1F,0xFF,0x80,0x01,0xFF,0xF0,0x1F,0xFF,0x80,0x00,0xFF,0xF8,0x3F,
  0xFF,0x00,0x00,0x7F,0xF8,0x3F,0xFF,0x00,0x00,0x7F,0xFC,0x7F,0xFE,0x00,0x00,0x7F,0xFC,0x7F,0xFE,0x00,0x00,0x3F,0xFC,0x7F,
  0xFE,0x00,0x00,0x3F,0xFC,0x7F,0xFC,0x00,0x00,0x3F,0xFE,0xFF,0xFC,0x00,0x00,0x3F,0xFE,0xFF,0xFC,0x00,0x00,0x3F,0xFE,0xFF,
  0xFF,0xFF,0xFF,0xFF,0xFE,0xFF,0xFF,0xFF,0xFF,0xFF,0xFE,0xFF,0xFF,0xFF,0xFF,0xFF,0xFE,0xFF,0xFF,0xFF,0xFF,0xFF,0xFF,0xFF,
  0xFF,0xFF,0xFF,0xFF,0xFF,0xFF,0xFF,0xFF,0xFF,0xFF,0xFF,0xFF,0xFF,0xFF,0xFF,0xFF,0xFF,0xFF,0xFF,0xFF,0xFF,0xFF,0xFF,0xFF,
  0xFF,0xFF,0xFF,0xFF,0xFE,0xFF,0xFC,0x00,0x00,0x00,0x00,0xFF,0xFC,0x00,0x00,0x00,0x00,0xFF,0xFC,0x00,0x00,0x00,0x00,0xFF,
  0xFC,0x00,0x00,0x00,0x00,0xFF,0xFE,0x00,0x00,0x00,0x00,0x7F,0xFE,0x00,0x00,0x00,0x00,0x7F,0xFE,0x00,0x00,0x00,0x00,0x7F,
  0xFE,0x00,0x00,0x00,0x00,0x7F,0xFF,0x00,0x00,0x00,0x00,0x3F,0xFF,0x00,0x00,0x3F,0x80,0x3F,0xFF,0x80,0x00,0x7F,0xFE,0x1F,
  0xFF,0x80,0x00,0x7F,0xFC,0x1F,0xFF,0xC0,0x00,0xFF,0xFC,0x0F,0xFF,0xF0,0x01,0xFF,0xF8,0x0F,0xFF,0xFC,0x0F,0xFF,0xF8,0x07,
  0xFF,0xFF,0xFF,0xFF,0xF0,0x03,0xFF,0xFF,0xFF,0xFF,0xE0,0x01,0xFF,0xFF,0xFF,0xFF,0xC0,0x00,0xFF,0xFF,0xFF,0xFF,0x80,0x00,
  0x7F,0xFF,0xFF,0xFF,0x00,0x00,0x3F,0xFF,0xFF,0xFE,0x00,0x00,0x0F,0xFF,0xFF,0xF8,0x00,0x00,0x03,0xFF,0xFF,0xC0,0x00,0x00,
  0x00,0x3F,0xFC,0x00,0x00,0x00,0x00,0x7F,0xFC,0x00,0x07,0xFF,0xFC,0x00,0x3F,0xFF,0xF8,0x00,0xFF,0xFF,0xF0,0x03,0xFF,0xFF,
  0xE0,0x0F,0xFF,0xFF,0xC0,0x1F,0xFF,0xFF,0x80,0x7F,0xFF,0xFF,0x00,0xFF,0xFF,0xFE,0x01,0xFF,0xFE,0x00,0x03,0xFF,0xF0,0x00,
  0x0F,0xFF,0xE0,0x00,0x1F,0xFF,0x80,0x00,0x3F,0xFF,0x00,0x00,0x7F,0xFE,0x00,0x00,0xFF,0xFC,0x00,0x01,0xFF,0xF8,0x00,0x03,
  0xFF,0xF0,0x00,0x07,0xFF,0xE0,0x00,0x0F,0xFF,0xC0,0x0F,0xFF,0xFF,0xFF,0xFF,0xFF,0xFF,0xFF,0xFF,0xFF,0xFF,0xFF,0xFF,0xFF,
  0xFF,0xFF,0xFF,0xFF,0xFF,0xFF,0xFF,0xFF,0xFF,0xFF,0xFF,0xFF,0xFF,0xFF,0xFF,0xFF,0xFF,0xFF,0xFF,0xFF,0xFF,0xE0,0x3F,0xFF,
  0x00,0x00,0x7F,0xFE,0x00,0x00,0xFF,0xFC,0x00,0x01,0xFF,0xF8,0x00,0x03,0xFF,0xF0,0x00,0x07,0xFF,0xE0,0x00,0x0F,0xFF,0xC0,
  0x00,0x1F,0xFF,0x80,0x00,0x3F,0xFF,0x00,0x00,0x7F,0xFE,0x00,0x00,0xFF,0xFC,0x00,0x01,0xFF,0xF8,0x00,0x03,0xFF,0xF0,0x00,
  0x07,0xFF,0xE0,0x00,0x0F,0xFF,0xC0,0x00,0x1F,0xFF,0x80,0x00,0x3F,0xFF,0x00,0x00,0x7F,0xFE,0x00,0x00,0xFF,0xFC,0x00,0x01,
  0xFF,0xF8,0x00,0x03,0xFF,0xF0,0x00,0x07,0xFF,0xE0,0x00,0x0F,0xFF,0xC0,0x00,0x1F,0xFF,0x80,0x00,0x3F,0xFF,0x00,0x00,0x7F,
  0xFE,0x00,0x00,0xFF,0xFC,0x00,0x01,0xFF,0xF8,0x00,0x03,0xFF,0xF0,0x00,0x07,0xFF,0xE0,0x00,0x0F,0xFF,0xC0,0x00,0x1F,0xFF,
  0x80,0x00,0x3F,0xFF,0x00,0x00,0x7F,0xFE,0x00,0x00,0xFF,0xFC,0x00,0x01,0xFF,0xF8,0x00,0x03,0xFF,0xF0,0x00,0x07,0xFF,0xE0,
  0x00,0x0F,0xFF,0xC0,0x00,0x1F,0xFF,0x80,0x00,0x3F,0xFF,0x00,0x00,0x7F,0xFE,0x00,0x00,0xFF,0xFC,0x00,0x00,0x01,0xFF,0x80,
  0x00,0x00,0x00,0x03,0xFF,0xFC,0x01,0xFF,0xF0,0x03,0xFF,0xFF,0xC0,0x7F,0xFC,0x01,0xFF,0xFF,0xFC,0x1F,0xFF,0x01,0xFF,0xFF,
  0xFF,0x8F,0xFF,0xC0,0xFF,0xFF,0xFF,0xF3,0xFF,0xF0,0x3F,0xFF,0xFF,0xFC,0xFF,0xFC,0x1F,0xFF,0xFF,0xFF,0xBF,0xFF,0x0F,0xFF,
  0xFF,0xFF,0xFF,0xFF,0xC3,0xFF,0xFF,0xC7,0xFF,0xFF,0xF1,0xFF,0xFF,0x00,0x3F,0xFF,0xFC,0x7F,0xFF,0x80,0x07,0xFF,0xFF,0x3F,
  0xFF,0xC0,0x00,0xFF,0xFF,0xCF,0xFF,0xE0,0x00,0x1F,0xFF,0xF3,0xFF,0xF8,0x00,0x03,0xFF,0xFD,0xFF,0xFC,0x00,0x00,0xFF,0xFF,
  0x7F,0xFF,0x00,0x00,0x1F,0xFF,0xDF,0xFF,0x80,0x00,0x07,0xFF,0xF7,0xFF,0xE0,0x00,0x01,0xFF,0xFF,0xFF,0xF8,0x00,0x00,0x7F,
  0xFF,0xFF,0xFE,0x00,0x00,0x0F,0xFF,0xFF,0xFF,0x80,0x00,0x03,0xFF,0xFF,0xFF,0xC0,0x00,0x00,0xFF,0xFF,0xFF,0xF0,0x00,0x00,
  0x3F,0xFF,0xFF,0xFC,0x00,0x00,0x0F,0xFF,0xFF,0xFF,0x00,0x00,0x03,0xFF,0xFF,0xFF,0xC0,0x00,0x00,0xFF,0xFF,0xFF,0xF0,0x00,
  0x00,0x3F,0xFF,0xFF,0xFC,0x00,0x00,0x0F,0xFF,0xFF,0xFF,0x00,0x00,0x03,0xFF,0xFF,0xFF,0xC0,0x00,0x00,0xFF,0xFF,0xFF,0xF8,
  0x00,0x00,0x3F,0xFF,0xFF,0xFE,0x00,0x00,0x0F,0xFF,0xFF,0xFF,0x80,0x00,0x07,0xFF,0xF7,0xFF,0xE0,0x00,0x01,0xFF,0xFD,0xFF,
  0xF8,0x00,0x00,0x7F,0xFF,0x7F,0xFF,0x00,0x00,0x1F,0xFF,0xDF,0xFF,0xC0,0x00,0x0F,0xFF,0xF7,0xFF,0xF8,0x00,0x03,0xFF,0xFC,
  0xFF,0xFE,0x00,0x01,0xFF,0xFF,0x3F,0xFF,0xC0,0x00,0xFF,0xFF,0xCF,0xFF,0xF8,0x00,0x7F,0xFF,0xF1,0xFF,0xFF,0x00,0x3F,0xFF,
  0xFC,0x7F,0xFF,0xFF,0xFF,0xFF,0xFF,0x0F,0xFF,0xFF,0xFF,0xFF,0xFF,0xC1,0xFF,0xFF,0xFF,0xFB,0xFF,0xF0,0x7F,0xFF,0xFF,0xFC,
  0xFF,0xFC,0x0F,0xFF,0xFF,0xFE,0x3F,0xFF,0x01,0xFF,0xFF,0xFF,0x0F,0xFF,0xC0,0x3F,0xFF,0xFF,0x83,0xFF,0xF0,0x03,0xFF,0xFF,
  0xC0,0xFF,0xFC,0x00,0x7F,0xFF,0xC0,0x3F,0xFF,0x00,0x03,0xFF,0x80,0x0F,0xFF,0xC0,0x00,0x00,0x00,0x03,0xFF,0xF0,0x00,0x00,
  0x00,0x00,0xFF,0xF8,0x00,0x00,0x00,0x00,0x3F,0xFE,0x00,0x00,0x00,0x00,0x1F,0xFF,0x80,0x00,0x00,0x00,0x07,0xFF,0xE0,0x00,
  0x30,0x00,0x01,0xFF,0xF8,0x1F,0xFC,0x00,0x00,0x7F,0xFE,0x3F,0xFF,0x80,0x00,0x3F,0xFF,0x07,0xFF,0xE0,0x00,0x1F,0xFF,0xC1,
  0xFF,0xFC,0x00,0x07,0xFF,0xF0,0x7F,0xFF,0x80,0x07,0xFF,0xF8,0x0F,0xFF,0xFC,0x07,0xFF,0xFC,0x03,0xFF,0xFF,0xFF,0xFF,0xFF,
  0x00,0x7F,0xFF,0xFF,0xFF,0xFF,0x80,0x0F,0xFF,0xFF,0xFF,0xFF,0xC0,0x01,0xFF,0xFF,0xFF,0xFF,0xE0,0x00,0x3F,0xFF,0xFF,0xFF,
  0xF0,0x00,0x03,0xFF,0xFF,0xFF,0xF0,0x00,0x00,0x3F,0xFF,0xFF,0xF0,0x00,0x00,0x03,0xFF,0xFF,0xF0,0x00,0x00,0x00,0x0F,0xFF,
  0xC0,0x00,0x00,0xFF,0xFC,0x00,0x00,0x00,0x01,0xFF,0xF8,0x00,0x00,0x00,0x03,0xFF,0xF0,0x00,0x00,0x00,0x07,0xFF,0xE0,0x00,
  0x00,0x00,0x0F,0xFF,0xC0,0x00,0x00,0x00,0x1F,0xFF,0x80,0x00,0x00,0x00,0x3F,0xFF,0x00,0x00,0x00,0x00,0x7F,0xFE,0x00,0x00,
  0x00,0x00,0xFF,0xFC,0x00,0x00,0x00,0x01,0xFF,0xF8,0x00,0x00,0x00,0x03,0xFF,0xF0,0x00,0x00,0x00,0x07,0xFF,0xE0,0x00,0x00,
  0x00,0x0F,0xFF,0xC0,0x00,0x00,0x00,0x1F,0xFF,0x80,0x00,0x00,0x00,0x3F,0xFF,0x00,0x00,0x00,0x00,0x7F,0xFE,0x00,0x00,0x00,
  0x00,0xFF,0xFC,0x00,0x00,0x00,0x01,0xFF,0xF8,0x00,0x00,0x00,0x03,0xFF,0xF0,0x00,0x00,0x00,0x07,0xFF,0xE0,0x03,0xFF,0x00,
  0x0F,0xFF,0xC0,0x3F,0xFF,0xC0,0x1F,0xFF,0x81,0xFF,0xFF,0xE0,0x3F,0xFF,0x07,0xFF,0xFF,0xE0,0x7F,0xFE,0x1F,0xFF,0xFF,0xE0,
  0xFF,0xF8,0x7F,0xFF,0xFF,0xE1,0xFF,0xF1,0xFF,0xFF,0xFF,0xE3,0xFF,0xE7,0xFF,0xFF,0xFF,0xE7,0xFF,0xCF,0xFF,0xFF,0xFF,0xCF,
  0xFF,0xBF,0xFF,0xFF,0xFF,0xDF,0xFF,0x7F,0x83,0xFF,0xFF,0xBF,0xFF,0xFC,0x01,0xFF,0xFF,0x7F,0xFF,0xE0,0x01,0xFF,0xFF,0xFF,
  0xFF,0x80,0x01,0xFF,0xFF,0xFF,0xFF,0x00,0x01,0xFF,0xFF,0xFF,0xFC,0x00,0x03,0xFF,0xFF,0xFF,0xF0,0x00,0x03,0xFF,0xFF,0xFF,
  0xE0,0x00,0x07,0xFF,0xFF,0xFF,0xC0,0x00,0x0F,0xFF,0xFF,0xFF,0x00,0x00,0x1F,0xFF,0xFF,0xFE,0x00,0x00,0x1F,0xFF,0xFF,0xFC,
  0x00,0x00,0x3F,0xFF,0xFF,0xF8,0x00,0x00,0x7F,0xFF,0xFF,0xF0,0x00,0x00,0xFF,0xFF,0xFF,0xE0,0x00,0x01,0xFF,0xFF,0xFF,0xC0,
  0x00,0x03,0xFF,0xFF,0xFF,0x80,0x00,0x07,0xFF,0xFF,0xFF,0x00,0x00,0x0F,0xFF,0xFF,0xFE,0x00,0x00,0x1F,0xFF,0xFF,0xFC,0x00,
  0x00,0x3F,0xFF,0xFF,0xF8,0x00,0x00,0x7F,0xFF,0xFF,0xF0,0x00,0x00,0xFF,0xFF,0xFF,0xE0,0x00,0x01,0xFF,0xFF,0xFF,0xC0,0x00,
  0x03,0xFF,0xFF,0xFF,0x80,0x00,0x07,0xFF,0xFF,0xFF,0x00,0x00,0x0F,0xFF,0xFF,0xFE,0x00,0x00,0x1F,0xFF,0xFF,0xFC,0x00,0x00,
  0x3F,0xFF,0xFF,0xF8,0x00,0x00,0x7F,0xFF,0xFF,0xF0,0x00,0x00,0xFF,0xFF,0xFF,0xE0,0x00,0x01,0xFF,0xFF,0xFF,0xC0,0x00,0x03,
  0xFF,0xFF,0xFF,0x80,0x00,0x07,0xFF,0xFF,0xFF,0x00,0x00,0x0F,0xFF,0xFF,0xFE,0x00,0x00,0x1F,0xFF,0xFF,0xFC,0x00,0x00,0x3F,
  0xFF,0xFF,0xF8,0x00,0x00,0x7F,0xFF,0xFF,0xF0,0x00,0x00,0xFF,0xFF,0xFF,0xE0,0x00,0x01,0xFF,0xFF,0xFF,0xC0,0x00,0x03,0xFF,
  0xFF,0xFF,0x80,0x00,0x07,0xFF,0xFF,0xFF,0x00,0x00,0x0F,0xFF,0xFF,0xFE,0x00,0x00,0x1F,0xFF,0xFF,0xFF,0xFF,0xFF,0xFF,0xFF,
  0xFF,0xFF,0xFF,0xFF,0xFF,0xFF,0xFF,0xFF,0xFF,0xFF,0xFF,0xF0,0x00,0x00,0x00,0x00,0x00,0x00,0x00,0x00,0x00,0x00,0x00,0x00,
  0x00,0x00,0x00,0x00,0x00,0xFF,0xFF,0xFF,0xFF,0xFF,0xFF,0xFF,0xFF,0xFF,0xFF,0xFF,0xFF,0xFF,0xFF,0xFF,0xFF,0xFF,0xFF,0xFF,
  0xFF,0xFF,0xFF,0xFF,0xFF,0xFF,0xFF,0xFF,0xFF,0xFF,0xFF,0xFF,0xFF,0xFF,0xFF,0xFF,0xFF,0xFF,0xFF,0xFF,0xFF,0xFF,0xFF,0xFF,
  0xFF,0xFF,0xFF,0xFF,0xFF,0xFF,0xFF,0xFF,0xFF,0xFF,0xFF,0xFF,0xFF,0xFF,0xFF,0xFF,0xFF,0xFF,0xFF,0xFF,0xFF,0xFF,0xFF,0xFF,
  0xFF,0xFF,0xFF,0xFF,0xFF,0xFF,0xFF,0xFF,0xFF,0xFF,0xFF,0xFF,0xFF,0xFF,0xFF,0xFF,0xFF,0xFF,0xFF,0xFF,0xFF,0xFF,0xFF,0xFF,
  0x00,0x7F,0xFE,0x00,0xFF,0xFC,0x01,0xFF,0xF8,0x03,0xFF,0xF0,0x07,0xFF,0xE0,0x0F,0xFF,0xC0,0x1F,0xFF,0x80,0x3F,0xFF,0x00,
  0x7F,0xFE,0x00,0xFF,0xFC,0x00,0x00,0x00,0x00,0x00,0x00,0x00,0x00,0x00,0x00,0x00,0x00,0x00,0x00,0x00,0x00,0x00,0x00,0x00,
  0x00,0x00,0x00,0x00,0x00,0x00,0x00,0x00,0x00,0x00,0x07,0xFF,0xE0,0x0F,0xFF,0xC0,0x1F,0xFF,0x80,0x3F,0xFF,0x00,0x7F,0xFE,
  0x00,0xFF,0xFC,0x01,0xFF,0xF8,0x03,0xFF,0xF0,0x07,0xFF,0xE0,0x0F,0xFF,0xC0,0x1F,0xFF,0x80,0x3F,0xFF,0x00,0x7F,0xFE,0x00,
  0xFF,0xFC,0x01,0xFF,0xF8,0x03,0xFF,0xF0,0x07,0xFF,0xE0,0x0F,0xFF,0xC0,0x1F,0xFF,0x80,0x3F,0xFF,0x00,0x7F,0xFE,0x00,0xFF,
  0xFC,0x01,0xFF,0xF8,0x03,0xFF,0xF0,0x07,0xFF,0xE0,0x0F,0xFF,0xC0,0x1F,0xFF,0x80,0x3F,0xFF,0x00,0x7F,0xFE,0x00,0xFF,0xFC,
  0x01,0xFF,0xF8,0x03,0xFF,0xF0,0x07,0xFF,0xE0,0x0F,0xFF,0xC0,0x1F,0xFF,0x80,0x3F,0xFF,0x00,0x7F,0xFE,0x00,0xFF,0xFC,0x01,
  0xFF,0xF8,0x03,0xFF,0xF0,0x07,0xFF,0xE0,0x0F,0xFF,0xC0,0x1F,0xFF,0x80,0x3F,0xFF,0x00,0x7F,0xFE,0x00,0xFF,0xFC,0x01,0xFF,
  0xF8,0x03,0xFF,0xF0,0x07,0xFF,0xE0,0x0F,0xFF,0xC0,0x1F,0xFF,0x80,0x3F,0xFF,0x00,0x7F,0xFE,0x00,0xFF,0xFC,0x01,0xFF,0xF8,
  0x03,0xFF,0xF0,0x07,0xFF,0xE0,0x0F,0xFF,0xC0,0x1F,0xFF,0x80,0x3F,0xFF,0x00,0xFF,0xFC,0x01,0xFF,0xF8,0x0F,0xFF,0xF7,0xFF,
  0xFF,0xEF,0xFF,0xFF,0xDF,0xFF,0xFF,0x3F,0xFF,0xFE,0x7F,0xFF,0xF8,0xFF,0xFF,0xF1,0xFF,0xFF,0xC3,0xFF,0xFF,0x07,0xFF,0xF8,
  0x07,0xFF,0x80,0x00,0xFF,0xFC,0x00,0x00,0x00,0x00,0xFF,0xFC,0x00,0x00,0x00,0x00,0xFF,0xFC,0x00,0x00,0x00,0x00,0xFF,0xFC,
  0x00,0x00,0x00,0x00,0xFF,0xFC,0x00,0x00,0x00,0x00,0xFF,0xFC,0x00,0x00,0x00,0x00,0xFF,0xFC,0x00,0x00,0x00,0x00,0xFF,0xFC,
  0x00,0x00,0x00,0x00,0xFF,0xFC,0x00,0x00,0x00,0x00,0xFF,0xFC,0x00,0x00,0x00,0x00,0xFF,0xFC,0x00,0x00,0x00,0x00,0xFF,0xFC,
  0x00,0x00,0x00,0x00,0xFF,0xFC,0x00,0x00,0x00,0x00,0xFF,0xFC,0x00,0x00,0x00,0x00,0xFF,0xFC,0x00,0x00,0x00,0x00,0xFF,0xFC,
  0x00,0x00,0x00,0x00,0xFF,0xFC,0x00,0x00,0x00,0x00,0xFF,0xFC,0x00,0x00,0x00,0x00,0xFF,0xFC,0x00,0x00,0x00,0x00,0xFF,0xFC,
  0x00,0x00,0x00,0x00,0xFF,0xFC,0x00,0x00,0xFF,0xFC,0xFF,0xFC,0x00,0x01,0xFF,0xF8,0xFF,0xFC,0x00,0x03,0xFF,0xF8,0xFF,0xFC,
  0x00,0x07,0xFF,0xF0,0xFF,0xFC,0x00,0x0F,0xFF,0xE0,0xFF,0xFC,0x00,0x1F,0xFF,0xC0,0xFF,0xFC,0x00,0x3F,0xFF,0x80,0xFF,0xFC,
  0x00,0x3F,0xFF,0x00,0xFF,0xFC,0x00,0x7F,0xFE,0x00,0xFF,0xFC,0x00,0xFF,0xFC,0x00,0xFF,0xFC,0x01,0xFF,0xF8,0x00,0xFF,0xFC,
  0x03,0xFF,0xF0,0x00,0xFF,0xFC,0x07,0xFF,0xF0,0x00,0xFF,0xFC,0x0F,0xFF,0xE0,0x00,0xFF,0xFC,0x0F,0xFF,0xC0,0x00,0xFF,0xFC,
  0x1F,0xFF,0x80,0x00,0xFF,0xFC,0x3F,0xFF,0x00,0x00,0xFF,0xFC,0x7F,0xFE,0x00,0x00,0xFF,0xFC,0xFF,0xFC,0x00,0x00,0xFF,0xFD,
  0xFF,0xF8,0x00,0x00,0xFF,0xFF,0xFF,0xF8,0x00,0x00,0xFF,0xFF,0xFF,0xF8,0x00,0x00,0xFF,0xFF,0xFF,0xFC,0x00,0x00,0xFF,0xFF,
  0xFF,0xFC,0x00,0x00,0xFF,0xFF,0xFF,0xFE,0x00,0x00,0xFF,0xFF,0xFF,0xFF,0x00,0x00,0xFF,0xFF,0xFF,0xFF,0x00,0x00,0xFF,0xFF,
  0xFF,0xFF,0x80,0x00,0xFF,0xFF,0xFF,0xFF,0xC0,0x00,0xFF,0xFF,0xCF,0xFF,0xC0,0x00,0xFF,0xFF,0x0F,0xFF,0xE0,0x00,0xFF,0xFE,
  0x07,0xFF,0xE0,0x00,0xFF,0xFC,0x03,0xFF,0xF0,0x00,0xFF,0xFC,0x03,0xFF,0xF8,0x00,0xFF,0xFC,0x01,0xFF,0xF8,0x00,0xFF,0xFC,
  0x01,0xFF,0xFC,0x00,0xFF,0xFC,0x00,0xFF,0xFE,0x00,0xFF,0xFC,0x00,0x7F,0xFE,0x00,0xFF,0xFC,0x00,0x7F,0xFF,0x00,0xFF,0xFC,
  0x00,0x3F,0xFF,0x00,0xFF,0xFC,0x00,0x3F,0xFF,0x80,0xFF,0xFC,0x00,0x1F,0xFF,0xC0,0xFF,0xFC,0x00,0x0F,0xFF,0xC0,0xFF,0xFC,
  0x00,0x0F,0xFF,0xE0,0xFF,0xFC,0x00,0x07,0xFF,0xF0,0xFF,0xFC,0x00,0x07,0xFF,0xF0,0xFF,0xFC,0x00,0x03,0xFF,0xF8,0xFF,0xFC,
  0x00,0x01,0xFF,0xF8,0xFF,0xFC,0x00,0x01,0xFF,0xFC,0xFF,0xFC,0x00,0x00,0xFF,0xFE,0xFF,0xFC,0x00,0x00,0xFF,0xFE,0xFF,0xFC,
  0x00,0x00,0x7F,0xFF,0xFF,0xFF,0xFF,0xFF,0xFF,0xFF,0xFF,0xFF,0xFF,0xFF,0xFF,0xFF,0xFF,0xFF,0xFF,0xFF,0xFF,0xFF,0xFF,0xFF,
  0xFF,0xFF,0xFF,0xFF,0xFF,0xFF,0xFF,0xFF,0xFF,0xFF,0xFF,0xFF,0xFF,0xFF,0xFF,0xFF,0xFF,0xFF,0xFF,0xFF,0xFF,0xFF,0xFF,0xFF,
  0xFF,0xFF,0xFF,0xFF,0xFF,0xFF,0xFF,0xFF,0xFF,0xFF,0xFF,0xFF,0xFF,0xFF,0xFF,0xFF,0xFF,0xFF,0xFF,0xFF,0xFF,0xFF,0xFF,0xFF,
  0xFF,0xFF,0xFF,0xFF,0xFF,0xFF,0xFF,0xFF,0xFF,0xFF,0xFF,0xFF,0xFF,0xFF,0xFF,0xFF,0xFF,0xFF,0xFF,0xFF,0xFF,0xFF,0xFF,0xFF,
  0xFF,0xFF,0xFF,0xFF,0xFF,0xFF,0xFF,0xFF,0xFF,0xFF,0xFF,0xFF,0xFF,0xFF,0xFF,0xFF,0xFF,0xFF,0xFF,0xFF,0xFF,0xFF,0xFF,0xFF,
  0xFF,0xFF,0xFF,0xFF,0xFF,0xFF,0xFF,0xFF,0xFF,0xFF,0x00,0x00,0x00,0x7F,0xC0,0x00,0x01,0xFF,0x80,0x0F,0xFF,0xC0,0x3F,0xFF,
  0x80,0x00,0x7F,0xFE,0x00,0x7F,0xFC,0x07,0xFF,0xFE,0x00,0x1F,0xFF,0xF8,0x07,0xFF,0xC0,0xFF,0xFF,0xF0,0x03,0xFF,0xFF,0xC0,
  0x7F,0xFC,0x1F,0xFF,0xFF,0x80,0x7F,0xFF,0xFE,0x07,0xFF,0xC3,0xFF,0xFF,0xFC,0x0F,0xFF,0xFF,0xF0,0x7F,0xFC,0x7F,0xFF,0xFF,
  0xC1,0xFF,0xFF,0xFF,0x87,0xFF,0xCF,0xFF,0xFF,0xFE,0x3F,0xFF,0xFF,0xF8,0x7F,0xFC,0xFF,0xFF,0xFF,0xE3,0xFF,0xFF,0xFF,0xC7,
  0xFF,0xDF,0xFF,0xFF,0xFF,0x7F,0xFF,0xFF,0xFC,0x7F,0xFD,0xFC,0x3F,0xFF,0xF7,0xF8,0xFF,0xFF,0xE7,0xFF,0xFF,0x00,0xFF,0xFF,
  0xFE,0x03,0xFF,0xFE,0x7F,0xFF,0xE0,0x07,0xFF,0xFF,0x80,0x0F,0xFF,0xE7,0xFF,0xFC,0x00,0x3F,0xFF,0xF0,0x00,0xFF,0xFE,0x7F,
  0xFF,0x80,0x03,0xFF,0xFF,0x00,0x07,0xFF,0xF7,0xFF,0xF8,0x00,0x3F,0xFF,0xE0,0x00,0x7F,0xFF,0x7F,0xFF,0x00,0x01,0xFF,0xFE,
  0x00,0x07,0xFF,0xF7,0xFF,0xF0,0x00,0x1F,0xFF,0xC0,0x00,0x3F,0xFF,0x7F,0xFE,0x00,0x01,0xFF,0xFC,0x00,0x03,0xFF,0xF7,0xFF,
  0xE0,0x00,0x1F,0xFF,0xC0,0x00,0x3F,0xFF,0x7F,0xFE,0x00,0x01,0xFF,0xFC,0x00,0x03,0xFF,0xF7,0xFF,0xE0,0x00,0x0F,0xFF,0xC0,
  0x00,0x3F,0xFF,0x7F,0xFE,0x00,0x00,0xFF,0xF8,0x00,0x03,0xFF,0xF7,0xFF,0xE0,0x00,0x0F,0xFF,0x80,0x00,0x3F,0xFF,0x7F,0xFE,
  0x00,0x00,0xFF,0xF8,0x00,0x03,0xFF,0xF7,0xFF,0xE0,0x00,0x0F,0xFF,0x80,0x00,0x3F,0xFF,0x7F,0xFE,0x00,0x00,0xFF,0xF8,0x00,
  0x03,0xFF,0xF7,0xFF,0xE0,0x00,0x0F,0xFF,0x80,0x00,0x3F,0xFF,0x7F,0xFE,0x00,0x00,0xFF,0xF8,0x00,0x03,0xFF,0xF7,0xFF,0xE0,
  0x00,0x0F,0xFF,0x80,0x00,0x3F,0xFF,0x7F,0xFE,0x00,0x00,0xFF,0xF8,0x00,0x03,0xFF,0xF7,0xFF,0xE0,0x00,0x0F,0xFF,0x80,0x00,
  0x3F,0xFF,0x7F,0xFE,0x00,0x00,0xFF,0xF8,0x00,0x03,0xFF,0xF7,0xFF,0xE0,0x00,0x0F,0xFF,0x80,0x00,0x3F,0xFF,0x7F,0xFE,0x00,
  0x00,0xFF,0xF8,0x00,0x03,0xFF,0xF7,0xFF,0xE0,0x00,0x0F,0xFF,0x80,0x00,0x3F,0xFF,0x7F,0xFE,0x00,0x00,0xFF,0xF8,0x00,0x03,
  0xFF,0xF7,0xFF,0xE0,0x00,0x0F,0xFF,0x80,0x00,0x3F,0xFF,0x7F,0xFE,0x00,0x00,0xFF,0xF8,0x00,0x03,0xFF,0xF7,0xFF,0xE0,0x00,
  0x0F,0xFF,0x80,0x00,0x3F,0xFF,0x7F,0xFE,0x00,0x00,0xFF,0xF8,0x00,0x03,0xFF,0xF7,0xFF,0xE0,0x00,0x0F,0xFF,0x80,0x00,0x3F,
  0xFF,0x7F,0xFE,0x00,0x00,0xFF,0xF8,0x00,0x03,0xFF,0xF7,0xFF,0xE0,0x00,0x0F,0xFF,0x80,0x00,0x3F,0xFF,0x7F,0xFE,0x00,0x00,
  0xFF,0xF8,0x00,0x03,0xFF,0xF7,0xFF,0xE0,0x00,0x0F,0xFF,0x80,0x00,0x3F,0xFF,0x7F,0xFE,0x00,0x00,0xFF,0xF8,0x00,0x03,0xFF,
  0xF7,0xFF,0xE0,0x00,0x0F,0xFF,0x80,0x00,0x3F,0xFF,0x7F,0xFE,0x00,0x00,0xFF,0xF8,0x00,0x03,0xFF,0xF7,0xFF,0xE0,0x00,0x0F,
  0xFF,0x80,0x00,0x3F,0xFF,0x7F,0xFE,0x00,0x00,0xFF,0xF8,0x00,0x03,0xFF,0xF7,0xFF,0xE0,0x00,0x0F,0xFF,0x80,0x00,0x3F,0xFF,
  0x7F,0xFE,0x00,0x00,0xFF,0xF8,0x00,0x03,0xFF,0xF0,0x00,0x00,0x00,0x3F,0xF0,0x00,0xFF,0xFC,0x01,0xFF,0xFE,0x00,0x7F,0xFC,
  0x07,0xFF,0xFF,0x80,0x7F,0xFC,0x0F,0xFF,0xFF,0xC0,0x7F,0xFC,0x1F,0xFF,0xFF,0xE0,0x7F,0xFC,0x3F,0xFF,0xFF,0xF0,0x7F,0xFC,
  0x7F,0xFF,0xFF,0xF8,0x7F,0xFC,0xFF,0xFF,0xFF,0xFC,0x7F,0xFC,0xFF,0xFF,0xFF,0xFC,0x7F,0xFD,0xFF,0xFF,0xFF,0xFE,0x7F,0xFD,
  0xFE,0x0F,0xFF,0xFE,0x7F,0xFF,0xF8,0x03,0xFF,0xFE,0x7F,0xFF,0xE0,0x01,0xFF,0xFF,0x7F,0xFF,0xC0,0x00,0xFF,0xFF,0x7F,0xFF,
  0xC0,0x00,0x7F,0xFF,0x7F,0xFF,0x80,0x00,0x7F,0xFF,0x7F,0xFF,0x00,0x00,0x3F,0xFF,0x7F,0xFF,0x00,0x00,0x3F,0xFF,0x7F,0xFF,
  0x00,0x00,0x3F,0xFF,0x7F,0xFE,0x00,0x00,0x3F,0xFF,0x7F,0xFE,0x00,0x00,0x1F,0xFF,0x7F,0xFE,0x00,0x00,0x1F,0xFF,0x7F,0xFE,
  0x00,0x00,0x1F,0xFF,0x7F,0xFE,0x00,0x00,0x1F,0xFF,0x7F,0xFE,0x00,0x00,0x1F,0xFF,0x7F,0xFE,0x00,0x00,0x1F,0xFF,0x7F,0xFE,
  0x00,0x00,0x1F,0xFF,0x7F,0xFE,0x00,0x00,0x1F,0xFF,0x7F,0xFE,0x00,0x00,0x1F,0xFF,0x7F,0xFE,0x00,0x00,0x1F,0xFF,0x7F,0xFE,
  0x00,0x00,0x1F,0xFF,0x7F,0xFE,0x00,0x00,0x1F,0xFF,0x7F,0xFE,0x00,0x00,0x1F,0xFF,0x7F,0xFE,0x00,0x00,0x1F,0xFF,0x7F,0xFE,
  0x00,0x00,0x1F,0xFF,0x7F,0xFE,0x00,0x00,0x1F,0xFF,0x7F,0xFE,0x00,0x00,0x1F,0xFF,0x7F,0xFE,0x00,0x00,0x1F,0xFF,0x7F,0xFE,
  0x00,0x00,0x1F,0xFF,0x7F,0xFE,0x00,0x00,0x1F,0xFF,0x7F,0xFE,0x00,0x00,0x1F,0xFF,0x7F,0xFE,0x00,0x00,0x1F,0xFF,0x7F,0xFE,
  0x00,0x00,0x1F,0xFF,0x7F,0xFE,0x00,0x00,0x1F,0xFF,0x7F,0xFE,0x00,0x00,0x1F,0xFF,0x7F,0xFE,0x00,0x00,0x1F,0xFF,0x7F,0xFE,
  0x00,0x00,0x1F,0xFF,0x7F,0xFE,0x00,0x00,0x1F,0xFF,0x7F,0xFE,0x00,0x00,0x1F,0xFF,0x7F,0xFE,0x00,0x00,0x1F,0xFF,0x7F,0xFE,
  0x00,0x00,0x1F,0xFF,0x7F,0xFE,0x00,0x00,0x1F,0xFF,0x7F,0xFE,0x00,0x00,0x1F,0xFF,0x00,0x00,0x0F,0xFF,0x80,0x00,0x00,0x00,
  0x07,0xFF,0xFF,0xC0,0x00,0x00,0x01,0xFF,0xFF,0xFF,0xC0,0x00,0x00,0x1F,0xFF,0xFF,0xFF,0x00,0x00,0x03,0xFF,0xFF,0xFF,0xFE,
  0x00,0x00,0x3F,0xFF,0xFF,0xFF,0xF8,0x00,0x03,0xFF,0xFF,0xFF,0xFF,0xE0,0x00,0x3F,0xFF,0xFF,0xFF,0xFF,0x80,0x03,0xFF,0xFF,
  0xFF,0xFF,0xFE,0x00,0x3F,0xFF,0xFC,0x7F,0xFF,0xF8,0x03,0xFF,0xFE,0x00,0x3F,0xFF,0xE0,0x1F,0xFF,0xC0,0x00,0xFF,0xFF,0x01,
  0xFF,0xFC,0x00,0x03,0xFF,0xFC,0x1F,0xFF,0xC0,0x00,0x0F,0xFF,0xE0,0xFF,0xFE,0x00,0x00,0x3F,0xFF,0x87,0xFF,0xE0,0x00,0x01,
  0xFF,0xFC,0x7F,0xFF,0x00,0x00,0x07,0xFF,0xE3,0xFF,0xF0,0x00,0x00,0x3F,0xFF,0x9F,0xFF,0x80,0x00,0x01,0xFF,0xFC,0xFF,0xFC,
  0x00,0x00,0x07,0xFF,0xEF,0xFF,0xE0,0x00,0x00,0x3F,0xFF,0x7F,0xFF,0x00,0x00,0x01,0xFF,0xFB,0xFF,0xF0,0x00,0x00,0x0F,0xFF,
  0xDF,0xFF,0x80,0x00,0x00,0x7F,0xFF,0xFF,0xFC,0x00,0x00,0x03,0xFF,0xFF,0xFF,0xE0,0x00,0x00,0x1F,0xFF,0xFF,0xFF,0x00,0x00,
  0x00,0xFF,0xFF,0xFF,0xF8,0x00,0x00,0x07,0xFF,0xFF,0xFF,0xC0,0x00,0x00,0x3F,0xFF,0xFF,0xFE,0x00,0x00,0x01,0xFF,0xFF,0xFF,
  0xF0,0x00,0x00,0x0F,0xFF,0xFF,0xFF,0x80,0x00,0x00,0x7F,0xFE,0xFF,0xFE,0x00,0x00,0x03,0xFF,0xF7,0xFF,0xF0,0x00,0x00,0x1F,
  0xFF,0x9F,0xFF,0x80,0x00,0x00,0xFF,0xFC,0xFF,0xFC,0x00,0x00,0x0F,0xFF,0xE7,0xFF,0xE0,0x00,0x00,0x7F,0xFE,0x3F,0xFF,0x80,
  0x00,0x03,0xFF,0xF0,0xFF,0xFC,0x00,0x00,0x3F,0xFF,0x87,0xFF,0xF0,0x00,0x01,0xFF,0xF8,0x3F,0xFF,0x80,0x00,0x1F,0xFF,0xC0,
  0xFF,0xFE,0x00,0x01,0xFF,0xFC,0x03,0xFF,0xF8,0x00,0x1F,0xFF,0xE0,0x1F,0xFF,0xF0,0x03,0xFF,0xFE,0x00,0x7F,0xFF,0xF0,0xFF,
  0xFF,0xF0,0x01,0xFF,0xFF,0xFF,0xFF,0xFF,0x00,0x07,0xFF,0xFF,0xFF,0xFF,0xF0,0x00,0x1F,0xFF,0xFF,0xFF,0xFF,0x00,0x00,0x7F,
  0xFF,0xFF,0xFF,0xF0,0x00,0x01,0xFF,0xFF,0xFF,0xFE,0x00,0x00,0x07,0xFF,0xFF,0xFF,0xE0,0x00,0x00,0x0F,0xFF,0xFF,0xFC,0x00,
  0x00,0x00,0x0F,0xFF,0xFF,0x00,0x00,0x00,0x00,0x07,0xFF,0xC0,0x00,0x00,0x00,0x00,0x00,0x3F,0xF0,0x00,0x3F,0xFF,0x00,0x7F,
  0xFF,0x80,0x07,0xFF,0xC0,0x7F,0xFF,0xF8,0x01,0xFF,0xF0,0x7F,0xFF,0xFF,0x00,0x7F,0xFC,0x3F,0xFF,0xFF,0xE0,0x1F,0xFF,0x1F,
  0xFF,0xFF,0xFC,0x07,0xFF,0xCF,0xFF,0xFF,0xFF,0x81,0xFF,0xF3,0xFF,0xFF,0xFF,0xF0,0x7F,0xFD,0xFF,0xFF,0xFF,0xFC,0x1F,0xFF,
  0xFF,0xFF,0xFF,0xFF,0x87,0xFF,0xFF,0x80,0x3F,0xFF,0xE1,0xFF,0xFF,0x80,0x03,0xFF,0xFC,0x7F,0xFF,0xC0,0x00,0x7F,0xFF,0x1F,
  0xFF,0xF0,0x00,0x1F,0xFF,0xE7,0xFF,0xF8,0x00,0x03,0xFF,0xF9,0xFF,0xFE,0x00,0x00,0xFF,0xFE,0x7F,0xFF,0x00,0x00,0x1F,0xFF,
  0x9F,0xFF,0xC0,0x00,0x07,0xFF,0xF7,0xFF,0xE0,0x00,0x01,0xFF,0xFD,0xFF,0xF8,0x00,0x00,0x3F,0xFF,0x7F,0xFE,0x00,0x00,0x0F,
  0xFF,0xDF,0xFF,0x80,0x00,0x03,0xFF,0xF7,0xFF,0xE0,0x00,0x00,0xFF,0xFD,0xFF,0xF8,0x00,0x00,0x3F,0xFF,0x7F,0xFC,0x00,0x00,
  0x0F,0xFF,0xDF,0xFF,0x00,0x00,0x03,0xFF,0xF7,0xFF,0xC0,0x00,0x00,0xFF,0xFD,0xFF,0xF0,0x00,0x00,0x3F,0xFF,0x7F,0xFC,0x00,
  0x00,0x0F,0xFF,0xDF,0xFF,0x00,0x00,0x03,0xFF,0xF7,0xFF,0xE0,0x00,0x00,0xFF,0xFD,0xFF,0xF8,0x00,0x00,0x3F,0xFF,0x7F,0xFE,
  0x00,0x00,0x0F,0xFF,0xDF,0xFF,0x80,0x00,0x03,0xFF,0xF7,0xFF,0xE0,0x00,0x00,0xFF,0xFD,0xFF,0xF8,0x00,0x00,0x7F,0xFF,0x7F,
  0xFF,0x00,0x00,0x1F,0xFF,0xDF,0xFF,0xC0,0x00,0x07,0xFF,0xE7,0xFF,0xF0,0x00,0x03,0xFF,0xF9,0xFF,0xFE,0x00,0x00,0xFF,0xFE,
  0x7F,0xFF,0x80,0x00,0x7F,0xFF,0x9F,0xFF,0xF0,0x00,0x1F,0xFF,0xC7,0xFF,0xFE,0x00,0x0F,0xFF,0xF1,0xFF,0xFF,0xE0,0x0F,0xFF,
  0xF8,0x7F,0xFF,0xFF,0x1F,0xFF,0xFE,0x1F,0xFF,0x7F,0xFF,0xFF,0xFF,0x07,0xFF,0xDF,0xFF,0xFF,0xFF,0xC1,0xFF,0xF3,0xFF,0xFF,
  0xFF,0xE0,0x7F,0xFE,0x7F,0xFF,0xFF,0xF0,0x1F,0xFF,0x8F,0xFF,0xFF,0xF8,0x07,0xFF,0xE1,0xFF,0xFF,0xFC,0x01,0xFF,0xF8,0x3F,
  0xFF,0xFC,0x00,0x7F,0xFE,0x03,0xFF,0xFC,0x00,0x1F,0xFF,0x80,0x1F,0xF8,0x00,0x07,0xFF,0xE0,0x00,0x00,0x00,0x01,0xFF,0xF8,
  0x00,0x00,0x00,0x00,0x7F,0xFE,0x00,0x00,0x00,0x00,0x1F,0xFF,0x80,0x00,0x00,0x00,0x07,0xFF,0xE0,0x00,0x00,0x00,0x01,0xFF,
  0xF8,0x00,0x00,0x00,0x00,0x7F,0xFE,0x00,0x00,0x00,0x00,0x1F,0xFF,0x80,0x00,0x00,0x00,0x07,0xFF,0xE0,0x00,0x00,0x00,0x01,
  0xFF,0xF8,0x00,0x00,0x00,0x00,0x7F,0xFE,0x00,0x00,0x00,0x00,0x1F,0xFF,0x80,0x00,0x00,0x00,0x07,0xFF,0xE0,0x00,0x00,0x00,
  0x01,0xFF,0xF8,0x00,0x00,0x00,0x00,0x7F,0xFE,0x00,0x00,0x00,0x00,0x1F,0xFF,0x80,0x00,0x00,0x00,0x07,0xFF,0xE0,0x00,0x00,
  0x00,0x01,0xFF,0xF8,0x00,0x00,0x00,0x00,0x7F,0xFE,0x00,0x00,0x00,0x00,0x1F,0xFF,0x80,0x00,0x00,0x00,0x00,0x00,0x01,0xFF,
  0x80,0x00,0x00,0x00,0x03,0xFF,0xFC,0x01,0xFF,0xF0,0x03,0xFF,0xFF,0xC0,0xFF,0xFC,0x01,0xFF,0xFF,0xFC,0x3F,0xFF,0x00,0xFF,
  0xFF,0xFF,0x8F,0xFF,0xC0,0x7F,0xFF,0xFF,0xF3,0xFF,0xF0,0x3F,0xFF,0xFF,0xFC,0xFF,0xFC,0x1F,0xFF,0xFF,0xFF,0xBF,0xFF,0x0F,
  0xFF,0xFF,0xFF,0xFF,0xFF,0xC3,0xFF,0xFF,0xC7,0xFF,0xFF,0xF1,0xFF,0xFF,0x00,0x3F,0xFF,0xFC,0x7F,0xFF,0x80,0x07,0xFF,0xFF,
  0x3F,0xFF,0xC0,0x00,0xFF,0xFF,0xCF,0xFF,0xE0,0x00,0x1F,0xFF,0xF3,0xFF,0xF8,0x00,0x03,0xFF,0xFD,0xFF,0xFC,0x00,0x00,0xFF,
  0xFF,0x7F,0xFF,0x00,0x00,0x1F,0xFF,0xDF,0xFF,0x80,0x00,0x07,0xFF,0xF7,0xFF,0xE0,0x00,0x01,0xFF,0xFD,0xFF,0xF8,0x00,0x00,
  0x7F,0xFF,0xFF,0xFE,0x00,0x00,0x0F,0xFF,0xFF,0xFF,0x80,0x00,0x03,0xFF,0xFF,0xFF,0xE0,0x00,0x00,0xFF,0xFF,0xFF,0xF0,0x00,
  0x00,0x3F,0xFF,0xFF,0xFC,0x00,0x00,0x0F,0xFF,0xFF,0xFF,0x00,0x00,0x03,0xFF,0xFF,0xFF,0xC0,0x00,0x00,0xFF,0xFF,0xFF,0xF0,
  0x00,0x00,0x3F,0xFF,0xFF,0xFC,0x00,0x00,0x0F,0xFF,0xFF,0xFF,0x00,0x00,0x03,0xFF,0xFF,0xFF,0xC0,0x00,0x00,0xFF,0xFF,0xFF,
  0xF0,0x00,0x00,0x3F,0xFF,0xFF,0xFE,0x00,0x00,0x0F,0xFF,0xFF,0xFF,0x80,0x00,0x03,0xFF,0xFF,0xFF,0xE0,0x00,0x01,0xFF,0xFD,
  0xFF,0xF8,0x00,0x00,0x7F,0xFF,0x7F,0xFE,0x00,0x00,0x1F,0xFF,0xDF,0xFF,0xC0,0x00,0x0F,0xFF,0xF7,0xFF,0xF0,0x00,0x03,0xFF,
  0xFC,0xFF,0xFE,0x00,0x01,0xFF,0xFF,0x3F,0xFF,0x80,0x00,0x7F,0xFF,0xCF,0xFF,0xF0,0x00,0x3F,0xFF,0xF1,0xFF,0xFE,0x00,0x1F,
  0xFF,0xFC,0x7F,0xFF,0xC0,0x0F,0xFF,0xFF,0x0F,0xFF,0xFE,0x1F,0xFF,0xFF,0xC3,0xFF,0xFF,0xFF,0xFF,0xFF,0xF0,0x7F,0xFF,0xFF,
  0xFE,0xFF,0xFC,0x1F,0xFF,0xFF,0xFF,0x3F,0xFF,0x03,0xFF,0xFF,0xFF,0xCF,0xFF,0xC0,0x7F,0xFF,0xFF,0xE3,0xFF,0xF0,0x0F,0xFF,
  0xFF,0xE0,0xFF,0xFC,0x00,0xFF,0xFF,0xF0,0x3F,0xFF,0x00,0x0F,0xFF,0xF0,0x0F,0xFF,0xC0,0x00,0xFF,0xE0,0x03,0xFF,0xF0,0x00,
  0x00,0x00,0x00,0xFF,0xFC,0x00,0x00,0x00,0x00,0x3F,0xFF,0x00,0x00,0x00,0x00,0x0F,0xFF,0xC0,0x00,0x00,0x00,0x03,0xFF,0xF0,
  0x00,0x00,0x00,0x00,0xFF,0xFC,0x00,0x00,0x00,0x00,0x3F,0xFF,0x00,0x00,0x00,0x00,0x0F,0xFF,0xC0,0x00,0x00,0x00,0x03,0xFF,
  0xF0,0x00,0x00,0x00,0x00,0xFF,0xFC,0x00,0x00,0x00,0x00,0x3F,0xFF,0x00,0x00,0x00,0x00,0x0F,0xFF,0xC0,0x00,0x00,0x00,0x03,
  0xFF,0xF0,0x00,0x00,0x00,0x00,0xFF,0xFC,0x00,0x00,0x00,0x00,0x3F,0xFF,0x00,0x00,0x00,0x00,0x0F,0xFF,0xC0,0x00,0x00,0x00,
  0x03,0xFF,0xF0,0x00,0x00,0x00,0x00,0xFF,0xFC,0x00,0x00,0x00,0x00,0x3F,0xFF,0x00,0x00,0x00,0x00,0x0F,0xFF,0xC0,0x00,0x00,
  0x00,0x03,0xFF,0xF0,0x00,0x00,0x01,0xFF,0xFF,0xF8,0x0F,0xFD,0xFF,0xF0,0x7F,0xFB,0xFF,0xE1,0xFF,0xF7,0xFF,0xC3,0xFF,0xEF,
  0xFF,0x8F,0xFF,0xDF,0xFF,0x1F,0xFF,0xBF,0xFE,0x7F,0xFF,0x7F,0xFC,0xFF,0xFE,0xFF,0xFB,0xFF,0xFD,0xFF,0xF7,0xFF,0xFB,0xFF,
  0xFF,0xF9,0xF7,0xFF,0xFF,0x80,0x0F,0xFF,0xFC,0x00,0x1F,0xFF,0xF0,0x00,0x3F,0xFF,0xC0,0x00,0x7F,0xFF,0x80,0x00,0xFF,0xFE,
  0x00,0x01,0xFF,0xFC,0x00,0x03,0xFF,0xF8,0x00,0x07,0xFF,0xE0,0x00,0x0F,0xFF,0xC0,0x00,0x1F,0xFF,0x80,0x00,0x3F,0xFF,0x00,
  0x00,0x7F,0xFE,0x00,0x00,0xFF,0xFC,0x00,0x01,0xFF,0xF8,0x00,0x03,0xFF,0xF0,0x00,0x07,0xFF,0xE0,0x00,0x0F,0xFF,0xC0,0x00,
  0x1F,0xFF,0x80,0x00,0x3F,0xFF,0x00,0x00,0x7F,0xFE,0x00,0x00,0xFF,0xFC,0x00,0x01,0xFF,0xF8,0x00,0x03,0xFF,0xF0,0x00,0x07,
  0xFF,0xE0,0x00,0x0F,0xFF,0xC0,0x00,0x1F,0xFF,0x80,0x00,0x3F,0xFF,0x00,0x00,0x7F,0xFE,0x00,0x00,0xFF,0xFC,0x00,0x01,0xFF,
  0xF8,0x00,0x03,0xFF,0xF0,0x00,0x07,0xFF,0xE0,0x00,0x0F,0xFF,0xC0,0x00,0x1F,0xFF,0x80,0x00,0x3F,0xFF,0x00,0x00,0x7F,0xFE,
  0x00,0x00,0xFF,0xFC,0x00,0x01,0xFF,0xF8,0x00,0x03,0xFF,0xF0,0x00,0x07,0xFF,0xE0,0x00,0x00,0x00,0x00,0x7F,0xFC,0x00,0x00,
  0x00,0x0F,0xFF,0xFF,0x80,0x00,0x00,0xFF,0xFF,0xFF,0xE0,0x00,0x07,0xFF,0xFF,0xFF,0xF0,0x00,0x1F,0xFF,0xFF,0xFF,0xF0,0x00,
  0x7F,0xFF,0xFF,0xFF,0xF0,0x01,0xFF,0xFF,0xFF,0xFF,0xF0,0x07,0xFF,0xFF,0xFF,0xFF,0xF0,0x1F,0xFF,0xFF,0xFF,0xFF,0xF0,0x3F,
  0xFF,0xC0,0x1F,0xFF,0xE0,0xFF,0xFC,0x00,0x07,0xFF,0xE1,0xFF,0xF0,0x00,0x07,0xFF,0xC3,0xFF,0xC0,0x00,0x07,0xFF,0xC7,0xFF,
  0x80,0x00,0x0F,0xFF,0x8F,0xFF,0x00,0x00,0x0F,0x80,0x1F,0xFE,0x00,0x00,0x00,0x00,0x3F,0xFE,0x00,0x00,0x00,0x00,0x7F,0xFC,
  0x00,0x00,0x00,0x00,0xFF,0xFE,0x00,0x00,0x00,0x01,0xFF,0xFF,0x80,0x00,0x00,0x03,0xFF,0xFF,0xF0,0x00,0x00,0x03,0xFF,0xFF,
  0xFF,0x00,0x00,0x07,0xFF,0xFF,0xFF,0xE0,0x00,0x07,0xFF,0xFF,0xFF,0xF8,0x00,0x0F,0xFF,0xFF,0xFF,0xFC,0x00,0x0F,0xFF,0xFF,
  0xFF,0xFE,0x00,0x07,0xFF,0xFF,0xFF,0xFF,0x00,0x07,0xFF,0xFF,0xFF,0xFF,0x00,0x03,0xFF,0xFF,0xFF,0xFF,0x00,0x01,0xFF,0xFF,
  0xFF,0xFF,0x00,0x00,0x3F,0xFF,0xFF,0xFE,0x00,0x00,0x07,0xFF,0xFF,0xFE,0x00,0x00,0x00,0xFF,0xFF,0xFC,0x00,0x00,0x00,0x1F,
  0xFF,0xFC,0x00,0x00,0x00,0x07,0xFF,0xF8,0x00,0x00,0x00,0x03,0xFF,0xF0,0x00,0x00,0x00,0x03,0xFF,0xE0,0x00,0x00,0x00,0x07,
  0xFF,0xC0,0x3C,0x00,0x00,0x0F,0xFF,0xBF,0xF8,0x00,0x00,0x1F,0xFF,0xFF,0xF0,0x00,0x00,0x3F,0xFF,0xFF,0xF0,0x00,0x00,0x7F,
  0xFF,0xFF,0xF0,0x00,0x01,0xFF,0xF3,0xFF,0xF0,0x00,0x07,0xFF,0xE7,0xFF,0xFC,0x00,0x7F,0xFF,0xC7,0xFF,0xFF,0xFF,0xFF,0xFF,
  0x07,0xFF,0xFF,0xFF,0xFF,0xFC,0x0F,0xFF,0xFF,0xFF,0xFF,0xF0,0x0F,0xFF,0xFF,0xFF,0xFF,0xC0,0x07,0xFF,0xFF,0xFF,0xFF,0x00,
  0x07,0xFF,0xFF,0xFF,0xFC,0x00,0x03,0xFF,0xFF,0xFF,0xE0,0x00,0x01,0xFF,0xFF,0xFE,0x00,0x00,0x00,0x1F,0xFF,0xC0,0x00,0x00,
  0x00,0x0F,0xF0,0x00,0x00,0x3F,0xE0,0x00,0x00,0x7F,0xC0,0x00,0x01,0xFF,0x80,0x00,0x03,0xFF,0x00,0x00,0x07,0xFE,0x00,0x00,
  0x1F,0xFC,0x00,0x00,0x3F,0xF8,0x00,0x00,0x7F,0xF0,0x00,0x01,0xFF,0xE0,0x00,0x03,0xFF,0xC0,0x00,0x07,0xFF,0x80,0x0F,0xFF,
  0xFF,0xFF,0xDF,0xFF,0xFF,0xFF,0xBF,0xFF,0xFF,0xFF,0x7F,0xFF,0xFF,0xFE,0xFF,0xFF,0xFF,0xFD,0xFF,0xFF,0xFF,0xFB,0xFF,0xFF,
  0xFF,0xF7,0xFF,0xFF,0xFF,0xEF,0xFF,0xFF,0xFF,0xC0,0x3F,0xFE,0x00,0x00,0x7F,0xFC,0x00,0x00,0xFF,0xF8,0x00,0x01,0xFF,0xF0,
  0x00,0x03,0xFF,0xE0,0x00,0x07,0xFF,0xC0,0x00,0x0F,0xFF,0x80,0x00,0x1F,0xFF,0x00,0x00,0x3F,0xFE,0x00,0x00,0x7F,0xFC,0x00,
  0x00,0xFF,0xF8,0x00,0x01,0xFF,0xF0,0x00,0x03,0xFF,0xE0,0x00,0x07,0xFF,0xC0,0x00,0x0F,0xFF,0x80,0x00,0x1F,0xFF,0x00,0x00,
  0x3F,0xFE,0x00,0x00,0x7F,0xFC,0x00,0x00,0xFF,0xF8,0x00,0x01,0xFF,0xF0,0x00,0x03,0xFF,0xE0,0x00,0x07,0xFF,0xC0,0x00,0x0F,
  0xFF,0x80,0x00,0x1F,0xFF,0x00,0x00,0x3F,0xFE,0x00,0x00,0x7F,0xFC,0x00,0x00,0xFF,0xF8,0x00,0x01,0xFF,0xF0,0x00,0x03,0xFF,
  0xE0,0x00,0x07,0xFF,0xE0,0x00,0x0F,0xFF,0xC0,0x00,0x1F,0xFF,0x80,0x00,0x3F,0xFF,0x80,0x00,0x7F,0xFF,0x80,0x00,0xFF,0xFF,
  0xCF,0x01,0xFF,0xFF,0xFE,0x01,0xFF,0xFF,0xFC,0x03,0xFF,0xFF,0xF8,0x07,0xFF,0xFF,0xF0,0x07,0xFF,0xFF,0xE0,0x07,0xFF,0xFF,
  0xC0,0x07,0xFF,0xFF,0x80,0x07,0xFF,0xFE,0x00,0x01,0xFF,0xC0,0xFF,0xFC,0x00,0x00,0x3F,0xFF,0xFF,0xFC,0x00,0x00,0x3F,0xFF,
  0xFF,0xFC,0x00,0x00,0x3F,0xFF,0xFF,0xFC,0x00,0x00,0x3F,0xFF,0xFF,0xFC,0x00,0x00,0x3F,0xFF,0xFF,0xFC,0x00,0x00,0x3F,0xFF,
  0xFF,0xFC,0x00,0x00,0x3F,0xFF,0xFF,0xFC,0x00,0x00,0x3F,0xFF,0xFF,0xFC,0x00,0x00,0x3F,0xFF,0xFF,0xFC,0x00,0x00,0x3F,0xFF,
  0xFF,0xFC,0x00,0x00,0x3F,0xFF,0xFF,0xFC,0x00,0x00,0x3F,0xFF,0xFF,0xFC,0x00,0x00,0x3F,0xFF,0xFF,0xFC,0x00,0x00,0x3F,0xFF,
  0xFF,0xFC,0x00,0x00,0x3F,0xFF,0xFF,0xFC,0x00,0x00,0x3F,0xFF,0xFF,0xFC,0x00,0x00,0x3F,0xFF,0xFF,0xFC,0x00,0x00,0x3F,0xFF,
  0xFF,0xFC,0x00,0x00,0x3F,0xFF,0xFF,0xFC,0x00,0x00,0x3F,0xFF,0xFF,0xFC,0x00,0x00,0x3F,0xFF,0xFF,0xFC,0x00,0x00,0x3F,0xFF,
  0xFF,0xFC,0x00,0x00,0x3F,0xFF,0xFF,0xFC,0x00,0x00,0x3F,0xFF,0xFF,0xFC,0x00,0x00,0x3F,0xFF,0xFF,0xFC,0x00,0x00,0x3F,0xFF,
  0xFF,0xFC,0x00,0x00,0x3F,0xFF,0xFF,0xFC,0x00,0x00,0x3F,0xFF,0xFF,0xFC,0x00,0x00,0x3F,0xFF,0xFF,0xFC,0x00,0x00,0x3F,0xFF,
  0xFF,0xFC,0x00,0x00,0x3F,0xFF,0xFF,0xFC,0x00,0x00,0x3F,0xFF,0xFF,0xFC,0x00,0x00,0x7F,0xFF,0xFF,0xFC,0x00,0x00,0x7F,0xFF,
  0xFF,0xFC,0x00,0x00,0x7F,0xFF,0xFF,0xFC,0x00,0x00,0x7F,0xFF,0xFF,0xFE,0x00,0x00,0xFF,0xFF,0xFF,0xFE,0x00,0x00,0xFF,0xFF,
  0xFF,0xFF,0x00,0x01,0xFF,0xFF,0x7F,0xFF,0x00,0x03,0xFF,0xFF,0x7F,0xFF,0x80,0x07,0xFF,0xFF,0x7F,0xFF,0xC0,0x0F,0xFF,0xFF,
  0x7F,0xFF,0xF8,0x7F,0xFF,0xFF,0x3F,0xFF,0xFF,0xFF,0xBF,0xFF,0x3F,0xFF,0xFF,0xFF,0xBF,0xFF,0x1F,0xFF,0xFF,0xFF,0x3F,0xFF,
  0x1F,0xFF,0xFF,0xFE,0x1F,0xFF,0x0F,0xFF,0xFF,0xFC,0x1F,0xFF,0x07,0xFF,0xFF,0xFC,0x1F,0xFF,0x03,0xFF,0xFF,0xF0,0x1F,0xFF,
  0x01,0xFF,0xFF,0xE0,0x1F,0xFF,0x00,0x7F,0xFF,0x80,0x1F,0xFF,0x00,0x0F,0xFC,0x00,0x00,0x00,0xFF,0xFE,0x00,0x00,0x00,0xFF,
  0xFE,0xFF,0xFC,0x00,0x00,0x01,0xFF,0xF9,0xFF,0xFC,0x00,0x00,0x03,0xFF,0xF1,0xFF,0xF8,0x00,0x00,0x0F,0xFF,0xC3,0xFF,0xF0,
  0x00,0x00,0x1F,0xFF,0x87,0xFF,0xF0,0x00,0x00,0x3F,0xFF,0x07,0xFF,0xE0,0x00,0x00,0xFF,0xFC,0x0F,0xFF,0xC0,0x00,0x01,0xFF,
  0xF8,0x1F,0xFF,0x80,0x00,0x03,0xFF,0xF0,0x1F,0xFF,0x80,0x00,0x0F,0xFF,0xC0,0x3F,0xFF,0x00,0x00,0x1F,0xFF,0x80,0x7F,0xFE,
  0x00,0x00,0x3F,0xFE,0x00,0x7F,0xFE,0x00,0x00,0xFF,0xFC,0x00,0xFF,0xFC,0x00,0x01,0xFF,0xF8,0x00,0xFF,0xF8,0x00,0x03,0xFF,
  0xE0,0x01,0xFF,0xF8,0x00,0x0F,0xFF,0xC0,0x03,0xFF,0xF0,0x00,0x1F,0xFF,0x80,0x03,0xFF,0xE0,0x00,0x3F,0xFE,0x00,0x07,0xFF,
  0xE0,0x00,0xFF,0xFC,0x00,0x0F,0xFF,0xC0,0x01,0xFF,0xF0,0x00,0x0F,0xFF,0x80,0x03,0xFF,0xE0,0x00,0x1F,0xFF,0x80,0x0F,0xFF,
  0xC0,0x00,0x3F,0xFF,0x00,0x1F,0xFF,0x00,0x00,0x3F,0xFE,0x00,0x3F,0xFE,0x00,0x00,0x7F,0xFE,0x00,0xFF,0xFC,0x00,0x00,0xFF,
  0xFC,0x01,0xFF,0xF0,0x00,0x00,0xFF,0xF8,0x03,0xFF,0xE0,0x00,0x01,0xFF,0xF0,0x0F,0xFF,0x80,0x00,0x01,0xFF,0xF0,0x1F,0xFF,
  0x00,0x00,0x03,0xFF,0xE0,0x3F,0xFE,0x00,0x00,0x07,0xFF,0xC0,0xFF,0xF8,0x00,0x00,0x07,0xFF,0xC1,0xFF,0xF0,0x00,0x00,0x0F,
  0xFF,0x83,0xFF,0xE0,0x00,0x00,0x1F,0xFF,0x0F,0xFF,0x80,0x00,0x00,0x1F,0xFF,0x1F,0xFF,0x00,0x00,0x00,0x3F,0xFE,0x3F,0xFE,
  0x00,0x00,0x00,0x7F,0xFC,0x7F,0xF8,0x00,0x00,0x00,0x7F,0xF9,0xFF,0xF0,0x00,0x00,0x00,0xFF,0xFB,0xFF,0xC0,0x00,0x00,0x00,
  0xFF,0xF7,0xFF,0x80,0x00,0x00,0x01,0xFF,0xFF,0xFF,0x00,0x00,0x00,0x03,0xFF,0xFF,0xFC,0x00,0x00,0x00,0x03,0xFF,0xFF,0xF8,
  0x00,0x00,0x00,0x07,0xFF,0xFF,0xF0,0x00,0x00,0x00,0x0F,0xFF,0xFF,0xC0,0x00,0x00,0x00,0x0F,0xFF,0xFF,0x80,0x00,0x00,0x00,
  0x1F,0xFF,0xFE,0x00,0x00,0x00,0x00,0x3F,0xFF,0xFC,0x00,0x00,0x00,0x00,0x3F,0xFF,0xF8,0x00,0x00,0x00,0x00,0x7F,0xFF,0xE0,
  0x00,0x00,0x00,0x00,0xFF,0xFF,0xC0,0x00,0x00,0x00,0x00,0xFF,0xFF,0x80,0x00,0x00,0xFF,0xF8,0x00,0x01,0xFF,0xFC,0x00,0x00,
  0xFF,0xFF,0xFF,0xC0,0x00,0x0F,0xFF,0xE0,0x00,0x07,0xFF,0xFF,0xFE,0x00,0x00,0xFF,0xFF,0x00,0x00,0x3F,0xFE,0xFF,0xF0,0x00,
  0x07,0xFF,0xFC,0x00,0x01,0xFF,0xE7,0xFF,0xC0,0x00,0x3F,0xFF,0xE0,0x00,0x0F,0xFF,0x3F,0xFE,0x00,0x01,0xFF,0xFF,0x00,0x00,
  0xFF,0xF9,0xFF,0xF0,0x00,0x1F,0xFF,0xFC,0x00,0x07,0xFF,0xC7,0xFF,0x80,0x00,0xFF,0xFF,0xE0,0x00,0x3F,0xFC,0x3F,0xFC,0x00,
  0x07,0xFF,0xFF,0x00,0x01,0xFF,0xE1,0xFF,0xF0,0x00,0x3F,0xFF,0xF8,0x00,0x1F,0xFF,0x0F,0xFF,0x80,0x03,0xFF,0xFF,0xE0,0x00,
  0xFF,0xF0,0x3F,0xFC,0x00,0x1F,0xFB,0xFF,0x00,0x07,0xFF,0x81,0xFF,0xE0,0x00,0xFF,0xDF,0xF8,0x00,0x3F,0xFC,0x0F,0xFF,0x00,
  0x0F,0xFE,0xFF,0xC0,0x01,0xFF,0xE0,0x7F,0xFC,0x00,0x7F,0xE7,0xFF,0x00,0x1F,0xFE,0x01,0xFF,0xE0,0x03,0xFF,0x1F,0xF8,0x00,
  0xFF,0xF0,0x0F,0xFF,0x00,0x1F,0xF8,0xFF,0xC0,0x07,0xFF,0x80,0x7F,0xF8,0x01,0xFF,0xC7,0xFE,0x00,0x3F,0xFC,0x03,0xFF,0xE0,
  0x0F,0xFE,0x3F,0xF8,0x03,0xFF,0xC0,0x0F,0xFF,0x00,0x7F,0xE0,0xFF,0xC0,0x1F,0xFE,0x00,0x7F,0xF8,0x03,0xFF,0x07,0xFE,0x00,
  0xFF,0xF0,0x03,0xFF,0xC0,0x3F,0xF8,0x3F,0xF0,0x07,0xFF,0x80,0x1F,0xFE,0x01,0xFF,0xC1,0xFF,0xC0,0x7F,0xF8,0x00,0x7F,0xF8,
  0x0F,0xFC,0x07,0xFE,0x03,0xFF,0xC0,0x03,0xFF,0xC0,0x7F,0xE0,0x3F,0xF0,0x1F,0xFE,0x00,0x1F,0xFE,0x07,0xFF,0x01,0xFF,0xC0,
  0xFF,0xF0,0x00,0x7F,0xF0,0x3F,0xF0,0x0F,0xFE,0x07,0xFF,0x00,0x03,0xFF,0xC1,0xFF,0x80,0x3F,0xF0,0x7F,0xF8,0x00,0x1F,0xFE,
  0x1F,0xFC,0x01,0xFF,0x83,0xFF,0xC0,0x00,0xFF,0xF0,0xFF,0xE0,0x0F,0xFE,0x1F,0xFC,0x00,0x03,0xFF,0x87,0xFE,0x00,0x7F,0xF0,
  0xFF,0xE0,0x00,0x1F,0xFC,0x3F,0xF0,0x01,0xFF,0x8F,0xFF,0x00,0x00,0xFF,0xF3,0xFF,0x80,0x0F,0xFC,0x7F,0xF8,0x00,0x07,0xFF,
  0x9F,0xFC,0x00,0x7F,0xF3,0xFF,0x80,0x00,0x1F,0xFC,0xFF,0xC0,0x03,0xFF,0x9F,0xFC,0x00,0x00,0xFF,0xE7,0xFE,0x00,0x0F,0xFC,
  0xFF,0xE0,0x00,0x07,0xFF,0x3F,0xF0,0x00,0x7F,0xEF,0xFF,0x00,0x00,0x3F,0xFF,0xFF,0x80,0x03,0xFF,0x7F,0xF0,0x00,0x00,0xFF,
  0xFF,0xF8,0x00,0x1F,0xFF,0xFF,0x80,0x00,0x07,0xFF,0xFF,0xC0,0x00,0x7F,0xFF,0xFC,0x00,0x00,0x3F,0xFF,0xFE,0x00,0x03,0xFF,
  0xFF,0xE0,0x00,0x01,0xFF,0xFF,0xE0,0x00,0x1F,0xFF,0xFE,0x00,0x00,0x07,0xFF,0xFF,0x00,0x00,0x7F,0xFF,0xF0,0x00,0x00,0x3F,
  0xFF,0xF8,0x00,0x03,0xFF,0xFF,0x80,0x00,0x01,0xFF,0xFF,0xC0,0x00,0x1F,0xFF,0xFC,0x00,0x00,0x0F,0xFF,0xFC,0x00,0x00,0xFF,
  0xFF,0xC0,0x00,0x00,0x3F,0xFF,0xE0,0x00,0x03,0xFF,0xFE,0x00,0x00,0x01,0xFF,0xFF,0x00,0x00,0x1F,0xFF,0xF0,0x00,0x00,0x0F,
  0xFF,0xF8,0x00,0x00,0xFF,0xFF,0x00,0x00,0x00,0x3F,0xFF,0x80,0x00,0x07,0xFF,0xF8,0x00,0x00,0x01,0xFF,0xFC,0x00,0x00,0x1F,
  0xFF,0xC0,0x00,0x00,0x0F,0xFF,0xE0,0x00,0x00,0xFF,0xFE,0x00,0x00,0x7F,0xFF,0x00,0x00,0x07,0xFF,0xF1,0xFF,0xF8,0x00,0x00,
  0x7F,0xFF,0x0F,0xFF,0xE0,0x00,0x03,0xFF,0xF8,0x3F,0xFF,0x80,0x00,0x3F,0xFF,0x80,0xFF,0xFC,0x00,0x01,0xFF,0xF8,0x03,0xFF,
  0xF0,0x00,0x1F,0xFF,0x80,0x1F,0xFF,0xC0,0x01,0xFF,0xFC,0x00,0x7F,0xFE,0x00,0x0F,0xFF,0xC0,0x01,0xFF,0xF8,0x00,0xFF,0xFC,
  0x00,0x0F,0xFF,0xE0,0x0F,0xFF,0xC0,0x00,0x3F,0xFF,0x00,0x7F,0xFE,0x00,0x00,0xFF,0xFC,0x07,0xFF,0xE0,0x00,0x03,0xFF,0xF0,
  0x7F,0xFE,0x00,0x00,0x1F,0xFF,0x83,0xFF,0xE0,0x00,0x00,0x7F,0xFE,0x3F,0xFF,0x00,0x00,0x01,0xFF,0xF3,0xFF,0xF0,0x00,0x00,
  0x0F,0xFF,0xDF,0xFF,0x00,0x00,0x00,0x3F,0xFF,0xFF,0xF8,0x00,0x00,0x00,0xFF,0xFF,0xFF,0x80,0x00,0x00,0x03,0xFF,0xFF,0xF8,
  0x00,0x00,0x00,0x1F,0xFF,0xFF,0x80,0x00,0x00,0x00,0x7F,0xFF,0xFC,0x00,0x00,0x00,0x01,0xFF,0xFF,0xC0,0x00,0x00,0x00,0x07,
  0xFF,0xFC,0x00,0x00,0x00,0x00,0x3F,0xFF,0xC0,0x00,0x00,0x00,0x01,0xFF,0xFE,0x00,0x00,0x00,0x00,0x0F,0xFF,0xF8,0x00,0x00,
  0x00,0x00,0xFF,0xFF,0xE0,0x00,0x00,0x00,0x0F,0xFF,0xFF,0x80,0x00,0x00,0x00,0x7F,0xFF,0xFC,0x00,0x00,0x00,0x07,0xFF,0xFF,
  0xF0,0x00,0x00,0x00,0x7F,0xFF,0xFF,0xC0,0x00,0x00,0x07,0xFF,0xFF,0xFE,0x00,0x00,0x00,0x3F,0xFF,0xFF,0xF8,0x00,0x00,0x03,
  0xFF,0xF7,0xFF,0xE0,0x00,0x00,0x3F,0xFF,0x1F,0xFF,0x80,0x00,0x01,0xFF,0xF0,0xFF,0xFC,0x00,0x00,0x1F,0xFF,0x83,0xFF,0xF0,
  0x00,0x01,0xFF,0xF8,0x0F,0xFF,0xC0,0x00,0x0F,0xFF,0x80,0x7F,0xFE,0x00,0x00,0xFF,0xFC,0x01,0xFF,0xF8,0x00,0x0F,0xFF,0xC0,
  0x07,0xFF,0xE0,0x00,0xFF,0xFC,0x00,0x3F,0xFF,0x80,0x07,0xFF,0xE0,0x00,0xFF,0xFC,0x00,0x7F,0xFE,0x00,0x03,0xFF,0xF0,0x07,
  0xFF,0xE0,0x00,0x1F,0xFF,0xC0,0x3F,0xFF,0x00,0x00,0x7F,0xFE,0x03,0xFF,0xF0,0x00,0x01,0xFF,0xF8,0x3F,0xFF,0x00,0x00,0x0F,
  0xFF,0xE3,0xFF,0xF8,0x00,0x00,0x3F,0xFF,0x9F,0xFF,0x80,0x00,0x00,0xFF,0xFD,0xFF,0xFC,0x00,0x00,0x07,0xFF,0xF0,0xFF,0xFC,
  0x00,0x00,0x01,0xFF,0xFF,0xFF,0xF0,0x00,0x00,0x0F,0xFF,0xDF,0xFF,0x80,0x00,0x00,0xFF,0xFE,0xFF,0xFC,0x00,0x00,0x07,0xFF,
  0xE3,0xFF,0xF0,0x00,0x00,0x3F,0xFF,0x1F,0xFF,0x80,0x00,0x03,0xFF,0xF8,0xFF,0xFC,0x00,0x00,0x1F,0xFF,0x83,0xFF,0xF0,0x00,
  0x00,0xFF,0xFC,0x1F,0xFF,0x80,0x00,0x07,0xFF,0xC0,0x7F,0xFC,0x00,0x00,0x7F,0xFE,0x03,0xFF,0xF0,0x00,0x03,0xFF,0xF0,0x1F,
  0xFF,0x80,0x00,0x1F,0xFF,0x00,0x7F,0xFC,0x00,0x01,0xFF,0xF8,0x03,0xFF,0xF0,0x00,0x0F,0xFF,0x80,0x0F,0xFF,0x80,0x00,0x7F,
  0xFC,0x00,0x7F,0xFC,0x00,0x07,0xFF,0xE0,0x03,0xFF,0xF0,0x00,0x3F,0xFE,0x00,0x0F,0xFF,0x80,0x01,0xFF,0xF0,0x00,0x7F,0xFE,
  0x00,0x1F,0xFF,0x80,0x01,0xFF,0xF0,0x00,0xFF,0xF8,0x00,0x0F,0xFF,0x80,0x07,0xFF,0xC0,0x00,0x7F,0xFE,0x00,0x7F,0xFC,0x00,
  0x01,0xFF,0xF0,0x03,0xFF,0xE0,0x00,0x0F,0xFF,0x80,0x1F,0xFF,0x00,0x00,0x3F,0xFE,0x01,0xFF,0xF0,0x00,0x01,0xFF,0xF0,0x0F,
  0xFF,0x80,0x00,0x0F,0xFF,0x80,0x7F,0xFC,0x00,0x00,0x3F,0xFE,0x03,0xFF,0xC0,0x00,0x01,0xFF,0xF0,0x3F,0xFE,0x00,0x00,0x07,
  0xFF,0x81,0xFF,0xE0,0x00,0x00,0x3F,0xFE,0x0F,0xFF,0x00,0x00,0x01,0xFF,0xF0,0xFF,0xF8,0x00,0x00,0x07,0xFF,0x87,0xFF,0x80,
  0x00,0x00,0x3F,0xFC,0x3F,0xFC,0x00,0x00,0x00,0xFF,0xF1,0xFF,0xC0,0x00,0x00,0x07,0xFF,0x9F,0xFE,0x00,0x00,0x00,0x1F,0xFC,
  0xFF,0xF0,0x00,0x00,0x00,0xFF,0xF7,0xFF,0x00,0x00,0x00,0x07,0xFF,0xBF,0xF8,0x00,0x00,0x00,0x1F,0xFF,0xFF,0xC0,0x00,0x00,
  0x00,0xFF,0xFF,0xFC,0x00,0x00,0x00,0x03,0xFF,0xFF,0xE0,0x00,0x00,0x00,0x1F,0xFF,0xFE,0x00,0x00,0x00,0x00,0xFF,0xFF,0xF0,
  0x00,0x00,0x00,0x03,0xFF,0xFF,0x80,0x00,0x00,0x00,0x1F,0xFF,0xF8,0x00,0x00,0x00,0x00,0x7F,0xFF,0xC0,0x00,0x00,0x00,0x03,
  0xFF,0xFC,0x00,0x00,0x00,0x00,0x1F,0xFF,0xE0,0x00,0x00,0x00,0x00,0x7F,0xFF,0x00,0x00,0x00,0x00,0x03,0xFF,0xF0,0x00,0x00,
  0x00,0x00,0x1F,0xFF,0x80,0x00,0x00,0x00,0x00,0xFF,0xFC,0x00,0x00,0x00,0x00,0x0F,0xFF,0xC0,0x00,0x00,0x00,0x00,0x7F,0xFE,
  0x00,0x00,0x00,0x00,0x03,0xFF,0xE0,0x00,0x00,0x00,0x00,0x3F,0xFF,0x00,0x00,0x00,0x00,0x01,0xFF,0xF8,0x00,0x00,0x00,0x00,
  0x1F,0xFF,0x80,0x00,0x00,0x00,0x01,0xFF,0xFC,0x00,0x00,0x00,0x00,0x0F,0xFF,0xC0,0x00,0x00,0x00,0x01,0xFF,0xFE,0x00,0x00,
  0x00,0x00,0x3F,0xFF,0xE0,0x00,0x00,0x01,0xFF,0xFF,0xFF,0x00,0x00,0x00,0x0F,0xFF,0xFF,0xF0,0x00,0x00,0x00,0x7F,0xFF,0xFF,
  0x00,0x00,0x00,0x03,0xFF,0xFF,0xF0,0x00,0x00,0x00,0x1F,0xFF,0xFF,0x80,0x00,0x00,0x00,0xFF,0xFF,0xF8,0x00,0x00,0x00,0x07,
  0xFF,0xFF,0x80,0x00,0x00,0x00,0x3F,0xFF,0xF0,0x00,0x00,0x00,0x01,0xFF,0xFE,0x00,0x00,0x00,0x00,0x07,0xFF,0xC0,0x00,0x00,
  0x00,0x00,0x3F,0xFF,0xFF,0xFF,0xFF,0x0F,0xFF,0xFF,0xFF,0xFF,0xC3,0xFF,0xFF,0xFF,0xFF,0xF0,0xFF,0xFF,0xFF,0xFF,0xFC,0x3F,
  0xFF,0xFF,0xFF,0xFF,0x0F,0xFF,0xFF,0xFF,0xFF,0xC3,0xFF,0xFF,0xFF,0xFF,0xF0,0xFF,0xFF,0xFF,0xFF,0xFC,0x3F,0xFF,0xFF,0xFF,
  0xFF,0x0F,0xFF,0xFF,0xFF,0xFF,0xC0,0x00,0x00,0x0F,0xFF,0xE0,0x00,0x00,0x07,0xFF,0xF0,0x00,0x00,0x03,0xFF,0xFC,0x00,0x00,
  0x00,0xFF,0xFE,0x00,0x00,0x00,0x7F,0xFF,0x00,0x00,0x00,0x3F,0xFF,0x80,0x00,0x00,0x1F,0xFF,0xC0,0x00,0x00,0x07,0xFF,0xF0,
  0x00,0x00,0x03,0xFF,0xF8,0x00,0x00,0x01,0xFF,0xFC,0x00,0x00,0x00,0xFF,0xFE,0x00,0x00,0x00,0x3F,0xFF,0x80,0x00,0x00,0x1F,
  0xFF,0xC0,0x00,0x00,0x0F,0xFF,0xE0,0x00,0x00,0x07,0xFF,0xF0,0x00,0x00,0x01,0xFF,0xFC,0x00,0x00,0x00,0xFF,0xFE,0x00,0x00,
  0x00,0x7F,0xFF,0x00,0x00,0x00,0x3F,0xFF,0x80,0x00,0x00,0x0F,0xFF,0xE0,0x00,0x00,0x07,0xFF,0xF0,0x00,0x00,0x03,0xFF,0xF8,
  0x00,0x00,0x01,0xFF,0xFC,0x00,0x00,0x00,0x7F,0xFF,0x00,0x00,0x00,0x3F,0xFF,0x80,0x00,0x00,0x1F,0xFF,0xC0,0x00,0x00,0x0F,
  0xFF,0xE0,0x00,0x00,0x03,0xFF,0xF8,0x00,0x00,0x01,0xFF,0xFC,0x00,0x00,0x00,0xFF,0xFE,0x00,0x00,0x00,0x7F,0xFF,0x00,0x00,
  0x00,0x1F,0xFF,0xC0,0x00,0x00,0x0F,0xFF,0xFF,0xFF,0xFF,0xFF,0xFF,0xFF,0xFF,0xFF,0xFF,0xFF,0xFF,0xFF,0xFF,0xFF,0xFF,0xFF,
  0xFF,0xFF,0xFF,0xFF,0xFF,0xFF,0xFF,0xFF,0xFF,0xFF,0xFF,0xFF,0xFF,0xFF,0xFF,0xFF,0xFF,0xFF,0xFF,0xFF,0xFF,0xFF,0xFF,0xFF,
  0xFF,0xFF,0xFF,0xFF,0xFF,0xFF,0xFF,0xFF,0xFF,0xFF,0xFF,0x00,0x00,0x0F,0xFF,0xE0,0x00,0x07,0xFF,0xFC,0x00,0x03,0xFF,0xFF,
  0x80,0x00,0xFF,0xFF,0xF0,0x00,0x3F,0xFF,0xFE,0x00,0x0F,0xFF,0xFF,0xC0,0x03,0xFF,0xFF,0xF8,0x00,0x7F,0xFF,0xFF,0x00,0x0F,
  0xFF,0xFF,0xE0,0x03,0xFF,0xFF,0x00,0x00,0x7F,0xFF,0x80,0x00,0x0F,0xFF,0xE0,0x00,0x01,0xFF,0xF8,0x00,0x00,0x3F,0xFE,0x00,
  0x00,0x07,0xFF,0xC0,0x00,0x00,0xFF,0xF8,0x00,0x00,0x1F,0xFF,0x00,0x00,0x03,0xFF,0xC0,0x00,0x00,0x7F,0xF8,0x00,0x00,0x0F,
  0xFF,0x00,0x00,0x01,0xFF,0xE0,0x00,0x00,0x3F,0xFC,0x00,0x00,0x07,0xFF,0x80,0x00,0x00,0xFF,0xF0,0x00,0x00,0x1F,0xFE,0x00,
  0x00,0x03,0xFF,0xC0,0x00,0x00,0x7F,0xF8,0x00,0x00,0x0F,0xFF,0x00,0x00,0x01,0xFF,0xE0,0x00,0x00,0x3F,0xFC,0x00,0x00,0x07,
  0xFF,0x80,0x00,0x00,0xFF,0xF0,0x00,0x00,0x3F,0xFE,0x00,0x00,0x07,0xFF,0xC0,0x00,0x00,0xFF,0xF8,0x00,0x00,0x1F,0xFF,0x00,
  0x00,0x03,0xFF,0xE0,0x00,0x00,0xFF,0xFC,0x00,0x00,0x3F,0xFF,0x80,0x00,0x0F,0xFF,0xE0,0x00,0x03,0xFF,0xFC,0x00,0x03,0xFF,
  0xFF,0x00,0x03,0xFF,0xFF,0xC0,0x00,0x7F,0xFF,0xF0,0x00,0x0F,0xFF,0xFC,0x00,0x01,0xFF,0xFE,0x00,0x00,0x3F,0xFF,0x00,0x00,
  0x07,0xFF,0xF8,0x00,0x00,0xFF,0xFF,0xC0,0x00,0x1F,0xFF,0xFC,0x00,0x03,0xFF,0xFF,0xC0,0x00,0x7F,0xFF,0xFC,0x00,0x00,0x7F,
  0xFF,0xC0,0x00,0x03,0xFF,0xF8,0x00,0x00,0x3F,0xFF,0x80,0x00,0x03,0xFF,0xF0,0x00,0x00,0x7F,0xFE,0x00,0x00,0x07,0xFF,0xC0,
  0x00,0x00,0xFF,0xF8,0x00,0x00,0x1F,0xFF,0x00,0x00,0x03,0xFF,0xE0,0x00,0x00,0x3F,0xFC,0x00,0x00,0x07,0xFF,0x80,0x00,0x00,
  0xFF,0xF0,0x00,0x00,0x1F,0xFE,0x00,0x00,0x03,0xFF,0xC0,0x00,0x00,0x7F,0xF8,0x00,0x00,0x0F,0xFF,0x00,0x00,0x01,0xFF,0xE0,
  0x00,0x00,0x3F,0xFC,0x00,0x00,0x07,0xFF,0x80,0x00,0x00,0xFF,0xF0,0x00,0x00,0x1F,0xFE,0x00,0x00,0x03,0xFF,0xC0,0x00,0x00,
  0x7F,0xF8,0x00,0x00,0x0F,0xFF,0x00,0x00,0x01,0xFF,0xF0,0x00,0x00,0x3F,0xFE,0x00,0x00,0x07,0xFF,0xC0,0x00,0x00,0xFF,0xF8,
  0x00,0x00,0x1F,0xFF,0x80,0x00,0x03,0xFF,0xF8,0x00,0x00,0x7F,0xFF,0x80,0x00,0x0F,0xFF,0xFE,0x00,0x00,0xFF,0xFF,0xFE,0x00,
  0x1F,0xFF,0xFF,0xC0,0x03,0xFF,0xFF,0xF8,0x00,0x3F,0xFF,0xFF,0x00,0x03,0xFF,0xFF,0xE0,0x00,0x3F,0xFF,0xFC,0x00,0x03,0xFF,
  0xFF,0x80,0x00,0x1F,0xFF,0xF0,0x00,0x00,0x7F,0xFE,0xFF,0xFF,0xFF,0xFF,0xFF,0xFF,0xFF,0xFF,0xFF,0xFF,0xFF,0xFF,0xFF,0xFF,
  0xFF,0xFF,0xFF,0xFF,0xFF,0xFF,0xFF,0xFF,0xFF,0xFF,0xFF,0xFF,0xFF,0xFF,0xFF,0xFF,0xFF,0xFF,0xFF,0xFF,0xFF,0xFF,0xFF,0xFF,
  0xFF,0xFF,0xFF,0xFF,0xFF,0xFF,0xFF,0xFF,0xFF,0xFF,0xFF,0xFF,0xFF,0xFF,0xFF,0xFF,0xFF,0xFF,0xFF,0xFF,0xFF,0xFF,0xFF,0xFF,
  0xFF,0xFF,0xFF,0xFF,0xFF,0xFF,0xFF,0xFF,0xFF,0xFF,0xFF,0xFF,0xFF,0xFF,0xFF,0xFF,0xFF,0xFF,0xFF,0xFF,0xFF,0xFF,0xFF,0xFF,
  0xFF,0xFF,0xFF,0xFF,0xFF,0xFF,0xFF,0xFF,0xFF,0xFF,0xFF,0xFF,0xFF,0xFF,0xFF,0xFF,0xFF,0xFF,0xFF,0xFF,0xFF,0xFF,0xFF,0xFF,
  0xFF,0xFF,0xFF,0xFF,0xFF,0xFF,0xFF,0xFF,0xFF,0xFF,0xFF,0xFF,0xFF,0xFF,0xFF,0xFF,0xFF,0xFF,0xFF,0xFF,0xFF,0xFF,0xFF,0xFF,
  0xFF,0xFF,0xFF,0xFF,0xFF,0xFF,0xFF,0xFF,0xFF,0xFF,0xFF,0xFF,0xFF,0xFF,0xFF,0xFF,0xFF,0xFF,0xFC,0xFF,0xFC,0x00,0x00,0x1F,
  0xFF,0xF0,0x00,0x03,0xFF,0xFF,0x80,0x00,0x7F,0xFF,0xF8,0x00,0x0F,0xFF,0xFF,0x80,0x01,0xFF,0xFF,0xF8,0x00,0x3F,0xFF,0xFF,
  0x00,0x07,0xFF,0xFF,0xF0,0x00,0xFF,0xFF,0xFE,0x00,0x00,0xFF,0xFF,0xC0,0x00,0x03,0xFF,0xFC,0x00,0x00,0x3F,0xFF,0x80,0x00,
  0x03,0xFF,0xF0,0x00,0x00,0x7F,0xFE,0x00,0x00,0x0F,0xFF,0xC0,0x00,0x00,0xFF,0xF8,0x00,0x00,0x1F,0xFF,0x00,0x00,0x03,0xFF,
  0xE0,0x00,0x00,0x7F,0xFC,0x00,0x00,0x0F,0xFF,0x80,0x00,0x01,0xFF,0xF0,0x00,0x00,0x3F,0xFE,0x00,0x00,0x07,0xFF,0xC0,0x00,
  0x00,0xFF,0xF8,0x00,0x00,0x1F,0xFF,0x00,0x00,0x03,0xFF,0xE0,0x00,0x00,0x7F,0xFC,0x00,0x00,0x0F,0xFF,0x80,0x00,0x01,0xFF,
  0xF0,0x00,0x00,0x3F,0xFE,0x00,0x00,0x07,0xFF,0xC0,0x00,0x00,0xFF,0xF8,0x00,0x00,0x1F,0xFF,0x00,0x00,0x03,0xFF,0xE0,0x00,
  0x00,0x7F,0xFC,0x00,0x00,0x0F,0xFF,0xC0,0x00,0x01,0xFF,0xF8,0x00,0x00,0x1F,0xFF,0x80,0x00,0x03,0xFF,0xF0,0x00,0x00,0x7F,
  0xFF,0x00,0x00,0x07,0xFF,0xF8,0x00,0x00,0xFF,0xFF,0xE0,0x00,0x0F,0xFF,0xFF,0x80,0x00,0xFF,0xFF,0xF0,0x00,0x0F,0xFF,0xFE,
  0x00,0x00,0x7F,0xFF,0xC0,0x00,0x01,0xFF,0xF8,0x00,0x00,0xFF,0xFF,0x00,0x00,0x7F,0xFF,0xE0,0x00,0x3F,0xFF,0xFC,0x00,0x0F,
  0xFF,0xFF,0x80,0x01,0xFF,0xFF,0xF0,0x00,0x7F,0xFF,0x80,0x00,0x1F,0xFF,0xE0,0x00,0x03,0xFF,0xF0,0x00,0x00,0x7F,0xFE,0x00,
  0x00,0x1F,0xFF,0x80,0x00,0x03,0xFF,0xF0,0x00,0x00,0x7F,0xFC,0x00,0x00,0x0F,0xFF,0x80,0x00,0x01,0xFF,0xF0,0x00,0x00,0x3F,
  0xFE,0x00,0x00,0x07,0xFF,0xC0,0x00,0x00,0xFF,0xF8,0x00,0x00,0x1F,0xFF,0x00,0x00,0x03,0xFF,0xE0,0x00,0x00,0x7F,0xFC,0x00,
  0x00,0x0F,0xFF,0x80,0x00,0x01,0xFF,0xF0,0x00,0x00,0x3F,0xFE,0x00,0x00,0x07,0xFF,0xC0,0x00,0x00,0xFF,0xF8,0x00,0x00,0x1F,
  0xFF,0x00,0x00,0x03,0xFF,0xE0,0x00,0x00,0x7F,0xFC,0x00,0x00,0x0F,0xFF,0x80,0x00,0x01,0xFF,0xF0,0x00,0x00,0x3F,0xFE,0x00,
  0x00,0x0F,0xFF,0xC0,0x00,0x01,0xFF,0xF8,0x00,0x00,0x3F,0xFF,0x00,0x00,0x0F,0xFF,0xE0,0x00,0x03,0xFF,0xF8,0x00,0x03,0xFF,
  0xFF,0x00,0x0F,0xFF,0xFF,0xE0,0x01,0xFF,0xFF,0xFC,0x00,0x3F,0xFF,0xFF,0x00,0x07,0xFF,0xFF,0xC0,0x00,0xFF,0xFF,0xF8,0x00,
  0x1F,0xFF,0xFE,0x00,0x03,0xFF,0xFF,0x00,0x00,0x7F,0xFF,0xC0,0x00,0x0F,0xFF,0xC0,0x00,0x00,0x00,0xFF,0xC0,0x00,0x00,0x00,
  0x03,0xFF,0xFF,0x00,0x00,0x00,0x03,0xFF,0xFF,0xF8,0x00,0x00,0x0D,0xFF,0xFF,0xFF,0xC0,0x00,0x07,0xFF,0xFF,0xFF,0xFE,0x00,
  0x07,0xFF,0xFF,0xFF,0xFF,0xF0,0x0F,0xFF,0xFF,0xFF,0xFF,0xFF,0xFF,0xFF,0xFF,0xFF,0xFF,0xFF,0xFF,0xFF,0xFF,0xFF,0xFF,0xFF,
  0xFF,0xFF,0xFF,0xFF,0xFF,0xFF,0xFF,0xFF,0xFF,0xF8,0x1F,0xFF,0xFF,0xFF,0xFF,0xE0,0x00,0x3F,0xFF,0xFF,0xFF,0xE0,0x00,0x01,
  0xFF,0xFF,0xFF,0xF0,0x00,0x00,0x0F,0xFF,0xFF,0xC0,0x00,0x00,0x00,0x7F,0xFF,0xC0,0x00,0x00,0x00,0x03,0xFF,0x80,0x00,0x0F,
  0xF0,0x00,0x00,0xFF,0xFC,0x00,0x07,0xFF,0xFE,0x00,0x1F,0xFF,0xFE,0x00,0x7F,0xFF,0xFE,0x01,0xFF,0xFF,0xFE,0x07,0xFF,0xFF,
  0xFE,0x1F,0xFE,0x1F,0xFC,0x3F,0xE0,0x0F,0xFC,0xFF,0x80,0x0F,0xF9,0xFE,0x00,0x0F,0xFB,0xFC,0x00,0x0F,0xFF,0xF0,0x00,0x1F,
  0xFF,0xE0,0x00,0x3F,0xFF,0xC0,0x00,0x3F,0xFF,0x80,0x00,0x7F,0xFF,0x00,0x01,0xFF,0xFE,0x00,0x03,0xFD,0xFE,0x00,0x07,0xFB,
  0xFC,0x00,0x1F,0xF7,0xFC,0x00,0x7F,0xC7,0xFC,0x01,0xFF,0x8F,0xFF,0x0F,0xFE,0x0F,0xFF,0xFF,0xFC,0x0F,0xFF,0xFF,0xF0,0x0F,
  0xFF,0xFF,0xC0,0x0F,0xFF,0xFF,0x00,0x0F,0xFF,0xFC,0x00,0x07,0xFF,0xE0,0x00,0x03,0xFE,0x00,0x00,0x00,0x1F,0xFF,0x00,0x00,
  0x00,0x00,0x00,0x3F,0xFF,0x00,0x00,0x00,0x00,0x00,0x7F,0xFF,0x00,0x00,0x00,0x00,0x00,0x7F,0xFF,0x00,0x00,0x00,0x00,0x00,
  0x3F,0xFF,0x00,0x00,0x00,0x00,0x00,0x3F,0xFE,0x00,0x00,0x00,0x00,0x00,0x1F,0xFE,0x00,0x00,0x00,0x00,0x00,0x1F,0xFE,0x00,
  0x00,0x00,0x00,0x00,0x1F,0xFE,0x00,0x00,0x00,0x00,0x00,0x0F,0xFE,0x00,0x00,0x00,0x00,0x00,0x0F,0xFE,0x00,0x00,0x00,0x00,
  0x00,0x0F,0xFE,0x00,0x00,0x00,0x00,0x00,0x07,0xFE,0x00,0x00,0x00,0x00,0x00,0x07,0xFC,0x00,0x00,0x00,0x00,0x00,0x00,0x00,
  0x00,0x00,0x00,0x00,0x00,0x00,0x00,0x00,0x00,0x00,0x00,0x00,0x00,0x00,0x00,0x00,0x00,0x00,0x00,0x00,0x00,0x00,0x00,0x00,
  0x00,0x00,0x00,0x00,0x00,0x00,0x00,0x00,0x00,0x00,0x00,0x00,0x0F,0xFF,0xFF,0xFF,0xFF,0xFF,0xFF,0x9F,0xFF,0xFF,0xFF,0xFF,
  0xFF,0xFF,0x3F,0xFF,0xFF,0xFF,0xFF,0xFF,0xFE,0x7F,0xFF,0xFF,0xFF,0xFF,0xFF,0xFC,0xFF,0xFF,0xFF,0xFF,0xFF,0xFF,0xF9,0xFF,
  0xFF,0xFF,0xFF,0xFF,0xFF,0xF3,0xFF,0xFF,0xFF,0xFF,0xFF,0xFF,0xE7,0xFF,0xFF,0xFF,0xFF,0xFF,0xFF,0xCF,0xFF,0xFF,0xFF,0xFF,
  0xFF,0xFF,0x9F,0xFF,0xFF,0xFF,0xFF,0xFF,0xFF,0x3F,0xFF,0xFF,0xFF,0xFF,0xFF,0xFE,0x7F,0xFE,0x00,0x00,0x00,0x00,0x00,0xFF,
  0xFC,0x00,0x00,0x00,0x00,0x01,0xFF,0xF8,0x00,0x00,0x00,0x00,0x03,0xFF,0xF0,0x00,0x00,0x00,0x00,0x07,0xFF,0xE0,0x00,0x00,
  0x00,0x00,0x0F,0xFF,0xC0,0x00,0x00,0x00,0x00,0x1F,0xFF,0x80,0x00,0x00,0x00,0x00,0x3F,0xFF,0x00,0x00,0x00,0x00,0x00,0x7F,
  0xFE,0x00,0x00,0x00,0x00,0x00,0xFF,0xFC,0x00,0x00,0x00,0x00,0x01,0xFF,0xF8,0x00,0x00,0x00,0x00,0x03,0xFF,0xF0,0x00,0x00,
  0x00,0x00,0x07,0xFF,0xE0,0x00,0x00,0x00,0x00,0x0F,0xFF,0xC0,0x00,0x00,0x00,0x00,0x1F,0xFF,0x80,0x00,0x00,0x00,0x00,0x3F,
  0xFF,0x00,0x00,0x00,0x00,0x00,0x7F,0xFE,0x00,0x00,0x00,0x00,0x00,0xFF,0xFF,0xFF,0xFF,0xFF,0xFF,0xC1,0xFF,0xFF,0xFF,0xFF,
  0xFF,0xFF,0x83,0xFF,0xFF,0xFF,0xFF,0xFF,0xFF,0x07,0xFF,0xFF,0xFF,0xFF,0xFF,0xFE,0x0F,0xFF,0xFF,0xFF,0xFF,0xFF,0xFC,0x1F,
  0xFF,0xFF,0xFF,0xFF,0xFF,0xF8,0x3F,0xFF,0xFF,0xFF,0xFF,0xFF,0xF0,0x7F,0xFF,0xFF,0xFF,0xFF,0xFF,0xE0,0xFF,0xFF,0xFF,0xFF,
  0xFF,0xFF,0xC1,0xFF,0xFF,0xFF,0xFF,0xFF,0xFF,0x83,0xFF,0xFF,0xFF,0xFF,0xFF,0xFF,0x07,0xFF,0xE0,0x00,0x00,0x00,0x00,0x0F,
  0xFF,0xC0,0x00,0x00,0x00,0x00,0x1F,0xFF,0x80,0x00,0x00,0x00,0x00,0x3F,0xFF,0x00,0x00,0x00,0x00,0x00,0x7F,0xFE,0x00,0x00,
  0x00,0x00,0x00,0xFF,0xFC,0x00,0x00,0x00,0x00,0x01,0xFF,0xF8,0x00,0x00,0x00,0x00,0x03,0xFF,0xF0,0x00,0x00,0x00,0x00,0x07,
  0xFF,0xE0,0x00,0x00,0x00,0x00,0x0F,0xFF,0xC0,0x00,0x00,0x00,0x00,0x1F,0xFF,0x80,0x00,0x00,0x00,0x00,0x3F,0xFF,0x00,0x00,
  0x00,0x00,0x00,0x7F,0xFE,0x00,0x00,0x00,0x00,0x00,0xFF,0xFC,0x00,0x00,0x00,0x00,0x01,0xFF,0xF8,0x00,0x00,0x00,0x00,0x03,
  0xFF,0xF0,0x00,0x00,0x00,0x00,0x07,0xFF,0xE0,0x00,0x00,0x00,0x00,0x0F,0xFF,0xC0,0x00,0x00,0x00,0x00,0x1F,0xFF,0xFF,0xFF,
  0xFF,0xFF,0xFF,0xFF,0xFF,0xFF,0xFF,0xFF,0xFF,0xFF,0xFF,0xFF,0xFF,0xFF,0xFF,0xFF,0xFF,0xFF,0xFF,0xFF,0xFF,0xFF,0xFF,0xFF,
  0xFF,0xFF,0xFF,0xFF,0xFF,0xFF,0xFF,0xFF,0xFF,0xFF,0xFF,0xFF,0xFF,0xFF,0xFF,0xFF,0xFF,0xFF,0xFF,0xFF,0xFF,0xFF,0xFF,0xFF,
  0xFF,0xFF,0xFF,0xFF,0xFF,0xFF,0xFF,0xFF,0xFF,0xFF,0xFF,0xFF,0xFF,0xFF,0xFF,0xFF,0xFF,0xFF,0xFF,0xFF,0xFF,0xFF,0xFF,0xFF,
  0x00,0x0F,0xF8,0x00,0x3F,0xE0,0x00,0x00,0x1F,0xF0,0x00,0x7F,0xC0,0x00,0x00,0x3F,0xE0,0x00,0xFF,0x80,0x00,0x00,0x7F,0xC0,
  0x01,0xFF,0x00,0x00,0x00,0xFF,0x80,0x03,0xFE,0x00,0x00,0x01,0xFF,0x00,0x07,0xFC,0x00,0x00,0x03,0xFE,0x00,0x0F,0xF8,0x00,
  0x00,0x07,0xFC,0x00,0x1F,0xF0,0x00,0x00,0x0F,0xF8,0x00,0x3F,0xE0,0x00,0x00,0x1F,0xF0,0x00,0x7F,0xC0,0x00,0x00,0x3F,0xE0,
  0x00,0xFF,0x80,0x00,0x00,0x00,0x00,0x00,0x00,0x00,0x00,0x00,0x00,0x00,0x00,0x00,0x00,0x00,0x00,0x00,0x00,0x00,0x00,0x00,
  0x00,0x00,0x00,0x00,0x00,0x00,0x00,0x00,0x00,0x00,0x00,0x00,0x00,0x00,0x00,0x00,0x00,0x00,0x00,0x00,0x01,0xFF,0xFF,0xFF,
  0xFF,0xFF,0xFF,0xF3,0xFF,0xFF,0xFF,0xFF,0xFF,0xFF,0xE7,0xFF,0xFF,0xFF,0xFF,0xFF,0xFF,0xCF,0xFF,0xFF,0xFF,0xFF,0xFF,0xFF,
  0x9F,0xFF,0xFF,0xFF,0xFF,0xFF,0xFF,0x3F,0xFF,0xFF,0xFF,0xFF,0xFF,0xFE,0x7F,0xFF,0xFF,0xFF,0xFF,0xFF,0xFC,0xFF,0xFF,0xFF,
  0xFF,0xFF,0xFF,0xF9,0xFF,0xFF,0xFF,0xFF,0xFF,0xFF,0xF3,0xFF,0xFF,0xFF,0xFF,0xFF,0xFF,0xE7,0xFF,0xFF,0xFF,0xFF,0xFF,0xFF,
  0xCF,0xFF,0xC0,0x00,0x00,0x00,0x00,0x1F,0xFF,0x80,0x00,0x00,0x00,0x00,0x3F,0xFF,0x00,0x00,0x00,0x00,0x00,0x7F,0xFE,0x00,
  0x00,0x00,0x00,0x00,0xFF,0xFC,0x00,0x00,0x00,0x00,0x01,0xFF,0xF8,0x00,0x00,0x00,0x00,0x03,0xFF,0xF0,0x00,0x00,0x00,0x00,
  0x07,0xFF,0xE0,0x00,0x00,0x00,0x00,0x0F,0xFF,0xC0,0x00,0x00,0x00,0x00,0x1F,0xFF,0x80,0x00,0x00,0x00,0x00,0x3F,0xFF,0x00,
  0x00,0x00,0x00,0x00,0x7F,0xFE,0x00,0x00,0x00,0x00,0x00,0xFF,0xFC,0x00,0x00,0x00,0x00,0x01,0xFF,0xF8,0x00,0x00,0x00,0x00,
  0x03,0xFF,0xF0,0x00,0x00,0x00,0x00,0x07,0xFF,0xE0,0x00,0x00,0x00,0x00,0x0F,0xFF,0xC0,0x00,0x00,0x00,0x00,0x1F,0xFF,0xFF,
  0xFF,0xFF,0xFF,0xF8,0x3F,0xFF,0xFF,0xFF,0xFF,0xFF,0xF0,0x7F,0xFF,0xFF,0xFF,0xFF,0xFF,0xE0,0xFF,0xFF,0xFF,0xFF,0xFF,0xFF,
  0xC1,0xFF,0xFF,0xFF,0xFF,0xFF,0xFF,0x83,0xFF,0xFF,0xFF,0xFF,0xFF,0xFF,0x07,0xFF,0xFF,0xFF,0xFF,0xFF,0xFE,0x0F,0xFF,0xFF,
  0xFF,0xFF,0xFF,0xFC,0x1F,0xFF,0xFF,0xFF,0xFF,0xFF,0xF8,0x3F,0xFF,0xFF,0xFF,0xFF,0xFF,0xF0,0x7F,0xFF,0xFF,0xFF,0xFF,0xFF,
  0xE0,0xFF,0xFC,0x00,0x00,0x00,0x00,0x01,0xFF,0xF8,0x00,0x00,0x00,0x00,0x03,0xFF,0xF0,0x00,0x00,0x00,0x00,0x07,0xFF,0xE0,
  0x00,0x00,0x00,0x00,0x0F,0xFF,0xC0,0x00,0x00,0x00,0x00,0x1F,0xFF,0x80,0x00,0x00,0x00,0x00,0x3F,0xFF,0x00,0x00,0x00,0x00,
  0x00,0x7F,0xFE,0x00,0x00,0x00,0x00,0x00,0xFF,0xFC,0x00,0x00,0x00,0x00,0x01,0xFF,0xF8,0x00,0x00,0x00,0x00,0x03,0xFF,0xF0,
  0x00,0x00,0x00,0x00,0x07,0xFF,0xE0,0x00,0x00,0x00,0x00,0x0F,0xFF,0xC0,0x00,0x00,0x00,0x00,0x1F,0xFF,0x80,0x00,0x00,0x00,
  0x00,0x3F,0xFF,0x00,0x00,0x00,0x00,0x00,0x7F,0xFE,0x00,0x00,0x00,0x00,0x00,0xFF,0xFC,0x00,0x00,0x00,0x00,0x01,0xFF,0xF8,
  0x00,0x00,0x00,0x00,0x03,0xFF,0xFF,0xFF,0xFF,0xFF,0xFF,0xFF,0xFF,0xFF,0xFF,0xFF,0xFF,0xFF,0xFF,0xFF,0xFF,0xFF,0xFF,0xFF,
  0xFF,0xFF,0xFF,0xFF,0xFF,0xFF,0xFF,0xFF,0xFF,0xFF,0xFF,0xFF,0xFF,0xFF,0xFF,0xFF,0xFF,0xFF,0xFF,0xFF,0xFF,0xFF,0xFF,0xFF,
  0xFF,0xFF,0xFF,0xFF,0xFF,0xFF,0xFF,0xFF,0xFF,0xFF,0xFF,0xFF,0xFF,0xFF,0xFF,0xFF,0xFF,0xFF,0xFF,0xFF,0xFF,0xFF,0xFF,0xFF,
  0xFF,0xFF,0xFF,0xFF,0xFF,0xFF,0xFF,0xFF,0xE0,0xFF,0xFF,0xFF,0xFF,0xFF,0xFF,0xFF,0xC0,0x00,0x00,0x3F,0xFF,0xFF,0xFF,0xFF,
  0xFF,0xFF,0xF0,0x00,0x00,0x0F,0xFF,0xFF,0xFF,0xFF,0xFF,0xFF,0xFC,0x00,0x00,0x03,0xFF,0xFF,0xFF,0xFF,0xFF,0xFF,0xFF,0x00,
  0x00,0x00,0xFF,0xFF,0xFF,0xFF,0xFF,0xFF,0xFF,0xC0,0x00,0x00,0x3F,0xFF,0xFF,0xFF,0xFF,0xFF,0xFF,0xF0,0x00,0x00,0x0F,0xFF,
  0xFF,0xFF,0xFF,0xFF,0xFF,0xFC,0x00,0x00,0x03,0xFF,0xFF,0xFF,0xFF,0xFF,0xFF,0xFF,0x00,0x00,0x00,0xFF,0xFF,0xFF,0xFF,0xFF,
  0xFF,0xFF,0xC0,0x00,0x00,0x3F,0xFF,0xFF,0xFF,0xFF,0xFF,0xFF,0xF0,0x00,0x00,0x0F,0xFF,0xFF,0xFF,0xFF,0xFF,0xFF,0xFC,0x00,
  0x00,0x00,0x00,0x00,0x0F,0xFF,0xC0,0x00,0x00,0x00,0x00,0x00,0x00,0x00,0x03,0xFF,0xF0,0x00,0x00,0x00,0x00,0x00,0x00,0x00,
  0x00,0xFF,0xFC,0x00,0x00,0x00,0x00,0x00,0x00,0x00,0x00,0x3F,0xFF,0x00,0x00,0x00,0x00,0x00,0x00,0x00,0x00,0x0F,0xFF,0xC0,
  0x00,0x00,0x00,0x00,0x00,0x00,0x00,0x03,0xFF,0xF0,0x00,0x00,0x00,0x00,0x00,0x00,0x00,0x00,0xFF,0xFC,0x00,0x00,0x00,0x00,
  0x00,0x00,0x00,0x00,0x3F,0xFF,0x00,0x00,0x00,0x00,0x00,0x00,0x00,0x00,0x0F,0xFF,0xC0,0x00,0x00,0x00,0x00,0x00,0x00,0x00,
  0x03,0xFF,0xF0,0x00,0x00,0x00,0x00,0x00,0x00,0x00,0x00,0xFF,0xFC,0x00,0x00,0x00,0x00,0x00,0x00,0x00,0x00,0x3F,0xFF,0x00,
  0x00,0xFF,0xFC,0x00,0x00,0x00,0x00,0x0F,0xFF,0xC0,0x07,0xFF,0xFF,0xF0,0x00,0x00,0x00,0x03,0xFF,0xF0,0x1F,0xFF,0xFF,0xFF,
  0x00,0x00,0x00,0x00,0xFF,0xFC,0x3F,0xFF,0xFF,0xFF,0xF0,0x00,0x00,0x00,0x3F,0xFF,0xFF,0xFF,0xFF,0xFF,0xFE,0x00,0x00,0x00,
  0x0F,0xFF,0xFF,0xFF,0xFF,0xFF,0xFF,0xE0,0x00,0x00,0x03,0xFF,0xFF,0xFF,0xFF,0xFF,0xFF,0xF8,0x00,0x00,0x00,0xFF,0xFF,0xFF,
  0xFF,0xFF,0xFF,0xFF,0x00,0x00,0x00,0x3F,0xFF,0xFF,0xFF,0xFF,0xFF,0xFF,0xE0,0x00,0x00,0x0F,0xFF,0xFF,0xFF,0xFF,0xFF,0xFF,
  0xF8,0x00,0x00,0x03,0xFF,0xFF,0xFF,0xFF,0xFF,0xFF,0xFF,0x00,0x00,0x00,0xFF,0xFF,0xFF,0x80,0x01,0xFF,0xFF,0xC0,0x00,0x00,
  0x3F,0xFF,0xFC,0x00,0x00,0x0F,0xFF,0xF0,0x00,0x00,0x0F,0xFF,0xF0,0x00,0x00,0x01,0xFF,0xFE,0x00,0x00,0x03,0xFF,0xF0,0x00,
  0x00,0x00,0x3F,0xFF,0x80,0x00,0x00,0xFF,0xFC,0x00,0x00,0x00,0x0F,0xFF,0xE0,0x00,0x00,0x3F,0xFF,0x00,0x00,0x00,0x01,0xFF,
  0xF8,0x00,0x00,0x0F,0xFF,0xC0,0x00,0x00,0x00,0x7F,0xFE,0x00,0x00,0x03,0xFF,0xF0,0x00,0x00,0x00,0x1F,0xFF,0x80,0x00,0x00,
  0xFF,0xFC,0x00,0x00,0x00,0x03,0xFF,0xF0,0x00,0x00,0x3F,0xFF,0x00,0x00,0x00,0x00,0xFF,0xFC,0x00,0x00,0x0F,0xFF,0xC0,0x00,
  0x00,0x00,0x3F,0xFF,0x00,0x00,0x03,0xFF,0xF0,0x00,0x00,0x00,0x0F,0xFF,0xC0,0x00,0x00,0xFF,0xFC,0x00,0x00,0x00,0x03,0xFF,
  0xF0,0x00,0x00,0x3F,0xFF,0x00,0x00,0x00,0x00,0xFF,0xFC,0x00,0x00,0x0F,0xFF,0xC0,0x00,0x00,0x00,0x3F,0xFF,0x00,0x00,0x03,
  0xFF,0xF0,0x00,0x00,0x00,0x0F,0xFF,0xC0,0x00,0x00,0xFF,0xFC,0x00,0x00,0x00,0x03,0xFF,0xF0,0x00,0x00,0x3F,0xFF,0x00,0x00,
  0x00,0x01,0xFF,0xF8,0x00,0x00,0x0F,0xFF,0xC0,0x00,0x00,0x00,0x7F,0xFE,0x00,0x00,0x03,0xFF,0xF0,0x00,0x20,0x00,0x1F,0xFF,
  0x80,0x00,0x00,0xFF,0xFC,0x00,0x1C,0x00,0x07,0xFF,0xE0,0x00,0x00,0x3F,0xFF,0x00,0x0F,0x80,0x03,0xFF,0xF8,0x00,0x00,0x0F,
  0xFF,0xC0,0x07,0xF0,0x00,0xFF,0xFE,0x00,0x00,0x03,0xFF,0xF0,0x03,0xFE,0x00,0x7F,0xFF,0x00,0x00,0x00,0xFF,0xFC,0x03,0xFF,
  0xF0,0xFF,0xFF,0xC0,0x00,0x00,0x3F,0xFF,0x01,0xFF,0xFF,0xFF,0xFF,0xF0,0x00,0x00,0x0F,0xFF,0xC0,0xFF,0xFF,0xFF,0xFF,0xF8,
  0x00,0x00,0x03,0xFF,0xF0,0x7F,0xFF,0xFF,0xFF,0xFE,0x00,0x00,0x00,0xFF,0xFC,0x0F,0xFF,0xFF,0xFF,0xFF,0x00,0x00,0x00,0x3F,
  0xFF,0x01,0xFF,0xFF,0xFF,0xFF,0x80,0x00,0x00,0x0F,0xFF,0xC0,0x3F,0xFF,0xFF,0xFF,0xE0,0x00,0x00,0x03,0xFF,0xF0,0x07,0xFF,
  0xFF,0xFF,0xF0,0x00,0x00,0x00,0xFF,0xFC,0x00,0xFF,0xFF,0xFF,0xF0,0x00,0x00,0x00,0x3F,0xFF,0x00,0x0F,0xFF,0xFF,0xF8,0x00,
  0x00,0x00,0x0F,0xFF,0xC0,0x00,0xFF,0xFF,0xF0,0x00,0x00,0x00,0x00,0x00,0x00,0x00,0x03,0xFF,0xE0,0x00,0x00,0x00,0x00,0x00,
  0x1F,0xFF,0x00,0x00,0x00,0x00,0x7F,0xFE,0x00,0x00,0x00,0x01,0xFF,0xF8,0x00,0x00,0x00,0x07,0xFF,0xE0,0x00,0x00,0x00,0x1F,
  0xFF,0x00,0x00,0x00,0x00,0x7F,0xFC,0x00,0x00,0x00,0x01,0xFF,0xF0,0x00,0x00,0x00,0x07,0xFF,0x80,0x00,0x00,0x00,0x1F,0xFE,
  0x00,0x00,0x00,0x00,0x7F,0xF8,0x00,0x00,0x00,0x01,0xFF,0xC0,0x00,0x00,0x00,0x07,0xFF,0x00,0x00,0x00,0x00,0x1F,0xF8,0x00,
  0x00,0x00,0x00,0x3F,0xE0,0x00,0x00,0x00,0x00,0x00,0x00,0x00,0x00,0x00,0x00,0x00,0x00,0x00,0x00,0x00,0x00,0x00,0x00,0x00,
  0x00,0x00,0x00,0x00,0x00,0x00,0x00,0x00,0x00,0x00,0x00,0x00,0x00,0x00,0x00,0x00,0x00,0x00,0x0F,0xFF,0xFF,0xFF,0xFF,0xFF,
  0xFF,0xFF,0xFF,0xFF,0xFF,0xFF,0xFF,0xFF,0xFF,0xFF,0xFF,0xFF,0xFF,0xFF,0xFF,0xFF,0xFF,0xFF,0xFF,0xFF,0xFF,0xFF,0xFF,0xFF,
  0xFF,0xFF,0xFF,0xFF,0xFF,0xFF,0xFF,0xFF,0xFF,0xFF,0xFF,0xFF,0xFF,0xFF,0xFF,0xFF,0xFF,0xFF,0xFF,0xFF,0xFF,0xFF,0xFF,0xFF,
  0xFF,0xFF,0xFF,0xFF,0xFF,0xFF,0xFF,0xFF,0xFF,0xFF,0xFF,0xFF,0xFE,0x00,0x00,0x00,0x00,0xFF,0xFC,0x00,0x00,0x00,0x01,0xFF,
  0xF8,0x00,0x00,0x00,0x03,0xFF,0xF0,0x00,0x00,0x00,0x07,0xFF,0xE0,0x00,0x00,0x00,0x0F,0xFF,0xC0,0x00,0x00,0x00,0x1F,0xFF,
  0x80,0x00,0x00,0x00,0x3F,0xFF,0x00,0x00,0x00,0x00,0x7F,0xFE,0x00,0x00,0x00,0x00,0xFF,0xFC,0x00,0x00,0x00,0x01,0xFF,0xF8,
  0x00,0x00,0x00,0x03,0xFF,0xF0,0x00,0x00,0x00,0x07,0xFF,0xE0,0x00,0x00,0x00,0x0F,0xFF,0xC0,0x00,0x00,0x00,0x1F,0xFF,0x80,
  0x00,0x00,0x00,0x3F,0xFF,0x00,0x00,0x00,0x00,0x7F,0xFE,0x00,0x00,0x00,0x00,0xFF,0xFC,0x00,0x00,0x00,0x01,0xFF,0xF8,0x00,
  0x00,0x00,0x03,0xFF,0xF0,0x00,0x00,0x00,0x07,0xFF,0xE0,0x00,0x00,0x00,0x0F,0xFF,0xC0,0x00,0x00,0x00,0x1F,0xFF,0x80,0x00,
  0x00,0x00,0x3F,0xFF,0x00,0x00,0x00,0x00,0x7F,0xFE,0x00,0x00,0x00,0x00,0xFF,0xFC,0x00,0x00,0x00,0x01,0xFF,0xF8,0x00,0x00,
  0x00,0x03,0xFF,0xF0,0x00,0x00,0x00,0x07,0xFF,0xE0,0x00,0x00,0x00,0x0F,0xFF,0xC0,0x00,0x00,0x00,0x1F,0xFF,0x80,0x00,0x00,
  0x00,0x3F,0xFF,0x00,0x00,0x00,0x00,0x7F,0xFE,0x00,0x00,0x00,0x00,0xFF,0xFC,0x00,0x00,0x00,0x01,0xFF,0xF8,0x00,0x00,0x00,
  0x03,0xFF,0xF0,0x00,0x00,0x00,0x07,0xFF,0xE0,0x00,0x00,0x00,0x0F,0xFF,0xC0,0x00,0x00,0x00,0x1F,0xFF,0x80,0x00,0x00,0x00,
  0x3F,0xFF,0x00,0x00,0x00,0x00,0x7F,0xFE,0x00,0x00,0x00,0x00,0xFF,0xFC,0x00,0x00,0x00,0x01,0xFF,0xF8,0x00,0x00,0x00,0x03,
  0xFF,0xF0,0x00,0x00,0x00,0x07,0xFF,0xE0,0x00,0x00,0x00,0x0F,0xFF,0xC0,0x00,0x00,0x00,0x1F,0xFF,0x80,0x00,0x00,0x00,0x3F,
  0xFF,0x00,0x00,0x00,0x00,0x7F,0xFE,0x00,0x00,0x00,0x00,0xFF,0xFC,0x00,0x00,0x00,0x01,0xFF,0xF8,0x00,0x00,0x00,0x03,0xFF,
  0xF0,0x00,0x00,0x00,0x07,0xFF,0xE0,0x00,0x00,0x00,0x0F,0xFF,0xC0,0x00,0x00,0x00,0x1F,0xFF,0x80,0x00,0x00,0x00,0x3F,0xFF,
  0x00,0x00,0x00,0x00,0x7F,0xFE,0x00,0x00,0x00,0x00,0x00,0x00,0x00,0x3F,0xFF,0x80,0x00,0x00,0x00,0x00,0x07,0xFF,0xFF,0xF8,
  0x00,0x00,0x00,0x00,0x3F,0xFF,0xFF,0xFF,0x00,0x00,0x00,0x00,0xFF,0xFF,0xFF,0xFF,0xC0,0x00,0x00,0x03,0xFF,0xFF,0xFF,0xFF,
  0xF0,0x00,0x00,0x07,0xFF,0xFF,0xFF,0xFF,0xFC,0x00,0x00,0x1F,0xFF,0xFF,0xFF,0xFF,0xFE,0x00,0x00,0x3F,0xFF,0xFF,0xFF,0xFF,
  0xFF,0x00,0x00,0x7F,0xFF,0xFF,0xFF,0xFF,0xFF,0x80,0x00,0xFF,0xFF,0xFF,0xFF,0xFF,0xFF,0xC0,0x01,0xFF,0xFF,0xFF,0xFF,0xFF,
  0xFF,0xE0,0x03,0xFF,0xFF,0xFC,0x07,0xFF,0xFF,0xF0,0x03,0xFF,0xFF,0xC0,0x00,0x7F,0xFF,0xF0,0x07,0xFF,0xFF,0x00,0x00,0x1F,
  0xFF,0xF8,0x0F,0xFF,0xFC,0x00,0x00,0x07,0xFF,0xF8,0x0F,0xFF,0xF8,0x00,0x00,0x03,0xFF,0xFC,0x1F,0xFF,0xF0,0x00,0x00,0x01,
  0xFF,0xFC,0x1F,0xFF,0xE0,0x00,0x00,0x00,0xFF,0xFE,0x1F,0xFF,0xC0,0x00,0x00,0x00,0x7F,0xFE,0x3F,0xFF,0x80,0x00,0x00,0x00,
  0x7F,0xF0,0x3F,0xFF,0x80,0x00,0x00,0x00,0x3F,0x00,0x3F,0xFF,0x00,0x00,0x00,0x00,0x38,0x00,0x7F,0xFF,0x00,0x00,0x00,0x00,
  0x00,0x00,0x7F,0xFF,0x00,0x00,0x00,0x00,0x00,0x00,0x7F,0xFE,0x00,0x00,0x00,0x00,0x00,0x00,0x7F,0xFE,0x00,0x00,0x00,0x00,
  0x00,0x00,0x7F,0xFE,0x00,0x00,0x00,0x00,0x00,0x00,0xFF,0xFE,0x00,0x00,0x00,0x00,0x00,0x00,0xFF,0xFE,0x00,0x00,0x00,0x00,
  0x00,0x00,0xFF,0xFF,0xFF,0xFF,0xFF,0x80,0x00,0x00,0xFF,0xFF,0xFF,0xFF,0xFF,0x80,0x00,0x00,0xFF,0xFF,0xFF,0xFF,0xFF,0x80,
  0x00,0x00,0xFF,0xFF,0xFF,0xFF,0xFF,0x80,0x00,0x00,0xFF,0xFF,0xFF,0xFF,0xFF,0x80,0x00,0x00,0xFF,0xFF,0xFF,0xFF,0xFF,0x80,
  0x00,0x00,0xFF,0xFF,0xFF,0xFF,0xFF,0x80,0x00,0x00,0xFF,0xFF,0xFF,0xFF,0xFF,0x80,0x00,0x00,0xFF,0xFF,0xFF,0xFF,0xFF,0x80,
  0x00,0x00,0xFF,0xFF,0xFF,0xFF,0xFF,0x80,0x00,0x00,0xFF,0xFF,0xFF,0xFF,0xFF,0x80,0x00,0x00,0xFF,0xFE,0x00,0x00,0x00,0x00,
  0x00,0x00,0xFF,0xFE,0x00,0x00,0x00,0x00,0x00,0x00,0x7F,0xFE,0x00,0x00,0x00,0x00,0x00,0x00,0x7F,0xFE,0x00,0x00,0x00,0x00,
  0x00,0x00,0x7F,0xFE,0x00,0x00,0x00,0x00,0x00,0x00,0x7F,0xFF,0x00,0x00,0x00,0x00,0x00,0x00,0x7F,0xFF,0x00,0x00,0x00,0x00,
  0x18,0x00,0x3F,0xFF,0x00,0x00,0x00,0x00,0x1F,0x00,0x3F,0xFF,0x80,0x00,0x00,0x00,0x3F,0xC0,0x3F,0xFF,0x80,0x00,0x00,0x00,
  0x3F,0xF8,0x1F,0xFF,0xC0,0x00,0x00,0x00,0x7F,0xFE,0x1F,0xFF,0xC0,0x00,0x00,0x00,0x7F,0xFF,0x1F,0xFF,0xE0,0x00,0x00,0x00,
  0xFF,0xFE,0x0F,0xFF,0xF0,0x00,0x00,0x01,0xFF,0xFE,0x0F,0xFF,0xF8,0x00,0x00,0x03,0xFF,0xFC,0x07,0xFF,0xFC,0x00,0x00,0x07,
  0xFF,0xFC,0x03,0xFF,0xFF,0x00,0x00,0x1F,0xFF,0xF8,0x03,0xFF,0xFF,0xC0,0x00,0x7F,0xFF,0xF0,0x01,0xFF,0xFF,0xFE,0x07,0xFF,
  0xFF,0xF0,0x00,0xFF,0xFF,0xFF,0xFF,0xFF,0xFF,0xE0,0x00,0x7F,0xFF,0xFF,0xFF,0xFF,0xFF,0xC0,0x00,0x3F,0xFF,0xFF,0xFF,0xFF,
  0xFF,0x80,0x00,0x1F,0xFF,0xFF,0xFF,0xFF,0xFF,0x00,0x00,0x0F,0xFF,0xFF,0xFF,0xFF,0xFE,0x00,0x00,0x07,0xFF,0xFF,0xFF,0xFF,
  0xF8,0x00,0x00,0x01,0xFF,0xFF,0xFF,0xFF,0xF0,0x00,0x00,0x00,0x7F,0xFF,0xFF,0xFF,0xC0,0x00,0x00,0x00,0x1F,0xFF,0xFF,0xFF,
  0x00,0x00,0x00,0x00,0x03,0xFF,0xFF,0xF8,0x00,0x00,0x00,0x00,0x00,0x3F,0xFF,0x80,0x00,0x00,0x00,0x00,0x03,0xFF,0xFE,0x00,
  0x00,0x00,0x00,0x0F,0xFF,0xFF,0xFE,0x00,0x00,0x00,0x0F,0xFF,0xFF,0xFF,0xF0,0x00,0x00,0x07,0xFF,0xFF,0xFF,0xFF,0x80,0x00,
  0x01,0xFF,0xFF,0xFF,0xFF,0xFC,0x00,0x00,0xFF,0xFF,0xFF,0xFF,0xFF,0xC0,0x00,0x3F,0xFF,0xFF,0xFF,0xFF,0xFC,0x00,0x0F,0xFF,
  0xFF,0xFF,0xFF,0xFF,0xC0,0x03,0xFF,0xFF,0xFF,0xFF,0xFF,0xFC,0x00,0x7F,0xFF,0xFF,0xFF,0xFF,0xFF,0xC0,0x1F,0xFF,0xFF,0x00,
  0xFF,0xFF,0xF8,0x07,0xFF,0xFE,0x00,0x03,0xFF,0xFF,0x80,0xFF,0xFF,0x00,0x00,0x1F,0xFF,0xF0,0x1F,0xFF,0xC0,0x00,0x01,0xFF,
  0xFE,0x07,0xFF,0xF0,0x00,0x00,0x1F,0xFF,0xE0,0xFF,0xFC,0x00,0x00,0x01,0xFF,0xFC,0x1F,0xFF,0x80,0x00,0x00,0x1F,0xFF,0x83,
  0xFF,0xF0,0x00,0x00,0x03,0xFF,0xC0,0x7F,0xFE,0x00,0x00,0x00,0x7C,0x00,0x0F,0xFF,0xC0,0x00,0x00,0x00,0x00,0x01,0xFF,0xF8,
  0x00,0x00,0x00,0x00,0x00,0x3F,0xFF,0x80,0x00,0x00,0x00,0x00,0x07,0xFF,0xF0,0x00,0x00,0x00,0x00,0x00,0xFF,0xFF,0x00,0x00,
  0x00,0x00,0x00,0x0F,0xFF,0xF8,0x00,0x00,0x00,0x00,0x01,0xFF,0xFF,0xC0,0x00,0x00,0x00,0x00,0x3F,0xFF,0xFF,0x00,0x00,0x00,
  0x00,0x03,0xFF,0xFF,0xFE,0x00,0x00,0x00,0x00,0x7F,0xFF,0xFF,0xFC,0x00,0x00,0x00,0x07,0xFF,0xFF,0xFF,0xFC,0x00,0x00,0x00,
  0x7F,0xFF,0xFF,0xFF,0xF0,0x00,0x00,0x07,0xFF,0xFF,0xFF,0xFF,0xE0,0x00,0x00,0x7F,0xFF,0xFF,0xFF,0xFF,0x00,0x00,0x07,0xFF,
  0xFF,0xFF,0xFF,0xF8,0x00,0x00,0x3F,0xFF,0xFF,0xFF,0xFF,0xC0,0x00,0x01,0xFF,0xFF,0xFF,0xFF,0xFC,0x00,0x00,0x0F,0xFF,0xFF,
  0xFF,0xFF,0xC0,0x00,0x00,0x3F,0xFF,0xFF,0xFF,0xFC,0x00,0x00,0x00,0x7F,0xFF,0xFF,0xFF,0xC0,0x00,0x00,0x00,0xFF,0xFF,0xFF,
  0xFC,0x00,0x00,0x00,0x00,0xFF,0xFF,0xFF,0x80,0x00,0x00,0x00,0x01,0xFF,0xFF,0xF8,0x00,0x00,0x00,0x00,0x07,0xFF,0xFF,0x00,
  0x00,0x00,0x00,0x00,0x3F,0xFF,0xE0,0x00,0x00,0x00,0x00,0x03,0xFF,0xFE,0x00,0x00,0x00,0x00,0x00,0x3F,0xFF,0xC0,0x00,0x00,
  0x00,0x00,0x03,0xFF,0xF8,0x00,0x00,0x00,0x00,0x00,0x3F,0xFF,0x00,0x00,0x00,0x00,0x00,0x07,0xFF,0xE0,0x07,0x80,0x00,0x00,
  0x00,0xFF,0xFC,0x3F,0xF0,0x00,0x00,0x00,0x1F,0xFF,0xFF,0xFF,0x00,0x00,0x00,0x03,0xFF,0xFF,0xFF,0xE0,0x00,0x00,0x00,0x7F,
  0xFF,0xFF,0xFE,0x00,0x00,0x00,0x0F,0xFF,0xDF,0xFF,0xC0,0x00,0x00,0x03,0xFF,0xFB,0xFF,0xFC,0x00,0x00,0x00,0xFF,0xFE,0x3F,
  0xFF,0xE0,0x00,0x00,0x3F,0xFF,0xC7,0xFF,0xFF,0x00,0x00,0x1F,0xFF,0xF8,0x7F,0xFF,0xF8,0x00,0x0F,0xFF,0xFE,0x0F,0xFF,0xFF,
  0xFF,0xFF,0xFF,0xFF,0xC0,0xFF,0xFF,0xFF,0xFF,0xFF,0xFF,0xF0,0x0F,0xFF,0xFF,0xFF,0xFF,0xFF,0xFC,0x00,0xFF,0xFF,0xFF,0xFF,
  0xFF,0xFF,0x00,0x0F,0xFF,0xFF,0xFF,0xFF,0xFF,0xC0,0x00,0xFF,0xFF,0xFF,0xFF,0xFF,0xF0,0x00,0x07,0xFF,0xFF,0xFF,0xFF,0xFC,
  0x00,0x00,0x7F,0xFF,0xFF,0xFF,0xFE,0x00,0x00,0x01,0xFF,0xFF,0xFF,0xFF,0x00,0x00,0x00,0x07,0xFF,0xFF,0xFE,0x00,0x00,0x00,
  0x00,0x07,0xFF,0xFC,0x00,0x00,0x00,0xFF,0xFF,0xFF,0xFF,0xFF,0xFF,0xFF,0xFF,0xFF,0xFF,0xFF,0xFF,0xFF,0xFF,0xFF,0xFF,0xFF,
  0xFF,0xFF,0xFF,0xFF,0xFF,0xFF,0xFF,0xFF,0xFF,0xFF,0xFF,0xFF,0xFF,0xFF,0xFF,0xFF,0xFF,0xFF,0xFF,0xFF,0xFF,0xFF,0xFF,0xFF,
  0xFF,0xFF,0xFF,0xFF,0xFF,0xFF,0xFF,0xFF,0xFF,0xFF,0xFF,0xFF,0xFF,0xFF,0xFF,0xFF,0xFF,0xFF,0xFF,0xFF,0xFF,0xFF,0xFF,0xFF,
  0xFF,0xFF,0xFF,0xFF,0xFF,0xFF,0xFF,0xFF,0xFF,0xFF,0xFF,0xFF,0xFF,0xFF,0xFF,0xFF,0xFF,0xFF,0xFF,0xFF,0xFF,0xFF,0xFF,0xFF,
  0xFF,0xFF,0xFF,0xFF,0xFF,0xFF,0xFF,0xFF,0xFF,0xFF,0xFF,0xFF,0xFF,0xFF,0xFF,0xFF,0xFF,0xFF,0xFF,0xFF,0xFF,0xFF,0xFF,0xFF,
  0xFF,0xFF,0xFF,0xFF,0xFF,0xFF,0xFF,0x80,0x03,0xFF,0xFF,0x00,0x07,0xFF,0xFE,0x00,0x0F,0xFF,0xFC,0x00,0x1F,0xFF,0xF8,0x00,
  0x3F,0xFF,0xF0,0x00,0x7F,0xFF,0xE0,0x00,0xFF,0xFF,0xC0,0x01,0xFF,0xFF,0x80,0x03,0xFF,0xFF,0x00,0x07,0xFF,0xFE,0x00,0x0F,
  0xF8,0x00,0x00,0x00,0x00,0x00,0x00,0x00,0x00,0x00,0x00,0x00,0x00,0x00,0x00,0x00,0x00,0x00,0x00,0x00,0x00,0x00,0x00,0x00,
  0x00,0xFF,0xFC,0x00,0x01,0xFF,0xF8,0x00,0x03,0xFF,0xF0,0x00,0x07,0xFF,0xE0,0x00,0x0F,0xFF,0xC0,0x00,0x1F,0xFF,0x80,0x00,
  0x3F,0xFF,0x00,0x00,0x7F,0xFE,0x00,0x00,0xFF,0xFC,0x00,0x01,0xFF,0xF8,0x00,0x03,0xFF,0xF0,0x00,0x07,0xFF,0xE0,0x00,0x0F,
  0xFF,0xC0,0x00,0x1F,0xFF,0x80,0x00,0x3F,0xFF,0x00,0x00,0x7F,0xFE,0x00,0x00,0xFF,0xFC,0x00,0x01,0xFF,0xF8,0x00,0x03,0xFF,
  0xF0,0x00,0x07,0xFF,0xE0,0x00,0x0F,0xFF,0xC0,0x00,0x1F,0xFF,0x80,0x00,0x3F,0xFF,0x00,0x00,0x7F,0xFE,0x00,0x00,0xFF,0xFC,
  0x00,0x01,0xFF,0xF8,0x00,0x03,0xFF,0xF0,0x00,0x07,0xFF,0xE0,0x00,0x0F,0xFF,0xC0,0x00,0x1F,0xFF,0x80,0x00,0x3F,0xFF,0x00,
  0x00,0x7F,0xFE,0x00,0x00,0xFF,0xFC,0x00,0x01,0xFF,0xF8,0x00,0x03,0xFF,0xF0,0x00,0x07,0xFF,0xE0,0x00,0x0F,0xFF,0xC0,0x00,
  0x1F,0xFF,0x80,0x00,0x3F,0xFF,0x00,0x00,0x7F,0xFE,0x00,0x00,0xFF,0xFC,0x00,0x01,0xFF,0xF8,0x00,0x03,0xFF,0xF0,0x00,0x07,
  0xFF,0xE0,0x00,0x0F,0xFF,0xC0,0x00,0x1F,0xFF,0x80,0x00,0x3F,0xFF,0x00,0x00,0x7F,0xFE,0x00,0x00,0xFF,0xFC,0x00,0x01,0xFF,
  0xF8,0x00,0x03,0xFF,0xF0,0x00,0x07,0xFF,0xE0,0x00,0x0F,0xFF,0xC0,0x00,0x1F,0xFF,0x80,0x00,0x3F,0xFF,0x00,0x00,0x7F,0xFE,
  0x00,0x00,0xFF,0xFC,0x00,0x01,0xFF,0xF8,0x00,0x03,0xFF,0xF0,0x00,0x07,0xFF,0xE0,0x00,0x0F,0xFF,0xC0,0x00,0x1F,0xFF,0x80,
  0x00,0x3F,0xFF,0x00,0x00,0x7F,0xFE,0x00,0x00,0xFF,0xFC,0x00,0x01,0xFF,0xF8,0x00,0x03,0xFF,0xF0,0x00,0x07,0xFF,0xE0,0x00,
  0x00,0x00,0x3F,0xFF,0xFF,0xFC,0x00,0x00,0xFF,0xFF,0xFF,0xF0,0x00,0x03,0xFF,0xFF,0xFF,0xC0,0x00,0x0F,0xFF,0xFF,0xFF,0x00,
  0x00,0x3F,0xFF,0xFF,0xFC,0x00,0x00,0xFF,0xFF,0xFF,0xF0,0x00,0x03,0xFF,0xFF,0xFF,0xC0,0x00,0x0F,0xFF,0xFF,0xFF,0x00,0x00,
  0x3F,0xFF,0xFF,0xFC,0x00,0x00,0xFF,0xFF,0xFF,0xF0,0x00,0x03,0xFF,0xFF,0xFF,0xC0,0x00,0x00,0x00,0x3F,0xFF,0x00,0x00,0x00,
  0x00,0xFF,0xFC,0x00,0x00,0x00,0x03,0xFF,0xF0,0x00,0x00,0x00,0x0F,0xFF,0xC0,0x00,0x00,0x00,0x3F,0xFF,0x00,0x00,0x00,0x00,
  0xFF,0xFC,0x00,0x00,0x00,0x03,0xFF,0xF0,0x00,0x00,0x00,0x0F,0xFF,0xC0,0x00,0x00,0x00,0x3F,0xFF,0x00,0x00,0x00,0x00,0xFF,
  0xFC,0x00,0x00,0x00,0x03,0xFF,0xF0,0x00,0x00,0x00,0x0F,0xFF,0xC0,0x00,0x00,0x00,0x3F,0xFF,0x00,0x00,0x00,0x00,0xFF,0xFC,
  0x00,0x00,0x00,0x03,0xFF,0xF0,0x00,0x00,0x00,0x0F,0xFF,0xC0,0x00,0x00,0x00,0x3F,0xFF,0x00,0x00,0x00,0x00,0xFF,0xFC,0x00,
  0x00,0x00,0x03,0xFF,0xF0,0x00,0x00,0x00,0x0F,0xFF,0xC0,0x00,0x00,0x00,0x3F,0xFF,0x00,0x00,0x00,0x00,0xFF,0xFC,0x00,0x00,
  0x00,0x03,0xFF,0xF0,0x00,0x00,0x00,0x0F,0xFF,0xC0,0x00,0x00,0x00,0x3F,0xFF,0x00,0x00,0x00,0x00,0xFF,0xFC,0x00,0x00,0x00,
  0x03,0xFF,0xF0,0x00,0x00,0x00,0x0F,0xFF,0xC0,0x00,0x00,0x00,0x3F,0xFF,0x00,0x00,0x00,0x00,0xFF,0xFC,0x00,0x00,0x00,0x03,
  0xFF,0xF0,0x00,0x00,0x00,0x0F,0xFF,0xC0,0x00,0x00,0x00,0x3F,0xFF,0x00,0x00,0x00,0x00,0xFF,0xFC,0x00,0x00,0x00,0x03,0xFF,
  0xF0,0x00,0x00,0x00,0x0F,0xFF,0xC0,0x0F,0x00,0x00,0x3F,0xFF,0x1F,0xFC,0x00,0x00,0xFF,0xFF,0xFF,0xF0,0x00,0x03,0xFF,0xFF,
  0xFF,0xE0,0x00,0x0F,0xFF,0xFF,0xFF,0x80,0x00,0x7F,0xFF,0xFF,0xFE,0x00,0x01,0xFF,0xFF,0xFF,0xFC,0x00,0x07,0xFF,0xF7,0xFF,
  0xF0,0x00,0x3F,0xFF,0x9F,0xFF,0xE0,0x01,0xFF,0xFE,0x3F,0xFF,0xE0,0x0F,0xFF,0xF8,0xFF,0xFF,0xE0,0xFF,0xFF,0xC3,0xFF,0xFF,
  0xFF,0xFF,0xFF,0x07,0xFF,0xFF,0xFF,0xFF,0xF8,0x0F,0xFF,0xFF,0xFF,0xFF,0xC0,0x3F,0xFF,0xFF,0xFF,0xFF,0x00,0x7F,0xFF,0xFF,
  0xFF,0xF8,0x00,0xFF,0xFF,0xFF,0xFF,0xC0,0x01,0xFF,0xFF,0xFF,0xFE,0x00,0x01,0xFF,0xFF,0xFF,0xE0,0x00,0x03,0xFF,0xFF,0xFF,
  0x00,0x00,0x01,0xFF,0xFF,0xE0,0x00,0x00,0x00,0x7F,0xF8,0x00,0x00,0x00,0x00,0x7F,0xFF,0xFF,0xFF,0xFF,0xF8,0x00,0x00,0x00,
  0x00,0x00,0x00,0x00,0x3F,0xFF,0xFF,0xFF,0xFF,0xFC,0x00,0x00,0x00,0x00,0x00,0x00,0x00,0x3F,0xFF,0xFF,0xFF,0xFF,0xFE,0x00,
  0x00,0x00,0x00,0x00,0x00,0x00,0x1F,0xFF,0xFF,0xFF,0xFF,0xFF,0x00,0x00,0x00,0x00,0x00,0x00,0x00,0x0F,0xFF,0xFF,0xFF,0xFF,
  0xFF,0x80,0x00,0x00,0x00,0x00,0x00,0x00,0x07,0xFF,0xFF,0xFF,0xFF,0xFF,0xC0,0x00,0x00,0x00,0x00,0x00,0x00,0x03,0xFF,0xFF,
  0xFF,0xFF,0xFF,0xE0,0x00,0x00,0x00,0x00,0x00,0x00,0x01,0xFF,0xFF,0xFF,0xFF,0xFF,0xF0,0x00,0x00,0x00,0x00,0x00,0x00,0x00,
  0xFF,0xFF,0xFF,0xFF,0xFF,0xF8,0x00,0x00,0x00,0x00,0x00,0x00,0x00,0xFF,0xFF,0xFF,0xFF,0xFF,0xFC,0x00,0x00,0x00,0x00,0x00,
  0x00,0x00,0x7F,0xFF,0xFF,0xFF,0xFF,0xFE,0x00,0x00,0x00,0x00,0x00,0x00,0x00,0x3F,0xFF,0xFF,0xFF,0xFF,0xFF,0x00,0x00,0x00,
  0x00,0x00,0x00,0x00,0x1F,0xFF,0x80,0x00,0x3F,0xFF,0x80,0x00,0x00,0x00,0x00,0x00,0x00,0x0F,0xFF,0xC0,0x00,0x1F,0xFF,0xC0,
  0x00,0x00,0x00,0x00,0x00,0x00,0x07,0xFF,0xE0,0x00,0x0F,0xFF,0xE0,0x00,0x00,0x00,0x00,0x00,0x00,0x03,0xFF,0xF0,0x00,0x07,
  0xFF,0xF0,0x00,0x00,0x00,0x00,0x00,0x00,0x03,0xFF,0xF8,0x00,0x03,0xFF,0xF8,0x00,0x00,0x00,0x00,0x00,0x00,0x01,0xFF,0xFC,
  0x00,0x01,0xFF,0xFC,0x00,0x00,0x00,0x00,0x00,0x00,0x00,0xFF,0xFE,0x00,0x00,0xFF,0xFE,0x00,0x00,0x00,0x00,0x00,0x00,0x00,
  0x7F,0xFE,0x00,0x00,0x7F,0xFF,0x00,0x00,0x00,0x00,0x00,0x00,0x00,0x3F,0xFF,0x00,0x00,0x3F,0xFF,0x80,0x00,0x00,0x00,0x00,
  0x00,0x00,0x1F,0xFF,0x80,0x00,0x1F,0xFF,0xC0,0x00,0x00,0x00,0x00,0x00,0x00,0x0F,0xFF,0xC0,0x00,0x0F,0xFF,0xE0,0x00,0x00,
  0x00,0x00,0x00,0x00,0x0F,0xFF,0xE0,0x00,0x07,0xFF,0xF0,0x00,0x00,0x00,0x00,0x00,0x00,0x07,0xFF,0xF0,0x00,0x03,0xFF,0xF8,
  0x00,0x00,0x00,0x00,0x00,0x00,0x03,0xFF,0xF8,0x00,0x01,0xFF,0xFC,0x00,0x00,0x00,0x00,0x00,0x00,0x01,0xFF,0xF8,0x00,0x00,
  0xFF,0xFE,0x00,0x00,0x00,0x00,0x00,0x00,0x00,0xFF,0xFC,0x00,0x00,0x7F,0xFF,0xFF,0xFF,0xFF,0xE0,0x00,0x00,0x00,0x7F,0xFE,
  0x00,0x00,0x3F,0xFF,0xFF,0xFF,0xFF,0xFF,0x00,0x00,0x00,0x3F,0xFF,0x00,0x00,0x1F,0xFF,0xFF,0xFF,0xFF,0xFF,0xE0,0x00,0x00,
  0x3F,0xFF,0x80,0x00,0x0F,0xFF,0xFF,0xFF,0xFF,0xFF,0xFC,0x00,0x00,0x1F,0xFF,0xC0,0x00,0x07,0xFF,0xFF,0xFF,0xFF,0xFF,0xFF,
  0x80,0x00,0x0F,0xFF,0xE0,0x00,0x03,0xFF,0xFF,0xFF,0xFF,0xFF,0xFF,0xE0,0x00,0x07,0xFF,0xE0,0x00,0x01,0xFF,0xFF,0xFF,0xFF,
  0xFF,0xFF,0xF8,0x00,0x03,0xFF,0xF0,0x00,0x00,0xFF,0xFF,0xFF,0xFF,0xFF,0xFF,0xFE,0x00,0x01,0xFF,0xF8,0x00,0x00,0x7F,0xFF,
  0xFF,0xFF,0xFF,0xFF,0xFF,0x80,0x01,0xFF,0xFC,0x00,0x00,0x3F,0xFF,0xFF,0xFF,0xFF,0xFF,0xFF,0xC0,0x00,0xFF,0xFE,0x00,0x00,
  0x1F,0xFF,0xFF,0xFF,0xFF,0xFF,0xFF,0xF0,0x00,0x7F,0xFF,0x00,0x00,0x0F,0xFF,0xE0,0x00,0x00,0xFF,0xFF,0xF8,0x00,0x3F,0xFF,
  0x00,0x00,0x07,0xFF,0xF0,0x00,0x00,0x0F,0xFF,0xFE,0x00,0x1F,0xFF,0x80,0x00,0x03,0xFF,0xF8,0x00,0x00,0x01,0xFF,0xFF,0x00,
  0x1F,0xFF,0xC0,0x00,0x01,0xFF,0xFC,0x00,0x00,0x00,0x7F,0xFF,0x80,0x0F,0xFF,0xE0,0x00,0x00,0xFF,0xFE,0x00,0x00,0x00,0x1F,
  0xFF,0xC0,0x07,0xFF,0xF0,0x00,0x00,0x7F,0xFF,0x00,0x00,0x00,0x07,0xFF,0xF0,0x03,0xFF,0xF8,0x00,0x00,0x3F,0xFF,0x80,0x00,
  0x00,0x03,0xFF,0xF8,0x01,0xFF,0xF8,0x00,0x00,0x1F,0xFF,0xC0,0x00,0x00,0x01,0xFF,0xFC,0x01,0xFF,0xFC,0x00,0x00,0x0F,0xFF,
  0xE0,0x00,0x00,0x00,0xFF,0xFE,0x00,0xFF,0xFE,0x00,0x00,0x07,0xFF,0xF0,0x00,0x00,0x00,0x7F,0xFF,0x00,0x7F,0xFF,0x00,0x00,
  0x03,0xFF,0xF8,0x00,0x00,0x00,0x3F,0xFF,0x80,0x7F,0xFF,0x00,0x00,0x01,0xFF,0xFC,0x00,0x00,0x00,0x1F,0xFF,0xC0,0x3F,0xFF,
  0x80,0x00,0x00,0xFF,0xFE,0x00,0x00,0x00,0x0F,0xFF,0xE0,0x1F,0xFF,0xC0,0x00,0x00,0x7F,0xFF,0x00,0x00,0x00,0x0F,0xFF,0xE0,
  0x1F,0xFF,0xE0,0x00,0x00,0x3F,0xFF,0x80,0x00,0x00,0x07,0xFF,0xF0,0x0F,0xFF,0xE0,0x00,0x00,0x1F,0xFF,0xC0,0x00,0x00,0x07,
  0xFF,0xF8,0x0F,0xFF,0xF0,0x00,0x00,0x0F,0xFF,0xE0,0x00,0x00,0x07,0xFF,0xFC,0x0F,0xFF,0xF8,0x00,0x00,0x07,0xFF,0xF0,0x00,
  0x00,0x0F,0xFF,0xFC,0x7F,0xFF,0xF8,0x00,0x00,0x03,0xFF,0xF8,0x00,0x00,0x7F,0xFF,0xFE,0x7F,0xFF,0xFC,0x00,0x00,0x01,0xFF,
  0xFF,0xFF,0xFF,0xFF,0xFF,0xFE,0x3F,0xFF,0xFE,0x00,0x00,0x00,0xFF,0xFF,0xFF,0xFF,0xFF,0xFF,0xFF,0x1F,0xFF,0xFE,0x00,0x00,
  0x00,0x7F,0xFF,0xFF,0xFF,0xFF,0xFF,0xFF,0x0F,0xFF,0xFF,0x00,0x00,0x00,0x3F,0xFF,0xFF,0xFF,0xFF,0xFF,0xFF,0x07,0xFF,0xFF,
  0x00,0x00,0x00,0x1F,0xFF,0xFF,0xFF,0xFF,0xFF,0xFF,0x03,0xFF,0xFF,0x80,0x00,0x00,0x0F,0xFF,0xFF,0xFF,0xFF,0xFF,0xFF,0x01,
  0xFF,0xFF,0x80,0x00,0x00,0x07,0xFF,0xFF,0xFF,0xFF,0xFF,0xFF,0x00,0xFF,0xFF,0x80,0x00,0x00,0x03,0xFF,0xFF,0xFF,0xFF,0xFF,
  0xFE,0x00,0x7F,0xFF,0x80,0x00,0x00,0x01,0xFF,0xFF,0xFF,0xFF,0xFF,0xFC,0x00,0x3F,0xFF,0x80,0x00,0x00,0x00,0xFF,0xFF,0xFF,
  0xFF,0xFF,0xF0,0x00,0x1F,0xFF,0x00,0x00,0x00,0x00,0x7F,0xFF,0xFF,0xFF,0xFF,0x80,0x00,0x07,0xFC,0x00,0x00,0x00,0x00,0x00,
  0x00,0x00,0x00,0x00,0x00,0x00,0x00,0xFF,0xFC,0x00,0x00,0x00,0xFF,0xFE,0x00,0x00,0x00,0x00,0x01,0xFF,0xF8,0x00,0x00,0x01,
  0xFF,0xFC,0x00,0x00,0x00,0x00,0x03,0xFF,0xF0,0x00,0x00,0x03,0xFF,0xF8,0x00,0x00,0x00,0x00,0x07,0xFF,0xE0,0x00,0x00,0x07,
  0xFF,0xF0,0x00,0x00,0x00,0x00,0x0F,0xFF,0xC0,0x00,0x00,0x0F,0xFF,0xE0,0x00,0x00,0x00,0x00,0x1F,0xFF,0x80,0x00,0x00,0x1F,
  0xFF,0xC0,0x00,0x00,0x00,0x00,0x3F,0xFF,0x00,0x00,0x00,0x3F,0xFF,0x80,0x00,0x00,0x00,0x00,0x7F,0xFE,0x00,0x00,0x00,0x7F,
  0xFF,0x00,0x00,0x00,0x00,0x00,0xFF,0xFC,0x00,0x00,0x00,0xFF,0xFE,0x00,0x00,0x00,0x00,0x01,0xFF,0xF8,0x00,0x00,0x01,0xFF,
  0xFC,0x00,0x00,0x00,0x00,0x03,0xFF,0xF0,0x00,0x00,0x03,0xFF,0xF8,0x00,0x00,0x00,0x00,0x07,0xFF,0xE0,0x00,0x00,0x07,0xFF,
  0xF0,0x00,0x00,0x00,0x00,0x0F,0xFF,0xC0,0x00,0x00,0x0F,0xFF,0xE0,0x00,0x00,0x00,0x00,0x1F,0xFF,0x80,0x00,0x00,0x1F,0xFF,
  0xC0,0x00,0x00,0x00,0x00,0x3F,0xFF,0x00,0x00,0x00,0x3F,0xFF,0x80,0x00,0x00,0x00,0x00,0x7F,0xFE,0x00,0x00,0x00,0x7F,0xFF,
  0x00,0x00,0x00,0x00,0x00,0xFF,0xFC,0x00,0x00,0x00,0xFF,0xFE,0x00,0x00,0x00,0x00,0x01,0xFF,0xF8,0x00,0x00,0x01,0xFF,0xFC,
  0x00,0x00,0x00,0x00,0x03,0xFF,0xF0,0x00,0x00,0x03,0xFF,0xF8,0x00,0x00,0x00,0x00,0x07,0xFF,0xE0,0x00,0x00,0x07,0xFF,0xF0,
  0x00,0x00,0x00,0x00,0x0F,0xFF,0xC0,0x00,0x00,0x0F,0xFF,0xE0,0x00,0x00,0x00,0x00,0x1F,0xFF,0x80,0x00,0x00,0x1F,0xFF,0xC0,
  0x00,0x00,0x00,0x00,0x3F,0xFF,0x00,0x00,0x00,0x3F,0xFF,0x80,0x00,0x00,0x00,0x00,0x7F,0xFE,0x00,0x00,0x00,0x7F,0xFF,0x00,
  0x00,0x00,0x00,0x00,0xFF,0xFC,0x00,0x00,0x00,0xFF,0xFE,0x00,0x00,0x00,0x00,0x01,0xFF,0xF8,0x00,0x00,0x01,0xFF,0xFC,0x00,
  0x00,0x00,0x00,0x03,0xFF,0xF0,0x00,0x00,0x03,0xFF,0xF8,0x00,0x00,0x00,0x00,0x07,0xFF,0xFF,0xFF,0xFF,0xFF,0xFF,0xFF,0xFF,
  0xFF,0xE0,0x00,0x0F,0xFF,0xFF,0xFF,0xFF,0xFF,0xFF,0xFF,0xFF,0xFF,0xFC,0x00,0x1F,0xFF,0xFF,0xFF,0xFF,0xFF,0xFF,0xFF,0xFF,
  0xFF,0xFE,0x00,0x3F,0xFF,0xFF,0xFF,0xFF,0xFF,0xFF,0xFF,0xFF,0xFF,0xFF,0x00,0x7F,0xFF,0xFF,0xFF,0xFF,0xFF,0xFF,0xFF,0xFF,
  0xFF,0xFF,0x80,0xFF,0xFF,0xFF,0xFF,0xFF,0xFF,0xFF,0xFF,0xFF,0xFF,0xFF,0x81,0xFF,0xFF,0xFF,0xFF,0xFF,0xFF,0xFF,0xFF,0xFF,
  0xFF,0xFF,0x83,0xFF,0xFF,0xFF,0xFF,0xFF,0xFF,0xFF,0xFF,0xFF,0xFF,0xFF,0x87,0xFF,0xFF,0xFF,0xFF,0xFF,0xFF,0xFF,0xFF,0xFF,
  0xFF,0xFF,0x0F,0xFF,0xFF,0xFF,0xFF,0xFF,0xFF,0xFF,0xFF,0xFF,0xFF,0xFF,0x1F,0xFF,0xFF,0xFF,0xFF,0xFF,0xFF,0xFF,0xFF,0xFF,
  0xFF,0xFF,0x3F,0xFF,0xFF,0xFF,0xFF,0xFF,0xFF,0x80,0x00,0x3F,0xFF,0xFE,0x7F,0xFE,0x00,0x00,0x00,0x7F,0xFF,0x00,0x00,0x0F,
  0xFF,0xFC,0xFF,0xFC,0x00,0x00,0x00,0xFF,0xFE,0x00,0x00,0x07,0xFF,0xFD,0xFF,0xF8,0x00,0x00,0x01,0xFF,0xFC,0x00,0x00,0x07,
  0xFF,0xFB,0xFF,0xF0,0x00,0x00,0x03,0xFF,0xF8,0x00,0x00,0x07,0xFF,0xF7,0xFF,0xE0,0x00,0x00,0x07,0xFF,0xF0,0x00,0x00,0x0F,
  0xFF,0xEF,0xFF,0xC0,0x00,0x00,0x0F,0xFF,0xE0,0x00,0x00,0x0F,0xFF,0xFF,0xFF,0x80,0x00,0x00,0x1F,0xFF,0xC0,0x00,0x00,0x1F,
  0xFF,0xFF,0xFF,0x00,0x00,0x00,0x3F,0xFF,0x80,0x00,0x00,0x3F,0xFF,0xFF,0xFE,0x00,0x00,0x00,0x7F,0xFF,0x00,0x00,0x00,0x7F,
  0xFF,0xFF,0xFC,0x00,0x00,0x00,0xFF,0xFE,0x00,0x00,0x00,0xFF,0xFF,0xFF,0xF8,0x00,0x00,0x01,0xFF,0xFC,0x00,0x00,0x01,0xFF,
  0xFF,0xFF,0xF0,0x00,0x00,0x03,0xFF,0xF8,0x00,0x00,0x03,0xFF,0xF7,0xFF,0xE0,0x00,0x00,0x07,0xFF,0xF0,0x00,0x00,0x0F,0xFF,
  0xEF,0xFF,0xC0,0x00,0x00,0x0F,0xFF,0xE0,0x00,0x00,0x1F,0xFF,0xDF,0xFF,0x80,0x00,0x00,0x1F,0xFF,0xC0,0x00,0x00,0x7F,0xFF,
  0xBF,0xFF,0x00,0x00,0x00,0x3F,0xFF,0x80,0x00,0x01,0xFF,0xFE,0x7F,0xFE,0x00,0x00,0x00,0x7F,0xFF,0x00,0x00,0x0F,0xFF,0xFC,
  0xFF,0xFC,0x00,0x00,0x00,0xFF,0xFE,0x00,0x01,0xFF,0xFF,0xF9,0xFF,0xF8,0x00,0x00,0x01,0xFF,0xFF,0xFF,0xFF,0xFF,0xFF,0xE3,
  0xFF,0xF0,0x00,0x00,0x03,0xFF,0xFF,0xFF,0xFF,0xFF,0xFF,0x87,0xFF,0xE0,0x00,0x00,0x07,0xFF,0xFF,0xFF,0xFF,0xFF,0xFF,0x0F,
  0xFF,0xC0,0x00,0x00,0x0F,0xFF,0xFF,0xFF,0xFF,0xFF,0xFC,0x1F,0xFF,0x80,0x00,0x00,0x1F,0xFF,0xFF,0xFF,0xFF,0xFF,0xF0,0x3F,
  0xFF,0x00,0x00,0x00,0x3F,0xFF,0xFF,0xFF,0xFF,0xFF,0xC0,0x7F,0xFE,0x00,0x00,0x00,0x7F,0xFF,0xFF,0xFF,0xFF,0xFE,0x00,0xFF,
  0xFC,0x00,0x00,0x00,0xFF,0xFF,0xFF,0xFF,0xFF,0xF8,0x01,0xFF,0xF8,0x00,0x00,0x01,0xFF,0xFF,0xFF,0xFF,0xFF,0xC0,0x03,0xFF,
  0xF0,0x00,0x00,0x03,0xFF,0xFF,0xFF,0xFF,0xFC,0x00,0x07,0xFF,0xE0,0x00,0x00,0x07,0xFF,0xFF,0xFF,0xFF,0x80,0x00,0x00,0xFF,
  0xFF,0xFF,0xFF,0xFF,0xFF,0xFF,0xC0,0x00,0x01,0xFF,0xFF,0xFF,0xFF,0xFF,0xFF,0xFF,0x80,0x00,0x03,0xFF,0xFF,0xFF,0xFF,0xFF,
  0xFF,0xFF,0x00,0x00,0x07,0xFF,0xFF,0xFF,0xFF,0xFF,0xFF,0xFE,0x00,0x00,0x0F,0xFF,0xFF,0xFF,0xFF,0xFF,0xFF,0xFC,0x00,0x00,
  0x1F,0xFF,0xFF,0xFF,0xFF,0xFF,0xFF,0xF8,0x00,0x00,0x3F,0xFF,0xFF,0xFF,0xFF,0xFF,0xFF,0xF0,0x00,0x00,0x7F,0xFF,0xFF,0xFF,
  0xFF,0xFF,0xFF,0xE0,0x00,0x00,0xFF,0xFF,0xFF,0xFF,0xFF,0xFF,0xFF,0xC0,0x00,0x01,0xFF,0xFF,0xFF,0xFF,0xFF,0xFF,0xFF,0x80,
  0x00,0x03,0xFF,0xFF,0xFF,0xFF,0xFF,0xFF,0xFF,0x00,0x00,0x00,0x00,0x00,0x1F,0xFF,0x80,0x00,0x00,0x00,0x00,0x00,0x00,0x00,
  0x3F,0xFF,0x00,0x00,0x00,0x00,0x00,0x00,0x00,0x00,0x7F,0xFE,0x00,0x00,0x00,0x00,0x00,0x00,0x00,0x00,0xFF,0xFC,0x00,0x00,
  0x00,0x00,0x00,0x00,0x00,0x01,0xFF,0xF8,0x00,0x00,0x00,0x00,0x00,0x00,0x00,0x03,0xFF,0xF0,0x00,0x00,0x00,0x00,0x00,0x00,
  0x00,0x07,0xFF,0xE0,0x00,0x00,0x00,0x00,0x00,0x00,0x00,0x0F,0xFF,0xC0,0x00,0x00,0x00,0x00,0x00,0x00,0x00,0x1F,0xFF,0x80,
  0x00,0x00,0x00,0x00,0x00,0x00,0x00,0x3F,0xFF,0x00,0x00,0x00,0x00,0x00,0x00,0x00,0x00,0x7F,0xFE,0x00,0x00,0x00,0x00,0x00,
  0x00,0x00,0x00,0xFF,0xFC,0x00,0x0F,0xFF,0x80,0x00,0x00,0x00,0x01,0xFF,0xF8,0x07,0xFF,0xFF,0xF0,0x00,0x00,0x00,0x03,0xFF,
  0xF0,0x7F,0xFF,0xFF,0xF8,0x00,0x00,0x00,0x07,0xFF,0xE7,0xFF,0xFF,0xFF,0xFC,0x00,0x00,0x00,0x0F,0xFF,0xFF,0xFF,0xFF,0xFF,
  0xFC,0x00,0x00,0x00,0x1F,0xFF,0xFF,0xFF,0xFF,0xFF,0xFE,0x00,0x00,0x00,0x3F,0xFF,0xFF,0xFF,0xFF,0xFF,0xFC,0x00,0x00,0x00,
  0x7F,0xFF,0xFF,0xFF,0xFF,0xFF,0xFC,0x00,0x00,0x00,0xFF,0xFF,0xFF,0xFF,0xFF,0xFF,0xFC,0x00,0x00,0x01,0xFF,0xFF,0xFF,0xFF,
  0xFF,0xFF,0xFC,0x00,0x00,0x03,0xFF,0xFF,0xFF,0xFF,0xFF,0xFF,0xF8,0x00,0x00,0x07,0xFF,0xFF,0xC0,0x00,0x7F,0xFF,0xF0,0x00,
  0x00,0x0F,0xFF,0xF8,0x00,0x00,0x3F,0xFF,0xF0,0x00,0x00,0x1F,0xFF,0x80,0x00,0x00,0x1F,0xFF,0xE0,0x00,0x00,0x3F,0xFF,0x00,
  0x00,0x00,0x1F,0xFF,0xC0,0x00,0x00,0x7F,0xFE,0x00,0x00,0x00,0x1F,0xFF,0xC0,0x00,0x00,0xFF,0xFC,0x00,0x00,0x00,0x3F,0xFF,
  0x80,0x00,0x01,0xFF,0xF8,0x00,0x00,0x00,0x7F,0xFF,0x00,0x00,0x03,0xFF,0xF0,0x00,0x00,0x00,0x7F,0xFE,0x00,0x00,0x07,0xFF,
  0xE0,0x00,0x00,0x00,0xFF,0xFC,0x00,0x00,0x0F,0xFF,0xC0,0x00,0x00,0x01,0xFF,0xF8,0x00,0x00,0x1F,0xFF,0x80,0x00,0x00,0x03,
  0xFF,0xF0,0x00,0x00,0x3F,0xFF,0x00,0x00,0x00,0x07,0xFF,0xE0,0x00,0x00,0x7F,0xFE,0x00,0x00,0x00,0x0F,0xFF,0xC0,0x00,0x00,
  0xFF,0xFC,0x00,0x00,0x00,0x1F,0xFF,0x80,0x00,0x01,0xFF,0xF8,0x00,0x00,0x00,0x3F,0xFF,0x00,0x00,0x03,0xFF,0xF0,0x00,0x00,
  0x00,0x7F,0xFE,0x00,0x00,0x07,0xFF,0xE0,0x00,0x00,0x00,0xFF,0xFC,0x00,0x00,0x0F,0xFF,0xC0,0x00,0x00,0x01,0xFF,0xF8,0x00,
  0x00,0x1F,0xFF,0x80,0x00,0x00,0x03,0xFF,0xF0,0x00,0x00,0x3F,0xFF,0x00,0x00,0x00,0x07,0xFF,0xE0,0x00,0x00,0x7F,0xFE,0x00,
  0x00,0x00,0x0F,0xFF,0xC0,0x00,0x00,0xFF,0xFC,0x00,0x00,0x00,0x1F,0xFF,0x80,0x00,0x01,0xFF,0xF8,0x00,0x00,0x00,0x3F,0xFF,
  0x00,0x00,0x03,0xFF,0xF0,0x00,0x00,0x00,0x7F,0xFE,0x00,0x00,0x07,0xFF,0xE0,0x00,0x00,0x00,0xFF,0xFC,0x00,0x00,0x0F,0xFF,
  0xC0,0x00,0x00,0x01,0xFF,0xF8,0x00,0x00,0x1F,0xFF,0x80,0x00,0x00,0x03,0xFF,0xF0,0x00,0x00,0x3F,0xFF,0x00,0x00,0x00,0x07,
  0xFF,0xE0,0x00,0x00,0x7F,0xFE,0x00,0x00,0x00,0x0F,0xFF,0xC0,0x00,0x00,0xFF,0xFC,0x00,0x00,0x00,0x1F,0xFF,0x80,0x00,0x01,
  0xFF,0xF8,0x00,0x00,0x00,0x3F,0xFF,0x00,0x00,0x03,0xFF,0xF0,0x00,0x00,0x00,0x7F,0xFE,0x00,0x00,0x07,0xFF,0xE0,0x00,0x00,
  0x00,0xFF,0xFC,0x00,0x00,0x0F,0xFF,0xC0,0x00,0x00,0x01,0xFF,0xF8,0x00,0x00,0x1F,0xFF,0x80,0x00,0x00,0x03,0xFF,0xF0,0x00,
  0x00,0x00,0x03,0xFF,0xE0,0x00,0x00,0x00,0x00,0x3F,0xFF,0x00,0x00,0x00,0x00,0x03,0xFF,0xF0,0x00,0x00,0x00,0x00,0x3F,0xFF,
  0x00,0x00,0x00,0x00,0x03,0xFF,0xE0,0x00,0x00,0x00,0x00,0x3F,0xFE,0x00,0x00,0x00,0x00,0x03,0xFF,0xE0,0x00,0x00,0x00,0x00,
  0x3F,0xFC,0x00,0x00,0x00,0x00,0x03,0xFF,0xC0,0x00,0x00,0x00,0x00,0x3F,0xF8,0x00,0x00,0x00,0x00,0x03,0xFF,0x80,0x00,0x00,
  0x00,0x00,0x3F,0xF8,0x00,0x00,0x00,0x00,0x03,0xFF,0x00,0x00,0x00,0x00,0x00,0x1F,0xF0,0x00,0x00,0x00,0x00,0x00,0x00,0x00,
  0x00,0x00,0x00,0x00,0x00,0x00,0x00,0x00,0x00,0x00,0x00,0x00,0x00,0x00,0x00,0x00,0x00,0x00,0x00,0x00,0x00,0x00,0x00,0x00,
  0x00,0x00,0x00,0x00,0x00,0x00,0x00,0x00,0x00,0x00,0x00,0x0F,0xFF,0xC0,0x00,0x00,0xFF,0xFE,0x7F,0xFE,0x00,0x00,0x07,0xFF,
  0xE3,0xFF,0xF0,0x00,0x00,0x7F,0xFF,0x1F,0xFF,0x80,0x00,0x07,0xFF,0xF0,0xFF,0xFC,0x00,0x00,0x3F,0xFF,0x07,0xFF,0xE0,0x00,
  0x03,0xFF,0xF8,0x3F,0xFF,0x00,0x00,0x1F,0xFF,0x81,0xFF,0xF8,0x00,0x01,0xFF,0xF8,0x0F,0xFF,0xC0,0x00,0x1F,0xFF,0xC0,0x7F,
  0xFE,0x00,0x00,0xFF,0xFC,0x03,0xFF,0xF0,0x00,0x0F,0xFF,0xC0,0x1F,0xFF,0x80,0x00,0xFF,0xFE,0x00,0xFF,0xFC,0x00,0x07,0xFF,
  0xE0,0x07,0xFF,0xE0,0x00,0x7F,0xFE,0x00,0x3F,0xFF,0x00,0x07,0xFF,0xF0,0x01,0xFF,0xF8,0x00,0x3F,0xFF,0x00,0x0F,0xFF,0xC0,
  0x03,0xFF,0xF0,0x00,0x7F,0xFE,0x00,0x1F,0xFF,0x80,0x03,0xFF,0xF0,0x01,0xFF,0xF8,0x00,0x1F,0xFF,0x80,0x1F,0xFF,0xC0,0x00,
  0xFF,0xFC,0x00,0xFF,0xFC,0x00,0x07,0xFF,0xE0,0x0F,0xFF,0xC0,0x00,0x3F,0xFF,0x00,0xFF,0xFE,0x00,0x01,0xFF,0xF8,0x0F,0xFF,
  0xE0,0x00,0x0F,0xFF,0xC0,0x7F,0xFE,0x00,0x00,0x7F,0xFE,0x07,0xFF,0xE0,0x00,0x03,0xFF,0xF0,0x7F,0xFF,0x00,0x00,0x1F,0xFF,
  0x87,0xFF,0xF0,0x00,0x00,0xFF,0xFC,0xFF,0xFF,0x00,0x00,0x07,0xFF,0xFF,0xFF,0xF0,0x00,0x00,0x3F,0xFF,0xFF,0xFF,0x00,0x00,
  0x01,0xFF,0xFF,0xFF,0xFC,0x00,0x00,0x0F,0xFF,0xFF,0xFF,0xE0,0x00,0x00,0x7F,0xFF,0xFF,0xFF,0x80,0x00,0x03,0xFF,0xFF,0xFF,
  0xFE,0x00,0x00,0x1F,0xFF,0xFF,0xFF,0xF0,0x00,0x00,0xFF,0xFF,0xFF,0xFF,0xC0,0x00,0x07,0xFF,0xFF,0xFF,0xFF,0x00,0x00,0x3F,
  0xFF,0xE1,0xFF,0xF8,0x00,0x01,0xFF,0xF8,0x0F,0xFF,0xE0,0x00,0x0F,0xFF,0xC0,0x3F,0xFF,0x00,0x00,0x7F,0xFE,0x01,0xFF,0xFC,
  0x00,0x03,0xFF,0xF0,0x07,0xFF,0xF0,0x00,0x1F,0xFF,0x80,0x1F,0xFF,0x80,0x00,0xFF,0xFC,0x00,0xFF,0xFE,0x00,0x07,0xFF,0xE0,
  0x03,0xFF,0xF8,0x00,0x3F,0xFF,0x00,0x1F,0xFF,0xC0,0x01,0xFF,0xF8,0x00,0x7F,0xFF,0x00,0x0F,0xFF,0xC0,0x01,0xFF,0xF8,0x00,
  0x7F,0xFE,0x00,0x0F,0xFF,0xE0,0x03,0xFF,0xF0,0x00,0x3F,0xFF,0x80,0x1F,0xFF,0x80,0x01,0xFF,0xFC,0x00,0xFF,0xFC,0x00,0x07,
  0xFF,0xF0,0x07,0xFF,0xE0,0x00,0x3F,0xFF,0xC0,0x3F,0xFF,0x00,0x00,0xFF,0xFE,0x01,0xFF,0xF8,0x00,0x03,0xFF,0xF8,0x0F,0xFF,
  0xC0,0x00,0x1F,0xFF,0xC0,0x7F,0xFE,0x00,0x00,0x7F,0xFF,0x03,0xFF,0xF0,0x00,0x03,0xFF,0xFC,0x1F,0xFF,0x80,0x00,0x0F,0xFF,
  0xE0,0xFF,0xFC,0x00,0x00,0x3F,0xFF,0x87,0xFF,0xE0,0x00,0x01,0xFF,0xFE,0x3F,0xFF,0x00,0x00,0x07,0xFF,0xF1,0xFF,0xF8,0x00,
  0x00,0x3F,0xFF,0xCF,0xFF,0xC0,0x00,0x00,0xFF,0xFE,0x7F,0xFE,0x00,0x00,0x03,0xFF,0xFB,0xFF,0xF0,0x00,0x00,0x1F,0xFF,0xFF,
  0xFF,0x80,0x00,0x00,0x7F,0xFF,0x00,0x1F,0xFF,0x00,0x00,0x00,0x00,0x00,0x07,0xFF,0xE0,0x00,0x00,0x00,0x00,0x00,0xFF,0xFC,
  0x00,0x00,0x00,0x00,0x00,0x1F,0xFF,0x80,0x00,0x00,0x00,0x00,0x03,0xFF,0xF0,0x00,0x00,0x00,0x00,0x00,0x3F,0xFE,0x00,0x00,
  0x00,0x00,0x00,0x07,0xFF,0xC0,0x00,0x00,0x00,0x00,0x00,0x7F,0xF8,0x00,0x00,0x00,0x00,0x00,0x0F,0xFF,0x00,0x00,0x00,0x00,
  0x00,0x01,0xFF,0xE0,0x00,0x00,0x00,0x00,0x00,0x1F,0xFC,0x00,0x00,0x00,0x00,0x00,0x03,0xFF,0x80,0x00,0x00,0x00,0x00,0x00,
  0x7F,0xF0,0x00,0x00,0x00,0x00,0x00,0x07,0xFC,0x00,0x00,0x00,0x00,0x00,0x00,0x00,0x00,0x00,0x00,0x00,0x00,0x00,0x00,0x00,
  0x00,0x00,0x00,0x00,0x00,0x00,0x00,0x00,0x00,0x00,0x00,0x00,0x00,0x00,0x00,0x00,0x00,0x00,0x00,0x00,0x00,0x00,0x00,0x00,
  0x00,0x00,0x00,0x00,0x00,0x00,0x00,0xFF,0xF0,0x00,0x00,0x00,0x7F,0xFF,0xFF,0xFC,0x00,0x00,0x00,0x1F,0xFF,0xFF,0xFF,0x00,
  0x00,0x00,0x0F,0xFF,0xFF,0xFF,0xC0,0x00,0x00,0x07,0xFF,0xFF,0xFF,0xF0,0x00,0x00,0x01,0xFF,0xFF,0xFF,0xFC,0x00,0x00,0x00,
  0xFF,0xFF,0xFF,0xFF,0x00,0x00,0x00,0x3F,0xFF,0xFF,0xFF,0xC0,0x00,0x00,0x1F,0xFF,0xFF,0xFF,0xF0,0x00,0x00,0x07,0xFF,0xFF,
  0xFF,0xFC,0x00,0x00,0x03,0xFF,0xFF,0xFF,0xFF,0x00,0x00,0x00,0xFF,0xFF,0xFF,0xFF,0xC0,0x00,0x00,0x7F,0xFF,0xFF,0xFF,0xF0,
  0x00,0x00,0x3F,0xFF,0xFF,0xFF,0xFC,0x00,0x00,0x0F,0xFF,0xFF,0xFF,0xFF,0x00,0x00,0x07,0xFF,0xFF,0xFF,0xFF,0xC0,0x00,0x01,
  0xFF,0xFF,0xFF,0xFF,0xF0,0x00,0x00,0xFF,0xFF,0xFF,0xFF,0xFC,0x00,0x00,0x3F,0xFD,0xFF,0xFF,0xFF,0x00,0x00,0x1F,0xFF,0x7F,
  0xFF,0xFF,0xC0,0x00,0x07,0xFF,0x9F,0xFF,0xFF,0xF0,0x00,0x03,0xFF,0xE7,0xFF,0xFF,0xFC,0x00,0x01,0xFF,0xF1,0xFF,0xFF,0xFF,
  0x00,0x00,0x7F,0xFC,0x7F,0xFF,0xFF,0xC0,0x00,0x3F,0xFE,0x1F,0xFF,0xFF,0xF0,0x00,0x0F,0xFF,0x87,0xFF,0xFF,0xFC,0x00,0x07,
  0xFF,0xC1,0xFF,0xFF,0xFF,0x00,0x01,0xFF,0xE0,0x7F,0xFF,0xFF,0xC0,0x00,0xFF,0xF8,0x1F,0xFF,0xFF,0xF0,0x00,0x7F,0xFC,0x07,
  0xFF,0xFF,0xFC,0x00,0x1F,0xFF,0x01,0xFF,0xFF,0xFF,0x00,0x0F,0xFF,0x80,0x7F,0xFF,0xFF,0xC0,0x03,0xFF,0xE0,0x1F,0xFF,0xFF,
  0xF0,0x01,0xFF,0xF0,0x07,0xFF,0xFF,0xFC,0x00,0x7F,0xF8,0x01,0xFF,0xFF,0xFF,0x00,0x3F,0xFE,0x00,0x7F,0xFF,0xFF,0xC0,0x0F,
  0xFF,0x00,0x1F,0xFF,0xFF,0xF0,0x07,0xFF,0xC0,0x07,0xFF,0xFF,0xFC,0x03,0xFF,0xE0,0x01,0xFF,0xFF,0xFF,0x00,0xFF,0xF8,0x00,
  0x7F,0xFF,0xFF,0xC0,0x7F,0xFC,0x00,0x1F,0xFF,0xFF,0xF0,0x1F,0xFE,0x00,0x07,0xFF,0xFF,0xFC,0x0F,0xFF,0x80,0x01,0xFF,0xFF,
  0xFF,0x03,0xFF,0xC0,0x00,0x7F,0xFF,0xFF,0xC1,0xFF,0xF0,0x00,0x1F,0xFF,0xFF,0xF0,0x7F,0xF8,0x00,0x07,0xFF,0xFF,0xFC,0x3F,
  0xFE,0x00,0x01,0xFF,0xFF,0xFF,0x1F,0xFF,0x00,0x00,0x7F,0xFF,0xFF,0xC7,0xFF,0x80,0x00,0x1F,0xFF,0xFF,0xF3,0xFF,0xE0,0x00,
  0x07,0xFF,0xFF,0xFC,0xFF,0xF0,0x00,0x01,0xFF,0xFF,0xFF,0x7F,0xFC,0x00,0x00,0x7F,0xFF,0xFF,0xDF,0xFE,0x00,0x00,0x1F,0xFF,
  0xFF,0xFF,0xFF,0x80,0x00,0x07,0xFF,0xFF,0xFF,0xFF,0xC0,0x00,0x01,0xFF,0xFF,0xFF,0xFF,0xF0,0x00,0x00,0x7F,0xFF,0xFF,0xFF,
  0xF8,0x00,0x00,0x1F,0xFF,0xFF,0xFF,0xFC,0x00,0x00,0x07,0xFF,0xFF,0xFF,0xFF,0x00,0x00,0x01,0xFF,0xFF,0xFF,0xFF,0x80,0x00,
  0x00,0x7F,0xFF,0xFF,0xFF,0xE0,0x00,0x00,0x1F,0xFF,0xFF,0xFF,0xF0,0x00,0x00,0x07,0xFF,0xFF,0xFF,0xFC,0x00,0x00,0x01,0xFF,
  0xFF,0xFF,0xFE,0x00,0x00,0x00,0x7F,0xFF,0xFF,0xFF,0x00,0x00,0x00,0x1F,0xFF,0xFF,0xFF,0xC0,0x00,0x00,0x07,0xFF,0xFF,0xFF,
  0xE0,0x00,0x00,0x01,0xFF,0xFF,0xFF,0xF8,0x00,0x00,0x00,0x7F,0xFF,0xFF,0xFC,0x00,0x00,0x00,0x1F,0xFF,0x00,0x1F,0xFC,0x00,
  0x01,0xFF,0xC0,0x00,0x00,0x7F,0xF0,0x00,0x07,0xFF,0x00,0x00,0x01,0xFF,0xC0,0x00,0x1F,0xFC,0x00,0x00,0x07,0xFF,0x00,0x00,
  0xFF,0xF0,0x00,0x00,0x1F,0xFC,0x00,0x03,0xFF,0x80,0x00,0x00,0x7F,0xF8,0x00,0x0F,0xFE,0x00,0x00,0x00,0xFF,0xF0,0x00,0x7F,
  0xF8,0x00,0x00,0x03,0xFF,0xE0,0x03,0xFF,0xC0,0x00,0x00,0x07,0xFF,0xE0,0x3F,0xFF,0x00,0x00,0x00,0x1F,0xFF,0xFF,0xFF,0xF8,
  0x00,0x00,0x00,0x3F,0xFF,0xFF,0xFF,0xE0,0x00,0x00,0x00,0x7F,0xFF,0xFF,0xFF,0x00,0x00,0x00,0x00,0xFF,0xFF,0xFF,0xF0,0x00,
  0x00,0x00,0x00,0xFF,0xFF,0xFF,0x80,0x00,0x00,0x00,0x00,0xFF,0xFF,0xF8,0x00,0x00,0x00,0x00,0x00,0x3F,0xFE,0x00,0x00,0x00,
  0x00,0x00,0x00,0x00,0x00,0x00,0x00,0x00,0x00,0x00,0x00,0x00,0x00,0x00,0x00,0x00,0x00,0x00,0x00,0x00,0x00,0x00,0x00,0x00,
  0x00,0x00,0x00,0x00,0x00,0x00,0x00,0x00,0x00,0x00,0x00,0x00,0x00,0x00,0x00,0x00,0x00,0x00,0x00,0x00,0x00,0x00,0x0F,0xFF,
  0xE0,0x00,0x00,0x00,0x1F,0xFF,0xFF,0xFF,0x80,0x00,0x00,0x00,0x7F,0xFE,0x7F,0xFF,0x00,0x00,0x00,0x03,0xFF,0xF8,0xFF,0xFE,
  0x00,0x00,0x00,0x0F,0xFF,0xC3,0xFF,0xF8,0x00,0x00,0x00,0x3F,0xFF,0x07,0xFF,0xF0,0x00,0x00,0x01,0xFF,0xFC,0x1F,0xFF,0xC0,
  0x00,0x00,0x07,0xFF,0xE0,0x3F,0xFF,0x80,0x00,0x00,0x3F,0xFF,0x80,0x7F,0xFE,0x00,0x00,0x00,0xFF,0xFC,0x01,0xFF,0xFC,0x00,
  0x00,0x07,0xFF,0xF0,0x03,0xFF,0xF8,0x00,0x00,0x1F,0xFF,0x80,0x0F,0xFF,0xE0,0x00,0x00,0x7F,0xFE,0x00,0x1F,0xFF,0xC0,0x00,
  0x03,0xFF,0xF0,0x00,0x3F,0xFF,0x00,0x00,0x0F,0xFF,0xC0,0x00,0xFF,0xFE,0x00,0x00,0x7F,0xFE,0x00,0x01,0xFF,0xF8,0x00,0x01,
  0xFF,0xF8,0x00,0x07,0xFF,0xF0,0x00,0x0F,0xFF,0xC0,0x00,0x0F,0xFF,0xE0,0x00,0x3F,0xFF,0x00,0x00,0x1F,0xFF,0x80,0x01,0xFF,
  0xF8,0x00,0x00,0x7F,0xFF,0x00,0x07,0xFF,0xE0,0x00,0x00,0xFF,0xFC,0x00,0x1F,0xFF,0x00,0x00,0x03,0xFF,0xF8,0x00,0xFF,0xFC,
  0x00,0x00,0x07,0xFF,0xE0,0x03,0xFF,0xE0,0x00,0x00,0x0F,0xFF,0xC0,0x1F,0xFF,0x80,0x00,0x00,0x3F,0xFF,0x80,0x7F,0xFC,0x00,
  0x00,0x00,0x7F,0xFE,0x03,0xFF,0xF0,0x00,0x00,0x01,0xFF,0xFC,0x0F,0xFF,0x80,0x00,0x00,0x03,0xFF,0xF0,0x3F,0xFE,0x00,0x00,
  0x00,0x07,0xFF,0xE1,0xFF,0xF0,0x00,0x00,0x00,0x1F,0xFF,0x87,0xFF,0xC0,0x00,0x00,0x00,0x3F,0xFF,0x3F,0xFE,0x00,0x00,0x00,
  0x00,0xFF,0xFE,0xFF,0xF8,0x00,0x00,0x00,0x01,0xFF,0xFF,0xFF,0xE0,0x00,0x00,0x00,0x03,0xFF,0xFF,0xFF,0x00,0x00,0x00,0x00,
  0x0F,0xFF,0xFF,0xFC,0x00,0x00,0x00,0x00,0x1F,0xFF,0xFF,0xE0,0x00,0x00,0x00,0x00,0x7F,0xFF,0xFF,0x80,0x00,0x00,0x00,0x00,
  0xFF,0xFF,0xFC,0x00,0x00,0x00,0x00,0x01,0xFF,0xFF,0xF0,0x00,0x00,0x00,0x00,0x07,0xFF,0xFF,0x80,0x00,0x00,0x00,0x00,0x0F,
  0xFF,0xFE,0x00,0x00,0x00,0x00,0x00,0x3F,0xFF,0xF0,0x00,0x00,0x00,0x00,0x00,0x7F,0xFF,0xC0,0x00,0x00,0x00,0x00,0x00,0xFF,
  0xFE,0x00,0x00,0x00,0x00,0x00,0x03,0xFF,0xF8,0x00,0x00,0x00,0x00,0x00,0x0F,0xFF,0xC0,0x00,0x00,0x00,0x00,0x00,0x3F,0xFF,
  0x00,0x00,0x00,0x00,0x00,0x01,0xFF,0xF8,0x00,0x00,0x00,0x00,0x00,0x07,0xFF,0xE0,0x00,0x00,0x00,0x00,0x00,0x3F,0xFF,0x00,
  0x00,0x00,0x00,0x00,0x00,0xFF,0xFC,0x00,0x00,0x00,0x00,0x00,0x07,0xFF,0xE0,0x00,0x00,0x00,0x00,0x00,0x3F,0xFF,0x80,0x00,
  0x00,0x00,0x00,0x00,0xFF,0xFC,0x00,0x00,0x00,0x00,0x80,0x07,0xFF,0xF0,0x00,0x00,0x00,0x07,0x80,0x7F,0xFF,0x80,0x00,0x00,
  0x00,0x1F,0xFF,0xFF,0xFE,0x00,0x00,0x00,0x00,0x7F,0xFF,0xFF,0xF0,0x00,0x00,0x00,0x03,0xFF,0xFF,0xFF,0xC0,0x00,0x00,0x00,
  0x0F,0xFF,0xFF,0xFE,0x00,0x00,0x00,0x00,0x3F,0xFF,0xFF,0xF0,0x00,0x00,0x00,0x01,0xFF,0xFF,0xFF,0xC0,0x00,0x00,0x00,0x07,
  0xFF,0xFF,0xFE,0x00,0x00,0x00,0x00,0x1F,0xFF,0xFF,0xF0,0x00,0x00,0x00,0x00,0xFF,0xFF,0xFF,0x80,0x00,0x00,0x00,0x03,0xFF,
  0xFF,0xFC,0x00,0x00,0x00,0x00,0x0F,0xFF,0xFF,0xC0,0x00,0x00,0x00,0x00,0x07,0xFF,0xFE,0x00,0x00,0x00,0x00,0x00,0x01,0xFF,
  0x80,0x00,0x00,0x00,0x00,0x00,0xFF,0xFC,0x00,0x00,0x00,0x0F,0xFF,0xFF,0xFF,0x00,0x00,0x00,0x03,0xFF,0xFF,0xFF,0xC0,0x00,
  0x00,0x00,0xFF,0xFF,0xFF,0xF0,0x00,0x00,0x00,0x3F,0xFF,0xFF,0xFC,0x00,0x00,0x00,0x0F,0xFF,0xFF,0xFF,0x00,0x00,0x00,0x03,
  0xFF,0xFF,0xFF,0xC0,0x00,0x00,0x00,0xFF,0xFF,0xFF,0xF0,0x00,0x00,0x00,0x3F,0xFF,0xFF,0xFC,0x00,0x00,0x00,0x0F,0xFF,0xFF,
  0xFF,0x00,0x00,0x00,0x03,0xFF,0xFF,0xFF,0xC0,0x00,0x00,0x00,0xFF,0xFF,0xFF,0xF0,0x00,0x00,0x00,0x3F,0xFF,0xFF,0xFC,0x00,
  0x00,0x00,0x0F,0xFF,0xFF,0xFF,0x00,0x00,0x00,0x03,0xFF,0xFF,0xFF,0xC0,0x00,0x00,0x00,0xFF,0xFF,0xFF,0xF0,0x00,0x00,0x00,
  0x3F,0xFF,0xFF,0xFC,0x00,0x00,0x00,0x0F,0xFF,0xFF,0xFF,0x00,0x00,0x00,0x03,0xFF,0xFF,0xFF,0xC0,0x00,0x00,0x00,0xFF,0xFF,
  0xFF,0xF0,0x00,0x00,0x00,0x3F,0xFF,0xFF,0xFC,0x00,0x00,0x00,0x0F,0xFF,0xFF,0xFF,0x00,0x00,0x00,0x03,0xFF,0xFF,0xFF,0xC0,
  0x00,0x00,0x00,0xFF,0xFF,0xFF,0xF0,0x00,0x00,0x00,0x3F,0xFF,0xFF,0xFC,0x00,0x00,0x00,0x0F,0xFF,0xFF,0xFF,0x00,0x00,0x00,
  0x03,0xFF,0xFF,0xFF,0xC0,0x00,0x00,0x00,0xFF,0xFF,0xFF,0xF0,0x00,0x00,0x00,0x3F,0xFF,0xFF,0xFC,0x00,0x00,0x00,0x0F,0xFF,
  0xFF,0xFF,0x00,0x00,0x00,0x03,0xFF,0xFF,0xFF,0xC0,0x00,0x00,0x00,0xFF,0xFF,0xFF,0xF0,0x00,0x00,0x00,0x3F,0xFF,0xFF,0xFC,
  0x00,0x00,0x00,0x0F,0xFF,0xFF,0xFF,0x00,0x00,0x00,0x03,0xFF,0xFF,0xFF,0xC0,0x00,0x00,0x00,0xFF,0xFF,0xFF,0xF0,0x00,0x00,
  0x00,0x3F,0xFF,0xFF,0xFC,0x00,0x00,0x00,0x0F,0xFF,0xFF,0xFF,0x00,0x00,0x00,0x03,0xFF,0xFF,0xFF,0xC0,0x00,0x00,0x00,0xFF,
  0xFF,0xFF,0xF0,0x00,0x00,0x00,0x3F,0xFF,0xFF,0xFC,0x00,0x00,0x00,0x0F,0xFF,0xFF,0xFF,0x00,0x00,0x00,0x03,0xFF,0xFF,0xFF,
  0xC0,0x00,0x00,0x00,0xFF,0xFF,0xFF,0xF0,0x00,0x00,0x00,0x3F,0xFF,0xFF,0xFC,0x00,0x00,0x00,0x0F,0xFF,0xFF,0xFF,0x00,0x00,
  0x00,0x03,0xFF,0xFF,0xFF,0xC0,0x00,0x00,0x00,0xFF,0xFF,0xFF,0xF0,0x00,0x00,0x00,0x3F,0xFF,0xFF,0xFC,0x00,0x00,0x00,0x0F,
  0xFF,0xFF,0xFF,0x00,0x00,0x00,0x03,0xFF,0xFF,0xFF,0xC0,0x00,0x00,0x00,0xFF,0xFF,0xFF,0xF0,0x00,0x00,0x00,0x3F,0xFF,0xFF,
  0xFC,0x00,0x00,0x00,0x0F,0xFF,0xFF,0xFF,0x00,0x00,0x00,0x03,0xFF,0xFF,0xFF,0xC0,0x00,0x00,0x00,0xFF,0xFF,0xFF,0xF0,0x00,
  0x00,0x00,0x3F,0xFF,0xFF,0xFF,0xFF,0xFF,0xFF,0xFF,0xFF,0xFF,0xFF,0xFF,0xFF,0xFF,0xFF,0xFF,0xFF,0xFF,0xFF,0xFF,0xFF,0xFF,
  0xFF,0xFF,0xFF,0xFF,0xFF,0xFF,0xFF,0xFF,0xFF,0xFF,0xFF,0xFF,0xFF,0xFF,0xFF,0xFF,0xFF,0xFF,0xFF,0xFF,0xFF,0xFF,0xFF,0xFF,
  0xFF,0xFF,0xFF,0xFF,0xFF,0xFF,0xFF,0xFF,0xFF,0xFF,0xFF,0xFF,0xFF,0xFF,0xFF,0xFF,0xFF,0xFF,0xFF,0xFF,0xFF,0xFF,0xFF,0xFF,
  0xFF,0xFF,0xFF,0xFF,0xFF,0xFF,0xFF,0xFF,0xFF,0xFF,0xFF,0xFF,0xFF,0xFF,0xFF,0xFF,0xFF,0xFF,0xFF,0x00,0x00,0x03,0xFF,0xE0,
  0x00,0x00,0x00,0x00,0x00,0xFF,0xF8,0x00,0x00,0x00,0x00,0x00,0x3F,0xFE,0x00,0x00,0x00,0x00,0x00,0x0F,0xFF,0x80,0x00,0x00,
  0x00,0x00,0x03,0xFF,0xE0,0x00,0x00,0x00,0x00,0x00,0xFF,0xF8,0x00,0x00,0x00,0x00,0x00,0x3F,0xFE,0x00,0x00,0x00,0x00,0x00,
  0x0F,0xFF,0x80,0x00,0x00,0x00,0x00,0x03,0xFF,0xE0,0x00,0x00,0x00,0x00,0x00,0xFF,0xF8,0x00,0x00,0x00,0x00,0x00,0x3F,0xFE,
  0x00,0x00,0x00,0x00,0x00,0x0F,0xFF,0x80,0x00,0x00,0x00,0x00,0x03,0xFF,0xE0,0x00,0x00,0x00,0x00,0x00,0xFF,0xF8,0x00,0x00,
  0x00,0x00,0x00,0x3F,0xFE,0x00,0x00,0x00,0x00,0x00,0x0F,0xFF,0x80,0x00,0x00,0x00,0x00,0x03,0xFF,0xE0,0x00,0x00,0x00,0x00,
  0x00,0xFF,0xF8,0x00,0x00,0x00,0x00,0x00,0x3F,0xFE,0x00,0x00,0x00,0x00,0x00,0x0F,0xFF,0x80,0x00,0x00,0x00,0x00,0x00,0xFF,
  0xFF,0x80,0x00,0x00,0x00,0x00,0x00,0x3F,0xFF,0xF0,0x00,0x00,0x00,0x00,0x00,0x1F,0xFF,0xFC,0x00,0x00,0x00,0x00,0x00,0x07,
  0xFF,0xFF,0x00,0x00,0x00,0x00,0x00,0x01,0xFF,0xFF,0xE0,0x00,0x00,0x00,0x00,0x00,0xFF,0xFF,0xF8,0x00,0x00,0x00,0x00,0x00,
  0x3F,0xFF,0xFF,0x00,0x00,0x00,0x00,0x00,0x1F,0xFF,0xFF,0xC0,0x00,0x00,0x00,0x00,0x07,0xFF,0xFF,0xF0,0x00,0x00,0x00,0x00,
  0x01,0xFF,0xFF,0xFE,0x00,0x00,0x00,0x00,0x00,0xFF,0xFF,0xFF,0x80,0x00,0x00,0x00,0x00,0x3F,0xFF,0xFF,0xE0,0x00,0x00,0x00,
  0x00,0x0F,0xFF,0x7F,0xFC,0x00,0x00,0x00,0x00,0x07,0xFF,0xCF,0xFF,0x00,0x00,0x00,0x00,0x01,0xFF,0xF3,0xFF,0xC0,0x00,0x00,
  0x00,0x00,0x7F,0xF8,0xFF,0xF8,0x00,0x00,0x00,0x00,0x3F,0xFE,0x1F,0xFE,0x00,0x00,0x00,0x00,0x0F,0xFF,0x87,0xFF,0xC0,0x00,
  0x00,0x00,0x07,0xFF,0xC1,0xFF,0xF0,0x00,0x00,0x00,0x01,0xFF,0xF0,0x7F,0xFC,0x00,0x00,0x00,0x00,0x7F,0xFC,0x0F,0xFF,0x80,
  0x00,0x00,0x00,0x3F,0xFE,0x03,0xFF,0xE0,0x00,0x00,0x00,0x0F,0xFF,0x80,0xFF,0xF8,0x00,0x00,0x00,0x03,0xFF,0xE0,0x1F,0xFF,
  0x00,0x00,0x00,0x01,0xFF,0xF0,0x07,0xFF,0xC0,0x00,0x00,0x00,0x7F,0xFC,0x01,0xFF,0xF0,0x00,0x00,0x00,0x1F,0xFF,0x00,0x3F,
  0xFE,0x00,0x00,0x00,0x0F,0xFF,0x80,0x0F,0xFF,0x80,0x00,0x00,0x03,0xFF,0xE0,0x01,0xFF,0xF0,0x00,0x00,0x01,0xFF,0xF8,0x00,
  0x7F,0xFC,0x00,0x00,0x00,0x7F,0xFC,0x00,0x1F,0xFF,0x00,0x00,0x00,0x1F,0xFF,0x00,0x03,0xFF,0xE0,0x00,0x00,0x0F,0xFF,0xC0,
  0x00,0xFF,0xF8,0x00,0x00,0x03,0xFF,0xE0,0x00,0x3F,0xFE,0x00,0x00,0x00,0xFF,0xF8,0x00,0x07,0xFF,0xC0,0x00,0x00,0x7F,0xFE,
  0x00,0x01,0xFF,0xF0,0x00,0x00,0x1F,0xFF,0x00,0x00,0x7F,0xFC,0x00,0x00,0x07,0xFF,0xC0,0x00,0x0F,0xFF,0x80,0x00,0x03,0xFF,
  0xF0,0x00,0x03,0xFF,0xE0,0x00,0x00,0xFF,0xF8,0x00,0x00,0xFF,0xFC,0x00,0x00,0x7F,0xFF,0xFF,0xFF,0xFF,0xFF,0x00,0x00,0x1F,
  0xFF,0xFF,0xFF,0xFF,0xFF,0xC0,0x00,0x07,0xFF,0xFF,0xFF,0xFF,0xFF,0xF8,0x00,0x03,0xFF,0xFF,0xFF,0xFF,0xFF,0xFE,0x00,0x00,
  0xFF,0xFF,0xFF,0xFF,0xFF,0xFF,0x80,0x00,0x3F,0xFF,0xFF,0xFF,0xFF,0xFF,0xF0,0x00,0x1F,0xFF,0xFF,0xFF,0xFF,0xFF,0xFC,0x00,
  0x07,0xFF,0xFF,0xFF,0xFF,0xFF,0xFF,0x00,0x01,0xFF,0xFF,0xFF,0xFF,0xFF,0xFF,0xE0,0x00,0xFF,0xFF,0xFF,0xFF,0xFF,0xFF,0xF8,
  0x00,0x3F,0xFF,0xFF,0xFF,0xFF,0xFF,0xFF,0x00,0x1F,0xFF,0xC0,0x00,0x00,0x0F,0xFF,0xC0,0x07,0xFF,0xE0,0x00,0x00,0x03,0xFF,
  0xF0,0x01,0xFF,0xF8,0x00,0x00,0x00,0x7F,0xFE,0x00,0xFF,0xFE,0x00,0x00,0x00,0x1F,0xFF,0x80,0x3F,0xFF,0x00,0x00,0x00,0x07,
  0xFF,0xE0,0x0F,0xFF,0xC0,0x00,0x00,0x00,0xFF,0xFC,0x07,0xFF,0xE0,0x00,0x00,0x00,0x3F,0xFF,0x01,0xFF,0xF8,0x00,0x00,0x00,
  0x0F,0xFF,0xE0,0x7F,0xFE,0x00,0x00,0x00,0x01,0xFF,0xF8,0x3F,0xFF,0x00,0x00,0x00,0x00,0x7F,0xFE,0x0F,0xFF,0xC0,0x00,0x00,
  0x00,0x1F,0xFF,0xC7,0xFF,0xF0,0x00,0x00,0x00,0x03,0xFF,0xF1,0xFF,0xF8,0x00,0x00,0x00,0x00,0xFF,0xFC,0x7F,0xFE,0x00,0x00,
  0x00,0x00,0x3F,0xFF,0xBF,0xFF,0x80,0x00,0x00,0x00,0x07,0xFF,0xEF,0xFF,0xC0,0x00,0x00,0x00,0x01,0xFF,0xFB,0xFF,0xF0,0x00,
  0x00,0x00,0x00,0x3F,0xFF,0xFF,0xFF,0xFF,0xFF,0xFF,0xFF,0xE0,0x07,0xFF,0xFF,0xFF,0xFF,0xFF,0xFF,0x00,0x3F,0xFF,0xFF,0xFF,
  0xFF,0xFF,0xF8,0x01,0xFF,0xFF,0xFF,0xFF,0xFF,0xFF,0xC0,0x0F,0xFF,0xFF,0xFF,0xFF,0xFF,0xFE,0x00,0x7F,0xFF,0xFF,0xFF,0xFF,
  0xFF,0xF0,0x03,0xFF,0xFF,0xFF,0xFF,0xFF,0xFF,0x80,0x1F,0xFF,0xFF,0xFF,0xFF,0xFF,0xFC,0x00,0xFF,0xFF,0xFF,0xFF,0xFF,0xFF,
  0xE0,0x07,0xFF,0xFF,0xFF,0xFF,0xFF,0xFF,0x00,0x3F,0xFF,0xFF,0xFF,0xFF,0xFF,0xF8,0x01,0xFF,0xF8,0x00,0x00,0x00,0x00,0x00,
  0x0F,0xFF,0xC0,0x00,0x00,0x00,0x00,0x00,0x7F,0xFE,0x00,0x00,0x00,0x00,0x00,0x03,0xFF,0xF0,0x00,0x00,0x00,0x00,0x00,0x1F,
  0xFF,0x80,0x00,0x00,0x00,0x00,0x00,0xFF,0xFC,0x00,0x00,0x00,0x00,0x00,0x07,0xFF,0xE0,0x00,0x00,0x00,0x00,0x00,0x3F,0xFF,
  0x00,0x00,0x00,0x00,0x00,0x01,0xFF,0xF8,0x00,0x00,0x00,0x00,0x00,0x0F,0xFF,0xC0,0x00,0x00,0x00,0x00,0x00,0x7F,0xFE,0x00,
  0x00,0x00,0x00,0x00,0x03,0xFF,0xF0,0x00,0x00,0x00,0x00,0x00,0x1F,0xFF,0x80,0x00,0x00,0x00,0x00,0x00,0xFF,0xFC,0x00,0x00,
  0x00,0x00,0x00,0x07,0xFF,0xE0,0x00,0x00,0x00,0x00,0x00,0x3F,0xFF,0x00,0x00,0x00,0x00,0x00,0x01,0xFF,0xFF,0xFF,0xFF,0xFF,
  0xE0,0x00,0x0F,0xFF,0xFF,0xFF,0xFF,0xFF,0xF0,0x00,0x7F,0xFF,0xFF,0xFF,0xFF,0xFF,0xE0,0x03,0xFF,0xFF,0xFF,0xFF,0xFF,0xFF,
  0xC0,0x1F,0xFF,0xFF,0xFF,0xFF,0xFF,0xFF,0x80,0xFF,0xFF,0xFF,0xFF,0xFF,0xFF,0xFE,0x07,0xFF,0xFF,0xFF,0xFF,0xFF,0xFF,0xF8,
  0x3F,0xFF,0xFF,0xFF,0xFF,0xFF,0xFF,0xE1,0xFF,0xFF,0xFF,0xFF,0xFF,0xFF,0xFF,0x0F,0xFF,0xFF,0xFF,0xFF,0xFF,0xFF,0xFC,0x7F,
  0xFF,0xFF,0xFF,0xFF,0xFF,0xFF,0xF3,0xFF,0xF0,0x00,0x00,0x0F,0xFF,0xFF,0x9F,0xFF,0x80,0x00,0x00,0x0F,0xFF,0xFC,0xFF,0xFC,
  0x00,0x00,0x00,0x1F,0xFF,0xF7,0xFF,0xE0,0x00,0x00,0x00,0x7F,0xFF,0xBF,0xFF,0x00,0x00,0x00,0x01,0xFF,0xFD,0xFF,0xF8,0x00,
  0x00,0x00,0x0F,0xFF,0xEF,0xFF,0xC0,0x00,0x00,0x00,0x3F,0xFF,0xFF,0xFE,0x00,0x00,0x00,0x01,0xFF,0xFF,0xFF,0xF0,0x00,0x00,
  0x00,0x0F,0xFF,0xFF,0xFF,0x80,0x00,0x00,0x00,0x7F,0xFF,0xFF,0xFC,0x00,0x00,0x00,0x03,0xFF,0xFF,0xFF,0xE0,0x00,0x00,0x00,
  0x1F,0xFF,0xFF,0xFF,0x00,0x00,0x00,0x00,0xFF,0xFD,0xFF,0xF8,0x00,0x00,0x00,0x0F,0xFF,0xEF,0xFF,0xC0,0x00,0x00,0x00,0x7F,
  0xFF,0x7F,0xFE,0x00,0x00,0x00,0x07,0xFF,0xFB,0xFF,0xF0,0x00,0x00,0x00,0x7F,0xFF,0x9F,0xFF,0x80,0x00,0x00,0x0F,0xFF,0xFC,
  0xFF,0xFC,0x00,0x00,0x07,0xFF,0xFF,0xE7,0xFF,0xFF,0xFF,0xFF,0xFF,0xFF,0xFE,0x3F,0xFF,0xFF,0xFF,0xFF,0xFF,0xFF,0xE1,0xFF,
  0xFF,0xFF,0xFF,0xFF,0xFF,0xFF,0x0F,0xFF,0xFF,0xFF,0xFF,0xFF,0xFF,0xF0,0x7F,0xFF,0xFF,0xFF,0xFF,0xFF,0xFF,0x03,0xFF,0xFF,
  0xFF,0xFF,0xFF,0xFF,0xF0,0x1F,0xFF,0xFF,0xFF,0xFF,0xFF,0xFE,0x00,0xFF,0xFF,0xFF,0xFF,0xFF,0xFF,0xE0,0x07,0xFF,0xFF,0xFF,
  0xFF,0xFF,0xFC,0x00,0x3F,0xFF,0xFF,0xFF,0xFF,0xFF,0x00,0x01,0xFF,0xFF,0xFF,0xFF,0xFF,0x80,0x00,0x00,0xFF,0xFF,0xFF,0xFF,
  0xFE,0x00,0x00,0x0F,0xFF,0xFF,0xFF,0xFF,0xFF,0x00,0x00,0xFF,0xFF,0xFF,0xFF,0xFF,0xFC,0x00,0x0F,0xFF,0xFF,0xFF,0xFF,0xFF,
  0xF0,0x00,0xFF,0xFF,0xFF,0xFF,0xFF,0xFF,0xC0,0x0F,0xFF,0xFF,0xFF,0xFF,0xFF,0xFE,0x00,0xFF,0xFF,0xFF,0xFF,0xFF,0xFF,0xF0,
  0x0F,0xFF,0xFF,0xFF,0xFF,0xFF,0xFF,0x80,0xFF,0xFF,0xFF,0xFF,0xFF,0xFF,0xFC,0x0F,0xFF,0xFF,0xFF,0xFF,0xFF,0xFF,0xE0,0xFF,
  0xFF,0xFF,0xFF,0xFF,0xFF,0xFE,0x0F,0xFF,0xC0,0x00,0x00,0xFF,0xFF,0xE0,0xFF,0xFC,0x00,0x00,0x01,0xFF,0xFF,0x0F,0xFF,0xC0,
  0x00,0x00,0x0F,0xFF,0xF0,0xFF,0xFC,0x00,0x00,0x00,0x7F,0xFF,0x0F,0xFF,0xC0,0x00,0x00,0x07,0xFF,0xF0,0xFF,0xFC,0x00,0x00,
  0x00,0x7F,0xFF,0x0F,0xFF,0xC0,0x00,0x00,0x03,0xFF,0xF0,0xFF,0xFC,0x00,0x00,0x00,0x3F,0xFF,0x0F,0xFF,0xC0,0x00,0x00,0x03,
  0xFF,0xF0,0xFF,0xFC,0x00,0x00,0x00,0x3F,0xFF,0x0F,0xFF,0xC0,0x00,0x00,0x07,0xFF,0xE0,0xFF,0xFC,0x00,0x00,0x00,0x7F,0xFE,
  0x0F,0xFF,0xC0,0x00,0x00,0x0F,0xFF,0xE0,0xFF,0xFC,0x00,0x00,0x01,0xFF,0xFC,0x0F,0xFF,0xC0,0x00,0x00,0x3F,0xFF,0xC0,0xFF,
  0xFC,0x00,0x00,0x1F,0xFF,0xF8,0x0F,0xFF,0xFF,0xFF,0xFF,0xFF,0xFF,0x00,0xFF,0xFF,0xFF,0xFF,0xFF,0xFF,0xE0,0x0F,0xFF,0xFF,
  0xFF,0xFF,0xFF,0xF8,0x00,0xFF,0xFF,0xFF,0xFF,0xFF,0xFE,0x00,0x0F,0xFF,0xFF,0xFF,0xFF,0xFF,0x80,0x00,0xFF,0xFF,0xFF,0xFF,
  0xFF,0xFE,0x00,0x0F,0xFF,0xFF,0xFF,0xFF,0xFF,0xFC,0x00,0xFF,0xFF,0xFF,0xFF,0xFF,0xFF,0xF0,0x0F,0xFF,0xFF,0xFF,0xFF,0xFF,
  0xFF,0xC0,0xFF,0xFF,0xFF,0xFF,0xFF,0xFF,0xFE,0x0F,0xFF,0xFF,0xFF,0xFF,0xFF,0xFF,0xF0,0xFF,0xFC,0x00,0x00,0x01,0xFF,0xFF,
  0x8F,0xFF,0xC0,0x00,0x00,0x07,0xFF,0xFC,0xFF,0xFC,0x00,0x00,0x00,0x1F,0xFF,0xCF,0xFF,0xC0,0x00,0x00,0x00,0xFF,0xFE,0xFF,
  0xFC,0x00,0x00,0x00,0x0F,0xFF,0xEF,0xFF,0xC0,0x00,0x00,0x00,0x7F,0xFE,0xFF,0xFC,0x00,0x00,0x00,0x07,0xFF,0xFF,0xFF,0xC0,
  0x00,0x00,0x00,0x7F,0xFF,0xFF,0xFC,0x00,0x00,0x00,0x03,0xFF,0xFF,0xFF,0xC0,0x00,0x00,0x00,0x3F,0xFF,0xFF,0xFC,0x00,0x00,
  0x00,0x03,0xFF,0xFF,0xFF,0xC0,0x00,0x00,0x00,0x7F,0xFF,0xFF,0xFC,0x00,0x00,0x00,0x07,0xFF,0xFF,0xFF,0xC0,0x00,0x00,0x00,
  0x7F,0xFF,0xFF,0xFC,0x00,0x00,0x00,0x0F,0xFF,0xFF,0xFF,0xC0,0x00,0x00,0x00,0xFF,0xFE,0xFF,0xFC,0x00,0x00,0x00,0x1F,0xFF,
  0xEF,0xFF,0xC0,0x00,0x00,0x07,0xFF,0xFE,0xFF,0xFC,0x00,0x00,0x01,0xFF,0xFF,0xCF,0xFF,0xFF,0xFF,0xFF,0xFF,0xFF,0xFC,0xFF,
  0xFF,0xFF,0xFF,0xFF,0xFF,0xFF,0x8F,0xFF,0xFF,0xFF,0xFF,0xFF,0xFF,0xF8,0xFF,0xFF,0xFF,0xFF,0xFF,0xFF,0xFF,0x0F,0xFF,0xFF,
  0xFF,0xFF,0xFF,0xFF,0xE0,0xFF,0xFF,0xFF,0xFF,0xFF,0xFF,0xFC,0x0F,0xFF,0xFF,0xFF,0xFF,0xFF,0xFF,0x00,0xFF,0xFF,0xFF,0xFF,
  0xFF,0xFF,0xE0,0x0F,0xFF,0xFF,0xFF,0xFF,0xFF,0xF0,0x00,0xFF,0xFF,0xFF,0xFF,0xFF,0xFC,0x00,0x0F,0xFF,0xFF,0xFF,0xFF,0xF8,
  0x00,0x00,0xFF,0xFF,0xFF,0xFF,0xFF,0xFF,0xFF,0xFF,0xFF,0xFF,0xFF,0xFF,0xFF,0xFF,0xFF,0xFF,0xFF,0xFF,0xFF,0xFF,0xFF,0xFF,
  0xFF,0xFF,0xFF,0xFF,0xFF,0xFF,0xFF,0xFF,0xFF,0xFF,0xFF,0xFF,0xFF,0xFF,0xFF,0xFF,0xFF,0xFF,0xFF,0xFF,0xFF,0xFF,0xFF,0xFF,
  0xFF,0xFF,0xFF,0xFF,0xFF,0xFF,0xFF,0xFF,0xFF,0xFF,0xFF,0xFF,0xFF,0xFF,0xFF,0xFF,0xFF,0xFF,0xFF,0xFF,0xE0,0x00,0x00,0x00,
  0x0F,0xFF,0xC0,0x00,0x00,0x00,0x1F,0xFF,0x80,0x00,0x00,0x00,0x3F,0xFF,0x00,0x00,0x00,0x00,0x7F,0xFE,0x00,0x00,0x00,0x00,
  0xFF,0xFC,0x00,0x00,0x00,0x01,0xFF,0xF8,0x00,0x00,0x00,0x03,0xFF,0xF0,0x00,0x00,0x00,0x07,0xFF,0xE0,0x00,0x00,0x00,0x0F,
  0xFF,0xC0,0x00,0x00,0x00,0x1F,0xFF,0x80,0x00,0x00,0x00,0x3F,0xFF,0x00,0x00,0x00,0x00,0x7F,0xFE,0x00,0x00,0x00,0x00,0xFF,
  0xFC,0x00,0x00,0x00,0x01,0xFF,0xF8,0x00,0x00,0x00,0x03,0xFF,0xF0,0x00,0x00,0x00,0x07,0xFF,0xE0,0x00,0x00,0x00,0x0F,0xFF,
  0xC0,0x00,0x00,0x00,0x1F,0xFF,0x80,0x00,0x00,0x00,0x3F,0xFF,0x00,0x00,0x00,0x00,0x7F,0xFE,0x00,0x00,0x00,0x00,0xFF,0xFC,
  0x00,0x00,0x00,0x01,0xFF,0xF8,0x00,0x00,0x00,0x03,0xFF,0xF0,0x00,0x00,0x00,0x07,0xFF,0xE0,0x00,0x00,0x00,0x0F,0xFF,0xC0,
  0x00,0x00,0x00,0x1F,0xFF,0x80,0x00,0x00,0x00,0x3F,0xFF,0x00,0x00,0x00,0x00,0x7F,0xFE,0x00,0x00,0x00,0x00,0xFF,0xFC,0x00,
  0x00,0x00,0x01,0xFF,0xF8,0x00,0x00,0x00,0x03,0xFF,0xF0,0x00,0x00,0x00,0x07,0xFF,0xE0,0x00,0x00,0x00,0x0F,0xFF,0xC0,0x00,
  0x00,0x00,0x1F,0xFF,0x80,0x00,0x00,0x00,0x3F,0xFF,0x00,0x00,0x00,0x00,0x7F,0xFE,0x00,0x00,0x00,0x00,0xFF,0xFC,0x00,0x00,
  0x00,0x01,0xFF,0xF8,0x00,0x00,0x00,0x03,0xFF,0xF0,0x00,0x00,0x00,0x07,0xFF,0xE0,0x00,0x00,0x00,0x0F,0xFF,0xC0,0x00,0x00,
  0x00,0x1F,0xFF,0x80,0x00,0x00,0x00,0x3F,0xFF,0x00,0x00,0x00,0x00,0x7F,0xFE,0x00,0x00,0x00,0x00,0xFF,0xFC,0x00,0x00,0x00,
  0x01,0xFF,0xF8,0x00,0x00,0x00,0x03,0xFF,0xF0,0x00,0x00,0x00,0x07,0xFF,0xE0,0x00,0x00,0x00,0x0F,0xFF,0xC0,0x00,0x00,0x00,
  0x1F,0xFF,0x80,0x00,0x00,0x00,0x3F,0xFF,0x00,0x00,0x00,0x00,0x7F,0xFE,0x00,0x00,0x00,0x00,0xFF,0xFC,0x00,0x00,0x00,0x01,
  0xFF,0xF8,0x00,0x00,0x00,0x03,0xFF,0xF0,0x00,0x00,0x00,0x07,0xFF,0xE0,0x00,0x00,0x00,0x00,0x00,0x00,0x07,0xFF,0xFF,0xFF,
  0xFF,0xE0,0x00,0x00,0x00,0xFF,0xFF,0xFF,0xFF,0xFE,0x00,0x00,0x00,0x0F,0xFF,0xFF,0xFF,0xFF,0xE0,0x00,0x00,0x00,0xFF,0xFF,
  0xFF,0xFF,0xFE,0x00,0x00,0x00,0x0F,0xFF,0xFF,0xFF,0xFF,0xE0,0x00,0x00,0x00,0xFF,0xFF,0xFF,0xFF,0xFE,0x00,0x00,0x00,0x0F,
  0xFF,0xFF,0xFF,0xFF,0xE0,0x00,0x00,0x00,0xFF,0xFF,0xFF,0xFF,0xFE,0x00,0x00,0x00,0x1F,0xFF,0xFF,0xFF,0xFF,0xE0,0x00,0x00,
  0x01,0xFF,0xFF,0xFF,0xFF,0xFE,0x00,0x00,0x00,0x1F,0xFF,0xFF,0xFF,0xFF,0xE0,0x00,0x00,0x01,0xFF,0xFF,0xFF,0xFF,0xFE,0x00,
  0x00,0x00,0x1F,0xFF,0x00,0x07,0xFF,0xE0,0x00,0x00,0x01,0xFF,0xF0,0x00,0x7F,0xFE,0x00,0x00,0x00,0x1F,0xFF,0x00,0x07,0xFF,
  0xE0,0x00,0x00,0x03,0xFF,0xF0,0x00,0x7F,0xFE,0x00,0x00,0x00,0x3F,0xFF,0x00,0x07,0xFF,0xE0,0x00,0x00,0x03,0xFF,0xF0,0x00,
  0x7F,0xFE,0x00,0x00,0x00,0x3F,0xFF,0x00,0x07,0xFF,0xE0,0x00,0x00,0x03,0xFF,0xE0,0x00,0x7F,0xFE,0x00,0x00,0x00,0x3F,0xFE,
  0x00,0x07,0xFF,0xE0,0x00,0x00,0x03,0xFF,0xE0,0x00,0x7F,0xFE,0x00,0x00,0x00,0x7F,0xFE,0x00,0x07,0xFF,0xE0,0x00,0x00,0x07,
  0xFF,0xE0,0x00,0x7F,0xFE,0x00,0x00,0x00,0x7F,0xFE,0x00,0x07,0xFF,0xE0,0x00,0x00,0x07,0xFF,0xE0,0x00,0x7F,0xFE,0x00,0x00,
  0x00,0x7F,0xFC,0x00,0x07,0xFF,0xE0,0x00,0x00,0x07,0xFF,0xC0,0x00,0x7F,0xFE,0x00,0x00,0x00,0xFF,0xFC,0x00,0x07,0xFF,0xE0,
  0x00,0x00,0x0F,0xFF,0xC0,0x00,0x7F,0xFE,0x00,0x00,0x00,0xFF,0xFC,0x00,0x07,0xFF,0xE0,0x00,0x00,0x0F,0xFF,0xC0,0x00,0x7F,
  0xFE,0x00,0x00,0x00,0xFF,0xF8,0x00,0x07,0xFF,0xE0,0x00,0x00,0x1F,0xFF,0x80,0x00,0x7F,0xFE,0x00,0x00,0x01,0xFF,0xF8,0x00,
  0x07,0xFF,0xE0,0x00,0x00,0x1F,0xFF,0x80,0x00,0x7F,0xFE,0x00,0x00,0x01,0xFF,0xF0,0x00,0x07,0xFF,0xE0,0x00,0x00,0x3F,0xFF,
  0x00,0x00,0x7F,0xFE,0x00,0x00,0x03,0xFF,0xF0,0x00,0x07,0xFF,0xE0,0x00,0x00,0x3F,0xFF,0x00,0x00,0x7F,0xFE,0x00,0x00,0x03,
  0xFF,0xF0,0x00,0x07,0xFF,0xE0,0x00,0x00,0x7F,0xFE,0x00,0x00,0x7F,0xFE,0x00,0x00,0x07,0xFF,0xE0,0x00,0x07,0xFF,0xE0,0x00,
  0x00,0x7F,0xFE,0x00,0x00,0x7F,0xFE,0x00,0x00,0x0F,0xFF,0xE0,0x00,0x07,0xFF,0xE0,0x00,0x00,0xFF,0xFC,0x00,0x00,0x7F,0xFE,
  0x00,0x00,0x0F,0xFF,0xC0,0x00,0x07,0xFF,0xE0,0x00,0x01,0xFF,0xFC,0x00,0x00,0x7F,0xFE,0x00,0x00,0x1F,0xFF,0x80,0x00,0x07,
  0xFF,0xE0,0x00,0x03,0xFF,0xF8,0x00,0x00,0x7F,0xFE,0x00,0x00,0x3F,0xFF,0x80,0x00,0x07,0xFF,0xE0,0x00,0x03,0xFF,0xF0,0x00,
  0x00,0x7F,0xFE,0x00,0x00,0x7F,0xFF,0x00,0x00,0x07,0xFF,0xE0,0x00,0x07,0xFF,0xF0,0x00,0x00,0x7F,0xFE,0x00,0x00,0xFF,0xFE,
  0x00,0x00,0x07,0xFF,0xE0,0x00,0x0F,0xFF,0xE0,0x00,0x00,0x7F,0xFE,0x00,0xFF,0xFF,0xFF,0xFF,0xFF,0xFF,0xFF,0xFF,0xFF,0xFF,
  0xFF,0xFF,0xFF,0xFF,0xFF,0xFF,0xFF,0xFF,0xFF,0xFF,0xFF,0xFF,0xFF,0xFF,0xFF,0xFF,0xFF,0xFF,0xFF,0xFF,0xFF,0xFF,0xFF,0xFF,
  0xFF,0xFF,0xFF,0xFF,0xFF,0xFF,0xFF,0xFF,0xFF,0xFF,0xFF,0xFF,0xFF,0xFF,0xFF,0xFF,0xFF,0xFF,0xFF,0xFF,0xFF,0xFF,0xFF,0xFF,
  0xFF,0xFF,0xFF,0xFF,0xFF,0xFF,0xFF,0xFF,0xFF,0xFF,0xFF,0xFF,0xFF,0xFF,0xFF,0xFF,0xFF,0xFF,0xFF,0xFF,0xFF,0xFF,0xFF,0xFF,
  0xFF,0xFF,0xFF,0xFF,0xFF,0xFF,0xFF,0xFF,0xFF,0xFF,0xFF,0xFF,0xFF,0xFF,0xFF,0xFF,0xFF,0xFF,0xFF,0xFF,0xFF,0xF0,0x00,0x00,
  0x00,0x00,0x00,0xFF,0xFF,0xFF,0x00,0x00,0x00,0x00,0x00,0x0F,0xFF,0xFF,0xF0,0x00,0x00,0x00,0x00,0x00,0xFF,0xFF,0xFF,0x00,
  0x00,0x00,0x00,0x00,0x0F,0xFF,0xFF,0xF0,0x00,0x00,0x00,0x00,0x00,0xFF,0xFF,0xFF,0x00,0x00,0x00,0x00,0x00,0x0F,0xFF,0xFF,
  0xF0,0x00,0x00,0x00,0x00,0x00,0xFF,0xFF,0xFF,0x00,0x00,0x00,0x00,0x00,0x0F,0xFF,0xFF,0xF0,0x00,0x00,0x00,0x00,0x00,0xFF,
  0xFF,0xFF,0x00,0x00,0x00,0x00,0x00,0x0F,0xFF,0xFF,0xF0,0x00,0x00,0x00,0x00,0x00,0xFF,0xFF,0xFF,0x00,0x00,0x00,0x00,0x00,
  0x0F,0xFF,0xFF,0xF0,0x00,0x00,0x00,0x00,0x00,0xFF,0xFF,0xFF,0x00,0x00,0x00,0x00,0x00,0x0F,0xFF,0xFF,0xF0,0x00,0x00,0x00,
  0x00,0x00,0xFF,0xFF,0xFF,0x00,0x00,0x00,0x00,0x00,0x0F,0xFF,0xFF,0xF0,0x00,0x00,0x00,0x00,0x00,0xFF,0xFF,0xFF,0x00,0x00,
  0x00,0x00,0x00,0x0F,0xFF,0xFF,0xF0,0x00,0x00,0x00,0x00,0x00,0xFF,0xFF,0xFF,0x00,0x00,0x00,0x00,0x00,0x0F,0xFF,0xFF,0xFF,
  0xFF,0xFF,0xFF,0xFF,0xF9,0xFF,0xFF,0xFF,0xFF,0xFF,0xFF,0xF3,0xFF,0xFF,0xFF,0xFF,0xFF,0xFF,0xE7,0xFF,0xFF,0xFF,0xFF,0xFF,
  0xFF,0xCF,0xFF,0xFF,0xFF,0xFF,0xFF,0xFF,0x9F,0xFF,0xFF,0xFF,0xFF,0xFF,0xFF,0x3F,0xFF,0xFF,0xFF,0xFF,0xFF,0xFE,0x7F,0xFF,
  0xFF,0xFF,0xFF,0xFF,0xFC,0xFF,0xFF,0xFF,0xFF,0xFF,0xFF,0xF9,0xFF,0xFF,0xFF,0xFF,0xFF,0xFF,0xF3,0xFF,0xFF,0xFF,0xFF,0xFF,
  0xFF,0xE7,0xFF,0xE0,0x00,0x00,0x00,0x00,0x0F,0xFF,0xC0,0x00,0x00,0x00,0x00,0x1F,0xFF,0x80,0x00,0x00,0x00,0x00,0x3F,0xFF,
  0x00,0x00,0x00,0x00,0x00,0x7F,0xFE,0x00,0x00,0x00,0x00,0x00,0xFF,0xFC,0x00,0x00,0x00,0x00,0x01,0xFF,0xF8,0x00,0x00,0x00,
  0x00,0x03,0xFF,0xF0,0x00,0x00,0x00,0x00,0x07,0xFF,0xE0,0x00,0x00,0x00,0x00,0x0F,0xFF,0xC0,0x00,0x00,0x00,0x00,0x1F,0xFF,
  0x80,0x00,0x00,0x00,0x00,0x3F,0xFF,0x00,0x00,0x00,0x00,0x00,0x7F,0xFE,0x00,0x00,0x00,0x00,0x00,0xFF,0xFC,0x00,0x00,0x00,
  0x00,0x01,0xFF,0xF8,0x00,0x00,0x00,0x00,0x03,0xFF,0xF0,0x00,0x00,0x00,0x00,0x07,0xFF,0xE0,0x00,0x00,0x00,0x00,0x0F,0xFF,
  0xFF,0xFF,0xFF,0xFF,0xFC,0x1F,0xFF,0xFF,0xFF,0xFF,0xFF,0xF8,0x3F,0xFF,0xFF,0xFF,0xFF,0xFF,0xF0,0x7F,0xFF,0xFF,0xFF,0xFF,
  0xFF,0xE0,0xFF,0xFF,0xFF,0xFF,0xFF,0xFF,0xC1,0xFF,0xFF,0xFF,0xFF,0xFF,0xFF,0x83,0xFF,0xFF,0xFF,0xFF,0xFF,0xFF,0x07,0xFF,
  0xFF,0xFF,0xFF,0xFF,0xFE,0x0F,0xFF,0xFF,0xFF,0xFF,0xFF,0xFC,0x1F,0xFF,0xFF,0xFF,0xFF,0xFF,0xF8,0x3F,0xFF,0xFF,0xFF,0xFF,
  0xFF,0xF0,0x7F,0xFE,0x00,0x00,0x00,0x00,0x00,0xFF,0xFC,0x00,0x00,0x00,0x00,0x01,0xFF,0xF8,0x00,0x00,0x00,0x00,0x03,0xFF,
  0xF0,0x00,0x00,0x00,0x00,0x07,0xFF,0xE0,0x00,0x00,0x00,0x00,0x0F,0xFF,0xC0,0x00,0x00,0x00,0x00,0x1F,0xFF,0x80,0x00,0x00,
  0x00,0x00,0x3F,0xFF,0x00,0x00,0x00,0x00,0x00,0x7F,0xFE,0x00,0x00,0x00,0x00,0x00,0xFF,0xFC,0x00,0x00,0x00,0x00,0x01,0xFF,
  0xF8,0x00,0x00,0x00,0x00,0x03,0xFF,0xF0,0x00,0x00,0x00,0x00,0x07,0xFF,0xE0,0x00,0x00,0x00,0x00,0x0F,0xFF,0xC0,0x00,0x00,
  0x00,0x00,0x1F,0xFF,0x80,0x00,0x00,0x00,0x00,0x3F,0xFF,0x00,0x00,0x00,0x00,0x00,0x7F,0xFE,0x00,0x00,0x00,0x00,0x00,0xFF,
  0xFC,0x00,0x00,0x00,0x00,0x01,0xFF,0xFF,0xFF,0xFF,0xFF,0xFF,0xFF,0xFF,0xFF,0xFF,0xFF,0xFF,0xFF,0xFF,0xFF,0xFF,0xFF,0xFF,
  0xFF,0xFF,0xFF,0xFF,0xFF,0xFF,0xFF,0xFF,0xFF,0xFF,0xFF,0xFF,0xFF,0xFF,0xFF,0xFF,0xFF,0xFF,0xFF,0xFF,0xFF,0xFF,0xFF,0xFF,
  0xFF,0xFF,0xFF,0xFF,0xFF,0xFF,0xFF,0xFF,0xFF,0xFF,0xFF,0xFF,0xFF,0xFF,0xFF,0xFF,0xFF,0xFF,0xFF,0xFF,0xFF,0xFF,0xFF,0xFF,
  0xFF,0xFF,0xFF,0xFF,0xFF,0xFF,0xFF,0xFF,0xFF,0xF0,0x3F,0xFF,0x80,0x00,0x03,0xFF,0xF0,0x00,0x00,0x7F,0xFF,0x07,0xFF,0xE0,
  0x00,0x00,0xFF,0xFC,0x00,0x00,0x3F,0xFF,0x81,0xFF,0xFC,0x00,0x00,0x3F,0xFF,0x00,0x00,0x0F,0xFF,0xC0,0x3F,0xFF,0x80,0x00,
  0x0F,0xFF,0xC0,0x00,0x07,0xFF,0xF0,0x07,0xFF,0xE0,0x00,0x03,0xFF,0xF0,0x00,0x01,0xFF,0xF8,0x01,0xFF,0xFC,0x00,0x00,0xFF,
  0xFC,0x00,0x00,0xFF,0xFE,0x00,0x3F,0xFF,0x00,0x00,0x3F,0xFF,0x00,0x00,0x7F,0xFF,0x00,0x0F,0xFF,0xE0,0x00,0x0F,0xFF,0xC0,
  0x00,0x1F,0xFF,0x80,0x01,0xFF,0xFC,0x00,0x03,0xFF,0xF0,0x00,0x0F,0xFF,0xE0,0x00,0x3F,0xFF,0x00,0x00,0xFF,0xFC,0x00,0x07,
  0xFF,0xF0,0x00,0x0F,0xFF,0xE0,0x00,0x3F,0xFF,0x00,0x01,0xFF,0xF8,0x00,0x01,0xFF,0xF8,0x00,0x0F,0xFF,0xC0,0x00,0xFF,0xFE,
  0x00,0x00,0x7F,0xFF,0x00,0x03,0xFF,0xF0,0x00,0x3F,0xFF,0x00,0x00,0x0F,0xFF,0xE0,0x00,0xFF,0xFC,0x00,0x1F,0xFF,0xC0,0x00,
  0x01,0xFF,0xF8,0x00,0x3F,0xFF,0x00,0x0F,0xFF,0xE0,0x00,0x00,0x7F,0xFF,0x00,0x0F,0xFF,0xC0,0x03,0xFF,0xF0,0x00,0x00,0x0F,
  0xFF,0xC0,0x03,0xFF,0xF0,0x01,0xFF,0xFC,0x00,0x00,0x01,0xFF,0xF8,0x00,0xFF,0xFC,0x00,0x7F,0xFE,0x00,0x00,0x00,0x7F,0xFF,
  0x00,0x3F,0xFF,0x00,0x3F,0xFF,0x00,0x00,0x00,0x0F,0xFF,0xC0,0x0F,0xFF,0xC0,0x1F,0xFF,0xC0,0x00,0x00,0x03,0xFF,0xF8,0x03,
  0xFF,0xF0,0x07,0xFF,0xE0,0x00,0x00,0x00,0x7F,0xFF,0x00,0xFF,0xFC,0x03,0xFF,0xF8,0x00,0x00,0x00,0x0F,0xFF,0xC0,0x3F,0xFF,
  0x01,0xFF,0xFC,0x00,0x00,0x00,0x03,0xFF,0xF8,0x0F,0xFF,0xC0,0x7F,0xFE,0x00,0x00,0x00,0x00,0x7F,0xFF,0x03,0xFF,0xF0,0x3F,
  0xFF,0x80,0x00,0x00,0x00,0x0F,0xFF,0xE0,0xFF,0xFC,0x1F,0xFF,0xC0,0x00,0x00,0x00,0x03,0xFF,0xF8,0x3F,0xFF,0x0F,0xFF,0xE0,
  0x00,0x00,0x00,0x00,0x7F,0xFF,0x0F,0xFF,0xC7,0xFF,0xF8,0x00,0x00,0x00,0x00,0x0F,0xFF,0xF3,0xFF,0xF3,0xFF,0xFC,0x00,0x00,
  0x00,0x00,0x01,0xFF,0xFF,0xFF,0xFF,0xFF,0xFE,0x00,0x00,0x00,0x00,0x00,0x7F,0xFF,0xFF,0xFF,0xFF,0xFF,0x00,0x00,0x00,0x00,
  0x00,0x1F,0xFF,0xFF,0xFF,0xFF,0xFF,0xE0,0x00,0x00,0x00,0x00,0x0F,0xFF,0xFF,0xFF,0xFF,0xFF,0xF8,0x00,0x00,0x00,0x00,0x03,
  0xFF,0xFF,0xFF,0xFF,0xFF,0xFF,0x00,0x00,0x00,0x00,0x01,0xFF,0xFF,0xFF,0xFF,0xFF,0xFF,0xC0,0x00,0x00,0x00,0x00,0x7F,0xFF,
  0xFF,0xFF,0xFF,0xFF,0xF8,0x00,0x00,0x00,0x00,0x3F,0xFF,0xFF,0xFF,0xFF,0xFF,0xFF,0x00,0x00,0x00,0x00,0x1F,0xFF,0xDF,0xFF,
  0xFF,0xEF,0xFF,0xC0,0x00,0x00,0x00,0x07,0xFF,0xE0,0xFF,0xFF,0xC1,0xFF,0xF8,0x00,0x00,0x00,0x03,0xFF,0xF8,0x0F,0xFF,0xC0,
  0x7F,0xFE,0x00,0x00,0x00,0x00,0xFF,0xFC,0x03,0xFF,0xF0,0x0F,0xFF,0xC0,0x00,0x00,0x00,0x7F,0xFE,0x00,0xFF,0xFC,0x03,0xFF,
  0xF8,0x00,0x00,0x00,0x1F,0xFF,0x80,0x3F,0xFF,0x00,0x7F,0xFE,0x00,0x00,0x00,0x0F,0xFF,0xC0,0x0F,0xFF,0xC0,0x1F,0xFF,0xC0,
  0x00,0x00,0x07,0xFF,0xF0,0x03,0xFF,0xF0,0x03,0xFF,0xF0,0x00,0x00,0x01,0xFF,0xF8,0x00,0xFF,0xFC,0x00,0xFF,0xFE,0x00,0x00,
  0x00,0xFF,0xFE,0x00,0x3F,0xFF,0x00,0x1F,0xFF,0x80,0x00,0x00,0x3F,0xFF,0x00,0x0F,0xFF,0xC0,0x07,0xFF,0xF0,0x00,0x00,0x1F,
  0xFF,0xC0,0x03,0xFF,0xF0,0x00,0xFF,0xFE,0x00,0x00,0x0F,0xFF,0xE0,0x00,0xFF,0xFC,0x00,0x1F,0xFF,0x80,0x00,0x03,0xFF,0xF8,
  0x00,0x3F,0xFF,0x00,0x07,0xFF,0xF0,0x00,0x01,0xFF,0xFC,0x00,0x0F,0xFF,0xC0,0x00,0xFF,0xFC,0x00,0x00,0x7F,0xFE,0x00,0x03,
  0xFF,0xF0,0x00,0x3F,0xFF,0x80,0x00,0x3F,0xFF,0x80,0x00,0xFF,0xFC,0x00,0x07,0xFF,0xF0,0x00,0x0F,0xFF,0xC0,0x00,0x3F,0xFF,
  0x00,0x01,0xFF,0xFC,0x00,0x07,0xFF,0xF0,0x00,0x0F,0xFF,0xC0,0x00,0x3F,0xFF,0x80,0x03,0xFF,0xF8,0x00,0x03,0xFF,0xF0,0x00,
  0x0F,0xFF,0xE0,0x00,0xFF,0xFE,0x00,0x00,0xFF,0xFC,0x00,0x01,0xFF,0xFC,0x00,0x7F,0xFF,0x00,0x00,0x3F,0xFF,0x00,0x00,0x7F,
  0xFF,0x00,0x1F,0xFF,0xC0,0x00,0x0F,0xFF,0xC0,0x00,0x0F,0xFF,0xE0,0x0F,0xFF,0xE0,0x00,0x03,0xFF,0xF0,0x00,0x01,0xFF,0xFC,
  0x07,0xFF,0xF8,0x00,0x00,0xFF,0xFC,0x00,0x00,0x7F,0xFF,0x01,0xFF,0xFC,0x00,0x00,0x3F,0xFF,0x00,0x00,0x0F,0xFF,0xE0,0xFF,
  0xFF,0x00,0x00,0x0F,0xFF,0xC0,0x00,0x03,0xFF,0xF8,0x3F,0xFF,0x80,0x00,0x03,0xFF,0xF0,0x00,0x00,0x7F,0xFF,0x1F,0xFF,0xC0,
  0x00,0x00,0xFF,0xFC,0x00,0x00,0x1F,0xFF,0xE7,0xFF,0xF0,0x00,0x00,0x3F,0xFF,0x00,0x00,0x03,0xFF,0xFB,0xFF,0xF8,0x00,0x00,
  0x0F,0xFF,0xC0,0x00,0x00,0xFF,0xFF,0x00,0x00,0x03,0xFF,0xF0,0x00,0x00,0x00,0x00,0x3F,0xFF,0xFF,0x00,0x00,0x00,0x00,0xFF,
  0xFF,0xFF,0xE0,0x00,0x00,0x03,0xFF,0xFF,0xFF,0xF8,0x00,0x00,0x0F,0xFF,0xFF,0xFF,0xFE,0x00,0x00,0x1F,0xFF,0xFF,0xFF,0xFF,
  0x00,0x00,0x3F,0xFF,0xFF,0xFF,0xFF,0x80,0x00,0x7F,0xFF,0xFF,0xFF,0xFF,0xC0,0x00,0xFF,0xFF,0xFF,0xFF,0xFF,0xE0,0x01,0xFF,
  0xFF,0xFF,0xFF,0xFF,0xF0,0x03,0xFF,0xFF,0xFF,0xFF,0xFF,0xF0,0x07,0xFF,0xFF,0x00,0x3F,0xFF,0xF8,0x07,0xFF,0xFC,0x00,0x0F,
  0xFF,0xF8,0x0F,0xFF,0xF0,0x00,0x03,0xFF,0xF8,0x0F,0xFF,0xE0,0x00,0x03,0xFF,0xF8,0x1F,0xFF,0xC0,0x00,0x01,0xFF,0xFC,0x1F,
  0xFF,0xC0,0x00,0x01,0xFF,0xFC,0x3F,0xFF,0x80,0x00,0x00,0xFF,0xFC,0x3F,0xFF,0x00,0x00,0x00,0xFF,0xFC,0x1F,0xFF,0x00,0x00,
  0x00,0xFF,0xFC,0x00,0xFF,0x00,0x00,0x00,0xFF,0xFC,0x00,0x0E,0x00,0x00,0x00,0xFF,0xF8,0x00,0x00,0x00,0x00,0x01,0xFF,0xF8,
  0x00,0x00,0x00,0x00,0x01,0xFF,0xF8,0x00,0x00,0x00,0x00,0x03,0xFF,0xF0,0x00,0x00,0x00,0x00,0x03,0xFF,0xF0,0x00,0x00,0x00,
  0x00,0x07,0xFF,0xE0,0x00,0x00,0x00,0x00,0x1F,0xFF,0xE0,0x00,0x00,0x00,0x01,0xFF,0xFF,0xC0,0x00,0x00,0x01,0xFF,0xFF,0xFF,
  0x80,0x00,0x00,0x01,0xFF,0xFF,0xFF,0x00,0x00,0x00,0x01,0xFF,0xFF,0xFC,0x00,0x00,0x00,0x01,0xFF,0xFF,0xF8,0x00,0x00,0x00,
  0x01,0xFF,0xFF,0xC0,0x00,0x00,0x00,0x01,0xFF,0xFF,0xE0,0x00,0x00,0x00,0x01,0xFF,0xFF,0xFC,0x00,0x00,0x00,0x01,0xFF,0xFF,
  0xFF,0x00,0x00,0x00,0x01,0xFF,0xFF,0xFF,0xC0,0x00,0x00,0x01,0xFF,0xFF,0xFF,0xE0,0x00,0x00,0x01,0xFF,0xFF,0xFF,0xF0,0x00,
  0x00,0x00,0x00,0xFF,0xFF,0xF8,0x00,0x00,0x00,0x00,0x0F,0xFF,0xF8,0x00,0x00,0x00,0x00,0x03,0xFF,0xFC,0x00,0x00,0x00,0x00,
  0x01,0xFF,0xFC,0x00,0x00,0x00,0x00,0x00,0xFF,0xFE,0x00,0x00,0x00,0x00,0x00,0x7F,0xFE,0x00,0x00,0x00,0x00,0x00,0x7F,0xFE,
  0x00,0x18,0x00,0x00,0x00,0x7F,0xFE,0x00,0xFC,0x00,0x00,0x00,0x7F,0xFE,0x03,0xFC,0x00,0x00,0x00,0x7F,0xFF,0x1F,0xFE,0x00,
  0x00,0x00,0x7F,0xFE,0xFF,0xFE,0x00,0x00,0x00,0x7F,0xFE,0x7F,0xFF,0x00,0x00,0x00,0x7F,0xFE,0x7F,0xFF,0x80,0x00,0x00,0x7F,
  0xFE,0x7F,0xFF,0xC0,0x00,0x00,0xFF,0xFE,0x3F,0xFF,0xE0,0x00,0x01,0xFF,0xFE,0x3F,0xFF,0xF0,0x00,0x03,0xFF,0xFC,0x1F,0xFF,
  0xFC,0x00,0x0F,0xFF,0xFC,0x0F,0xFF,0xFF,0x80,0x7F,0xFF,0xF8,0x0F,0xFF,0xFF,0xFF,0xFF,0xFF,0xF8,0x07,0xFF,0xFF,0xFF,0xFF,
  0xFF,0xF0,0x03,0xFF,0xFF,0xFF,0xFF,0xFF,0xE0,0x01,0xFF,0xFF,0xFF,0xFF,0xFF,0xE0,0x00,0xFF,0xFF,0xFF,0xFF,0xFF,0xC0,0x00,
  0x7F,0xFF,0xFF,0xFF,0xFF,0x00,0x00,0x3F,0xFF,0xFF,0xFF,0xFE,0x00,0x00,0x0F,0xFF,0xFF,0xFF,0xF8,0x00,0x00,0x03,0xFF,0xFF,
  0xFF,0xE0,0x00,0x00,0x00,0x7F,0xFF,0xFF,0x00,0x00,0x00,0x00,0x07,0xFF,0xF0,0x00,0x00,0xFF,0xF0,0x00,0x00,0x00,0x7F,0xFF,
  0xFF,0xFC,0x00,0x00,0x00,0x1F,0xFF,0xFF,0xFF,0x00,0x00,0x00,0x0F,0xFF,0xFF,0xFF,0xC0,0x00,0x00,0x07,0xFF,0xFF,0xFF,0xF0,
  0x00,0x00,0x01,0xFF,0xFF,0xFF,0xFC,0x00,0x00,0x00,0xFF,0xFF,0xFF,0xFF,0x00,0x00,0x00,0x3F,0xFF,0xFF,0xFF,0xC0,0x00,0x00,
  0x1F,0xFF,0xFF,0xFF,0xF0,0x00,0x00,0x07,0xFF,0xFF,0xFF,0xFC,0x00,0x00,0x03,0xFF,0xFF,0xFF,0xFF,0x00,0x00,0x00,0xFF,0xFF,
  0xFF,0xFF,0xC0,0x00,0x00,0x7F,0xFF,0xFF,0xFF,0xF0,0x00,0x00,0x3F,0xFF,0xFF,0xFF,0xFC,0x00,0x00,0x0F,0xFF,0xFF,0xFF,0xFF,
  0x00,0x00,0x07,0xFF,0xFF,0xFF,0xFF,0xC0,0x00,0x01,0xFF,0xFF,0xFF,0xFF,0xF0,0x00,0x00,0xFF,0xFF,0xFF,0xFF,0xFC,0x00,0x00,
  0x3F,0xFD,0xFF,0xFF,0xFF,0x00,0x00,0x1F,0xFF,0x7F,0xFF,0xFF,0xC0,0x00,0x07,0xFF,0x9F,0xFF,0xFF,0xF0,0x00,0x03,0xFF,0xE7,
  0xFF,0xFF,0xFC,0x00,0x01,0xFF,0xF1,0xFF,0xFF,0xFF,0x00,0x00,0x7F,0xFC,0x7F,0xFF,0xFF,0xC0,0x00,0x3F,0xFE,0x1F,0xFF,0xFF,
  0xF0,0x00,0x0F,0xFF,0x87,0xFF,0xFF,0xFC,0x00,0x07,0xFF,0xC1,0xFF,0xFF,0xFF,0x00,0x01,0xFF,0xE0,0x7F,0xFF,0xFF,0xC0,0x00,
  0xFF,0xF8,0x1F,0xFF,0xFF,0xF0,0x00,0x7F,0xFC,0x07,0xFF,0xFF,0xFC,0x00,0x1F,0xFF,0x01,0xFF,0xFF,0xFF,0x00,0x0F,0xFF,0x80,
  0x7F,0xFF,0xFF,0xC0,0x03,0xFF,0xE0,0x1F,0xFF,0xFF,0xF0,0x01,0xFF,0xF0,0x07,0xFF,0xFF,0xFC,0x00,0x7F,0xF8,0x01,0xFF,0xFF,
  0xFF,0x00,0x3F,0xFE,0x00,0x7F,0xFF,0xFF,0xC0,0x0F,0xFF,0x00,0x1F,0xFF,0xFF,0xF0,0x07,0xFF,0xC0,0x07,0xFF,0xFF,0xFC,0x03,
  0xFF,0xE0,0x01,0xFF,0xFF,0xFF,0x00,0xFF,0xF8,0x00,0x7F,0xFF,0xFF,0xC0,0x7F,0xFC,0x00,0x1F,0xFF,0xFF,0xF0,0x1F,0xFE,0x00,
  0x07,0xFF,0xFF,0xFC,0x0F,0xFF,0x80,0x01,0xFF,0xFF,0xFF,0x03,0xFF,0xC0,0x00,0x7F,0xFF,0xFF,0xC1,0xFF,0xF0,0x00,0x1F,0xFF,
  0xFF,0xF0,0x7F,0xF8,0x00,0x07,0xFF,0xFF,0xFC,0x3F,0xFE,0x00,0x01,0xFF,0xFF,0xFF,0x1F,0xFF,0x00,0x00,0x7F,0xFF,0xFF,0xC7,
  0xFF,0x80,0x00,0x1F,0xFF,0xFF,0xF3,0xFF,0xE0,0x00,0x07,0xFF,0xFF,0xFC,0xFF,0xF0,0x00,0x01,0xFF,0xFF,0xFF,0x7F,0xFC,0x00,
  0x00,0x7F,0xFF,0xFF,0xDF,0xFE,0x00,0x00,0x1F,0xFF,0xFF,0xFF,0xFF,0x80,0x00,0x07,0xFF,0xFF,0xFF,0xFF,0xC0,0x00,0x01,0xFF,
  0xFF,0xFF,0xFF,0xF0,0x00,0x00,0x7F,0xFF,0xFF,0xFF,0xF8,0x00,0x00,0x1F,0xFF,0xFF,0xFF,0xFC,0x00,0x00,0x07,0xFF,0xFF,0xFF,
  0xFF,0x00,0x00,0x01,0xFF,0xFF,0xFF,0xFF,0x80,0x00,0x00,0x7F,0xFF,0xFF,0xFF,0xE0,0x00,0x00,0x1F,0xFF,0xFF,0xFF,0xF0,0x00,
  0x00,0x07,0xFF,0xFF,0xFF,0xFC,0x00,0x00,0x01,0xFF,0xFF,0xFF,0xFE,0x00,0x00,0x00,0x7F,0xFF,0xFF,0xFF,0x00,0x00,0x00,0x1F,
  0xFF,0xFF,0xFF,0xC0,0x00,0x00,0x07,0xFF,0xFF,0xFF,0xE0,0x00,0x00,0x01,0xFF,0xFF,0xFF,0xF8,0x00,0x00,0x00,0x7F,0xFF,0xFF,
  0xFC,0x00,0x00,0x00,0x1F,0xFF,0x00,0x7F,0xF0,0x00,0x03,0xFF,0x80,0x00,0x1F,0xFC,0x00,0x01,0xFF,0xC0,0x00,0x07,0xFF,0x00,
  0x00,0x7F,0xF0,0x00,0x00,0xFF,0xE0,0x00,0x1F,0xFC,0x00,0x00,0x3F,0xF8,0x00,0x07,0xFF,0x00,0x00,0x0F,0xFF,0x00,0x03,0xFF,
  0xC0,0x00,0x03,0xFF,0xC0,0x01,0xFF,0xE0,0x00,0x00,0x7F,0xF8,0x00,0xFF,0xF8,0x00,0x00,0x1F,0xFF,0x80,0x7F,0xFC,0x00,0x00,
  0x03,0xFF,0xFF,0xFF,0xFF,0x00,0x00,0x00,0x7F,0xFF,0xFF,0xFF,0x80,0x00,0x00,0x0F,0xFF,0xFF,0xFF,0xC0,0x00,0x00,0x01,0xFF,
  0xFF,0xFF,0xE0,0x00,0x00,0x00,0x3F,0xFF,0xFF,0xE0,0x00,0x00,0x00,0x01,0xFF,0xFF,0xE0,0x00,0x00,0x00,0x00,0x0F,0xFF,0xC0,
  0x00,0x00,0x00,0x00,0x00,0x00,0x00,0x00,0x00,0x00,0x00,0x00,0x00,0x00,0x00,0x00,0x00,0x00,0x00,0x00,0x00,0x00,0x00,0x00,
  0x00,0x00,0x00,0x00,0x00,0x00,0x00,0x00,0x00,0x00,0x00,0x00,0x00,0x00,0x00,0x00,0x00,0x00,0x00,0x00,0x00,0x0F,0xFF,0x00,
  0x00,0x00,0x07,0xFF,0xFF,0xFF,0xC0,0x00,0x00,0x01,0xFF,0xFF,0xFF,0xF0,0x00,0x00,0x00,0xFF,0xFF,0xFF,0xFC,0x00,0x00,0x00,
  0x7F,0xFF,0xFF,0xFF,0x00,0x00,0x00,0x1F,0xFF,0xFF,0xFF,0xC0,0x00,0x00,0x0F,0xFF,0xFF,0xFF,0xF0,0x00,0x00,0x03,0xFF,0xFF,
  0xFF,0xFC,0x00,0x00,0x01,0xFF,0xFF,0xFF,0xFF,0x00,0x00,0x00,0x7F,0xFF,0xFF,0xFF,0xC0,0x00,0x00,0x3F,0xFF,0xFF,0xFF,0xF0,
  0x00,0x00,0x0F,0xFF,0xFF,0xFF,0xFC,0x00,0x00,0x07,0xFF,0xFF,0xFF,0xFF,0x00,0x00,0x03,0xFF,0xFF,0xFF,0xFF,0xC0,0x00,0x00,
  0xFF,0xFF,0xFF,0xFF,0xF0,0x00,0x00,0x7F,0xFF,0xFF,0xFF,0xFC,0x00,0x00,0x1F,0xFF,0xFF,0xFF,0xFF,0x00,0x00,0x0F,0xFF,0xFF,
  0xFF,0xFF,0xC0,0x00,0x03,0xFF,0xDF,0xFF,0xFF,0xF0,0x00,0x01,0xFF,0xF7,0xFF,0xFF,0xFC,0x00,0x00,0x7F,0xF9,0xFF,0xFF,0xFF,
  0x00,0x00,0x3F,0xFE,0x7F,0xFF,0xFF,0xC0,0x00,0x1F,0xFF,0x1F,0xFF,0xFF,0xF0,0x00,0x07,0xFF,0xC7,0xFF,0xFF,0xFC,0x00,0x03,
  0xFF,0xE1,0xFF,0xFF,0xFF,0x00,0x00,0xFF,0xF8,0x7F,0xFF,0xFF,0xC0,0x00,0x7F,0xFC,0x1F,0xFF,0xFF,0xF0,0x00,0x1F,0xFE,0x07,
  0xFF,0xFF,0xFC,0x00,0x0F,0xFF,0x81,0xFF,0xFF,0xFF,0x00,0x07,0xFF,0xC0,0x7F,0xFF,0xFF,0xC0,0x01,0xFF,0xF0,0x1F,0xFF,0xFF,
  0xF0,0x00,0xFF,0xF8,0x07,0xFF,0xFF,0xFC,0x00,0x3F,0xFE,0x01,0xFF,0xFF,0xFF,0x00,0x1F,0xFF,0x00,0x7F,0xFF,0xFF,0xC0,0x07,
  0xFF,0x80,0x1F,0xFF,0xFF,0xF0,0x03,0xFF,0xE0,0x07,0xFF,0xFF,0xFC,0x00,0xFF,0xF0,0x01,0xFF,0xFF,0xFF,0x00,0x7F,0xFC,0x00,
  0x7F,0xFF,0xFF,0xC0,0x3F,0xFE,0x00,0x1F,0xFF,0xFF,0xF0,0x0F,0xFF,0x80,0x07,0xFF,0xFF,0xFC,0x07,0xFF,0xC0,0x01,0xFF,0xFF,
  0xFF,0x01,0xFF,0xE0,0x00,0x7F,0xFF,0xFF,0xC0,0xFF,0xF8,0x00,0x1F,0xFF,0xFF,0xF0,0x3F,0xFC,0x00,0x07,0xFF,0xFF,0xFC,0x1F,
  0xFF,0x00,0x01,0xFF,0xFF,0xFF,0x07,0xFF,0x80,0x00,0x7F,0xFF,0xFF,0xC3,0xFF,0xE0,0x00,0x1F,0xFF,0xFF,0xF1,0xFF,0xF0,0x00,
  0x07,0xFF,0xFF,0xFC,0x7F,0xF8,0x00,0x01,0xFF,0xFF,0xFF,0x3F,0xFE,0x00,0x00,0x7F,0xFF,0xFF,0xCF,0xFF,0x00,0x00,0x1F,0xFF,
  0xFF,0xF7,0xFF,0xC0,0x00,0x07,0xFF,0xFF,0xFD,0xFF,0xE0,0x00,0x01,0xFF,0xFF,0xFF,0xFF,0xF8,0x00,0x00,0x7F,0xFF,0xFF,0xFF,
  0xFC,0x00,0x00,0x1F,0xFF,0xFF,0xFF,0xFF,0x00,0x00,0x07,0xFF,0xFF,0xFF,0xFF,0x80,0x00,0x01,0xFF,0xFF,0xFF,0xFF,0xC0,0x00,
  0x00,0x7F,0xFF,0xFF,0xFF,0xF0,0x00,0x00,0x1F,0xFF,0xFF,0xFF,0xF8,0x00,0x00,0x07,0xFF,0xFF,0xFF,0xFE,0x00,0x00,0x01,0xFF,
  0xFF,0xFF,0xFF,0x00,0x00,0x00,0x7F,0xFF,0xFF,0xFF,0xC0,0x00,0x00,0x1F,0xFF,0xFF,0xFF,0xE0,0x00,0x00,0x07,0xFF,0xFF,0xFF,
  0xF0,0x00,0x00,0x01,0xFF,0xFF,0xFF,0xFC,0x00,0x00,0x00,0x7F,0xFF,0xFF,0xFE,0x00,0x00,0x00,0x1F,0xFF,0xFF,0xFF,0x80,0x00,
  0x00,0x07,0xFF,0xFF,0xFF,0xC0,0x00,0x00,0x01,0xFF,0xF0,0xFF,0xFC,0x00,0x00,0x0F,0xFF,0xE7,0xFF,0xE0,0x00,0x00,0x7F,0xFE,
  0x3F,0xFF,0x00,0x00,0x07,0xFF,0xF1,0xFF,0xF8,0x00,0x00,0x7F,0xFF,0x0F,0xFF,0xC0,0x00,0x03,0xFF,0xF0,0x7F,0xFE,0x00,0x00,
  0x3F,0xFF,0x83,0xFF,0xF0,0x00,0x01,0xFF,0xF8,0x1F,0xFF,0x80,0x00,0x1F,0xFF,0x80,0xFF,0xFC,0x00,0x01,0xFF,0xFC,0x07,0xFF,
  0xE0,0x00,0x0F,0xFF,0xC0,0x3F,0xFF,0x00,0x00,0xFF,0xFC,0x01,0xFF,0xF8,0x00,0x0F,0xFF,0xE0,0x0F,0xFF,0xC0,0x00,0x7F,0xFE,
  0x00,0x7F,0xFE,0x00,0x07,0xFF,0xE0,0x03,0xFF,0xF0,0x00,0x7F,0xFF,0x00,0x1F,0xFF,0x80,0x03,0xFF,0xF0,0x00,0xFF,0xFC,0x00,
  0x3F,0xFF,0x00,0x07,0xFF,0xE0,0x01,0xFF,0xF8,0x00,0x3F,0xFF,0x00,0x1F,0xFF,0x80,0x01,0xFF,0xF8,0x01,0xFF,0xFC,0x00,0x0F,
  0xFF,0xC0,0x0F,0xFF,0xC0,0x00,0x7F,0xFE,0x00,0xFF,0xFC,0x00,0x03,0xFF,0xF0,0x0F,0xFF,0xE0,0x00,0x1F,0xFF,0x80,0xFF,0xFE,
  0x00,0x00,0xFF,0xFC,0x07,0xFF,0xE0,0x00,0x07,0xFF,0xE0,0x7F,0xFE,0x00,0x00,0x3F,0xFF,0x07,0xFF,0xF0,0x00,0x01,0xFF,0xF8,
  0x7F,0xFF,0x00,0x00,0x0F,0xFF,0xCF,0xFF,0xF0,0x00,0x00,0x7F,0xFF,0xFF,0xFF,0x00,0x00,0x03,0xFF,0xFF,0xFF,0xF0,0x00,0x00,
  0x1F,0xFF,0xFF,0xFF,0xC0,0x00,0x00,0xFF,0xFF,0xFF,0xFE,0x00,0x00,0x07,0xFF,0xFF,0xFF,0xF8,0x00,0x00,0x3F,0xFF,0xFF,0xFF,
  0xE0,0x00,0x01,0xFF,0xFF,0xFF,0xFF,0x00,0x00,0x0F,0xFF,0xFF,0xFF,0xFC,0x00,0x00,0x7F,0xFF,0xFF,0xFF,0xF0,0x00,0x03,0xFF,
  0xFE,0x1F,0xFF,0x80,0x00,0x1F,0xFF,0x80,0xFF,0xFE,0x00,0x00,0xFF,0xFC,0x03,0xFF,0xF0,0x00,0x07,0xFF,0xE0,0x1F,0xFF,0xC0,
  0x00,0x3F,0xFF,0x00,0x7F,0xFF,0x00,0x01,0xFF,0xF8,0x01,0xFF,0xF8,0x00,0x0F,0xFF,0xC0,0x0F,0xFF,0xE0,0x00,0x7F,0xFE,0x00,
  0x3F,0xFF,0x80,0x03,0xFF,0xF0,0x01,0xFF,0xFC,0x00,0x1F,0xFF,0x80,0x07,0xFF,0xF0,0x00,0xFF,0xFC,0x00,0x1F,0xFF,0x80,0x07,
  0xFF,0xE0,0x00,0xFF,0xFE,0x00,0x3F,0xFF,0x00,0x03,0xFF,0xF8,0x01,0xFF,0xF8,0x00,0x1F,0xFF,0xC0,0x0F,0xFF,0xC0,0x00,0x7F,
  0xFF,0x00,0x7F,0xFE,0x00,0x03,0xFF,0xFC,0x03,0xFF,0xF0,0x00,0x0F,0xFF,0xE0,0x1F,0xFF,0x80,0x00,0x3F,0xFF,0x80,0xFF,0xFC,
  0x00,0x01,0xFF,0xFC,0x07,0xFF,0xE0,0x00,0x07,0xFF,0xF0,0x3F,0xFF,0x00,0x00,0x3F,0xFF,0xC1,0xFF,0xF8,0x00,0x00,0xFF,0xFE,
  0x0F,0xFF,0xC0,0x00,0x03,0xFF,0xF8,0x7F,0xFE,0x00,0x00,0x1F,0xFF,0xE3,0xFF,0xF0,0x00,0x00,0x7F,0xFF,0x1F,0xFF,0x80,0x00,
  0x03,0xFF,0xFC,0xFF,0xFC,0x00,0x00,0x0F,0xFF,0xE7,0xFF,0xE0,0x00,0x00,0x3F,0xFF,0xBF,0xFF,0x00,0x00,0x01,0xFF,0xFF,0xFF,
  0xF8,0x00,0x00,0x07,0xFF,0xF0,0x00,0x00,0x7F,0xFF,0xFF,0xFF,0xFF,0xFE,0x00,0x00,0xFF,0xFF,0xFF,0xFF,0xFF,0xFC,0x00,0x03,
  0xFF,0xFF,0xFF,0xFF,0xFF,0xF8,0x00,0x07,0xFF,0xFF,0xFF,0xFF,0xFF,0xF0,0x00,0x0F,0xFF,0xFF,0xFF,0xFF,0xFF,0xE0,0x00,0x1F,
  0xFF,0xFF,0xFF,0xFF,0xFF,0xC0,0x00,0x3F,0xFF,0xFF,0xFF,0xFF,0xFF,0x80,0x00,0x7F,0xFF,0xFF,0xFF,0xFF,0xFF,0x00,0x00,0xFF,
  0xFF,0xFF,0xFF,0xFF,0xFE,0x00,0x03,0xFF,0xFF,0xFF,0xFF,0xFF,0xFC,0x00,0x07,0xFF,0xFF,0xFF,0xFF,0xFF,0xF8,0x00,0x0F,0xFF,
  0xFF,0xFF,0xFF,0xFF,0xF0,0x00,0x1F,0xFF,0x80,0x00,0x07,0xFF,0xE0,0x00,0x3F,0xFF,0x00,0x00,0x0F,0xFF,0xC0,0x00,0x7F,0xFE,
  0x00,0x00,0x1F,0xFF,0x80,0x00,0xFF,0xFC,0x00,0x00,0x3F,0xFF,0x00,0x03,0xFF,0xF8,0x00,0x00,0x7F,0xFE,0x00,0x07,0xFF,0xF0,
  0x00,0x00,0xFF,0xFC,0x00,0x0F,0xFF,0xE0,0x00,0x01,0xFF,0xF8,0x00,0x1F,0xFF,0x80,0x00,0x03,0xFF,0xF0,0x00,0x3F,0xFF,0x00,
  0x00,0x07,0xFF,0xE0,0x00,0x7F,0xFE,0x00,0x00,0x0F,0xFF,0xC0,0x00,0xFF,0xFC,0x00,0x00,0x1F,0xFF,0x80,0x03,0xFF,0xF8,0x00,
  0x00,0x3F,0xFF,0x00,0x07,0xFF,0xF0,0x00,0x00,0x7F,0xFE,0x00,0x0F,0xFF,0xE0,0x00,0x00,0xFF,0xFC,0x00,0x1F,0xFF,0x80,0x00,
  0x01,0xFF,0xF8,0x00,0x3F,0xFF,0x00,0x00,0x03,0xFF,0xF0,0x00,0x7F,0xFE,0x00,0x00,0x07,0xFF,0xE0,0x00,0xFF,0xFC,0x00,0x00,
  0x0F,0xFF,0xC0,0x03,0xFF,0xF8,0x00,0x00,0x1F,0xFF,0x80,0x07,0xFF,0xF0,0x00,0x00,0x3F,0xFF,0x00,0x0F,0xFF,0xE0,0x00,0x00,
  0x7F,0xFE,0x00,0x1F,0xFF,0x80,0x00,0x00,0xFF,0xFC,0x00,0x3F,0xFF,0x00,0x00,0x01,0xFF,0xF8,0x00,0x7F,0xFE,0x00,0x00,0x03,
  0xFF,0xF0,0x01,0xFF,0xFC,0x00,0x00,0x07,0xFF,0xE0,0x03,0xFF,0xF8,0x00,0x00,0x0F,0xFF,0xC0,0x07,0xFF,0xF0,0x00,0x00,0x1F,
  0xFF,0x80,0x0F,0xFF,0xC0,0x00,0x00,0x3F,0xFF,0x00,0x1F,0xFF,0x80,0x00,0x00,0x7F,0xFE,0x00,0x7F,0xFF,0x00,0x00,0x00,0xFF,
  0xFC,0x00,0xFF,0xFE,0x00,0x00,0x01,0xFF,0xF8,0x01,0xFF,0xFC,0x00,0x00,0x03,0xFF,0xF0,0x03,0xFF,0xF8,0x00,0x00,0x07,0xFF,
  0xE0,0x07,0xFF,0xE0,0x00,0x00,0x0F,0xFF,0xC0,0x1F,0xFF,0xC0,0x00,0x00,0x1F,0xFF,0x80,0x3F,0xFF,0x80,0x00,0x00,0x3F,0xFF,
  0x00,0x7F,0xFF,0x00,0x00,0x00,0x7F,0xFE,0x01,0xFF,0xFC,0x00,0x00,0x00,0xFF,0xFC,0x03,0xFF,0xF8,0x00,0x00,0x01,0xFF,0xF8,
  0x07,0xFF,0xF0,0x00,0x00,0x03,0xFF,0xF0,0x1F,0xFF,0xE0,0x00,0x00,0x07,0xFF,0xE0,0x3F,0xFF,0x80,0x00,0x00,0x0F,0xFF,0xC0,
  0xFF,0xFF,0x00,0x00,0x00,0x1F,0xFF,0x83,0xFF,0xFE,0x00,0x00,0x00,0x3F,0xFF,0x7F,0xFF,0xF8,0x00,0x00,0x00,0x7F,0xFF,0xFF,
  0xFF,0xF0,0x00,0x00,0x00,0xFF,0xFF,0xFF,0xFF,0xE0,0x00,0x00,0x01,0xFF,0xFF,0xFF,0xFF,0x80,0x00,0x00,0x03,0xFF,0xFF,0xFF,
  0xFF,0x00,0x00,0x00,0x07,0xFF,0xFF,0xFF,0xFC,0x00,0x00,0x00,0x0F,0xFF,0xFF,0xFF,0xF8,0x00,0x00,0x00,0x1F,0xFF,0xFF,0xFF,
  0xE0,0x00,0x00,0x00,0x3F,0xFF,0xFF,0xFF,0x80,0x00,0x00,0x00,0x7F,0xFF,0xFF,0xFE,0x00,0x00,0x00,0x00,0xFF,0xFF,0xFF,0xF8,
  0x00,0x00,0x00,0x01,0xFF,0xFF,0xFF,0xC0,0x00,0x00,0x00,0x03,0xFF,0xF7,0xFC,0x00,0x00,0x00,0x00,0x00,0x00,0x00,0xFF,0xFF,
  0xE0,0x00,0x00,0x00,0x3F,0xFF,0xFF,0xFF,0xFF,0x00,0x00,0x00,0x03,0xFF,0xFF,0xFF,0xFF,0xFC,0x00,0x00,0x00,0x1F,0xFF,0xFF,
  0xFF,0xFF,0xE0,0x00,0x00,0x00,0xFF,0xFF,0xFF,0xFF,0xFF,0x00,0x00,0x00,0x0F,0xFF,0xFF,0xFF,0xFF,0xFC,0x00,0x00,0x00,0x7F,
  0xFF,0xFF,0xFF,0xFF,0xE0,0x00,0x00,0x03,0xFF,0xFF,0xFF,0xFF,0xFF,0x00,0x00,0x00,0x3F,0xFF,0xFF,0xFF,0xFF,0xFC,0x00,0x00,
  0x01,0xFF,0xFF,0xFF,0xFF,0xFF,0xE0,0x00,0x00,0x0F,0xFF,0xFF,0xFF,0xFF,0xFF,0x00,0x00,0x00,0xFF,0xFF,0xFF,0xFF,0xFF,0xF8,
  0x00,0x00,0x07,0xFF,0xFF,0xFF,0xFF,0xFF,0xE0,0x00,0x00,0x3F,0xFF,0xFF,0xFF,0xFF,0xFF,0x00,0x00,0x01,0xFF,0xFF,0xFF,0xFF,
  0xFF,0xF8,0x00,0x00,0x1F,0xFF,0xFF,0xFF,0xFE,0xFF,0xE0,0x00,0x00,0xFF,0xFF,0xFF,0xFF,0xF7,0xFF,0x00,0x00,0x07,0xFF,0xFF,
  0xFF,0xFF,0xBF,0xF8,0x00,0x00,0x7F,0xF7,0xFF,0xFF,0xFD,0xFF,0xE0,0x00,0x03,0xFF,0xBF,0xFF,0xFF,0xE7,0xFF,0x00,0x00,0x1F,
  0xFD,0xFF,0xFF,0xFF,0x3F,0xF8,0x00,0x01,0xFF,0xCF,0xFF,0xFF,0xF9,0xFF,0xE0,0x00,0x0F,0xFE,0x7F,0xFF,0xFF,0xC7,0xFF,0x00,
  0x00,0x7F,0xF3,0xFF,0xFF,0xFE,0x3F,0xF8,0x00,0x07,0xFF,0x9F,0xFF,0xFF,0xF1,0xFF,0xE0,0x00,0x3F,0xF8,0xFF,0xFF,0xFF,0x8F,
  0xFF,0x00,0x01,0xFF,0xC7,0xFF,0xFF,0xFC,0x3F,0xF8,0x00,0x1F,0xFE,0x3F,0xFF,0xFF,0xE1,0xFF,0xE0,0x00,0xFF,0xE1,0xFF,0xFF,
  0xFF,0x0F,0xFF,0x00,0x07,0xFF,0x0F,0xFF,0xFF,0xF8,0x3F,0xF8,0x00,0x3F,0xF8,0x7F,0xFF,0xFF,0xC1,0xFF,0xE0,0x03,0xFF,0xC3,
  0xFF,0xFF,0xFE,0x0F,0xFF,0x00,0x1F,0xFC,0x1F,0xFF,0xFF,0xF0,0x3F,0xF8,0x00,0xFF,0xE0,0xFF,0xFF,0xFF,0x81,0xFF,0xE0,0x0F,
  0xFF,0x07,0xFF,0xFF,0xFC,0x0F,0xFF,0x00,0x7F,0xF0,0x3F,0xFF,0xFF,0xE0,0x3F,0xF8,0x03,0xFF,0x81,0xFF,0xFF,0xFF,0x01,0xFF,
  0xC0,0x3F,0xFC,0x0F,0xFF,0xFF,0xF8,0x0F,0xFF,0x01,0xFF,0xC0,0x7F,0xFF,0xFF,0xC0,0x3F,0xF8,0x0F,0xFE,0x03,0xFF,0xFF,0xFE,
  0x01,0xFF,0xC0,0xFF,0xF0,0x1F,0xFF,0xFF,0xF0,0x0F,0xFF,0x07,0xFF,0x00,0xFF,0xFF,0xFF,0x80,0x3F,0xF8,0x3F,0xF8,0x07,0xFF,
  0xFF,0xFC,0x01,0xFF,0xC1,0xFF,0xC0,0x3F,0xFF,0xFF,0xE0,0x0F,0xFE,0x1F,0xFC,0x01,0xFF,0xFF,0xFF,0x00,0x7F,0xF8,0xFF,0xE0,
  0x0F,0xFF,0xFF,0xF8,0x01,0xFF,0xC7,0xFF,0x00,0x7F,0xFF,0xFF,0xC0,0x0F,0xFE,0x7F,0xF0,0x03,0xFF,0xFF,0xFE,0x00,0x7F,0xFB,
  0xFF,0x80,0x1F,0xFF,0xFF,0xF0,0x01,0xFF,0xDF,0xFC,0x00,0xFF,0xFF,0xFF,0x80,0x0F,0xFE,0xFF,0xC0,0x07,0xFF,0xFF,0xFC,0x00,
  0x7F,0xFF,0xFE,0x00,0x3F,0xFF,0xFF,0xE0,0x01,0xFF,0xFF,0xF0,0x01,0xFF,0xFF,0xFF,0x00,0x0F,0xFF,0xFF,0x00,0x0F,0xFF,0xFF,
  0xF8,0x00,0x7F,0xFF,0xF8,0x00,0x7F,0xFF,0xFF,0xC0,0x01,0xFF,0xFF,0xC0,0x03,0xFF,0xFF,0xFE,0x00,0x0F,0xFF,0xFC,0x00,0x1F,
  0xFF,0xFF,0xF0,0x00,0x7F,0xFF,0xE0,0x00,0xFF,0xFF,0xFF,0x80,0x01,0xFF,0xFF,0x00,0x07,0xFF,0xFF,0xFC,0x00,0x0F,0xFF,0xF0,
  0x00,0x3F,0xFF,0xFF,0xE0,0x00,0x7F,0xFF,0x80,0x01,0xFF,0xFF,0xFF,0x00,0x01,0xFF,0xFC,0x00,0x0F,0xFF,0xFF,0xF8,0x00,0x0F,
  0xFF,0xC0,0x00,0x7F,0xFF,0xFF,0xC0,0x00,0x7F,0xFE,0x00,0x03,0xFF,0xFF,0xFE,0x00,0x01,0xFF,0xF0,0x00,0x1F,0xFF,0xFF,0xF0,
  0x00,0x0F,0xFF,0x80,0x00,0xFF,0xFF,0xFF,0x80,0x00,0x7F,0xF8,0x00,0x07,0xFF,0xFF,0xFC,0x00,0x01,0xFF,0xC0,0x00,0x3F,0xFF,
  0xFF,0xE0,0x00,0x0F,0xFE,0x00,0x01,0xFF,0xF0,0xFF,0xFC,0x00,0x00,0x00,0x1F,0xFF,0xFF,0xFF,0x00,0x00,0x00,0x07,0xFF,0xFF,
  0xFF,0xC0,0x00,0x00,0x01,0xFF,0xFF,0xFF,0xF0,0x00,0x00,0x00,0x7F,0xFF,0xFF,0xFC,0x00,0x00,0x00,0x1F,0xFF,0xFF,0xFF,0x00,
  0x00,0x00,0x07,0xFF,0xFF,0xFF,0xC0,0x00,0x00,0x01,0xFF,0xFF,0xFF,0xF0,0x00,0x00,0x00,0x7F,0xFF,0xFF,0xFC,0x00,0x00,0x00,
  0x1F,0xFF,0xFF,0xFF,0x00,0x00,0x00,0x07,0xFF,0xFF,0xFF,0xC0,0x00,0x00,0x01,0xFF,0xFF,0xFF,0xF0,0x00,0x00,0x00,0x7F,0xFF,
  0xFF,0xFC,0x00,0x00,0x00,0x1F,0xFF,0xFF,0xFF,0x00,0x00,0x00,0x07,0xFF,0xFF,0xFF,0xC0,0x00,0x00,0x01,0xFF,0xFF,0xFF,0xF0,
  0x00,0x00,0x00,0x7F,0xFF,0xFF,0xFC,0x00,0x00,0x00,0x1F,0xFF,0xFF,0xFF,0x00,0x00,0x00,0x07,0xFF,0xFF,0xFF,0xC0,0x00,0x00,
  0x01,0xFF,0xFF,0xFF,0xF0,0x00,0x00,0x00,0x7F,0xFF,0xFF,0xFC,0x00,0x00,0x00,0x1F,0xFF,0xFF,0xFF,0x00,0x00,0x00,0x07,0xFF,
  0xFF,0xFF,0xC0,0x00,0x00,0x01,0xFF,0xFF,0xFF,0xF0,0x00,0x00,0x00,0x7F,0xFF,0xFF,0xFC,0x00,0x00,0x00,0x1F,0xFF,0xFF,0xFF,
  0x00,0x00,0x00,0x07,0xFF,0xFF,0xFF,0xC0,0x00,0x00,0x01,0xFF,0xFF,0xFF,0xFF,0xFF,0xFF,0xFF,0xFF,0xFF,0xFF,0xFF,0xFF,0xFF,
  0xFF,0xFF,0xFF,0xFF,0xFF,0xFF,0xFF,0xFF,0xFF,0xFF,0xFF,0xFF,0xFF,0xFF,0xFF,0xFF,0xFF,0xFF,0xFF,0xFF,0xFF,0xFF,0xFF,0xFF,
  0xFF,0xFF,0xFF,0xFF,0xFF,0xFF,0xFF,0xFF,0xFF,0xFF,0xFF,0xFF,0xFF,0xFF,0xFF,0xFF,0xFF,0xFF,0xFF,0xFF,0xFF,0xFF,0xFF,0xFF,
  0xFF,0xFF,0xFF,0xFF,0xFF,0xFF,0xFF,0xFF,0xFF,0xFF,0xFF,0xFF,0xFF,0xFF,0xFF,0xFF,0xFF,0xFF,0xFF,0xFF,0xFF,0xFF,0xFF,0xFF,
  0xFF,0xFF,0xFF,0xFF,0xFF,0xF0,0x00,0x00,0x00,0x7F,0xFF,0xFF,0xFC,0x00,0x00,0x00,0x1F,0xFF,0xFF,0xFF,0x00,0x00,0x00,0x07,
  0xFF,0xFF,0xFF,0xC0,0x00,0x00,0x01,0xFF,0xFF,0xFF,0xF0,0x00,0x00,0x00,0x7F,0xFF,0xFF,0xFC,0x00,0x00,0x00,0x1F,0xFF,0xFF,
  0xFF,0x00,0x00,0x00,0x07,0xFF,0xFF,0xFF,0xC0,0x00,0x00,0x01,0xFF,0xFF,0xFF,0xF0,0x00,0x00,0x00,0x7F,0xFF,0xFF,0xFC,0x00,
  0x00,0x00,0x1F,0xFF,0xFF,0xFF,0x00,0x00,0x00,0x07,0xFF,0xFF,0xFF,0xC0,0x00,0x00,0x01,0xFF,0xFF,0xFF,0xF0,0x00,0x00,0x00,
  0x7F,0xFF,0xFF,0xFC,0x00,0x00,0x00,0x1F,0xFF,0xFF,0xFF,0x00,0x00,0x00,0x07,0xFF,0xFF,0xFF,0xC0,0x00,0x00,0x01,0xFF,0xFF,
  0xFF,0xF0,0x00,0x00,0x00,0x7F,0xFF,0xFF,0xFC,0x00,0x00,0x00,0x1F,0xFF,0xFF,0xFF,0x00,0x00,0x00,0x07,0xFF,0xFF,0xFF,0xC0,
  0x00,0x00,0x01,0xFF,0xFF,0xFF,0xF0,0x00,0x00,0x00,0x7F,0xFF,0xFF,0xFC,0x00,0x00,0x00,0x1F,0xFF,0xFF,0xFF,0x00,0x00,0x00,
  0x07,0xFF,0xFF,0xFF,0xC0,0x00,0x00,0x01,0xFF,0xFF,0xFF,0xF0,0x00,0x00,0x00,0x7F,0xFF,0xFF,0xFC,0x00,0x00,0x00,0x1F,0xFF,
  0xFF,0xFF,0x00,0x00,0x00,0x07,0xFF,0xFF,0xFF,0xC0,0x00,0x00,0x01,0xFF,0xFF,0xFF,0xF0,0x00,0x00,0x00,0x7F,0xFF,0x00,0x00,
  0x00,0x1F,0xFF,0xC0,0x00,0x00,0x00,0x00,0x00,0x1F,0xFF,0xFF,0xE0,0x00,0x00,0x00,0x00,0x07,0xFF,0xFF,0xFF,0xE0,0x00,0x00,
  0x00,0x00,0xFF,0xFF,0xFF,0xFF,0xE0,0x00,0x00,0x00,0x1F,0xFF,0xFF,0xFF,0xFF,0xC0,0x00,0x00,0x01,0xFF,0xFF,0xFF,0xFF,0xFF,
  0x00,0x00,0x00,0x3F,0xFF,0xFF,0xFF,0xFF,0xFE,0x00,0x00,0x03,0xFF,0xFF,0xFF,0xFF,0xFF,0xF8,0x00,0x00,0x3F,0xFF,0xFF,0xFF,
  0xFF,0xFF,0xE0,0x00,0x03,0xFF,0xFF,0xFF,0xFF,0xFF,0xFF,0x80,0x00,0x3F,0xFF,0xFF,0xFF,0xFF,0xFF,0xFE,0x00,0x03,0xFF,0xFF,
  0xFC,0x07,0xFF,0xFF,0xF8,0x00,0x3F,0xFF,0xFE,0x00,0x03,0xFF,0xFF,0xE0,0x01,0xFF,0xFF,0xC0,0x00,0x07,0xFF,0xFF,0x00,0x1F,
  0xFF,0xF8,0x00,0x00,0x0F,0xFF,0xFC,0x01,0xFF,0xFF,0x80,0x00,0x00,0x3F,0xFF,0xE0,0x0F,0xFF,0xF8,0x00,0x00,0x00,0xFF,0xFF,
  0x80,0xFF,0xFF,0x80,0x00,0x00,0x03,0xFF,0xFC,0x07,0xFF,0xF8,0x00,0x00,0x00,0x0F,0xFF,0xF0,0x3F,0xFF,0x80,0x00,0x00,0x00,
  0x7F,0xFF,0x83,0xFF,0xFC,0x00,0x00,0x00,0x01,0xFF,0xFE,0x1F,0xFF,0xC0,0x00,0x00,0x00,0x07,0xFF,0xF0,0xFF,0xFE,0x00,0x00,
  0x00,0x00,0x3F,0xFF,0x8F,0xFF,0xE0,0x00,0x00,0x00,0x01,0xFF,0xFE,0x7F,0xFF,0x00,0x00,0x00,0x00,0x07,0xFF,0xF3,0xFF,0xF8,
  0x00,0x00,0x00,0x00,0x3F,0xFF,0x9F,0xFF,0x80,0x00,0x00,0x00,0x01,0xFF,0xFD,0xFF,0xFC,0x00,0x00,0x00,0x00,0x07,0xFF,0xEF,
  0xFF,0xE0,0x00,0x00,0x00,0x00,0x3F,0xFF,0xFF,0xFF,0x00,0x00,0x00,0x00,0x01,0xFF,0xFF,0xFF,0xF8,0x00,0x00,0x00,0x00,0x0F,
  0xFF,0xFF,0xFF,0xC0,0x00,0x00,0x00,0x00,0x7F,0xFF,0xFF,0xFE,0x00,0x00,0x00,0x00,0x03,0xFF,0xFF,0xFF,0xF0,0x00,0x00,0x00,
  0x00,0x1F,0xFF,0xFF,0xFF,0x80,0x00,0x00,0x00,0x00,0xFF,0xFF,0xFF,0xFC,0x00,0x00,0x00,0x00,0x07,0xFF,0xFF,0xFF,0xE0,0x00,
  0x00,0x00,0x00,0x3F,0xFF,0xFF,0xFF,0x00,0x00,0x00,0x00,0x01,0xFF,0xFF,0xFF,0xF8,0x00,0x00,0x00,0x00,0x0F,0xFF,0xFF,0xFF,
  0xC0,0x00,0x00,0x00,0x00,0x7F,0xFF,0xFF,0xFE,0x00,0x00,0x00,0x00,0x03,0xFF,0xFF,0xFF,0xF0,0x00,0x00,0x00,0x00,0x1F,0xFF,
  0x9F,0xFF,0x80,0x00,0x00,0x00,0x00,0xFF,0xFC,0xFF,0xFE,0x00,0x00,0x00,0x00,0x0F,0xFF,0xE7,0xFF,0xF0,0x00,0x00,0x00,0x00,
  0x7F,0xFF,0x3F,0xFF,0x80,0x00,0x00,0x00,0x03,0xFF,0xF9,0xFF,0xFC,0x00,0x00,0x00,0x00,0x3F,0xFF,0x87,0xFF,0xF0,0x00,0x00,
  0x00,0x01,0xFF,0xFC,0x3F,0xFF,0x80,0x00,0x00,0x00,0x0F,0xFF,0xE1,0xFF,0xFE,0x00,0x00,0x00,0x00,0xFF,0xFE,0x07,0xFF,0xF0,
  0x00,0x00,0x00,0x0F,0xFF,0xF0,0x3F,0xFF,0xC0,0x00,0x00,0x00,0x7F,0xFF,0x80,0xFF,0xFF,0x00,0x00,0x00,0x07,0xFF,0xF8,0x07,
  0xFF,0xFC,0x00,0x00,0x00,0x7F,0xFF,0xC0,0x1F,0xFF,0xF0,0x00,0x00,0x07,0xFF,0xFC,0x00,0xFF,0xFF,0xC0,0x00,0x00,0x7F,0xFF,
  0xC0,0x03,0xFF,0xFF,0x80,0x00,0x0F,0xFF,0xFE,0x00,0x0F,0xFF,0xFF,0x00,0x01,0xFF,0xFF,0xE0,0x00,0x7F,0xFF,0xFF,0x80,0xFF,
  0xFF,0xFE,0x00,0x01,0xFF,0xFF,0xFF,0xFF,0xFF,0xFF,0xE0,0x00,0x07,0xFF,0xFF,0xFF,0xFF,0xFF,0xFF,0x00,0x00,0x1F,0xFF,0xFF,
  0xFF,0xFF,0xFF,0xE0,0x00,0x00,0x7F,0xFF,0xFF,0xFF,0xFF,0xFE,0x00,0x00,0x01,0xFF,0xFF,0xFF,0xFF,0xFF,0xE0,0x00,0x00,0x03,
  0xFF,0xFF,0xFF,0xFF,0xFE,0x00,0x00,0x00,0x0F,0xFF,0xFF,0xFF,0xFF,0xC0,0x00,0x00,0x00,0x1F,0xFF,0xFF,0xFF,0xF8,0x00,0x00,
  0x00,0x00,0x1F,0xFF,0xFF,0xFF,0x00,0x00,0x00,0x00,0x00,0x3F,0xFF,0xFF,0xC0,0x00,0x00,0x00,0x00,0x00,0x0F,0xFF,0xE0,0x00,
  0x00,0x00,0xFF,0xFF,0xFF,0xFF,0xFF,0xFF,0xFF,0xFF,0xFF,0xFF,0xFF,0xFF,0xFF,0xFF,0xFF,0xFF,0xFF,0xFF,0xFF,0xFF,0xFF,0xFF,
  0xFF,0xFF,0xFF,0xFF,0xFF,0xFF,0xFF,0xFF,0xFF,0xFF,0xFF,0xFF,0xFF,0xFF,0xFF,0xFF,0xFF,0xFF,0xFF,0xFF,0xFF,0xFF,0xFF,0xFF,
  0xFF,0xFF,0xFF,0xFF,0xFF,0xFF,0xFF,0xFF,0xFF,0xFF,0xFF,0xFF,0xFF,0xFF,0xFF,0xFF,0xFF,0xFF,0xFF,0xFF,0xFF,0xFF,0xFF,0xFF,
  0xFF,0xFF,0xFF,0xFF,0xFF,0xFF,0xFF,0xFF,0xFF,0xFF,0xFF,0xFF,0xFF,0xFF,0xFF,0xFF,0xFF,0xFF,0xFC,0x00,0x00,0x00,0x0F,0xFF,
  0xFF,0xFF,0x00,0x00,0x00,0x03,0xFF,0xFF,0xFF,0xC0,0x00,0x00,0x00,0xFF,0xFF,0xFF,0xF0,0x00,0x00,0x00,0x3F,0xFF,0xFF,0xFC,
  0x00,0x00,0x00,0x0F,0xFF,0xFF,0xFF,0x00,0x00,0x00,0x03,0xFF,0xFF,0xFF,0xC0,0x00,0x00,0x00,0xFF,0xFF,0xFF,0xF0,0x00,0x00,
  0x00,0x3F,0xFF,0xFF,0xFC,0x00,0x00,0x00,0x0F,0xFF,0xFF,0xFF,0x00,0x00,0x00,0x03,0xFF,0xFF,0xFF,0xC0,0x00,0x00,0x00,0xFF,
  0xFF,0xFF,0xF0,0x00,0x00,0x00,0x3F,0xFF,0xFF,0xFC,0x00,0x00,0x00,0x0F,0xFF,0xFF,0xFF,0x00,0x00,0x00,0x03,0xFF,0xFF,0xFF,
  0xC0,0x00,0x00,0x00,0xFF,0xFF,0xFF,0xF0,0x00,0x00,0x00,0x3F,0xFF,0xFF,0xFC,0x00,0x00,0x00,0x0F,0xFF,0xFF,0xFF,0x00,0x00,
  0x00,0x03,0xFF,0xFF,0xFF,0xC0,0x00,0x00,0x00,0xFF,0xFF,0xFF,0xF0,0x00,0x00,0x00,0x3F,0xFF,0xFF,0xFC,0x00,0x00,0x00,0x0F,
  0xFF,0xFF,0xFF,0x00,0x00,0x00,0x03,0xFF,0xFF,0xFF,0xC0,0x00,0x00,0x00,0xFF,0xFF,0xFF,0xF0,0x00,0x00,0x00,0x3F,0xFF,0xFF,
  0xFC,0x00,0x00,0x00,0x0F,0xFF,0xFF,0xFF,0x00,0x00,0x00,0x03,0xFF,0xFF,0xFF,0xC0,0x00,0x00,0x00,0xFF,0xFF,0xFF,0xF0,0x00,
  0x00,0x00,0x3F,0xFF,0xFF,0xFC,0x00,0x00,0x00,0x0F,0xFF,0xFF,0xFF,0x00,0x00,0x00,0x03,0xFF,0xFF,0xFF,0xC0,0x00,0x00,0x00,
  0xFF,0xFF,0xFF,0xF0,0x00,0x00,0x00,0x3F,0xFF,0xFF,0xFC,0x00,0x00,0x00,0x0F,0xFF,0xFF,0xFF,0x00,0x00,0x00,0x03,0xFF,0xFF,
  0xFF,0xC0,0x00,0x00,0x00,0xFF,0xFF,0xFF,0xF0,0x00,0x00,0x00,0x3F,0xFF,0xFF,0xFC,0x00,0x00,0x00,0x0F,0xFF,0xFF,0xFF,0x00,
  0x00,0x00,0x03,0xFF,0xFF,0xFF,0xC0,0x00,0x00,0x00,0xFF,0xFF,0xFF,0xF0,0x00,0x00,0x00,0x3F,0xFF,0xFF,0xFC,0x00,0x00,0x00,
  0x0F,0xFF,0xFF,0xFF,0x00,0x00,0x00,0x03,0xFF,0xFF,0xFF,0xC0,0x00,0x00,0x00,0xFF,0xFF,0xFF,0xF0,0x00,0x00,0x00,0x3F,0xFF,
  0xFF,0xFC,0x00,0x00,0x00,0x0F,0xFF,0xFF,0xFF,0x00,0x00,0x00,0x03,0xFF,0xFF,0xFF,0xC0,0x00,0x00,0x00,0xFF,0xFF,0xFF,0xF0,
  0x00,0x00,0x00,0x3F,0xFF,0xFF,0xFC,0x00,0x00,0x00,0x0F,0xFF,0xFF,0xFF,0x00,0x00,0x00,0x03,0xFF,0xFF,0xFF,0xC0,0x00,0x00,
  0x00,0xFF,0xFF,0xFF,0xF0,0x00,0x00,0x00,0x3F,0xFF,0xFF,0xFC,0x00,0x00,0x00,0x0F,0xFF,0xFF,0xFF,0x00,0x00,0x00,0x03,0xFF,
  0xFF,0xFF,0xC0,0x00,0x00,0x00,0xFF,0xFF,0xFF,0xF0,0x00,0x00,0x00,0x3F,0xFF,0xFF,0xFF,0xFF,0xFF,0xF8,0x00,0x00,0xFF,0xFF,
  0xFF,0xFF,0xFF,0xC0,0x00,0xFF,0xFF,0xFF,0xFF,0xFF,0xF0,0x00,0xFF,0xFF,0xFF,0xFF,0xFF,0xFC,0x00,0xFF,0xFF,0xFF,0xFF,0xFF,
  0xFF,0x00,0xFF,0xFF,0xFF,0xFF,0xFF,0xFF,0x80,0xFF,0xFF,0xFF,0xFF,0xFF,0xFF,0xC0,0xFF,0xFF,0xFF,0xFF,0xFF,0xFF,0xE0,0xFF,
  0xFF,0xFF,0xFF,0xFF,0xFF,0xF0,0xFF,0xFF,0xFF,0xFF,0xFF,0xFF,0xF8,0xFF,0xFF,0xFF,0xFF,0xFF,0xFF,0xF8,0xFF,0xFC,0x00,0x00,
  0x7F,0xFF,0xFC,0xFF,0xFC,0x00,0x00,0x0F,0xFF,0xFC,0xFF,0xFC,0x00,0x00,0x03,0xFF,0xFC,0xFF,0xFC,0x00,0x00,0x01,0xFF,0xFE,
  0xFF,0xFC,0x00,0x00,0x00,0xFF,0xFE,0xFF,0xFC,0x00,0x00,0x00,0xFF,0xFE,0xFF,0xFC,0x00,0x00,0x00,0x7F,0xFE,0xFF,0xFC,0x00,
  0x00,0x00,0x7F,0xFF,0xFF,0xFC,0x00,0x00,0x00,0x7F,0xFF,0xFF,0xFC,0x00,0x00,0x00,0x7F,0xFF,0xFF,0xFC,0x00,0x00,0x00,0x7F,
  0xFF,0xFF,0xFC,0x00,0x00,0x00,0x7F,0xFF,0xFF,0xFC,0x00,0x00,0x00,0x7F,0xFF,0xFF,0xFC,0x00,0x00,0x00,0x7F,0xFF,0xFF,0xFC,
  0x00,0x00,0x00,0x7F,0xFE,0xFF,0xFC,0x00,0x00,0x00,0xFF,0xFE,0xFF,0xFC,0x00,0x00,0x00,0xFF,0xFE,0xFF,0xFC,0x00,0x00,0x01,
  0xFF,0xFE,0xFF,0xFC,0x00,0x00,0x01,0xFF,0xFC,0xFF,0xFC,0x00,0x00,0x07,0xFF,0xFC,0xFF,0xFC,0x00,0x00,0x0F,0xFF,0xFC,0xFF,
  0xFC,0x00,0x00,0x7F,0xFF,0xF8,0xFF,0xFF,0xFF,0xFF,0xFF,0xFF,0xF8,0xFF,0xFF,0xFF,0xFF,0xFF,0xFF,0xF0,0xFF,0xFF,0xFF,0xFF,
  0xFF,0xFF,0xE0,0xFF,0xFF,0xFF,0xFF,0xFF,0xFF,0xC0,0xFF,0xFF,0xFF,0xFF,0xFF,0xFF,0x80,0xFF,0xFF,0xFF,0xFF,0xFF,0xFF,0x00,
  0xFF,0xFF,0xFF,0xFF,0xFF,0xFE,0x00,0xFF,0xFF,0xFF,0xFF,0xFF,0xF8,0x00,0xFF,0xFF,0xFF,0xFF,0xFF,0xF0,0x00,0xFF,0xFF,0xFF,
  0xFF,0xFF,0x80,0x00,0xFF,0xFF,0xFF,0xFF,0xF8,0x00,0x00,0xFF,0xFC,0x00,0x00,0x00,0x00,0x00,0xFF,0xFC,0x00,0x00,0x00,0x00,
  0x00,0xFF,0xFC,0x00,0x00,0x00,0x00,0x00,0xFF,0xFC,0x00,0x00,0x00,0x00,0x00,0xFF,0xFC,0x00,0x00,0x00,0x00,0x00,0xFF,0xFC,
  0x00,0x00,0x00,0x00,0x00,0xFF,0xFC,0x00,0x00,0x00,0x00,0x00,0xFF,0xFC,0x00,0x00,0x00,0x00,0x00,0xFF,0xFC,0x00,0x00,0x00,
  0x00,0x00,0xFF,0xFC,0x00,0x00,0x00,0x00,0x00,0xFF,0xFC,0x00,0x00,0x00,0x00,0x00,0xFF,0xFC,0x00,0x00,0x00,0x00,0x00,0xFF,
  0xFC,0x00,0x00,0x00,0x00,0x00,0xFF,0xFC,0x00,0x00,0x00,0x00,0x00,0xFF,0xFC,0x00,0x00,0x00,0x00,0x00,0xFF,0xFC,0x00,0x00,
  0x00,0x00,0x00,0xFF,0xFC,0x00,0x00,0x00,0x00,0x00,0xFF,0xFC,0x00,0x00,0x00,0x00,0x00,0xFF,0xFC,0x00,0x00,0x00,0x00,0x00,
  0xFF,0xFC,0x00,0x00,0x00,0x00,0x00,0xFF,0xFC,0x00,0x00,0x00,0x00,0x00,0xFF,0xFC,0x00,0x00,0x00,0x00,0x00,0xFF,0xFC,0x00,
  0x00,0x00,0x00,0x00,0xFF,0xFC,0x00,0x00,0x00,0x00,0x00,0x00,0x00,0x00,0x3F,0xFF,0x80,0x00,0x00,0x00,0x00,0x03,0xFF,0xFF,
  0xFC,0x00,0x00,0x00,0x00,0x1F,0xFF,0xFF,0xFF,0x80,0x00,0x00,0x00,0xFF,0xFF,0xFF,0xFF,0xE0,0x00,0x00,0x03,0xFF,0xFF,0xFF,
  0xFF,0xF8,0x00,0x00,0x07,0xFF,0xFF,0xFF,0xFF,0xFE,0x00,0x00,0x1F,0xFF,0xFF,0xFF,0xFF,0xFF,0x00,0x00,0x3F,0xFF,0xFF,0xFF,
  0xFF,0xFF,0x80,0x00,0x7F,0xFF,0xFF,0xFF,0xFF,0xFF,0xC0,0x00,0xFF,0xFF,0xFF,0xFF,0xFF,0xFF,0xE0,0x01,0xFF,0xFF,0xFF,0xFF,
  0xFF,0xFF,0xF0,0x01,0xFF,0xFF,0xFE,0x07,0xFF,0xFF,0xF0,0x03,0xFF,0xFF,0xC0,0x00,0x7F,0xFF,0xF8,0x07,0xFF,0xFF,0x00,0x00,
  0x0F,0xFF,0xFC,0x07,0xFF,0xFC,0x00,0x00,0x07,0xFF,0xFC,0x0F,0xFF,0xF8,0x00,0x00,0x01,0xFF,0xFE,0x0F,0xFF,0xF0,0x00,0x00,
  0x00,0xFF,0xFE,0x1F,0xFF,0xE0,0x00,0x00,0x00,0x7F,0xFF,0x1F,0xFF,0xE0,0x00,0x00,0x00,0x3F,0xFF,0x3F,0xFF,0xC0,0x00,0x00,
  0x00,0x3F,0xF8,0x3F,0xFF,0x80,0x00,0x00,0x00,0x1F,0x80,0x3F,0xFF,0x80,0x00,0x00,0x00,0x18,0x00,0x7F,0xFF,0x00,0x00,0x00,
  0x00,0x00,0x00,0x7F,0xFF,0x00,0x00,0x00,0x00,0x00,0x00,0x7F,0xFF,0x00,0x00,0x00,0x00,0x00,0x00,0x7F,0xFF,0x00,0x00,0x00,
  0x00,0x00,0x00,0x7F,0xFE,0x00,0x00,0x00,0x00,0x00,0x00,0xFF,0xFE,0x00,0x00,0x00,0x00,0x00,0x00,0xFF,0xFE,0x00,0x00,0x00,
  0x00,0x00,0x00,0xFF,0xFE,0x00,0x00,0x00,0x00,0x00,0x00,0xFF,0xFE,0x00,0x00,0x00,0x00,0x00,0x00,0xFF,0xFE,0x00,0x00,0x00,
  0x00,0x00,0x00,0xFF,0xFE,0x00,0x00,0x00,0x00,0x00,0x00,0xFF,0xFE,0x00,0x00,0x00,0x00,0x00,0x00,0xFF,0xFE,0x00,0x00,0x00,
  0x00,0x00,0x00,0xFF,0xFE,0x00,0x00,0x00,0x00,0x00,0x00,0xFF,0xFE,0x00,0x00,0x00,0x00,0x00,0x00,0xFF,0xFE,0x00,0x00,0x00,
  0x00,0x00,0x00,0xFF,0xFE,0x00,0x00,0x00,0x00,0x00,0x00,0xFF,0xFE,0x00,0x00,0x00,0x00,0x00,0x00,0xFF,0xFE,0x00,0x00,0x00,
  0x00,0x00,0x00,0xFF,0xFE,0x00,0x00,0x00,0x00,0x00,0x00,0x7F,0xFE,0x00,0x00,0x00,0x00,0x00,0x00,0x7F,0xFE,0x00,0x00,0x00,
  0x00,0x00,0x00,0x7F,0xFF,0x00,0x00,0x00,0x00,0x00,0x00,0x7F,0xFF,0x00,0x00,0x00,0x00,0x00,0x00,0x7F,0xFF,0x00,0x00,0x00,
  0x00,0x0C,0x00,0x3F,0xFF,0x80,0x00,0x00,0x00,0x0F,0x80,0x3F,0xFF,0x80,0x00,0x00,0x00,0x1F,0xE0,0x3F,0xFF,0xC0,0x00,0x00,
  0x00,0x1F,0xFC,0x1F,0xFF,0xC0,0x00,0x00,0x00,0x3F,0xFF,0x1F,0xFF,0xE0,0x00,0x00,0x00,0x7F,0xFF,0x1F,0xFF,0xF0,0x00,0x00,
  0x00,0x7F,0xFF,0x0F,0xFF,0xF0,0x00,0x00,0x00,0xFF,0xFF,0x0F,0xFF,0xFC,0x00,0x00,0x01,0xFF,0xFE,0x07,0xFF,0xFE,0x00,0x00,
  0x07,0xFF,0xFC,0x03,0xFF,0xFF,0x00,0x00,0x0F,0xFF,0xFC,0x03,0xFF,0xFF,0xE0,0x00,0x7F,0xFF,0xF8,0x01,0xFF,0xFF,0xFE,0x07,
  0xFF,0xFF,0xF0,0x00,0xFF,0xFF,0xFF,0xFF,0xFF,0xFF,0xF0,0x00,0x7F,0xFF,0xFF,0xFF,0xFF,0xFF,0xE0,0x00,0x3F,0xFF,0xFF,0xFF,
  0xFF,0xFF,0xC0,0x00,0x1F,0xFF,0xFF,0xFF,0xFF,0xFF,0x80,0x00,0x0F,0xFF,0xFF,0xFF,0xFF,0xFF,0x00,0x00,0x03,0xFF,0xFF,0xFF,
  0xFF,0xFC,0x00,0x00,0x01,0xFF,0xFF,0xFF,0xFF,0xF8,0x00,0x00,0x00,0x7F,0xFF,0xFF,0xFF,0xE0,0x00,0x00,0x00,0x1F,0xFF,0xFF,
  0xFF,0x80,0x00,0x00,0x00,0x03,0xFF,0xFF,0xFC,0x00,0x00,0x00,0x00,0x00,0x1F,0xFF,0x80,0x00,0x00,0xFF,0xFF,0xFF,0xFF,0xFF,
  0xFF,0xFF,0xFF,0xFF,0xFF,0xFF,0xFF,0xFF,0xFF,0xFF,0xFF,0xFF,0xFF,0xFF,0xFF,0xFF,0xFF,0xFF,0xFF,0xFF,0xFF,0xFF,0xFF,0xFF,
  0xFF,0xFF,0xFF,0xFF,0xFF,0xFF,0xFF,0xFF,0xFF,0xFF,0xFF,0xFF,0xFF,0xFF,0xFF,0xFF,0xFF,0xFF,0xFF,0xFF,0xFF,0xFF,0xFF,0xFF,
  0xFF,0xFF,0xFF,0xFF,0xFF,0xFF,0xFF,0xFF,0xFF,0xFF,0xFF,0xFF,0xFF,0xFF,0xFF,0xFF,0xFF,0xFF,0xFF,0xFF,0xFF,0xFF,0xFF,0xFF,
  0xFF,0xFF,0xFC,0x00,0x00,0x0F,0xFF,0xC0,0x00,0x00,0x00,0x00,0x03,0xFF,0xF0,0x00,0x00,0x00,0x00,0x00,0xFF,0xFC,0x00,0x00,
  0x00,0x00,0x00,0x3F,0xFF,0x00,0x00,0x00,0x00,0x00,0x0F,0xFF,0xC0,0x00,0x00,0x00,0x00,0x03,0xFF,0xF0,0x00,0x00,0x00,0x00,
  0x00,0xFF,0xFC,0x00,0x00,0x00,0x00,0x00,0x3F,0xFF,0x00,0x00,0x00,0x00,0x00,0x0F,0xFF,0xC0,0x00,0x00,0x00,0x00,0x03,0xFF,
  0xF0,0x00,0x00,0x00,0x00,0x00,0xFF,0xFC,0x00,0x00,0x00,0x00,0x00,0x3F,0xFF,0x00,0x00,0x00,0x00,0x00,0x0F,0xFF,0xC0,0x00,
  0x00,0x00,0x00,0x03,0xFF,0xF0,0x00,0x00,0x00,0x00,0x00,0xFF,0xFC,0x00,0x00,0x00,0x00,0x00,0x3F,0xFF,0x00,0x00,0x00,0x00,
  0x00,0x0F,0xFF,0xC0,0x00,0x00,0x00,0x00,0x03,0xFF,0xF0,0x00,0x00,0x00,0x00,0x00,0xFF,0xFC,0x00,0x00,0x00,0x00,0x00,0x3F,
  0xFF,0x00,0x00,0x00,0x00,0x00,0x0F,0xFF,0xC0,0x00,0x00,0x00,0x00,0x03,0xFF,0xF0,0x00,0x00,0x00,0x00,0x00,0xFF,0xFC,0x00,
  0x00,0x00,0x00,0x00,0x3F,0xFF,0x00,0x00,0x00,0x00,0x00,0x0F,0xFF,0xC0,0x00,0x00,0x00,0x00,0x03,0xFF,0xF0,0x00,0x00,0x00,
  0x00,0x00,0xFF,0xFC,0x00,0x00,0x00,0x00,0x00,0x3F,0xFF,0x00,0x00,0x00,0x00,0x00,0x0F,0xFF,0xC0,0x00,0x00,0x00,0x00,0x03,
  0xFF,0xF0,0x00,0x00,0x00,0x00,0x00,0xFF,0xFC,0x00,0x00,0x00,0x00,0x00,0x3F,0xFF,0x00,0x00,0x00,0x00,0x00,0x0F,0xFF,0xC0,
  0x00,0x00,0x00,0x00,0x03,0xFF,0xF0,0x00,0x00,0x00,0x00,0x00,0xFF,0xFC,0x00,0x00,0x00,0x00,0x00,0x3F,0xFF,0x00,0x00,0x00,
  0x00,0x00,0x0F,0xFF,0xC0,0x00,0x00,0x00,0x00,0x03,0xFF,0xF0,0x00,0x00,0x00,0x00,0x00,0xFF,0xFC,0x00,0x00,0x00,0x00,0x00,
  0x3F,0xFF,0x00,0x00,0x00,0x00,0x00,0x0F,0xFF,0xC0,0x00,0x00,0x00,0x00,0x03,0xFF,0xF0,0x00,0x00,0x00,0x00,0x00,0xFF,0xFC,
  0x00,0x00,0x00,0x00,0x00,0x3F,0xFF,0x00,0x00,0x00,0x00,0x00,0x0F,0xFF,0xC0,0x00,0x00,0x00,0x00,0x03,0xFF,0xF0,0x00,0x00,
  0x00,0x00,0x00,0xFF,0xFC,0x00,0x00,0x00,0x00,0x00,0x3F,0xFF,0x00,0x00,0x00,0x00,0x00,0x0F,0xFF,0xC0,0x00,0x00,0x00,0x00,
  0x03,0xFF,0xF0,0x00,0x00,0x00,0x00,0x00,0xFF,0xFC,0x00,0x00,0x00,0x00,0x00,0x3F,0xFF,0x00,0x00,0x00,0x00,0x00,0x0F,0xFF,
  0xC0,0x00,0x00,0x00,0x00,0x03,0xFF,0xF0,0x00,0x00,0x00,0x00,0x00,0xFF,0xFC,0x00,0x00,0x00,0x00,0x00,0x3F,0xFF,0x00,0x00,
  0x00,0x00,0x00,0x0F,0xFF,0xC0,0x00,0x00,0xFF,0xFE,0x00,0x00,0x00,0x00,0xFF,0xFD,0xFF,0xFC,0x00,0x00,0x00,0x07,0xFF,0xF7,
  0xFF,0xF0,0x00,0x00,0x00,0x1F,0xFF,0x8F,0xFF,0xE0,0x00,0x00,0x00,0xFF,0xFE,0x1F,0xFF,0xC0,0x00,0x00,0x03,0xFF,0xF0,0x7F,
  0xFF,0x00,0x00,0x00,0x0F,0xFF,0xC0,0xFF,0xFE,0x00,0x00,0x00,0x7F,0xFE,0x03,0xFF,0xF8,0x00,0x00,0x01,0xFF,0xF8,0x07,0xFF,
  0xF0,0x00,0x00,0x0F,0xFF,0xC0,0x0F,0xFF,0xC0,0x00,0x00,0x3F,0xFF,0x00,0x3F,0xFF,0x80,0x00,0x01,0xFF,0xFC,0x00,0x7F,0xFF,
  0x00,0x00,0x07,0xFF,0xE0,0x01,0xFF,0xFC,0x00,0x00,0x3F,0xFF,0x80,0x03,0xFF,0xF8,0x00,0x00,0xFF,0xFC,0x00,0x07,0xFF,0xE0,
  0x00,0x03,0xFF,0xF0,0x00,0x1F,0xFF,0xC0,0x00,0x1F,0xFF,0x80,0x00,0x3F,0xFF,0x00,0x00,0x7F,0xFE,0x00,0x00,0xFF,0xFE,0x00,
  0x03,0xFF,0xF0,0x00,0x01,0xFF,0xFC,0x00,0x0F,0xFF,0xC0,0x00,0x03,0xFF,0xF0,0x00,0x7F,0xFE,0x00,0x00,0x0F,0xFF,0xE0,0x01,
  0xFF,0xF8,0x00,0x00,0x1F,0xFF,0x80,0x07,0xFF,0xC0,0x00,0x00,0x7F,0xFF,0x00,0x3F,0xFF,0x00,0x00,0x00,0xFF,0xFC,0x00,0xFF,
  0xF8,0x00,0x00,0x01,0xFF,0xF8,0x07,0xFF,0xE0,0x00,0x00,0x07,0xFF,0xF0,0x1F,0xFF,0x00,0x00,0x00,0x0F,0xFF,0xC0,0xFF,0xFC,
  0x00,0x00,0x00,0x3F,0xFF,0x83,0xFF,0xE0,0x00,0x00,0x00,0x7F,0xFE,0x1F,0xFF,0x80,0x00,0x00,0x00,0xFF,0xFC,0x7F,0xFC,0x00,
  0x00,0x00,0x03,0xFF,0xF1,0xFF,0xF0,0x00,0x00,0x00,0x07,0xFF,0xEF,0xFF,0x80,0x00,0x00,0x00,0x1F,0xFF,0xFF,0xFE,0x00,0x00,
  0x00,0x00,0x3F,0xFF,0xFF,0xF0,0x00,0x00,0x00,0x00,0x7F,0xFF,0xFF,0xC0,0x00,0x00,0x00,0x01,0xFF,0xFF,0xFE,0x00,0x00,0x00,
  0x00,0x03,0xFF,0xFF,0xF8,0x00,0x00,0x00,0x00,0x0F,0xFF,0xFF,0xE0,0x00,0x00,0x00,0x00,0x1F,0xFF,0xFF,0x00,0x00,0x00,0x00,
  0x00,0x3F,0xFF,0xFC,0x00,0x00,0x00,0x00,0x00,0xFF,0xFF,0xE0,0x00,0x00,0x00,0x00,0x01,0xFF,0xFF,0x80,0x00,0x00,0x00,0x00,
  0x07,0xFF,0xFC,0x00,0x00,0x00,0x00,0x00,0x0F,0xFF,0xF0,0x00,0x00,0x00,0x00,0x00,0x1F,0xFF,0x80,0x00,0x00,0x00,0x00,0x00,
  0x7F,0xFE,0x00,0x00,0x00,0x00,0x00,0x03,0xFF,0xF0,0x00,0x00,0x00,0x00,0x00,0x0F,0xFF,0xC0,0x00,0x00,0x00,0x00,0x00,0x7F,
  0xFE,0x00,0x00,0x00,0x00,0x00,0x01,0xFF,0xF8,0x00,0x00,0x00,0x00,0x00,0x0F,0xFF,0xC0,0x00,0x00,0x00,0x00,0x00,0x3F,0xFF,
  0x00,0x00,0x00,0x00,0x00,0x01,0xFF,0xF8,0x00,0x00,0x00,0x00,0x00,0x0F,0xFF,0xE0,0x00,0x00,0x00,0x08,0x00,0x7F,0xFF,0x00,
  0x00,0x00,0x00,0x3C,0x07,0xFF,0xFC,0x00,0x00,0x00,0x01,0xFF,0xFF,0xFF,0xE0,0x00,0x00,0x00,0x07,0xFF,0xFF,0xFF,0x80,0x00,
  0x00,0x00,0x1F,0xFF,0xFF,0xFC,0x00,0x00,0x00,0x00,0xFF,0xFF,0xFF,0xE0,0x00,0x00,0x00,0x03,0xFF,0xFF,0xFF,0x80,0x00,0x00,
  0x00,0x0F,0xFF,0xFF,0xFC,0x00,0x00,0x00,0x00,0x7F,0xFF,0xFF,0xE0,0x00,0x00,0x00,0x01,0xFF,0xFF,0xFF,0x00,0x00,0x00,0x00,
  0x07,0xFF,0xFF,0xF8,0x00,0x00,0x00,0x00,0x3F,0xFF,0xFF,0xC0,0x00,0x00,0x00,0x00,0x7F,0xFF,0xFE,0x00,0x00,0x00,0x00,0x00,
  0x7F,0xFF,0xE0,0x00,0x00,0x00,0x00,0x00,0x1F,0xFC,0x00,0x00,0x00,0x00,0x00,0x00,0x00,0x00,0x00,0xFF,0xFC,0x00,0x00,0x00,
  0x00,0x00,0x00,0x00,0x03,0xFF,0xF0,0x00,0x00,0x00,0x00,0x00,0x00,0x00,0x0F,0xFF,0xC0,0x00,0x00,0x00,0x00,0x00,0x00,0x00,
  0x3F,0xFF,0x00,0x00,0x00,0x00,0x00,0x00,0x00,0x00,0xFF,0xFC,0x00,0x00,0x00,0x00,0x00,0x00,0x00,0x03,0xFF,0xF0,0x00,0x00,
  0x00,0x00,0x00,0x00,0x00,0x0F,0xFF,0xC0,0x00,0x00,0x00,0x00,0x00,0x00,0x00,0x3F,0xFF,0x00,0x00,0x00,0x00,0x00,0x00,0x03,
  0xFF,0xFF,0xFF,0xFF,0x80,0x00,0x00,0x00,0x01,0xFF,0xFF,0xFF,0xFF,0xFF,0xE0,0x00,0x00,0x00,0x1F,0xFF,0xFF,0xFF,0xFF,0xFF,
  0xF0,0x00,0x00,0x03,0xFF,0xFF,0xFF,0xFF,0xFF,0xFF,0xF0,0x00,0x00,0x1F,0xFF,0xFF,0xFF,0xFF,0xFF,0xFF,0xF0,0x00,0x01,0xFF,
  0xFF,0xFF,0xFF,0xFF,0xFF,0xFF,0xE0,0x00,0x0F,0xFF,0xFF,0xFF,0xFF,0xFF,0xFF,0xFF,0xC0,0x00,0x7F,0xFF,0xFF,0xFF,0xFF,0xFF,
  0xFF,0xFF,0x80,0x03,0xFF,0xFF,0xFF,0xFF,0xFF,0xFF,0xFF,0xFF,0x00,0x1F,0xFF,0xFF,0xFF,0xFF,0xFF,0xFF,0xFF,0xFE,0x00,0x7F,
  0xFF,0xFC,0x0F,0xFF,0xC0,0xFF,0xFF,0xFC,0x03,0xFF,0xFF,0x80,0x3F,0xFF,0x00,0x3F,0xFF,0xF8,0x1F,0xFF,0xF8,0x00,0xFF,0xFC,
  0x00,0x3F,0xFF,0xE0,0x7F,0xFF,0x80,0x03,0xFF,0xF0,0x00,0x7F,0xFF,0xC3,0xFF,0xFC,0x00,0x0F,0xFF,0xC0,0x00,0xFF,0xFF,0x0F,
  0xFF,0xF0,0x00,0x3F,0xFF,0x00,0x01,0xFF,0xFE,0x3F,0xFF,0x80,0x00,0xFF,0xFC,0x00,0x07,0xFF,0xF9,0xFF,0xFE,0x00,0x03,0xFF,
  0xF0,0x00,0x0F,0xFF,0xE7,0xFF,0xF0,0x00,0x0F,0xFF,0xC0,0x00,0x3F,0xFF,0x9F,0xFF,0xC0,0x00,0x3F,0xFF,0x00,0x00,0x7F,0xFF,
  0x7F,0xFF,0x00,0x00,0xFF,0xFC,0x00,0x01,0xFF,0xFD,0xFF,0xF8,0x00,0x03,0xFF,0xF0,0x00,0x07,0xFF,0xFF,0xFF,0xE0,0x00,0x0F,
  0xFF,0xC0,0x00,0x1F,0xFF,0xFF,0xFF,0x80,0x00,0x3F,0xFF,0x00,0x00,0x7F,0xFF,0xFF,0xFE,0x00,0x00,0xFF,0xFC,0x00,0x00,0xFF,
  0xFF,0xFF,0xF8,0x00,0x03,0xFF,0xF0,0x00,0x03,0xFF,0xFF,0xFF,0xE0,0x00,0x0F,0xFF,0xC0,0x00,0x0F,0xFF,0xFF,0xFF,0x80,0x00,
  0x3F,0xFF,0x00,0x00,0x3F,0xFF,0x7F,0xFE,0x00,0x00,0xFF,0xFC,0x00,0x01,0xFF,0xFD,0xFF,0xF8,0x00,0x03,0xFF,0xF0,0x00,0x07,
  0xFF,0xF7,0xFF,0xE0,0x00,0x0F,0xFF,0xC0,0x00,0x1F,0xFF,0xDF,0xFF,0xC0,0x00,0x3F,0xFF,0x00,0x00,0x7F,0xFF,0x7F,0xFF,0x00,
  0x00,0xFF,0xFC,0x00,0x01,0xFF,0xF9,0xFF,0xFC,0x00,0x03,0xFF,0xF0,0x00,0x0F,0xFF,0xE3,0xFF,0xF8,0x00,0x0F,0xFF,0xC0,0x00,
  0x3F,0xFF,0x8F,0xFF,0xE0,0x00,0x3F,0xFF,0x00,0x01,0xFF,0xFC,0x3F,0xFF,0xC0,0x00,0xFF,0xFC,0x00,0x07,0xFF,0xF0,0x7F,0xFF,
  0x80,0x03,0xFF,0xF0,0x00,0x3F,0xFF,0xC1,0xFF,0xFF,0x00,0x0F,0xFF,0xC0,0x01,0xFF,0xFE,0x03,0xFF,0xFE,0x00,0x3F,0xFF,0x00,
  0x1F,0xFF,0xF8,0x07,0xFF,0xFE,0x00,0xFF,0xFC,0x00,0xFF,0xFF,0xC0,0x1F,0xFF,0xFF,0x03,0xFF,0xF0,0x3F,0xFF,0xFE,0x00,0x3F,
  0xFF,0xFF,0xFF,0xFF,0xFF,0xFF,0xFF,0xF8,0x00,0x7F,0xFF,0xFF,0xFF,0xFF,0xFF,0xFF,0xFF,0xC0,0x00,0xFF,0xFF,0xFF,0xFF,0xFF,
  0xFF,0xFF,0xFE,0x00,0x01,0xFF,0xFF,0xFF,0xFF,0xFF,0xFF,0xFF,0xF0,0x00,0x03,0xFF,0xFF,0xFF,0xFF,0xFF,0xFF,0xFF,0x00,0x00,
  0x03,0xFF,0xFF,0xFF,0xFF,0xFF,0xFF,0xF8,0x00,0x00,0x07,0xFF,0xFF,0xFF,0xFF,0xFF,0xFF,0x80,0x00,0x00,0x07,0xFF,0xFF,0xFF,
  0xFF,0xFF,0xF8,0x00,0x00,0x00,0x03,0xFF,0xFF,0xFF,0xFF,0xFF,0x00,0x00,0x00,0x00,0x00,0xFF,0xFF,0xFF,0xFF,0xC0,0x00,0x00,
  0x00,0x00,0x00,0x00,0xFF,0xFC,0x00,0x00,0x00,0x00,0x00,0x00,0x00,0x03,0xFF,0xF0,0x00,0x00,0x00,0x00,0x00,0x00,0x00,0x0F,
  0xFF,0xC0,0x00,0x00,0x00,0x00,0x00,0x00,0x00,0x3F,0xFF,0x00,0x00,0x00,0x00,0x00,0x00,0x00,0x00,0xFF,0xFC,0x00,0x00,0x00,
  0x00,0x00,0x00,0x00,0x03,0xFF,0xF0,0x00,0x00,0x00,0x00,0x00,0x00,0x00,0x0F,0xFF,0xC0,0x00,0x00,0x00,0x00,0x00,0x00,0x00,
  0x3F,0xFF,0x00,0x00,0x00,0x00,0x00,0x00,0x00,0x00,0xFF,0xFC,0x00,0x00,0x00,0x00,0x00,0x00,0x00,0x03,0xFF,0xF0,0x00,0x00,
  0x00,0x00,0x3F,0xFF,0x80,0x00,0x00,0x01,0xFF,0xFC,0x1F,0xFF,0xC0,0x00,0x00,0x03,0xFF,0xF8,0x1F,0xFF,0xE0,0x00,0x00,0x03,
  0xFF,0xF8,0x0F,0xFF,0xE0,0x00,0x00,0x07,0xFF,0xF0,0x07,0xFF,0xF0,0x00,0x00,0x0F,0xFF,0xE0,0x07,0xFF,0xF0,0x00,0x00,0x0F,
  0xFF,0xE0,0x03,0xFF,0xF8,0x00,0x00,0x1F,0xFF,0xC0,0x01,0xFF,0xFC,0x00,0x00,0x3F,0xFF,0x80,0x01,0xFF,0xFC,0x00,0x00,0x3F,
  0xFF,0x80,0x00,0xFF,0xFE,0x00,0x00,0x7F,0xFF,0x00,0x00,0x7F,0xFF,0x00,0x00,0x7F,0xFF,0x00,0x00,0x7F,0xFF,0x00,0x00,0xFF,
  0xFE,0x00,0x00,0x3F,0xFF,0x80,0x01,0xFF,0xFC,0x00,0x00,0x1F,0xFF,0xC0,0x01,0xFF,0xFC,0x00,0x00,0x1F,0xFF,0xC0,0x03,0xFF,
  0xF8,0x00,0x00,0x0F,0xFF,0xE0,0x07,0xFF,0xF0,0x00,0x00,0x07,0xFF,0xE0,0x07,0xFF,0xF0,0x00,0x00,0x03,0xFF,0xF0,0x0F,0xFF,
  0xE0,0x00,0x00,0x03,0xFF,0xF8,0x1F,0xFF,0xC0,0x00,0x00,0x01,0xFF,0xF8,0x1F,0xFF,0xC0,0x00,0x00,0x00,0xFF,0xFC,0x3F,0xFF,
  0x80,0x00,0x00,0x00,0xFF,0xFE,0x3F,0xFF,0x00,0x00,0x00,0x00,0x7F,0xFE,0x7F,0xFF,0x00,0x00,0x00,0x00,0x3F,0xFF,0xFF,0xFE,
  0x00,0x00,0x00,0x00,0x3F,0xFF,0xFF,0xFE,0x00,0x00,0x00,0x00,0x1F,0xFF,0xFF,0xFC,0x00,0x00,0x00,0x00,0x0F,0xFF,0xFF,0xF8,
  0x00,0x00,0x00,0x00,0x0F,0xFF,0xFF,0xF8,0x00,0x00,0x00,0x00,0x07,0xFF,0xFF,0xF0,0x00,0x00,0x00,0x00,0x03,0xFF,0xFF,0xE0,
  0x00,0x00,0x00,0x00,0x03,0xFF,0xFF,0xE0,0x00,0x00,0x00,0x00,0x01,0xFF,0xFF,0xC0,0x00,0x00,0x00,0x00,0x01,0xFF,0xFF,0xC0,
  0x00,0x00,0x00,0x00,0x01,0xFF,0xFF,0xC0,0x00,0x00,0x00,0x00,0x03,0xFF,0xFF,0xE0,0x00,0x00,0x00,0x00,0x07,0xFF,0xFF,0xF0,
  0x00,0x00,0x00,0x00,0x07,0xFF,0xFF,0xF0,0x00,0x00,0x00,0x00,0x0F,0xFF,0xFF,0xF8,0x00,0x00,0x00,0x00,0x1F,0xFF,0xFF,0xFC,
  0x00,0x00,0x00,0x00,0x1F,0xFF,0xFF,0xFC,0x00,0x00,0x00,0x00,0x3F,0xFF,0xFF,0xFE,0x00,0x00,0x00,0x00,0x7F,0xFF,0xFF,0xFE,
  0x00,0x00,0x00,0x00,0x7F,0xFE,0x7F,0xFF,0x00,0x00,0x00,0x00,0xFF,0xFE,0x3F,0xFF,0x80,0x00,0x00,0x01,0xFF,0xFC,0x3F,0xFF,
  0x80,0x00,0x00,0x01,0xFF,0xF8,0x1F,0xFF,0xC0,0x00,0x00,0x03,0xFF,0xF8,0x0F,0xFF,0xE0,0x00,0x00,0x07,0xFF,0xF0,0x0F,0xFF,
  0xE0,0x00,0x00,0x07,0xFF,0xE0,0x07,0xFF,0xF0,0x00,0x00,0x0F,0xFF,0xE0,0x07,0xFF,0xF0,0x00,0x00,0x1F,0xFF,0xC0,0x03,0xFF,
  0xF8,0x00,0x00,0x1F,0xFF,0x80,0x01,0xFF,0xFC,0x00,0x00,0x3F,0xFF,0x80,0x01,0xFF,0xFC,0x00,0x00,0x7F,0xFF,0x00,0x00,0xFF,
  0xFE,0x00,0x00,0x7F,0xFF,0x00,0x00,0x7F,0xFF,0x00,0x00,0xFF,0xFE,0x00,0x00,0x7F,0xFF,0x00,0x01,0xFF,0xFC,0x00,0x00,0x3F,
  0xFF,0x80,0x01,0xFF,0xFC,0x00,0x00,0x3F,0xFF,0xC0,0x03,0xFF,0xF8,0x00,0x00,0x1F,0xFF,0xC0,0x07,0xFF,0xF0,0x00,0x00,0x0F,
  0xFF,0xE0,0x07,0xFF,0xF0,0x00,0x00,0x0F,0xFF,0xE0,0x0F,0xFF,0xE0,0x00,0x00,0x07,0xFF,0xF0,0x1F,0xFF,0xC0,0x00,0x00,0x03,
  0xFF,0xF8,0x1F,0xFF,0xC0,0x00,0x00,0x03,0xFF,0xF8,0x3F,0xFF,0x80,0x00,0x00,0x01,0xFF,0xFC,0x7F,0xFF,0x80,0x00,0x00,0x00,
  0xFF,0xFE,0x7F,0xFF,0x00,0x00,0x00,0x00,0xFF,0xFE,0xFF,0xFE,0x00,0x00,0x00,0x00,0x7F,0xFF,0xFF,0xFC,0x00,0x00,0x00,0x7F,
  0xFE,0x00,0x7F,0xFE,0x00,0x00,0x00,0x3F,0xFF,0x00,0x3F,0xFF,0x00,0x00,0x00,0x1F,0xFF,0x80,0x1F,0xFF,0x80,0x00,0x00,0x0F,
  0xFF,0xC0,0x0F,0xFF,0xC0,0x00,0x00,0x07,0xFF,0xE0,0x07,0xFF,0xE0,0x00,0x00,0x03,0xFF,0xF0,0x03,0xFF,0xF0,0x00,0x00,0x01,
  0xFF,0xF8,0x01,0xFF,0xF8,0x00,0x00,0x00,0xFF,0xFC,0x00,0xFF,0xFC,0x00,0x00,0x00,0x7F,0xFE,0x00,0x7F,0xFE,0x00,0x00,0x00,
  0x3F,0xFF,0x00,0x3F,0xFF,0x00,0x00,0x00,0x1F,0xFF,0x80,0x1F,0xFF,0x80,0x00,0x00,0x0F,0xFF,0xC0,0x0F,0xFF,0xC0,0x00,0x00,
  0x07,0xFF,0xE0,0x07,0xFF,0xE0,0x00,0x00,0x03,0xFF,0xF0,0x03,0xFF,0xF0,0x00,0x00,0x01,0xFF,0xF8,0x01,0xFF,0xF8,0x00,0x00,
  0x00,0xFF,0xFC,0x00,0xFF,0xFC,0x00,0x00,0x00,0x7F,0xFE,0x00,0x7F,0xFE,0x00,0x00,0x00,0x3F,0xFF,0x00,0x3F,0xFF,0x00,0x00,
  0x00,0x1F,0xFF,0x80,0x1F,0xFF,0x80,0x00,0x00,0x0F,0xFF,0xC0,0x0F,0xFF,0xC0,0x00,0x00,0x07,0xFF,0xE0,0x07,0xFF,0xE0,0x00,
  0x00,0x03,0xFF,0xF0,0x03,0xFF,0xF0,0x00,0x00,0x01,0xFF,0xF8,0x01,0xFF,0xF8,0x00,0x00,0x00,0xFF,0xFC,0x00,0xFF,0xFC,0x00,
  0x00,0x00,0x7F,0xFE,0x00,0x7F,0xFE,0x00,0x00,0x00,0x3F,0xFF,0x00,0x3F,0xFF,0x00,0x00,0x00,0x1F,0xFF,0x80,0x1F,0xFF,0x80,
  0x00,0x00,0x0F,0xFF,0xC0,0x0F,0xFF,0xC0,0x00,0x00,0x07,0xFF,0xE0,0x07,0xFF,0xE0,0x00,0x00,0x03,0xFF,0xF0,0x03,0xFF,0xF0,
  0x00,0x00,0x01,0xFF,0xF8,0x01,0xFF,0xF8,0x00,0x00,0x00,0xFF,0xFC,0x00,0xFF,0xFC,0x00,0x00,0x00,0x7F,0xFE,0x00,0x7F,0xFE,
  0x00,0x00,0x00,0x3F,0xFF,0x00,0x3F,0xFF,0x00,0x00,0x00,0x1F,0xFF,0x80,0x1F,0xFF,0x80,0x00,0x00,0x0F,0xFF,0xC0,0x0F,0xFF,
  0xC0,0x00,0x00,0x07,0xFF,0xE0,0x07,0xFF,0xE0,0x00,0x00,0x03,0xFF,0xF0,0x03,0xFF,0xF0,0x00,0x00,0x01,0xFF,0xF8,0x01,0xFF,
  0xF8,0x00,0x00,0x00,0xFF,0xFC,0x00,0xFF,0xFC,0x00,0x00,0x00,0x7F,0xFE,0x00,0x7F,0xFE,0x00,0x00,0x00,0x3F,0xFF,0x00,0x3F,
  0xFF,0x00,0x00,0x00,0x1F,0xFF,0x80,0x1F,0xFF,0x80,0x00,0x00,0x0F,0xFF,0xC0,0x0F,0xFF,0xC0,0x00,0x00,0x07,0xFF,0xE0,0x07,
  0xFF,0xE0,0x00,0x00,0x03,0xFF,0xF0,0x03,0xFF,0xF0,0x00,0x00,0x01,0xFF,0xF8,0x01,0xFF,0xF8,0x00,0x00,0x00,0xFF,0xFC,0x00,
  0xFF,0xFC,0x00,0x00,0x00,0x7F,0xFE,0x00,0x7F,0xFE,0x00,0x00,0x00,0x3F,0xFF,0x00,0x3F,0xFF,0x00,0x00,0x00,0x1F,0xFF,0x80,
  0x1F,0xFF,0x80,0x00,0x00,0x0F,0xFF,0xC0,0x0F,0xFF,0xC0,0x00,0x00,0x07,0xFF,0xE0,0x07,0xFF,0xE0,0x00,0x00,0x03,0xFF,0xF0,
  0x03,0xFF,0xF0,0x00,0x00,0x01,0xFF,0xF8,0x01,0xFF,0xF8,0x00,0x00,0x00,0xFF,0xFC,0x00,0xFF,0xFF,0xFF,0xFF,0xFF,0xFF,0xFF,
  0xFF,0xFF,0xFF,0xFF,0xFF,0xFF,0xFF,0xFF,0xFF,0xFF,0xFF,0xFF,0xFF,0xFF,0xFF,0xFF,0xFF,0xFF,0xFF,0xFF,0xFF,0xFF,0xFF,0xFF,
  0xFF,0xFF,0xFF,0xFF,0xFF,0xFF,0xFF,0xFF,0xFF,0xFF,0xFF,0xFF,0xFF,0xFF,0xFF,0xFF,0xFF,0xFF,0xFF,0xFF,0xFF,0xFF,0xFF,0xFF,
  0xFF,0xFF,0xFF,0xFF,0xFF,0xFF,0xFF,0xFF,0xFF,0xFF,0xFF,0xFF,0xFF,0xFF,0xFF,0xFF,0xFF,0xFF,0xFF,0xFF,0xFF,0xFF,0xFF,0xFF,
  0xFF,0xFF,0xFF,0xFF,0xFF,0xFF,0xFF,0xFF,0xFF,0xFF,0xFF,0xFF,0xFF,0xFF,0xFF,0xFF,0xFF,0xFF,0xF0,0x00,0x00,0x00,0x00,0x00,
  0x00,0xFF,0xF8,0x00,0x00,0x00,0x00,0x00,0x00,0x7F,0xFC,0x00,0x00,0x00,0x00,0x00,0x00,0x3F,0xFE,0x00,0x00,0x00,0x00,0x00,
  0x00,0x1F,0xFF,0x00,0x00,0x00,0x00,0x00,0x00,0x0F,0xFF,0x80,0x00,0x00,0x00,0x00,0x00,0x07,0xFF,0xC0,0x00,0x00,0x00,0x00,
  0x00,0x03,0xFF,0xE0,0x00,0x00,0x00,0x00,0x00,0x01,0xFF,0xF0,0x00,0x00,0x00,0x00,0x00,0x00,0xFF,0xF8,0x00,0x00,0x00,0x00,
  0x00,0x00,0x7F,0xFC,0x00,0x00,0x00,0x00,0x00,0x00,0x3F,0xFE,0x00,0x00,0x00,0x00,0x00,0x00,0x1F,0xFF,0x00,0x00,0x00,0x00,
  0x00,0x00,0x0F,0xFF,0x80,0x00,0x00,0x00,0x00,0x00,0x07,0xFF,0xC0,0x00,0x00,0x00,0x00,0x00,0x03,0xFF,0xE0,0x00,0x00,0x00,
  0x00,0x00,0x01,0xFF,0xF0,0x00,0x00,0x00,0x00,0x00,0x00,0xFF,0xF8,0x00,0x00,0x00,0x00,0x00,0x00,0x7F,0xFC,0x00,0x00,0x00,
  0x00,0x00,0x00,0x3F,0xFE,0x00,0x00,0x00,0x00,0x00,0x00,0x1F,0xFF,0xFF,0xFC,0x00,0x00,0x00,0x0F,0xFF,0xFF,0xFF,0x00,0x00,
  0x00,0x03,0xFF,0xFF,0xFF,0xC0,0x00,0x00,0x00,0xFF,0xFF,0xFF,0xF0,0x00,0x00,0x00,0x3F,0xFF,0xFF,0xFC,0x00,0x00,0x00,0x0F,
  0xFF,0xFF,0xFF,0x00,0x00,0x00,0x03,0xFF,0xFF,0xFF,0xC0,0x00,0x00,0x00,0xFF,0xFF,0xFF,0xF0,0x00,0x00,0x00,0x3F,0xFF,0xFF,
  0xFC,0x00,0x00,0x00,0x0F,0xFF,0xFF,0xFF,0x00,0x00,0x00,0x03,0xFF,0xFF,0xFF,0xC0,0x00,0x00,0x00,0xFF,0xFF,0xFF,0xF0,0x00,
  0x00,0x00,0x3F,0xFF,0xFF,0xFC,0x00,0x00,0x00,0x0F,0xFF,0xFF,0xFF,0x00,0x00,0x00,0x03,0xFF,0xFF,0xFF,0xC0,0x00,0x00,0x00,
  0xFF,0xFF,0xFF,0xF0,0x00,0x00,0x00,0x3F,0xFF,0xFF,0xFC,0x00,0x00,0x00,0x0F,0xFF,0xFF,0xFF,0x00,0x00,0x00,0x03,0xFF,0xFF,
  0xFF,0xC0,0x00,0x00,0x00,0xFF,0xFF,0xFF,0xF0,0x00,0x00,0x00,0x3F,0xFF,0xFF,0xFC,0x00,0x00,0x00,0x0F,0xFF,0xFF,0xFF,0x00,
  0x00,0x00,0x03,0xFF,0xFF,0xFF,0xC0,0x00,0x00,0x00,0xFF,0xFF,0xFF,0xF0,0x00,0x00,0x00,0x3F,0xFF,0xFF,0xFC,0x00,0x00,0x00,
  0x0F,0xFF,0xFF,0xFF,0x00,0x00,0x00,0x03,0xFF,0xFF,0xFF,0xC0,0x00,0x00,0x00,0xFF,0xFF,0xFF,0xF8,0x00,0x00,0x00,0x3F,0xFF,
  0x7F,0xFE,0x00,0x00,0x00,0x0F,0xFF,0xDF,0xFF,0x80,0x00,0x00,0x03,0xFF,0xF7,0xFF,0xF0,0x00,0x00,0x00,0xFF,0xFD,0xFF,0xFC,
  0x00,0x00,0x00,0x3F,0xFF,0x7F,0xFF,0x80,0x00,0x00,0x1F,0xFF,0xCF,0xFF,0xF8,0x00,0x00,0x1F,0xFF,0xF3,0xFF,0xFF,0x80,0x00,
  0xFF,0xFF,0xFC,0xFF,0xFF,0xFF,0xFF,0xFF,0xFF,0xFF,0x1F,0xFF,0xFF,0xFF,0xFF,0xFF,0xFF,0xC7,0xFF,0xFF,0xFF,0xFF,0xFF,0xFF,
  0xF0,0xFF,0xFF,0xFF,0xFF,0xFF,0xFF,0xFC,0x1F,0xFF,0xFF,0xFF,0xFF,0xFF,0xFF,0x03,0xFF,0xFF,0xFF,0xFF,0xFF,0xFF,0xC0,0x7F,
  0xFF,0xFF,0xFF,0xFF,0xFF,0xF0,0x0F,0xFF,0xFF,0xFF,0xFD,0xFF,0xFC,0x00,0xFF,0xFF,0xFF,0xF8,0x3F,0xFF,0x00,0x0F,0xFF,0xFF,
  0xE0,0x0F,0xFF,0xC0,0x00,0x3F,0xFF,0x00,0x03,0xFF,0xF0,0x00,0x00,0x00,0x00,0x00,0xFF,0xFC,0x00,0x00,0x00,0x00,0x00,0x3F,
  0xFF,0x00,0x00,0x00,0x00,0x00,0x0F,0xFF,0xC0,0x00,0x00,0x00,0x00,0x03,0xFF,0xF0,0x00,0x00,0x00,0x00,0x00,0xFF,0xFC,0x00,
  0x00,0x00,0x00,0x00,0x3F,0xFF,0x00,0x00,0x00,0x00,0x00,0x0F,0xFF,0xC0,0x00,0x00,0x00,0x00,0x03,0xFF,0xF0,0x00,0x00,0x00,
  0x00,0x00,0xFF,0xFC,0x00,0x00,0x00,0x00,0x00,0x3F,0xFF,0x00,0x00,0x00,0x00,0x00,0x0F,0xFF,0xC0,0x00,0x00,0x00,0x00,0x03,
  0xFF,0xF0,0x00,0x00,0x00,0x00,0x00,0xFF,0xFC,0x00,0x00,0x00,0x00,0x00,0x3F,0xFF,0x00,0x00,0x00,0x00,0x00,0x0F,0xFF,0xC0,
  0x00,0x00,0x00,0x00,0x03,0xFF,0xF0,0x00,0x00,0x00,0x00,0x00,0xFF,0xFC,0x00,0x00,0x00,0x00,0x00,0x3F,0xFF,0x00,0x00,0x00,
  0x00,0x00,0x0F,0xFF,0xC0,0x00,0x00,0x00,0x00,0x03,0xFF,0xF0,0x00,0x00,0x00,0x00,0x00,0xFF,0xFC,0x00,0x00,0x00,0x00,0x00,
  0x3F,0xFF,0xFF,0xF8,0x00,0x00,0x0F,0xFF,0xC0,0x00,0x00,0xFF,0xFF,0xFF,0xE0,0x00,0x00,0x3F,0xFF,0x00,0x00,0x03,0xFF,0xFF,
  0xFF,0x80,0x00,0x00,0xFF,0xFC,0x00,0x00,0x0F,0xFF,0xFF,0xFE,0x00,0x00,0x03,0xFF,0xF0,0x00,0x00,0x3F,0xFF,0xFF,0xF8,0x00,
  0x00,0x0F,0xFF,0xC0,0x00,0x00,0xFF,0xFF,0xFF,0xE0,0x00,0x00,0x3F,0xFF,0x00,0x00,0x03,0xFF,0xFF,0xFF,0x80,0x00,0x00,0xFF,
  0xFC,0x00,0x00,0x0F,0xFF,0xFF,0xFE,0x00,0x00,0x03,0xFF,0xF0,0x00,0x00,0x3F,0xFF,0xFF,0xF8,0x00,0x00,0x0F,0xFF,0xC0,0x00,
  0x00,0xFF,0xFF,0xFF,0xE0,0x00,0x00,0x3F,0xFF,0x00,0x00,0x03,0xFF,0xFF,0xFF,0x80,0x00,0x00,0xFF,0xFC,0x00,0x00,0x0F,0xFF,
  0xFF,0xFE,0x00,0x00,0x03,0xFF,0xF0,0x00,0x00,0x3F,0xFF,0xFF,0xF8,0x00,0x00,0x0F,0xFF,0xC0,0x00,0x00,0xFF,0xFF,0xFF,0xE0,
  0x00,0x00,0x3F,0xFF,0x00,0x00,0x03,0xFF,0xFF,0xFF,0x80,0x00,0x00,0xFF,0xFC,0x00,0x00,0x0F,0xFF,0xFF,0xFE,0x00,0x00,0x03,
  0xFF,0xF0,0x00,0x00,0x3F,0xFF,0xFF,0xF8,0x00,0x00,0x0F,0xFF,0xC0,0x00,0x00,0xFF,0xFF,0xFF,0xE0,0x00,0x00,0x3F,0xFF,0x00,
  0x00,0x03,0xFF,0xFF,0xFF,0x80,0x00,0x00,0xFF,0xFC,0x00,0x00,0x0F,0xFF,0xFF,0xFE,0x00,0x00,0x03,0xFF,0xF0,0x00,0x00,0x3F,
  0xFF,0xFF,0xF8,0x00,0x00,0x0F,0xFF,0xC0,0x00,0x00,0xFF,0xFF,0xFF,0xE0,0x00,0x00,0x3F,0xFF,0x00,0x00,0x03,0xFF,0xFF,0xFF,
  0x80,0x00,0x00,0xFF,0xFC,0x00,0x00,0x0F,0xFF,0xFF,0xFE,0x00,0x00,0x03,0xFF,0xF0,0x00,0x00,0x3F,0xFF,0xFF,0xF8,0x00,0x00,
  0x0F,0xFF,0xC0,0x00,0x00,0xFF,0xFF,0xFF,0xE0,0x00,0x00,0x3F,0xFF,0x00,0x00,0x03,0xFF,0xFF,0xFF,0x80,0x00,0x00,0xFF,0xFC,
  0x00,0x00,0x0F,0xFF,0xFF,0xFE,0x00,0x00,0x03,0xFF,0xF0,0x00,0x00,0x3F,0xFF,0xFF,0xF8,0x00,0x00,0x0F,0xFF,0xC0,0x00,0x00,
  0xFF,0xFF,0xFF,0xE0,0x00,0x00,0x3F,0xFF,0x00,0x00,0x03,0xFF,0xFF,0xFF,0x80,0x00,0x00,0xFF,0xFC,0x00,0x00,0x0F,0xFF,0xFF,
  0xFE,0x00,0x00,0x03,0xFF,0xF0,0x00,0x00,0x3F,0xFF,0xFF,0xF8,0x00,0x00,0x0F,0xFF,0xC0,0x00,0x00,0xFF,0xFF,0xFF,0xE0,0x00,
  0x00,0x3F,0xFF,0x00,0x00,0x03,0xFF,0xFF,0xFF,0x80,0x00,0x00,0xFF,0xFC,0x00,0x00,0x0F,0xFF,0xFF,0xFE,0x00,0x00,0x03,0xFF,
  0xF0,0x00,0x00,0x3F,0xFF,0xFF,0xF8,0x00,0x00,0x0F,0xFF,0xC0,0x00,0x00,0xFF,0xFF,0xFF,0xE0,0x00,0x00,0x3F,0xFF,0x00,0x00,
  0x03,0xFF,0xFF,0xFF,0x80,0x00,0x00,0xFF,0xFC,0x00,0x00,0x0F,0xFF,0xFF,0xFE,0x00,0x00,0x03,0xFF,0xF0,0x00,0x00,0x3F,0xFF,
  0xFF,0xF8,0x00,0x00,0x0F,0xFF,0xC0,0x00,0x00,0xFF,0xFF,0xFF,0xE0,0x00,0x00,0x3F,0xFF,0x00,0x00,0x03,0xFF,0xFF,0xFF,0x80,
  0x00,0x00,0xFF,0xFC,0x00,0x00,0x0F,0xFF,0xFF,0xFE,0x00,0x00,0x03,0xFF,0xF0,0x00,0x00,0x3F,0xFF,0xFF,0xF8,0x00,0x00,0x0F,
  0xFF,0xC0,0x00,0x00,0xFF,0xFF,0xFF,0xE0,0x00,0x00,0x3F,0xFF,0x00,0x00,0x03,0xFF,0xFF,0xFF,0x80,0x00,0x00,0xFF,0xFC,0x00,
  0x00,0x0F,0xFF,0xFF,0xFE,0x00,0x00,0x03,0xFF,0xF0,0x00,0x00,0x3F,0xFF,0xFF,0xF8,0x00,0x00,0x0F,0xFF,0xC0,0x00,0x00,0xFF,
  0xFF,0xFF,0xE0,0x00,0x00,0x3F,0xFF,0x00,0x00,0x03,0xFF,0xFF,0xFF,0x80,0x00,0x00,0xFF,0xFC,0x00,0x00,0x0F,0xFF,0xFF,0xFE,
  0x00,0x00,0x03,0xFF,0xF0,0x00,0x00,0x3F,0xFF,0xFF,0xF8,0x00,0x00,0x0F,0xFF,0xC0,0x00,0x00,0xFF,0xFF,0xFF,0xE0,0x00,0x00,
  0x3F,0xFF,0x00,0x00,0x03,0xFF,0xFF,0xFF,0x80,0x00,0x00,0xFF,0xFC,0x00,0x00,0x0F,0xFF,0xFF,0xFE,0x00,0x00,0x03,0xFF,0xF0,
  0x00,0x00,0x3F,0xFF,0xFF,0xFF,0xFF,0xFF,0xFF,0xFF,0xFF,0xFF,0xFF,0xFF,0xFF,0xFF,0xFF,0xFF,0xFF,0xFF,0xFF,0xFF,0xFF,0xFF,
  0xFF,0xFF,0xFF,0xFF,0xFF,0xFF,0xFF,0xFF,0xFF,0xFF,0xFF,0xFF,0xFF,0xFF,0xFF,0xFF,0xFF,0xFF,0xFF,0xFF,0xFF,0xFF,0xFF,0xFF,
  0xFF,0xFF,0xFF,0xFF,0xFF,0xFF,0xFF,0xFF,0xFF,0xFF,0xFF,0xFF,0xFF,0xFF,0xFF,0xFF,0xFF,0xFF,0xFF,0xFF,0xFF,0xFF,0xFF,0xFF,
  0xFF,0xFF,0xFF,0xFF,0xFF,0xFF,0xFF,0xFF,0xFF,0xFF,0xFF,0xFF,0xFF,0xFF,0xFF,0xFF,0xFF,0xFF,0xFF,0xFF,0xFF,0xFF,0xFF,0xFF,
  0xFF,0xFF,0xFF,0xFF,0xFF,0xFF,0xFF,0xFF,0xFF,0xFF,0xFF,0xFF,0xFF,0xFF,0xFF,0xFF,0xFF,0xFF,0xFF,0xFF,0xFF,0xFF,0xFF,0xFF,
  0xFF,0xFF,0xFF,0xFF,0xFF,0xFF,0xFF,0xFF,0xFF,0xFF,0xFF,0xFF,0xFF,0xFF,0xF8,0x00,0x00,0x1F,0xFF,0x80,0x00,0x03,0xFF,0xF0,
  0x07,0xFF,0xC0,0x00,0x00,0xFF,0xFC,0x00,0x00,0x1F,0xFF,0x80,0x3F,0xFE,0x00,0x00,0x07,0xFF,0xE0,0x00,0x00,0xFF,0xFC,0x01,
  0xFF,0xF0,0x00,0x00,0x3F,0xFF,0x00,0x00,0x07,0xFF,0xE0,0x0F,0xFF,0x80,0x00,0x01,0xFF,0xF8,0x00,0x00,0x3F,0xFF,0x00,0x7F,
  0xFC,0x00,0x00,0x0F,0xFF,0xC0,0x00,0x01,0xFF,0xF8,0x03,0xFF,0xE0,0x00,0x00,0x7F,0xFE,0x00,0x00,0x0F,0xFF,0xC0,0x1F,0xFF,
  0x00,0x00,0x03,0xFF,0xF0,0x00,0x00,0x7F,0xFE,0x00,0xFF,0xF8,0x00,0x00,0x1F,0xFF,0x80,0x00,0x03,0xFF,0xF0,0x07,0xFF,0xC0,
  0x00,0x00,0xFF,0xFC,0x00,0x00,0x1F,0xFF,0x80,0x3F,0xFE,0x00,0x00,0x07,0xFF,0xE0,0x00,0x00,0xFF,0xFC,0x01,0xFF,0xF0,0x00,
  0x00,0x3F,0xFF,0x00,0x00,0x07,0xFF,0xE0,0x0F,0xFF,0x80,0x00,0x01,0xFF,0xF8,0x00,0x00,0x3F,0xFF,0x00,0x7F,0xFC,0x00,0x00,
  0x0F,0xFF,0xC0,0x00,0x01,0xFF,0xF8,0x03,0xFF,0xE0,0x00,0x00,0x7F,0xFE,0x00,0x00,0x0F,0xFF,0xC0,0x1F,0xFF,0x00,0x00,0x03,
  0xFF,0xF0,0x00,0x00,0x7F,0xFE,0x00,0xFF,0xF8,0x00,0x00,0x1F,0xFF,0x80,0x00,0x03,0xFF,0xF0,0x07,0xFF,0xC0,0x00,0x00,0xFF,
  0xFC,0x00,0x00,0x1F,0xFF,0x80,0x3F,0xFE,0x00,0x00,0x07,0xFF,0xE0,0x00,0x00,0xFF,0xFC,0x01,0xFF,0xF0,0x00,0x00,0x3F,0xFF,
  0x00,0x00,0x07,0xFF,0xE0,0x0F,0xFF,0x80,0x00,0x01,0xFF,0xF8,0x00,0x00,0x3F,0xFF,0x00,0x7F,0xFC,0x00,0x00,0x0F,0xFF,0xC0,
  0x00,0x01,0xFF,0xF8,0x03,0xFF,0xE0,0x00,0x00,0x7F,0xFE,0x00,0x00,0x0F,0xFF,0xC0,0x1F,0xFF,0x00,0x00,0x03,0xFF,0xF0,0x00,
  0x00,0x7F,0xFE,0x00,0xFF,0xF8,0x00,0x00,0x1F,0xFF,0x80,0x00,0x03,0xFF,0xF0,0x07,0xFF,0xC0,0x00,0x00,0xFF,0xFC,0x00,0x00,
  0x1F,0xFF,0x80,0x3F,0xFE,0x00,0x00,0x07,0xFF,0xE0,0x00,0x00,0xFF,0xFC,0x01,0xFF,0xF0,0x00,0x00,0x3F,0xFF,0x00,0x00,0x07,
  0xFF,0xE0,0x0F,0xFF,0x80,0x00,0x01,0xFF,0xF8,0x00,0x00,0x3F,0xFF,0x00,0x7F,0xFC,0x00,0x00,0x0F,0xFF,0xC0,0x00,0x01,0xFF,
  0xF8,0x03,0xFF,0xE0,0x00,0x00,0x7F,0xFE,0x00,0x00,0x0F,0xFF,0xC0,0x1F,0xFF,0x00,0x00,0x03,0xFF,0xF0,0x00,0x00,0x7F,0xFE,
  0x00,0xFF,0xF8,0x00,0x00,0x1F,0xFF,0x80,0x00,0x03,0xFF,0xF0,0x07,0xFF,0xC0,0x00,0x00,0xFF,0xFC,0x00,0x00,0x1F,0xFF,0x80,
  0x3F,0xFE,0x00,0x00,0x07,0xFF,0xE0,0x00,0x00,0xFF,0xFC,0x01,0xFF,0xF0,0x00,0x00,0x3F,0xFF,0x00,0x00,0x07,0xFF,0xE0,0x0F,
  0xFF,0x80,0x00,0x01,0xFF,0xF8,0x00,0x00,0x3F,0xFF,0x00,0x7F,0xFC,0x00,0x00,0x0F,0xFF,0xC0,0x00,0x01,0xFF,0xF8,0x03,0xFF,
  0xE0,0x00,0x00,0x7F,0xFE,0x00,0x00,0x0F,0xFF,0xC0,0x1F,0xFF,0x00,0x00,0x03,0xFF,0xF0,0x00,0x00,0x7F,0xFE,0x00,0xFF,0xF8,
  0x00,0x00,0x1F,0xFF,0x80,0x00,0x03,0xFF,0xF0,0x07,0xFF,0xC0,0x00,0x00,0xFF,0xFC,0x00,0x00,0x1F,0xFF,0x80,0x3F,0xFE,0x00,
  0x00,0x07,0xFF,0xE0,0x00,0x00,0xFF,0xFC,0x01,0xFF,0xF0,0x00,0x00,0x3F,0xFF,0x00,0x00,0x07,0xFF,0xE0,0x0F,0xFF,0x80,0x00,
  0x01,0xFF,0xF8,0x00,0x00,0x3F,0xFF,0x00,0x7F,0xFC,0x00,0x00,0x0F,0xFF,0xC0,0x00,0x01,0xFF,0xF8,0x03,0xFF,0xE0,0x00,0x00,
  0x7F,0xFE,0x00,0x00,0x0F,0xFF,0xC0,0x1F,0xFF,0x00,0x00,0x03,0xFF,0xF0,0x00,0x00,0x7F,0xFE,0x00,0xFF,0xF8,0x00,0x00,0x1F,
  0xFF,0x80,0x00,0x03,0xFF,0xF0,0x07,0xFF,0xC0,0x00,0x00,0xFF,0xFC,0x00,0x00,0x1F,0xFF,0x80,0x3F,0xFE,0x00,0x00,0x07,0xFF,
  0xE0,0x00,0x00,0xFF,0xFC,0x01,0xFF,0xF0,0x00,0x00,0x3F,0xFF,0x00,0x00,0x07,0xFF,0xE0,0x0F,0xFF,0x80,0x00,0x01,0xFF,0xF8,
  0x00,0x00,0x3F,0xFF,0x00,0x7F,0xFC,0x00,0x00,0x0F,0xFF,0xC0,0x00,0x01,0xFF,0xF8,0x03,0xFF,0xE0,0x00,0x00,0x7F,0xFE,0x00,
  0x00,0x0F,0xFF,0xC0,0x1F,0xFF,0x00,0x00,0x03,0xFF,0xF0,0x00,0x00,0x7F,0xFE,0x00,0xFF,0xFF,0xFF,0xFF,0xFF,0xFF,0xFF,0xFF,
  0xFF,0xFF,0xFF,0xFF,0xFF,0xFF,0xFF,0xFF,0xFF,0xFF,0xFF,0xFF,0xFF,0xFF,0xFF,0xFF,0xFF,0xFF,0xFF,0xFF,0xFF,0xFF,0xFF,0xFF,
  0xFF,0xFF,0xFF,0xFF,0xFF,0xFF,0xFF,0xFF,0xFF,0xFF,0xFF,0xFF,0xFF,0xFF,0xFF,0xFF,0xFF,0xFF,0xFF,0xFF,0xFF,0xFF,0xFF,0xFF,
  0xFF,0xFF,0xFF,0xFF,0xFF,0xFF,0xFF,0xFF,0xFF,0xFF,0xFF,0xFF,0xFF,0xFF,0xFF,0xFF,0xFF,0xFF,0xFF,0xFF,0xFF,0xFF,0xFF,0xFF,
  0xFF,0xFF,0xFF,0xFF,0xFF,0xFF,0xFF,0xFF,0xFF,0xFF,0xFF,0xFF,0xFF,0xFF,0xFF,0xFF,0xFF,0xFF,0xFF,0xFF,0xFF,0xFF,0xFF,0xFF,
  0xFF,0xFF,0xFF,0xFF,0xFF,0xFF,0xFF,0xFF,0xFF,0xFF,0xFF,0xFF,0xFF,0xFF,0xFF,0xFF,0xFF,0xFF,0xFF,0xFF,0xFF,0xFF,0xFF,0xFF,
  0xFF,0xFF,0xFF,0xFF,0xFF,0xFF,0xFF,0xFF,0xFF,0xFF,0xFF,0xF0,0x00,0x00,0x00,0x00,0x00,0x00,0x00,0x00,0x00,0x07,0xFF,0x80,
  0x00,0x00,0x00,0x00,0x00,0x00,0x00,0x00,0x00,0x3F,0xFC,0x00,0x00,0x00,0x00,0x00,0x00,0x00,0x00,0x00,0x01,0xFF,0xE0,0x00,
  0x00,0x00,0x00,0x00,0x00,0x00,0x00,0x00,0x0F,0xFF,0x00,0x00,0x00,0x00,0x00,0x00,0x00,0x00,0x00,0x00,0x7F,0xF8,0x00,0x00,
  0x00,0x00,0x00,0x00,0x00,0x00,0x00,0x03,0xFF,0xC0,0x00,0x00,0x00,0x00,0x00,0x00,0x00,0x00,0x00,0x1F,0xFE,0x00,0x00,0x00,
  0x00,0x00,0x00,0x00,0x00,0x00,0x00,0xFF,0xF0,0x00,0x00,0x00,0x00,0x00,0x00,0x00,0x00,0x00,0x07,0xFF,0x80,0x00,0x00,0x00,
  0x00,0x00,0x00,0x00,0x00,0x00,0x3F,0xFC,0x00,0x00,0x00,0x00,0x00,0x00,0x00,0x00,0x00,0x01,0xFF,0xE0,0x00,0x00,0x00,0x00,
  0x00,0x00,0x00,0x00,0x00,0x0F,0xFF,0x00,0x00,0x00,0x00,0x00,0x00,0x00,0x00,0x00,0x00,0x7F,0xF8,0x00,0x00,0x00,0x00,0x00,
  0x00,0x00,0x00,0x00,0x03,0xFF,0xC0,0x00,0x00,0x00,0x00,0x00,0x00,0x00,0x00,0x00,0x1F,0xFE,0x00,0x00,0x00,0x00,0x00,0x00,
  0x00,0x00,0x00,0x00,0xFF,0xF0,0x00,0x00,0x00,0x00,0x00,0x00,0x00,0x00,0x00,0x07,0xFF,0x80,0x00,0x00,0x00,0x00,0x00,0x00,
  0x00,0x00,0x00,0x3F,0xFC,0x00,0x00,0x00,0x00,0x00,0x00,0x00,0x00,0x00,0x01,0xFF,0xE0,0x00,0x00,0x00,0x00,0x00,0x00,0x00,
  0x00,0x00,0x0F,0xFF,0xFF,0xFF,0xFF,0xFF,0xF0,0x00,0x00,0x00,0x00,0x00,0x3F,0xFF,0xFF,0xFF,0xFC,0x00,0x00,0x00,0x00,0x00,
  0x0F,0xFF,0xFF,0xFF,0xFF,0x00,0x00,0x00,0x00,0x00,0x03,0xFF,0xFF,0xFF,0xFF,0xC0,0x00,0x00,0x00,0x00,0x00,0xFF,0xFF,0xFF,
  0xFF,0xF0,0x00,0x00,0x00,0x00,0x00,0x3F,0xFF,0xFF,0xFF,0xFC,0x00,0x00,0x00,0x00,0x00,0x0F,0xFF,0xFF,0xFF,0xFF,0x00,0x00,
  0x00,0x00,0x00,0x03,0xFF,0xFF,0xFF,0xFF,0xC0,0x00,0x00,0x00,0x00,0x00,0xFF,0xFF,0xFF,0xFF,0xF0,0x00,0x00,0x00,0x00,0x00,
  0x3F,0xFF,0xFF,0xFF,0xFC,0x00,0x00,0x00,0x00,0x00,0x0F,0xFF,0xFF,0xFF,0xFF,0x00,0x00,0x00,0x00,0x00,0x00,0x00,0x00,0x0F,
  0xFF,0xC0,0x00,0x00,0x00,0x00,0x00,0x00,0x00,0x03,0xFF,0xF0,0x00,0x00,0x00,0x00,0x00,0x00,0x00,0x00,0xFF,0xFC,0x00,0x00,
  0x00,0x00,0x00,0x00,0x00,0x00,0x3F,0xFF,0x00,0x00,0x00,0x00,0x00,0x00,0x00,0x00,0x0F,0xFF,0xC0,0x00,0x00,0x00,0x00,0x00,
  0x00,0x00,0x03,0xFF,0xF0,0x00,0x00,0x00,0x00,0x00,0x00,0x00,0x00,0xFF,0xFC,0x00,0x00,0x00,0x00,0x00,0x00,0x00,0x00,0x3F,
  0xFF,0x00,0x00,0x00,0x00,0x00,0x00,0x00,0x00,0x0F,0xFF,0xC0,0x00,0x00,0x00,0x00,0x00,0x00,0x00,0x03,0xFF,0xF0,0x00,0x00,
  0x00,0x00,0x00,0x00,0x00,0x00,0xFF,0xFC,0x00,0x00,0x00,0x00,0x00,0x00,0x00,0x00,0x3F,0xFF,0x00,0x00,0x00,0x00,0x00,0x00,
  0x00,0x00,0x0F,0xFF,0xC0,0x00,0x00,0x00,0x00,0x00,0x00,0x00,0x03,0xFF,0xF0,0x00,0x00,0x00,0x00,0x00,0x00,0x00,0x00,0xFF,
  0xFC,0x00,0x00,0x00,0x00,0x00,0x00,0x00,0x00,0x3F,0xFF,0x00,0x00,0x00,0x00,0x00,0x00,0x00,0x00,0x0F,0xFF,0xFF,0xFF,0xFF,
  0xFE,0x00,0x00,0x00,0x00,0x03,0xFF,0xFF,0xFF,0xFF,0xFF,0xF8,0x00,0x00,0x00,0x00,0xFF,0xFF,0xFF,0xFF,0xFF,0xFF,0x80,0x00,
  0x00,0x00,0x3F,0xFF,0xFF,0xFF,0xFF,0xFF,0xF8,0x00,0x00,0x00,0x0F,0xFF,0xFF,0xFF,0xFF,0xFF,0xFF,0x00,0x00,0x00,0x03,0xFF,
  0xFF,0xFF,0xFF,0xFF,0xFF,0xF0,0x00,0x00,0x00,0xFF,0xFF,0xFF,0xFF,0xFF,0xFF,0xFE,0x00,0x00,0x00,0x3F,0xFF,0xFF,0xFF,0xFF,
  0xFF,0xFF,0xC0,0x00,0x00,0x0F,0xFF,0xFF,0xFF,0xFF,0xFF,0xFF,0xF0,0x00,0x00,0x03,0xFF,0xFF,0xFF,0xFF,0xFF,0xFF,0xFE,0x00,
  0x00,0x00,0xFF,0xFF,0xFF,0xFF,0xFF,0xFF,0xFF,0xC0,0x00,0x00,0x3F,0xFF,0x00,0x00,0x01,0xFF,0xFF,0xF0,0x00,0x00,0x0F,0xFF,
  0xC0,0x00,0x00,0x0F,0xFF,0xFC,0x00,0x00,0x03,0xFF,0xF0,0x00,0x00,0x00,0xFF,0xFF,0x80,0x00,0x00,0xFF,0xFC,0x00,0x00,0x00,
  0x1F,0xFF,0xE0,0x00,0x00,0x3F,0xFF,0x00,0x00,0x00,0x03,0xFF,0xF8,0x00,0x00,0x0F,0xFF,0xC0,0x00,0x00,0x00,0xFF,0xFE,0x00,
  0x00,0x03,0xFF,0xF0,0x00,0x00,0x00,0x1F,0xFF,0x80,0x00,0x00,0xFF,0xFC,0x00,0x00,0x00,0x07,0xFF,0xF0,0x00,0x00,0x3F,0xFF,
  0x00,0x00,0x00,0x01,0xFF,0xFC,0x00,0x00,0x0F,0xFF,0xC0,0x00,0x00,0x00,0x7F,0xFF,0x00,0x00,0x03,0xFF,0xF0,0x00,0x00,0x00,
  0x1F,0xFF,0xC0,0x00,0x00,0xFF,0xFC,0x00,0x00,0x00,0x07,0xFF,0xE0,0x00,0x00,0x3F,0xFF,0x00,0x00,0x00,0x01,0xFF,0xF8,0x00,
  0x00,0x0F,0xFF,0xC0,0x00,0x00,0x00,0xFF,0xFE,0x00,0x00,0x03,0xFF,0xF0,0x00,0x00,0x00,0x3F,0xFF,0x80,0x00,0x00,0xFF,0xFC,
  0x00,0x00,0x00,0x1F,0xFF,0xE0,0x00,0x00,0x3F,0xFF,0x00,0x00,0x00,0x0F,0xFF,0xF0,0x00,0x00,0x0F,0xFF,0xC0,0x00,0x00,0x0F,
  0xFF,0xFC,0x00,0x00,0x03,0xFF,0xF8,0x00,0x00,0x3F,0xFF,0xFE,0x00,0x00,0x00,0xFF,0xFF,0xFF,0xFF,0xFF,0xFF,0xFF,0x80,0x00,
  0x00,0x3F,0xFF,0xFF,0xFF,0xFF,0xFF,0xFF,0xC0,0x00,0x00,0x0F,0xFF,0xFF,0xFF,0xFF,0xFF,0xFF,0xF0,0x00,0x00,0x03,0xFF,0xFF,
  0xFF,0xFF,0xFF,0xFF,0xF8,0x00,0x00,0x00,0xFF,0xFF,0xFF,0xFF,0xFF,0xFF,0xFC,0x00,0x00,0x00,0x3F,0xFF,0xFF,0xFF,0xFF,0xFF,
  0xFE,0x00,0x00,0x00,0x0F,0xFF,0xFF,0xFF,0xFF,0xFF,0xFE,0x00,0x00,0x00,0x03,0xFF,0xFF,0xFF,0xFF,0xFF,0xFF,0x00,0x00,0x00,
  0x00,0xFF,0xFF,0xFF,0xFF,0xFF,0xFF,0x00,0x00,0x00,0x00,0x3F,0xFF,0xFF,0xFF,0xFF,0xFE,0x00,0x00,0x00,0x00,0x0F,0xFF,0xFF,
  0xFF,0xFF,0xF8,0x00,0x00,0xFF,0xFC,0x00,0x00,0x00,0x00,0x00,0x00,0x07,0xFF,0xFF,0xFF,0x80,0x00,0x00,0x00,0x00,0x00,0x00,
  0xFF,0xFF,0xFF,0xF0,0x00,0x00,0x00,0x00,0x00,0x00,0x1F,0xFF,0xFF,0xFE,0x00,0x00,0x00,0x00,0x00,0x00,0x03,0xFF,0xFF,0xFF,
  0xC0,0x00,0x00,0x00,0x00,0x00,0x00,0x7F,0xFF,0xFF,0xF8,0x00,0x00,0x00,0x00,0x00,0x00,0x0F,0xFF,0xFF,0xFF,0x00,0x00,0x00,
  0x00,0x00,0x00,0x01,0xFF,0xFF,0xFF,0xE0,0x00,0x00,0x00,0x00,0x00,0x00,0x3F,0xFF,0xFF,0xFC,0x00,0x00,0x00,0x00,0x00,0x00,
  0x07,0xFF,0xFF,0xFF,0x80,0x00,0x00,0x00,0x00,0x00,0x00,0xFF,0xFF,0xFF,0xF0,0x00,0x00,0x00,0x00,0x00,0x00,0x1F,0xFF,0xFF,
  0xFE,0x00,0x00,0x00,0x00,0x00,0x00,0x03,0xFF,0xFF,0xFF,0xC0,0x00,0x00,0x00,0x00,0x00,0x00,0x7F,0xFF,0xFF,0xF8,0x00,0x00,
  0x00,0x00,0x00,0x00,0x0F,0xFF,0xFF,0xFF,0x00,0x00,0x00,0x00,0x00,0x00,0x01,0xFF,0xFF,0xFF,0xE0,0x00,0x00,0x00,0x00,0x00,
  0x00,0x3F,0xFF,0xFF,0xFC,0x00,0x00,0x00,0x00,0x00,0x00,0x07,0xFF,0xFF,0xFF,0x80,0x00,0x00,0x00,0x00,0x00,0x00,0xFF,0xFF,
  0xFF,0xF0,0x00,0x00,0x00,0x00,0x00,0x00,0x1F,0xFF,0xFF,0xFE,0x00,0x00,0x00,0x00,0x00,0x00,0x03,0xFF,0xFF,0xFF,0xC0,0x00,
  0x00,0x00,0x00,0x00,0x00,0x7F,0xFF,0xFF,0xF8,0x00,0x00,0x00,0x00,0x00,0x00,0x0F,0xFF,0xFF,0xFF,0x00,0x00,0x00,0x00,0x00,
  0x00,0x01,0xFF,0xFF,0xFF,0xE0,0x00,0x00,0x00,0x00,0x00,0x00,0x3F,0xFF,0xFF,0xFC,0x00,0x00,0x00,0x00,0x00,0x00,0x07,0xFF,
  0xFF,0xFF,0x80,0x00,0x00,0x00,0x00,0x00,0x00,0xFF,0xFF,0xFF,0xF0,0x00,0x00,0x00,0x00,0x00,0x00,0x1F,0xFF,0xFF,0xFF,0xFF,
  0xFF,0xFF,0xE0,0x00,0x00,0x03,0xFF,0xFF,0xFF,0xFF,0xFF,0xFF,0xFF,0xC0,0x00,0x00,0x7F,0xFF,0xFF,0xFF,0xFF,0xFF,0xFF,0xFE,
  0x00,0x00,0x0F,0xFF,0xFF,0xFF,0xFF,0xFF,0xFF,0xFF,0xF0,0x00,0x01,0xFF,0xFF,0xFF,0xFF,0xFF,0xFF,0xFF,0xFF,0x80,0x00,0x3F,
  0xFF,0xFF,0xFF,0xFF,0xFF,0xFF,0xFF,0xF8,0x00,0x07,0xFF,0xFF,0xFF,0xFF,0xFF,0xFF,0xFF,0xFF,0x80,0x00,0xFF,0xFF,0xFF,0xFF,
  0xFF,0xFF,0xFF,0xFF,0xF8,0x00,0x1F,0xFF,0xFF,0xFF,0xFF,0xFF,0xFF,0xFF,0xFF,0x00,0x03,0xFF,0xFF,0xFF,0xFF,0xFF,0xFF,0xFF,
  0xFF,0xF0,0x00,0x7F,0xFF,0xFF,0xFF,0xFF,0xFF,0xFF,0xFF,0xFF,0x00,0x0F,0xFF,0xFF,0xFF,0x00,0x00,0x03,0xFF,0xFF,0xE0,0x01,
  0xFF,0xFF,0xFF,0xE0,0x00,0x00,0x0F,0xFF,0xFE,0x00,0x3F,0xFF,0xFF,0xFC,0x00,0x00,0x00,0x7F,0xFF,0xC0,0x07,0xFF,0xFF,0xFF,
  0x80,0x00,0x00,0x07,0xFF,0xF8,0x00,0xFF,0xFF,0xFF,0xF0,0x00,0x00,0x00,0x7F,0xFF,0x00,0x1F,0xFF,0xFF,0xFE,0x00,0x00,0x00,
  0x0F,0xFF,0xE0,0x03,0xFF,0xFF,0xFF,0xC0,0x00,0x00,0x00,0xFF,0xFE,0x00,0x7F,0xFF,0xFF,0xF8,0x00,0x00,0x00,0x1F,0xFF,0xC0,
  0x0F,0xFF,0xFF,0xFF,0x00,0x00,0x00,0x03,0xFF,0xF8,0x01,0xFF,0xFF,0xFF,0xE0,0x00,0x00,0x00,0x7F,0xFF,0x00,0x3F,0xFF,0xFF,
  0xFC,0x00,0x00,0x00,0x0F,0xFF,0xE0,0x07,0xFF,0xFF,0xFF,0x80,0x00,0x00,0x01,0xFF,0xFC,0x00,0xFF,0xFF,0xFF,0xF0,0x00,0x00,
  0x00,0x3F,0xFF,0x80,0x1F,0xFF,0xFF,0xFE,0x00,0x00,0x00,0x0F,0xFF,0xE0,0x03,0xFF,0xFF,0xFF,0xC0,0x00,0x00,0x01,0xFF,0xFC,
  0x00,0x7F,0xFF,0xFF,0xF8,0x00,0x00,0x00,0x7F,0xFF,0x80,0x0F,0xFF,0xFF,0xFF,0x00,0x00,0x00,0x1F,0xFF,0xE0,0x01,0xFF,0xFF,
  0xFF,0xE0,0x00,0x00,0x0F,0xFF,0xFC,0x00,0x3F,0xFF,0xFF,0xFC,0x00,0x00,0x1F,0xFF,0xFF,0x80,0x07,0xFF,0xFF,0xFF,0xFF,0xFF,
  0xFF,0xFF,0xFF,0xE0,0x00,0xFF,0xFF,0xFF,0xFF,0xFF,0xFF,0xFF,0xFF,0xF8,0x00,0x1F,0xFF,0xFF,0xFF,0xFF,0xFF,0xFF,0xFF,0xFF,
  0x00,0x03,0xFF,0xFF,0xFF,0xFF,0xFF,0xFF,0xFF,0xFF,0xC0,0x00,0x7F,0xFF,0xFF,0xFF,0xFF,0xFF,0xFF,0xFF,0xF0,0x00,0x0F,0xFF,
  0xFF,0xFF,0xFF,0xFF,0xFF,0xFF,0xFC,0x00,0x01,0xFF,0xFF,0xFF,0xFF,0xFF,0xFF,0xFF,0xFE,0x00,0x00,0x3F,0xFF,0xFF,0xFF,0xFF,
  0xFF,0xFF,0xFF,0x80,0x00,0x07,0xFF,0xFF,0xFF,0xFF,0xFF,0xFF,0xFF,0xC0,0x00,0x00,0xFF,0xFF,0xFF,0xFF,0xFF,0xFF,0xFF,0xC0,
  0x00,0x00,0x1F,0xFF,0xFF,0xFF,0xFF,0xFF,0xFF,0x80,0x00,0x00,0x03,0xFF,0xF0,0xFF,0xFC,0x00,0x00,0x00,0x00,0x00,0x07,0xFF,
  0xE0,0x00,0x00,0x00,0x00,0x00,0x3F,0xFF,0x00,0x00,0x00,0x00,0x00,0x01,0xFF,0xF8,0x00,0x00,0x00,0x00,0x00,0x0F,0xFF,0xC0,
  0x00,0x00,0x00,0x00,0x00,0x7F,0xFE,0x00,0x00,0x00,0x00,0x00,0x03,0xFF,0xF0,0x00,0x00,0x00,0x00,0x00,0x1F,0xFF,0x80,0x00,
  0x00,0x00,0x00,0x00,0xFF,0xFC,0x00,0x00,0x00,0x00,0x00,0x07,0xFF,0xE0,0x00,0x00,0x00,0x00,0x00,0x3F,0xFF,0x00,0x00,0x00,
  0x00,0x00,0x01,0xFF,0xF8,0x00,0x00,0x00,0x00,0x00,0x0F,0xFF,0xC0,0x00,0x00,0x00,0x00,0x00,0x7F,0xFE,0x00,0x00,0x00,0x00,
  0x00,0x03,0xFF,0xF0,0x00,0x00,0x00,0x00,0x00,0x1F,0xFF,0x80,0x00,0x00,0x00,0x00,0x00,0xFF,0xFC,0x00,0x00,0x00,0x00,0x00,
  0x07,0xFF,0xE0,0x00,0x00,0x00,0x00,0x00,0x3F,0xFF,0x00,0x00,0x00,0x00,0x00,0x01,0xFF,0xF8,0x00,0x00,0x00,0x00,0x00,0x0F,
  0xFF,0xC0,0x00,0x00,0x00,0x00,0x00,0x7F,0xFE,0x00,0x00,0x00,0x00,0x00,0x03,0xFF,0xF0,0x00,0x00,0x00,0x00,0x00,0x1F,0xFF,
  0x80,0x00,0x00,0x00,0x00,0x00,0xFF,0xFC,0x00,0x00,0x00,0x00,0x00,0x07,0xFF,0xE0,0x00,0x00,0x00,0x00,0x00,0x3F,0xFF,0x00,
  0x00,0x00,0x00,0x00,0x01,0xFF,0xFF,0xFF,0xFF,0xFF,0xE0,0x00,0x0F,0xFF,0xFF,0xFF,0xFF,0xFF,0xF0,0x00,0x7F,0xFF,0xFF,0xFF,
  0xFF,0xFF,0xE0,0x03,0xFF,0xFF,0xFF,0xFF,0xFF,0xFF,0xC0,0x1F,0xFF,0xFF,0xFF,0xFF,0xFF,0xFF,0x80,0xFF,0xFF,0xFF,0xFF,0xFF,
  0xFF,0xFE,0x07,0xFF,0xFF,0xFF,0xFF,0xFF,0xFF,0xF8,0x3F,0xFF,0xFF,0xFF,0xFF,0xFF,0xFF,0xE1,0xFF,0xFF,0xFF,0xFF,0xFF,0xFF,
  0xFF,0x0F,0xFF,0xFF,0xFF,0xFF,0xFF,0xFF,0xFC,0x7F,0xFF,0xFF,0xFF,0xFF,0xFF,0xFF,0xF3,0xFF,0xF0,0x00,0x00,0x0F,0xFF,0xFF,
  0x9F,0xFF,0x80,0x00,0x00,0x0F,0xFF,0xFC,0xFF,0xFC,0x00,0x00,0x00,0x1F,0xFF,0xF7,0xFF,0xE0,0x00,0x00,0x00,0x7F,0xFF,0xBF,
  0xFF,0x00,0x00,0x00,0x01,0xFF,0xFD,0xFF,0xF8,0x00,0x00,0x00,0x0F,0xFF,0xEF,0xFF,0xC0,0x00,0x00,0x00,0x3F,0xFF,0xFF,0xFE,
  0x00,0x00,0x00,0x01,0xFF,0xFF,0xFF,0xF0,0x00,0x00,0x00,0x0F,0xFF,0xFF,0xFF,0x80,0x00,0x00,0x00,0x7F,0xFF,0xFF,0xFC,0x00,
  0x00,0x00,0x03,0xFF,0xFF,0xFF,0xE0,0x00,0x00,0x00,0x1F,0xFF,0xFF,0xFF,0x00,0x00,0x00,0x00,0xFF,0xFD,0xFF,0xF8,0x00,0x00,
  0x00,0x0F,0xFF,0xEF,0xFF,0xC0,0x00,0x00,0x00,0x7F,0xFF,0x7F,0xFE,0x00,0x00,0x00,0x07,0xFF,0xFB,0xFF,0xF0,0x00,0x00,0x00,
  0x7F,0xFF,0x9F,0xFF,0x80,0x00,0x00,0x0F,0xFF,0xFC,0xFF,0xFC,0x00,0x00,0x07,0xFF,0xFF,0xE7,0xFF,0xFF,0xFF,0xFF,0xFF,0xFF,
  0xFE,0x3F,0xFF,0xFF,0xFF,0xFF,0xFF,0xFF,0xE1,0xFF,0xFF,0xFF,0xFF,0xFF,0xFF,0xFF,0x0F,0xFF,0xFF,0xFF,0xFF,0xFF,0xFF,0xF0,
  0x7F,0xFF,0xFF,0xFF,0xFF,0xFF,0xFF,0x03,0xFF,0xFF,0xFF,0xFF,0xFF,0xFF,0xF0,0x1F,0xFF,0xFF,0xFF,0xFF,0xFF,0xFE,0x00,0xFF,
  0xFF,0xFF,0xFF,0xFF,0xFF,0xE0,0x07,0xFF,0xFF,0xFF,0xFF,0xFF,0xFC,0x00,0x3F,0xFF,0xFF,0xFF,0xFF,0xFF,0x00,0x01,0xFF,0xFF,
  0xFF,0xFF,0xFF,0x80,0x00,0x00,0x00,0x00,0x01,0xFF,0xFC,0x00,0x00,0x00,0x00,0x00,0x7F,0xFF,0xFF,0x80,0x00,0x00,0x00,0x07,
  0xFF,0xFF,0xFF,0xE0,0x00,0x00,0x00,0x3F,0xFF,0xFF,0xFF,0xF0,0x00,0x00,0x01,0xFF,0xFF,0xFF,0xFF,0xF8,0x00,0x00,0x07,0xFF,
  0xFF,0xFF,0xFF,0xFC,0x00,0x00,0x3F,0xFF,0xFF,0xFF,0xFF,0xFC,0x00,0x00,0xFF,0xFF,0xFF,0xFF,0xFF,0xFC,0x00,0x03,0xFF,0xFF,
  0xFF,0xFF,0xFF,0xFC,0x00,0x0F,0xFF,0xFF,0xFF,0xFF,0xFF,0xFC,0x00,0x1F,0xFF,0xFF,0xFF,0xFF,0xFF,0xFC,0x00,0x7F,0xFF,0xFF,
  0x03,0xFF,0xFF,0xFC,0x01,0xFF,0xFF,0xE0,0x00,0x3F,0xFF,0xFC,0x03,0xFF,0xFE,0x00,0x00,0x1F,0xFF,0xF8,0x0F,0xFF,0xF8,0x00,
  0x00,0x0F,0xFF,0xF8,0x1F,0xFF,0xC0,0x00,0x00,0x0F,0xFF,0xF0,0x7F,0xFF,0x00,0x00,0x00,0x0F,0xFF,0xF0,0xFF,0xFC,0x00,0x00,
  0x00,0x0F,0xFF,0xE1,0xFF,0xF8,0x00,0x00,0x00,0x1F,0xFF,0xE0,0xFF,0xE0,0x00,0x00,0x00,0x1F,0xFF,0xC0,0x1F,0xC0,0x00,0x00,
  0x00,0x1F,0xFF,0x80,0x03,0x00,0x00,0x00,0x00,0x3F,0xFF,0x80,0x00,0x00,0x00,0x00,0x00,0x7F,0xFF,0x00,0x00,0x00,0x00,0x00,
  0x00,0x7F,0xFE,0x00,0x00,0x00,0x00,0x00,0x00,0xFF,0xFC,0x00,0x00,0x00,0x00,0x00,0x01,0xFF,0xFC,0x00,0x00,0x00,0x00,0x00,
  0x03,0xFF,0xF8,0x00,0x00,0x00,0x00,0x00,0x03,0xFF,0xF0,0x00,0x00,0x00,0x00,0x00,0x07,0xFF,0xE0,0x00,0x00,0x7F,0xFF,0xFF,
  0xFF,0xFF,0xC0,0x00,0x00,0xFF,0xFF,0xFF,0xFF,0xFF,0x80,0x00,0x01,0xFF,0xFF,0xFF,0xFF,0xFF,0x00,0x00,0x03,0xFF,0xFF,0xFF,
  0xFF,0xFE,0x00,0x00,0x07,0xFF,0xFF,0xFF,0xFF,0xFC,0x00,0x00,0x0F,0xFF,0xFF,0xFF,0xFF,0xF8,0x00,0x00,0x1F,0xFF,0xFF,0xFF,
  0xFF,0xF0,0x00,0x00,0x3F,0xFF,0xFF,0xFF,0xFF,0xE0,0x00,0x00,0x7F,0xFF,0xFF,0xFF,0xFF,0xC0,0x00,0x00,0xFF,0xFF,0xFF,0xFF,
  0xFF,0x80,0x00,0x01,0xFF,0xFF,0xFF,0xFF,0xFF,0x00,0x00,0x00,0x00,0x00,0x00,0x7F,0xFE,0x00,0x00,0x00,0x00,0x00,0x00,0xFF,
  0xFC,0x00,0x00,0x00,0x00,0x00,0x03,0xFF,0xF8,0x00,0x00,0x00,0x00,0x00,0x07,0xFF,0xF0,0x00,0x00,0x00,0x00,0x00,0x0F,0xFF,
  0xE0,0x00,0x00,0x00,0x00,0x00,0x1F,0xFF,0x80,0x0C,0x00,0x00,0x00,0x00,0x3F,0xFF,0x00,0x7C,0x00,0x00,0x00,0x00,0xFF,0xFE,
  0x07,0xF8,0x00,0x00,0x00,0x01,0xFF,0xFC,0x7F,0xF8,0x00,0x00,0x00,0x07,0xFF,0xF3,0xFF,0xF0,0x00,0x00,0x00,0x0F,0xFF,0xE7,
  0xFF,0xF0,0x00,0x00,0x00,0x3F,0xFF,0x8F,0xFF,0xF0,0x00,0x00,0x00,0xFF,0xFF,0x0F,0xFF,0xE0,0x00,0x00,0x03,0xFF,0xFE,0x1F,
  0xFF,0xF0,0x00,0x00,0x0F,0xFF,0xF8,0x1F,0xFF,0xF0,0x00,0x00,0x3F,0xFF,0xF0,0x1F,0xFF,0xF0,0x00,0x01,0xFF,0xFF,0xC0,0x3F,
  0xFF,0xFC,0x00,0x0F,0xFF,0xFF,0x00,0x3F,0xFF,0xFF,0x01,0xFF,0xFF,0xFC,0x00,0x3F,0xFF,0xFF,0xFF,0xFF,0xFF,0xF8,0x00,0x3F,
  0xFF,0xFF,0xFF,0xFF,0xFF,0xE0,0x00,0x3F,0xFF,0xFF,0xFF,0xFF,0xFF,0x80,0x00,0x3F,0xFF,0xFF,0xFF,0xFF,0xFE,0x00,0x00,0x3F,
  0xFF,0xFF,0xFF,0xFF,0xF8,0x00,0x00,0x3F,0xFF,0xFF,0xFF,0xFF,0xC0,0x00,0x00,0x3F,0xFF,0xFF,0xFF,0xFF,0x00,0x00,0x00,0x1F,
  0xFF,0xFF,0xFF,0xF8,0x00,0x00,0x00,0x0F,0xFF,0xFF,0xFF,0x80,0x00,0x00,0x00,0x03,0xFF,0xFF,0xFC,0x00,0x00,0x00,0x00,0x00,
  0x7F,0xFF,0x00,0x00,0x00,0x00,0x00,0x00,0x00,0x00,0x00,0x00,0x0F,0xFF,0xC0,0x00,0x00,0x1F,0xFF,0x80,0x00,0x00,0x00,0x1F,
  0xFF,0xFF,0x80,0x00,0x03,0xFF,0xF0,0x00,0x00,0x00,0x1F,0xFF,0xFF,0xFE,0x00,0x00,0x7F,0xFE,0x00,0x00,0x00,0x0F,0xFF,0xFF,
  0xFF,0xF0,0x00,0x0F,0xFF,0xC0,0x00,0x00,0x07,0xFF,0xFF,0xFF,0xFF,0x80,0x01,0xFF,0xF8,0x00,0x00,0x01,0xFF,0xFF,0xFF,0xFF,
  0xF8,0x00,0x3F,0xFF,0x00,0x00,0x00,0xFF,0xFF,0xFF,0xFF,0xFF,0xC0,0x07,0xFF,0xE0,0x00,0x00,0x3F,0xFF,0xFF,0xFF,0xFF,0xFC,
  0x00,0xFF,0xFC,0x00,0x00,0x0F,0xFF,0xFF,0xFF,0xFF,0xFF,0xC0,0x1F,0xFF,0x80,0x00,0x03,0xFF,0xFF,0xFF,0xFF,0xFF,0xFC,0x03,
  0xFF,0xF0,0x00,0x00,0xFF,0xFF,0xFF,0xFF,0xFF,0xFF,0xC0,0x7F,0xFE,0x00,0x00,0x1F,0xFF,0xFF,0x81,0xFF,0xFF,0xF8,0x0F,0xFF,
  0xC0,0x00,0x07,0xFF,0xFF,0x00,0x03,0xFF,0xFF,0x81,0xFF,0xF8,0x00,0x01,0xFF,0xFF,0x80,0x00,0x1F,0xFF,0xF8,0x3F,0xFF,0x00,
  0x00,0x3F,0xFF,0xE0,0x00,0x01,0xFF,0xFF,0x07,0xFF,0xE0,0x00,0x0F,0xFF,0xF8,0x00,0x00,0x1F,0xFF,0xF0,0xFF,0xFC,0x00,0x01,
  0xFF,0xFE,0x00,0x00,0x01,0xFF,0xFE,0x1F,0xFF,0x80,0x00,0x7F,0xFF,0x80,0x00,0x00,0x1F,0xFF,0xE3,0xFF,0xF0,0x00,0x0F,0xFF,
  0xE0,0x00,0x00,0x01,0xFF,0xFC,0x7F,0xFE,0x00,0x03,0xFF,0xFC,0x00,0x00,0x00,0x3F,0xFF,0xCF,0xFF,0xC0,0x00,0x7F,0xFF,0x00,
  0x00,0x00,0x03,0xFF,0xF9,0xFF,0xF8,0x00,0x0F,0xFF,0xE0,0x00,0x00,0x00,0x7F,0xFF,0x3F,0xFF,0x00,0x01,0xFF,0xF8,0x00,0x00,
  0x00,0x0F,0xFF,0xF7,0xFF,0xE0,0x00,0x7F,0xFF,0x00,0x00,0x00,0x00,0xFF,0xFE,0xFF,0xFC,0x00,0x0F,0xFF,0xE0,0x00,0x00,0x00,
  0x1F,0xFF,0xDF,0xFF,0x80,0x01,0xFF,0xFC,0x00,0x00,0x00,0x03,0xFF,0xFB,0xFF,0xF0,0x00,0x3F,0xFF,0x00,0x00,0x00,0x00,0x3F,
  0xFF,0x7F,0xFE,0x00,0x07,0xFF,0xE0,0x00,0x00,0x00,0x07,0xFF,0xFF,0xFF,0xFF,0xFF,0xFF,0xFC,0x00,0x00,0x00,0x00,0xFF,0xFF,
  0xFF,0xFF,0xFF,0xFF,0xFF,0x80,0x00,0x00,0x00,0x1F,0xFF,0xFF,0xFF,0xFF,0xFF,0xFF,0xF0,0x00,0x00,0x00,0x03,0xFF,0xFF,0xFF,
  0xFF,0xFF,0xFF,0xFE,0x00,0x00,0x00,0x00,0x7F,0xFF,0xFF,0xFF,0xFF,0xFF,0xFF,0xC0,0x00,0x00,0x00,0x0F,0xFF,0xFF,0xFF,0xFF,
  0xFF,0xFF,0xF8,0x00,0x00,0x00,0x01,0xFF,0xFF,0xFF,0xFF,0xFF,0xFF,0xFF,0x00,0x00,0x00,0x00,0x3F,0xFF,0xFF,0xFF,0xFF,0xFF,
  0xFF,0xE0,0x00,0x00,0x00,0x07,0xFF,0xFF,0xFF,0xFF,0xFF,0xFF,0xFC,0x00,0x00,0x00,0x00,0xFF,0xFF,0xFF,0xFF,0xFF,0xFF,0xFF,
  0x80,0x00,0x00,0x00,0x1F,0xFF,0xFF,0xFF,0xFF,0xFF,0xFF,0xF0,0x00,0x00,0x00,0x03,0xFF,0xFF,0xFF,0xFF,0xFF,0xFF,0xFE,0x00,
  0x00,0x00,0x00,0x7F,0xFF,0xFF,0xFC,0x00,0x1F,0xFF,0xC0,0x00,0x00,0x00,0x0F,0xFF,0xFF,0xFF,0x80,0x01,0xFF,0xF8,0x00,0x00,
  0x00,0x01,0xFF,0xFF,0xFF,0xF0,0x00,0x3F,0xFF,0x00,0x00,0x00,0x00,0x3F,0xFF,0x7F,0xFE,0x00,0x07,0xFF,0xE0,0x00,0x00,0x00,
  0x07,0xFF,0xEF,0xFF,0xC0,0x00,0xFF,0xFE,0x00,0x00,0x00,0x01,0xFF,0xFD,0xFF,0xF8,0x00,0x1F,0xFF,0xC0,0x00,0x00,0x00,0x3F,
  0xFF,0xBF,0xFF,0x00,0x03,0xFF,0xF8,0x00,0x00,0x00,0x07,0xFF,0xF7,0xFF,0xE0,0x00,0x3F,0xFF,0x80,0x00,0x00,0x01,0xFF,0xFC,
  0xFF,0xFC,0x00,0x07,0xFF,0xF0,0x00,0x00,0x00,0x3F,0xFF,0x9F,0xFF,0x80,0x00,0xFF,0xFE,0x00,0x00,0x00,0x07,0xFF,0xF3,0xFF,
  0xF0,0x00,0x0F,0xFF,0xE0,0x00,0x00,0x01,0xFF,0xFC,0x7F,0xFE,0x00,0x01,0xFF,0xFE,0x00,0x00,0x00,0x3F,0xFF,0x8F,0xFF,0xC0,
  0x00,0x3F,0xFF,0xC0,0x00,0x00,0x0F,0xFF,0xE1,0xFF,0xF8,0x00,0x03,0xFF,0xFC,0x00,0x00,0x03,0xFF,0xFC,0x3F,0xFF,0x00,0x00,
  0x7F,0xFF,0xC0,0x00,0x00,0xFF,0xFF,0x87,0xFF,0xE0,0x00,0x07,0xFF,0xFC,0x00,0x00,0x3F,0xFF,0xE0,0xFF,0xFC,0x00,0x00,0x7F,
  0xFF,0xE0,0x00,0x0F,0xFF,0xF8,0x1F,0xFF,0x80,0x00,0x0F,0xFF,0xFF,0x00,0x07,0xFF,0xFF,0x03,0xFF,0xF0,0x00,0x00,0xFF,0xFF,
  0xFC,0x0F,0xFF,0xFF,0xC0,0x7F,0xFE,0x00,0x00,0x0F,0xFF,0xFF,0xFF,0xFF,0xFF,0xF0,0x0F,0xFF,0xC0,0x00,0x00,0xFF,0xFF,0xFF,
  0xFF,0xFF,0xFC,0x01,0xFF,0xF8,0x00,0x00,0x1F,0xFF,0xFF,0xFF,0xFF,0xFF,0x00,0x3F,0xFF,0x00,0x00,0x00,0xFF,0xFF,0xFF,0xFF,
  0xFF,0xC0,0x07,0xFF,0xE0,0x00,0x00,0x0F,0xFF,0xFF,0xFF,0xFF,0xF0,0x00,0xFF,0xFC,0x00,0x00,0x00,0xFF,0xFF,0xFF,0xFF,0xFC,
  0x00,0x1F,0xFF,0x80,0x00,0x00,0x0F,0xFF,0xFF,0xFF,0xFE,0x00,0x03,0xFF,0xF0,0x00,0x00,0x00,0x7F,0xFF,0xFF,0xFF,0x80,0x00,
  0x7F,0xFE,0x00,0x00,0x00,0x03,0xFF,0xFF,0xFF,0xC0,0x00,0x0F,0xFF,0xC0,0x00,0x00,0x00,0x0F,0xFF,0xFF,0xC0,0x00,0x00,0x00,
  0x00,0x00,0x00,0x00,0x00,0x1F,0xFF,0x80,0x00,0x00,0x00,0x00,0x00,0x07,0xFF,0xFF,0xFF,0xFF,0xFE,0x00,0x00,0xFF,0xFF,0xFF,
  0xFF,0xFF,0xFC,0x00,0x0F,0xFF,0xFF,0xFF,0xFF,0xFF,0xF8,0x00,0x7F,0xFF,0xFF,0xFF,0xFF,0xFF,0xF0,0x01,0xFF,0xFF,0xFF,0xFF,
  0xFF,0xFF,0xE0,0x0F,0xFF,0xFF,0xFF,0xFF,0xFF,0xFF,0xC0,0x3F,0xFF,0xFF,0xFF,0xFF,0xFF,0xFF,0x80,0xFF,0xFF,0xFF,0xFF,0xFF,
  0xFF,0xFF,0x03,0xFF,0xFF,0xFF,0xFF,0xFF,0xFF,0xFE,0x07,0xFF,0xFF,0xFF,0xFF,0xFF,0xFF,0xFC,0x1F,0xFF,0xFF,0xFF,0xFF,0xFF,
  0xFF,0xF8,0x3F,0xFF,0xFE,0x00,0x00,0x07,0xFF,0xF0,0xFF,0xFF,0xC0,0x00,0x00,0x0F,0xFF,0xE1,0xFF,0xFF,0x00,0x00,0x00,0x1F,
  0xFF,0xC3,0xFF,0xFC,0x00,0x00,0x00,0x3F,0xFF,0x8F,0xFF,0xF0,0x00,0x00,0x00,0x7F,0xFF,0x1F,0xFF,0xC0,0x00,0x00,0x00,0xFF,
  0xFE,0x3F,0xFF,0x80,0x00,0x00,0x01,0xFF,0xFC,0x7F,0xFF,0x00,0x00,0x00,0x03,0xFF,0xF8,0xFF,0xFE,0x00,0x00,0x00,0x07,0xFF,
  0xF1,0xFF,0xFC,0x00,0x00,0x00,0x0F,0xFF,0xE3,0xFF,0xF8,0x00,0x00,0x00,0x1F,0xFF,0xC7,0xFF,0xF0,0x00,0x00,0x00,0x3F,0xFF,
  0x8F,0xFF,0xE0,0x00,0x00,0x00,0x7F,0xFF,0x1F,0xFF,0xC0,0x00,0x00,0x00,0xFF,0xFE,0x1F,0xFF,0xC0,0x00,0x00,0x01,0xFF,0xFC,
  0x3F,0xFF,0x80,0x00,0x00,0x03,0xFF,0xF8,0x7F,0xFF,0x80,0x00,0x00,0x07,0xFF,0xF0,0x7F,0xFF,0x80,0x00,0x00,0x0F,0xFF,0xE0,
  0xFF,0xFF,0x80,0x00,0x00,0x1F,0xFF,0xC0,0xFF,0xFF,0xF0,0x00,0x00,0x3F,0xFF,0x81,0xFF,0xFF,0xFF,0xFF,0xFF,0xFF,0xFF,0x01,
  0xFF,0xFF,0xFF,0xFF,0xFF,0xFF,0xFE,0x01,0xFF,0xFF,0xFF,0xFF,0xFF,0xFF,0xFC,0x01,0xFF,0xFF,0xFF,0xFF,0xFF,0xFF,0xF8,0x01,
  0xFF,0xFF,0xFF,0xFF,0xFF,0xFF,0xF0,0x01,0xFF,0xFF,0xFF,0xFF,0xFF,0xFF,0xE0,0x00,0xFF,0xFF,0xFF,0xFF,0xFF,0xFF,0xC0,0x00,
  0x7F,0xFF,0xFF,0xFF,0xFF,0xFF,0x80,0x00,0x1F,0xFF,0xFF,0xFF,0xFF,0xFF,0x00,0x00,0x7F,0xFF,0xFF,0xFF,0xFF,0xFE,0x00,0x00,
  0xFF,0xFF,0xFF,0xFF,0xFF,0xFC,0x00,0x03,0xFF,0xF8,0x00,0x03,0xFF,0xF8,0x00,0x0F,0xFF,0xF0,0x00,0x07,0xFF,0xF0,0x00,0x1F,
  0xFF,0xC0,0x00,0x0F,0xFF,0xE0,0x00,0x7F,0xFF,0x80,0x00,0x1F,0xFF,0xC0,0x01,0xFF,0xFE,0x00,0x00,0x3F,0xFF,0x80,0x03,0xFF,
  0xF8,0x00,0x00,0x7F,0xFF,0x00,0x0F,0xFF,0xF0,0x00,0x00,0xFF,0xFE,0x00,0x3F,0xFF,0xC0,0x00,0x01,0xFF,0xFC,0x00,0x7F,0xFF,
  0x00,0x00,0x03,0xFF,0xF8,0x01,0xFF,0xFE,0x00,0x00,0x07,0xFF,0xF0,0x03,0xFF,0xF8,0x00,0x00,0x0F,0xFF,0xE0,0x0F,0xFF,0xF0,
  0x00,0x00,0x1F,0xFF,0xC0,0x3F,0xFF,0xC0,0x00,0x00,0x3F,0xFF,0x80,0x7F,0xFF,0x00,0x00,0x00,0x7F,0xFF,0x01,0xFF,0xFE,0x00,
  0x00,0x00,0xFF,0xFE,0x07,0xFF,0xF8,0x00,0x00,0x01,0xFF,0xFC,0x0F,0xFF,0xF0,0x00,0x00,0x03,0xFF,0xF8,0x3F,0xFF,0xC0,0x00,
  0x00,0x07,0xFF,0xF0,0xFF,0xFF,0x00,0x00,0x00,0x0F,0xFF,0xE1,0xFF,0xFE,0x00,0x00,0x00,0x1F,0xFF,0xC7,0xFF,0xF8,0x00,0x00,
  0x00,0x3F,0xFF,0x8F,0xFF,0xF0,0x00,0x00,0x00,0x7F,0xFF,0x3F,0xFF,0xC0,0x00,0x00,0x00,0xFF,0xFE,0xFF,0xFF,0x00,0x00,0x00,
  0x01,0xFF,0xFD,0xFF,0xFE,0x00,0x00,0x00,0x03,0xFF,0xFF,0xFF,0xF8,0x00,0x00,0x00,0x07,0xFF,0xF0,0x00,0x00,0x3F,0xFE,0x00,
  0x00,0x00,0x00,0x1F,0xFF,0xFE,0x00,0x00,0x00,0x03,0xFF,0xFF,0xFE,0x00,0x00,0x00,0x7F,0xFF,0xFF,0xF8,0x00,0x00,0x0F,0xFF,
  0xFF,0xFF,0xF0,0x00,0x00,0xFF,0xFF,0xFF,0xFF,0xC0,0x00,0x0F,0xFF,0xFF,0xFF,0xFF,0x00,0x00,0xFF,0xFF,0xFF,0xFF,0xF8,0x00,
  0x07,0xFF,0xFF,0xFF,0xFF,0xE0,0x00,0x7F,0xFF,0x80,0x7F,0xFF,0x80,0x03,0xFF,0xF8,0x01,0xFF,0xFC,0x00,0x3F,0xFF,0x80,0x07,
  0xFF,0xE0,0x01,0xFF,0xF8,0x00,0x1F,0xFF,0x80,0x0F,0xFF,0xC0,0x00,0xFF,0xFC,0x00,0xFF,0xFE,0x00,0x07,0xFF,0xE0,0x03,0xFF,
  0xF0,0x00,0x3F,0xFF,0x00,0x00,0x00,0x00,0x00,0xFF,0xF8,0x00,0x00,0x00,0x00,0x07,0xFF,0xC0,0x00,0x00,0x00,0x00,0x3F,0xFE,
  0x00,0x00,0x00,0x00,0x01,0xFF,0xF0,0x00,0x00,0x00,0x00,0x0F,0xFF,0x80,0x00,0x00,0x00,0x00,0x7F,0xFC,0x00,0x00,0x0F,0xFF,
  0xFF,0xFF,0xE0,0x00,0x07,0xFF,0xFF,0xFF,0xFF,0x00,0x00,0xFF,0xFF,0xFF,0xFF,0xF8,0x00,0x1F,0xFF,0xFF,0xFF,0xFF,0xC0,0x01,
  0xFF,0xFF,0xFF,0xFF,0xFE,0x00,0x1F,0xFF,0xFF,0xFF,0xFF,0xF0,0x01,0xFF,0xFF,0xFF,0xFF,0xFF,0x80,0x1F,0xFF,0xFF,0x80,0xFF,
  0xFC,0x00,0xFF,0xFF,0x00,0x03,0xFF,0xE0,0x0F,0xFF,0xE0,0x00,0x1F,0xFF,0x00,0x7F,0xFF,0x00,0x00,0xFF,0xF8,0x07,0xFF,0xF0,
  0x00,0x07,0xFF,0xC0,0x3F,0xFF,0x80,0x00,0x7F,0xFE,0x01,0xFF,0xF8,0x00,0x03,0xFF,0xF0,0x0F,0xFF,0xC0,0x00,0x1F,0xFF,0x80,
  0x7F,0xFE,0x00,0x00,0xFF,0xFC,0x03,0xFF,0xF0,0x00,0x0F,0xFF,0xE0,0x1F,0xFF,0x80,0x00,0xFF,0xFF,0x80,0xFF,0xFE,0x00,0x07,
  0xFF,0xFC,0x07,0xFF,0xF0,0x00,0x7F,0xFF,0xE0,0x3F,0xFF,0xC0,0x07,0xFF,0xFF,0x01,0xFF,0xFF,0x00,0xFF,0xFF,0xF8,0x07,0xFF,
  0xFF,0xFF,0xFB,0xFF,0xE0,0x3F,0xFF,0xFF,0xFF,0x9F,0xFF,0xFC,0xFF,0xFF,0xFF,0xF8,0xFF,0xFF,0xE7,0xFF,0xFF,0xFF,0xC7,0xFF,
  0xFF,0x1F,0xFF,0xFF,0xFC,0x1F,0xFF,0xF8,0x7F,0xFF,0xFF,0xC0,0xFF,0xFF,0xC1,0xFF,0xFF,0xF8,0x03,0xFF,0xFE,0x07,0xFF,0xFF,
  0x80,0x0F,0xFF,0xF0,0x0F,0xFF,0xF0,0x00,0x3F,0xFF,0x00,0x0F,0xFC,0x00,0x00,0x1F,0x00,0x00,0x00,0x00,0x00,0x00,0x03,0xE0,
  0x00,0x00,0x00,0x00,0x1F,0xFF,0x00,0x00,0x00,0x00,0x3F,0xFF,0xF8,0x00,0x00,0x00,0x3F,0xFF,0xFF,0xC0,0x00,0x00,0x1F,0xFF,
  0xFF,0xFE,0x00,0x00,0x07,0xFF,0xFF,0xFF,0xF0,0x00,0x01,0xFF,0xFF,0xFF,0xFF,0x80,0x00,0x3F,0xFF,0xFF,0xFF,0xFC,0x00,0x03,
  0xFF,0xFF,0xFF,0xFF,0xE0,0x00,0x7F,0xFF,0xFF,0xFF,0xFF,0x00,0x07,0xFF,0xFF,0xFF,0xFF,0xF8,0x00,0x7F,0xFF,0xFF,0xFF,0xFF,
  0x80,0x07,0xFF,0xFF,0xFF,0xF8,0x00,0x00,0x7F,0xFF,0xFF,0xE0,0x00,0x00,0x07,0xFF,0xFF,0xC0,0x00,0x00,0x00,0x7F,0xFF,0xE0,
  0x00,0x00,0x00,0x03,0xFF,0xF0,0x00,0x00,0x00,0x00,0x3F,0xFE,0x00,0x00,0x00,0x00,0x01,0xFF,0xC0,0x00,0x00,0x00,0x00,0x1F,
  0xFC,0x00,0x00,0x00,0x00,0x00,0xFF,0xC0,0x00,0x00,0x00,0x00,0x0F,0xFC,0x00,0x00,0x00,0x00,0x00,0x7F,0xC0,0x00,0x00,0x00,
  0x00,0x03,0xFC,0x00,0x1F,0xFE,0x00,0x00,0x3F,0xE0,0x07,0xFF,0xFF,0x00,0x01,0xFF,0x01,0xFF,0xFF,0xFF,0x00,0x0F,0xF0,0x1F,
  0xFF,0xFF,0xFC,0x00,0x7F,0x83,0xFF,0xFF,0xFF,0xF8,0x07,0xFC,0x3F,0xFF,0xFF,0xFF,0xE0,0x3F,0xC3,0xFF,0xFF,0xFF,0xFF,0x81,
  0xFE,0x3F,0xFF,0xFF,0xFF,0xFE,0x0F,0xF1,0xFF,0xFF,0xFF,0xFF,0xF0,0x7F,0x9F,0xFF,0xC7,0xFF,0xFF,0xC3,0xFC,0xFF,0xE0,0x03,
  0xFF,0xFE,0x1F,0xEF,0xFC,0x00,0x07,0xFF,0xF8,0xFF,0x7F,0xC0,0x00,0x1F,0xFF,0xC7,0xFF,0xFC,0x00,0x00,0xFF,0xFF,0x3F,0xFF,
  0xC0,0x00,0x03,0xFF,0xF9,0xFF,0xFE,0x00,0x00,0x1F,0xFF,0xCF,0xFF,0xE0,0x00,0x00,0x7F,0xFE,0xFF,0xFF,0x00,0x00,0x03,0xFF,
  0xFF,0xFF,0xF8,0x00,0x00,0x1F,0xFF,0xFF,0xFF,0x80,0x00,0x00,0x7F,0xFE,0xFF,0xFC,0x00,0x00,0x03,0xFF,0xF7,0xFF,0xE0,0x00,
  0x00,0x1F,0xFF,0xBF,0xFF,0x00,0x00,0x00,0xFF,0xFD,0xFF,0xF8,0x00,0x00,0x07,0xFF,0xEF,0xFF,0xC0,0x00,0x00,0x3F,0xFF,0x7F,
  0xFE,0x00,0x00,0x01,0xFF,0xFB,0xFF,0xF0,0x00,0x00,0x0F,0xFF,0xDF,0xFF,0x80,0x00,0x00,0x7F,0xFE,0xFF,0xFC,0x00,0x00,0x03,
  0xFF,0xF7,0xFF,0xE0,0x00,0x00,0x1F,0xFF,0x9F,0xFF,0x00,0x00,0x00,0xFF,0xFC,0xFF,0xFC,0x00,0x00,0x0F,0xFF,0xE7,0xFF,0xE0,
  0x00,0x00,0x7F,0xFF,0x3F,0xFF,0x00,0x00,0x03,0xFF,0xF0,0xFF,0xF8,0x00,0x00,0x3F,0xFF,0x87,0xFF,0xE0,0x00,0x01,0xFF,0xFC,
  0x3F,0xFF,0x80,0x00,0x1F,0xFF,0xC0,0xFF,0xFC,0x00,0x00,0xFF,0xFE,0x07,0xFF,0xF0,0x00,0x1F,0xFF,0xF0,0x1F,0xFF,0xE0,0x01,
  0xFF,0xFF,0x00,0x7F,0xFF,0xF0,0xFF,0xFF,0xF0,0x03,0xFF,0xFF,0xFF,0xFF,0xFF,0x80,0x0F,0xFF,0xFF,0xFF,0xFF,0xF8,0x00,0x3F,
  0xFF,0xFF,0xFF,0xFF,0x80,0x00,0xFF,0xFF,0xFF,0xFF,0xF8,0x00,0x03,0xFF,0xFF,0xFF,0xFF,0x00,0x00,0x07,0xFF,0xFF,0xFF,0xF0,
  0x00,0x00,0x0F,0xFF,0xFF,0xFE,0x00,0x00,0x00,0x1F,0xFF,0xFF,0x80,0x00,0x00,0x00,0x0F,0xFF,0xC0,0x00,0x00,0xFF,0xFF,0xFF,
  0xFF,0xC0,0x00,0x3F,0xFF,0xFF,0xFF,0xFF,0x80,0x0F,0xFF,0xFF,0xFF,0xFF,0xF8,0x03,0xFF,0xFF,0xFF,0xFF,0xFF,0x80,0xFF,0xFF,
  0xFF,0xFF,0xFF,0xF8,0x3F,0xFF,0xFF,0xFF,0xFF,0xFF,0x0F,0xFF,0xFF,0xFF,0xFF,0xFF,0xE3,0xFF,0xFF,0xFF,0xFF,0xFF,0xF8,0xFF,
  0xFF,0xFF,0xFF,0xFF,0xFF,0x3F,0xFF,0x00,0x00,0x7F,0xFF,0xCF,0xFF,0xC0,0x00,0x07,0xFF,0xF3,0xFF,0xF0,0x00,0x01,0xFF,0xFE,
  0xFF,0xFC,0x00,0x00,0x3F,0xFF,0xBF,0xFF,0x00,0x00,0x0F,0xFF,0xEF,0xFF,0xC0,0x00,0x03,0xFF,0xF3,0xFF,0xF0,0x00,0x00,0xFF,
  0xFC,0xFF,0xFC,0x00,0x00,0x3F,0xFF,0x3F,0xFF,0x00,0x00,0x0F,0xFF,0xCF,0xFF,0xC0,0x00,0x07,0xFF,0xE3,0xFF,0xF0,0x00,0x03,
  0xFF,0xF0,0xFF,0xFC,0x00,0x07,0xFF,0xFC,0x3F,0xFF,0xFF,0xFF,0xFF,0xFC,0x0F,0xFF,0xFF,0xFF,0xFF,0xFE,0x03,0xFF,0xFF,0xFF,
  0xFF,0xFE,0x00,0xFF,0xFF,0xFF,0xFF,0xF8,0x00,0x3F,0xFF,0xFF,0xFF,0xFF,0xC0,0x0F,0xFF,0xFF,0xFF,0xFF,0xFE,0x03,0xFF,0xFF,
  0xFF,0xFF,0xFF,0xE0,0xFF,0xFF,0xFF,0xFF,0xFF,0xFC,0x3F,0xFF,0x00,0x07,0xFF,0xFF,0x8F,0xFF,0xC0,0x00,0x0F,0xFF,0xF3,0xFF,
  0xF0,0x00,0x00,0xFF,0xFE,0xFF,0xFC,0x00,0x00,0x1F,0xFF,0xBF,0xFF,0x00,0x00,0x07,0xFF,0xFF,0xFF,0xC0,0x00,0x00,0xFF,0xFF,
  0xFF,0xF0,0x00,0x00,0x3F,0xFF,0xFF,0xFC,0x00,0x00,0x0F,0xFF,0xFF,0xFF,0x00,0x00,0x03,0xFF,0xFF,0xFF,0xC0,0x00,0x00,0xFF,
  0xFF,0xFF,0xF0,0x00,0x00,0x3F,0xFF,0xFF,0xFC,0x00,0x00,0x1F,0xFF,0xFF,0xFF,0x00,0x00,0x0F,0xFF,0xEF,0xFF,0xC0,0x00,0x0F,
  0xFF,0xFB,0xFF,0xFF,0xFF,0xFF,0xFF,0xFE,0xFF,0xFF,0xFF,0xFF,0xFF,0xFF,0x3F,0xFF,0xFF,0xFF,0xFF,0xFF,0x8F,0xFF,0xFF,0xFF,
  0xFF,0xFF,0xE3,0xFF,0xFF,0xFF,0xFF,0xFF,0xE0,0xFF,0xFF,0xFF,0xFF,0xFF,0xF0,0x3F,0xFF,0xFF,0xFF,0xFF,0xF0,0x0F,0xFF,0xFF,
  0xFF,0xFF,0xF0,0x03,0xFF,0xFF,0xFF,0xFF,0x80,0x00,0xFF,0xFF,0xFF,0xFF,0xFF,0xFF,0xFF,0xFF,0xFF,0xFF,0xFF,0xFF,0xFF,0xFF,
  0xFF,0xFF,0xFF,0xFF,0xFF,0xFF,0xFF,0xFF,0xFF,0xFF,0xFF,0xFF,0xFF,0xFF,0xFF,0xFF,0xFF,0xFF,0xFF,0xFF,0xFF,0xFF,0xFF,0xFC,
  0x00,0x00,0xFF,0xFC,0x00,0x00,0xFF,0xFC,0x00,0x00,0xFF,0xFC,0x00,0x00,0xFF,0xFC,0x00,0x00,0xFF,0xFC,0x00,0x00,0xFF,0xFC,
  0x00,0x00,0xFF,0xFC,0x00,0x00,0xFF,0xFC,0x00,0x00,0xFF,0xFC,0x00,0x00,0xFF,0xFC,0x00,0x00,0xFF,0xFC,0x00,0x00,0xFF,0xFC,
  0x00,0x00,0xFF,0xFC,0x00,0x00,0xFF,0xFC,0x00,0x00,0xFF,0xFC,0x00,0x00,0xFF,0xFC,0x00,0x00,0xFF,0xFC,0x00,0x00,0xFF,0xFC,
  0x00,0x00,0xFF,0xFC,0x00,0x00,0xFF,0xFC,0x00,0x00,0xFF,0xFC,0x00,0x00,0xFF,0xFC,0x00,0x00,0xFF,0xFC,0x00,0x00,0xFF,0xFC,
  0x00,0x00,0xFF,0xFC,0x00,0x00,0xFF,0xFC,0x00,0x00,0xFF,0xFC,0x00,0x00,0xFF,0xFC,0x00,0x00,0xFF,0xFC,0x00,0x00,0xFF,0xFC,
  0x00,0x00,0xFF,0xFC,0x00,0x00,0xFF,0xFC,0x00,0x00,0xFF,0xFC,0x00,0x00,0xFF,0xFC,0x00,0x00,0xFF,0xFC,0x00,0x00,0xFF,0xFC,
  0x00,0x00,0xFF,0xFC,0x00,0x00,0xFF,0xFC,0x00,0x00,0xFF,0xFC,0x00,0x00,0xFF,0xFC,0x00,0x00,0xFF,0xFC,0x00,0x00,0xFF,0xFC,
  0x00,0x00,0x00,0x00,0xFF,0xFF,0xFF,0xFF,0xF8,0x00,0x00,0x0F,0xFF,0xFF,0xFF,0xFF,0x80,0x00,0x00,0xFF,0xFF,0xFF,0xFF,0xF8,
  0x00,0x00,0x0F,0xFF,0xFF,0xFF,0xFF,0x80,0x00,0x00,0xFF,0xFF,0xFF,0xFF,0xF8,0x00,0x00,0x0F,0xFF,0xFF,0xFF,0xFF,0x80,0x00,
  0x00,0xFF,0xFF,0xFF,0xFF,0xF8,0x00,0x00,0x1F,0xFF,0xFF,0xFF,0xFF,0x80,0x00,0x01,0xFF,0xFF,0xFF,0xFF,0xF8,0x00,0x00,0x1F,
  0xFF,0x00,0x1F,0xFF,0x80,0x00,0x01,0xFF,0xF0,0x01,0xFF,0xF8,0x00,0x00,0x1F,0xFF,0x00,0x1F,0xFF,0x80,0x00,0x01,0xFF,0xF0,
  0x01,0xFF,0xF8,0x00,0x00,0x3F,0xFE,0x00,0x1F,0xFF,0x80,0x00,0x03,0xFF,0xE0,0x01,0xFF,0xF8,0x00,0x00,0x3F,0xFE,0x00,0x1F,
  0xFF,0x80,0x00,0x03,0xFF,0xE0,0x01,0xFF,0xF8,0x00,0x00,0x3F,0xFE,0x00,0x1F,0xFF,0x80,0x00,0x03,0xFF,0xE0,0x01,0xFF,0xF8,
  0x00,0x00,0x7F,0xFC,0x00,0x1F,0xFF,0x80,0x00,0x07,0xFF,0xC0,0x01,0xFF,0xF8,0x00,0x00,0x7F,0xFC,0x00,0x1F,0xFF,0x80,0x00,
  0x07,0xFF,0xC0,0x01,0xFF,0xF8,0x00,0x00,0x7F,0xFC,0x00,0x1F,0xFF,0x80,0x00,0x0F,0xFF,0x80,0x01,0xFF,0xF8,0x00,0x00,0xFF,
  0xF8,0x00,0x1F,0xFF,0x80,0x00,0x0F,0xFF,0x80,0x01,0xFF,0xF8,0x00,0x00,0xFF,0xF8,0x00,0x1F,0xFF,0x80,0x00,0x1F,0xFF,0x80,
  0x01,0xFF,0xF8,0x00,0x01,0xFF,0xF0,0x00,0x1F,0xFF,0x80,0x00,0x1F,0xFF,0x00,0x01,0xFF,0xF8,0x00,0x03,0xFF,0xF0,0x00,0x1F,
  0xFF,0x80,0x00,0x3F,0xFF,0x00,0x01,0xFF,0xF8,0x00,0x03,0xFF,0xE0,0x00,0x1F,0xFF,0x80,0x00,0x3F,0xFE,0x00,0x01,0xFF,0xF8,
  0x00,0x07,0xFF,0xE0,0x00,0x1F,0xFF,0x80,0x00,0x7F,0xFC,0x00,0x01,0xFF,0xF8,0x00,0x0F,0xFF,0xC0,0x00,0x1F,0xFF,0x80,0x00,
  0xFF,0xFC,0x00,0x01,0xFF,0xF8,0x00,0x1F,0xFF,0x80,0x00,0x1F,0xFF,0x80,0x01,0xFF,0xF8,0x00,0x01,0xFF,0xF8,0x00,0x3F,0xFF,
  0x00,0x00,0x1F,0xFF,0x80,0x03,0xFF,0xF0,0x00,0x01,0xFF,0xF8,0x0F,0xFF,0xFF,0xFF,0xFF,0xFF,0xFF,0xFF,0xFF,0xFF,0xFF,0xFF,
  0xFF,0xFF,0xFF,0xFF,0xFF,0xFF,0xFF,0xFF,0xFF,0xFF,0xFF,0xFF,0xFF,0xFF,0xFF,0xFF,0xFF,0xFF,0xFF,0xFF,0xFF,0xFF,0xFF,0xFF,
  0xFF,0xFF,0xFF,0xFF,0xFF,0xFF,0xFF,0xFF,0xFF,0xFF,0xFF,0xFF,0xFF,0xFF,0xFF,0xFF,0xFF,0xFF,0xFF,0xFF,0xFF,0xFF,0xFF,0xFF,
  0xFF,0xFF,0xFF,0xFF,0xFF,0xFF,0xFF,0xFF,0xFF,0xF0,0x00,0x00,0x00,0x00,0xFF,0xFF,0xFF,0x00,0x00,0x00,0x00,0x0F,0xFF,0xFF,
  0xF0,0x00,0x00,0x00,0x00,0xFF,0xFF,0xFF,0x00,0x00,0x00,0x00,0x0F,0xFF,0xFF,0xF0,0x00,0x00,0x00,0x00,0xFF,0xFF,0xFF,0x00,
  0x00,0x00,0x00,0x0F,0xFF,0xFF,0xF0,0x00,0x00,0x00,0x00,0xFF,0xFF,0xFF,0x00,0x00,0x00,0x00,0x0F,0xFF,0xFF,0xF0,0x00,0x00,
  0x00,0x00,0xFF,0xFF,0xFF,0x00,0x00,0x00,0x00,0x0F,0xFF,0xFF,0xF0,0x00,0x00,0x00,0x00,0xFF,0xFF,0xFF,0x00,0x00,0x00,0x00,
  0x0F,0xFF,0xFF,0xF0,0x00,0x00,0x00,0x00,0xFF,0xFF,0xFF,0x00,0x00,0x00,0x00,0x0F,0xFF,0xFF,0xF0,0x00,0x00,0x00,0x00,0xFF,
  0xFF,0xFF,0x00,0x00,0x00,0x00,0x0F,0xFF,0xFF,0xF0,0x00,0x00,0x00,0x00,0xFF,0xFF,0xFF,0x00,0x00,0x00,0x00,0x0F,0xFF,0xFF,
  0xF0,0x00,0x00,0x00,0x00,0xFF,0xFF,0xFF,0x00,0x00,0x00,0x00,0x0F,0xFF,0x00,0x00,0x3F,0xFC,0x00,0x00,0x00,0x01,0xFF,0xFF,
  0xC0,0x00,0x00,0x0F,0xFF,0xFF,0xF0,0x00,0x00,0x3F,0xFF,0xFF,0xFC,0x00,0x00,0x7F,0xFF,0xFF,0xFE,0x00,0x00,0xFF,0xFF,0xFF,
  0xFF,0x00,0x01,0xFF,0xFF,0xFF,0xFF,0x80,0x03,0xFF,0xFF,0xFF,0xFF,0xC0,0x07,0xFF,0xFF,0xFF,0xFF,0xE0,0x0F,0xFF,0xF0,0x0F,
  0xFF,0xE0,0x0F,0xFF,0xC0,0x03,0xFF,0xF0,0x1F,0xFF,0x80,0x01,0xFF,0xF0,0x1F,0xFF,0x80,0x00,0xFF,0xF8,0x3F,0xFF,0x00,0x00,
  0x7F,0xF8,0x3F,0xFF,0x00,0x00,0x7F,0xFC,0x7F,0xFE,0x00,0x00,0x7F,0xFC,0x7F,0xFE,0x00,0x00,0x3F,0xFC,0x7F,0xFE,0x00,0x00,
  0x3F,0xFC,0x7F,0xFC,0x00,0x00,0x3F,0xFE,0xFF,0xFC,0x00,0x00,0x3F,0xFE,0xFF,0xFC,0x00,0x00,0x3F,0xFE,0xFF,0xFF,0xFF,0xFF,
  0xFF,0xFE,0xFF,0xFF,0xFF,0xFF,0xFF,0xFE,0xFF,0xFF,0xFF,0xFF,0xFF,0xFE,0xFF,0xFF,0xFF,0xFF,0xFF,0xFF,0xFF,0xFF,0xFF,0xFF,
  0xFF,0xFF,0xFF,0xFF,0xFF,0xFF,0xFF,0xFF,0xFF,0xFF,0xFF,0xFF,0xFF,0xFF,0xFF,0xFF,0xFF,0xFF,0xFF,0xFF,0xFF,0xFF,0xFF,0xFF,
  0xFF,0xFE,0xFF,0xFC,0x00,0x00,0x00,0x00,0xFF,0xFC,0x00,0x00,0x00,0x00,0xFF,0xFC,0x00,0x00,0x00,0x00,0xFF,0xFC,0x00,0x00,
  0x00,0x00,0xFF,0xFE,0x00,0x00,0x00,0x00,0x7F,0xFE,0x00,0x00,0x00,0x00,0x7F,0xFE,0x00,0x00,0x00,0x00,0x7F,0xFE,0x00,0x00,
  0x00,0x00,0x7F,0xFF,0x00,0x00,0x00,0x00,0x3F,0xFF,0x00,0x00,0x3F,0x80,0x3F,0xFF,0x80,0x00,0x7F,0xFE,0x1F,0xFF,0x80,0x00,
  0x7F,0xFC,0x1F,0xFF,0xC0,0x00,0xFF,0xFC,0x0F,0xFF,0xF0,0x01,0xFF,0xF8,0x0F,0xFF,0xFC,0x0F,0xFF,0xF8,0x07,0xFF,0xFF,0xFF,
  0xFF,0xF0,0x03,0xFF,0xFF,0xFF,0xFF,0xE0,0x01,0xFF,0xFF,0xFF,0xFF,0xC0,0x00,0xFF,0xFF,0xFF,0xFF,0x80,0x00,0x7F,0xFF,0xFF,
  0xFF,0x00,0x00,0x3F,0xFF,0xFF,0xFE,0x00,0x00,0x0F,0xFF,0xFF,0xF8,0x00,0x00,0x03,0xFF,0xFF,0xC0,0x00,0x00,0x00,0x3F,0xFC,
  0x00,0x00,0x7F,0xFC,0x00,0x03,0xFF,0xC0,0x00,0x3F,0xFE,0x7F,0xFE,0x00,0x03,0xFF,0xC0,0x00,0x7F,0xFE,0x3F,0xFE,0x00,0x03,
  0xFF,0xC0,0x00,0x7F,0xFC,0x1F,0xFF,0x00,0x03,0xFF,0xC0,0x00,0xFF,0xFC,0x1F,0xFF,0x00,0x03,0xFF,0xC0,0x00,0xFF,0xF8,0x0F,
  0xFF,0x80,0x03,0xFF,0xC0,0x01,0xFF,0xF0,0x0F,0xFF,0x80,0x03,0xFF,0xC0,0x01,0xFF,0xF0,0x07,0xFF,0xC0,0x03,0xFF,0xC0,0x03,
  0xFF,0xE0,0x07,0xFF,0xE0,0x03,0xFF,0xC0,0x03,0xFF,0xE0,0x03,0xFF,0xE0,0x03,0xFF,0xC0,0x07,0xFF,0xC0,0x01,0xFF,0xF0,0x03,
  0xFF,0xC0,0x07,0xFF,0xC0,0x01,0xFF,0xF0,0x03,0xFF,0xC0,0x0F,0xFF,0x80,0x00,0xFF,0xF8,0x03,0xFF,0xC0,0x0F,0xFF,0x00,0x00,
  0xFF,0xF8,0x03,0xFF,0xC0,0x1F,0xFF,0x00,0x00,0x7F,0xFC,0x03,0xFF,0xC0,0x3F,0xFE,0x00,0x00,0x7F,0xFC,0x03,0xFF,0xC0,0x3F,
  0xFE,0x00,0x00,0x3F,0xFE,0x03,0xFF,0xC0,0x7F,0xFC,0x00,0x00,0x1F,0xFE,0x03,0xFF,0xC0,0x7F,0xFC,0x00,0x00,0x1F,0xFF,0x03,
  0xFF,0xC0,0xFF,0xF8,0x00,0x00,0x0F,0xFF,0x83,0xFF,0xC1,0xFF,0xF0,0x00,0x00,0x0F,0xFF,0xC3,0xFF,0xC1,0xFF,0xF0,0x00,0x00,
  0x07,0xFF,0xE3,0xFF,0xC3,0xFF,0xE0,0x00,0x00,0x03,0xFF,0xFB,0xFF,0xDF,0xFF,0xE0,0x00,0x00,0x03,0xFF,0xFF,0xFF,0xFF,0xFF,
  0xC0,0x00,0x00,0x01,0xFF,0xFF,0xFF,0xFF,0xFF,0x80,0x00,0x00,0x01,0xFF,0xFF,0xFF,0xFF,0xFF,0x80,0x00,0x00,0x03,0xFF,0xFF,
  0xFF,0xFF,0xFF,0xC0,0x00,0x00,0x03,0xFF,0xFF,0xFF,0xFF,0xFF,0xC0,0x00,0x00,0x07,0xFF,0xFF,0xFF,0xFF,0xFF,0xE0,0x00,0x00,
  0x07,0xFF,0xFF,0xFF,0xFF,0xFF,0xE0,0x00,0x00,0x0F,0xFF,0x83,0xFF,0xC1,0xFF,0xF0,0x00,0x00,0x0F,0xFF,0x03,0xFF,0xC0,0xFF,
  0xF8,0x00,0x00,0x1F,0xFF,0x03,0xFF,0xC0,0xFF,0xF8,0x00,0x00,0x3F,0xFE,0x03,0xFF,0xC0,0x7F,0xFC,0x00,0x00,0x3F,0xFE,0x03,
  0xFF,0xC0,0x7F,0xFC,0x00,0x00,0x7F,0xFE,0x03,0xFF,0xC0,0x3F,0xFE,0x00,0x00,0x7F,0xFC,0x03,0xFF,0xC0,0x3F,0xFE,0x00,0x00,
  0xFF,0xFC,0x03,0xFF,0xC0,0x1F,0xFF,0x00,0x00,0xFF,0xF8,0x03,0xFF,0xC0,0x1F,0xFF,0x80,0x01,0xFF,0xF8,0x03,0xFF,0xC0,0x0F,
  0xFF,0x80,0x01,0xFF,0xF0,0x03,0xFF,0xC0,0x0F,0xFF,0xC0,0x03,0xFF,0xF0,0x03,0xFF,0xC0,0x07,0xFF,0xC0,0x07,0xFF,0xE0,0x03,
  0xFF,0xC0,0x07,0xFF,0xE0,0x07,0xFF,0xE0,0x03,0xFF,0xC0,0x03,0xFF,0xE0,0x0F,0xFF,0xC0,0x03,0xFF,0xC0,0x03,0xFF,0xF0,0x0F,
  0xFF,0xC0,0x03,0xFF,0xC0,0x03,0xFF,0xF0,0x1F,0xFF,0x80,0x03,0xFF,0xC0,0x01,0xFF,0xF8,0x1F,0xFF,0x80,0x03,0xFF,0xC0,0x01,
  0xFF,0xFC,0x3F,0xFF,0x00,0x03,0xFF,0xC0,0x00,0xFF,0xFC,0x7F,0xFF,0x00,0x03,0xFF,0xC0,0x00,0xFF,0xFE,0x7F,0xFE,0x00,0x03,
  0xFF,0xC0,0x00,0x7F,0xFE,0xFF,0xFE,0x00,0x03,0xFF,0xC0,0x00,0x7F,0xFF,0x00,0x00,0xFF,0xF0,0x00,0x00,0x01,0xFF,0xFF,0xE0,
  0x00,0x00,0xFF,0xFF,0xFF,0x00,0x00,0x7F,0xFF,0xFF,0xF8,0x00,0x1F,0xFF,0xFF,0xFF,0x80,0x0F,0xFF,0xFF,0xFF,0xF8,0x03,0xFF,
  0xFF,0xFF,0xFF,0x80,0x7F,0xFF,0xFF,0xFF,0xF8,0x1F,0xFF,0xFF,0xFF,0xFF,0x07,0xFF,0xF0,0x0F,0xFF,0xF0,0xFF,0xF8,0x00,0x7F,
  0xFE,0x1F,0xFE,0x00,0x0F,0xFF,0xC7,0xFF,0x80,0x00,0xFF,0xF8,0xFF,0xF0,0x00,0x1F,0xFF,0x1F,0xFE,0x00,0x03,0xFF,0xE0,0x1F,
  0x80,0x00,0x7F,0xFC,0x00,0x00,0x00,0x0F,0xFF,0x80,0x00,0x00,0x01,0xFF,0xF0,0x00,0x00,0x00,0x7F,0xFC,0x00,0x00,0x00,0x1F,
  0xFF,0x80,0x00,0x00,0x0F,0xFF,0xE0,0x00,0x00,0x0F,0xFF,0xF8,0x00,0x00,0x7F,0xFF,0xFE,0x00,0x00,0x0F,0xFF,0xFF,0x80,0x00,
  0x01,0xFF,0xFF,0xC0,0x00,0x00,0x3F,0xFF,0xC0,0x00,0x00,0x07,0xFF,0xFC,0x00,0x00,0x00,0xFF,0xFF,0xF0,0x00,0x00,0x1F,0xFF,
  0xFF,0x80,0x00,0x03,0xFF,0xFF,0xF8,0x00,0x00,0x7F,0xFF,0xFF,0xC0,0x00,0x00,0x0F,0xFF,0xF8,0x00,0x00,0x00,0x3F,0xFF,0x80,
  0x00,0x00,0x03,0xFF,0xF8,0x00,0x00,0x00,0x3F,0xFF,0x00,0x00,0x00,0x07,0xFF,0xF0,0x00,0x00,0x00,0x7F,0xFE,0x01,0xC0,0x00,
  0x0F,0xFF,0xC7,0xFC,0x00,0x01,0xFF,0xFF,0xFF,0x80,0x00,0x3F,0xFF,0xFF,0xF8,0x00,0x0F,0xFF,0xFF,0xFF,0x00,0x01,0xFF,0xFD,
  0xFF,0xF0,0x00,0x7F,0xFF,0x3F,0xFF,0x80,0x1F,0xFF,0xE3,0xFF,0xFC,0x0F,0xFF,0xFC,0x7F,0xFF,0xFF,0xFF,0xFF,0x07,0xFF,0xFF,
  0xFF,0xFF,0xE0,0x7F,0xFF,0xFF,0xFF,0xF8,0x07,0xFF,0xFF,0xFF,0xFE,0x00,0x7F,0xFF,0xFF,0xFF,0x80,0x07,0xFF,0xFF,0xFF,0xC0,
  0x00,0x3F,0xFF,0xFF,0xE0,0x00,0x01,0xFF,0xFF,0xF0,0x00,0x00,0x03,0xFF,0xE0,0x00,0x00,0xFF,0xF8,0x00,0x00,0x7F,0xFF,0xFF,
  0xF0,0x00,0x01,0xFF,0xFF,0xFF,0xE0,0x00,0x03,0xFF,0xFF,0xFF,0xC0,0x00,0x0F,0xFF,0xFF,0xFF,0x80,0x00,0x1F,0xFF,0xFF,0xFF,
  0x00,0x00,0x7F,0xFF,0xFF,0xFE,0x00,0x01,0xFF,0xFF,0xFF,0xFC,0x00,0x03,0xFF,0xFF,0xFF,0xF8,0x00,0x0F,0xFF,0xFF,0xFF,0xF0,
  0x00,0x1F,0xFF,0xFF,0xFF,0xE0,0x00,0x7F,0xFF,0xFF,0xFF,0xC0,0x01,0xFF,0xFF,0xFF,0xFF,0x80,0x03,0xFF,0xFF,0xFF,0xFF,0x00,
  0x0F,0xFF,0xFF,0xFF,0xFE,0x00,0x1F,0xFF,0xFF,0xFF,0xFC,0x00,0x7F,0xFF,0xFF,0xFF,0xF8,0x00,0xFF,0xFF,0xFF,0xFF,0xF0,0x03,
  0xFF,0xBF,0xFF,0xFF,0xE0,0x0F,0xFE,0x7F,0xFF,0xFF,0xC0,0x1F,0xFC,0xFF,0xFF,0xFF,0x80,0x7F,0xF1,0xFF,0xFF,0xFF,0x00,0xFF,
  0xE3,0xFF,0xFF,0xFE,0x03,0xFF,0x8F,0xFF,0xFF,0xFC,0x0F,0xFF,0x1F,0xFF,0xFF,0xF8,0x1F,0xFC,0x3F,0xFF,0xFF,0xF0,0x7F,0xF0,
  0x7F,0xFF,0xFF,0xC0,0xFF,0xE0,0xFF,0xFF,0xFF,0x83,0xFF,0x81,0xFF,0xFF,0xFF,0x07,0xFF,0x03,0xFF,0xFF,0xFE,0x1F,0xFC,0x07,
  0xFF,0xFF,0xFC,0x7F,0xF8,0x0F,0xFF,0xFF,0xF8,0xFF,0xE0,0x1F,0xFF,0xFF,0xF3,0xFF,0x80,0x3F,0xFF,0xFF,0xE7,0xFF,0x00,0x7F,
  0xFF,0xFF,0xDF,0xFC,0x00,0xFF,0xFF,0xFF,0xFF,0xF8,0x01,0xFF,0xFF,0xFF,0xFF,0xE0,0x03,0xFF,0xFF,0xFF,0xFF,0xC0,0x07,0xFF,
  0xFF,0xFF,0xFF,0x00,0x0F,0xFF,0xFF,0xFF,0xFE,0x00,0x1F,0xFF,0xFF,0xFF,0xF8,0x00,0x3F,0xFF,0xFF,0xFF,0xE0,0x00,0x7F,0xFF,
  0xFF,0xFF,0xC0,0x00,0xFF,0xFF,0xFF,0xFF,0x00,0x01,0xFF,0xFF,0xFF,0xFE,0x00,0x03,0xFF,0xFF,0xFF,0xF8,0x00,0x07,0xFF,0xFF,
  0xFF,0xF0,0x00,0x0F,0xFF,0xFF,0xFF,0xC0,0x00,0x1F,0xFF,0xFF,0xFF,0x00,0x00,0x3F,0xFF,0xFF,0xFE,0x00,0x00,0x7F,0xFF,0xFF,
  0xF8,0x00,0x00,0xFF,0xFF,0xFF,0xF0,0x00,0x01,0xFF,0xF0,0x0F,0xFE,0x00,0x00,0x7F,0xF0,0x1F,0xFC,0x00,0x01,0xFF,0xC0,0x3F,
  0xF8,0x00,0x03,0xFF,0x80,0x3F,0xF8,0x00,0x07,0xFF,0x00,0x7F,0xF0,0x00,0x0F,0xFE,0x00,0xFF,0xF0,0x00,0x3F,0xFC,0x01,0xFF,
  0xE0,0x00,0xFF,0xF0,0x01,0xFF,0xE0,0x03,0xFF,0xE0,0x03,0xFF,0xF0,0x0F,0xFF,0x80,0x03,0xFF,0xFF,0xFF,0xFF,0x00,0x03,0xFF,
  0xFF,0xFF,0xFC,0x00,0x03,0xFF,0xFF,0xFF,0xF0,0x00,0x03,0xFF,0xFF,0xFF,0xC0,0x00,0x03,0xFF,0xFF,0xFE,0x00,0x00,0x00,0xFF,
  0xFF,0xF0,0x00,0x00,0x00,0x3F,0xFF,0x00,0x00,0x00,0x00,0x00,0x00,0x00,0x00,0x00,0x00,0x00,0x00,0x00,0x00,0x00,0x00,0x00,
  0x00,0x00,0x00,0x00,0x00,0x00,0x00,0x00,0x00,0x00,0x00,0x00,0x00,0x00,0x00,0x00,0x00,0x00,0x00,0x00,0x3F,0xFE,0x00,0x00,
  0x1F,0xFF,0xFF,0xFC,0x00,0x00,0x7F,0xFF,0xFF,0xF8,0x00,0x00,0xFF,0xFF,0xFF,0xF0,0x00,0x03,0xFF,0xFF,0xFF,0xE0,0x00,0x07,
  0xFF,0xFF,0xFF,0xC0,0x00,0x1F,0xFF,0xFF,0xFF,0x80,0x00,0x7F,0xFF,0xFF,0xFF,0x00,0x00,0xFF,0xFF,0xFF,0xFE,0x00,0x03,0xFF,
  0xFF,0xFF,0xFC,0x00,0x07,0xFF,0xFF,0xFF,0xF8,0x00,0x1F,0xFF,0xFF,0xFF,0xF0,0x00,0x7F,0xFF,0xFF,0xFF,0xE0,0x00,0xFF,0xFF,
  0xFF,0xFF,0xC0,0x03,0xFF,0xFF,0xFF,0xFF,0x80,0x07,0xFF,0xFF,0xFF,0xFF,0x00,0x1F,0xFF,0xFF,0xFF,0xFE,0x00,0x3F,0xFF,0xFF,
  0xFF,0xFC,0x00,0xFF,0xEF,0xFF,0xFF,0xF8,0x03,0xFF,0x9F,0xFF,0xFF,0xF0,0x07,0xFF,0x3F,0xFF,0xFF,0xE0,0x1F,0xFC,0x7F,0xFF,
  0xFF,0xC0,0x3F,0xF8,0xFF,0xFF,0xFF,0x80,0xFF,0xE3,0xFF,0xFF,0xFF,0x03,0xFF,0xC7,0xFF,0xFF,0xFE,0x07,0xFF,0x0F,0xFF,0xFF,
  0xFC,0x1F,0xFC,0x1F,0xFF,0xFF,0xF0,0x3F,0xF8,0x3F,0xFF,0xFF,0xE0,0xFF,0xE0,0x7F,0xFF,0xFF,0xC1,0xFF,0xC0,0xFF,0xFF,0xFF,
  0x87,0xFF,0x01,0xFF,0xFF,0xFF,0x1F,0xFE,0x03,0xFF,0xFF,0xFE,0x3F,0xF8,0x07,0xFF,0xFF,0xFC,0xFF,0xE0,0x0F,0xFF,0xFF,0xF9,
  0xFF,0xC0,0x1F,0xFF,0xFF,0xF7,0xFF,0x00,0x3F,0xFF,0xFF,0xFF,0xFE,0x00,0x7F,0xFF,0xFF,0xFF,0xF8,0x00,0xFF,0xFF,0xFF,0xFF,
  0xF0,0x01,0xFF,0xFF,0xFF,0xFF,0xC0,0x03,0xFF,0xFF,0xFF,0xFF,0x80,0x07,0xFF,0xFF,0xFF,0xFE,0x00,0x0F,0xFF,0xFF,0xFF,0xF8,
  0x00,0x1F,0xFF,0xFF,0xFF,0xF0,0x00,0x3F,0xFF,0xFF,0xFF,0xC0,0x00,0x7F,0xFF,0xFF,0xFF,0x80,0x00,0xFF,0xFF,0xFF,0xFE,0x00,
  0x01,0xFF,0xFF,0xFF,0xFC,0x00,0x03,0xFF,0xFF,0xFF,0xF0,0x00,0x07,0xFF,0xFF,0xFF,0xC0,0x00,0x0F,0xFF,0xFF,0xFF,0x80,0x00,
  0x1F,0xFF,0xFF,0xFE,0x00,0x00,0x3F,0xFF,0xFF,0xFC,0x00,0x00,0x7F,0xFC,0xFF,0xFC,0x00,0x07,0xFF,0xFF,0xFF,0x00,0x03,0xFF,
  0xEF,0xFF,0xC0,0x00,0xFF,0xFB,0xFF,0xF0,0x00,0x7F,0xFC,0xFF,0xFC,0x00,0x1F,0xFF,0x3F,0xFF,0x00,0x0F,0xFF,0x8F,0xFF,0xC0,
  0x03,0xFF,0xE3,0xFF,0xF0,0x01,0xFF,0xF0,0xFF,0xFC,0x00,0x7F,0xFC,0x3F,0xFF,0x00,0x3F,0xFE,0x0F,0xFF,0xC0,0x0F,0xFF,0x03,
  0xFF,0xF0,0x07,0xFF,0xC0,0xFF,0xFC,0x01,0xFF,0xE0,0x3F,0xFF,0x00,0xFF,0xF8,0x0F,0xFF,0xC0,0x3F,0xFC,0x03,0xFF,0xF0,0x1F,
  0xFF,0x00,0xFF,0xFC,0x0F,0xFF,0x80,0x3F,0xFF,0x03,0xFF,0xE0,0x0F,0xFF,0xC1,0xFF,0xF0,0x03,0xFF,0xF0,0xFF,0xFC,0x00,0xFF,
  0xFC,0x3F,0xFE,0x00,0x3F,0xFF,0x3F,0xFF,0x00,0x0F,0xFF,0xFF,0xFF,0x80,0x03,0xFF,0xFF,0xFF,0xC0,0x00,0xFF,0xFF,0xFF,0xF0,
  0x00,0x3F,0xFF,0xFF,0xFC,0x00,0x0F,0xFF,0xFF,0xFF,0x00,0x03,0xFF,0xFF,0xFF,0xE0,0x00,0xFF,0xFF,0xFF,0xF8,0x00,0x3F,0xFF,
  0xFF,0xFF,0x00,0x0F,0xFF,0xF3,0xFF,0xE0,0x03,0xFF,0xF0,0xFF,0xF8,0x00,0xFF,0xFC,0x1F,0xFF,0x00,0x3F,0xFF,0x07,0xFF,0xC0,
  0x0F,0xFF,0xC0,0xFF,0xF8,0x03,0xFF,0xF0,0x3F,0xFE,0x00,0xFF,0xFC,0x07,0xFF,0xC0,0x3F,0xFF,0x01,0xFF,0xF8,0x0F,0xFF,0xC0,
  0x3F,0xFE,0x03,0xFF,0xF0,0x0F,0xFF,0xC0,0xFF,0xFC,0x01,0xFF,0xF0,0x3F,0xFF,0x00,0x7F,0xFE,0x0F,0xFF,0xC0,0x0F,0xFF,0x83,
  0xFF,0xF0,0x03,0xFF,0xF0,0xFF,0xFC,0x00,0x7F,0xFC,0x3F,0xFF,0x00,0x1F,0xFF,0x8F,0xFF,0xC0,0x03,0xFF,0xF3,0xFF,0xF0,0x00,
  0xFF,0xFC,0xFF,0xFC,0x00,0x1F,0xFF,0xBF,0xFF,0x00,0x07,0xFF,0xEF,0xFF,0xC0,0x00,0xFF,0xFF,0xFF,0xF0,0x00,0x3F,0xFF,0x00,
  0x01,0xFF,0xFF,0xFF,0xFF,0xFE,0x00,0x03,0xFF,0xFF,0xFF,0xFF,0xFC,0x00,0x07,0xFF,0xFF,0xFF,0xFF,0xF8,0x00,0x1F,0xFF,0xFF,
  0xFF,0xFF,0xF0,0x00,0x3F,0xFF,0xFF,0xFF,0xFF,0xE0,0x00,0x7F,0xFF,0xFF,0xFF,0xFF,0xC0,0x00,0xFF,0xFF,0xFF,0xFF,0xFF,0x80,
  0x01,0xFF,0xFF,0xFF,0xFF,0xFF,0x00,0x03,0xFF,0xFF,0xFF,0xFF,0xFE,0x00,0x07,0xFF,0xC0,0x00,0xFF,0xFC,0x00,0x1F,0xFF,0x00,
  0x01,0xFF,0xF8,0x00,0x3F,0xFE,0x00,0x03,0xFF,0xF0,0x00,0x7F,0xFC,0x00,0x07,0xFF,0xE0,0x00,0xFF,0xF8,0x00,0x0F,0xFF,0xC0,
  0x01,0xFF,0xF0,0x00,0x1F,0xFF,0x80,0x03,0xFF,0xE0,0x00,0x3F,0xFF,0x00,0x07,0xFF,0x80,0x00,0x7F,0xFE,0x00,0x1F,0xFF,0x00,
  0x00,0xFF,0xFC,0x00,0x3F,0xFE,0x00,0x01,0xFF,0xF8,0x00,0x7F,0xFC,0x00,0x03,0xFF,0xF0,0x00,0xFF,0xF8,0x00,0x07,0xFF,0xE0,
  0x01,0xFF,0xF0,0x00,0x0F,0xFF,0xC0,0x03,0xFF,0xE0,0x00,0x1F,0xFF,0x80,0x07,0xFF,0x80,0x00,0x3F,0xFF,0x00,0x1F,0xFF,0x00,
  0x00,0x7F,0xFE,0x00,0x3F,0xFE,0x00,0x00,0xFF,0xFC,0x00,0x7F,0xFC,0x00,0x01,0xFF,0xF8,0x00,0xFF,0xF8,0x00,0x03,0xFF,0xF0,
  0x01,0xFF,0xF0,0x00,0x07,0xFF,0xE0,0x03,0xFF,0xC0,0x00,0x0F,0xFF,0xC0,0x0F,0xFF,0x80,0x00,0x1F,0xFF,0x80,0x1F,0xFF,0x00,
  0x00,0x3F,0xFF,0x00,0x3F,0xFE,0x00,0x00,0x7F,0xFE,0x00,0x7F,0xFC,0x00,0x00,0xFF,0xFC,0x00,0xFF,0xF0,0x00,0x01,0xFF,0xF8,
  0x03,0xFF,0xE0,0x00,0x03,0xFF,0xF0,0x07,0xFF,0xC0,0x00,0x07,0xFF,0xE0,0x0F,0xFF,0x80,0x00,0x0F,0xFF,0xC0,0x3F,0xFF,0x00,
  0x00,0x1F,0xFF,0x80,0x7F,0xFC,0x00,0x00,0x3F,0xFF,0x00,0xFF,0xF8,0x00,0x00,0x7F,0xFE,0x03,0xFF,0xF0,0x00,0x00,0xFF,0xFC,
  0x0F,0xFF,0xC0,0x00,0x01,0xFF,0xFF,0xFF,0xFF,0x80,0x00,0x03,0xFF,0xFF,0xFF,0xFF,0x00,0x00,0x07,0xFF,0xFF,0xFF,0xFC,0x00,
  0x00,0x0F,0xFF,0xFF,0xFF,0xF8,0x00,0x00,0x1F,0xFF,0xFF,0xFF,0xE0,0x00,0x00,0x3F,0xFF,0xFF,0xFF,0xC0,0x00,0x00,0x7F,0xFF,
  0xFF,0xFF,0x00,0x00,0x00,0xFF,0xFF,0xFF,0xFC,0x00,0x00,0x01,0xFF,0xFF,0xFF,0xE0,0x00,0x00,0x03,0xFF,0xFF,0xFF,0x00,0x00,
  0x00,0x00,0x00,0x00,0xFF,0xFF,0xC0,0x00,0x00,0x7F,0xFF,0xFF,0xFF,0xF8,0x00,0x00,0x0F,0xFF,0xFF,0xFF,0xFF,0x80,0x00,0x01,
  0xFF,0xFF,0xFF,0xFF,0xF0,0x00,0x00,0x7F,0xFF,0xFF,0xFF,0xFE,0x00,0x00,0x0F,0xFF,0xFF,0xFF,0xFF,0xE0,0x00,0x01,0xFF,0xFF,
  0xFF,0xFF,0xFC,0x00,0x00,0x3F,0xFF,0xFF,0xFF,0xFF,0x80,0x00,0x0F,0xFF,0xFF,0xFF,0xFF,0xF8,0x00,0x01,0xFF,0xFF,0xFF,0xFF,
  0xFF,0x00,0x00,0x3F,0xFF,0xFF,0xFF,0xFF,0xE0,0x00,0x0F,0xFF,0xFF,0xFF,0xFF,0xFE,0x00,0x01,0xFF,0xFF,0xFF,0xFE,0xFF,0xC0,
  0x00,0x3F,0xEF,0xFF,0xFF,0xDF,0xF8,0x00,0x0F,0xFD,0xFF,0xFF,0xFD,0xFF,0x80,0x01,0xFF,0xBF,0xFF,0xFF,0xBF,0xF0,0x00,0x3F,
  0xE7,0xFF,0xFF,0xF7,0xFE,0x00,0x0F,0xFC,0xFF,0xFF,0xFE,0x7F,0xE0,0x01,0xFF,0x9F,0xFF,0xFF,0xCF,0xFC,0x00,0x3F,0xF7,0xFF,
  0xFF,0xF9,0xFF,0x80,0x0F,0xFC,0xFF,0xFF,0xFF,0x1F,0xF8,0x01,0xFF,0x9F,0xFF,0xFF,0xE3,0xFF,0x00,0x3F,0xF3,0xFF,0xFF,0xFC,
  0x7F,0xE0,0x0F,0xFC,0x7F,0xFF,0xFF,0x8F,0xFE,0x01,0xFF,0x8F,0xFF,0xFF,0xF0,0xFF,0xC0,0x3F,0xF1,0xFF,0xFF,0xFE,0x1F,0xF8,
  0x07,0xFC,0x3F,0xFF,0xFF,0xC3,0xFF,0x81,0xFF,0x87,0xFF,0xFF,0xF8,0x3F,0xF0,0x3F,0xF0,0xFF,0xFF,0xFF,0x07,0xFE,0x07,0xFC,
  0x1F,0xFF,0xFF,0xE0,0xFF,0xC1,0xFF,0x83,0xFF,0xFF,0xFC,0x0F,0xFC,0x3F,0xF0,0x7F,0xFF,0xFF,0x81,0xFF,0x87,0xFC,0x0F,0xFF,
  0xFF,0xF0,0x3F,0xF0,0xFF,0x81,0xFF,0xFF,0xFE,0x03,0xFF,0x3F,0xF0,0x3F,0xFF,0xFF,0xC0,0x7F,0xE7,0xFE,0x07,0xFF,0xFF,0xF8,
  0x0F,0xFC,0xFF,0x80,0xFF,0xFF,0xFF,0x00,0xFF,0x9F,0xF0,0x1F,0xFF,0xFF,0xE0,0x1F,0xF7,0xFE,0x03,0xFF,0xFF,0xFC,0x03,0xFF,
  0xFF,0x80,0x7F,0xFF,0xFF,0x80,0x3F,0xFF,0xF0,0x0F,0xFF,0xFF,0xF0,0x07,0xFF,0xFE,0x01,0xFF,0xFF,0xFE,0x00,0xFF,0xFF,0x80,
  0x3F,0xFF,0xFF,0xC0,0x0F,0xFF,0xF0,0x07,0xFF,0xFF,0xF8,0x01,0xFF,0xFE,0x00,0xFF,0xFF,0xFF,0x00,0x3F,0xFF,0x80,0x1F,0xFF,
  0xFF,0xE0,0x03,0xFF,0xF0,0x03,0xFF,0xFF,0xFC,0x00,0x7F,0xFE,0x00,0x7F,0xFF,0xFF,0x80,0x0F,0xFF,0xC0,0x0F,0xFF,0xFF,0xF0,
  0x00,0xFF,0xF0,0x01,0xFF,0xFF,0xFE,0x00,0x1F,0xFE,0x00,0x3F,0xFF,0xFF,0xC0,0x03,0xFF,0xC0,0x07,0xFF,0xFF,0xF8,0x00,0x3F,
  0xF0,0x00,0xFF,0xF0,0xFF,0xFC,0x00,0x00,0xFF,0xFF,0xFF,0xF0,0x00,0x03,0xFF,0xFF,0xFF,0xC0,0x00,0x0F,0xFF,0xFF,0xFF,0x00,
  0x00,0x3F,0xFF,0xFF,0xFC,0x00,0x00,0xFF,0xFF,0xFF,0xF0,0x00,0x03,0xFF,0xFF,0xFF,0xC0,0x00,0x0F,0xFF,0xFF,0xFF,0x00,0x00,
  0x3F,0xFF,0xFF,0xFC,0x00,0x00,0xFF,0xFF,0xFF,0xF0,0x00,0x03,0xFF,0xFF,0xFF,0xC0,0x00,0x0F,0xFF,0xFF,0xFF,0x00,0x00,0x3F,
  0xFF,0xFF,0xFC,0x00,0x00,0xFF,0xFF,0xFF,0xF0,0x00,0x03,0xFF,0xFF,0xFF,0xC0,0x00,0x0F,0xFF,0xFF,0xFF,0x00,0x00,0x3F,0xFF,
  0xFF,0xFC,0x00,0x00,0xFF,0xFF,0xFF,0xF0,0x00,0x03,0xFF,0xFF,0xFF,0xC0,0x00,0x0F,0xFF,0xFF,0xFF,0x00,0x00,0x3F,0xFF,0xFF,
  0xFC,0x00,0x00,0xFF,0xFF,0xFF,0xFF,0xFF,0xFF,0xFF,0xFF,0xFF,0xFF,0xFF,0xFF,0xFF,0xFF,0xFF,0xFF,0xFF,0xFF,0xFF,0xFF,0xFF,
  0xFF,0xFF,0xFF,0xFF,0xFF,0xFF,0xFF,0xFF,0xFF,0xFF,0xFF,0xFF,0xFF,0xFF,0xFF,0xFF,0xFF,0xFF,0xFF,0xFF,0xFF,0xFF,0xFF,0xFF,
  0xFF,0xFF,0xFF,0xFF,0xFF,0xFF,0xFF,0xFF,0xFF,0xFF,0xC0,0x00,0x0F,0xFF,0xFF,0xFF,0x00,0x00,0x3F,0xFF,0xFF,0xFC,0x00,0x00,
  0xFF,0xFF,0xFF,0xF0,0x00,0x03,0xFF,0xFF,0xFF,0xC0,0x00,0x0F,0xFF,0xFF,0xFF,0x00,0x00,0x3F,0xFF,0xFF,0xFC,0x00,0x00,0xFF,
  0xFF,0xFF,0xF0,0x00,0x03,0xFF,0xFF,0xFF,0xC0,0x00,0x0F,0xFF,0xFF,0xFF,0x00,0x00,0x3F,0xFF,0xFF,0xFC,0x00,0x00,0xFF,0xFF,
  0xFF,0xF0,0x00,0x03,0xFF,0xFF,0xFF,0xC0,0x00,0x0F,0xFF,0xFF,0xFF,0x00,0x00,0x3F,0xFF,0xFF,0xFC,0x00,0x00,0xFF,0xFF,0xFF,
  0xF0,0x00,0x03,0xFF,0xFF,0xFF,0xC0,0x00,0x0F,0xFF,0xFF,0xFF,0x00,0x00,0x3F,0xFF,0xFF,0xFC,0x00,0x00,0xFF,0xFF,0xFF,0xF0,
  0x00,0x03,0xFF,0xFF,0xFF,0xC0,0x00,0x0F,0xFF,0xFF,0xFF,0x00,0x00,0x3F,0xFF,0x00,0x00,0x0F,0xFF,0x80,0x00,0x00,0x00,0x07,
  0xFF,0xFF,0xC0,0x00,0x00,0x01,0xFF,0xFF,0xFF,0xC0,0x00,0x00,0x1F,0xFF,0xFF,0xFF,0x00,0x00,0x03,0xFF,0xFF,0xFF,0xFE,0x00,
  0x00,0x3F,0xFF,0xFF,0xFF,0xF8,0x00,0x03,0xFF,0xFF,0xFF,0xFF,0xE0,0x00,0x3F,0xFF,0xFF,0xFF,0xFF,0x80,0x03,0xFF,0xFF,0xFF,
  0xFF,0xFE,0x00,0x3F,0xFF,0xFC,0x7F,0xFF,0xF8,0x03,0xFF,0xFE,0x00,0x3F,0xFF,0xE0,0x1F,0xFF,0xC0,0x00,0xFF,0xFF,0x01,0xFF,
  0xFC,0x00,0x03,0xFF,0xFC,0x1F,0xFF,0xC0,0x00,0x0F,0xFF,0xE0,0xFF,0xFE,0x00,0x00,0x3F,0xFF,0x87,0xFF,0xE0,0x00,0x01,0xFF,
  0xFC,0x7F,0xFF,0x00,0x00,0x07,0xFF,0xE3,0xFF,0xF0,0x00,0x00,0x3F,0xFF,0x9F,0xFF,0x80,0x00,0x01,0xFF,0xFC,0xFF,0xFC,0x00,
  0x00,0x07,0xFF,0xEF,0xFF,0xE0,0x00,0x00,0x3F,0xFF,0x7F,0xFF,0x00,0x00,0x01,0xFF,0xFB,0xFF,0xF0,0x00,0x00,0x0F,0xFF,0xDF,
  0xFF,0x80,0x00,0x00,0x7F,0xFF,0xFF,0xFC,0x00,0x00,0x03,0xFF,0xFF,0xFF,0xE0,0x00,0x00,0x1F,0xFF,0xFF,0xFF,0x00,0x00,0x00,
  0xFF,0xFF,0xFF,0xF8,0x00,0x00,0x07,0xFF,0xFF,0xFF,0xC0,0x00,0x00,0x3F,0xFF,0xFF,0xFE,0x00,0x00,0x01,0xFF,0xFF,0xFF,0xF0,
  0x00,0x00,0x0F,0xFF,0xFF,0xFF,0x80,0x00,0x00,0x7F,0xFE,0xFF,0xFE,0x00,0x00,0x03,0xFF,0xF7,0xFF,0xF0,0x00,0x00,0x1F,0xFF,
  0x9F,0xFF,0x80,0x00,0x00,0xFF,0xFC,0xFF,0xFC,0x00,0x00,0x0F,0xFF,0xE7,0xFF,0xE0,0x00,0x00,0x7F,0xFE,0x3F,0xFF,0x80,0x00,
  0x03,0xFF,0xF0,0xFF,0xFC,0x00,0x00,0x3F,0xFF,0x87,0xFF,0xF0,0x00,0x01,0xFF,0xF8,0x3F,0xFF,0x80,0x00,0x1F,0xFF,0xC0,0xFF,
  0xFE,0x00,0x01,0xFF,0xFC,0x03,0xFF,0xF8,0x00,0x1F,0xFF,0xE0,0x1F,0xFF,0xF0,0x03,0xFF,0xFE,0x00,0x7F,0xFF,0xF0,0xFF,0xFF,
  0xF0,0x01,0xFF,0xFF,0xFF,0xFF,0xFF,0x00,0x07,0xFF,0xFF,0xFF,0xFF,0xF0,0x00,0x1F,0xFF,0xFF,0xFF,0xFF,0x00,0x00,0x7F,0xFF,
  0xFF,0xFF,0xF0,0x00,0x01,0xFF,0xFF,0xFF,0xFE,0x00,0x00,0x07,0xFF,0xFF,0xFF,0xE0,0x00,0x00,0x0F,0xFF,0xFF,0xFC,0x00,0x00,
  0x00,0x0F,0xFF,0xFF,0x00,0x00,0x00,0x00,0x07,0xFF,0xC0,0x00,0x00,0xFF,0xFF,0xFF,0xFF,0xFF,0xFF,0xFF,0xFF,0xFF,0xFF,0xFF,
  0xFF,0xFF,0xFF,0xFF,0xFF,0xFF,0xFF,0xFF,0xFF,0xFF,0xFF,0xFF,0xFF,0xFF,0xFF,0xFF,0xFF,0xFF,0xFF,0xFF,0xFF,0xFF,0xFF,0xFF,
  0xFF,0xFF,0xFF,0xFF,0xFF,0xFF,0xFF,0xFF,0xFF,0xFF,0xFF,0xFF,0xFF,0xFF,0xFF,0xFF,0xFF,0xFF,0xF0,0x00,0x03,0xFF,0xFF,0xFF,
  0xC0,0x00,0x0F,0xFF,0xFF,0xFF,0x00,0x00,0x3F,0xFF,0xFF,0xFC,0x00,0x00,0xFF,0xFF,0xFF,0xF0,0x00,0x03,0xFF,0xFF,0xFF,0xC0,
  0x00,0x0F,0xFF,0xFF,0xFF,0x00,0x00,0x3F,0xFF,0xFF,0xFC,0x00,0x00,0xFF,0xFF,0xFF,0xF0,0x00,0x03,0xFF,0xFF,0xFF,0xC0,0x00,
  0x0F,0xFF,0xFF,0xFF,0x00,0x00,0x3F,0xFF,0xFF,0xFC,0x00,0x00,0xFF,0xFF,0xFF,0xF0,0x00,0x03,0xFF,0xFF,0xFF,0xC0,0x00,0x0F,
  0xFF,0xFF,0xFF,0x00,0x00,0x3F,0xFF,0xFF,0xFC,0x00,0x00,0xFF,0xFF,0xFF,0xF0,0x00,0x03,0xFF,0xFF,0xFF,0xC0,0x00,0x0F,0xFF,
  0xFF,0xFF,0x00,0x00,0x3F,0xFF,0xFF,0xFC,0x00,0x00,0xFF,0xFF,0xFF,0xF0,0x00,0x03,0xFF,0xFF,0xFF,0xC0,0x00,0x0F,0xFF,0xFF,
  0xFF,0x00,0x00,0x3F,0xFF,0xFF,0xFC,0x00,0x00,0xFF,0xFF,0xFF,0xF0,0x00,0x03,0xFF,0xFF,0xFF,0xC0,0x00,0x0F,0xFF,0xFF,0xFF,
  0x00,0x00,0x3F,0xFF,0xFF,0xFC,0x00,0x00,0xFF,0xFF,0xFF,0xF0,0x00,0x03,0xFF,0xFF,0xFF,0xC0,0x00,0x0F,0xFF,0xFF,0xFF,0x00,
  0x00,0x3F,0xFF,0xFF,0xFC,0x00,0x00,0xFF,0xFF,0xFF,0xF0,0x00,0x03,0xFF,0xFF,0xFF,0xC0,0x00,0x0F,0xFF,0xFF,0xFF,0x00,0x00,
  0x3F,0xFF,0xFF,0xFC,0x00,0x00,0xFF,0xFF,0xFF,0xF0,0x00,0x03,0xFF,0xFF,0xFF,0xC0,0x00,0x0F,0xFF,0xFF,0xFF,0x00,0x00,0x3F,
  0xFF,0xFF,0xFC,0x00,0x00,0xFF,0xFF,0xFF,0xF0,0x00,0x03,0xFF,0xFF,0xFF,0xC0,0x00,0x0F,0xFF,0xFF,0xFF,0x00,0x00,0x3F,0xFF,
  0x00,0x00,0x00,0x3F,0xF0,0x00,0x3F,0xFF,0x00,0x7F,0xFF,0x80,0x07,0xFF,0xC0,0x7F,0xFF,0xF8,0x01,0xFF,0xF0,0x7F,0xFF,0xFF,
  0x00,0x7F,0xFC,0x3F,0xFF,0xFF,0xE0,0x1F,0xFF,0x1F,0xFF,0xFF,0xFC,0x07,0xFF,0xCF,0xFF,0xFF,0xFF,0x81,0xFF,0xF3,0xFF,0xFF,
  0xFF,0xF0,0x7F,0xFD,0xFF,0xFF,0xFF,0xFC,0x1F,0xFF,0xFF,0xFF,0xFF,0xFF,0x87,0xFF,0xFF,0x80,0x3F,0xFF,0xE1,0xFF,0xFF,0x80,
  0x03,0xFF,0xFC,0x7F,0xFF,0xC0,0x00,0x7F,0xFF,0x1F,0xFF,0xF0,0x00,0x1F,0xFF,0xE7,0xFF,0xF8,0x00,0x03,0xFF,0xF9,0xFF,0xFE,
  0x00,0x00,0xFF,0xFE,0x7F,0xFF,0x00,0x00,0x1F,0xFF,0x9F,0xFF,0xC0,0x00,0x07,0xFF,0xF7,0xFF,0xE0,0x00,0x01,0xFF,0xFD,0xFF,
  0xF8,0x00,0x00,0x3F,0xFF,0x7F,0xFE,0x00,0x00,0x0F,0xFF,0xDF,0xFF,0x80,0x00,0x03,0xFF,0xF7,0xFF,0xE0,0x00,0x00,0xFF,0xFD,
  0xFF,0xF8,0x00,0x00,0x3F,0xFF,0x7F,0xFC,0x00,0x00,0x0F,0xFF,0xDF,0xFF,0x00,0x00,0x03,0xFF,0xF7,0xFF,0xC0,0x00,0x00,0xFF,
  0xFD,0xFF,0xF0,0x00,0x00,0x3F,0xFF,0x7F,0xFC,0x00,0x00,0x0F,0xFF,0xDF,0xFF,0x00,0x00,0x03,0xFF,0xF7,0xFF,0xE0,0x00,0x00,
  0xFF,0xFD,0xFF,0xF8,0x00,0x00,0x3F,0xFF,0x7F,0xFE,0x00,0x00,0x0F,0xFF,0xDF,0xFF,0x80,0x00,0x03,0xFF,0xF7,0xFF,0xE0,0x00,
  0x00,0xFF,0xFD,0xFF,0xF8,0x00,0x00,0x7F,0xFF,0x7F,0xFF,0x00,0x00,0x1F,0xFF,0xDF,0xFF,0xC0,0x00,0x07,0xFF,0xE7,0xFF,0xF0,
  0x00,0x03,0xFF,0xF9,0xFF,0xFE,0x00,0x00,0xFF,0xFE,0x7F,0xFF,0x80,0x00,0x7F,0xFF,0x9F,0xFF,0xF0,0x00,0x1F,0xFF,0xC7,0xFF,
  0xFE,0x00,0x0F,0xFF,0xF1,0xFF,0xFF,0xE0,0x0F,0xFF,0xF8,0x7F,0xFF,0xFF,0x1F,0xFF,0xFE,0x1F,0xFF,0x7F,0xFF,0xFF,0xFF,0x07,
  0xFF,0xDF,0xFF,0xFF,0xFF,0xC1,0xFF,0xF3,0xFF,0xFF,0xFF,0xE0,0x7F,0xFE,0x7F,0xFF,0xFF,0xF0,0x1F,0xFF,0x8F,0xFF,0xFF,0xF8,
  0x07,0xFF,0xE1,0xFF,0xFF,0xFC,0x01,0xFF,0xF8,0x3F,0xFF,0xFC,0x00,0x7F,0xFE,0x03,0xFF,0xFC,0x00,0x1F,0xFF,0x80,0x1F,0xF8,
  0x00,0x07,0xFF,0xE0,0x00,0x00,0x00,0x01,0xFF,0xF8,0x00,0x00,0x00,0x00,0x7F,0xFE,0x00,0x00,0x00,0x00,0x1F,0xFF,0x80,0x00,
  0x00,0x00,0x07,0xFF,0xE0,0x00,0x00,0x00,0x01,0xFF,0xF8,0x00,0x00,0x00,0x00,0x7F,0xFE,0x00,0x00,0x00,0x00,0x1F,0xFF,0x80,
  0x00,0x00,0x00,0x07,0xFF,0xE0,0x00,0x00,0x00,0x01,0xFF,0xF8,0x00,0x00,0x00,0x00,0x7F,0xFE,0x00,0x00,0x00,0x00,0x1F,0xFF,
  0x80,0x00,0x00,0x00,0x07,0xFF,0xE0,0x00,0x00,0x00,0x01,0xFF,0xF8,0x00,0x00,0x00,0x00,0x7F,0xFE,0x00,0x00,0x00,0x00,0x1F,
  0xFF,0x80,0x00,0x00,0x00,0x07,0xFF,0xE0,0x00,0x00,0x00,0x01,0xFF,0xF8,0x00,0x00,0x00,0x00,0x7F,0xFE,0x00,0x00,0x00,0x00,
  0x1F,0xFF,0x80,0x00,0x00,0x00,0x00,0x00,0x00,0x1F,0xFE,0x00,0x00,0x00,0x01,0xFF,0xFF,0xE0,0x00,0x00,0x07,0xFF,0xFF,0xF8,
  0x00,0x00,0x1F,0xFF,0xFF,0xFE,0x00,0x00,0x7F,0xFF,0xFF,0xFF,0x00,0x00,0xFF,0xFF,0xFF,0xFF,0x80,0x01,0xFF,0xFF,0xFF,0xFF,
  0xC0,0x03,0xFF,0xFF,0xFF,0xFF,0xE0,0x07,0xFF,0xFF,0xFF,0xFF,0xF0,0x07,0xFF,0xFE,0x3F,0xFF,0xF8,0x0F,0xFF,0xF0,0x07,0xFF,
  0xF8,0x1F,0xFF,0xE0,0x01,0xFF,0xFC,0x1F,0xFF,0xC0,0x00,0xFF,0xFC,0x3F,0xFF,0x80,0x00,0xFF,0xFE,0x3F,0xFF,0x00,0x00,0x7F,
  0xFE,0x3F,0xFF,0x00,0x00,0x7F,0xFE,0x7F,0xFF,0x00,0x00,0x3F,0xFF,0x7F,0xFE,0x00,0x00,0x3F,0xFC,0x7F,0xFE,0x00,0x00,0x00,
  0x00,0x7F,0xFE,0x00,0x00,0x00,0x00,0xFF,0xFE,0x00,0x00,0x00,0x00,0xFF,0xFC,0x00,0x00,0x00,0x00,0xFF,0xFC,0x00,0x00,0x00,
  0x00,0xFF,0xFC,0x00,0x00,0x00,0x00,0xFF,0xFC,0x00,0x00,0x00,0x00,0xFF,0xFC,0x00,0x00,0x00,0x00,0xFF,0xFC,0x00,0x00,0x00,
  0x00,0xFF,0xFC,0x00,0x00,0x00,0x00,0xFF,0xFC,0x00,0x00,0x00,0x00,0xFF,0xFC,0x00,0x00,0x00,0x00,0xFF,0xFC,0x00,0x00,0x00,
  0x00,0xFF,0xFC,0x00,0x00,0x00,0x00,0xFF,0xFE,0x00,0x00,0x00,0x00,0xFF,0xFE,0x00,0x00,0x00,0x00,0xFF,0xFE,0x00,0x00,0x00,
  0x00,0x7F,0xFE,0x00,0x00,0x3F,0xFE,0x7F,0xFE,0x00,0x00,0x3F,0xFF,0x7F,0xFF,0x00,0x00,0x3F,0xFF,0x7F,0xFF,0x00,0x00,0x3F,
  0xFF,0x3F,0xFF,0x00,0x00,0x7F,0xFE,0x3F,0xFF,0x80,0x00,0x7F,0xFE,0x1F,0xFF,0xC0,0x00,0xFF,0xFE,0x1F,0xFF,0xE0,0x01,0xFF,
  0xFC,0x0F,0xFF,0xF0,0x07,0xFF,0xF8,0x0F,0xFF,0xFE,0x1F,0xFF,0xF8,0x07,0xFF,0xFF,0xFF,0xFF,0xF0,0x03,0xFF,0xFF,0xFF,0xFF,
  0xE0,0x01,0xFF,0xFF,0xFF,0xFF,0xC0,0x00,0xFF,0xFF,0xFF,0xFF,0x80,0x00,0x7F,0xFF,0xFF,0xFF,0x00,0x00,0x1F,0xFF,0xFF,0xFE,
  0x00,0x00,0x0F,0xFF,0xFF,0xF8,0x00,0x00,0x01,0xFF,0xFF,0xC0,0x00,0x00,0x00,0x3F,0xFE,0x00,0x00,0xFF,0xFF,0xFF,0xFF,0xFF,
  0xFF,0xFF,0xFF,0xFF,0xFF,0xFF,0xFF,0xFF,0xFF,0xFF,0xFF,0xFF,0xFF,0xFF,0xFF,0xFF,0xFF,0xFF,0xFF,0xFF,0xFF,0xFF,0xFF,0xFF,
  0xFF,0xFF,0xFF,0xFF,0xFF,0xFF,0xFF,0xFF,0xFF,0xFF,0xFF,0xFF,0xFF,0xFF,0xFF,0xFF,0xFF,0xFF,0xFF,0xE0,0x00,0x7F,0xFE,0x00,
  0x00,0x00,0x0F,0xFF,0xC0,0x00,0x00,0x01,0xFF,0xF8,0x00,0x00,0x00,0x3F,0xFF,0x00,0x00,0x00,0x07,0xFF,0xE0,0x00,0x00,0x00,
  0xFF,0xFC,0x00,0x00,0x00,0x1F,0xFF,0x80,0x00,0x00,0x03,0xFF,0xF0,0x00,0x00,0x00,0x7F,0xFE,0x00,0x00,0x00,0x0F,0xFF,0xC0,
  0x00,0x00,0x01,0xFF,0xF8,0x00,0x00,0x00,0x3F,0xFF,0x00,0x00,0x00,0x07,0xFF,0xE0,0x00,0x00,0x00,0xFF,0xFC,0x00,0x00,0x00,
  0x1F,0xFF,0x80,0x00,0x00,0x03,0xFF,0xF0,0x00,0x00,0x00,0x7F,0xFE,0x00,0x00,0x00,0x0F,0xFF,0xC0,0x00,0x00,0x01,0xFF,0xF8,
  0x00,0x00,0x00,0x3F,0xFF,0x00,0x00,0x00,0x07,0xFF,0xE0,0x00,0x00,0x00,0xFF,0xFC,0x00,0x00,0x00,0x1F,0xFF,0x80,0x00,0x00,
  0x03,0xFF,0xF0,0x00,0x00,0x00,0x7F,0xFE,0x00,0x00,0x00,0x0F,0xFF,0xC0,0x00,0x00,0x01,0xFF,0xF8,0x00,0x00,0x00,0x3F,0xFF,
  0x00,0x00,0x00,0x07,0xFF,0xE0,0x00,0x00,0x00,0xFF,0xFC,0x00,0x00,0x00,0x1F,0xFF,0x80,0x00,0x00,0x03,0xFF,0xF0,0x00,0x00,
  0x00,0x7F,0xFE,0x00,0x00,0x00,0x0F,0xFF,0xC0,0x00,0x00,0x01,0xFF,0xF8,0x00,0x00,0x00,0x3F,0xFF,0x00,0x00,0x00,0x07,0xFF,
  0xE0,0x00,0x00,0x00,0xFF,0xFC,0x00,0x00,0x00,0x1F,0xFF,0x80,0x00,0x00,0x03,0xFF,0xF0,0x00,0x00,0x00,0x7F,0xFE,0x00,0x00,
  0x00,0x0F,0xFF,0xC0,0x00,0x00,0x01,0xFF,0xF8,0x00,0x00,0xFF,0xFC,0x00,0x00,0x01,0xFF,0xFF,0xFF,0xF0,0x00,0x00,0x0F,0xFF,
  0xDF,0xFF,0x80,0x00,0x00,0xFF,0xFE,0xFF,0xFC,0x00,0x00,0x07,0xFF,0xE3,0xFF,0xF0,0x00,0x00,0x3F,0xFF,0x1F,0xFF,0x80,0x00,
  0x03,0xFF,0xF8,0xFF,0xFC,0x00,0x00,0x1F,0xFF,0x83,0xFF,0xF0,0x00,0x00,0xFF,0xFC,0x1F,0xFF,0x80,0x00,0x07,0xFF,0xC0,0x7F,
  0xFC,0x00,0x00,0x7F,0xFE,0x03,0xFF,0xF0,0x00,0x03,0xFF,0xF0,0x1F,0xFF,0x80,0x00,0x1F,0xFF,0x00,0x7F,0xFC,0x00,0x01,0xFF,
  0xF8,0x03,0xFF,0xF0,0x00,0x0F,0xFF,0x80,0x0F,0xFF,0x80,0x00,0x7F,0xFC,0x00,0x7F,0xFC,0x00,0x07,0xFF,0xE0,0x03,0xFF,0xF0,
  0x00,0x3F,0xFE,0x00,0x0F,0xFF,0x80,0x01,0xFF,0xF0,0x00,0x7F,0xFE,0x00,0x1F,0xFF,0x80,0x01,0xFF,0xF0,0x00,0xFF,0xF8,0x00,
  0x0F,0xFF,0x80,0x07,0xFF,0xC0,0x00,0x7F,0xFE,0x00,0x7F,0xFC,0x00,0x01,0xFF,0xF0,0x03,0xFF,0xE0,0x00,0x0F,0xFF,0x80,0x1F,
  0xFF,0x00,0x00,0x3F,0xFE,0x01,0xFF,0xF0,0x00,0x01,0xFF,0xF0,0x0F,0xFF,0x80,0x00,0x0F,0xFF,0x80,0x7F,0xFC,0x00,0x00,0x3F,
  0xFE,0x03,0xFF,0xC0,0x00,0x01,0xFF,0xF0,0x3F,0xFE,0x00,0x00,0x07,0xFF,0x81,0xFF,0xE0,0x00,0x00,0x3F,0xFE,0x0F,0xFF,0x00,
  0x00,0x01,0xFF,0xF0,0xFF,0xF8,0x00,0x00,0x07,0xFF,0x87,0xFF,0x80,0x00,0x00,0x3F,0xFC,0x3F,0xFC,0x00,0x00,0x00,0xFF,0xF1,
  0xFF,0xC0,0x00,0x00,0x07,0xFF,0x9F,0xFE,0x00,0x00,0x00,0x1F,0xFC,0xFF,0xF0,0x00,0x00,0x00,0xFF,0xF7,0xFF,0x00,0x00,0x00,
  0x07,0xFF,0xBF,0xF8,0x00,0x00,0x00,0x1F,0xFF,0xFF,0xC0,0x00,0x00,0x00,0xFF,0xFF,0xFC,0x00,0x00,0x00,0x03,0xFF,0xFF,0xE0,
  0x00,0x00,0x00,0x1F,0xFF,0xFE,0x00,0x00,0x00,0x00,0xFF,0xFF,0xF0,0x00,0x00,0x00,0x03,0xFF,0xFF,0x80,0x00,0x00,0x00,0x1F,
  0xFF,0xF8,0x00,0x00,0x00,0x00,0x7F,0xFF,0xC0,0x00,0x00,0x00,0x03,0xFF,0xFC,0x00,0x00,0x00,0x00,0x1F,0xFF,0xE0,0x00,0x00,
  0x00,0x00,0x7F,0xFF,0x00,0x00,0x00,0x00,0x03,0xFF,0xF0,0x00,0x00,0x00,0x00,0x1F,0xFF,0x80,0x00,0x00,0x00,0x00,0xFF,0xFC,
  0x00,0x00,0x00,0x00,0x0F,0xFF,0xC0,0x00,0x00,0x00,0x00,0x7F,0xFE,0x00,0x00,0x00,0x00,0x03,0xFF,0xE0,0x00,0x00,0x00,0x00,
  0x3F,0xFF,0x00,0x00,0x00,0x00,0x01,0xFF,0xF8,0x00,0x00,0x00,0x00,0x1F,0xFF,0x80,0x00,0x00,0x00,0x01,0xFF,0xFC,0x00,0x00,
  0x00,0x00,0x0F,0xFF,0xC0,0x00,0x00,0x00,0x01,0xFF,0xFE,0x00,0x00,0x00,0x00,0x3F,0xFF,0xE0,0x00,0x00,0x01,0xFF,0xFF,0xFF,
  0x00,0x00,0x00,0x0F,0xFF,0xFF,0xF0,0x00,0x00,0x00,0x7F,0xFF,0xFF,0x00,0x00,0x00,0x03,0xFF,0xFF,0xF0,0x00,0x00,0x00,0x1F,
  0xFF,0xFF,0x80,0x00,0x00,0x00,0xFF,0xFF,0xF8,0x00,0x00,0x00,0x07,0xFF,0xFF,0x80,0x00,0x00,0x00,0x3F,0xFF,0xF0,0x00,0x00,
  0x00,0x01,0xFF,0xFE,0x00,0x00,0x00,0x00,0x07,0xFF,0xC0,0x00,0x00,0x00,0x00,0x00,0x00,0x00,0x00,0x7F,0xFC,0x00,0x00,0x00,
  0x00,0x00,0x00,0x00,0x00,0xFF,0xF8,0x00,0x00,0x00,0x00,0x00,0x00,0x00,0x01,0xFF,0xF0,0x00,0x00,0x00,0x00,0x00,0x00,0x00,
  0x03,0xFF,0xE0,0x00,0x00,0x00,0x00,0x00,0x00,0x00,0x07,0xFF,0xC0,0x00,0x00,0x00,0x00,0x00,0x00,0x00,0x0F,0xFF,0x80,0x00,
  0x00,0x00,0x00,0x00,0x00,0x00,0x1F,0xFF,0x00,0x00,0x00,0x00,0x00,0x00,0x00,0x00,0x3F,0xFE,0x00,0x00,0x00,0x00,0x00,0x00,
  0x00,0x00,0x7F,0xFC,0x00,0x00,0x00,0x00,0x00,0x00,0x00,0x00,0xFF,0xF8,0x00,0x00,0x00,0x00,0x00,0x00,0x00,0x01,0xFF,0xF0,
  0x00,0x00,0x00,0x00,0x00,0x00,0x00,0x03,0xFF,0xE0,0x00,0x00,0x00,0x00,0x00,0x00,0x00,0x07,0xFF,0xC0,0x00,0x00,0x00,0x00,
  0x00,0x00,0x00,0x0F,0xFF,0x80,0x00,0x00,0x00,0x00,0x00,0x00,0x00,0x1F,0xFF,0x00,0x00,0x00,0x00,0x00,0x00,0x00,0x00,0x3F,
  0xFE,0x00,0x00,0x00,0x00,0x00,0x00,0x00,0x00,0x7F,0xFC,0x00,0x00,0x00,0x00,0x00,0x00,0x00,0x00,0xFF,0xF8,0x00,0x00,0x00,
  0x00,0x00,0x00,0x00,0x01,0xFF,0xF0,0x00,0x00,0x00,0x00,0x00,0x1F,0xF0,0x03,0xFF,0xE0,0x0F,0xFE,0x00,0x00,0x01,0xFF,0xFC,
  0x07,0xFF,0xC0,0x7F,0xFF,0x00,0x00,0x0F,0xFF,0xFE,0x0F,0xFF,0x83,0xFF,0xFF,0x80,0x00,0x3F,0xFF,0xFE,0x1F,0xFF,0x0F,0xFF,
  0xFF,0x80,0x00,0xFF,0xFF,0xFE,0x3F,0xFE,0x3F,0xFF,0xFF,0x80,0x03,0xFF,0xFF,0xFE,0x7F,0xFC,0xFF,0xFF,0xFF,0x80,0x0F,0xFF,
  0xFF,0xFE,0xFF,0xFB,0xFF,0xFF,0xFF,0x80,0x3F,0xFF,0xFF,0xFD,0xFF,0xF7,0xFF,0xFF,0xFF,0x00,0x7F,0xFF,0xFF,0xFF,0xFF,0xFF,
  0xFF,0xFF,0xFF,0x01,0xFF,0xFF,0xC7,0xFF,0xFF,0xFF,0xC7,0xFF,0xFF,0x03,0xFF,0xFC,0x01,0xFF,0xFF,0xFC,0x03,0xFF,0xFE,0x0F,
  0xFF,0xF0,0x01,0xFF,0xFF,0xF0,0x03,0xFF,0xFC,0x1F,0xFF,0xC0,0x01,0xFF,0xFF,0xC0,0x03,0xFF,0xFC,0x3F,0xFF,0x80,0x03,0xFF,
  0xFF,0x00,0x03,0xFF,0xF8,0xFF,0xFE,0x00,0x03,0xFF,0xFE,0x00,0x07,0xFF,0xF1,0xFF,0xFC,0x00,0x07,0xFF,0xF8,0x00,0x07,0xFF,
  0xF3,0xFF,0xF0,0x00,0x07,0xFF,0xF0,0x00,0x0F,0xFF,0xE7,0xFF,0xE0,0x00,0x0F,0xFF,0xE0,0x00,0x1F,0xFF,0xCF,0xFF,0xC0,0x00,
  0x1F,0xFF,0x80,0x00,0x1F,0xFF,0xBF,0xFF,0x80,0x00,0x1F,0xFF,0x00,0x00,0x3F,0xFF,0x7F,0xFF,0x00,0x00,0x3F,0xFE,0x00,0x00,
  0x7F,0xFE,0xFF,0xFC,0x00,0x00,0x7F,0xFC,0x00,0x00,0xFF,0xFD,0xFF,0xF8,0x00,0x00,0xFF,0xF8,0x00,0x01,0xFF,0xFF,0xFF,0xF0,
  0x00,0x01,0xFF,0xF0,0x00,0x03,0xFF,0xFF,0xFF,0xE0,0x00,0x03,0xFF,0xE0,0x00,0x07,0xFF,0xFF,0xFF,0xC0,0x00,0x07,0xFF,0xC0,
  0x00,0x0F,0xFF,0xFF,0xFF,0x80,0x00,0x0F,0xFF,0x80,0x00,0x1F,0xFF,0xFF,0xFF,0x00,0x00,0x1F,0xFE,0x00,0x00,0x3F,0xFF,0xFF,
  0xFE,0x00,0x00,0x3F,0xFE,0x00,0x00,0x7F,0xFF,0xFF,0xFC,0x00,0x00,0x7F,0xFC,0x00,0x00,0xFF,0xFF,0xFF,0xF8,0x00,0x00,0xFF,
  0xF8,0x00,0x01,0xFF,0xFF,0xFF,0xF0,0x00,0x01,0xFF,0xF0,0x00,0x03,0xFF,0xF7,0xFF,0xE0,0x00,0x03,0xFF,0xE0,0x00,0x07,0xFF,
  0xEF,0xFF,0xE0,0x00,0x07,0xFF,0xC0,0x00,0x0F,0xFF,0xDF,0xFF,0xC0,0x00,0x1F,0xFF,0x80,0x00,0x1F,0xFF,0x9F,0xFF,0x80,0x00,
  0x3F,0xFF,0x00,0x00,0x3F,0xFF,0x3F,0xFF,0x00,0x00,0x7F,0xFF,0x00,0x00,0xFF,0xFE,0x7F,0xFE,0x00,0x00,0xFF,0xFE,0x00,0x01,
  0xFF,0xFC,0xFF,0xFE,0x00,0x03,0xFF,0xFC,0x00,0x03,0xFF,0xF1,0xFF,0xFC,0x00,0x07,0xFF,0xFC,0x00,0x0F,0xFF,0xE1,0xFF,0xFC,
  0x00,0x1F,0xFF,0xF8,0x00,0x1F,0xFF,0xC3,0xFF,0xF8,0x00,0x3F,0xFF,0xF8,0x00,0x7F,0xFF,0x07,0xFF,0xF8,0x00,0xFF,0xFF,0xF8,
  0x01,0xFF,0xFE,0x07,0xFF,0xF8,0x07,0xFF,0xFF,0xF8,0x07,0xFF,0xFC,0x0F,0xFF,0xFE,0x3F,0xFF,0xFF,0xFE,0x3F,0xFF,0xF0,0x0F,
  0xFF,0xFF,0xFF,0x7F,0xFF,0xFF,0xFF,0xFF,0xE0,0x1F,0xFF,0xFF,0xFE,0xFF,0xFF,0xFF,0xFF,0xFF,0x80,0x1F,0xFF,0xFF,0xF9,0xFF,
  0xF7,0xFF,0xFF,0xFE,0x00,0x1F,0xFF,0xFF,0xF3,0xFF,0xE7,0xFF,0xFF,0xFC,0x00,0x1F,0xFF,0xFF,0xC7,0xFF,0xC7,0xFF,0xFF,0xF0,
  0x00,0x1F,0xFF,0xFF,0x0F,0xFF,0x87,0xFF,0xFF,0xC0,0x00,0x1F,0xFF,0xF8,0x1F,0xFF,0x07,0xFF,0xFE,0x00,0x00,0x0F,0xFF,0xC0,
  0x3F,0xFE,0x03,0xFF,0xF0,0x00,0x00,0x07,0xFE,0x00,0x7F,0xFC,0x00,0xFF,0x80,0x00,0x00,0x00,0x00,0x00,0xFF,0xF8,0x00,0x00,
  0x00,0x00,0x00,0x00,0x00,0x01,0xFF,0xF0,0x00,0x00,0x00,0x00,0x00,0x00,0x00,0x03,0xFF,0xE0,0x00,0x00,0x00,0x00,0x00,0x00,
  0x00,0x07,0xFF,0xC0,0x00,0x00,0x00,0x00,0x00,0x00,0x00,0x0F,0xFF,0x80,0x00,0x00,0x00,0x00,0x00,0x00,0x00,0x1F,0xFF,0x00,
  0x00,0x00,0x00,0x00,0x00,0x00,0x00,0x3F,0xFE,0x00,0x00,0x00,0x00,0x00,0x00,0x00,0x00,0x7F,0xFC,0x00,0x00,0x00,0x00,0x00,
  0x00,0x00,0x00,0xFF,0xF8,0x00,0x00,0x00,0x00,0x00,0x00,0x00,0x01,0xFF,0xF0,0x00,0x00,0x00,0x00,0x00,0x00,0x00,0x03,0xFF,
  0xE0,0x00,0x00,0x00,0x00,0x00,0x00,0x00,0x07,0xFF,0xC0,0x00,0x00,0x00,0x00,0x00,0x00,0x00,0x0F,0xFF,0x80,0x00,0x00,0x00,
  0x00,0x00,0x00,0x00,0x1F,0xFF,0x00,0x00,0x00,0x00,0x00,0x00,0x00,0x00,0x3F,0xFE,0x00,0x00,0x00,0x00,0x00,0x00,0x00,0x00,
  0x7F,0xFC,0x00,0x00,0x00,0x00,0x00,0x00,0x00,0x00,0xFF,0xF8,0x00,0x00,0x00,0x00,0x00,0x00,0x00,0x01,0xFF,0xF0,0x00,0x00,
  0x00,0x00,0x00,0x00,0x00,0x03,0xFF,0xE0,0x00,0x00,0x00,0x00,0x00,0x00,0x00,0x07,0xFF,0xC0,0x00,0x00,0x00,0x00,0x7F,0xFF,
  0x00,0x00,0x07,0xFF,0xF1,0xFF,0xF8,0x00,0x00,0x7F,0xFF,0x0F,0xFF,0xE0,0x00,0x03,0xFF,0xF8,0x3F,0xFF,0x80,0x00,0x3F,0xFF,
  0x80,0xFF,0xFC,0x00,0x01,0xFF,0xF8,0x03,0xFF,0xF0,0x00,0x1F,0xFF,0x80,0x1F,0xFF,0xC0,0x01,0xFF,0xFC,0x00,0x7F,0xFE,0x00,
  0x0F,0xFF,0xC0,0x01,0xFF,0xF8,0x00,0xFF,0xFC,0x00,0x0F,0xFF,0xE0,0x0F,0xFF,0xC0,0x00,0x3F,0xFF,0x00,0x7F,0xFE,0x00,0x00,
  0xFF,0xFC,0x07,0xFF,0xE0,0x00,0x03,0xFF,0xF0,0x7F,0xFE,0x00,0x00,0x1F,0xFF,0x83,0xFF,0xE0,0x00,0x00,0x7F,0xFE,0x3F,0xFF,
  0x00,0x00,0x01,0xFF,0xF3,0xFF,0xF0,0x00,0x00,0x0F,0xFF,0xDF,0xFF,0x00,0x00,0x00,0x3F,0xFF,0xFF,0xF8,0x00,0x00,0x00,0xFF,
  0xFF,0xFF,0x80,0x00,0x00,0x03,0xFF,0xFF,0xF8,0x00,0x00,0x00,0x1F,0xFF,0xFF,0x80,0x00,0x00,0x00,0x7F,0xFF,0xFC,0x00,0x00,
  0x00,0x01,0xFF,0xFF,0xC0,0x00,0x00,0x00,0x07,0xFF,0xFC,0x00,0x00,0x00,0x00,0x3F,0xFF,0xC0,0x00,0x00,0x00,0x01,0xFF,0xFE,
  0x00,0x00,0x00,0x00,0x0F,0xFF,0xF8,0x00,0x00,0x00,0x00,0xFF,0xFF,0xE0,0x00,0x00,0x00,0x0F,0xFF,0xFF,0x80,0x00,0x00,0x00,
  0x7F,0xFF,0xFC,0x00,0x00,0x00,0x07,0xFF,0xFF,0xF0,0x00,0x00,0x00,0x7F,0xFF,0xFF,0xC0,0x00,0x00,0x07,0xFF,0xFF,0xFE,0x00,
  0x00,0x00,0x3F,0xFF,0xFF,0xF8,0x00,0x00,0x03,0xFF,0xF7,0xFF,0xE0,0x00,0x00,0x3F,0xFF,0x1F,0xFF,0x80,0x00,0x01,0xFF,0xF0,
  0xFF,0xFC,0x00,0x00,0x1F,0xFF,0x83,0xFF,0xF0,0x00,0x01,0xFF,0xF8,0x0F,0xFF,0xC0,0x00,0x0F,0xFF,0x80,0x7F,0xFE,0x00,0x00,
  0xFF,0xFC,0x01,0xFF,0xF8,0x00,0x0F,0xFF,0xC0,0x07,0xFF,0xE0,0x00,0xFF,0xFC,0x00,0x3F,0xFF,0x80,0x07,0xFF,0xE0,0x00,0xFF,
  0xFC,0x00,0x7F,0xFE,0x00,0x03,0xFF,0xF0,0x07,0xFF,0xE0,0x00,0x1F,0xFF,0xC0,0x3F,0xFF,0x00,0x00,0x7F,0xFE,0x03,0xFF,0xF0,
  0x00,0x01,0xFF,0xF8,0x3F,0xFF,0x00,0x00,0x0F,0xFF,0xE3,0xFF,0xF8,0x00,0x00,0x3F,0xFF,0x9F,0xFF,0x80,0x00,0x00,0xFF,0xFD,
  0xFF,0xFC,0x00,0x00,0x07,0xFF,0xF0,0xFF,0xFC,0x00,0x00,0xFF,0xFC,0x07,0xFF,0xE0,0x00,0x07,0xFF,0xE0,0x3F,0xFF,0x00,0x00,
  0x3F,0xFF,0x01,0xFF,0xF8,0x00,0x01,0xFF,0xF8,0x0F,0xFF,0xC0,0x00,0x0F,0xFF,0xC0,0x7F,0xFE,0x00,0x00,0x7F,0xFE,0x03,0xFF,
  0xF0,0x00,0x03,0xFF,0xF0,0x1F,0xFF,0x80,0x00,0x1F,0xFF,0x80,0xFF,0xFC,0x00,0x00,0xFF,0xFC,0x07,0xFF,0xE0,0x00,0x07,0xFF,
  0xE0,0x3F,0xFF,0x00,0x00,0x3F,0xFF,0x01,0xFF,0xF8,0x00,0x01,0xFF,0xF8,0x0F,0xFF,0xC0,0x00,0x0F,0xFF,0xC0,0x7F,0xFE,0x00,
  0x00,0x7F,0xFE,0x03,0xFF,0xF0,0x00,0x03,0xFF,0xF0,0x1F,0xFF,0x80,0x00,0x1F,0xFF,0x80,0xFF,0xFC,0x00,0x00,0xFF,0xFC,0x07,
  0xFF,0xE0,0x00,0x07,0xFF,0xE0,0x3F,0xFF,0x00,0x00,0x3F,0xFF,0x01,0xFF,0xF8,0x00,0x01,0xFF,0xF8,0x0F,0xFF,0xC0,0x00,0x0F,
  0xFF,0xC0,0x7F,0xFE,0x00,0x00,0x7F,0xFE,0x03,0xFF,0xF0,0x00,0x03,0xFF,0xF0,0x1F,0xFF,0x80,0x00,0x1F,0xFF,0x80,0xFF,0xFC,
  0x00,0x00,0xFF,0xFC,0x07,0xFF,0xE0,0x00,0x07,0xFF,0xE0,0x3F,0xFF,0x00,0x00,0x3F,0xFF,0x01,0xFF,0xF8,0x00,0x01,0xFF,0xF8,
  0x0F,0xFF,0xC0,0x00,0x0F,0xFF,0xC0,0x7F,0xFE,0x00,0x00,0x7F,0xFE,0x03,0xFF,0xF0,0x00,0x03,0xFF,0xF0,0x1F,0xFF,0x80,0x00,
  0x1F,0xFF,0x80,0xFF,0xFC,0x00,0x00,0xFF,0xFC,0x07,0xFF,0xE0,0x00,0x07,0xFF,0xE0,0x3F,0xFF,0x00,0x00,0x3F,0xFF,0x01,0xFF,
  0xF8,0x00,0x01,0xFF,0xF8,0x0F,0xFF,0xC0,0x00,0x0F,0xFF,0xC0,0x7F,0xFE,0x00,0x00,0x7F,0xFE,0x03,0xFF,0xF0,0x00,0x03,0xFF,
  0xF0,0x1F,0xFF,0x80,0x00,0x1F,0xFF,0x80,0xFF,0xFC,0x00,0x00,0xFF,0xFC,0x07,0xFF,0xE0,0x00,0x07,0xFF,0xE0,0x3F,0xFF,0x00,
  0x00,0x3F,0xFF,0x01,0xFF,0xFF,0xFF,0xFF,0xFF,0xFF,0xFF,0xFF,0xFF,0xFF,0xFF,0xFF,0xFF,0xFF,0xFF,0xFF,0xFF,0xFF,0xFF,0xFF,
  0xFF,0xFF,0xFF,0xFF,0xFF,0xFF,0xFF,0xFF,0xFF,0xFF,0xFF,0xFF,0xFF,0xFF,0xFF,0xFF,0xFF,0xFF,0xFF,0xFF,0xFF,0xFF,0xFF,0xFF,
  0xFF,0xFF,0xFF,0xFF,0xFF,0xFF,0xFF,0xFF,0xFF,0xFF,0xFF,0xFF,0xFF,0xFF,0xFF,0xF0,0x00,0x00,0x00,0x00,0x07,0xFF,0x80,0x00,
  0x00,0x00,0x00,0x3F,0xFC,0x00,0x00,0x00,0x00,0x01,0xFF,0xE0,0x00,0x00,0x00,0x00,0x0F,0xFF,0x00,0x00,0x00,0x00,0x00,0x7F,
  0xF8,0x00,0x00,0x00,0x00,0x03,0xFF,0xC0,0x00,0x00,0x00,0x00,0x1F,0xFE,0x00,0x00,0x00,0x00,0x00,0xFF,0xF0,0x00,0x00,0x00,
  0x00,0x07,0xFF,0x80,0x00,0x00,0x00,0x00,0x3F,0xFC,0x00,0x00,0x00,0x00,0x01,0xFF,0xE0,0x00,0x00,0x00,0x00,0x0F,0xFF,0x00,
  0x00,0x00,0x00,0x00,0x7F,0xF8,0x00,0x00,0x00,0x00,0x03,0xFF,0xC0,0x00,0x00,0x00,0x00,0x1F,0xFE,0x00,0x00,0x00,0x00,0x00,
  0xFF,0xF0,0x00,0x00,0x00,0x00,0x07,0xFF,0x80,0x00,0x00,0x00,0x00,0x3F,0xFC,0x00,0x00,0x00,0x00,0x01,0xFF,0xE0,0x00,0x00,
  0x00,0x00,0x0F,0xFF,0xFF,0xFC,0x00,0x00,0x7F,0xFF,0xFF,0xF8,0x00,0x00,0xFF,0xFF,0xFF,0xF0,0x00,0x01,0xFF,0xFF,0xFF,0xE0,
  0x00,0x03,0xFF,0xFF,0xFF,0xC0,0x00,0x07,0xFF,0xFF,0xFF,0x80,0x00,0x0F,0xFF,0xFF,0xFF,0x00,0x00,0x1F,0xFF,0xFF,0xFE,0x00,
  0x00,0x3F,0xFF,0xFF,0xFC,0x00,0x00,0x7F,0xFF,0xFF,0xF8,0x00,0x00,0xFF,0xFF,0xFF,0xF0,0x00,0x01,0xFF,0xFF,0xFF,0xE0,0x00,
  0x03,0xFF,0xFF,0xFF,0xC0,0x00,0x07,0xFF,0xFF,0xFF,0x80,0x00,0x0F,0xFF,0xFF,0xFF,0x00,0x00,0x1F,0xFF,0xFF,0xFE,0x00,0x00,
  0x3F,0xFF,0xFF,0xFC,0x00,0x00,0x7F,0xFF,0xFF,0xF8,0x00,0x00,0xFF,0xFF,0xFF,0xF0,0x00,0x01,0xFF,0xFF,0xFF,0xE0,0x00,0x03,
  0xFF,0xFF,0xFF,0xC0,0x00,0x07,0xFF,0xFF,0xFF,0x80,0x00,0x0F,0xFF,0xFF,0xFF,0x80,0x00,0x1F,0xFF,0xFF,0xFF,0x00,0x00,0x3F,
  0xFF,0xFF,0xFF,0x00,0x03,0xFF,0xFF,0xFF,0xFF,0xC0,0xFF,0xFF,0xFD,0xFF,0xFF,0xFF,0xFF,0xFF,0xFB,0xFF,0xFF,0xFF,0xFF,0xFF,
  0xF7,0xFF,0xFF,0xFF,0xFF,0xFF,0xE7,0xFF,0xFF,0xFF,0xFF,0xFF,0xC7,0xFF,0xFF,0xFF,0xFF,0xFF,0x8F,0xFF,0xFF,0xFF,0xFF,0xFF,
  0x0F,0xFF,0xFF,0xFE,0x7F,0xFE,0x07,0xFF,0xFF,0xF0,0xFF,0xFC,0x07,0xFF,0xFE,0x01,0xFF,0xF8,0x01,0xFF,0xC0,0x03,0xFF,0xF0,
  0x00,0x00,0x00,0x07,0xFF,0xE0,0x00,0x00,0x00,0x0F,0xFF,0xC0,0x00,0x00,0x00,0x1F,0xFF,0x80,0x00,0x00,0x00,0x3F,0xFF,0x00,
  0x00,0x00,0x00,0x7F,0xFE,0x00,0x00,0x00,0x00,0xFF,0xFC,0x00,0x00,0x00,0x01,0xFF,0xF8,0x00,0x00,0x00,0x03,0xFF,0xF0,0x00,
  0x00,0x00,0x07,0xFF,0xE0,0x00,0x00,0x00,0x0F,0xFF,0xC0,0x00,0x00,0x00,0x1F,0xFF,0x80,0x00,0x00,0x00,0x3F,0xFF,0x00,0x00,
  0x00,0x00,0x7F,0xFE,0x00,0x00,0x00,0x00,0xFF,0xFC,0x00,0x00,0x00,0x01,0xFF,0xF8,0x00,0x00,0x00,0x03,0xFF,0xF0,0xFF,0xF8,
  0x00,0x0F,0xFF,0x80,0x00,0xFF,0xFF,0xFF,0x80,0x00,0xFF,0xF8,0x00,0x0F,0xFF,0xFF,0xF8,0x00,0x0F,0xFF,0x80,0x00,0xFF,0xFF,
  0xFF,0x80,0x00,0xFF,0xF8,0x00,0x0F,0xFF,0xFF,0xF8,0x00,0x0F,0xFF,0x80,0x00,0xFF,0xFF,0xFF,0x80,0x00,0xFF,0xF8,0x00,0x0F,
  0xFF,0xFF,0xF8,0x00,0x0F,0xFF,0x80,0x00,0xFF,0xFF,0xFF,0x80,0x00,0xFF,0xF8,0x00,0x0F,0xFF,0xFF,0xF8,0x00,0x0F,0xFF,0x80,
  0x00,0xFF,0xFF,0xFF,0x80,0x00,0xFF,0xF8,0x00,0x0F,0xFF,0xFF,0xF8,0x00,0x0F,0xFF,0x80,0x00,0xFF,0xFF,0xFF,0x80,0x00,0xFF,
  0xF8,0x00,0x0F,0xFF,0xFF,0xF8,0x00,0x0F,0xFF,0x80,0x00,0xFF,0xFF,0xFF,0x80,0x00,0xFF,0xF8,0x00,0x0F,0xFF,0xFF,0xF8,0x00,
  0x0F,0xFF,0x80,0x00,0xFF,0xFF,0xFF,0x80,0x00,0xFF,0xF8,0x00,0x0F,0xFF,0xFF,0xF8,0x00,0x0F,0xFF,0x80,0x00,0xFF,0xFF,0xFF,
  0x80,0x00,0xFF,0xF8,0x00,0x0F,0xFF,0xFF,0xF8,0x00,0x0F,0xFF,0x80,0x00,0xFF,0xFF,0xFF,0x80,0x00,0xFF,0xF8,0x00,0x0F,0xFF,
  0xFF,0xF8,0x00,0x0F,0xFF,0x80,0x00,0xFF,0xFF,0xFF,0x80,0x00,0xFF,0xF8,0x00,0x0F,0xFF,0xFF,0xF8,0x00,0x0F,0xFF,0x80,0x00,
  0xFF,0xFF,0xFF,0x80,0x00,0xFF,0xF8,0x00,0x0F,0xFF,0xFF,0xF8,0x00,0x0F,0xFF,0x80,0x00,0xFF,0xFF,0xFF,0x80,0x00,0xFF,0xF8,
  0x00,0x0F,0xFF,0xFF,0xF8,0x00,0x0F,0xFF,0x80,0x00,0xFF,0xFF,0xFF,0x80,0x00,0xFF,0xF8,0x00,0x0F,0xFF,0xFF,0xF8,0x00,0x0F,
  0xFF,0x80,0x00,0xFF,0xFF,0xFF,0x80,0x00,0xFF,0xF8,0x00,0x0F,0xFF,0xFF,0xF8,0x00,0x0F,0xFF,0x80,0x00,0xFF,0xFF,0xFF,0x80,
  0x00,0xFF,0xF8,0x00,0x0F,0xFF,0xFF,0xF8,0x00,0x0F,0xFF,0x80,0x00,0xFF,0xFF,0xFF,0x80,0x00,0xFF,0xF8,0x00,0x0F,0xFF,0xFF,
  0xF8,0x00,0x0F,0xFF,0x80,0x00,0xFF,0xFF,0xFF,0x80,0x00,0xFF,0xF8,0x00,0x0F,0xFF,0xFF,0xF8,0x00,0x0F,0xFF,0x80,0x00,0xFF,
  0xFF,0xFF,0x80,0x00,0xFF,0xF8,0x00,0x0F,0xFF,0xFF,0xF8,0x00,0x0F,0xFF,0x80,0x00,0xFF,0xFF,0xFF,0x80,0x00,0xFF,0xF8,0x00,
  0x0F,0xFF,0xFF,0xF8,0x00,0x0F,0xFF,0x80,0x00,0xFF,0xFF,0xFF,0x80,0x00,0xFF,0xF8,0x00,0x0F,0xFF,0xFF,0xF8,0x00,0x0F,0xFF,
  0x80,0x00,0xFF,0xFF,0xFF,0xFF,0xFF,0xFF,0xFF,0xFF,0xFF,0xFF,0xFF,0xFF,0xFF,0xFF,0xFF,0xFF,0xFF,0xFF,0xFF,0xFF,0xFF,0xFF,
  0xFF,0xFF,0xFF,0xFF,0xFF,0xFF,0xFF,0xFF,0xFF,0xFF,0xFF,0xFF,0xFF,0xFF,0xFF,0xFF,0xFF,0xFF,0xFF,0xFF,0xFF,0xFF,0xFF,0xFF,
  0xFF,0xFF,0xFF,0xFF,0xFF,0xFF,0xFF,0xFF,0xFF,0xFF,0xFF,0xFF,0xFF,0xFF,0xFF,0xFF,0xFF,0xFF,0xFF,0xFF,0xFF,0xFF,0xFF,0xFF,
  0xFF,0xFF,0xFF,0xFF,0xFF,0xFF,0xFF,0xFF,0xFF,0xF8,0x00,0x0F,0xFF,0x80,0x00,0xFF,0xF8,0x0F,0xFF,0x80,0x00,0xFF,0xF8,0x00,
  0x0F,0xFF,0x80,0xFF,0xF8,0x00,0x0F,0xFF,0x80,0x00,0xFF,0xF8,0x0F,0xFF,0x80,0x00,0xFF,0xF8,0x00,0x0F,0xFF,0x80,0xFF,0xF8,
  0x00,0x0F,0xFF,0x80,0x00,0xFF,0xF8,0x0F,0xFF,0x80,0x00,0xFF,0xF8,0x00,0x0F,0xFF,0x80,0xFF,0xF8,0x00,0x0F,0xFF,0x80,0x00,
  0xFF,0xF8,0x0F,0xFF,0x80,0x00,0xFF,0xF8,0x00,0x0F,0xFF,0x80,0xFF,0xF8,0x00,0x0F,0xFF,0x80,0x00,0xFF,0xF8,0x0F,0xFF,0x80,
  0x00,0xFF,0xF8,0x00,0x0F,0xFF,0x80,0xFF,0xF8,0x00,0x0F,0xFF,0x80,0x00,0xFF,0xF8,0x0F,0xFF,0x80,0x00,0xFF,0xF8,0x00,0x0F,
  0xFF,0x80,0xFF,0xF8,0x00,0x0F,0xFF,0x80,0x00,0xFF,0xF8,0x0F,0xFF,0x80,0x00,0xFF,0xF8,0x00,0x0F,0xFF,0x80,0xFF,0xF8,0x00,
  0x0F,0xFF,0x80,0x00,0xFF,0xF8,0x0F,0xFF,0x80,0x00,0xFF,0xF8,0x00,0x0F,0xFF,0x80,0xFF,0xF8,0x00,0x0F,0xFF,0x80,0x00,0xFF,
  0xF8,0x0F,0xFF,0x80,0x00,0xFF,0xF8,0x00,0x0F,0xFF,0x80,0xFF,0xF8,0x00,0x0F,0xFF,0x80,0x00,0xFF,0xF8,0x0F,0xFF,0x80,0x00,
  0xFF,0xF8,0x00,0x0F,0xFF,0x80,0xFF,0xF8,0x00,0x0F,0xFF,0x80,0x00,0xFF,0xF8,0x0F,0xFF,0x80,0x00,0xFF,0xF8,0x00,0x0F,0xFF,
  0x80,0xFF,0xF8,0x00,0x0F,0xFF,0x80,0x00,0xFF,0xF8,0x0F,0xFF,0x80,0x00,0xFF,0xF8,0x00,0x0F,0xFF,0x80,0xFF,0xF8,0x00,0x0F,
  0xFF,0x80,0x00,0xFF,0xF8,0x0F,0xFF,0x80,0x00,0xFF,0xF8,0x00,0x0F,0xFF,0x80,0xFF,0xF8,0x00,0x0F,0xFF,0x80,0x00,0xFF,0xF8,
  0x0F,0xFF,0x80,0x00,0xFF,0xF8,0x00,0x0F,0xFF,0x80,0xFF,0xF8,0x00,0x0F,0xFF,0x80,0x00,0xFF,0xF8,0x0F,0xFF,0x80,0x00,0xFF,
  0xF8,0x00,0x0F,0xFF,0x80,0xFF,0xF8,0x00,0x0F,0xFF,0x80,0x00,0xFF,0xF8,0x0F,0xFF,0x80,0x00,0xFF,0xF8,0x00,0x0F,0xFF,0x80,
  0xFF,0xF8,0x00,0x0F,0xFF,0x80,0x00,0xFF,0xF8,0x0F,0xFF,0x80,0x00,0xFF,0xF8,0x00,0x0F,0xFF,0x80,0xFF,0xF8,0x00,0x0F,0xFF,
  0x80,0x00,0xFF,0xF8,0x0F,0xFF,0x80,0x00,0xFF,0xF8,0x00,0x0F,0xFF,0x80,0xFF,0xF8,0x00,0x0F,0xFF,0x80,0x00,0xFF,0xF8,0x0F,
  0xFF,0x80,0x00,0xFF,0xF8,0x00,0x0F,0xFF,0x80,0xFF,0xF8,0x00,0x0F,0xFF,0x80,0x00,0xFF,0xF8,0x0F,0xFF,0x80,0x00,0xFF,0xF8,
  0x00,0x0F,0xFF,0x80,0xFF,0xF8,0x00,0x0F,0xFF,0x80,0x00,0xFF,0xF8,0x0F,0xFF,0x80,0x00,0xFF,0xF8,0x00,0x0F,0xFF,0x80,0xFF,
  0xF8,0x00,0x0F,0xFF,0x80,0x00,0xFF,0xF8,0x0F,0xFF,0xFF,0xFF,0xFF,0xFF,0xFF,0xFF,0xFF,0xFF,0xFF,0xFF,0xFF,0xFF,0xFF,0xFF,
  0xFF,0xFF,0xFF,0xFF,0xFF,0xFF,0xFF,0xFF,0xFF,0xFF,0xFF,0xFF,0xFF,0xFF,0xFF,0xFF,0xFF,0xFF,0xFF,0xFF,0xFF,0xFF,0xFF,0xFF,
  0xFF,0xFF,0xFF,0xFF,0xFF,0xFF,0xFF,0xFF,0xFF,0xFF,0xFF,0xFF,0xFF,0xFF,0xFF,0xFF,0xFF,0xFF,0xFF,0xFF,0xFF,0xFF,0xFF,0xFF,
  0xFF,0xFF,0xFF,0xFF,0xFF,0xFF,0xFF,0xFF,0xFF,0xFF,0xFF,0xFF,0xFF,0xFF,0xFF,0xFF,0xFF,0xFF,0xFF,0xFF,0xFF,0xFF,0x00,0x00,
  0x00,0x00,0x00,0x00,0x00,0x00,0xFF,0xF0,0x00,0x00,0x00,0x00,0x00,0x00,0x00,0x0F,0xFF,0x00,0x00,0x00,0x00,0x00,0x00,0x00,
  0x00,0xFF,0xF0,0x00,0x00,0x00,0x00,0x00,0x00,0x00,0x0F,0xFF,0x00,0x00,0x00,0x00,0x00,0x00,0x00,0x00,0xFF,0xF0,0x00,0x00,
  0x00,0x00,0x00,0x00,0x00,0x0F,0xFF,0x00,0x00,0x00,0x00,0x00,0x00,0x00,0x00,0xFF,0xF0,0x00,0x00,0x00,0x00,0x00,0x00,0x00,
  0x0F,0xFF,0x00,0x00,0x00,0x00,0x00,0x00,0x00,0x00,0xFF,0xF0,0x00,0x00,0x00,0x00,0x00,0x00,0x00,0x0F,0xFF,0x00,0x00,0x00,
  0x00,0x00,0x00,0x00,0x00,0xFF,0xF0,0x00,0x00,0x00,0x00,0x00,0x00,0x00,0x0F,0xFF,0x00,0x00,0x00,0x00,0x00,0x00,0x00,0x00,
  0xFF,0xF0,0x00,0x00,0x00,0x00,0x00,0x00,0x00,0x0F,0xFF,0x00,0x00,0x00,0x00,0x00,0x00,0x00,0x00,0xFF,0xF0,0x00,0x00,0x00,
  0x00,0x00,0x00,0x00,0x0F,0xFF,0x00,0x00,0x00,0x00,0x00,0x00,0x00,0x00,0xFF,0xF0,0x00,0x00,0x00,0x00,0x00,0x00,0x00,0x0F,
  0xFF,0x00,0x00,0x00,0x00,0x00,0x00,0x00,0x00,0xFF,0xF0,0x00,0x00,0x00,0x00,0x00,0x00,0x00,0x0F,0xFF,0xFF,0xFF,0xFF,0xFF,
  0x00,0x00,0x00,0x00,0x3F,0xFF,0xFF,0xFF,0xC0,0x00,0x00,0x00,0x0F,0xFF,0xFF,0xFF,0xF0,0x00,0x00,0x00,0x03,0xFF,0xFF,0xFF,
  0xFC,0x00,0x00,0x00,0x00,0xFF,0xFF,0xFF,0xFF,0x00,0x00,0x00,0x00,0x3F,0xFF,0xFF,0xFF,0xC0,0x00,0x00,0x00,0x0F,0xFF,0xFF,
  0xFF,0xF0,0x00,0x00,0x00,0x03,0xFF,0xFF,0xFF,0xFC,0x00,0x00,0x00,0x00,0xFF,0xFF,0xFF,0xFF,0x00,0x00,0x00,0x00,0x00,0x00,
  0x0F,0xFF,0xC0,0x00,0x00,0x00,0x00,0x00,0x03,0xFF,0xF0,0x00,0x00,0x00,0x00,0x00,0x00,0xFF,0xFC,0x00,0x00,0x00,0x00,0x00,
  0x00,0x3F,0xFF,0x00,0x00,0x00,0x00,0x00,0x00,0x0F,0xFF,0xC0,0x00,0x00,0x00,0x00,0x00,0x03,0xFF,0xF0,0x00,0x00,0x00,0x00,
  0x00,0x00,0xFF,0xFC,0x00,0x00,0x00,0x00,0x00,0x00,0x3F,0xFF,0x00,0x00,0x00,0x00,0x00,0x00,0x0F,0xFF,0xC0,0x00,0x00,0x00,
  0x00,0x00,0x03,0xFF,0xF0,0x00,0x00,0x00,0x00,0x00,0x00,0xFF,0xFC,0x00,0x00,0x00,0x00,0x00,0x00,0x3F,0xFF,0x00,0x00,0x00,
  0x00,0x00,0x00,0x0F,0xFF,0xFF,0xFF,0xF8,0x00,0x00,0x00,0x03,0xFF,0xFF,0xFF,0xFF,0xF0,0x00,0x00,0x00,0xFF,0xFF,0xFF,0xFF,
  0xFF,0x00,0x00,0x00,0x3F,0xFF,0xFF,0xFF,0xFF,0xF0,0x00,0x00,0x0F,0xFF,0xFF,0xFF,0xFF,0xFF,0x00,0x00,0x03,0xFF,0xFF,0xFF,
  0xFF,0xFF,0xE0,0x00,0x00,0xFF,0xFF,0xFF,0xFF,0xFF,0xFC,0x00,0x00,0x3F,0xFF,0xFF,0xFF,0xFF,0xFF,0x00,0x00,0x0F,0xFF,0xC0,
  0x03,0xFF,0xFF,0xE0,0x00,0x03,0xFF,0xF0,0x00,0x0F,0xFF,0xF8,0x00,0x00,0xFF,0xFC,0x00,0x00,0xFF,0xFE,0x00,0x00,0x3F,0xFF,
  0x00,0x00,0x1F,0xFF,0xC0,0x00,0x0F,0xFF,0xC0,0x00,0x03,0xFF,0xF0,0x00,0x03,0xFF,0xF0,0x00,0x00,0xFF,0xFC,0x00,0x00,0xFF,
  0xFC,0x00,0x00,0x3F,0xFF,0x00,0x00,0x3F,0xFF,0x00,0x00,0x0F,0xFF,0xC0,0x00,0x0F,0xFF,0xC0,0x00,0x03,0xFF,0xF0,0x00,0x03,
  0xFF,0xF0,0x00,0x00,0xFF,0xFC,0x00,0x00,0xFF,0xFC,0x00,0x00,0x7F,0xFF,0x00,0x00,0x3F,0xFF,0x00,0x00,0x1F,0xFF,0xC0,0x00,
  0x0F,0xFF,0xC0,0x00,0x0F,0xFF,0xE0,0x00,0x03,0xFF,0xF0,0x00,0x0F,0xFF,0xF8,0x00,0x00,0xFF,0xFF,0xFF,0xFF,0xFF,0xFC,0x00,
  0x00,0x3F,0xFF,0xFF,0xFF,0xFF,0xFF,0x00,0x00,0x0F,0xFF,0xFF,0xFF,0xFF,0xFF,0x80,0x00,0x03,0xFF,0xFF,0xFF,0xFF,0xFF,0xC0,
  0x00,0x00,0xFF,0xFF,0xFF,0xFF,0xFF,0xE0,0x00,0x00,0x3F,0xFF,0xFF,0xFF,0xFF,0xF0,0x00,0x00,0x0F,0xFF,0xFF,0xFF,0xFF,0xF0,
  0x00,0x00,0x03,0xFF,0xFF,0xFF,0xFF,0xE0,0x00,0x00,0x00,0xFF,0xFF,0xFF,0xFF,0x80,0x00,0xFF,0xFC,0x00,0x00,0x00,0x00,0x00,
  0x7F,0xFF,0xFF,0xF8,0x00,0x00,0x00,0x00,0x00,0xFF,0xFF,0xFF,0xF0,0x00,0x00,0x00,0x00,0x01,0xFF,0xFF,0xFF,0xE0,0x00,0x00,
  0x00,0x00,0x03,0xFF,0xFF,0xFF,0xC0,0x00,0x00,0x00,0x00,0x07,0xFF,0xFF,0xFF,0x80,0x00,0x00,0x00,0x00,0x0F,0xFF,0xFF,0xFF,
  0x00,0x00,0x00,0x00,0x00,0x1F,0xFF,0xFF,0xFE,0x00,0x00,0x00,0x00,0x00,0x3F,0xFF,0xFF,0xFC,0x00,0x00,0x00,0x00,0x00,0x7F,
  0xFF,0xFF,0xF8,0x00,0x00,0x00,0x00,0x00,0xFF,0xFF,0xFF,0xF0,0x00,0x00,0x00,0x00,0x01,0xFF,0xFF,0xFF,0xE0,0x00,0x00,0x00,
  0x00,0x03,0xFF,0xFF,0xFF,0xC0,0x00,0x00,0x00,0x00,0x07,0xFF,0xFF,0xFF,0x80,0x00,0x00,0x00,0x00,0x0F,0xFF,0xFF,0xFF,0x00,
  0x00,0x00,0x00,0x00,0x1F,0xFF,0xFF,0xFE,0x00,0x00,0x00,0x00,0x00,0x3F,0xFF,0xFF,0xFC,0x00,0x00,0x00,0x00,0x00,0x7F,0xFF,
  0xFF,0xF8,0x00,0x00,0x00,0x00,0x00,0xFF,0xFF,0xFF,0xF0,0x00,0x00,0x00,0x00,0x01,0xFF,0xFF,0xFF,0xE0,0x00,0x00,0x00,0x00,
  0x03,0xFF,0xFF,0xFF,0xC0,0x00,0x00,0x00,0x00,0x07,0xFF,0xFF,0xFF,0xFF,0xFF,0xFC,0x00,0x00,0x0F,0xFF,0xFF,0xFF,0xFF,0xFF,
  0xFF,0x80,0x00,0x1F,0xFF,0xFF,0xFF,0xFF,0xFF,0xFF,0xE0,0x00,0x3F,0xFF,0xFF,0xFF,0xFF,0xFF,0xFF,0xF0,0x00,0x7F,0xFF,0xFF,
  0xFF,0xFF,0xFF,0xFF,0xF0,0x00,0xFF,0xFF,0xFF,0xFF,0xFF,0xFF,0xFF,0xF0,0x01,0xFF,0xFF,0xFF,0xFF,0xFF,0xFF,0xFF,0xF0,0x03,
  0xFF,0xFF,0xFF,0xFF,0xFF,0xFF,0xFF,0xF0,0x07,0xFF,0xFF,0xFF,0x80,0x03,0xFF,0xFF,0xE0,0x0F,0xFF,0xFF,0xFF,0x00,0x00,0x3F,
  0xFF,0xE0,0x1F,0xFF,0xFF,0xFE,0x00,0x00,0x1F,0xFF,0xC0,0x3F,0xFF,0xFF,0xFC,0x00,0x00,0x1F,0xFF,0x80,0x7F,0xFF,0xFF,0xF8,
  0x00,0x00,0x3F,0xFF,0x80,0xFF,0xFF,0xFF,0xF0,0x00,0x00,0x3F,0xFF,0x01,0xFF,0xFF,0xFF,0xE0,0x00,0x00,0x7F,0xFE,0x03,0xFF,
  0xFF,0xFF,0xC0,0x00,0x00,0xFF,0xFC,0x07,0xFF,0xFF,0xFF,0x80,0x00,0x01,0xFF,0xF8,0x0F,0xFF,0xFF,0xFF,0x00,0x00,0x07,0xFF,
  0xF0,0x1F,0xFF,0xFF,0xFE,0x00,0x00,0x0F,0xFF,0xC0,0x3F,0xFF,0xFF,0xFC,0x00,0x00,0x3F,0xFF,0x80,0x7F,0xFF,0xFF,0xF8,0x00,
  0x00,0xFF,0xFF,0x00,0xFF,0xFF,0xFF,0xF0,0x00,0x07,0xFF,0xFE,0x01,0xFF,0xFF,0xFF,0xFF,0xFF,0xFF,0xFF,0xF8,0x03,0xFF,0xFF,
  0xFF,0xFF,0xFF,0xFF,0xFF,0xE0,0x07,0xFF,0xFF,0xFF,0xFF,0xFF,0xFF,0xFF,0xC0,0x0F,0xFF,0xFF,0xFF,0xFF,0xFF,0xFF,0xFF,0x00,
  0x1F,0xFF,0xFF,0xFF,0xFF,0xFF,0xFF,0xF8,0x00,0x3F,0xFF,0xFF,0xFF,0xFF,0xFF,0xFF,0xE0,0x00,0x7F,0xFF,0xFF,0xFF,0xFF,0xFF,
  0xFF,0x00,0x00,0xFF,0xFF,0xFF,0xFF,0xFF,0xFF,0xF8,0x00,0x01,0xFF,0xFF,0xFF,0xFF,0xFF,0xFE,0x00,0x00,0x03,0xFF,0xF0,0xFF,
  0xFC,0x00,0x00,0x00,0x00,0x3F,0xFF,0x00,0x00,0x00,0x00,0x0F,0xFF,0xC0,0x00,0x00,0x00,0x03,0xFF,0xF0,0x00,0x00,0x00,0x00,
  0xFF,0xFC,0x00,0x00,0x00,0x00,0x3F,0xFF,0x00,0x00,0x00,0x00,0x0F,0xFF,0xC0,0x00,0x00,0x00,0x03,0xFF,0xF0,0x00,0x00,0x00,
  0x00,0xFF,0xFC,0x00,0x00,0x00,0x00,0x3F,0xFF,0x00,0x00,0x00,0x00,0x0F,0xFF,0xC0,0x00,0x00,0x00,0x03,0xFF,0xF0,0x00,0x00,
  0x00,0x00,0xFF,0xFC,0x00,0x00,0x00,0x00,0x3F,0xFF,0x00,0x00,0x00,0x00,0x0F,0xFF,0xC0,0x00,0x00,0x00,0x03,0xFF,0xF0,0x00,
  0x00,0x00,0x00,0xFF,0xFC,0x00,0x00,0x00,0x00,0x3F,0xFF,0x00,0x00,0x00,0x00,0x0F,0xFF,0xC0,0x00,0x00,0x00,0x03,0xFF,0xF0,
  0x00,0x00,0x00,0x00,0xFF,0xFC,0x00,0x00,0x00,0x00,0x3F,0xFF,0xFF,0xFF,0xF8,0x00,0x0F,0xFF,0xFF,0xFF,0xFF,0xE0,0x03,0xFF,
  0xFF,0xFF,0xFF,0xFF,0x00,0xFF,0xFF,0xFF,0xFF,0xFF,0xF0,0x3F,0xFF,0xFF,0xFF,0xFF,0xFE,0x0F,0xFF,0xFF,0xFF,0xFF,0xFF,0xC3,
  0xFF,0xFF,0xFF,0xFF,0xFF,0xF8,0xFF,0xFF,0xFF,0xFF,0xFF,0xFF,0x3F,0xFF,0x00,0x07,0xFF,0xFF,0xCF,0xFF,0xC0,0x00,0x0F,0xFF,
  0xFB,0xFF,0xF0,0x00,0x00,0xFF,0xFE,0xFF,0xFC,0x00,0x00,0x1F,0xFF,0xBF,0xFF,0x00,0x00,0x07,0xFF,0xFF,0xFF,0xC0,0x00,0x00,
  0xFF,0xFF,0xFF,0xF0,0x00,0x00,0x3F,0xFF,0xFF,0xFC,0x00,0x00,0x0F,0xFF,0xFF,0xFF,0x00,0x00,0x03,0xFF,0xFF,0xFF,0xC0,0x00,
  0x01,0xFF,0xFF,0xFF,0xF0,0x00,0x00,0x7F,0xFE,0xFF,0xFC,0x00,0x00,0x3F,0xFF,0xBF,0xFF,0x00,0x00,0x1F,0xFF,0xEF,0xFF,0xC0,
  0x00,0x1F,0xFF,0xFB,0xFF,0xFF,0xFF,0xFF,0xFF,0xFC,0xFF,0xFF,0xFF,0xFF,0xFF,0xFE,0x3F,0xFF,0xFF,0xFF,0xFF,0xFF,0x8F,0xFF,
  0xFF,0xFF,0xFF,0xFF,0xC3,0xFF,0xFF,0xFF,0xFF,0xFF,0xC0,0xFF,0xFF,0xFF,0xFF,0xFF,0xE0,0x3F,0xFF,0xFF,0xFF,0xFF,0xE0,0x0F,
  0xFF,0xFF,0xFF,0xFF,0xE0,0x03,0xFF,0xFF,0xFF,0xFF,0x00,0x00,0x00,0x00,0x7F,0xF8,0x00,0x00,0x00,0x07,0xFF,0xFF,0x80,0x00,
  0x00,0x1F,0xFF,0xFF,0xE0,0x00,0x00,0x7F,0xFF,0xFF,0xF8,0x00,0x00,0xFF,0xFF,0xFF,0xFC,0x00,0x03,0xFF,0xFF,0xFF,0xFF,0x00,
  0x07,0xFF,0xFF,0xFF,0xFF,0x80,0x0F,0xFF,0xFF,0xFF,0xFF,0xC0,0x0F,0xFF,0xFF,0xFF,0xFF,0xC0,0x1F,0xFF,0xFC,0xFF,0xFF,0xE0,
  0x3F,0xFF,0xC0,0x0F,0xFF,0xF0,0x3F,0xFF,0x80,0x03,0xFF,0xF0,0x7F,0xFF,0x00,0x01,0xFF,0xF8,0x7F,0xFE,0x00,0x01,0xFF,0xF8,
  0x7F,0xFE,0x00,0x00,0xFF,0xFC,0xFF,0xFC,0x00,0x00,0xFF,0xFC,0xFF,0xFC,0x00,0x00,0xFF,0xFC,0x3F,0xFC,0x00,0x00,0x7F,0xFE,
  0x00,0x00,0x00,0x00,0x7F,0xFE,0x00,0x00,0x00,0x00,0x7F,0xFE,0x00,0x00,0x00,0x00,0x7F,0xFE,0x00,0x00,0x00,0x00,0x7F,0xFF,
  0x00,0x00,0x3F,0xFF,0xFF,0xFF,0x00,0x00,0x3F,0xFF,0xFF,0xFF,0x00,0x00,0x3F,0xFF,0xFF,0xFF,0x00,0x00,0x3F,0xFF,0xFF,0xFF,
  0x00,0x00,0x3F,0xFF,0xFF,0xFF,0x00,0x00,0x3F,0xFF,0xFF,0xFF,0x00,0x00,0x3F,0xFF,0xFF,0xFF,0x00,0x00,0x3F,0xFF,0xFF,0xFF,
  0x00,0x00,0x3F,0xFF,0xFF,0xFF,0x00,0x00,0x00,0x00,0x7F,0xFF,0x00,0x00,0x00,0x00,0x7F,0xFF,0x00,0x00,0x00,0x00,0x7F,0xFE,
  0x00,0x00,0x00,0x00,0x7F,0xFE,0x7F,0xF8,0x00,0x00,0x7F,0xFE,0xFF,0xF8,0x00,0x00,0x7F,0xFE,0xFF,0xFC,0x00,0x00,0xFF,0xFE,
  0xFF,0xFC,0x00,0x00,0xFF,0xFC,0xFF,0xFC,0x00,0x00,0xFF,0xFC,0x7F,0xFE,0x00,0x01,0xFF,0xF8,0x7F,0xFF,0x00,0x03,0xFF,0xF8,
  0x3F,0xFF,0x80,0x07,0xFF,0xF8,0x3F,0xFF,0xC0,0x0F,0xFF,0xF0,0x1F,0xFF,0xF8,0x7F,0xFF,0xE0,0x0F,0xFF,0xFF,0xFF,0xFF,0xE0,
  0x0F,0xFF,0xFF,0xFF,0xFF,0xC0,0x07,0xFF,0xFF,0xFF,0xFF,0x80,0x03,0xFF,0xFF,0xFF,0xFF,0x00,0x00,0xFF,0xFF,0xFF,0xFE,0x00,
  0x00,0x7F,0xFF,0xFF,0xF8,0x00,0x00,0x1F,0xFF,0xFF,0xE0,0x00,0x00,0x07,0xFF,0xFF,0x80,0x00,0x00,0x00,0x7F,0xF8,0x00,0x00,
  0x00,0x00,0x00,0x00,0x00,0x3F,0xFE,0x00,0x00,0x3F,0xFF,0x00,0x00,0x00,0xFF,0xFF,0xF8,0x00,0x0F,0xFF,0xC0,0x00,0x00,0xFF,
  0xFF,0xFF,0x80,0x03,0xFF,0xF0,0x00,0x00,0xFF,0xFF,0xFF,0xF8,0x00,0xFF,0xFC,0x00,0x00,0x7F,0xFF,0xFF,0xFF,0x00,0x3F,0xFF,
  0x00,0x00,0x7F,0xFF,0xFF,0xFF,0xF0,0x0F,0xFF,0xC0,0x00,0x3F,0xFF,0xFF,0xFF,0xFE,0x03,0xFF,0xF0,0x00,0x1F,0xFF,0xFF,0xFF,
  0xFF,0xC0,0xFF,0xFC,0x00,0x07,0xFF,0xFF,0xFF,0xFF,0xF8,0x3F,0xFF,0x00,0x03,0xFF,0xFF,0x8F,0xFF,0xFE,0x0F,0xFF,0xC0,0x01,
  0xFF,0xFF,0x00,0x7F,0xFF,0xC3,0xFF,0xF0,0x00,0x7F,0xFF,0x00,0x07,0xFF,0xF0,0xFF,0xFC,0x00,0x3F,0xFF,0x80,0x00,0xFF,0xFE,
  0x3F,0xFF,0x00,0x0F,0xFF,0xC0,0x00,0x1F,0xFF,0x8F,0xFF,0xC0,0x07,0xFF,0xF0,0x00,0x07,0xFF,0xF3,0xFF,0xF0,0x01,0xFF,0xF8,
  0x00,0x00,0xFF,0xFC,0xFF,0xFC,0x00,0xFF,0xFE,0x00,0x00,0x3F,0xFF,0x3F,0xFF,0x00,0x3F,0xFF,0x00,0x00,0x0F,0xFF,0xEF,0xFF,
  0xC0,0x0F,0xFF,0xC0,0x00,0x01,0xFF,0xFB,0xFF,0xF0,0x03,0xFF,0xF0,0x00,0x00,0x7F,0xFE,0xFF,0xFC,0x01,0xFF,0xFC,0x00,0x00,
  0x1F,0xFF,0xBF,0xFF,0x00,0x7F,0xFF,0x00,0x00,0x07,0xFF,0xEF,0xFF,0xFF,0xFF,0xFF,0x80,0x00,0x01,0xFF,0xFF,0xFF,0xFF,0xFF,
  0xFF,0xE0,0x00,0x00,0x7F,0xFF,0xFF,0xFF,0xFF,0xFF,0xF8,0x00,0x00,0x1F,0xFF,0xFF,0xFF,0xFF,0xFF,0xFE,0x00,0x00,0x07,0xFF,
  0xFF,0xFF,0xFF,0xFF,0xFF,0x80,0x00,0x01,0xFF,0xFF,0xFF,0xFF,0xFF,0xFF,0xE0,0x00,0x00,0x7F,0xFF,0xFF,0xFF,0xFF,0xFF,0xF8,
  0x00,0x00,0x1F,0xFF,0xFF,0xFF,0xFF,0xFF,0xFE,0x00,0x00,0x07,0xFF,0xFF,0xFF,0xFF,0xFF,0xFF,0x80,0x00,0x01,0xFF,0xFF,0xFF,
  0xF0,0x07,0xFF,0xE0,0x00,0x00,0x7F,0xFE,0xFF,0xFC,0x01,0xFF,0xFC,0x00,0x00,0x1F,0xFF,0xBF,0xFF,0x00,0x7F,0xFF,0x00,0x00,
  0x07,0xFF,0xEF,0xFF,0xC0,0x1F,0xFF,0xC0,0x00,0x01,0xFF,0xFB,0xFF,0xF0,0x03,0xFF,0xF0,0x00,0x00,0xFF,0xFE,0xFF,0xFC,0x00,
  0xFF,0xFC,0x00,0x00,0x3F,0xFF,0xBF,0xFF,0x00,0x3F,0xFF,0x80,0x00,0x0F,0xFF,0xCF,0xFF,0xC0,0x0F,0xFF,0xE0,0x00,0x07,0xFF,
  0xF3,0xFF,0xF0,0x01,0xFF,0xFC,0x00,0x01,0xFF,0xFC,0xFF,0xFC,0x00,0x7F,0xFF,0x00,0x00,0xFF,0xFE,0x3F,0xFF,0x00,0x0F,0xFF,
  0xE0,0x00,0x3F,0xFF,0x8F,0xFF,0xC0,0x03,0xFF,0xFC,0x00,0x1F,0xFF,0xC3,0xFF,0xF0,0x00,0x7F,0xFF,0x80,0x1F,0xFF,0xF0,0xFF,
  0xFC,0x00,0x1F,0xFF,0xFC,0x3F,0xFF,0xF8,0x3F,0xFF,0x00,0x03,0xFF,0xFF,0xFF,0xFF,0xFC,0x0F,0xFF,0xC0,0x00,0x7F,0xFF,0xFF,
  0xFF,0xFE,0x03,0xFF,0xF0,0x00,0x0F,0xFF,0xFF,0xFF,0xFF,0x00,0xFF,0xFC,0x00,0x01,0xFF,0xFF,0xFF,0xFF,0x80,0x3F,0xFF,0x00,
  0x00,0x3F,0xFF,0xFF,0xFF,0xC0,0x0F,0xFF,0xC0,0x00,0x03,0xFF,0xFF,0xFF,0xC0,0x03,0xFF,0xF0,0x00,0x00,0x3F,0xFF,0xFF,0xE0,
  0x00,0xFF,0xFC,0x00,0x00,0x03,0xFF,0xFF,0xC0,0x00,0x00,0x00,0x00,0x00,0x00,0x0F,0xFF,0x00,0x00,0x00,0x00,0x00,0x1F,0xFF,
  0xFF,0xFF,0xE0,0x00,0x3F,0xFF,0xFF,0xFF,0xFC,0x00,0x3F,0xFF,0xFF,0xFF,0xFF,0x80,0x1F,0xFF,0xFF,0xFF,0xFF,0xF0,0x07,0xFF,
  0xFF,0xFF,0xFF,0xFE,0x01,0xFF,0xFF,0xFF,0xFF,0xFF,0xC0,0x7F,0xFF,0xFF,0xFF,0xFF,0xF8,0x1F,0xFF,0xFF,0xFF,0xFF,0xFF,0x03,
  0xFF,0xFF,0xFF,0xFF,0xFF,0xE0,0xFF,0xFF,0x80,0x00,0xFF,0xFC,0x1F,0xFF,0xC0,0x00,0x1F,0xFF,0x83,0xFF,0xF0,0x00,0x03,0xFF,
  0xF0,0xFF,0xFE,0x00,0x00,0x7F,0xFE,0x1F,0xFF,0x80,0x00,0x0F,0xFF,0xC3,0xFF,0xF0,0x00,0x01,0xFF,0xF8,0x7F,0xFE,0x00,0x00,
  0x3F,0xFF,0x0F,0xFF,0xC0,0x00,0x07,0xFF,0xE1,0xFF,0xF8,0x00,0x00,0xFF,0xFC,0x1F,0xFF,0x80,0x00,0x1F,0xFF,0x83,0xFF,0xF0,
  0x00,0x03,0xFF,0xF0,0x7F,0xFF,0x00,0x00,0x7F,0xFE,0x0F,0xFF,0xF8,0x00,0x0F,0xFF,0xC0,0xFF,0xFF,0xE0,0x01,0xFF,0xF8,0x0F,
  0xFF,0xFF,0xFF,0xFF,0xFF,0x01,0xFF,0xFF,0xFF,0xFF,0xFF,0xE0,0x1F,0xFF,0xFF,0xFF,0xFF,0xFC,0x01,0xFF,0xFF,0xFF,0xFF,0xFF,
  0x80,0x0F,0xFF,0xFF,0xFF,0xFF,0xF0,0x00,0x7F,0xFF,0xFF,0xFF,0xFE,0x00,0x03,0xFF,0xFF,0xFF,0xFF,0xC0,0x00,0x7F,0xFF,0xFF,
  0xFF,0xF8,0x00,0x1F,0xFF,0x80,0x3F,0xFF,0x00,0x07,0xFF,0xE0,0x07,0xFF,0xE0,0x00,0xFF,0xF8,0x00,0xFF,0xFC,0x00,0x3F,0xFF,
  0x00,0x1F,0xFF,0x80,0x0F,0xFF,0xC0,0x03,0xFF,0xF0,0x03,0xFF,0xF8,0x00,0x7F,0xFE,0x00,0x7F,0xFE,0x00,0x0F,0xFF,0xC0,0x1F,
  0xFF,0x80,0x01,0xFF,0xF8,0x07,0xFF,0xF0,0x00,0x3F,0xFF,0x00,0xFF,0xFC,0x00,0x07,0xFF,0xE0,0x3F,0xFF,0x00,0x00,0xFF,0xFC,
  0x0F,0xFF,0xE0,0x00,0x1F,0xFF,0x81,0xFF,0xF8,0x00,0x03,0xFF,0xF0,0x7F,0xFF,0x00,0x00,0x7F,0xFE,0x1F,0xFF,0xC0,0x00,0x0F,
  0xFF,0xC3,0xFF,0xF0,0x00,0x01,0xFF,0xF8,0xFF,0xFE,0x00,0x00,0x3F,0xFF,0x3F,0xFF,0x80,0x00,0x07,0xFF,0xE7,0xFF,0xE0,0x00,
  0x00,0xFF,0xFD,0xFF,0xFC,0x00,0x00,0x1F,0xFF,0xFF,0xFF,0x00,0x00,0x03,0xFF,0xF0,0x00,0xFF,0xF8,0x00,0x00,0x00,0x00,0xFF,
  0xFC,0x00,0x00,0x00,0x00,0x7F,0xFE,0x00,0x00,0x00,0x00,0x3F,0xFF,0x00,0x00,0x00,0x00,0x1F,0xFF,0x80,0x00,0x00,0x00,0x07,
  0xFF,0xC0,0x00,0x00,0x00,0x03,0xFF,0xE0,0x00,0x00,0x00,0x01,0xFF,0xF0,0x00,0x00,0x00,0x00,0xFF,0xF0,0x00,0x00,0x00,0x00,
  0x3F,0xF8,0x00,0x00,0x00,0x00,0x1F,0xFC,0x00,0x00,0x00,0x00,0x0F,0xFE,0x00,0x00,0x00,0x00,0x07,0xFF,0x00,0x00,0x00,0x00,
  0x01,0xFF,0x80,0x00,0x00,0x00,0x00,0xFF,0x80,0x00,0x00,0x00,0x00,0x00,0x00,0x00,0x00,0x00,0x00,0x00,0x00,0x00,0x00,0x00,
  0x00,0x00,0x00,0x00,0x00,0x00,0x00,0x00,0x00,0x00,0x00,0x00,0x00,0x00,0x00,0x00,0x00,0x00,0x3F,0xFC,0x00,0x00,0x00,0x01,
  0xFF,0xFF,0xC0,0x00,0x00,0x0F,0xFF,0xFF,0xF0,0x00,0x00,0x3F,0xFF,0xFF,0xFC,0x00,0x00,0x7F,0xFF,0xFF,0xFE,0x00,0x00,0xFF,
  0xFF,0xFF,0xFF,0x00,0x01,0xFF,0xFF,0xFF,0xFF,0x80,0x03,0xFF,0xFF,0xFF,0xFF,0xC0,0x07,0xFF,0xFF,0xFF,0xFF,0xE0,0x0F,0xFF,
  0xF0,0x0F,0xFF,0xE0,0x0F,0xFF,0xC0,0x03,0xFF,0xF0,0x1F,0xFF,0x80,0x01,0xFF,0xF0,0x1F,0xFF,0x80,0x00,0xFF,0xF8,0x3F,0xFF,
  0x00,0x00,0x7F,0xF8,0x3F,0xFF,0x00,0x00,0x7F,0xFC,0x7F,0xFE,0x00,0x00,0x7F,0xFC,0x7F,0xFE,0x00,0x00,0x3F,0xFC,0x7F,0xFE,
  0x00,0x00,0x3F,0xFC,0x7F,0xFC,0x00,0x00,0x3F,0xFE,0xFF,0xFC,0x00,0x00,0x3F,0xFE,0xFF,0xFC,0x00,0x00,0x3F,0xFE,0xFF,0xFF,
  0xFF,0xFF,0xFF,0xFE,0xFF,0xFF,0xFF,0xFF,0xFF,0xFE,0xFF,0xFF,0xFF,0xFF,0xFF,0xFE,0xFF,0xFF,0xFF,0xFF,0xFF,0xFF,0xFF,0xFF,
  0xFF,0xFF,0xFF,0xFF,0xFF,0xFF,0xFF,0xFF,0xFF,0xFF,0xFF,0xFF,0xFF,0xFF,0xFF,0xFF,0xFF,0xFF,0xFF,0xFF,0xFF,0xFF,0xFF,0xFF,
  0xFF,0xFF,0xFF,0xFE,0xFF,0xFC,0x00,0x00,0x00,0x00,0xFF,0xFC,0x00,0x00,0x00,0x00,0xFF,0xFC,0x00,0x00,0x00,0x00,0xFF,0xFC,
  0x00,0x00,0x00,0x00,0xFF,0xFE,0x00,0x00,0x00,0x00,0x7F,0xFE,0x00,0x00,0x00,0x00,0x7F,0xFE,0x00,0x00,0x00,0x00,0x7F,0xFE,
  0x00,0x00,0x00,0x00,0x7F,0xFF,0x00,0x00,0x00,0x00,0x3F,0xFF,0x00,0x00,0x3F,0x80,0x3F,0xFF,0x80,0x00,0x7F,0xFE,0x1F,0xFF,
  0x80,0x00,0x7F,0xFC,0x1F,0xFF,0xC0,0x00,0xFF,0xFC,0x0F,0xFF,0xF0,0x01,0xFF,0xF8,0x0F,0xFF,0xFC,0x0F,0xFF,0xF8,0x07,0xFF,
  0xFF,0xFF,0xFF,0xF0,0x03,0xFF,0xFF,0xFF,0xFF,0xE0,0x01,0xFF,0xFF,0xFF,0xFF,0xC0,0x00,0xFF,0xFF,0xFF,0xFF,0x80,0x00,0x7F,
  0xFF,0xFF,0xFF,0x00,0x00,0x3F,0xFF,0xFF,0xFE,0x00,0x00,0x0F,0xFF,0xFF,0xF8,0x00,0x00,0x03,0xFF,0xFF,0xC0,0x00,0x00,0x00,
  0x3F,0xFC,0x00,0x00,0x00,0x7F,0xE0,0x07,0xFF,0x00,0x00,0x7F,0xE0,0x07,0xFF,0x00,0x00,0x7F,0xE0,0x07,0xFF,0x00,0x00,0x7F,
  0xE0,0x07,0xFF,0x00,0x00,0x7F,0xE0,0x07,0xFF,0x00,0x00,0x7F,0xE0,0x07,0xFF,0x00,0x00,0x7F,0xE0,0x07,0xFF,0x00,0x00,0x7F,
  0xE0,0x07,0xFF,0x00,0x00,0x7F,0xE0,0x07,0xFF,0x00,0x00,0x7F,0xE0,0x07,0xFF,0x00,0x00,0x7F,0xE0,0x07,0xFF,0x00,0x00,0x00,
  0x00,0x00,0x00,0x00,0x00,0x00,0x00,0x00,0x00,0x00,0x00,0x00,0x00,0x00,0x00,0x00,0x00,0x00,0x00,0x00,0x00,0x00,0x00,0x00,
  0x00,0x00,0x00,0x00,0x00,0x00,0x3F,0xFC,0x00,0x00,0x00,0x01,0xFF,0xFF,0xC0,0x00,0x00,0x0F,0xFF,0xFF,0xF0,0x00,0x00,0x3F,
  0xFF,0xFF,0xFC,0x00,0x00,0x7F,0xFF,0xFF,0xFE,0x00,0x00,0xFF,0xFF,0xFF,0xFF,0x00,0x01,0xFF,0xFF,0xFF,0xFF,0x80,0x03,0xFF,
  0xFF,0xFF,0xFF,0xC0,0x07,0xFF,0xFF,0xFF,0xFF,0xE0,0x0F,0xFF,0xF0,0x0F,0xFF,0xE0,0x0F,0xFF,0xC0,0x03,0xFF,0xF0,0x1F,0xFF,
  0x80,0x01,0xFF,0xF0,0x1F,0xFF,0x80,0x00,0xFF,0xF8,0x3F,0xFF,0x00,0x00,0x7F,0xF8,0x3F,0xFF,0x00,0x00,0x7F,0xFC,0x7F,0xFE,
  0x00,0x00,0x7F,0xFC,0x7F,0xFE,0x00,0x00,0x3F,0xFC,0x7F,0xFE,0x00,0x00,0x3F,0xFC,0x7F,0xFC,0x00,0x00,0x3F,0xFE,0xFF,0xFC,
  0x00,0x00,0x3F,0xFE,0xFF,0xFC,0x00,0x00,0x3F,0xFE,0xFF,0xFF,0xFF,0xFF,0xFF,0xFE,0xFF,0xFF,0xFF,0xFF,0xFF,0xFE,0xFF,0xFF,
  0xFF,0xFF,0xFF,0xFE,0xFF,0xFF,0xFF,0xFF,0xFF,0xFF,0xFF,0xFF,0xFF,0xFF,0xFF,0xFF,0xFF,0xFF,0xFF,0xFF,0xFF,0xFF,0xFF,0xFF,
  0xFF,0xFF,0xFF,0xFF,0xFF,0xFF,0xFF,0xFF,0xFF,0xFF,0xFF,0xFF,0xFF,0xFF,0xFF,0xFE,0xFF,0xFC,0x00,0x00,0x00,0x00,0xFF,0xFC,
  0x00,0x00,0x00,0x00,0xFF,0xFC,0x00,0x00,0x00,0x00,0xFF,0xFC,0x00,0x00,0x00,0x00,0xFF,0xFE,0x00,0x00,0x00,0x00,0x7F,0xFE,
  0x00,0x00,0x00,0x00,0x7F,0xFE,0x00,0x00,0x00,0x00,0x7F,0xFE,0x00,0x00,0x00,0x00,0x7F,0xFF,0x00,0x00,0x00,0x00,0x3F,0xFF,
  0x00,0x00,0x3F,0x80,0x3F,0xFF,0x80,0x00,0x7F,0xFE,0x1F,0xFF,0x80,0x00,0x7F,0xFC,0x1F,0xFF,0xC0,0x00,0xFF,0xFC,0x0F,0xFF,
  0xF0,0x01,0xFF,0xF8,0x0F,0xFF,0xFC,0x0F,0xFF,0xF8,0x07,0xFF,0xFF,0xFF,0xFF,0xF0,0x03,0xFF,0xFF,0xFF,0xFF,0xE0,0x01,0xFF,
  0xFF,0xFF,0xFF,0xC0,0x00,0xFF,0xFF,0xFF,0xFF,0x80,0x00,0x7F,0xFF,0xFF,0xFF,0x00,0x00,0x3F,0xFF,0xFF,0xFE,0x00,0x00,0x0F,
  0xFF,0xFF,0xF8,0x00,0x00,0x03,0xFF,0xFF,0xC0,0x00,0x00,0x00,0x3F,0xFC,0x00,0x00,0x01,0xFF,0xF8,0x00,0x00,0x00,0x00,0x07,
  0xFF,0xE0,0x00,0x00,0x00,0x00,0x1F,0xFF,0x80,0x00,0x00,0x00,0x00,0x7F,0xFE,0x00,0x00,0x00,0x00,0x01,0xFF,0xF8,0x00,0x00,
  0x00,0x00,0x07,0xFF,0xE0,0x00,0x00,0x00,0x00,0x1F,0xFF,0x80,0x00,0x00,0x00,0x3F,0xFF,0xFF,0xFF,0xFC,0x00,0x00,0xFF,0xFF,
  0xFF,0xFF,0xF0,0x00,0x03,0xFF,0xFF,0xFF,0xFF,0xC0,0x00,0x0F,0xFF,0xFF,0xFF,0xFF,0x00,0x00,0x3F,0xFF,0xFF,0xFF,0xFC,0x00,
  0x00,0xFF,0xFF,0xFF,0xFF,0xF0,0x00,0x03,0xFF,0xFF,0xFF,0xFF,0xC0,0x00,0x0F,0xFF,0xFF,0xFF,0xFF,0x00,0x00,0x00,0x7F,0xFE,
  0x00,0x00,0x00,0x00,0x01,0xFF,0xF8,0x00,0x00,0x00,0x00,0x07,0xFF,0xE0,0x00,0x00,0x00,0x00,0x1F,0xFF,0x80,0x00,0x00,0x00,
  0x00,0x7F,0xFE,0x00,0x00,0x00,0x00,0x01,0xFF,0xF8,0x00,0xFF,0xC0,0x00,0x07,0xFF,0xE0,0x1F,0xFF,0xE0,0x00,0x1F,0xFF,0x80,
  0xFF,0xFF,0xE0,0x00,0x7F,0xFE,0x0F,0xFF,0xFF,0xC0,0x01,0xFF,0xF8,0x7F,0xFF,0xFF,0x80,0x07,0xFF,0xC3,0xFF,0xFF,0xFF,0x00,
  0x1F,0xFF,0x1F,0xFF,0xFF,0xFE,0x00,0x7F,0xFC,0xFF,0xFF,0xFF,0xFC,0x01,0xFF,0xF3,0xFF,0xFF,0xFF,0xF0,0x07,0xFF,0xDF,0xFF,
  0xFF,0xFF,0xE0,0x1F,0xFF,0x7F,0x83,0xFF,0xFF,0x80,0x7F,0xFF,0xF8,0x03,0xFF,0xFE,0x01,0xFF,0xFF,0x80,0x07,0xFF,0xFC,0x07,
  0xFF,0xFC,0x00,0x0F,0xFF,0xF0,0x1F,0xFF,0xF0,0x00,0x1F,0xFF,0xC0,0x7F,0xFF,0x80,0x00,0x7F,0xFF,0x01,0xFF,0xFC,0x00,0x00,
  0xFF,0xFC,0x07,0xFF,0xF0,0x00,0x03,0xFF,0xF0,0x1F,0xFF,0xC0,0x00,0x0F,0xFF,0xC0,0x7F,0xFE,0x00,0x00,0x3F,0xFF,0x01,0xFF,
  0xF8,0x00,0x00,0x7F,0xFC,0x07,0xFF,0xE0,0x00,0x01,0xFF,0xF0,0x1F,0xFF,0x80,0x00,0x07,0xFF,0xC0,0x7F,0xFE,0x00,0x00,0x1F,
  0xFF,0x01,0xFF,0xF8,0x00,0x00,0x7F,0xFC,0x07,0xFF,0xE0,0x00,0x01,0xFF,0xF0,0x1F,0xFF,0x80,0x00,0x07,0xFF,0xC0,0x7F,0xFE,
  0x00,0x00,0x1F,0xFF,0x01,0xFF,0xF8,0x00,0x00,0x7F,0xFC,0x07,0xFF,0xE0,0x00,0x01,0xFF,0xF0,0x1F,0xFF,0x80,0x00,0x07,0xFF,
  0xC0,0x7F,0xFE,0x00,0x00,0x1F,0xFF,0x01,0xFF,0xF8,0x00,0x00,0x7F,0xFC,0x07,0xFF,0xE0,0x00,0x01,0xFF,0xF0,0x1F,0xFF,0x80,
  0x00,0x07,0xFF,0xC0,0x7F,0xFE,0x00,0x00,0x1F,0xFF,0x01,0xFF,0xF8,0x00,0x00,0x7F,0xFC,0x07,0xFF,0xE0,0x00,0x01,0xFF,0xF0,
  0x1F,0xFF,0x80,0x00,0x07,0xFF,0xC0,0x7F,0xFE,0x00,0x00,0x1F,0xFF,0x01,0xFF,0xF8,0x00,0x00,0x7F,0xFC,0x07,0xFF,0xE0,0x00,
  0x01,0xFF,0xF0,0x1F,0xFF,0x80,0x00,0x07,0xFF,0xC0,0x7F,0xFE,0x00,0x00,0x1F,0xFF,0x01,0xFF,0xF8,0x00,0x00,0x7F,0xFC,0x07,
  0xFF,0xE0,0x00,0x01,0xFF,0xF0,0x1F,0xFF,0x80,0x00,0x07,0xFF,0xC0,0x7F,0xFE,0x00,0x00,0x1F,0xFF,0x01,0xFF,0xF8,0x00,0x00,
  0x7F,0xFC,0x07,0xFF,0xE0,0x00,0x01,0xFF,0xF0,0x1F,0xFF,0x80,0x00,0x07,0xFF,0xC0,0x7F,0xFE,0x00,0x00,0x1F,0xFF,0x00,0x00,
  0x00,0x00,0x00,0x7F,0xFC,0x00,0x00,0x00,0x00,0x01,0xFF,0xF0,0x00,0x00,0x00,0x00,0x07,0xFF,0xC0,0x00,0x00,0x00,0x00,0x1F,
  0xFF,0x00,0x00,0x00,0x00,0x00,0x7F,0xFC,0x00,0x00,0x00,0x00,0x01,0xFF,0xF0,0x00,0x00,0x00,0x00,0x0F,0xFF,0xC0,0x00,0x00,
  0x00,0x00,0x3F,0xFF,0x00,0x00,0x00,0x00,0x00,0xFF,0xFC,0x00,0x00,0x00,0x00,0x07,0xFF,0xF0,0x00,0x00,0x00,0x00,0x3F,0xFF,
  0xC0,0x00,0x00,0x00,0x3F,0xFF,0xFF,0x00,0x00,0x00,0x00,0xFF,0xFF,0xFC,0x00,0x00,0x00,0x03,0xFF,0xFF,0xE0,0x00,0x00,0x00,
  0x0F,0xFF,0xFF,0x80,0x00,0x00,0x00,0x3F,0xFF,0xFC,0x00,0x00,0x00,0x00,0xFF,0xFF,0xE0,0x00,0x00,0x00,0x03,0xFF,0xFF,0x80,
  0x00,0x00,0x00,0x0F,0xFF,0xF8,0x00,0x00,0x00,0x00,0x3F,0xFF,0xC0,0x00,0x00,0x00,0x00,0xFF,0xF8,0x00,0x00,0x00,0x1F,0xFF,
  0x00,0x00,0x3F,0xFF,0x00,0x00,0x3F,0xFF,0x00,0x00,0x7F,0xFE,0x00,0x00,0xFF,0xF8,0x00,0x01,0xFF,0xF0,0x00,0x03,0xFF,0xE0,
  0x00,0x07,0xFF,0x80,0x00,0x0F,0xFF,0x00,0x00,0x1F,0xFE,0x00,0x00,0x3F,0xFC,0x00,0x00,0x7F,0xF0,0x00,0x00,0x7F,0xE0,0x00,
  0x00,0xFF,0xC0,0x00,0x00,0xFF,0x80,0x00,0x00,0x00,0x00,0x00,0x00,0x00,0x00,0x00,0x00,0x00,0x00,0x00,0x00,0x00,0x00,0x00,
  0x00,0x00,0x00,0x00,0x00,0x00,0x00,0x00,0xFF,0xFF,0xFF,0xFF,0xFF,0xFF,0xFF,0xFF,0xFF,0xFF,0xFF,0xFF,0xFF,0xFF,0xFF,0xFF,
  0xFF,0xFF,0xFF,0xFF,0xFF,0xFF,0xFF,0xFF,0xFF,0xFF,0xFF,0xFF,0xFF,0xFF,0xFF,0xFF,0xFF,0xFF,0xFF,0xFF,0xFF,0xFC,0x00,0x00,
  0xFF,0xFC,0x00,0x00,0xFF,0xFC,0x00,0x00,0xFF,0xFC,0x00,0x00,0xFF,0xFC,0x00,0x00,0xFF,0xFC,0x00,0x00,0xFF,0xFC,0x00,0x00,
  0xFF,0xFC,0x00,0x00,0xFF,0xFC,0x00,0x00,0xFF,0xFC,0x00,0x00,0xFF,0xFC,0x00,0x00,0xFF,0xFC,0x00,0x00,0xFF,0xFC,0x00,0x00,
  0xFF,0xFC,0x00,0x00,0xFF,0xFC,0x00,0x00,0xFF,0xFC,0x00,0x00,0xFF,0xFC,0x00,0x00,0xFF,0xFC,0x00,0x00,0xFF,0xFC,0x00,0x00,
  0xFF,0xFC,0x00,0x00,0xFF,0xFC,0x00,0x00,0xFF,0xFC,0x00,0x00,0xFF,0xFC,0x00,0x00,0xFF,0xFC,0x00,0x00,0xFF,0xFC,0x00,0x00,
  0xFF,0xFC,0x00,0x00,0xFF,0xFC,0x00,0x00,0xFF,0xFC,0x00,0x00,0xFF,0xFC,0x00,0x00,0xFF,0xFC,0x00,0x00,0xFF,0xFC,0x00,0x00,
  0xFF,0xFC,0x00,0x00,0xFF,0xFC,0x00,0x00,0xFF,0xFC,0x00,0x00,0xFF,0xFC,0x00,0x00,0xFF,0xFC,0x00,0x00,0xFF,0xFC,0x00,0x00,
  0xFF,0xFC,0x00,0x00,0xFF,0xFC,0x00,0x00,0xFF,0xFC,0x00,0x00,0xFF,0xFC,0x00,0x00,0xFF,0xFC,0x00,0x00,0xFF,0xFC,0x00,0x00,
  0x00,0x00,0x1F,0xFE,0x00,0x00,0x00,0x01,0xFF,0xFF,0xE0,0x00,0x00,0x07,0xFF,0xFF,0xF8,0x00,0x00,0x1F,0xFF,0xFF,0xFE,0x00,
  0x00,0x7F,0xFF,0xFF,0xFF,0x00,0x00,0xFF,0xFF,0xFF,0xFF,0x80,0x01,0xFF,0xFF,0xFF,0xFF,0xC0,0x03,0xFF,0xFF,0xFF,0xFF,0xE0,
  0x07,0xFF,0xFF,0xFF,0xFF,0xF0,0x07,0xFF,0xFE,0x3F,0xFF,0xF8,0x0F,0xFF,0xF0,0x07,0xFF,0xF8,0x1F,0xFF,0xC0,0x01,0xFF,0xFC,
  0x1F,0xFF,0x80,0x00,0xFF,0xFC,0x3F,0xFF,0x80,0x00,0xFF,0xFE,0x3F,0xFF,0x00,0x00,0x7F,0xFE,0x3F,0xFF,0x00,0x00,0x7F,0xFE,
  0x7F,0xFE,0x00,0x00,0x3F,0xFF,0x7F,0xFE,0x00,0x00,0x3F,0xFC,0x7F,0xFE,0x00,0x00,0x00,0x00,0x7F,0xFE,0x00,0x00,0x00,0x00,
  0xFF,0xFE,0x00,0x00,0x00,0x00,0xFF,0xFC,0x00,0x00,0x00,0x00,0xFF,0xFF,0xFF,0xF8,0x00,0x00,0xFF,0xFF,0xFF,0xF8,0x00,0x00,
  0xFF,0xFF,0xFF,0xF8,0x00,0x00,0xFF,0xFF,0xFF,0xF8,0x00,0x00,0xFF,0xFF,0xFF,0xF8,0x00,0x00,0xFF,0xFF,0xFF,0xF8,0x00,0x00,
  0xFF,0xFF,0xFF,0xF8,0x00,0x00,0xFF,0xFF,0xFF,0xF8,0x00,0x00,0xFF,0xFF,0xFF,0xF8,0x00,0x00,0xFF,0xFE,0x00,0x00,0x00,0x00,
  0xFF,0xFE,0x00,0x00,0x00,0x00,0xFF,0xFE,0x00,0x00,0x00,0x00,0xFF,0xFE,0x00,0x00,0x00,0x00,0x7F,0xFE,0x00,0x00,0x3F,0xFE,
  0x7F,0xFE,0x00,0x00,0x3F,0xFF,0x7F,0xFE,0x00,0x00,0x3F,0xFF,0x7F,0xFF,0x00,0x00,0x3F,0xFF,0x3F,0xFF,0x00,0x00,0x7F,0xFE,
  0x3F,0xFF,0x80,0x00,0x7F,0xFE,0x1F,0xFF,0x80,0x00,0xFF,0xFE,0x1F,0xFF,0xC0,0x01,0xFF,0xFC,0x0F,0xFF,0xF0,0x07,0xFF,0xF8,
  0x0F,0xFF,0xFE,0x1F,0xFF,0xF8,0x07,0xFF,0xFF,0xFF,0xFF,0xF0,0x03,0xFF,0xFF,0xFF,0xFF,0xE0,0x01,0xFF,0xFF,0xFF,0xFF,0xC0,
  0x00,0xFF,0xFF,0xFF,0xFF,0x80,0x00,0x7F,0xFF,0xFF,0xFF,0x00,0x00,0x1F,0xFF,0xFF,0xFE,0x00,0x00,0x0F,0xFF,0xFF,0xF8,0x00,
  0x00,0x01,0xFF,0xFF,0xC0,0x00,0x00,0x00,0x3F,0xFE,0x00,0x00,0x00,0x00,0x7F,0xFC,0x00,0x00,0x00,0x0F,0xFF,0xFF,0x80,0x00,
  0x00,0xFF,0xFF,0xFF,0xE0,0x00,0x07,0xFF,0xFF,0xFF,0xF0,0x00,0x1F,0xFF,0xFF,0xFF,0xF0,0x00,0x7F,0xFF,0xFF,0xFF,0xF0,0x01,
  0xFF,0xFF,0xFF,0xFF,0xF0,0x07,0xFF,0xFF,0xFF,0xFF,0xF0,0x1F,0xFF,0xFF,0xFF,0xFF,0xF0,0x3F,0xFF,0xC0,0x1F,0xFF,0xE0,0xFF,
  0xFC,0x00,0x07,0xFF,0xE1,0xFF,0xF0,0x00,0x07,0xFF,0xC3,0xFF,0xC0,0x00,0x07,0xFF,0xC7,0xFF,0x80,0x00,0x0F,0xFF,0x8F,0xFF,
  0x00,0x00,0x0F,0x80,0x1F,0xFE,0x00,0x00,0x00,0x00,0x3F,0xFE,0x00,0x00,0x00,0x00,0x7F,0xFC,0x00,0x00,0x00,0x00,0xFF,0xFE,
  0x00,0x00,0x00,0x01,0xFF,0xFF,0x80,0x00,0x00,0x03,0xFF,0xFF,0xF0,0x00,0x00,0x03,0xFF,0xFF,0xFF,0x00,0x00,0x07,0xFF,0xFF,
  0xFF,0xE0,0x00,0x07,0xFF,0xFF,0xFF,0xF8,0x00,0x0F,0xFF,0xFF,0xFF,0xFC,0x00,0x0F,0xFF,0xFF,0xFF,0xFE,0x00,0x07,0xFF,0xFF,
  0xFF,0xFF,0x00,0x07,0xFF,0xFF,0xFF,0xFF,0x00,0x03,0xFF,0xFF,0xFF,0xFF,0x00,0x01,0xFF,0xFF,0xFF,0xFF,0x00,0x00,0x3F,0xFF,
  0xFF,0xFE,0x00,0x00,0x07,0xFF,0xFF,0xFE,0x00,0x00,0x00,0xFF,0xFF,0xFC,0x00,0x00,0x00,0x1F,0xFF,0xFC,0x00,0x00,0x00,0x07,
  0xFF,0xF8,0x00,0x00,0x00,0x03,0xFF,0xF0,0x00,0x00,0x00,0x03,0xFF,0xE0,0x00,0x00,0x00,0x07,0xFF,0xC0,0x3C,0x00,0x00,0x0F,
  0xFF,0xBF,0xF8,0x00,0x00,0x1F,0xFF,0xFF,0xF0,0x00,0x00,0x3F,0xFF,0xFF,0xF0,0x00,0x00,0x7F,0xFF,0xFF,0xF0,0x00,0x01,0xFF,
  0xF3,0xFF,0xF0,0x00,0x07,0xFF,0xE7,0xFF,0xFC,0x00,0x7F,0xFF,0xC7,0xFF,0xFF,0xFF,0xFF,0xFF,0x07,0xFF,0xFF,0xFF,0xFF,0xFC,
  0x0F,0xFF,0xFF,0xFF,0xFF,0xF0,0x0F,0xFF,0xFF,0xFF,0xFF,0xC0,0x07,0xFF,0xFF,0xFF,0xFF,0x00,0x07,0xFF,0xFF,0xFF,0xFC,0x00,
  0x03,0xFF,0xFF,0xFF,0xE0,0x00,0x01,0xFF,0xFF,0xFE,0x00,0x00,0x00,0x1F,0xFF,0xC0,0x00,0x00,0xFF,0xFF,0xFF,0xFF,0xFF,0xFF,
  0xFF,0xFF,0xFF,0xFF,0xFF,0xFF,0xFF,0xFF,0xFF,0xFF,0xFF,0xF0,0x00,0x00,0x00,0x00,0x00,0x00,0x00,0x00,0x00,0x00,0x00,0x00,
  0x00,0x00,0x00,0x00,0x00,0xFF,0xFF,0xFF,0xFF,0xFF,0xFF,0xFF,0xFF,0xFF,0xFF,0xFF,0xFF,0xFF,0xFF,0xFF,0xFF,0xFF,0xFF,0xFF,
  0xFF,0xFF,0xFF,0xFF,0xFF,0xFF,0xFF,0xFF,0xFF,0xFF,0xFF,0xFF,0xFF,0xFF,0xFF,0xFF,0xFF,0xFF,0xFF,0xFF,0xFF,0xFF,0xFF,0xFF,
  0xFF,0xFF,0xFF,0xFF,0xFF,0xFF,0xFF,0xFF,0xFF,0xFF,0xFF,0xFF,0xFF,0xFF,0xFF,0xFF,0xFF,0xFF,0xFF,0xFF,0xFF,0xFF,0xFF,0xFF,
  0xFF,0xFF,0xFF,0xFF,0xFF,0xFF,0xFF,0xFF,0xFF,0xFF,0xFF,0xFF,0xFF,0xFF,0xFF,0xFF,0xFF,0xFF,0xFF,0xFF,0xFF,0xFF,0xFF,0xFF,
  0xFF,0xE0,0x07,0xFF,0xFF,0xE0,0x07,0xFF,0xFF,0xE0,0x07,0xFF,0xFF,0xE0,0x07,0xFF,0xFF,0xE0,0x07,0xFF,0xFF,0xE0,0x07,0xFF,
  0xFF,0xE0,0x07,0xFF,0xFF,0xE0,0x07,0xFF,0xFF,0xE0,0x07,0xFF,0xFF,0xE0,0x07,0xFF,0xFF,0xE0,0x07,0xFF,0x00,0x00,0x00,0x00,
  0x00,0x00,0x00,0x00,0x00,0x00,0x00,0x00,0x00,0x00,0x00,0x00,0x00,0x00,0x00,0x00,0x00,0x00,0x00,0x00,0x00,0x7F,0xFE,0x00,
  0x00,0x7F,0xFE,0x00,0x00,0x7F,0xFE,0x00,0x00,0x7F,0xFE,0x00,0x00,0x7F,0xFE,0x00,0x00,0x7F,0xFE,0x00,0x00,0x7F,0xFE,0x00,
  0x00,0x7F,0xFE,0x00,0x00,0x7F,0xFE,0x00,0x00,0x7F,0xFE,0x00,0x00,0x7F,0xFE,0x00,0x00,0x7F,0xFE,0x00,0x00,0x7F,0xFE,0x00,
  0x00,0x7F,0xFE,0x00,0x00,0x7F,0xFE,0x00,0x00,0x7F,0xFE,0x00,0x00,0x7F,0xFE,0x00,0x00,0x7F,0xFE,0x00,0x00,0x7F,0xFE,0x00,
  0x00,0x7F,0xFE,0x00,0x00,0x7F,0xFE,0x00,0x00,0x7F,0xFE,0x00,0x00,0x7F,0xFE,0x00,0x00,0x7F,0xFE,0x00,0x00,0x7F,0xFE,0x00,
  0x00,0x7F,0xFE,0x00,0x00,0x7F,0xFE,0x00,0x00,0x7F,0xFE,0x00,0x00,0x7F,0xFE,0x00,0x00,0x7F,0xFE,0x00,0x00,0x7F,0xFE,0x00,
  0x00,0x7F,0xFE,0x00,0x00,0x7F,0xFE,0x00,0x00,0x7F,0xFE,0x00,0x00,0x7F,0xFE,0x00,0x00,0x7F,0xFE,0x00,0x00,0x7F,0xFE,0x00,
  0x00,0x7F,0xFE,0x00,0x00,0x7F,0xFE,0x00,0x00,0x7F,0xFE,0x00,0x00,0x7F,0xFE,0x00,0x00,0x7F,0xFE,0x00,0x00,0x7F,0xFE,0x00,
  0x00,0x7F,0xFE,0x00,0x00,0x7F,0xFE,0x00,0x00,0x7F,0xFE,0x00,0x00,0x7F,0xFE,0x00,0x00,0x7F,0xFE,0x00,0x00,0x7F,0xFE,0x00,
  0x00,0x7F,0xFE,0x00,0x00,0x7F,0xFE,0x00,0x00,0x7F,0xFE,0x00,0x00,0x7F,0xFE,0x00,0xFF,0xFC,0x01,0xFF,0xF8,0x03,0xFF,0xF0,
  0x07,0xFF,0xE0,0x0F,0xFF,0xC0,0x1F,0xFF,0x80,0x3F,0xFF,0x00,0x7F,0xFE,0x00,0xFF,0xFC,0x00,0x00,0x00,0x00,0x00,0x00,0x00,
  0x00,0x00,0x00,0x00,0x00,0x00,0x00,0x00,0x00,0x00,0x00,0x00,0x00,0x00,0x00,0x00,0x00,0x00,0x00,0x00,0x00,0x00,0x07,0xFF,
  0xE0,0x0F,0xFF,0xC0,0x1F,0xFF,0x80,0x3F,0xFF,0x00,0x7F,0xFE,0x00,0xFF,0xFC,0x01,0xFF,0xF8,0x03,0xFF,0xF0,0x07,0xFF,0xE0,
  0x0F,0xFF,0xC0,0x1F,0xFF,0x80,0x3F,0xFF,0x00,0x7F,0xFE,0x00,0xFF,0xFC,0x01,0xFF,0xF8,0x03,0xFF,0xF0,0x07,0xFF,0xE0,0x0F,
  0xFF,0xC0,0x1F,0xFF,0x80,0x3F,0xFF,0x00,0x7F,0xFE,0x00,0xFF,0xFC,0x01,0xFF,0xF8,0x03,0xFF,0xF0,0x07,0xFF,0xE0,0x0F,0xFF,
  0xC0,0x1F,0xFF,0x80,0x3F,0xFF,0x00,0x7F,0xFE,0x00,0xFF,0xFC,0x01,0xFF,0xF8,0x03,0xFF,0xF0,0x07,0xFF,0xE0,0x0F,0xFF,0xC0,
  0x1F,0xFF,0x80,0x3F,0xFF,0x00,0x7F,0xFE,0x00,0xFF,0xFC,0x01,0xFF,0xF8,0x03,0xFF,0xF0,0x07,0xFF,0xE0,0x0F,0xFF,0xC0,0x1F,
  0xFF,0x80,0x3F,0xFF,0x00,0x7F,0xFE,0x00,0xFF,0xFC,0x01,0xFF,0xF8,0x03,0xFF,0xF0,0x07,0xFF,0xE0,0x0F,0xFF,0xC0,0x1F,0xFF,
  0x80,0x3F,0xFF,0x00,0x7F,0xFE,0x00,0xFF,0xFC,0x01,0xFF,0xF8,0x03,0xFF,0xF0,0x07,0xFF,0xE0,0x0F,0xFF,0xC0,0x1F,0xFF,0x80,
  0x3F,0xFF,0x00,0xFF,0xFC,0x01,0xFF,0xF8,0x0F,0xFF,0xF7,0xFF,0xFF,0xEF,0xFF,0xFF,0xDF,0xFF,0xFF,0x3F,0xFF,0xFE,0x7F,0xFF,
  0xF8,0xFF,0xFF,0xF1,0xFF,0xFF,0xC3,0xFF,0xFF,0x07,0xFF,0xF8,0x07,0xFF,0x80,0x00,0x00,0x01,0xFF,0xFF,0xFF,0xFF,0xFE,0x00,
  0x00,0x00,0x00,0x00,0x00,0x3F,0xFF,0xFF,0xFF,0xFF,0xC0,0x00,0x00,0x00,0x00,0x00,0x07,0xFF,0xFF,0xFF,0xFF,0xF8,0x00,0x00,
  0x00,0x00,0x00,0x01,0xFF,0xFF,0xFF,0xFF,0xFF,0x00,0x00,0x00,0x00,0x00,0x00,0x3F,0xFF,0xFF,0xFF,0xFF,0xE0,0x00,0x00,0x00,
  0x00,0x00,0x07,0xFF,0xFF,0xFF,0xFF,0xFC,0x00,0x00,0x00,0x00,0x00,0x00,0xFF,0xFF,0xFF,0xFF,0xFF,0x80,0x00,0x00,0x00,0x00,
  0x00,0x1F,0xFF,0xFF,0xFF,0xFF,0xF0,0x00,0x00,0x00,0x00,0x00,0x03,0xFF,0xFF,0xFF,0xFF,0xFE,0x00,0x00,0x00,0x00,0x00,0x00,
  0x7F,0xFC,0x00,0x0F,0xFF,0xC0,0x00,0x00,0x00,0x00,0x00,0x1F,0xFF,0x00,0x01,0xFF,0xF8,0x00,0x00,0x00,0x00,0x00,0x03,0xFF,
  0xE0,0x00,0x3F,0xFF,0x00,0x00,0x00,0x00,0x00,0x00,0x7F,0xFC,0x00,0x07,0xFF,0xE0,0x00,0x00,0x00,0x00,0x00,0x0F,0xFF,0x80,
  0x00,0xFF,0xFC,0x00,0x00,0x00,0x00,0x00,0x01,0xFF,0xF0,0x00,0x1F,0xFF,0x80,0x00,0x00,0x00,0x00,0x00,0x3F,0xFE,0x00,0x03,
  0xFF,0xF0,0x00,0x00,0x00,0x00,0x00,0x07,0xFF,0x80,0x00,0x7F,0xFE,0x00,0x00,0x00,0x00,0x00,0x01,0xFF,0xF0,0x00,0x0F,0xFF,
  0xC0,0x00,0x00,0x00,0x00,0x00,0x3F,0xFE,0x00,0x01,0xFF,0xF8,0x00,0x00,0x00,0x00,0x00,0x07,0xFF,0xC0,0x00,0x3F,0xFF,0x00,
  0x00,0x00,0x00,0x00,0x00,0xFF,0xF8,0x00,0x07,0xFF,0xE0,0x00,0x00,0x00,0x00,0x00,0x1F,0xFF,0x00,0x00,0xFF,0xFF,0xFF,0xFF,
  0xE0,0x00,0x00,0x03,0xFF,0xE0,0x00,0x1F,0xFF,0xFF,0xFF,0xFF,0xC0,0x00,0x00,0x7F,0xF8,0x00,0x03,0xFF,0xFF,0xFF,0xFF,0xFF,
  0x00,0x00,0x1F,0xFF,0x00,0x00,0x7F,0xFF,0xFF,0xFF,0xFF,0xF8,0x00,0x03,0xFF,0xE0,0x00,0x0F,0xFF,0xFF,0xFF,0xFF,0xFF,0x80,
  0x00,0x7F,0xFC,0x00,0x01,0xFF,0xFF,0xFF,0xFF,0xFF,0xF8,0x00,0x0F,0xFF,0x80,0x00,0x3F,0xFF,0xFF,0xFF,0xFF,0xFF,0x80,0x01,
  0xFF,0xF0,0x00,0x07,0xFF,0xFF,0xFF,0xFF,0xFF,0xF8,0x00,0x3F,0xFC,0x00,0x00,0xFF,0xFC,0x00,0x1F,0xFF,0xFF,0x00,0x0F,0xFF,
  0x80,0x00,0x1F,0xFF,0x80,0x00,0x1F,0xFF,0xF0,0x01,0xFF,0xF0,0x00,0x03,0xFF,0xF0,0x00,0x00,0xFF,0xFE,0x00,0x3F,0xFE,0x00,
  0x00,0x7F,0xFE,0x00,0x00,0x0F,0xFF,0xC0,0x07,0xFF,0xC0,0x00,0x0F,0xFF,0xC0,0x00,0x01,0xFF,0xFC,0x00,0xFF,0xF0,0x00,0x01,
  0xFF,0xF8,0x00,0x00,0x1F,0xFF,0x80,0x3F,0xFE,0x00,0x00,0x3F,0xFF,0x00,0x00,0x03,0xFF,0xF0,0x07,0xFF,0xC0,0x00,0x07,0xFF,
  0xE0,0x00,0x00,0x7F,0xFE,0x00,0xFF,0xF8,0x00,0x00,0xFF,0xFC,0x00,0x00,0x0F,0xFF,0xC0,0x3F,0xFF,0x00,0x00,0x1F,0xFF,0x80,
  0x00,0x03,0xFF,0xF8,0x07,0xFF,0xC0,0x00,0x03,0xFF,0xF0,0x00,0x00,0x7F,0xFF,0x00,0xFF,0xF8,0x00,0x00,0x7F,0xFE,0x00,0x00,
  0x1F,0xFF,0xC0,0x3F,0xFF,0x00,0x00,0x0F,0xFF,0xC0,0x00,0x07,0xFF,0xF8,0x0F,0xFF,0xC0,0x00,0x01,0xFF,0xF8,0x00,0x03,0xFF,
  0xFF,0x7F,0xFF,0xF8,0x00,0x00,0x3F,0xFF,0xFF,0xFF,0xFF,0xFF,0xCF,0xFF,0xFF,0x00,0x00,0x07,0xFF,0xFF,0xFF,0xFF,0xFF,0xF1,
  0xFF,0xFF,0xC0,0x00,0x00,0xFF,0xFF,0xFF,0xFF,0xFF,0xFE,0x3F,0xFF,0xF8,0x00,0x00,0x1F,0xFF,0xFF,0xFF,0xFF,0xFF,0x87,0xFF,
  0xFE,0x00,0x00,0x03,0xFF,0xFF,0xFF,0xFF,0xFF,0xC0,0xFF,0xFF,0xC0,0x00,0x00,0x7F,0xFF,0xFF,0xFF,0xFF,0xF0,0x1F,0xFF,0xF0,
  0x00,0x00,0x0F,0xFF,0xFF,0xFF,0xFF,0xF8,0x03,0xFF,0xFC,0x00,0x00,0x01,0xFF,0xFF,0xFF,0xFF,0xFC,0x00,0x7F,0xFE,0x00,0x00,
  0x00,0x3F,0xFF,0xFF,0xFF,0xF0,0x00,0x0F,0xFF,0x00,0x00,0x00,0x00,0x00,0x00,0x00,0x00,0x00,0x00,0xFF,0xFC,0x00,0x03,0xFF,
  0xF0,0x00,0x00,0x00,0x01,0xFF,0xF8,0x00,0x07,0xFF,0xE0,0x00,0x00,0x00,0x03,0xFF,0xF0,0x00,0x0F,0xFF,0xC0,0x00,0x00,0x00,
  0x07,0xFF,0xE0,0x00,0x1F,0xFF,0x80,0x00,0x00,0x00,0x0F,0xFF,0xC0,0x00,0x3F,0xFF,0x00,0x00,0x00,0x00,0x1F,0xFF,0x80,0x00,
  0x7F,0xFE,0x00,0x00,0x00,0x00,0x3F,0xFF,0x00,0x00,0xFF,0xFC,0x00,0x00,0x00,0x00,0x7F,0xFE,0x00,0x01,0xFF,0xF8,0x00,0x00,
  0x00,0x00,0xFF,0xFC,0x00,0x03,0xFF,0xF0,0x00,0x00,0x00,0x01,0xFF,0xF8,0x00,0x07,0xFF,0xE0,0x00,0x00,0x00,0x03,0xFF,0xF0,
  0x00,0x0F,0xFF,0xC0,0x00,0x00,0x00,0x07,0xFF,0xE0,0x00,0x1F,0xFF,0x80,0x00,0x00,0x00,0x0F,0xFF,0xC0,0x00,0x3F,0xFF,0x00,
  0x00,0x00,0x00,0x1F,0xFF,0x80,0x00,0x7F,0xFE,0x00,0x00,0x00,0x00,0x3F,0xFF,0x00,0x00,0xFF,0xFC,0x00,0x00,0x00,0x00,0x7F,
  0xFE,0x00,0x01,0xFF,0xF8,0x00,0x00,0x00,0x00,0xFF,0xFC,0x00,0x03,0xFF,0xF0,0x00,0x00,0x00,0x01,0xFF,0xF8,0x00,0x07,0xFF,
  0xE0,0x00,0x00,0x00,0x03,0xFF,0xF0,0x00,0x0F,0xFF,0xC0,0x00,0x00,0x00,0x07,0xFF,0xE0,0x00,0x1F,0xFF,0x80,0x00,0x00,0x00,
  0x0F,0xFF,0xC0,0x00,0x3F,0xFF,0x00,0x00,0x00,0x00,0x1F,0xFF,0xFF,0xFF,0xFF,0xFF,0xFF,0xFF,0xE0,0x00,0x3F,0xFF,0xFF,0xFF,
  0xFF,0xFF,0xFF,0xFF,0xFC,0x00,0x7F,0xFF,0xFF,0xFF,0xFF,0xFF,0xFF,0xFF,0xFF,0x00,0xFF,0xFF,0xFF,0xFF,0xFF,0xFF,0xFF,0xFF,
  0xFF,0x81,0xFF,0xFF,0xFF,0xFF,0xFF,0xFF,0xFF,0xFF,0xFF,0x83,0xFF,0xFF,0xFF,0xFF,0xFF,0xFF,0xFF,0xFF,0xFF,0x87,0xFF,0xFF,
  0xFF,0xFF,0xFF,0xFF,0xFF,0xFF,0xFF,0x8F,0xFF,0xFF,0xFF,0xFF,0xFF,0xFF,0xFF,0xFF,0xFF,0x9F,0xFF,0xFF,0xFF,0xFF,0xFE,0x00,
  0x1F,0xFF,0xFF,0x3F,0xFF,0x00,0x00,0xFF,0xFC,0x00,0x01,0xFF,0xFF,0x7F,0xFE,0x00,0x01,0xFF,0xF8,0x00,0x01,0xFF,0xFE,0xFF,
  0xFC,0x00,0x03,0xFF,0xF0,0x00,0x01,0xFF,0xFD,0xFF,0xF8,0x00,0x07,0xFF,0xE0,0x00,0x01,0xFF,0xFB,0xFF,0xF0,0x00,0x0F,0xFF,
  0xC0,0x00,0x03,0xFF,0xFF,0xFF,0xE0,0x00,0x1F,0xFF,0x80,0x00,0x03,0xFF,0xFF,0xFF,0xC0,0x00,0x3F,0xFF,0x00,0x00,0x07,0xFF,
  0xFF,0xFF,0x80,0x00,0x7F,0xFE,0x00,0x00,0x0F,0xFF,0xFF,0xFF,0x00,0x00,0xFF,0xFC,0x00,0x00,0x3F,0xFF,0xFF,0xFE,0x00,0x01,
  0xFF,0xF8,0x00,0x00,0x7F,0xFE,0xFF,0xFC,0x00,0x03,0xFF,0xF0,0x00,0x01,0xFF,0xFD,0xFF,0xF8,0x00,0x07,0xFF,0xE0,0x00,0x07,
  0xFF,0xFB,0xFF,0xF0,0x00,0x0F,0xFF,0xC0,0x00,0x3F,0xFF,0xE7,0xFF,0xE0,0x00,0x1F,0xFF,0xFF,0xFF,0xFF,0xFF,0xCF,0xFF,0xC0,
  0x00,0x3F,0xFF,0xFF,0xFF,0xFF,0xFF,0x1F,0xFF,0x80,0x00,0x7F,0xFF,0xFF,0xFF,0xFF,0xFC,0x3F,0xFF,0x00,0x00,0xFF,0xFF,0xFF,
  0xFF,0xFF,0xF0,0x7F,0xFE,0x00,0x01,0xFF,0xFF,0xFF,0xFF,0xFF,0xC0,0xFF,0xFC,0x00,0x03,0xFF,0xFF,0xFF,0xFF,0xFF,0x01,0xFF,
  0xF8,0x00,0x07,0xFF,0xFF,0xFF,0xFF,0xF8,0x03,0xFF,0xF0,0x00,0x0F,0xFF,0xFF,0xFF,0xFF,0x80,0x07,0xFF,0xE0,0x00,0x1F,0xFF,
  0xFF,0xFF,0xF0,0x00,0x00,0x01,0xFF,0xF8,0x00,0x00,0x00,0x00,0x07,0xFF,0xE0,0x00,0x00,0x00,0x00,0x1F,0xFF,0x80,0x00,0x00,
  0x00,0x00,0x7F,0xFE,0x00,0x00,0x00,0x00,0x01,0xFF,0xF8,0x00,0x00,0x00,0x00,0x07,0xFF,0xE0,0x00,0x00,0x00,0x00,0x1F,0xFF,
  0x80,0x00,0x00,0x00,0x3F,0xFF,0xFF,0xFF,0xFC,0x00,0x00,0xFF,0xFF,0xFF,0xFF,0xF0,0x00,0x03,0xFF,0xFF,0xFF,0xFF,0xC0,0x00,
  0x0F,0xFF,0xFF,0xFF,0xFF,0x00,0x00,0x3F,0xFF,0xFF,0xFF,0xFC,0x00,0x00,0xFF,0xFF,0xFF,0xFF,0xF0,0x00,0x03,0xFF,0xFF,0xFF,
  0xFF,0xC0,0x00,0x0F,0xFF,0xFF,0xFF,0xFF,0x00,0x00,0x00,0x7F,0xFE,0x00,0x00,0x00,0x00,0x01,0xFF,0xF8,0x00,0x00,0x00,0x00,
  0x07,0xFF,0xE0,0x00,0x00,0x00,0x00,0x1F,0xFF,0x80,0x00,0x00,0x00,0x00,0x7F,0xFE,0x00,0x00,0x00,0x00,0x01,0xFF,0xF8,0x00,
  0xFF,0xC0,0x00,0x07,0xFF,0xE0,0x1F,0xFF,0xE0,0x00,0x1F,0xFF,0x80,0xFF,0xFF,0xE0,0x00,0x7F,0xFE,0x0F,0xFF,0xFF,0xC0,0x01,
  0xFF,0xF8,0x7F,0xFF,0xFF,0x80,0x07,0xFF,0xC3,0xFF,0xFF,0xFF,0x00,0x1F,0xFF,0x1F,0xFF,0xFF,0xFE,0x00,0x7F,0xFC,0xFF,0xFF,
  0xFF,0xFC,0x01,0xFF,0xF3,0xFF,0xFF,0xFF,0xF0,0x07,0xFF,0xDF,0xFF,0xFF,0xFF,0xE0,0x1F,0xFF,0x7F,0x83,0xFF,0xFF,0x80,0x7F,
  0xFF,0xF8,0x03,0xFF,0xFE,0x01,0xFF,0xFF,0x80,0x07,0xFF,0xFC,0x07,0xFF,0xFC,0x00,0x0F,0xFF,0xF0,0x1F,0xFF,0xF0,0x00,0x1F,
  0xFF,0xC0,0x7F,0xFF,0x80,0x00,0x7F,0xFF,0x01,0xFF,0xFC,0x00,0x00,0xFF,0xFC,0x07,0xFF,0xF0,0x00,0x03,0xFF,0xF0,0x1F,0xFF,
  0xC0,0x00,0x0F,0xFF,0xC0,0x7F,0xFE,0x00,0x00,0x3F,0xFF,0x01,0xFF,0xF8,0x00,0x00,0x7F,0xFC,0x07,0xFF,0xE0,0x00,0x01,0xFF,
  0xF0,0x1F,0xFF,0x80,0x00,0x07,0xFF,0xC0,0x7F,0xFE,0x00,0x00,0x1F,0xFF,0x01,0xFF,0xF8,0x00,0x00,0x7F,0xFC,0x07,0xFF,0xE0,
  0x00,0x01,0xFF,0xF0,0x1F,0xFF,0x80,0x00,0x07,0xFF,0xC0,0x7F,0xFE,0x00,0x00,0x1F,0xFF,0x01,0xFF,0xF8,0x00,0x00,0x7F,0xFC,
  0x07,0xFF,0xE0,0x00,0x01,0xFF,0xF0,0x1F,0xFF,0x80,0x00,0x07,0xFF,0xC0,0x7F,0xFE,0x00,0x00,0x1F,0xFF,0x01,0xFF,0xF8,0x00,
  0x00,0x7F,0xFC,0x07,0xFF,0xE0,0x00,0x01,0xFF,0xF0,0x1F,0xFF,0x80,0x00,0x07,0xFF,0xC0,0x7F,0xFE,0x00,0x00,0x1F,0xFF,0x01,
  0xFF,0xF8,0x00,0x00,0x7F,0xFC,0x07,0xFF,0xE0,0x00,0x01,0xFF,0xF0,0x1F,0xFF,0x80,0x00,0x07,0xFF,0xC0,0x7F,0xFE,0x00,0x00,
  0x1F,0xFF,0x01,0xFF,0xF8,0x00,0x00,0x7F,0xFC,0x07,0xFF,0xE0,0x00,0x01,0xFF,0xF0,0x1F,0xFF,0x80,0x00,0x07,0xFF,0xC0,0x7F,
  0xFE,0x00,0x00,0x1F,0xFF,0x01,0xFF,0xF8,0x00,0x00,0x7F,0xFC,0x07,0xFF,0xE0,0x00,0x01,0xFF,0xF0,0x1F,0xFF,0x80,0x00,0x07,
  0xFF,0xC0,0x7F,0xFE,0x00,0x00,0x1F,0xFF,0x01,0xFF,0xF8,0x00,0x00,0x7F,0xFC,0x07,0xFF,0xE0,0x00,0x01,0xFF,0xF0,0x1F,0xFF,
  0x80,0x00,0x07,0xFF,0xC0,0x7F,0xFE,0x00,0x00,0x1F,0xFF,0x00,0x00,0x00,0xFF,0xF8,0x00,0x00,0x00,0x7F,0xFE,0x00,0x00,0x00,
  0x3F,0xFF,0x80,0x00,0x00,0x0F,0xFF,0x80,0x00,0x00,0x07,0xFF,0xC0,0x00,0x00,0x03,0xFF,0xE0,0x00,0x00,0x01,0xFF,0xF0,0x00,
  0x00,0x00,0xFF,0xF0,0x00,0x00,0x00,0x7F,0xF8,0x00,0x00,0x00,0x3F,0xFC,0x00,0x00,0x00,0x1F,0xFE,0x00,0x00,0x00,0x0F,0xFE,
  0x00,0x00,0x00,0x07,0xFF,0x00,0x00,0x00,0x01,0xFF,0x80,0x00,0x00,0x00,0x7F,0xC0,0x00,0x00,0x00,0x00,0x00,0x00,0x00,0x00,
  0x00,0x00,0x00,0x00,0x00,0x00,0x00,0x00,0x00,0x00,0x00,0x00,0x00,0x00,0x00,0x00,0x00,0x00,0x00,0x00,0x00,0x00,0x00,0x00,
  0x00,0x3F,0xFF,0x00,0x01,0xFF,0xFF,0xFF,0xC0,0x00,0xFF,0xFB,0xFF,0xF0,0x00,0x3F,0xFE,0xFF,0xFC,0x00,0x1F,0xFF,0x3F,0xFF,
  0x00,0x07,0xFF,0xCF,0xFF,0xC0,0x03,0xFF,0xE3,0xFF,0xF0,0x00,0xFF,0xF8,0xFF,0xFC,0x00,0x7F,0xFC,0x3F,0xFF,0x00,0x1F,0xFF,
  0x0F,0xFF,0xC0,0x0F,0xFF,0x83,0xFF,0xF0,0x03,0xFF,0xC0,0xFF,0xFC,0x01,0xFF,0xF0,0x3F,0xFF,0x00,0x7F,0xF8,0x0F,0xFF,0xC0,
  0x3F,0xFE,0x03,0xFF,0xF0,0x0F,0xFF,0x00,0xFF,0xFC,0x07,0xFF,0xC0,0x3F,0xFF,0x03,0xFF,0xE0,0x0F,0xFF,0xC0,0xFF,0xF8,0x03,
  0xFF,0xF0,0x7F,0xFC,0x00,0xFF,0xFC,0x3F,0xFF,0x00,0x3F,0xFF,0x0F,0xFF,0x80,0x0F,0xFF,0xCF,0xFF,0xC0,0x03,0xFF,0xFF,0xFF,
  0xE0,0x00,0xFF,0xFF,0xFF,0xF0,0x00,0x3F,0xFF,0xFF,0xFC,0x00,0x0F,0xFF,0xFF,0xFF,0x00,0x03,0xFF,0xFF,0xFF,0xC0,0x00,0xFF,
  0xFF,0xFF,0xF8,0x00,0x3F,0xFF,0xFF,0xFE,0x00,0x0F,0xFF,0xFF,0xFF,0xC0,0x03,0xFF,0xFC,0xFF,0xF8,0x00,0xFF,0xFC,0x3F,0xFE,
  0x00,0x3F,0xFF,0x07,0xFF,0xC0,0x0F,0xFF,0xC1,0xFF,0xF0,0x03,0xFF,0xF0,0x3F,0xFE,0x00,0xFF,0xFC,0x0F,0xFF,0x80,0x3F,0xFF,
  0x01,0xFF,0xF0,0x0F,0xFF,0xC0,0x7F,0xFE,0x03,0xFF,0xF0,0x0F,0xFF,0x80,0xFF,0xFC,0x03,0xFF,0xF0,0x3F,0xFF,0x00,0x7F,0xFC,
  0x0F,0xFF,0xC0,0x1F,0xFF,0x83,0xFF,0xF0,0x03,0xFF,0xE0,0xFF,0xFC,0x00,0xFF,0xFC,0x3F,0xFF,0x00,0x1F,0xFF,0x0F,0xFF,0xC0,
  0x07,0xFF,0xE3,0xFF,0xF0,0x00,0xFF,0xFC,0xFF,0xFC,0x00,0x3F,0xFF,0x3F,0xFF,0x00,0x07,0xFF,0xEF,0xFF,0xC0,0x01,0xFF,0xFB,
  0xFF,0xF0,0x00,0x3F,0xFF,0xFF,0xFC,0x00,0x0F,0xFF,0xC0,0x03,0xFF,0xE0,0x00,0x00,0x00,0x07,0xFF,0xE0,0x00,0x00,0x00,0x07,
  0xFF,0xE0,0x00,0x00,0x00,0x07,0xFF,0xE0,0x00,0x00,0x00,0x07,0xFF,0xE0,0x00,0x00,0x00,0x03,0xFF,0xE0,0x00,0x00,0x00,0x03,
  0xFF,0xE0,0x00,0x00,0x00,0x03,0xFF,0xE0,0x00,0x00,0x00,0x03,0xFF,0xC0,0x00,0x00,0x00,0x01,0xFF,0xC0,0x00,0x00,0x00,0x01,
  0xFF,0xC0,0x00,0x00,0x00,0x01,0xFF,0xC0,0x00,0x00,0x00,0x00,0xFF,0xC0,0x00,0x00,0x00,0x00,0xFF,0xC0,0x00,0x00,0x00,0x00,
  0xFF,0x80,0x00,0x00,0x00,0x00,0x00,0x00,0x00,0x00,0x00,0x00,0x00,0x00,0x00,0x00,0x00,0x00,0x00,0x00,0x00,0x00,0x00,0x00,
  0x00,0x00,0x00,0x00,0x00,0x00,0x00,0x00,0x00,0x00,0x00,0x00,0x00,0x00,0x1F,0xFF,0x00,0x00,0x0F,0xFF,0xFF,0xFE,0x00,0x00,
  0x3F,0xFF,0xFF,0xFC,0x00,0x00,0x7F,0xFF,0xFF,0xF8,0x00,0x01,0xFF,0xFF,0xFF,0xF0,0x00,0x03,0xFF,0xFF,0xFF,0xE0,0x00,0x0F,
  0xFF,0xFF,0xFF,0xC0,0x00,0x3F,0xFF,0xFF,0xFF,0x80,0x00,0x7F,0xFF,0xFF,0xFF,0x00,0x01,0xFF,0xFF,0xFF,0xFE,0x00,0x03,0xFF,
  0xFF,0xFF,0xFC,0x00,0x0F,0xFF,0xFF,0xFF,0xF8,0x00,0x3F,0xFF,0xFF,0xFF,0xF0,0x00,0x7F,0xFF,0xFF,0xFF,0xE0,0x01,0xFF,0xFF,
  0xFF,0xFF,0xC0,0x03,0xFF,0xFF,0xFF,0xFF,0x80,0x0F,0xFF,0xFF,0xFF,0xFF,0x00,0x1F,0xFF,0xFF,0xFF,0xFE,0x00,0x7F,0xF7,0xFF,
  0xFF,0xFC,0x01,0xFF,0xCF,0xFF,0xFF,0xF8,0x03,0xFF,0x9F,0xFF,0xFF,0xF0,0x0F,0xFE,0x3F,0xFF,0xFF,0xE0,0x1F,0xFC,0x7F,0xFF,
  0xFF,0xC0,0x7F,0xF1,0xFF,0xFF,0xFF,0x81,0xFF,0xE3,0xFF,0xFF,0xFF,0x03,0xFF,0x87,0xFF,0xFF,0xFE,0x0F,0xFE,0x0F,0xFF,0xFF,
  0xF8,0x1F,0xFC,0x1F,0xFF,0xFF,0xF0,0x7F,0xF0,0x3F,0xFF,0xFF,0xE0,0xFF,0xE0,0x7F,0xFF,0xFF,0xC3,0xFF,0x80,0xFF,0xFF,0xFF,
  0x8F,0xFF,0x01,0xFF,0xFF,0xFF,0x1F,0xFC,0x03,0xFF,0xFF,0xFE,0x7F,0xF0,0x07,0xFF,0xFF,0xFC,0xFF,0xE0,0x0F,0xFF,0xFF,0xFB,
  0xFF,0x80,0x1F,0xFF,0xFF,0xFF,0xFF,0x00,0x3F,0xFF,0xFF,0xFF,0xFC,0x00,0x7F,0xFF,0xFF,0xFF,0xF8,0x00,0xFF,0xFF,0xFF,0xFF,
  0xE0,0x01,0xFF,0xFF,0xFF,0xFF,0xC0,0x03,0xFF,0xFF,0xFF,0xFF,0x00,0x07,0xFF,0xFF,0xFF,0xFC,0x00,0x0F,0xFF,0xFF,0xFF,0xF8,
  0x00,0x1F,0xFF,0xFF,0xFF,0xE0,0x00,0x3F,0xFF,0xFF,0xFF,0xC0,0x00,0x7F,0xFF,0xFF,0xFF,0x00,0x00,0xFF,0xFF,0xFF,0xFE,0x00,
  0x01,0xFF,0xFF,0xFF,0xF8,0x00,0x03,0xFF,0xFF,0xFF,0xE0,0x00,0x07,0xFF,0xFF,0xFF,0xC0,0x00,0x0F,0xFF,0xFF,0xFF,0x00,0x00,
  0x1F,0xFF,0xFF,0xFE,0x00,0x00,0x3F,0xFE,0x01,0xFF,0xC0,0x00,0x1F,0xFC,0x00,0x0F,0xFE,0x00,0x00,0xFF,0xE0,0x00,0x7F,0xF0,
  0x00,0x07,0xFF,0x00,0x03,0xFF,0x80,0x00,0x3F,0xF8,0x00,0x1F,0xFE,0x00,0x03,0xFF,0xC0,0x00,0x7F,0xF0,0x00,0x1F,0xFC,0x00,
  0x03,0xFF,0xC0,0x01,0xFF,0xE0,0x00,0x1F,0xFF,0x00,0x1F,0xFF,0x00,0x00,0x7F,0xFE,0x03,0xFF,0xF0,0x00,0x03,0xFF,0xFF,0xFF,
  0xFF,0x00,0x00,0x0F,0xFF,0xFF,0xFF,0xF8,0x00,0x00,0x3F,0xFF,0xFF,0xFF,0x80,0x00,0x00,0xFF,0xFF,0xFF,0xF8,0x00,0x00,0x01,
  0xFF,0xFF,0xFF,0x00,0x00,0x00,0x03,0xFF,0xFF,0xE0,0x00,0x00,0x00,0x01,0xFF,0xF0,0x00,0x00,0x00,0x00,0x00,0x00,0x00,0x00,
  0x00,0x00,0x00,0x00,0x00,0x00,0x00,0x00,0x00,0x00,0x00,0x00,0x00,0x00,0x00,0x00,0x00,0x00,0x00,0x00,0x00,0x00,0x00,0x00,
  0x00,0x00,0x00,0x00,0x00,0x00,0x00,0x00,0x00,0x03,0xFF,0xF0,0x00,0x00,0x07,0xFF,0xFF,0xFF,0xC0,0x00,0x00,0x3F,0xFF,0x7F,
  0xFE,0x00,0x00,0x03,0xFF,0xFB,0xFF,0xF0,0x00,0x00,0x1F,0xFF,0x8F,0xFF,0xC0,0x00,0x00,0xFF,0xFC,0x7F,0xFE,0x00,0x00,0x0F,
  0xFF,0xE3,0xFF,0xF0,0x00,0x00,0x7F,0xFE,0x0F,0xFF,0xC0,0x00,0x03,0xFF,0xF0,0x7F,0xFE,0x00,0x00,0x1F,0xFF,0x01,0xFF,0xF0,
  0x00,0x01,0xFF,0xF8,0x0F,0xFF,0xC0,0x00,0x0F,0xFF,0xC0,0x7F,0xFE,0x00,0x00,0x7F,0xFC,0x01,0xFF,0xF0,0x00,0x07,0xFF,0xE0,
  0x0F,0xFF,0xC0,0x00,0x3F,0xFE,0x00,0x3F,0xFE,0x00,0x01,0xFF,0xF0,0x01,0xFF,0xF0,0x00,0x1F,0xFF,0x80,0x0F,0xFF,0xC0,0x00,
  0xFF,0xF8,0x00,0x3F,0xFE,0x00,0x07,0xFF,0xC0,0x01,0xFF,0xF8,0x00,0x7F,0xFE,0x00,0x07,0xFF,0xC0,0x03,0xFF,0xE0,0x00,0x3F,
  0xFE,0x00,0x1F,0xFF,0x00,0x01,0xFF,0xF8,0x01,0xFF,0xF0,0x00,0x07,0xFF,0xC0,0x0F,0xFF,0x80,0x00,0x3F,0xFE,0x00,0x7F,0xFC,
  0x00,0x00,0xFF,0xF8,0x07,0xFF,0xC0,0x00,0x07,0xFF,0xC0,0x3F,0xFE,0x00,0x00,0x3F,0xFE,0x01,0xFF,0xF0,0x00,0x00,0xFF,0xF8,
  0x0F,0xFF,0x00,0x00,0x07,0xFF,0xC0,0xFF,0xF8,0x00,0x00,0x1F,0xFE,0x07,0xFF,0x80,0x00,0x00,0xFF,0xF8,0x3F,0xFC,0x00,0x00,
  0x07,0xFF,0xC3,0xFF,0xE0,0x00,0x00,0x1F,0xFE,0x1F,0xFE,0x00,0x00,0x00,0xFF,0xF0,0xFF,0xF0,0x00,0x00,0x03,0xFF,0xC7,0xFF,
  0x00,0x00,0x00,0x1F,0xFE,0x7F,0xF8,0x00,0x00,0x00,0x7F,0xF3,0xFF,0xC0,0x00,0x00,0x03,0xFF,0xDF,0xFC,0x00,0x00,0x00,0x1F,
  0xFE,0xFF,0xE0,0x00,0x00,0x00,0x7F,0xFF,0xFF,0x00,0x00,0x00,0x03,0xFF,0xFF,0xF0,0x00,0x00,0x00,0x0F,0xFF,0xFF,0x80,0x00,
  0x00,0x00,0x7F,0xFF,0xF8,0x00,0x00,0x00,0x03,0xFF,0xFF,0xC0,0x00,0x00,0x00,0x0F,0xFF,0xFE,0x00,0x00,0x00,0x00,0x7F,0xFF,
  0xE0,0x00,0x00,0x00,0x01,0xFF,0xFF,0x00,0x00,0x00,0x00,0x0F,0xFF,0xF0,0x00,0x00,0x00,0x00,0x7F,0xFF,0x80,0x00,0x00,0x00,
  0x01,0xFF,0xFC,0x00,0x00,0x00,0x00,0x0F,0xFF,0xC0,0x00,0x00,0x00,0x00,0x7F,0xFE,0x00,0x00,0x00,0x00,0x03,0xFF,0xF0,0x00,
  0x00,0x00,0x00,0x3F,0xFF,0x00,0x00,0x00,0x00,0x01,0xFF,0xF8,0x00,0x00,0x00,0x00,0x0F,0xFF,0x80,0x00,0x00,0x00,0x00,0xFF,
  0xFC,0x00,0x00,0x00,0x00,0x07,0xFF,0xE0,0x00,0x00,0x00,0x00,0x7F,0xFE,0x00,0x00,0x00,0x00,0x07,0xFF,0xF0,0x00,0x00,0x00,
  0x00,0x3F,0xFF,0x00,0x00,0x00,0x00,0x07,0xFF,0xF8,0x00,0x00,0x00,0x00,0xFF,0xFF,0x80,0x00,0x00,0x07,0xFF,0xFF,0xFC,0x00,
  0x00,0x00,0x3F,0xFF,0xFF,0xC0,0x00,0x00,0x01,0xFF,0xFF,0xFC,0x00,0x00,0x00,0x0F,0xFF,0xFF,0xC0,0x00,0x00,0x00,0x7F,0xFF,
  0xFE,0x00,0x00,0x00,0x03,0xFF,0xFF,0xE0,0x00,0x00,0x00,0x1F,0xFF,0xFE,0x00,0x00,0x00,0x00,0xFF,0xFF,0xC0,0x00,0x00,0x00,
  0x07,0xFF,0xF8,0x00,0x00,0x00,0x00,0x1F,0xFF,0x00,0x00,0x00,0x00,0x00,0xFF,0xFC,0x00,0x00,0xFF,0xFF,0xFF,0xF0,0x00,0x03,
  0xFF,0xFF,0xFF,0xC0,0x00,0x0F,0xFF,0xFF,0xFF,0x00,0x00,0x3F,0xFF,0xFF,0xFC,0x00,0x00,0xFF,0xFF,0xFF,0xF0,0x00,0x03,0xFF,
  0xFF,0xFF,0xC0,0x00,0x0F,0xFF,0xFF,0xFF,0x00,0x00,0x3F,0xFF,0xFF,0xFC,0x00,0x00,0xFF,0xFF,0xFF,0xF0,0x00,0x03,0xFF,0xFF,
  0xFF,0xC0,0x00,0x0F,0xFF,0xFF,0xFF,0x00,0x00,0x3F,0xFF,0xFF,0xFC,0x00,0x00,0xFF,0xFF,0xFF,0xF0,0x00,0x03,0xFF,0xFF,0xFF,
  0xC0,0x00,0x0F,0xFF,0xFF,0xFF,0x00,0x00,0x3F,0xFF,0xFF,0xFC,0x00,0x00,0xFF,0xFF,0xFF,0xF0,0x00,0x03,0xFF,0xFF,0xFF,0xC0,
  0x00,0x0F,0xFF,0xFF,0xFF,0x00,0x00,0x3F,0xFF,0xFF,0xFC,0x00,0x00,0xFF,0xFF,0xFF,0xF0,0x00,0x03,0xFF,0xFF,0xFF,0xC0,0x00,
  0x0F,0xFF,0xFF,0xFF,0x00,0x00,0x3F,0xFF,0xFF,0xFC,0x00,0x00,0xFF,0xFF,0xFF,0xF0,0x00,0x03,0xFF,0xFF,0xFF,0xC0,0x00,0x0F,
  0xFF,0xFF,0xFF,0x00,0x00,0x3F,0xFF,0xFF,0xFC,0x00,0x00,0xFF,0xFF,0xFF,0xF0,0x00,0x03,0xFF,0xFF,0xFF,0xC0,0x00,0x0F,0xFF,
  0xFF,0xFF,0x00,0x00,0x3F,0xFF,0xFF,0xFC,0x00,0x00,0xFF,0xFF,0xFF,0xF0,0x00,0x03,0xFF,0xFF,0xFF,0xC0,0x00,0x0F,0xFF,0xFF,
  0xFF,0x00,0x00,0x3F,0xFF,0xFF,0xFC,0x00,0x00,0xFF,0xFF,0xFF,0xF0,0x00,0x03,0xFF,0xFF,0xFF,0xC0,0x00,0x0F,0xFF,0xFF,0xFF,
  0x00,0x00,0x3F,0xFF,0xFF,0xFC,0x00,0x00,0xFF,0xFF,0xFF,0xF0,0x00,0x03,0xFF,0xFF,0xFF,0xC0,0x00,0x0F,0xFF,0xFF,0xFF,0xFF,
  0xFF,0xFF,0xFF,0xFF,0xFF,0xFF,0xFF,0xFF,0xFF,0xFF,0xFF,0xFF,0xFF,0xFF,0xFF,0xFF,0xFF,0xFF,0xFF,0xFF,0xFF,0xFF,0xFF,0xFF,
  0xFF,0xFF,0xFF,0xFF,0xFF,0xFF,0xFF,0xFF,0xFF,0xFF,0xFF,0xFF,0xFF,0xFF,0xFF,0xFF,0xFF,0xFF,0xFF,0xFF,0xFF,0xFF,0xFF,0xFF,
  0xFF,0x00,0x00,0x7F,0xF8,0x00,0x00,0x00,0x01,0xFF,0xE0,0x00,0x00,0x00,0x07,0xFF,0x80,0x00,0x00,0x00,0x1F,0xFE,0x00,0x00,
  0x00,0x00,0x7F,0xF8,0x00,0x00,0x00,0x01,0xFF,0xE0,0x00,0x00,0x00,0x07,0xFF,0x80,0x00,0x00,0x00,0x1F,0xFE,0x00,0x00,0x00,
  0x00,0x7F,0xF8,0x00,0x00,0x00,0x01,0xFF,0xE0,0x00,0x00,0x00,0x07,0xFF,0x80,0x00,0x00,0x00,0x1F,0xFE,0x00,0x00,0x00,0x00,
  0x7F,0xF8,0x00,0x00,0x00,0x01,0xFF,0xE0,0x00,0x00,0x00,0x07,0xFF,0x80,0x00,0x00,0x00,0x1F,0xFE,0x00,0x00,0x00,0x00,0x7F,
  0xF8,0x00,0x00,0x00,0x01,0xFF,0xE0,0x00,0x00,0x00,0x07,0xFF,0x80,0x00,0x00,0x00,0x1F,0xFE,0x00,0x00,
  0x00};
static const lgfx::GFXglyph LibSans68_glyphs[] PROGMEM = {
  {0,0,0,28,0,0},
  {0,15,68,33,9,-68},
  {128,34,25,47,6,-68},
  {235,52,67,55,2,-67},
  {671,53,81,55,1,-74},
  {1208,83,70,88,2,-69},
  {1935,64,70,72,4,-69},
  {2495,13,25,24,5,-68},
  {2536,28,93,33,5,-72},
  {2862,28,93,33,0,-72},
  {3188,38,37,39,0,-68},
  {3364,50,51,58,4,-58},
  {3683,14,30,28,7,-15},
  {3736,25,12,33,4,-32},
  {3774,14,15,28,7,-15},
  {3801,26,74,28,1,-72},
  {4042,47,70,55,4,-69},
  {4454,46,68,55,6,-68},
  {4845,48,69,55,3,-69},
  {5259,50,70,55,2,-69},
  {5697,54,68,55,1,-68},
  {6156,49,69,55,3,-68},
  {6579,48,70,55,4,-69},
  {6999,47,68,55,4,-68},
  {7399,49,70,55,3,-69},
  {7828,48,70,55,3,-69},
  {8248,15,50,33,9,-50},
  {8342,14,65,33,10,-50},
  {8456,50,53,58,4,-59},
  {8788,50,37,58,4,-51},
  {9020,50,53,58,4,-59},
  {9352,50,69,60,5,-69},
  {9784,85,86,97,6,-70},
  {10698,66,68,72,3,-68},
  {11259,60,68,72,7,-68},
  {11769,64,70,72,4,-69},
  {12329,60,68,72,7,-68},
  {12839,55,68,66,7,-68},
  {13307,50,68,60,7,-68},
  {13732,67,70,77,4,-69},
  {14319,58,68,72,7,-68},
  {14812,14,68,28,7,-68},
  {14931,46,69,55,2,-68},
  {15328,63,68,72,7,-68},
  {15864,50,68,60,7,-68},
  {16289,69,68,82,7,-68},
  {16876,58,68,72,7,-68},
  {17369,69,70,77,4,-69},
  {17973,56,68,66,7,-68},
  {18449,69,89,77,4,-69},
  {19217,62,68,72,7,-68},
  {19744,59,70,66,3,-69},
  {20261,58,68,60,1,-68},
  {20754,60,69,72,6,-68},
  {21272,64,68,66,1,-68},
  {21816,93,68,93,0,-68},
  {22607,64,68,66,1,-68},
  {23151,62,69,66,2,-69},
  {23686,55,68,60,3,-68},
  {24154,27,93,33,5,-72},
  {24468,26,74,28,1,-72},
  {24709,26,93,33,1,-72},
  {25012,53,43,58,2,-68},
  {25297,57,4,55,-1,8},
  {25326,25,15,33,3,-72},
  {25373,53,54,55,3,-53},
  {25731,50,73,60,6,-72},
  {26188,48,54,55,4,-53},
  {26512,50,73,60,4,-72},
  {26969,48,54,55,4,-53},
  {27293,31,72,33,2,-72},
  {27572,50,74,60,4,-53},
  {28035,47,72,60,7,-72},
  {28458,14,72,28,7,-72},
  {28584,23,93,28,-2,-72},
  {28852,48,72,55,7,-72},
  {29284,14,72,28,7,-72},
  {29410,76,53,88,6,-53},
  {29914,48,53,60,6,-53},
  {30232,53,54,60,4,-53},
  {30590,50,74,60,6,-53},
  {31053,50,74,60,4,-53},
  {31516,31,53,39,6,-53},
  {31722,47,54,55,4,-53},
  {32040,31,65,33,1,-64},
  {32292,48,53,60,6,-52},
  {32610,55,52,55,0,-52},
  {32968,77,52,77,0,-52},
  {33469,53,52,55,1,-52},
  {33814,53,73,55,1,-52},
  {34298,42,52,50,4,-52},
  {34571,35,93,39,2,-72},
  {34978,13,94,28,7,-72},
  {35131,35,93,39,2,-72},
  {35538,50,16,58,4,-41},
  {0,0,0,0,0,0},
  {0,0,0,0,0,0},
  {0,0,0,0,0,0},
  {0,0,0,0,0,0},
  {0,0,0,0,0,0},
  {0,0,0,0,0,0},
  {0,0,0,0,0,0},
  {0,0,0,0,0,0},
  {0,0,0,0,0,0},
  {0,0,0,0,0,0},
  {0,0,0,0,0,0},
  {0,0,0,0,0,0},
  {0,0,0,0,0,0},
  {0,0,0,0,0,0},
  {0,0,0,0,0,0},
  {0,0,0,0,0,0},
  {0,0,0,0,0,0},
  {0,0,0,0,0,0},
  {0,0,0,0,0,0},
  {0,0,0,0,0,0},
  {0,0,0,0,0,0},
  {0,0,0,0,0,0},
  {0,0,0,0,0,0},
  {0,0,0,0,0,0},
  {0,0,0,0,0,0},
  {0,0,0,0,0,0},
  {0,0,0,0,0,0},
  {0,0,0,0,0,0},
  {0,0,0,0,0,0},
  {0,0,0,0,0,0},
  {0,0,0,0,0,0},
  {0,0,0,0,0,0},
  {0,0,0,0,0,0},
  {0,0,0,0,0,0},
  {0,0,0,0,0,0},
  {0,0,0,0,0,0},
  {0,0,0,0,0,0},
  {0,0,0,0,0,0},
  {0,0,0,0,0,0},
  {0,0,0,0,0,0},
  {0,0,0,0,0,0},
  {0,0,0,0,0,0},
  {0,0,0,0,0,0},
  {0,0,0,0,0,0},
  {0,0,0,0,0,0},
  {0,0,0,0,0,0},
  {0,0,0,0,0,0},
  {0,0,0,0,0,0},
  {0,0,0,0,0,0},
  {35638,31,30,40,4,-69},
  {0,0,0,0,0,0},
  {0,0,0,0,0,0},
  {0,0,0,0,0,0},
  {0,0,0,0,0,0},
  {0,0,0,0,0,0},
  {0,0,0,0,0,0},
  {0,0,0,0,0,0},
  {0,0,0,0,0,0},
  {0,0,0,0,0,0},
  {0,0,0,0,0,0},
  {0,0,0,0,0,0},
  {0,0,0,0,0,0},
  {0,0,0,0,0,0},
  {0,0,0,0,0,0},
  {0,0,0,0,0,0},
  {0,0,0,0,0,0},
  {0,0,0,0,0,0},
  {0,0,0,0,0,0},
  {0,0,0,0,0,0},
  {0,0,0,0,0,0},
  {0,0,0,0,0,0},
  {0,0,0,0,0,0},
  {0,0,0,0,0,0},
  {0,0,0,0,0,0},
  {0,0,0,0,0,0},
  {0,0,0,0,0,0},
  {0,0,0,0,0,0},
  {0,0,0,0,0,0},
  {0,0,0,0,0,0},
  {0,0,0,0,0,0},
  {0,0,0,0,0,0},
  {0,0,0,0,0,0},
  {0,0,0,0,0,0},
  {0,0,0,0,0,0},
  {0,0,0,0,0,0},
  {0,0,0,0,0,0},
  {0,0,0,0,0,0},
  {0,0,0,0,0,0},
  {0,0,0,0,0,0},
  {0,0,0,0,0,0},
  {0,0,0,0,0,0},
  {0,0,0,0,0,0},
  {0,0,0,0,0,0},
  {0,0,0,0,0,0},
  {0,0,0,0,0,0},
  {0,0,0,0,0,0},
  {0,0,0,0,0,0},
  {0,0,0,0,0,0},
  {0,0,0,0,0,0},
  {0,0,0,0,0,0},
  {0,0,0,0,0,0},
  {0,0,0,0,0,0},
  {0,0,0,0,0,0},
  {0,0,0,0,0,0},
  {0,0,0,0,0,0},
  {0,0,0,0,0,0},
  {0,0,0,0,0,0},
  {0,0,0,0,0,0},
  {0,0,0,0,0,0},
  {0,0,0,0,0,0},
  {0,0,0,0,0,0},
  {0,0,0,0,0,0},
  {0,0,0,0,0,0},
  {0,0,0,0,0,0},
  {0,0,0,0,0,0},
  {0,0,0,0,0,0},
  {0,0,0,0,0,0},
  {0,0,0,0,0,0},
  {0,0,0,0,0,0},
  {0,0,0,0,0,0},
  {0,0,0,0,0,0},
  {0,0,0,0,0,0},
  {0,0,0,0,0,0},
  {0,0,0,0,0,0},
  {0,0,0,0,0,0},
  {0,0,0,0,0,0},
  {0,0,0,0,0,0},
  {0,0,0,0,0,0},
  {0,0,0,0,0,0},
  {0,0,0,0,0,0},
  {0,0,0,0,0,0},
  {0,0,0,0,0,0},
  {0,0,0,0,0,0},
  {0,0,0,0,0,0},
  {0,0,0,0,0,0},
  {0,0,0,0,0,0},
  {0,0,0,0,0,0},
  {0,0,0,0,0,0},
  {0,0,0,0,0,0},
  {0,0,0,0,0,0},
  {0,0,0,0,0,0},
  {0,0,0,0,0,0},
  {0,0,0,0,0,0},
  {0,0,0,0,0,0},
  {0,0,0,0,0,0},
  {0,0,0,0,0,0},
  {0,0,0,0,0,0},
  {0,0,0,0,0,0},
  {0,0,0,0,0,0},
  {0,0,0,0,0,0},
  {0,0,0,0,0,0},
  {0,0,0,0,0,0},
  {0,0,0,0,0,0},
  {0,0,0,0,0,0},
  {0,0,0,0,0,0},
  {0,0,0,0,0,0},
  {0,0,0,0,0,0},
  {0,0,0,0,0,0},
  {0,0,0,0,0,0},
  {0,0,0,0,0,0},
  {0,0,0,0,0,0},
  {0,0,0,0,0,0},
  {0,0,0,0,0,0},
  {0,0,0,0,0,0},
  {0,0,0,0,0,0},
  {0,0,0,0,0,0},
  {0,0,0,0,0,0},
  {0,0,0,0,0,0},
  {0,0,0,0,0,0},
  {0,0,0,0,0,0},
  {0,0,0,0,0,0},
  {0,0,0,0,0,0},
  {0,0,0,0,0,0},
  {0,0,0,0,0,0},
  {0,0,0,0,0,0},
  {0,0,0,0,0,0},
  {0,0,0,0,0,0},
  {0,0,0,0,0,0},
  {0,0,0,0,0,0},
  {0,0,0,0,0,0},
  {0,0,0,0,0,0},
  {0,0,0,0,0,0},
  {0,0,0,0,0,0},
  {0,0,0,0,0,0},
  {0,0,0,0,0,0},
  {0,0,0,0,0,0},
  {0,0,0,0,0,0},
  {0,0,0,0,0,0},
  {0,0,0,0,0,0},
  {0,0,0,0,0,0},
  {0,0,0,0,0,0},
  {0,0,0,0,0,0},
  {0,0,0,0,0,0},
  {0,0,0,0,0,0},
  {0,0,0,0,0,0},
  {0,0,0,0,0,0},
  {0,0,0,0,0,0},
  {0,0,0,0,0,0},
  {0,0,0,0,0,0},
  {0,0,0,0,0,0},
  {0,0,0,0,0,0},
  {0,0,0,0,0,0},
  {0,0,0,0,0,0},
  {0,0,0,0,0,0},
  {0,0,0,0,0,0},
  {0,0,0,0,0,0},
  {0,0,0,0,0,0},
  {0,0,0,0,0,0},
  {0,0,0,0,0,0},
  {0,0,0,0,0,0},
  {0,0,0,0,0,0},
  {0,0,0,0,0,0},
  {0,0,0,0,0,0},
  {0,0,0,0,0,0},
  {0,0,0,0,0,0},
  {0,0,0,0,0,0},
  {0,0,0,0,0,0},
  {0,0,0,0,0,0},
  {0,0,0,0,0,0},
  {0,0,0,0,0,0},
  {0,0,0,0,0,0},
  {0,0,0,0,0,0},
  {0,0,0,0,0,0},
  {0,0,0,0,0,0},
  {0,0,0,0,0,0},
  {0,0,0,0,0,0},
  {0,0,0,0,0,0},
  {0,0,0,0,0,0},
  {0,0,0,0,0,0},
  {0,0,0,0,0,0},
  {0,0,0,0,0,0},
  {0,0,0,0,0,0},
  {0,0,0,0,0,0},
  {0,0,0,0,0,0},
  {0,0,0,0,0,0},
  {0,0,0,0,0,0},
  {0,0,0,0,0,0},
  {0,0,0,0,0,0},
  {0,0,0,0,0,0},
  {0,0,0,0,0,0},
  {0,0,0,0,0,0},
  {0,0,0,0,0,0},
  {0,0,0,0,0,0},
  {0,0,0,0,0,0},
  {0,0,0,0,0,0},
  {0,0,0,0,0,0},
  {0,0,0,0,0,0},
  {0,0,0,0,0,0},
  {0,0,0,0,0,0},
  {0,0,0,0,0,0},
  {0,0,0,0,0,0},
  {0,0,0,0,0,0},
  {0,0,0,0,0,0},
  {0,0,0,0,0,0},
  {0,0,0,0,0,0},
  {0,0,0,0,0,0},
  {0,0,0,0,0,0},
  {0,0,0,0,0,0},
  {0,0,0,0,0,0},
  {0,0,0,0,0,0},
  {0,0,0,0,0,0},
  {0,0,0,0,0,0},
  {0,0,0,0,0,0},
  {0,0,0,0,0,0},
  {0,0,0,0,0,0},
  {0,0,0,0,0,0},
  {0,0,0,0,0,0},
  {0,0,0,0,0,0},
  {0,0,0,0,0,0},
  {0,0,0,0,0,0},
  {0,0,0,0,0,0},
  {0,0,0,0,0,0},
  {0,0,0,0,0,0},
  {0,0,0,0,0,0},
  {0,0,0,0,0,0},
  {0,0,0,0,0,0},
  {0,0,0,0,0,0},
  {0,0,0,0,0,0},
  {0,0,0,0,0,0},
  {0,0,0,0,0,0},
  {0,0,0,0,0,0},
  {0,0,0,0,0,0},
  {0,0,0,0,0,0},
  {0,0,0,0,0,0},
  {0,0,0,0,0,0},
  {0,0,0,0,0,0},
  {0,0,0,0,0,0},
  {0,0,0,0,0,0},
  {0,0,0,0,0,0},
  {0,0,0,0,0,0},
  {0,0,0,0,0,0},
  {0,0,0,0,0,0},
  {0,0,0,0,0,0},
  {0,0,0,0,0,0},
  {0,0,0,0,0,0},
  {0,0,0,0,0,0},
  {0,0,0,0,0,0},
  {0,0,0,0,0,0},
  {0,0,0,0,0,0},
  {0,0,0,0,0,0},
  {0,0,0,0,0,0},
  {0,0,0,0,0,0},
  {0,0,0,0,0,0},
  {0,0,0,0,0,0},
  {0,0,0,0,0,0},
  {0,0,0,0,0,0},
  {0,0,0,0,0,0},
  {0,0,0,0,0,0},
  {0,0,0,0,0,0},
  {0,0,0,0,0,0},
  {0,0,0,0,0,0},
  {0,0,0,0,0,0},
  {0,0,0,0,0,0},
  {0,0,0,0,0,0},
  {0,0,0,0,0,0},
  {0,0,0,0,0,0},
  {0,0,0,0,0,0},
  {0,0,0,0,0,0},
  {0,0,0,0,0,0},
  {0,0,0,0,0,0},
  {0,0,0,0,0,0},
  {0,0,0,0,0,0},
  {0,0,0,0,0,0},
  {0,0,0,0,0,0},
  {0,0,0,0,0,0},
  {0,0,0,0,0,0},
  {0,0,0,0,0,0},
  {0,0,0,0,0,0},
  {0,0,0,0,0,0},
  {0,0,0,0,0,0},
  {0,0,0,0,0,0},
  {0,0,0,0,0,0},
  {0,0,0,0,0,0},
  {0,0,0,0,0,0},
  {0,0,0,0,0,0},
  {0,0,0,0,0,0},
  {0,0,0,0,0,0},
  {0,0,0,0,0,0},
  {0,0,0,0,0,0},
  {0,0,0,0,0,0},
  {0,0,0,0,0,0},
  {0,0,0,0,0,0},
  {0,0,0,0,0,0},
  {0,0,0,0,0,0},
  {0,0,0,0,0,0},
  {0,0,0,0,0,0},
  {0,0,0,0,0,0},
  {0,0,0,0,0,0},
  {0,0,0,0,0,0},
  {0,0,0,0,0,0},
  {0,0,0,0,0,0},
  {0,0,0,0,0,0},
  {0,0,0,0,0,0},
  {0,0,0,0,0,0},
  {0,0,0,0,0,0},
  {0,0,0,0,0,0},
  {0,0,0,0,0,0},
  {0,0,0,0,0,0},
  {0,0,0,0,0,0},
  {0,0,0,0,0,0},
  {0,0,0,0,0,0},
  {0,0,0,0,0,0},
  {0,0,0,0,0,0},
  {0,0,0,0,0,0},
  {0,0,0,0,0,0},
  {0,0,0,0,0,0},
  {0,0,0,0,0,0},
  {0,0,0,0,0,0},
  {0,0,0,0,0,0},
  {0,0,0,0,0,0},
  {0,0,0,0,0,0},
  {0,0,0,0,0,0},
  {0,0,0,0,0,0},
  {0,0,0,0,0,0},
  {0,0,0,0,0,0},
  {0,0,0,0,0,0},
  {0,0,0,0,0,0},
  {0,0,0,0,0,0},
  {0,0,0,0,0,0},
  {0,0,0,0,0,0},
  {0,0,0,0,0,0},
  {0,0,0,0,0,0},
  {0,0,0,0,0,0},
  {0,0,0,0,0,0},
  {0,0,0,0,0,0},
  {0,0,0,0,0,0},
  {0,0,0,0,0,0},
  {0,0,0,0,0,0},
  {0,0,0,0,0,0},
  {0,0,0,0,0,0},
  {0,0,0,0,0,0},
  {0,0,0,0,0,0},
  {0,0,0,0,0,0},
  {0,0,0,0,0,0},
  {0,0,0,0,0,0},
  {0,0,0,0,0,0},
  {0,0,0,0,0,0},
  {0,0,0,0,0,0},
  {0,0,0,0,0,0},
  {0,0,0,0,0,0},
  {0,0,0,0,0,0},
  {0,0,0,0,0,0},
  {0,0,0,0,0,0},
  {0,0,0,0,0,0},
  {0,0,0,0,0,0},
  {0,0,0,0,0,0},
  {0,0,0,0,0,0},
  {0,0,0,0,0,0},
  {0,0,0,0,0,0},
  {0,0,0,0,0,0},
  {0,0,0,0,0,0},
  {0,0,0,0,0,0},
  {0,0,0,0,0,0},
  {0,0,0,0,0,0},
  {0,0,0,0,0,0},
  {0,0,0,0,0,0},
  {0,0,0,0,0,0},
  {0,0,0,0,0,0},
  {0,0,0,0,0,0},
  {0,0,0,0,0,0},
  {0,0,0,0,0,0},
  {0,0,0,0,0,0},
  {0,0,0,0,0,0},
  {0,0,0,0,0,0},
  {0,0,0,0,0,0},
  {0,0,0,0,0,0},
  {0,0,0,0,0,0},
  {0,0,0,0,0,0},
  {0,0,0,0,0,0},
  {0,0,0,0,0,0},
  {0,0,0,0,0,0},
  {0,0,0,0,0,0},
  {0,0,0,0,0,0},
  {0,0,0,0,0,0},
  {0,0,0,0,0,0},
  {0,0,0,0,0,0},
  {0,0,0,0,0,0},
  {0,0,0,0,0,0},
  {0,0,0,0,0,0},
  {0,0,0,0,0,0},
  {0,0,0,0,0,0},
  {0,0,0,0,0,0},
  {0,0,0,0,0,0},
  {0,0,0,0,0,0},
  {0,0,0,0,0,0},
  {0,0,0,0,0,0},
  {0,0,0,0,0,0},
  {0,0,0,0,0,0},
  {0,0,0,0,0,0},
  {0,0,0,0,0,0},
  {0,0,0,0,0,0},
  {0,0,0,0,0,0},
  {0,0,0,0,0,0},
  {0,0,0,0,0,0},
  {0,0,0,0,0,0},
  {0,0,0,0,0,0},
  {0,0,0,0,0,0},
  {0,0,0,0,0,0},
  {0,0,0,0,0,0},
  {0,0,0,0,0,0},
  {0,0,0,0,0,0},
  {0,0,0,0,0,0},
  {0,0,0,0,0,0},
  {0,0,0,0,0,0},
  {0,0,0,0,0,0},
  {0,0,0,0,0,0},
  {0,0,0,0,0,0},
  {0,0,0,0,0,0},
  {0,0,0,0,0,0},
  {0,0,0,0,0,0},
  {0,0,0,0,0,0},
  {0,0,0,0,0,0},
  {0,0,0,0,0,0},
  {0,0,0,0,0,0},
  {0,0,0,0,0,0},
  {0,0,0,0,0,0},
  {0,0,0,0,0,0},
  {0,0,0,0,0,0},
  {0,0,0,0,0,0},
  {0,0,0,0,0,0},
  {0,0,0,0,0,0},
  {0,0,0,0,0,0},
  {0,0,0,0,0,0},
  {0,0,0,0,0,0},
  {0,0,0,0,0,0},
  {0,0,0,0,0,0},
  {0,0,0,0,0,0},
  {0,0,0,0,0,0},
  {0,0,0,0,0,0},
  {0,0,0,0,0,0},
  {0,0,0,0,0,0},
  {0,0,0,0,0,0},
  {0,0,0,0,0,0},
  {0,0,0,0,0,0},
  {0,0,0,0,0,0},
  {0,0,0,0,0,0},
  {0,0,0,0,0,0},
  {0,0,0,0,0,0},
  {0,0,0,0,0,0},
  {0,0,0,0,0,0},
  {0,0,0,0,0,0},
  {0,0,0,0,0,0},
  {0,0,0,0,0,0},
  {0,0,0,0,0,0},
  {0,0,0,0,0,0},
  {0,0,0,0,0,0},
  {0,0,0,0,0,0},
  {0,0,0,0,0,0},
  {0,0,0,0,0,0},
  {0,0,0,0,0,0},
  {0,0,0,0,0,0},
  {0,0,0,0,0,0},
  {0,0,0,0,0,0},
  {0,0,0,0,0,0},
  {0,0,0,0,0,0},
  {0,0,0,0,0,0},
  {0,0,0,0,0,0},
  {0,0,0,0,0,0},
  {0,0,0,0,0,0},
  {0,0,0,0,0,0},
  {0,0,0,0,0,0},
  {0,0,0,0,0,0},
  {0,0,0,0,0,0},
  {0,0,0,0,0,0},
  {0,0,0,0,0,0},
  {0,0,0,0,0,0},
  {0,0,0,0,0,0},
  {0,0,0,0,0,0},
  {0,0,0,0,0,0},
  {0,0,0,0,0,0},
  {0,0,0,0,0,0},
  {0,0,0,0,0,0},
  {0,0,0,0,0,0},
  {0,0,0,0,0,0},
  {0,0,0,0,0,0},
  {0,0,0,0,0,0},
  {0,0,0,0,0,0},
  {0,0,0,0,0,0},
  {0,0,0,0,0,0},
  {0,0,0,0,0,0},
  {0,0,0,0,0,0},
  {0,0,0,0,0,0},
  {0,0,0,0,0,0},
  {0,0,0,0,0,0},
  {0,0,0,0,0,0},
  {0,0,0,0,0,0},
  {0,0,0,0,0,0},
  {0,0,0,0,0,0},
  {0,0,0,0,0,0},
  {0,0,0,0,0,0},
  {0,0,0,0,0,0},
  {0,0,0,0,0,0},
  {0,0,0,0,0,0},
  {0,0,0,0,0,0},
  {0,0,0,0,0,0},
  {0,0,0,0,0,0},
  {0,0,0,0,0,0},
  {0,0,0,0,0,0},
  {0,0,0,0,0,0},
  {0,0,0,0,0,0},
  {0,0,0,0,0,0},
  {0,0,0,0,0,0},
  {0,0,0,0,0,0},
  {0,0,0,0,0,0},
  {0,0,0,0,0,0},
  {0,0,0,0,0,0},
  {0,0,0,0,0,0},
  {0,0,0,0,0,0},
  {0,0,0,0,0,0},
  {0,0,0,0,0,0},
  {0,0,0,0,0,0},
  {0,0,0,0,0,0},
  {0,0,0,0,0,0},
  {0,0,0,0,0,0},
  {0,0,0,0,0,0},
  {0,0,0,0,0,0},
  {0,0,0,0,0,0},
  {0,0,0,0,0,0},
  {0,0,0,0,0,0},
  {0,0,0,0,0,0},
  {0,0,0,0,0,0},
  {0,0,0,0,0,0},
  {0,0,0,0,0,0},
  {0,0,0,0,0,0},
  {0,0,0,0,0,0},
  {0,0,0,0,0,0},
  {0,0,0,0,0,0},
  {0,0,0,0,0,0},
  {0,0,0,0,0,0},
  {0,0,0,0,0,0},
  {0,0,0,0,0,0},
  {0,0,0,0,0,0},
  {0,0,0,0,0,0},
  {0,0,0,0,0,0},
  {0,0,0,0,0,0},
  {0,0,0,0,0,0},
  {0,0,0,0,0,0},
  {0,0,0,0,0,0},
  {0,0,0,0,0,0},
  {0,0,0,0,0,0},
  {0,0,0,0,0,0},
  {0,0,0,0,0,0},
  {0,0,0,0,0,0},
  {0,0,0,0,0,0},
  {0,0,0,0,0,0},
  {0,0,0,0,0,0},
  {0,0,0,0,0,0},
  {0,0,0,0,0,0},
  {0,0,0,0,0,0},
  {0,0,0,0,0,0},
  {0,0,0,0,0,0},
  {0,0,0,0,0,0},
  {0,0,0,0,0,0},
  {0,0,0,0,0,0},
  {0,0,0,0,0,0},
  {0,0,0,0,0,0},
  {0,0,0,0,0,0},
  {0,0,0,0,0,0},
  {0,0,0,0,0,0},
  {0,0,0,0,0,0},
  {0,0,0,0,0,0},
  {0,0,0,0,0,0},
  {0,0,0,0,0,0},
  {0,0,0,0,0,0},
  {0,0,0,0,0,0},
  {0,0,0,0,0,0},
  {0,0,0,0,0,0},
  {0,0,0,0,0,0},
  {0,0,0,0,0,0},
  {0,0,0,0,0,0},
  {0,0,0,0,0,0},
  {0,0,0,0,0,0},
  {0,0,0,0,0,0},
  {0,0,0,0,0,0},
  {0,0,0,0,0,0},
  {0,0,0,0,0,0},
  {0,0,0,0,0,0},
  {0,0,0,0,0,0},
  {0,0,0,0,0,0},
  {0,0,0,0,0,0},
  {0,0,0,0,0,0},
  {0,0,0,0,0,0},
  {0,0,0,0,0,0},
  {0,0,0,0,0,0},
  {0,0,0,0,0,0},
  {0,0,0,0,0,0},
  {0,0,0,0,0,0},
  {0,0,0,0,0,0},
  {0,0,0,0,0,0},
  {0,0,0,0,0,0},
  {0,0,0,0,0,0},
  {0,0,0,0,0,0},
  {0,0,0,0,0,0},
  {0,0,0,0,0,0},
  {0,0,0,0,0,0},
  {0,0,0,0,0,0},
  {0,0,0,0,0,0},
  {0,0,0,0,0,0},
  {0,0,0,0,0,0},
  {0,0,0,0,0,0},
  {0,0,0,0,0,0},
  {0,0,0,0,0,0},
  {0,0,0,0,0,0},
  {0,0,0,0,0,0},
  {0,0,0,0,0,0},
  {0,0,0,0,0,0},
  {0,0,0,0,0,0},
  {0,0,0,0,0,0},
  {0,0,0,0,0,0},
  {0,0,0,0,0,0},
  {0,0,0,0,0,0},
  {0,0,0,0,0,0},
  {0,0,0,0,0,0},
  {0,0,0,0,0,0},
  {0,0,0,0,0,0},
  {0,0,0,0,0,0},
  {0,0,0,0,0,0},
  {0,0,0,0,0,0},
  {0,0,0,0,0,0},
  {0,0,0,0,0,0},
  {0,0,0,0,0,0},
  {0,0,0,0,0,0},
  {0,0,0,0,0,0},
  {0,0,0,0,0,0},
  {0,0,0,0,0,0},
  {0,0,0,0,0,0},
  {0,0,0,0,0,0},
  {0,0,0,0,0,0},
  {0,0,0,0,0,0},
  {0,0,0,0,0,0},
  {0,0,0,0,0,0},
  {0,0,0,0,0,0},
  {0,0,0,0,0,0},
  {0,0,0,0,0,0},
  {0,0,0,0,0,0},
  {0,0,0,0,0,0},
  {0,0,0,0,0,0},
  {0,0,0,0,0,0},
  {0,0,0,0,0,0},
  {0,0,0,0,0,0},
  {0,0,0,0,0,0},
  {0,0,0,0,0,0},
  {0,0,0,0,0,0},
  {0,0,0,0,0,0},
  {0,0,0,0,0,0},
  {0,0,0,0,0,0},
  {0,0,0,0,0,0},
  {0,0,0,0,0,0},
  {0,0,0,0,0,0},
  {0,0,0,0,0,0},
  {0,0,0,0,0,0},
  {0,0,0,0,0,0},
  {0,0,0,0,0,0},
  {0,0,0,0,0,0},
  {0,0,0,0,0,0},
  {0,0,0,0,0,0},
  {0,0,0,0,0,0},
  {0,0,0,0,0,0},
  {0,0,0,0,0,0},
  {0,0,0,0,0,0},
  {0,0,0,0,0,0},
  {0,0,0,0,0,0},
  {0,0,0,0,0,0},
  {0,0,0,0,0,0},
  {0,0,0,0,0,0},
  {0,0,0,0,0,0},
  {0,0,0,0,0,0},
  {0,0,0,0,0,0},
  {0,0,0,0,0,0},
  {0,0,0,0,0,0},
  {0,0,0,0,0,0},
  {0,0,0,0,0,0},
  {0,0,0,0,0,0},
  {0,0,0,0,0,0},
  {0,0,0,0,0,0},
  {0,0,0,0,0,0},
  {0,0,0,0,0,0},
  {0,0,0,0,0,0},
  {0,0,0,0,0,0},
  {0,0,0,0,0,0},
  {0,0,0,0,0,0},
  {0,0,0,0,0,0},
  {0,0,0,0,0,0},
  {0,0,0,0,0,0},
  {0,0,0,0,0,0},
  {0,0,0,0,0,0},
  {0,0,0,0,0,0},
  {0,0,0,0,0,0},
  {0,0,0,0,0,0},
  {0,0,0,0,0,0},
  {0,0,0,0,0,0},
  {0,0,0,0,0,0},
  {0,0,0,0,0,0},
  {0,0,0,0,0,0},
  {0,0,0,0,0,0},
  {0,0,0,0,0,0},
  {0,0,0,0,0,0},
  {0,0,0,0,0,0},
  {0,0,0,0,0,0},
  {0,0,0,0,0,0},
  {0,0,0,0,0,0},
  {0,0,0,0,0,0},
  {0,0,0,0,0,0},
  {0,0,0,0,0,0},
  {0,0,0,0,0,0},
  {0,0,0,0,0,0},
  {0,0,0,0,0,0},
  {0,0,0,0,0,0},
  {0,0,0,0,0,0},
  {0,0,0,0,0,0},
  {0,0,0,0,0,0},
  {0,0,0,0,0,0},
  {0,0,0,0,0,0},
  {0,0,0,0,0,0},
  {0,0,0,0,0,0},
  {0,0,0,0,0,0},
  {0,0,0,0,0,0},
  {0,0,0,0,0,0},
  {0,0,0,0,0,0},
  {0,0,0,0,0,0},
  {0,0,0,0,0,0},
  {0,0,0,0,0,0},
  {0,0,0,0,0,0},
  {0,0,0,0,0,0},
  {0,0,0,0,0,0},
  {0,0,0,0,0,0},
  {0,0,0,0,0,0},
  {0,0,0,0,0,0},
  {0,0,0,0,0,0},
  {0,0,0,0,0,0},
  {0,0,0,0,0,0},
  {0,0,0,0,0,0},
  {0,0,0,0,0,0},
  {0,0,0,0,0,0},
  {0,0,0,0,0,0},
  {0,0,0,0,0,0},
  {0,0,0,0,0,0},
  {0,0,0,0,0,0},
  {0,0,0,0,0,0},
  {0,0,0,0,0,0},
  {0,0,0,0,0,0},
  {0,0,0,0,0,0},
  {0,0,0,0,0,0},
  {0,0,0,0,0,0},
  {0,0,0,0,0,0},
  {0,0,0,0,0,0},
  {0,0,0,0,0,0},
  {0,0,0,0,0,0},
  {0,0,0,0,0,0},
  {0,0,0,0,0,0},
  {0,0,0,0,0,0},
  {0,0,0,0,0,0},
  {0,0,0,0,0,0},
  {0,0,0,0,0,0},
  {0,0,0,0,0,0},
  {0,0,0,0,0,0},
  {0,0,0,0,0,0},
  {0,0,0,0,0,0},
  {0,0,0,0,0,0},
  {0,0,0,0,0,0},
  {0,0,0,0,0,0},
  {0,0,0,0,0,0},
  {0,0,0,0,0,0},
  {0,0,0,0,0,0},
  {0,0,0,0,0,0},
  {0,0,0,0,0,0},
  {0,0,0,0,0,0},
  {0,0,0,0,0,0},
  {0,0,0,0,0,0},
  {0,0,0,0,0,0},
  {0,0,0,0,0,0},
  {0,0,0,0,0,0},
  {0,0,0,0,0,0},
  {0,0,0,0,0,0},
  {0,0,0,0,0,0},
  {0,0,0,0,0,0},
  {0,0,0,0,0,0},
  {0,0,0,0,0,0},
  {0,0,0,0,0,0},
  {0,0,0,0,0,0},
  {0,0,0,0,0,0},
  {0,0,0,0,0,0},
  {0,0,0,0,0,0},
  {0,0,0,0,0,0},
  {0,0,0,0,0,0},
  {0,0,0,0,0,0},
  {0,0,0,0,0,0},
  {0,0,0,0,0,0},
  {0,0,0,0,0,0},
  {0,0,0,0,0,0},
  {0,0,0,0,0,0},
  {0,0,0,0,0,0},
  {0,0,0,0,0,0},
  {0,0,0,0,0,0},
  {0,0,0,0,0,0},
  {0,0,0,0,0,0},
  {0,0,0,0,0,0},
  {0,0,0,0,0,0},
  {0,0,0,0,0,0},
  {0,0,0,0,0,0},
  {0,0,0,0,0,0},
  {0,0,0,0,0,0},
  {0,0,0,0,0,0},
  {0,0,0,0,0,0},
  {0,0,0,0,0,0},
  {0,0,0,0,0,0},
  {0,0,0,0,0,0},
  {0,0,0,0,0,0},
  {0,0,0,0,0,0},
  {0,0,0,0,0,0},
  {0,0,0,0,0,0},
  {0,0,0,0,0,0},
  {0,0,0,0,0,0},
  {0,0,0,0,0,0},
  {0,0,0,0,0,0},
  {0,0,0,0,0,0},
  {0,0,0,0,0,0},
  {0,0,0,0,0,0},
  {0,0,0,0,0,0},
  {0,0,0,0,0,0},
  {0,0,0,0,0,0},
  {0,0,0,0,0,0},
  {0,0,0,0,0,0},
  {0,0,0,0,0,0},
  {0,0,0,0,0,0},
  {0,0,0,0,0,0},
  {0,0,0,0,0,0},
  {0,0,0,0,0,0},
  {0,0,0,0,0,0},
  {0,0,0,0,0,0},
  {0,0,0,0,0,0},
  {0,0,0,0,0,0},
  {0,0,0,0,0,0},
  {0,0,0,0,0,0},
  {0,0,0,0,0,0},
  {0,0,0,0,0,0},
  {0,0,0,0,0,0},
  {35755,55,88,66,7,-88},
  {36360,55,85,66,7,-85},
  {36945,82,69,88,1,-68},
  {37653,47,88,56,7,-88},
  {38170,64,70,70,4,-69},
  {38730,59,70,66,3,-69},
  {39247,14,68,28,7,-68},
  {39366,31,85,27,-2,-85},
  {39696,46,69,55,2,-68},
  {40093,105,69,108,0,-68},
  {40999,95,68,105,7,-68},
  {41807,79,68,87,1,-68},
  {42479,53,88,60,7,-88},
  {43062,58,88,71,7,-88},
  {43700,62,91,62,0,-90},
  {44406,58,88,71,7,-68},
  {45044,66,68,72,3,-68},
  {45605,61,68,71,7,-68},
  {46124,60,68,72,7,-68},
  {46634,47,68,56,7,-68},
  {47034,68,88,71,1,-68},
  {47782,55,68,66,7,-68},
  {48250,90,68,89,0,-68},
  {49015,56,70,62,2,-69},
  {49505,58,68,71,7,-68},
  {49998,58,90,71,7,-90},
  {50651,53,68,60,7,-68},
  {51102,63,69,69,0,-68},
  {51646,69,68,82,7,-68},
  {52233,58,68,72,7,-68},
  {52726,69,70,77,4,-69},
  {53330,58,68,71,7,-68},
  {53823,56,68,66,7,-68},
  {54299,64,70,72,4,-69},
  {54859,58,68,60,1,-68},
  {55352,62,69,62,0,-68},
  {55887,78,70,84,3,-69},
  {56570,64,68,66,1,-68},
  {57114,65,88,72,7,-68},
  {57829,58,68,70,5,-68},
  {58322,86,68,99,7,-68},
  {59053,93,88,101,7,-68},
  {60076,82,68,86,1,-68},
  {60773,83,68,97,7,-68},
  {61479,61,68,71,7,-68},
  {61998,63,70,70,3,-69},
  {62550,91,70,102,7,-69},
  {63347,63,68,71,2,-68},
  {63883,53,54,55,3,-53},
  {64241,53,73,61,4,-72},
  {64725,50,52,61,7,-52},
  {65050,32,52,41,7,-52},
  {65258,60,72,63,1,-52},
  {65798,48,54,55,4,-53},
  {66122,72,52,70,-1,-52},
  {66590,43,54,49,3,-53},
  {66881,47,52,61,7,-52},
  {67187,47,74,61,7,-74},
  {67622,42,52,50,7,-52},
  {67895,55,53,63,1,-52},
  {68260,59,52,73,7,-52},
  {68644,46,52,60,7,-52},
  {68943,53,54,60,4,-53},
  {69301,46,52,60,7,-52},
  {69600,50,74,60,6,-53},
  {70063,48,54,55,4,-53},
  {70387,43,52,48,3,-52},
  {70667,53,73,55,1,-52},
  {71151,79,93,87,4,-72},
  {72070,53,52,55,1,-52},
  {72415,53,72,61,7,-52},
  {72892,47,52,57,4,-52},
  {73198,68,52,83,7,-52},
  {73640,76,72,84,7,-52},
  {74324,66,52,72,2,-52},
  {74753,71,52,85,7,-52},
  {75215,50,52,61,7,-52},
  {75540,48,54,55,3,-53},
  {75864,74,54,85,7,-53},
  {76364,51,52,58,0,-52},
  {76696,48,74,55,4,-73},
  {77140,48,70,55,4,-69},
  {77560,54,93,60,0,-72},
  {78188,32,73,41,7,-73},
  {78480,48,54,55,4,-53},
  {78804,47,54,55,4,-53},
  {79122,14,72,28,7,-72},
  {79248,32,69,28,-2,-69},
  {79524,23,93,28,-2,-72},
  {79792,91,53,96,1,-52},
  {80395,79,52,90,7,-52},
  {80909,54,72,60,0,-72},
  {81395,42,73,50,7,-73},
  {81779,47,73,61,7,-73},
  {82208,53,95,55,1,-74},
  {82838,46,72,60,7,-52},
};
static const lgfx::GFXfont LibSans68((uint8_t *)LibSans68_bitmap, (lgfx::GFXglyph *)LibSans68_glyphs, 0x20, 0x45F, 111);
