// Liberation Serif Bold, cap height 50px, U+0020..U+045F (ASCII + Cyrillic)
#pragma once

static const uint8_t LibSerif50_bitmap[] PROGMEM = {
  0x7F,0xF3,0xFF,0x9F,0xFC,0xFF,0xE7,0xFF,0x1F,0xF8,0xFF,0xC7,0xFC,0x3F,0xE1,0xFF,0x0F,0xF8,0x7F,0xC3,0xFE,0x1F,0xF0,0xFF,
  0x87,0xFC,0x1F,0xE0,0xFF,0x07,0xF0,0x3F,0x81,0xFC,0x0F,0xE0,0x7F,0x03,0xF8,0x1F,0xC0,0xFE,0x03,0xF0,0x1F,0x80,0xF8,0x07,
  0xC0,0x3E,0x01,0xF0,0x0F,0x80,0x7C,0x03,0xE0,0x00,0x00,0x00,0x00,0x00,0x00,0x01,0xF0,0x3F,0xE1,0xFF,0x9F,0xFC,0xFF,0xFF,
  0xFF,0xFF,0xFD,0xFF,0xEF,0xFE,0x3F,0xF1,0xFF,0x03,0xE0,0xFF,0xC0,0xFF,0xDF,0xF0,0x3F,0xF7,0xFC,0x07,0xF9,0xFF,0x01,0xFE,
  0x7F,0x80,0x7F,0x9F,0xE0,0x1F,0xE7,0xF8,0x07,0xF8,0xFE,0x01,0xFE,0x3F,0x80,0x7F,0x8F,0xE0,0x0F,0xC3,0xF0,0x03,0xF0,0xFC,
  0x00,0xFC,0x3F,0x00,0x3F,0x0F,0xC0,0x0F,0xC1,0xF0,0x03,0xF0,0x7C,0x00,0x78,0x1E,0x00,0x1E,0x07,0x80,0x07,0x80,0x00,0x0F,
  0xC0,0x1F,0x80,0x00,0xF8,0x01,0xF8,0x00,0x0F,0x80,0x1F,0x80,0x00,0xF8,0x01,0xF0,0x00,0x1F,0x80,0x1F,0x00,0x01,0xF8,0x01,
  0xF0,0x00,0x1F,0x80,0x3F,0x00,0x01,0xF0,0x03,0xF0,0x00,0x1F,0x00,0x3E,0x00,0x03,0xF0,0x03,0xE0,0x00,0x3F,0x00,0x3E,0x00,
  0x03,0xF0,0x07,0xE0,0x00,0x3E,0x00,0x7E,0x00,0x03,0xE0,0x07,0xE0,0x00,0x3E,0x00,0x7C,0x0F,0xFF,0xFF,0xFF,0xFF,0xFF,0xFF,
  0xFF,0xFF,0xFF,0xFF,0xFF,0xFF,0xFF,0xFF,0xFF,0xFF,0xFF,0xFF,0xFF,0xFF,0xFF,0xFF,0x00,0xFC,0x00,0xF8,0x00,0x0F,0xC0,0x0F,
  0x80,0x00,0xFC,0x01,0xF8,0x00,0x0F,0x80,0x1F,0x80,0x00,0xF8,0x01,0xF8,0x00,0x0F,0x80,0x1F,0x00,0x01,0xF8,0x01,0xF0,0x00,
  0x1F,0x80,0x1F,0x00,0x01,0xF0,0x03,0xF0,0x00,0x1F,0x00,0x3F,0x00,0xFF,0xFF,0xFF,0xFF,0xFF,0xFF,0xFF,0xFF,0xFF,0xFF,0xFF,
  0xFF,0xFF,0xFF,0xFF,0xFF,0xFF,0xFF,0xFF,0xFF,0xFF,0xFF,0xF0,0x3E,0x00,0x7C,0x00,0x07,0xE0,0x07,0xC0,0x00,0x7E,0x00,0x7C,
  0x00,0x07,0xE0,0x0F,0xC0,0x00,0x7C,0x00,0xFC,0x00,0x07,0xC0,0x0F,0x80,0x00,0xFC,0x00,0xF8,0x00,0x0F,0xC0,0x0F,0x80,0x00,
  0xFC,0x01,0xF8,0x00,0x0F,0x80,0x1F,0x80,0x00,0xF8,0x01,0xF8,0x00,0x0F,0x80,0x1F,0x00,0x01,0xF8,0x01,0xF0,0x00,0x1F,0x80,
  0x1F,0x00,0x01,0xF8,0x03,0xF0,0x00,0x00,0x03,0xC0,0x00,0x00,0x01,0xE0,0x00,0x00,0x00,0xF0,0x00,0x00,0x00,0x78,0x00,0x00,
  0x00,0x3C,0x00,0x00,0x00,0xFF,0xF8,0x00,0x03,0xFF,0xFF,0xE0,0x07,0xFF,0xFF,0xF8,0x07,0xFF,0xFF,0xFC,0x07,0xF9,0xE3,0xFE,
  0x07,0xF8,0xF0,0x7F,0x07,0xF8,0x78,0x0F,0x87,0xF8,0x3C,0x07,0xC3,0xFC,0x1E,0x03,0xE1,0xFC,0x0F,0x01,0xF1,0xFE,0x07,0x80,
  0x78,0xFF,0x03,0xC0,0x38,0x7F,0x81,0xE0,0x00,0x3F,0xE0,0xF0,0x00,0x1F,0xF0,0x78,0x00,0x0F,0xFC,0x3C,0x00,0x07,0xFF,0x1E,
  0x00,0x01,0xFF,0xEF,0x00,0x00,0xFF,0xFF,0x80,0x00,0x7F,0xFF,0xC0,0x00,0x1F,0xFF,0xFC,0x00,0x0F,0xFF,0xFF,0x80,0x03,0xFF,
  0xFF,0xF0,0x00,0xFF,0xFF,0xFC,0x00,0x3F,0xFF,0xFF,0x80,0x0F,0xFF,0xFF,0xE0,0x03,0xFF,0xFF,0xF8,0x00,0x7F,0xFF,0xFC,0x00,
  0x0F,0xFF,0xFF,0x00,0x01,0xFF,0xFF,0xC0,0x00,0x7F,0xFF,0xE0,0x00,0x3F,0xFF,0xF0,0x00,0x1E,0x3F,0xF8,0x00,0x0F,0x0F,0xFE,
  0x00,0x07,0x83,0xFF,0x00,0x03,0xC0,0xFF,0x80,0x01,0xE0,0x7F,0xF8,0x00,0xF0,0x1F,0xFC,0x00,0x78,0x0F,0xFF,0x00,0x3C,0x07,
  0xFF,0x80,0x1E,0x03,0xFB,0xC0,0x0F,0x01,0xFD,0xE0,0x07,0x81,0xFE,0xF0,0x03,0xC0,0xFE,0x7C,0x01,0xE0,0x7F,0x3F,0x00,0xF0,
  0x7F,0x1F,0xE0,0x78,0x7F,0x8F,0xFC,0x3C,0xFF,0x87,0xFF,0xFF,0xFF,0x83,0xFF,0xFF,0xFF,0x00,0x3F,0xFF,0xFE,0x00,0x00,0xFF,
  0xF8,0x00,0x00,0x01,0xE0,0x00,0x00,0x00,0xF0,0x00,0x00,0x00,0x78,0x00,0x00,0x00,0x3C,0x00,0x00,0x00,0x1E,0x00,0x00,0x00,
  0xFF,0x00,0x00,0x00,0x07,0xE0,0x00,0x3F,0xFF,0x00,0x00,0x00,0x7E,0x00,0x03,0xFF,0xFC,0x00,0x00,0x03,0xE0,0x00,0x3F,0xFF,
  0xF0,0x00,0x00,0x3F,0x00,0x03,0xFC,0x3F,0xC0,0x00,0x03,0xF0,0x00,0x3F,0xC0,0xFE,0x00,0x00,0x1F,0x00,0x01,0xFE,0x07,0xF8,
  0x00,0x01,0xF8,0x00,0x0F,0xE0,0x3F,0xC0,0x00,0x1F,0x80,0x00,0xFF,0x00,0xFE,0x00,0x00,0xF8,0x00,0x07,0xF8,0x07,0xF8,0x00,
  0x0F,0xC0,0x00,0x3F,0xC0,0x3F,0xC0,0x00,0xFC,0x00,0x01,0xFE,0x01,0xFE,0x00,0x07,0xC0,0x00,0x0F,0xF0,0x0F,0xF0,0x00,0x7E,
  0x00,0x00,0x7F,0x80,0x7F,0x80,0x07,0xE0,0x00,0x03,0xFC,0x03,0xFC,0x00,0x7E,0x00,0x00,0x1F,0xE0,0x1F,0xE0,0x03,0xF0,0x00,
  0x00,0xFF,0x00,0xFF,0x00,0x3F,0x00,0x00,0x07,0xF8,0x07,0xF8,0x03,0xF0,0x00,0x00,0x3F,0xC0,0x3F,0x80,0x1F,0x80,0x00,0x00,
  0xFE,0x03,0xFC,0x01,0xF8,0x00,0x00,0x07,0xF8,0x1F,0xE0,0x1F,0x80,0x00,0x00,0x3F,0xC0,0xFE,0x00,0xF8,0x00,0x00,0x00,0xFF,
  0x0F,0xF0,0x0F,0xC0,0x00,0x00,0x03,0xFF,0xFF,0x00,0xFC,0x00,0x00,0x00,0x0F,0xFF,0xF0,0x07,0xC0,0x00,0x00,0x00,0x3F,0xFE,
  0x00,0x7E,0x00,0x3F,0xC0,0x00,0x3F,0xC0,0x07,0xE0,0x0F,0xFF,0xC0,0x00,0x00,0x00,0x3E,0x00,0xFF,0xFF,0x00,0x00,0x00,0x03,
  0xF0,0x0F,0xFF,0xFC,0x00,0x00,0x00,0x3F,0x00,0xFF,0x0F,0xF0,0x00,0x00,0x01,0xF0,0x0F,0xF0,0x3F,0x80,0x00,0x00,0x1F,0x80,
  0x7F,0x01,0xFE,0x00,0x00,0x01,0xF8,0x07,0xF8,0x0F,0xF0,0x00,0x00,0x0F,0x80,0x3F,0xC0,0x7F,0x80,0x00,0x00,0xFC,0x01,0xFE,
  0x01,0xFE,0x00,0x00,0x0F,0xC0,0x0F,0xF0,0x0F,0xF0,0x00,0x00,0x7C,0x00,0x7F,0x80,0x7F,0x80,0x00,0x07,0xE0,0x03,0xFC,0x03,
  0xFC,0x00,0x00,0x7E,0x00,0x1F,0xE0,0x1F,0xE0,0x00,0x03,0xE0,0x00,0xFF,0x00,0xFF,0x00,0x00,0x3F,0x00,0x07,0xF8,0x07,0xF8,
  0x00,0x03,0xF0,0x00,0x3F,0xC0,0x3F,0xC0,0x00,0x1F,0x00,0x01,0xFE,0x01,0xFE,0x00,0x01,0xF8,0x00,0x0F,0xF0,0x1F,0xE0,0x00,
  0x1F,0x80,0x00,0x7F,0x80,0xFF,0x00,0x00,0xF8,0x00,0x01,0xFE,0x07,0xF8,0x00,0x0F,0xC0,0x00,0x0F,0xF0,0x3F,0x80,0x00,0xFC,
  0x00,0x00,0x3F,0xC3,0xFC,0x00,0x0F,0xC0,0x00,0x00,0xFF,0xFF,0xC0,0x00,0x7E,0x00,0x00,0x03,0xFF,0xFC,0x00,0x07,0xE0,0x00,
  0x00,0x0F,0xFF,0x80,0x00,0x7E,0x00,0x00,0x00,0x0F,0xF0,0x00,0x00,0x00,0xFF,0xC0,0x00,0x00,0x00,0x00,0x07,0xFF,0xF8,0x00,
  0x00,0x00,0x00,0x1F,0xFF,0xFE,0x00,0x00,0x00,0x00,0x3F,0xFF,0xFF,0x00,0x00,0x00,0x00,0x7F,0xE1,0xFF,0x80,0x00,0x00,0x00,
  0x7F,0xC0,0xFF,0x80,0x00,0x00,0x00,0xFF,0x80,0x7F,0xC0,0x00,0x00,0x00,0xFF,0x80,0x7F,0xC0,0x00,0x00,0x01,0xFF,0x80,0x7F,
  0xE0,0x00,0x00,0x01,0xFF,0x80,0x7F,0xE0,0x00,0x00,0x01,0xFF,0x80,0x7F,0xE0,0x00,0x00,0x01,0xFF,0x80,0x7F,0xE0,0x00,0x00,
  0x01,0xFF,0x80,0x7F,0xE0,0x00,0x00,0x01,0xFF,0x80,0x7F,0xC0,0x00,0x00,0x00,0xFF,0x80,0x7F,0xC0,0x00,0x00,0x00,0xFF,0xC0,
  0xFF,0xC0,0x00,0x00,0x00,0xFF,0xC0,0xFF,0x80,0x00,0x00,0x00,0xFF,0xE1,0xFF,0x80,0x00,0x00,0x00,0x7F,0xF3,0xFF,0x00,0x00,
  0x00,0x00,0x7F,0xFF,0xFC,0x00,0x00,0x00,0x00,0x3F,0xFF,0xF8,0x00,0x00,0x00,0x00,0x1F,0xFF,0xE0,0x0F,0xFF,0xFC,0x00,0x1F,
  0xFF,0x80,0x0F,0xFF,0xFC,0x00,0x1F,0xFF,0x80,0x0F,0xFF,0xF8,0x00,0x7F,0xFF,0xC0,0x00,0xFF,0xC0,0x01,0xFF,0xFF,0xE0,0x00,
  0xFF,0x80,0x03,0xFF,0xFF,0xF0,0x00,0xFF,0x80,0x07,0xFE,0xFF,0xF8,0x00,0xFF,0x80,0x0F,0xFC,0x7F,0xFC,0x00,0xFF,0x80,0x1F,
  0xF8,0x3F,0xFE,0x00,0xFF,0x00,0x3F,0xF0,0x1F,0xFF,0x01,0xFF,0x00,0x3F,0xF0,0x0F,0xFF,0x81,0xFF,0x00,0x7F,0xE0,0x07,0xFF,
  0xC1,0xFE,0x00,0x7F,0xE0,0x03,0xFF,0xF1,0xFE,0x00,0x7F,0xE0,0x01,0xFF,0xFB,0xFC,0x00,0xFF,0xE0,0x00,0x7F,0xFF,0xFC,0x00,
  0xFF,0xE0,0x00,0x3F,0xFF,0xF8,0x00,0xFF,0xE0,0x00,0x1F,0xFF,0xF8,0x00,0xFF,0xE0,0x00,0x0F,0xFF,0xF0,0x00,0xFF,0xE0,0x00,
  0x07,0xFF,0xF0,0x00,0x7F,0xE0,0x00,0x03,0xFF,0xE0,0x00,0x7F,0xE0,0x00,0x01,0xFF,0xF0,0x00,0x7F,0xF0,0x00,0x00,0xFF,0xF8,
  0x00,0x7F,0xF0,0x00,0x00,0x7F,0xFE,0x00,0x3F,0xF8,0x00,0x00,0xFF,0xFF,0x00,0x3F,0xF8,0x00,0x03,0xFF,0xFF,0x80,0x1F,0xFE,
  0x00,0x0F,0xFF,0xFF,0xC0,0x0F,0xFF,0x80,0x7F,0xF7,0xFF,0xE0,0x07,0xFF,0xFF,0xFF,0xE3,0xFF,0xFE,0x01,0xFF,0xFF,0xFF,0x80,
  0xFF,0xFF,0x00,0x7F,0xFF,0xFE,0x00,0x7F,0xFF,0x00,0x07,0xFF,0xE0,0x00,0x00,0x00,0xFF,0xFF,0xFF,0xFF,0xFF,0xFB,0xFD,0xFC,
  0xFE,0x7F,0x3F,0x9F,0xC7,0xE3,0xE1,0xF0,0xF8,0x7C,0x3E,0x1F,0x00,0x00,0x00,0x10,0x00,0x07,0x00,0x00,0xF0,0x00,0x3F,0x00,
  0x07,0xF0,0x01,0xFC,0x00,0x3F,0xC0,0x07,0xF8,0x00,0xFF,0x00,0x1F,0xE0,0x01,0xFE,0x00,0x3F,0xC0,0x07,0xFC,0x00,0x7F,0x80,
  0x0F,0xF8,0x00,0xFF,0x80,0x1F,0xF0,0x01,0xFF,0x00,0x1F,0xF0,0x03,0xFF,0x00,0x3F,0xE0,0x03,0xFE,0x00,0x7F,0xE0,0x07,0xFE,
  0x00,0x7F,0xE0,0x07,0xFE,0x00,0x7F,0xE0,0x07,0xFE,0x00,0x7F,0xE0,0x0F,0xFE,0x00,0xFF,0xE0,0x0F,0xFE,0x00,0xFF,0xE0,0x0F,
  0xFE,0x00,0xFF,0xE0,0x0F,0xFE,0x00,0xFF,0xE0,0x0F,0xFE,0x00,0xFF,0xE0,0x0F,0xFE,0x00,0x7F,0xE0,0x07,0xFE,0x00,0x7F,0xE0,
  0x07,0xFE,0x00,0x7F,0xE0,0x07,0xFE,0x00,0x7F,0xE0,0x03,0xFE,0x00,0x3F,0xE0,0x03,0xFF,0x00,0x1F,0xF0,0x01,0xFF,0x00,0x1F,
  0xF0,0x00,0xFF,0x80,0x0F,0xF8,0x00,0x7F,0x80,0x07,0xFC,0x00,0x3F,0xC0,0x01,0xFE,0x00,0x0F,0xE0,0x00,0xFF,0x00,0x07,0xF8,
  0x00,0x3F,0xC0,0x01,0xFC,0x00,0x07,0xF0,0x00,0x3F,0x00,0x00,0xF0,0x00,0x07,0x00,0x00,0x10,0x80,0x00,0x0E,0x00,0x00,0xF8,
  0x00,0x0F,0xC0,0x00,0x7F,0x00,0x03,0xF8,0x00,0x1F,0xC0,0x00,0xFE,0x00,0x0F,0xF0,0x00,0x7F,0x80,0x03,0xFC,0x00,0x3F,0xC0,
  0x01,0xFE,0x00,0x1F,0xF0,0x01,0xFF,0x00,0x0F,0xF8,0x00,0xFF,0x80,0x0F,0xF8,0x00,0xFF,0xC0,0x07,0xFC,0x00,0x7F,0xC0,0x07,
  0xFE,0x00,0x7F,0xE0,0x07,0xFE,0x00,0x7F,0xE0,0x07,0xFE,0x00,0x3F,0xF0,0x03,0xFF,0x00,0x3F,0xF0,0x03,0xFF,0x00,0x3F,0xF0,
  0x03,0xFF,0x00,0x3F,0xF0,0x03,0xFF,0x00,0x3F,0xF0,0x03,0xFF,0x00,0x3F,0xF0,0x03,0xFF,0x00,0x3F,0xF0,0x03,0xFF,0x00,0x3F,
  0xF0,0x03,0xFF,0x00,0x3F,0xF0,0x07,0xFE,0x00,0x7F,0xE0,0x07,0xFE,0x00,0x7F,0xE0,0x07,0xFE,0x00,0x7F,0xC0,0x07,0xFC,0x00,
  0xFF,0xC0,0x0F,0xF8,0x00,0xFF,0x80,0x0F,0xF8,0x01,0xFF,0x00,0x1F,0xF0,0x01,0xFE,0x00,0x3F,0xC0,0x03,0xFC,0x00,0x7F,0x80,
  0x0F,0xF0,0x00,0xFE,0x00,0x1F,0xC0,0x03,0xF8,0x00,0x7F,0x00,0x0F,0xC0,0x00,0xF8,0x00,0x0E,0x00,0x00,0x80,0x00,0x00,0x00,
  0x0F,0xF0,0x00,0x00,0x0F,0xF0,0x00,0x00,0x0F,0xF0,0x00,0x00,0x0F,0xF0,0x00,0x18,0x07,0xE0,0x18,0x1E,0x07,0xE0,0x38,0x3F,
  0x07,0xE0,0xFC,0x3F,0x87,0xE1,0xFC,0x7F,0xC7,0xC3,0xFE,0x7F,0xE3,0xC7,0xFE,0xFF,0xFB,0xDF,0xFF,0x7F,0xFF,0xFF,0xFE,0x0F,
  0xFF,0xFF,0xF0,0x00,0xFF,0xFF,0x00,0x00,0x1F,0xF8,0x00,0x00,0xFF,0xFF,0x00,0x07,0xFF,0xFF,0xF0,0x7F,0xFF,0xFF,0xFE,0xFF,
  0xFB,0xDF,0xFF,0x7F,0xE3,0xC7,0xFE,0x7F,0xC7,0xC3,0xFE,0x3F,0x87,0xE1,0xFC,0x3F,0x07,0xE0,0xFC,0x1E,0x07,0xE0,0x38,0x18,
  0x07,0xE0,0x18,0x00,0x0F,0xF0,0x00,0x00,0x0F,0xF0,0x00,0x00,0x0F,0xF0,0x00,0x00,0x0F,0xF0,0x00,0x00,0x01,0xF0,0x00,0x00,
  0x00,0x3E,0x00,0x00,0x00,0x07,0xC0,0x00,0x00,0x00,0xF8,0x00,0x00,0x00,0x1F,0x00,0x00,0x00,0x03,0xE0,0x00,0x00,0x00,0x7C,
  0x00,0x00,0x00,0x0F,0x80,0x00,0x00,0x01,0xF0,0x00,0x00,0x00,0x3E,0x00,0x00,0x00,0x07,0xC0,0x00,0x00,0x00,0xF8,0x00,0x00,
  0x00,0x1F,0x00,0x00,0x00,0x03,0xE0,0x00,0x00,0x00,0x7C,0x00,0x07,0xFF,0xFF,0xFF,0xFF,0xFF,0xFF,0xFF,0xFF,0xFF,0xFF,0xFF,
  0xFF,0xFF,0xFF,0xFF,0xFF,0xFF,0xFF,0xFF,0xFF,0xFF,0xF0,0x00,0x1F,0x80,0x00,0x00,0x03,0xE0,0x00,0x00,0x00,0x7C,0x00,0x00,
  0x00,0x0F,0x80,0x00,0x00,0x01,0xF0,0x00,0x00,0x00,0x3E,0x00,0x00,0x00,0x07,0xC0,0x00,0x00,0x00,0xF8,0x00,0x00,0x00,0x1F,
  0x00,0x00,0x00,0x03,0xE0,0x00,0x00,0x00,0x7C,0x00,0x00,0x00,0x0F,0x80,0x00,0x00,0x01,0xF0,0x00,0x00,0x00,0x3E,0x00,0x00,
  0x00,0x07,0xC0,0x00,0x00,0x07,0xE0,0x3F,0xE0,0xFF,0xE1,0xFF,0xE3,0xFF,0xE7,0xFF,0xCF,0xFF,0x9F,0xFF,0x1F,0xFE,0x0F,0xFC,
  0x0F,0xF8,0x0F,0xF0,0x1F,0xC0,0x3F,0x80,0x7E,0x01,0xFC,0x07,0xF0,0x1F,0xC0,0x7F,0x07,0xF8,0x0F,0xE0,0x1F,0x00,0x30,0x00,
  0x00,0xFF,0xFF,0xFF,0xFF,0xFF,0xFF,0xFF,0xFF,0xFF,0xFF,0xFF,0xFF,0xFF,0xFF,0xFF,0xFF,0xFF,0xE0,0x0F,0x81,0xFF,0x1F,0xFC,
  0xFF,0xEF,0xFF,0xFF,0xFF,0xFF,0xFF,0xFF,0x7F,0xF3,0xFF,0x8F,0xF8,0x1F,0x00,0x00,0x00,0x7E,0x00,0x00,0xF8,0x00,0x01,0xF0,
  0x00,0x07,0xE0,0x00,0x0F,0x80,0x00,0x1F,0x00,0x00,0x7E,0x00,0x00,0xF8,0x00,0x01,0xF0,0x00,0x07,0xE0,0x00,0x0F,0x80,0x00,
  0x1F,0x00,0x00,0x7E,0x00,0x00,0xF8,0x00,0x01,0xF0,0x00,0x07,0xE0,0x00,0x0F,0x80,0x00,0x1F,0x00,0x00,0x7E,0x00,0x00,0xF8,
  0x00,0x01,0xF0,0x00,0x07,0xE0,0x00,0x0F,0x80,0x00,0x1F,0x00,0x00,0x7E,0x00,0x00,0xF8,0x00,0x01,0xF0,0x00,0x07,0xE0,0x00,
  0x0F,0x80,0x00,0x1F,0x00,0x00,0x7E,0x00,0x00,0xF8,0x00,0x01,0xF0,0x00,0x07,0xE0,0x00,0x0F,0x80,0x00,0x1F,0x00,0x00,0x7E,
  0x00,0x00,0xF8,0x00,0x01,0xF0,0x00,0x07,0xE0,0x00,0x0F,0x80,0x00,0x1F,0x00,0x00,0x7E,0x00,0x00,0xF8,0x00,0x01,0xF0,0x00,
  0x07,0xE0,0x00,0x0F,0x80,0x00,0x1F,0x00,0x00,0x7E,0x00,0x00,0xF8,0x00,0x01,0xF0,0x00,0x07,0xE0,0x00,0x00,0x00,0x0F,0xF0,
  0x00,0x00,0x7F,0xFE,0x00,0x00,0xFF,0xFF,0x00,0x03,0xFF,0xFF,0xC0,0x07,0xFC,0x3F,0xE0,0x07,0xF8,0x3F,0xE0,0x0F,0xF8,0x1F,
  0xF0,0x1F,0xF0,0x1F,0xF8,0x1F,0xF0,0x0F,0xF8,0x3F,0xF0,0x0F,0xFC,0x3F,0xF0,0x0F,0xFC,0x3F,0xF0,0x0F,0xFC,0x7F,0xE0,0x07,
  0xFE,0x7F,0xE0,0x07,0xFE,0x7F,0xE0,0x07,0xFE,0x7F,0xE0,0x07,0xFE,0x7F,0xE0,0x07,0xFE,0xFF,0xE0,0x07,0xFF,0xFF,0xE0,0x07,
  0xFF,0xFF,0xE0,0x07,0xFF,0xFF,0xE0,0x07,0xFF,0xFF,0xE0,0x07,0xFF,0xFF,0xE0,0x07,0xFF,0xFF,0xE0,0x07,0xFF,0xFF,0xE0,0x07,
  0xFF,0xFF,0xE0,0x07,0xFF,0xFF,0xE0,0x07,0xFF,0xFF,0xE0,0x07,0xFF,0xFF,0xE0,0x07,0xFF,0xFF,0xE0,0x07,0xFF,0xFF,0xE0,0x07,
  0xFF,0xFF,0xE0,0x07,0xFF,0xFF,0xE0,0x07,0xFF,0xFF,0xE0,0x07,0xFF,0xFF,0xE0,0x07,0xFF,0x7F,0xE0,0x07,0xFE,0x7F,0xE0,0x07,
  0xFE,0x7F,0xE0,0x07,0xFE,0x7F,0xE0,0x07,0xFE,0x7F,0xE0,0x0F,0xFE,0x3F,0xF0,0x0F,0xFC,0x3F,0xF0,0x0F,0xFC,0x3F,0xF0,0x0F,
  0xFC,0x1F,0xF0,0x0F,0xF8,0x1F,0xF0,0x1F,0xF8,0x0F,0xF8,0x1F,0xF0,0x07,0xF8,0x3F,0xE0,0x07,0xFC,0x3F,0xE0,0x03,0xFF,0xFF,
  0xC0,0x00,0xFF,0xFF,0x00,0x00,0x7F,0xFE,0x00,0x00,0x0F,0xF0,0x00,0x00,0x07,0xE0,0x00,0x01,0xFE,0x00,0x00,0x3F,0xE0,0x00,
  0x0F,0xFE,0x00,0x03,0xFF,0xE0,0x00,0xFF,0xFE,0x00,0x3F,0xFF,0xE0,0x07,0xFF,0xFE,0x00,0xFF,0xFF,0xE0,0x0F,0x87,0xFE,0x00,
  0xC0,0x7F,0xE0,0x00,0x07,0xFE,0x00,0x00,0x7F,0xE0,0x00,0x07,0xFE,0x00,0x00,0x7F,0xE0,0x00,0x07,0xFE,0x00,0x00,0x7F,0xE0,
  0x00,0x07,0xFE,0x00,0x00,0x7F,0xE0,0x00,0x07,0xFE,0x00,0x00,0x7F,0xE0,0x00,0x07,0xFE,0x00,0x00,0x7F,0xE0,0x00,0x07,0xFE,
  0x00,0x00,0x7F,0xE0,0x00,0x07,0xFE,0x00,0x00,0x7F,0xE0,0x00,0x07,0xFE,0x00,0x00,0x7F,0xE0,0x00,0x07,0xFE,0x00,0x00,0x7F,
  0xE0,0x00,0x07,0xFE,0x00,0x00,0x7F,0xE0,0x00,0x07,0xFE,0x00,0x00,0x7F,0xE0,0x00,0x07,0xFE,0x00,0x00,0x7F,0xE0,0x00,0x07,
  0xFE,0x00,0x00,0x7F,0xE0,0x00,0x07,0xFE,0x00,0x00,0x7F,0xE0,0x00,0x07,0xFE,0x00,0x00,0x7F,0xE0,0x00,0x07,0xFE,0x00,0x00,
  0x7F,0xE0,0x00,0x07,0xFF,0x00,0x3F,0xFF,0xFF,0xCF,0xFF,0xFF,0xFF,0xFF,0xFF,0xFF,0xFF,0xFF,0xFF,0xFF,0x01,0xFF,0xF0,0x00,
  0x3F,0xFF,0xFE,0x00,0x3F,0xFF,0xFF,0x80,0x3F,0xFF,0xFF,0xE0,0x3F,0x80,0xFF,0xF0,0x3E,0x00,0x7F,0xF0,0x3E,0x00,0x3F,0xF8,
  0x3C,0x00,0x1F,0xFC,0x3C,0x00,0x1F,0xFC,0x3C,0x00,0x0F,0xFC,0x3C,0x00,0x0F,0xFE,0x38,0x00,0x0F,0xFE,0x38,0x00,0x0F,0xFE,
  0x00,0x00,0x0F,0xFE,0x00,0x00,0x0F,0xFE,0x00,0x00,0x0F,0xFE,0x00,0x00,0x0F,0xFE,0x00,0x00,0x0F,0xFC,0x00,0x00,0x1F,0xFC,
  0x00,0x00,0x1F,0xFC,0x00,0x00,0x1F,0xF8,0x00,0x00,0x1F,0xF8,0x00,0x00,0x3F,0xF0,0x00,0x00,0x3F,0xF0,0x00,0x00,0x7F,0xE0,
  0x00,0x00,0x7F,0xC0,0x00,0x00,0xFF,0xC0,0x00,0x01,0xFF,0x80,0x00,0x01,0xFF,0x00,0x00,0x03,0xFE,0x00,0x00,0x07,0xF8,0x00,
  0x00,0x0F,0xF0,0x00,0x00,0x1F,0xE0,0x00,0x00,0x3F,0xC0,0x00,0x00,0x7F,0x80,0x00,0x00,0xFF,0x00,0x00,0x01,0xFC,0x00,0x00,
  0x03,0xF8,0x00,0x00,0x07,0xF0,0x00,0x00,0x0F,0xE0,0x00,0x00,0x1F,0xC0,0x00,0x00,0x3F,0x80,0x00,0x00,0x3F,0x00,0x00,0x00,
  0x7F,0xFF,0xFF,0xFF,0xFF,0xFF,0xFF,0xFF,0xFF,0xFF,0xFF,0xFF,0xFF,0xFF,0xFF,0xFF,0xFF,0xFF,0xFF,0xFF,0xFF,0xFF,0xFF,0xFF,
  0xFF,0xFF,0xFF,0xFF,0xFF,0xFF,0xFF,0xFF,0x03,0xFF,0xF0,0x00,0x3F,0xFF,0xFE,0x00,0x7F,0xFF,0xFF,0x80,0x7F,0xFF,0xFF,0xE0,
  0x7F,0x81,0xFF,0xF0,0x7E,0x00,0x7F,0xF0,0x7C,0x00,0x3F,0xF8,0x7C,0x00,0x3F,0xF8,0x7C,0x00,0x1F,0xFC,0x7C,0x00,0x1F,0xFC,
  0x78,0x00,0x1F,0xFC,0x78,0x00,0x1F,0xFC,0x78,0x00,0x1F,0xFC,0x00,0x00,0x1F,0xFC,0x00,0x00,0x1F,0xFC,0x00,0x00,0x1F,0xFC,
  0x00,0x00,0x1F,0xFC,0x00,0x00,0x3F,0xF8,0x00,0x00,0x3F,0xF8,0x00,0x00,0x7F,0xF0,0x00,0x00,0xFF,0xE0,0x00,0x03,0xFF,0xC0,
  0x00,0x7F,0xFF,0x80,0x00,0x7F,0xFE,0x00,0x00,0x7F,0xFC,0x00,0x00,0x7F,0xFF,0x80,0x00,0x7F,0xFF,0xE0,0x00,0x00,0xFF,0xF0,
  0x00,0x00,0x3F,0xFC,0x00,0x00,0x1F,0xFC,0x00,0x00,0x0F,0xFE,0x00,0x00,0x0F,0xFE,0x00,0x00,0x07,0xFF,0x00,0x00,0x07,0xFF,
  0x00,0x00,0x07,0xFF,0x00,0x00,0x07,0xFF,0x00,0x00,0x07,0xFF,0x00,0x00,0x07,0xFF,0xE0,0x00,0x07,0xFF,0xF0,0x00,0x07,0xFF,
  0xF0,0x00,0x07,0xFF,0xF0,0x00,0x07,0xFF,0xF0,0x00,0x0F,0xFF,0xF8,0x00,0x0F,0xFE,0xF8,0x00,0x1F,0xFE,0xF8,0x00,0x1F,0xFC,
  0xFC,0x00,0x3F,0xF8,0xFF,0x00,0xFF,0xF0,0xFF,0xFF,0xFF,0xE0,0xFF,0xFF,0xFF,0x80,0x7F,0xFF,0xFE,0x00,0x03,0xFF,0xF0,0x00,
  0x00,0x00,0x03,0xFE,0x00,0x00,0x00,0x7F,0xE0,0x00,0x00,0x07,0xFE,0x00,0x00,0x00,0xFF,0xE0,0x00,0x00,0x1F,0xFE,0x00,0x00,
  0x01,0xFF,0xE0,0x00,0x00,0x3F,0xFE,0x00,0x00,0x07,0xFF,0xE0,0x00,0x00,0x7F,0xFE,0x00,0x00,0x0F,0xFF,0xE0,0x00,0x01,0xFF,
  0xFE,0x00,0x00,0x1F,0x7F,0xE0,0x00,0x03,0xE7,0xFE,0x00,0x00,0x7E,0x7F,0xE0,0x00,0x07,0xC7,0xFE,0x00,0x00,0xF8,0x7F,0xE0,
  0x00,0x1F,0x87,0xFE,0x00,0x01,0xF0,0x7F,0xE0,0x00,0x3E,0x07,0xFE,0x00,0x03,0xE0,0x7F,0xE0,0x00,0x7C,0x07,0xFE,0x00,0x0F,
  0x80,0x7F,0xE0,0x00,0xF8,0x07,0xFE,0x00,0x1F,0x00,0x7F,0xE0,0x03,0xE0,0x07,0xFE,0x00,0x3E,0x00,0x7F,0xE0,0x07,0xC0,0x07,
  0xFE,0x00,0xFC,0x00,0x7F,0xE0,0x0F,0x80,0x07,0xFE,0x01,0xF0,0x00,0x7F,0xE0,0x3F,0x00,0x07,0xFE,0x03,0xE0,0x00,0x7F,0xE0,
  0x7F,0xFF,0xFF,0xFF,0xEF,0xFF,0xFF,0xFF,0xFF,0xFF,0xFF,0xFF,0xFF,0xFF,0xFF,0xFF,0xFF,0xFF,0xFF,0xFF,0xFF,0xFF,0xFF,0xFF,
  0xFF,0xFF,0xFF,0xFF,0xFF,0xFF,0xFF,0xFF,0xFF,0xFF,0xFF,0xFF,0x00,0x00,0x07,0xFE,0x00,0x00,0x00,0x7F,0xE0,0x00,0x00,0x07,
  0xFE,0x00,0x00,0x00,0x7F,0xE0,0x00,0x00,0x07,0xFE,0x00,0x00,0x00,0x7F,0xE0,0x00,0x00,0x07,0xFE,0x00,0x00,0x00,0x7F,0xE0,
  0x00,0x00,0x07,0xFE,0x00,0x00,0x00,0x7F,0xE0,0x3F,0xFF,0xFF,0xF8,0x3F,0xFF,0xFF,0xF8,0x3F,0xFF,0xFF,0xF8,0x3F,0xFF,0xFF,
  0xF8,0x3F,0xFF,0xFF,0xF8,0x3F,0xFF,0xFF,0xF8,0x3F,0xFF,0xFF,0xF8,0x3F,0xFF,0xFF,0xF8,0x3E,0x00,0x00,0x00,0x3E,0x00,0x00,
  0x00,0x3E,0x00,0x00,0x00,0x3E,0x00,0x00,0x00,0x3E,0x00,0x00,0x00,0x3E,0x00,0x00,0x00,0x3E,0x00,0x00,0x00,0x3E,0x00,0x00,
  0x00,0x3E,0x00,0x00,0x00,0x3E,0x00,0x00,0x00,0x3E,0x00,0x00,0x00,0x3E,0x00,0x00,0x00,0x3E,0x00,0x00,0x00,0x3E,0x7F,0xF8,
  0x00,0x3F,0xFF,0xFF,0x00,0x3F,0xFF,0xFF,0xC0,0x3F,0xFF,0xFF,0xF0,0x3F,0x00,0xFF,0xF8,0x00,0x00,0x3F,0xFC,0x00,0x00,0x1F,
  0xFC,0x00,0x00,0x0F,0xFE,0x00,0x00,0x0F,0xFE,0x00,0x00,0x07,0xFF,0x00,0x00,0x07,0xFF,0x00,0x00,0x07,0xFF,0x00,0x00,0x07,
  0xFF,0x00,0x00,0x07,0xFF,0x00,0x00,0x07,0xFF,0x00,0x00,0x07,0xFF,0xE0,0x00,0x07,0xFF,0xF0,0x00,0x07,0xFF,0xF0,0x00,0x07,
  0xFF,0xF0,0x00,0x07,0xFF,0xF8,0x00,0x0F,0xFE,0xF8,0x00,0x0F,0xFE,0xF8,0x00,0x0F,0xFC,0xF8,0x00,0x1F,0xFC,0xFC,0x00,0x3F,
  0xF8,0xFF,0x00,0xFF,0xF0,0xFF,0xFF,0xFF,0xE0,0xFF,0xFF,0xFF,0x80,0x7F,0xFF,0xFE,0x00,0x03,0xFF,0xF0,0x00,0x00,0x03,0xFF,
  0x80,0x00,0x0F,0xFF,0xFC,0x00,0x0F,0xFF,0xFF,0x00,0x1F,0xFF,0xFF,0x80,0x1F,0xF8,0x1F,0xC0,0x1F,0xF0,0x07,0xE0,0x1F,0xF8,
  0x01,0xF0,0x1F,0xF8,0x00,0xF8,0x0F,0xF8,0x00,0x7C,0x0F,0xFC,0x00,0x1E,0x07,0xFE,0x00,0x0F,0x07,0xFE,0x00,0x07,0x83,0xFF,
  0x00,0x03,0xC3,0xFF,0x80,0x00,0x01,0xFF,0x80,0x00,0x00,0xFF,0xC0,0x00,0x00,0x7F,0xE0,0x00,0x00,0x7F,0xF0,0x00,0x00,0x3F,
  0xF8,0x00,0x00,0x1F,0xFC,0x00,0x00,0x0F,0xFE,0x3F,0xE0,0x07,0xFF,0xFF,0xFE,0x03,0xFF,0xFF,0xFF,0x81,0xFF,0xFF,0xFF,0xF0,
  0xFF,0xFF,0xFF,0xFC,0x7F,0xF0,0x0F,0xFE,0x3F,0xF8,0x03,0xFF,0x9F,0xFC,0x01,0xFF,0xCF,0xFE,0x00,0x7F,0xF7,0xFF,0x00,0x3F,
  0xFB,0xFF,0x80,0x1F,0xFD,0xFF,0xC0,0x0F,0xFF,0xFF,0xE0,0x03,0xFF,0xFF,0xF0,0x01,0xFF,0xFF,0xF8,0x00,0xFF,0xFF,0xFC,0x00,
  0x7F,0xFF,0xFE,0x00,0x3F,0xFB,0xFF,0x00,0x1F,0xFD,0xFF,0x80,0x0F,0xFE,0xFF,0xE0,0x07,0xFF,0x3F,0xF0,0x03,0xFF,0x1F,0xF8,
  0x03,0xFF,0x8F,0xFC,0x01,0xFF,0xC3,0xFF,0x00,0xFF,0xC0,0xFF,0x80,0x7F,0xE0,0x7F,0xC0,0x3F,0xE0,0x1F,0xF0,0x3F,0xF0,0x07,
  0xFC,0x3F,0xF0,0x01,0xFF,0xFF,0xF0,0x00,0x7F,0xFF,0xF0,0x00,0x0F,0xFF,0xE0,0x00,0x00,0xFF,0x80,0x00,0xFF,0xFF,0xFF,0xFF,
  0xFF,0xFF,0xFF,0xFF,0xFF,0xFF,0xFF,0xFF,0xFF,0xFF,0xFF,0xFF,0xFF,0xFF,0xFF,0xFF,0xFF,0xFF,0xFF,0xFE,0xFF,0xFF,0xFF,0xFE,
  0xFF,0xFF,0xFF,0xFC,0xF8,0x00,0x00,0xFC,0xF8,0x00,0x00,0xFC,0xF8,0x00,0x00,0xF8,0xF0,0x00,0x01,0xF8,0xF0,0x00,0x01,0xF0,
  0xF0,0x00,0x03,0xF0,0x00,0x00,0x03,0xE0,0x00,0x00,0x07,0xE0,0x00,0x00,0x07,0xE0,0x00,0x00,0x0F,0xC0,0x00,0x00,0x0F,0xC0,
  0x00,0x00,0x1F,0x80,0x00,0x00,0x1F,0x80,0x00,0x00,0x3F,0x80,0x00,0x00,0x3F,0x00,0x00,0x00,0x7F,0x00,0x00,0x00,0x7E,0x00,
  0x00,0x00,0xFE,0x00,0x00,0x00,0xFE,0x00,0x00,0x01,0xFC,0x00,0x00,0x01,0xFC,0x00,0x00,0x03,0xF8,0x00,0x00,0x03,0xF8,0x00,
  0x00,0x07,0xF0,0x00,0x00,0x07,0xF0,0x00,0x00,0x0F,0xF0,0x00,0x00,0x0F,0xE0,0x00,0x00,0x1F,0xE0,0x00,0x00,0x1F,0xC0,0x00,
  0x00,0x3F,0xC0,0x00,0x00,0x3F,0xC0,0x00,0x00,0x7F,0x80,0x00,0x00,0x7F,0x80,0x00,0x00,0xFF,0x00,0x00,0x00,0xFF,0x00,0x00,
  0x01,0xFF,0x00,0x00,0x01,0xFE,0x00,0x00,0x03,0xFE,0x00,0x00,0x03,0xFC,0x00,0x00,0x07,0xFC,0x00,0x00,0x07,0xF8,0x00,0x00,
  0x0F,0xF8,0x00,0x00,0x00,0x0F,0xFC,0x00,0x00,0x1F,0xFF,0xE0,0x00,0x1F,0xFF,0xFE,0x00,0x0F,0xFF,0xFF,0xC0,0x07,0xFE,0x1F,
  0xF8,0x03,0xFF,0x03,0xFF,0x01,0xFF,0x80,0x7F,0xE0,0x7F,0xE0,0x1F,0xF8,0x3F,0xF8,0x07,0xFF,0x0F,0xFE,0x01,0xFF,0xC3,0xFF,
  0x00,0x3F,0xF0,0xFF,0xC0,0x0F,0xFC,0x3F,0xF0,0x03,0xFF,0x0F,0xFC,0x00,0xFF,0xC3,0xFF,0x00,0x3F,0xF0,0xFF,0xC0,0x0F,0xFC,
  0x3F,0xF0,0x03,0xFF,0x0F,0xFE,0x01,0xFF,0xC1,0xFF,0x80,0x7F,0xE0,0x7F,0xE0,0x1F,0xF8,0x0F,0xF8,0x07,0xFC,0x03,0xFF,0x03,
  0xFF,0x00,0x7F,0xE1,0xFF,0x80,0x0F,0xFF,0xFF,0xC0,0x00,0xFF,0xFF,0xC0,0x00,0x3F,0xFF,0xF0,0x00,0x3F,0xFF,0xFF,0x00,0x1F,
  0xF8,0x7F,0xE0,0x0F,0xF8,0x07,0xFC,0x07,0xFC,0x01,0xFF,0x83,0xFF,0x00,0x3F,0xF0,0xFF,0xC0,0x0F,0xFC,0x7F,0xF0,0x03,0xFF,
  0x9F,0xF8,0x00,0x7F,0xE7,0xFE,0x00,0x1F,0xF9,0xFF,0x80,0x07,0xFE,0x7F,0xE0,0x01,0xFF,0xBF,0xF8,0x00,0x7F,0xFF,0xFE,0x00,
  0x1F,0xFD,0xFF,0x80,0x07,0xFE,0x7F,0xE0,0x01,0xFF,0x9F,0xF8,0x00,0x7F,0xE7,0xFE,0x00,0x3F,0xF9,0xFF,0xC0,0x0F,0xFE,0x3F,
  0xF0,0x03,0xFF,0x0F,0xFC,0x00,0xFF,0xC1,0xFF,0x80,0x7F,0xE0,0x3F,0xF0,0x3F,0xF0,0x07,0xFF,0xFF,0xF8,0x00,0xFF,0xFF,0xFC,
  0x00,0x0F,0xFF,0xFC,0x00,0x00,0x7F,0xF8,0x00,0x00,0x1F,0xF8,0x00,0x00,0x7F,0xFF,0x80,0x00,0x7F,0xFF,0xF0,0x00,0xFF,0xFF,
  0xFC,0x00,0xFF,0xC3,0xFF,0x00,0xFF,0xC0,0xFF,0xC0,0x7F,0xE0,0x3F,0xE0,0x7F,0xE0,0x1F,0xF8,0x7F,0xF0,0x07,0xFC,0x3F,0xF8,
  0x03,0xFF,0x1F,0xF8,0x01,0xFF,0x9F,0xFC,0x00,0xFF,0xEF,0xFE,0x00,0x3F,0xF7,0xFF,0x00,0x1F,0xFB,0xFF,0x80,0x0F,0xFD,0xFF,
  0xC0,0x07,0xFF,0xFF,0xE0,0x03,0xFF,0xFF,0xF0,0x01,0xFF,0xFF,0xF8,0x00,0xFF,0xFF,0xFC,0x00,0x7F,0xFF,0xFE,0x00,0x3F,0xFB,
  0xFF,0x00,0x1F,0xFD,0xFF,0xC0,0x0F,0xFE,0xFF,0xE0,0x07,0xFF,0x3F,0xF0,0x03,0xFF,0x9F,0xFC,0x01,0xFF,0xC7,0xFF,0x00,0xFF,
  0xE1,0xFF,0xFF,0xFF,0xF0,0x7F,0xFF,0xFF,0xF8,0x1F,0xFF,0xFF,0xFC,0x07,0xFF,0xFF,0xFE,0x00,0x7F,0xC7,0xFF,0x00,0x00,0x03,
  0xFF,0x80,0x00,0x01,0xFF,0xC0,0x00,0x00,0xFF,0xE0,0x00,0x00,0x7F,0xE0,0x00,0x00,0x3F,0xF0,0x00,0x00,0x3F,0xF8,0x00,0x00,
  0x1F,0xFC,0x70,0x00,0x0F,0xFC,0x3C,0x00,0x07,0xFE,0x1E,0x00,0x07,0xFE,0x0F,0x00,0x03,0xFF,0x07,0x80,0x01,0xFF,0x03,0xC0,
  0x01,0xFF,0x81,0xF0,0x01,0xFF,0x80,0xF8,0x00,0xFF,0x80,0x7F,0x01,0xFF,0x80,0x3F,0xFF,0xFF,0x80,0x1F,0xFF,0xFF,0x00,0x0F,
  0xFF,0xFE,0x00,0x00,0x3F,0xF8,0x00,0x00,0x0F,0x81,0xFF,0x1F,0xF8,0xFF,0xEF,0xFF,0x7F,0xFF,0xFF,0xFF,0xFE,0x7F,0xF3,0xFF,
  0x0F,0xF0,0x1F,0x00,0x00,0x00,0x00,0x00,0x00,0x00,0x00,0x00,0x00,0x00,0x00,0x00,0x00,0x00,0x00,0x00,0x00,0x00,0x00,0x00,
  0x00,0x7C,0x0F,0xF0,0xFF,0xC7,0xFF,0x7F,0xFB,0xFF,0xFF,0xFF,0xFF,0xF3,0xFF,0x9F,0xF8,0x7F,0x80,0xF8,0x00,0x03,0xE0,0x1F,
  0xF0,0x7F,0xF0,0xFF,0xE3,0xFF,0xC7,0xFF,0xCF,0xFF,0x9F,0xFE,0x1F,0xFC,0x3F,0xF0,0x3F,0xE0,0x1F,0x00,0x00,0x00,0x00,0x00,
  0x00,0x00,0x00,0x00,0x00,0x00,0x00,0x00,0x00,0x00,0x00,0x00,0x00,0x00,0x00,0x00,0x00,0x00,0x07,0xE0,0x3F,0xE0,0xFF,0xE1,
  0xFF,0xE3,0xFF,0xE7,0xFF,0xCF,0xFF,0x9F,0xFF,0x1F,0xFE,0x1F,0xFC,0x0F,0xF8,0x0F,0xE0,0x1F,0xC0,0x3F,0x80,0x7E,0x01,0xFC,
  0x07,0xF0,0x1F,0xC0,0xFF,0x07,0xF8,0x0F,0xE0,0x1E,0x00,0x30,0x00,0x00,0x00,0x00,0x00,0x00,0x20,0x00,0x00,0x00,0x1C,0x00,
  0x00,0x00,0x0F,0x80,0x00,0x00,0x07,0xF0,0x00,0x00,0x03,0xFE,0x00,0x00,0x01,0xFF,0xC0,0x00,0x00,0xFF,0xE0,0x00,0x00,0x7F,
  0xF0,0x00,0x00,0x3F,0xF8,0x00,0x00,0x1F,0xFC,0x00,0x00,0x0F,0xFE,0x00,0x00,0x07,0xFF,0x00,0x00,0x03,0xFF,0x80,0x00,0x01,
  0xFF,0xC0,0x00,0x00,0xFF,0xE0,0x00,0x00,0x7F,0xF0,0x00,0x00,0x3F,0xF8,0x00,0x00,0x1F,0xFC,0x00,0x00,0x03,0xFE,0x00,0x00,
  0x00,0x7F,0x00,0x00,0x00,0x0F,0xF8,0x00,0x00,0x01,0xFF,0xC0,0x00,0x00,0x0F,0xFE,0x00,0x00,0x00,0x7F,0xF0,0x00,0x00,0x03,
  0xFF,0x80,0x00,0x00,0x1F,0xFC,0x00,0x00,0x00,0xFF,0xE0,0x00,0x00,0x07,0xFF,0x00,0x00,0x00,0x3F,0xF8,0x00,0x00,0x01,0xFF,
  0xC0,0x00,0x00,0x0F,0xFE,0x00,0x00,0x00,0x7F,0xF0,0x00,0x00,0x03,0xFF,0x80,0x00,0x00,0x1F,0xFC,0x00,0x00,0x00,0xFF,0x80,
  0x00,0x00,0x07,0xF0,0x00,0x00,0x00,0x3E,0x00,0x00,0x00,0x01,0xC0,0x00,0x00,0x00,0x08,0xFF,0xFF,0xFF,0xFF,0xFF,0xFF,0xFF,
  0xFF,0xFF,0xFF,0xFF,0xFF,0xFF,0xFF,0xFF,0xFF,0xFF,0xFF,0xFF,0xFF,0xFF,0xFE,0x00,0x00,0x00,0x00,0x00,0x00,0x00,0x00,0x00,
  0x00,0x00,0x00,0x00,0x00,0x00,0x00,0x00,0x00,0x00,0x00,0x00,0x00,0x00,0x00,0x00,0x00,0x00,0x00,0x00,0x00,0x00,0x00,0x00,
  0x00,0x00,0x00,0x00,0x00,0x00,0x00,0x00,0x00,0x00,0x07,0xFF,0xFF,0xFF,0xFF,0xFF,0xFF,0xFF,0xFF,0xFF,0xFF,0xFF,0xFF,0xFF,
  0xFF,0xFF,0xFF,0xFF,0xFF,0xFF,0xFF,0xFF,0xF0,0x80,0x00,0x00,0x00,0x1C,0x00,0x00,0x00,0x03,0xE0,0x00,0x00,0x00,0x7F,0x00,
  0x00,0x00,0x0F,0xF8,0x00,0x00,0x01,0xFF,0xC0,0x00,0x00,0x0F,0xFE,0x00,0x00,0x00,0x7F,0xF0,0x00,0x00,0x03,0xFF,0x80,0x00,
  0x00,0x1F,0xFC,0x00,0x00,0x00,0xFF,0xE0,0x00,0x00,0x07,0xFF,0x00,0x00,0x00,0x3F,0xF8,0x00,0x00,0x01,0xFF,0xC0,0x00,0x00,
  0x0F,0xFE,0x00,0x00,0x00,0x7F,0xF0,0x00,0x00,0x03,0xFF,0x80,0x00,0x00,0x1F,0xFC,0x00,0x00,0x00,0xFF,0x80,0x00,0x00,0x07,
  0xF0,0x00,0x00,0x03,0xFE,0x00,0x00,0x01,0xFF,0xC0,0x00,0x00,0xFF,0xE0,0x00,0x00,0x7F,0xF0,0x00,0x00,0x3F,0xF8,0x00,0x00,
  0x1F,0xFC,0x00,0x00,0x0F,0xFE,0x00,0x00,0x07,0xFF,0x00,0x00,0x03,0xFF,0x80,0x00,0x01,0xFF,0xC0,0x00,0x00,0xFF,0xE0,0x00,
  0x00,0x7F,0xF0,0x00,0x00,0x3F,0xF8,0x00,0x00,0x1F,0xFC,0x00,0x00,0x03,0xFE,0x00,0x00,0x00,0x7F,0x00,0x00,0x00,0x0F,0x80,
  0x00,0x00,0x01,0xC0,0x00,0x00,0x00,0x20,0x00,0x00,0x00,0x00,0x07,0xFF,0xC0,0x07,0xFF,0xFF,0xC0,0x3F,0xFF,0xFF,0x81,0xFF,
  0xFF,0xFE,0x0F,0xC0,0x3F,0xFC,0x7C,0x00,0xFF,0xE3,0xC0,0x03,0xFF,0x9E,0x00,0x0F,0xFC,0xF0,0x00,0x7F,0xF7,0x80,0x03,0xFF,
  0xB8,0x00,0x1F,0xFD,0xC0,0x00,0x7F,0xEE,0x00,0x03,0xFF,0x00,0x00,0x1F,0xFC,0x00,0x00,0xFF,0xC0,0x00,0x07,0xFE,0x00,0x00,
  0x7F,0xF0,0x00,0x03,0xFF,0x80,0x00,0x1F,0xFC,0x00,0x00,0xFF,0xC0,0x00,0x0F,0xFE,0x00,0x00,0xFF,0xE0,0x00,0x0F,0xFF,0x00,
  0x01,0xFF,0xF0,0x00,0x7F,0xFF,0x00,0x0F,0xFF,0xF0,0x00,0x7F,0xFE,0x00,0x01,0xFF,0xC0,0x00,0x0F,0xF0,0x00,0x00,0x7E,0x00,
  0x00,0x03,0xF0,0x00,0x00,0x1F,0x80,0x00,0x00,0x7C,0x00,0x00,0x03,0xE0,0x00,0x00,0x1F,0x00,0x00,0x00,0xF0,0x00,0x00,0x07,
  0x80,0x00,0x00,0x00,0x00,0x00,0x00,0x00,0x00,0x00,0x00,0x00,0x00,0x00,0x7C,0x00,0x00,0x0F,0xF8,0x00,0x00,0xFF,0xE0,0x00,
  0x07,0xFF,0x00,0x00,0x3F,0xFC,0x00,0x03,0xFF,0xE0,0x00,0x1F,0xFF,0x00,0x00,0x7F,0xF8,0x00,0x03,0xFF,0x80,0x00,0x1F,0xFC,
  0x00,0x00,0x7F,0xC0,0x00,0x00,0xF8,0x00,0x00,0x00,0x00,0x00,0x07,0xFF,0xE0,0x00,0x00,0x00,0x00,0x00,0xFF,0xFF,0xFE,0x00,
  0x00,0x00,0x00,0x0F,0xFF,0xFF,0xFF,0x00,0x00,0x00,0x00,0x7F,0xFF,0xFF,0xFF,0x80,0x00,0x00,0x03,0xFF,0xC0,0x03,0xFF,0xC0,
  0x00,0x00,0x0F,0xF8,0x00,0x00,0xFF,0xC0,0x00,0x00,0x7F,0xC0,0x00,0x00,0x7F,0xC0,0x00,0x01,0xFE,0x00,0x00,0x00,0x3F,0xC0,
  0x00,0x0F,0xF0,0x00,0x00,0x00,0x3F,0xC0,0x00,0x3F,0xC0,0x00,0x00,0x00,0x3F,0xC0,0x00,0xFF,0x00,0x00,0x00,0x00,0x3F,0xC0,
  0x03,0xFC,0x00,0x00,0x00,0x00,0x3F,0x80,0x07,0xF0,0x00,0x00,0x00,0x00,0x7F,0x80,0x1F,0xC0,0x00,0x00,0x00,0x00,0x7F,0x00,
  0x7F,0x00,0x00,0x00,0x00,0x00,0xFF,0x01,0xFC,0x00,0x00,0x00,0x00,0x00,0xFE,0x03,0xF8,0x00,0x00,0x7F,0xFC,0x01,0xFC,0x0F,
  0xE0,0x00,0x07,0xFF,0xFC,0x03,0xF8,0x3F,0x80,0x00,0x7F,0xFF,0xF0,0x07,0xF0,0x7F,0x00,0x01,0xFF,0xFF,0xE0,0x07,0xF1,0xFC,
  0x00,0x0F,0xFF,0xFF,0xC0,0x0F,0xE3,0xF8,0x00,0x3F,0x81,0xFF,0x80,0x1F,0xC7,0xF0,0x00,0xFC,0x03,0xFE,0x00,0x3F,0x9F,0xC0,
  0x03,0xF0,0x07,0xFC,0x00,0x7F,0x3F,0x80,0x0F,0xE0,0x1F,0xF8,0x00,0xFE,0x7F,0x00,0x3F,0x80,0x3F,0xF0,0x01,0xFD,0xFC,0x00,
  0x7F,0x00,0x7F,0xE0,0x03,0xFB,0xF8,0x01,0xFE,0x00,0xFF,0x80,0x07,0xE7,0xF0,0x07,0xF8,0x01,0xFF,0x00,0x1F,0xCF,0xE0,0x0F,
  0xF0,0x07,0xFE,0x00,0x3F,0xBF,0x80,0x3F,0xE0,0x0F,0xFC,0x00,0x7F,0x7F,0x00,0x7F,0x80,0x1F,0xF8,0x00,0xFC,0xFE,0x00,0xFF,
  0x00,0x3F,0xE0,0x03,0xF9,0xFC,0x03,0xFE,0x00,0x7F,0xC0,0x07,0xE3,0xF8,0x07,0xFC,0x01,0xFF,0x80,0x0F,0xC7,0xF0,0x0F,0xF8,
  0x03,0xFF,0x00,0x1F,0x0F,0xE0,0x1F,0xF0,0x07,0xFC,0x00,0x7E,0x1F,0xC0,0x3F,0xE0,0x0F,0xF8,0x00,0xF8,0x3F,0x80,0x7F,0xC0,
  0x3F,0xF0,0x03,0xF0,0x7F,0x00,0xFF,0x80,0x7F,0xE0,0x0F,0xC0,0xFE,0x01,0xFF,0x00,0xFF,0xC0,0x1F,0x01,0xFC,0x03,0xFE,0x01,
  0xFF,0x80,0x7C,0x03,0xF8,0x07,0xFC,0x07,0xFE,0x01,0xF0,0x03,0xF8,0x0F,0xFC,0x1F,0xFE,0x07,0xC0,0x07,0xF0,0x1F,0xFD,0xFF,
  0xFC,0x3F,0x00,0x0F,0xE0,0x3F,0xFF,0xFF,0xFF,0xF8,0x00,0x1F,0xC0,0x3F,0xFF,0x3F,0xFF,0xE0,0x00,0x1F,0xC0,0x7F,0xFC,0x7F,
  0xFF,0x00,0x00,0x3F,0x80,0x7F,0xE0,0xFF,0xF8,0x00,0x00,0x7F,0x80,0x3F,0x00,0x7F,0x00,0x00,0x00,0x7F,0x00,0x00,0x00,0x00,
  0x00,0x00,0x00,0xFF,0x00,0x00,0x00,0x00,0x00,0x00,0x00,0xFE,0x00,0x00,0x00,0x00,0x00,0x00,0x01,0xFE,0x00,0x00,0x00,0x00,
  0x00,0x00,0x01,0xFE,0x00,0x00,0x00,0x00,0x00,0x00,0x01,0xFE,0x00,0x00,0x00,0x00,0x60,0x00,0x01,0xFE,0x00,0x00,0x00,0x01,
  0xC0,0x00,0x01,0xFF,0x00,0x00,0x00,0x0F,0xC0,0x00,0x01,0xFF,0x00,0x00,0x00,0x7E,0x00,0x00,0x01,0xFF,0x80,0x00,0x07,0xF8,
  0x00,0x00,0x00,0xFF,0xF0,0x00,0xFF,0xC0,0x00,0x00,0x00,0xFF,0xFF,0xFF,0xFE,0x00,0x00,0x00,0x00,0x7F,0xFF,0xFF,0xF0,0x00,
  0x00,0x00,0x00,0x1F,0xFF,0xFF,0x00,0x00,0x00,0x00,0x00,0x03,0xFF,0xE0,0x00,0x00,0x00,0x00,0x00,0x07,0xFF,0x00,0x00,0x00,
  0x00,0x00,0x3F,0xFC,0x00,0x00,0x00,0x00,0x03,0xFF,0xE0,0x00,0x00,0x00,0x00,0x1F,0xFF,0x00,0x00,0x00,0x00,0x01,0xFF,0xFC,
  0x00,0x00,0x00,0x00,0x0F,0xFF,0xE0,0x00,0x00,0x00,0x00,0x7F,0xFF,0x00,0x00,0x00,0x00,0x07,0xFF,0xFC,0x00,0x00,0x00,0x00,
  0x3D,0xFF,0xE0,0x00,0x00,0x00,0x01,0xEF,0xFF,0x80,0x00,0x00,0x00,0x1F,0x3F,0xFC,0x00,0x00,0x00,0x00,0xF1,0xFF,0xE0,0x00,
  0x00,0x00,0x0F,0x8F,0xFF,0x80,0x00,0x00,0x00,0x7C,0x3F,0xFC,0x00,0x00,0x00,0x03,0xC1,0xFF,0xE0,0x00,0x00,0x00,0x3E,0x07,
  0xFF,0x80,0x00,0x00,0x01,0xF0,0x3F,0xFC,0x00,0x00,0x00,0x0F,0x01,0xFF,0xF0,0x00,0x00,0x00,0xF8,0x07,0xFF,0x80,0x00,0x00,
  0x07,0x80,0x3F,0xFC,0x00,0x00,0x00,0x7C,0x01,0xFF,0xF0,0x00,0x00,0x03,0xE0,0x07,0xFF,0x80,0x00,0x00,0x1E,0x00,0x3F,0xFC,
  0x00,0x00,0x01,0xF0,0x01,0xFF,0xF0,0x00,0x00,0x0F,0x80,0x07,0xFF,0x80,0x00,0x00,0x78,0x00,0x3F,0xFC,0x00,0x00,0x07,0xC0,
  0x01,0xFF,0xF0,0x00,0x00,0x3E,0x00,0x07,0xFF,0x80,0x00,0x03,0xE0,0x00,0x3F,0xFE,0x00,0x00,0x1F,0x00,0x00,0xFF,0xF0,0x00,
  0x00,0xFF,0xFF,0xFF,0xFF,0x80,0x00,0x0F,0xFF,0xFF,0xFF,0xFE,0x00,0x00,0x7F,0xFF,0xFF,0xFF,0xF0,0x00,0x03,0xFF,0xFF,0xFF,
  0xFF,0x80,0x00,0x3E,0x00,0x00,0x3F,0xFE,0x00,0x01,0xF0,0x00,0x00,0xFF,0xF0,0x00,0x1F,0x00,0x00,0x07,0xFF,0xC0,0x00,0xF8,
  0x00,0x00,0x3F,0xFE,0x00,0x07,0xC0,0x00,0x00,0xFF,0xF0,0x00,0x7C,0x00,0x00,0x07,0xFF,0xC0,0x03,0xE0,0x00,0x00,0x3F,0xFE,
  0x00,0x1F,0x00,0x00,0x00,0xFF,0xF0,0x01,0xF0,0x00,0x00,0x07,0xFF,0xC0,0x0F,0x80,0x00,0x00,0x3F,0xFE,0x00,0xFC,0x00,0x00,
  0x00,0xFF,0xF8,0x07,0xC0,0x00,0x00,0x07,0xFF,0xC0,0x3E,0x00,0x00,0x00,0x1F,0xFE,0x07,0xF8,0x00,0x00,0x03,0xFF,0xFC,0xFF,
  0xFE,0x00,0x01,0xFF,0xFF,0xFF,0xFF,0xF0,0x00,0x0F,0xFF,0xFF,0xFF,0xFF,0x80,0x00,0x7F,0xFF,0xFE,0xFF,0xFF,0xFF,0xFF,0x00,
  0x00,0xFF,0xFF,0xFF,0xFF,0xF0,0x00,0xFF,0xFF,0xFF,0xFF,0xFE,0x00,0x07,0xFF,0xFF,0xFF,0xFF,0x00,0x01,0xFF,0xC0,0x1F,0xFF,
  0x80,0x01,0xFF,0xC0,0x07,0xFF,0xC0,0x01,0xFF,0xC0,0x03,0xFF,0xE0,0x01,0xFF,0xC0,0x01,0xFF,0xE0,0x01,0xFF,0xC0,0x01,0xFF,
  0xE0,0x01,0xFF,0xC0,0x01,0xFF,0xF0,0x01,0xFF,0xC0,0x01,0xFF,0xF0,0x01,0xFF,0xC0,0x01,0xFF,0xF0,0x01,0xFF,0xC0,0x01,0xFF,
  0xF0,0x01,0xFF,0xC0,0x01,0xFF,0xF0,0x01,0xFF,0xC0,0x01,0xFF,0xE0,0x01,0xFF,0xC0,0x01,0xFF,0xE0,0x01,0xFF,0xC0,0x01,0xFF,
  0xE0,0x01,0xFF,0xC0,0x01,0xFF,0xC0,0x01,0xFF,0xC0,0x03,0xFF,0xC0,0x01,0xFF,0xC0,0x03,0xFF,0x80,0x01,0xFF,0xC0,0x07,0xFF,
  0x00,0x01,0xFF,0xC0,0x1F,0xFE,0x00,0x01,0xFF,0xFF,0xFF,0xF8,0x00,0x01,0xFF,0xFF,0xFF,0xE0,0x00,0x01,0xFF,0xFF,0xFF,0xFC,
  0x00,0x01,0xFF,0xFF,0xFF,0xFF,0x80,0x01,0xFF,0xC0,0x0F,0xFF,0xE0,0x01,0xFF,0xC0,0x01,0xFF,0xF0,0x01,0xFF,0xC0,0x00,0x7F,
  0xF8,0x01,0xFF,0xC0,0x00,0x3F,0xFC,0x01,0xFF,0xC0,0x00,0x3F,0xFC,0x01,0xFF,0xC0,0x00,0x1F,0xFE,0x01,0xFF,0xC0,0x00,0x1F,
  0xFE,0x01,0xFF,0xC0,0x00,0x1F,0xFE,0x01,0xFF,0xC0,0x00,0x1F,0xFF,0x01,0xFF,0xC0,0x00,0x1F,0xFF,0x01,0xFF,0xC0,0x00,0x1F,
  0xFF,0x01,0xFF,0xC0,0x00,0x1F,0xFF,0x01,0xFF,0xC0,0x00,0x1F,0xFE,0x01,0xFF,0xC0,0x00,0x1F,0xFE,0x01,0xFF,0xC0,0x00,0x1F,
  0xFE,0x01,0xFF,0xC0,0x00,0x3F,0xFE,0x01,0xFF,0xC0,0x00,0x3F,0xFC,0x01,0xFF,0xC0,0x00,0x7F,0xF8,0x01,0xFF,0xC0,0x00,0xFF,
  0xF8,0x01,0xFF,0xC0,0x03,0xFF,0xF0,0x07,0xFF,0xFF,0xFF,0xFF,0xC0,0xFF,0xFF,0xFF,0xFF,0xFF,0x80,0xFF,0xFF,0xFF,0xFF,0xFE,
  0x00,0xFF,0xFF,0xFF,0xFF,0xE0,0x00,0x00,0x00,0x1F,0xFF,0xE0,0x00,0x00,0x0F,0xFF,0xFF,0xF8,0x00,0x01,0xFF,0xFF,0xFF,0xFC,
  0x00,0x3F,0xFF,0xFF,0xFF,0xE0,0x07,0xFF,0xF0,0x07,0xFF,0x00,0x7F,0xFC,0x00,0x03,0xF8,0x07,0xFF,0x80,0x00,0x07,0xC0,0x7F,
  0xF8,0x00,0x00,0x1E,0x07,0xFF,0x80,0x00,0x00,0xF0,0x7F,0xF8,0x00,0x00,0x07,0x87,0xFF,0x80,0x00,0x00,0x3C,0x3F,0xFC,0x00,
  0x00,0x00,0xE3,0xFF,0xC0,0x00,0x00,0x07,0x1F,0xFE,0x00,0x00,0x00,0x38,0xFF,0xF0,0x00,0x00,0x01,0xCF,0xFF,0x00,0x00,0x00,
  0x00,0x7F,0xF8,0x00,0x00,0x00,0x03,0xFF,0xC0,0x00,0x00,0x00,0x3F,0xFE,0x00,0x00,0x00,0x01,0xFF,0xF0,0x00,0x00,0x00,0x0F,
  0xFF,0x00,0x00,0x00,0x00,0x7F,0xF8,0x00,0x00,0x00,0x03,0xFF,0xC0,0x00,0x00,0x00,0x1F,0xFE,0x00,0x00,0x00,0x00,0xFF,0xF0,
  0x00,0x00,0x00,0x07,0xFF,0x80,0x00,0x00,0x00,0x3F,0xFC,0x00,0x00,0x00,0x01,0xFF,0xE0,0x00,0x00,0x00,0x0F,0xFF,0x00,0x00,
  0x00,0x00,0x7F,0xF8,0x00,0x00,0x00,0x03,0xFF,0xC0,0x00,0x00,0x00,0x1F,0xFE,0x00,0x00,0x00,0x00,0xFF,0xF8,0x00,0x00,0x00,
  0x07,0xFF,0xC0,0x00,0x00,0x00,0x1F,0xFE,0x00,0x00,0x00,0x00,0xFF,0xF0,0x00,0x00,0x00,0x07,0xFF,0x80,0x00,0x00,0x03,0x9F,
  0xFE,0x00,0x00,0x00,0x3C,0xFF,0xF0,0x00,0x00,0x01,0xE7,0xFF,0x80,0x00,0x00,0x0F,0x1F,0xFE,0x00,0x00,0x00,0x78,0x7F,0xF8,
  0x00,0x00,0x03,0xC3,0xFF,0xC0,0x00,0x00,0x1E,0x0F,0xFF,0x00,0x00,0x00,0xF0,0x3F,0xFC,0x00,0x00,0x0F,0x80,0xFF,0xF0,0x00,
  0x00,0xFC,0x03,0xFF,0xE0,0x00,0x1F,0xE0,0x0F,0xFF,0xE0,0x07,0xFF,0x00,0x1F,0xFF,0xFF,0xFF,0xF8,0x00,0x3F,0xFF,0xFF,0xFF,
  0x00,0x00,0x3F,0xFF,0xFF,0xC0,0x00,0x00,0x1F,0xFF,0x80,0x00,0xFF,0xFF,0xFF,0xFE,0x00,0x00,0x3F,0xFF,0xFF,0xFF,0xFC,0x00,
  0x0F,0xFF,0xFF,0xFF,0xFF,0xC0,0x00,0x1F,0xFF,0xFF,0xFF,0xFC,0x00,0x01,0xFF,0xC0,0x7F,0xFF,0xC0,0x00,0x7F,0xF0,0x01,0xFF,
  0xF8,0x00,0x1F,0xFC,0x00,0x1F,0xFF,0x00,0x07,0xFF,0x00,0x03,0xFF,0xE0,0x01,0xFF,0xC0,0x00,0x7F,0xFC,0x00,0x7F,0xF0,0x00,
  0x0F,0xFF,0x80,0x1F,0xFC,0x00,0x01,0xFF,0xE0,0x07,0xFF,0x00,0x00,0x7F,0xFC,0x01,0xFF,0xC0,0x00,0x0F,0xFF,0x00,0x7F,0xF0,
  0x00,0x03,0xFF,0xE0,0x1F,0xFC,0x00,0x00,0xFF,0xF8,0x07,0xFF,0x00,0x00,0x1F,0xFE,0x01,0xFF,0xC0,0x00,0x07,0xFF,0x80,0x7F,
  0xF0,0x00,0x01,0xFF,0xF0,0x1F,0xFC,0x00,0x00,0x7F,0xFC,0x07,0xFF,0x00,0x00,0x1F,0xFF,0x01,0xFF,0xC0,0x00,0x03,0xFF,0xC0,
  0x7F,0xF0,0x00,0x00,0xFF,0xF0,0x1F,0xFC,0x00,0x00,0x3F,0xFC,0x07,0xFF,0x00,0x00,0x0F,0xFF,0x01,0xFF,0xC0,0x00,0x03,0xFF,
  0xC0,0x7F,0xF0,0x00,0x00,0xFF,0xF0,0x1F,0xFC,0x00,0x00,0x3F,0xFC,0x07,0xFF,0x00,0x00,0x0F,0xFF,0x01,0xFF,0xC0,0x00,0x03,
  0xFF,0xC0,0x7F,0xF0,0x00,0x00,0xFF,0xF0,0x1F,0xFC,0x00,0x00,0x3F,0xFC,0x07,0xFF,0x00,0x00,0x0F,0xFF,0x01,0xFF,0xC0,0x00,
  0x07,0xFF,0xC0,0x7F,0xF0,0x00,0x01,0xFF,0xE0,0x1F,0xFC,0x00,0x00,0x7F,0xF8,0x07,0xFF,0x00,0x00,0x1F,0xFE,0x01,0xFF,0xC0,
  0x00,0x07,0xFF,0x00,0x7F,0xF0,0x00,0x03,0xFF,0xC0,0x1F,0xFC,0x00,0x00,0xFF,0xF0,0x07,0xFF,0x00,0x00,0x3F,0xF8,0x01,0xFF,
  0xC0,0x00,0x1F,0xFE,0x00,0x7F,0xF0,0x00,0x07,0xFF,0x00,0x1F,0xFC,0x00,0x03,0xFF,0x80,0x07,0xFF,0x00,0x01,0xFF,0xC0,0x01,
  0xFF,0xC0,0x01,0xFF,0xE0,0x00,0x7F,0xF8,0x01,0xFF,0xF0,0x00,0x7F,0xFF,0xFF,0xFF,0xF8,0x03,0xFF,0xFF,0xFF,0xFF,0xF8,0x00,
  0xFF,0xFF,0xFF,0xFF,0xF8,0x00,0x3F,0xFF,0xFF,0xFF,0xE0,0x00,0x00,0xFF,0xFF,0xFF,0xFF,0xFF,0xE3,0xFF,0xFF,0xFF,0xFF,0xFF,
  0x8F,0xFF,0xFF,0xFF,0xFF,0xFE,0x01,0xFF,0xFF,0xFF,0xFF,0xF8,0x01,0xFF,0xC0,0x00,0x0F,0xE0,0x07,0xFF,0x00,0x00,0x0F,0x80,
  0x1F,0xFC,0x00,0x00,0x3E,0x00,0x7F,0xF0,0x00,0x00,0xF8,0x01,0xFF,0xC0,0x00,0x01,0xE0,0x07,0xFF,0x00,0x00,0x07,0x80,0x1F,
  0xFC,0x00,0x00,0x1E,0x00,0x7F,0xF0,0x00,0x00,0x78,0x01,0xFF,0xC0,0x00,0x01,0xE0,0x07,0xFF,0x00,0x00,0x00,0x00,0x1F,0xFC,
  0x00,0x00,0x00,0x00,0x7F,0xF0,0x00,0x00,0x00,0x01,0xFF,0xC0,0x00,0x60,0x00,0x07,0xFF,0x00,0x03,0xC0,0x00,0x1F,0xFC,0x00,
  0x0F,0x00,0x00,0x7F,0xF0,0x00,0x3C,0x00,0x01,0xFF,0xC0,0x00,0xF0,0x00,0x07,0xFF,0x00,0x07,0xC0,0x00,0x1F,0xFF,0xFF,0xFF,
  0x00,0x00,0x7F,0xFF,0xFF,0xFC,0x00,0x01,0xFF,0xFF,0xFF,0xF0,0x00,0x07,0xFF,0xFF,0xFF,0xC0,0x00,0x1F,0xFE,0x00,0x1F,0x00,
  0x00,0x7F,0xF0,0x00,0x3C,0x00,0x01,0xFF,0xC0,0x00,0xF0,0x00,0x07,0xFF,0x00,0x03,0xC0,0x00,0x1F,0xFC,0x00,0x0F,0x00,0x00,
  0x7F,0xF0,0x00,0x1C,0x00,0x01,0xFF,0xC0,0x00,0x00,0x00,0x07,0xFF,0x00,0x00,0x00,0x00,0x1F,0xFC,0x00,0x00,0x00,0x00,0x7F,
  0xF0,0x00,0x00,0x00,0x01,0xFF,0xC0,0x00,0x00,0x3C,0x07,0xFF,0x00,0x00,0x00,0xF0,0x1F,0xFC,0x00,0x00,0x03,0xC0,0x7F,0xF0,
  0x00,0x00,0x0F,0x01,0xFF,0xC0,0x00,0x00,0x7C,0x07,0xFF,0x00,0x00,0x01,0xF0,0x1F,0xFC,0x00,0x00,0x07,0xC0,0x7F,0xF0,0x00,
  0x00,0x1E,0x01,0xFF,0xC0,0x00,0x00,0xF8,0x07,0xFF,0x00,0x00,0x07,0xE0,0x7F,0xFF,0xFF,0xFF,0xFF,0xBF,0xFF,0xFF,0xFF,0xFF,
  0xFE,0xFF,0xFF,0xFF,0xFF,0xFF,0xFB,0xFF,0xFF,0xFF,0xFF,0xFF,0xE0,0xFF,0xFF,0xFF,0xFF,0xFF,0xFF,0xFF,0xFF,0xFF,0xFF,0xFF,
  0xFF,0xFF,0xFF,0xFF,0xFC,0x1F,0xFF,0xFF,0xFF,0xFF,0x01,0xFF,0xC0,0x00,0x0F,0xC0,0x7F,0xF0,0x00,0x01,0xF0,0x1F,0xFC,0x00,
  0x00,0x7C,0x07,0xFF,0x00,0x00,0x1F,0x01,0xFF,0xC0,0x00,0x03,0xC0,0x7F,0xF0,0x00,0x00,0xF0,0x1F,0xFC,0x00,0x00,0x3C,0x07,
  0xFF,0x00,0x00,0x0F,0x01,0xFF,0xC0,0x00,0x03,0xC0,0x7F,0xF0,0x00,0x00,0x00,0x1F,0xFC,0x00,0x00,0x00,0x07,0xFF,0x00,0x00,
  0x00,0x01,0xFF,0xC0,0x00,0x00,0x00,0x7F,0xF0,0x00,0x00,0x00,0x1F,0xFC,0x00,0x00,0x00,0x07,0xFF,0x00,0x07,0x80,0x01,0xFF,
  0xC0,0x01,0xE0,0x00,0x7F,0xF0,0x00,0x78,0x00,0x1F,0xFC,0x00,0x1E,0x00,0x07,0xFF,0x00,0x07,0x80,0x01,0xFF,0xC0,0x01,0xE0,
  0x00,0x7F,0xFF,0xFF,0xF8,0x00,0x1F,0xFF,0xFF,0xFE,0x00,0x07,0xFF,0xFF,0xFF,0x80,0x01,0xFF,0xFF,0xFF,0xE0,0x00,0x7F,0xF0,
  0x00,0xF8,0x00,0x1F,0xFC,0x00,0x1E,0x00,0x07,0xFF,0x00,0x07,0x80,0x01,0xFF,0xC0,0x01,0xE0,0x00,0x7F,0xF0,0x00,0x78,0x00,
  0x1F,0xFC,0x00,0x1E,0x00,0x07,0xFF,0x00,0x03,0x80,0x01,0xFF,0xC0,0x00,0x00,0x00,0x7F,0xF0,0x00,0x00,0x00,0x1F,0xFC,0x00,
  0x00,0x00,0x07,0xFF,0x00,0x00,0x00,0x01,0xFF,0xC0,0x00,0x00,0x00,0x7F,0xF0,0x00,0x00,0x00,0x1F,0xFC,0x00,0x00,0x00,0x07,
  0xFF,0x00,0x00,0x00,0x01,0xFF,0xC0,0x00,0x00,0x00,0x7F,0xF0,0x00,0x00,0x00,0x7F,0xFF,0x80,0x00,0x01,0xFF,0xFF,0xFF,0x80,
  0x00,0x7F,0xFF,0xFF,0xE0,0x00,0x1F,0xFF,0xFF,0xF8,0x00,0x00,0x00,0x00,0x0F,0xFF,0xF0,0x00,0x00,0x00,0x07,0xFF,0xFF,0xFC,
  0x00,0x00,0x01,0xFF,0xFF,0xFF,0xFC,0x00,0x00,0x3F,0xFF,0xFF,0xFF,0xFC,0x00,0x03,0xFF,0xF0,0x03,0xFF,0xE0,0x00,0x7F,0xFC,
  0x00,0x03,0xFF,0x00,0x07,0xFF,0x80,0x00,0x07,0xF8,0x00,0x7F,0xF8,0x00,0x00,0x0F,0xC0,0x07,0xFF,0x80,0x00,0x00,0x3E,0x00,
  0x3F,0xF8,0x00,0x00,0x01,0xF0,0x03,0xFF,0x80,0x00,0x00,0x07,0x80,0x3F,0xFC,0x00,0x00,0x00,0x3C,0x01,0xFF,0xC0,0x00,0x00,
  0x01,0xE0,0x1F,0xFE,0x00,0x00,0x00,0x0F,0x00,0xFF,0xF0,0x00,0x00,0x00,0x70,0x0F,0xFF,0x00,0x00,0x00,0x00,0x00,0x7F,0xF8,
  0x00,0x00,0x00,0x00,0x03,0xFF,0xC0,0x00,0x00,0x00,0x00,0x3F,0xFE,0x00,0x00,0x00,0x00,0x01,0xFF,0xF0,0x00,0x00,0x00,0x00,
  0x0F,0xFF,0x00,0x00,0x00,0x00,0x00,0x7F,0xF8,0x00,0x00,0x00,0x00,0x03,0xFF,0xC0,0x00,0x00,0x00,0x00,0x1F,0xFE,0x00,0x00,
  0x00,0x00,0x00,0xFF,0xF0,0x00,0x00,0x00,0x00,0x07,0xFF,0x80,0x00,0x00,0x00,0x00,0x3F,0xFC,0x00,0x00,0x00,0x00,0x01,0xFF,
  0xE0,0x00,0x00,0x00,0x00,0x0F,0xFF,0x00,0x00,0x3F,0xFF,0xFF,0xFF,0xF8,0x00,0x01,0xFF,0xFF,0xFF,0xFF,0xC0,0x00,0x0F,0xFF,
  0xFF,0xFF,0xFE,0x00,0x00,0x03,0xFF,0xF8,0xFF,0xF8,0x00,0x00,0x0F,0xFF,0x07,0xFF,0xC0,0x00,0x00,0x7F,0xF8,0x1F,0xFE,0x00,
  0x00,0x03,0xFF,0xC0,0xFF,0xF0,0x00,0x00,0x1F,0xFE,0x07,0xFF,0x80,0x00,0x00,0xFF,0xF0,0x1F,0xFE,0x00,0x00,0x07,0xFF,0x80,
  0xFF,0xF0,0x00,0x00,0x3F,0xFC,0x03,0xFF,0x80,0x00,0x01,0xFF,0xE0,0x1F,0xFE,0x00,0x00,0x0F,0xFF,0x00,0x7F,0xF0,0x00,0x00,
  0x7F,0xF8,0x03,0xFF,0xC0,0x00,0x03,0xFF,0xC0,0x0F,0xFF,0x00,0x00,0x1F,0xFE,0x00,0x3F,0xFC,0x00,0x00,0xFF,0xF0,0x00,0xFF,
  0xF0,0x00,0x07,0xFF,0x80,0x03,0xFF,0xE0,0x00,0x3F,0xFC,0x00,0x07,0xFF,0xE0,0x07,0xFF,0xE0,0x00,0x1F,0xFF,0xFF,0xFF,0xFF,
  0x00,0x00,0x3F,0xFF,0xFF,0xFF,0xC0,0x00,0x00,0x3F,0xFF,0xFF,0xE0,0x00,0x00,0x00,0x1F,0xFF,0xC0,0x00,0x00,0xFF,0xFF,0xFF,
  0x80,0xFF,0xFF,0xFF,0xFF,0xFF,0xFF,0xC0,0x7F,0xFF,0xFF,0xFF,0xFF,0xFF,0xE0,0x3F,0xFF,0xFF,0xE0,0xFF,0xFE,0x00,0x00,0xFF,
  0xFE,0x00,0x1F,0xFC,0x00,0x00,0x1F,0xFE,0x00,0x0F,0xFE,0x00,0x00,0x0F,0xFF,0x00,0x07,0xFF,0x00,0x00,0x07,0xFF,0x80,0x03,
  0xFF,0x80,0x00,0x03,0xFF,0xC0,0x01,0xFF,0xC0,0x00,0x01,0xFF,0xE0,0x00,0xFF,0xE0,0x00,0x00,0xFF,0xF0,0x00,0x7F,0xF0,0x00,
  0x00,0x7F,0xF8,0x00,0x3F,0xF8,0x00,0x00,0x3F,0xFC,0x00,0x1F,0xFC,0x00,0x00,0x1F,0xFE,0x00,0x0F,0xFE,0x00,0x00,0x0F,0xFF,
  0x00,0x07,0xFF,0x00,0x00,0x07,0xFF,0x80,0x03,0xFF,0x80,0x00,0x03,0xFF,0xC0,0x01,0xFF,0xC0,0x00,0x01,0xFF,0xE0,0x00,0xFF,
  0xE0,0x00,0x00,0xFF,0xF0,0x00,0x7F,0xF0,0x00,0x00,0x7F,0xF8,0x00,0x3F,0xF8,0x00,0x00,0x3F,0xFC,0x00,0x1F,0xFC,0x00,0x00,
  0x1F,0xFE,0x00,0x0F,0xFE,0x00,0x00,0x0F,0xFF,0x00,0x07,0xFF,0xFF,0xFF,0xFF,0xFF,0x80,0x03,0xFF,0xFF,0xFF,0xFF,0xFF,0xC0,
  0x01,0xFF,0xFF,0xFF,0xFF,0xFF,0xE0,0x00,0xFF,0xFF,0xFF,0xFF,0xFF,0xF0,0x00,0x7F,0xF0,0x00,0x00,0x7F,0xF8,0x00,0x3F,0xF8,
  0x00,0x00,0x3F,0xFC,0x00,0x1F,0xFC,0x00,0x00,0x1F,0xFE,0x00,0x0F,0xFE,0x00,0x00,0x0F,0xFF,0x00,0x07,0xFF,0x00,0x00,0x07,
  0xFF,0x80,0x03,0xFF,0x80,0x00,0x03,0xFF,0xC0,0x01,0xFF,0xC0,0x00,0x01,0xFF,0xE0,0x00,0xFF,0xE0,0x00,0x00,0xFF,0xF0,0x00,
  0x7F,0xF0,0x00,0x00,0x7F,0xF8,0x00,0x3F,0xF8,0x00,0x00,0x3F,0xFC,0x00,0x1F,0xFC,0x00,0x00,0x1F,0xFE,0x00,0x0F,0xFE,0x00,
  0x00,0x0F,0xFF,0x00,0x07,0xFF,0x00,0x00,0x07,0xFF,0x80,0x03,0xFF,0x80,0x00,0x03,0xFF,0xC0,0x01,0xFF,0xC0,0x00,0x01,0xFF,
  0xE0,0x00,0xFF,0xE0,0x00,0x00,0xFF,0xF0,0x00,0x7F,0xF0,0x00,0x00,0x7F,0xF8,0x00,0x3F,0xF8,0x00,0x00,0x3F,0xFC,0x00,0x1F,
  0xFC,0x00,0x00,0x1F,0xFE,0x00,0x0F,0xFE,0x00,0x00,0x0F,0xFF,0x00,0x1F,0xFF,0xC0,0x00,0x1F,0xFF,0xC1,0xFF,0xFF,0xFF,0x01,
  0xFF,0xFF,0xFF,0xFF,0xFF,0xFF,0x80,0xFF,0xFF,0xFF,0xFF,0xFF,0xFF,0xC0,0x7F,0xFF,0xFF,0xC0,0xFF,0xFF,0xFF,0xFF,0xFF,0xFF,
  0xDF,0xFF,0xFF,0xE0,0xFF,0xFF,0x00,0x1F,0xFE,0x00,0x0F,0xFF,0x00,0x07,0xFF,0x80,0x03,0xFF,0xC0,0x01,0xFF,0xE0,0x00,0xFF,
  0xF0,0x00,0x7F,0xF8,0x00,0x3F,0xFC,0x00,0x1F,0xFE,0x00,0x0F,0xFF,0x00,0x07,0xFF,0x80,0x03,0xFF,0xC0,0x01,0xFF,0xE0,0x00,
  0xFF,0xF0,0x00,0x7F,0xF8,0x00,0x3F,0xFC,0x00,0x1F,0xFE,0x00,0x0F,0xFF,0x00,0x07,0xFF,0x80,0x03,0xFF,0xC0,0x01,0xFF,0xE0,
  0x00,0xFF,0xF0,0x00,0x7F,0xF8,0x00,0x3F,0xFC,0x00,0x1F,0xFE,0x00,0x0F,0xFF,0x00,0x07,0xFF,0x80,0x03,0xFF,0xC0,0x01,0xFF,
  0xE0,0x00,0xFF,0xF0,0x00,0x7F,0xF8,0x00,0x3F,0xFC,0x00,0x1F,0xFE,0x00,0x0F,0xFF,0x00,0x07,0xFF,0x80,0x03,0xFF,0xC0,0x01,
  0xFF,0xE0,0x00,0xFF,0xF0,0x00,0x7F,0xF8,0x00,0x3F,0xFC,0x00,0x1F,0xFE,0x00,0x0F,0xFF,0x00,0x1F,0xFF,0xE0,0xFF,0xFF,0xFF,
  0xFF,0xFF,0xFF,0xFF,0xFF,0xFF,0xC0,0x00,0x7F,0xFF,0xFF,0x80,0x3F,0xFF,0xFF,0xC0,0x1F,0xFF,0xFF,0xE0,0x00,0x7F,0xFF,0x00,
  0x00,0x0F,0xFE,0x00,0x00,0x07,0xFF,0x00,0x00,0x03,0xFF,0x80,0x00,0x01,0xFF,0xC0,0x00,0x00,0xFF,0xE0,0x00,0x00,0x7F,0xF0,
  0x00,0x00,0x3F,0xF8,0x00,0x00,0x1F,0xFC,0x00,0x00,0x0F,0xFE,0x00,0x00,0x07,0xFF,0x00,0x00,0x03,0xFF,0x80,0x00,0x01,0xFF,
  0xC0,0x00,0x00,0xFF,0xE0,0x00,0x00,0x7F,0xF0,0x00,0x00,0x3F,0xF8,0x00,0x00,0x1F,0xFC,0x00,0x00,0x0F,0xFE,0x00,0x00,0x07,
  0xFF,0x00,0x00,0x03,0xFF,0x80,0x00,0x01,0xFF,0xC0,0x00,0x00,0xFF,0xE0,0x00,0x00,0x7F,0xF0,0x00,0x00,0x3F,0xF8,0x00,0x00,
  0x1F,0xFC,0x00,0x00,0x0F,0xFE,0x00,0x00,0x07,0xFF,0x00,0x00,0x03,0xFF,0x80,0x00,0x01,0xFF,0xC0,0x00,0x00,0xFF,0xE0,0x00,
  0x00,0x7F,0xF0,0x00,0x00,0x3F,0xF8,0x00,0x00,0x1F,0xFC,0x00,0x00,0x0F,0xFE,0x00,0x00,0x07,0xFF,0x00,0x00,0x03,0xFF,0x81,
  0xE0,0x01,0xFF,0xC0,0xF0,0x01,0xFF,0xC0,0x78,0x00,0xFF,0xE0,0x3C,0x00,0x7F,0xF0,0x1F,0x00,0x3F,0xF0,0x0F,0x80,0x3F,0xF8,
  0x07,0xC0,0x1F,0xF8,0x03,0xF8,0x3F,0xF8,0x01,0xFF,0xFF,0xF8,0x00,0xFF,0xFF,0xF0,0x00,0x7F,0xFF,0xF0,0x00,0x07,0xFF,0xC0,
  0x00,0x00,0xFF,0xFF,0xFF,0x80,0x0F,0xFF,0xFC,0x3F,0xFF,0xFF,0xE0,0x03,0xFF,0xFF,0x0F,0xFF,0xFF,0xF8,0x00,0x7F,0xFF,0x80,
  0x1F,0xFF,0xC0,0x00,0x03,0xFE,0x00,0x01,0xFF,0xC0,0x00,0x00,0xFE,0x00,0x00,0x7F,0xF0,0x00,0x00,0x7E,0x00,0x00,0x1F,0xFC,
  0x00,0x00,0x3F,0x00,0x00,0x07,0xFF,0x00,0x00,0x1F,0x80,0x00,0x01,0xFF,0xC0,0x00,0x0F,0xC0,0x00,0x00,0x7F,0xF0,0x00,0x0F,
  0xE0,0x00,0x00,0x1F,0xFC,0x00,0x07,0xF0,0x00,0x00,0x07,0xFF,0x00,0x03,0xF8,0x00,0x00,0x01,0xFF,0xC0,0x01,0xFC,0x00,0x00,
  0x00,0x7F,0xF0,0x00,0xFC,0x00,0x00,0x00,0x1F,0xFC,0x00,0x7E,0x00,0x00,0x00,0x07,0xFF,0x00,0x3F,0x00,0x00,0x00,0x01,0xFF,
  0xC0,0x1F,0x80,0x00,0x00,0x00,0x7F,0xF0,0x0F,0xC0,0x00,0x00,0x00,0x1F,0xFC,0x0F,0xE0,0x00,0x00,0x00,0x07,0xFF,0x07,0xFC,
  0x00,0x00,0x00,0x01,0xFF,0xC3,0xFF,0x80,0x00,0x00,0x00,0x7F,0xF1,0xFF,0xF0,0x00,0x00,0x00,0x1F,0xFC,0xFF,0xFC,0x00,0x00,
  0x00,0x07,0xFF,0xFF,0xFF,0x80,0x00,0x00,0x01,0xFF,0xFF,0xFF,0xF0,0x00,0x00,0x00,0x7F,0xFF,0xFF,0xFE,0x00,0x00,0x00,0x1F,
  0xFF,0xDF,0xFF,0x80,0x00,0x00,0x07,0xFF,0xE3,0xFF,0xF0,0x00,0x00,0x01,0xFF,0xF0,0x7F,0xFE,0x00,0x00,0x00,0x7F,0xF8,0x1F,
  0xFF,0xC0,0x00,0x00,0x1F,0xFC,0x03,0xFF,0xF8,0x00,0x00,0x07,0xFF,0x00,0x7F,0xFE,0x00,0x00,0x01,0xFF,0xC0,0x0F,0xFF,0xC0,
  0x00,0x00,0x7F,0xF0,0x03,0xFF,0xF8,0x00,0x00,0x1F,0xFC,0x00,0x7F,0xFF,0x00,0x00,0x07,0xFF,0x00,0x0F,0xFF,0xE0,0x00,0x01,
  0xFF,0xC0,0x01,0xFF,0xF8,0x00,0x00,0x7F,0xF0,0x00,0x3F,0xFF,0x00,0x00,0x1F,0xFC,0x00,0x0F,0xFF,0xE0,0x00,0x07,0xFF,0x00,
  0x01,0xFF,0xFC,0x00,0x01,0xFF,0xC0,0x00,0x3F,0xFF,0x00,0x00,0x7F,0xF0,0x00,0x07,0xFF,0xE0,0x00,0x1F,0xFC,0x00,0x01,0xFF,
  0xFC,0x00,0x07,0xFF,0x00,0x00,0x3F,0xFF,0x80,0x01,0xFF,0xC0,0x00,0x07,0xFF,0xF0,0x00,0x7F,0xF0,0x00,0x00,0xFF,0xFC,0x00,
  0x7F,0xFF,0x00,0x00,0x3F,0xFF,0xC3,0xFF,0xFF,0xFE,0x00,0x07,0xFF,0xFE,0xFF,0xFF,0xFF,0xC0,0x00,0xFF,0xFF,0xFF,0xFF,0xFF,
  0xF0,0x00,0x1F,0xFF,0xF0,0xFF,0xFF,0xFF,0xC0,0x00,0x01,0xFF,0xFF,0xFF,0x80,0x00,0x03,0xFF,0xFF,0xFF,0x00,0x00,0x00,0x3F,
  0xFF,0x80,0x00,0x00,0x00,0x1F,0xFC,0x00,0x00,0x00,0x00,0x3F,0xF8,0x00,0x00,0x00,0x00,0x7F,0xF0,0x00,0x00,0x00,0x00,0xFF,
  0xE0,0x00,0x00,0x00,0x01,0xFF,0xC0,0x00,0x00,0x00,0x03,0xFF,0x80,0x00,0x00,0x00,0x07,0xFF,0x00,0x00,0x00,0x00,0x0F,0xFE,
  0x00,0x00,0x00,0x00,0x1F,0xFC,0x00,0x00,0x00,0x00,0x3F,0xF8,0x00,0x00,0x00,0x00,0x7F,0xF0,0x00,0x00,0x00,0x00,0xFF,0xE0,
  0x00,0x00,0x00,0x01,0xFF,0xC0,0x00,0x00,0x00,0x03,0xFF,0x80,0x00,0x00,0x00,0x07,0xFF,0x00,0x00,0x00,0x00,0x0F,0xFE,0x00,
  0x00,0x00,0x00,0x1F,0xFC,0x00,0x00,0x00,0x00,0x3F,0xF8,0x00,0x00,0x00,0x00,0x7F,0xF0,0x00,0x00,0x00,0x00,0xFF,0xE0,0x00,
  0x00,0x00,0x01,0xFF,0xC0,0x00,0x00,0x00,0x03,0xFF,0x80,0x00,0x00,0x00,0x07,0xFF,0x00,0x00,0x00,0x00,0x0F,0xFE,0x00,0x00,
  0x00,0x00,0x1F,0xFC,0x00,0x00,0x00,0x00,0x3F,0xF8,0x00,0x00,0x00,0x00,0x7F,0xF0,0x00,0x00,0x00,0x00,0xFF,0xE0,0x00,0x00,
  0x00,0x01,0xFF,0xC0,0x00,0x00,0x00,0x03,0xFF,0x80,0x00,0x00,0x00,0x07,0xFF,0x00,0x00,0x00,0x00,0x0F,0xFE,0x00,0x00,0x00,
  0xF0,0x1F,0xFC,0x00,0x00,0x01,0xC0,0x3F,0xF8,0x00,0x00,0x07,0x80,0x7F,0xF0,0x00,0x00,0x0F,0x00,0xFF,0xE0,0x00,0x00,0x1E,
  0x01,0xFF,0xC0,0x00,0x00,0x7C,0x03,0xFF,0x80,0x00,0x00,0xF8,0x07,0xFF,0x00,0x00,0x01,0xF0,0x0F,0xFE,0x00,0x00,0x03,0xE0,
  0x1F,0xFC,0x00,0x00,0x0F,0xC0,0x3F,0xF8,0x00,0x00,0x3F,0x81,0xFF,0xFF,0xFF,0xFF,0xFE,0x7F,0xFF,0xFF,0xFF,0xFF,0xFC,0xFF,
  0xFF,0xFF,0xFF,0xFF,0xF9,0xFF,0xFF,0xFF,0xFF,0xFF,0xF0,0xFF,0xFF,0xF0,0x00,0x00,0x00,0xFF,0xFF,0xFF,0xFF,0xFF,0xC0,0x00,
  0x00,0x07,0xFF,0xFF,0xFF,0xFF,0xFE,0x00,0x00,0x00,0x7F,0xFF,0xFC,0x0F,0xFF,0xF0,0x00,0x00,0x03,0xFF,0xFE,0x00,0x1F,0xFF,
  0xC0,0x00,0x00,0x1F,0xFF,0xC0,0x00,0xFF,0xFE,0x00,0x00,0x01,0xFF,0xFE,0x00,0x07,0xFF,0xF8,0x00,0x00,0x0F,0xFF,0xF0,0x00,
  0x3F,0xFF,0xC0,0x00,0x00,0xFF,0xFF,0x80,0x01,0xFF,0xFF,0x00,0x00,0x07,0xFF,0xFC,0x00,0x0F,0x7F,0xF8,0x00,0x00,0x7F,0xFF,
  0xE0,0x00,0x7B,0xFF,0xC0,0x00,0x03,0xEF,0xFF,0x00,0x03,0xCF,0xFF,0x00,0x00,0x3F,0x7F,0xF8,0x00,0x1E,0x7F,0xF8,0x00,0x01,
  0xF3,0xFF,0xC0,0x00,0xF1,0xFF,0xE0,0x00,0x0F,0x9F,0xFE,0x00,0x07,0x8F,0xFF,0x00,0x00,0xFC,0xFF,0xF0,0x00,0x3C,0x3F,0xFC,
  0x00,0x07,0xC7,0xFF,0x80,0x01,0xE1,0xFF,0xE0,0x00,0x7E,0x3F,0xFC,0x00,0x0F,0x07,0xFF,0x00,0x03,0xE1,0xFF,0xE0,0x00,0x78,
  0x3F,0xFC,0x00,0x3F,0x0F,0xFF,0x00,0x03,0xC1,0xFF,0xE0,0x01,0xF0,0x7F,0xF8,0x00,0x1E,0x07,0xFF,0x80,0x1F,0x83,0xFF,0xC0,
  0x00,0xF0,0x3F,0xFC,0x00,0xF8,0x1F,0xFE,0x00,0x07,0x80,0xFF,0xF0,0x07,0xC0,0xFF,0xF0,0x00,0x3C,0x07,0xFF,0x80,0x7E,0x07,
  0xFF,0x80,0x01,0xE0,0x1F,0xFE,0x03,0xE0,0x3F,0xFC,0x00,0x0F,0x00,0xFF,0xF0,0x3F,0x01,0xFF,0xE0,0x00,0x78,0x07,0xFF,0x81,
  0xF0,0x0F,0xFF,0x00,0x03,0xC0,0x1F,0xFE,0x1F,0x80,0x7F,0xF8,0x00,0x1E,0x00,0xFF,0xF0,0xF8,0x03,0xFF,0xC0,0x00,0xF0,0x03,
  0xFF,0xCF,0xC0,0x1F,0xFE,0x00,0x07,0x80,0x1F,0xFE,0x7C,0x00,0xFF,0xF0,0x00,0x3C,0x00,0x7F,0xFB,0xE0,0x07,0xFF,0x80,0x01,
  0xE0,0x03,0xFF,0xFF,0x00,0x3F,0xFC,0x00,0x0F,0x00,0x1F,0xFF,0xF0,0x01,0xFF,0xE0,0x00,0x78,0x00,0x7F,0xFF,0x80,0x0F,0xFF,
  0x00,0x03,0xC0,0x03,0xFF,0xF8,0x00,0x7F,0xF8,0x00,0x1E,0x00,0x0F,0xFF,0xC0,0x03,0xFF,0xC0,0x00,0xF0,0x00,0x7F,0xFC,0x00,
  0x1F,0xFE,0x00,0x07,0x80,0x01,0xFF,0xE0,0x00,0xFF,0xF0,0x00,0x3C,0x00,0x0F,0xFE,0x00,0x07,0xFF,0x80,0x01,0xE0,0x00,0x7F,
  0xF0,0x00,0x3F,0xFC,0x00,0x0F,0x00,0x01,0xFF,0x80,0x01,0xFF,0xE0,0x00,0x78,0x00,0x0F,0xF8,0x00,0x0F,0xFF,0x00,0x03,0xC0,
  0x00,0x3F,0xC0,0x00,0x7F,0xF8,0x00,0x1E,0x00,0x01,0xFC,0x00,0x03,0xFF,0xC0,0x00,0xF0,0x00,0x07,0xE0,0x00,0x1F,0xFE,0x00,
  0x1F,0xE0,0x00,0x3E,0x00,0x01,0xFF,0xFC,0x1F,0xFF,0xF8,0x00,0xF0,0x01,0xFF,0xFF,0xFE,0xFF,0xFF,0xC0,0x07,0x00,0x0F,0xFF,
  0xFF,0xFF,0xFF,0xFE,0x00,0x38,0x00,0x7F,0xFF,0xFF,0xC0,0xFF,0xFF,0xC0,0x00,0x1F,0xFF,0xFF,0xFF,0xFF,0x00,0x00,0xFF,0xFF,
  0xDF,0xFF,0xF8,0x00,0x07,0xFF,0xFE,0x0F,0xFF,0xE0,0x00,0x01,0xFE,0x00,0x1F,0xFF,0x80,0x00,0x03,0xE0,0x00,0xFF,0xFE,0x00,
  0x00,0x1F,0x00,0x07,0xFF,0xF0,0x00,0x00,0xF8,0x00,0x3F,0xFF,0xC0,0x00,0x07,0xC0,0x01,0xFF,0xFF,0x00,0x00,0x3E,0x00,0x0F,
  0xFF,0xFC,0x00,0x01,0xF0,0x00,0x7F,0xFF,0xF0,0x00,0x0F,0x80,0x03,0xEF,0xFF,0x80,0x00,0x7C,0x00,0x1F,0x7F,0xFE,0x00,0x03,
  0xE0,0x00,0xF9,0xFF,0xF8,0x00,0x1F,0x00,0x07,0xC7,0xFF,0xE0,0x00,0xF8,0x00,0x3E,0x1F,0xFF,0x00,0x07,0xC0,0x01,0xF0,0x7F,
  0xFC,0x00,0x3E,0x00,0x0F,0x83,0xFF,0xF0,0x01,0xF0,0x00,0x7C,0x0F,0xFF,0xC0,0x0F,0x80,0x03,0xE0,0x3F,0xFE,0x00,0x7C,0x00,
  0x1F,0x00,0xFF,0xF8,0x03,0xE0,0x00,0xF8,0x07,0xFF,0xE0,0x1F,0x00,0x07,0xC0,0x1F,0xFF,0x80,0xF8,0x00,0x3E,0x00,0x7F,0xFC,
  0x07,0xC0,0x01,0xF0,0x01,0xFF,0xF0,0x3E,0x00,0x0F,0x80,0x0F,0xFF,0xC1,0xF0,0x00,0x7C,0x00,0x3F,0xFF,0x0F,0x80,0x03,0xE0,
  0x00,0xFF,0xF8,0x7C,0x00,0x1F,0x00,0x03,0xFF,0xE3,0xE0,0x00,0xF8,0x00,0x1F,0xFF,0x9F,0x00,0x07,0xC0,0x00,0x7F,0xFE,0xF8,
  0x00,0x3E,0x00,0x01,0xFF,0xFF,0xC0,0x01,0xF0,0x00,0x07,0xFF,0xFE,0x00,0x0F,0x80,0x00,0x3F,0xFF,0xF0,0x00,0x7C,0x00,0x00,
  0xFF,0xFF,0x80,0x03,0xE0,0x00,0x03,0xFF,0xFC,0x00,0x1F,0x00,0x00,0x0F,0xFF,0xE0,0x00,0xF8,0x00,0x00,0x3F,0xFF,0x00,0x07,
  0xC0,0x00,0x01,0xFF,0xF8,0x00,0x3E,0x00,0x00,0x07,0xFF,0xC0,0x01,0xF0,0x00,0x00,0x1F,0xFE,0x00,0x0F,0x80,0x00,0x00,0x7F,
  0xF0,0x00,0x7C,0x00,0x00,0x03,0xFF,0x80,0x03,0xE0,0x00,0x00,0x0F,0xFC,0x00,0x1F,0x00,0x00,0x00,0x3F,0xE0,0x00,0xF8,0x00,
  0x00,0x00,0xFF,0x00,0x1F,0xE0,0x00,0x00,0x07,0xF8,0x0F,0xFF,0xF8,0x00,0x00,0x1F,0xC0,0xFF,0xFF,0xC0,0x00,0x00,0x7E,0x07,
  0xFF,0xFE,0x00,0x00,0x01,0xF0,0x00,0x00,0x00,0x1F,0xFF,0x00,0x00,0x00,0x00,0x7F,0xFF,0xFF,0x00,0x00,0x00,0x3F,0xFF,0xFF,
  0xF8,0x00,0x00,0x1F,0xFF,0xFF,0xFF,0xC0,0x00,0x0F,0xFF,0x80,0x3F,0xFC,0x00,0x03,0xFF,0xC0,0x01,0xFF,0xE0,0x00,0xFF,0xE0,
  0x00,0x0F,0xFE,0x00,0x3F,0xF8,0x00,0x00,0xFF,0xE0,0x0F,0xFF,0x00,0x00,0x0F,0xFE,0x01,0xFF,0xC0,0x00,0x01,0xFF,0xC0,0x7F,
  0xF0,0x00,0x00,0x1F,0xFC,0x0F,0xFE,0x00,0x00,0x03,0xFF,0x83,0xFF,0xC0,0x00,0x00,0x7F,0xF8,0x7F,0xF0,0x00,0x00,0x07,0xFF,
  0x1F,0xFE,0x00,0x00,0x00,0xFF,0xF3,0xFF,0xC0,0x00,0x00,0x1F,0xFE,0x7F,0xF8,0x00,0x00,0x03,0xFF,0xDF,0xFF,0x00,0x00,0x00,
  0x7F,0xFF,0xFF,0xC0,0x00,0x00,0x07,0xFF,0xFF,0xF8,0x00,0x00,0x00,0xFF,0xFF,0xFF,0x00,0x00,0x00,0x1F,0xFF,0xFF,0xE0,0x00,
  0x00,0x03,0xFF,0xFF,0xFC,0x00,0x00,0x00,0x7F,0xFF,0xFF,0x80,0x00,0x00,0x0F,0xFF,0xFF,0xF0,0x00,0x00,0x01,0xFF,0xFF,0xFE,
  0x00,0x00,0x00,0x3F,0xFF,0xFF,0xC0,0x00,0x00,0x07,0xFF,0xFF,0xF8,0x00,0x00,0x00,0xFF,0xFF,0xFF,0x00,0x00,0x00,0x1F,0xFF,
  0xFF,0xE0,0x00,0x00,0x03,0xFF,0xFF,0xFC,0x00,0x00,0x00,0x7F,0xFF,0xFF,0x80,0x00,0x00,0x0F,0xFF,0xFF,0xF0,0x00,0x00,0x01,
  0xFF,0xFF,0xFF,0x00,0x00,0x00,0x3F,0xFD,0xFF,0xE0,0x00,0x00,0x0F,0xFF,0xBF,0xFC,0x00,0x00,0x01,0xFF,0xE7,0xFF,0x80,0x00,
  0x00,0x3F,0xFC,0xFF,0xF0,0x00,0x00,0x07,0xFF,0x8F,0xFE,0x00,0x00,0x00,0xFF,0xE1,0xFF,0xE0,0x00,0x00,0x3F,0xFC,0x1F,0xFC,
  0x00,0x00,0x07,0xFF,0x03,0xFF,0xC0,0x00,0x00,0xFF,0xE0,0x3F,0xF8,0x00,0x00,0x3F,0xF8,0x03,0xFF,0x80,0x00,0x0F,0xFE,0x00,
  0x7F,0xF0,0x00,0x01,0xFF,0xC0,0x07,0xFF,0x00,0x00,0x7F,0xF0,0x00,0x3F,0xF8,0x00,0x3F,0xFC,0x00,0x03,0xFF,0xC0,0x1F,0xFE,
  0x00,0x00,0x3F,0xFF,0xFF,0xFF,0x80,0x00,0x01,0xFF,0xFF,0xFF,0xC0,0x00,0x00,0x07,0xFF,0xFF,0xC0,0x00,0x00,0x00,0x0F,0xFF,
  0x80,0x00,0x00,0xFF,0xFF,0xFF,0xFC,0x00,0x1F,0xFF,0xFF,0xFF,0xF8,0x03,0xFF,0xFF,0xFF,0xFF,0xC0,0x03,0xFF,0xFF,0xFF,0xFE,
  0x00,0x1F,0xFE,0x07,0xFF,0xE0,0x03,0xFF,0x80,0x1F,0xFE,0x00,0x7F,0xF0,0x01,0xFF,0xE0,0x0F,0xFE,0x00,0x1F,0xFE,0x01,0xFF,
  0xC0,0x03,0xFF,0xC0,0x3F,0xF8,0x00,0x3F,0xFC,0x07,0xFF,0x00,0x07,0xFF,0x80,0xFF,0xE0,0x00,0xFF,0xF0,0x1F,0xFC,0x00,0x1F,
  0xFE,0x03,0xFF,0x80,0x03,0xFF,0xC0,0x7F,0xF0,0x00,0x7F,0xF8,0x0F,0xFE,0x00,0x0F,0xFF,0x01,0xFF,0xC0,0x01,0xFF,0xE0,0x3F,
  0xF8,0x00,0x3F,0xFC,0x07,0xFF,0x00,0x07,0xFF,0x80,0xFF,0xE0,0x00,0xFF,0xF0,0x1F,0xFC,0x00,0x3F,0xFC,0x03,0xFF,0x80,0x07,
  0xFF,0x80,0x7F,0xF0,0x01,0xFF,0xF0,0x0F,0xFE,0x00,0x3F,0xFC,0x01,0xFF,0xC0,0x1F,0xFF,0x00,0x3F,0xFC,0x0F,0xFF,0xC0,0x07,
  0xFF,0xFF,0xFF,0xF0,0x00,0xFF,0xFF,0xFF,0xFC,0x00,0x1F,0xFF,0xFF,0xFE,0x00,0x03,0xFF,0xFF,0xFC,0x00,0x00,0x7F,0xF0,0x00,
  0x00,0x00,0x0F,0xFE,0x00,0x00,0x00,0x01,0xFF,0xC0,0x00,0x00,0x00,0x3F,0xF8,0x00,0x00,0x00,0x07,0xFF,0x00,0x00,0x00,0x00,
  0xFF,0xE0,0x00,0x00,0x00,0x1F,0xFC,0x00,0x00,0x00,0x03,0xFF,0x80,0x00,0x00,0x00,0x7F,0xF0,0x00,0x00,0x00,0x0F,0xFE,0x00,
  0x00,0x00,0x01,0xFF,0xC0,0x00,0x00,0x00,0x3F,0xF8,0x00,0x00,0x00,0x07,0xFF,0x00,0x00,0x00,0x00,0xFF,0xE0,0x00,0x00,0x00,
  0x1F,0xFC,0x00,0x00,0x00,0x03,0xFF,0x80,0x00,0x00,0x01,0xFF,0xFE,0x00,0x00,0x03,0xFF,0xFF,0xFF,0x00,0x00,0x7F,0xFF,0xFF,
  0xE0,0x00,0x0F,0xFF,0xFF,0xFC,0x00,0x00,0x00,0x00,0x1F,0xFF,0x00,0x00,0x00,0x00,0x3F,0xFF,0xFF,0x80,0x00,0x00,0x0F,0xFF,
  0xFF,0xFE,0x00,0x00,0x03,0xFF,0xFF,0xFF,0xF8,0x00,0x00,0xFF,0xF8,0x03,0xFF,0xC0,0x00,0x1F,0xFE,0x00,0x0F,0xFF,0x00,0x03,
  0xFF,0x80,0x00,0x3F,0xF8,0x00,0x7F,0xF0,0x00,0x01,0xFF,0xC0,0x0F,0xFF,0x00,0x00,0x0F,0xFE,0x00,0xFF,0xE0,0x00,0x00,0xFF,
  0xE0,0x1F,0xFC,0x00,0x00,0x07,0xFF,0x01,0xFF,0xC0,0x00,0x00,0x7F,0xF0,0x3F,0xFC,0x00,0x00,0x07,0xFF,0x83,0xFF,0x80,0x00,
  0x00,0x3F,0xF8,0x7F,0xF8,0x00,0x00,0x03,0xFF,0xC7,0xFF,0x80,0x00,0x00,0x3F,0xFC,0x7F,0xF8,0x00,0x00,0x03,0xFF,0xCF,0xFF,
  0x80,0x00,0x00,0x3F,0xFE,0xFF,0xF0,0x00,0x00,0x01,0xFF,0xEF,0xFF,0x00,0x00,0x00,0x1F,0xFE,0xFF,0xF0,0x00,0x00,0x01,0xFF,
  0xEF,0xFF,0x00,0x00,0x00,0x1F,0xFE,0xFF,0xF0,0x00,0x00,0x01,0xFF,0xEF,0xFF,0x00,0x00,0x00,0x1F,0xFE,0xFF,0xF0,0x00,0x00,
  0x01,0xFF,0xEF,0xFF,0x00,0x00,0x00,0x1F,0xFE,0xFF,0xF0,0x00,0x00,0x01,0xFF,0xEF,0xFF,0x00,0x00,0x00,0x1F,0xFE,0xFF,0xF0,
  0x00,0x00,0x01,0xFF,0xEF,0xFF,0x00,0x00,0x00,0x1F,0xFE,0xFF,0xF0,0x00,0x00,0x01,0xFF,0xEF,0xFF,0x00,0x00,0x00,0x1F,0xFE,
  0xFF,0xF0,0x00,0x00,0x01,0xFF,0xEF,0xFF,0x80,0x00,0x00,0x1F,0xFE,0x7F,0xF8,0x00,0x00,0x03,0xFF,0xE7,0xFF,0x80,0x00,0x00,
  0x3F,0xFC,0x7F,0xF8,0x00,0x00,0x03,0xFF,0xC7,0xFF,0x80,0x00,0x00,0x3F,0xFC,0x3F,0xF8,0x00,0x00,0x03,0xFF,0x83,0xFF,0xC0,
  0x00,0x00,0x7F,0xF8,0x1F,0xFC,0x00,0x00,0x07,0xFF,0x01,0xFF,0xE0,0x00,0x00,0x7F,0xF0,0x0F,0xFE,0x00,0x00,0x0F,0xFE,0x00,
  0x7F,0xF0,0x00,0x01,0xFF,0xC0,0x03,0xFF,0x00,0x00,0x1F,0xFC,0x00,0x3F,0xF8,0x00,0x03,0xFF,0x80,0x00,0xFF,0xE0,0x00,0xFF,
  0xF0,0x00,0x07,0xFF,0x80,0x3F,0xFC,0x00,0x00,0x3F,0xFF,0xFF,0xFF,0x80,0x00,0x00,0xFF,0xFF,0xFF,0xE0,0x00,0x00,0x01,0xFF,
  0xFF,0xFC,0x00,0x00,0x00,0x01,0xFF,0xFF,0xE0,0x00,0x00,0x00,0x00,0x7F,0xFF,0x00,0x00,0x00,0x00,0x03,0xFF,0xF0,0x00,0x00,
  0x00,0x00,0x1F,0xFF,0x80,0x00,0x00,0x00,0x00,0xFF,0xFC,0x00,0x00,0x00,0x00,0x07,0xFF,0xE0,0x00,0x00,0x00,0x00,0x7F,0xFF,
  0x00,0x00,0x00,0x00,0x03,0xFF,0xFC,0x00,0x00,0x00,0x00,0x1F,0xFF,0xFF,0x00,0x00,0x00,0x00,0xFF,0xFF,0xF0,0x00,0x00,0x00,
  0x03,0xFF,0xFF,0x00,0x00,0x00,0x00,0x1F,0xFF,0xF0,0x00,0x00,0x00,0x00,0x3F,0xF0,0xFF,0xFF,0xFF,0xFF,0x00,0x00,0x01,0xFF,
  0xFF,0xFF,0xFF,0xE0,0x00,0x03,0xFF,0xFF,0xFF,0xFF,0xF8,0x00,0x00,0x3F,0xFF,0xFF,0xFF,0xFC,0x00,0x00,0x1F,0xFE,0x00,0xFF,
  0xFC,0x00,0x00,0x3F,0xF8,0x00,0x3F,0xFC,0x00,0x00,0x7F,0xF0,0x00,0x3F,0xFC,0x00,0x00,0xFF,0xE0,0x00,0x3F,0xF8,0x00,0x01,
  0xFF,0xC0,0x00,0x7F,0xF8,0x00,0x03,0xFF,0x80,0x00,0x7F,0xF0,0x00,0x07,0xFF,0x00,0x00,0xFF,0xF0,0x00,0x0F,0xFE,0x00,0x01,
  0xFF,0xE0,0x00,0x1F,0xFC,0x00,0x03,0xFF,0xC0,0x00,0x3F,0xF8,0x00,0x07,0xFF,0x80,0x00,0x7F,0xF0,0x00,0x0F,0xFF,0x00,0x00,
  0xFF,0xE0,0x00,0x1F,0xFE,0x00,0x01,0xFF,0xC0,0x00,0x3F,0xFC,0x00,0x03,0xFF,0x80,0x00,0x7F,0xF8,0x00,0x07,0xFF,0x00,0x00,
  0xFF,0xE0,0x00,0x0F,0xFE,0x00,0x01,0xFF,0xC0,0x00,0x1F,0xFC,0x00,0x07,0xFF,0x80,0x00,0x3F,0xF8,0x00,0x0F,0xFE,0x00,0x00,
  0x7F,0xF0,0x00,0x3F,0xFC,0x00,0x00,0xFF,0xE0,0x00,0xFF,0xF0,0x00,0x01,0xFF,0xC0,0x0F,0xFF,0xC0,0x00,0x03,0xFF,0xFF,0xFF,
  0xFF,0x00,0x00,0x07,0xFF,0xFF,0xFF,0xFC,0x00,0x00,0x0F,0xFF,0xFF,0xFF,0xC0,0x00,0x00,0x1F,0xFF,0xFF,0xFF,0x00,0x00,0x00,
  0x3F,0xFC,0x0F,0xFF,0x00,0x00,0x00,0x7F,0xF0,0x1F,0xFF,0x00,0x00,0x00,0xFF,0xE0,0x1F,0xFE,0x00,0x00,0x01,0xFF,0xC0,0x1F,
  0xFE,0x00,0x00,0x03,0xFF,0x80,0x3F,0xFE,0x00,0x00,0x07,0xFF,0x00,0x3F,0xFE,0x00,0x00,0x0F,0xFE,0x00,0x3F,0xFC,0x00,0x00,
  0x1F,0xFC,0x00,0x7F,0xFC,0x00,0x00,0x3F,0xF8,0x00,0x7F,0xFC,0x00,0x00,0x7F,0xF0,0x00,0x7F,0xFC,0x00,0x00,0xFF,0xE0,0x00,
  0xFF,0xF8,0x00,0x01,0xFF,0xC0,0x00,0xFF,0xF8,0x00,0x03,0xFF,0x80,0x00,0xFF,0xF8,0x00,0x07,0xFF,0x00,0x01,0xFF,0xF0,0x00,
  0x0F,0xFE,0x00,0x01,0xFF,0xF0,0x00,0x1F,0xFC,0x00,0x01,0xFF,0xF0,0x00,0x3F,0xF8,0x00,0x03,0xFF,0xF0,0x01,0xFF,0xFC,0x00,
  0x03,0xFF,0xF8,0x3F,0xFF,0xFF,0xC0,0x03,0xFF,0xFE,0x7F,0xFF,0xFF,0x80,0x07,0xFF,0xFE,0xFF,0xFF,0xFF,0x00,0x07,0xFF,0xFC,
  0x00,0x0F,0xFF,0xC0,0x00,0x1F,0xFF,0xFF,0xC0,0x0F,0xFF,0xFF,0xFC,0x03,0xFF,0xFF,0xFF,0x80,0xFF,0x80,0x3F,0xF0,0x3F,0xC0,
  0x00,0xFE,0x0F,0xF0,0x00,0x0F,0xC1,0xFC,0x00,0x00,0xF8,0x7F,0x80,0x00,0x1F,0x0F,0xF0,0x00,0x03,0xE1,0xFE,0x00,0x00,0x3C,
  0x7F,0xC0,0x00,0x07,0x8F,0xF8,0x00,0x00,0xF1,0xFF,0x00,0x00,0x0C,0x3F,0xF0,0x00,0x00,0x07,0xFF,0x00,0x00,0x00,0xFF,0xF0,
  0x00,0x00,0x0F,0xFF,0x80,0x00,0x01,0xFF,0xFE,0x00,0x00,0x3F,0xFF,0xF8,0x00,0x03,0xFF,0xFF,0xE0,0x00,0x7F,0xFF,0xFF,0x00,
  0x07,0xFF,0xFF,0xF8,0x00,0x7F,0xFF,0xFF,0xC0,0x07,0xFF,0xFF,0xFC,0x00,0x7F,0xFF,0xFF,0xC0,0x07,0xFF,0xFF,0xFC,0x00,0x3F,
  0xFF,0xFF,0xC0,0x01,0xFF,0xFF,0xF8,0x00,0x07,0xFF,0xFF,0x80,0x00,0x1F,0xFF,0xF0,0x00,0x00,0xFF,0xFF,0x00,0x00,0x03,0xFF,
  0xE0,0x00,0x00,0x3F,0xFC,0x00,0x00,0x01,0xFF,0x80,0x00,0x00,0x1F,0xFE,0x00,0x00,0x03,0xFF,0xE0,0x00,0x00,0x3F,0xFC,0x00,
  0x00,0x07,0xFF,0x80,0x00,0x00,0xFF,0xF0,0x00,0x00,0x1F,0xFF,0x00,0x00,0x03,0xFB,0xE0,0x00,0x00,0xFF,0x7C,0x00,0x00,0x1F,
  0xEF,0xC0,0x00,0x07,0xF9,0xFC,0x00,0x00,0xFF,0x3F,0xE0,0x00,0x7F,0xC7,0xFF,0x00,0x3F,0xF0,0xFF,0xFF,0xFF,0xFC,0x1F,0xFF,
  0xFF,0xFE,0x00,0x3F,0xFF,0xFF,0x00,0x00,0x3F,0xFF,0x00,0x00,0xFF,0xFF,0xFF,0xFF,0xFF,0xFF,0xFF,0xFF,0xFF,0xFF,0xFF,0xFF,
  0xFF,0xFF,0xFF,0xFF,0xFF,0xFF,0xFF,0xFF,0xFF,0xFF,0xFF,0xFF,0xFF,0xC0,0x03,0xFF,0xC0,0x03,0xFF,0xC0,0x01,0xFF,0xE0,0x00,
  0x7F,0xC0,0x00,0xFF,0xF0,0x00,0x3F,0xE0,0x00,0x7F,0xF8,0x00,0x1F,0xF0,0x00,0x3F,0xFC,0x00,0x0F,0xF8,0x00,0x1F,0xFE,0x00,
  0x03,0xFC,0x00,0x0F,0xFF,0x00,0x01,0xFE,0x00,0x07,0xFF,0x80,0x00,0xFF,0x00,0x03,0xFF,0xC0,0x00,0x7F,0x80,0x01,0xFF,0xE0,
  0x00,0x3C,0x00,0x00,0xFF,0xF0,0x00,0x00,0x00,0x00,0x7F,0xF8,0x00,0x00,0x00,0x00,0x3F,0xFC,0x00,0x00,0x00,0x00,0x1F,0xFE,
  0x00,0x00,0x00,0x00,0x0F,0xFF,0x00,0x00,0x00,0x00,0x07,0xFF,0x80,0x00,0x00,0x00,0x03,0xFF,0xC0,0x00,0x00,0x00,0x01,0xFF,
  0xE0,0x00,0x00,0x00,0x00,0xFF,0xF0,0x00,0x00,0x00,0x00,0x7F,0xF8,0x00,0x00,0x00,0x00,0x3F,0xFC,0x00,0x00,0x00,0x00,0x1F,
  0xFE,0x00,0x00,0x00,0x00,0x0F,0xFF,0x00,0x00,0x00,0x00,0x07,0xFF,0x80,0x00,0x00,0x00,0x03,0xFF,0xC0,0x00,0x00,0x00,0x01,
  0xFF,0xE0,0x00,0x00,0x00,0x00,0xFF,0xF0,0x00,0x00,0x00,0x00,0x7F,0xF8,0x00,0x00,0x00,0x00,0x3F,0xFC,0x00,0x00,0x00,0x00,
  0x1F,0xFE,0x00,0x00,0x00,0x00,0x0F,0xFF,0x00,0x00,0x00,0x00,0x07,0xFF,0x80,0x00,0x00,0x00,0x03,0xFF,0xC0,0x00,0x00,0x00,
  0x01,0xFF,0xE0,0x00,0x00,0x00,0x00,0xFF,0xF0,0x00,0x00,0x00,0x00,0x7F,0xF8,0x00,0x00,0x00,0x00,0x3F,0xFC,0x00,0x00,0x00,
  0x00,0x1F,0xFE,0x00,0x00,0x00,0x00,0x0F,0xFF,0x00,0x00,0x00,0x00,0x07,0xFF,0x80,0x00,0x00,0x00,0x03,0xFF,0xC0,0x00,0x00,
  0x00,0x01,0xFF,0xE0,0x00,0x00,0x00,0x03,0xFF,0xFC,0x00,0x00,0x00,0x3F,0xFF,0xFF,0xF8,0x00,0x00,0x3F,0xFF,0xFF,0xFC,0x00,
  0x00,0x1F,0xFF,0xFF,0xFE,0x00,0x00,0xFF,0xFF,0xFF,0x00,0x3F,0xFF,0xFF,0xFF,0xFF,0xE0,0x07,0xFF,0xFF,0xFF,0xFF,0xFC,0x00,
  0xFF,0xFF,0x87,0xFF,0xF0,0x00,0x00,0xFF,0x00,0x7F,0xF8,0x00,0x00,0x07,0x80,0x0F,0xFF,0x00,0x00,0x00,0xF0,0x01,0xFF,0xE0,
  0x00,0x00,0x1E,0x00,0x3F,0xFC,0x00,0x00,0x03,0xC0,0x07,0xFF,0x80,0x00,0x00,0x78,0x00,0xFF,0xF0,0x00,0x00,0x0F,0x00,0x1F,
  0xFE,0x00,0x00,0x01,0xE0,0x03,0xFF,0xC0,0x00,0x00,0x3C,0x00,0x7F,0xF8,0x00,0x00,0x07,0x80,0x0F,0xFF,0x00,0x00,0x00,0xF0,
  0x01,0xFF,0xE0,0x00,0x00,0x1E,0x00,0x3F,0xFC,0x00,0x00,0x03,0xC0,0x07,0xFF,0x80,0x00,0x00,0x78,0x00,0xFF,0xF0,0x00,0x00,
  0x0F,0x00,0x1F,0xFE,0x00,0x00,0x01,0xE0,0x03,0xFF,0xC0,0x00,0x00,0x3C,0x00,0x7F,0xF8,0x00,0x00,0x07,0x80,0x0F,0xFF,0x00,
  0x00,0x00,0xF0,0x01,0xFF,0xE0,0x00,0x00,0x1E,0x00,0x3F,0xFC,0x00,0x00,0x03,0xC0,0x07,0xFF,0x80,0x00,0x00,0x78,0x00,0xFF,
  0xF0,0x00,0x00,0x0F,0x00,0x1F,0xFE,0x00,0x00,0x01,0xE0,0x03,0xFF,0xC0,0x00,0x00,0x3C,0x00,0x7F,0xF8,0x00,0x00,0x07,0x80,
  0x0F,0xFF,0x00,0x00,0x00,0xF0,0x01,0xFF,0xE0,0x00,0x00,0x1E,0x00,0x3F,0xFC,0x00,0x00,0x03,0xC0,0x07,0xFF,0x80,0x00,0x00,
  0x78,0x00,0xFF,0xF0,0x00,0x00,0x0F,0x00,0x0F,0xFE,0x00,0x00,0x01,0xE0,0x01,0xFF,0xC0,0x00,0x00,0x3C,0x00,0x3F,0xFC,0x00,
  0x00,0x0F,0x80,0x07,0xFF,0x80,0x00,0x01,0xF0,0x00,0xFF,0xF0,0x00,0x00,0x3E,0x00,0x1F,0xFE,0x00,0x00,0x07,0xC0,0x01,0xFF,
  0xE0,0x00,0x01,0xF0,0x00,0x3F,0xFE,0x00,0x00,0x7E,0x00,0x03,0xFF,0xC0,0x00,0x0F,0x80,0x00,0x7F,0xFC,0x00,0x03,0xF0,0x00,
  0x07,0xFF,0xE0,0x01,0xFC,0x00,0x00,0x7F,0xFF,0xC1,0xFF,0x00,0x00,0x07,0xFF,0xFF,0xFF,0xC0,0x00,0x00,0x7F,0xFF,0xFF,0xF0,
  0x00,0x00,0x03,0xFF,0xFF,0xFC,0x00,0x00,0x00,0x1F,0xFF,0xFC,0x00,0x00,0x00,0x00,0x3F,0xFC,0x00,0x00,0x00,0xFF,0xFF,0xFC,
  0x00,0x03,0xFF,0xFF,0xFF,0xFF,0xE0,0x00,0x1F,0xFF,0xFF,0xFF,0xFE,0x00,0x00,0xFF,0xFE,0x3F,0xFF,0x80,0x00,0x00,0x7F,0x80,
  0xFF,0xF8,0x00,0x00,0x01,0xF0,0x03,0xFF,0xC0,0x00,0x00,0x0F,0x80,0x1F,0xFF,0x00,0x00,0x00,0xF8,0x00,0xFF,0xF8,0x00,0x00,
  0x07,0xC0,0x03,0xFF,0xC0,0x00,0x00,0x7C,0x00,0x1F,0xFF,0x00,0x00,0x03,0xE0,0x00,0x7F,0xF8,0x00,0x00,0x1F,0x00,0x03,0xFF,
  0xE0,0x00,0x01,0xF0,0x00,0x0F,0xFF,0x00,0x00,0x0F,0x80,0x00,0x7F,0xFC,0x00,0x00,0xF8,0x00,0x03,0xFF,0xE0,0x00,0x07,0xC0,
  0x00,0x0F,0xFF,0x00,0x00,0x3E,0x00,0x00,0x7F,0xFC,0x00,0x03,0xE0,0x00,0x01,0xFF,0xE0,0x00,0x1F,0x00,0x00,0x0F,0xFF,0x80,
  0x01,0xF0,0x00,0x00,0x3F,0xFC,0x00,0x0F,0x80,0x00,0x01,0xFF,0xF0,0x00,0x7C,0x00,0x00,0x0F,0xFF,0x80,0x07,0xC0,0x00,0x00,
  0x3F,0xFC,0x00,0x3E,0x00,0x00,0x01,0xFF,0xF0,0x03,0xE0,0x00,0x00,0x07,0xFF,0x80,0x1F,0x00,0x00,0x00,0x3F,0xFE,0x00,0xF8,
  0x00,0x00,0x00,0xFF,0xF0,0x0F,0x80,0x00,0x00,0x07,0xFF,0xC0,0x7C,0x00,0x00,0x00,0x3F,0xFE,0x07,0xC0,0x00,0x00,0x00,0xFF,
  0xF0,0x3E,0x00,0x00,0x00,0x07,0xFF,0xC1,0xE0,0x00,0x00,0x00,0x1F,0xFE,0x1F,0x00,0x00,0x00,0x00,0xFF,0xF8,0xF8,0x00,0x00,
  0x00,0x03,0xFF,0xCF,0x80,0x00,0x00,0x00,0x1F,0xFF,0x7C,0x00,0x00,0x00,0x00,0xFF,0xFB,0xC0,0x00,0x00,0x00,0x03,0xFF,0xFE,
  0x00,0x00,0x00,0x00,0x1F,0xFF,0xF0,0x00,0x00,0x00,0x00,0x7F,0xFF,0x00,0x00,0x00,0x00,0x03,0xFF,0xF8,0x00,0x00,0x00,0x00,
  0x0F,0xFF,0x80,0x00,0x00,0x00,0x00,0x7F,0xFC,0x00,0x00,0x00,0x00,0x03,0xFF,0xE0,0x00,0x00,0x00,0x00,0x0F,0xFE,0x00,0x00,
  0x00,0x00,0x00,0x7F,0xF0,0x00,0x00,0x00,0x00,0x01,0xFF,0x00,0x00,0x00,0x00,0x00,0x0F,0xF8,0x00,0x00,0x00,0x00,0x00,0x3F,
  0xC0,0x00,0x00,0x00,0x00,0x01,0xFC,0x00,0x00,0x00,0x00,0x00,0x0F,0xE0,0x00,0x00,0x00,0x00,0x00,0x3E,0x00,0x00,0x00,0xFF,
  0xFF,0xFC,0x00,0x00,0x00,0x00,0x3F,0xFF,0xFF,0xFF,0xFF,0x00,0x00,0x00,0x00,0x0F,0xFF,0xFF,0xFF,0xFF,0xC0,0x00,0x00,0x00,
  0x03,0xFF,0xFC,0x7F,0xFF,0x00,0x00,0x00,0x00,0x00,0x0F,0xF8,0x07,0xFF,0x80,0x00,0x01,0xF0,0x00,0x00,0xF8,0x01,0xFF,0xE0,
  0x00,0x00,0xFC,0x00,0x00,0x7E,0x00,0x7F,0xFC,0x00,0x00,0x3F,0x80,0x00,0x1F,0x80,0x0F,0xFF,0x00,0x00,0x1F,0xE0,0x00,0x07,
  0xC0,0x03,0xFF,0xC0,0x00,0x07,0xF8,0x00,0x03,0xF0,0x00,0xFF,0xF8,0x00,0x01,0xFF,0x00,0x00,0xFC,0x00,0x1F,0xFE,0x00,0x00,
  0xFF,0xC0,0x00,0x3E,0x00,0x07,0xFF,0x80,0x00,0x3F,0xF8,0x00,0x0F,0x80,0x01,0xFF,0xF0,0x00,0x1F,0xFE,0x00,0x07,0xE0,0x00,
  0x3F,0xFC,0x00,0x07,0xFF,0x80,0x01,0xF0,0x00,0x0F,0xFF,0x80,0x01,0xFF,0xF0,0x00,0x7C,0x00,0x03,0xFF,0xE0,0x00,0xFF,0xFC,
  0x00,0x3F,0x00,0x00,0x7F,0xF8,0x00,0x3F,0xFF,0x80,0x0F,0xC0,0x00,0x1F,0xFF,0x00,0x1F,0xFF,0xE0,0x03,0xE0,0x00,0x03,0xFF,
  0xC0,0x07,0xFF,0xF8,0x00,0xF8,0x00,0x00,0xFF,0xF0,0x01,0xFF,0xFF,0x00,0x7E,0x00,0x00,0x3F,0xFE,0x00,0xFF,0xFF,0xC0,0x1F,
  0x00,0x00,0x07,0xFF,0x80,0x3E,0xFF,0xF8,0x07,0xC0,0x00,0x01,0xFF,0xE0,0x1F,0x9F,0xFE,0x03,0xF0,0x00,0x00,0x7F,0xFC,0x07,
  0xC7,0xFF,0x80,0xF8,0x00,0x00,0x0F,0xFF,0x01,0xF1,0xFF,0xF0,0x3E,0x00,0x00,0x03,0xFF,0xC0,0xFC,0x3F,0xFC,0x1F,0x80,0x00,
  0x00,0xFF,0xF8,0x3E,0x0F,0xFF,0x87,0xC0,0x00,0x00,0x1F,0xFE,0x1F,0x81,0xFF,0xE1,0xF0,0x00,0x00,0x07,0xFF,0xC7,0xC0,0x7F,
  0xF8,0x7C,0x00,0x00,0x01,0xFF,0xF1,0xF0,0x1F,0xFF,0x3E,0x00,0x00,0x00,0x3F,0xFC,0xFC,0x03,0xFF,0xCF,0x80,0x00,0x00,0x0F,
  0xFF,0xBE,0x00,0xFF,0xFB,0xE0,0x00,0x00,0x03,0xFF,0xFF,0x80,0x1F,0xFF,0xF8,0x00,0x00,0x00,0x7F,0xFF,0xC0,0x07,0xFF,0xFC,
  0x00,0x00,0x00,0x1F,0xFF,0xF0,0x01,0xFF,0xFF,0x00,0x00,0x00,0x07,0xFF,0xFC,0x00,0x3F,0xFF,0xC0,0x00,0x00,0x00,0xFF,0xFE,
  0x00,0x0F,0xFF,0xE0,0x00,0x00,0x00,0x3F,0xFF,0x80,0x01,0xFF,0xF8,0x00,0x00,0x00,0x0F,0xFF,0xC0,0x00,0x7F,0xFE,0x00,0x00,
  0x00,0x01,0xFF,0xF0,0x00,0x1F,0xFF,0x00,0x00,0x00,0x00,0x7F,0xFC,0x00,0x03,0xFF,0xC0,0x00,0x00,0x00,0x0F,0xFE,0x00,0x00,
  0xFF,0xF0,0x00,0x00,0x00,0x03,0xFF,0x80,0x00,0x1F,0xF8,0x00,0x00,0x00,0x00,0xFF,0xE0,0x00,0x07,0xFE,0x00,0x00,0x00,0x00,
  0x1F,0xF0,0x00,0x01,0xFF,0x80,0x00,0x00,0x00,0x07,0xFC,0x00,0x00,0x3F,0xC0,0x00,0x00,0x00,0x01,0xFE,0x00,0x00,0x0F,0xF0,
  0x00,0x00,0x00,0x00,0x3F,0x80,0x00,0x01,0xFC,0x00,0x00,0x00,0x00,0x0F,0xE0,0x00,0x00,0x7F,0x00,0x00,0x00,0x00,0x03,0xF0,
  0x00,0x00,0x1F,0x80,0x00,0x00,0x00,0x00,0x7C,0x00,0x00,0x03,0xE0,0x00,0x00,0x3F,0xFF,0xFF,0xC0,0x7F,0xFF,0xC1,0xFF,0xFF,
  0xFE,0x03,0xFF,0xFE,0x0F,0xFF,0xFF,0xF0,0x1F,0xFF,0xF0,0x07,0xFF,0xF8,0x00,0x07,0xF8,0x00,0x0F,0xFF,0x80,0x00,0x1F,0x00,
  0x00,0x3F,0xFC,0x00,0x01,0xF0,0x00,0x01,0xFF,0xF0,0x00,0x1F,0x00,0x00,0x07,0xFF,0x80,0x01,0xF8,0x00,0x00,0x1F,0xFE,0x00,
  0x1F,0x80,0x00,0x00,0xFF,0xF8,0x00,0xF8,0x00,0x00,0x03,0xFF,0xC0,0x0F,0x80,0x00,0x00,0x0F,0xFF,0x00,0xFC,0x00,0x00,0x00,
  0x7F,0xFC,0x0F,0xC0,0x00,0x00,0x01,0xFF,0xE0,0xFC,0x00,0x00,0x00,0x07,0xFF,0x87,0xC0,0x00,0x00,0x00,0x3F,0xFE,0x7C,0x00,
  0x00,0x00,0x00,0xFF,0xF7,0xE0,0x00,0x00,0x00,0x07,0xFF,0xFE,0x00,0x00,0x00,0x00,0x1F,0xFF,0xE0,0x00,0x00,0x00,0x00,0x7F,
  0xFE,0x00,0x00,0x00,0x00,0x03,0xFF,0xE0,0x00,0x00,0x00,0x00,0x0F,0xFF,0x00,0x00,0x00,0x00,0x00,0x3F,0xFC,0x00,0x00,0x00,
  0x00,0x01,0xFF,0xF0,0x00,0x00,0x00,0x00,0x07,0xFF,0x80,0x00,0x00,0x00,0x00,0x1F,0xFE,0x00,0x00,0x00,0x00,0x01,0xFF,0xF8,
  0x00,0x00,0x00,0x00,0x0F,0xFF,0xC0,0x00,0x00,0x00,0x00,0xFF,0xFF,0x00,0x00,0x00,0x00,0x0F,0xFF,0xFC,0x00,0x00,0x00,0x00,
  0xFD,0xFF,0xE0,0x00,0x00,0x00,0x0F,0xCF,0xFF,0x80,0x00,0x00,0x00,0x7C,0x3F,0xFE,0x00,0x00,0x00,0x07,0xC0,0xFF,0xF0,0x00,
  0x00,0x00,0x7E,0x07,0xFF,0xC0,0x00,0x00,0x07,0xE0,0x1F,0xFE,0x00,0x00,0x00,0x7E,0x00,0x7F,0xF8,0x00,0x00,0x03,0xE0,0x03,
  0xFF,0xE0,0x00,0x00,0x3E,0x00,0x0F,0xFF,0x00,0x00,0x03,0xF0,0x00,0x3F,0xFC,0x00,0x00,0x3F,0x00,0x01,0xFF,0xF0,0x00,0x01,
  0xF0,0x00,0x07,0xFF,0x80,0x00,0x1F,0x00,0x00,0x1F,0xFE,0x00,0x01,0xF0,0x00,0x00,0xFF,0xF8,0x00,0x1F,0x80,0x00,0x03,0xFF,
  0xC0,0x01,0xF8,0x00,0x00,0x0F,0xFF,0x00,0x3F,0xE0,0x00,0x01,0xFF,0xFE,0x1F,0xFF,0xF0,0x00,0xFF,0xFF,0xFF,0xFF,0xFF,0x80,
  0x07,0xFF,0xFF,0xFF,0xFF,0xFC,0x00,0x3F,0xFF,0xFF,0xC0,0xFF,0xFF,0xFF,0xC0,0x1F,0xFF,0xFF,0xFF,0xFF,0xFE,0x00,0xFF,0xFF,
  0xFF,0xFF,0xFF,0xF0,0x03,0xFF,0xFC,0x0F,0xFF,0xF0,0x00,0x01,0xFE,0x00,0x3F,0xFF,0x00,0x00,0x07,0xE0,0x00,0xFF,0xF8,0x00,
  0x00,0x3E,0x00,0x07,0xFF,0xE0,0x00,0x03,0xF0,0x00,0x1F,0xFF,0x00,0x00,0x1F,0x00,0x00,0x7F,0xFC,0x00,0x01,0xF8,0x00,0x03,
  0xFF,0xE0,0x00,0x1F,0x80,0x00,0x0F,0xFF,0x80,0x00,0xFC,0x00,0x00,0x7F,0xFE,0x00,0x0F,0xC0,0x00,0x01,0xFF,0xF0,0x00,0x7C,
  0x00,0x00,0x0F,0xFF,0xC0,0x07,0xE0,0x00,0x00,0x3F,0xFE,0x00,0x3E,0x00,0x00,0x00,0xFF,0xF8,0x03,0xF0,0x00,0x00,0x07,0xFF,
  0xC0,0x1F,0x00,0x00,0x00,0x1F,0xFF,0x01,0xF8,0x00,0x00,0x00,0xFF,0xF8,0x0F,0x80,0x00,0x00,0x03,0xFF,0xE0,0xFC,0x00,0x00,
  0x00,0x1F,0xFF,0x07,0xC0,0x00,0x00,0x00,0x7F,0xFC,0x7E,0x00,0x00,0x00,0x03,0xFF,0xF3,0xE0,0x00,0x00,0x00,0x0F,0xFF,0xBF,
  0x00,0x00,0x00,0x00,0x3F,0xFF,0xF0,0x00,0x00,0x00,0x01,0xFF,0xFF,0x00,0x00,0x00,0x00,0x07,0xFF,0xF8,0x00,0x00,0x00,0x00,
  0x3F,0xFF,0x80,0x00,0x00,0x00,0x00,0xFF,0xFC,0x00,0x00,0x00,0x00,0x07,0xFF,0xC0,0x00,0x00,0x00,0x00,0x1F,0xFE,0x00,0x00,
  0x00,0x00,0x00,0xFF,0xF0,0x00,0x00,0x00,0x00,0x07,0xFF,0x80,0x00,0x00,0x00,0x00,0x3F,0xFC,0x00,0x00,0x00,0x00,0x01,0xFF,
  0xE0,0x00,0x00,0x00,0x00,0x0F,0xFF,0x00,0x00,0x00,0x00,0x00,0x7F,0xF8,0x00,0x00,0x00,0x00,0x03,0xFF,0xC0,0x00,0x00,0x00,
  0x00,0x1F,0xFE,0x00,0x00,0x00,0x00,0x00,0xFF,0xF0,0x00,0x00,0x00,0x00,0x07,0xFF,0x80,0x00,0x00,0x00,0x00,0x3F,0xFC,0x00,
  0x00,0x00,0x00,0x01,0xFF,0xE0,0x00,0x00,0x00,0x00,0x0F,0xFF,0x00,0x00,0x00,0x00,0x00,0x7F,0xF8,0x00,0x00,0x00,0x00,0x03,
  0xFF,0xC0,0x00,0x00,0x00,0x00,0x7F,0xFF,0x80,0x00,0x00,0x00,0xFF,0xFF,0xFF,0xF0,0x00,0x00,0x07,0xFF,0xFF,0xFF,0x80,0x00,
  0x00,0x3F,0xFF,0xFF,0xFC,0x00,0x00,0x3F,0xFF,0xFF,0xFF,0xFF,0x07,0xFF,0xFF,0xFF,0xFF,0xE0,0xFF,0xFF,0xFF,0xFF,0xFC,0x1F,
  0xFF,0xFF,0xFF,0xFF,0x83,0xF0,0x00,0x01,0xFF,0xF0,0x78,0x00,0x00,0x7F,0xFC,0x0F,0x00,0x00,0x1F,0xFF,0x81,0xE0,0x00,0x03,
  0xFF,0xE0,0x3C,0x00,0x00,0xFF,0xF8,0x07,0x80,0x00,0x3F,0xFF,0x00,0xF0,0x00,0x07,0xFF,0xC0,0x1C,0x00,0x01,0xFF,0xF0,0x03,
  0x80,0x00,0x7F,0xFE,0x00,0x00,0x00,0x0F,0xFF,0x80,0x00,0x00,0x03,0xFF,0xF0,0x00,0x00,0x00,0xFF,0xFC,0x00,0x00,0x00,0x1F,
  0xFF,0x00,0x00,0x00,0x07,0xFF,0xE0,0x00,0x00,0x00,0xFF,0xF8,0x00,0x00,0x00,0x3F,0xFE,0x00,0x00,0x00,0x0F,0xFF,0xC0,0x00,
  0x00,0x01,0xFF,0xF0,0x00,0x00,0x00,0x7F,0xFC,0x00,0x00,0x00,0x1F,0xFF,0x80,0x00,0x00,0x03,0xFF,0xE0,0x00,0x00,0x00,0xFF,
  0xF8,0x00,0x00,0x00,0x3F,0xFF,0x00,0x00,0x00,0x07,0xFF,0xC0,0x00,0x00,0x01,0xFF,0xF0,0x00,0x00,0x00,0x7F,0xFE,0x00,0x00,
  0x00,0x0F,0xFF,0x80,0x00,0x00,0x03,0xFF,0xE0,0x00,0x00,0x00,0xFF,0xFC,0x00,0x00,0x00,0x1F,0xFF,0x00,0x00,0x00,0x07,0xFF,
  0xC0,0x00,0x00,0x01,0xFF,0xF8,0x00,0x00,0x70,0x3F,0xFE,0x00,0x00,0x1E,0x0F,0xFF,0x80,0x00,0x03,0xC3,0xFF,0xF0,0x00,0x00,
  0x78,0x7F,0xFC,0x00,0x00,0x1F,0x1F,0xFF,0x00,0x00,0x03,0xE7,0xFF,0xE0,0x00,0x00,0x78,0xFF,0xF8,0x00,0x00,0x0F,0x3F,0xFE,
  0x00,0x00,0x01,0xEF,0xFF,0xC0,0x00,0x00,0x7D,0xFF,0xF0,0x00,0x00,0xFF,0xBF,0xFF,0xFF,0xFF,0xFF,0xF7,0xFF,0xFF,0xFF,0xFF,
  0xFE,0xFF,0xFF,0xFF,0xFF,0xFF,0xDF,0xFF,0xFF,0xFF,0xFF,0xF8,0xFF,0xFF,0xFF,0xFF,0xFF,0xFF,0xDF,0xFE,0x0F,0xF8,0x07,0xFC,
  0x03,0xFE,0x01,0xFF,0x00,0xFF,0x80,0x7F,0xC0,0x3F,0xE0,0x1F,0xF0,0x0F,0xF8,0x07,0xFC,0x03,0xFE,0x01,0xFF,0x00,0xFF,0x80,
  0x7F,0xC0,0x3F,0xE0,0x1F,0xF0,0x0F,0xF8,0x07,0xFC,0x03,0xFE,0x01,0xFF,0x00,0xFF,0x80,0x7F,0xC0,0x3F,0xE0,0x1F,0xF0,0x0F,
  0xF8,0x07,0xFC,0x03,0xFE,0x01,0xFF,0x00,0xFF,0x80,0x7F,0xC0,0x3F,0xE0,0x1F,0xF0,0x0F,0xF8,0x07,0xFC,0x03,0xFE,0x01,0xFF,
  0x00,0xFF,0x80,0x7F,0xC0,0x3F,0xE0,0x1F,0xF0,0x0F,0xF8,0x07,0xFC,0x03,0xFE,0x01,0xFF,0x00,0xFF,0x80,0x7F,0xC0,0x3F,0xE0,
  0x1F,0xF0,0x0F,0xF8,0x07,0xFC,0x03,0xFE,0x01,0xFF,0x00,0xFF,0x80,0x7F,0xC0,0x3F,0xE0,0x1F,0xFE,0x0F,0xFF,0xF7,0xFF,0xFF,
  0xFF,0xFE,0xFC,0x00,0x00,0xF8,0x00,0x01,0xF0,0x00,0x03,0xF0,0x00,0x03,0xE0,0x00,0x07,0xC0,0x00,0x0F,0xC0,0x00,0x0F,0x80,
  0x00,0x1F,0x00,0x00,0x3F,0x00,0x00,0x3E,0x00,0x00,0x7C,0x00,0x00,0xFC,0x00,0x00,0xF8,0x00,0x01,0xF0,0x00,0x03,0xF0,0x00,
  0x03,0xE0,0x00,0x07,0xC0,0x00,0x0F,0xC0,0x00,0x0F,0x80,0x00,0x1F,0x00,0x00,0x3F,0x00,0x00,0x3E,0x00,0x00,0x7C,0x00,0x00,
  0xFC,0x00,0x00,0xF8,0x00,0x01,0xF0,0x00,0x03,0xF0,0x00,0x03,0xE0,0x00,0x07,0xC0,0x00,0x0F,0xC0,0x00,0x0F,0x80,0x00,0x1F,
  0x00,0x00,0x3F,0x00,0x00,0x3E,0x00,0x00,0x7C,0x00,0x00,0xFC,0x00,0x00,0xF8,0x00,0x01,0xF0,0x00,0x03,0xF0,0x00,0x03,0xE0,
  0x00,0x07,0xC0,0x00,0x0F,0xC0,0x00,0x0F,0x80,0x00,0x1F,0x00,0x00,0x3F,0x00,0x00,0x3E,0x00,0x00,0x7C,0x00,0x00,0xFC,0x00,
  0x00,0xF8,0x00,0x01,0xF0,0x00,0x03,0xF0,0xFF,0xFF,0xFF,0xFF,0xFF,0xFF,0xE1,0xFF,0xF0,0x1F,0xF8,0x0F,0xFC,0x07,0xFE,0x03,
  0xFF,0x01,0xFF,0x80,0xFF,0xC0,0x7F,0xE0,0x3F,0xF0,0x1F,0xF8,0x0F,0xFC,0x07,0xFE,0x03,0xFF,0x01,0xFF,0x80,0xFF,0xC0,0x7F,
  0xE0,0x3F,0xF0,0x1F,0xF8,0x0F,0xFC,0x07,0xFE,0x03,0xFF,0x01,0xFF,0x80,0xFF,0xC0,0x7F,0xE0,0x3F,0xF0,0x1F,0xF8,0x0F,0xFC,
  0x07,0xFE,0x03,0xFF,0x01,0xFF,0x80,0xFF,0xC0,0x7F,0xE0,0x3F,0xF0,0x1F,0xF8,0x0F,0xFC,0x07,0xFE,0x03,0xFF,0x01,0xFF,0x80,
  0xFF,0xC0,0x7F,0xE0,0x3F,0xF0,0x1F,0xF8,0x0F,0xFC,0x07,0xFE,0x03,0xFF,0x01,0xFF,0x80,0xFF,0xC0,0x7F,0xE0,0x3F,0xF0,0x1F,
  0xF8,0x0F,0xFC,0x07,0xFE,0x03,0xFF,0x01,0xFF,0x80,0xFF,0xC0,0x7F,0xE1,0xFF,0xFF,0xFF,0xFF,0xFF,0xFF,0xFF,0xFE,0x00,0x01,
  0xE0,0x00,0x00,0x00,0x78,0x00,0x00,0x00,0x3F,0x00,0x00,0x00,0x0F,0xC0,0x00,0x00,0x07,0xF8,0x00,0x00,0x01,0xFE,0x00,0x00,
  0x00,0xFF,0xC0,0x00,0x00,0x3F,0xF0,0x00,0x00,0x0F,0xBE,0x00,0x00,0x07,0xCF,0x80,0x00,0x01,0xF3,0xE0,0x00,0x00,0xF8,0x7C,
  0x00,0x00,0x3E,0x1F,0x00,0x00,0x1F,0x03,0xE0,0x00,0x07,0xC0,0xF8,0x00,0x03,0xF0,0x1F,0x00,0x00,0xF8,0x07,0xC0,0x00,0x3E,
  0x01,0xF8,0x00,0x1F,0x00,0x3E,0x00,0x07,0xC0,0x0F,0x80,0x03,0xE0,0x01,0xF0,0x00,0xF8,0x00,0x7C,0x00,0x7E,0x00,0x0F,0x80,
  0x1F,0x00,0x03,0xE0,0x07,0xC0,0x00,0xFC,0x03,0xE0,0x00,0x1F,0x00,0xF8,0x00,0x07,0xE0,0x7E,0x00,0x00,0xF8,0x1F,0x00,0x00,
  0x3E,0x0F,0xC0,0x00,0x07,0xC3,0xE0,0x00,0x01,0xF1,0xF8,0x00,0x00,0x7E,0x7C,0x00,0x00,0x0F,0x9F,0x00,0x00,0x03,0xFF,0xC0,
  0x00,0x00,0x7F,0xE0,0x00,0x00,0x1F,0xFF,0xFF,0xFF,0xFF,0xFF,0xFF,0xFF,0xFF,0xFF,0xFF,0xFF,0xFF,0xFF,0xFF,0xFF,0xFF,0xFF,
  0xFF,0xFF,0xFF,0xFF,0xFF,0xFF,0xFF,0xFF,0xFF,0xE0,0x7F,0xF8,0x0F,0xFC,0x03,0xFF,0x00,0x7F,0xC0,0x1F,0xE0,0x07,0xF8,0x00,
  0xFE,0x00,0x3F,0x00,0x07,0xC0,0x01,0xE0,0x00,0x3F,0xFF,0x00,0x00,0xFF,0xFF,0xFC,0x00,0x1F,0xFF,0xFF,0xC0,0x03,0xFF,0xFF,
  0xFC,0x00,0x7E,0x01,0xFF,0xC0,0x0F,0x00,0x1F,0xFC,0x01,0xC0,0x03,0xFF,0x80,0x38,0x00,0x7F,0xF0,0x07,0x00,0x0F,0xFE,0x00,
  0xC0,0x00,0xFF,0xC0,0x00,0x00,0x1F,0xF8,0x00,0x00,0x03,0xFF,0x00,0x00,0x00,0x7F,0xE0,0x00,0x00,0x0F,0xFC,0x00,0x00,0x01,
  0xFF,0x80,0x01,0xFF,0xFF,0xF0,0x03,0xFF,0xFF,0xFE,0x01,0xFF,0xFF,0xFF,0xC0,0x7F,0xFE,0x3F,0xF8,0x1F,0xFE,0x03,0xFF,0x03,
  0xFF,0x80,0x7F,0xE0,0xFF,0xE0,0x0F,0xFC,0x1F,0xFC,0x01,0xFF,0x83,0xFF,0x00,0x3F,0xF0,0xFF,0xE0,0x07,0xFE,0x1F,0xFC,0x00,
  0xFF,0xC3,0xFF,0x80,0x1F,0xF8,0x7F,0xF0,0x03,0xFF,0x07,0xFE,0x00,0x7F,0xE0,0xFF,0xE0,0x0F,0xFC,0x1F,0xFC,0x01,0xFF,0x83,
  0xFF,0xC0,0x7F,0xF0,0x3F,0xFF,0xFF,0xFF,0x07,0xFF,0xFF,0xFF,0xFC,0x7F,0xFF,0xDF,0xFF,0x83,0xFF,0xE1,0xFF,0xF0,0x1F,0xE0,
  0x00,0x00,0xFF,0xFC,0x00,0x00,0x03,0xFF,0xF0,0x00,0x00,0x0F,0xFF,0xC0,0x00,0x00,0x07,0xFF,0x00,0x00,0x00,0x1F,0xFC,0x00,
  0x00,0x00,0x7F,0xF0,0x00,0x00,0x01,0xFF,0xC0,0x00,0x00,0x07,0xFF,0x00,0x00,0x00,0x1F,0xFC,0x00,0x00,0x00,0x7F,0xF0,0x00,
  0x00,0x01,0xFF,0xC0,0x00,0x00,0x07,0xFF,0x00,0x00,0x00,0x1F,0xFC,0x00,0x00,0x00,0x7F,0xF0,0x00,0x00,0x01,0xFF,0xC0,0x00,
  0x00,0x07,0xFF,0x00,0x00,0x00,0x1F,0xFC,0x00,0x00,0x00,0x7F,0xF0,0x7F,0xE0,0x01,0xFF,0xCF,0xFF,0xE0,0x07,0xFF,0xFF,0xFF,
  0xE0,0x1F,0xFF,0xFF,0xFF,0xC0,0x7F,0xFE,0x0F,0xFF,0x81,0xFF,0xC0,0x0F,0xFF,0x07,0xFF,0x00,0x1F,0xFC,0x1F,0xFC,0x00,0x3F,
  0xF8,0x7F,0xF0,0x00,0xFF,0xE1,0xFF,0xC0,0x03,0xFF,0x87,0xFF,0x00,0x07,0xFF,0x1F,0xFC,0x00,0x1F,0xFC,0x7F,0xF0,0x00,0x7F,
  0xF1,0xFF,0xC0,0x01,0xFF,0xC7,0xFF,0x00,0x07,0xFF,0x1F,0xFC,0x00,0x1F,0xFC,0x7F,0xF0,0x00,0x7F,0xF1,0xFF,0xC0,0x01,0xFF,
  0xC7,0xFF,0x00,0x07,0xFF,0x1F,0xFC,0x00,0x1F,0xFC,0x7F,0xF0,0x00,0x7F,0xF1,0xFF,0xC0,0x01,0xFF,0xC7,0xFF,0x00,0x07,0xFF,
  0x1F,0xFC,0x00,0x1F,0xFC,0x7F,0xF0,0x00,0x7F,0xE1,0xFF,0xC0,0x01,0xFF,0x87,0xFF,0x00,0x0F,0xFE,0x1F,0xFC,0x00,0x3F,0xF0,
  0x7F,0xF0,0x00,0xFF,0xC1,0xFF,0xC0,0x07,0xFE,0x07,0xFF,0x00,0x1F,0xF8,0x1F,0xFC,0x00,0xFF,0xC0,0x7F,0xF8,0x0F,0xFE,0x01,
  0xFF,0xFF,0xFF,0xF0,0x03,0xFF,0xFF,0xFF,0x80,0x00,0xFF,0xFF,0xF8,0x00,0x00,0x0F,0xFF,0x00,0x00,0x00,0x0F,0xFF,0x00,0x03,
  0xFF,0xFF,0x80,0x7F,0xFF,0xFC,0x07,0xFF,0xFF,0xE0,0x7F,0xF0,0x3F,0x07,0xFE,0x00,0x78,0x7F,0xE0,0x03,0xC7,0xFF,0x00,0x1E,
  0x3F,0xF0,0x00,0x73,0xFF,0x80,0x03,0x9F,0xF8,0x00,0x1D,0xFF,0xC0,0x00,0x6F,0xFE,0x00,0x00,0x7F,0xF0,0x00,0x03,0xFF,0x80,
  0x00,0x1F,0xFC,0x00,0x00,0xFF,0xE0,0x00,0x07,0xFE,0x00,0x00,0x3F,0xF0,0x00,0x01,0xFF,0x80,0x00,0x0F,0xFE,0x00,0x00,0x7F,
  0xF0,0x00,0x03,0xFF,0x80,0x00,0x1F,0xFC,0x00,0x00,0xFF,0xE0,0x00,0x07,0xFF,0x00,0x00,0x1F,0xF8,0x00,0x00,0xFF,0xE0,0x00,
  0x07,0xFF,0x00,0x00,0x1F,0xFC,0x00,0x00,0x7F,0xF0,0x00,0x03,0xFF,0xE0,0x01,0x0F,0xFF,0xFF,0xF8,0x3F,0xFF,0xFF,0xC0,0x7F,
  0xFF,0xFC,0x00,0xFF,0xFF,0xC0,0x00,0xFF,0xE0,0x00,0x00,0x00,0x0F,0xFF,0xE0,0x00,0x00,0x3F,0xFF,0x80,0x00,0x00,0x7F,0xFE,
  0x00,0x00,0x00,0x3F,0xF8,0x00,0x00,0x00,0xFF,0xE0,0x00,0x00,0x03,0xFF,0x80,0x00,0x00,0x0F,0xFE,0x00,0x00,0x00,0x3F,0xF8,
  0x00,0x00,0x00,0xFF,0xE0,0x00,0x00,0x03,0xFF,0x80,0x00,0x00,0x0F,0xFE,0x00,0x00,0x00,0x3F,0xF8,0x00,0x00,0x00,0xFF,0xE0,
  0x00,0x00,0x03,0xFF,0x80,0x00,0x00,0x0F,0xFE,0x00,0x00,0x00,0x3F,0xF8,0x00,0x00,0x00,0xFF,0xE0,0x00,0x7F,0xF3,0xFF,0x80,
  0x0F,0xFF,0xFF,0xFE,0x00,0x7F,0xFF,0xFF,0xF8,0x07,0xFF,0xFF,0xFF,0xE0,0x3F,0xFC,0x07,0xFF,0x80,0xFF,0xC0,0x0F,0xFE,0x07,
  0xFF,0x00,0x3F,0xF8,0x3F,0xF8,0x00,0xFF,0xE0,0xFF,0xC0,0x03,0xFF,0x87,0xFF,0x00,0x0F,0xFE,0x1F,0xFC,0x00,0x3F,0xF8,0x7F,
  0xF0,0x00,0xFF,0xE1,0xFF,0x80,0x03,0xFF,0x8F,0xFE,0x00,0x0F,0xFE,0x3F,0xF8,0x00,0x3F,0xF8,0xFF,0xE0,0x00,0xFF,0xE3,0xFF,
  0x80,0x03,0xFF,0x8F,0xFE,0x00,0x0F,0xFE,0x3F,0xF8,0x00,0x3F,0xF8,0xFF,0xE0,0x00,0xFF,0xE3,0xFF,0x80,0x03,0xFF,0x8F,0xFE,
  0x00,0x0F,0xFE,0x3F,0xF8,0x00,0x3F,0xF8,0xFF,0xE0,0x00,0xFF,0xE3,0xFF,0x80,0x03,0xFF,0x87,0xFF,0x00,0x0F,0xFE,0x1F,0xFC,
  0x00,0x3F,0xF8,0x7F,0xF0,0x00,0xFF,0xE0,0xFF,0xE0,0x03,0xFF,0x83,0xFF,0x80,0x0F,0xFE,0x0F,0xFF,0x00,0x3F,0xF8,0x1F,0xFC,
  0x01,0xFF,0xE0,0x3F,0xFC,0x3F,0xFF,0x80,0x7F,0xFF,0xFF,0xFF,0xC0,0xFF,0xFF,0xFF,0xFF,0x00,0xFF,0xFC,0x7F,0xFC,0x00,0xFF,
  0xC0,0x00,0x00,0x00,0x3F,0xF0,0x00,0x0F,0xFF,0xF0,0x00,0xFF,0xFF,0xC0,0x1F,0xFF,0xFF,0x00,0xFF,0x87,0xFC,0x0F,0xF8,0x3F,
  0xF0,0xFF,0xC0,0xFF,0x87,0xFC,0x07,0xFE,0x7F,0xE0,0x3F,0xF3,0xFF,0x01,0xFF,0xBF,0xF8,0x0F,0xFD,0xFF,0xC0,0x7F,0xFF,0xFE,
  0x03,0xFF,0xFF,0xF0,0x0F,0xFF,0xFF,0x80,0x7F,0xFF,0xFF,0xFF,0xFF,0xFF,0xFF,0xFF,0xFF,0xFF,0xFF,0xFF,0xFF,0xFF,0xFF,0xFF,
  0xFF,0xC0,0x00,0x0F,0xFE,0x00,0x00,0x7F,0xF0,0x00,0x03,0xFF,0x80,0x00,0x1F,0xFC,0x00,0x00,0xFF,0xE0,0x00,0x07,0xFF,0x00,
  0x00,0x1F,0xF8,0x00,0x00,0xFF,0xC0,0x00,0x07,0xFF,0x00,0x00,0x1F,0xFC,0x00,0x00,0xFF,0xF0,0x00,0x03,0xFF,0xC0,0x02,0x0F,
  0xFF,0xFF,0xF0,0x3F,0xFF,0xFF,0x80,0xFF,0xFF,0xF8,0x01,0xFF,0xFF,0x00,0x01,0xFF,0x80,0x00,0x00,0x01,0xFF,0x80,0x01,0xFF,
  0xF0,0x01,0xFF,0xFC,0x00,0xFF,0xFF,0x00,0x7F,0xE3,0xC0,0x3F,0xF0,0x70,0x0F,0xFC,0x1C,0x07,0xFE,0x07,0x01,0xFF,0x81,0xC0,
  0xFF,0xE0,0x00,0x3F,0xF8,0x00,0x0F,0xFE,0x00,0x03,0xFF,0x80,0x00,0xFF,0xE0,0x00,0x3F,0xF8,0x00,0x0F,0xFE,0x00,0x03,0xFF,
  0x80,0x00,0xFF,0xE0,0x00,0x3F,0xF8,0x00,0x7F,0xFF,0xFC,0x7F,0xFF,0xFF,0x3F,0xFF,0xFF,0xC7,0xFF,0xFF,0xF0,0x0F,0xFE,0x00,
  0x03,0xFF,0x80,0x00,0xFF,0xE0,0x00,0x3F,0xF8,0x00,0x0F,0xFE,0x00,0x03,0xFF,0x80,0x00,0xFF,0xE0,0x00,0x3F,0xF8,0x00,0x0F,
  0xFE,0x00,0x03,0xFF,0x80,0x00,0xFF,0xE0,0x00,0x3F,0xF8,0x00,0x0F,0xFE,0x00,0x03,0xFF,0x80,0x00,0xFF,0xE0,0x00,0x3F,0xF8,
  0x00,0x0F,0xFE,0x00,0x03,0xFF,0x80,0x00,0xFF,0xE0,0x00,0x3F,0xF8,0x00,0x0F,0xFE,0x00,0x03,0xFF,0x80,0x00,0xFF,0xE0,0x00,
  0x3F,0xF8,0x00,0x0F,0xFE,0x00,0x03,0xFF,0x80,0x00,0xFF,0xE0,0x00,0x3F,0xF8,0x00,0xFF,0xFF,0xF0,0x3F,0xFF,0xFC,0x0F,0xFF,
  0xFF,0x00,0x00,0x00,0x00,0x01,0x80,0x00,0x00,0x00,0xF8,0x00,0x00,0x00,0x7E,0x00,0x0F,0xFF,0x3F,0xC0,0x0F,0xFF,0xFF,0xF0,
  0x07,0xFF,0xFF,0xFC,0x03,0xFF,0xFF,0xFF,0x00,0xFF,0xE0,0xFF,0xE0,0x1F,0xF8,0x0F,0xFE,0x07,0xFE,0x00,0xFF,0xC0,0xFF,0xC0,
  0x1F,0xF8,0x3F,0xF8,0x03,0xFF,0x87,0xFF,0x00,0x7F,0xF0,0xFF,0xE0,0x0F,0xFE,0x1F,0xFC,0x01,0xFF,0xC3,0xFF,0x80,0x3F,0xF8,
  0x7F,0xF0,0x07,0xFF,0x0F,0xFE,0x00,0xFF,0xE1,0xFF,0xC0,0x1F,0xFC,0x1F,0xF8,0x03,0xFF,0x03,0xFF,0x00,0x7F,0xE0,0x7F,0xF0,
  0x1F,0xF8,0x07,0xFF,0x07,0xFE,0x00,0x7F,0xFF,0xFF,0x80,0x07,0xFF,0xFF,0xE0,0x00,0x3F,0xFF,0xF0,0x00,0x07,0xFF,0xF0,0x00,
  0x01,0xF0,0x00,0x00,0x00,0x7C,0x00,0x00,0x00,0x1F,0x80,0x00,0x00,0x07,0xF0,0x00,0x00,0x00,0xFF,0x00,0x00,0x00,0x3F,0xF0,
  0x00,0x00,0x0F,0xFF,0xFF,0xFE,0x01,0xFF,0xFF,0xFF,0xF8,0x1F,0xFF,0xFF,0xFF,0x83,0xFF,0xFF,0xFF,0xF8,0x3F,0xFF,0xFF,0xFF,
  0x87,0xFF,0xFF,0xFF,0xF0,0x7F,0xFF,0xFF,0xFF,0x03,0xFF,0xFF,0xFF,0xE0,0xFF,0xFF,0xFF,0xFC,0x3F,0x00,0x01,0xFF,0x9F,0xC0,
  0x00,0x0F,0xF7,0xF0,0x00,0x01,0xFE,0xFE,0x00,0x00,0x3F,0xFF,0xC0,0x00,0x07,0xFF,0xF8,0x00,0x00,0xFE,0xFF,0x00,0x00,0x3F,
  0xDF,0xE0,0x00,0x0F,0xF1,0xFE,0x00,0x07,0xFC,0x3F,0xF8,0x07,0xFF,0x83,0xFF,0xFF,0xFF,0xC0,0x3F,0xFF,0xFF,0xF0,0x00,0xFF,
  0xFF,0xF0,0x00,0x03,0xFF,0xF0,0x00,0xFF,0xFC,0x00,0x00,0x01,0xFF,0xF8,0x00,0x00,0x03,0xFF,0xF0,0x00,0x00,0x00,0xFF,0xE0,
  0x00,0x00,0x01,0xFF,0xC0,0x00,0x00,0x03,0xFF,0x80,0x00,0x00,0x07,0xFF,0x00,0x00,0x00,0x0F,0xFE,0x00,0x00,0x00,0x1F,0xFC,
  0x00,0x00,0x00,0x3F,0xF8,0x00,0x00,0x00,0x7F,0xF0,0x00,0x00,0x00,0xFF,0xE0,0x00,0x00,0x01,0xFF,0xC0,0x00,0x00,0x03,0xFF,
  0x80,0x00,0x00,0x07,0xFF,0x00,0x00,0x00,0x0F,0xFE,0x00,0x00,0x00,0x1F,0xFC,0x00,0x00,0x00,0x3F,0xF8,0x07,0xF8,0x00,0x7F,
  0xF0,0x7F,0xFC,0x00,0xFF,0xE3,0xFF,0xFC,0x01,0xFF,0xDF,0xFF,0xFC,0x03,0xFF,0xFF,0xFF,0xFC,0x07,0xFF,0xE0,0xFF,0xF8,0x0F,
  0xFE,0x00,0xFF,0xF0,0x1F,0xFC,0x00,0xFF,0xE0,0x3F,0xF8,0x01,0xFF,0xE0,0x7F,0xF0,0x01,0xFF,0xC0,0xFF,0xE0,0x03,0xFF,0x81,
  0xFF,0xC0,0x07,0xFF,0x03,0xFF,0x80,0x0F,0xFE,0x07,0xFF,0x00,0x1F,0xFC,0x0F,0xFE,0x00,0x3F,0xF8,0x1F,0xFC,0x00,0x7F,0xF0,
  0x3F,0xF8,0x00,0xFF,0xE0,0x7F,0xF0,0x01,0xFF,0xC0,0xFF,0xE0,0x03,0xFF,0x81,0xFF,0xC0,0x07,0xFF,0x03,0xFF,0x80,0x0F,0xFE,
  0x07,0xFF,0x00,0x1F,0xFC,0x0F,0xFE,0x00,0x3F,0xF8,0x1F,0xFC,0x00,0x7F,0xF0,0x3F,0xF8,0x00,0xFF,0xE0,0x7F,0xF0,0x01,0xFF,
  0xC0,0xFF,0xE0,0x03,0xFF,0x81,0xFF,0xC0,0x07,0xFF,0x03,0xFF,0x80,0x0F,0xFE,0x07,0xFF,0x00,0x1F,0xFC,0x0F,0xFE,0x00,0x3F,
  0xF8,0x1F,0xFC,0x00,0x7F,0xF0,0x3F,0xF8,0x00,0xFF,0xE3,0xFF,0xFE,0x0F,0xFF,0xFF,0xFF,0xFC,0x1F,0xFF,0xFF,0xFF,0xF8,0x3F,
  0xFF,0xE0,0x03,0xF0,0x03,0xFE,0x00,0xFF,0xC0,0x7F,0xF0,0x1F,0xFC,0x07,0xFF,0x81,0xFF,0xC0,0x7F,0xF0,0x0F,0xFC,0x01,0xFE,
  0x00,0x3E,0x00,0x00,0x00,0x00,0x00,0x00,0x00,0x00,0x00,0x00,0x00,0x00,0x00,0x00,0x3F,0xFF,0x0F,0xFF,0xC3,0xFF,0xF0,0x1F,
  0xFC,0x07,0xFF,0x01,0xFF,0xC0,0x7F,0xF0,0x1F,0xFC,0x07,0xFF,0x01,0xFF,0xC0,0x7F,0xF0,0x1F,0xFC,0x07,0xFF,0x01,0xFF,0xC0,
  0x7F,0xF0,0x1F,0xFC,0x07,0xFF,0x01,0xFF,0xC0,0x7F,0xF0,0x1F,0xFC,0x07,0xFF,0x01,0xFF,0xC0,0x7F,0xF0,0x1F,0xFC,0x07,0xFF,
  0x01,0xFF,0xC0,0x7F,0xF0,0x1F,0xFC,0x07,0xFF,0x01,0xFF,0xC0,0x7F,0xF0,0x1F,0xFC,0x3F,0xFF,0xFF,0xFF,0xFF,0xFF,0xFF,0x00,
  0x07,0xE0,0x00,0x3F,0xC0,0x01,0xFF,0x80,0x0F,0xFE,0x00,0x3F,0xFC,0x00,0xFF,0xF0,0x03,0xFF,0x80,0x0F,0xFE,0x00,0x1F,0xF8,
  0x00,0x3F,0xC0,0x00,0x7C,0x00,0x00,0x00,0x00,0x00,0x00,0x00,0x00,0x00,0x00,0x00,0x00,0x00,0x00,0x00,0x00,0x00,0x3F,0xFF,
  0xE0,0xFF,0xFF,0x81,0xFF,0xFE,0x00,0x7F,0xF8,0x00,0xFF,0xE0,0x03,0xFF,0x80,0x0F,0xFE,0x00,0x3F,0xF8,0x00,0xFF,0xE0,0x03,
  0xFF,0x80,0x0F,0xFE,0x00,0x3F,0xF8,0x00,0xFF,0xE0,0x03,0xFF,0x80,0x0F,0xFE,0x00,0x3F,0xF8,0x00,0xFF,0xE0,0x03,0xFF,0x80,
  0x0F,0xFE,0x00,0x3F,0xF8,0x00,0xFF,0xE0,0x03,0xFF,0x80,0x0F,0xFE,0x00,0x3F,0xF8,0x00,0xFF,0xE0,0x03,0xFF,0x80,0x0F,0xFE,
  0x00,0x3F,0xF8,0x00,0xFF,0xE0,0x03,0xFF,0x80,0x0F,0xFE,0x00,0x3F,0xF8,0x00,0xFF,0xE0,0x03,0xFF,0x80,0x0F,0xFE,0x00,0x3F,
  0xF8,0x00,0xFF,0xE0,0x03,0xFF,0x80,0x0F,0xFE,0x00,0x3F,0xF8,0x00,0xFF,0xE0,0x03,0xFF,0xB8,0x0F,0xFC,0xE0,0x3F,0xF3,0xC1,
  0xFF,0x8F,0x07,0xFE,0x3E,0x7F,0xF0,0xFF,0xFF,0x83,0xFF,0xFC,0x0F,0xFF,0xC0,0x1F,0xF8,0x00,0xFF,0xFC,0x00,0x00,0x00,0xFF,
  0xFC,0x00,0x00,0x00,0xFF,0xFC,0x00,0x00,0x00,0x1F,0xFC,0x00,0x00,0x00,0x1F,0xFC,0x00,0x00,0x00,0x1F,0xFC,0x00,0x00,0x00,
  0x1F,0xFC,0x00,0x00,0x00,0x1F,0xFC,0x00,0x00,0x00,0x1F,0xFC,0x00,0x00,0x00,0x1F,0xFC,0x00,0x00,0x00,0x1F,0xFC,0x00,0x00,
  0x00,0x1F,0xFC,0x00,0x00,0x00,0x1F,0xFC,0x00,0x00,0x00,0x1F,0xFC,0x00,0x00,0x00,0x1F,0xFC,0x00,0x00,0x00,0x1F,0xFC,0x00,
  0x00,0x00,0x1F,0xFC,0x00,0x00,0x00,0x1F,0xFC,0x00,0x00,0x00,0x1F,0xFC,0x00,0xFF,0xF8,0x1F,0xFC,0x00,0xFF,0xF8,0x1F,0xFC,
  0x00,0xFF,0xF8,0x1F,0xFC,0x00,0x1F,0x80,0x1F,0xFC,0x00,0x1F,0x00,0x1F,0xFC,0x00,0x3E,0x00,0x1F,0xFC,0x00,0x7C,0x00,0x1F,
  0xFC,0x00,0xF8,0x00,0x1F,0xFC,0x01,0xF0,0x00,0x1F,0xFC,0x03,0xF0,0x00,0x1F,0xFC,0x07,0xE0,0x00,0x1F,0xFC,0x0F,0xC0,0x00,
  0x1F,0xFC,0x1F,0x80,0x00,0x1F,0xFC,0x3F,0xC0,0x00,0x1F,0xFC,0x3F,0xE0,0x00,0x1F,0xFC,0x7F,0xE0,0x00,0x1F,0xFC,0xFF,0xF0,
  0x00,0x1F,0xFD,0xFF,0xF0,0x00,0x1F,0xFF,0xFF,0xF8,0x00,0x1F,0xFF,0xFF,0xFC,0x00,0x1F,0xFF,0x9F,0xFC,0x00,0x1F,0xFF,0x0F,
  0xFE,0x00,0x1F,0xFC,0x0F,0xFF,0x00,0x1F,0xFC,0x07,0xFF,0x00,0x1F,0xFC,0x07,0xFF,0x80,0x1F,0xFC,0x03,0xFF,0x80,0x1F,0xFC,
  0x03,0xFF,0xC0,0x1F,0xFC,0x01,0xFF,0xE0,0x1F,0xFC,0x00,0xFF,0xE0,0x1F,0xFC,0x00,0xFF,0xF0,0x1F,0xFC,0x00,0x7F,0xF0,0x1F,
  0xFC,0x00,0x7F,0xF8,0xFF,0xFF,0x80,0xFF,0xFF,0xFF,0xFF,0xC1,0xFF,0xFF,0xFF,0xFF,0xC1,0xFF,0xFF,0x7F,0xFE,0x0F,0xFF,0xC1,
  0xFF,0xF8,0x07,0xFF,0x00,0xFF,0xE0,0x1F,0xFC,0x03,0xFF,0x80,0x7F,0xF0,0x0F,0xFE,0x01,0xFF,0xC0,0x3F,0xF8,0x07,0xFF,0x00,
  0xFF,0xE0,0x1F,0xFC,0x03,0xFF,0x80,0x7F,0xF0,0x0F,0xFE,0x01,0xFF,0xC0,0x3F,0xF8,0x07,0xFF,0x00,0xFF,0xE0,0x1F,0xFC,0x03,
  0xFF,0x80,0x7F,0xF0,0x0F,0xFE,0x01,0xFF,0xC0,0x3F,0xF8,0x07,0xFF,0x00,0xFF,0xE0,0x1F,0xFC,0x03,0xFF,0x80,0x7F,0xF0,0x0F,
  0xFE,0x01,0xFF,0xC0,0x3F,0xF8,0x07,0xFF,0x00,0xFF,0xE0,0x1F,0xFC,0x03,0xFF,0x80,0x7F,0xF0,0x0F,0xFE,0x01,0xFF,0xC0,0x3F,
  0xF8,0x07,0xFF,0x00,0xFF,0xE0,0x1F,0xFC,0x03,0xFF,0x80,0x7F,0xF0,0x0F,0xFE,0x01,0xFF,0xC1,0xFF,0xFF,0xFF,0xFF,0xFF,0xFF,
  0xFE,0x00,0x00,0x03,0xFC,0x00,0x1F,0xE0,0x0F,0xFF,0xC1,0xFF,0xF0,0x0F,0xFF,0x80,0xFF,0xFC,0x7F,0xFF,0x83,0xFF,0xFC,0x0F,
  0xFF,0xDF,0xFF,0xFC,0xFF,0xFF,0xE0,0x1F,0xFF,0xFF,0xFF,0xFF,0xFF,0xFE,0x01,0xFF,0xF8,0x3F,0xFF,0xE1,0xFF,0xF0,0x1F,0xFE,
  0x01,0xFF,0xF0,0x0F,0xFF,0x01,0xFF,0xC0,0x0F,0xFE,0x00,0x7F,0xF0,0x1F,0xFC,0x00,0xFF,0xE0,0x07,0xFF,0x01,0xFF,0xC0,0x0F,
  0xFE,0x00,0x3F,0xF8,0x1F,0xFC,0x00,0xFF,0xE0,0x03,0xFF,0x81,0xFF,0xC0,0x07,0xFE,0x00,0x3F,0xF8,0x1F,0xFC,0x00,0x7F,0xE0,
  0x03,0xFF,0x81,0xFF,0xC0,0x07,0xFE,0x00,0x3F,0xF8,0x1F,0xFC,0x00,0x7F,0xE0,0x03,0xFF,0x81,0xFF,0xC0,0x07,0xFE,0x00,0x3F,
  0xF8,0x1F,0xFC,0x00,0x7F,0xE0,0x03,0xFF,0x81,0xFF,0xC0,0x07,0xFE,0x00,0x3F,0xF8,0x1F,0xFC,0x00,0x7F,0xE0,0x03,0xFF,0x81,
  0xFF,0xC0,0x07,0xFE,0x00,0x3F,0xF8,0x1F,0xFC,0x00,0x7F,0xE0,0x03,0xFF,0x81,0xFF,0xC0,0x07,0xFE,0x00,0x3F,0xF8,0x1F,0xFC,
  0x00,0x7F,0xE0,0x03,0xFF,0x81,0xFF,0xC0,0x07,0xFE,0x00,0x3F,0xF8,0x1F,0xFC,0x00,0x7F,0xE0,0x03,0xFF,0x81,0xFF,0xC0,0x07,
  0xFE,0x00,0x3F,0xF8,0x1F,0xFC,0x00,0x7F,0xE0,0x03,0xFF,0x81,0xFF,0xC0,0x07,0xFE,0x00,0x3F,0xF8,0x1F,0xFC,0x00,0x7F,0xE0,
  0x03,0xFF,0x81,0xFF,0xC0,0x07,0xFE,0x00,0x3F,0xF8,0x1F,0xFC,0x00,0x7F,0xE0,0x03,0xFF,0x81,0xFF,0xC0,0x07,0xFE,0x00,0x3F,
  0xF8,0x1F,0xFC,0x00,0xFF,0xF0,0x03,0xFF,0x8F,0xFF,0xF8,0x3F,0xFF,0xE1,0xFF,0xFF,0xFF,0xFF,0x87,0xFF,0xFE,0x1F,0xFF,0xFF,
  0xFF,0xF8,0x7F,0xFF,0xE1,0xFF,0xFF,0x00,0x00,0x03,0xFC,0x01,0xFF,0xF8,0x3F,0xFE,0x03,0xFF,0xF1,0xFF,0xFE,0x07,0xFF,0xEF,
  0xFF,0xFE,0x01,0xFF,0xFF,0xFF,0xFE,0x03,0xFF,0xF0,0x7F,0xFC,0x07,0xFF,0x00,0x7F,0xF8,0x0F,0xFE,0x00,0x7F,0xF0,0x1F,0xFC,
  0x00,0xFF,0xF0,0x3F,0xF8,0x00,0xFF,0xE0,0x7F,0xF0,0x01,0xFF,0xC0,0xFF,0xE0,0x03,0xFF,0x81,0xFF,0xC0,0x07,0xFF,0x03,0xFF,
  0x80,0x0F,0xFE,0x07,0xFF,0x00,0x1F,0xFC,0x0F,0xFE,0x00,0x3F,0xF8,0x1F,0xFC,0x00,0x7F,0xF0,0x3F,0xF8,0x00,0xFF,0xE0,0x7F,
  0xF0,0x01,0xFF,0xC0,0xFF,0xE0,0x03,0xFF,0x81,0xFF,0xC0,0x07,0xFF,0x03,0xFF,0x80,0x0F,0xFE,0x07,0xFF,0x00,0x1F,0xFC,0x0F,
  0xFE,0x00,0x3F,0xF8,0x1F,0xFC,0x00,0x7F,0xF0,0x3F,0xF8,0x00,0xFF,0xE0,0x7F,0xF0,0x01,0xFF,0xC0,0xFF,0xE0,0x03,0xFF,0x81,
  0xFF,0xC0,0x07,0xFF,0x03,0xFF,0x80,0x0F,0xFE,0x07,0xFF,0x00,0x1F,0xFC,0x0F,0xFE,0x00,0x3F,0xF8,0x1F,0xFC,0x00,0x7F,0xF1,
  0xFF,0xFF,0x07,0xFF,0xFF,0xFF,0xFE,0x0F,0xFF,0xFF,0xFF,0xFC,0x1F,0xFF,0xF0,0x00,0x1F,0xF8,0x00,0x00,0xFF,0xFF,0x00,0x03,
  0xFF,0xFF,0xC0,0x07,0xFF,0xFF,0xE0,0x0F,0xFC,0x3F,0xF0,0x1F,0xF8,0x1F,0xF8,0x3F,0xF0,0x0F,0xFC,0x3F,0xF0,0x0F,0xFC,0x7F,
  0xE0,0x0F,0xFE,0x7F,0xE0,0x07,0xFE,0x7F,0xE0,0x07,0xFE,0x7F,0xE0,0x07,0xFE,0xFF,0xE0,0x07,0xFF,0xFF,0xE0,0x07,0xFF,0xFF,
  0xE0,0x07,0xFF,0xFF,0xE0,0x07,0xFF,0xFF,0xE0,0x07,0xFF,0xFF,0xE0,0x07,0xFF,0xFF,0xE0,0x07,0xFF,0xFF,0xE0,0x07,0xFF,0xFF,
  0xE0,0x07,0xFF,0xFF,0xE0,0x07,0xFF,0xFF,0xE0,0x07,0xFF,0xFF,0xE0,0x07,0xFF,0xFF,0xE0,0x07,0xFF,0x7F,0xE0,0x07,0xFE,0x7F,
  0xE0,0x07,0xFE,0x7F,0xE0,0x07,0xFE,0x7F,0xF0,0x0F,0xFE,0x3F,0xF0,0x0F,0xFC,0x3F,0xF0,0x0F,0xFC,0x1F,0xF8,0x1F,0xF8,0x0F,
  0xFC,0x3F,0xF0,0x07,0xFF,0xFF,0xE0,0x03,0xFF,0xFF,0xC0,0x00,0xFF,0xFF,0x00,0x00,0x1F,0xF8,0x00,0x00,0x00,0x1F,0xF8,0x03,
  0xFF,0xF3,0xFF,0xF8,0x0F,0xFF,0xFF,0xFF,0xF8,0x3F,0xFF,0xFF,0xFF,0xF0,0x0F,0xFF,0xC3,0xFF,0xE0,0x3F,0xF8,0x03,0xFF,0xC0,
  0xFF,0xE0,0x07,0xFF,0x03,0xFF,0x80,0x0F,0xFE,0x0F,0xFE,0x00,0x3F,0xF8,0x3F,0xF8,0x00,0xFF,0xE0,0xFF,0xE0,0x01,0xFF,0xC3,
  0xFF,0x80,0x07,0xFF,0x0F,0xFE,0x00,0x1F,0xFC,0x3F,0xF8,0x00,0x7F,0xF0,0xFF,0xE0,0x01,0xFF,0xC3,0xFF,0x80,0x07,0xFF,0x0F,
  0xFE,0x00,0x1F,0xFC,0x3F,0xF8,0x00,0x7F,0xF0,0xFF,0xE0,0x01,0xFF,0xC3,0xFF,0x80,0x07,0xFF,0x0F,0xFE,0x00,0x1F,0xFC,0x3F,
  0xF8,0x00,0x7F,0xF0,0xFF,0xE0,0x01,0xFF,0xC3,0xFF,0x80,0x07,0xFF,0x0F,0xFE,0x00,0x1F,0xFC,0x3F,0xF8,0x00,0x7F,0xE0,0xFF,
  0xE0,0x03,0xFF,0x83,0xFF,0x80,0x0F,0xFE,0x0F,0xFE,0x00,0x3F,0xF0,0x3F,0xF8,0x00,0xFF,0xC0,0xFF,0xE0,0x07,0xFE,0x03,0xFF,
  0x80,0x3F,0xF8,0x0F,0xFF,0x01,0xFF,0xC0,0x3F,0xFF,0xFF,0xFE,0x00,0xFF,0xFF,0xFF,0xE0,0x03,0xFF,0xFF,0xFF,0x00,0x0F,0xFC,
  0xFF,0xE0,0x00,0x3F,0xF0,0x00,0x00,0x00,0xFF,0xE0,0x00,0x00,0x03,0xFF,0x80,0x00,0x00,0x0F,0xFE,0x00,0x00,0x00,0x3F,0xF8,
  0x00,0x00,0x00,0xFF,0xE0,0x00,0x00,0x03,0xFF,0x80,0x00,0x00,0x0F,0xFE,0x00,0x00,0x00,0x3F,0xF8,0x00,0x00,0x00,0xFF,0xE0,
  0x00,0x00,0x03,0xFF,0x80,0x00,0x00,0x0F,0xFE,0x00,0x00,0x03,0xFF,0xFF,0x80,0x00,0x0F,0xFF,0xFF,0x00,0x00,0x3F,0xFF,0xFC,
  0x00,0x00,0x00,0x00,0x00,0x01,0xE0,0x00,0x1F,0xFE,0x1F,0xC0,0x01,0xFF,0xFF,0xFF,0x80,0x0F,0xFF,0xFF,0xFF,0x00,0x7F,0xFF,
  0xFF,0xFE,0x01,0xFF,0xE0,0x1F,0xFC,0x03,0xFF,0x00,0x3F,0xF8,0x0F,0xFE,0x00,0x7F,0xF0,0x3F,0xF8,0x00,0xFF,0xE0,0x7F,0xF0,
  0x01,0xFF,0xC1,0xFF,0xC0,0x03,0xFF,0x83,0xFF,0x80,0x07,0xFF,0x07,0xFF,0x00,0x0F,0xFE,0x0F,0xFE,0x00,0x1F,0xFC,0x3F,0xF8,
  0x00,0x3F,0xF8,0x7F,0xF0,0x00,0x7F,0xF0,0xFF,0xE0,0x00,0xFF,0xE1,0xFF,0xC0,0x01,0xFF,0xC3,0xFF,0x80,0x03,0xFF,0x87,0xFF,
  0x00,0x07,0xFF,0x0F,0xFE,0x00,0x0F,0xFE,0x1F,0xFC,0x00,0x1F,0xFC,0x3F,0xF8,0x00,0x3F,0xF8,0x7F,0xF0,0x00,0x7F,0xF0,0xFF,
  0xE0,0x00,0xFF,0xE0,0xFF,0xC0,0x01,0xFF,0xC1,0xFF,0xC0,0x03,0xFF,0x83,0xFF,0x80,0x07,0xFF,0x07,0xFF,0x00,0x0F,0xFE,0x07,
  0xFE,0x00,0x1F,0xFC,0x0F,0xFE,0x00,0x3F,0xF8,0x0F,0xFC,0x00,0x7F,0xF0,0x1F,0xFC,0x00,0xFF,0xE0,0x1F,0xFE,0x0F,0xFF,0xC0,
  0x1F,0xFF,0xFF,0xFF,0x80,0x1F,0xFF,0xFF,0xFF,0x00,0x0F,0xFF,0xCF,0xFE,0x00,0x07,0xFE,0x1F,0xFC,0x00,0x00,0x00,0x3F,0xF8,
  0x00,0x00,0x00,0x7F,0xF0,0x00,0x00,0x00,0xFF,0xE0,0x00,0x00,0x01,0xFF,0xC0,0x00,0x00,0x03,0xFF,0x80,0x00,0x00,0x07,0xFF,
  0x00,0x00,0x00,0x0F,0xFE,0x00,0x00,0x00,0x1F,0xFC,0x00,0x00,0x00,0x3F,0xF8,0x00,0x00,0x00,0x7F,0xF0,0x00,0x00,0x00,0xFF,
  0xE0,0x00,0x00,0x01,0xFF,0xC0,0x00,0x00,0x7F,0xFF,0xF0,0x00,0x00,0xFF,0xFF,0xF0,0x00,0x01,0xFF,0xFF,0xE0,0x00,0x00,0x00,
  0x7F,0xFF,0xF8,0x07,0xFF,0xFF,0xE0,0x7F,0xFF,0xFF,0x83,0xFF,0x0F,0xFE,0x1F,0xFC,0x3F,0xF8,0xFF,0xF0,0xFF,0xE7,0xFF,0xC3,
  0xFF,0xBF,0xFF,0x0F,0xFF,0xFE,0x3C,0x3F,0xFF,0xC0,0xF0,0xFF,0xF8,0x01,0xC3,0xFF,0xC0,0x07,0x0F,0xFE,0x00,0x0C,0x3F,0xF8,
  0x00,0x00,0xFF,0xE0,0x00,0x03,0xFF,0x80,0x00,0x0F,0xFE,0x00,0x00,0x3F,0xF8,0x00,0x00,0xFF,0xE0,0x00,0x03,0xFF,0x80,0x00,
  0x0F,0xFE,0x00,0x00,0x3F,0xF8,0x00,0x00,0xFF,0xE0,0x00,0x03,0xFF,0x80,0x00,0x0F,0xFE,0x00,0x00,0x3F,0xF8,0x00,0x00,0xFF,
  0xE0,0x00,0x03,0xFF,0x80,0x00,0x0F,0xFE,0x00,0x00,0x3F,0xF8,0x00,0x00,0xFF,0xE0,0x00,0x03,0xFF,0x80,0x00,0x0F,0xFF,0x00,
  0x03,0xFF,0xFF,0xE0,0x0F,0xFF,0xFF,0x80,0x3F,0xFF,0xFE,0x00,0x00,0x7F,0xF0,0x00,0xFF,0xFF,0x80,0xFF,0xFF,0xE0,0x7F,0xFF,
  0xF8,0x3F,0x80,0x7E,0x0F,0xC0,0x07,0x87,0xF0,0x00,0xE1,0xFC,0x00,0x38,0xFF,0x00,0x0E,0x3F,0xC0,0x01,0x8F,0xF8,0x00,0x03,
  0xFF,0x00,0x00,0xFF,0xF0,0x00,0x1F,0xFF,0x80,0x07,0xFF,0xFC,0x01,0xFF,0xFF,0xC0,0x3F,0xFF,0xFC,0x0F,0xFF,0xFF,0x81,0xFF,
  0xFF,0xF0,0x3F,0xFF,0xFC,0x03,0xFF,0xFF,0x80,0x3F,0xFF,0xE0,0x03,0xFF,0xFC,0x00,0x1F,0xFF,0x00,0x00,0xFF,0xC0,0x00,0x1F,
  0xFE,0x00,0x03,0xFF,0x80,0x00,0xFF,0xF0,0x00,0x3F,0xBC,0x00,0x0F,0xEF,0x00,0x03,0xFB,0xF0,0x01,0xFC,0xFE,0x00,0xFF,0x3F,
  0xFF,0xFF,0x8F,0xFF,0xFF,0x81,0xFF,0xFF,0xC0,0x03,0xFF,0x80,0x00,0x00,0x3F,0x00,0x00,0x7F,0x00,0x00,0x7F,0x00,0x00,0xFF,
  0x00,0x01,0xFF,0x00,0x01,0xFF,0x00,0x03,0xFF,0x00,0x03,0xFF,0x00,0x0F,0xFF,0xFE,0xFF,0xFF,0xFE,0xFF,0xFF,0xFE,0xFF,0xFF,
  0xFE,0x07,0xFF,0x00,0x07,0xFF,0x00,0x07,0xFF,0x00,0x07,0xFF,0x00,0x07,0xFF,0x00,0x07,0xFF,0x00,0x07,0xFF,0x00,0x07,0xFF,
  0x00,0x07,0xFF,0x00,0x07,0xFF,0x00,0x07,0xFF,0x00,0x07,0xFF,0x00,0x07,0xFF,0x00,0x07,0xFF,0x00,0x07,0xFF,0x00,0x07,0xFF,
  0x00,0x07,0xFF,0x00,0x07,0xFF,0x00,0x07,0xFF,0x00,0x07,0xFF,0x00,0x07,0xFF,0x00,0x07,0xFF,0x00,0x07,0xFF,0x00,0x07,0xFF,
  0x00,0x07,0xFF,0x00,0x07,0xFF,0x00,0x07,0xFF,0x80,0x03,0xFF,0xFF,0x03,0xFF,0xFF,0x01,0xFF,0xFF,0x00,0x7F,0xFE,0x00,0x1F,
  0xF0,0xFF,0xFC,0x03,0xFF,0xF1,0xFF,0xF8,0x07,0xFF,0xE3,0xFF,0xF0,0x0F,0xFF,0xC0,0xFF,0xE0,0x03,0xFF,0x80,0xFF,0xC0,0x07,
  0xFF,0x01,0xFF,0x80,0x0F,0xFE,0x03,0xFF,0x00,0x1F,0xFC,0x07,0xFE,0x00,0x3F,0xF8,0x0F,0xFC,0x00,0x7F,0xF0,0x1F,0xF8,0x00,
  0xFF,0xE0,0x3F,0xF0,0x01,0xFF,0xC0,0x7F,0xE0,0x03,0xFF,0x80,0xFF,0xC0,0x07,0xFF,0x01,0xFF,0x80,0x0F,0xFE,0x03,0xFF,0x00,
  0x1F,0xFC,0x07,0xFE,0x00,0x3F,0xF8,0x0F,0xFC,0x00,0x7F,0xF0,0x1F,0xF8,0x00,0xFF,0xE0,0x3F,0xF0,0x01,0xFF,0xC0,0x7F,0xE0,
  0x03,0xFF,0x80,0xFF,0xC0,0x07,0xFF,0x01,0xFF,0x80,0x0F,0xFE,0x03,0xFF,0x00,0x1F,0xFC,0x07,0xFE,0x00,0x3F,0xF8,0x0F,0xFC,
  0x00,0x7F,0xF0,0x1F,0xFC,0x00,0xFF,0xE0,0x3F,0xF8,0x01,0xFF,0xC0,0x7F,0xF0,0x03,0xFF,0x80,0xFF,0xE0,0x07,0xFF,0x01,0xFF,
  0xE0,0x0F,0xFE,0x03,0xFF,0xF0,0xFF,0xFC,0x03,0xFF,0xFF,0xFF,0xF8,0x07,0xFF,0xFF,0x7F,0xFE,0x07,0xFF,0xF8,0xFF,0xFC,0x07,
  0xFF,0xC0,0xFF,0xF8,0x03,0xFC,0x00,0x00,0x00,0xFF,0xFF,0xC0,0x1F,0xFF,0xFF,0xFF,0x00,0x7F,0xFF,0xFF,0xFC,0x01,0xFF,0xCF,
  0xFF,0x00,0x00,0xF8,0x1F,0xFC,0x00,0x03,0xE0,0x7F,0xF8,0x00,0x0F,0x80,0xFF,0xE0,0x00,0x7C,0x03,0xFF,0xC0,0x01,0xF0,0x07,
  0xFF,0x00,0x07,0x80,0x1F,0xFC,0x00,0x3E,0x00,0x3F,0xF8,0x00,0xF0,0x00,0xFF,0xE0,0x07,0xC0,0x03,0xFF,0xC0,0x1F,0x00,0x07,
  0xFF,0x00,0x78,0x00,0x1F,0xFE,0x03,0xE0,0x00,0x3F,0xF8,0x0F,0x00,0x00,0xFF,0xF0,0x7C,0x00,0x01,0xFF,0xC1,0xE0,0x00,0x07,
  0xFF,0x07,0x80,0x00,0x0F,0xFE,0x3E,0x00,0x00,0x3F,0xF8,0xF0,0x00,0x00,0xFF,0xF7,0xC0,0x00,0x01,0xFF,0xDE,0x00,0x00,0x07,
  0xFF,0xF8,0x00,0x00,0x0F,0xFF,0xC0,0x00,0x00,0x3F,0xFF,0x00,0x00,0x00,0x7F,0xFC,0x00,0x00,0x01,0xFF,0xE0,0x00,0x00,0x03,
  0xFF,0x80,0x00,0x00,0x0F,0xFC,0x00,0x00,0x00,0x1F,0xF0,0x00,0x00,0x00,0x7F,0xC0,0x00,0x00,0x01,0xFE,0x00,0x00,0x00,0x03,
  0xF8,0x00,0x00,0x00,0x0F,0xC0,0x00,0x00,0x00,0x1F,0x00,0x00,0xFF,0xFF,0xC0,0x00,0x00,0x1F,0xFF,0xFF,0xFF,0x80,0x00,0x00,
  0x3F,0xFF,0xFF,0xFE,0x00,0x00,0x00,0x7F,0xF0,0xFF,0xE0,0x00,0x3C,0x00,0x0F,0x81,0xFF,0xC0,0x00,0xF8,0x00,0x1E,0x01,0xFF,
  0x80,0x01,0xF0,0x00,0x7C,0x03,0xFF,0x80,0x07,0xF0,0x00,0xF8,0x07,0xFF,0x00,0x0F,0xE0,0x01,0xE0,0x07,0xFE,0x00,0x1F,0xE0,
  0x07,0xC0,0x0F,0xFE,0x00,0x7F,0xC0,0x0F,0x80,0x1F,0xFC,0x00,0xFF,0x80,0x1E,0x00,0x1F,0xF8,0x01,0xFF,0x80,0x7C,0x00,0x3F,
  0xF8,0x07,0xFF,0x00,0xF8,0x00,0x3F,0xF0,0x0F,0xFF,0x01,0xE0,0x00,0x7F,0xE0,0x3F,0xFE,0x07,0xC0,0x00,0xFF,0xE0,0x7F,0xFC,
  0x0F,0x00,0x00,0xFF,0xC0,0xEF,0xFC,0x1E,0x00,0x01,0xFF,0xC3,0xDF,0xF8,0x7C,0x00,0x03,0xFF,0x87,0x9F,0xF8,0xF0,0x00,0x03,
  0xFF,0x1E,0x3F,0xF1,0xE0,0x00,0x07,0xFF,0x3C,0x7F,0xE7,0xC0,0x00,0x07,0xFE,0x70,0x7F,0xEF,0x00,0x00,0x0F,0xFD,0xE0,0xFF,
  0xDE,0x00,0x00,0x1F,0xFF,0xC0,0xFF,0xFC,0x00,0x00,0x1F,0xFF,0x01,0xFF,0xF0,0x00,0x00,0x3F,0xFE,0x03,0xFF,0xE0,0x00,0x00,
  0x3F,0xF8,0x03,0xFF,0xC0,0x00,0x00,0x7F,0xF0,0x07,0xFF,0x00,0x00,0x00,0xFF,0xE0,0x07,0xFE,0x00,0x00,0x00,0xFF,0x80,0x0F,
  0xF8,0x00,0x00,0x01,0xFF,0x00,0x1F,0xF0,0x00,0x00,0x03,0xFC,0x00,0x1F,0xE0,0x00,0x00,0x03,0xF8,0x00,0x3F,0x80,0x00,0x00,
  0x07,0xF0,0x00,0x3F,0x00,0x00,0x00,0x07,0xC0,0x00,0x7E,0x00,0x00,0x00,0x0F,0x80,0x00,0xF8,0x00,0x00,0x7F,0xFF,0xF0,0xFF,
  0xF1,0xFF,0xFF,0xC3,0xFF,0xC7,0xFF,0xFE,0x07,0xFF,0x03,0xFF,0xC0,0x07,0xE0,0x07,0xFF,0x80,0x1F,0x00,0x0F,0xFE,0x00,0xF8,
  0x00,0x3F,0xFC,0x07,0xC0,0x00,0x7F,0xF8,0x3E,0x00,0x00,0xFF,0xE1,0xF8,0x00,0x03,0xFF,0xCF,0xC0,0x00,0x07,0xFF,0xBE,0x00,
  0x00,0x0F,0xFF,0xF0,0x00,0x00,0x3F,0xFF,0x80,0x00,0x00,0x7F,0xFC,0x00,0x00,0x00,0xFF,0xF0,0x00,0x00,0x03,0xFF,0xC0,0x00,
  0x00,0x07,0xFF,0x00,0x00,0x00,0x0F,0xFE,0x00,0x00,0x00,0x3F,0xFC,0x00,0x00,0x00,0xFF,0xF0,0x00,0x00,0x07,0xFF,0xE0,0x00,
  0x00,0x3F,0xFF,0xC0,0x00,0x01,0xFF,0xFF,0x00,0x00,0x07,0xDF,0xFE,0x00,0x00,0x3E,0x3F,0xFC,0x00,0x01,0xF0,0x7F,0xF0,0x00,
  0x0F,0x81,0xFF,0xE0,0x00,0x7C,0x03,0xFF,0xC0,0x03,0xF0,0x07,0xFF,0x00,0x1F,0x80,0x1F,0xFE,0x00,0x7C,0x00,0x3F,0xF8,0x03,
  0xE0,0x00,0xFF,0xF0,0x7F,0xF0,0x1F,0xFF,0xFB,0xFF,0xC0,0x7F,0xFF,0xFF,0xFF,0x01,0xFF,0xFF,0xC0,0xFF,0xFF,0xC0,0x7F,0xFF,
  0xFF,0xFC,0x07,0xFF,0xFF,0xFF,0x80,0x7F,0xF3,0xFF,0xC0,0x00,0x7C,0x1F,0xFC,0x00,0x0F,0x81,0xFF,0xC0,0x00,0xF8,0x1F,0xFE,
  0x00,0x0F,0x00,0xFF,0xE0,0x01,0xF0,0x0F,0xFF,0x00,0x1F,0x00,0x7F,0xF0,0x01,0xE0,0x07,0xFF,0x00,0x3E,0x00,0x3F,0xF8,0x03,
  0xC0,0x03,0xFF,0x80,0x7C,0x00,0x3F,0xFC,0x07,0xC0,0x01,0xFF,0xC0,0x78,0x00,0x1F,0xFE,0x0F,0x80,0x00,0xFF,0xE0,0xF0,0x00,
  0x0F,0xFE,0x0F,0x00,0x00,0x7F,0xF1,0xF0,0x00,0x07,0xFF,0x1E,0x00,0x00,0x7F,0xFB,0xE0,0x00,0x03,0xFF,0xBC,0x00,0x00,0x3F,
  0xFF,0xC0,0x00,0x01,0xFF,0xFC,0x00,0x00,0x1F,0xFF,0x80,0x00,0x00,0xFF,0xF8,0x00,0x00,0x0F,0xFF,0x00,0x00,0x00,0xFF,0xF0,
  0x00,0x00,0x07,0xFF,0x00,0x00,0x00,0x7F,0xE0,0x00,0x00,0x03,0xFE,0x00,0x00,0x00,0x3F,0xC0,0x00,0x00,0x01,0xFC,0x00,0x00,
  0x00,0x1F,0xC0,0x00,0x00,0x01,0xF8,0x00,0x00,0x00,0x0F,0x80,0x00,0x00,0x00,0xF0,0x00,0x00,0x00,0x1F,0x00,0x00,0x00,0x01,
  0xF0,0x00,0x00,0x00,0x1E,0x00,0x00,0x00,0x03,0xE0,0x00,0x00,0x00,0x3C,0x00,0x00,0x60,0x07,0xC0,0x00,0x06,0x00,0x78,0x00,
  0x00,0x70,0x0F,0x80,0x00,0x07,0x01,0xF0,0x00,0x00,0x78,0x1F,0x00,0x00,0x07,0xC7,0xE0,0x00,0x00,0x7F,0xFC,0x00,0x00,0x07,
  0xFF,0x80,0x00,0x00,0x7F,0xF0,0x00,0x00,0x03,0xFC,0x00,0x00,0x00,0x3F,0xFF,0xFF,0xF8,0x7F,0xFF,0xFF,0xF0,0xFF,0xFF,0xFF,
  0xE1,0xFF,0x07,0xFF,0x83,0xC0,0x0F,0xFF,0x07,0x80,0x3F,0xFC,0x0F,0x00,0x7F,0xF8,0x1C,0x01,0xFF,0xE0,0x38,0x03,0xFF,0xC0,
  0x70,0x0F,0xFF,0x00,0x00,0x1F,0xFE,0x00,0x00,0x7F,0xF8,0x00,0x00,0xFF,0xE0,0x00,0x03,0xFF,0xC0,0x00,0x0F,0xFF,0x00,0x00,
  0x1F,0xFE,0x00,0x00,0x7F,0xF8,0x00,0x00,0xFF,0xF0,0x00,0x03,0xFF,0xC0,0x00,0x07,0xFF,0x80,0x00,0x1F,0xFE,0x00,0x00,0x3F,
  0xFC,0x00,0x00,0xFF,0xF0,0x03,0x81,0xFF,0xE0,0x07,0x07,0xFF,0x80,0x0E,0x0F,0xFE,0x00,0x3C,0x3F,0xFC,0x00,0x78,0x7F,0xF0,
  0x00,0xF1,0xFF,0xE0,0x01,0xE7,0xFF,0x80,0x07,0xCF,0xFF,0x00,0x1F,0x3F,0xFE,0x07,0xFE,0x7F,0xFF,0xFF,0xFD,0xFF,0xFF,0xFF,
  0xFB,0xFF,0xFF,0xFF,0xF0,0x00,0x00,0xFF,0x80,0x03,0xFF,0xC0,0x03,0xFF,0xE0,0x03,0xFF,0x00,0x03,0xFE,0x00,0x03,0xFF,0x00,
  0x01,0xFF,0x00,0x00,0xFF,0x80,0x00,0x7F,0xC0,0x00,0x7F,0xE0,0x00,0x3F,0xF0,0x00,0x1F,0xF8,0x00,0x0F,0xFC,0x00,0x07,0xFE,
  0x00,0x03,0xFF,0x00,0x01,0xFF,0x80,0x00,0xFF,0xC0,0x00,0x7F,0xE0,0x00,0x3F,0xF0,0x00,0x1F,0xF8,0x00,0x0F,0xFC,0x00,0x07,
  0xFE,0x00,0x03,0xFF,0x00,0x01,0xFF,0x80,0x00,0xFF,0xC0,0x00,0x7F,0xC0,0x00,0x7F,0xE0,0x00,0x3F,0xE0,0x00,0x3F,0xF0,0x00,
  0xFF,0xF0,0x03,0xFF,0xE0,0x01,0xFF,0xC0,0x00,0xFF,0xF8,0x00,0x0F,0xFF,0x00,0x01,0xFF,0xC0,0x00,0x3F,0xE0,0x00,0x1F,0xF8,
  0x00,0x07,0xFC,0x00,0x03,0xFF,0x00,0x01,0xFF,0x80,0x00,0xFF,0xC0,0x00,0x7F,0xE0,0x00,0x3F,0xF0,0x00,0x1F,0xF8,0x00,0x0F,
  0xFC,0x00,0x07,0xFE,0x00,0x03,0xFF,0x00,0x01,0xFF,0x80,0x00,0xFF,0xC0,0x00,0x7F,0xE0,0x00,0x3F,0xF0,0x00,0x1F,0xF8,0x00,
  0x0F,0xFC,0x00,0x07,0xFE,0x00,0x01,0xFF,0x00,0x00,0xFF,0x80,0x00,0x7F,0xC0,0x00,0x3F,0xF0,0x00,0x0F,0xF8,0x00,0x03,0xFF,
  0x00,0x00,0xFF,0xF8,0x00,0x3F,0xFC,0x00,0x03,0xFE,0xFF,0xFF,0xFF,0xFF,0xFF,0xFF,0xFF,0xFF,0xFF,0xFF,0xFF,0xFF,0xFF,0xFF,
  0xFF,0xFF,0xFF,0xFF,0xFF,0xFF,0xFF,0xFF,0xFF,0xFF,0xFF,0xFF,0xFF,0xFF,0xFF,0xFF,0xFF,0xFF,0xFF,0xFF,0xFF,0xFF,0xFF,0xFF,
  0xFF,0xFF,0xFF,0xFF,0xFF,0xFC,0xFF,0x80,0x00,0x7F,0xF8,0x00,0x3F,0xFE,0x00,0x01,0xFF,0x80,0x00,0x3F,0xE0,0x00,0x1F,0xF0,
  0x00,0x07,0xFC,0x00,0x03,0xFE,0x00,0x01,0xFF,0x00,0x00,0xFF,0x80,0x00,0x7F,0xE0,0x00,0x3F,0xF0,0x00,0x1F,0xF8,0x00,0x0F,
  0xFC,0x00,0x07,0xFE,0x00,0x03,0xFF,0x00,0x01,0xFF,0x80,0x00,0xFF,0xC0,0x00,0x7F,0xE0,0x00,0x3F,0xF0,0x00,0x1F,0xF8,0x00,
  0x0F,0xFC,0x00,0x07,0xFE,0x00,0x03,0xFF,0x00,0x01,0xFF,0x80,0x00,0xFF,0xC0,0x00,0x3F,0xF0,0x00,0x1F,0xF8,0x00,0x07,0xFE,
  0x00,0x01,0xFF,0xE0,0x00,0x3F,0xFE,0x00,0x07,0xFF,0x00,0x0F,0xFF,0x80,0x1F,0xFE,0x00,0x1F,0xFC,0x00,0x0F,0xF8,0x00,0x0F,
  0xFC,0x00,0x07,0xFC,0x00,0x07,0xFE,0x00,0x03,0xFF,0x00,0x01,0xFF,0x80,0x00,0xFF,0xC0,0x00,0x7F,0xE0,0x00,0x3F,0xF0,0x00,
  0x1F,0xF8,0x00,0x0F,0xFC,0x00,0x07,0xFE,0x00,0x03,0xFF,0x00,0x01,0xFF,0x80,0x00,0xFF,0xC0,0x00,0x7F,0xE0,0x00,0x3F,0xF0,
  0x00,0x1F,0xF8,0x00,0x0F,0xF8,0x00,0x07,0xFC,0x00,0x03,0xFE,0x00,0x01,0xFF,0x00,0x01,0xFF,0x00,0x00,0xFF,0x80,0x01,0xFF,
  0x80,0x0F,0xFF,0x80,0x07,0xFF,0x80,0x03,0xFE,0x00,0x00,0x01,0xF8,0x00,0x00,0x7C,0x1F,0xFC,0x00,0x03,0xF0,0xFF,0xF8,0x00,
  0x0F,0xC7,0xFF,0xF8,0x00,0x3F,0x3F,0xFF,0xF0,0x00,0xF9,0xFE,0x7F,0xE0,0x07,0xE7,0xE0,0x7F,0xE0,0x1F,0x9F,0x80,0x7F,0xC0,
  0xFC,0xFC,0x00,0xFF,0xEF,0xF3,0xF0,0x00,0xFF,0xFF,0x8F,0x80,0x01,0xFF,0xFE,0x3E,0x00,0x03,0xFF,0xF0,0xF8,0x00,0x03,0xFF,
  0x83,0xE0,0x00,0x03,0xF8,0x00,0x00,0xFE,0x00,0x0F,0xFF,0x00,0x3F,0xFF,0x00,0xFF,0xFF,0x03,0xF8,0x7F,0x0F,0xC0,0x3F,0x1F,
  0x00,0x3F,0x7C,0x00,0x3E,0xF8,0x00,0x3D,0xE0,0x00,0x7F,0xC0,0x00,0xFF,0x80,0x01,0xFF,0x00,0x03,0xFE,0x00,0x07,0xFE,0x00,
  0x0F,0x7C,0x00,0x3E,0x7C,0x00,0xFC,0xFC,0x03,0xF0,0xFE,0x1F,0xC0,0xFF,0xFF,0x00,0xFF,0xFC,0x00,0xFF,0xF0,0x00,0x3F,0x80,
  0x00,0x00,0x01,0xFF,0xC0,0x00,0x00,0x00,0x07,0xFF,0x80,0x00,0x00,0x00,0x0F,0xFE,0x00,0x00,0x00,0x00,0x0F,0xFC,0x00,0x00,
  0x00,0x00,0x1F,0xF0,0x00,0x00,0x00,0x00,0x1F,0xE0,0x00,0x00,0x00,0x00,0x3F,0xC0,0x00,0x00,0x00,0x00,0x7F,0x00,0x00,0x00,
  0x00,0x00,0x7E,0x00,0x00,0x00,0x00,0x00,0xFC,0x00,0x00,0x00,0x00,0x00,0xF0,0x00,0x00,0x00,0x00,0x00,0x00,0x00,0x00,0x00,
  0x00,0x00,0x00,0x00,0x00,0x00,0x00,0x00,0x00,0x00,0x00,0x00,0x00,0x00,0x00,0x3F,0xFF,0xFF,0xFF,0xFF,0xF8,0xFF,0xFF,0xFF,
  0xFF,0xFF,0xE3,0xFF,0xFF,0xFF,0xFF,0xFF,0x80,0x7F,0xFF,0xFF,0xFF,0xFE,0x00,0x7F,0xF0,0x00,0x03,0xF8,0x01,0xFF,0xC0,0x00,
  0x03,0xE0,0x07,0xFF,0x00,0x00,0x0F,0x80,0x1F,0xFC,0x00,0x00,0x3E,0x00,0x7F,0xF0,0x00,0x00,0x78,0x01,0xFF,0xC0,0x00,0x01,
  0xE0,0x07,0xFF,0x00,0x00,0x07,0x80,0x1F,0xFC,0x00,0x00,0x1E,0x00,0x7F,0xF0,0x00,0x00,0x78,0x01,0xFF,0xC0,0x00,0x00,0x00,
  0x07,0xFF,0x00,0x00,0x00,0x00,0x1F,0xFC,0x00,0x00,0x00,0x00,0x7F,0xF0,0x00,0x18,0x00,0x01,0xFF,0xC0,0x00,0xF0,0x00,0x07,
  0xFF,0x00,0x03,0xC0,0x00,0x1F,0xFC,0x00,0x0F,0x00,0x00,0x7F,0xF0,0x00,0x3C,0x00,0x01,0xFF,0xC0,0x01,0xF0,0x00,0x07,0xFF,
  0xFF,0xFF,0xC0,0x00,0x1F,0xFF,0xFF,0xFF,0x00,0x00,0x7F,0xFF,0xFF,0xFC,0x00,0x01,0xFF,0xFF,0xFF,0xF0,0x00,0x07,0xFF,0x80,
  0x07,0xC0,0x00,0x1F,0xFC,0x00,0x0F,0x00,0x00,0x7F,0xF0,0x00,0x3C,0x00,0x01,0xFF,0xC0,0x00,0xF0,0x00,0x07,0xFF,0x00,0x03,
  0xC0,0x00,0x1F,0xFC,0x00,0x07,0x00,0x00,0x7F,0xF0,0x00,0x00,0x00,0x01,0xFF,0xC0,0x00,0x00,0x00,0x07,0xFF,0x00,0x00,0x00,
  0x00,0x1F,0xFC,0x00,0x00,0x00,0x00,0x7F,0xF0,0x00,0x00,0x0F,0x01,0xFF,0xC0,0x00,0x00,0x3C,0x07,0xFF,0x00,0x00,0x00,0xF0,
  0x1F,0xFC,0x00,0x00,0x03,0xC0,0x7F,0xF0,0x00,0x00,0x1F,0x01,0xFF,0xC0,0x00,0x00,0x7C,0x07,0xFF,0x00,0x00,0x01,0xF0,0x1F,
  0xFC,0x00,0x00,0x07,0x80,0x7F,0xF0,0x00,0x00,0x3E,0x01,0xFF,0xC0,0x00,0x01,0xF8,0x1F,0xFF,0xFF,0xFF,0xFF,0xEF,0xFF,0xFF,
  0xFF,0xFF,0xFF,0xBF,0xFF,0xFF,0xFF,0xFF,0xFE,0xFF,0xFF,0xFF,0xFF,0xFF,0xF8,0x00,0x00,0xF0,0x07,0x80,0x00,0x00,0x07,0xE0,
  0x7F,0x00,0x00,0x00,0x3F,0xC1,0xFE,0x00,0x00,0x00,0xFF,0x0F,0xF8,0x00,0x00,0x03,0xFE,0x3F,0xE0,0x00,0x00,0x0F,0xF8,0xFF,
  0x80,0x00,0x00,0x3F,0xC1,0xFE,0x00,0x00,0x00,0x7E,0x07,0xF0,0x00,0x00,0x00,0xF0,0x0F,0x80,0x00,0x00,0x00,0x00,0x00,0x00,
  0x00,0x00,0x00,0x00,0x00,0x00,0x00,0x00,0x00,0x00,0x00,0x00,0x00,0x00,0x00,0x00,0x00,0x03,0xFF,0xFF,0xFF,0xFF,0xFF,0x8F,
  0xFF,0xFF,0xFF,0xFF,0xFE,0x3F,0xFF,0xFF,0xFF,0xFF,0xF8,0x07,0xFF,0xFF,0xFF,0xFF,0xE0,0x07,0xFF,0x00,0x00,0x3F,0x80,0x1F,
  0xFC,0x00,0x00,0x3E,0x00,0x7F,0xF0,0x00,0x00,0xF8,0x01,0xFF,0xC0,0x00,0x03,0xE0,0x07,0xFF,0x00,0x00,0x07,0x80,0x1F,0xFC,
  0x00,0x00,0x1E,0x00,0x7F,0xF0,0x00,0x00,0x78,0x01,0xFF,0xC0,0x00,0x01,0xE0,0x07,0xFF,0x00,0x00,0x07,0x80,0x1F,0xFC,0x00,
  0x00,0x00,0x00,0x7F,0xF0,0x00,0x00,0x00,0x01,0xFF,0xC0,0x00,0x00,0x00,0x07,0xFF,0x00,0x01,0x80,0x00,0x1F,0xFC,0x00,0x0F,
  0x00,0x00,0x7F,0xF0,0x00,0x3C,0x00,0x01,0xFF,0xC0,0x00,0xF0,0x00,0x07,0xFF,0x00,0x03,0xC0,0x00,0x1F,0xFC,0x00,0x1F,0x00,
  0x00,0x7F,0xFF,0xFF,0xFC,0x00,0x01,0xFF,0xFF,0xFF,0xF0,0x00,0x07,0xFF,0xFF,0xFF,0xC0,0x00,0x1F,0xFF,0xFF,0xFF,0x00,0x00,
  0x7F,0xF8,0x00,0x7C,0x00,0x01,0xFF,0xC0,0x00,0xF0,0x00,0x07,0xFF,0x00,0x03,0xC0,0x00,0x1F,0xFC,0x00,0x0F,0x00,0x00,0x7F,
  0xF0,0x00,0x3C,0x00,0x01,0xFF,0xC0,0x00,0x70,0x00,0x07,0xFF,0x00,0x00,0x00,0x00,0x1F,0xFC,0x00,0x00,0x00,0x00,0x7F,0xF0,
  0x00,0x00,0x00,0x01,0xFF,0xC0,0x00,0x00,0x00,0x07,0xFF,0x00,0x00,0x00,0xF0,0x1F,0xFC,0x00,0x00,0x03,0xC0,0x7F,0xF0,0x00,
  0x00,0x0F,0x01,0xFF,0xC0,0x00,0x00,0x3C,0x07,0xFF,0x00,0x00,0x01,0xF0,0x1F,0xFC,0x00,0x00,0x07,0xC0,0x7F,0xF0,0x00,0x00,
  0x1F,0x01,0xFF,0xC0,0x00,0x00,0x78,0x07,0xFF,0x00,0x00,0x03,0xE0,0x1F,0xFC,0x00,0x00,0x1F,0x81,0xFF,0xFF,0xFF,0xFF,0xFE,
  0xFF,0xFF,0xFF,0xFF,0xFF,0xFB,0xFF,0xFF,0xFF,0xFF,0xFF,0xEF,0xFF,0xFF,0xFF,0xFF,0xFF,0x80,0xFF,0xFF,0xFF,0xFF,0xFF,0xFE,
  0x03,0xFF,0xFF,0xFF,0xFF,0xFF,0xF8,0x0F,0xFF,0xFF,0xFF,0xFF,0xFF,0xE0,0x3F,0xFF,0xFF,0xFF,0xFF,0xFF,0x80,0xFC,0x00,0x7F,
  0xF8,0x00,0x7E,0x03,0xE0,0x01,0xFF,0xE0,0x00,0x78,0x0F,0x00,0x07,0xFF,0x80,0x01,0xE0,0x3C,0x00,0x1F,0xFE,0x00,0x07,0x80,
  0xF0,0x00,0x7F,0xF8,0x00,0x1E,0x03,0xC0,0x01,0xFF,0xE0,0x00,0x78,0x0F,0x00,0x07,0xFF,0x80,0x01,0xE0,0x3C,0x00,0x1F,0xFE,
  0x00,0x07,0x80,0xF0,0x00,0x7F,0xF8,0x00,0x1E,0x03,0xC0,0x01,0xFF,0xE0,0x00,0x00,0x00,0x00,0x07,0xFF,0x80,0x00,0x00,0x00,
  0x00,0x1F,0xFE,0x00,0x00,0x00,0x00,0x00,0x7F,0xF8,0x00,0x00,0x00,0x00,0x01,0xFF,0xE1,0xFF,0xC0,0x00,0x00,0x07,0xFF,0xFF,
  0xFF,0xE0,0x00,0x00,0x1F,0xFF,0xFF,0xFF,0xC0,0x00,0x00,0x7F,0xFF,0xFF,0xFF,0xC0,0x00,0x01,0xFF,0xFF,0xFF,0xFF,0x80,0x00,
  0x07,0xFF,0xFF,0xFF,0xFE,0x00,0x00,0x1F,0xFE,0x00,0x7F,0xFC,0x00,0x00,0x7F,0xF8,0x00,0xFF,0xF0,0x00,0x01,0xFF,0xE0,0x01,
  0xFF,0xE0,0x00,0x07,0xFF,0x80,0x07,0xFF,0x80,0x00,0x1F,0xFE,0x00,0x0F,0xFE,0x00,0x00,0x7F,0xF8,0x00,0x3F,0xFC,0x00,0x01,
  0xFF,0xE0,0x00,0xFF,0xF0,0x00,0x07,0xFF,0x80,0x03,0xFF,0xC0,0x00,0x1F,0xFE,0x00,0x0F,0xFF,0x00,0x00,0x7F,0xF8,0x00,0x3F,
  0xFC,0x00,0x01,0xFF,0xE0,0x00,0xFF,0xF0,0x00,0x07,0xFF,0x80,0x03,0xFF,0xC0,0x00,0x1F,0xFE,0x00,0x0F,0xFF,0x00,0x00,0x7F,
  0xF8,0x00,0x3F,0xFC,0x00,0x01,0xFF,0xE0,0x00,0xFF,0xF0,0x00,0x07,0xFF,0x80,0x03,0xFF,0xC0,0x00,0x1F,0xFE,0x00,0x0F,0xFF,
  0x00,0x00,0x7F,0xF8,0x00,0x3F,0xFC,0x00,0x01,0xFF,0xE0,0x00,0xFF,0xF0,0x00,0x07,0xFF,0x80,0x03,0xFF,0xC0,0x00,0x1F,0xFE,
  0x00,0x0F,0xFF,0x00,0x00,0x7F,0xF8,0x00,0x3F,0xFC,0x00,0x01,0xFF,0xE0,0x00,0xFF,0xF0,0x00,0x1F,0xFF,0xC0,0x03,0xFF,0xC0,
  0x07,0xFF,0xFF,0xF8,0x0F,0xFF,0x00,0x3F,0xFF,0xFF,0xE0,0x3F,0xFC,0x00,0xFF,0xFF,0xFF,0x80,0xFF,0xF0,0x00,0x00,0x00,0x00,
  0x03,0xFF,0xC0,0x00,0x00,0x00,0x00,0x0F,0xFF,0x00,0x00,0x00,0x00,0x00,0x3F,0xFC,0x00,0x00,0x00,0x00,0x00,0xFF,0xF0,0x00,
  0x00,0x00,0x00,0x03,0xFF,0x80,0x00,0x00,0x07,0x00,0x0F,0xFE,0x00,0x00,0x00,0x1C,0x00,0x3F,0xF8,0x00,0x00,0x00,0x78,0x00,
  0xFF,0xE0,0x00,0x00,0x01,0xE0,0x03,0xFF,0x00,0x00,0x00,0x07,0x80,0x1F,0xFC,0x00,0x00,0x00,0x1E,0x00,0x7F,0xE0,0x00,0x00,
  0x00,0x7C,0x03,0xFF,0x00,0x00,0x00,0x01,0xF8,0x3F,0xF8,0x00,0x00,0x00,0x07,0xFF,0xFF,0xC0,0x00,0x00,0x00,0x1F,0xFF,0xFE,
  0x00,0x00,0x00,0x00,0x7F,0xFF,0xE0,0x00,0x00,0x00,0x00,0x3F,0xFC,0x00,0x00,0x00,0x00,0x00,0xFF,0xE0,0x00,0x00,0x00,0x3F,
  0xFC,0x00,0x00,0x00,0x07,0xFE,0x00,0x00,0x00,0x01,0xFF,0x80,0x00,0x00,0x00,0x3F,0xE0,0x00,0x00,0x00,0x0F,0xF0,0x00,0x00,
  0x00,0x03,0xFC,0x00,0x00,0x00,0x00,0x7E,0x00,0x00,0x00,0x00,0x1F,0x80,0x00,0x00,0x00,0x07,0xE0,0x00,0x00,0x00,0x00,0xF0,
  0x00,0x00,0x00,0x00,0x00,0x00,0x00,0x00,0x00,0x00,0x00,0x00,0x00,0x00,0x00,0x00,0x00,0x00,0x00,0x00,0x00,0x00,0x00,0x07,
  0xFF,0xFF,0xFF,0xFF,0xFF,0xFF,0xFF,0xFF,0xFF,0xFF,0xFF,0xFF,0xFF,0xFF,0xFF,0xFC,0x1F,0xFF,0xFF,0xFF,0xFF,0x80,0xFF,0xF0,
  0x00,0x07,0xF0,0x1F,0xFE,0x00,0x00,0x3E,0x03,0xFF,0xC0,0x00,0x07,0xC0,0x7F,0xF8,0x00,0x00,0xF8,0x0F,0xFF,0x00,0x00,0x1F,
  0x01,0xFF,0xE0,0x00,0x01,0xE0,0x3F,0xFC,0x00,0x00,0x3C,0x07,0xFF,0x80,0x00,0x07,0x80,0xFF,0xF0,0x00,0x00,0xF0,0x1F,0xFE,
  0x00,0x00,0x1E,0x03,0xFF,0xC0,0x00,0x01,0xC0,0x7F,0xF8,0x00,0x00,0x00,0x0F,0xFF,0x00,0x00,0x00,0x01,0xFF,0xE0,0x00,0x00,
  0x00,0x3F,0xFC,0x00,0x00,0x00,0x07,0xFF,0x80,0x00,0x00,0x00,0xFF,0xF0,0x00,0x00,0x00,0x1F,0xFE,0x00,0x00,0x00,0x03,0xFF,
  0xC0,0x00,0x00,0x00,0x7F,0xF8,0x00,0x00,0x00,0x0F,0xFF,0x00,0x00,0x00,0x01,0xFF,0xE0,0x00,0x00,0x00,0x3F,0xFC,0x00,0x00,
  0x00,0x07,0xFF,0x80,0x00,0x00,0x00,0xFF,0xF0,0x00,0x00,0x00,0x1F,0xFE,0x00,0x00,0x00,0x03,0xFF,0xC0,0x00,0x00,0x00,0x7F,
  0xF8,0x00,0x00,0x00,0x0F,0xFF,0x00,0x00,0x00,0x01,0xFF,0xE0,0x00,0x00,0x00,0x3F,0xFC,0x00,0x00,0x00,0x07,0xFF,0x80,0x00,
  0x00,0x00,0xFF,0xF0,0x00,0x00,0x00,0x1F,0xFE,0x00,0x00,0x00,0x03,0xFF,0xC0,0x00,0x00,0x00,0x7F,0xF8,0x00,0x00,0x00,0x0F,
  0xFF,0x00,0x00,0x00,0x01,0xFF,0xE0,0x00,0x00,0x00,0x3F,0xFC,0x00,0x00,0x00,0x07,0xFF,0x80,0x00,0x00,0x00,0xFF,0xF0,0x00,
  0x00,0x00,0x1F,0xFE,0x00,0x00,0x00,0x0F,0xFF,0xE0,0x00,0x00,0x3F,0xFF,0xFF,0xF0,0x00,0x07,0xFF,0xFF,0xFE,0x00,0x00,0xFF,
  0xFF,0xFF,0xC0,0x00,0x00,0x00,0x00,0x3F,0xFF,0x80,0x00,0x00,0x7F,0xFF,0xFF,0x80,0x00,0x3F,0xFF,0xFF,0xFF,0x00,0x1F,0xFF,
  0xFF,0xFF,0xE0,0x07,0xFF,0xE0,0x0F,0xFC,0x03,0xFF,0xE0,0x00,0x3F,0x80,0xFF,0xF8,0x00,0x01,0xF0,0x3F,0xFC,0x00,0x00,0x1E,
  0x07,0xFF,0x00,0x00,0x03,0xC1,0xFF,0xE0,0x00,0x00,0x78,0x7F,0xF8,0x00,0x00,0x0F,0x0F,0xFF,0x00,0x00,0x01,0xE3,0xFF,0xC0,
  0x00,0x00,0x3C,0x7F,0xF8,0x00,0x00,0x03,0x9F,0xFE,0x00,0x00,0x00,0x73,0xFF,0xC0,0x00,0x00,0x00,0x7F,0xF8,0x00,0x00,0x00,
  0x0F,0xFF,0x00,0x00,0x00,0x03,0xFF,0xE0,0x00,0x00,0x00,0x7F,0xF8,0x00,0x00,0x00,0x0F,0xFF,0x00,0x00,0x00,0x01,0xFF,0xE0,
  0x00,0x00,0x00,0x3F,0xFC,0x00,0x00,0x00,0x07,0xFF,0xFF,0xFF,0xF0,0x00,0xFF,0xFF,0xFF,0xFE,0x00,0x1F,0xFF,0xFF,0xFF,0xC0,
  0x03,0xFF,0xFF,0xFF,0xF8,0x00,0x7F,0xF8,0x00,0x00,0x00,0x0F,0xFF,0x00,0x00,0x00,0x01,0xFF,0xE0,0x00,0x00,0x00,0x3F,0xFC,
  0x00,0x00,0x00,0x07,0xFF,0x80,0x00,0x00,0x00,0xFF,0xF0,0x00,0x00,0x00,0x1F,0xFF,0x00,0x00,0x00,0x01,0xFF,0xE0,0x00,0x00,
  0x00,0x3F,0xFC,0x00,0x00,0x00,0x07,0xFF,0x80,0x00,0x00,0x0E,0xFF,0xF8,0x00,0x00,0x03,0xCF,0xFF,0x00,0x00,0x00,0x79,0xFF,
  0xE0,0x00,0x00,0x0F,0x1F,0xFE,0x00,0x00,0x01,0xE3,0xFF,0xC0,0x00,0x00,0x3C,0x3F,0xFC,0x00,0x00,0x07,0x83,0xFF,0xC0,0x00,
  0x01,0xF0,0x3F,0xFC,0x00,0x00,0x3E,0x03,0xFF,0xC0,0x00,0x0F,0xC0,0x3F,0xFC,0x00,0x07,0xF8,0x03,0xFF,0xF0,0x07,0xFF,0x00,
  0x3F,0xFF,0xFF,0xFF,0xE0,0x01,0xFF,0xFF,0xFF,0xF0,0x00,0x07,0xFF,0xFF,0xF0,0x00,0x00,0x0F,0xFF,0x80,0x00,0x00,0x0F,0xFF,
  0xC0,0x00,0x1F,0xFF,0xFF,0xC0,0x0F,0xFF,0xFF,0xFC,0x03,0xFF,0xFF,0xFF,0x80,0xFF,0x80,0x3F,0xF0,0x3F,0xC0,0x00,0xFE,0x0F,
  0xF0,0x00,0x0F,0xC1,0xFC,0x00,0x00,0xF8,0x7F,0x80,0x00,0x1F,0x0F,0xF0,0x00,0x03,0xE1,0xFE,0x00,0x00,0x3C,0x7F,0xC0,0x00,
  0x07,0x8F,0xF8,0x00,0x00,0xF1,0xFF,0x00,0x00,0x0C,0x3F,0xF0,0x00,0x00,0x07,0xFF,0x00,0x00,0x00,0xFF,0xF0,0x00,0x00,0x0F,
  0xFF,0x80,0x00,0x01,0xFF,0xFE,0x00,0x00,0x3F,0xFF,0xF8,0x00,0x03,0xFF,0xFF,0xE0,0x00,0x7F,0xFF,0xFF,0x00,0x07,0xFF,0xFF,
  0xF8,0x00,0x7F,0xFF,0xFF,0xC0,0x07,0xFF,0xFF,0xFC,0x00,0x7F,0xFF,0xFF,0xC0,0x07,0xFF,0xFF,0xFC,0x00,0x3F,0xFF,0xFF,0xC0,
  0x01,0xFF,0xFF,0xF8,0x00,0x07,0xFF,0xFF,0x80,0x00,0x1F,0xFF,0xF0,0x00,0x00,0xFF,0xFF,0x00,0x00,0x03,0xFF,0xE0,0x00,0x00,
  0x3F,0xFC,0x00,0x00,0x01,0xFF,0x80,0x00,0x00,0x1F,0xFE,0x00,0x00,0x03,0xFF,0xE0,0x00,0x00,0x3F,0xFC,0x00,0x00,0x07,0xFF,
  0x80,0x00,0x00,0xFF,0xF0,0x00,0x00,0x1F,0xFF,0x00,0x00,0x03,0xFB,0xE0,0x00,0x00,0xFF,0x7C,0x00,0x00,0x1F,0xEF,0xC0,0x00,
  0x07,0xF9,0xFC,0x00,0x00,0xFF,0x3F,0xE0,0x00,0x7F,0xC7,0xFF,0x00,0x3F,0xF0,0xFF,0xFF,0xFF,0xFC,0x1F,0xFF,0xFF,0xFE,0x00,
  0x3F,0xFF,0xFF,0x00,0x00,0x3F,0xFF,0x00,0x00,0xFF,0xFF,0xFF,0xFF,0xFF,0xFF,0xDF,0xFF,0xFF,0xE0,0xFF,0xFF,0x00,0x1F,0xFE,
  0x00,0x0F,0xFF,0x00,0x07,0xFF,0x80,0x03,0xFF,0xC0,0x01,0xFF,0xE0,0x00,0xFF,0xF0,0x00,0x7F,0xF8,0x00,0x3F,0xFC,0x00,0x1F,
  0xFE,0x00,0x0F,0xFF,0x00,0x07,0xFF,0x80,0x03,0xFF,0xC0,0x01,0xFF,0xE0,0x00,0xFF,0xF0,0x00,0x7F,0xF8,0x00,0x3F,0xFC,0x00,
  0x1F,0xFE,0x00,0x0F,0xFF,0x00,0x07,0xFF,0x80,0x03,0xFF,0xC0,0x01,0xFF,0xE0,0x00,0xFF,0xF0,0x00,0x7F,0xF8,0x00,0x3F,0xFC,
  0x00,0x1F,0xFE,0x00,0x0F,0xFF,0x00,0x07,0xFF,0x80,0x03,0xFF,0xC0,0x01,0xFF,0xE0,0x00,0xFF,0xF0,0x00,0x7F,0xF8,0x00,0x3F,
  0xFC,0x00,0x1F,0xFE,0x00,0x0F,0xFF,0x00,0x07,0xFF,0x80,0x03,0xFF,0xC0,0x01,0xFF,0xE0,0x00,0xFF,0xF0,0x00,0x7F,0xF8,0x00,
  0x3F,0xFC,0x00,0x1F,0xFE,0x00,0x0F,0xFF,0x00,0x1F,0xFF,0xE0,0xFF,0xFF,0xFF,0xFF,0xFF,0xFF,0xFF,0xFF,0xFF,0xC0,0x07,0x00,
  0x78,0x0F,0xE0,0x7E,0x0F,0xF0,0x7F,0x87,0xFC,0x3F,0xC3,0xFE,0x3F,0xE1,0xFF,0x0F,0xF0,0xFF,0x87,0xF8,0x3F,0x81,0xF8,0x0F,
  0x80,0x78,0x00,0x00,0x00,0x00,0x00,0x00,0x00,0x00,0x00,0x00,0x00,0x00,0x07,0xFF,0xFF,0xFF,0xFF,0xFF,0xFE,0xFF,0xFF,0xFF,
  0x07,0xFF,0xF8,0x00,0xFF,0xF0,0x00,0x7F,0xF8,0x00,0x3F,0xFC,0x00,0x1F,0xFE,0x00,0x0F,0xFF,0x00,0x07,0xFF,0x80,0x03,0xFF,
  0xC0,0x01,0xFF,0xE0,0x00,0xFF,0xF0,0x00,0x7F,0xF8,0x00,0x3F,0xFC,0x00,0x1F,0xFE,0x00,0x0F,0xFF,0x00,0x07,0xFF,0x80,0x03,
  0xFF,0xC0,0x01,0xFF,0xE0,0x00,0xFF,0xF0,0x00,0x7F,0xF8,0x00,0x3F,0xFC,0x00,0x1F,0xFE,0x00,0x0F,0xFF,0x00,0x07,0xFF,0x80,
  0x03,0xFF,0xC0,0x01,0xFF,0xE0,0x00,0xFF,0xF0,0x00,0x7F,0xF8,0x00,0x3F,0xFC,0x00,0x1F,0xFE,0x00,0x0F,0xFF,0x00,0x07,0xFF,
  0x80,0x03,0xFF,0xC0,0x01,0xFF,0xE0,0x00,0xFF,0xF0,0x00,0x7F,0xF8,0x00,0x3F,0xFC,0x00,0x1F,0xFE,0x00,0x0F,0xFF,0x00,0x07,
  0xFF,0x80,0x03,0xFF,0xC0,0x01,0xFF,0xE0,0x00,0xFF,0xF0,0x00,0x7F,0xF8,0x00,0xFF,0xFF,0x07,0xFF,0xFF,0xFF,0xFF,0xFF,0xFF,
  0xFF,0xFF,0xFE,0x00,0x7F,0xFF,0xFF,0x80,0x3F,0xFF,0xFF,0xC0,0x1F,0xFF,0xFF,0xE0,0x00,0x7F,0xFF,0x00,0x00,0x0F,0xFE,0x00,
  0x00,0x07,0xFF,0x00,0x00,0x03,0xFF,0x80,0x00,0x01,0xFF,0xC0,0x00,0x00,0xFF,0xE0,0x00,0x00,0x7F,0xF0,0x00,0x00,0x3F,0xF8,
  0x00,0x00,0x1F,0xFC,0x00,0x00,0x0F,0xFE,0x00,0x00,0x07,0xFF,0x00,0x00,0x03,0xFF,0x80,0x00,0x01,0xFF,0xC0,0x00,0x00,0xFF,
  0xE0,0x00,0x00,0x7F,0xF0,0x00,0x00,0x3F,0xF8,0x00,0x00,0x1F,0xFC,0x00,0x00,0x0F,0xFE,0x00,0x00,0x07,0xFF,0x00,0x00,0x03,
  0xFF,0x80,0x00,0x01,0xFF,0xC0,0x00,0x00,0xFF,0xE0,0x00,0x00,0x7F,0xF0,0x00,0x00,0x3F,0xF8,0x00,0x00,0x1F,0xFC,0x00,0x00,
  0x0F,0xFE,0x00,0x00,0x07,0xFF,0x00,0x00,0x03,0xFF,0x80,0x00,0x01,0xFF,0xC0,0x00,0x00,0xFF,0xE0,0x00,0x00,0x7F,0xF0,0x00,
  0x00,0x3F,0xF8,0x00,0x00,0x1F,0xFC,0x00,0x00,0x0F,0xFE,0x00,0x00,0x07,0xFF,0x00,0x00,0x03,0xFF,0x81,0xE0,0x01,0xFF,0xC0,
  0xF0,0x01,0xFF,0xC0,0x78,0x00,0xFF,0xE0,0x3C,0x00,0x7F,0xF0,0x1F,0x00,0x3F,0xF0,0x0F,0x80,0x3F,0xF8,0x07,0xC0,0x1F,0xF8,
  0x03,0xF8,0x3F,0xF8,0x01,0xFF,0xFF,0xF8,0x00,0xFF,0xFF,0xF0,0x00,0x7F,0xFF,0xF0,0x00,0x07,0xFF,0xC0,0x00,0x00,0x00,0x3F,
  0xFF,0xFF,0xFF,0xFF,0xFF,0x80,0x00,0x00,0x1F,0xFF,0xFF,0xFF,0xFF,0xFF,0xC0,0x00,0x00,0x0F,0xFF,0xFF,0xFF,0xFF,0xFF,0xC0,
  0x00,0x00,0x00,0x3F,0xFF,0xFF,0xFF,0xF8,0x00,0x00,0x00,0x00,0x07,0xC0,0x00,0xFF,0xF0,0x00,0x00,0x00,0x00,0x03,0xE0,0x00,
  0x7F,0xF8,0x00,0x00,0x00,0x00,0x01,0xE0,0x00,0x3F,0xFC,0x00,0x00,0x00,0x00,0x00,0xF0,0x00,0x1F,0xFE,0x00,0x00,0x00,0x00,
  0x00,0x78,0x00,0x0F,0xFF,0x00,0x00,0x00,0x00,0x00,0x3C,0x00,0x07,0xFF,0x80,0x00,0x00,0x00,0x00,0x3E,0x00,0x03,0xFF,0xC0,
  0x00,0x00,0x00,0x00,0x1F,0x00,0x01,0xFF,0xE0,0x00,0x00,0x00,0x00,0x0F,0x80,0x00,0xFF,0xF0,0x00,0x00,0x00,0x00,0x07,0xC0,
  0x00,0x7F,0xF8,0x00,0x00,0x00,0x00,0x03,0xE0,0x00,0x3F,0xFC,0x00,0x00,0x00,0x00,0x01,0xF0,0x00,0x1F,0xFE,0x00,0x00,0x00,
  0x00,0x00,0xF8,0x00,0x0F,0xFF,0x00,0x00,0x00,0x00,0x00,0x7C,0x00,0x07,0xFF,0x80,0x00,0x00,0x00,0x00,0x3C,0x00,0x03,0xFF,
  0xC0,0x00,0x00,0x00,0x00,0x1E,0x00,0x01,0xFF,0xE0,0x00,0x00,0x00,0x00,0x1F,0x00,0x00,0xFF,0xF0,0x00,0x00,0x00,0x00,0x0F,
  0x80,0x00,0x7F,0xFF,0xFF,0x00,0x00,0x00,0x07,0xC0,0x00,0x3F,0xFF,0xFF,0xF8,0x00,0x00,0x03,0xE0,0x00,0x1F,0xFF,0xFF,0xFF,
  0x00,0x00,0x01,0xF0,0x00,0x0F,0xFF,0xFF,0xFF,0xE0,0x00,0x00,0xF8,0x00,0x07,0xFF,0x83,0xFF,0xF8,0x00,0x00,0x78,0x00,0x03,
  0xFF,0xC0,0x3F,0xFF,0x00,0x00,0x3C,0x00,0x01,0xFF,0xE0,0x0F,0xFF,0x80,0x00,0x3E,0x00,0x00,0xFF,0xF0,0x03,0xFF,0xE0,0x00,
  0x1F,0x00,0x00,0x7F,0xF8,0x00,0xFF,0xF8,0x00,0x0F,0x80,0x00,0x3F,0xFC,0x00,0x7F,0xFC,0x00,0x07,0xC0,0x00,0x1F,0xFE,0x00,
  0x1F,0xFE,0x00,0x03,0xE0,0x00,0x0F,0xFF,0x00,0x0F,0xFF,0x00,0x03,0xE0,0x00,0x07,0xFF,0x80,0x07,0xFF,0xC0,0x01,0xF0,0x00,
  0x03,0xFF,0xC0,0x03,0xFF,0xE0,0x00,0xF8,0x00,0x01,0xFF,0xE0,0x01,0xFF,0xF0,0x00,0x7C,0x00,0x00,0xFF,0xF0,0x00,0xFF,0xF8,
  0x00,0x7E,0x00,0x00,0x7F,0xF8,0x00,0x7F,0xFC,0x00,0x3E,0x00,0x00,0x3F,0xFC,0x00,0x3F,0xFE,0x80,0x1F,0x00,0x00,0x1F,0xFE,
  0x00,0x1F,0xFE,0xE0,0x1F,0x80,0x00,0x0F,0xFF,0x00,0x0F,0xFF,0x78,0x0F,0x80,0x00,0x07,0xFF,0x80,0x0F,0xFF,0xBC,0x0F,0xC0,
  0x00,0x03,0xFF,0xC0,0x0F,0xFF,0x9E,0x0F,0xE0,0x00,0x01,0xFF,0xE0,0x07,0xFF,0x8F,0x8F,0xE0,0x00,0x00,0xFF,0xF0,0x0F,0xFF,
  0xC7,0xFF,0xF0,0x00,0x00,0x7F,0xF8,0x1F,0xFF,0xC3,0xFF,0xF0,0x00,0x00,0xFF,0xFF,0xFF,0xFF,0x81,0xFF,0xF0,0x00,0x07,0xFF,
  0xFF,0xFF,0xFF,0x80,0xFF,0xF0,0x00,0x03,0xFF,0xFF,0xFF,0xFE,0x00,0x3F,0xF0,0x00,0x01,0xFF,0xFF,0xFF,0xF0,0x00,0x07,0xE0,
  0x00,0x00,0x00,0x00,0x00,0x00,0x00,0x00,0xFF,0xFF,0xFF,0x03,0xFF,0xFF,0xFC,0x00,0x00,0xFF,0xFF,0xFF,0x03,0xFF,0xFF,0xFC,
  0x00,0x00,0xFF,0xFF,0xFF,0x03,0xFF,0xFF,0xFC,0x00,0x00,0x07,0xFF,0xF0,0x00,0x3F,0xFF,0x80,0x00,0x00,0x01,0xFF,0xC0,0x00,
  0x0F,0xFF,0x00,0x00,0x00,0x01,0xFF,0xC0,0x00,0x0F,0xFF,0x00,0x00,0x00,0x01,0xFF,0xC0,0x00,0x0F,0xFF,0x00,0x00,0x00,0x01,
  0xFF,0xC0,0x00,0x0F,0xFF,0x00,0x00,0x00,0x01,0xFF,0xC0,0x00,0x0F,0xFF,0x00,0x00,0x00,0x01,0xFF,0xC0,0x00,0x0F,0xFF,0x00,
  0x00,0x00,0x01,0xFF,0xC0,0x00,0x0F,0xFF,0x00,0x00,0x00,0x01,0xFF,0xC0,0x00,0x0F,0xFF,0x00,0x00,0x00,0x01,0xFF,0xC0,0x00,
  0x0F,0xFF,0x00,0x00,0x00,0x01,0xFF,0xC0,0x00,0x0F,0xFF,0x00,0x00,0x00,0x01,0xFF,0xC0,0x00,0x0F,0xFF,0x00,0x00,0x00,0x01,
  0xFF,0xC0,0x00,0x0F,0xFF,0x00,0x00,0x00,0x01,0xFF,0xC0,0x00,0x0F,0xFF,0x00,0x00,0x00,0x01,0xFF,0xC0,0x00,0x0F,0xFF,0x00,
  0x00,0x00,0x01,0xFF,0xC0,0x00,0x0F,0xFF,0x00,0x00,0x00,0x01,0xFF,0xC0,0x00,0x0F,0xFF,0x00,0x00,0x00,0x01,0xFF,0xC0,0x00,
  0x0F,0xFF,0x00,0x00,0x00,0x01,0xFF,0xC0,0x00,0x0F,0xFF,0x00,0x00,0x00,0x01,0xFF,0xFF,0xFF,0xFF,0xFF,0xFF,0xC0,0x00,0x01,
  0xFF,0xFF,0xFF,0xFF,0xFF,0xFF,0xFC,0x00,0x01,0xFF,0xFF,0xFF,0xFF,0xFF,0xFF,0xFF,0x80,0x01,0xFF,0xFF,0xFF,0xFF,0xFF,0xFF,
  0xFF,0xE0,0x01,0xFF,0xC0,0x00,0x0F,0xFF,0x0F,0xFF,0xF0,0x01,0xFF,0xC0,0x00,0x0F,0xFF,0x01,0xFF,0xF8,0x01,0xFF,0xC0,0x00,
  0x0F,0xFF,0x00,0x7F,0xFC,0x01,0xFF,0xC0,0x00,0x0F,0xFF,0x00,0x7F,0xFC,0x01,0xFF,0xC0,0x00,0x0F,0xFF,0x00,0x3F,0xFE,0x01,
  0xFF,0xC0,0x00,0x0F,0xFF,0x00,0x1F,0xFE,0x01,0xFF,0xC0,0x00,0x0F,0xFF,0x00,0x1F,0xFE,0x01,0xFF,0xC0,0x00,0x0F,0xFF,0x00,
  0x1F,0xFF,0x01,0xFF,0xC0,0x00,0x0F,0xFF,0x00,0x1F,0xFF,0x01,0xFF,0xC0,0x00,0x0F,0xFF,0x00,0x1F,0xFF,0x01,0xFF,0xC0,0x00,
  0x0F,0xFF,0x00,0x1F,0xFF,0x01,0xFF,0xC0,0x00,0x0F,0xFF,0x00,0x1F,0xFF,0x01,0xFF,0xC0,0x00,0x0F,0xFF,0x00,0x1F,0xFF,0x01,
  0xFF,0xC0,0x00,0x0F,0xFF,0x00,0x1F,0xFE,0x01,0xFF,0xC0,0x00,0x0F,0xFF,0x00,0x1F,0xFE,0x01,0xFF,0xC0,0x00,0x0F,0xFF,0x00,
  0x3F,0xFE,0x01,0xFF,0xC0,0x00,0x0F,0xFF,0x00,0x3F,0xFC,0x01,0xFF,0xC0,0x00,0x0F,0xFF,0x00,0x7F,0xFC,0x01,0xFF,0xC0,0x00,
  0x0F,0xFF,0x00,0xFF,0xF8,0x01,0xFF,0xC0,0x00,0x0F,0xFF,0x03,0xFF,0xF0,0x07,0xFF,0xF0,0x00,0x3F,0xFF,0xFF,0xFF,0xE0,0xFF,
  0xFF,0xFF,0x03,0xFF,0xFF,0xFF,0xFF,0x80,0xFF,0xFF,0xFF,0x03,0xFF,0xFF,0xFF,0xFE,0x00,0xFF,0xFF,0xFF,0x03,0xFF,0xFF,0xFF,
  0xC0,0x00,0xFF,0xFF,0xFF,0xFF,0xFF,0xFE,0x00,0x1F,0xFF,0xFF,0xFF,0xFF,0xFF,0xC0,0x03,0xFF,0xFF,0xFF,0xFF,0xFF,0xF8,0x00,
  0x7F,0xFF,0xFF,0xFF,0xFF,0xFF,0x00,0x0F,0xC0,0x07,0xFF,0x80,0x07,0xE0,0x01,0xE0,0x00,0xFF,0xF0,0x00,0x3C,0x00,0x3C,0x00,
  0x1F,0xFE,0x00,0x07,0x80,0x07,0x80,0x03,0xFF,0xC0,0x00,0xF0,0x00,0xF0,0x00,0x7F,0xF8,0x00,0x1E,0x00,0x1E,0x00,0x0F,0xFF,
  0x00,0x03,0xC0,0x03,0xC0,0x01,0xFF,0xE0,0x00,0x78,0x00,0x78,0x00,0x3F,0xFC,0x00,0x0F,0x00,0x0F,0x00,0x07,0xFF,0x80,0x01,
  0xE0,0x01,0xC0,0x00,0xFF,0xF0,0x00,0x00,0x00,0x00,0x00,0x1F,0xFE,0x00,0x00,0x00,0x00,0x00,0x03,0xFF,0xC0,0x00,0x00,0x00,
  0x00,0x00,0x7F,0xF8,0x00,0x00,0x00,0x00,0x00,0x0F,0xFF,0x1F,0xFC,0x00,0x00,0x00,0x01,0xFF,0xFF,0xFF,0xF0,0x00,0x00,0x00,
  0x3F,0xFF,0xFF,0xFF,0x80,0x00,0x00,0x07,0xFF,0xFF,0xFF,0xF8,0x00,0x00,0x00,0xFF,0xFF,0xFF,0xFF,0x80,0x00,0x00,0x1F,0xFF,
  0xFF,0xFF,0xF8,0x00,0x00,0x03,0xFF,0xC0,0x1F,0xFF,0x80,0x00,0x00,0x7F,0xF8,0x00,0xFF,0xF0,0x00,0x00,0x0F,0xFF,0x00,0x0F,
  0xFF,0x00,0x00,0x01,0xFF,0xE0,0x01,0xFF,0xE0,0x00,0x00,0x3F,0xFC,0x00,0x3F,0xFC,0x00,0x00,0x07,0xFF,0x80,0x03,0xFF,0x80,
  0x00,0x00,0xFF,0xF0,0x00,0x7F,0xF0,0x00,0x00,0x1F,0xFE,0x00,0x0F,0xFF,0x00,0x00,0x03,0xFF,0xC0,0x01,0xFF,0xE0,0x00,0x00,
  0x7F,0xF8,0x00,0x3F,0xFC,0x00,0x00,0x0F,0xFF,0x00,0x07,0xFF,0x80,0x00,0x01,0xFF,0xE0,0x00,0xFF,0xF0,0x00,0x00,0x3F,0xFC,
  0x00,0x1F,0xFE,0x00,0x00,0x07,0xFF,0x80,0x03,0xFF,0xC0,0x00,0x00,0xFF,0xF0,0x00,0x7F,0xF8,0x00,0x00,0x1F,0xFE,0x00,0x0F,
  0xFF,0x00,0x00,0x03,0xFF,0xC0,0x01,0xFF,0xE0,0x00,0x00,0x7F,0xF8,0x00,0x3F,0xFC,0x00,0x00,0x0F,0xFF,0x00,0x07,0xFF,0x80,
  0x00,0x01,0xFF,0xE0,0x00,0xFF,0xF0,0x00,0x00,0x3F,0xFC,0x00,0x1F,0xFE,0x00,0x00,0x07,0xFF,0x80,0x03,0xFF,0xC0,0x00,0x00,
  0xFF,0xF0,0x00,0x7F,0xF8,0x00,0x00,0x7F,0xFF,0x00,0x3F,0xFF,0x80,0x01,0xFF,0xFF,0xFE,0x3F,0xFF,0xFF,0x00,0x3F,0xFF,0xFF,
  0xE7,0xFF,0xFF,0xE0,0x07,0xFF,0xFF,0xFC,0xFF,0xFF,0xFC,0x00,0x00,0x00,0x0F,0xFE,0x00,0x00,0x00,0x00,0x00,0x3F,0xF8,0x00,
  0x00,0x00,0x00,0x01,0xFF,0xC0,0x00,0x00,0x00,0x00,0x0F,0xFC,0x00,0x00,0x00,0x00,0x00,0x3F,0xE0,0x00,0x00,0x00,0x00,0x01,
  0xFF,0x00,0x00,0x00,0x00,0x00,0x07,0xF0,0x00,0x00,0x00,0x00,0x00,0x3F,0x80,0x00,0x00,0x00,0x00,0x01,0xF8,0x00,0x00,0x00,
  0x00,0x00,0x07,0xC0,0x00,0x00,0x00,0x00,0x00,0x3E,0x00,0x00,0x00,0x00,0x00,0x00,0x00,0x00,0x00,0x00,0x00,0x00,0x00,0x00,
  0x00,0x00,0x00,0x00,0x00,0x00,0x00,0x00,0x00,0x00,0x00,0x00,0x00,0x00,0x00,0x00,0x3F,0xFF,0xFF,0xE0,0x07,0xFF,0xFC,0xFF,
  0xFF,0xFF,0x80,0x1F,0xFF,0xF3,0xFF,0xFF,0xFE,0x00,0x7F,0xFF,0xC0,0x7F,0xFF,0x00,0x00,0x1F,0xF0,0x00,0x7F,0xF0,0x00,0x00,
  0x7F,0x00,0x01,0xFF,0xC0,0x00,0x03,0xF0,0x00,0x07,0xFF,0x00,0x00,0x1F,0x80,0x00,0x1F,0xFC,0x00,0x00,0xFC,0x00,0x00,0x7F,
  0xF0,0x00,0x07,0xE0,0x00,0x01,0xFF,0xC0,0x00,0x3F,0x00,0x00,0x07,0xFF,0x00,0x01,0xF8,0x00,0x00,0x1F,0xFC,0x00,0x0F,0xC0,
  0x00,0x00,0x7F,0xF0,0x00,0x7E,0x00,0x00,0x01,0xFF,0xC0,0x03,0xF0,0x00,0x00,0x07,0xFF,0x00,0x1F,0x80,0x00,0x00,0x1F,0xFC,
  0x00,0xFC,0x00,0x00,0x00,0x7F,0xF0,0x07,0xE0,0x00,0x00,0x01,0xFF,0xC0,0x3F,0x00,0x00,0x00,0x07,0xFF,0x01,0xF8,0x00,0x00,
  0x00,0x1F,0xFC,0x0F,0xF0,0x00,0x00,0x00,0x7F,0xF0,0x7F,0xE0,0x00,0x00,0x01,0xFF,0xC3,0xFF,0x80,0x00,0x00,0x07,0xFF,0x3F,
  0xFF,0x00,0x00,0x00,0x1F,0xFD,0xFF,0xFE,0x00,0x00,0x00,0x7F,0xFF,0xFF,0xF8,0x00,0x00,0x01,0xFF,0xFF,0xFF,0xF0,0x00,0x00,
  0x07,0xFF,0xF7,0xFF,0xE0,0x00,0x00,0x1F,0xFF,0x8F,0xFF,0x80,0x00,0x00,0x7F,0xF8,0x1F,0xFF,0x00,0x00,0x01,0xFF,0xC0,0x7F,
  0xFC,0x00,0x00,0x07,0xFF,0x00,0xFF,0xF8,0x00,0x00,0x1F,0xFC,0x01,0xFF,0xF0,0x00,0x00,0x7F,0xF0,0x07,0xFF,0xC0,0x00,0x01,
  0xFF,0xC0,0x0F,0xFF,0x80,0x00,0x07,0xFF,0x00,0x3F,0xFF,0x00,0x00,0x1F,0xFC,0x00,0x7F,0xFC,0x00,0x00,0x7F,0xF0,0x00,0xFF,
  0xF8,0x00,0x01,0xFF,0xC0,0x03,0xFF,0xF0,0x00,0x07,0xFF,0x00,0x07,0xFF,0xC0,0x00,0x1F,0xFC,0x00,0x0F,0xFF,0x80,0x00,0x7F,
  0xF0,0x00,0x3F,0xFF,0x00,0x01,0xFF,0xC0,0x00,0x7F,0xFC,0x00,0x07,0xFF,0x00,0x01,0xFF,0xF8,0x00,0x1F,0xFC,0x00,0x03,0xFF,
  0xF0,0x00,0x7F,0xF0,0x00,0x07,0xFF,0xC0,0x01,0xFF,0xC0,0x00,0x1F,0xFF,0x80,0x1F,0xFF,0xC0,0x00,0x3F,0xFF,0x8F,0xFF,0xFF,
  0xF8,0x00,0x7F,0xFF,0xBF,0xFF,0xFF,0xF0,0x01,0xFF,0xFF,0xFF,0xFF,0xFF,0xC0,0x03,0xFF,0xFC,0x00,0x00,0x1F,0xFC,0x00,0x00,
  0x00,0x00,0x00,0x0F,0xFE,0x00,0x00,0x00,0x00,0x00,0x03,0xFF,0x80,0x00,0x00,0x00,0x00,0x00,0x7F,0xC0,0x00,0x00,0x00,0x00,
  0x00,0x1F,0xF0,0x00,0x00,0x00,0x00,0x00,0x07,0xFC,0x00,0x00,0x00,0x00,0x00,0x00,0xFE,0x00,0x00,0x00,0x00,0x00,0x00,0x3F,
  0x80,0x00,0x00,0x00,0x00,0x00,0x07,0xE0,0x00,0x00,0x00,0x00,0x00,0x01,0xF0,0x00,0x00,0x00,0x00,0x00,0x00,0x78,0x00,0x00,
  0x00,0x00,0x00,0x00,0x00,0x00,0x00,0x00,0x00,0x00,0x00,0x00,0x00,0x00,0x00,0x00,0x00,0x00,0x00,0x00,0x00,0x00,0x00,0x00,
  0x00,0x00,0x00,0x00,0x01,0xFF,0xFF,0xFF,0x01,0xFF,0xFF,0xFF,0xFF,0xFF,0xFF,0x80,0xFF,0xFF,0xFF,0xFF,0xFF,0xFF,0xC0,0x7F,
  0xFF,0xFF,0xC1,0xFF,0xFC,0x00,0x01,0xFF,0xFC,0x00,0x3F,0xF8,0x00,0x00,0x3F,0xFC,0x00,0x1F,0xFC,0x00,0x00,0x1F,0xFE,0x00,
  0x0F,0xFE,0x00,0x00,0x1F,0xFF,0x00,0x07,0xFF,0x00,0x00,0x0F,0xFF,0x80,0x03,0xFF,0x80,0x00,0x0F,0xFF,0xC0,0x01,0xFF,0xC0,
  0x00,0x0F,0xFF,0xE0,0x00,0xFF,0xE0,0x00,0x07,0xFF,0xF0,0x00,0x7F,0xF0,0x00,0x07,0xFF,0xF8,0x00,0x3F,0xF8,0x00,0x07,0xFF,
  0xFC,0x00,0x1F,0xFC,0x00,0x07,0xFF,0xFE,0x00,0x0F,0xFE,0x00,0x03,0xEF,0xFF,0x00,0x07,0xFF,0x00,0x03,0xE7,0xFF,0x80,0x03,
  0xFF,0x80,0x03,0xE3,0xFF,0xC0,0x01,0xFF,0xC0,0x01,0xF1,0xFF,0xE0,0x00,0xFF,0xE0,0x01,0xF0,0xFF,0xF0,0x00,0x7F,0xF0,0x01,
  0xF0,0x7F,0xF8,0x00,0x3F,0xF8,0x00,0xF8,0x3F,0xFC,0x00,0x1F,0xFC,0x00,0xF8,0x1F,0xFE,0x00,0x0F,0xFE,0x00,0xF8,0x0F,0xFF,
  0x00,0x07,0xFF,0x00,0x7C,0x07,0xFF,0x80,0x03,0xFF,0x80,0x7C,0x03,0xFF,0xC0,0x01,0xFF,0xC0,0x7C,0x01,0xFF,0xE0,0x00,0xFF,
  0xE0,0x3E,0x00,0xFF,0xF0,0x00,0x7F,0xF0,0x3E,0x00,0x7F,0xF8,0x00,0x3F,0xF8,0x3E,0x00,0x3F,0xFC,0x00,0x1F,0xFC,0x1F,0x00,
  0x1F,0xFE,0x00,0x0F,0xFE,0x1F,0x00,0x0F,0xFF,0x00,0x07,0xFF,0x1F,0x00,0x07,0xFF,0x80,0x03,0xFF,0x8F,0x80,0x03,0xFF,0xC0,
  0x01,0xFF,0xCF,0x80,0x01,0xFF,0xE0,0x00,0xFF,0xEF,0x80,0x00,0xFF,0xF0,0x00,0x7F,0xFF,0xC0,0x00,0x7F,0xF8,0x00,0x3F,0xFF,
  0xC0,0x00,0x3F,0xFC,0x00,0x1F,0xFF,0xC0,0x00,0x1F,0xFE,0x00,0x0F,0xFF,0xE0,0x00,0x0F,0xFF,0x00,0x07,0xFF,0xE0,0x00,0x07,
  0xFF,0x80,0x03,0xFF,0xE0,0x00,0x03,0xFF,0xC0,0x01,0xFF,0xF0,0x00,0x01,0xFF,0xE0,0x00,0xFF,0xF0,0x00,0x00,0xFF,0xF0,0x00,
  0x7F,0xF0,0x00,0x00,0x7F,0xF8,0x00,0x3F,0xF8,0x00,0x00,0x3F,0xFC,0x00,0x1F,0xFC,0x00,0x00,0x1F,0xFE,0x00,0x3F,0xFF,0x80,
  0x00,0x3F,0xFF,0x83,0xFF,0xFF,0xFE,0x03,0xFF,0xFF,0xFF,0xFF,0xFF,0xFF,0x01,0xFF,0xFF,0xFF,0xFF,0xFF,0xFF,0x80,0xFF,0xFF,
  0xFF,0x80,0x00,0x03,0xFC,0x00,0x1F,0xE0,0x00,0x00,0x1F,0xC0,0x01,0xFE,0x00,0x00,0x01,0xFE,0x00,0x1F,0xE0,0x00,0x00,0x1F,
  0xE0,0x01,0xFE,0x00,0x00,0x01,0xFE,0x00,0x3F,0xC0,0x00,0x00,0x0F,0xF0,0x03,0xFC,0x00,0x00,0x00,0xFF,0x80,0xFF,0x80,0x00,
  0x00,0x07,0xFF,0x7F,0xF0,0x00,0x00,0x00,0x1F,0xFF,0xFE,0x00,0x00,0x00,0x00,0xFF,0xFF,0x80,0x00,0x00,0x00,0x01,0xFF,0xC0,
  0x00,0x00,0x00,0x00,0x00,0x00,0x00,0x00,0x00,0x00,0x00,0x00,0x00,0x00,0x00,0x00,0x00,0x00,0x00,0x00,0x00,0x00,0x00,0x00,
  0x00,0x00,0x00,0x0F,0xFF,0xFF,0xFC,0x01,0xFF,0xFF,0xFF,0xFF,0xFF,0xC0,0x1F,0xFF,0xFF,0xFF,0xFF,0xFC,0x01,0xFF,0xFF,0x0F,
  0xFF,0xF8,0x00,0x00,0xFF,0x00,0x3F,0xFF,0x00,0x00,0x07,0xE0,0x01,0xFF,0xF0,0x00,0x00,0xFC,0x00,0x1F,0xFF,0x80,0x00,0x0F,
  0xC0,0x00,0xFF,0xF8,0x00,0x01,0xF8,0x00,0x0F,0xFF,0xC0,0x00,0x1F,0x00,0x00,0x7F,0xFC,0x00,0x03,0xF0,0x00,0x03,0xFF,0xE0,
  0x00,0x3E,0x00,0x00,0x3F,0xFE,0x00,0x07,0xE0,0x00,0x01,0xFF,0xF0,0x00,0x7C,0x00,0x00,0x1F,0xFF,0x00,0x0F,0xC0,0x00,0x00,
  0xFF,0xF8,0x00,0xF8,0x00,0x00,0x0F,0xFF,0xC0,0x1F,0x80,0x00,0x00,0x7F,0xFC,0x01,0xF0,0x00,0x00,0x03,0xFF,0xE0,0x3F,0x00,
  0x00,0x00,0x3F,0xFE,0x03,0xE0,0x00,0x00,0x01,0xFF,0xF0,0x7E,0x00,0x00,0x00,0x1F,0xFF,0x07,0xC0,0x00,0x00,0x00,0xFF,0xF8,
  0xFC,0x00,0x00,0x00,0x0F,0xFF,0x8F,0x80,0x00,0x00,0x00,0x7F,0xFD,0xF0,0x00,0x00,0x00,0x03,0xFF,0xFF,0x00,0x00,0x00,0x00,
  0x3F,0xFF,0xE0,0x00,0x00,0x00,0x01,0xFF,0xFE,0x00,0x00,0x00,0x00,0x1F,0xFF,0xC0,0x00,0x00,0x00,0x00,0xFF,0xFC,0x00,0x00,
  0x00,0x00,0x0F,0xFF,0x80,0x00,0x00,0x00,0x00,0x7F,0xF8,0x00,0x00,0x00,0x00,0x03,0xFF,0x00,0x00,0x00,0x00,0x00,0x3F,0xF0,
  0x00,0x00,0x00,0x00,0x01,0xFE,0x00,0x00,0x00,0x00,0x00,0x1F,0xE0,0x00,0x00,0x00,0x00,0x00,0xFC,0x00,0x00,0x00,0x00,0x00,
  0x0F,0xC0,0x00,0x00,0x00,0x00,0x01,0xF8,0x00,0x00,0x00,0x00,0x00,0x1F,0x00,0x00,0x00,0x01,0x80,0x03,0xF0,0x00,0x00,0x00,
  0x1C,0x00,0x7E,0x00,0x00,0x00,0x01,0xC0,0x07,0xE0,0x00,0x00,0x00,0x1E,0x00,0xFC,0x00,0x00,0x00,0x01,0xE0,0x1F,0x80,0x00,
  0x00,0x00,0x1F,0x07,0xF8,0x00,0x00,0x00,0x01,0xFF,0xFF,0x00,0x00,0x00,0x00,0x1F,0xFF,0xE0,0x00,0x00,0x00,0x01,0xFF,0xFC,
  0x00,0x00,0x00,0x00,0x1F,0xFF,0x80,0x00,0x00,0x00,0x01,0xFF,0xF0,0x00,0x00,0x00,0x00,0x03,0xF8,0x00,0x00,0x00,0x00,0xFF,
  0xFF,0xFF,0x80,0xFF,0xFF,0xFF,0xFF,0xFF,0xFF,0xC0,0x7F,0xFF,0xFF,0xFF,0xFF,0xFF,0xE0,0x3F,0xFF,0xFF,0xE0,0xFF,0xFE,0x00,
  0x00,0xFF,0xFE,0x00,0x1F,0xFC,0x00,0x00,0x1F,0xFE,0x00,0x0F,0xFE,0x00,0x00,0x0F,0xFF,0x00,0x07,0xFF,0x00,0x00,0x07,0xFF,
  0x80,0x03,0xFF,0x80,0x00,0x03,0xFF,0xC0,0x01,0xFF,0xC0,0x00,0x01,0xFF,0xE0,0x00,0xFF,0xE0,0x00,0x00,0xFF,0xF0,0x00,0x7F,
  0xF0,0x00,0x00,0x7F,0xF8,0x00,0x3F,0xF8,0x00,0x00,0x3F,0xFC,0x00,0x1F,0xFC,0x00,0x00,0x1F,0xFE,0x00,0x0F,0xFE,0x00,0x00,
  0x0F,0xFF,0x00,0x07,0xFF,0x00,0x00,0x07,0xFF,0x80,0x03,0xFF,0x80,0x00,0x03,0xFF,0xC0,0x01,0xFF,0xC0,0x00,0x01,0xFF,0xE0,
  0x00,0xFF,0xE0,0x00,0x00,0xFF,0xF0,0x00,0x7F,0xF0,0x00,0x00,0x7F,0xF8,0x00,0x3F,0xF8,0x00,0x00,0x3F,0xFC,0x00,0x1F,0xFC,
  0x00,0x00,0x1F,0xFE,0x00,0x0F,0xFE,0x00,0x00,0x0F,0xFF,0x00,0x07,0xFF,0x00,0x00,0x07,0xFF,0x80,0x03,0xFF,0x80,0x00,0x03,
  0xFF,0xC0,0x01,0xFF,0xC0,0x00,0x01,0xFF,0xE0,0x00,0xFF,0xE0,0x00,0x00,0xFF,0xF0,0x00,0x7F,0xF0,0x00,0x00,0x7F,0xF8,0x00,
  0x3F,0xF8,0x00,0x00,0x3F,0xFC,0x00,0x1F,0xFC,0x00,0x00,0x1F,0xFE,0x00,0x0F,0xFE,0x00,0x00,0x0F,0xFF,0x00,0x07,0xFF,0x00,
  0x00,0x07,0xFF,0x80,0x03,0xFF,0x80,0x00,0x03,0xFF,0xC0,0x01,0xFF,0xC0,0x00,0x01,0xFF,0xE0,0x00,0xFF,0xE0,0x00,0x00,0xFF,
  0xF0,0x00,0x7F,0xF0,0x00,0x00,0x7F,0xF8,0x00,0x3F,0xF8,0x00,0x00,0x3F,0xFC,0x00,0x1F,0xFC,0x00,0x00,0x1F,0xFE,0x00,0x0F,
  0xFE,0x00,0x00,0x0F,0xFF,0x00,0x07,0xFF,0x00,0x00,0x07,0xFF,0x80,0x03,0xFF,0x80,0x00,0x03,0xFF,0xC0,0x01,0xFF,0xC0,0x00,
  0x01,0xFF,0xE0,0x00,0xFF,0xE0,0x00,0x00,0xFF,0xF0,0x00,0x7F,0xF0,0x00,0x00,0x7F,0xF8,0x00,0x3F,0xF8,0x00,0x00,0x3F,0xFC,
  0x00,0x1F,0xFC,0x00,0x00,0x1F,0xFE,0x00,0x0F,0xFF,0x00,0x00,0x0F,0xFF,0x00,0x1F,0xFF,0xFF,0xFF,0xFF,0xFF,0xC1,0xFF,0xFF,
  0xFF,0xFF,0xFF,0xFF,0xFF,0xFF,0xFF,0xFF,0xFF,0xFF,0xFF,0xFF,0xFF,0xFF,0xFF,0xFF,0xFF,0xFF,0xFF,0xC0,0x00,0x00,0x7F,0xF0,
  0x00,0x00,0x00,0x00,0x00,0x3F,0xF8,0x00,0x00,0x00,0x00,0x00,0x1F,0xFC,0x00,0x00,0x00,0x00,0x00,0x07,0xFC,0x00,0x00,0x00,
  0x00,0x00,0x03,0xFE,0x00,0x00,0x00,0x00,0x00,0x01,0xFF,0x00,0x00,0x00,0x00,0x00,0x00,0xFF,0x80,0x00,0x00,0x00,0x00,0x00,
  0x3F,0x80,0x00,0x00,0x00,0x00,0x00,0x1F,0xC0,0x00,0x00,0x00,0x00,0x00,0x0F,0xE0,0x00,0x00,0x00,0x00,0x00,0x07,0xF0,0x00,
  0x00,0x00,0x00,0x00,0x01,0xF8,0x00,0x00,0x00,0x00,0x00,0x00,0xF8,0x00,0x00,0x00,0x00,0x00,0x00,0x7C,0x00,0x00,0x00,0x00,
  0x00,0x00,0x3E,0x00,0x00,0x00,0x00,0x00,0x00,0x07,0xFF,0x00,0x00,0x00,0x00,0x00,0x3F,0xFC,0x00,0x00,0x00,0x00,0x03,0xFF,
  0xE0,0x00,0x00,0x00,0x00,0x1F,0xFF,0x00,0x00,0x00,0x00,0x01,0xFF,0xFC,0x00,0x00,0x00,0x00,0x0F,0xFF,0xE0,0x00,0x00,0x00,
  0x00,0x7F,0xFF,0x00,0x00,0x00,0x00,0x07,0xFF,0xFC,0x00,0x00,0x00,0x00,0x3D,0xFF,0xE0,0x00,0x00,0x00,0x01,0xEF,0xFF,0x80,
  0x00,0x00,0x00,0x1F,0x3F,0xFC,0x00,0x00,0x00,0x00,0xF1,0xFF,0xE0,0x00,0x00,0x00,0x0F,0x8F,0xFF,0x80,0x00,0x00,0x00,0x7C,
  0x3F,0xFC,0x00,0x00,0x00,0x03,0xC1,0xFF,0xE0,0x00,0x00,0x00,0x3E,0x07,0xFF,0x80,0x00,0x00,0x01,0xF0,0x3F,0xFC,0x00,0x00,
  0x00,0x0F,0x01,0xFF,0xF0,0x00,0x00,0x00,0xF8,0x07,0xFF,0x80,0x00,0x00,0x07,0x80,0x3F,0xFC,0x00,0x00,0x00,0x7C,0x01,0xFF,
  0xF0,0x00,0x00,0x03,0xE0,0x07,0xFF,0x80,0x00,0x00,0x1E,0x00,0x3F,0xFC,0x00,0x00,0x01,0xF0,0x01,0xFF,0xF0,0x00,0x00,0x0F,
  0x80,0x07,0xFF,0x80,0x00,0x00,0x78,0x00,0x3F,0xFC,0x00,0x00,0x07,0xC0,0x01,0xFF,0xF0,0x00,0x00,0x3E,0x00,0x07,0xFF,0x80,
  0x00,0x03,0xE0,0x00,0x3F,0xFE,0x00,0x00,0x1F,0x00,0x00,0xFF,0xF0,0x00,0x00,0xFF,0xFF,0xFF,0xFF,0x80,0x00,0x0F,0xFF,0xFF,
  0xFF,0xFE,0x00,0x00,0x7F,0xFF,0xFF,0xFF,0xF0,0x00,0x03,0xFF,0xFF,0xFF,0xFF,0x80,0x00,0x3E,0x00,0x00,0x3F,0xFE,0x00,0x01,
  0xF0,0x00,0x00,0xFF,0xF0,0x00,0x1F,0x00,0x00,0x07,0xFF,0xC0,0x00,0xF8,0x00,0x00,0x3F,0xFE,0x00,0x07,0xC0,0x00,0x00,0xFF,
  0xF0,0x00,0x7C,0x00,0x00,0x07,0xFF,0xC0,0x03,0xE0,0x00,0x00,0x3F,0xFE,0x00,0x1F,0x00,0x00,0x00,0xFF,0xF0,0x01,0xF0,0x00,
  0x00,0x07,0xFF,0xC0,0x0F,0x80,0x00,0x00,0x3F,0xFE,0x00,0xFC,0x00,0x00,0x00,0xFF,0xF8,0x07,0xC0,0x00,0x00,0x07,0xFF,0xC0,
  0x3E,0x00,0x00,0x00,0x1F,0xFE,0x07,0xF8,0x00,0x00,0x03,0xFF,0xFC,0xFF,0xFE,0x00,0x01,0xFF,0xFF,0xFF,0xFF,0xF0,0x00,0x0F,
  0xFF,0xFF,0xFF,0xFF,0x80,0x00,0x7F,0xFF,0xFE,0xFF,0xFF,0xFF,0xFF,0xFF,0xC7,0xFF,0xFF,0xFF,0xFF,0xFE,0x3F,0xFF,0xFF,0xFF,
  0xFF,0xF0,0x0F,0xFF,0xFF,0xFF,0xFF,0x80,0x1F,0xFC,0x00,0x01,0xFC,0x00,0xFF,0xE0,0x00,0x03,0xE0,0x07,0xFF,0x00,0x00,0x1F,
  0x00,0x3F,0xF8,0x00,0x00,0xF8,0x01,0xFF,0xC0,0x00,0x03,0xC0,0x0F,0xFE,0x00,0x00,0x1E,0x00,0x7F,0xF0,0x00,0x00,0xF0,0x03,
  0xFF,0x80,0x00,0x03,0x80,0x1F,0xFC,0x00,0x00,0x00,0x00,0xFF,0xE0,0x00,0x00,0x00,0x07,0xFF,0x00,0x00,0x00,0x00,0x3F,0xF8,
  0x00,0x00,0x00,0x01,0xFF,0xC0,0x00,0x00,0x00,0x0F,0xFE,0x00,0x00,0x00,0x00,0x7F,0xF0,0x00,0x00,0x00,0x03,0xFF,0x80,0x00,
  0x00,0x00,0x1F,0xFC,0x00,0x00,0x00,0x00,0xFF,0xE0,0x00,0x00,0x00,0x07,0xFF,0xFF,0xFC,0x00,0x00,0x3F,0xFF,0xFF,0xFE,0x00,
  0x01,0xFF,0xFF,0xFF,0xFC,0x00,0x0F,0xFF,0xFF,0xFF,0xF8,0x00,0x7F,0xF0,0x0F,0xFF,0xE0,0x03,0xFF,0x80,0x0F,0xFF,0x80,0x1F,
  0xFC,0x00,0x3F,0xFE,0x00,0xFF,0xE0,0x00,0xFF,0xF8,0x07,0xFF,0x00,0x03,0xFF,0xC0,0x3F,0xF8,0x00,0x1F,0xFF,0x01,0xFF,0xC0,
  0x00,0x7F,0xF8,0x0F,0xFE,0x00,0x03,0xFF,0xC0,0x7F,0xF0,0x00,0x1F,0xFE,0x03,0xFF,0x80,0x00,0xFF,0xF0,0x1F,0xFC,0x00,0x07,
  0xFF,0x80,0xFF,0xE0,0x00,0x3F,0xFC,0x07,0xFF,0x00,0x01,0xFF,0xE0,0x3F,0xF8,0x00,0x0F,0xFF,0x01,0xFF,0xC0,0x00,0xFF,0xF8,
  0x0F,0xFE,0x00,0x07,0xFF,0x80,0x7F,0xF0,0x00,0x7F,0xFC,0x03,0xFF,0x80,0x03,0xFF,0xC0,0x1F,0xFC,0x00,0x7F,0xFE,0x00,0xFF,
  0xE0,0x0F,0xFF,0xE0,0x1F,0xFF,0xFF,0xFF,0xFC,0x1F,0xFF,0xFF,0xFF,0xFF,0xC0,0xFF,0xFF,0xFF,0xFF,0xF0,0x07,0xFF,0xFF,0xFF,
  0xF8,0x00,0x00,0xFF,0xFF,0xFF,0xFF,0x00,0x00,0xFF,0xFF,0xFF,0xFF,0xF0,0x00,0xFF,0xFF,0xFF,0xFF,0xFE,0x00,0x07,0xFF,0xFF,
  0xFF,0xFF,0x00,0x01,0xFF,0xC0,0x1F,0xFF,0x80,0x01,0xFF,0xC0,0x07,0xFF,0xC0,0x01,0xFF,0xC0,0x03,0xFF,0xE0,0x01,0xFF,0xC0,
  0x01,0xFF,0xE0,0x01,0xFF,0xC0,0x01,0xFF,0xE0,0x01,0xFF,0xC0,0x01,0xFF,0xF0,0x01,0xFF,0xC0,0x01,0xFF,0xF0,0x01,0xFF,0xC0,
  0x01,0xFF,0xF0,0x01,0xFF,0xC0,0x01,0xFF,0xF0,0x01,0xFF,0xC0,0x01,0xFF,0xF0,0x01,0xFF,0xC0,0x01,0xFF,0xE0,0x01,0xFF,0xC0,
  0x01,0xFF,0xE0,0x01,0xFF,0xC0,0x01,0xFF,0xE0,0x01,0xFF,0xC0,0x01,0xFF,0xC0,0x01,0xFF,0xC0,0x03,0xFF,0xC0,0x01,0xFF,0xC0,
  0x03,0xFF,0x80,0x01,0xFF,0xC0,0x07,0xFF,0x00,0x01,0xFF,0xC0,0x1F,0xFE,0x00,0x01,0xFF,0xFF,0xFF,0xF8,0x00,0x01,0xFF,0xFF,
  0xFF,0xE0,0x00,0x01,0xFF,0xFF,0xFF,0xFC,0x00,0x01,0xFF,0xFF,0xFF,0xFF,0x80,0x01,0xFF,0xC0,0x0F,0xFF,0xE0,0x01,0xFF,0xC0,
  0x01,0xFF,0xF0,0x01,0xFF,0xC0,0x00,0x7F,0xF8,0x01,0xFF,0xC0,0x00,0x3F,0xFC,0x01,0xFF,0xC0,0x00,0x3F,0xFC,0x01,0xFF,0xC0,
  0x00,0x1F,0xFE,0x01,0xFF,0xC0,0x00,0x1F,0xFE,0x01,0xFF,0xC0,0x00,0x1F,0xFE,0x01,0xFF,0xC0,0x00,0x1F,0xFF,0x01,0xFF,0xC0,
  0x00,0x1F,0xFF,0x01,0xFF,0xC0,0x00,0x1F,0xFF,0x01,0xFF,0xC0,0x00,0x1F,0xFF,0x01,0xFF,0xC0,0x00,0x1F,0xFE,0x01,0xFF,0xC0,
  0x00,0x1F,0xFE,0x01,0xFF,0xC0,0x00,0x1F,0xFE,0x01,0xFF,0xC0,0x00,0x3F,0xFE,0x01,0xFF,0xC0,0x00,0x3F,0xFC,0x01,0xFF,0xC0,
  0x00,0x7F,0xF8,0x01,0xFF,0xC0,0x00,0xFF,0xF8,0x01,0xFF,0xC0,0x03,0xFF,0xF0,0x07,0xFF,0xFF,0xFF,0xFF,0xC0,0xFF,0xFF,0xFF,
  0xFF,0xFF,0x80,0xFF,0xFF,0xFF,0xFF,0xFE,0x00,0xFF,0xFF,0xFF,0xFF,0xE0,0x00,0xFF,0xFF,0xFF,0xFF,0xFF,0xFF,0xFF,0xFF,0xFF,
  0xFF,0xFF,0xFF,0xFF,0xFF,0xFF,0xFF,0x83,0xFF,0xFF,0xFF,0xFF,0xF0,0x1F,0xFE,0x00,0x00,0xFE,0x03,0xFF,0xC0,0x00,0x07,0xC0,
  0x7F,0xF8,0x00,0x00,0xF8,0x0F,0xFF,0x00,0x00,0x1F,0x01,0xFF,0xE0,0x00,0x03,0xE0,0x3F,0xFC,0x00,0x00,0x3C,0x07,0xFF,0x80,
  0x00,0x07,0x80,0xFF,0xF0,0x00,0x00,0xF0,0x1F,0xFE,0x00,0x00,0x1E,0x03,0xFF,0xC0,0x00,0x03,0xC0,0x7F,0xF8,0x00,0x00,0x38,
  0x0F,0xFF,0x00,0x00,0x00,0x01,0xFF,0xE0,0x00,0x00,0x00,0x3F,0xFC,0x00,0x00,0x00,0x07,0xFF,0x80,0x00,0x00,0x00,0xFF,0xF0,
  0x00,0x00,0x00,0x1F,0xFE,0x00,0x00,0x00,0x03,0xFF,0xC0,0x00,0x00,0x00,0x7F,0xF8,0x00,0x00,0x00,0x0F,0xFF,0x00,0x00,0x00,
  0x01,0xFF,0xE0,0x00,0x00,0x00,0x3F,0xFC,0x00,0x00,0x00,0x07,0xFF,0x80,0x00,0x00,0x00,0xFF,0xF0,0x00,0x00,0x00,0x1F,0xFE,
  0x00,0x00,0x00,0x03,0xFF,0xC0,0x00,0x00,0x00,0x7F,0xF8,0x00,0x00,0x00,0x0F,0xFF,0x00,0x00,0x00,0x01,0xFF,0xE0,0x00,0x00,
  0x00,0x3F,0xFC,0x00,0x00,0x00,0x07,0xFF,0x80,0x00,0x00,0x00,0xFF,0xF0,0x00,0x00,0x00,0x1F,0xFE,0x00,0x00,0x00,0x03,0xFF,
  0xC0,0x00,0x00,0x00,0x7F,0xF8,0x00,0x00,0x00,0x0F,0xFF,0x00,0x00,0x00,0x01,0xFF,0xE0,0x00,0x00,0x00,0x3F,0xFC,0x00,0x00,
  0x00,0x07,0xFF,0x80,0x00,0x00,0x00,0xFF,0xF0,0x00,0x00,0x00,0x1F,0xFE,0x00,0x00,0x00,0x03,0xFF,0xC0,0x00,0x00,0x01,0xFF,
  0xFC,0x00,0x00,0x07,0xFF,0xFF,0xFE,0x00,0x00,0xFF,0xFF,0xFF,0xC0,0x00,0x1F,0xFF,0xFF,0xF8,0x00,0x00,0x00,0x3F,0xFF,0xFF,
  0xFF,0xFF,0xC0,0x07,0xFF,0xFF,0xFF,0xFF,0xF8,0x00,0xFF,0xFF,0xFF,0xFF,0xFF,0x00,0x00,0xFF,0xFF,0xFF,0xFE,0x00,0x00,0x07,
  0xC0,0x0F,0xFF,0x00,0x00,0x00,0xF8,0x01,0xFF,0xE0,0x00,0x00,0x1F,0x00,0x3F,0xFC,0x00,0x00,0x03,0xE0,0x07,0xFF,0x80,0x00,
  0x00,0x7C,0x00,0xFF,0xF0,0x00,0x00,0x0F,0x80,0x1F,0xFE,0x00,0x00,0x01,0xF0,0x03,0xFF,0xC0,0x00,0x00,0x3C,0x00,0x7F,0xF8,
  0x00,0x00,0x07,0x80,0x0F,0xFF,0x00,0x00,0x00,0xF0,0x01,0xFF,0xE0,0x00,0x00,0x3E,0x00,0x3F,0xFC,0x00,0x00,0x07,0xC0,0x07,
  0xFF,0x80,0x00,0x00,0xF8,0x00,0xFF,0xF0,0x00,0x00,0x1F,0x00,0x1F,0xFE,0x00,0x00,0x03,0xE0,0x03,0xFF,0xC0,0x00,0x00,0x7C,
  0x00,0x7F,0xF8,0x00,0x00,0x0F,0x00,0x0F,0xFF,0x00,0x00,0x01,0xE0,0x01,0xFF,0xE0,0x00,0x00,0x7C,0x00,0x3F,0xFC,0x00,0x00,
  0x0F,0x80,0x07,0xFF,0x80,0x00,0x01,0xF0,0x00,0xFF,0xF0,0x00,0x00,0x3E,0x00,0x1F,0xFE,0x00,0x00,0x07,0x80,0x03,0xFF,0xC0,
  0x00,0x01,0xF0,0x00,0x7F,0xF8,0x00,0x00,0x3E,0x00,0x0F,0xFF,0x00,0x00,0x07,0xC0,0x01,0xFF,0xE0,0x00,0x00,0xF8,0x00,0x3F,
  0xFC,0x00,0x00,0x3E,0x00,0x07,0xFF,0x80,0x00,0x07,0xC0,0x00,0xFF,0xF0,0x00,0x00,0xF8,0x00,0x1F,0xFE,0x00,0x00,0x3E,0x00,
  0x03,0xFF,0xC0,0x00,0x07,0xC0,0x00,0x7F,0xF8,0x00,0x00,0xF8,0x00,0x0F,0xFF,0x00,0x00,0x1F,0x00,0x01,0xFF,0xE0,0x00,0x07,
  0xC0,0x00,0x3F,0xFC,0x00,0x00,0xF8,0x00,0x07,0xFF,0x80,0x00,0x3F,0x00,0x00,0xFF,0xF0,0x00,0x07,0xC0,0x00,0x1F,0xFE,0x00,
  0x00,0xF8,0x00,0x03,0xFF,0xC0,0x00,0x3E,0x00,0x00,0x7F,0xF8,0x00,0x07,0xC0,0x00,0x0F,0xFF,0x00,0x01,0xF8,0x00,0x01,0xFF,
  0xE0,0x00,0xFF,0xFF,0xFF,0xFF,0xFF,0x03,0xFF,0xFF,0xFF,0xFF,0xFF,0xFF,0xFF,0xFF,0xFF,0xFF,0xFF,0xFF,0xEF,0xFF,0xFF,0xFF,
  0xFF,0xFF,0xFD,0xFF,0x80,0x00,0x00,0x01,0xFF,0xBF,0xF0,0x00,0x00,0x00,0x3F,0xF7,0xFE,0x00,0x00,0x00,0x07,0xFE,0xFF,0x80,
  0x00,0x00,0x00,0x7F,0xDF,0xF0,0x00,0x00,0x00,0x0F,0xFB,0xFE,0x00,0x00,0x00,0x01,0xFF,0x7F,0x80,0x00,0x00,0x00,0x3F,0xEF,
  0xF0,0x00,0x00,0x00,0x03,0xFD,0xFE,0x00,0x00,0x00,0x00,0x7F,0xBF,0x80,0x00,0x00,0x00,0x0F,0xF7,0xF0,0x00,0x00,0x00,0x00,
  0xFC,0xFE,0x00,0x00,0x00,0x00,0x1F,0x9F,0xC0,0x00,0x00,0x00,0x03,0xF1,0xF0,0x00,0x00,0x00,0x00,0x3E,0x3E,0x00,0x00,0x00,
  0x00,0x07,0xC7,0xC0,0x00,0x00,0x00,0x00,0xF8,0xFF,0xFF,0xFF,0xFF,0xFF,0xE3,0xFF,0xFF,0xFF,0xFF,0xFF,0x8F,0xFF,0xFF,0xFF,
  0xFF,0xFE,0x01,0xFF,0xFF,0xFF,0xFF,0xF8,0x01,0xFF,0xC0,0x00,0x0F,0xE0,0x07,0xFF,0x00,0x00,0x0F,0x80,0x1F,0xFC,0x00,0x00,
  0x3E,0x00,0x7F,0xF0,0x00,0x00,0xF8,0x01,0xFF,0xC0,0x00,0x01,0xE0,0x07,0xFF,0x00,0x00,0x07,0x80,0x1F,0xFC,0x00,0x00,0x1E,
  0x00,0x7F,0xF0,0x00,0x00,0x78,0x01,0xFF,0xC0,0x00,0x01,0xE0,0x07,0xFF,0x00,0x00,0x00,0x00,0x1F,0xFC,0x00,0x00,0x00,0x00,
  0x7F,0xF0,0x00,0x00,0x00,0x01,0xFF,0xC0,0x00,0x60,0x00,0x07,0xFF,0x00,0x03,0xC0,0x00,0x1F,0xFC,0x00,0x0F,0x00,0x00,0x7F,
  0xF0,0x00,0x3C,0x00,0x01,0xFF,0xC0,0x00,0xF0,0x00,0x07,0xFF,0x00,0x07,0xC0,0x00,0x1F,0xFF,0xFF,0xFF,0x00,0x00,0x7F,0xFF,
  0xFF,0xFC,0x00,0x01,0xFF,0xFF,0xFF,0xF0,0x00,0x07,0xFF,0xFF,0xFF,0xC0,0x00,0x1F,0xFE,0x00,0x1F,0x00,0x00,0x7F,0xF0,0x00,
  0x3C,0x00,0x01,0xFF,0xC0,0x00,0xF0,0x00,0x07,0xFF,0x00,0x03,0xC0,0x00,0x1F,0xFC,0x00,0x0F,0x00,0x00,0x7F,0xF0,0x00,0x1C,
  0x00,0x01,0xFF,0xC0,0x00,0x00,0x00,0x07,0xFF,0x00,0x00,0x00,0x00,0x1F,0xFC,0x00,0x00,0x00,0x00,0x7F,0xF0,0x00,0x00,0x00,
  0x01,0xFF,0xC0,0x00,0x00,0x3C,0x07,0xFF,0x00,0x00,0x00,0xF0,0x1F,0xFC,0x00,0x00,0x03,0xC0,0x7F,0xF0,0x00,0x00,0x0F,0x01,
  0xFF,0xC0,0x00,0x00,0x7C,0x07,0xFF,0x00,0x00,0x01,0xF0,0x1F,0xFC,0x00,0x00,0x07,0xC0,0x7F,0xF0,0x00,0x00,0x1E,0x01,0xFF,
  0xC0,0x00,0x00,0xF8,0x07,0xFF,0x00,0x00,0x07,0xE0,0x7F,0xFF,0xFF,0xFF,0xFF,0xBF,0xFF,0xFF,0xFF,0xFF,0xFE,0xFF,0xFF,0xFF,
  0xFF,0xFF,0xFB,0xFF,0xFF,0xFF,0xFF,0xFF,0xE0,0x1F,0xFF,0xE0,0x3F,0xFF,0xFF,0x80,0x7F,0xFF,0x03,0xFF,0xFC,0x07,0xFF,0xFF,
  0xF0,0x0F,0xFF,0xE0,0x7F,0xFF,0x80,0xFF,0xFF,0xFE,0x01,0xFF,0xFC,0x00,0xFF,0x00,0x00,0xFF,0xF8,0x00,0x07,0xF8,0x00,0x07,
  0xE0,0x00,0x0F,0xFE,0x00,0x00,0xFC,0x00,0x00,0x7E,0x00,0x01,0xFF,0xC0,0x00,0x3F,0x00,0x00,0x07,0xE0,0x00,0x3F,0xF8,0x00,
  0x0F,0xC0,0x00,0x00,0x7E,0x00,0x07,0xFF,0x00,0x03,0xF0,0x00,0x00,0x07,0xE0,0x00,0xFF,0xE0,0x00,0x7C,0x00,0x00,0x00,0xFC,
  0x00,0x1F,0xFC,0x00,0x1F,0x80,0x00,0x00,0x0F,0xC0,0x03,0xFF,0x80,0x07,0xE0,0x00,0x00,0x00,0xFC,0x00,0x7F,0xF0,0x01,0xF8,
  0x00,0x00,0x00,0x0F,0xC0,0x0F,0xFE,0x00,0x7E,0x00,0x00,0x00,0x00,0xFC,0x01,0xFF,0xC0,0x1F,0x80,0x00,0x00,0x00,0x0F,0xC0,
  0x3F,0xF8,0x07,0xE0,0x00,0x00,0x00,0x00,0xFC,0x07,0xFF,0x00,0xFC,0x00,0x00,0x00,0x00,0x1F,0x80,0xFF,0xE0,0x3F,0x00,0x00,
  0x00,0x00,0x01,0xF8,0x1F,0xFC,0x0F,0xC0,0x00,0x00,0x00,0x00,0x1F,0x83,0xFF,0x83,0xF0,0x00,0x00,0x00,0x00,0x03,0xF8,0x7F,
  0xF0,0xFF,0x00,0x00,0x00,0x00,0x00,0xFF,0x8F,0xFE,0x3F,0xE0,0x00,0x00,0x00,0x00,0x3F,0xF9,0xFF,0xC7,0xFE,0x00,0x00,0x00,
  0x00,0x07,0xFF,0x3F,0xF9,0xFF,0xC0,0x00,0x00,0x00,0x01,0xFF,0xF7,0xFF,0x7F,0xFC,0x00,0x00,0x00,0x00,0x3F,0xFF,0xFF,0xFF,
  0xFF,0xC0,0x00,0x00,0x00,0x0F,0xFF,0xFF,0xFF,0xFF,0xF8,0x00,0x00,0x00,0x03,0xFF,0xFF,0xFF,0xFF,0xFF,0x80,0x00,0x00,0x00,
  0x7F,0xF1,0xFF,0xFE,0x7F,0xF0,0x00,0x00,0x00,0x1F,0xFE,0x1F,0xFF,0x0F,0xFF,0x00,0x00,0x00,0x03,0xFF,0x81,0xFF,0xC0,0xFF,
  0xF0,0x00,0x00,0x00,0xFF,0xF0,0x3F,0xF8,0x1F,0xFE,0x00,0x00,0x00,0x3F,0xFC,0x07,0xFF,0x01,0xFF,0xE0,0x00,0x00,0x07,0xFF,
  0x80,0xFF,0xE0,0x3F,0xFC,0x00,0x00,0x01,0xFF,0xE0,0x1F,0xFC,0x03,0xFF,0xC0,0x00,0x00,0x7F,0xFC,0x03,0xFF,0x80,0x3F,0xFC,
  0x00,0x00,0x0F,0xFF,0x00,0x7F,0xF0,0x07,0xFF,0x80,0x00,0x03,0xFF,0xC0,0x0F,0xFE,0x00,0x7F,0xF8,0x00,0x00,0x7F,0xF8,0x01,
  0xFF,0xC0,0x0F,0xFF,0x00,0x00,0x1F,0xFE,0x00,0x3F,0xF8,0x00,0xFF,0xF0,0x00,0x07,0xFF,0xC0,0x07,0xFF,0x00,0x1F,0xFF,0x00,
  0x00,0xFF,0xF0,0x00,0xFF,0xE0,0x01,0xFF,0xE0,0x00,0x3F,0xFE,0x00,0x1F,0xFC,0x00,0x3F,0xFE,0x00,0x07,0xFF,0x80,0x03,0xFF,
  0x80,0x03,0xFF,0xE0,0x01,0xFF,0xF0,0x00,0x7F,0xF0,0x00,0x3F,0xFC,0x00,0x7F,0xFC,0x00,0x0F,0xFE,0x00,0x07,0xFF,0xC0,0x0F,
  0xFF,0x80,0x01,0xFF,0xC0,0x00,0x7F,0xF8,0x07,0xFF,0xE0,0x00,0xFF,0xFE,0x00,0x0F,0xFF,0xC7,0xFF,0xF8,0x01,0xFF,0xFF,0xFC,
  0x00,0xFF,0xFF,0xFF,0xFF,0x00,0x3F,0xFF,0xFF,0x80,0x1F,0xFF,0xFF,0xFF,0xC0,0x07,0xFF,0xFF,0xF0,0x01,0xFF,0xFC,0x01,0xFF,
  0xFC,0x00,0x07,0xFF,0xFF,0xF8,0x00,0xFF,0xFF,0xFF,0xC0,0x1F,0xFF,0xFF,0xFC,0x03,0xFC,0x07,0xFF,0xC0,0x7C,0x00,0x3F,0xFC,
  0x0F,0x00,0x03,0xFF,0xC1,0xE0,0x00,0x3F,0xF8,0x3C,0x00,0x07,0xFF,0x87,0x80,0x00,0xFF,0xF0,0xF0,0x00,0x1F,0xFE,0x1C,0x00,
  0x03,0xFF,0xC3,0x80,0x00,0x3F,0xF8,0x00,0x00,0x0F,0xFF,0x00,0x00,0x01,0xFF,0xE0,0x00,0x00,0x3F,0xFC,0x00,0x00,0x07,0xFF,
  0x80,0x00,0x00,0xFF,0xE0,0x00,0x00,0x3F,0xFC,0x00,0x00,0x0F,0xFF,0x00,0x00,0x03,0xFF,0xC0,0x00,0x03,0xFF,0xF0,0x00,0x0F,
  0xFF,0xF8,0x00,0x01,0xFF,0xFC,0x00,0x00,0x3F,0xFF,0x00,0x00,0x07,0xFF,0xFE,0x00,0x00,0xFF,0xFF,0xF0,0x00,0x00,0x1F,0xFF,
  0x00,0x00,0x00,0xFF,0xF0,0x00,0x00,0x0F,0xFF,0x00,0x00,0x00,0xFF,0xF0,0x00,0x00,0x1F,0xFE,0x00,0x00,0x01,0xFF,0xC0,0x00,
  0x00,0x3F,0xFC,0x00,0x00,0x07,0xFF,0x80,0x00,0x00,0xFF,0xF0,0x00,0x00,0x1F,0xFE,0x00,0x00,0x03,0xFF,0xDC,0x00,0x00,0x7F,
  0xFF,0x80,0x00,0x0F,0xFF,0xF0,0x00,0x01,0xFF,0xEF,0x00,0x00,0x3F,0xF9,0xE0,0x00,0x0F,0xFF,0x3C,0x00,0x01,0xFF,0xE7,0x80,
  0x00,0x7F,0xF8,0xF8,0x00,0x0F,0xFE,0x1F,0x00,0x03,0xFF,0xC3,0xFC,0x01,0xFF,0xE0,0x7F,0xFF,0xFF,0xF8,0x0F,0xFF,0xFF,0xFC,
  0x01,0xFF,0xFF,0xFE,0x00,0x01,0xFF,0xFC,0x00,0x00,0xFF,0xFF,0xFF,0x80,0xFF,0xFF,0xFF,0xFF,0xFF,0xFF,0xC0,0x7F,0xFF,0xFF,
  0xFF,0xFF,0xFF,0xE0,0x3F,0xFF,0xFF,0xE0,0xFF,0xFE,0x00,0x00,0xFF,0xFE,0x00,0x1F,0xFC,0x00,0x00,0x1F,0xFE,0x00,0x0F,0xFE,
  0x00,0x00,0x0F,0xFF,0x00,0x07,0xFF,0x00,0x00,0x0F,0xFF,0x80,0x03,0xFF,0x80,0x00,0x07,0xFF,0xC0,0x01,0xFF,0xC0,0x00,0x07,
  0xFF,0xE0,0x00,0xFF,0xE0,0x00,0x07,0xFF,0xF0,0x00,0x7F,0xF0,0x00,0x03,0xFF,0xF8,0x00,0x3F,0xF8,0x00,0x03,0xFF,0xFC,0x00,
  0x1F,0xFC,0x00,0x03,0xFF,0xFE,0x00,0x0F,0xFE,0x00,0x03,0xFF,0xFF,0x00,0x07,0xFF,0x00,0x01,0xF7,0xFF,0x80,0x03,0xFF,0x80,
  0x01,0xF3,0xFF,0xC0,0x01,0xFF,0xC0,0x01,0xF1,0xFF,0xE0,0x00,0xFF,0xE0,0x00,0xF8,0xFF,0xF0,0x00,0x7F,0xF0,0x00,0xF8,0x7F,
  0xF8,0x00,0x3F,0xF8,0x00,0xF8,0x3F,0xFC,0x00,0x1F,0xFC,0x00,0x7C,0x1F,0xFE,0x00,0x0F,0xFE,0x00,0x7C,0x0F,0xFF,0x00,0x07,
  0xFF,0x00,0x7C,0x07,0xFF,0x80,0x03,0xFF,0x80,0x3E,0x03,0xFF,0xC0,0x01,0xFF,0xC0,0x3E,0x01,0xFF,0xE0,0x00,0xFF,0xE0,0x3E,
  0x00,0xFF,0xF0,0x00,0x7F,0xF0,0x1F,0x00,0x7F,0xF8,0x00,0x3F,0xF8,0x1F,0x00,0x3F,0xFC,0x00,0x1F,0xFC,0x1F,0x00,0x1F,0xFE,
  0x00,0x0F,0xFE,0x0F,0x80,0x0F,0xFF,0x00,0x07,0xFF,0x0F,0x80,0x07,0xFF,0x80,0x03,0xFF,0x8F,0x80,0x03,0xFF,0xC0,0x01,0xFF,
  0xC7,0xC0,0x01,0xFF,0xE0,0x00,0xFF,0xE7,0xC0,0x00,0xFF,0xF0,0x00,0x7F,0xF7,0xC0,0x00,0x7F,0xF8,0x00,0x3F,0xFF,0xE0,0x00,
  0x3F,0xFC,0x00,0x1F,0xFF,0xE0,0x00,0x1F,0xFE,0x00,0x0F,0xFF,0xE0,0x00,0x0F,0xFF,0x00,0x07,0xFF,0xF0,0x00,0x07,0xFF,0x80,
  0x03,0xFF,0xF0,0x00,0x03,0xFF,0xC0,0x01,0xFF,0xF0,0x00,0x01,0xFF,0xE0,0x00,0xFF,0xF8,0x00,0x00,0xFF,0xF0,0x00,0x7F,0xF8,
  0x00,0x00,0x7F,0xF8,0x00,0x3F,0xF8,0x00,0x00,0x3F,0xFC,0x00,0x1F,0xFC,0x00,0x00,0x1F,0xFE,0x00,0x0F,0xFE,0x00,0x00,0x0F,
  0xFF,0x00,0x1F,0xFF,0xC0,0x00,0x1F,0xFF,0xC1,0xFF,0xFF,0xFF,0x01,0xFF,0xFF,0xFF,0xFF,0xFF,0xFF,0x80,0xFF,0xFF,0xFF,0xFF,
  0xFF,0xFF,0xC0,0x7F,0xFF,0xFF,0xC0,0x00,0x03,0xFC,0x00,0x1F,0xE0,0x00,0x00,0x01,0xFE,0x00,0x0F,0xF0,0x00,0x00,0x00,0x7F,
  0x00,0x07,0xF8,0x00,0x00,0x00,0x3F,0xC0,0x03,0xF8,0x00,0x00,0x00,0x1F,0xE0,0x03,0xFC,0x00,0x00,0x00,0x07,0xF8,0x03,0xFE,
  0x00,0x00,0x00,0x03,0xFE,0x03,0xFE,0x00,0x00,0x00,0x00,0xFF,0xEF,0xFE,0x00,0x00,0x00,0x00,0x3F,0xFF,0xFE,0x00,0x00,0x00,
  0x00,0x07,0xFF,0xFC,0x00,0x00,0x00,0x00,0x00,0x7F,0xF0,0x00,0x00,0x00,0x00,0x00,0x00,0x00,0x00,0x00,0x00,0x00,0x00,0x00,
  0x00,0x00,0x00,0x00,0x00,0x00,0x00,0x00,0x00,0x00,0x00,0x00,0x00,0x00,0x00,0x00,0x00,0x01,0xFF,0xFF,0xFF,0x01,0xFF,0xFF,
  0xFF,0xFF,0xFF,0xFF,0x80,0xFF,0xFF,0xFF,0xFF,0xFF,0xFF,0xC0,0x7F,0xFF,0xFF,0xC1,0xFF,0xFC,0x00,0x01,0xFF,0xFC,0x00,0x3F,
  0xF8,0x00,0x00,0x3F,0xFC,0x00,0x1F,0xFC,0x00,0x00,0x1F,0xFE,0x00,0x0F,0xFE,0x00,0x00,0x1F,0xFF,0x00,0x07,0xFF,0x00,0x00,
  0x0F,0xFF,0x80,0x03,0xFF,0x80,0x00,0x0F,0xFF,0xC0,0x01,0xFF,0xC0,0x00,0x0F,0xFF,0xE0,0x00,0xFF,0xE0,0x00,0x07,0xFF,0xF0,
  0x00,0x7F,0xF0,0x00,0x07,0xFF,0xF8,0x00,0x3F,0xF8,0x00,0x07,0xFF,0xFC,0x00,0x1F,0xFC,0x00,0x07,0xFF,0xFE,0x00,0x0F,0xFE,
  0x00,0x03,0xEF,0xFF,0x00,0x07,0xFF,0x00,0x03,0xE7,0xFF,0x80,0x03,0xFF,0x80,0x03,0xE3,0xFF,0xC0,0x01,0xFF,0xC0,0x01,0xF1,
  0xFF,0xE0,0x00,0xFF,0xE0,0x01,0xF0,0xFF,0xF0,0x00,0x7F,0xF0,0x01,0xF0,0x7F,0xF8,0x00,0x3F,0xF8,0x00,0xF8,0x3F,0xFC,0x00,
  0x1F,0xFC,0x00,0xF8,0x1F,0xFE,0x00,0x0F,0xFE,0x00,0xF8,0x0F,0xFF,0x00,0x07,0xFF,0x00,0x7C,0x07,0xFF,0x80,0x03,0xFF,0x80,
  0x7C,0x03,0xFF,0xC0,0x01,0xFF,0xC0,0x7C,0x01,0xFF,0xE0,0x00,0xFF,0xE0,0x3E,0x00,0xFF,0xF0,0x00,0x7F,0xF0,0x3E,0x00,0x7F,
  0xF8,0x00,0x3F,0xF8,0x3E,0x00,0x3F,0xFC,0x00,0x1F,0xFC,0x1F,0x00,0x1F,0xFE,0x00,0x0F,0xFE,0x1F,0x00,0x0F,0xFF,0x00,0x07,
  0xFF,0x1F,0x00,0x07,0xFF,0x80,0x03,0xFF,0x8F,0x80,0x03,0xFF,0xC0,0x01,0xFF,0xCF,0x80,0x01,0xFF,0xE0,0x00,0xFF,0xEF,0x80,
  0x00,0xFF,0xF0,0x00,0x7F,0xFF,0xC0,0x00,0x7F,0xF8,0x00,0x3F,0xFF,0xC0,0x00,0x3F,0xFC,0x00,0x1F,0xFF,0xC0,0x00,0x1F,0xFE,
  0x00,0x0F,0xFF,0xE0,0x00,0x0F,0xFF,0x00,0x07,0xFF,0xE0,0x00,0x07,0xFF,0x80,0x03,0xFF,0xE0,0x00,0x03,0xFF,0xC0,0x01,0xFF,
  0xF0,0x00,0x01,0xFF,0xE0,0x00,0xFF,0xF0,0x00,0x00,0xFF,0xF0,0x00,0x7F,0xF0,0x00,0x00,0x7F,0xF8,0x00,0x3F,0xF8,0x00,0x00,
  0x3F,0xFC,0x00,0x1F,0xFC,0x00,0x00,0x1F,0xFE,0x00,0x3F,0xFF,0x80,0x00,0x3F,0xFF,0x83,0xFF,0xFF,0xFE,0x03,0xFF,0xFF,0xFF,
  0xFF,0xFF,0xFF,0x01,0xFF,0xFF,0xFF,0xFF,0xFF,0xFF,0x80,0xFF,0xFF,0xFF,0x80,0xFF,0xFF,0xFF,0x80,0x1F,0xFF,0xF3,0xFF,0xFF,
  0xFE,0x00,0x7F,0xFF,0xCF,0xFF,0xFF,0xF8,0x01,0xFF,0xFF,0x01,0xFF,0xFC,0x00,0x00,0x7F,0xC0,0x01,0xFF,0xC0,0x00,0x01,0xFC,
  0x00,0x07,0xFF,0x00,0x00,0x0F,0xC0,0x00,0x1F,0xFC,0x00,0x00,0x7E,0x00,0x00,0x7F,0xF0,0x00,0x03,0xF0,0x00,0x01,0xFF,0xC0,
  0x00,0x1F,0x80,0x00,0x07,0xFF,0x00,0x00,0xFC,0x00,0x00,0x1F,0xFC,0x00,0x07,0xE0,0x00,0x00,0x7F,0xF0,0x00,0x3F,0x00,0x00,
  0x01,0xFF,0xC0,0x01,0xF8,0x00,0x00,0x07,0xFF,0x00,0x0F,0xC0,0x00,0x00,0x1F,0xFC,0x00,0x7E,0x00,0x00,0x00,0x7F,0xF0,0x03,
  0xF0,0x00,0x00,0x01,0xFF,0xC0,0x1F,0x80,0x00,0x00,0x07,0xFF,0x00,0xFC,0x00,0x00,0x00,0x1F,0xFC,0x07,0xE0,0x00,0x00,0x00,
  0x7F,0xF0,0x3F,0xC0,0x00,0x00,0x01,0xFF,0xC1,0xFF,0x80,0x00,0x00,0x07,0xFF,0x0F,0xFE,0x00,0x00,0x00,0x1F,0xFC,0xFF,0xFC,
  0x00,0x00,0x00,0x7F,0xF7,0xFF,0xF8,0x00,0x00,0x01,0xFF,0xFF,0xFF,0xE0,0x00,0x00,0x07,0xFF,0xFF,0xFF,0xC0,0x00,0x00,0x1F,
  0xFF,0xDF,0xFF,0x80,0x00,0x00,0x7F,0xFE,0x3F,0xFE,0x00,0x00,0x01,0xFF,0xE0,0x7F,0xFC,0x00,0x00,0x07,0xFF,0x01,0xFF,0xF0,
  0x00,0x00,0x1F,0xFC,0x03,0xFF,0xE0,0x00,0x00,0x7F,0xF0,0x07,0xFF,0xC0,0x00,0x01,0xFF,0xC0,0x1F,0xFF,0x00,0x00,0x07,0xFF,
  0x00,0x3F,0xFE,0x00,0x00,0x1F,0xFC,0x00,0xFF,0xFC,0x00,0x00,0x7F,0xF0,0x01,0xFF,0xF0,0x00,0x01,0xFF,0xC0,0x03,0xFF,0xE0,
  0x00,0x07,0xFF,0x00,0x0F,0xFF,0xC0,0x00,0x1F,0xFC,0x00,0x1F,0xFF,0x00,0x00,0x7F,0xF0,0x00,0x3F,0xFE,0x00,0x01,0xFF,0xC0,
  0x00,0xFF,0xFC,0x00,0x07,0xFF,0x00,0x01,0xFF,0xF0,0x00,0x1F,0xFC,0x00,0x07,0xFF,0xE0,0x00,0x7F,0xF0,0x00,0x0F,0xFF,0xC0,
  0x01,0xFF,0xC0,0x00,0x1F,0xFF,0x00,0x07,0xFF,0x00,0x00,0x7F,0xFE,0x00,0x7F,0xFF,0x00,0x00,0xFF,0xFE,0x3F,0xFF,0xFF,0xE0,
  0x01,0xFF,0xFE,0xFF,0xFF,0xFF,0xC0,0x07,0xFF,0xFF,0xFF,0xFF,0xFF,0x00,0x0F,0xFF,0xF0,0x00,0x3F,0xFF,0xFF,0xFF,0xFF,0xFE,
  0x00,0x7F,0xFF,0xFF,0xFF,0xFF,0xFC,0x00,0xFF,0xFF,0xFF,0xFF,0xFF,0xF8,0x00,0x0F,0xFF,0xFF,0xFF,0xFF,0x00,0x00,0x07,0xC0,
  0x00,0x7F,0xF8,0x00,0x00,0x0F,0x80,0x00,0xFF,0xF0,0x00,0x00,0x1E,0x00,0x01,0xFF,0xE0,0x00,0x00,0x3C,0x00,0x03,0xFF,0xC0,
  0x00,0x00,0x78,0x00,0x07,0xFF,0x80,0x00,0x00,0xF0,0x00,0x0F,0xFF,0x00,0x00,0x03,0xE0,0x00,0x1F,0xFE,0x00,0x00,0x07,0xC0,
  0x00,0x3F,0xFC,0x00,0x00,0x0F,0x80,0x00,0x7F,0xF8,0x00,0x00,0x1F,0x00,0x00,0xFF,0xF0,0x00,0x00,0x3E,0x00,0x01,0xFF,0xE0,
  0x00,0x00,0x7C,0x00,0x03,0xFF,0xC0,0x00,0x00,0xF8,0x00,0x07,0xFF,0x80,0x00,0x01,0xF0,0x00,0x0F,0xFF,0x00,0x00,0x03,0xC0,
  0x00,0x1F,0xFE,0x00,0x00,0x07,0x80,0x00,0x3F,0xFC,0x00,0x00,0x1F,0x00,0x00,0x7F,0xF8,0x00,0x00,0x3E,0x00,0x00,0xFF,0xF0,
  0x00,0x00,0x7C,0x00,0x01,0xFF,0xE0,0x00,0x00,0xF8,0x00,0x03,0xFF,0xC0,0x00,0x01,0xF0,0x00,0x07,0xFF,0x80,0x00,0x03,0xE0,
  0x00,0x0F,0xFF,0x00,0x00,0x07,0x80,0x00,0x1F,0xFE,0x00,0x00,0x0F,0x00,0x00,0x3F,0xFC,0x00,0x00,0x3E,0x00,0x00,0x7F,0xF8,
  0x00,0x00,0x7C,0x00,0x00,0xFF,0xF0,0x00,0x00,0xF8,0x00,0x01,0xFF,0xE0,0x00,0x01,0xF0,0x00,0x03,0xFF,0xC0,0x00,0x03,0xE0,
  0x00,0x07,0xFF,0x80,0x00,0x0F,0x80,0x00,0x0F,0xFF,0x00,0x00,0x1F,0x00,0x00,0x1F,0xFE,0x00,0x00,0x3E,0x00,0x00,0x3F,0xFC,
  0x00,0x00,0x7C,0x00,0x00,0x7F,0xF8,0x00,0x01,0xF8,0x00,0x00,0xFF,0xF0,0x00,0x03,0xE0,0x00,0x01,0xFF,0xE0,0x20,0x07,0xC0,
  0x00,0x03,0xFF,0xC0,0xE0,0x1F,0x80,0x00,0x07,0xFF,0x81,0xE0,0x3E,0x00,0x00,0x0F,0xFF,0x03,0xC0,0xFC,0x00,0x00,0x1F,0xFE,
  0x07,0xC3,0xF8,0x00,0x00,0x3F,0xFC,0x0F,0x8F,0xE0,0x00,0x00,0x7F,0xF8,0x1F,0xFF,0xC0,0x00,0x00,0xFF,0xF0,0x3F,0xFF,0x00,
  0x00,0x07,0xFF,0xF8,0x7F,0xFC,0x00,0x00,0xFF,0xFF,0xFF,0xFF,0xF0,0x00,0x01,0xFF,0xFF,0xFE,0xFF,0xC0,0x00,0x03,0xFF,0xFF,
  0xFC,0x7E,0x00,0x00,0x00,0x00,0x00,0x00,0xFF,0xFF,0xF0,0x00,0x00,0x00,0xFF,0xFF,0xFF,0xFF,0xFF,0xC0,0x00,0x00,0x07,0xFF,
  0xFF,0xFF,0xFF,0xFE,0x00,0x00,0x00,0x7F,0xFF,0xFC,0x0F,0xFF,0xF0,0x00,0x00,0x03,0xFF,0xFE,0x00,0x1F,0xFF,0xC0,0x00,0x00,
  0x1F,0xFF,0xC0,0x00,0xFF,0xFE,0x00,0x00,0x01,0xFF,0xFE,0x00,0x07,0xFF,0xF8,0x00,0x00,0x0F,0xFF,0xF0,0x00,0x3F,0xFF,0xC0,
  0x00,0x00,0xFF,0xFF,0x80,0x01,0xFF,0xFF,0x00,0x00,0x07,0xFF,0xFC,0x00,0x0F,0x7F,0xF8,0x00,0x00,0x7F,0xFF,0xE0,0x00,0x7B,
  0xFF,0xC0,0x00,0x03,0xEF,0xFF,0x00,0x03,0xCF,0xFF,0x00,0x00,0x3F,0x7F,0xF8,0x00,0x1E,0x7F,0xF8,0x00,0x01,0xF3,0xFF,0xC0,
  0x00,0xF1,0xFF,0xE0,0x00,0x0F,0x9F,0xFE,0x00,0x07,0x8F,0xFF,0x00,0x00,0xFC,0xFF,0xF0,0x00,0x3C,0x3F,0xFC,0x00,0x07,0xC7,
  0xFF,0x80,0x01,0xE1,0xFF,0xE0,0x00,0x7E,0x3F,0xFC,0x00,0x0F,0x07,0xFF,0x00,0x03,0xE1,0xFF,0xE0,0x00,0x78,0x3F,0xFC,0x00,
  0x3F,0x0F,0xFF,0x00,0x03,0xC1,0xFF,0xE0,0x01,0xF0,0x7F,0xF8,0x00,0x1E,0x07,0xFF,0x80,0x1F,0x83,0xFF,0xC0,0x00,0xF0,0x3F,
  0xFC,0x00,0xF8,0x1F,0xFE,0x00,0x07,0x80,0xFF,0xF0,0x07,0xC0,0xFF,0xF0,0x00,0x3C,0x07,0xFF,0x80,0x7E,0x07,0xFF,0x80,0x01,
  0xE0,0x1F,0xFE,0x03,0xE0,0x3F,0xFC,0x00,0x0F,0x00,0xFF,0xF0,0x3F,0x01,0xFF,0xE0,0x00,0x78,0x07,0xFF,0x81,0xF0,0x0F,0xFF,
  0x00,0x03,0xC0,0x1F,0xFE,0x1F,0x80,0x7F,0xF8,0x00,0x1E,0x00,0xFF,0xF0,0xF8,0x03,0xFF,0xC0,0x00,0xF0,0x03,0xFF,0xCF,0xC0,
  0x1F,0xFE,0x00,0x07,0x80,0x1F,0xFE,0x7C,0x00,0xFF,0xF0,0x00,0x3C,0x00,0x7F,0xFB,0xE0,0x07,0xFF,0x80,0x01,0xE0,0x03,0xFF,
  0xFF,0x00,0x3F,0xFC,0x00,0x0F,0x00,0x1F,0xFF,0xF0,0x01,0xFF,0xE0,0x00,0x78,0x00,0x7F,0xFF,0x80,0x0F,0xFF,0x00,0x03,0xC0,
  0x03,0xFF,0xF8,0x00,0x7F,0xF8,0x00,0x1E,0x00,0x0F,0xFF,0xC0,0x03,0xFF,0xC0,0x00,0xF0,0x00,0x7F,0xFC,0x00,0x1F,0xFE,0x00,
  0x07,0x80,0x01,0xFF,0xE0,0x00,0xFF,0xF0,0x00,0x3C,0x00,0x0F,0xFE,0x00,0x07,0xFF,0x80,0x01,0xE0,0x00,0x7F,0xF0,0x00,0x3F,
  0xFC,0x00,0x0F,0x00,0x01,0xFF,0x80,0x01,0xFF,0xE0,0x00,0x78,0x00,0x0F,0xF8,0x00,0x0F,0xFF,0x00,0x03,0xC0,0x00,0x3F,0xC0,
  0x00,0x7F,0xF8,0x00,0x1E,0x00,0x01,0xFC,0x00,0x03,0xFF,0xC0,0x00,0xF0,0x00,0x07,0xE0,0x00,0x1F,0xFE,0x00,0x1F,0xE0,0x00,
  0x3E,0x00,0x01,0xFF,0xFC,0x1F,0xFF,0xF8,0x00,0xF0,0x01,0xFF,0xFF,0xFE,0xFF,0xFF,0xC0,0x07,0x00,0x0F,0xFF,0xFF,0xFF,0xFF,
  0xFE,0x00,0x38,0x00,0x7F,0xFF,0xFF,0xC0,0xFF,0xFF,0xFF,0x80,0xFF,0xFF,0xFF,0xFF,0xFF,0xFF,0xC0,0x7F,0xFF,0xFF,0xFF,0xFF,
  0xFF,0xE0,0x3F,0xFF,0xFF,0xE0,0xFF,0xFE,0x00,0x00,0xFF,0xFE,0x00,0x1F,0xFC,0x00,0x00,0x1F,0xFE,0x00,0x0F,0xFE,0x00,0x00,
  0x0F,0xFF,0x00,0x07,0xFF,0x00,0x00,0x07,0xFF,0x80,0x03,0xFF,0x80,0x00,0x03,0xFF,0xC0,0x01,0xFF,0xC0,0x00,0x01,0xFF,0xE0,
  0x00,0xFF,0xE0,0x00,0x00,0xFF,0xF0,0x00,0x7F,0xF0,0x00,0x00,0x7F,0xF8,0x00,0x3F,0xF8,0x00,0x00,0x3F,0xFC,0x00,0x1F,0xFC,
  0x00,0x00,0x1F,0xFE,0x00,0x0F,0xFE,0x00,0x00,0x0F,0xFF,0x00,0x07,0xFF,0x00,0x00,0x07,0xFF,0x80,0x03,0xFF,0x80,0x00,0x03,
  0xFF,0xC0,0x01,0xFF,0xC0,0x00,0x01,0xFF,0xE0,0x00,0xFF,0xE0,0x00,0x00,0xFF,0xF0,0x00,0x7F,0xF0,0x00,0x00,0x7F,0xF8,0x00,
  0x3F,0xF8,0x00,0x00,0x3F,0xFC,0x00,0x1F,0xFC,0x00,0x00,0x1F,0xFE,0x00,0x0F,0xFE,0x00,0x00,0x0F,0xFF,0x00,0x07,0xFF,0xFF,
  0xFF,0xFF,0xFF,0x80,0x03,0xFF,0xFF,0xFF,0xFF,0xFF,0xC0,0x01,0xFF,0xFF,0xFF,0xFF,0xFF,0xE0,0x00,0xFF,0xFF,0xFF,0xFF,0xFF,
  0xF0,0x00,0x7F,0xF0,0x00,0x00,0x7F,0xF8,0x00,0x3F,0xF8,0x00,0x00,0x3F,0xFC,0x00,0x1F,0xFC,0x00,0x00,0x1F,0xFE,0x00,0x0F,
  0xFE,0x00,0x00,0x0F,0xFF,0x00,0x07,0xFF,0x00,0x00,0x07,0xFF,0x80,0x03,0xFF,0x80,0x00,0x03,0xFF,0xC0,0x01,0xFF,0xC0,0x00,
  0x01,0xFF,0xE0,0x00,0xFF,0xE0,0x00,0x00,0xFF,0xF0,0x00,0x7F,0xF0,0x00,0x00,0x7F,0xF8,0x00,0x3F,0xF8,0x00,0x00,0x3F,0xFC,
  0x00,0x1F,0xFC,0x00,0x00,0x1F,0xFE,0x00,0x0F,0xFE,0x00,0x00,0x0F,0xFF,0x00,0x07,0xFF,0x00,0x00,0x07,0xFF,0x80,0x03,0xFF,
  0x80,0x00,0x03,0xFF,0xC0,0x01,0xFF,0xC0,0x00,0x01,0xFF,0xE0,0x00,0xFF,0xE0,0x00,0x00,0xFF,0xF0,0x00,0x7F,0xF0,0x00,0x00,
  0x7F,0xF8,0x00,0x3F,0xF8,0x00,0x00,0x3F,0xFC,0x00,0x1F,0xFC,0x00,0x00,0x1F,0xFE,0x00,0x0F,0xFE,0x00,0x00,0x0F,0xFF,0x00,
  0x1F,0xFF,0xC0,0x00,0x1F,0xFF,0xC1,0xFF,0xFF,0xFF,0x01,0xFF,0xFF,0xFF,0xFF,0xFF,0xFF,0x80,0xFF,0xFF,0xFF,0xFF,0xFF,0xFF,
  0xC0,0x7F,0xFF,0xFF,0xC0,0x00,0x00,0x1F,0xFF,0x00,0x00,0x00,0x00,0x7F,0xFF,0xFF,0x00,0x00,0x00,0x3F,0xFF,0xFF,0xF8,0x00,
  0x00,0x1F,0xFF,0xFF,0xFF,0xC0,0x00,0x0F,0xFF,0x80,0x3F,0xFC,0x00,0x03,0xFF,0xC0,0x01,0xFF,0xE0,0x00,0xFF,0xE0,0x00,0x0F,
  0xFE,0x00,0x3F,0xF8,0x00,0x00,0xFF,0xE0,0x0F,0xFF,0x00,0x00,0x0F,0xFE,0x01,0xFF,0xC0,0x00,0x01,0xFF,0xC0,0x7F,0xF0,0x00,
  0x00,0x1F,0xFC,0x0F,0xFE,0x00,0x00,0x03,0xFF,0x83,0xFF,0xC0,0x00,0x00,0x7F,0xF8,0x7F,0xF0,0x00,0x00,0x07,0xFF,0x1F,0xFE,
  0x00,0x00,0x00,0xFF,0xF3,0xFF,0xC0,0x00,0x00,0x1F,0xFE,0x7F,0xF8,0x00,0x00,0x03,0xFF,0xDF,0xFF,0x00,0x00,0x00,0x7F,0xFF,
  0xFF,0xC0,0x00,0x00,0x07,0xFF,0xFF,0xF8,0x00,0x00,0x00,0xFF,0xFF,0xFF,0x00,0x00,0x00,0x1F,0xFF,0xFF,0xE0,0x00,0x00,0x03,
  0xFF,0xFF,0xFC,0x00,0x00,0x00,0x7F,0xFF,0xFF,0x80,0x00,0x00,0x0F,0xFF,0xFF,0xF0,0x00,0x00,0x01,0xFF,0xFF,0xFE,0x00,0x00,
  0x00,0x3F,0xFF,0xFF,0xC0,0x00,0x00,0x07,0xFF,0xFF,0xF8,0x00,0x00,0x00,0xFF,0xFF,0xFF,0x00,0x00,0x00,0x1F,0xFF,0xFF,0xE0,
  0x00,0x00,0x03,0xFF,0xFF,0xFC,0x00,0x00,0x00,0x7F,0xFF,0xFF,0x80,0x00,0x00,0x0F,0xFF,0xFF,0xF0,0x00,0x00,0x01,0xFF,0xFF,
  0xFF,0x00,0x00,0x00,0x3F,0xFD,0xFF,0xE0,0x00,0x00,0x0F,0xFF,0xBF,0xFC,0x00,0x00,0x01,0xFF,0xE7,0xFF,0x80,0x00,0x00,0x3F,
  0xFC,0xFF,0xF0,0x00,0x00,0x07,0xFF,0x8F,0xFE,0x00,0x00,0x00,0xFF,0xE1,0xFF,0xE0,0x00,0x00,0x3F,0xFC,0x1F,0xFC,0x00,0x00,
  0x07,0xFF,0x03,0xFF,0xC0,0x00,0x00,0xFF,0xE0,0x3F,0xF8,0x00,0x00,0x3F,0xF8,0x03,0xFF,0x80,0x00,0x0F,0xFE,0x00,0x7F,0xF0,
  0x00,0x01,0xFF,0xC0,0x07,0xFF,0x00,0x00,0x7F,0xF0,0x00,0x3F,0xF8,0x00,0x3F,0xFC,0x00,0x03,0xFF,0xC0,0x1F,0xFE,0x00,0x00,
  0x3F,0xFF,0xFF,0xFF,0x80,0x00,0x01,0xFF,0xFF,0xFF,0xC0,0x00,0x00,0x07,0xFF,0xFF,0xC0,0x00,0x00,0x00,0x0F,0xFF,0x80,0x00,
  0x00,0xFF,0xFF,0xFF,0xFF,0xFF,0xFF,0xFF,0xFF,0xFF,0xFF,0xFF,0xFF,0xFF,0xFF,0xDF,0xFF,0xFF,0xFF,0xFF,0xFF,0xFF,0xE0,0xFF,
  0xFF,0xFF,0xFF,0xFF,0xFE,0x00,0x1F,0xFE,0x00,0x00,0x3F,0xFC,0x00,0x0F,0xFF,0x00,0x00,0x1F,0xFE,0x00,0x07,0xFF,0x80,0x00,
  0x0F,0xFF,0x00,0x03,0xFF,0xC0,0x00,0x07,0xFF,0x80,0x01,0xFF,0xE0,0x00,0x03,0xFF,0xC0,0x00,0xFF,0xF0,0x00,0x01,0xFF,0xE0,
  0x00,0x7F,0xF8,0x00,0x00,0xFF,0xF0,0x00,0x3F,0xFC,0x00,0x00,0x7F,0xF8,0x00,0x1F,0xFE,0x00,0x00,0x3F,0xFC,0x00,0x0F,0xFF,
  0x00,0x00,0x1F,0xFE,0x00,0x07,0xFF,0x80,0x00,0x0F,0xFF,0x00,0x03,0xFF,0xC0,0x00,0x07,0xFF,0x80,0x01,0xFF,0xE0,0x00,0x03,
  0xFF,0xC0,0x00,0xFF,0xF0,0x00,0x01,0xFF,0xE0,0x00,0x7F,0xF8,0x00,0x00,0xFF,0xF0,0x00,0x3F,0xFC,0x00,0x00,0x7F,0xF8,0x00,
  0x1F,0xFE,0x00,0x00,0x3F,0xFC,0x00,0x0F,0xFF,0x00,0x00,0x1F,0xFE,0x00,0x07,0xFF,0x80,0x00,0x0F,0xFF,0x00,0x03,0xFF,0xC0,
  0x00,0x07,0xFF,0x80,0x01,0xFF,0xE0,0x00,0x03,0xFF,0xC0,0x00,0xFF,0xF0,0x00,0x01,0xFF,0xE0,0x00,0x7F,0xF8,0x00,0x00,0xFF,
  0xF0,0x00,0x3F,0xFC,0x00,0x00,0x7F,0xF8,0x00,0x1F,0xFE,0x00,0x00,0x3F,0xFC,0x00,0x0F,0xFF,0x00,0x00,0x1F,0xFE,0x00,0x07,
  0xFF,0x80,0x00,0x0F,0xFF,0x00,0x03,0xFF,0xC0,0x00,0x07,0xFF,0x80,0x01,0xFF,0xE0,0x00,0x03,0xFF,0xC0,0x00,0xFF,0xF0,0x00,
  0x01,0xFF,0xE0,0x00,0x7F,0xF8,0x00,0x00,0xFF,0xF0,0x00,0x3F,0xFC,0x00,0x00,0x7F,0xF8,0x00,0x1F,0xFE,0x00,0x00,0x3F,0xFC,
  0x00,0x0F,0xFF,0x00,0x00,0x1F,0xFE,0x00,0x07,0xFF,0x80,0x00,0x0F,0xFF,0x00,0x03,0xFF,0xC0,0x00,0x07,0xFF,0x80,0x01,0xFF,
  0xE0,0x00,0x03,0xFF,0xC0,0x00,0xFF,0xF0,0x00,0x01,0xFF,0xE0,0x00,0x7F,0xF8,0x00,0x00,0xFF,0xF0,0x00,0x3F,0xFC,0x00,0x00,
  0x7F,0xF8,0x00,0x1F,0xFE,0x00,0x00,0x3F,0xFC,0x00,0x0F,0xFF,0x00,0x00,0x1F,0xFE,0x00,0x1F,0xFF,0xC0,0x00,0x1F,0xFF,0xC0,
  0xFF,0xFF,0xFF,0x01,0xFF,0xFF,0xFF,0xFF,0xFF,0xFF,0x80,0xFF,0xFF,0xFF,0xFF,0xFF,0xFF,0xC0,0x7F,0xFF,0xFF,0xC0,0xFF,0xFF,
  0xFF,0xFC,0x00,0x1F,0xFF,0xFF,0xFF,0xF8,0x03,0xFF,0xFF,0xFF,0xFF,0xC0,0x03,0xFF,0xFF,0xFF,0xFE,0x00,0x1F,0xFE,0x07,0xFF,
  0xE0,0x03,0xFF,0x80,0x1F,0xFE,0x00,0x7F,0xF0,0x01,0xFF,0xE0,0x0F,0xFE,0x00,0x1F,0xFE,0x01,0xFF,0xC0,0x03,0xFF,0xC0,0x3F,
  0xF8,0x00,0x3F,0xFC,0x07,0xFF,0x00,0x07,0xFF,0x80,0xFF,0xE0,0x00,0xFF,0xF0,0x1F,0xFC,0x00,0x1F,0xFE,0x03,0xFF,0x80,0x03,
  0xFF,0xC0,0x7F,0xF0,0x00,0x7F,0xF8,0x0F,0xFE,0x00,0x0F,0xFF,0x01,0xFF,0xC0,0x01,0xFF,0xE0,0x3F,0xF8,0x00,0x3F,0xFC,0x07,
  0xFF,0x00,0x07,0xFF,0x80,0xFF,0xE0,0x00,0xFF,0xF0,0x1F,0xFC,0x00,0x3F,0xFC,0x03,0xFF,0x80,0x07,0xFF,0x80,0x7F,0xF0,0x01,
  0xFF,0xF0,0x0F,0xFE,0x00,0x3F,0xFC,0x01,0xFF,0xC0,0x1F,0xFF,0x00,0x3F,0xFC,0x0F,0xFF,0xC0,0x07,0xFF,0xFF,0xFF,0xF0,0x00,
  0xFF,0xFF,0xFF,0xFC,0x00,0x1F,0xFF,0xFF,0xFE,0x00,0x03,0xFF,0xFF,0xFC,0x00,0x00,0x7F,0xF0,0x00,0x00,0x00,0x0F,0xFE,0x00,
  0x00,0x00,0x01,0xFF,0xC0,0x00,0x00,0x00,0x3F,0xF8,0x00,0x00,0x00,0x07,0xFF,0x00,0x00,0x00,0x00,0xFF,0xE0,0x00,0x00,0x00,
  0x1F,0xFC,0x00,0x00,0x00,0x03,0xFF,0x80,0x00,0x00,0x00,0x7F,0xF0,0x00,0x00,0x00,0x0F,0xFE,0x00,0x00,0x00,0x01,0xFF,0xC0,
  0x00,0x00,0x00,0x3F,0xF8,0x00,0x00,0x00,0x07,0xFF,0x00,0x00,0x00,0x00,0xFF,0xE0,0x00,0x00,0x00,0x1F,0xFC,0x00,0x00,0x00,
  0x03,0xFF,0x80,0x00,0x00,0x01,0xFF,0xFE,0x00,0x00,0x03,0xFF,0xFF,0xFF,0x00,0x00,0x7F,0xFF,0xFF,0xE0,0x00,0x0F,0xFF,0xFF,
  0xFC,0x00,0x00,0x00,0x00,0x1F,0xFF,0xE0,0x00,0x00,0x0F,0xFF,0xFF,0xF8,0x00,0x01,0xFF,0xFF,0xFF,0xFC,0x00,0x3F,0xFF,0xFF,
  0xFF,0xE0,0x07,0xFF,0xF0,0x07,0xFF,0x00,0x7F,0xFC,0x00,0x03,0xF8,0x07,0xFF,0x80,0x00,0x07,0xC0,0x7F,0xF8,0x00,0x00,0x1E,
  0x07,0xFF,0x80,0x00,0x00,0xF0,0x7F,0xF8,0x00,0x00,0x07,0x87,0xFF,0x80,0x00,0x00,0x3C,0x3F,0xFC,0x00,0x00,0x00,0xE3,0xFF,
  0xC0,0x00,0x00,0x07,0x1F,0xFE,0x00,0x00,0x00,0x38,0xFF,0xF0,0x00,0x00,0x01,0xCF,0xFF,0x00,0x00,0x00,0x00,0x7F,0xF8,0x00,
  0x00,0x00,0x03,0xFF,0xC0,0x00,0x00,0x00,0x3F,0xFE,0x00,0x00,0x00,0x01,0xFF,0xF0,0x00,0x00,0x00,0x0F,0xFF,0x00,0x00,0x00,
  0x00,0x7F,0xF8,0x00,0x00,0x00,0x03,0xFF,0xC0,0x00,0x00,0x00,0x1F,0xFE,0x00,0x00,0x00,0x00,0xFF,0xF0,0x00,0x00,0x00,0x07,
  0xFF,0x80,0x00,0x00,0x00,0x3F,0xFC,0x00,0x00,0x00,0x01,0xFF,0xE0,0x00,0x00,0x00,0x0F,0xFF,0x00,0x00,0x00,0x00,0x7F,0xF8,
  0x00,0x00,0x00,0x03,0xFF,0xC0,0x00,0x00,0x00,0x1F,0xFE,0x00,0x00,0x00,0x00,0xFF,0xF8,0x00,0x00,0x00,0x07,0xFF,0xC0,0x00,
  0x00,0x00,0x1F,0xFE,0x00,0x00,0x00,0x00,0xFF,0xF0,0x00,0x00,0x00,0x07,0xFF,0x80,0x00,0x00,0x03,0x9F,0xFE,0x00,0x00,0x00,
  0x3C,0xFF,0xF0,0x00,0x00,0x01,0xE7,0xFF,0x80,0x00,0x00,0x0F,0x1F,0xFE,0x00,0x00,0x00,0x78,0x7F,0xF8,0x00,0x00,0x03,0xC3,
  0xFF,0xC0,0x00,0x00,0x1E,0x0F,0xFF,0x00,0x00,0x00,0xF0,0x3F,0xFC,0x00,0x00,0x0F,0x80,0xFF,0xF0,0x00,0x00,0xFC,0x03,0xFF,
  0xE0,0x00,0x1F,0xE0,0x0F,0xFF,0xE0,0x07,0xFF,0x00,0x1F,0xFF,0xFF,0xFF,0xF8,0x00,0x3F,0xFF,0xFF,0xFF,0x00,0x00,0x3F,0xFF,
  0xFF,0xC0,0x00,0x00,0x1F,0xFF,0x80,0x00,0xFF,0xFF,0xFF,0xFF,0xFF,0xFF,0xFF,0xFF,0xFF,0xFF,0xFF,0xFF,0xFF,0xFF,0xFF,0xFF,
  0xFF,0xFF,0xFF,0xFF,0xFF,0xFF,0xFF,0xFF,0xFF,0xC0,0x03,0xFF,0xC0,0x03,0xFF,0xC0,0x01,0xFF,0xE0,0x00,0x7F,0xC0,0x00,0xFF,
  0xF0,0x00,0x3F,0xE0,0x00,0x7F,0xF8,0x00,0x1F,0xF0,0x00,0x3F,0xFC,0x00,0x0F,0xF8,0x00,0x1F,0xFE,0x00,0x03,0xFC,0x00,0x0F,
  0xFF,0x00,0x01,0xFE,0x00,0x07,0xFF,0x80,0x00,0xFF,0x00,0x03,0xFF,0xC0,0x00,0x7F,0x80,0x01,0xFF,0xE0,0x00,0x3C,0x00,0x00,
  0xFF,0xF0,0x00,0x00,0x00,0x00,0x7F,0xF8,0x00,0x00,0x00,0x00,0x3F,0xFC,0x00,0x00,0x00,0x00,0x1F,0xFE,0x00,0x00,0x00,0x00,
  0x0F,0xFF,0x00,0x00,0x00,0x00,0x07,0xFF,0x80,0x00,0x00,0x00,0x03,0xFF,0xC0,0x00,0x00,0x00,0x01,0xFF,0xE0,0x00,0x00,0x00,
  0x00,0xFF,0xF0,0x00,0x00,0x00,0x00,0x7F,0xF8,0x00,0x00,0x00,0x00,0x3F,0xFC,0x00,0x00,0x00,0x00,0x1F,0xFE,0x00,0x00,0x00,
  0x00,0x0F,0xFF,0x00,0x00,0x00,0x00,0x07,0xFF,0x80,0x00,0x00,0x00,0x03,0xFF,0xC0,0x00,0x00,0x00,0x01,0xFF,0xE0,0x00,0x00,
  0x00,0x00,0xFF,0xF0,0x00,0x00,0x00,0x00,0x7F,0xF8,0x00,0x00,0x00,0x00,0x3F,0xFC,0x00,0x00,0x00,0x00,0x1F,0xFE,0x00,0x00,
  0x00,0x00,0x0F,0xFF,0x00,0x00,0x00,0x00,0x07,0xFF,0x80,0x00,0x00,0x00,0x03,0xFF,0xC0,0x00,0x00,0x00,0x01,0xFF,0xE0,0x00,
  0x00,0x00,0x00,0xFF,0xF0,0x00,0x00,0x00,0x00,0x7F,0xF8,0x00,0x00,0x00,0x00,0x3F,0xFC,0x00,0x00,0x00,0x00,0x1F,0xFE,0x00,
  0x00,0x00,0x00,0x0F,0xFF,0x00,0x00,0x00,0x00,0x07,0xFF,0x80,0x00,0x00,0x00,0x03,0xFF,0xC0,0x00,0x00,0x00,0x01,0xFF,0xE0,
  0x00,0x00,0x00,0x03,0xFF,0xFC,0x00,0x00,0x00,0x3F,0xFF,0xFF,0xF8,0x00,0x00,0x3F,0xFF,0xFF,0xFC,0x00,0x00,0x1F,0xFF,0xFF,
  0xFE,0x00,0x00,0xFF,0xFF,0xFF,0xC0,0x1F,0xFF,0xFF,0xFF,0xFF,0xFC,0x01,0xFF,0xFF,0xFF,0xFF,0xFF,0xC0,0x1F,0xFF,0xF0,0xFF,
  0xFF,0x80,0x00,0x0F,0xF0,0x03,0xFF,0xF0,0x00,0x00,0x7E,0x00,0x1F,0xFF,0x00,0x00,0x0F,0xC0,0x01,0xFF,0xF8,0x00,0x00,0xFC,
  0x00,0x0F,0xFF,0x80,0x00,0x1F,0x80,0x00,0xFF,0xFC,0x00,0x01,0xF0,0x00,0x07,0xFF,0xC0,0x00,0x3F,0x00,0x00,0x3F,0xFE,0x00,
  0x03,0xE0,0x00,0x03,0xFF,0xE0,0x00,0x7E,0x00,0x00,0x1F,0xFF,0x00,0x07,0xC0,0x00,0x01,0xFF,0xF0,0x00,0xFC,0x00,0x00,0x0F,
  0xFF,0x80,0x0F,0x80,0x00,0x00,0xFF,0xFC,0x01,0xF8,0x00,0x00,0x07,0xFF,0xC0,0x1F,0x00,0x00,0x00,0x3F,0xFE,0x03,0xF0,0x00,
  0x00,0x03,0xFF,0xE0,0x3E,0x00,0x00,0x00,0x1F,0xFF,0x07,0xE0,0x00,0x00,0x01,0xFF,0xF0,0x7C,0x00,0x00,0x00,0x0F,0xFF,0x8F,
  0xC0,0x00,0x00,0x00,0xFF,0xF8,0xF8,0x00,0x00,0x00,0x07,0xFF,0xDF,0x00,0x00,0x00,0x00,0x3F,0xFF,0xF0,0x00,0x00,0x00,0x03,
  0xFF,0xFE,0x00,0x00,0x00,0x00,0x1F,0xFF,0xE0,0x00,0x00,0x00,0x01,0xFF,0xFC,0x00,0x00,0x00,0x00,0x0F,0xFF,0xC0,0x00,0x00,
  0x00,0x00,0xFF,0xF8,0x00,0x00,0x00,0x00,0x07,0xFF,0x80,0x00,0x00,0x00,0x00,0x3F,0xF0,0x00,0x00,0x00,0x00,0x03,0xFF,0x00,
  0x00,0x00,0x00,0x00,0x1F,0xE0,0x00,0x00,0x00,0x00,0x01,0xFE,0x00,0x00,0x00,0x00,0x00,0x0F,0xC0,0x00,0x00,0x00,0x00,0x00,
  0xFC,0x00,0x00,0x00,0x00,0x00,0x1F,0x80,0x00,0x00,0x00,0x00,0x01,0xF0,0x00,0x00,0x00,0x18,0x00,0x3F,0x00,0x00,0x00,0x01,
  0xC0,0x07,0xE0,0x00,0x00,0x00,0x1C,0x00,0x7E,0x00,0x00,0x00,0x01,0xE0,0x0F,0xC0,0x00,0x00,0x00,0x1E,0x01,0xF8,0x00,0x00,
  0x00,0x01,0xF0,0x7F,0x80,0x00,0x00,0x00,0x1F,0xFF,0xF0,0x00,0x00,0x00,0x01,0xFF,0xFE,0x00,0x00,0x00,0x00,0x1F,0xFF,0xC0,
  0x00,0x00,0x00,0x01,0xFF,0xF8,0x00,0x00,0x00,0x00,0x1F,0xFF,0x00,0x00,0x00,0x00,0x00,0x3F,0x80,0x00,0x00,0x00,0x00,0x00,
  0x00,0x3F,0xFF,0xFF,0x80,0x00,0x00,0x00,0x07,0xFF,0xFF,0xF0,0x00,0x00,0x00,0x00,0xFF,0xFF,0xFE,0x00,0x00,0x00,0x00,0x00,
  0xFF,0xFC,0x00,0x00,0x00,0x00,0x00,0x0F,0xFE,0x00,0x00,0x00,0x00,0x00,0x01,0xFF,0xC0,0x00,0x00,0x00,0x00,0x00,0x3F,0xF8,
  0x00,0x00,0x00,0x00,0x00,0x07,0xFF,0x00,0x00,0x00,0x00,0x07,0xFF,0xFF,0xFF,0xFC,0x00,0x00,0x07,0xFF,0xFF,0xFF,0xFF,0xF0,
  0x00,0x03,0xFF,0xFF,0xFF,0xFF,0xFF,0x80,0x01,0xFF,0xFF,0xFF,0xFF,0xFF,0xFC,0x00,0x7F,0xFC,0x0F,0xFE,0x03,0xFF,0xC0,0x1F,
  0xFE,0x01,0xFF,0xC0,0x3F,0xFC,0x07,0xFF,0x80,0x3F,0xF8,0x01,0xFF,0xC1,0xFF,0xE0,0x07,0xFF,0x00,0x3F,0xFC,0x3F,0xF8,0x00,
  0xFF,0xE0,0x03,0xFF,0xCF,0xFF,0x00,0x1F,0xFC,0x00,0x3F,0xF9,0xFF,0xC0,0x03,0xFF,0x80,0x07,0xFF,0x3F,0xF8,0x00,0x7F,0xF0,
  0x00,0xFF,0xFF,0xFF,0x00,0x0F,0xFE,0x00,0x0F,0xFF,0xFF,0xE0,0x01,0xFF,0xC0,0x01,0xFF,0xFF,0xF8,0x00,0x3F,0xF8,0x00,0x3F,
  0xFF,0xFF,0x00,0x07,0xFF,0x00,0x07,0xFF,0xFF,0xE0,0x00,0xFF,0xE0,0x00,0xFF,0xFF,0xFC,0x00,0x1F,0xFC,0x00,0x1F,0xFF,0xFF,
  0x80,0x03,0xFF,0x80,0x03,0xFF,0xFF,0xF0,0x00,0x7F,0xF0,0x00,0x7F,0xFF,0xFF,0x00,0x0F,0xFE,0x00,0x0F,0xFE,0xFF,0xE0,0x01,
  0xFF,0xC0,0x03,0xFF,0xDF,0xFC,0x00,0x3F,0xF8,0x00,0x7F,0xF3,0xFF,0x80,0x07,0xFF,0x00,0x0F,0xFE,0x3F,0xF8,0x00,0xFF,0xE0,
  0x03,0xFF,0xC7,0xFF,0x00,0x1F,0xFC,0x00,0x7F,0xF0,0x7F,0xF0,0x03,0xFF,0x80,0x1F,0xFE,0x0F,0xFF,0x00,0x7F,0xF0,0x07,0xFF,
  0x80,0xFF,0xF0,0x0F,0xFE,0x01,0xFF,0xE0,0x0F,0xFF,0x81,0xFF,0xC0,0x7F,0xF8,0x00,0x7F,0xFF,0xFF,0xFF,0xFF,0xFE,0x00,0x07,
  0xFF,0xFF,0xFF,0xFF,0xFF,0x00,0x00,0x3F,0xFF,0xFF,0xFF,0xFF,0x80,0x00,0x00,0x7F,0xFF,0xFF,0xFF,0x80,0x00,0x00,0x00,0x03,
  0xFF,0x80,0x00,0x00,0x00,0x00,0x00,0x7F,0xF0,0x00,0x00,0x00,0x00,0x00,0x0F,0xFE,0x00,0x00,0x00,0x00,0x00,0x01,0xFF,0xC0,
  0x00,0x00,0x00,0x00,0x00,0x7F,0xFE,0x00,0x00,0x00,0x00,0x01,0xFF,0xFF,0xFC,0x00,0x00,0x00,0x00,0x3F,0xFF,0xFF,0x80,0x00,
  0x00,0x00,0x07,0xFF,0xFF,0xF0,0x00,0x00,0x3F,0xFF,0xFF,0xC0,0x7F,0xFF,0xC1,0xFF,0xFF,0xFE,0x03,0xFF,0xFE,0x0F,0xFF,0xFF,
  0xF0,0x1F,0xFF,0xF0,0x07,0xFF,0xF8,0x00,0x07,0xF8,0x00,0x0F,0xFF,0x80,0x00,0x1F,0x00,0x00,0x3F,0xFC,0x00,0x01,0xF0,0x00,
  0x01,0xFF,0xF0,0x00,0x1F,0x00,0x00,0x07,0xFF,0x80,0x01,0xF8,0x00,0x00,0x1F,0xFE,0x00,0x1F,0x80,0x00,0x00,0xFF,0xF8,0x00,
  0xF8,0x00,0x00,0x03,0xFF,0xC0,0x0F,0x80,0x00,0x00,0x0F,0xFF,0x00,0xFC,0x00,0x00,0x00,0x7F,0xFC,0x0F,0xC0,0x00,0x00,0x01,
  0xFF,0xE0,0xFC,0x00,0x00,0x00,0x07,0xFF,0x87,0xC0,0x00,0x00,0x00,0x3F,0xFE,0x7C,0x00,0x00,0x00,0x00,0xFF,0xF7,0xE0,0x00,
  0x00,0x00,0x07,0xFF,0xFE,0x00,0x00,0x00,0x00,0x1F,0xFF,0xE0,0x00,0x00,0x00,0x00,0x7F,0xFE,0x00,0x00,0x00,0x00,0x03,0xFF,
  0xE0,0x00,0x00,0x00,0x00,0x0F,0xFF,0x00,0x00,0x00,0x00,0x00,0x3F,0xFC,0x00,0x00,0x00,0x00,0x01,0xFF,0xF0,0x00,0x00,0x00,
  0x00,0x07,0xFF,0x80,0x00,0x00,0x00,0x00,0x1F,0xFE,0x00,0x00,0x00,0x00,0x01,0xFF,0xF8,0x00,0x00,0x00,0x00,0x0F,0xFF,0xC0,
  0x00,0x00,0x00,0x00,0xFF,0xFF,0x00,0x00,0x00,0x00,0x0F,0xFF,0xFC,0x00,0x00,0x00,0x00,0xFD,0xFF,0xE0,0x00,0x00,0x00,0x0F,
  0xCF,0xFF,0x80,0x00,0x00,0x00,0x7C,0x3F,0xFE,0x00,0x00,0x00,0x07,0xC0,0xFF,0xF0,0x00,0x00,0x00,0x7E,0x07,0xFF,0xC0,0x00,
  0x00,0x07,0xE0,0x1F,0xFE,0x00,0x00,0x00,0x7E,0x00,0x7F,0xF8,0x00,0x00,0x03,0xE0,0x03,0xFF,0xE0,0x00,0x00,0x3E,0x00,0x0F,
  0xFF,0x00,0x00,0x03,0xF0,0x00,0x3F,0xFC,0x00,0x00,0x3F,0x00,0x01,0xFF,0xF0,0x00,0x01,0xF0,0x00,0x07,0xFF,0x80,0x00,0x1F,
  0x00,0x00,0x1F,0xFE,0x00,0x01,0xF0,0x00,0x00,0xFF,0xF8,0x00,0x1F,0x80,0x00,0x03,0xFF,0xC0,0x01,0xF8,0x00,0x00,0x0F,0xFF,
  0x00,0x3F,0xE0,0x00,0x01,0xFF,0xFE,0x1F,0xFF,0xF0,0x00,0xFF,0xFF,0xFF,0xFF,0xFF,0x80,0x07,0xFF,0xFF,0xFF,0xFF,0xFC,0x00,
  0x3F,0xFF,0xFF,0xC0,0xFF,0xFF,0xFF,0x81,0xFF,0xFF,0xFF,0x7F,0xFF,0xFF,0xC0,0xFF,0xFF,0xFF,0x9F,0xFF,0xFF,0xE0,0x7F,0xFF,
  0xFF,0xC0,0xFF,0xFF,0x00,0x01,0xFF,0xFC,0x00,0x1F,0xFE,0x00,0x00,0x3F,0xFC,0x00,0x0F,0xFF,0x00,0x00,0x1F,0xFE,0x00,0x07,
  0xFF,0x80,0x00,0x0F,0xFF,0x00,0x03,0xFF,0xC0,0x00,0x07,0xFF,0x80,0x01,0xFF,0xE0,0x00,0x03,0xFF,0xC0,0x00,0xFF,0xF0,0x00,
  0x01,0xFF,0xE0,0x00,0x7F,0xF8,0x00,0x00,0xFF,0xF0,0x00,0x3F,0xFC,0x00,0x00,0x7F,0xF8,0x00,0x1F,0xFE,0x00,0x00,0x3F,0xFC,
  0x00,0x0F,0xFF,0x00,0x00,0x1F,0xFE,0x00,0x07,0xFF,0x80,0x00,0x0F,0xFF,0x00,0x03,0xFF,0xC0,0x00,0x07,0xFF,0x80,0x01,0xFF,
  0xE0,0x00,0x03,0xFF,0xC0,0x00,0xFF,0xF0,0x00,0x01,0xFF,0xE0,0x00,0x7F,0xF8,0x00,0x00,0xFF,0xF0,0x00,0x3F,0xFC,0x00,0x00,
  0x7F,0xF8,0x00,0x1F,0xFE,0x00,0x00,0x3F,0xFC,0x00,0x0F,0xFF,0x00,0x00,0x1F,0xFE,0x00,0x07,0xFF,0x80,0x00,0x0F,0xFF,0x00,
  0x03,0xFF,0xC0,0x00,0x07,0xFF,0x80,0x01,0xFF,0xE0,0x00,0x03,0xFF,0xC0,0x00,0xFF,0xF0,0x00,0x01,0xFF,0xE0,0x00,0x7F,0xF8,
  0x00,0x00,0xFF,0xF0,0x00,0x3F,0xFC,0x00,0x00,0x7F,0xF8,0x00,0x1F,0xFE,0x00,0x00,0x3F,0xFC,0x00,0x0F,0xFF,0x00,0x00,0x1F,
  0xFE,0x00,0x07,0xFF,0x80,0x00,0x0F,0xFF,0x00,0x03,0xFF,0xC0,0x00,0x07,0xFF,0x80,0x01,0xFF,0xE0,0x00,0x03,0xFF,0xC0,0x00,
  0xFF,0xF0,0x00,0x01,0xFF,0xE0,0x00,0x7F,0xF8,0x00,0x00,0xFF,0xF0,0x00,0x3F,0xFC,0x00,0x00,0x7F,0xF8,0x00,0x1F,0xFE,0x00,
  0x00,0x3F,0xFC,0x00,0x0F,0xFF,0x00,0x00,0x1F,0xFE,0x00,0x07,0xFF,0x80,0x00,0x0F,0xFF,0x00,0x03,0xFF,0xC0,0x00,0x07,0xFF,
  0x80,0x01,0xFF,0xE0,0x00,0x03,0xFF,0xC0,0x00,0xFF,0xF0,0x00,0x01,0xFF,0xE0,0x00,0x7F,0xF8,0x00,0x00,0xFF,0xF0,0x00,0x3F,
  0xFC,0x00,0x00,0x7F,0xF8,0x00,0x1F,0xFE,0x00,0x00,0x3F,0xFC,0x00,0x0F,0xFF,0x00,0x00,0x1F,0xFE,0x00,0x1F,0xFF,0xFF,0xFF,
  0xFF,0xFF,0xC0,0xFF,0xFF,0xFF,0xFF,0xFF,0xFF,0xFF,0xFF,0xFF,0xFF,0xFF,0xFF,0xFF,0xFF,0xFF,0xFF,0xFF,0xFF,0xFF,0xFF,0xFF,
  0xC0,0x00,0x00,0x00,0x00,0x00,0xFF,0xE0,0x00,0x00,0x00,0x00,0x00,0x3F,0xF0,0x00,0x00,0x00,0x00,0x00,0x1F,0xF8,0x00,0x00,
  0x00,0x00,0x00,0x0F,0xFC,0x00,0x00,0x00,0x00,0x00,0x07,0xFC,0x00,0x00,0x00,0x00,0x00,0x01,0xFE,0x00,0x00,0x00,0x00,0x00,
  0x00,0xFF,0x00,0x00,0x00,0x00,0x00,0x00,0x7F,0x80,0x00,0x00,0x00,0x00,0x00,0x1F,0xC0,0x00,0x00,0x00,0x00,0x00,0x0F,0xE0,
  0x00,0x00,0x00,0x00,0x00,0x07,0xF0,0x00,0x00,0x00,0x00,0x00,0x01,0xF8,0x00,0x00,0x00,0x00,0x00,0x00,0xFC,0x00,0x00,0x00,
  0x00,0x00,0x00,0x7E,0x00,0x00,0x00,0x00,0x00,0x00,0x3F,0x00,0x00,0x00,0x00,0x00,0x00,0x0F,0x80,0xFF,0xFF,0xFC,0x07,0xFF,
  0xFF,0xFF,0xFF,0xFF,0xF0,0x1F,0xFF,0xFF,0xFF,0xFF,0xFF,0xC0,0x7F,0xFF,0xFF,0x83,0xFF,0xF0,0x00,0x0F,0xFF,0xE0,0x07,0xFF,
  0x80,0x00,0x1F,0xFE,0x00,0x1F,0xFE,0x00,0x00,0x7F,0xF8,0x00,0x7F,0xF8,0x00,0x01,0xFF,0xE0,0x01,0xFF,0xE0,0x00,0x07,0xFF,
  0x80,0x07,0xFF,0x80,0x00,0x1F,0xFE,0x00,0x1F,0xFE,0x00,0x00,0x7F,0xF8,0x00,0x7F,0xF8,0x00,0x01,0xFF,0xE0,0x01,0xFF,0xE0,
  0x00,0x07,0xFF,0x80,0x07,0xFF,0x80,0x00,0x1F,0xFE,0x00,0x1F,0xFE,0x00,0x00,0x7F,0xF8,0x00,0x7F,0xF8,0x00,0x01,0xFF,0xE0,
  0x01,0xFF,0xE0,0x00,0x07,0xFF,0x80,0x07,0xFF,0x80,0x00,0x1F,0xFE,0x00,0x1F,0xFE,0x00,0x00,0x7F,0xF8,0x00,0x7F,0xF8,0x00,
  0x01,0xFF,0xE0,0x01,0xFF,0xE0,0x00,0x07,0xFF,0x80,0x07,0xFF,0x80,0x00,0x1F,0xFE,0x00,0x1F,0xFE,0x00,0x00,0x7F,0xF8,0x00,
  0x3F,0xF8,0x00,0x01,0xFF,0xE0,0x00,0xFF,0xF0,0x00,0x07,0xFF,0x80,0x03,0xFF,0xC0,0x00,0x1F,0xFE,0x00,0x07,0xFF,0x80,0x00,
  0x7F,0xF8,0x00,0x1F,0xFF,0x80,0x1F,0xFF,0xE0,0x00,0x3F,0xFF,0xFF,0xFF,0xFF,0x80,0x00,0xFF,0xFF,0xFF,0xFF,0xFE,0x00,0x01,
  0xFF,0xFF,0xFF,0xFF,0xF8,0x00,0x01,0xFF,0xFF,0xFD,0xFF,0xE0,0x00,0x01,0xFF,0xFF,0x87,0xFF,0x80,0x00,0x00,0xFF,0xE0,0x1F,
  0xFE,0x00,0x00,0x00,0x00,0x00,0x7F,0xF8,0x00,0x00,0x00,0x00,0x01,0xFF,0xE0,0x00,0x00,0x00,0x00,0x07,0xFF,0x80,0x00,0x00,
  0x00,0x00,0x1F,0xFE,0x00,0x00,0x00,0x00,0x00,0x7F,0xF8,0x00,0x00,0x00,0x00,0x01,0xFF,0xE0,0x00,0x00,0x00,0x00,0x07,0xFF,
  0x80,0x00,0x00,0x00,0x00,0x1F,0xFE,0x00,0x00,0x00,0x00,0x00,0x7F,0xF8,0x00,0x00,0x00,0x00,0x01,0xFF,0xE0,0x00,0x00,0x00,
  0x00,0x07,0xFF,0x80,0x00,0x00,0x00,0x00,0x1F,0xFE,0x00,0x00,0x00,0x00,0x00,0x7F,0xF8,0x00,0x00,0x00,0x00,0x07,0xFF,0xF8,
  0x00,0x00,0x00,0x01,0xFF,0xFF,0xFE,0x00,0x00,0x00,0x0F,0xFF,0xFF,0xF8,0x00,0x00,0x00,0x3F,0xFF,0xFF,0xE0,0xFF,0xFF,0xFF,
  0x07,0xFF,0xFF,0xF0,0x7F,0xFF,0xFF,0xFF,0xFF,0xFF,0x83,0xFF,0xFF,0xF8,0x3F,0xFF,0xFF,0xFF,0xFF,0xFF,0xC1,0xFF,0xFF,0xFC,
  0x1F,0xFF,0xFF,0xE0,0xFF,0xFE,0x00,0x0F,0xFF,0xE0,0x00,0xFF,0xFF,0x00,0x1F,0xFE,0x00,0x01,0xFF,0xE0,0x00,0x1F,0xFE,0x00,
  0x0F,0xFF,0x00,0x00,0xFF,0xF0,0x00,0x0F,0xFF,0x00,0x07,0xFF,0x80,0x00,0x7F,0xF8,0x00,0x07,0xFF,0x80,0x03,0xFF,0xC0,0x00,
  0x3F,0xFC,0x00,0x03,0xFF,0xC0,0x01,0xFF,0xE0,0x00,0x1F,0xFE,0x00,0x01,0xFF,0xE0,0x00,0xFF,0xF0,0x00,0x0F,0xFF,0x00,0x00,
  0xFF,0xF0,0x00,0x7F,0xF8,0x00,0x07,0xFF,0x80,0x00,0x7F,0xF8,0x00,0x3F,0xFC,0x00,0x03,0xFF,0xC0,0x00,0x3F,0xFC,0x00,0x1F,
  0xFE,0x00,0x01,0xFF,0xE0,0x00,0x1F,0xFE,0x00,0x0F,0xFF,0x00,0x00,0xFF,0xF0,0x00,0x0F,0xFF,0x00,0x07,0xFF,0x80,0x00,0x7F,
  0xF8,0x00,0x07,0xFF,0x80,0x03,0xFF,0xC0,0x00,0x3F,0xFC,0x00,0x03,0xFF,0xC0,0x01,0xFF,0xE0,0x00,0x1F,0xFE,0x00,0x01,0xFF,
  0xE0,0x00,0xFF,0xF0,0x00,0x0F,0xFF,0x00,0x00,0xFF,0xF0,0x00,0x7F,0xF8,0x00,0x07,0xFF,0x80,0x00,0x7F,0xF8,0x00,0x3F,0xFC,
  0x00,0x03,0xFF,0xC0,0x00,0x3F,0xFC,0x00,0x1F,0xFE,0x00,0x01,0xFF,0xE0,0x00,0x1F,0xFE,0x00,0x0F,0xFF,0x00,0x00,0xFF,0xF0,
  0x00,0x0F,0xFF,0x00,0x07,0xFF,0x80,0x00,0x7F,0xF8,0x00,0x07,0xFF,0x80,0x03,0xFF,0xC0,0x00,0x3F,0xFC,0x00,0x03,0xFF,0xC0,
  0x01,0xFF,0xE0,0x00,0x1F,0xFE,0x00,0x01,0xFF,0xE0,0x00,0xFF,0xF0,0x00,0x0F,0xFF,0x00,0x00,0xFF,0xF0,0x00,0x7F,0xF8,0x00,
  0x07,0xFF,0x80,0x00,0x7F,0xF8,0x00,0x3F,0xFC,0x00,0x03,0xFF,0xC0,0x00,0x3F,0xFC,0x00,0x1F,0xFE,0x00,0x01,0xFF,0xE0,0x00,
  0x1F,0xFE,0x00,0x0F,0xFF,0x00,0x00,0xFF,0xF0,0x00,0x0F,0xFF,0x00,0x07,0xFF,0x80,0x00,0x7F,0xF8,0x00,0x07,0xFF,0x80,0x03,
  0xFF,0xC0,0x00,0x3F,0xFC,0x00,0x03,0xFF,0xC0,0x01,0xFF,0xE0,0x00,0x1F,0xFE,0x00,0x01,0xFF,0xE0,0x00,0xFF,0xF0,0x00,0x0F,
  0xFF,0x00,0x00,0xFF,0xF0,0x00,0x7F,0xF8,0x00,0x07,0xFF,0x80,0x00,0x7F,0xF8,0x00,0x3F,0xFC,0x00,0x03,0xFF,0xC0,0x00,0x3F,
  0xFC,0x00,0x1F,0xFE,0x00,0x01,0xFF,0xE0,0x00,0x1F,0xFE,0x00,0x0F,0xFF,0x00,0x00,0xFF,0xF0,0x00,0x0F,0xFF,0x00,0x07,0xFF,
  0x80,0x00,0x7F,0xF8,0x00,0x07,0xFF,0x80,0x03,0xFF,0xC0,0x00,0x3F,0xFC,0x00,0x03,0xFF,0xC0,0x01,0xFF,0xE0,0x00,0x1F,0xFE,
  0x00,0x01,0xFF,0xE0,0x00,0xFF,0xF0,0x00,0x0F,0xFF,0x00,0x00,0xFF,0xF0,0x00,0x7F,0xF8,0x00,0x07,0xFF,0x80,0x00,0x7F,0xF8,
  0x00,0x3F,0xFC,0x00,0x03,0xFF,0xC0,0x00,0x3F,0xFC,0x00,0x1F,0xFE,0x00,0x01,0xFF,0xE0,0x00,0x1F,0xFE,0x00,0x0F,0xFF,0x00,
  0x00,0xFF,0xF0,0x00,0x0F,0xFF,0x00,0x1F,0xFF,0xFF,0xFF,0xFF,0xFF,0xFF,0xFF,0xFF,0xE1,0xFF,0xFF,0xFF,0xFF,0xFF,0xFF,0xFF,
  0xFF,0xFF,0xFF,0xFF,0xFF,0xFF,0xFF,0xFF,0xFF,0xFF,0xFF,0xFF,0xFF,0xFF,0xFF,0xFF,0xFF,0xFF,0xFF,0xFF,0xFF,0xFF,0xFF,0xC0,
  0xFF,0xFF,0xFF,0x07,0xFF,0xFF,0xF0,0x7F,0xFF,0xFF,0x7F,0xFF,0xFF,0x83,0xFF,0xFF,0xF8,0x3F,0xFF,0xFF,0xBF,0xFF,0xFF,0xC1,
  0xFF,0xFF,0xFC,0x1F,0xFF,0xFF,0xC0,0xFF,0xFE,0x00,0x0F,0xFF,0xE0,0x00,0xFF,0xFE,0x00,0x1F,0xFE,0x00,0x03,0xFF,0xC0,0x00,
  0x3F,0xFC,0x00,0x0F,0xFF,0x00,0x01,0xFF,0xE0,0x00,0x1F,0xFE,0x00,0x07,0xFF,0x80,0x00,0xFF,0xF0,0x00,0x0F,0xFF,0x00,0x03,
  0xFF,0xC0,0x00,0x7F,0xF8,0x00,0x07,0xFF,0x80,0x01,0xFF,0xE0,0x00,0x3F,0xFC,0x00,0x03,0xFF,0xC0,0x00,0xFF,0xF0,0x00,0x1F,
  0xFE,0x00,0x01,0xFF,0xE0,0x00,0x7F,0xF8,0x00,0x0F,0xFF,0x00,0x00,0xFF,0xF0,0x00,0x3F,0xFC,0x00,0x07,0xFF,0x80,0x00,0x7F,
  0xF8,0x00,0x1F,0xFE,0x00,0x03,0xFF,0xC0,0x00,0x3F,0xFC,0x00,0x0F,0xFF,0x00,0x01,0xFF,0xE0,0x00,0x1F,0xFE,0x00,0x07,0xFF,
  0x80,0x00,0xFF,0xF0,0x00,0x0F,0xFF,0x00,0x03,0xFF,0xC0,0x00,0x7F,0xF8,0x00,0x07,0xFF,0x80,0x01,0xFF,0xE0,0x00,0x3F,0xFC,
  0x00,0x03,0xFF,0xC0,0x00,0xFF,0xF0,0x00,0x1F,0xFE,0x00,0x01,0xFF,0xE0,0x00,0x7F,0xF8,0x00,0x0F,0xFF,0x00,0x00,0xFF,0xF0,
  0x00,0x3F,0xFC,0x00,0x07,0xFF,0x80,0x00,0x7F,0xF8,0x00,0x1F,0xFE,0x00,0x03,0xFF,0xC0,0x00,0x3F,0xFC,0x00,0x0F,0xFF,0x00,
  0x01,0xFF,0xE0,0x00,0x1F,0xFE,0x00,0x07,0xFF,0x80,0x00,0xFF,0xF0,0x00,0x0F,0xFF,0x00,0x03,0xFF,0xC0,0x00,0x7F,0xF8,0x00,
  0x07,0xFF,0x80,0x01,0xFF,0xE0,0x00,0x3F,0xFC,0x00,0x03,0xFF,0xC0,0x00,0xFF,0xF0,0x00,0x1F,0xFE,0x00,0x01,0xFF,0xE0,0x00,
  0x7F,0xF8,0x00,0x0F,0xFF,0x00,0x00,0xFF,0xF0,0x00,0x3F,0xFC,0x00,0x07,0xFF,0x80,0x00,0x7F,0xF8,0x00,0x1F,0xFE,0x00,0x03,
  0xFF,0xC0,0x00,0x3F,0xFC,0x00,0x0F,0xFF,0x00,0x01,0xFF,0xE0,0x00,0x1F,0xFE,0x00,0x07,0xFF,0x80,0x00,0xFF,0xF0,0x00,0x0F,
  0xFF,0x00,0x03,0xFF,0xC0,0x00,0x7F,0xF8,0x00,0x07,0xFF,0x80,0x01,0xFF,0xE0,0x00,0x3F,0xFC,0x00,0x03,0xFF,0xC0,0x00,0xFF,
  0xF0,0x00,0x1F,0xFE,0x00,0x01,0xFF,0xE0,0x00,0x7F,0xF8,0x00,0x0F,0xFF,0x00,0x00,0xFF,0xF0,0x00,0x3F,0xFC,0x00,0x07,0xFF,
  0x80,0x00,0x7F,0xF8,0x00,0x1F,0xFE,0x00,0x03,0xFF,0xC0,0x00,0x3F,0xFC,0x00,0x0F,0xFF,0x00,0x01,0xFF,0xE0,0x00,0x1F,0xFE,
  0x00,0x07,0xFF,0x80,0x00,0xFF,0xF0,0x00,0x0F,0xFF,0x00,0x03,0xFF,0xC0,0x00,0x7F,0xF8,0x00,0x07,0xFF,0x80,0x01,0xFF,0xE0,
  0x00,0x3F,0xFC,0x00,0x03,0xFF,0xC0,0x00,0xFF,0xF0,0x00,0x1F,0xFE,0x00,0x01,0xFF,0xE0,0x00,0x7F,0xF8,0x00,0x0F,0xFF,0x00,
  0x00,0xFF,0xF0,0x00,0x3F,0xFC,0x00,0x07,0xFF,0x80,0x00,0x7F,0xF8,0x00,0x1F,0xFE,0x00,0x03,0xFF,0xC0,0x00,0x3F,0xFC,0x00,
  0x0F,0xFF,0x00,0x01,0xFF,0xE0,0x00,0x1F,0xFE,0x00,0x1F,0xFF,0xFF,0xFF,0xFF,0xFF,0xFF,0xFF,0xFF,0xC1,0xFF,0xFF,0xFF,0xFF,
  0xFF,0xFF,0xFF,0xFF,0xFF,0xFF,0xFF,0xFF,0xFF,0xFF,0xFF,0xFF,0xFF,0xFF,0xFF,0xFF,0xFF,0xFF,0xFF,0xFF,0xFF,0xFF,0xFF,0xFF,
  0xFF,0xFF,0xC0,0x00,0x00,0x00,0x00,0x00,0x00,0x00,0x00,0x7F,0xE0,0x00,0x00,0x00,0x00,0x00,0x00,0x00,0x00,0x3F,0xF0,0x00,
  0x00,0x00,0x00,0x00,0x00,0x00,0x00,0x1F,0xF8,0x00,0x00,0x00,0x00,0x00,0x00,0x00,0x00,0x07,0xFC,0x00,0x00,0x00,0x00,0x00,
  0x00,0x00,0x00,0x03,0xFE,0x00,0x00,0x00,0x00,0x00,0x00,0x00,0x00,0x01,0xFF,0x00,0x00,0x00,0x00,0x00,0x00,0x00,0x00,0x00,
  0x7F,0x80,0x00,0x00,0x00,0x00,0x00,0x00,0x00,0x00,0x3F,0xC0,0x00,0x00,0x00,0x00,0x00,0x00,0x00,0x00,0x1F,0xE0,0x00,0x00,
  0x00,0x00,0x00,0x00,0x00,0x00,0x0F,0xF0,0x00,0x00,0x00,0x00,0x00,0x00,0x00,0x00,0x03,0xF8,0x00,0x00,0x00,0x00,0x00,0x00,
  0x00,0x00,0x01,0xFC,0x00,0x00,0x00,0x00,0x00,0x00,0x00,0x00,0x00,0xFC,0x00,0x00,0x00,0x00,0x00,0x00,0x00,0x00,0x00,0x3E,
  0x00,0x00,0x00,0x00,0x00,0x00,0x00,0x00,0x00,0x1F,0x00,0x00,0x00,0x00,0x00,0x00,0x00,0x00,0x00,0x0F,0x80,0xFF,0xFF,0xFF,
  0xFF,0xF8,0x00,0x03,0xFF,0xFF,0xFF,0xFF,0xE0,0x00,0x0F,0xFF,0xFF,0xFF,0xFF,0x80,0x00,0x3F,0xFF,0xFF,0xFF,0x80,0x00,0x00,
  0xFE,0x00,0x7F,0xF8,0x00,0x00,0x03,0xE0,0x01,0xFF,0xE0,0x00,0x00,0x0F,0x80,0x07,0xFF,0x80,0x00,0x00,0x3E,0x00,0x1F,0xFE,
  0x00,0x00,0x00,0xF8,0x00,0x7F,0xF8,0x00,0x00,0x03,0xC0,0x01,0xFF,0xE0,0x00,0x00,0x0F,0x00,0x07,0xFF,0x80,0x00,0x00,0x3C,
  0x00,0x1F,0xFE,0x00,0x00,0x00,0x00,0x00,0x7F,0xF8,0x00,0x00,0x00,0x00,0x01,0xFF,0xE0,0x00,0x00,0x00,0x00,0x07,0xFF,0x80,
  0x00,0x00,0x00,0x00,0x1F,0xFE,0x00,0x00,0x00,0x00,0x00,0x7F,0xF8,0x00,0x00,0x00,0x00,0x01,0xFF,0xE0,0x00,0x00,0x00,0x00,
  0x07,0xFF,0x80,0x00,0x00,0x00,0x00,0x1F,0xFE,0x00,0x00,0x00,0x00,0x00,0x7F,0xF8,0x00,0x00,0x00,0x00,0x01,0xFF,0xE0,0x00,
  0x00,0x00,0x00,0x07,0xFF,0xFF,0xF0,0x00,0x00,0x00,0x1F,0xFF,0xFF,0xFC,0x00,0x00,0x00,0x7F,0xFF,0xFF,0xFE,0x00,0x00,0x01,
  0xFF,0xFF,0xFF,0xFC,0x00,0x00,0x07,0xFF,0x83,0xFF,0xFC,0x00,0x00,0x1F,0xFE,0x01,0xFF,0xF8,0x00,0x00,0x7F,0xF8,0x03,0xFF,
  0xE0,0x00,0x01,0xFF,0xE0,0x07,0xFF,0xC0,0x00,0x07,0xFF,0x80,0x0F,0xFF,0x80,0x00,0x1F,0xFE,0x00,0x3F,0xFE,0x00,0x00,0x7F,
  0xF8,0x00,0x7F,0xF8,0x00,0x01,0xFF,0xE0,0x01,0xFF,0xE0,0x00,0x07,0xFF,0x80,0x07,0xFF,0xC0,0x00,0x1F,0xFE,0x00,0x1F,0xFF,
  0x00,0x00,0x7F,0xF8,0x00,0x7F,0xFC,0x00,0x01,0xFF,0xE0,0x01,0xFF,0xF0,0x00,0x07,0xFF,0x80,0x07,0xFF,0x80,0x00,0x1F,0xFE,
  0x00,0x1F,0xFE,0x00,0x00,0x7F,0xF8,0x00,0x7F,0xF8,0x00,0x01,0xFF,0xE0,0x03,0xFF,0xE0,0x00,0x07,0xFF,0x80,0x0F,0xFF,0x00,
  0x00,0x1F,0xFE,0x00,0x7F,0xFC,0x00,0x00,0x7F,0xF8,0x03,0xFF,0xE0,0x00,0x01,0xFF,0xE0,0x3F,0xFF,0x00,0x00,0x0F,0xFF,0xFF,
  0xFF,0xF8,0x00,0x07,0xFF,0xFF,0xFF,0xFF,0x80,0x00,0x1F,0xFF,0xFF,0xFF,0xF0,0x00,0x00,0x7F,0xFF,0xFF,0xFC,0x00,0x00,0xFF,
  0xFF,0xFF,0xE0,0x00,0x00,0xFF,0xFF,0xFF,0xFF,0xFF,0xFF,0xE0,0x00,0x00,0xFF,0xFF,0xFF,0xFF,0xFF,0xFF,0xE0,0x00,0x00,0xFF,
  0xFF,0xFF,0x07,0xFF,0xF8,0x00,0x00,0x00,0x0F,0xFF,0xF0,0x01,0xFF,0xC0,0x00,0x00,0x00,0x03,0xFF,0xC0,0x01,0xFF,0xC0,0x00,
  0x00,0x00,0x03,0xFF,0xC0,0x01,0xFF,0xC0,0x00,0x00,0x00,0x03,0xFF,0xC0,0x01,0xFF,0xC0,0x00,0x00,0x00,0x03,0xFF,0xC0,0x01,
  0xFF,0xC0,0x00,0x00,0x00,0x03,0xFF,0xC0,0x01,0xFF,0xC0,0x00,0x00,0x00,0x03,0xFF,0xC0,0x01,0xFF,0xC0,0x00,0x00,0x00,0x03,
  0xFF,0xC0,0x01,0xFF,0xC0,0x00,0x00,0x00,0x03,0xFF,0xC0,0x01,0xFF,0xC0,0x00,0x00,0x00,0x03,0xFF,0xC0,0x01,0xFF,0xC0,0x00,
  0x00,0x00,0x03,0xFF,0xC0,0x01,0xFF,0xC0,0x00,0x00,0x00,0x03,0xFF,0xC0,0x01,0xFF,0xC0,0x00,0x00,0x00,0x03,0xFF,0xC0,0x01,
  0xFF,0xC0,0x00,0x00,0x00,0x03,0xFF,0xC0,0x01,0xFF,0xC0,0x00,0x00,0x00,0x03,0xFF,0xC0,0x01,0xFF,0xC0,0x00,0x00,0x00,0x03,
  0xFF,0xC0,0x01,0xFF,0xC0,0x00,0x00,0x00,0x03,0xFF,0xC0,0x01,0xFF,0xC0,0x00,0x00,0x00,0x03,0xFF,0xC0,0x01,0xFF,0xC0,0x00,
  0x00,0x00,0x03,0xFF,0xC0,0x01,0xFF,0xFF,0xFF,0x00,0x00,0x03,0xFF,0xC0,0x01,0xFF,0xFF,0xFF,0xF0,0x00,0x03,0xFF,0xC0,0x01,
  0xFF,0xFF,0xFF,0xFC,0x00,0x03,0xFF,0xC0,0x01,0xFF,0xFF,0xFF,0xFF,0x00,0x03,0xFF,0xC0,0x01,0xFF,0xC0,0x3F,0xFF,0x80,0x03,
  0xFF,0xC0,0x01,0xFF,0xC0,0x0F,0xFF,0xC0,0x03,0xFF,0xC0,0x01,0xFF,0xC0,0x03,0xFF,0xE0,0x03,0xFF,0xC0,0x01,0xFF,0xC0,0x01,
  0xFF,0xE0,0x03,0xFF,0xC0,0x01,0xFF,0xC0,0x01,0xFF,0xF0,0x03,0xFF,0xC0,0x01,0xFF,0xC0,0x00,0xFF,0xF0,0x03,0xFF,0xC0,0x01,
  0xFF,0xC0,0x00,0xFF,0xF8,0x03,0xFF,0xC0,0x01,0xFF,0xC0,0x00,0xFF,0xF8,0x03,0xFF,0xC0,0x01,0xFF,0xC0,0x00,0x7F,0xF8,0x03,
  0xFF,0xC0,0x01,0xFF,0xC0,0x00,0x7F,0xF8,0x03,0xFF,0xC0,0x01,0xFF,0xC0,0x00,0x7F,0xF8,0x03,0xFF,0xC0,0x01,0xFF,0xC0,0x00,
  0x7F,0xF8,0x03,0xFF,0xC0,0x01,0xFF,0xC0,0x00,0xFF,0xF8,0x03,0xFF,0xC0,0x01,0xFF,0xC0,0x00,0xFF,0xF8,0x03,0xFF,0xC0,0x01,
  0xFF,0xC0,0x00,0xFF,0xF0,0x03,0xFF,0xC0,0x01,0xFF,0xC0,0x00,0xFF,0xF0,0x03,0xFF,0xC0,0x01,0xFF,0xC0,0x01,0xFF,0xF0,0x03,
  0xFF,0xC0,0x01,0xFF,0xC0,0x03,0xFF,0xE0,0x03,0xFF,0xC0,0x01,0xFF,0xC0,0x07,0xFF,0xC0,0x03,0xFF,0xC0,0x01,0xFF,0xC0,0x1F,
  0xFF,0x80,0x03,0xFF,0xC0,0x07,0xFF,0xFF,0xFF,0xFF,0x00,0x0F,0xFF,0xF0,0xFF,0xFF,0xFF,0xFF,0xFC,0x00,0xFF,0xFF,0xFF,0xFF,
  0xFF,0xFF,0xFF,0xF0,0x00,0xFF,0xFF,0xFF,0xFF,0xFF,0xFF,0xFF,0x00,0x00,0xFF,0xFF,0xFF,0xFF,0xFF,0xFF,0xE0,0x00,0x03,0xFF,
  0xFF,0xFF,0x80,0x00,0x0F,0xFF,0xFF,0xFE,0x00,0x00,0x01,0xFF,0xFE,0x00,0x00,0x00,0x01,0xFF,0xC0,0x00,0x00,0x00,0x07,0xFF,
  0x00,0x00,0x00,0x00,0x1F,0xFC,0x00,0x00,0x00,0x00,0x7F,0xF0,0x00,0x00,0x00,0x01,0xFF,0xC0,0x00,0x00,0x00,0x07,0xFF,0x00,
  0x00,0x00,0x00,0x1F,0xFC,0x00,0x00,0x00,0x00,0x7F,0xF0,0x00,0x00,0x00,0x01,0xFF,0xC0,0x00,0x00,0x00,0x07,0xFF,0x00,0x00,
  0x00,0x00,0x1F,0xFC,0x00,0x00,0x00,0x00,0x7F,0xF0,0x00,0x00,0x00,0x01,0xFF,0xC0,0x00,0x00,0x00,0x07,0xFF,0x00,0x00,0x00,
  0x00,0x1F,0xFC,0x00,0x00,0x00,0x00,0x7F,0xF0,0x00,0x00,0x00,0x01,0xFF,0xC0,0x00,0x00,0x00,0x07,0xFF,0x00,0x00,0x00,0x00,
  0x1F,0xFF,0xFF,0xF0,0x00,0x00,0x7F,0xFF,0xFF,0xFC,0x00,0x01,0xFF,0xFF,0xFF,0xFE,0x00,0x07,0xFF,0xFF,0xFF,0xFE,0x00,0x1F,
  0xFC,0x03,0xFF,0xFC,0x00,0x7F,0xF0,0x01,0xFF,0xF8,0x01,0xFF,0xC0,0x01,0xFF,0xF0,0x07,0xFF,0x00,0x07,0xFF,0xC0,0x1F,0xFC,
  0x00,0x0F,0xFF,0x80,0x7F,0xF0,0x00,0x1F,0xFE,0x01,0xFF,0xC0,0x00,0x7F,0xF8,0x07,0xFF,0x00,0x01,0xFF,0xF0,0x1F,0xFC,0x00,
  0x07,0xFF,0xC0,0x7F,0xF0,0x00,0x1F,0xFF,0x01,0xFF,0xC0,0x00,0x7F,0xFC,0x07,0xFF,0x00,0x01,0xFF,0xF0,0x1F,0xFC,0x00,0x07,
  0xFF,0xC0,0x7F,0xF0,0x00,0x1F,0xFE,0x01,0xFF,0xC0,0x00,0x7F,0xF8,0x07,0xFF,0x00,0x03,0xFF,0xE0,0x1F,0xFC,0x00,0x0F,0xFF,
  0x00,0x7F,0xF0,0x00,0x7F,0xFC,0x01,0xFF,0xC0,0x03,0xFF,0xE0,0x07,0xFF,0x00,0x3F,0xFF,0x00,0x7F,0xFF,0xFF,0xFF,0xF8,0x3F,
  0xFF,0xFF,0xFF,0xFF,0x80,0xFF,0xFF,0xFF,0xFF,0xF8,0x03,0xFF,0xFF,0xFF,0xFE,0x00,0x00,0x00,0x1F,0xFF,0x80,0x00,0x00,0x7F,
  0xFF,0xFF,0x00,0x00,0xFF,0xFF,0xFF,0xFC,0x00,0x1F,0xFF,0xFF,0xFF,0xC0,0x03,0xFF,0x00,0x7F,0xFE,0x00,0x7F,0x00,0x03,0xFF,
  0xE0,0x0F,0x80,0x00,0x1F,0xFE,0x01,0xE0,0x00,0x01,0xFF,0xE0,0x3C,0x00,0x00,0x1F,0xFE,0x07,0x80,0x00,0x01,0xFF,0xC0,0xF0,
  0x00,0x00,0x3F,0xFC,0x1E,0x00,0x00,0x03,0xFF,0x83,0x80,0x00,0x00,0x7F,0xF8,0x70,0x00,0x00,0x0F,0xFF,0x0E,0x00,0x00,0x01,
  0xFF,0xF0,0x00,0x00,0x00,0x1F,0xFE,0x00,0x00,0x00,0x03,0xFF,0xC0,0x00,0x00,0x00,0x7F,0xF8,0x00,0x00,0x00,0x0F,0xFF,0x00,
  0x00,0x00,0x01,0xFF,0xF0,0x00,0x00,0x00,0x3F,0xFE,0x00,0x00,0x00,0x07,0xFF,0xC0,0x00,0x00,0x00,0x7F,0xF8,0x00,0x7F,0xFF,
  0xFF,0xFF,0x00,0x0F,0xFF,0xFF,0xFF,0xE0,0x01,0xFF,0xFF,0xFF,0xFC,0x00,0x3F,0xFF,0xFF,0xFF,0x80,0x00,0x00,0x00,0xFF,0xF0,
  0x00,0x00,0x00,0x1F,0xFE,0x00,0x00,0x00,0x03,0xFF,0xC0,0x00,0x00,0x00,0xFF,0xF8,0x00,0x00,0x00,0x1F,0xFF,0x00,0x00,0x00,
  0x03,0xFF,0xE0,0x00,0x00,0x00,0x7F,0xF8,0x00,0x00,0x00,0x0F,0xFF,0x00,0x00,0x00,0x01,0xFF,0xEF,0x00,0x00,0x00,0x3F,0xFD,
  0xE0,0x00,0x00,0x0F,0xFF,0x3C,0x00,0x00,0x01,0xFF,0xE7,0x80,0x00,0x00,0x3F,0xFC,0xF0,0x00,0x00,0x0F,0xFF,0x1E,0x00,0x00,
  0x01,0xFF,0xE3,0xE0,0x00,0x00,0x7F,0xF8,0x7C,0x00,0x00,0x1F,0xFE,0x0F,0x80,0x00,0x07,0xFF,0x81,0xF8,0x00,0x01,0xFF,0xE0,
  0x3F,0xC0,0x00,0x7F,0xF8,0x07,0xFF,0x00,0x7F,0xFE,0x00,0xFF,0xFF,0xFF,0xFF,0x80,0x07,0xFF,0xFF,0xFF,0xC0,0x00,0x0F,0xFF,
  0xFF,0xC0,0x00,0x00,0x0F,0xFF,0xC0,0x00,0x00,0x00,0x00,0x00,0x00,0x00,0x00,0x3F,0xFE,0x00,0x00,0x7F,0xFF,0xFF,0xC0,0x00,
  0x01,0xFF,0xFF,0xF0,0x00,0x3F,0xFF,0xFF,0xE0,0x00,0x03,0xFF,0xFF,0xFE,0x00,0x1F,0xFF,0xFF,0xF0,0x00,0x07,0xFF,0xFF,0xFF,
  0xC0,0x00,0x7F,0xFF,0x00,0x00,0x0F,0xFF,0x00,0x7F,0xF0,0x00,0x0F,0xFE,0x00,0x00,0x0F,0xFE,0x00,0x0F,0xFE,0x00,0x07,0xFF,
  0x00,0x00,0x0F,0xFE,0x00,0x03,0xFF,0x80,0x03,0xFF,0x80,0x00,0x0F,0xFE,0x00,0x00,0xFF,0xE0,0x01,0xFF,0xC0,0x00,0x0F,0xFF,
  0x00,0x00,0x7F,0xF0,0x00,0xFF,0xE0,0x00,0x07,0xFF,0x00,0x00,0x1F,0xFC,0x00,0x7F,0xF0,0x00,0x07,0xFF,0x80,0x00,0x0F,0xFF,
  0x00,0x3F,0xF8,0x00,0x03,0xFF,0x80,0x00,0x03,0xFF,0x80,0x1F,0xFC,0x00,0x03,0xFF,0xC0,0x00,0x01,0xFF,0xE0,0x0F,0xFE,0x00,
  0x01,0xFF,0xE0,0x00,0x00,0xFF,0xF0,0x07,0xFF,0x00,0x00,0xFF,0xE0,0x00,0x00,0x3F,0xF8,0x03,0xFF,0x80,0x00,0xFF,0xF0,0x00,
  0x00,0x1F,0xFE,0x01,0xFF,0xC0,0x00,0x7F,0xF8,0x00,0x00,0x0F,0xFF,0x00,0xFF,0xE0,0x00,0x3F,0xFC,0x00,0x00,0x07,0xFF,0x80,
  0x7F,0xF0,0x00,0x1F,0xFE,0x00,0x00,0x03,0xFF,0xC0,0x3F,0xF8,0x00,0x0F,0xFF,0x00,0x00,0x01,0xFF,0xE0,0x1F,0xFC,0x00,0x0F,
  0xFF,0x80,0x00,0x00,0xFF,0xF8,0x0F,0xFE,0x00,0x07,0xFF,0xC0,0x00,0x00,0x7F,0xFC,0x07,0xFF,0x00,0x03,0xFF,0xE0,0x00,0x00,
  0x3F,0xFE,0x03,0xFF,0xFF,0xFF,0xFF,0xF0,0x00,0x00,0x1F,0xFF,0x01,0xFF,0xFF,0xFF,0xFF,0xF8,0x00,0x00,0x0F,0xFF,0x80,0xFF,
  0xFF,0xFF,0xFF,0xFC,0x00,0x00,0x07,0xFF,0xC0,0x7F,0xFF,0xFF,0xFF,0xFE,0x00,0x00,0x03,0xFF,0xE0,0x3F,0xFC,0x00,0x1F,0xFF,
  0x00,0x00,0x01,0xFF,0xF0,0x1F,0xFC,0x00,0x0F,0xFF,0x80,0x00,0x00,0xFF,0xF8,0x0F,0xFE,0x00,0x07,0xFF,0xC0,0x00,0x00,0x7F,
  0xFC,0x07,0xFF,0x00,0x03,0xFF,0xE0,0x00,0x00,0x3F,0xFE,0x03,0xFF,0x80,0x01,0xFF,0xF0,0x00,0x00,0x1F,0xFF,0x01,0xFF,0xC0,
  0x00,0x7F,0xF8,0x00,0x00,0x0F,0xFF,0x00,0xFF,0xE0,0x00,0x3F,0xFC,0x00,0x00,0x07,0xFF,0x80,0x7F,0xF0,0x00,0x1F,0xFE,0x00,
  0x00,0x03,0xFF,0xC0,0x3F,0xF8,0x00,0x0F,0xFF,0x00,0x00,0x01,0xFF,0xE0,0x1F,0xFC,0x00,0x07,0xFF,0x80,0x00,0x00,0xFF,0xF0,
  0x0F,0xFE,0x00,0x01,0xFF,0xC0,0x00,0x00,0x7F,0xF0,0x07,0xFF,0x00,0x00,0xFF,0xF0,0x00,0x00,0x7F,0xF8,0x03,0xFF,0x80,0x00,
  0x3F,0xF8,0x00,0x00,0x3F,0xF8,0x01,0xFF,0xC0,0x00,0x1F,0xFC,0x00,0x00,0x1F,0xFC,0x00,0xFF,0xE0,0x00,0x0F,0xFF,0x00,0x00,
  0x1F,0xFE,0x00,0x7F,0xF0,0x00,0x03,0xFF,0x80,0x00,0x0F,0xFE,0x00,0x3F,0xF8,0x00,0x00,0xFF,0xE0,0x00,0x0F,0xFE,0x00,0x1F,
  0xFC,0x00,0x00,0x3F,0xF0,0x00,0x07,0xFE,0x00,0x0F,0xFE,0x00,0x00,0x1F,0xFC,0x00,0x07,0xFF,0x00,0x07,0xFF,0x00,0x00,0x07,
  0xFF,0x00,0x07,0xFF,0x00,0x0F,0xFF,0xE0,0x00,0x00,0xFF,0xE0,0x0F,0xFE,0x00,0xFF,0xFF,0xFF,0x80,0x00,0x3F,0xFF,0xFF,0xFE,
  0x00,0x7F,0xFF,0xFF,0xC0,0x00,0x07,0xFF,0xFF,0xFC,0x00,0x3F,0xFF,0xFF,0xE0,0x00,0x00,0xFF,0xFF,0xF8,0x00,0x00,0x00,0x00,
  0x00,0x00,0x00,0x07,0xFF,0xC0,0x00,0x00,0x00,0x00,0x07,0xFF,0xFF,0xFF,0xFC,0x00,0x03,0xFF,0xFF,0xFF,0xFF,0xF0,0x00,0x3F,
  0xFF,0xFF,0xFF,0xFF,0xC0,0x03,0xFF,0xFF,0xFF,0xFF,0xE0,0x00,0x1F,0xFF,0xC0,0x1F,0xFE,0x00,0x00,0xFF,0xF8,0x00,0x7F,0xF8,
  0x00,0x07,0xFF,0x80,0x01,0xFF,0xE0,0x00,0x3F,0xFC,0x00,0x07,0xFF,0x80,0x00,0xFF,0xF0,0x00,0x1F,0xFE,0x00,0x03,0xFF,0x80,
  0x00,0x7F,0xF8,0x00,0x1F,0xFE,0x00,0x01,0xFF,0xE0,0x00,0x7F,0xF8,0x00,0x07,0xFF,0x80,0x01,0xFF,0xE0,0x00,0x1F,0xFE,0x00,
  0x07,0xFF,0x80,0x00,0x7F,0xF8,0x00,0x1F,0xFE,0x00,0x01,0xFF,0xE0,0x00,0x7F,0xF8,0x00,0x07,0xFF,0x80,0x01,0xFF,0xE0,0x00,
  0x1F,0xFE,0x00,0x07,0xFF,0x80,0x00,0x7F,0xF8,0x00,0x1F,0xFE,0x00,0x01,0xFF,0xE0,0x00,0x3F,0xF8,0x00,0x07,0xFF,0x80,0x00,
  0xFF,0xF0,0x00,0x1F,0xFE,0x00,0x01,0xFF,0xE0,0x00,0x7F,0xF8,0x00,0x07,0xFF,0x80,0x01,0xFF,0xE0,0x00,0x0F,0xFF,0x80,0x07,
  0xFF,0x80,0x00,0x1F,0xFF,0xC0,0x1F,0xFE,0x00,0x00,0x3F,0xFF,0xFF,0xFF,0xF8,0x00,0x00,0x7F,0xFF,0xFF,0xFF,0xE0,0x00,0x00,
  0x7F,0xFF,0xFF,0xFF,0x80,0x00,0x00,0xFF,0xFF,0xFF,0xFE,0x00,0x00,0x07,0xFF,0x80,0x7F,0xF8,0x00,0x00,0x3F,0xFE,0x01,0xFF,
  0xE0,0x00,0x00,0xFF,0xF0,0x07,0xFF,0x80,0x00,0x07,0xFF,0xC0,0x1F,0xFE,0x00,0x00,0x1F,0xFE,0x00,0x7F,0xF8,0x00,0x00,0xFF,
  0xF8,0x01,0xFF,0xE0,0x00,0x03,0xFF,0xC0,0x07,0xFF,0x80,0x00,0x1F,0xFF,0x00,0x1F,0xFE,0x00,0x00,0xFF,0xF8,0x00,0x7F,0xF8,
  0x00,0x03,0xFF,0xC0,0x01,0xFF,0xE0,0x00,0x1F,0xFF,0x00,0x07,0xFF,0x80,0x00,0x7F,0xF8,0x00,0x1F,0xFE,0x00,0x03,0xFF,0xE0,
  0x00,0x7F,0xF8,0x00,0x0F,0xFF,0x00,0x01,0xFF,0xE0,0x00,0x7F,0xFC,0x00,0x07,0xFF,0x80,0x03,0xFF,0xE0,0x00,0x1F,0xFE,0x00,
  0x0F,0xFF,0x80,0x00,0x7F,0xF8,0x00,0xFF,0xFC,0x00,0x03,0xFF,0xF8,0x3F,0xFF,0xF0,0x01,0xFF,0xFF,0xFE,0xFF,0xFF,0x80,0x07,
  0xFF,0xFF,0xFB,0xFF,0xFE,0x00,0x1F,0xFF,0xFF,0xE0,0x00,0x3F,0xFF,0x00,0x00,0xFF,0xFF,0xFC,0x00,0x1F,0xFF,0xFF,0xC0,0x03,
  0xFF,0xFF,0xFC,0x00,0x7E,0x01,0xFF,0xC0,0x0F,0x00,0x1F,0xFC,0x01,0xC0,0x03,0xFF,0x80,0x38,0x00,0x7F,0xF0,0x07,0x00,0x0F,
  0xFE,0x00,0xC0,0x00,0xFF,0xC0,0x00,0x00,0x1F,0xF8,0x00,0x00,0x03,0xFF,0x00,0x00,0x00,0x7F,0xE0,0x00,0x00,0x0F,0xFC,0x00,
  0x00,0x01,0xFF,0x80,0x01,0xFF,0xFF,0xF0,0x03,0xFF,0xFF,0xFE,0x01,0xFF,0xFF,0xFF,0xC0,0x7F,0xFE,0x3F,0xF8,0x1F,0xFE,0x03,
  0xFF,0x03,0xFF,0x80,0x7F,0xE0,0xFF,0xE0,0x0F,0xFC,0x1F,0xFC,0x01,0xFF,0x83,0xFF,0x00,0x3F,0xF0,0xFF,0xE0,0x07,0xFE,0x1F,
  0xFC,0x00,0xFF,0xC3,0xFF,0x80,0x1F,0xF8,0x7F,0xF0,0x03,0xFF,0x07,0xFE,0x00,0x7F,0xE0,0xFF,0xE0,0x0F,0xFC,0x1F,0xFC,0x01,
  0xFF,0x83,0xFF,0xC0,0x7F,0xF0,0x3F,0xFF,0xFF,0xFF,0x07,0xFF,0xFF,0xFF,0xFC,0x7F,0xFF,0xDF,0xFF,0x83,0xFF,0xE1,0xFF,0xF0,
  0x1F,0xE0,0x00,0x00,0x00,0x00,0x00,0x0E,0x00,0x00,0x00,0x1E,0x00,0x00,0x00,0xFE,0x00,0x00,0x3F,0xFE,0x00,0x07,0xFF,0xFE,
  0x00,0x3F,0xFF,0xFC,0x00,0x7F,0xFF,0xFC,0x01,0xFF,0xFF,0xF8,0x03,0xFF,0xFF,0xF8,0x07,0xFF,0xFF,0xE0,0x07,0xFF,0xFF,0xC0,
  0x0F,0xFF,0xFC,0x00,0x1F,0xFF,0x00,0x00,0x1F,0xE0,0x00,0x00,0x3F,0x80,0x00,0x00,0x3F,0x00,0x00,0x00,0x3E,0x00,0x00,0x00,
  0x7C,0x00,0x00,0x00,0x7C,0x0F,0xFC,0x00,0x7C,0x3F,0xFF,0x00,0x7C,0xFF,0xFF,0xC0,0x7D,0xFF,0xFF,0xE0,0xFB,0xFC,0x3F,0xF0,
  0xFF,0xF8,0x1F,0xF8,0xFF,0xF0,0x0F,0xFC,0xFF,0xF0,0x0F,0xFC,0xFF,0xF0,0x07,0xFE,0xFF,0xE0,0x07,0xFE,0xFF,0xE0,0x07,0xFE,
  0xFF,0xE0,0x07,0xFF,0xFF,0xE0,0x07,0xFF,0xFF,0xE0,0x07,0xFF,0xFF,0xE0,0x07,0xFF,0xFF,0xE0,0x07,0xFF,0xFF,0xE0,0x07,0xFF,
  0xFF,0xE0,0x07,0xFF,0xFF,0xE0,0x07,0xFF,0xFF,0xE0,0x07,0xFF,0xFF,0xE0,0x07,0xFF,0xFF,0xE0,0x07,0xFF,0xFF,0xE0,0x07,0xFF,
  0x7F,0xE0,0x07,0xFF,0x7F,0xE0,0x07,0xFF,0x7F,0xE0,0x07,0xFE,0x7F,0xE0,0x07,0xFE,0x3F,0xE0,0x07,0xFE,0x3F,0xF0,0x0F,0xFE,
  0x1F,0xF0,0x0F,0xFC,0x1F,0xF0,0x0F,0xFC,0x0F,0xF8,0x1F,0xF8,0x07,0xFC,0x3F,0xF0,0x03,0xFF,0xFF,0xE0,0x01,0xFF,0xFF,0xC0,
  0x00,0x7F,0xFF,0x00,0x00,0x1F,0xF8,0x00,0xFF,0xFF,0xFF,0xC0,0x07,0xFF,0xFF,0xFF,0xC0,0x3F,0xFF,0xFF,0xFF,0x80,0x3F,0xFC,
  0x3F,0xFE,0x01,0xFF,0xC0,0x3F,0xF8,0x0F,0xFE,0x00,0xFF,0xE0,0x7F,0xF0,0x07,0xFF,0x03,0xFF,0x80,0x3F,0xF8,0x1F,0xFC,0x00,
  0xFF,0xC0,0xFF,0xE0,0x07,0xFE,0x07,0xFF,0x00,0x7F,0xF0,0x3F,0xF8,0x03,0xFF,0x81,0xFF,0xC0,0x1F,0xF8,0x0F,0xFE,0x01,0xFF,
  0x80,0x7F,0xF0,0x3F,0xF8,0x03,0xFF,0xFF,0xFF,0x00,0x1F,0xFF,0xFF,0xE0,0x00,0xFF,0xFF,0xFF,0xF0,0x07,0xFF,0x83,0xFF,0xE0,
  0x3F,0xF8,0x03,0xFF,0x81,0xFF,0xC0,0x07,0xFE,0x0F,0xFE,0x00,0x3F,0xF8,0x7F,0xF0,0x00,0xFF,0xC3,0xFF,0x80,0x07,0xFF,0x1F,
  0xFC,0x00,0x3F,0xF8,0xFF,0xE0,0x01,0xFF,0xC7,0xFF,0x00,0x0F,0xFE,0x3F,0xF8,0x00,0xFF,0xE1,0xFF,0xC0,0x07,0xFF,0x0F,0xFE,
  0x00,0x7F,0xF8,0x7F,0xF0,0x07,0xFF,0x83,0xFF,0xC1,0xFF,0xF8,0xFF,0xFF,0xFF,0xFF,0x87,0xFF,0xFF,0xFF,0xF0,0x3F,0xFF,0xFF,
  0xF8,0x00,0xFF,0xFF,0xFF,0xFF,0xFF,0xFF,0xFF,0xFF,0xFF,0xFF,0xFF,0xF8,0xFF,0xFF,0xFF,0xF1,0xFF,0xC0,0x07,0xE3,0xFF,0x80,
  0x07,0xC7,0xFF,0x00,0x07,0x8F,0xFE,0x00,0x0F,0x1F,0xFC,0x00,0x1E,0x3F,0xF8,0x00,0x3C,0x7F,0xF0,0x00,0x78,0xFF,0xE0,0x00,
  0x61,0xFF,0xC0,0x00,0x03,0xFF,0x80,0x00,0x07,0xFF,0x00,0x00,0x0F,0xFE,0x00,0x00,0x1F,0xFC,0x00,0x00,0x3F,0xF8,0x00,0x00,
  0x7F,0xF0,0x00,0x00,0xFF,0xE0,0x00,0x01,0xFF,0xC0,0x00,0x03,0xFF,0x80,0x00,0x07,0xFF,0x00,0x00,0x0F,0xFE,0x00,0x00,0x1F,
  0xFC,0x00,0x00,0x3F,0xF8,0x00,0x00,0x7F,0xF0,0x00,0x00,0xFF,0xE0,0x00,0x01,0xFF,0xC0,0x00,0x03,0xFF,0x80,0x00,0x07,0xFF,
  0x00,0x00,0x0F,0xFF,0x00,0x00,0xFF,0xFF,0xF0,0x01,0xFF,0xFF,0xE0,0x03,0xFF,0xFF,0xC0,0x00,0x01,0xFF,0xFF,0xFF,0xF0,0x0F,
  0xFF,0xFF,0xFF,0x80,0x7F,0xFF,0xFF,0xF8,0x00,0x7C,0x0F,0xFE,0x00,0x03,0xE0,0x7F,0xF0,0x00,0x1E,0x03,0xFF,0x80,0x00,0xF0,
  0x1F,0xFC,0x00,0x07,0x80,0xFF,0xE0,0x00,0x3C,0x07,0xFF,0x00,0x01,0xE0,0x3F,0xF8,0x00,0x0F,0x01,0xFF,0xC0,0x00,0x78,0x0F,
  0xFE,0x00,0x03,0xC0,0x7F,0xF0,0x00,0x3E,0x03,0xFF,0x80,0x01,0xE0,0x1F,0xFC,0x00,0x0F,0x00,0xFF,0xE0,0x00,0x78,0x07,0xFF,
  0x00,0x03,0xC0,0x3F,0xF8,0x00,0x3E,0x01,0xFF,0xC0,0x01,0xF0,0x0F,0xFE,0x00,0x0F,0x00,0x7F,0xF0,0x00,0x78,0x03,0xFF,0x80,
  0x03,0xC0,0x1F,0xFC,0x00,0x3E,0x00,0xFF,0xE0,0x01,0xE0,0x07,0xFF,0x00,0x0F,0x00,0x3F,0xF8,0x00,0xF8,0x01,0xFF,0xC0,0x07,
  0x80,0x0F,0xFE,0x00,0x7C,0x00,0x7F,0xF0,0x03,0xE0,0x03,0xFF,0x80,0x1E,0x00,0x1F,0xFC,0x01,0xFF,0xFF,0xFF,0xE0,0xFF,0xFF,
  0xFF,0xFF,0xF7,0xFF,0xFF,0xFF,0xFF,0xFF,0xFF,0xFF,0xFF,0xFF,0xFF,0x00,0x00,0x3F,0xFF,0xF8,0x00,0x00,0xFF,0xFF,0xC0,0x00,
  0x07,0xFB,0xFC,0x00,0x00,0x3F,0xDF,0xE0,0x00,0x00,0xFE,0xFE,0x00,0x00,0x07,0xF7,0xF0,0x00,0x00,0x3F,0xBF,0x80,0x00,0x00,
  0xFD,0xF8,0x00,0x00,0x07,0xEF,0xC0,0x00,0x00,0x1F,0x7E,0x00,0x00,0x00,0xFB,0xE0,0x00,0x00,0x07,0xDF,0x00,0x00,0x00,0x1E,
  0x00,0x3F,0xF0,0x00,0x0F,0xFF,0xF0,0x00,0xFF,0xFF,0xC0,0x1F,0xFF,0xFF,0x00,0xFF,0x87,0xFC,0x0F,0xF8,0x3F,0xF0,0xFF,0xC0,
  0xFF,0x87,0xFC,0x07,0xFE,0x7F,0xE0,0x3F,0xF3,0xFF,0x01,0xFF,0xBF,0xF8,0x0F,0xFD,0xFF,0xC0,0x7F,0xFF,0xFE,0x03,0xFF,0xFF,
  0xF0,0x0F,0xFF,0xFF,0x80,0x7F,0xFF,0xFF,0xFF,0xFF,0xFF,0xFF,0xFF,0xFF,0xFF,0xFF,0xFF,0xFF,0xFF,0xFF,0xFF,0xFF,0xC0,0x00,
  0x0F,0xFE,0x00,0x00,0x7F,0xF0,0x00,0x03,0xFF,0x80,0x00,0x1F,0xFC,0x00,0x00,0xFF,0xE0,0x00,0x07,0xFF,0x00,0x00,0x1F,0xF8,
  0x00,0x00,0xFF,0xC0,0x00,0x07,0xFF,0x00,0x00,0x1F,0xFC,0x00,0x00,0xFF,0xF0,0x00,0x03,0xFF,0xC0,0x02,0x0F,0xFF,0xFF,0xF0,
  0x3F,0xFF,0xFF,0x80,0xFF,0xFF,0xF8,0x01,0xFF,0xFF,0x00,0x01,0xFF,0x80,0x00,0x3F,0xF8,0x0F,0xFF,0xE0,0x3F,0xF8,0x7F,0xF0,
  0x1F,0xFF,0xC0,0x7F,0xF0,0xFF,0xE0,0x3F,0xFF,0x80,0xFF,0xE0,0x3F,0x00,0x0F,0xF8,0x00,0x7E,0x00,0x3F,0x00,0x1F,0xF0,0x01,
  0xF8,0x00,0x3F,0x00,0x3F,0xE0,0x07,0xE0,0x00,0x3F,0x00,0x7F,0xC0,0x0F,0x80,0x00,0x3E,0x00,0xFF,0x80,0x3E,0x00,0x00,0x3E,
  0x01,0xFF,0x00,0xF8,0x00,0x00,0x3E,0x03,0xFE,0x03,0xE0,0x00,0x00,0x3E,0x07,0xFC,0x0F,0x80,0x00,0x00,0x3E,0x0F,0xF8,0x3E,
  0x00,0x00,0x00,0x7E,0x1F,0xF0,0xFC,0x00,0x00,0x00,0xFE,0x3F,0xE3,0xF8,0x00,0x00,0x03,0xFC,0x7F,0xC7,0xF8,0x00,0x00,0x07,
  0xFC,0xFF,0x9F,0xF0,0x00,0x00,0x1F,0xFD,0xFF,0x7F,0xF0,0x00,0x00,0x3F,0xFF,0xFF,0xFF,0xE0,0x00,0x00,0xFF,0xFF,0xFF,0xFF,
  0xE0,0x00,0x01,0xFF,0x3F,0xFE,0x7F,0xC0,0x00,0x07,0xFC,0x1F,0xF0,0xFF,0xC0,0x00,0x0F,0xF8,0x3F,0xE0,0xFF,0xC0,0x00,0x3F,
  0xF0,0x7F,0xC1,0xFF,0x80,0x00,0xFF,0xC0,0xFF,0x81,0xFF,0x80,0x01,0xFF,0x81,0xFF,0x03,0xFF,0x00,0x07,0xFE,0x03,0xFE,0x03,
  0xFF,0x00,0x0F,0xFC,0x07,0xFC,0x07,0xFE,0x00,0x3F,0xF0,0x0F,0xF8,0x07,0xFE,0x00,0x7F,0xE0,0x1F,0xF0,0x0F,0xFC,0x01,0xFF,
  0x80,0x3F,0xE0,0x0F,0xFC,0x03,0xFF,0x00,0x7F,0xC0,0x1F,0xF8,0x0F,0xFC,0x00,0xFF,0x80,0x1F,0xF8,0x7F,0xF8,0x0F,0xFF,0xE0,
  0x3F,0xFF,0xFF,0xE0,0x1F,0xFF,0xC0,0x3F,0xFF,0xFF,0xC0,0x3F,0xFF,0x80,0x7F,0xF8,0x07,0xFF,0xE0,0x03,0xFF,0xFF,0xC0,0x7F,
  0xFF,0xFF,0x07,0xFF,0xFF,0xF8,0x7E,0x03,0xFF,0xC7,0xC0,0x1F,0xFC,0x78,0x00,0xFF,0xE7,0x80,0x0F,0xFE,0x78,0x00,0xFF,0xE7,
  0x00,0x0F,0xFE,0x00,0x00,0xFF,0xE0,0x00,0x0F,0xFC,0x00,0x00,0xFF,0xC0,0x00,0x1F,0xF8,0x00,0x01,0xFF,0x80,0x00,0x7F,0xE0,
  0x01,0xFF,0xFC,0x00,0x1F,0xFF,0x00,0x01,0xFF,0xFE,0x00,0x0F,0xFF,0xF0,0x00,0x03,0xFF,0xC0,0x00,0x1F,0xFC,0x00,0x00,0xFF,
  0xE0,0x00,0x0F,0xFE,0x00,0x00,0x7F,0xF0,0x00,0x07,0xFF,0x00,0x00,0x7F,0xF0,0x00,0x07,0xFF,0x00,0x00,0xFF,0xE0,0x00,0x0F,
  0xFE,0x00,0x01,0xFF,0xEC,0x00,0x3F,0xFC,0xFF,0xFF,0xFF,0xCF,0xFF,0xFF,0xF8,0xFF,0xFF,0xFE,0x03,0xFF,0xFF,0x80,0x03,0xFF,
  0xC0,0x00,0xFF,0xFF,0x83,0xFF,0xFF,0xFF,0xFF,0x83,0xFF,0xFF,0xFF,0xFF,0x81,0xFF,0xFF,0x1F,0xFC,0x00,0x7F,0xF8,0x1F,0xFC,
  0x00,0x7F,0xF0,0x1F,0xFC,0x00,0x7F,0xF0,0x1F,0xFC,0x00,0x7F,0xF0,0x1F,0xFC,0x00,0x7F,0xF0,0x1F,0xFC,0x00,0x7F,0xF0,0x1F,
  0xFC,0x00,0xFF,0xF0,0x1F,0xFC,0x01,0xFF,0xF0,0x1F,0xFC,0x03,0xFF,0xF0,0x1F,0xFC,0x03,0xFF,0xF0,0x1F,0xFC,0x07,0xFF,0xF0,
  0x1F,0xFC,0x0F,0x7F,0xF0,0x1F,0xFC,0x1F,0x7F,0xF0,0x1F,0xFC,0x3E,0x7F,0xF0,0x1F,0xFC,0x3C,0x7F,0xF0,0x1F,0xFC,0x78,0x7F,
  0xF0,0x1F,0xFC,0xF8,0x7F,0xF0,0x1F,0xFD,0xF0,0x7F,0xF0,0x1F,0xFF,0xE0,0x7F,0xF0,0x1F,0xFF,0xC0,0x7F,0xF0,0x1F,0xFF,0xC0,
  0x7F,0xF0,0x1F,0xFF,0x80,0x7F,0xF0,0x1F,0xFF,0x00,0x7F,0xF0,0x1F,0xFE,0x00,0x7F,0xF0,0x1F,0xFE,0x00,0x7F,0xF0,0x1F,0xFC,
  0x00,0x7F,0xF0,0x1F,0xFC,0x00,0x7F,0xF0,0x1F,0xFC,0x00,0x7F,0xF0,0x1F,0xFC,0x00,0x7F,0xF8,0xFF,0xFF,0x81,0xFF,0xFF,0xFF,
  0xFF,0x83,0xFF,0xFF,0xFF,0xFF,0x83,0xFF,0xFF,0x03,0xFC,0x00,0x3F,0xC0,0x03,0xFC,0x00,0x3F,0xC0,0x03,0xFC,0x00,0x3F,0xC0,
  0x03,0xFC,0x00,0x3F,0xC0,0x01,0xFE,0x00,0x7F,0x80,0x01,0xFE,0x00,0x7F,0x80,0x00,0xFF,0x00,0xFF,0x00,0x00,0x7F,0xE7,0xFE,
  0x00,0x00,0x3F,0xFF,0xFC,0x00,0x00,0x0F,0xFF,0xF0,0x00,0x00,0x01,0xFF,0x80,0x00,0x00,0x00,0x00,0x00,0x00,0x00,0x00,0x00,
  0x00,0x00,0x00,0x00,0x00,0x00,0x00,0x00,0x00,0x00,0x00,0x00,0x00,0x00,0x00,0x00,0x00,0x00,0x00,0x00,0x00,0x00,0x00,0x00,
  0x00,0x00,0x00,0xFF,0xFF,0x83,0xFF,0xFF,0xFF,0xFF,0x83,0xFF,0xFF,0xFF,0xFF,0x81,0xFF,0xFF,0x1F,0xFC,0x00,0x7F,0xF8,0x1F,
  0xFC,0x00,0x7F,0xF0,0x1F,0xFC,0x00,0x7F,0xF0,0x1F,0xFC,0x00,0x7F,0xF0,0x1F,0xFC,0x00,0x7F,0xF0,0x1F,0xFC,0x00,0x7F,0xF0,
  0x1F,0xFC,0x00,0xFF,0xF0,0x1F,0xFC,0x01,0xFF,0xF0,0x1F,0xFC,0x03,0xFF,0xF0,0x1F,0xFC,0x03,0xFF,0xF0,0x1F,0xFC,0x07,0xFF,
  0xF0,0x1F,0xFC,0x0F,0x7F,0xF0,0x1F,0xFC,0x1F,0x7F,0xF0,0x1F,0xFC,0x3E,0x7F,0xF0,0x1F,0xFC,0x3C,0x7F,0xF0,0x1F,0xFC,0x78,
  0x7F,0xF0,0x1F,0xFC,0xF8,0x7F,0xF0,0x1F,0xFD,0xF0,0x7F,0xF0,0x1F,0xFF,0xE0,0x7F,0xF0,0x1F,0xFF,0xC0,0x7F,0xF0,0x1F,0xFF,
  0xC0,0x7F,0xF0,0x1F,0xFF,0x80,0x7F,0xF0,0x1F,0xFF,0x00,0x7F,0xF0,0x1F,0xFE,0x00,0x7F,0xF0,0x1F,0xFE,0x00,0x7F,0xF0,0x1F,
  0xFC,0x00,0x7F,0xF0,0x1F,0xFC,0x00,0x7F,0xF0,0x1F,0xFC,0x00,0x7F,0xF0,0x1F,0xFC,0x00,0x7F,0xF8,0xFF,0xFF,0x81,0xFF,0xFF,
  0xFF,0xFF,0x83,0xFF,0xFF,0xFF,0xFF,0x83,0xFF,0xFF,0xFF,0xFF,0x80,0x7F,0xFE,0x3F,0xFF,0xE0,0x1F,0xFF,0x8F,0xFF,0xF8,0x03,
  0xFF,0xE0,0x7F,0xF0,0x00,0x1F,0x80,0x1F,0xFC,0x00,0x0F,0xC0,0x07,0xFF,0x00,0x07,0xE0,0x01,0xFF,0xC0,0x03,0xF0,0x00,0x7F,
  0xF0,0x01,0xF8,0x00,0x1F,0xFC,0x00,0xFC,0x00,0x07,0xFF,0x00,0x7C,0x00,0x01,0xFF,0xC0,0x3E,0x00,0x00,0x7F,0xF0,0x3F,0x00,
  0x00,0x1F,0xFC,0x1F,0x80,0x00,0x07,0xFF,0x0F,0xF0,0x00,0x01,0xFF,0xC7,0xFE,0x00,0x00,0x7F,0xF3,0xFF,0x80,0x00,0x1F,0xFD,
  0xFF,0xF0,0x00,0x07,0xFF,0xFF,0xFE,0x00,0x01,0xFF,0xFF,0xFF,0x80,0x00,0x7F,0xFE,0xFF,0xF0,0x00,0x1F,0xFE,0x1F,0xFE,0x00,
  0x07,0xFF,0x03,0xFF,0x80,0x01,0xFF,0xC0,0xFF,0xF0,0x00,0x7F,0xF0,0x1F,0xFE,0x00,0x1F,0xFC,0x03,0xFF,0x80,0x07,0xFF,0x00,
  0xFF,0xF0,0x01,0xFF,0xC0,0x1F,0xFE,0x00,0x7F,0xF0,0x03,0xFF,0x80,0x1F,0xFC,0x00,0xFF,0xF0,0x07,0xFF,0x00,0x1F,0xFE,0x01,
  0xFF,0xC0,0x03,0xFF,0x80,0x7F,0xF0,0x00,0xFF,0xF0,0xFF,0xFF,0x80,0xFF,0xFF,0xBF,0xFF,0xE0,0x7F,0xFF,0xFF,0xFF,0xF8,0x1F,
  0xFF,0xFC,0x00,0x7F,0xFF,0xFF,0xFF,0x00,0x7F,0xFF,0xFF,0xFF,0x00,0x7F,0xFF,0xFF,0xFE,0x00,0x07,0xFF,0xFF,0xF0,0x00,0x07,
  0x80,0x7F,0xF0,0x00,0x07,0x80,0x7F,0xF0,0x00,0x07,0x80,0x7F,0xF0,0x00,0x0F,0x80,0x7F,0xF0,0x00,0x0F,0x80,0x7F,0xF0,0x00,
  0x0F,0x80,0x7F,0xF0,0x00,0x0F,0x00,0x7F,0xF0,0x00,0x0F,0x00,0x7F,0xF0,0x00,0x0F,0x00,0x7F,0xF0,0x00,0x0F,0x00,0x7F,0xF0,
  0x00,0x1F,0x00,0x7F,0xF0,0x00,0x1F,0x00,0x7F,0xF0,0x00,0x1F,0x00,0x7F,0xF0,0x00,0x1E,0x00,0x7F,0xF0,0x00,0x1E,0x00,0x7F,
  0xF0,0x00,0x3E,0x00,0x7F,0xF0,0x00,0x3E,0x00,0x7F,0xF0,0x00,0x3E,0x00,0x7F,0xF0,0x00,0x3C,0x00,0x7F,0xF0,0x00,0x3C,0x00,
  0x7F,0xF0,0x00,0x7C,0x00,0x7F,0xF0,0x00,0x7C,0x00,0x7F,0xF0,0x00,0x78,0x00,0x7F,0xF0,0xE0,0xF8,0x00,0x7F,0xF0,0xE0,0xF8,
  0x00,0x7F,0xF0,0xE1,0xF0,0x00,0x7F,0xF0,0xF3,0xF0,0x00,0x7F,0xF0,0xFF,0xE0,0x00,0x7F,0xF0,0xFF,0xE0,0x03,0xFF,0xFE,0xFF,
  0xC0,0x03,0xFF,0xFF,0xFF,0x80,0x03,0xFF,0xFF,0x7E,0x00,0x00,0x00,0x00,0xFF,0xFC,0x00,0x00,0xFF,0xFF,0xFF,0xFC,0x00,0x01,
  0xFF,0xFF,0xFF,0xF8,0x00,0x03,0xFF,0xF8,0xFF,0xF0,0x00,0x0F,0xFF,0x81,0xFF,0xF0,0x00,0x1F,0xFF,0x03,0xFF,0xE0,0x00,0x7F,
  0xFE,0x07,0xFF,0xE0,0x00,0xFF,0xFC,0x0F,0xFF,0xC0,0x03,0xFF,0xF8,0x1F,0xFF,0xC0,0x07,0xBF,0xF0,0x3E,0xFF,0x80,0x1F,0x7F,
  0xE0,0x7D,0xFF,0x00,0x3C,0xFF,0xC0,0xF9,0xFF,0x00,0x79,0xFF,0x81,0xF3,0xFE,0x01,0xE3,0xFF,0x03,0xE3,0xFE,0x03,0xC7,0xFE,
  0x07,0xC7,0xFC,0x0F,0x8F,0xFC,0x0F,0x8F,0xF8,0x1E,0x1F,0xF8,0x1F,0x0F,0xF8,0x7C,0x3F,0xF0,0x3E,0x1F,0xF0,0xF0,0x7F,0xE0,
  0x7C,0x1F,0xF3,0xE0,0xFF,0xC0,0xF8,0x3F,0xE7,0x81,0xFF,0x81,0xF0,0x3F,0xFF,0x03,0xFF,0x03,0xE0,0x7F,0xFC,0x07,0xFE,0x07,
  0xC0,0xFF,0xF8,0x0F,0xFC,0x0F,0x80,0xFF,0xF0,0x1F,0xF8,0x1F,0x01,0xFF,0xC0,0x3F,0xF0,0x3E,0x01,0xFF,0x80,0x7F,0xE0,0x7C,
  0x03,0xFE,0x00,0xFF,0xC0,0xF8,0x03,0xFC,0x01,0xFF,0x81,0xF0,0x07,0xF0,0x03,0xFF,0x03,0xE0,0x0F,0xE0,0x07,0xFE,0x07,0xC0,
  0x0F,0xC0,0x0F,0xFC,0x0F,0x80,0x1F,0x00,0x1F,0xF8,0xFF,0xE0,0x1E,0x01,0xFF,0xFF,0xFF,0xC0,0x38,0x07,0xFF,0xFF,0xFF,0x80,
  0x70,0x0F,0xFF,0xF8,0xFF,0xFF,0xC3,0xFF,0xFF,0xFF,0xFF,0xC3,0xFF,0xFF,0xFF,0xFF,0xC3,0xFF,0xFF,0x1F,0xFE,0x00,0x7F,0xF8,
  0x1F,0xFC,0x00,0x7F,0xF0,0x1F,0xFC,0x00,0x7F,0xF0,0x1F,0xFC,0x00,0x7F,0xF0,0x1F,0xFC,0x00,0x7F,0xF0,0x1F,0xFC,0x00,0x7F,
  0xF0,0x1F,0xFC,0x00,0x7F,0xF0,0x1F,0xFC,0x00,0x7F,0xF0,0x1F,0xFC,0x00,0x7F,0xF0,0x1F,0xFC,0x00,0x7F,0xF0,0x1F,0xFC,0x00,
  0x7F,0xF0,0x1F,0xFC,0x00,0x7F,0xF0,0x1F,0xFF,0xFF,0xFF,0xF0,0x1F,0xFF,0xFF,0xFF,0xF0,0x1F,0xFF,0xFF,0xFF,0xF0,0x1F,0xFF,
  0xFF,0xFF,0xF0,0x1F,0xFC,0x00,0x7F,0xF0,0x1F,0xFC,0x00,0x7F,0xF0,0x1F,0xFC,0x00,0x7F,0xF0,0x1F,0xFC,0x00,0x7F,0xF0,0x1F,
  0xFC,0x00,0x7F,0xF0,0x1F,0xFC,0x00,0x7F,0xF0,0x1F,0xFC,0x00,0x7F,0xF0,0x1F,0xFC,0x00,0x7F,0xF0,0x1F,0xFC,0x00,0x7F,0xF0,
  0x1F,0xFC,0x00,0x7F,0xF0,0x1F,0xFC,0x00,0x7F,0xF0,0x1F,0xFC,0x00,0x7F,0xF0,0x1F,0xFE,0x00,0x7F,0xF8,0xFF,0xFF,0xC3,0xFF,
  0xFF,0xFF,0xFF,0xC3,0xFF,0xFF,0xFF,0xFF,0xC3,0xFF,0xFF,0x00,0x1F,0xF8,0x00,0x00,0xFF,0xFF,0x00,0x03,0xFF,0xFF,0xC0,0x07,
  0xFF,0xFF,0xE0,0x0F,0xFC,0x3F,0xF0,0x1F,0xF8,0x1F,0xF8,0x3F,0xF0,0x0F,0xFC,0x3F,0xF0,0x0F,0xFC,0x7F,0xE0,0x0F,0xFE,0x7F,
  0xE0,0x07,0xFE,0x7F,0xE0,0x07,0xFE,0x7F,0xE0,0x07,0xFE,0xFF,0xE0,0x07,0xFF,0xFF,0xE0,0x07,0xFF,0xFF,0xE0,0x07,0xFF,0xFF,
  0xE0,0x07,0xFF,0xFF,0xE0,0x07,0xFF,0xFF,0xE0,0x07,0xFF,0xFF,0xE0,0x07,0xFF,0xFF,0xE0,0x07,0xFF,0xFF,0xE0,0x07,0xFF,0xFF,
  0xE0,0x07,0xFF,0xFF,0xE0,0x07,0xFF,0xFF,0xE0,0x07,0xFF,0xFF,0xE0,0x07,0xFF,0x7F,0xE0,0x07,0xFE,0x7F,0xE0,0x07,0xFE,0x7F,
  0xE0,0x07,0xFE,0x7F,0xF0,0x0F,0xFE,0x3F,0xF0,0x0F,0xFC,0x3F,0xF0,0x0F,0xFC,0x1F,0xF8,0x1F,0xF8,0x0F,0xFC,0x3F,0xF0,0x07,
  0xFF,0xFF,0xE0,0x03,0xFF,0xFF,0xC0,0x00,0xFF,0xFF,0x00,0x00,0x1F,0xF8,0x00,0xFF,0xFF,0xFF,0xFF,0xFF,0xFF,0xFF,0xFF,0xFF,
  0xFF,0xFF,0xFF,0xFF,0xFF,0xFF,0x1F,0xFF,0xFF,0xFF,0xF8,0x1F,0xFC,0x00,0x7F,0xF0,0x1F,0xFC,0x00,0x7F,0xF0,0x1F,0xFC,0x00,
  0x7F,0xF0,0x1F,0xFC,0x00,0x7F,0xF0,0x1F,0xFC,0x00,0x7F,0xF0,0x1F,0xFC,0x00,0x7F,0xF0,0x1F,0xFC,0x00,0x7F,0xF0,0x1F,0xFC,
  0x00,0x7F,0xF0,0x1F,0xFC,0x00,0x7F,0xF0,0x1F,0xFC,0x00,0x7F,0xF0,0x1F,0xFC,0x00,0x7F,0xF0,0x1F,0xFC,0x00,0x7F,0xF0,0x1F,
  0xFC,0x00,0x7F,0xF0,0x1F,0xFC,0x00,0x7F,0xF0,0x1F,0xFC,0x00,0x7F,0xF0,0x1F,0xFC,0x00,0x7F,0xF0,0x1F,0xFC,0x00,0x7F,0xF0,
  0x1F,0xFC,0x00,0x7F,0xF0,0x1F,0xFC,0x00,0x7F,0xF0,0x1F,0xFC,0x00,0x7F,0xF0,0x1F,0xFC,0x00,0x7F,0xF0,0x1F,0xFC,0x00,0x7F,
  0xF0,0x1F,0xFC,0x00,0x7F,0xF0,0x1F,0xFC,0x00,0x7F,0xF0,0x1F,0xFC,0x00,0x7F,0xF0,0x1F,0xFC,0x00,0x7F,0xF0,0x1F,0xFC,0x00,
  0x7F,0xF0,0x1F,0xFE,0x00,0x7F,0xF8,0xFF,0xFF,0xC3,0xFF,0xFF,0xFF,0xFF,0xC3,0xFF,0xFF,0xFF,0xFF,0xC3,0xFF,0xFF,0x00,0x00,
  0x1F,0xF8,0x03,0xFF,0xF3,0xFF,0xF8,0x0F,0xFF,0xFF,0xFF,0xF8,0x3F,0xFF,0xFF,0xFF,0xF0,0x0F,0xFF,0xC3,0xFF,0xE0,0x3F,0xF8,
  0x03,0xFF,0xC0,0xFF,0xE0,0x07,0xFF,0x03,0xFF,0x80,0x0F,0xFE,0x0F,0xFE,0x00,0x3F,0xF8,0x3F,0xF8,0x00,0xFF,0xE0,0xFF,0xE0,
  0x01,0xFF,0xC3,0xFF,0x80,0x07,0xFF,0x0F,0xFE,0x00,0x1F,0xFC,0x3F,0xF8,0x00,0x7F,0xF0,0xFF,0xE0,0x01,0xFF,0xC3,0xFF,0x80,
  0x07,0xFF,0x0F,0xFE,0x00,0x1F,0xFC,0x3F,0xF8,0x00,0x7F,0xF0,0xFF,0xE0,0x01,0xFF,0xC3,0xFF,0x80,0x07,0xFF,0x0F,0xFE,0x00,
  0x1F,0xFC,0x3F,0xF8,0x00,0x7F,0xF0,0xFF,0xE0,0x01,0xFF,0xC3,0xFF,0x80,0x07,0xFF,0x0F,0xFE,0x00,0x1F,0xFC,0x3F,0xF8,0x00,
  0x7F,0xE0,0xFF,0xE0,0x03,0xFF,0x83,0xFF,0x80,0x0F,0xFE,0x0F,0xFE,0x00,0x3F,0xF0,0x3F,0xF8,0x00,0xFF,0xC0,0xFF,0xE0,0x07,
  0xFE,0x03,0xFF,0x80,0x3F,0xF8,0x0F,0xFF,0x01,0xFF,0xC0,0x3F,0xFF,0xFF,0xFE,0x00,0xFF,0xFF,0xFF,0xE0,0x03,0xFF,0xFF,0xFF,
  0x00,0x0F,0xFC,0xFF,0xE0,0x00,0x3F,0xF0,0x00,0x00,0x00,0xFF,0xE0,0x00,0x00,0x03,0xFF,0x80,0x00,0x00,0x0F,0xFE,0x00,0x00,
  0x00,0x3F,0xF8,0x00,0x00,0x00,0xFF,0xE0,0x00,0x00,0x03,0xFF,0x80,0x00,0x00,0x0F,0xFE,0x00,0x00,0x00,0x3F,0xF8,0x00,0x00,
  0x00,0xFF,0xE0,0x00,0x00,0x03,0xFF,0x80,0x00,0x00,0x0F,0xFE,0x00,0x00,0x03,0xFF,0xFF,0x80,0x00,0x0F,0xFF,0xFF,0x00,0x00,
  0x3F,0xFF,0xFC,0x00,0x00,0x00,0x0F,0xFF,0x00,0x03,0xFF,0xFF,0x80,0x7F,0xFF,0xFC,0x07,0xFF,0xFF,0xE0,0x7F,0xF0,0x3F,0x07,
  0xFE,0x00,0x78,0x7F,0xE0,0x03,0xC7,0xFF,0x00,0x1E,0x3F,0xF0,0x00,0x73,0xFF,0x80,0x03,0x9F,0xF8,0x00,0x1D,0xFF,0xC0,0x00,
  0x6F,0xFE,0x00,0x00,0x7F,0xF0,0x00,0x03,0xFF,0x80,0x00,0x1F,0xFC,0x00,0x00,0xFF,0xE0,0x00,0x07,0xFE,0x00,0x00,0x3F,0xF0,
  0x00,0x01,0xFF,0x80,0x00,0x0F,0xFE,0x00,0x00,0x7F,0xF0,0x00,0x03,0xFF,0x80,0x00,0x1F,0xFC,0x00,0x00,0xFF,0xE0,0x00,0x07,
  0xFF,0x00,0x00,0x1F,0xF8,0x00,0x00,0xFF,0xE0,0x00,0x07,0xFF,0x00,0x00,0x1F,0xFC,0x00,0x00,0x7F,0xF0,0x00,0x03,0xFF,0xE0,
  0x01,0x0F,0xFF,0xFF,0xF8,0x3F,0xFF,0xFF,0xC0,0x7F,0xFF,0xFC,0x00,0xFF,0xFF,0xC0,0x00,0xFF,0xE0,0x00,0xFF,0xFF,0xFF,0xFF,
  0xFF,0xFF,0xFF,0xFF,0xFF,0xFF,0xFF,0xFF,0xFF,0xFF,0xFF,0xFF,0xFF,0xFF,0x80,0xFF,0xE0,0x3F,0xE0,0x1F,0xFC,0x03,0xFC,0x03,
  0xFF,0x80,0x7F,0x80,0x7F,0xF0,0x07,0xE0,0x0F,0xFE,0x00,0xFC,0x01,0xFF,0xC0,0x1F,0x80,0x3F,0xF8,0x01,0x80,0x07,0xFF,0x00,
  0x00,0x00,0xFF,0xE0,0x00,0x00,0x1F,0xFC,0x00,0x00,0x03,0xFF,0x80,0x00,0x00,0x7F,0xF0,0x00,0x00,0x0F,0xFE,0x00,0x00,0x01,
  0xFF,0xC0,0x00,0x00,0x3F,0xF8,0x00,0x00,0x07,0xFF,0x00,0x00,0x00,0xFF,0xE0,0x00,0x00,0x1F,0xFC,0x00,0x00,0x03,0xFF,0x80,
  0x00,0x00,0x7F,0xF0,0x00,0x00,0x0F,0xFE,0x00,0x00,0x01,0xFF,0xC0,0x00,0x00,0x3F,0xF8,0x00,0x00,0x07,0xFF,0x00,0x00,0x00,
  0xFF,0xE0,0x00,0x00,0x1F,0xFC,0x00,0x00,0x03,0xFF,0x80,0x00,0x00,0x7F,0xF0,0x00,0x01,0xFF,0xFF,0xF0,0x00,0x7F,0xFF,0xFF,
  0x00,0x0F,0xFF,0xFF,0xE0,0x00,0xFF,0xFF,0xC0,0x7F,0xFF,0xFF,0xFC,0x07,0xFF,0xFF,0xFF,0x80,0x7F,0xF3,0xFF,0xC0,0x00,0x7C,
  0x1F,0xFC,0x00,0x0F,0x81,0xFF,0xC0,0x00,0xF8,0x1F,0xFE,0x00,0x0F,0x00,0xFF,0xE0,0x01,0xF0,0x0F,0xFF,0x00,0x1F,0x00,0x7F,
  0xF0,0x01,0xE0,0x07,0xFF,0x00,0x3E,0x00,0x3F,0xF8,0x03,0xC0,0x03,0xFF,0x80,0x7C,0x00,0x3F,0xFC,0x07,0xC0,0x01,0xFF,0xC0,
  0x78,0x00,0x1F,0xFE,0x0F,0x80,0x00,0xFF,0xE0,0xF0,0x00,0x0F,0xFE,0x0F,0x00,0x00,0x7F,0xF1,0xF0,0x00,0x07,0xFF,0x1E,0x00,
  0x00,0x7F,0xFB,0xE0,0x00,0x03,0xFF,0xBC,0x00,0x00,0x3F,0xFF,0xC0,0x00,0x01,0xFF,0xFC,0x00,0x00,0x1F,0xFF,0x80,0x00,0x00,
  0xFF,0xF8,0x00,0x00,0x0F,0xFF,0x00,0x00,0x00,0xFF,0xF0,0x00,0x00,0x07,0xFF,0x00,0x00,0x00,0x7F,0xE0,0x00,0x00,0x03,0xFE,
  0x00,0x00,0x00,0x3F,0xC0,0x00,0x00,0x01,0xFC,0x00,0x00,0x00,0x1F,0xC0,0x00,0x00,0x01,0xF8,0x00,0x00,0x00,0x0F,0x80,0x00,
  0x00,0x00,0xF0,0x00,0x00,0x00,0x1F,0x00,0x00,0x00,0x01,0xF0,0x00,0x00,0x00,0x1E,0x00,0x00,0x00,0x03,0xE0,0x00,0x00,0x00,
  0x3C,0x00,0x00,0x60,0x07,0xC0,0x00,0x06,0x00,0x78,0x00,0x00,0x70,0x0F,0x80,0x00,0x07,0x01,0xF0,0x00,0x00,0x78,0x1F,0x00,
  0x00,0x07,0xC7,0xE0,0x00,0x00,0x7F,0xFC,0x00,0x00,0x07,0xFF,0x80,0x00,0x00,0x7F,0xF0,0x00,0x00,0x03,0xFC,0x00,0x00,0x00,
  0x00,0x01,0xFF,0xF0,0x00,0x00,0x00,0x03,0xFF,0xE0,0x00,0x00,0x00,0x07,0xFF,0xC0,0x00,0x00,0x00,0x01,0xFF,0x80,0x00,0x00,
  0x00,0x03,0xFF,0x00,0x00,0x00,0x00,0x07,0xFE,0x00,0x00,0x00,0x00,0x0F,0xFC,0x00,0x00,0x00,0x00,0x1F,0xF8,0x00,0x00,0x00,
  0x00,0x3F,0xF0,0x00,0x00,0x00,0x00,0x7F,0xE0,0x00,0x00,0x00,0x00,0xFF,0xC0,0x00,0x00,0x00,0x01,0xFF,0x80,0x00,0x00,0x00,
  0x03,0xFF,0x00,0x00,0x00,0x00,0x07,0xFE,0x00,0x00,0x00,0x00,0x0F,0xFC,0x00,0x00,0x00,0x00,0x1F,0xF8,0x00,0x00,0x00,0x00,
  0x3F,0xF0,0x00,0x00,0x01,0xFE,0x7F,0xE1,0xFC,0x00,0x0F,0xFF,0xFF,0xCF,0xFE,0x00,0x3F,0xFF,0xFF,0xFF,0xFE,0x00,0xFF,0xFF,
  0xFF,0xFF,0xFE,0x03,0xFF,0x0F,0xFF,0xCF,0xFE,0x0F,0xFC,0x0F,0xFE,0x0F,0xFE,0x1F,0xF8,0x1F,0xF8,0x0F,0xFC,0x7F,0xE0,0x3F,
  0xF0,0x0F,0xFC,0xFF,0xC0,0x7F,0xE0,0x1F,0xF9,0xFF,0x80,0xFF,0xC0,0x3F,0xF7,0xFE,0x01,0xFF,0x80,0x7F,0xEF,0xFC,0x03,0xFF,
  0x00,0x7F,0xFF,0xF8,0x07,0xFE,0x00,0xFF,0xFF,0xF0,0x0F,0xFC,0x01,0xFF,0xFF,0xE0,0x1F,0xF8,0x03,0xFF,0xFF,0xC0,0x3F,0xF0,
  0x07,0xFF,0xFF,0x80,0x7F,0xE0,0x0F,0xFF,0xFF,0x00,0xFF,0xC0,0x1F,0xFF,0xFE,0x01,0xFF,0x80,0x3F,0xFF,0xFC,0x03,0xFF,0x00,
  0x7F,0xFF,0xF8,0x07,0xFE,0x00,0xFF,0xFF,0xF0,0x0F,0xFC,0x01,0xFF,0xFF,0xE0,0x1F,0xF8,0x03,0xFF,0xFF,0xC0,0x3F,0xF0,0x07,
  0xFF,0xFF,0x80,0x7F,0xE0,0x0F,0xFF,0xFF,0x00,0xFF,0xC0,0x1F,0xF7,0xFE,0x01,0xFF,0x80,0x7F,0xEF,0xFC,0x03,0xFF,0x00,0xFF,
  0xCF,0xFC,0x07,0xFE,0x01,0xFF,0x9F,0xF8,0x0F,0xFC,0x03,0xFE,0x3F,0xF0,0x1F,0xF8,0x0F,0xFC,0x3F,0xF0,0x3F,0xF0,0x1F,0xF0,
  0x7F,0xF9,0xFF,0xF0,0x7F,0xC0,0x7F,0xFF,0xFF,0xFF,0xFF,0x80,0x7F,0xFF,0xFF,0xFF,0xFE,0x00,0x7F,0xFB,0xFF,0xFF,0xF0,0x00,
  0x3F,0xC7,0xFE,0x3F,0x80,0x00,0x00,0x0F,0xFC,0x00,0x00,0x00,0x00,0x1F,0xF8,0x00,0x00,0x00,0x00,0x3F,0xF0,0x00,0x00,0x00,
  0x00,0x7F,0xE0,0x00,0x00,0x00,0x00,0xFF,0xC0,0x00,0x00,0x00,0x01,0xFF,0x80,0x00,0x00,0x00,0x03,0xFF,0x00,0x00,0x00,0x00,
  0x07,0xFE,0x00,0x00,0x00,0x00,0x0F,0xFC,0x00,0x00,0x00,0x00,0x1F,0xF8,0x00,0x00,0x00,0x00,0x3F,0xF0,0x00,0x00,0x00,0x00,
  0x7F,0xF0,0x00,0x00,0x00,0x07,0xFF,0xFC,0x00,0x00,0x00,0x1F,0xFF,0xF8,0x00,0x00,0x00,0x3F,0xFF,0xF0,0x00,0x00,0x7F,0xFF,
  0xF0,0xFF,0xF1,0xFF,0xFF,0xC3,0xFF,0xC7,0xFF,0xFE,0x07,0xFF,0x03,0xFF,0xC0,0x07,0xE0,0x07,0xFF,0x80,0x1F,0x00,0x0F,0xFE,
  0x00,0xF8,0x00,0x3F,0xFC,0x07,0xC0,0x00,0x7F,0xF8,0x3E,0x00,0x00,0xFF,0xE1,0xF8,0x00,0x03,0xFF,0xCF,0xC0,0x00,0x07,0xFF,
  0xBE,0x00,0x00,0x0F,0xFF,0xF0,0x00,0x00,0x3F,0xFF,0x80,0x00,0x00,0x7F,0xFC,0x00,0x00,0x00,0xFF,0xF0,0x00,0x00,0x03,0xFF,
  0xC0,0x00,0x00,0x07,0xFF,0x00,0x00,0x00,0x0F,0xFE,0x00,0x00,0x00,0x3F,0xFC,0x00,0x00,0x00,0xFF,0xF0,0x00,0x00,0x07,0xFF,
  0xE0,0x00,0x00,0x3F,0xFF,0xC0,0x00,0x01,0xFF,0xFF,0x00,0x00,0x07,0xDF,0xFE,0x00,0x00,0x3E,0x3F,0xFC,0x00,0x01,0xF0,0x7F,
  0xF0,0x00,0x0F,0x81,0xFF,0xE0,0x00,0x7C,0x03,0xFF,0xC0,0x03,0xF0,0x07,0xFF,0x00,0x1F,0x80,0x1F,0xFE,0x00,0x7C,0x00,0x3F,
  0xF8,0x03,0xE0,0x00,0xFF,0xF0,0x7F,0xF0,0x1F,0xFF,0xFB,0xFF,0xC0,0x7F,0xFF,0xFF,0xFF,0x01,0xFF,0xFF,0xC0,0xFF,0xFF,0xC3,
  0xFF,0xFF,0x7F,0xFF,0xE1,0xFF,0xFF,0xBF,0xFF,0xF0,0xFF,0xFF,0xC3,0xFF,0xC0,0x0F,0xFF,0x01,0xFF,0xC0,0x07,0xFF,0x00,0xFF,
  0xE0,0x03,0xFF,0x80,0x7F,0xF0,0x01,0xFF,0xC0,0x3F,0xF8,0x00,0xFF,0xE0,0x1F,0xFC,0x00,0x7F,0xF0,0x0F,0xFE,0x00,0x3F,0xF8,
  0x07,0xFF,0x00,0x1F,0xFC,0x03,0xFF,0x80,0x0F,0xFE,0x01,0xFF,0xC0,0x07,0xFF,0x00,0xFF,0xE0,0x03,0xFF,0x80,0x7F,0xF0,0x01,
  0xFF,0xC0,0x3F,0xF8,0x00,0xFF,0xE0,0x1F,0xFC,0x00,0x7F,0xF0,0x0F,0xFE,0x00,0x3F,0xF8,0x07,0xFF,0x00,0x1F,0xFC,0x03,0xFF,
  0x80,0x0F,0xFE,0x01,0xFF,0xC0,0x07,0xFF,0x00,0xFF,0xE0,0x03,0xFF,0x80,0x7F,0xF0,0x01,0xFF,0xC0,0x3F,0xF8,0x00,0xFF,0xE0,
  0x1F,0xFC,0x00,0x7F,0xF0,0x0F,0xFE,0x00,0x3F,0xF8,0x07,0xFF,0x00,0x1F,0xFC,0x03,0xFF,0x80,0x0F,0xFE,0x01,0xFF,0xC0,0x07,
  0xFF,0x00,0xFF,0xE0,0x03,0xFF,0x80,0x7F,0xF0,0x01,0xFF,0xC0,0x3F,0xFF,0xFF,0xFF,0xF0,0xFF,0xFF,0xFF,0xFF,0xFF,0x7F,0xFF,
  0xFF,0xFF,0xFF,0xFF,0xFF,0xFF,0xFF,0xFF,0xE0,0x00,0x00,0x00,0x3F,0xE0,0x00,0x00,0x00,0x1F,0xF0,0x00,0x00,0x00,0x07,0xF8,
  0x00,0x00,0x00,0x03,0xFC,0x00,0x00,0x00,0x00,0xFE,0x00,0x00,0x00,0x00,0x7F,0x00,0x00,0x00,0x00,0x3F,0x80,0x00,0x00,0x00,
  0x0F,0xC0,0x00,0x00,0x00,0x07,0xE0,0x00,0x00,0x00,0x03,0xF0,0x00,0x00,0x00,0x00,0xF8,0x00,0x00,0x00,0x00,0x7C,0x00,0x00,
  0x00,0x00,0x3E,0xFF,0xFF,0xC3,0xFF,0xFF,0xFF,0xFF,0xC3,0xFF,0xFF,0xFF,0xFF,0xC3,0xFF,0xFF,0x1F,0xFE,0x00,0x7F,0xF8,0x0F,
  0xFC,0x00,0x3F,0xF0,0x0F,0xFC,0x00,0x3F,0xF0,0x0F,0xFC,0x00,0x3F,0xF0,0x0F,0xFC,0x00,0x3F,0xF0,0x0F,0xFC,0x00,0x3F,0xF0,
  0x0F,0xFC,0x00,0x3F,0xF0,0x0F,0xFC,0x00,0x3F,0xF0,0x0F,0xFC,0x00,0x3F,0xF0,0x0F,0xFC,0x00,0x3F,0xF0,0x0F,0xFC,0x00,0x3F,
  0xF0,0x0F,0xFC,0x00,0x3F,0xF0,0x0F,0xFE,0x00,0x3F,0xF0,0x0F,0xFE,0x00,0x3F,0xF0,0x0F,0xFE,0x00,0x7F,0xF0,0x0F,0xFF,0x03,
  0xFF,0xF0,0x07,0xFF,0xFF,0xFF,0xF0,0x07,0xFF,0xFF,0xFF,0xF0,0x03,0xFF,0xFF,0x3F,0xF0,0x01,0xFF,0xF8,0x3F,0xF0,0x00,0x3F,
  0xC0,0x3F,0xF0,0x00,0x00,0x00,0x3F,0xF0,0x00,0x00,0x00,0x3F,0xF0,0x00,0x00,0x00,0x3F,0xF0,0x00,0x00,0x00,0x3F,0xF0,0x00,
  0x00,0x00,0x3F,0xF0,0x00,0x00,0x00,0x3F,0xF0,0x00,0x00,0x00,0x3F,0xF0,0x00,0x00,0x00,0x7F,0xF8,0x00,0x00,0x03,0xFF,0xFF,
  0x00,0x00,0x03,0xFF,0xFF,0x00,0x00,0x03,0xFF,0xFF,0xFF,0xFF,0xC7,0xFF,0xFE,0x3F,0xFF,0xFF,0xFF,0xFC,0x7F,0xFF,0xE3,0xFF,
  0xFF,0xFF,0xFF,0xC7,0xFF,0xFE,0x1F,0xFF,0xF1,0xFF,0xE0,0x0F,0xFF,0x00,0x3F,0xF8,0x1F,0xFC,0x00,0x7F,0xF0,0x03,0xFF,0x81,
  0xFF,0xC0,0x07,0xFF,0x00,0x3F,0xF8,0x1F,0xFC,0x00,0x7F,0xF0,0x03,0xFF,0x81,0xFF,0xC0,0x07,0xFF,0x00,0x3F,0xF8,0x1F,0xFC,
  0x00,0x7F,0xF0,0x03,0xFF,0x81,0xFF,0xC0,0x07,0xFF,0x00,0x3F,0xF8,0x1F,0xFC,0x00,0x7F,0xF0,0x03,0xFF,0x81,0xFF,0xC0,0x07,
  0xFF,0x00,0x3F,0xF8,0x1F,0xFC,0x00,0x7F,0xF0,0x03,0xFF,0x81,0xFF,0xC0,0x07,0xFF,0x00,0x3F,0xF8,0x1F,0xFC,0x00,0x7F,0xF0,
  0x03,0xFF,0x81,0xFF,0xC0,0x07,0xFF,0x00,0x3F,0xF8,0x1F,0xFC,0x00,0x7F,0xF0,0x03,0xFF,0x81,0xFF,0xC0,0x07,0xFF,0x00,0x3F,
  0xF8,0x1F,0xFC,0x00,0x7F,0xF0,0x03,0xFF,0x81,0xFF,0xC0,0x07,0xFF,0x00,0x3F,0xF8,0x1F,0xFC,0x00,0x7F,0xF0,0x03,0xFF,0x81,
  0xFF,0xC0,0x07,0xFF,0x00,0x3F,0xF8,0x1F,0xFC,0x00,0x7F,0xF0,0x03,0xFF,0x81,0xFF,0xC0,0x07,0xFF,0x00,0x3F,0xF8,0x1F,0xFC,
  0x00,0x7F,0xF0,0x03,0xFF,0x81,0xFF,0xC0,0x07,0xFF,0x00,0x3F,0xF8,0x1F,0xFC,0x00,0x7F,0xF0,0x03,0xFF,0x81,0xFF,0xC0,0x07,
  0xFF,0x00,0x3F,0xF8,0x1F,0xFC,0x00,0x7F,0xF0,0x03,0xFF,0x81,0xFF,0xC0,0x07,0xFF,0x00,0x3F,0xF8,0x1F,0xFC,0x00,0x7F,0xF0,
  0x03,0xFF,0x81,0xFF,0xFF,0xFF,0xFF,0xFF,0xFF,0xF8,0xFF,0xFF,0xFF,0xFF,0xFF,0xFF,0xFF,0xFF,0xFF,0xFF,0xFF,0xFF,0xFF,0xFF,
  0xFF,0xFF,0xFF,0xFF,0xFF,0xFF,0xFF,0xFF,0xF0,0xFF,0xFF,0xC7,0xFF,0xFE,0x3F,0xFF,0xF3,0xFF,0xFF,0x1F,0xFF,0xF8,0xFF,0xFF,
  0xCF,0xFF,0xFC,0x7F,0xFF,0xE1,0xFF,0xFF,0x07,0xFF,0x80,0x3F,0xFC,0x00,0xFF,0xE0,0x1F,0xFC,0x00,0x7F,0xF0,0x03,0xFF,0x80,
  0x7F,0xF0,0x01,0xFF,0xC0,0x0F,0xFE,0x01,0xFF,0xC0,0x07,0xFF,0x00,0x3F,0xF8,0x07,0xFF,0x00,0x1F,0xFC,0x00,0xFF,0xE0,0x1F,
  0xFC,0x00,0x7F,0xF0,0x03,0xFF,0x80,0x7F,0xF0,0x01,0xFF,0xC0,0x0F,0xFE,0x01,0xFF,0xC0,0x07,0xFF,0x00,0x3F,0xF8,0x07,0xFF,
  0x00,0x1F,0xFC,0x00,0xFF,0xE0,0x1F,0xFC,0x00,0x7F,0xF0,0x03,0xFF,0x80,0x7F,0xF0,0x01,0xFF,0xC0,0x0F,0xFE,0x01,0xFF,0xC0,
  0x07,0xFF,0x00,0x3F,0xF8,0x07,0xFF,0x00,0x1F,0xFC,0x00,0xFF,0xE0,0x1F,0xFC,0x00,0x7F,0xF0,0x03,0xFF,0x80,0x7F,0xF0,0x01,
  0xFF,0xC0,0x0F,0xFE,0x01,0xFF,0xC0,0x07,0xFF,0x00,0x3F,0xF8,0x07,0xFF,0x00,0x1F,0xFC,0x00,0xFF,0xE0,0x1F,0xFC,0x00,0x7F,
  0xF0,0x03,0xFF,0x80,0x7F,0xF0,0x01,0xFF,0xC0,0x0F,0xFE,0x01,0xFF,0xC0,0x07,0xFF,0x00,0x3F,0xF8,0x07,0xFF,0x00,0x1F,0xFC,
  0x00,0xFF,0xE0,0x1F,0xFC,0x00,0x7F,0xF0,0x03,0xFF,0x80,0x7F,0xF0,0x01,0xFF,0xC0,0x0F,0xFE,0x01,0xFF,0xC0,0x07,0xFF,0x00,
  0x3F,0xF8,0x07,0xFF,0x00,0x1F,0xFC,0x00,0xFF,0xE0,0x1F,0xFC,0x00,0x7F,0xF0,0x03,0xFF,0x80,0x7F,0xF0,0x01,0xFF,0xC0,0x0F,
  0xFE,0x01,0xFF,0xC0,0x07,0xFF,0x00,0x3F,0xF8,0x07,0xFF,0xFF,0xFF,0xFF,0xFF,0xFF,0xE0,0xFF,0xFF,0xFF,0xFF,0xFF,0xFF,0xFF,
  0xFB,0xFF,0xFF,0xFF,0xFF,0xFF,0xFF,0xFF,0xFF,0xFF,0xFF,0xFF,0xFF,0xFF,0xFF,0xFF,0xC0,0x00,0x00,0x00,0x00,0x00,0x03,0xFF,
  0x00,0x00,0x00,0x00,0x00,0x00,0x07,0xFC,0x00,0x00,0x00,0x00,0x00,0x00,0x1F,0xF0,0x00,0x00,0x00,0x00,0x00,0x00,0x7F,0xC0,
  0x00,0x00,0x00,0x00,0x00,0x00,0xFE,0x00,0x00,0x00,0x00,0x00,0x00,0x03,0xF8,0x00,0x00,0x00,0x00,0x00,0x00,0x0F,0xE0,0x00,
  0x00,0x00,0x00,0x00,0x00,0x1F,0x80,0x00,0x00,0x00,0x00,0x00,0x00,0x7E,0x00,0x00,0x00,0x00,0x00,0x00,0x01,0xF8,0x00,0x00,
  0x00,0x00,0x00,0x00,0x03,0xE0,0x00,0x00,0x00,0x00,0x00,0x00,0x0F,0x80,0x00,0x00,0x00,0x00,0x00,0x00,0x1E,0xFF,0xFF,0xFF,
  0xF0,0x00,0x3F,0xFF,0xFF,0xFC,0x00,0x0F,0xFF,0xFF,0xFE,0x00,0x03,0xFF,0xFF,0xFC,0x00,0x00,0xFC,0x07,0xFE,0x00,0x00,0x3E,
  0x01,0xFF,0x80,0x00,0x0F,0x00,0x7F,0xE0,0x00,0x03,0xC0,0x1F,0xF8,0x00,0x00,0xF0,0x07,0xFE,0x00,0x00,0x3C,0x01,0xFF,0x80,
  0x00,0x06,0x00,0x7F,0xE0,0x00,0x00,0x00,0x1F,0xF8,0x00,0x00,0x00,0x07,0xFE,0x00,0x00,0x00,0x01,0xFF,0x80,0x00,0x00,0x00,
  0x7F,0xE0,0x00,0x00,0x00,0x1F,0xFF,0xFE,0x00,0x00,0x07,0xFF,0xFF,0xF8,0x00,0x01,0xFF,0xFF,0xFF,0x80,0x00,0x7F,0xF3,0xFF,
  0xF0,0x00,0x1F,0xF8,0x1F,0xFE,0x00,0x07,0xFE,0x03,0xFF,0xC0,0x01,0xFF,0x80,0x7F,0xF0,0x00,0x7F,0xE0,0x1F,0xFC,0x00,0x1F,
  0xF8,0x07,0xFF,0x00,0x07,0xFE,0x00,0xFF,0xC0,0x01,0xFF,0x80,0x3F,0xF0,0x00,0x7F,0xE0,0x1F,0xFC,0x00,0x1F,0xF8,0x07,0xFF,
  0x00,0x07,0xFE,0x01,0xFF,0xC0,0x01,0xFF,0x80,0xFF,0xF0,0x00,0x7F,0xE0,0x7F,0xF8,0x00,0x3F,0xFC,0xFF,0xFC,0x00,0x7F,0xFF,
  0xFF,0xFE,0x00,0x1F,0xFF,0xFF,0xFE,0x00,0x07,0xFF,0xFF,0xF8,0x00,0xFF,0xFF,0xE0,0x00,0x07,0xFF,0xFF,0xFF,0xFF,0xC0,0x00,
  0x0F,0xFF,0xFF,0xFF,0xFF,0x00,0x00,0x0F,0xFF,0xF8,0xFF,0xF0,0x00,0x00,0x03,0xFF,0x81,0xFF,0xC0,0x00,0x00,0x07,0xFF,0x03,
  0xFF,0x80,0x00,0x00,0x0F,0xFE,0x07,0xFF,0x00,0x00,0x00,0x1F,0xFC,0x0F,0xFE,0x00,0x00,0x00,0x3F,0xF8,0x1F,0xFC,0x00,0x00,
  0x00,0x7F,0xF0,0x3F,0xF8,0x00,0x00,0x00,0xFF,0xE0,0x7F,0xF0,0x00,0x00,0x01,0xFF,0xC0,0xFF,0xE0,0x00,0x00,0x03,0xFF,0x81,
  0xFF,0xC0,0x00,0x00,0x07,0xFF,0x03,0xFF,0x80,0x00,0x00,0x0F,0xFE,0x07,0xFF,0x00,0x00,0x00,0x1F,0xFC,0x0F,0xFF,0xFF,0xF0,
  0x00,0x3F,0xF8,0x1F,0xFF,0xFF,0xFC,0x00,0x7F,0xF0,0x3F,0xFF,0xFF,0xFE,0x00,0xFF,0xE0,0x7F,0xF8,0x7F,0xFE,0x01,0xFF,0xC0,
  0xFF,0xE0,0x1F,0xFE,0x03,0xFF,0x81,0xFF,0xC0,0x1F,0xFE,0x07,0xFF,0x03,0xFF,0x80,0x1F,0xFC,0x0F,0xFE,0x07,0xFF,0x00,0x3F,
  0xF8,0x1F,0xFC,0x0F,0xFE,0x00,0x3F,0xF8,0x3F,0xF8,0x1F,0xFC,0x00,0x7F,0xF0,0x7F,0xF0,0x3F,0xF8,0x00,0xFF,0xE0,0xFF,0xE0,
  0x7F,0xF0,0x01,0xFF,0xC1,0xFF,0xC0,0xFF,0xE0,0x07,0xFF,0x03,0xFF,0x81,0xFF,0xC0,0x0F,0xFE,0x07,0xFF,0x03,0xFF,0x80,0x1F,
  0xFC,0x0F,0xFE,0x07,0xFF,0x00,0xFF,0xF0,0x1F,0xFC,0x0F,0xFF,0x0F,0xFF,0xC0,0x3F,0xF8,0xFF,0xFF,0xFF,0xFF,0x03,0xFF,0xFF,
  0xFF,0xFF,0xFF,0xF8,0x0F,0xFF,0xFF,0xFF,0xFF,0xFF,0x00,0x1F,0xFF,0xF8,0xFF,0xFF,0xE0,0x00,0x0F,0xFF,0xFE,0x00,0x00,0xFF,
  0xFF,0xC0,0x00,0x01,0xFF,0xE0,0x00,0x00,0x1F,0xFC,0x00,0x00,0x01,0xFF,0xC0,0x00,0x00,0x1F,0xFC,0x00,0x00,0x01,0xFF,0xC0,
  0x00,0x00,0x1F,0xFC,0x00,0x00,0x01,0xFF,0xC0,0x00,0x00,0x1F,0xFC,0x00,0x00,0x01,0xFF,0xC0,0x00,0x00,0x1F,0xFC,0x00,0x00,
  0x01,0xFF,0xC0,0x00,0x00,0x1F,0xFC,0x00,0x00,0x01,0xFF,0xFF,0xFE,0x00,0x1F,0xFF,0xFF,0xFE,0x01,0xFF,0xFF,0xFF,0xF8,0x1F,
  0xFE,0x0F,0xFF,0xC1,0xFF,0xC0,0x1F,0xFE,0x1F,0xFC,0x00,0xFF,0xF1,0xFF,0xC0,0x07,0xFF,0x1F,0xFC,0x00,0x7F,0xF1,0xFF,0xC0,
  0x07,0xFF,0x1F,0xFC,0x00,0x7F,0xF1,0xFF,0xC0,0x07,0xFF,0x1F,0xFC,0x00,0x7F,0xF1,0xFF,0xC0,0x07,0xFF,0x1F,0xFC,0x00,0x7F,
  0xF1,0xFF,0xC0,0x0F,0xFE,0x1F,0xFC,0x01,0xFF,0xE1,0xFF,0xE0,0xFF,0xFC,0xFF,0xFF,0xFF,0xFF,0x8F,0xFF,0xFF,0xFF,0xE0,0xFF,
  0xFF,0xFF,0xE0,0x00,0x07,0xFF,0x80,0x07,0xFF,0xFF,0x00,0x7F,0xFF,0xFC,0x07,0xFF,0xFF,0xE0,0x7E,0x07,0xFF,0x07,0x80,0x3F,
  0xF8,0x78,0x01,0xFF,0x87,0x80,0x0F,0xFC,0x70,0x00,0xFF,0xE7,0x00,0x0F,0xFE,0x70,0x00,0x7F,0xE6,0x00,0x07,0xFF,0x00,0x00,
  0x7F,0xF0,0x00,0x07,0xFF,0x00,0x00,0x7F,0xF0,0x00,0x07,0xFF,0x03,0xFF,0xFF,0xF0,0x3F,0xFF,0xFF,0x03,0xFF,0xFF,0xF0,0x3F,
  0xFF,0xFF,0x00,0x00,0x7F,0xF0,0x00,0x07,0xFF,0x00,0x00,0x7F,0xF0,0x00,0x07,0xFF,0x00,0x00,0x7F,0xF0,0x00,0x07,0xFE,0x00,
  0x00,0xFF,0xE0,0x00,0x0F,0xFE,0x00,0x01,0xFF,0xC0,0x00,0x1F,0xFC,0x00,0x03,0xFF,0x88,0x00,0xFF,0xF0,0xFF,0xFF,0xFE,0x0F,
  0xFF,0xFF,0xC0,0xFF,0xFF,0xF8,0x03,0xFF,0xFE,0x00,0x07,0xFF,0x00,0x00,0x00,0x00,0x00,0x00,0xFF,0xC0,0x07,0xFF,0xFE,0x00,
  0x3F,0xFF,0xC0,0x3F,0xFF,0xF0,0x07,0xFF,0xFF,0x81,0xFF,0xFF,0x80,0x7F,0xFF,0xFE,0x01,0xFF,0xE0,0x07,0xFE,0x1F,0xF8,0x0F,
  0xFE,0x00,0x7F,0xE0,0x7F,0xE0,0x7F,0xF0,0x07,0xFE,0x01,0xFF,0x83,0xFF,0x80,0x3F,0xF0,0x0F,0xFC,0x1F,0xFC,0x03,0xFF,0x80,
  0x7F,0xF0,0xFF,0xE0,0x1F,0xF8,0x01,0xFF,0x87,0xFF,0x00,0xFF,0xC0,0x0F,0xFC,0x3F,0xF8,0x07,0xFE,0x00,0x7F,0xF1,0xFF,0xC0,
  0x7F,0xF0,0x03,0xFF,0x8F,0xFE,0x03,0xFF,0x80,0x1F,0xFC,0x7F,0xF0,0x1F,0xFC,0x00,0xFF,0xE3,0xFF,0x80,0xFF,0xE0,0x07,0xFF,
  0x1F,0xFF,0xFF,0xFF,0x00,0x3F,0xF8,0xFF,0xFF,0xFF,0xF8,0x01,0xFF,0xC7,0xFF,0xFF,0xFF,0xC0,0x0F,0xFE,0x3F,0xFF,0xFF,0xFE,
  0x00,0x7F,0xF1,0xFF,0xC0,0x7F,0xF0,0x03,0xFF,0x8F,0xFE,0x03,0xFF,0x80,0x1F,0xFC,0x7F,0xF0,0x1F,0xFC,0x00,0xFF,0xE3,0xFF,
  0x80,0xFF,0xE0,0x07,0xFF,0x1F,0xFC,0x03,0xFF,0x00,0x3F,0xF8,0xFF,0xE0,0x1F,0xF8,0x01,0xFF,0xC7,0xFF,0x00,0xFF,0xC0,0x0F,
  0xFC,0x3F,0xF8,0x07,0xFE,0x00,0x7F,0xE1,0xFF,0xC0,0x1F,0xF8,0x07,0xFF,0x0F,0xFE,0x00,0xFF,0xC0,0x3F,0xF0,0x7F,0xF0,0x03,
  0xFE,0x01,0xFF,0x83,0xFF,0x80,0x1F,0xF8,0x1F,0xF8,0x1F,0xFE,0x00,0x7F,0xE1,0xFF,0x87,0xFF,0xFE,0x01,0xFF,0xFF,0xF8,0x3F,
  0xFF,0xF0,0x07,0xFF,0xFF,0x81,0xFF,0xFF,0x80,0x0F,0xFF,0xF0,0x00,0x00,0x00,0x00,0x0F,0xFC,0x00,0x00,0x00,0x1F,0xFF,0xFF,
  0xFC,0x03,0xFF,0xFF,0xFF,0xF0,0x3F,0xFF,0xFF,0xFF,0xC1,0xFF,0xF8,0x7F,0xF8,0x0F,0xFF,0x00,0xFF,0xE0,0x3F,0xF8,0x03,0xFF,
  0x81,0xFF,0xC0,0x0F,0xFE,0x07,0xFF,0x00,0x3F,0xF8,0x1F,0xFC,0x00,0xFF,0xE0,0x7F,0xF0,0x03,0xFF,0x81,0xFF,0xC0,0x0F,0xFE,
  0x07,0xFF,0x00,0x3F,0xF8,0x1F,0xFC,0x00,0xFF,0xE0,0x3F,0xF0,0x03,0xFF,0x80,0xFF,0xE0,0x0F,0xFE,0x01,0xFF,0xC0,0x3F,0xF8,
  0x03,0xFF,0x80,0xFF,0xE0,0x03,0xFF,0xFF,0xFF,0x80,0x07,0xFF,0xFF,0xFE,0x00,0x1F,0xFF,0xFF,0xF8,0x00,0xFF,0xE1,0xFF,0xE0,
  0x03,0xFF,0x03,0xFF,0x80,0x1F,0xFC,0x0F,0xFE,0x00,0x7F,0xE0,0x3F,0xF8,0x03,0xFF,0x80,0xFF,0xE0,0x0F,0xFE,0x03,0xFF,0x80,
  0x7F,0xF0,0x0F,0xFE,0x01,0xFF,0xC0,0x3F,0xF8,0x0F,0xFE,0x00,0xFF,0xE0,0x3F,0xF8,0x03,0xFF,0x81,0xFF,0xE0,0x0F,0xFE,0x07,
  0xFF,0x00,0x3F,0xF8,0xFF,0xFC,0x07,0xFF,0xFF,0xFF,0xE0,0x3F,0xFF,0xFF,0xFF,0x80,0xFF,0xFF,0xC0,0x07,0xFF,0x00,0x00,0x3F,
  0xF8,0x00,0x00,0xFF,0xE0,0x00,0x01,0xFF,0x80,0x00,0x07,0xFC,0x00,0x00,0x1F,0xF0,0x00,0x00,0x3F,0x80,0x00,0x00,0xFE,0x00,
  0x00,0x01,0xF8,0x00,0x00,0x07,0xC0,0x00,0x00,0x1E,0x00,0x00,0x00,0x00,0x00,0x00,0x00,0x00,0x00,0x00,0x00,0x00,0x00,0x00,
  0x00,0x00,0x00,0x00,0x00,0x00,0x00,0x00,0x00,0x01,0xFF,0x80,0x00,0x7F,0xFF,0x80,0x07,0xFF,0xFE,0x00,0xFF,0xFF,0xF8,0x07,
  0xFC,0x3F,0xE0,0x7F,0xC1,0xFF,0x87,0xFE,0x07,0xFC,0x3F,0xE0,0x3F,0xF3,0xFF,0x01,0xFF,0x9F,0xF8,0x0F,0xFD,0xFF,0xC0,0x7F,
  0xEF,0xFE,0x03,0xFF,0xFF,0xF0,0x1F,0xFF,0xFF,0x80,0x7F,0xFF,0xFC,0x03,0xFF,0xFF,0xFF,0xFF,0xFF,0xFF,0xFF,0xFF,0xFF,0xFF,
  0xFF,0xFF,0xFF,0xFF,0xFF,0xFF,0xFE,0x00,0x00,0x7F,0xF0,0x00,0x03,0xFF,0x80,0x00,0x1F,0xFC,0x00,0x00,0xFF,0xE0,0x00,0x07,
  0xFF,0x00,0x00,0x3F,0xF8,0x00,0x00,0xFF,0xC0,0x00,0x07,0xFE,0x00,0x00,0x3F,0xF8,0x00,0x00,0xFF,0xE0,0x00,0x07,0xFF,0x80,
  0x00,0x1F,0xFE,0x00,0x10,0x7F,0xFF,0xFF,0x81,0xFF,0xFF,0xFC,0x07,0xFF,0xFF,0xC0,0x0F,0xFF,0xF8,0x00,0x0F,0xFC,0x00,0x03,
  0xC0,0x1E,0x00,0x3F,0x81,0xF8,0x03,0xFC,0x1F,0xE0,0x1F,0xF1,0xFF,0x00,0xFF,0x8F,0xF8,0x07,0xFC,0x7F,0xC0,0x3F,0xC1,0xFE,
  0x00,0xFE,0x0F,0xE0,0x03,0xC0,0x1E,0x00,0x00,0x00,0x00,0x00,0x00,0x00,0x00,0x00,0x00,0x00,0x00,0x00,0x00,0x00,0x00,0x00,
  0x00,0x00,0x00,0x00,0x00,0x00,0x07,0xFE,0x00,0x01,0xFF,0xFE,0x00,0x1F,0xFF,0xF8,0x03,0xFF,0xFF,0xE0,0x1F,0xF0,0xFF,0x81,
  0xFF,0x07,0xFE,0x1F,0xF8,0x1F,0xF0,0xFF,0x80,0xFF,0xCF,0xFC,0x07,0xFE,0x7F,0xE0,0x3F,0xF7,0xFF,0x01,0xFF,0xBF,0xF8,0x0F,
  0xFF,0xFF,0xC0,0x7F,0xFF,0xFE,0x01,0xFF,0xFF,0xF0,0x0F,0xFF,0xFF,0xFF,0xFF,0xFF,0xFF,0xFF,0xFF,0xFF,0xFF,0xFF,0xFF,0xFF,
  0xFF,0xFF,0xFF,0xF8,0x00,0x01,0xFF,0xC0,0x00,0x0F,0xFE,0x00,0x00,0x7F,0xF0,0x00,0x03,0xFF,0x80,0x00,0x1F,0xFC,0x00,0x00,
  0xFF,0xE0,0x00,0x03,0xFF,0x00,0x00,0x1F,0xF8,0x00,0x00,0xFF,0xE0,0x00,0x03,0xFF,0x80,0x00,0x1F,0xFE,0x00,0x00,0x7F,0xF8,
  0x00,0x41,0xFF,0xFF,0xFE,0x07,0xFF,0xFF,0xF0,0x1F,0xFF,0xFF,0x00,0x3F,0xFF,0xE0,0x00,0x3F,0xF0,0x00,0x3F,0xFF,0x00,0x00,
  0x03,0xFF,0xF0,0x00,0x00,0x3F,0xFF,0x00,0x00,0x00,0x7F,0xF0,0x00,0x00,0x07,0xFF,0x00,0x00,0x00,0x7F,0xF0,0x00,0x00,0x07,
  0xFF,0x00,0x00,0x00,0x7F,0xF0,0x00,0x00,0xFF,0xFF,0xFF,0xC0,0x0F,0xFF,0xFF,0xFC,0x00,0xFF,0xFF,0xFF,0xC0,0x0F,0xFF,0xFF,
  0xF8,0x00,0x07,0xFF,0x00,0x00,0x00,0x7F,0xF0,0x00,0x00,0x07,0xFF,0x00,0x00,0x00,0x7F,0xF0,0x00,0x00,0x07,0xFF,0x00,0x00,
  0x00,0x7F,0xF0,0x1F,0xE0,0x07,0xFF,0x07,0xFF,0x80,0x7F,0xF3,0xFF,0xFC,0x07,0xFF,0xFF,0xFF,0xC0,0x7F,0xFF,0xFF,0xFE,0x07,
  0xFF,0xE1,0xFF,0xE0,0x7F,0xF0,0x0F,0xFF,0x07,0xFF,0x00,0x7F,0xF0,0x7F,0xF0,0x07,0xFF,0x07,0xFF,0x00,0x7F,0xF0,0x7F,0xF0,
  0x07,0xFF,0x07,0xFF,0x00,0x7F,0xF0,0x7F,0xF0,0x07,0xFF,0x07,0xFF,0x00,0x7F,0xF0,0x7F,0xF0,0x07,0xFF,0x07,0xFF,0x00,0x7F,
  0xF0,0x7F,0xF0,0x07,0xFF,0x07,0xFF,0x00,0x7F,0xF0,0x7F,0xF0,0x07,0xFF,0x07,0xFF,0x00,0x7F,0xF0,0x7F,0xF0,0x07,0xFF,0x07,
  0xFF,0x00,0x7F,0xF0,0x7F,0xF0,0x07,0xFF,0x07,0xFF,0x00,0x7F,0xF0,0x7F,0xF0,0x07,0xFF,0x07,0xFF,0x00,0x7F,0xF0,0x7F,0xF0,
  0x07,0xFF,0x07,0xFF,0x00,0x7F,0xF0,0x7F,0xF0,0x07,0xFF,0x07,0xFF,0x00,0x7F,0xF0,0x7F,0xF0,0x07,0xFF,0x07,0xFF,0x00,0x7F,
  0xF0,0x7F,0xF0,0x07,0xFF,0x3F,0xFF,0xE0,0x7F,0xF3,0xFF,0xFE,0x07,0xFF,0x3F,0xFF,0xE0,0x7F,0xF0,0x00,0x00,0x07,0xFF,0x00,
  0x00,0x00,0x7F,0xF0,0x00,0x00,0x07,0xFF,0x00,0x00,0x00,0x7F,0xF0,0x00,0x00,0x07,0xFF,0x00,0x00,0x00,0x7F,0xF0,0x00,0x00,
  0x07,0xFE,0x00,0x01,0xC0,0x7F,0xE0,0x00,0x1C,0x0F,0xFE,0x00,0x01,0xE0,0xFF,0xC0,0x00,0x1E,0x1F,0xFC,0x00,0x01,0xF3,0xFF,
  0x80,0x00,0x1F,0xFF,0xF0,0x00,0x01,0xFF,0xFE,0x00,0x00,0x1F,0xFF,0x80,0x00,0x00,0xFF,0xC0,0x00,0x00,0x00,0xFF,0xE0,0x00,
  0x03,0xFF,0x80,0x00,0x0F,0xFE,0x00,0x00,0x1F,0xF8,0x00,0x00,0x7F,0xC0,0x00,0x01,0xFF,0x00,0x00,0x03,0xF8,0x00,0x00,0x0F,
  0xE0,0x00,0x00,0x1F,0x80,0x00,0x00,0x7C,0x00,0x00,0x00,0xF0,0x00,0x00,0x00,0x00,0x00,0x00,0x00,0x00,0x00,0x00,0x00,0x00,
  0x00,0x00,0x00,0x00,0x00,0x00,0x00,0x00,0x00,0x00,0x00,0x00,0x00,0x00,0x00,0x00,0x03,0xFF,0xFF,0xFF,0xFF,0xFF,0xFF,0xFF,
  0xFF,0xFF,0xFF,0xFF,0xE3,0xFF,0xFF,0xFF,0xC7,0xFF,0x00,0x1F,0x8F,0xFE,0x00,0x1F,0x1F,0xFC,0x00,0x1E,0x3F,0xF8,0x00,0x3C,
  0x7F,0xF0,0x00,0x78,0xFF,0xE0,0x00,0xF1,0xFF,0xC0,0x01,0xE3,0xFF,0x80,0x01,0x87,0xFF,0x00,0x00,0x0F,0xFE,0x00,0x00,0x1F,
  0xFC,0x00,0x00,0x3F,0xF8,0x00,0x00,0x7F,0xF0,0x00,0x00,0xFF,0xE0,0x00,0x01,0xFF,0xC0,0x00,0x03,0xFF,0x80,0x00,0x07,0xFF,
  0x00,0x00,0x0F,0xFE,0x00,0x00,0x1F,0xFC,0x00,0x00,0x3F,0xF8,0x00,0x00,0x7F,0xF0,0x00,0x00,0xFF,0xE0,0x00,0x01,0xFF,0xC0,
  0x00,0x03,0xFF,0x80,0x00,0x07,0xFF,0x00,0x00,0x0F,0xFE,0x00,0x00,0x1F,0xFC,0x00,0x00,0x3F,0xFC,0x00,0x03,0xFF,0xFF,0xC0,
  0x07,0xFF,0xFF,0x80,0x0F,0xFF,0xFF,0x00,0x00,0x00,0x0F,0xFF,0x00,0x03,0xFF,0xFF,0x80,0x7F,0xFF,0xFC,0x07,0xFF,0xFF,0xE0,
  0x7F,0xF0,0x3F,0x07,0xFE,0x00,0x78,0x7F,0xE0,0x03,0xC7,0xFF,0x00,0x1E,0x3F,0xF0,0x00,0x73,0xFF,0x80,0x03,0x9F,0xFC,0x00,
  0x1D,0xFF,0xC0,0x00,0x6F,0xFE,0x00,0x00,0x7F,0xF0,0x00,0x03,0xFF,0x80,0x00,0x1F,0xFC,0x00,0x00,0xFF,0xFF,0xFC,0x07,0xFF,
  0xFF,0xE0,0x3F,0xFF,0xFF,0x01,0xFF,0xFF,0xF8,0x0F,0xFE,0x00,0x00,0x7F,0xF0,0x00,0x03,0xFF,0x80,0x00,0x1F,0xFC,0x00,0x00,
  0xFF,0xE0,0x00,0x07,0xFF,0x00,0x00,0x1F,0xFC,0x00,0x00,0xFF,0xE0,0x00,0x07,0xFF,0x00,0x00,0x1F,0xFC,0x00,0x00,0x7F,0xF0,
  0x00,0x03,0xFF,0xE0,0x01,0x0F,0xFF,0xFF,0xF8,0x3F,0xFF,0xFF,0xC0,0x7F,0xFF,0xFC,0x00,0xFF,0xFF,0xC0,0x00,0xFF,0xE0,0x00,
  0x00,0x7F,0xF0,0x00,0xFF,0xFF,0x80,0xFF,0xFF,0xE0,0x7F,0xFF,0xF8,0x3F,0x80,0x7E,0x0F,0xC0,0x07,0x87,0xF0,0x00,0xE1,0xFC,
  0x00,0x38,0xFF,0x00,0x0E,0x3F,0xC0,0x01,0x8F,0xF8,0x00,0x03,0xFF,0x00,0x00,0xFF,0xF0,0x00,0x1F,0xFF,0x80,0x07,0xFF,0xFC,
  0x01,0xFF,0xFF,0xC0,0x3F,0xFF,0xFC,0x0F,0xFF,0xFF,0x81,0xFF,0xFF,0xF0,0x3F,0xFF,0xFC,0x03,0xFF,0xFF,0x80,0x3F,0xFF,0xE0,
  0x03,0xFF,0xFC,0x00,0x1F,0xFF,0x00,0x00,0xFF,0xC0,0x00,0x1F,0xFE,0x00,0x03,0xFF,0x80,0x00,0xFF,0xF0,0x00,0x3F,0xBC,0x00,
  0x0F,0xEF,0x00,0x03,0xFB,0xF0,0x01,0xFC,0xFE,0x00,0xFF,0x3F,0xFF,0xFF,0x8F,0xFF,0xFF,0x81,0xFF,0xFF,0xC0,0x03,0xFF,0x80,
  0x00,0x03,0xF0,0x03,0xFE,0x00,0xFF,0xC0,0x7F,0xF0,0x1F,0xFC,0x07,0xFF,0x81,0xFF,0xC0,0x7F,0xF0,0x0F,0xFC,0x01,0xFE,0x00,
  0x3E,0x00,0x00,0x00,0x00,0x00,0x00,0x00,0x00,0x00,0x00,0x00,0x00,0x00,0x00,0x3F,0xFF,0x0F,0xFF,0xC3,0xFF,0xF0,0x1F,0xFC,
  0x07,0xFF,0x01,0xFF,0xC0,0x7F,0xF0,0x1F,0xFC,0x07,0xFF,0x01,0xFF,0xC0,0x7F,0xF0,0x1F,0xFC,0x07,0xFF,0x01,0xFF,0xC0,0x7F,
  0xF0,0x1F,0xFC,0x07,0xFF,0x01,0xFF,0xC0,0x7F,0xF0,0x1F,0xFC,0x07,0xFF,0x01,0xFF,0xC0,0x7F,0xF0,0x1F,0xFC,0x07,0xFF,0x01,
  0xFF,0xC0,0x7F,0xF0,0x1F,0xFC,0x07,0xFF,0x01,0xFF,0xC0,0x7F,0xF0,0x1F,0xFC,0x3F,0xFF,0xFF,0xFF,0xFF,0xFF,0xFF,0x1E,0x01,
  0xE1,0xFC,0x0F,0xC7,0xF8,0x7F,0xBF,0xE1,0xFE,0xFF,0x87,0xFF,0xFE,0x1F,0xE7,0xF8,0x7F,0x9F,0xC0,0xFC,0x1E,0x01,0xE0,0x00,
  0x00,0x00,0x00,0x00,0x00,0x00,0x00,0x00,0x00,0x00,0x00,0x00,0x00,0x00,0x00,0x00,0x00,0x00,0x3F,0xFF,0x00,0xFF,0xFC,0x03,
  0xFF,0xF0,0x01,0xFF,0xC0,0x07,0xFF,0x00,0x1F,0xFC,0x00,0x7F,0xF0,0x01,0xFF,0xC0,0x07,0xFF,0x00,0x1F,0xFC,0x00,0x7F,0xF0,
  0x01,0xFF,0xC0,0x07,0xFF,0x00,0x1F,0xFC,0x00,0x7F,0xF0,0x01,0xFF,0xC0,0x07,0xFF,0x00,0x1F,0xFC,0x00,0x7F,0xF0,0x01,0xFF,
  0xC0,0x07,0xFF,0x00,0x1F,0xFC,0x00,0x7F,0xF0,0x01,0xFF,0xC0,0x07,0xFF,0x00,0x1F,0xFC,0x00,0x7F,0xF0,0x01,0xFF,0xC0,0x07,
  0xFF,0x00,0x1F,0xFC,0x00,0x7F,0xF0,0x01,0xFF,0xC0,0x3F,0xFF,0xF0,0xFF,0xFF,0xC3,0xFF,0xFF,0x00,0x00,0x07,0xE0,0x00,0x3F,
  0xC0,0x01,0xFF,0x80,0x0F,0xFE,0x00,0x3F,0xFC,0x00,0xFF,0xF0,0x03,0xFF,0x80,0x0F,0xFE,0x00,0x1F,0xF8,0x00,0x3F,0xC0,0x00,
  0x7C,0x00,0x00,0x00,0x00,0x00,0x00,0x00,0x00,0x00,0x00,0x00,0x00,0x00,0x00,0x00,0x00,0x00,0x3F,0xFF,0xE0,0xFF,0xFF,0x81,
  0xFF,0xFE,0x00,0x7F,0xF8,0x00,0xFF,0xE0,0x03,0xFF,0x80,0x0F,0xFE,0x00,0x3F,0xF8,0x00,0xFF,0xE0,0x03,0xFF,0x80,0x0F,0xFE,
  0x00,0x3F,0xF8,0x00,0xFF,0xE0,0x03,0xFF,0x80,0x0F,0xFE,0x00,0x3F,0xF8,0x00,0xFF,0xE0,0x03,0xFF,0x80,0x0F,0xFE,0x00,0x3F,
  0xF8,0x00,0xFF,0xE0,0x03,0xFF,0x80,0x0F,0xFE,0x00,0x3F,0xF8,0x00,0xFF,0xE0,0x03,0xFF,0x80,0x0F,0xFE,0x00,0x3F,0xF8,0x00,
  0xFF,0xE0,0x03,0xFF,0x80,0x0F,0xFE,0x00,0x3F,0xF8,0x00,0xFF,0xE0,0x03,0xFF,0x80,0x0F,0xFE,0x00,0x3F,0xF8,0x00,0xFF,0xE0,
  0x03,0xFF,0x80,0x0F,0xFE,0x00,0x3F,0xF8,0x00,0xFF,0xE0,0x03,0xFF,0xB8,0x0F,0xFC,0xE0,0x3F,0xF3,0xC1,0xFF,0x8F,0x07,0xFE,
  0x3E,0x7F,0xF0,0xFF,0xFF,0x83,0xFF,0xFC,0x0F,0xFF,0xC0,0x1F,0xF8,0x00,0x00,0x7F,0xFF,0xFF,0xFE,0x00,0x00,0x00,0x7F,0xFF,
  0xFF,0xFE,0x00,0x00,0x00,0x7F,0xFF,0xFF,0xFC,0x00,0x00,0x00,0x07,0xFF,0xFF,0xE0,0x00,0x00,0x00,0x07,0x80,0xFF,0xC0,0x00,
  0x00,0x00,0x07,0x80,0xFF,0xC0,0x00,0x00,0x00,0x07,0x80,0xFF,0xC0,0x00,0x00,0x00,0x0F,0x80,0xFF,0xC0,0x00,0x00,0x00,0x0F,
  0x80,0xFF,0xC0,0x00,0x00,0x00,0x0F,0x80,0xFF,0xC0,0x00,0x00,0x00,0x0F,0x00,0xFF,0xC0,0x00,0x00,0x00,0x0F,0x00,0xFF,0xC0,
  0x00,0x00,0x00,0x0F,0x00,0xFF,0xC0,0x00,0x00,0x00,0x0F,0x00,0xFF,0xC0,0x00,0x00,0x00,0x1F,0x00,0xFF,0xC0,0x00,0x00,0x00,
  0x1F,0x00,0xFF,0xFF,0xFE,0x00,0x00,0x1F,0x00,0xFF,0xFF,0xFF,0xE0,0x00,0x1E,0x00,0xFF,0xFF,0xFF,0xF8,0x00,0x1E,0x00,0xFF,
  0xE0,0xFF,0xFC,0x00,0x3E,0x00,0xFF,0xC0,0x1F,0xFE,0x00,0x3E,0x00,0xFF,0xC0,0x0F,0xFF,0x00,0x3E,0x00,0xFF,0xC0,0x07,0xFF,
  0x00,0x3C,0x00,0xFF,0xC0,0x07,0xFF,0x00,0x3C,0x00,0xFF,0xC0,0x07,0xFF,0x00,0x7C,0x00,0xFF,0xC0,0x03,0xFF,0x00,0x7C,0x00,
  0xFF,0xC0,0x03,0xFF,0x00,0x78,0x00,0xFF,0xC0,0x07,0xFF,0xE0,0xF8,0x00,0xFF,0xC0,0x07,0xFF,0xE0,0xF8,0x00,0xFF,0xC0,0x07,
  0xFF,0xE1,0xF0,0x00,0xFF,0xC0,0x0F,0xFF,0xF3,0xF0,0x00,0xFF,0xC0,0x1F,0xFE,0xFF,0xE0,0x01,0xFF,0xE0,0xFF,0xFC,0xFF,0xE0,
  0x0F,0xFF,0xFF,0xFF,0xF8,0xFF,0xC0,0x0F,0xFF,0xFF,0xFF,0xE0,0xFF,0x80,0x0F,0xFF,0xFF,0xFE,0x00,0x7E,0x00,0x00,0x00,0x00,
  0x00,0x00,0xFF,0xFF,0xC7,0xFF,0xFF,0x00,0x00,0x7F,0xFF,0xE3,0xFF,0xFF,0x80,0x00,0x3F,0xFF,0xF0,0xFF,0xFF,0xC0,0x00,0x03,
  0xFF,0xC0,0x0F,0xFE,0x00,0x00,0x01,0xFF,0xC0,0x07,0xFF,0x00,0x00,0x00,0xFF,0xE0,0x03,0xFF,0x80,0x00,0x00,0x7F,0xF0,0x01,
  0xFF,0xC0,0x00,0x00,0x3F,0xF8,0x00,0xFF,0xE0,0x00,0x00,0x1F,0xFC,0x00,0x7F,0xF0,0x00,0x00,0x0F,0xFE,0x00,0x3F,0xF8,0x00,
  0x00,0x07,0xFF,0x00,0x1F,0xFC,0x00,0x00,0x03,0xFF,0x80,0x0F,0xFE,0x00,0x00,0x01,0xFF,0xC0,0x07,0xFF,0x00,0x00,0x00,0xFF,
  0xE0,0x03,0xFF,0x80,0x00,0x00,0x7F,0xF0,0x01,0xFF,0xC0,0x00,0x00,0x3F,0xFF,0xFF,0xFF,0xFF,0xFE,0x00,0x1F,0xFF,0xFF,0xFF,
  0xFF,0xFF,0xF0,0x0F,0xFF,0xFF,0xFF,0xFF,0xFF,0xFE,0x07,0xFF,0xFF,0xFF,0xFC,0x3F,0xFF,0x83,0xFF,0x80,0x0F,0xFE,0x01,0xFF,
  0xE1,0xFF,0xC0,0x07,0xFF,0x00,0x7F,0xF0,0xFF,0xE0,0x03,0xFF,0x80,0x3F,0xFC,0x7F,0xF0,0x01,0xFF,0xC0,0x0F,0xFE,0x3F,0xF8,
  0x00,0xFF,0xE0,0x07,0xFF,0x1F,0xFC,0x00,0x7F,0xF0,0x03,0xFF,0x8F,0xFE,0x00,0x3F,0xF8,0x01,0xFF,0xC7,0xFF,0x00,0x1F,0xFC,
  0x00,0xFF,0xE3,0xFF,0x80,0x0F,0xFE,0x00,0x7F,0xF1,0xFF,0xC0,0x07,0xFF,0x00,0x3F,0xF8,0xFF,0xE0,0x03,0xFF,0x80,0x3F,0xF8,
  0x7F,0xF0,0x01,0xFF,0xC0,0x3F,0xFC,0x3F,0xFC,0x00,0xFF,0xE0,0xFF,0xFC,0xFF,0xFF,0xC3,0xFF,0xFF,0xFF,0xF8,0x7F,0xFF,0xE3,
  0xFF,0xFF,0xFF,0xF0,0x3F,0xFF,0xF1,0xFF,0xFF,0xFF,0xC0,0x00,0x3F,0xFF,0x00,0x00,0x00,0x1F,0xFF,0x80,0x00,0x00,0x0F,0xFF,
  0xC0,0x00,0x00,0x00,0xFF,0xE0,0x00,0x00,0x00,0x7F,0xF0,0x00,0x00,0x00,0x3F,0xF8,0x00,0x00,0x00,0x1F,0xFC,0x00,0x00,0x00,
  0x0F,0xFE,0x00,0x00,0x00,0xFF,0xFF,0xFF,0xC0,0x00,0x7F,0xFF,0xFF,0xE0,0x00,0x3F,0xFF,0xFF,0xF0,0x00,0x1F,0xFF,0xFF,0xF0,
  0x00,0x00,0x7F,0xF0,0x00,0x00,0x00,0x3F,0xF8,0x00,0x00,0x00,0x1F,0xFC,0x00,0x00,0x00,0x0F,0xFE,0x00,0x00,0x00,0x07,0xFF,
  0x00,0x00,0x00,0x03,0xFF,0x80,0x7F,0x80,0x01,0xFF,0xC1,0xFF,0xF0,0x00,0xFF,0xE3,0xFF,0xFC,0x00,0x7F,0xF7,0xFF,0xFF,0x00,
  0x3F,0xFF,0xFF,0xFF,0x80,0x1F,0xFF,0x83,0xFF,0xE0,0x0F,0xFE,0x00,0xFF,0xF0,0x07,0xFF,0x00,0x3F,0xF8,0x03,0xFF,0x80,0x1F,
  0xFE,0x01,0xFF,0xC0,0x07,0xFF,0x00,0xFF,0xE0,0x03,0xFF,0x80,0x7F,0xF0,0x01,0xFF,0xC0,0x3F,0xF8,0x00,0xFF,0xE0,0x1F,0xFC,
  0x00,0x7F,0xF0,0x0F,0xFE,0x00,0x3F,0xF8,0x07,0xFF,0x00,0x1F,0xFC,0x03,0xFF,0x80,0x0F,0xFE,0x01,0xFF,0xC0,0x07,0xFF,0x00,
  0xFF,0xE0,0x03,0xFF,0x80,0x7F,0xF0,0x01,0xFF,0xC0,0x3F,0xF8,0x00,0xFF,0xE0,0x1F,0xFC,0x00,0x7F,0xF0,0x0F,0xFE,0x00,0x3F,
  0xF8,0x07,0xFF,0x00,0x1F,0xFC,0x03,0xFF,0x80,0x0F,0xFE,0x01,0xFF,0xC0,0x07,0xFF,0x00,0xFF,0xE0,0x03,0xFF,0x80,0x7F,0xF0,
  0x01,0xFF,0xC0,0x3F,0xF8,0x00,0xFF,0xE0,0x1F,0xFC,0x00,0x7F,0xF0,0x0F,0xFE,0x00,0x3F,0xF8,0x07,0xFF,0x00,0x1F,0xFC,0x03,
  0xFF,0x80,0x0F,0xFE,0x0F,0xFF,0xF8,0x3F,0xFF,0xE7,0xFF,0xFC,0x1F,0xFF,0xF3,0xFF,0xFE,0x0F,0xFF,0xF8,0x00,0x00,0x07,0xFF,
  0x00,0x00,0x00,0x01,0xFF,0xC0,0x00,0x00,0x00,0xFF,0xE0,0x00,0x00,0x00,0x7F,0xE0,0x00,0x00,0x00,0x1F,0xF0,0x00,0x00,0x00,
  0x0F,0xF0,0x00,0x00,0x00,0x07,0xF8,0x00,0x00,0x00,0x01,0xFC,0x00,0x00,0x00,0x00,0xFC,0x00,0x00,0x00,0x00,0x7E,0x00,0x00,
  0x00,0x00,0x1E,0x00,0x00,0x00,0x00,0x00,0x00,0x00,0x00,0x00,0x00,0x00,0x00,0x00,0x00,0x00,0x00,0x00,0x00,0x00,0x00,0x00,
  0x00,0x00,0x00,0x00,0x00,0x00,0x00,0x00,0x00,0x00,0x00,0x00,0x00,0x00,0x00,0x00,0x00,0x00,0x0F,0xFF,0xF8,0x07,0xFF,0xE3,
  0xFF,0xFE,0x01,0xFF,0xF8,0xFF,0xFF,0x80,0x3F,0xFE,0x07,0xFF,0x00,0x01,0xF8,0x01,0xFF,0xC0,0x00,0xFC,0x00,0x7F,0xF0,0x00,
  0x7E,0x00,0x1F,0xFC,0x00,0x3F,0x00,0x07,0xFF,0x00,0x1F,0x80,0x01,0xFF,0xC0,0x0F,0xC0,0x00,0x7F,0xF0,0x07,0xC0,0x00,0x1F,
  0xFC,0x03,0xE0,0x00,0x07,0xFF,0x03,0xF0,0x00,0x01,0xFF,0xC1,0xF8,0x00,0x00,0x7F,0xF0,0xFF,0x00,0x00,0x1F,0xFC,0x7F,0xE0,
  0x00,0x07,0xFF,0x3F,0xF8,0x00,0x01,0xFF,0xDF,0xFF,0x00,0x00,0x7F,0xFF,0xFF,0xE0,0x00,0x1F,0xFF,0xFF,0xF8,0x00,0x07,0xFF,
  0xEF,0xFF,0x00,0x01,0xFF,0xE1,0xFF,0xE0,0x00,0x7F,0xF0,0x3F,0xF8,0x00,0x1F,0xFC,0x0F,0xFF,0x00,0x07,0xFF,0x01,0xFF,0xE0,
  0x01,0xFF,0xC0,0x3F,0xF8,0x00,0x7F,0xF0,0x0F,0xFF,0x00,0x1F,0xFC,0x01,0xFF,0xE0,0x07,0xFF,0x00,0x3F,0xF8,0x01,0xFF,0xC0,
  0x0F,0xFF,0x00,0x7F,0xF0,0x01,0xFF,0xE0,0x1F,0xFC,0x00,0x3F,0xF8,0x07,0xFF,0x00,0x0F,0xFF,0x0F,0xFF,0xF8,0x0F,0xFF,0xFB,
  0xFF,0xFE,0x07,0xFF,0xFF,0xFF,0xFF,0x81,0xFF,0xFF,0xC0,0x00,0xFF,0xE0,0x00,0x00,0x00,0xFF,0xF0,0x00,0x00,0x00,0x3F,0xF0,
  0x00,0x00,0x00,0x1F,0xF8,0x00,0x00,0x00,0x0F,0xFC,0x00,0x00,0x00,0x03,0xFC,0x00,0x00,0x00,0x01,0xFE,0x00,0x00,0x00,0x00,
  0x7E,0x00,0x00,0x00,0x00,0x3F,0x00,0x00,0x00,0x00,0x1F,0x80,0x00,0x00,0x00,0x07,0x80,0x00,0x00,0x00,0x00,0x00,0x00,0x00,
  0x00,0x00,0x00,0x00,0x00,0x00,0x00,0x00,0x00,0x00,0x00,0x00,0x00,0x00,0x00,0x00,0x00,0x00,0x00,0x00,0x00,0x00,0x00,0x00,
  0x00,0x00,0x00,0x00,0x00,0xFF,0xFF,0x83,0xFF,0xFF,0xFF,0xFF,0x83,0xFF,0xFF,0xFF,0xFF,0x81,0xFF,0xFF,0x1F,0xFC,0x00,0x7F,
  0xF8,0x1F,0xFC,0x00,0x7F,0xF0,0x1F,0xFC,0x00,0x7F,0xF0,0x1F,0xFC,0x00,0x7F,0xF0,0x1F,0xFC,0x00,0x7F,0xF0,0x1F,0xFC,0x00,
  0x7F,0xF0,0x1F,0xFC,0x00,0xFF,0xF0,0x1F,0xFC,0x01,0xFF,0xF0,0x1F,0xFC,0x03,0xFF,0xF0,0x1F,0xFC,0x03,0xFF,0xF0,0x1F,0xFC,
  0x07,0xFF,0xF0,0x1F,0xFC,0x0F,0x7F,0xF0,0x1F,0xFC,0x1F,0x7F,0xF0,0x1F,0xFC,0x3E,0x7F,0xF0,0x1F,0xFC,0x3C,0x7F,0xF0,0x1F,
  0xFC,0x78,0x7F,0xF0,0x1F,0xFC,0xF8,0x7F,0xF0,0x1F,0xFD,0xF0,0x7F,0xF0,0x1F,0xFF,0xE0,0x7F,0xF0,0x1F,0xFF,0xC0,0x7F,0xF0,
  0x1F,0xFF,0xC0,0x7F,0xF0,0x1F,0xFF,0x80,0x7F,0xF0,0x1F,0xFF,0x00,0x7F,0xF0,0x1F,0xFE,0x00,0x7F,0xF0,0x1F,0xFE,0x00,0x7F,
  0xF0,0x1F,0xFC,0x00,0x7F,0xF0,0x1F,0xFC,0x00,0x7F,0xF0,0x1F,0xFC,0x00,0x7F,0xF0,0x1F,0xFC,0x00,0x7F,0xF8,0xFF,0xFF,0x81,
  0xFF,0xFF,0xFF,0xFF,0x83,0xFF,0xFF,0xFF,0xFF,0x83,0xFF,0xFF,0x0F,0xF0,0x00,0x7F,0x00,0xFF,0x00,0x0F,0xF0,0x0F,0xF0,0x00,
  0xFF,0x00,0xFF,0x00,0x0F,0xF0,0x07,0xF8,0x01,0xFF,0x00,0x7F,0x80,0x1F,0xE0,0x03,0xFC,0x03,0xFC,0x00,0x1F,0xF9,0xFF,0x80,
  0x00,0xFF,0xFF,0xF0,0x00,0x03,0xFF,0xFE,0x00,0x00,0x07,0xFE,0x00,0x00,0x00,0x00,0x00,0x00,0x00,0x00,0x00,0x00,0x00,0x00,
  0x00,0x00,0x00,0x00,0x00,0x00,0x00,0x00,0x00,0x00,0x00,0x00,0x00,0x00,0x00,0x00,0x00,0x00,0x00,0x00,0x00,0xFF,0xFF,0xC0,
  0x7F,0xFF,0xFF,0xFC,0x07,0xFF,0xFF,0xFF,0x80,0x7F,0xF3,0xFF,0xC0,0x00,0x7C,0x1F,0xFC,0x00,0x0F,0x81,0xFF,0xC0,0x00,0xF8,
  0x1F,0xFE,0x00,0x0F,0x00,0xFF,0xE0,0x01,0xF0,0x0F,0xFF,0x00,0x1F,0x00,0x7F,0xF0,0x01,0xE0,0x07,0xFF,0x00,0x3E,0x00,0x3F,
  0xF8,0x03,0xC0,0x03,0xFF,0x80,0x7C,0x00,0x3F,0xFC,0x07,0xC0,0x01,0xFF,0xC0,0x78,0x00,0x1F,0xFE,0x0F,0x80,0x00,0xFF,0xE0,
  0xF0,0x00,0x0F,0xFE,0x0F,0x00,0x00,0x7F,0xF1,0xF0,0x00,0x07,0xFF,0x1E,0x00,0x00,0x7F,0xFB,0xE0,0x00,0x03,0xFF,0xBC,0x00,
  0x00,0x3F,0xFF,0xC0,0x00,0x01,0xFF,0xFC,0x00,0x00,0x1F,0xFF,0x80,0x00,0x00,0xFF,0xF8,0x00,0x00,0x0F,0xFF,0x00,0x00,0x00,
  0xFF,0xF0,0x00,0x00,0x07,0xFF,0x00,0x00,0x00,0x7F,0xE0,0x00,0x00,0x03,0xFE,0x00,0x00,0x00,0x3F,0xC0,0x00,0x00,0x01,0xFC,
  0x00,0x00,0x00,0x1F,0xC0,0x00,0x00,0x01,0xF8,0x00,0x00,0x00,0x0F,0x80,0x00,0x00,0x00,0xF0,0x00,0x00,0x00,0x1F,0x00,0x00,
  0x00,0x01,0xF0,0x00,0x00,0x00,0x1E,0x00,0x00,0x00,0x03,0xE0,0x00,0x00,0x00,0x3C,0x00,0x00,0x60,0x07,0xC0,0x00,0x06,0x00,
  0x78,0x00,0x00,0x70,0x0F,0x80,0x00,0x07,0x01,0xF0,0x00,0x00,0x78,0x1F,0x00,0x00,0x07,0xC7,0xE0,0x00,0x00,0x7F,0xFC,0x00,
  0x00,0x07,0xFF,0x80,0x00,0x00,0x7F,0xF0,0x00,0x00,0x03,0xFC,0x00,0x00,0x00,0xFF,0xFF,0xC3,0xFF,0xFF,0xFF,0xFF,0xC3,0xFF,
  0xFF,0xFF,0xFF,0xC3,0xFF,0xFF,0x1F,0xFE,0x00,0x7F,0xF8,0x1F,0xFC,0x00,0x7F,0xF0,0x1F,0xFC,0x00,0x7F,0xF0,0x1F,0xFC,0x00,
  0x7F,0xF0,0x1F,0xFC,0x00,0x7F,0xF0,0x1F,0xFC,0x00,0x7F,0xF0,0x1F,0xFC,0x00,0x7F,0xF0,0x1F,0xFC,0x00,0x7F,0xF0,0x1F,0xFC,
  0x00,0x7F,0xF0,0x1F,0xFC,0x00,0x7F,0xF0,0x1F,0xFC,0x00,0x7F,0xF0,0x1F,0xFC,0x00,0x7F,0xF0,0x1F,0xFC,0x00,0x7F,0xF0,0x1F,
  0xFC,0x00,0x7F,0xF0,0x1F,0xFC,0x00,0x7F,0xF0,0x1F,0xFC,0x00,0x7F,0xF0,0x1F,0xFC,0x00,0x7F,0xF0,0x1F,0xFC,0x00,0x7F,0xF0,
  0x1F,0xFC,0x00,0x7F,0xF0,0x1F,0xFC,0x00,0x7F,0xF0,0x1F,0xFC,0x00,0x7F,0xF0,0x1F,0xFC,0x00,0x7F,0xF0,0x1F,0xFC,0x00,0x7F,
  0xF0,0x1F,0xFC,0x00,0x7F,0xF0,0x1F,0xFC,0x00,0x7F,0xF0,0x1F,0xFC,0x00,0x7F,0xF0,0x1F,0xFC,0x00,0x7F,0xF0,0x1F,0xFC,0x00,
  0x7F,0xF0,0x1F,0xFF,0xFF,0xFF,0xF8,0xFF,0xFF,0xFF,0xFF,0xFF,0xFF,0xFF,0xFF,0xFF,0xFF,0xFF,0xFF,0xFF,0xFF,0xFF,0x00,0x01,
  0xFF,0x80,0x00,0x00,0x01,0xFF,0x00,0x00,0x00,0x00,0xFF,0x00,0x00,0x00,0x00,0xFF,0x00,0x00,0x00,0x00,0xFF,0x00,0x00,0x00,
  0x00,0xFF,0x00,0x00,0x00,0x00,0xFE,0x00,0x00,0x00,0x00,0x7E,0x00,0x00,0x00,0x00,0x7E,0x00,0x00,0x00,0x00,0x7E,0x00,0x00,
  0x00,0x00,0x7E,0x00,0x00,0x00,0x00,0x7C,0x00,0x00,0x00,0x00,0x3C,0x00,0x00,
  0x00};
static const lgfx::GFXglyph LibSerif50_glyphs[] PROGMEM = {
  {0,0,0,19,0,0},
  {0,13,51,25,6,-50},
  {83,26,18,42,8,-50},
  {142,36,50,38,1,-50},
  {367,33,62,38,3,-56},
  {623,61,52,76,8,-51},
  {1020,56,52,63,4,-51},
  {1384,9,18,21,6,-50},
  {1405,20,69,25,3,-53},
  {1578,20,69,25,2,-53},
  {1751,32,29,38,3,-50},
  {1867,35,35,43,4,-43},
  {2021,15,23,19,1,-12},
  {2065,20,7,25,3,-21},
  {2083,13,12,19,3,-11},
  {2103,23,52,21,-1,-51},
  {2253,32,52,38,3,-51},
  {2461,28,50,38,6,-50},
  {2636,32,51,38,3,-51},
  {2840,32,52,38,3,-51},
  {3048,36,50,38,1,-50},
  {3273,32,51,38,3,-50},
  {3477,33,52,38,3,-51},
  {3692,32,50,38,4,-50},
  {3892,34,52,38,2,-51},
  {4113,33,52,38,2,-51},
  {4328,13,37,25,6,-36},
  {4389,15,47,25,4,-36},
  {4478,35,39,43,4,-45},
  {4649,35,20,43,4,-35},
  {4737,35,39,43,4,-45},
  {4908,29,52,38,5,-51},
  {5097,63,65,71,4,-51},
  {5609,53,51,55,1,-51},
  {5947,48,50,51,1,-50},
  {6247,45,52,55,4,-51},
  {6540,50,50,55,1,-50},
  {6853,46,50,51,1,-50},
  {7141,42,50,46,1,-50},
  {7404,53,52,59,4,-51},
  {7749,57,50,59,1,-50},
  {8106,25,50,30,2,-50},
  {8263,33,51,38,3,-50},
  {8474,58,50,59,1,-50},
  {8837,47,50,51,1,-50},
  {9131,69,50,72,1,-50},
  {9563,53,50,55,1,-50},
  {9895,51,52,59,4,-51},
  {10227,43,50,46,1,-50},
  {10496,52,64,59,4,-51},
  {10912,55,50,55,1,-50},
  {11256,35,52,42,4,-51},
  {11484,49,50,51,1,-50},
  {11791,51,51,55,2,-50},
  {12117,53,51,55,1,-50},
  {12455,74,51,76,1,-50},
  {12927,53,50,55,1,-50},
  {13259,53,50,55,1,-50},
  {13591,43,50,51,4,-50},
  {13860,17,63,25,6,-53},
  {13994,23,52,21,-1,-51},
  {14144,17,63,25,3,-53},
  {14278,34,36,44,5,-50},
  {14431,40,5,38,-1,5},
  {14456,17,11,25,3,-52},
  {14480,35,37,38,2,-36},
  {14642,38,54,42,1,-53},
  {14899,29,37,34,3,-36},
  {15034,38,54,42,3,-53},
  {15291,29,37,34,3,-36},
  {15426,26,54,25,0,-54},
  {15602,35,56,38,2,-39},
  {15847,39,53,42,2,-53},
  {16106,18,52,21,2,-52},
  {16223,22,68,25,-1,-52},
  {16410,40,53,42,2,-53},
  {16675,19,53,21,1,-53},
  {16801,60,36,63,2,-36},
  {17071,39,36,42,2,-36},
  {17247,32,37,38,3,-36},
  {17395,38,52,42,1,-36},
  {17642,39,53,42,3,-37},
  {17901,30,36,34,2,-36},
  {18036,26,37,30,2,-36},
  {18157,24,44,25,1,-43},
  {18289,39,36,42,1,-35},
  {18465,38,36,38,0,-35},
  {18636,55,36,55,0,-35},
  {18884,38,35,38,0,-35},
  {19051,36,52,38,1,-35},
  {19285,31,35,34,1,-35},
  {19421,25,63,30,2,-53},
  {19618,5,70,17,6,-53},
  {19662,25,63,30,3,-53},
  {19859,38,14,40,1,-32},
  {0,0,0,0,0,0},
  {0,0,0,0,0,0},
  {0,0,0,0,0,0},
  {0,0,0,0,0,0},
  {0,0,0,0,0,0},
  {0,0,0,0,0,0},
  {0,0,0,0,0,0},
  {0,0,0,0,0,0},
  {0,0,0,0,0,0},
  {0,0,0,0,0,0},
  {0,0,0,0,0,0},
  {0,0,0,0,0,0},
  {0,0,0,0,0,0},
  {0,0,0,0,0,0},
  {0,0,0,0,0,0},
  {0,0,0,0,0,0},
  {0,0,0,0,0,0},
  {0,0,0,0,0,0},
  {0,0,0,0,0,0},
  {0,0,0,0,0,0},
  {0,0,0,0,0,0},
  {0,0,0,0,0,0},
  {0,0,0,0,0,0},
  {0,0,0,0,0,0},
  {0,0,0,0,0,0},
  {0,0,0,0,0,0},
  {0,0,0,0,0,0},
  {0,0,0,0,0,0},
  {0,0,0,0,0,0},
  {0,0,0,0,0,0},
  {0,0,0,0,0,0},
  {0,0,0,0,0,0},
  {0,0,0,0,0,0},
  {0,0,0,0,0,0},
  {0,0,0,0,0,0},
  {0,0,0,0,0,0},
  {0,0,0,0,0,0},
  {0,0,0,0,0,0},
  {0,0,0,0,0,0},
  {0,0,0,0,0,0},
  {0,0,0,0,0,0},
  {0,0,0,0,0,0},
  {0,0,0,0,0,0},
  {0,0,0,0,0,0},
  {0,0,0,0,0,0},
  {0,0,0,0,0,0},
  {0,0,0,0,0,0},
  {0,0,0,0,0,0},
  {0,0,0,0,0,0},
  {19926,23,23,30,4,-51},
  {0,0,0,0,0,0},
  {0,0,0,0,0,0},
  {0,0,0,0,0,0},
  {0,0,0,0,0,0},
  {0,0,0,0,0,0},
  {0,0,0,0,0,0},
  {0,0,0,0,0,0},
  {0,0,0,0,0,0},
  {0,0,0,0,0,0},
  {0,0,0,0,0,0},
  {0,0,0,0,0,0},
  {0,0,0,0,0,0},
  {0,0,0,0,0,0},
  {0,0,0,0,0,0},
  {0,0,0,0,0,0},
  {0,0,0,0,0,0},
  {0,0,0,0,0,0},
  {0,0,0,0,0,0},
  {0,0,0,0,0,0},
  {0,0,0,0,0,0},
  {0,0,0,0,0,0},
  {0,0,0,0,0,0},
  {0,0,0,0,0,0},
  {0,0,0,0,0,0},
  {0,0,0,0,0,0},
  {0,0,0,0,0,0},
  {0,0,0,0,0,0},
  {0,0,0,0,0,0},
  {0,0,0,0,0,0},
  {0,0,0,0,0,0},
  {0,0,0,0,0,0},
  {0,0,0,0,0,0},
  {0,0,0,0,0,0},
  {0,0,0,0,0,0},
  {0,0,0,0,0,0},
  {0,0,0,0,0,0},
  {0,0,0,0,0,0},
  {0,0,0,0,0,0},
  {0,0,0,0,0,0},
  {0,0,0,0,0,0},
  {0,0,0,0,0,0},
  {0,0,0,0,0,0},
  {0,0,0,0,0,0},
  {0,0,0,0,0,0},
  {0,0,0,0,0,0},
  {0,0,0,0,0,0},
  {0,0,0,0,0,0},
  {0,0,0,0,0,0},
  {0,0,0,0,0,0},
  {0,0,0,0,0,0},
  {0,0,0,0,0,0},
  {0,0,0,0,0,0},
  {0,0,0,0,0,0},
  {0,0,0,0,0,0},
  {0,0,0,0,0,0},
  {0,0,0,0,0,0},
  {0,0,0,0,0,0},
  {0,0,0,0,0,0},
  {0,0,0,0,0,0},
  {0,0,0,0,0,0},
  {0,0,0,0,0,0},
  {0,0,0,0,0,0},
  {0,0,0,0,0,0},
  {0,0,0,0,0,0},
  {0,0,0,0,0,0},
  {0,0,0,0,0,0},
  {0,0,0,0,0,0},
  {0,0,0,0,0,0},
  {0,0,0,0,0,0},
  {0,0,0,0,0,0},
  {0,0,0,0,0,0},
  {0,0,0,0,0,0},
  {0,0,0,0,0,0},
  {0,0,0,0,0,0},
  {0,0,0,0,0,0},
  {0,0,0,0,0,0},
  {0,0,0,0,0,0},
  {0,0,0,0,0,0},
  {0,0,0,0,0,0},
  {0,0,0,0,0,0},
  {0,0,0,0,0,0},
  {0,0,0,0,0,0},
  {0,0,0,0,0,0},
  {0,0,0,0,0,0},
  {0,0,0,0,0,0},
  {0,0,0,0,0,0},
  {0,0,0,0,0,0},
  {0,0,0,0,0,0},
  {0,0,0,0,0,0},
  {0,0,0,0,0,0},
  {0,0,0,0,0,0},
  {0,0,0,0,0,0},
  {0,0,0,0,0,0},
  {0,0,0,0,0,0},
  {0,0,0,0,0,0},
  {0,0,0,0,0,0},
  {0,0,0,0,0,0},
  {0,0,0,0,0,0},
  {0,0,0,0,0,0},
  {0,0,0,0,0,0},
  {0,0,0,0,0,0},
  {0,0,0,0,0,0},
  {0,0,0,0,0,0},
  {0,0,0,0,0,0},
  {0,0,0,0,0,0},
  {0,0,0,0,0,0},
  {0,0,0,0,0,0},
  {0,0,0,0,0,0},
  {0,0,0,0,0,0},
  {0,0,0,0,0,0},
  {0,0,0,0,0,0},
  {0,0,0,0,0,0},
  {0,0,0,0,0,0},
  {0,0,0,0,0,0},
  {0,0,0,0,0,0},
  {0,0,0,0,0,0},
  {0,0,0,0,0,0},
  {0,0,0,0,0,0},
  {0,0,0,0,0,0},
  {0,0,0,0,0,0},
  {0,0,0,0,0,0},
  {0,0,0,0,0,0},
  {0,0,0,0,0,0},
  {0,0,0,0,0,0},
  {0,0,0,0,0,0},
  {0,0,0,0,0,0},
  {0,0,0,0,0,0},
  {0,0,0,0,0,0},
  {0,0,0,0,0,0},
  {0,0,0,0,0,0},
  {0,0,0,0,0,0},
  {0,0,0,0,0,0},
  {0,0,0,0,0,0},
  {0,0,0,0,0,0},
  {0,0,0,0,0,0},
  {0,0,0,0,0,0},
  {0,0,0,0,0,0},
  {0,0,0,0,0,0},
  {0,0,0,0,0,0},
  {0,0,0,0,0,0},
  {0,0,0,0,0,0},
  {0,0,0,0,0,0},
  {0,0,0,0,0,0},
  {0,0,0,0,0,0},
  {0,0,0,0,0,0},
  {0,0,0,0,0,0},
  {0,0,0,0,0,0},
  {0,0,0,0,0,0},
  {0,0,0,0,0,0},
  {0,0,0,0,0,0},
  {0,0,0,0,0,0},
  {0,0,0,0,0,0},
  {0,0,0,0,0,0},
  {0,0,0,0,0,0},
  {0,0,0,0,0,0},
  {0,0,0,0,0,0},
  {0,0,0,0,0,0},
  {0,0,0,0,0,0},
  {0,0,0,0,0,0},
  {0,0,0,0,0,0},
  {0,0,0,0,0,0},
  {0,0,0,0,0,0},
  {0,0,0,0,0,0},
  {0,0,0,0,0,0},
  {0,0,0,0,0,0},
  {0,0,0,0,0,0},
  {0,0,0,0,0,0},
  {0,0,0,0,0,0},
  {0,0,0,0,0,0},
  {0,0,0,0,0,0},
  {0,0,0,0,0,0},
  {0,0,0,0,0,0},
  {0,0,0,0,0,0},
  {0,0,0,0,0,0},
  {0,0,0,0,0,0},
  {0,0,0,0,0,0},
  {0,0,0,0,0,0},
  {0,0,0,0,0,0},
  {0,0,0,0,0,0},
  {0,0,0,0,0,0},
  {0,0,0,0,0,0},
  {0,0,0,0,0,0},
  {0,0,0,0,0,0},
  {0,0,0,0,0,0},
  {0,0,0,0,0,0},
  {0,0,0,0,0,0},
  {0,0,0,0,0,0},
  {0,0,0,0,0,0},
  {0,0,0,0,0,0},
  {0,0,0,0,0,0},
  {0,0,0,0,0,0},
  {0,0,0,0,0,0},
  {0,0,0,0,0,0},
  {0,0,0,0,0,0},
  {0,0,0,0,0,0},
  {0,0,0,0,0,0},
  {0,0,0,0,0,0},
  {0,0,0,0,0,0},
  {0,0,0,0,0,0},
  {0,0,0,0,0,0},
  {0,0,0,0,0,0},
  {0,0,0,0,0,0},
  {0,0,0,0,0,0},
  {0,0,0,0,0,0},
  {0,0,0,0,0,0},
  {0,0,0,0,0,0},
  {0,0,0,0,0,0},
  {0,0,0,0,0,0},
  {0,0,0,0,0,0},
  {0,0,0,0,0,0},
  {0,0,0,0,0,0},
  {0,0,0,0,0,0},
  {0,0,0,0,0,0},
  {0,0,0,0,0,0},
  {0,0,0,0,0,0},
  {0,0,0,0,0,0},
  {0,0,0,0,0,0},
  {0,0,0,0,0,0},
  {0,0,0,0,0,0},
  {0,0,0,0,0,0},
  {0,0,0,0,0,0},
  {0,0,0,0,0,0},
  {0,0,0,0,0,0},
  {0,0,0,0,0,0},
  {0,0,0,0,0,0},
  {0,0,0,0,0,0},
  {0,0,0,0,0,0},
  {0,0,0,0,0,0},
  {0,0,0,0,0,0},
  {0,0,0,0,0,0},
  {0,0,0,0,0,0},
  {0,0,0,0,0,0},
  {0,0,0,0,0,0},
  {0,0,0,0,0,0},
  {0,0,0,0,0,0},
  {0,0,0,0,0,0},
  {0,0,0,0,0,0},
  {0,0,0,0,0,0},
  {0,0,0,0,0,0},
  {0,0,0,0,0,0},
  {0,0,0,0,0,0},
  {0,0,0,0,0,0},
  {0,0,0,0,0,0},
  {0,0,0,0,0,0},
  {0,0,0,0,0,0},
  {0,0,0,0,0,0},
  {0,0,0,0,0,0},
  {0,0,0,0,0,0},
  {0,0,0,0,0,0},
  {0,0,0,0,0,0},
  {0,0,0,0,0,0},
  {0,0,0,0,0,0},
  {0,0,0,0,0,0},
  {0,0,0,0,0,0},
  {0,0,0,0,0,0},
  {0,0,0,0,0,0},
  {0,0,0,0,0,0},
  {0,0,0,0,0,0},
  {0,0,0,0,0,0},
  {0,0,0,0,0,0},
  {0,0,0,0,0,0},
  {0,0,0,0,0,0},
  {0,0,0,0,0,0},
  {0,0,0,0,0,0},
  {0,0,0,0,0,0},
  {0,0,0,0,0,0},
  {0,0,0,0,0,0},
  {0,0,0,0,0,0},
  {0,0,0,0,0,0},
  {0,0,0,0,0,0},
  {0,0,0,0,0,0},
  {0,0,0,0,0,0},
  {0,0,0,0,0,0},
  {0,0,0,0,0,0},
  {0,0,0,0,0,0},
  {0,0,0,0,0,0},
  {0,0,0,0,0,0},
  {0,0,0,0,0,0},
  {0,0,0,0,0,0},
  {0,0,0,0,0,0},
  {0,0,0,0,0,0},
  {0,0,0,0,0,0},
  {0,0,0,0,0,0},
  {0,0,0,0,0,0},
  {0,0,0,0,0,0},
  {0,0,0,0,0,0},
  {0,0,0,0,0,0},
  {0,0,0,0,0,0},
  {0,0,0,0,0,0},
  {0,0,0,0,0,0},
  {0,0,0,0,0,0},
  {0,0,0,0,0,0},
  {0,0,0,0,0,0},
  {0,0,0,0,0,0},
  {0,0,0,0,0,0},
  {0,0,0,0,0,0},
  {0,0,0,0,0,0},
  {0,0,0,0,0,0},
  {0,0,0,0,0,0},
  {0,0,0,0,0,0},
  {0,0,0,0,0,0},
  {0,0,0,0,0,0},
  {0,0,0,0,0,0},
  {0,0,0,0,0,0},
  {0,0,0,0,0,0},
  {0,0,0,0,0,0},
  {0,0,0,0,0,0},
  {0,0,0,0,0,0},
  {0,0,0,0,0,0},
  {0,0,0,0,0,0},
  {0,0,0,0,0,0},
  {0,0,0,0,0,0},
  {0,0,0,0,0,0},
  {0,0,0,0,0,0},
  {0,0,0,0,0,0},
  {0,0,0,0,0,0},
  {0,0,0,0,0,0},
  {0,0,0,0,0,0},
  {0,0,0,0,0,0},
  {0,0,0,0,0,0},
  {0,0,0,0,0,0},
  {0,0,0,0,0,0},
  {0,0,0,0,0,0},
  {0,0,0,0,0,0},
  {0,0,0,0,0,0},
  {0,0,0,0,0,0},
  {0,0,0,0,0,0},
  {0,0,0,0,0,0},
  {0,0,0,0,0,0},
  {0,0,0,0,0,0},
  {0,0,0,0,0,0},
  {0,0,0,0,0,0},
  {0,0,0,0,0,0},
  {0,0,0,0,0,0},
  {0,0,0,0,0,0},
  {0,0,0,0,0,0},
  {0,0,0,0,0,0},
  {0,0,0,0,0,0},
  {0,0,0,0,0,0},
  {0,0,0,0,0,0},
  {0,0,0,0,0,0},
  {0,0,0,0,0,0},
  {0,0,0,0,0,0},
  {0,0,0,0,0,0},
  {0,0,0,0,0,0},
  {0,0,0,0,0,0},
  {0,0,0,0,0,0},
  {0,0,0,0,0,0},
  {0,0,0,0,0,0},
  {0,0,0,0,0,0},
  {0,0,0,0,0,0},
  {0,0,0,0,0,0},
  {0,0,0,0,0,0},
  {0,0,0,0,0,0},
  {0,0,0,0,0,0},
  {0,0,0,0,0,0},
  {0,0,0,0,0,0},
  {0,0,0,0,0,0},
  {0,0,0,0,0,0},
  {0,0,0,0,0,0},
  {0,0,0,0,0,0},
  {0,0,0,0,0,0},
  {0,0,0,0,0,0},
  {0,0,0,0,0,0},
  {0,0,0,0,0,0},
  {0,0,0,0,0,0},
  {0,0,0,0,0,0},
  {0,0,0,0,0,0},
  {0,0,0,0,0,0},
  {0,0,0,0,0,0},
  {0,0,0,0,0,0},
  {0,0,0,0,0,0},
  {0,0,0,0,0,0},
  {0,0,0,0,0,0},
  {0,0,0,0,0,0},
  {0,0,0,0,0,0},
  {0,0,0,0,0,0},
  {0,0,0,0,0,0},
  {0,0,0,0,0,0},
  {0,0,0,0,0,0},
  {0,0,0,0,0,0},
  {0,0,0,0,0,0},
  {0,0,0,0,0,0},
  {0,0,0,0,0,0},
  {0,0,0,0,0,0},
  {0,0,0,0,0,0},
  {0,0,0,0,0,0},
  {0,0,0,0,0,0},
  {0,0,0,0,0,0},
  {0,0,0,0,0,0},
  {0,0,0,0,0,0},
  {0,0,0,0,0,0},
  {0,0,0,0,0,0},
  {0,0,0,0,0,0},
  {0,0,0,0,0,0},
  {0,0,0,0,0,0},
  {0,0,0,0,0,0},
  {0,0,0,0,0,0},
  {0,0,0,0,0,0},
  {0,0,0,0,0,0},
  {0,0,0,0,0,0},
  {0,0,0,0,0,0},
  {0,0,0,0,0,0},
  {0,0,0,0,0,0},
  {0,0,0,0,0,0},
  {0,0,0,0,0,0},
  {0,0,0,0,0,0},
  {0,0,0,0,0,0},
  {0,0,0,0,0,0},
  {0,0,0,0,0,0},
  {0,0,0,0,0,0},
  {0,0,0,0,0,0},
  {0,0,0,0,0,0},
  {0,0,0,0,0,0},
  {0,0,0,0,0,0},
  {0,0,0,0,0,0},
  {0,0,0,0,0,0},
  {0,0,0,0,0,0},
  {0,0,0,0,0,0},
  {0,0,0,0,0,0},
  {0,0,0,0,0,0},
  {0,0,0,0,0,0},
  {0,0,0,0,0,0},
  {0,0,0,0,0,0},
  {0,0,0,0,0,0},
  {0,0,0,0,0,0},
  {0,0,0,0,0,0},
  {0,0,0,0,0,0},
  {0,0,0,0,0,0},
  {0,0,0,0,0,0},
  {0,0,0,0,0,0},
  {0,0,0,0,0,0},
  {0,0,0,0,0,0},
  {0,0,0,0,0,0},
  {0,0,0,0,0,0},
  {0,0,0,0,0,0},
  {0,0,0,0,0,0},
  {0,0,0,0,0,0},
  {0,0,0,0,0,0},
  {0,0,0,0,0,0},
  {0,0,0,0,0,0},
  {0,0,0,0,0,0},
  {0,0,0,0,0,0},
  {0,0,0,0,0,0},
  {0,0,0,0,0,0},
  {0,0,0,0,0,0},
  {0,0,0,0,0,0},
  {0,0,0,0,0,0},
  {0,0,0,0,0,0},
  {0,0,0,0,0,0},
  {0,0,0,0,0,0},
  {0,0,0,0,0,0},
  {0,0,0,0,0,0},
  {0,0,0,0,0,0},
  {0,0,0,0,0,0},
  {0,0,0,0,0,0},
  {0,0,0,0,0,0},
  {0,0,0,0,0,0},
  {0,0,0,0,0,0},
  {0,0,0,0,0,0},
  {0,0,0,0,0,0},
  {0,0,0,0,0,0},
  {0,0,0,0,0,0},
  {0,0,0,0,0,0},
  {0,0,0,0,0,0},
  {0,0,0,0,0,0},
  {0,0,0,0,0,0},
  {0,0,0,0,0,0},
  {0,0,0,0,0,0},
  {0,0,0,0,0,0},
  {0,0,0,0,0,0},
  {0,0,0,0,0,0},
  {0,0,0,0,0,0},
  {0,0,0,0,0,0},
  {0,0,0,0,0,0},
  {0,0,0,0,0,0},
  {0,0,0,0,0,0},
  {0,0,0,0,0,0},
  {0,0,0,0,0,0},
  {0,0,0,0,0,0},
  {0,0,0,0,0,0},
  {0,0,0,0,0,0},
  {0,0,0,0,0,0},
  {0,0,0,0,0,0},
  {0,0,0,0,0,0},
  {0,0,0,0,0,0},
  {0,0,0,0,0,0},
  {0,0,0,0,0,0},
  {0,0,0,0,0,0},
  {0,0,0,0,0,0},
  {0,0,0,0,0,0},
  {0,0,0,0,0,0},
  {0,0,0,0,0,0},
  {0,0,0,0,0,0},
  {0,0,0,0,0,0},
  {0,0,0,0,0,0},
  {0,0,0,0,0,0},
  {0,0,0,0,0,0},
  {0,0,0,0,0,0},
  {0,0,0,0,0,0},
  {0,0,0,0,0,0},
  {0,0,0,0,0,0},
  {0,0,0,0,0,0},
  {0,0,0,0,0,0},
  {0,0,0,0,0,0},
  {0,0,0,0,0,0},
  {0,0,0,0,0,0},
  {0,0,0,0,0,0},
  {0,0,0,0,0,0},
  {0,0,0,0,0,0},
  {0,0,0,0,0,0},
  {0,0,0,0,0,0},
  {0,0,0,0,0,0},
  {0,0,0,0,0,0},
  {0,0,0,0,0,0},
  {0,0,0,0,0,0},
  {0,0,0,0,0,0},
  {0,0,0,0,0,0},
  {0,0,0,0,0,0},
  {0,0,0,0,0,0},
  {0,0,0,0,0,0},
  {0,0,0,0,0,0},
  {0,0,0,0,0,0},
  {0,0,0,0,0,0},
  {0,0,0,0,0,0},
  {0,0,0,0,0,0},
  {0,0,0,0,0,0},
  {0,0,0,0,0,0},
  {0,0,0,0,0,0},
  {0,0,0,0,0,0},
  {0,0,0,0,0,0},
  {0,0,0,0,0,0},
  {0,0,0,0,0,0},
  {0,0,0,0,0,0},
  {0,0,0,0,0,0},
  {0,0,0,0,0,0},
  {0,0,0,0,0,0},
  {0,0,0,0,0,0},
  {0,0,0,0,0,0},
  {0,0,0,0,0,0},
  {0,0,0,0,0,0},
  {0,0,0,0,0,0},
  {0,0,0,0,0,0},
  {0,0,0,0,0,0},
  {0,0,0,0,0,0},
  {0,0,0,0,0,0},
  {0,0,0,0,0,0},
  {0,0,0,0,0,0},
  {0,0,0,0,0,0},
  {0,0,0,0,0,0},
  {0,0,0,0,0,0},
  {0,0,0,0,0,0},
  {0,0,0,0,0,0},
  {0,0,0,0,0,0},
  {0,0,0,0,0,0},
  {0,0,0,0,0,0},
  {0,0,0,0,0,0},
  {0,0,0,0,0,0},
  {0,0,0,0,0,0},
  {0,0,0,0,0,0},
  {0,0,0,0,0,0},
  {0,0,0,0,0,0},
  {0,0,0,0,0,0},
  {0,0,0,0,0,0},
  {0,0,0,0,0,0},
  {0,0,0,0,0,0},
  {0,0,0,0,0,0},
  {0,0,0,0,0,0},
  {0,0,0,0,0,0},
  {0,0,0,0,0,0},
  {0,0,0,0,0,0},
  {0,0,0,0,0,0},
  {0,0,0,0,0,0},
  {0,0,0,0,0,0},
  {0,0,0,0,0,0},
  {0,0,0,0,0,0},
  {0,0,0,0,0,0},
  {0,0,0,0,0,0},
  {0,0,0,0,0,0},
  {0,0,0,0,0,0},
  {0,0,0,0,0,0},
  {0,0,0,0,0,0},
  {0,0,0,0,0,0},
  {0,0,0,0,0,0},
  {0,0,0,0,0,0},
  {0,0,0,0,0,0},
  {0,0,0,0,0,0},
  {0,0,0,0,0,0},
  {0,0,0,0,0,0},
  {0,0,0,0,0,0},
  {0,0,0,0,0,0},
  {0,0,0,0,0,0},
  {0,0,0,0,0,0},
  {0,0,0,0,0,0},
  {0,0,0,0,0,0},
  {0,0,0,0,0,0},
  {0,0,0,0,0,0},
  {0,0,0,0,0,0},
  {0,0,0,0,0,0},
  {0,0,0,0,0,0},
  {0,0,0,0,0,0},
  {0,0,0,0,0,0},
  {0,0,0,0,0,0},
  {0,0,0,0,0,0},
  {0,0,0,0,0,0},
  {0,0,0,0,0,0},
  {0,0,0,0,0,0},
  {0,0,0,0,0,0},
  {0,0,0,0,0,0},
  {0,0,0,0,0,0},
  {0,0,0,0,0,0},
  {0,0,0,0,0,0},
  {0,0,0,0,0,0},
  {0,0,0,0,0,0},
  {0,0,0,0,0,0},
  {0,0,0,0,0,0},
  {0,0,0,0,0,0},
  {0,0,0,0,0,0},
  {0,0,0,0,0,0},
  {0,0,0,0,0,0},
  {0,0,0,0,0,0},
  {0,0,0,0,0,0},
  {0,0,0,0,0,0},
  {0,0,0,0,0,0},
  {0,0,0,0,0,0},
  {0,0,0,0,0,0},
  {0,0,0,0,0,0},
  {0,0,0,0,0,0},
  {0,0,0,0,0,0},
  {0,0,0,0,0,0},
  {0,0,0,0,0,0},
  {0,0,0,0,0,0},
  {0,0,0,0,0,0},
  {0,0,0,0,0,0},
  {0,0,0,0,0,0},
  {0,0,0,0,0,0},
  {0,0,0,0,0,0},
  {0,0,0,0,0,0},
  {0,0,0,0,0,0},
  {0,0,0,0,0,0},
  {0,0,0,0,0,0},
  {0,0,0,0,0,0},
  {0,0,0,0,0,0},
  {0,0,0,0,0,0},
  {0,0,0,0,0,0},
  {0,0,0,0,0,0},
  {0,0,0,0,0,0},
  {0,0,0,0,0,0},
  {0,0,0,0,0,0},
  {0,0,0,0,0,0},
  {0,0,0,0,0,0},
  {0,0,0,0,0,0},
  {0,0,0,0,0,0},
  {0,0,0,0,0,0},
  {0,0,0,0,0,0},
  {0,0,0,0,0,0},
  {0,0,0,0,0,0},
  {0,0,0,0,0,0},
  {0,0,0,0,0,0},
  {0,0,0,0,0,0},
  {0,0,0,0,0,0},
  {0,0,0,0,0,0},
  {0,0,0,0,0,0},
  {0,0,0,0,0,0},
  {0,0,0,0,0,0},
  {0,0,0,0,0,0},
  {0,0,0,0,0,0},
  {0,0,0,0,0,0},
  {0,0,0,0,0,0},
  {0,0,0,0,0,0},
  {0,0,0,0,0,0},
  {0,0,0,0,0,0},
  {0,0,0,0,0,0},
  {0,0,0,0,0,0},
  {0,0,0,0,0,0},
  {0,0,0,0,0,0},
  {0,0,0,0,0,0},
  {0,0,0,0,0,0},
  {0,0,0,0,0,0},
  {0,0,0,0,0,0},
  {0,0,0,0,0,0},
  {0,0,0,0,0,0},
  {0,0,0,0,0,0},
  {0,0,0,0,0,0},
  {0,0,0,0,0,0},
  {0,0,0,0,0,0},
  {0,0,0,0,0,0},
  {0,0,0,0,0,0},
  {0,0,0,0,0,0},
  {0,0,0,0,0,0},
  {0,0,0,0,0,0},
  {0,0,0,0,0,0},
  {0,0,0,0,0,0},
  {0,0,0,0,0,0},
  {0,0,0,0,0,0},
  {0,0,0,0,0,0},
  {0,0,0,0,0,0},
  {0,0,0,0,0,0},
  {0,0,0,0,0,0},
  {0,0,0,0,0,0},
  {0,0,0,0,0,0},
  {0,0,0,0,0,0},
  {0,0,0,0,0,0},
  {0,0,0,0,0,0},
  {0,0,0,0,0,0},
  {0,0,0,0,0,0},
  {0,0,0,0,0,0},
  {0,0,0,0,0,0},
  {0,0,0,0,0,0},
  {0,0,0,0,0,0},
  {0,0,0,0,0,0},
  {0,0,0,0,0,0},
  {0,0,0,0,0,0},
  {0,0,0,0,0,0},
  {0,0,0,0,0,0},
  {0,0,0,0,0,0},
  {0,0,0,0,0,0},
  {0,0,0,0,0,0},
  {0,0,0,0,0,0},
  {0,0,0,0,0,0},
  {0,0,0,0,0,0},
  {0,0,0,0,0,0},
  {0,0,0,0,0,0},
  {0,0,0,0,0,0},
  {0,0,0,0,0,0},
  {0,0,0,0,0,0},
  {0,0,0,0,0,0},
  {0,0,0,0,0,0},
  {0,0,0,0,0,0},
  {0,0,0,0,0,0},
  {0,0,0,0,0,0},
  {0,0,0,0,0,0},
  {0,0,0,0,0,0},
  {0,0,0,0,0,0},
  {0,0,0,0,0,0},
  {0,0,0,0,0,0},
  {0,0,0,0,0,0},
  {0,0,0,0,0,0},
  {0,0,0,0,0,0},
  {0,0,0,0,0,0},
  {0,0,0,0,0,0},
  {0,0,0,0,0,0},
  {0,0,0,0,0,0},
  {0,0,0,0,0,0},
  {0,0,0,0,0,0},
  {0,0,0,0,0,0},
  {0,0,0,0,0,0},
  {0,0,0,0,0,0},
  {0,0,0,0,0,0},
  {0,0,0,0,0,0},
  {0,0,0,0,0,0},
  {0,0,0,0,0,0},
  {0,0,0,0,0,0},
  {0,0,0,0,0,0},
  {0,0,0,0,0,0},
  {0,0,0,0,0,0},
  {0,0,0,0,0,0},
  {0,0,0,0,0,0},
  {0,0,0,0,0,0},
  {0,0,0,0,0,0},
  {0,0,0,0,0,0},
  {0,0,0,0,0,0},
  {0,0,0,0,0,0},
  {0,0,0,0,0,0},
  {0,0,0,0,0,0},
  {0,0,0,0,0,0},
  {0,0,0,0,0,0},
  {0,0,0,0,0,0},
  {0,0,0,0,0,0},
  {0,0,0,0,0,0},
  {0,0,0,0,0,0},
  {0,0,0,0,0,0},
  {0,0,0,0,0,0},
  {0,0,0,0,0,0},
  {0,0,0,0,0,0},
  {0,0,0,0,0,0},
  {0,0,0,0,0,0},
  {0,0,0,0,0,0},
  {0,0,0,0,0,0},
  {0,0,0,0,0,0},
  {0,0,0,0,0,0},
  {0,0,0,0,0,0},
  {0,0,0,0,0,0},
  {0,0,0,0,0,0},
  {0,0,0,0,0,0},
  {0,0,0,0,0,0},
  {0,0,0,0,0,0},
  {0,0,0,0,0,0},
  {0,0,0,0,0,0},
  {0,0,0,0,0,0},
  {0,0,0,0,0,0},
  {0,0,0,0,0,0},
  {0,0,0,0,0,0},
  {0,0,0,0,0,0},
  {0,0,0,0,0,0},
  {0,0,0,0,0,0},
  {0,0,0,0,0,0},
  {0,0,0,0,0,0},
  {0,0,0,0,0,0},
  {0,0,0,0,0,0},
  {0,0,0,0,0,0},
  {0,0,0,0,0,0},
  {0,0,0,0,0,0},
  {0,0,0,0,0,0},
  {0,0,0,0,0,0},
  {0,0,0,0,0,0},
  {0,0,0,0,0,0},
  {0,0,0,0,0,0},
  {0,0,0,0,0,0},
  {0,0,0,0,0,0},
  {0,0,0,0,0,0},
  {0,0,0,0,0,0},
  {0,0,0,0,0,0},
  {0,0,0,0,0,0},
  {0,0,0,0,0,0},
  {0,0,0,0,0,0},
  {0,0,0,0,0,0},
  {0,0,0,0,0,0},
  {0,0,0,0,0,0},
  {0,0,0,0,0,0},
  {0,0,0,0,0,0},
  {0,0,0,0,0,0},
  {0,0,0,0,0,0},
  {0,0,0,0,0,0},
  {0,0,0,0,0,0},
  {0,0,0,0,0,0},
  {0,0,0,0,0,0},
  {0,0,0,0,0,0},
  {0,0,0,0,0,0},
  {0,0,0,0,0,0},
  {0,0,0,0,0,0},
  {0,0,0,0,0,0},
  {0,0,0,0,0,0},
  {0,0,0,0,0,0},
  {0,0,0,0,0,0},
  {0,0,0,0,0,0},
  {0,0,0,0,0,0},
  {0,0,0,0,0,0},
  {0,0,0,0,0,0},
  {0,0,0,0,0,0},
  {0,0,0,0,0,0},
  {0,0,0,0,0,0},
  {0,0,0,0,0,0},
  {0,0,0,0,0,0},
  {0,0,0,0,0,0},
  {0,0,0,0,0,0},
  {0,0,0,0,0,0},
  {19993,46,65,51,1,-65},
  {20367,46,63,51,1,-63},
  {20730,54,67,61,1,-50},
  {21183,43,65,48,1,-65},
  {21533,43,52,52,4,-51},
  {21813,35,52,42,4,-51},
  {22041,25,50,30,2,-50},
  {22198,25,63,30,2,-63},
  {22395,33,51,38,3,-50},
  {22606,73,51,76,0,-50},
  {23072,72,50,76,1,-50},
  {23522,59,50,61,-1,-50},
  {23891,54,65,55,1,-65},
  {24330,57,65,59,1,-65},
  {24794,52,66,56,2,-65},
  {25223,57,65,59,1,-50},
  {25687,53,51,55,1,-51},
  {26025,45,50,50,1,-50},
  {26307,48,50,51,1,-50},
  {26607,43,50,48,1,-50},
  {26876,51,66,52,0,-50},
  {27297,46,50,51,1,-50},
  {27585,75,50,75,0,-50},
  {28054,35,52,40,3,-51},
  {28282,57,50,59,1,-50},
  {28639,57,65,59,1,-65},
  {29103,54,50,55,1,-50},
  {29441,55,51,57,0,-50},
  {29792,69,50,72,1,-50},
  {30224,57,50,59,1,-50},
  {30581,51,52,59,4,-51},
  {30913,57,50,59,1,-50},
  {31270,43,50,46,1,-50},
  {31539,45,52,55,4,-51},
  {31832,49,50,51,1,-50},
  {32139,52,51,56,2,-50},
  {32471,59,50,65,3,-50},
  {32840,53,50,55,1,-50},
  {33172,57,66,59,1,-50},
  {33643,54,50,56,1,-50},
  {33981,81,50,83,1,-50},
  {34488,81,66,83,1,-50},
  {35157,54,50,58,1,-50},
  {35495,72,50,75,1,-50},
  {35945,46,50,50,1,-50},
  {36233,43,52,52,5,-51},
  {36513,81,52,86,1,-51},
  {37040,54,50,55,0,-50},
  {37378,35,37,38,2,-36},
  {37540,32,55,38,3,-54},
  {37760,37,35,41,2,-35},
  {37922,31,35,35,2,-35},
  {38058,37,48,38,1,-35},
  {38280,29,37,34,3,-36},
  {38415,55,35,55,0,-35},
  {38656,28,37,31,1,-36},
  {38786,40,35,44,2,-35},
  {38961,40,53,44,2,-53},
  {39226,42,35,44,2,-35},
  {39410,40,36,43,1,-35},
  {39590,47,35,52,2,-35},
  {39796,40,35,44,2,-35},
  {39971,32,37,38,3,-36},
  {40119,40,35,44,2,-35},
  {40294,38,52,42,1,-36},
  {40541,29,37,34,3,-36},
  {40676,35,35,37,1,-35},
  {40830,36,52,38,1,-35},
  {41064,47,69,53,3,-53},
  {41470,38,35,38,0,-35},
  {41637,41,48,44,2,-35},
  {41883,40,35,43,1,-35},
  {42058,60,35,64,2,-35},
  {42321,62,48,64,2,-35},
  {42693,42,35,44,0,-35},
  {42877,55,35,59,2,-35},
  {43118,36,35,40,2,-35},
  {43276,28,37,33,2,-36},
  {43406,53,37,58,2,-36},
  {43652,38,35,41,1,-35},
  {43819,29,54,34,3,-53},
  {44015,29,52,34,3,-51},
  {44204,36,69,41,0,-53},
  {44515,31,53,35,2,-53},
  {44721,29,37,33,3,-36},
  {44856,26,37,30,2,-36},
  {44977,18,52,21,2,-52},
  {45094,22,51,21,0,-51},
  {45235,22,68,25,-1,-52},
  {45422,56,36,59,1,-35},
  {45674,57,35,61,2,-35},
  {45924,41,53,42,0,-53},
  {46196,42,53,44,2,-53},
  {46475,40,53,44,2,-53},
  {46740,36,70,38,1,-53},
  {47055,40,48,44,2,-35},
};
static const lgfx::GFXfont LibSerif50((uint8_t *)LibSerif50_bitmap, (lgfx::GFXglyph *)LibSerif50_glyphs, 0x20, 0x45F, 85);
