// Liberation Sans Bold, cap height 50px, U+0020..U+045F (ASCII + Cyrillic)
#pragma once

static const uint8_t LibSans50_bitmap[] PROGMEM = {
  0xFF,0xFF,0xFF,0xFF,0xFF,0xFF,0xFF,0xFF,0xFF,0xFF,0xFF,0xFF,0xFF,0xFF,0xFF,0xFF,0xFF,0xFF,0xFF,0xFF,0xFF,0xFF,0xFF,0xFF,
  0xFF,0xFF,0xFF,0xFF,0xFB,0xFE,0xFF,0x9F,0xE7,0xF9,0xFE,0x7F,0x9F,0xE7,0xF9,0xFE,0x7F,0x9F,0xE7,0xF8,0x00,0x00,0x00,0x00,
  0x00,0x00,0xFF,0xFF,0xFF,0xFF,0xFF,0xFF,0xFF,0xFF,0xFF,0xFF,0xFF,0xFF,0xF0,0xFF,0x81,0xFF,0xFF,0x81,0xFF,0xFF,0x81,0xFF,
  0xFF,0x81,0xFF,0xFF,0x81,0xFF,0xFF,0x81,0xFF,0xFF,0x81,0xFF,0xFF,0x81,0xFF,0xFF,0x81,0xFF,0xFF,0x81,0xFF,0xFF,0x81,0xFF,
  0xFF,0x81,0xFF,0xFF,0x81,0xFF,0xFF,0x81,0xFF,0xFF,0x81,0xFF,0xFF,0x81,0xFF,0x7F,0x80,0xFF,0x7F,0x00,0xFE,0x00,0x07,0xE0,
  0x07,0xE0,0x00,0x1F,0x00,0x1F,0x80,0x00,0x7C,0x00,0x7E,0x00,0x01,0xF0,0x01,0xF0,0x00,0x0F,0xC0,0x07,0xC0,0x00,0x3F,0x00,
  0x3F,0x00,0x00,0xF8,0x00,0xFC,0x00,0x03,0xE0,0x03,0xF0,0x00,0x1F,0x80,0x0F,0x80,0x00,0x7E,0x00,0x3E,0x00,0x01,0xF8,0x01,
  0xF8,0x00,0x07,0xC0,0x07,0xE0,0x00,0x1F,0x00,0x1F,0x80,0x00,0xFC,0x00,0x7C,0x03,0xFF,0xFF,0xFF,0xFF,0xCF,0xFF,0xFF,0xFF,
  0xFF,0x3F,0xFF,0xFF,0xFF,0xFC,0xFF,0xFF,0xFF,0xFF,0xF3,0xFF,0xFF,0xFF,0xFF,0xC0,0x1F,0x80,0x1F,0x80,0x00,0x7E,0x00,0x7E,
  0x00,0x01,0xF0,0x01,0xF8,0x00,0x0F,0xC0,0x07,0xC0,0x00,0x3F,0x00,0x1F,0x00,0x00,0xFC,0x00,0xFC,0x00,0x03,0xE0,0x03,0xF0,
  0x00,0x0F,0x80,0x0F,0x80,0x00,0x7E,0x00,0x3E,0x00,0x01,0xF8,0x01,0xF8,0x00,0x07,0xC0,0x07,0xE0,0x0F,0xFF,0xFF,0xFF,0xFF,
  0x3F,0xFF,0xFF,0xFF,0xFC,0xFF,0xFF,0xFF,0xFF,0xF3,0xFF,0xFF,0xFF,0xFF,0xCF,0xFF,0xFF,0xFF,0xFF,0x01,0xF8,0x00,0xFC,0x00,
  0x07,0xE0,0x03,0xE0,0x00,0x1F,0x80,0x1F,0x80,0x00,0x7C,0x00,0x7E,0x00,0x01,0xF0,0x01,0xF8,0x00,0x07,0xC0,0x07,0xC0,0x00,
  0x3F,0x00,0x1F,0x00,0x00,0xFC,0x00,0xFC,0x00,0x03,0xE0,0x03,0xF0,0x00,0x0F,0x80,0x0F,0xC0,0x00,0x3E,0x00,0x3E,0x00,0x01,
  0xF8,0x00,0xF8,0x00,0x07,0xE0,0x07,0xE0,0x00,0x1F,0x00,0x1F,0x80,0x00,0x00,0x00,0x78,0x00,0x00,0x00,0x01,0xE0,0x00,0x00,
  0x00,0x07,0x80,0x00,0x00,0x00,0x1E,0x00,0x00,0x00,0x00,0x78,0x00,0x00,0x00,0x1F,0xFF,0x00,0x00,0x07,0xFF,0xFF,0x80,0x00,
  0x7F,0xFF,0xFF,0x80,0x07,0xFF,0xFF,0xFF,0x00,0x3F,0xFF,0xFF,0xFE,0x00,0xFF,0xFF,0xFF,0xFC,0x07,0xFF,0xFF,0xFF,0xF8,0x3F,
  0xFC,0x79,0xFF,0xE0,0xFF,0xC1,0xE1,0xFF,0xC3,0xFF,0x07,0x83,0xFF,0x0F,0xF8,0x1E,0x0F,0xFC,0x3F,0xE0,0x78,0x1F,0xF9,0xFF,
  0x81,0xE0,0x7F,0xE3,0xFE,0x07,0x81,0xE0,0x0F,0xF8,0x1E,0x00,0x00,0x3F,0xF0,0x78,0x00,0x00,0xFF,0xE1,0xE0,0x00,0x03,0xFF,
  0xE7,0x80,0x00,0x07,0xFF,0xFE,0x00,0x00,0x1F,0xFF,0xFE,0x00,0x00,0x3F,0xFF,0xFF,0x00,0x00,0x7F,0xFF,0xFF,0x80,0x00,0xFF,
  0xFF,0xFF,0x80,0x01,0xFF,0xFF,0xFF,0x80,0x01,0xFF,0xFF,0xFF,0x00,0x00,0xFF,0xFF,0xFE,0x00,0x00,0x7F,0xFF,0xFC,0x00,0x00,
  0x7F,0xFF,0xF0,0x00,0x01,0xE7,0xFF,0xE0,0x00,0x07,0x83,0xFF,0x80,0x00,0x1E,0x07,0xFF,0x00,0x00,0x78,0x0F,0xFC,0x00,0x01,
  0xE0,0x1F,0xF0,0x38,0x07,0x80,0x7F,0xFF,0xE0,0x1E,0x01,0xFF,0xFF,0xC0,0x78,0x07,0xFF,0xFF,0x01,0xE0,0x3F,0xF7,0xFE,0x07,
  0x80,0xFF,0xDF,0xFC,0x1E,0x07,0xFF,0x3F,0xF8,0x78,0x3F,0xF8,0xFF,0xFD,0xEF,0xFF,0xE1,0xFF,0xFF,0xFF,0xFF,0x07,0xFF,0xFF,
  0xFF,0xF8,0x0F,0xFF,0xFF,0xFF,0xC0,0x1F,0xFF,0xFF,0xFE,0x00,0x1F,0xFF,0xFF,0xF0,0x00,0x1F,0xFF,0xFE,0x00,0x00,0x07,0xFF,
  0xC0,0x00,0x00,0x01,0xE0,0x00,0x00,0x00,0x07,0x80,0x00,0x00,0x00,0x1E,0x00,0x00,0x00,0x00,0x78,0x00,0x00,0x00,0x01,0xE0,
  0x00,0x00,0x00,0x07,0x80,0x00,0x00,0x00,0xFF,0x00,0x00,0x00,0x00,0x00,0x00,0x3F,0xFE,0x00,0x00,0x03,0xFC,0x00,0x0F,0xFF,
  0xF0,0x00,0x00,0x7F,0x80,0x01,0xFF,0xFF,0x80,0x00,0x07,0xF0,0x00,0x3F,0xFF,0xFC,0x00,0x00,0xFF,0x00,0x03,0xFF,0xFF,0xE0,
  0x00,0x0F,0xE0,0x00,0x7F,0xC1,0xFE,0x00,0x01,0xFC,0x00,0x07,0xF8,0x0F,0xE0,0x00,0x3F,0xC0,0x00,0x7F,0x00,0xFF,0x00,0x03,
  0xF8,0x00,0x0F,0xF0,0x0F,0xF0,0x00,0x7F,0x00,0x00,0xFF,0x00,0x7F,0x00,0x0F,0xF0,0x00,0x0F,0xF0,0x07,0xF0,0x00,0xFE,0x00,
  0x00,0xFF,0x00,0x7F,0x80,0x1F,0xC0,0x00,0x0F,0xE0,0x07,0xF8,0x03,0xFC,0x00,0x00,0xFE,0x00,0x7F,0x80,0x3F,0x80,0x00,0x0F,
  0xE0,0x07,0xF8,0x07,0xF8,0x00,0x00,0xFE,0x00,0x7F,0x80,0xFF,0x00,0x00,0x0F,0xE0,0x07,0xF8,0x0F,0xE0,0x00,0x00,0xFF,0x00,
  0x7F,0x81,0xFE,0x00,0x00,0x0F,0xF0,0x07,0xF8,0x3F,0xC0,0x00,0x00,0xFF,0x00,0x7F,0x03,0xF8,0x0F,0xF0,0x0F,0xF0,0x07,0xF0,
  0x7F,0x87,0xFF,0xC0,0xFF,0x00,0xFF,0x07,0xF0,0xFF,0xFF,0x07,0xF0,0x0F,0xF0,0xFE,0x1F,0xFF,0xF8,0x7F,0x80,0xFE,0x1F,0xE3,
  0xFF,0xFF,0x87,0xFC,0x1F,0xE1,0xFC,0x7F,0xFF,0xFC,0x3F,0xFF,0xFC,0x3F,0x87,0xF8,0x3F,0xE1,0xFF,0xFF,0xC7,0xF8,0xFF,0x01,
  0xFE,0x1F,0xFF,0xF8,0x7F,0x0F,0xF0,0x0F,0xE0,0xFF,0xFF,0x0F,0xE0,0xFF,0x00,0xFF,0x03,0xFF,0xE1,0xFE,0x0F,0xE0,0x0F,0xF0,
  0x0F,0xF0,0x1F,0xC1,0xFE,0x00,0xFF,0x00,0x00,0x03,0xF8,0x1F,0xE0,0x0F,0xF0,0x00,0x00,0x7F,0x81,0xFE,0x00,0xFF,0x00,0x00,
  0x07,0xF0,0x1F,0xE0,0x0F,0xF0,0x00,0x00,0xFF,0x01,0xFE,0x00,0xFF,0x00,0x00,0x1F,0xE0,0x1F,0xE0,0x0F,0xF0,0x00,0x01,0xFC,
  0x01,0xFE,0x00,0xFF,0x00,0x00,0x3F,0xC0,0x1F,0xE0,0x0F,0xF0,0x00,0x03,0xF8,0x01,0xFE,0x00,0xFF,0x00,0x00,0x7F,0x00,0x0F,
  0xE0,0x0F,0xF0,0x00,0x0F,0xF0,0x00,0xFE,0x00,0xFF,0x00,0x00,0xFE,0x00,0x0F,0xF0,0x0F,0xE0,0x00,0x1F,0xC0,0x00,0xFF,0x00,
  0xFE,0x00,0x03,0xFC,0x00,0x07,0xF0,0x1F,0xE0,0x00,0x3F,0x80,0x00,0x7F,0x83,0xFC,0x00,0x07,0xF0,0x00,0x07,0xFF,0xFF,0xC0,
  0x00,0xFF,0x00,0x00,0x3F,0xFF,0xF8,0x00,0x0F,0xE0,0x00,0x01,0xFF,0xFF,0x80,0x01,0xFC,0x00,0x00,0x0F,0xFF,0xE0,0x00,0x3F,
  0xC0,0x00,0x00,0x7F,0xFC,0x00,0x00,0x00,0x00,0x00,0x00,0xFF,0x00,0x00,0x00,0x3F,0xE0,0x00,0x00,0x00,0x03,0xFF,0xF8,0x00,
  0x00,0x00,0x0F,0xFF,0xFC,0x00,0x00,0x00,0x7F,0xFF,0xFC,0x00,0x00,0x00,0xFF,0xFF,0xFC,0x00,0x00,0x03,0xFF,0xFF,0xF8,0x00,
  0x00,0x0F,0xFC,0x1F,0xF8,0x00,0x00,0x1F,0xF0,0x1F,0xF0,0x00,0x00,0x3F,0xC0,0x1F,0xE0,0x00,0x00,0x7F,0x80,0x3F,0xC0,0x00,
  0x01,0xFE,0x00,0x7F,0xC0,0x00,0x03,0xFC,0x00,0xFF,0x00,0x00,0x07,0xF8,0x01,0xFE,0x00,0x00,0x0F,0xF0,0x03,0xFC,0x00,0x00,
  0x0F,0xE0,0x0F,0xF8,0x00,0x00,0x1F,0xE0,0x3F,0xE0,0x00,0x00,0x3F,0xC0,0xFF,0xC0,0x00,0x00,0x7F,0x87,0xFF,0x00,0x00,0x00,
  0x7F,0xBF,0xFC,0x00,0x00,0x00,0xFF,0xFF,0xF0,0x00,0x00,0x01,0xFF,0xFF,0xC0,0x00,0x00,0x01,0xFF,0xFE,0x00,0x00,0x00,0x07,
  0xFF,0xF0,0x00,0x00,0x00,0x3F,0xFF,0xC0,0x00,0x00,0x00,0xFF,0xFE,0x00,0x08,0x00,0x07,0xFF,0xF8,0x00,0x3E,0x00,0x1F,0xFF,
  0xF8,0x00,0x7F,0x80,0x7F,0xFF,0xF0,0x00,0xFF,0x01,0xFF,0xFF,0xF0,0x03,0xFE,0x07,0xFF,0xBF,0xF0,0x07,0xF8,0x0F,0xFE,0x3F,
  0xE0,0x0F,0xF0,0x3F,0xF0,0x3F,0xE0,0x3F,0xE0,0x7F,0xE0,0x7F,0xE0,0x7F,0x80,0xFF,0x80,0x7F,0xC1,0xFF,0x03,0xFF,0x00,0x7F,
  0xC3,0xFC,0x07,0xFC,0x00,0xFF,0xCF,0xF8,0x0F,0xF8,0x00,0xFF,0xFF,0xE0,0x1F,0xF0,0x00,0xFF,0xFF,0xC0,0x3F,0xE0,0x01,0xFF,
  0xFF,0x00,0x7F,0xC0,0x01,0xFF,0xFE,0x00,0xFF,0xC0,0x01,0xFF,0xF8,0x00,0xFF,0x80,0x01,0xFF,0xF0,0x01,0xFF,0x80,0x03,0xFF,
  0xF0,0x03,0xFF,0x80,0x0F,0xFF,0xF0,0x03,0xFF,0xC0,0x7F,0xFF,0xFF,0xE7,0xFF,0xFF,0xFF,0xFF,0xFF,0xC7,0xFF,0xFF,0xFF,0xFF,
  0xFF,0x87,0xFF,0xFF,0xFF,0xFF,0xFF,0x07,0xFF,0xFF,0xF8,0xFF,0xFE,0x07,0xFF,0xFF,0xC0,0x7F,0xFC,0x01,0xFF,0xFE,0x00,0x3F,
  0xF8,0x00,0x7F,0xE0,0x00,0x0F,0xC0,0xFF,0xFF,0xFF,0xFF,0xFF,0xFF,0xFF,0xFF,0xFF,0xFF,0xFF,0xFF,0xFF,0xFF,0xFF,0xFF,0xFE,
  0xFF,0x7F,0xBF,0xC0,0x00,0x3F,0xF0,0x07,0xFE,0x00,0xFF,0xC0,0x0F,0xFC,0x01,0xFF,0x80,0x1F,0xF8,0x03,0xFF,0x00,0x7F,0xE0,
  0x07,0xFE,0x00,0xFF,0xC0,0x0F,0xFC,0x00,0xFF,0xC0,0x1F,0xF8,0x01,0xFF,0x80,0x3F,0xF0,0x03,0xFF,0x00,0x3F,0xF0,0x03,0xFE,
  0x00,0x7F,0xE0,0x07,0xFE,0x00,0x7F,0xE0,0x07,0xFE,0x00,0xFF,0xC0,0x0F,0xFC,0x00,0xFF,0xC0,0x0F,0xFC,0x00,0xFF,0xC0,0x0F,
  0xFC,0x00,0xFF,0xC0,0x0F,0xFC,0x00,0xFF,0x80,0x0F,0xF8,0x00,0xFF,0x80,0x0F,0xF8,0x00,0xFF,0x80,0x0F,0xF8,0x00,0xFF,0x80,
  0x0F,0xFC,0x00,0xFF,0xC0,0x0F,0xFC,0x00,0xFF,0xC0,0x0F,0xFC,0x00,0xFF,0xC0,0x0F,0xFC,0x00,0xFF,0xC0,0x07,0xFE,0x00,0x7F,
  0xE0,0x07,0xFE,0x00,0x7F,0xE0,0x03,0xFE,0x00,0x3F,0xF0,0x03,0xFF,0x00,0x3F,0xF0,0x01,0xFF,0x80,0x1F,0xF8,0x00,0xFF,0xC0,
  0x0F,0xFC,0x00,0xFF,0xE0,0x07,0xFE,0x00,0x7F,0xE0,0x03,0xFF,0x00,0x1F,0xF8,0x01,0xFF,0x80,0x0F,0xFC,0x00,0xFF,0xC0,0x07,
  0xFE,0x00,0x3F,0xF0,0xFF,0xC0,0x07,0xFE,0x00,0x3F,0xF0,0x03,0xFF,0x00,0x1F,0xF8,0x01,0xFF,0x80,0x0F,0xFC,0x00,0x7F,0xE0,
  0x07,0xFE,0x00,0x7F,0xE0,0x03,0xFF,0x00,0x3F,0xF0,0x01,0xFF,0x80,0x1F,0xF8,0x00,0xFF,0xC0,0x0F,0xFC,0x00,0xFF,0xC0,0x0F,
  0xFC,0x00,0x7F,0xE0,0x07,0xFE,0x00,0x7F,0xE0,0x07,0xFE,0x00,0x3F,0xF0,0x03,0xFF,0x00,0x3F,0xF0,0x03,0xFF,0x00,0x3F,0xF0,
  0x03,0xFF,0x00,0x3F,0xF0,0x03,0xFF,0x00,0x3F,0xF0,0x01,0xFF,0x00,0x1F,0xF0,0x01,0xFF,0x00,0x1F,0xF0,0x01,0xFF,0x00,0x3F,
  0xF0,0x03,0xFF,0x00,0x3F,0xF0,0x03,0xFF,0x00,0x3F,0xF0,0x03,0xFF,0x00,0x3F,0xF0,0x03,0xFF,0x00,0x3F,0xF0,0x07,0xFE,0x00,
  0x7F,0xE0,0x07,0xFE,0x00,0x7F,0xE0,0x0F,0xFC,0x00,0xFF,0xC0,0x0F,0xFC,0x00,0xFF,0xC0,0x1F,0xF8,0x01,0xFF,0x80,0x3F,0xF0,
  0x03,0xFF,0x00,0x7F,0xE0,0x07,0xFE,0x00,0xFF,0xE0,0x0F,0xFC,0x01,0xFF,0x80,0x1F,0xF8,0x03,0xFF,0x00,0x3F,0xF0,0x07,0xFE,
  0x00,0xFF,0xC0,0x00,0x00,0x3F,0xC0,0x00,0x03,0xFC,0x00,0x00,0x3F,0xC0,0x00,0x01,0xFC,0x00,0x00,0x1F,0xC0,0x00,0x01,0xFC,
  0x00,0x30,0x1F,0xC0,0xC3,0xC1,0xFC,0x3C,0x3F,0x1F,0x8F,0xC7,0xFF,0xFF,0xFE,0x7F,0xFF,0xFF,0xE7,0xFF,0xFF,0xFF,0xFF,0xFF,
  0xFF,0xF3,0xFF,0xFF,0xFC,0x03,0xFF,0xFC,0x00,0x07,0xFF,0x00,0x00,0xFF,0xF0,0x00,0x1F,0xFF,0x80,0x03,0xFF,0xFC,0x00,0x7F,
  0x9F,0xE0,0x0F,0xF9,0xFF,0x01,0xFF,0x0F,0xF8,0x1F,0xF0,0x7F,0x80,0xFE,0x07,0xF8,0x07,0xC0,0x3E,0x00,0x1C,0x03,0xC0,0x00,
  0x80,0x10,0x00,0x00,0x03,0xFC,0x00,0x00,0x00,0x3F,0xC0,0x00,0x00,0x03,0xFC,0x00,0x00,0x00,0x3F,0xC0,0x00,0x00,0x03,0xFC,
  0x00,0x00,0x00,0x3F,0xC0,0x00,0x00,0x03,0xFC,0x00,0x00,0x00,0x3F,0xC0,0x00,0x00,0x03,0xFC,0x00,0x00,0x00,0x3F,0xC0,0x00,
  0x00,0x03,0xFC,0x00,0x00,0x00,0x3F,0xC0,0x00,0x00,0x03,0xFC,0x00,0x00,0x00,0x3F,0xC0,0x00,0xFF,0xFF,0xFF,0xFF,0xFF,0xFF,
  0xFF,0xFF,0xFF,0xFF,0xFF,0xFF,0xFF,0xFF,0xFF,0xFF,0xFF,0xFF,0xFF,0xFF,0xFF,0xFF,0xFF,0xFF,0xFF,0xFF,0xFF,0xFF,0xFF,0xFF,
  0xFF,0xFF,0xFF,0xFF,0xFF,0xFF,0x00,0x03,0xFC,0x00,0x00,0x00,0x3F,0xC0,0x00,0x00,0x03,0xFC,0x00,0x00,0x00,0x3F,0xC0,0x00,
  0x00,0x03,0xFC,0x00,0x00,0x00,0x3F,0xC0,0x00,0x00,0x03,0xFC,0x00,0x00,0x00,0x3F,0xC0,0x00,0x00,0x03,0xFC,0x00,0x00,0x00,
  0x3F,0xC0,0x00,0x00,0x03,0xFC,0x00,0x00,0x00,0x3F,0xC0,0x00,0x00,0x03,0xFC,0x00,0x00,0x00,0x3F,0xC0,0x00,0xFF,0xFF,0xFF,
  0xFF,0xFF,0xFF,0xFF,0xFF,0xFF,0xFF,0xFF,0xFF,0xFF,0xFC,0x3F,0x0F,0xC3,0xF0,0xFC,0x3E,0x1F,0x87,0xE3,0xF0,0xFC,0x7E,0x3F,
  0x80,0xFF,0xFF,0xFF,0xFF,0xFF,0xFF,0xFF,0xFF,0xFF,0xFF,0xFF,0xFF,0xFF,0xFF,0xFF,0xFF,0xFF,0xFF,0xFF,0xFF,0xC0,0xFF,0xFF,
  0xFF,0xFF,0xFF,0xFF,0xFF,0xFF,0xFF,0xFF,0xFF,0xFF,0xFF,0xFC,0x00,0x3F,0xC0,0x0F,0xF0,0x07,0xFC,0x01,0xFF,0x00,0x7F,0xC0,
  0x1F,0xE0,0x07,0xF8,0x03,0xFE,0x00,0xFF,0x80,0x3F,0xE0,0x0F,0xF0,0x03,0xFC,0x01,0xFF,0x00,0x7F,0xC0,0x1F,0xF0,0x07,0xF8,
  0x01,0xFE,0x00,0xFF,0x80,0x3F,0xE0,0x0F,0xF8,0x03,0xFC,0x00,0xFF,0x00,0x3F,0xC0,0x1F,0xF0,0x07,0xFC,0x01,0xFF,0x00,0x7F,
  0x80,0x1F,0xE0,0x0F,0xF8,0x03,0xFE,0x00,0xFF,0x80,0x3F,0xC0,0x0F,0xF0,0x07,0xFC,0x01,0xFF,0x00,0x7F,0xC0,0x1F,0xE0,0x07,
  0xF8,0x03,0xFE,0x00,0xFF,0x80,0x3F,0xE0,0x0F,0xF0,0x03,0xFC,0x01,0xFF,0x00,0x7F,0xC0,0x1F,0xF0,0x07,0xFC,0x01,0xFE,0x00,
  0xFF,0x80,0x3F,0xE0,0x0F,0xF8,0x03,0xFE,0x00,0xFF,0x00,0x00,0x00,0x0F,0xFC,0x00,0x00,0x1F,0xFF,0xE0,0x00,0x0F,0xFF,0xFC,
  0x00,0x0F,0xFF,0xFF,0xC0,0x07,0xFF,0xFF,0xF8,0x01,0xFF,0xFF,0xFE,0x00,0xFF,0xFF,0xFF,0xC0,0x7F,0xFF,0xFF,0xF8,0x1F,0xFC,
  0x0F,0xFE,0x0F,0xFE,0x01,0xFF,0xC3,0xFF,0x00,0x3F,0xF0,0xFF,0x80,0x0F,0xFC,0x7F,0xE0,0x01,0xFF,0x9F,0xF8,0x00,0x7F,0xE7,
  0xFE,0x00,0x1F,0xF9,0xFF,0x00,0x07,0xFE,0xFF,0xC0,0x00,0xFF,0xBF,0xF0,0x00,0x3F,0xFF,0xFC,0x00,0x0F,0xFF,0xFF,0x00,0x03,
  0xFF,0xFF,0xC0,0x00,0xFF,0xFF,0xF0,0x00,0x3F,0xFF,0xFC,0x00,0x0F,0xFF,0xFF,0x00,0x03,0xFF,0xFF,0xC0,0x00,0xFF,0xFF,0xF0,
  0x00,0x3F,0xFF,0xFC,0x00,0x0F,0xFF,0xFF,0x00,0x03,0xFF,0xFF,0xC0,0x00,0xFF,0xFF,0xF0,0x00,0x3F,0xFF,0xFC,0x00,0x0F,0xFF,
  0xFF,0x00,0x03,0xFF,0xFF,0xC0,0x00,0xFF,0xFF,0xF0,0x00,0x3F,0xFF,0xFC,0x00,0x0F,0xFF,0xFF,0x00,0x03,0xFE,0x7F,0xC0,0x01,
  0xFF,0x9F,0xF8,0x00,0x7F,0xE7,0xFE,0x00,0x1F,0xF9,0xFF,0x80,0x07,0xFC,0x3F,0xE0,0x03,0xFF,0x0F,0xFC,0x00,0xFF,0xC3,0xFF,
  0x80,0x7F,0xE0,0x7F,0xF0,0x3F,0xF8,0x1F,0xFF,0xFF,0xFC,0x03,0xFF,0xFF,0xFF,0x00,0x7F,0xFF,0xFF,0x80,0x0F,0xFF,0xFF,0xC0,
  0x01,0xFF,0xFF,0xE0,0x00,0x3F,0xFF,0xF0,0x00,0x03,0xFF,0xF0,0x00,0x00,0x3F,0xE0,0x00,0x00,0x0F,0xFE,0x00,0x00,0x07,0xFF,
  0x80,0x00,0x07,0xFF,0xE0,0x00,0x03,0xFF,0xF8,0x00,0x03,0xFF,0xFE,0x00,0x01,0xFF,0xFF,0x80,0x01,0xFF,0xFF,0xE0,0x00,0xFF,
  0xFF,0xF8,0x00,0x7F,0xFF,0xFE,0x00,0x1F,0xF9,0xFF,0x80,0x07,0xFC,0x7F,0xE0,0x01,0xFC,0x1F,0xF8,0x00,0x7E,0x07,0xFE,0x00,
  0x1E,0x01,0xFF,0x80,0x06,0x00,0x7F,0xE0,0x01,0x00,0x1F,0xF8,0x00,0x00,0x07,0xFE,0x00,0x00,0x01,0xFF,0x80,0x00,0x00,0x7F,
  0xE0,0x00,0x00,0x1F,0xF8,0x00,0x00,0x07,0xFE,0x00,0x00,0x01,0xFF,0x80,0x00,0x00,0x7F,0xE0,0x00,0x00,0x1F,0xF8,0x00,0x00,
  0x07,0xFE,0x00,0x00,0x01,0xFF,0x80,0x00,0x00,0x7F,0xE0,0x00,0x00,0x1F,0xF8,0x00,0x00,0x07,0xFE,0x00,0x00,0x01,0xFF,0x80,
  0x00,0x00,0x7F,0xE0,0x00,0x00,0x1F,0xF8,0x00,0x00,0x07,0xFE,0x00,0x00,0x01,0xFF,0x80,0x00,0x00,0x7F,0xE0,0x00,0x00,0x1F,
  0xF8,0x00,0x00,0x07,0xFE,0x00,0x00,0x01,0xFF,0x80,0x00,0x00,0x7F,0xE0,0x00,0x00,0x1F,0xF8,0x00,0x00,0x07,0xFE,0x00,0x00,
  0x01,0xFF,0x80,0x00,0x00,0xFF,0xE0,0x03,0xFF,0xFF,0xFF,0xFF,0xFF,0xFF,0xFF,0xFF,0xFF,0xFF,0xFF,0xFF,0xFF,0xFF,0xFF,0xFF,
  0xFF,0xFF,0xFF,0xFF,0xFF,0xFF,0xFF,0xFF,0xFF,0xFF,0xFF,0xFF,0xFF,0xF0,0x00,0x07,0xFE,0x00,0x00,0x07,0xFF,0xF8,0x00,0x03,
  0xFF,0xFF,0xC0,0x01,0xFF,0xFF,0xFE,0x00,0x7F,0xFF,0xFF,0xE0,0x1F,0xFF,0xFF,0xFE,0x03,0xFF,0xFF,0xFF,0xE0,0xFF,0xFF,0xFF,
  0xFC,0x3F,0xFE,0x07,0xFF,0x87,0xFF,0x00,0x3F,0xF8,0xFF,0xC0,0x07,0xFF,0x3F,0xF8,0x00,0x7F,0xE7,0xFF,0x00,0x0F,0xFC,0xFF,
  0xC0,0x01,0xFF,0x9F,0xF8,0x00,0x3F,0xF0,0x00,0x00,0x07,0xFE,0x00,0x00,0x00,0xFF,0xC0,0x00,0x00,0x1F,0xF8,0x00,0x00,0x07,
  0xFF,0x00,0x00,0x00,0xFF,0xE0,0x00,0x00,0x3F,0xF8,0x00,0x00,0x0F,0xFF,0x00,0x00,0x03,0xFF,0xC0,0x00,0x00,0xFF,0xF0,0x00,
  0x00,0x3F,0xFE,0x00,0x00,0x0F,0xFF,0x80,0x00,0x03,0xFF,0xE0,0x00,0x01,0xFF,0xF8,0x00,0x00,0x7F,0xFE,0x00,0x00,0x1F,0xFF,
  0x80,0x00,0x07,0xFF,0xE0,0x00,0x01,0xFF,0xF0,0x00,0x00,0x7F,0xFC,0x00,0x00,0x1F,0xFF,0x00,0x00,0x07,0xFF,0xC0,0x00,0x01,
  0xFF,0xF0,0x00,0x00,0x7F,0xF8,0x00,0x00,0x1F,0xFE,0x00,0x00,0x03,0xFF,0x80,0x00,0x00,0xFF,0xE0,0x00,0x00,0x3F,0xFC,0x00,
  0x00,0x07,0xFF,0x00,0x00,0x01,0xFF,0xE0,0x00,0x00,0x3F,0xFF,0xFF,0xFF,0xFF,0xFF,0xFF,0xFF,0xFF,0xFF,0xFF,0xFF,0xFF,0xFF,
  0xFF,0xFF,0xFF,0xFF,0xFF,0xFF,0xFF,0xFF,0xFF,0xFF,0xFF,0xFF,0xFF,0xFF,0xFF,0xFF,0xFF,0xFF,0xFF,0xFF,0xFF,0x80,0x00,0x07,
  0xFE,0x00,0x00,0x0F,0xFF,0xF8,0x00,0x07,0xFF,0xFF,0xC0,0x01,0xFF,0xFF,0xFE,0x00,0x7F,0xFF,0xFF,0xE0,0x1F,0xFF,0xFF,0xFE,
  0x07,0xFF,0xFF,0xFF,0xC1,0xFF,0xFF,0xFF,0xFC,0x3F,0xFC,0x07,0xFF,0x8F,0xFF,0x00,0x7F,0xF9,0xFF,0xC0,0x07,0xFF,0x3F,0xF0,
  0x00,0xFF,0xE7,0xFE,0x00,0x0F,0xFC,0x7F,0xC0,0x01,0xFF,0x80,0x00,0x00,0x3F,0xF0,0x00,0x00,0x07,0xFE,0x00,0x00,0x00,0xFF,
  0xC0,0x00,0x00,0x1F,0xF8,0x00,0x00,0x07,0xFE,0x00,0x00,0x00,0xFF,0xC0,0x00,0x00,0x7F,0xF0,0x00,0x00,0x3F,0xFE,0x00,0x03,
  0xFF,0xFF,0x00,0x00,0x7F,0xFF,0xC0,0x00,0x0F,0xFF,0xE0,0x00,0x01,0xFF,0xF0,0x00,0x00,0x3F,0xFF,0x80,0x00,0x07,0xFF,0xFE,
  0x00,0x00,0xFF,0xFF,0xE0,0x00,0x1F,0xFF,0xFE,0x00,0x00,0x03,0xFF,0xE0,0x00,0x00,0x1F,0xFE,0x00,0x00,0x00,0xFF,0xC0,0x00,
  0x00,0x1F,0xFC,0x00,0x00,0x01,0xFF,0x80,0x00,0x00,0x3F,0xF0,0x00,0x00,0x07,0xFE,0x3F,0x80,0x00,0xFF,0xFF,0xF0,0x00,0x1F,
  0xFF,0xFE,0x00,0x03,0xFF,0xFF,0xE0,0x00,0xFF,0xFF,0xFE,0x00,0x1F,0xFD,0xFF,0xE0,0x07,0xFF,0xBF,0xFF,0x03,0xFF,0xE3,0xFF,
  0xFF,0xFF,0xFC,0x7F,0xFF,0xFF,0xFF,0x07,0xFF,0xFF,0xFF,0xE0,0x7F,0xFF,0xFF,0xF8,0x07,0xFF,0xFF,0xFE,0x00,0x3F,0xFF,0xFF,
  0x00,0x01,0xFF,0xFF,0x80,0x00,0x07,0xFF,0x00,0x00,0x00,0x00,0x07,0xFF,0x00,0x00,0x00,0x1F,0xFE,0x00,0x00,0x00,0x7F,0xFC,
  0x00,0x00,0x00,0xFF,0xF8,0x00,0x00,0x03,0xFF,0xF0,0x00,0x00,0x0F,0xFF,0xE0,0x00,0x00,0x1F,0xFF,0xC0,0x00,0x00,0x7F,0xFF,
  0x80,0x00,0x01,0xFF,0xFF,0x00,0x00,0x03,0xFF,0xFE,0x00,0x00,0x0F,0xF7,0xFC,0x00,0x00,0x3F,0xEF,0xF8,0x00,0x00,0x7F,0x9F,
  0xF0,0x00,0x01,0xFE,0x3F,0xE0,0x00,0x07,0xFC,0x7F,0xC0,0x00,0x0F,0xF0,0xFF,0x80,0x00,0x3F,0xC1,0xFF,0x00,0x00,0xFF,0x83,
  0xFE,0x00,0x01,0xFE,0x07,0xFC,0x00,0x07,0xF8,0x0F,0xF8,0x00,0x0F,0xF0,0x1F,0xF0,0x00,0x3F,0xC0,0x3F,0xE0,0x00,0xFF,0x00,
  0x7F,0xC0,0x01,0xFE,0x00,0xFF,0x80,0x07,0xF8,0x01,0xFF,0x00,0x1F,0xF0,0x03,0xFE,0x00,0x3F,0xC0,0x07,0xFC,0x00,0xFF,0x00,
  0x0F,0xF8,0x03,0xFE,0x00,0x1F,0xF0,0x07,0xF8,0x00,0x3F,0xE0,0x1F,0xE0,0x00,0x7F,0xC0,0x7F,0xC0,0x00,0xFF,0x80,0xFF,0xFF,
  0xFF,0xFF,0xFF,0xFF,0xFF,0xFF,0xFF,0xFF,0xFF,0xFF,0xFF,0xFF,0xFF,0xFF,0xFF,0xFF,0xFF,0xFF,0xFF,0xFF,0xFF,0xFF,0xFF,0xFF,
  0xFF,0xFF,0xFF,0xFF,0xFF,0xFF,0xFF,0xFF,0x80,0x00,0x01,0xFF,0x80,0x00,0x00,0x01,0xFF,0x00,0x00,0x00,0x03,0xFE,0x00,0x00,
  0x00,0x07,0xFC,0x00,0x00,0x00,0x0F,0xF8,0x00,0x00,0x00,0x1F,0xF0,0x00,0x00,0x00,0x3F,0xE0,0x00,0x00,0x00,0x7F,0xC0,0x00,
  0x00,0x00,0xFF,0x80,0x00,0x00,0x01,0xFF,0x00,0x00,0x00,0x03,0xFE,0x00,0x1F,0xFF,0xFF,0xFF,0x81,0xFF,0xFF,0xFF,0xF8,0x1F,
  0xFF,0xFF,0xFF,0x81,0xFF,0xFF,0xFF,0xF8,0x1F,0xFF,0xFF,0xFF,0x81,0xFF,0xFF,0xFF,0xF8,0x1F,0xFF,0xFF,0xFF,0x81,0xFF,0x80,
  0x00,0x00,0x1F,0xF0,0x00,0x00,0x01,0xFF,0x00,0x00,0x00,0x1F,0xF0,0x00,0x00,0x01,0xFF,0x00,0x00,0x00,0x1F,0xF0,0x00,0x00,
  0x03,0xFF,0x00,0x00,0x00,0x3F,0xF0,0x00,0x00,0x03,0xFF,0x00,0x00,0x00,0x3F,0xF0,0x00,0x00,0x03,0xFF,0x0F,0xF8,0x00,0x3F,
  0xF3,0xFF,0xF0,0x03,0xFF,0xFF,0xFF,0xC0,0x3F,0xFF,0xFF,0xFE,0x03,0xFF,0xFF,0xFF,0xF0,0x3F,0xFF,0xFF,0xFF,0x83,0xFF,0xFF,
  0xFF,0xF8,0x3F,0xFF,0xFF,0xFF,0xC3,0xFF,0xE0,0x7F,0xFE,0x3F,0xF8,0x01,0xFF,0xE3,0xFF,0x00,0x0F,0xFE,0x00,0x00,0x00,0xFF,
  0xF0,0x00,0x00,0x07,0xFF,0x00,0x00,0x00,0x7F,0xF0,0x00,0x00,0x03,0xFF,0x00,0x00,0x00,0x3F,0xF0,0x00,0x00,0x03,0xFF,0x00,
  0x00,0x00,0x3F,0xF0,0x00,0x00,0x03,0xFF,0x00,0x00,0x00,0x3F,0xF1,0xFC,0x00,0x07,0xFF,0xFF,0xE0,0x00,0x7F,0xF7,0xFE,0x00,
  0x0F,0xFE,0x7F,0xF0,0x00,0xFF,0xE7,0xFF,0x80,0x1F,0xFE,0x3F,0xFC,0x07,0xFF,0xC3,0xFF,0xFF,0xFF,0xF8,0x1F,0xFF,0xFF,0xFF,
  0x81,0xFF,0xFF,0xFF,0xF0,0x0F,0xFF,0xFF,0xFE,0x00,0x3F,0xFF,0xFF,0xC0,0x01,0xFF,0xFF,0xF0,0x00,0x07,0xFF,0xFC,0x00,0x00,
  0x0F,0xFE,0x00,0x00,0x00,0x07,0xFE,0x00,0x00,0x07,0xFF,0xF0,0x00,0x07,0xFF,0xFF,0x00,0x07,0xFF,0xFF,0xE0,0x03,0xFF,0xFF,
  0xFC,0x01,0xFF,0xFF,0xFF,0x00,0x7F,0xFF,0xFF,0xE0,0x3F,0xFF,0xFF,0xFC,0x1F,0xFE,0x07,0xFF,0x07,0xFF,0x00,0xFF,0xC3,0xFF,
  0x80,0x1F,0xF8,0xFF,0xC0,0x07,0xFE,0x3F,0xE0,0x00,0xF0,0x1F,0xF8,0x00,0x00,0x07,0xFE,0x00,0x00,0x01,0xFF,0x00,0x00,0x00,
  0x7F,0xC0,0x00,0x00,0x3F,0xF0,0x00,0x00,0x0F,0xFC,0x00,0x00,0x03,0xFF,0x03,0xFC,0x00,0xFF,0xC7,0xFF,0xE0,0x3F,0xE3,0xFF,
  0xFE,0x0F,0xF9,0xFF,0xFF,0xC3,0xFE,0xFF,0xFF,0xF8,0xFF,0xFF,0xFF,0xFF,0x3F,0xFF,0xFF,0xFF,0xCF,0xFF,0xF1,0xFF,0xFB,0xFF,
  0xE0,0x1F,0xFE,0xFF,0xF0,0x03,0xFF,0xFF,0xF8,0x00,0x7F,0xFF,0xFE,0x00,0x0F,0xFF,0xFF,0x00,0x03,0xFF,0xFF,0xC0,0x00,0xFF,
  0xFF,0xF0,0x00,0x3F,0xFF,0xFC,0x00,0x0F,0xFF,0xFF,0x00,0x03,0xFF,0xFF,0xC0,0x00,0xFF,0xDF,0xF0,0x00,0x3F,0xF7,0xFE,0x00,
  0x0F,0xFD,0xFF,0x80,0x03,0xFF,0x3F,0xF0,0x01,0xFF,0xCF,0xFC,0x00,0x7F,0xF3,0xFF,0x80,0x3F,0xF8,0x7F,0xF8,0x1F,0xFE,0x1F,
  0xFF,0xFF,0xFF,0x03,0xFF,0xFF,0xFF,0xC0,0x7F,0xFF,0xFF,0xE0,0x0F,0xFF,0xFF,0xF0,0x01,0xFF,0xFF,0xF8,0x00,0x3F,0xFF,0xFC,
  0x00,0x03,0xFF,0xFC,0x00,0x00,0x1F,0xF8,0x00,0xFF,0xFF,0xFF,0xFF,0xFF,0xFF,0xFF,0xFF,0xFF,0xFF,0xFF,0xFF,0xFF,0xFF,0xFF,
  0xFF,0xFF,0xFF,0xFF,0xFF,0xFF,0xFF,0xFF,0xFF,0xFF,0xFF,0xFF,0xFF,0xFF,0xFF,0xFF,0xFF,0xFF,0xFF,0x00,0x00,0x00,0xFF,0xC0,
  0x00,0x00,0x3F,0xE0,0x00,0x00,0x1F,0xF0,0x00,0x00,0x0F,0xFC,0x00,0x00,0x03,0xFE,0x00,0x00,0x01,0xFF,0x00,0x00,0x00,0xFF,
  0xC0,0x00,0x00,0x3F,0xE0,0x00,0x00,0x1F,0xF8,0x00,0x00,0x0F,0xFC,0x00,0x00,0x03,0xFE,0x00,0x00,0x01,0xFF,0x80,0x00,0x00,
  0x7F,0xC0,0x00,0x00,0x3F,0xF0,0x00,0x00,0x1F,0xF8,0x00,0x00,0x07,0xFE,0x00,0x00,0x03,0xFF,0x00,0x00,0x00,0xFF,0xC0,0x00,
  0x00,0x7F,0xE0,0x00,0x00,0x1F,0xF8,0x00,0x00,0x0F,0xFC,0x00,0x00,0x03,0xFF,0x00,0x00,0x01,0xFF,0xC0,0x00,0x00,0x7F,0xE0,
  0x00,0x00,0x1F,0xF8,0x00,0x00,0x0F,0xFC,0x00,0x00,0x03,0xFF,0x00,0x00,0x00,0xFF,0xC0,0x00,0x00,0x7F,0xF0,0x00,0x00,0x1F,
  0xF8,0x00,0x00,0x07,0xFE,0x00,0x00,0x03,0xFF,0x80,0x00,0x00,0xFF,0xE0,0x00,0x00,0x3F,0xF0,0x00,0x00,0x0F,0xFC,0x00,0x00,
  0x03,0xFF,0x00,0x00,0x00,0xFF,0xC0,0x00,0x00,0x7F,0xF0,0x00,0x00,0x1F,0xFC,0x00,0x00,0x07,0xFF,0x00,0x00,0x01,0xFF,0xC0,
  0x00,0x00,0x7F,0xF0,0x00,0x00,0x00,0x07,0xFF,0x00,0x00,0x07,0xFF,0xFE,0x00,0x01,0xFF,0xFF,0xF8,0x00,0x3F,0xFF,0xFF,0xC0,
  0x07,0xFF,0xFF,0xFE,0x00,0xFF,0xFF,0xFF,0xF0,0x1F,0xFF,0xFF,0xFF,0x81,0xFF,0xE0,0x7F,0xFC,0x3F,0xF8,0x01,0xFF,0xC3,0xFF,
  0x80,0x1F,0xFC,0x3F,0xF0,0x00,0xFF,0xC7,0xFF,0x00,0x0F,0xFE,0x7F,0xF0,0x00,0xFF,0xE7,0xFF,0x00,0x0F,0xFE,0x7F,0xF0,0x00,
  0xFF,0xE3,0xFF,0x00,0x0F,0xFC,0x3F,0xF0,0x00,0xFF,0xC3,0xFF,0x00,0x0F,0xFC,0x1F,0xF8,0x01,0xFF,0x81,0xFF,0xC0,0x1F,0xF8,
  0x0F,0xFE,0x07,0xFF,0x00,0x7F,0xFF,0xFF,0xE0,0x03,0xFF,0xFF,0xFC,0x00,0x0F,0xFF,0xFF,0x00,0x00,0x3F,0xFF,0xC0,0x00,0x1F,
  0xFF,0xFF,0x80,0x07,0xFF,0xFF,0xFE,0x00,0xFF,0xFF,0xFF,0xF0,0x1F,0xFE,0x07,0xFF,0x83,0xFF,0x80,0x1F,0xFC,0x3F,0xF0,0x00,
  0xFF,0xC7,0xFE,0x00,0x07,0xFE,0x7F,0xE0,0x00,0x7F,0xE7,0xFE,0x00,0x07,0xFF,0xFF,0xE0,0x00,0x7F,0xFF,0xFE,0x00,0x07,0xFF,
  0xFF,0xE0,0x00,0x3F,0xFF,0xFE,0x00,0x07,0xFF,0xFF,0xE0,0x00,0x7F,0xFF,0xFE,0x00,0x07,0xFF,0x7F,0xE0,0x00,0x7F,0xF7,0xFF,
  0x00,0x07,0xFE,0x7F,0xF0,0x00,0xFF,0xE7,0xFF,0x80,0x1F,0xFE,0x3F,0xFE,0x07,0xFF,0xC1,0xFF,0xFF,0xFF,0xFC,0x1F,0xFF,0xFF,
  0xFF,0x80,0xFF,0xFF,0xFF,0xF0,0x03,0xFF,0xFF,0xFE,0x00,0x1F,0xFF,0xFF,0x80,0x00,0x7F,0xFF,0xE0,0x00,0x00,0x7F,0xF0,0x00,
  0x00,0x0F,0xFE,0x00,0x00,0x0F,0xFF,0xF0,0x00,0x07,0xFF,0xFF,0x80,0x01,0xFF,0xFF,0xFC,0x00,0x7F,0xFF,0xFF,0xC0,0x1F,0xFF,
  0xFF,0xF8,0x07,0xFF,0xFF,0xFF,0x80,0xFF,0xFF,0xFF,0xF8,0x3F,0xFE,0x0F,0xFF,0x07,0xFF,0x00,0x7F,0xF1,0xFF,0xC0,0x07,0xFE,
  0x3F,0xF8,0x00,0xFF,0xE7,0xFE,0x00,0x0F,0xFC,0xFF,0xC0,0x01,0xFF,0x9F,0xF8,0x00,0x3F,0xF7,0xFF,0x00,0x03,0xFF,0xFF,0xE0,
  0x00,0x7F,0xFF,0xFC,0x00,0x0F,0xFD,0xFF,0x80,0x01,0xFF,0xBF,0xF0,0x00,0x3F,0xF7,0xFE,0x00,0x07,0xFE,0xFF,0xC0,0x01,0xFF,
  0xDF,0xFC,0x00,0x3F,0xFB,0xFF,0x80,0x0F,0xFF,0x3F,0xF8,0x01,0xFF,0xE7,0xFF,0x80,0xFF,0xFC,0xFF,0xFE,0x7F,0xFF,0x8F,0xFF,
  0xFF,0xFF,0xF0,0xFF,0xFF,0xFF,0xFE,0x1F,0xFF,0xFF,0xFF,0xC1,0xFF,0xFF,0xDF,0xF8,0x1F,0xFF,0xF3,0xFF,0x00,0xFF,0xF8,0x7F,
  0xE0,0x07,0xFC,0x0F,0xFC,0x00,0x00,0x01,0xFF,0x80,0x00,0x00,0x3F,0xF0,0x00,0x00,0x07,0xFC,0x00,0x00,0x01,0xFF,0x80,0x00,
  0x00,0x3F,0xF0,0x0F,0x00,0x07,0xFE,0x3F,0xE0,0x01,0xFF,0x87,0xFE,0x00,0x7F,0xF0,0xFF,0xE0,0x1F,0xFC,0x1F,0xFE,0x07,0xFF,
  0x81,0xFF,0xFF,0xFF,0xE0,0x3F,0xFF,0xFF,0xF8,0x03,0xFF,0xFF,0xFF,0x00,0x3F,0xFF,0xFF,0xC0,0x03,0xFF,0xFF,0xF0,0x00,0x3F,
  0xFF,0xF8,0x00,0x01,0xFF,0xFC,0x00,0x00,0x07,0xFE,0x00,0x00,0xFF,0xFF,0xFF,0xFF,0xFF,0xFF,0xFF,0xFF,0xFF,0xFF,0xFF,0xFF,
  0xF0,0x00,0x00,0x00,0x00,0x00,0x00,0x00,0x00,0x00,0x00,0x00,0x00,0x00,0x00,0x00,0x00,0x00,0x00,0x00,0x0F,0xFF,0xFF,0xFF,
  0xFF,0xFF,0xFF,0xFF,0xFF,0xFF,0xFF,0xFF,0xFF,0xFF,0xFF,0xFF,0xFF,0xFF,0xFF,0xFF,0xFF,0xFF,0xFF,0xFF,0xFF,0xF0,0x00,0x00,
  0x00,0x00,0x00,0x00,0x00,0x00,0x00,0x00,0x00,0x00,0x00,0x00,0x00,0x00,0x00,0x00,0x00,0x0F,0xFF,0xFF,0xFF,0xFF,0xFF,0xFF,
  0xFF,0xFF,0xFF,0xFF,0xFF,0xFF,0x0F,0xC3,0xF0,0xFC,0x3F,0x0F,0x87,0xE1,0xF8,0xFC,0x3F,0x1F,0x8F,0xE0,0x00,0x00,0x00,0x00,
  0x10,0x00,0x00,0x00,0x0F,0x00,0x00,0x00,0x07,0xF0,0x00,0x00,0x01,0xFF,0x00,0x00,0x00,0xFF,0xF0,0x00,0x00,0x3F,0xFF,0x00,
  0x00,0x1F,0xFF,0xF0,0x00,0x0F,0xFF,0xFF,0x00,0x03,0xFF,0xFF,0xE0,0x01,0xFF,0xFF,0xF8,0x00,0xFF,0xFF,0xFC,0x00,0x3F,0xFF,
  0xFE,0x00,0x1F,0xFF,0xFF,0x80,0x07,0xFF,0xFF,0xC0,0x00,0xFF,0xFF,0xF0,0x00,0x0F,0xFF,0xF8,0x00,0x00,0xFF,0xFE,0x00,0x00,
  0x0F,0xFF,0x00,0x00,0x00,0xFF,0xC0,0x00,0x00,0x0F,0xF0,0x00,0x00,0x00,0xFF,0xC0,0x00,0x00,0x0F,0xFF,0x00,0x00,0x00,0xFF,
  0xFE,0x00,0x00,0x0F,0xFF,0xF8,0x00,0x00,0xFF,0xFF,0xF0,0x00,0x07,0xFF,0xFF,0xC0,0x00,0x1F,0xFF,0xFF,0x80,0x00,0x3F,0xFF,
  0xFE,0x00,0x00,0x7F,0xFF,0xFC,0x00,0x01,0xFF,0xFF,0xF0,0x00,0x03,0xFF,0xFF,0xE0,0x00,0x0F,0xFF,0xFF,0x00,0x00,0x1F,0xFF,
  0xF0,0x00,0x00,0x3F,0xFF,0x00,0x00,0x00,0xFF,0xF0,0x00,0x00,0x01,0xFF,0x00,0x00,0x00,0x07,0xF0,0x00,0x00,0x00,0x0F,0x00,
  0x00,0x00,0x00,0x10,0xFF,0xFF,0xFF,0xFF,0xFF,0xFF,0xFF,0xFF,0xFF,0xFF,0xFF,0xFF,0xFF,0xFF,0xFF,0xFF,0xFF,0xFF,0xFF,0xFF,
  0xFF,0xFF,0xFF,0xFF,0xFF,0xFF,0xFF,0xFF,0xFF,0xFF,0xFF,0xFF,0xFF,0xFF,0xFF,0xFF,0x00,0x00,0x00,0x00,0x00,0x00,0x00,0x00,
  0x00,0x00,0x00,0x00,0x00,0x00,0x00,0x00,0x00,0x00,0x00,0x00,0x00,0x00,0x00,0x00,0x00,0x00,0x00,0x00,0x00,0x00,0x00,0x00,
  0x00,0x00,0x00,0x00,0x00,0x00,0x00,0x00,0x00,0x00,0x00,0x00,0x00,0x00,0x00,0x00,0x00,0x0F,0xFF,0xFF,0xFF,0xFF,0xFF,0xFF,
  0xFF,0xFF,0xFF,0xFF,0xFF,0xFF,0xFF,0xFF,0xFF,0xFF,0xFF,0xFF,0xFF,0xFF,0xFF,0xFF,0xFF,0xFF,0xFF,0xFF,0xFF,0xFF,0xFF,0xFF,
  0xFF,0xFF,0xFF,0xFF,0xFF,0xF0,0xC0,0x00,0x00,0x00,0x0F,0x00,0x00,0x00,0x00,0xFE,0x00,0x00,0x00,0x0F,0xF8,0x00,0x00,0x00,
  0xFF,0xF0,0x00,0x00,0x0F,0xFF,0xE0,0x00,0x00,0xFF,0xFF,0x80,0x00,0x0F,0xFF,0xFF,0x00,0x00,0x7F,0xFF,0xFC,0x00,0x00,0xFF,
  0xFF,0xF8,0x00,0x03,0xFF,0xFF,0xF0,0x00,0x07,0xFF,0xFF,0xC0,0x00,0x1F,0xFF,0xFF,0x80,0x00,0x3F,0xFF,0xFF,0x00,0x00,0xFF,
  0xFF,0xF0,0x00,0x01,0xFF,0xFF,0x00,0x00,0x07,0xFF,0xF0,0x00,0x00,0x0F,0xFF,0x00,0x00,0x00,0x1F,0xF0,0x00,0x00,0x00,0x7F,
  0x00,0x00,0x00,0x1F,0xF0,0x00,0x00,0x0F,0xFF,0x00,0x00,0x07,0xFF,0xF0,0x00,0x01,0xFF,0xFF,0x00,0x00,0xFF,0xFF,0xF0,0x00,
  0x3F,0xFF,0xFE,0x00,0x1F,0xFF,0xFF,0x80,0x07,0xFF,0xFF,0xC0,0x03,0xFF,0xFF,0xF0,0x00,0xFF,0xFF,0xF8,0x00,0x7F,0xFF,0xFC,
  0x00,0x0F,0xFF,0xFF,0x00,0x00,0xFF,0xFF,0x80,0x00,0x0F,0xFF,0xE0,0x00,0x00,0xFF,0xF0,0x00,0x00,0x0F,0xF8,0x00,0x00,0x00,
  0xFE,0x00,0x00,0x00,0x0F,0x00,0x00,0x00,0x00,0xC0,0x00,0x00,0x00,0x00,0x00,0x03,0xFF,0x80,0x00,0x01,0xFF,0xFF,0x80,0x00,
  0x3F,0xFF,0xFF,0x00,0x03,0xFF,0xFF,0xFE,0x00,0x3F,0xFF,0xFF,0xF8,0x03,0xFF,0xFF,0xFF,0xE0,0x3F,0xFF,0xFF,0xFF,0x83,0xFF,
  0xFF,0xFF,0xFC,0x1F,0xFF,0x03,0xFF,0xF1,0xFF,0xE0,0x07,0xFF,0x8F,0xFE,0x00,0x1F,0xFC,0xFF,0xE0,0x00,0x7F,0xF7,0xFE,0x00,
  0x01,0xFF,0xBF,0xF0,0x00,0x0F,0xFF,0xFF,0x80,0x00,0x7F,0xEF,0xF8,0x00,0x03,0xFF,0x00,0x00,0x00,0x1F,0xF8,0x00,0x00,0x01,
  0xFF,0x80,0x00,0x00,0x0F,0xFC,0x00,0x00,0x00,0xFF,0xE0,0x00,0x00,0x0F,0xFE,0x00,0x00,0x00,0xFF,0xE0,0x00,0x00,0x1F,0xFF,
  0x00,0x00,0x01,0xFF,0xF0,0x00,0x00,0x1F,0xFE,0x00,0x00,0x03,0xFF,0xE0,0x00,0x00,0x3F,0xFE,0x00,0x00,0x03,0xFF,0xC0,0x00,
  0x00,0x1F,0xFC,0x00,0x00,0x01,0xFF,0xC0,0x00,0x00,0x0F,0xFC,0x00,0x00,0x00,0xFF,0xC0,0x00,0x00,0x07,0xFE,0x00,0x00,0x00,
  0x3F,0xE0,0x00,0x00,0x01,0xFF,0x00,0x00,0x00,0x00,0x00,0x00,0x00,0x00,0x00,0x00,0x00,0x00,0x00,0x00,0x00,0x00,0x00,0x00,
  0x00,0x00,0x00,0x00,0x00,0x00,0x00,0x00,0x00,0x00,0x00,0x00,0x00,0x7F,0xF0,0x00,0x00,0x03,0xFF,0x80,0x00,0x00,0x1F,0xFC,
  0x00,0x00,0x00,0xFF,0xE0,0x00,0x00,0x07,0xFF,0x00,0x00,0x00,0x3F,0xF8,0x00,0x00,0x01,0xFF,0xC0,0x00,0x00,0x0F,0xFE,0x00,
  0x00,0x00,0x7F,0xF0,0x00,0x00,0x03,0xFF,0x80,0x00,0x00,0x00,0x00,0x0F,0xFF,0x80,0x00,0x00,0x00,0x00,0x03,0xFF,0xFF,0xE0,
  0x00,0x00,0x00,0x00,0x7F,0xFF,0xFF,0xF0,0x00,0x00,0x00,0x0F,0xFF,0xFF,0xFF,0xF0,0x00,0x00,0x00,0x7F,0xFF,0xFF,0xFF,0xF0,
  0x00,0x00,0x07,0xFF,0xE0,0x03,0xFF,0xE0,0x00,0x00,0x3F,0xF8,0x00,0x00,0xFF,0xC0,0x00,0x03,0xFF,0x00,0x00,0x00,0xFF,0x80,
  0x00,0x1F,0xF0,0x00,0x00,0x00,0xFF,0x00,0x00,0xFF,0x00,0x00,0x00,0x01,0xFE,0x00,0x07,0xF8,0x00,0x00,0x00,0x01,0xFC,0x00,
  0x3F,0xC0,0x00,0x00,0x00,0x03,0xF0,0x01,0xFE,0x00,0x00,0x00,0x00,0x0F,0xE0,0x07,0xF0,0x00,0x3F,0xC0,0x00,0x1F,0xC0,0x3F,
  0x80,0x07,0xFF,0xC1,0xF0,0x3F,0x01,0xFC,0x00,0x3F,0xFF,0x8F,0xC0,0xFC,0x07,0xE0,0x03,0xFF,0xFF,0x3F,0x01,0xF8,0x3F,0x80,
  0x1F,0xFF,0xFE,0xFC,0x07,0xE0,0xFC,0x00,0xFF,0x01,0xFB,0xE0,0x0F,0x87,0xE0,0x07,0xF8,0x01,0xFF,0x80,0x3F,0x1F,0x80,0x1F,
  0x80,0x03,0xFE,0x00,0xFC,0xFC,0x00,0xFC,0x00,0x0F,0xF8,0x03,0xF3,0xF0,0x07,0xF0,0x00,0x1F,0xE0,0x0F,0xCF,0xC0,0x1F,0x80,
  0x00,0x7F,0x00,0x1F,0x7E,0x00,0xFE,0x00,0x01,0xFC,0x00,0x7D,0xF8,0x03,0xF0,0x00,0x07,0xF0,0x01,0xF7,0xE0,0x0F,0xC0,0x00,
  0x1F,0xC0,0x07,0xDF,0x80,0x7E,0x00,0x00,0x7E,0x00,0x1F,0x7C,0x01,0xF8,0x00,0x01,0xF8,0x00,0xFF,0xF0,0x07,0xE0,0x00,0x07,
  0xE0,0x03,0xFF,0xC0,0x1F,0x80,0x00,0x3F,0x80,0x0F,0xFF,0x00,0x7E,0x00,0x00,0xFC,0x00,0x3F,0xFC,0x01,0xF0,0x00,0x03,0xF0,
  0x00,0xFB,0xF0,0x0F,0xC0,0x00,0x1F,0xC0,0x07,0xEF,0xC0,0x3F,0x00,0x00,0x7F,0x00,0x1F,0xBF,0x00,0xFC,0x00,0x01,0xFC,0x00,
  0x7C,0xFC,0x01,0xF8,0x00,0x0F,0xE0,0x03,0xF3,0xF0,0x07,0xE0,0x00,0x7F,0x80,0x0F,0xCF,0xC0,0x1F,0x80,0x01,0xFE,0x00,0x7E,
  0x3F,0x00,0x7E,0x00,0x0F,0xF8,0x03,0xF8,0x7C,0x01,0xFC,0x00,0x7F,0xE0,0x1F,0xC1,0xF8,0x03,0xF8,0x03,0xEF,0x80,0xFE,0x07,
  0xE0,0x0F,0xF8,0x3F,0xBF,0x0F,0xF0,0x1F,0x80,0x1F,0xFF,0xFC,0x7F,0xFF,0x80,0x3F,0x00,0x3F,0xFF,0xE1,0xFF,0xFC,0x00,0xFC,
  0x00,0x7F,0xFE,0x07,0xFF,0xE0,0x03,0xF8,0x00,0xFF,0xF0,0x0F,0xFE,0x00,0x07,0xE0,0x00,0xFF,0x00,0x0F,0xE0,0x00,0x1F,0xC0,
  0x00,0x00,0x00,0x00,0x00,0x00,0x3F,0x80,0x00,0x00,0x00,0x00,0x00,0x00,0x7F,0x00,0x00,0x00,0x00,0x00,0x00,0x01,0xFE,0x00,
  0x00,0x00,0x00,0x20,0x00,0x03,0xFC,0x00,0x00,0x00,0x03,0xC0,0x00,0x07,0xF8,0x00,0x00,0x00,0x3F,0x00,0x00,0x0F,0xF8,0x00,
  0x00,0x07,0xFE,0x00,0x00,0x1F,0xF8,0x00,0x00,0xFF,0xF8,0x00,0x00,0x3F,0xFF,0x00,0x7F,0xFF,0xC0,0x00,0x00,0x7F,0xFF,0xFF,
  0xFF,0xFC,0x00,0x00,0x00,0x7F,0xFF,0xFF,0xFF,0xC0,0x00,0x00,0x00,0x7F,0xFF,0xFF,0xF8,0x00,0x00,0x00,0x00,0x3F,0xFF,0xFF,
  0x00,0x00,0x00,0x00,0x00,0x0F,0xFF,0x80,0x00,0x00,0x00,0x00,0x00,0x3F,0xFC,0x00,0x00,0x00,0x00,0x7F,0xFE,0x00,0x00,0x00,
  0x00,0x7F,0xFE,0x00,0x00,0x00,0x00,0x7F,0xFE,0x00,0x00,0x00,0x00,0xFF,0xFF,0x00,0x00,0x00,0x00,0xFF,0xFF,0x00,0x00,0x00,
  0x01,0xFF,0xFF,0x80,0x00,0x00,0x01,0xFF,0xFF,0x80,0x00,0x00,0x01,0xFF,0xFF,0x80,0x00,0x00,0x03,0xFF,0xFF,0xC0,0x00,0x00,
  0x03,0xFE,0x7F,0xC0,0x00,0x00,0x03,0xFE,0x7F,0xC0,0x00,0x00,0x07,0xFE,0x7F,0xE0,0x00,0x00,0x07,0xFC,0x3F,0xE0,0x00,0x00,
  0x07,0xFC,0x3F,0xE0,0x00,0x00,0x0F,0xFC,0x3F,0xF0,0x00,0x00,0x0F,0xF8,0x1F,0xF0,0x00,0x00,0x1F,0xF8,0x1F,0xF0,0x00,0x00,
  0x1F,0xF8,0x1F,0xF8,0x00,0x00,0x1F,0xF0,0x0F,0xF8,0x00,0x00,0x3F,0xF0,0x0F,0xFC,0x00,0x00,0x3F,0xF0,0x0F,0xFC,0x00,0x00,
  0x3F,0xE0,0x07,0xFC,0x00,0x00,0x7F,0xE0,0x07,0xFE,0x00,0x00,0x7F,0xC0,0x03,0xFE,0x00,0x00,0x7F,0xC0,0x03,0xFE,0x00,0x00,
  0xFF,0xC0,0x03,0xFF,0x00,0x00,0xFF,0x80,0x01,0xFF,0x00,0x01,0xFF,0x80,0x01,0xFF,0x00,0x01,0xFF,0xFF,0xFF,0xFF,0x80,0x01,
  0xFF,0xFF,0xFF,0xFF,0x80,0x03,0xFF,0xFF,0xFF,0xFF,0xC0,0x03,0xFF,0xFF,0xFF,0xFF,0xC0,0x03,0xFF,0xFF,0xFF,0xFF,0xC0,0x07,
  0xFF,0xFF,0xFF,0xFF,0xE0,0x07,0xFF,0xFF,0xFF,0xFF,0xE0,0x07,0xFF,0xFF,0xFF,0xFF,0xE0,0x0F,0xFC,0x00,0x00,0x3F,0xF0,0x0F,
  0xFC,0x00,0x00,0x3F,0xF0,0x0F,0xFC,0x00,0x00,0x3F,0xF0,0x1F,0xF8,0x00,0x00,0x1F,0xF8,0x1F,0xF8,0x00,0x00,0x1F,0xF8,0x3F,
  0xF8,0x00,0x00,0x1F,0xF8,0x3F,0xF0,0x00,0x00,0x0F,0xFC,0x3F,0xF0,0x00,0x00,0x0F,0xFC,0x7F,0xF0,0x00,0x00,0x0F,0xFE,0x7F,
  0xE0,0x00,0x00,0x07,0xFE,0x7F,0xE0,0x00,0x00,0x07,0xFE,0xFF,0xE0,0x00,0x00,0x07,0xFF,0xFF,0xC0,0x00,0x00,0x03,0xFF,0xFF,
  0xFF,0xFF,0xF8,0x00,0x0F,0xFF,0xFF,0xFF,0xF8,0x00,0xFF,0xFF,0xFF,0xFF,0xE0,0x0F,0xFF,0xFF,0xFF,0xFF,0x80,0xFF,0xFF,0xFF,
  0xFF,0xFC,0x0F,0xFF,0xFF,0xFF,0xFF,0xE0,0xFF,0xFF,0xFF,0xFF,0xFE,0x0F,0xFF,0xFF,0xFF,0xFF,0xF0,0xFF,0xC0,0x00,0x1F,0xFF,
  0x0F,0xFC,0x00,0x00,0x7F,0xF8,0xFF,0xC0,0x00,0x03,0xFF,0x8F,0xFC,0x00,0x00,0x3F,0xF8,0xFF,0xC0,0x00,0x03,0xFF,0x8F,0xFC,
  0x00,0x00,0x3F,0xF8,0xFF,0xC0,0x00,0x03,0xFF,0x8F,0xFC,0x00,0x00,0x3F,0xF8,0xFF,0xC0,0x00,0x03,0xFF,0x0F,0xFC,0x00,0x00,
  0x7F,0xF0,0xFF,0xC0,0x00,0x0F,0xFE,0x0F,0xFC,0x00,0x03,0xFF,0xE0,0xFF,0xFF,0xFF,0xFF,0xFC,0x0F,0xFF,0xFF,0xFF,0xFF,0x00,
  0xFF,0xFF,0xFF,0xFF,0xE0,0x0F,0xFF,0xFF,0xFF,0xF8,0x00,0xFF,0xFF,0xFF,0xFF,0xF0,0x0F,0xFF,0xFF,0xFF,0xFF,0xC0,0xFF,0xFF,
  0xFF,0xFF,0xFF,0x0F,0xFF,0xFF,0xFF,0xFF,0xF8,0xFF,0xC0,0x00,0x07,0xFF,0xCF,0xFC,0x00,0x00,0x1F,0xFC,0xFF,0xC0,0x00,0x00,
  0xFF,0xEF,0xFC,0x00,0x00,0x0F,0xFE,0xFF,0xC0,0x00,0x00,0x7F,0xEF,0xFC,0x00,0x00,0x07,0xFF,0xFF,0xC0,0x00,0x00,0x7F,0xFF,
  0xFC,0x00,0x00,0x07,0xFF,0xFF,0xC0,0x00,0x00,0x7F,0xFF,0xFC,0x00,0x00,0x07,0xFF,0xFF,0xC0,0x00,0x00,0xFF,0xFF,0xFC,0x00,
  0x00,0x0F,0xFE,0xFF,0xC0,0x00,0x01,0xFF,0xEF,0xFC,0x00,0x00,0x7F,0xFE,0xFF,0xFF,0xFF,0xFF,0xFF,0xCF,0xFF,0xFF,0xFF,0xFF,
  0xF8,0xFF,0xFF,0xFF,0xFF,0xFF,0x8F,0xFF,0xFF,0xFF,0xFF,0xF0,0xFF,0xFF,0xFF,0xFF,0xFC,0x0F,0xFF,0xFF,0xFF,0xFF,0x80,0xFF,
  0xFF,0xFF,0xFF,0xC0,0x0F,0xFF,0xFF,0xFF,0xE0,0x00,0x00,0x00,0x3F,0xFE,0x00,0x00,0x00,0x07,0xFF,0xFF,0xC0,0x00,0x00,0x3F,
  0xFF,0xFF,0xE0,0x00,0x01,0xFF,0xFF,0xFF,0xF0,0x00,0x07,0xFF,0xFF,0xFF,0xF0,0x00,0x3F,0xFF,0xFF,0xFF,0xF0,0x00,0xFF,0xFF,
  0xFF,0xFF,0xF0,0x03,0xFF,0xFF,0xFF,0xFF,0xF0,0x07,0xFF,0xFC,0x0F,0xFF,0xF0,0x1F,0xFF,0x80,0x03,0xFF,0xF0,0x7F,0xFC,0x00,
  0x01,0xFF,0xE0,0xFF,0xF0,0x00,0x01,0xFF,0xE3,0xFF,0xC0,0x00,0x01,0xFF,0xC7,0xFF,0x00,0x00,0x01,0xFF,0x8F,0xFE,0x00,0x00,
  0x01,0xF8,0x3F,0xF8,0x00,0x00,0x03,0x00,0x7F,0xF0,0x00,0x00,0x00,0x00,0xFF,0xE0,0x00,0x00,0x00,0x01,0xFF,0x80,0x00,0x00,
  0x00,0x07,0xFF,0x00,0x00,0x00,0x00,0x0F,0xFE,0x00,0x00,0x00,0x00,0x1F,0xFC,0x00,0x00,0x00,0x00,0x3F,0xF8,0x00,0x00,0x00,
  0x00,0x7F,0xF0,0x00,0x00,0x00,0x00,0xFF,0xC0,0x00,0x00,0x00,0x01,0xFF,0x80,0x00,0x00,0x00,0x03,0xFF,0x00,0x00,0x00,0x00,
  0x07,0xFF,0x00,0x00,0x00,0x00,0x0F,0xFE,0x00,0x00,0x00,0x00,0x1F,0xFC,0x00,0x00,0x00,0x00,0x3F,0xF8,0x00,0x00,0x00,0x00,
  0x7F,0xF0,0x00,0x00,0x00,0x00,0xFF,0xE0,0x00,0x00,0x00,0x00,0xFF,0xC0,0x00,0x00,0x00,0x01,0xFF,0xC0,0x00,0x00,0x08,0x03,
  0xFF,0x80,0x00,0x00,0x3E,0x07,0xFF,0x80,0x00,0x00,0x7F,0x87,0xFF,0x00,0x00,0x01,0xFF,0xCF,0xFF,0x00,0x00,0x03,0xFF,0x8F,
  0xFE,0x00,0x00,0x0F,0xFE,0x1F,0xFE,0x00,0x00,0x3F,0xFC,0x1F,0xFF,0x00,0x00,0xFF,0xF0,0x3F,0xFF,0x00,0x07,0xFF,0xC0,0x3F,
  0xFF,0xE0,0x7F,0xFF,0x80,0x3F,0xFF,0xFF,0xFF,0xFE,0x00,0x3F,0xFF,0xFF,0xFF,0xF8,0x00,0x3F,0xFF,0xFF,0xFF,0xE0,0x00,0x3F,
  0xFF,0xFF,0xFF,0x80,0x00,0x1F,0xFF,0xFF,0xFC,0x00,0x00,0x1F,0xFF,0xFF,0xF0,0x00,0x00,0x07,0xFF,0xFF,0x00,0x00,0x00,0x00,
  0xFF,0xF0,0x00,0x00,0xFF,0xFF,0xFF,0x80,0x00,0x0F,0xFF,0xFF,0xFF,0x80,0x00,0xFF,0xFF,0xFF,0xFE,0x00,0x0F,0xFF,0xFF,0xFF,
  0xF8,0x00,0xFF,0xFF,0xFF,0xFF,0xE0,0x0F,0xFF,0xFF,0xFF,0xFF,0x00,0xFF,0xFF,0xFF,0xFF,0xF8,0x0F,0xFF,0xFF,0xFF,0xFF,0xC0,
  0xFF,0xC0,0x03,0xFF,0xFE,0x0F,0xFC,0x00,0x07,0xFF,0xF0,0xFF,0xC0,0x00,0x1F,0xFF,0x8F,0xFC,0x00,0x00,0xFF,0xF8,0xFF,0xC0,
  0x00,0x07,0xFF,0xCF,0xFC,0x00,0x00,0x3F,0xFC,0xFF,0xC0,0x00,0x01,0xFF,0xCF,0xFC,0x00,0x00,0x0F,0xFE,0xFF,0xC0,0x00,0x00,
  0xFF,0xEF,0xFC,0x00,0x00,0x0F,0xFE,0xFF,0xC0,0x00,0x00,0x7F,0xEF,0xFC,0x00,0x00,0x07,0xFF,0xFF,0xC0,0x00,0x00,0x7F,0xFF,
  0xFC,0x00,0x00,0x07,0xFF,0xFF,0xC0,0x00,0x00,0x7F,0xFF,0xFC,0x00,0x00,0x07,0xFF,0xFF,0xC0,0x00,0x00,0x7F,0xFF,0xFC,0x00,
  0x00,0x07,0xFF,0xFF,0xC0,0x00,0x00,0x7F,0xFF,0xFC,0x00,0x00,0x07,0xFF,0xFF,0xC0,0x00,0x00,0x7F,0xFF,0xFC,0x00,0x00,0x07,
  0xFF,0xFF,0xC0,0x00,0x00,0x7F,0xFF,0xFC,0x00,0x00,0x07,0xFE,0xFF,0xC0,0x00,0x00,0xFF,0xEF,0xFC,0x00,0x00,0x0F,0xFE,0xFF,
  0xC0,0x00,0x01,0xFF,0xEF,0xFC,0x00,0x00,0x1F,0xFC,0xFF,0xC0,0x00,0x03,0xFF,0xCF,0xFC,0x00,0x00,0x7F,0xF8,0xFF,0xC0,0x00,
  0x0F,0xFF,0x8F,0xFC,0x00,0x01,0xFF,0xF0,0xFF,0xC0,0x00,0x7F,0xFF,0x0F,0xFC,0x00,0x1F,0xFF,0xE0,0xFF,0xFF,0xFF,0xFF,0xFC,
  0x0F,0xFF,0xFF,0xFF,0xFF,0x80,0xFF,0xFF,0xFF,0xFF,0xF0,0x0F,0xFF,0xFF,0xFF,0xFE,0x00,0xFF,0xFF,0xFF,0xFF,0x80,0x0F,0xFF,
  0xFF,0xFF,0xE0,0x00,0xFF,0xFF,0xFF,0xF8,0x00,0x0F,0xFF,0xFF,0xF8,0x00,0x00,0xFF,0xFF,0xFF,0xFF,0xFE,0xFF,0xFF,0xFF,0xFF,
  0xFE,0xFF,0xFF,0xFF,0xFF,0xFE,0xFF,0xFF,0xFF,0xFF,0xFE,0xFF,0xFF,0xFF,0xFF,0xFE,0xFF,0xFF,0xFF,0xFF,0xFE,0xFF,0xFF,0xFF,
  0xFF,0xFE,0xFF,0xFF,0xFF,0xFF,0xFE,0xFF,0xC0,0x00,0x00,0x00,0xFF,0xC0,0x00,0x00,0x00,0xFF,0xC0,0x00,0x00,0x00,0xFF,0xC0,
  0x00,0x00,0x00,0xFF,0xC0,0x00,0x00,0x00,0xFF,0xC0,0x00,0x00,0x00,0xFF,0xC0,0x00,0x00,0x00,0xFF,0xC0,0x00,0x00,0x00,0xFF,
  0xC0,0x00,0x00,0x00,0xFF,0xC0,0x00,0x00,0x00,0xFF,0xC0,0x00,0x00,0x00,0xFF,0xC0,0x00,0x00,0x00,0xFF,0xC0,0x00,0x00,0x00,
  0xFF,0xFF,0xFF,0xFF,0xF8,0xFF,0xFF,0xFF,0xFF,0xF8,0xFF,0xFF,0xFF,0xFF,0xF8,0xFF,0xFF,0xFF,0xFF,0xF8,0xFF,0xFF,0xFF,0xFF,
  0xF8,0xFF,0xFF,0xFF,0xFF,0xF8,0xFF,0xFF,0xFF,0xFF,0xF8,0xFF,0xFF,0xFF,0xFF,0xF8,0xFF,0xC0,0x00,0x00,0x00,0xFF,0xC0,0x00,
  0x00,0x00,0xFF,0xC0,0x00,0x00,0x00,0xFF,0xC0,0x00,0x00,0x00,0xFF,0xC0,0x00,0x00,0x00,0xFF,0xC0,0x00,0x00,0x00,0xFF,0xC0,
  0x00,0x00,0x00,0xFF,0xC0,0x00,0x00,0x00,0xFF,0xC0,0x00,0x00,0x00,0xFF,0xC0,0x00,0x00,0x00,0xFF,0xC0,0x00,0x00,0x00,0xFF,
  0xC0,0x00,0x00,0x00,0xFF,0xC0,0x00,0x00,0x00,0xFF,0xFF,0xFF,0xFF,0xFF,0xFF,0xFF,0xFF,0xFF,0xFF,0xFF,0xFF,0xFF,0xFF,0xFF,
  0xFF,0xFF,0xFF,0xFF,0xFF,0xFF,0xFF,0xFF,0xFF,0xFF,0xFF,0xFF,0xFF,0xFF,0xFF,0xFF,0xFF,0xFF,0xFF,0xFF,0xFF,0xFF,0xFF,0xFF,
  0xFF,0xFF,0xFF,0xFF,0xFF,0xFF,0xFF,0xFF,0xFF,0xFF,0xFF,0xFF,0xFF,0xFF,0xFF,0xFF,0xFF,0xFF,0xFF,0xFF,0xFF,0xFF,0xFF,0xFF,
  0xFF,0xFF,0xFF,0xFF,0xFF,0xFF,0xFF,0xFF,0xFF,0xFF,0xFF,0xFF,0xFF,0xFF,0xC0,0x00,0x00,0x0F,0xFC,0x00,0x00,0x00,0xFF,0xC0,
  0x00,0x00,0x0F,0xFC,0x00,0x00,0x00,0xFF,0xC0,0x00,0x00,0x0F,0xFC,0x00,0x00,0x00,0xFF,0xC0,0x00,0x00,0x0F,0xFC,0x00,0x00,
  0x00,0xFF,0xC0,0x00,0x00,0x0F,0xFC,0x00,0x00,0x00,0xFF,0xC0,0x00,0x00,0x0F,0xFC,0x00,0x00,0x00,0xFF,0xC0,0x00,0x00,0x0F,
  0xFC,0x00,0x00,0x00,0xFF,0xC0,0x00,0x00,0x0F,0xFC,0x00,0x00,0x00,0xFF,0xFF,0xFF,0xFF,0xFF,0xFF,0xFF,0xFF,0xFF,0xFF,0xFF,
  0xFF,0xFF,0xFF,0xFF,0xFF,0xFF,0xFF,0xFF,0xFF,0xFF,0xFF,0xFF,0xFF,0xFF,0xFF,0xFF,0xFF,0xFF,0xFF,0xFF,0xFF,0xFF,0xFF,0xFF,
  0xFF,0xFF,0xC0,0x00,0x00,0x0F,0xFC,0x00,0x00,0x00,0xFF,0xC0,0x00,0x00,0x0F,0xFC,0x00,0x00,0x00,0xFF,0xC0,0x00,0x00,0x0F,
  0xFC,0x00,0x00,0x00,0xFF,0xC0,0x00,0x00,0x0F,0xFC,0x00,0x00,0x00,0xFF,0xC0,0x00,0x00,0x0F,0xFC,0x00,0x00,0x00,0xFF,0xC0,
  0x00,0x00,0x0F,0xFC,0x00,0x00,0x00,0xFF,0xC0,0x00,0x00,0x0F,0xFC,0x00,0x00,0x00,0xFF,0xC0,0x00,0x00,0x0F,0xFC,0x00,0x00,
  0x00,0xFF,0xC0,0x00,0x00,0x0F,0xFC,0x00,0x00,0x00,0x00,0x00,0x1F,0xFF,0x00,0x00,0x00,0x00,0xFF,0xFF,0xF8,0x00,0x00,0x03,
  0xFF,0xFF,0xFF,0x00,0x00,0x07,0xFF,0xFF,0xFF,0xE0,0x00,0x07,0xFF,0xFF,0xFF,0xF8,0x00,0x07,0xFF,0xFF,0xFF,0xFF,0x00,0x07,
  0xFF,0xFF,0xFF,0xFF,0xC0,0x07,0xFF,0xFF,0xFF,0xFF,0xE0,0x07,0xFF,0xFC,0x0F,0xFF,0xF8,0x07,0xFF,0xF0,0x00,0x7F,0xFE,0x07,
  0xFF,0xE0,0x00,0x1F,0xFF,0x03,0xFF,0xC0,0x00,0x03,0xFF,0xC3,0xFF,0xC0,0x00,0x00,0xFF,0xE1,0xFF,0xE0,0x00,0x00,0x7F,0xE0,
  0xFF,0xE0,0x00,0x00,0x1F,0x80,0xFF,0xF0,0x00,0x00,0x06,0x00,0x7F,0xF0,0x00,0x00,0x00,0x00,0x3F,0xF8,0x00,0x00,0x00,0x00,
  0x1F,0xF8,0x00,0x00,0x00,0x00,0x1F,0xFC,0x00,0x00,0x00,0x00,0x0F,0xFE,0x00,0x00,0x00,0x00,0x07,0xFF,0x00,0x00,0x00,0x00,
  0x03,0xFF,0x80,0x00,0x00,0x00,0x01,0xFF,0xC0,0x00,0x00,0x00,0x00,0xFF,0xE0,0x00,0x00,0x00,0x00,0x7F,0xE0,0x00,0x0F,0xFF,
  0xFF,0xFF,0xF8,0x00,0x07,0xFF,0xFF,0xFF,0xFC,0x00,0x03,0xFF,0xFF,0xFF,0xFE,0x00,0x01,0xFF,0xFF,0xFF,0xFF,0x00,0x00,0xFF,
  0xFF,0xFF,0xFF,0x80,0x00,0x7F,0xFF,0xFF,0xFF,0xC0,0x00,0x3F,0xFF,0xFF,0xFF,0xE0,0x00,0x1F,0xFF,0xFF,0xBF,0xF0,0x00,0x00,
  0x00,0xFF,0xDF,0xFC,0x00,0x00,0x00,0x7F,0xEF,0xFE,0x00,0x00,0x00,0x3F,0xF7,0xFF,0x80,0x00,0x00,0x1F,0xF9,0xFF,0xC0,0x00,
  0x00,0x0F,0xFC,0xFF,0xF0,0x00,0x00,0x07,0xFE,0x3F,0xFC,0x00,0x00,0x03,0xFF,0x1F,0xFF,0x00,0x00,0x03,0xFF,0x87,0xFF,0xC0,
  0x00,0x07,0xFF,0xC3,0xFF,0xF8,0x00,0x1F,0xFF,0xE0,0xFF,0xFF,0x80,0xFF,0xFF,0xE0,0x3F,0xFF,0xFF,0xFF,0xFF,0xE0,0x0F,0xFF,
  0xFF,0xFF,0xFF,0xE0,0x03,0xFF,0xFF,0xFF,0xFF,0xE0,0x00,0xFF,0xFF,0xFF,0xFF,0xC0,0x00,0x1F,0xFF,0xFF,0xFF,0x80,0x00,0x07,
  0xFF,0xFF,0xFF,0x00,0x00,0x00,0x7F,0xFF,0xFC,0x00,0x00,0x00,0x03,0xFF,0xE0,0x00,0x00,0xFF,0xC0,0x00,0x00,0xFF,0xFF,0xF0,
  0x00,0x00,0x3F,0xFF,0xFC,0x00,0x00,0x0F,0xFF,0xFF,0x00,0x00,0x03,0xFF,0xFF,0xC0,0x00,0x00,0xFF,0xFF,0xF0,0x00,0x00,0x3F,
  0xFF,0xFC,0x00,0x00,0x0F,0xFF,0xFF,0x00,0x00,0x03,0xFF,0xFF,0xC0,0x00,0x00,0xFF,0xFF,0xF0,0x00,0x00,0x3F,0xFF,0xFC,0x00,
  0x00,0x0F,0xFF,0xFF,0x00,0x00,0x03,0xFF,0xFF,0xC0,0x00,0x00,0xFF,0xFF,0xF0,0x00,0x00,0x3F,0xFF,0xFC,0x00,0x00,0x0F,0xFF,
  0xFF,0x00,0x00,0x03,0xFF,0xFF,0xC0,0x00,0x00,0xFF,0xFF,0xF0,0x00,0x00,0x3F,0xFF,0xFC,0x00,0x00,0x0F,0xFF,0xFF,0x00,0x00,
  0x03,0xFF,0xFF,0xFF,0xFF,0xFF,0xFF,0xFF,0xFF,0xFF,0xFF,0xFF,0xFF,0xFF,0xFF,0xFF,0xFF,0xFF,0xFF,0xFF,0xFF,0xFF,0xFF,0xFF,
  0xFF,0xFF,0xFF,0xFF,0xFF,0xFF,0xFF,0xFF,0xFF,0xFF,0xFF,0xFF,0xFF,0xFF,0xFF,0xFF,0xFF,0xFF,0xFF,0xFF,0xFF,0xFF,0xFF,0xFF,
  0xFF,0xFF,0xF0,0x00,0x00,0x3F,0xFF,0xFC,0x00,0x00,0x0F,0xFF,0xFF,0x00,0x00,0x03,0xFF,0xFF,0xC0,0x00,0x00,0xFF,0xFF,0xF0,
  0x00,0x00,0x3F,0xFF,0xFC,0x00,0x00,0x0F,0xFF,0xFF,0x00,0x00,0x03,0xFF,0xFF,0xC0,0x00,0x00,0xFF,0xFF,0xF0,0x00,0x00,0x3F,
  0xFF,0xFC,0x00,0x00,0x0F,0xFF,0xFF,0x00,0x00,0x03,0xFF,0xFF,0xC0,0x00,0x00,0xFF,0xFF,0xF0,0x00,0x00,0x3F,0xFF,0xFC,0x00,
  0x00,0x0F,0xFF,0xFF,0x00,0x00,0x03,0xFF,0xFF,0xC0,0x00,0x00,0xFF,0xFF,0xF0,0x00,0x00,0x3F,0xFF,0xFC,0x00,0x00,0x0F,0xFF,
  0xFF,0x00,0x00,0x03,0xFF,0xFF,0xC0,0x00,0x00,0xFF,0xFF,0xF0,0x00,0x00,0x3F,0xF0,0xFF,0xFF,0xFF,0xFF,0xFF,0xFF,0xFF,0xFF,
  0xFF,0xFF,0xFF,0xFF,0xFF,0xFF,0xFF,0xFF,0xFF,0xFF,0xFF,0xFF,0xFF,0xFF,0xFF,0xFF,0xFF,0xFF,0xFF,0xFF,0xFF,0xFF,0xFF,0xFF,
  0xFF,0xFF,0xFF,0xFF,0xFF,0xFF,0xFF,0xFF,0xFF,0xFF,0xFF,0xFF,0xFF,0xFF,0xFF,0xFF,0xFF,0xFF,0xFF,0xFF,0xFF,0xFF,0xFF,0xFF,
  0xFF,0xFF,0xFF,0xFF,0xFF,0xFF,0xF0,0x00,0x03,0xFF,0xFF,0xC0,0x00,0xFF,0xFF,0xF0,0x00,0x3F,0xFF,0xFC,0x00,0x0F,0xFF,0xFF,
  0x00,0x03,0xFF,0xFF,0xC0,0x00,0xFF,0xFF,0xF0,0x00,0x3F,0xFF,0xFC,0x00,0x0F,0xFF,0xFF,0x00,0x00,0x00,0xFF,0xC0,0x00,0x00,
  0x3F,0xF0,0x00,0x00,0x0F,0xFC,0x00,0x00,0x03,0xFF,0x00,0x00,0x00,0xFF,0xC0,0x00,0x00,0x3F,0xF0,0x00,0x00,0x0F,0xFC,0x00,
  0x00,0x03,0xFF,0x00,0x00,0x00,0xFF,0xC0,0x00,0x00,0x3F,0xF0,0x00,0x00,0x0F,0xFC,0x00,0x00,0x03,0xFF,0x00,0x00,0x00,0xFF,
  0xC0,0x00,0x00,0x3F,0xF0,0x00,0x00,0x0F,0xFC,0x00,0x00,0x03,0xFF,0x00,0x00,0x00,0xFF,0xC0,0x00,0x00,0x3F,0xF0,0x00,0x00,
  0x0F,0xFC,0x00,0x00,0x03,0xFF,0x00,0x00,0x00,0xFF,0xC0,0x00,0x00,0x3F,0xF0,0x00,0x00,0x0F,0xFC,0x00,0x00,0x03,0xFF,0x00,
  0x00,0x00,0xFF,0xC0,0x00,0x00,0x3F,0xF0,0x00,0x00,0x0F,0xFC,0x07,0x80,0x03,0xFF,0xFF,0xE0,0x00,0xFF,0xFF,0xF8,0x00,0x7F,
  0xFF,0xFE,0x00,0x1F,0xFD,0xFF,0xC0,0x07,0xFF,0x7F,0xF0,0x03,0xFF,0x9F,0xFE,0x01,0xFF,0xE3,0xFF,0xE1,0xFF,0xF8,0xFF,0xFF,
  0xFF,0xFC,0x1F,0xFF,0xFF,0xFF,0x03,0xFF,0xFF,0xFF,0x80,0xFF,0xFF,0xFF,0xC0,0x1F,0xFF,0xFF,0xE0,0x01,0xFF,0xFF,0xE0,0x00,
  0x1F,0xFF,0xF0,0x00,0x00,0xFF,0xE0,0x00,0xFF,0xC0,0x00,0x00,0xFF,0xF3,0xFF,0x00,0x00,0x07,0xFF,0x8F,0xFC,0x00,0x00,0x3F,
  0xFC,0x3F,0xF0,0x00,0x01,0xFF,0xE0,0xFF,0xC0,0x00,0x0F,0xFF,0x03,0xFF,0x00,0x00,0x7F,0xF8,0x0F,0xFC,0x00,0x03,0xFF,0xC0,
  0x3F,0xF0,0x00,0x1F,0xFE,0x00,0xFF,0xC0,0x00,0xFF,0xF0,0x03,0xFF,0x00,0x07,0xFF,0x80,0x0F,0xFC,0x00,0x3F,0xFC,0x00,0x3F,
  0xF0,0x01,0xFF,0xE0,0x00,0xFF,0xC0,0x0F,0xFF,0x00,0x03,0xFF,0x00,0x7F,0xF8,0x00,0x0F,0xFC,0x03,0xFF,0xC0,0x00,0x3F,0xF0,
  0x1F,0xFE,0x00,0x00,0xFF,0xC0,0xFF,0xF0,0x00,0x03,0xFF,0x07,0xFF,0x80,0x00,0x0F,0xFC,0x3F,0xFC,0x00,0x00,0x3F,0xF1,0xFF,
  0xE0,0x00,0x00,0xFF,0xCF,0xFF,0x00,0x00,0x03,0xFF,0x7F,0xFC,0x00,0x00,0x0F,0xFF,0xFF,0xF8,0x00,0x00,0x3F,0xFF,0xFF,0xE0,
  0x00,0x00,0xFF,0xFF,0xFF,0xC0,0x00,0x03,0xFF,0xFF,0xFF,0x80,0x00,0x0F,0xFF,0xFF,0xFF,0x00,0x00,0x3F,0xFF,0xDF,0xFE,0x00,
  0x00,0xFF,0xFE,0x7F,0xF8,0x00,0x03,0xFF,0xE0,0xFF,0xF0,0x00,0x0F,0xFF,0x01,0xFF,0xE0,0x00,0x3F,0xF8,0x03,0xFF,0xC0,0x00,
  0xFF,0xC0,0x0F,0xFF,0x80,0x03,0xFF,0x00,0x1F,0xFE,0x00,0x0F,0xFC,0x00,0x3F,0xFC,0x00,0x3F,0xF0,0x00,0x7F,0xF8,0x00,0xFF,
  0xC0,0x00,0xFF,0xF0,0x03,0xFF,0x00,0x03,0xFF,0xC0,0x0F,0xFC,0x00,0x07,0xFF,0x80,0x3F,0xF0,0x00,0x0F,0xFF,0x00,0xFF,0xC0,
  0x00,0x1F,0xFE,0x03,0xFF,0x00,0x00,0x7F,0xFC,0x0F,0xFC,0x00,0x00,0xFF,0xF0,0x3F,0xF0,0x00,0x01,0xFF,0xE0,0xFF,0xC0,0x00,
  0x03,0xFF,0xC3,0xFF,0x00,0x00,0x07,0xFF,0x8F,0xFC,0x00,0x00,0x1F,0xFF,0x3F,0xF0,0x00,0x00,0x3F,0xFC,0xFF,0xC0,0x00,0x00,
  0x7F,0xFB,0xFF,0x00,0x00,0x00,0xFF,0xF0,0xFF,0xC0,0x00,0x00,0x07,0xFE,0x00,0x00,0x00,0x3F,0xF0,0x00,0x00,0x01,0xFF,0x80,
  0x00,0x00,0x0F,0xFC,0x00,0x00,0x00,0x7F,0xE0,0x00,0x00,0x03,0xFF,0x00,0x00,0x00,0x1F,0xF8,0x00,0x00,0x00,0xFF,0xC0,0x00,
  0x00,0x07,0xFE,0x00,0x00,0x00,0x3F,0xF0,0x00,0x00,0x01,0xFF,0x80,0x00,0x00,0x0F,0xFC,0x00,0x00,0x00,0x7F,0xE0,0x00,0x00,
  0x03,0xFF,0x00,0x00,0x00,0x1F,0xF8,0x00,0x00,0x00,0xFF,0xC0,0x00,0x00,0x07,0xFE,0x00,0x00,0x00,0x3F,0xF0,0x00,0x00,0x01,
  0xFF,0x80,0x00,0x00,0x0F,0xFC,0x00,0x00,0x00,0x7F,0xE0,0x00,0x00,0x03,0xFF,0x00,0x00,0x00,0x1F,0xF8,0x00,0x00,0x00,0xFF,
  0xC0,0x00,0x00,0x07,0xFE,0x00,0x00,0x00,0x3F,0xF0,0x00,0x00,0x01,0xFF,0x80,0x00,0x00,0x0F,0xFC,0x00,0x00,0x00,0x7F,0xE0,
  0x00,0x00,0x03,0xFF,0x00,0x00,0x00,0x1F,0xF8,0x00,0x00,0x00,0xFF,0xC0,0x00,0x00,0x07,0xFE,0x00,0x00,0x00,0x3F,0xF0,0x00,
  0x00,0x01,0xFF,0x80,0x00,0x00,0x0F,0xFC,0x00,0x00,0x00,0x7F,0xE0,0x00,0x00,0x03,0xFF,0x00,0x00,0x00,0x1F,0xF8,0x00,0x00,
  0x00,0xFF,0xC0,0x00,0x00,0x07,0xFE,0x00,0x00,0x00,0x3F,0xFF,0xFF,0xFF,0xFF,0xFF,0xFF,0xFF,0xFF,0xFF,0xFF,0xFF,0xFF,0xFF,
  0xFF,0xFF,0xFF,0xFF,0xFF,0xFF,0xFF,0xFF,0xFF,0xFF,0xFF,0xFF,0xFF,0xFF,0xFF,0xFF,0xFF,0xFF,0xFF,0xFF,0xFF,0xFF,0xFF,0xC0,
  0xFF,0xFC,0x00,0x00,0x0F,0xFF,0xFF,0xFF,0x00,0x00,0x03,0xFF,0xFF,0xFF,0xE0,0x00,0x01,0xFF,0xFF,0xFF,0xF8,0x00,0x00,0x7F,
  0xFF,0xFF,0xFE,0x00,0x00,0x1F,0xFF,0xFF,0xFF,0xC0,0x00,0x07,0xFF,0xFF,0xFF,0xF0,0x00,0x03,0xFF,0xFF,0xFF,0xFC,0x00,0x00,
  0xFF,0xFF,0xFF,0xFF,0x00,0x00,0x3F,0xFF,0xFF,0xFF,0xE0,0x00,0x1F,0xFF,0xFF,0xFF,0xF8,0x00,0x07,0xFF,0xFF,0xFF,0xFE,0x00,
  0x01,0xFF,0xFF,0xFF,0xBF,0xC0,0x00,0xFF,0x7F,0xFF,0xEF,0xF0,0x00,0x3F,0xDF,0xFF,0xFB,0xFC,0x00,0x0F,0xF7,0xFF,0xFE,0xFF,
  0x80,0x07,0xFD,0xFF,0xFF,0x9F,0xE0,0x01,0xFE,0x7F,0xFF,0xE7,0xF8,0x00,0x7F,0x9F,0xFF,0xF9,0xFF,0x00,0x1F,0xE7,0xFF,0xFE,
  0x3F,0xC0,0x0F,0xF1,0xFF,0xFF,0x8F,0xF0,0x03,0xFC,0x7F,0xFF,0xE3,0xFE,0x00,0xFF,0x1F,0xFF,0xF8,0xFF,0x80,0x7F,0xC7,0xFF,
  0xFE,0x1F,0xE0,0x1F,0xE1,0xFF,0xFF,0x87,0xFC,0x07,0xF8,0x7F,0xFF,0xE1,0xFF,0x03,0xFE,0x1F,0xFF,0xF8,0x3F,0xC0,0xFF,0x07,
  0xFF,0xFE,0x0F,0xF0,0x3F,0xC1,0xFF,0xFF,0x83,0xFE,0x1F,0xF0,0x7F,0xFF,0xE0,0x7F,0x87,0xF8,0x1F,0xFF,0xF8,0x1F,0xE1,0xFE,
  0x07,0xFF,0xFE,0x07,0xFC,0x7F,0x81,0xFF,0xFF,0x80,0xFF,0x3F,0xC0,0x7F,0xFF,0xE0,0x3F,0xCF,0xF0,0x1F,0xFF,0xF8,0x0F,0xF3,
  0xFC,0x07,0xFF,0xFE,0x01,0xFF,0xFE,0x01,0xFF,0xFF,0x80,0x7F,0xFF,0x80,0x7F,0xFF,0xE0,0x1F,0xFF,0xE0,0x1F,0xFF,0xF8,0x03,
  0xFF,0xF0,0x07,0xFF,0xFE,0x00,0xFF,0xFC,0x01,0xFF,0xFF,0x80,0x3F,0xFF,0x00,0x7F,0xFF,0xE0,0x07,0xFF,0x80,0x1F,0xFF,0xF8,
  0x01,0xFF,0xE0,0x07,0xFF,0xFE,0x00,0x7F,0xF8,0x01,0xFF,0xFF,0x80,0x1F,0xFE,0x00,0x7F,0xFF,0xE0,0x03,0xFF,0x00,0x1F,0xFF,
  0xF8,0x00,0xFF,0xC0,0x07,0xFF,0xFE,0x00,0x3F,0xF0,0x01,0xFF,0xFF,0x80,0x07,0xF8,0x00,0x7F,0xFF,0xE0,0x01,0xFE,0x00,0x1F,
  0xF0,0xFF,0xF0,0x00,0x00,0x7F,0xFF,0xFE,0x00,0x00,0x1F,0xFF,0xFF,0x80,0x00,0x07,0xFF,0xFF,0xF0,0x00,0x01,0xFF,0xFF,0xFC,
  0x00,0x00,0x7F,0xFF,0xFF,0x80,0x00,0x1F,0xFF,0xFF,0xE0,0x00,0x07,0xFF,0xFF,0xFC,0x00,0x01,0xFF,0xFF,0xFF,0x80,0x00,0x7F,
  0xFF,0xFF,0xE0,0x00,0x1F,0xFF,0xFF,0xFC,0x00,0x07,0xFF,0xFF,0xFF,0x00,0x01,0xFF,0xFF,0xFF,0xE0,0x00,0x7F,0xFF,0xFF,0xF8,
  0x00,0x1F,0xFF,0xFB,0xFF,0x00,0x07,0xFF,0xFE,0x7F,0xC0,0x01,0xFF,0xFF,0x9F,0xF8,0x00,0x7F,0xFF,0xE3,0xFF,0x00,0x1F,0xFF,
  0xF8,0xFF,0xC0,0x07,0xFF,0xFE,0x1F,0xF8,0x01,0xFF,0xFF,0x87,0xFE,0x00,0x7F,0xFF,0xE0,0xFF,0xC0,0x1F,0xFF,0xF8,0x3F,0xF0,
  0x07,0xFF,0xFE,0x07,0xFE,0x01,0xFF,0xFF,0x80,0xFF,0xC0,0x7F,0xFF,0xE0,0x3F,0xF0,0x1F,0xFF,0xF8,0x07,0xFE,0x07,0xFF,0xFE,
  0x01,0xFF,0x81,0xFF,0xFF,0x80,0x3F,0xF0,0x7F,0xFF,0xE0,0x0F,0xFC,0x1F,0xFF,0xF8,0x01,0xFF,0x87,0xFF,0xFE,0x00,0x3F,0xF1,
  0xFF,0xFF,0x80,0x0F,0xFC,0x7F,0xFF,0xE0,0x01,0xFF,0x9F,0xFF,0xF8,0x00,0x7F,0xE7,0xFF,0xFE,0x00,0x0F,0xFD,0xFF,0xFF,0x80,
  0x03,0xFF,0x7F,0xFF,0xE0,0x00,0x7F,0xFF,0xFF,0xF8,0x00,0x1F,0xFF,0xFF,0xFE,0x00,0x03,0xFF,0xFF,0xFF,0x80,0x00,0x7F,0xFF,
  0xFF,0xE0,0x00,0x1F,0xFF,0xFF,0xF8,0x00,0x03,0xFF,0xFF,0xFE,0x00,0x00,0xFF,0xFF,0xFF,0x80,0x00,0x1F,0xFF,0xFF,0xE0,0x00,
  0x07,0xFF,0xFF,0xF8,0x00,0x00,0xFF,0xFF,0xFE,0x00,0x00,0x1F,0xFF,0xFF,0x80,0x00,0x07,0xFF,0xFF,0xE0,0x00,0x00,0xFF,0xF0,
  0x00,0x00,0x1F,0xFE,0x00,0x00,0x00,0x00,0x7F,0xFF,0xF8,0x00,0x00,0x00,0xFF,0xFF,0xFF,0x80,0x00,0x00,0x7F,0xFF,0xFF,0xF8,
  0x00,0x00,0x7F,0xFF,0xFF,0xFF,0x80,0x00,0x3F,0xFF,0xFF,0xFF,0xF0,0x00,0x1F,0xFF,0xFF,0xFF,0xFE,0x00,0x0F,0xFF,0xFF,0xFF,
  0xFF,0xC0,0x07,0xFF,0xFC,0x0F,0xFF,0xF8,0x03,0xFF,0xF8,0x00,0x7F,0xFF,0x00,0xFF,0xF8,0x00,0x07,0xFF,0xC0,0x7F,0xFC,0x00,
  0x00,0xFF,0xF8,0x1F,0xFE,0x00,0x00,0x1F,0xFE,0x0F,0xFF,0x00,0x00,0x03,0xFF,0xC3,0xFF,0x80,0x00,0x00,0x7F,0xF1,0xFF,0xE0,
  0x00,0x00,0x1F,0xFE,0x7F,0xF0,0x00,0x00,0x03,0xFF,0x9F,0xFC,0x00,0x00,0x00,0xFF,0xE7,0xFE,0x00,0x00,0x00,0x3F,0xFB,0xFF,
  0x80,0x00,0x00,0x07,0xFF,0xFF,0xE0,0x00,0x00,0x01,0xFF,0xFF,0xF8,0x00,0x00,0x00,0x7F,0xFF,0xFE,0x00,0x00,0x00,0x1F,0xFF,
  0xFF,0x80,0x00,0x00,0x07,0xFF,0xFF,0xE0,0x00,0x00,0x01,0xFF,0xFF,0xF0,0x00,0x00,0x00,0x7F,0xFF,0xFE,0x00,0x00,0x00,0x1F,
  0xFF,0xFF,0x80,0x00,0x00,0x07,0xFF,0xFF,0xE0,0x00,0x00,0x01,0xFF,0xFF,0xF8,0x00,0x00,0x00,0x7F,0xFF,0xFE,0x00,0x00,0x00,
  0x1F,0xFF,0xFF,0x80,0x00,0x00,0x07,0xFF,0xFF,0xE0,0x00,0x00,0x01,0xFF,0x9F,0xFC,0x00,0x00,0x00,0xFF,0xE7,0xFF,0x00,0x00,
  0x00,0x3F,0xF9,0xFF,0xC0,0x00,0x00,0x0F,0xFE,0x7F,0xF8,0x00,0x00,0x07,0xFF,0x0F,0xFE,0x00,0x00,0x01,0xFF,0xC3,0xFF,0xC0,
  0x00,0x00,0xFF,0xE0,0x7F,0xF8,0x00,0x00,0x7F,0xF8,0x1F,0xFF,0x00,0x00,0x3F,0xFC,0x03,0xFF,0xE0,0x00,0x1F,0xFF,0x00,0x7F,
  0xFE,0x00,0x1F,0xFF,0x80,0x1F,0xFF,0xF0,0x3F,0xFF,0xC0,0x03,0xFF,0xFF,0xFF,0xFF,0xF0,0x00,0x7F,0xFF,0xFF,0xFF,0xF8,0x00,
  0x0F,0xFF,0xFF,0xFF,0xFC,0x00,0x01,0xFF,0xFF,0xFF,0xFC,0x00,0x00,0x1F,0xFF,0xFF,0xFE,0x00,0x00,0x01,0xFF,0xFF,0xFE,0x00,
  0x00,0x00,0x1F,0xFF,0xFE,0x00,0x00,0x00,0x00,0x7F,0xF8,0x00,0x00,0xFF,0xFF,0xFF,0xF0,0x00,0x7F,0xFF,0xFF,0xFF,0x00,0x3F,
  0xFF,0xFF,0xFF,0xF0,0x1F,0xFF,0xFF,0xFF,0xFC,0x0F,0xFF,0xFF,0xFF,0xFF,0x07,0xFF,0xFF,0xFF,0xFF,0xC3,0xFF,0xFF,0xFF,0xFF,
  0xF1,0xFF,0xFF,0xFF,0xFF,0xFC,0xFF,0xC0,0x00,0xFF,0xFE,0x7F,0xE0,0x00,0x0F,0xFF,0xBF,0xF0,0x00,0x03,0xFF,0xDF,0xF8,0x00,
  0x00,0xFF,0xEF,0xFC,0x00,0x00,0x7F,0xF7,0xFE,0x00,0x00,0x1F,0xFF,0xFF,0x00,0x00,0x0F,0xFF,0xFF,0x80,0x00,0x07,0xFF,0xFF,
  0xC0,0x00,0x03,0xFF,0xFF,0xE0,0x00,0x01,0xFF,0xFF,0xF0,0x00,0x00,0xFF,0xDF,0xF8,0x00,0x00,0xFF,0xEF,0xFC,0x00,0x00,0x7F,
  0xF7,0xFE,0x00,0x00,0x7F,0xFB,0xFF,0x00,0x00,0x7F,0xF9,0xFF,0x80,0x00,0xFF,0xFC,0xFF,0xFF,0xFF,0xFF,0xFC,0x7F,0xFF,0xFF,
  0xFF,0xFE,0x3F,0xFF,0xFF,0xFF,0xFE,0x1F,0xFF,0xFF,0xFF,0xFE,0x0F,0xFF,0xFF,0xFF,0xFE,0x07,0xFF,0xFF,0xFF,0xFC,0x03,0xFF,
  0xFF,0xFF,0xF8,0x01,0xFF,0xFF,0xFF,0xE0,0x00,0xFF,0xC0,0x00,0x00,0x00,0x7F,0xE0,0x00,0x00,0x00,0x3F,0xF0,0x00,0x00,0x00,
  0x1F,0xF8,0x00,0x00,0x00,0x0F,0xFC,0x00,0x00,0x00,0x07,0xFE,0x00,0x00,0x00,0x03,0xFF,0x00,0x00,0x00,0x01,0xFF,0x80,0x00,
  0x00,0x00,0xFF,0xC0,0x00,0x00,0x00,0x7F,0xE0,0x00,0x00,0x00,0x3F,0xF0,0x00,0x00,0x00,0x1F,0xF8,0x00,0x00,0x00,0x0F,0xFC,
  0x00,0x00,0x00,0x07,0xFE,0x00,0x00,0x00,0x03,0xFF,0x00,0x00,0x00,0x01,0xFF,0x80,0x00,0x00,0x00,0xFF,0xC0,0x00,0x00,0x00,
  0x7F,0xE0,0x00,0x00,0x00,0x00,0x00,0x00,0x1F,0xFE,0x00,0x00,0x00,0x00,0x7F,0xFF,0xF8,0x00,0x00,0x00,0x7F,0xFF,0xFF,0x80,
  0x00,0x00,0x7F,0xFF,0xFF,0xF8,0x00,0x00,0x7F,0xFF,0xFF,0xFF,0x80,0x00,0x3F,0xFF,0xFF,0xFF,0xF0,0x00,0x1F,0xFF,0xFF,0xFF,
  0xFE,0x00,0x0F,0xFF,0xFF,0xFF,0xFF,0xC0,0x07,0xFF,0xFC,0x0F,0xFF,0xF8,0x03,0xFF,0xF8,0x00,0x7F,0xFE,0x00,0xFF,0xF8,0x00,
  0x07,0xFF,0xC0,0x7F,0xFC,0x00,0x00,0xFF,0xF8,0x1F,0xFE,0x00,0x00,0x1F,0xFE,0x0F,0xFF,0x00,0x00,0x03,0xFF,0xC3,0xFF,0x80,
  0x00,0x00,0x7F,0xF1,0xFF,0xE0,0x00,0x00,0x1F,0xFC,0x7F,0xF0,0x00,0x00,0x03,0xFF,0x9F,0xFC,0x00,0x00,0x00,0xFF,0xE7,0xFE,
  0x00,0x00,0x00,0x3F,0xFB,0xFF,0x80,0x00,0x00,0x07,0xFE,0xFF,0xE0,0x00,0x00,0x01,0xFF,0xFF,0xF8,0x00,0x00,0x00,0x7F,0xFF,
  0xFE,0x00,0x00,0x00,0x1F,0xFF,0xFF,0x80,0x00,0x00,0x07,0xFF,0xFF,0xE0,0x00,0x00,0x01,0xFF,0xFF,0xF0,0x00,0x00,0x00,0x7F,
  0xFF,0xFC,0x00,0x00,0x00,0x1F,0xFF,0xFF,0x80,0x00,0x00,0x07,0xFF,0xFF,0xE0,0x00,0x00,0x01,0xFF,0xFF,0xF8,0x00,0x00,0x00,
  0x7F,0xFF,0xFE,0x00,0x00,0x00,0x1F,0xFF,0xFF,0x80,0x00,0x00,0x07,0xFF,0xFF,0xE0,0x00,0x00,0x01,0xFF,0xDF,0xF8,0x00,0x00,
  0x00,0xFF,0xE7,0xFF,0x00,0x00,0x00,0x3F,0xF9,0xFF,0xC0,0x00,0x00,0x0F,0xFE,0x7F,0xF8,0x00,0x00,0x07,0xFF,0x8F,0xFE,0x00,
  0x00,0x01,0xFF,0xC3,0xFF,0xC0,0x00,0x00,0xFF,0xF0,0x7F,0xF0,0x00,0x00,0x3F,0xF8,0x1F,0xFE,0x00,0x00,0x1F,0xFE,0x03,0xFF,
  0xE0,0x00,0x1F,0xFF,0x00,0xFF,0xFC,0x00,0x0F,0xFF,0xC0,0x1F,0xFF,0xC0,0x0F,0xFF,0xE0,0x03,0xFF,0xFF,0xFF,0xFF,0xF0,0x00,
  0x7F,0xFF,0xFF,0xFF,0xF8,0x00,0x0F,0xFF,0xFF,0xFF,0xFC,0x00,0x01,0xFF,0xFF,0xFF,0xFE,0x00,0x00,0x3F,0xFF,0xFF,0xFF,0x00,
  0x00,0x03,0xFF,0xFF,0xFF,0x00,0x00,0x00,0x3F,0xFF,0xFF,0x00,0x00,0x00,0x00,0xFF,0xFF,0x00,0x00,0x00,0x00,0x07,0xFF,0x00,
  0x00,0x00,0x00,0x01,0xFF,0xC0,0x00,0x00,0x00,0x00,0x3F,0xF8,0x00,0x00,0x00,0x00,0x0F,0xFF,0x00,0x00,0x00,0x00,0x01,0xFF,
  0xE0,0x00,0x00,0x00,0x00,0x7F,0xFE,0x00,0x00,0x00,0x00,0x0F,0xFF,0xFF,0x80,0x00,0x00,0x03,0xFF,0xFF,0xE0,0x00,0x00,0x00,
  0x7F,0xFF,0xF8,0x00,0x00,0x00,0x0F,0xFF,0xFE,0x00,0x00,0x00,0x01,0xFF,0xFF,0x80,0x00,0x00,0x00,0x3F,0xFF,0xE0,0x00,0x00,
  0x00,0x03,0xFF,0xF8,0x00,0x00,0x00,0x00,0x3F,0xF8,0x00,0xFF,0xFF,0xFF,0xFC,0x00,0x07,0xFF,0xFF,0xFF,0xFE,0x00,0x3F,0xFF,
  0xFF,0xFF,0xFC,0x01,0xFF,0xFF,0xFF,0xFF,0xF8,0x0F,0xFF,0xFF,0xFF,0xFF,0xE0,0x7F,0xFF,0xFF,0xFF,0xFF,0x83,0xFF,0xFF,0xFF,
  0xFF,0xFE,0x1F,0xFF,0xFF,0xFF,0xFF,0xF0,0xFF,0xC0,0x00,0x1F,0xFF,0xC7,0xFE,0x00,0x00,0x1F,0xFE,0x3F,0xF0,0x00,0x00,0x7F,
  0xF9,0xFF,0x80,0x00,0x01,0xFF,0xCF,0xFC,0x00,0x00,0x0F,0xFE,0x7F,0xE0,0x00,0x00,0x7F,0xF3,0xFF,0x00,0x00,0x03,0xFF,0x9F,
  0xF8,0x00,0x00,0x0F,0xFC,0xFF,0xC0,0x00,0x00,0xFF,0xE7,0xFE,0x00,0x00,0x07,0xFF,0x3F,0xF0,0x00,0x00,0x3F,0xF9,0xFF,0x80,
  0x00,0x03,0xFF,0x8F,0xFC,0x00,0x00,0x1F,0xFC,0x7F,0xE0,0x00,0x03,0xFF,0xE3,0xFF,0x00,0x00,0x7F,0xFE,0x1F,0xFF,0xFF,0xFF,
  0xFF,0xE0,0xFF,0xFF,0xFF,0xFF,0xFF,0x07,0xFF,0xFF,0xFF,0xFF,0xF0,0x3F,0xFF,0xFF,0xFF,0xFF,0x01,0xFF,0xFF,0xFF,0xFF,0xE0,
  0x0F,0xFF,0xFF,0xFF,0xFC,0x00,0x7F,0xFF,0xFF,0xFF,0xC0,0x03,0xFF,0xFF,0xFF,0xFE,0x00,0x1F,0xF8,0x00,0x3F,0xF8,0x00,0xFF,
  0xC0,0x01,0xFF,0xC0,0x07,0xFE,0x00,0x07,0xFF,0x00,0x3F,0xF0,0x00,0x3F,0xFC,0x01,0xFF,0x80,0x00,0xFF,0xE0,0x0F,0xFC,0x00,
  0x03,0xFF,0x80,0x7F,0xE0,0x00,0x1F,0xFE,0x03,0xFF,0x00,0x00,0x7F,0xF0,0x1F,0xF8,0x00,0x03,0xFF,0xC0,0xFF,0xC0,0x00,0x0F,
  0xFF,0x07,0xFE,0x00,0x00,0x3F,0xF8,0x3F,0xF0,0x00,0x01,0xFF,0xE1,0xFF,0x80,0x00,0x07,0xFF,0x0F,0xFC,0x00,0x00,0x3F,0xFC,
  0x7F,0xE0,0x00,0x00,0xFF,0xF3,0xFF,0x00,0x00,0x03,0xFF,0x9F,0xF8,0x00,0x00,0x1F,0xFE,0xFF,0xC0,0x00,0x00,0x7F,0xFF,0xFE,
  0x00,0x00,0x03,0xFF,0xC0,0x00,0x01,0xFF,0xF8,0x00,0x00,0x03,0xFF,0xFF,0xF0,0x00,0x01,0xFF,0xFF,0xFF,0x80,0x00,0x7F,0xFF,
  0xFF,0xFC,0x00,0x3F,0xFF,0xFF,0xFF,0xC0,0x0F,0xFF,0xFF,0xFF,0xFC,0x01,0xFF,0xFF,0xFF,0xFF,0xC0,0x7F,0xFF,0x87,0xFF,0xF8,
  0x1F,0xFF,0x00,0x0F,0xFF,0x83,0xFF,0x80,0x00,0xFF,0xF0,0x7F,0xE0,0x00,0x0F,0xFE,0x0F,0xFC,0x00,0x00,0xFF,0xE3,0xFF,0x80,
  0x00,0x1F,0xFC,0x7F,0xF0,0x00,0x01,0xE0,0x0F,0xFE,0x00,0x00,0x00,0x01,0xFF,0xC0,0x00,0x00,0x00,0x3F,0xF8,0x00,0x00,0x00,
  0x03,0xFF,0x80,0x00,0x00,0x00,0x7F,0xFC,0x00,0x00,0x00,0x0F,0xFF,0xE0,0x00,0x00,0x00,0xFF,0xFF,0xC0,0x00,0x00,0x1F,0xFF,
  0xFF,0xC0,0x00,0x01,0xFF,0xFF,0xFF,0x80,0x00,0x1F,0xFF,0xFF,0xFE,0x00,0x01,0xFF,0xFF,0xFF,0xF0,0x00,0x1F,0xFF,0xFF,0xFF,
  0x80,0x00,0xFF,0xFF,0xFF,0xF8,0x00,0x03,0xFF,0xFF,0xFF,0x80,0x00,0x07,0xFF,0xFF,0xF8,0x00,0x00,0x0F,0xFF,0xFF,0x00,0x00,
  0x00,0x1F,0xFF,0xF0,0x00,0x00,0x00,0x7F,0xFE,0x00,0x00,0x00,0x03,0xFF,0xE0,0x00,0x00,0x00,0x1F,0xFC,0x00,0x00,0x00,0x03,
  0xFF,0x80,0x00,0x00,0x00,0x3F,0xF0,0x00,0x00,0x00,0x07,0xFE,0x03,0x80,0x00,0x00,0xFF,0xDF,0xF8,0x00,0x00,0x1F,0xFF,0xFF,
  0x00,0x00,0x03,0xFF,0x7F,0xF0,0x00,0x00,0xFF,0xEF,0xFF,0x00,0x00,0x3F,0xFD,0xFF,0xF0,0x00,0x0F,0xFF,0x1F,0xFF,0xC0,0x07,
  0xFF,0xE1,0xFF,0xFF,0xFF,0xFF,0xF8,0x3F,0xFF,0xFF,0xFF,0xFF,0x03,0xFF,0xFF,0xFF,0xFF,0xC0,0x3F,0xFF,0xFF,0xFF,0xF0,0x01,
  0xFF,0xFF,0xFF,0xF8,0x00,0x1F,0xFF,0xFF,0xFE,0x00,0x00,0x7F,0xFF,0xFE,0x00,0x00,0x00,0xFF,0xFC,0x00,0x00,0xFF,0xFF,0xFF,
  0xFF,0xFF,0xFF,0xFF,0xFF,0xFF,0xFF,0xFF,0xFF,0xFF,0xFF,0xFF,0xFF,0xFF,0xFF,0xFF,0xFF,0xFF,0xFF,0xFF,0xFF,0xFF,0xFF,0xFF,
  0xFF,0xFF,0xFF,0xFF,0xFF,0xFF,0xFF,0xFF,0xFF,0xFF,0xFF,0xFF,0xFF,0xFF,0xFF,0x00,0x00,0xFF,0xC0,0x00,0x00,0x00,0x3F,0xF0,
  0x00,0x00,0x00,0x0F,0xFC,0x00,0x00,0x00,0x03,0xFF,0x00,0x00,0x00,0x00,0xFF,0xC0,0x00,0x00,0x00,0x3F,0xF0,0x00,0x00,0x00,
  0x0F,0xFC,0x00,0x00,0x00,0x03,0xFF,0x00,0x00,0x00,0x00,0xFF,0xC0,0x00,0x00,0x00,0x3F,0xF0,0x00,0x00,0x00,0x0F,0xFC,0x00,
  0x00,0x00,0x03,0xFF,0x00,0x00,0x00,0x00,0xFF,0xC0,0x00,0x00,0x00,0x3F,0xF0,0x00,0x00,0x00,0x0F,0xFC,0x00,0x00,0x00,0x03,
  0xFF,0x00,0x00,0x00,0x00,0xFF,0xC0,0x00,0x00,0x00,0x3F,0xF0,0x00,0x00,0x00,0x0F,0xFC,0x00,0x00,0x00,0x03,0xFF,0x00,0x00,
  0x00,0x00,0xFF,0xC0,0x00,0x00,0x00,0x3F,0xF0,0x00,0x00,0x00,0x0F,0xFC,0x00,0x00,0x00,0x03,0xFF,0x00,0x00,0x00,0x00,0xFF,
  0xC0,0x00,0x00,0x00,0x3F,0xF0,0x00,0x00,0x00,0x0F,0xFC,0x00,0x00,0x00,0x03,0xFF,0x00,0x00,0x00,0x00,0xFF,0xC0,0x00,0x00,
  0x00,0x3F,0xF0,0x00,0x00,0x00,0x0F,0xFC,0x00,0x00,0x00,0x03,0xFF,0x00,0x00,0x00,0x00,0xFF,0xC0,0x00,0x00,0x00,0x3F,0xF0,
  0x00,0x00,0x00,0x0F,0xFC,0x00,0x00,0x00,0x03,0xFF,0x00,0x00,0x00,0x00,0xFF,0xC0,0x00,0x00,0x00,0x3F,0xF0,0x00,0x00,0x00,
  0x0F,0xFC,0x00,0x00,0x00,0x03,0xFF,0x00,0x00,0x00,0x00,0xFF,0xC0,0x00,0x00,0x00,0x3F,0xF0,0x00,0x00,0xFF,0xE0,0x00,0x00,
  0x7F,0xFF,0xFE,0x00,0x00,0x07,0xFF,0xFF,0xE0,0x00,0x00,0x7F,0xFF,0xFE,0x00,0x00,0x07,0xFF,0xFF,0xE0,0x00,0x00,0x7F,0xFF,
  0xFE,0x00,0x00,0x07,0xFF,0xFF,0xE0,0x00,0x00,0x7F,0xFF,0xFE,0x00,0x00,0x07,0xFF,0xFF,0xE0,0x00,0x00,0x7F,0xFF,0xFE,0x00,
  0x00,0x07,0xFF,0xFF,0xE0,0x00,0x00,0x7F,0xFF,0xFE,0x00,0x00,0x07,0xFF,0xFF,0xE0,0x00,0x00,0x7F,0xFF,0xFE,0x00,0x00,0x07,
  0xFF,0xFF,0xE0,0x00,0x00,0x7F,0xFF,0xFE,0x00,0x00,0x07,0xFF,0xFF,0xE0,0x00,0x00,0x7F,0xFF,0xFE,0x00,0x00,0x07,0xFF,0xFF,
  0xE0,0x00,0x00,0x7F,0xFF,0xFE,0x00,0x00,0x07,0xFF,0xFF,0xE0,0x00,0x00,0x7F,0xFF,0xFE,0x00,0x00,0x07,0xFF,0xFF,0xE0,0x00,
  0x00,0x7F,0xFF,0xFE,0x00,0x00,0x07,0xFF,0xFF,0xE0,0x00,0x00,0x7F,0xFF,0xFE,0x00,0x00,0x07,0xFF,0xFF,0xE0,0x00,0x00,0x7F,
  0xFF,0xFE,0x00,0x00,0x07,0xFF,0xFF,0xE0,0x00,0x00,0x7F,0xFF,0xFE,0x00,0x00,0x07,0xFF,0xFF,0xE0,0x00,0x00,0x7F,0xFF,0xFE,
  0x00,0x00,0x07,0xFF,0xFF,0xE0,0x00,0x00,0x7F,0xFF,0xFE,0x00,0x00,0x07,0xFF,0xFF,0xE0,0x00,0x00,0x7F,0xE7,0xFE,0x00,0x00,
  0x0F,0xFE,0x7F,0xF0,0x00,0x00,0xFF,0xE7,0xFF,0x00,0x00,0x0F,0xFE,0x7F,0xF8,0x00,0x01,0xFF,0xE3,0xFF,0x80,0x00,0x3F,0xFC,
  0x3F,0xFC,0x00,0x07,0xFF,0xC3,0xFF,0xF0,0x00,0xFF,0xF8,0x1F,0xFF,0xE0,0x7F,0xFF,0x80,0xFF,0xFF,0xFF,0xFF,0xF0,0x0F,0xFF,
  0xFF,0xFF,0xFE,0x00,0x7F,0xFF,0xFF,0xFF,0xC0,0x03,0xFF,0xFF,0xFF,0xF8,0x00,0x0F,0xFF,0xFF,0xFF,0x00,0x00,0x7F,0xFF,0xFF,
  0xC0,0x00,0x00,0xFF,0xFF,0xE0,0x00,0x00,0x01,0xFF,0xF0,0x00,0x00,0xFF,0xE0,0x00,0x00,0x0F,0xFF,0xFF,0x80,0x00,0x00,0x7F,
  0xFF,0xFE,0x00,0x00,0x01,0xFF,0xDF,0xFC,0x00,0x00,0x07,0xFE,0x7F,0xF0,0x00,0x00,0x3F,0xF9,0xFF,0xC0,0x00,0x00,0xFF,0xE3,
  0xFF,0x00,0x00,0x03,0xFF,0x0F,0xFE,0x00,0x00,0x1F,0xFC,0x1F,0xF8,0x00,0x00,0x7F,0xF0,0x7F,0xE0,0x00,0x01,0xFF,0x81,0xFF,
  0xC0,0x00,0x0F,0xFE,0x03,0xFF,0x00,0x00,0x3F,0xF0,0x0F,0xFC,0x00,0x00,0xFF,0xC0,0x3F,0xF8,0x00,0x07,0xFF,0x00,0x7F,0xE0,
  0x00,0x1F,0xF8,0x01,0xFF,0x80,0x00,0x7F,0xE0,0x07,0xFF,0x00,0x01,0xFF,0x80,0x0F,0xFC,0x00,0x0F,0xFC,0x00,0x3F,0xF0,0x00,
  0x3F,0xF0,0x00,0x7F,0xE0,0x00,0xFF,0xC0,0x01,0xFF,0x80,0x07,0xFE,0x00,0x07,0xFE,0x00,0x1F,0xF8,0x00,0x0F,0xFC,0x00,0x7F,
  0xC0,0x00,0x3F,0xF0,0x03,0xFF,0x00,0x00,0xFF,0xC0,0x0F,0xFC,0x00,0x01,0xFF,0x00,0x3F,0xE0,0x00,0x07,0xFE,0x01,0xFF,0x80,
  0x00,0x1F,0xF8,0x07,0xFE,0x00,0x00,0x3F,0xE0,0x1F,0xF0,0x00,0x00,0xFF,0xC0,0xFF,0xC0,0x00,0x01,0xFF,0x03,0xFE,0x00,0x00,
  0x07,0xFC,0x0F,0xF8,0x00,0x00,0x1F,0xF8,0x7F,0xE0,0x00,0x00,0x3F,0xE1,0xFF,0x00,0x00,0x00,0xFF,0x87,0xFC,0x00,0x00,0x03,
  0xFF,0x1F,0xF0,0x00,0x00,0x07,0xFC,0xFF,0x80,0x00,0x00,0x1F,0xF3,0xFE,0x00,0x00,0x00,0x3F,0xCF,0xF8,0x00,0x00,0x00,0xFF,
  0xBF,0xC0,0x00,0x00,0x03,0xFF,0xFF,0x00,0x00,0x00,0x07,0xFF,0xF8,0x00,0x00,0x00,0x1F,0xFF,0xE0,0x00,0x00,0x00,0x7F,0xFF,
  0x80,0x00,0x00,0x00,0xFF,0xFC,0x00,0x00,0x00,0x03,0xFF,0xF0,0x00,0x00,0x00,0x0F,0xFF,0xC0,0x00,0x00,0x00,0x1F,0xFE,0x00,
  0x00,0x00,0x00,0x7F,0xF8,0x00,0x00,0x00,0x00,0xFF,0xE0,0x00,0x00,0xFF,0xE0,0x00,0x0F,0xFF,0x00,0x00,0x7F,0xFF,0xFE,0x00,
  0x00,0xFF,0xF0,0x00,0x07,0xFF,0x7F,0xE0,0x00,0x0F,0xFF,0x80,0x00,0x7F,0xE7,0xFE,0x00,0x01,0xFF,0xF8,0x00,0x07,0xFE,0x7F,
  0xF0,0x00,0x1F,0xFF,0x80,0x00,0xFF,0xE7,0xFF,0x00,0x01,0xFF,0xF8,0x00,0x0F,0xFE,0x3F,0xF0,0x00,0x1F,0xFF,0x80,0x00,0xFF,
  0xC3,0xFF,0x00,0x03,0xFF,0xFC,0x00,0x0F,0xFC,0x3F,0xF8,0x00,0x3F,0xFF,0xC0,0x01,0xFF,0xC3,0xFF,0x80,0x03,0xFF,0xFC,0x00,
  0x1F,0xFC,0x1F,0xF8,0x00,0x3F,0xFF,0xC0,0x01,0xFF,0x81,0xFF,0x80,0x03,0xFF,0xFE,0x00,0x1F,0xF8,0x1F,0xF8,0x00,0x7F,0xFF,
  0xE0,0x01,0xFF,0x81,0xFF,0xC0,0x07,0xFB,0xFE,0x00,0x3F,0xF8,0x0F,0xFC,0x00,0x7F,0x9F,0xE0,0x03,0xFF,0x00,0xFF,0xC0,0x07,
  0xF9,0xFF,0x00,0x3F,0xF0,0x0F,0xFC,0x00,0xFF,0x9F,0xF0,0x03,0xFF,0x00,0xFF,0xE0,0x0F,0xF9,0xFF,0x00,0x3F,0xE0,0x07,0xFE,
  0x00,0xFF,0x1F,0xF0,0x07,0xFE,0x00,0x7F,0xE0,0x0F,0xF0,0xFF,0x80,0x7F,0xE0,0x07,0xFE,0x00,0xFF,0x0F,0xF8,0x07,0xFE,0x00,
  0x7F,0xE0,0x1F,0xF0,0xFF,0x80,0x7F,0xC0,0x03,0xFF,0x01,0xFF,0x0F,0xF8,0x0F,0xFC,0x00,0x3F,0xF0,0x1F,0xE0,0x7F,0x80,0xFF,
  0xC0,0x03,0xFF,0x01,0xFE,0x07,0xFC,0x0F,0xFC,0x00,0x1F,0xF0,0x3F,0xE0,0x7F,0xC0,0xFF,0x80,0x01,0xFF,0x83,0xFE,0x07,0xFC,
  0x0F,0xF8,0x00,0x1F,0xF8,0x3F,0xC0,0x3F,0xC1,0xFF,0x80,0x01,0xFF,0x83,0xFC,0x03,0xFE,0x1F,0xF8,0x00,0x0F,0xF8,0x7F,0xC0,
  0x3F,0xE1,0xFF,0x00,0x00,0xFF,0x87,0xFC,0x03,0xFE,0x1F,0xF0,0x00,0x0F,0xFC,0x7F,0x80,0x3F,0xE1,0xFF,0x00,0x00,0xFF,0xC7,
  0xF8,0x01,0xFE,0x3F,0xF0,0x00,0x07,0xFC,0x7F,0x80,0x1F,0xF3,0xFE,0x00,0x00,0x7F,0xCF,0xF8,0x01,0xFF,0x3F,0xE0,0x00,0x07,
  0xFC,0xFF,0x80,0x1F,0xF3,0xFE,0x00,0x00,0x7F,0xEF,0xF0,0x00,0xFF,0x7F,0xE0,0x00,0x03,0xFE,0xFF,0x00,0x0F,0xF7,0xFC,0x00,
  0x00,0x3F,0xEF,0xF0,0x00,0xFF,0x7F,0xC0,0x00,0x03,0xFF,0xFF,0x00,0x0F,0xFF,0xFC,0x00,0x00,0x3F,0xFF,0xE0,0x00,0x7F,0xFF,
  0xC0,0x00,0x01,0xFF,0xFE,0x00,0x07,0xFF,0xF8,0x00,0x00,0x1F,0xFF,0xE0,0x00,0x7F,0xFF,0x80,0x00,0x01,0xFF,0xFE,0x00,0x07,
  0xFF,0xF8,0x00,0x00,0x1F,0xFF,0xC0,0x00,0x7F,0xFF,0x80,0x00,0x00,0xFF,0xFC,0x00,0x03,0xFF,0xF0,0x00,0x00,0x0F,0xFF,0xC0,
  0x00,0x3F,0xFF,0x00,0x00,0x00,0xFF,0xFC,0x00,0x03,0xFF,0xF0,0x00,0x00,0x0F,0xFF,0xC0,0x00,0x3F,0xFF,0x00,0x00,0x00,0x7F,
  0xF8,0x00,0x01,0xFF,0xE0,0x00,0x7F,0xF0,0x00,0x00,0x3F,0xF8,0xFF,0xE0,0x00,0x01,0xFF,0xC1,0xFF,0xC0,0x00,0x0F,0xFE,0x07,
  0xFF,0x00,0x00,0x3F,0xF8,0x0F,0xFE,0x00,0x01,0xFF,0xC0,0x1F,0xFC,0x00,0x07,0xFF,0x00,0x7F,0xF0,0x00,0x3F,0xF8,0x00,0xFF,
  0xE0,0x01,0xFF,0xC0,0x01,0xFF,0x80,0x07,0xFF,0x00,0x07,0xFF,0x00,0x3F,0xF8,0x00,0x0F,0xFE,0x01,0xFF,0xC0,0x00,0x1F,0xF8,
  0x07,0xFF,0x00,0x00,0x7F,0xF0,0x3F,0xF8,0x00,0x00,0xFF,0xE0,0xFF,0xC0,0x00,0x01,0xFF,0x87,0xFF,0x00,0x00,0x07,0xFF,0x3F,
  0xF8,0x00,0x00,0x0F,0xFC,0xFF,0xE0,0x00,0x00,0x1F,0xFF,0xFF,0x00,0x00,0x00,0x7F,0xFF,0xF8,0x00,0x00,0x00,0xFF,0xFF,0xE0,
  0x00,0x00,0x01,0xFF,0xFF,0x00,0x00,0x00,0x07,0xFF,0xF8,0x00,0x00,0x00,0x0F,0xFF,0xE0,0x00,0x00,0x00,0x1F,0xFF,0x00,0x00,
  0x00,0x00,0xFF,0xFC,0x00,0x00,0x00,0x03,0xFF,0xF8,0x00,0x00,0x00,0x1F,0xFF,0xF0,0x00,0x00,0x00,0xFF,0xFF,0xC0,0x00,0x00,
  0x03,0xFF,0xFF,0x80,0x00,0x00,0x1F,0xFF,0xFF,0x00,0x00,0x00,0xFF,0xFF,0xFC,0x00,0x00,0x03,0xFF,0x3F,0xF8,0x00,0x00,0x1F,
  0xFC,0xFF,0xE0,0x00,0x00,0xFF,0xE1,0xFF,0xC0,0x00,0x03,0xFF,0x03,0xFF,0x80,0x00,0x1F,0xFC,0x0F,0xFE,0x00,0x00,0xFF,0xE0,
  0x1F,0xFC,0x00,0x03,0xFF,0x00,0x3F,0xF8,0x00,0x1F,0xFC,0x00,0xFF,0xE0,0x00,0xFF,0xE0,0x01,0xFF,0xC0,0x03,0xFF,0x80,0x07,
  0xFF,0x80,0x1F,0xFC,0x00,0x0F,0xFE,0x00,0xFF,0xE0,0x00,0x1F,0xFC,0x03,0xFF,0x80,0x00,0x7F,0xF0,0x1F,0xFC,0x00,0x00,0xFF,
  0xE0,0x7F,0xE0,0x00,0x01,0xFF,0xC3,0xFF,0x80,0x00,0x07,0xFF,0x1F,0xFC,0x00,0x00,0x0F,0xFE,0x7F,0xF0,0x00,0x00,0x3F,0xFF,
  0xFF,0x80,0x00,0x00,0x7F,0xF0,0xFF,0xE0,0x00,0x00,0x1F,0xFD,0xFF,0xC0,0x00,0x00,0xFF,0xE3,0xFF,0x80,0x00,0x03,0xFF,0x0F,
  0xFE,0x00,0x00,0x1F,0xFC,0x1F,0xFC,0x00,0x00,0xFF,0xE0,0x7F,0xF0,0x00,0x03,0xFF,0x80,0xFF,0xE0,0x00,0x1F,0xFC,0x01,0xFF,
  0x80,0x00,0x7F,0xF0,0x07,0xFF,0x00,0x03,0xFF,0x80,0x0F,0xFC,0x00,0x0F,0xFC,0x00,0x3F,0xF8,0x00,0x7F,0xF0,0x00,0x7F,0xE0,
  0x01,0xFF,0x80,0x00,0xFF,0xC0,0x0F,0xFE,0x00,0x03,0xFF,0x00,0x3F,0xF0,0x00,0x07,0xFE,0x01,0xFF,0x80,0x00,0x1F,0xFC,0x0F,
  0xFE,0x00,0x00,0x3F,0xF0,0x3F,0xF0,0x00,0x00,0xFF,0xE1,0xFF,0xC0,0x00,0x01,0xFF,0x87,0xFE,0x00,0x00,0x03,0xFF,0x3F,0xF0,
  0x00,0x00,0x0F,0xFC,0xFF,0xC0,0x00,0x00,0x1F,0xFF,0xFE,0x00,0x00,0x00,0x7F,0xFF,0xF8,0x00,0x00,0x00,0xFF,0xFF,0xC0,0x00,
  0x00,0x01,0xFF,0xFF,0x00,0x00,0x00,0x07,0xFF,0xF8,0x00,0x00,0x00,0x0F,0xFF,0xC0,0x00,0x00,0x00,0x3F,0xFF,0x00,0x00,0x00,
  0x00,0x7F,0xF8,0x00,0x00,0x00,0x00,0xFF,0xE0,0x00,0x00,0x00,0x03,0xFF,0x00,0x00,0x00,0x00,0x0F,0xFC,0x00,0x00,0x00,0x00,
  0x3F,0xF0,0x00,0x00,0x00,0x00,0xFF,0xC0,0x00,0x00,0x00,0x03,0xFF,0x00,0x00,0x00,0x00,0x0F,0xFC,0x00,0x00,0x00,0x00,0x3F,
  0xF0,0x00,0x00,0x00,0x00,0xFF,0xC0,0x00,0x00,0x00,0x03,0xFF,0x00,0x00,0x00,0x00,0x0F,0xFC,0x00,0x00,0x00,0x00,0x3F,0xF0,
  0x00,0x00,0x00,0x00,0xFF,0xC0,0x00,0x00,0x00,0x03,0xFF,0x00,0x00,0x00,0x00,0x0F,0xFC,0x00,0x00,0x00,0x00,0x3F,0xF0,0x00,
  0x00,0x00,0x00,0xFF,0xC0,0x00,0x00,0x00,0x03,0xFF,0x00,0x00,0x00,0x00,0x0F,0xFC,0x00,0x00,0x00,0x00,0x3F,0xF0,0x00,0x00,
  0x00,0x00,0xFF,0xC0,0x00,0x00,0x00,0x03,0xFF,0x00,0x00,0x00,0x1F,0xFF,0xFF,0xFF,0xFE,0x1F,0xFF,0xFF,0xFF,0xFE,0x1F,0xFF,
  0xFF,0xFF,0xFE,0x1F,0xFF,0xFF,0xFF,0xFE,0x1F,0xFF,0xFF,0xFF,0xFE,0x1F,0xFF,0xFF,0xFF,0xFE,0x1F,0xFF,0xFF,0xFF,0xFE,0x1F,
  0xFF,0xFF,0xFF,0xFC,0x00,0x00,0x00,0x3F,0xFC,0x00,0x00,0x00,0x3F,0xF8,0x00,0x00,0x00,0x7F,0xF0,0x00,0x00,0x00,0xFF,0xE0,
  0x00,0x00,0x01,0xFF,0xC0,0x00,0x00,0x01,0xFF,0xC0,0x00,0x00,0x03,0xFF,0x80,0x00,0x00,0x07,0xFF,0x00,0x00,0x00,0x0F,0xFE,
  0x00,0x00,0x00,0x0F,0xFE,0x00,0x00,0x00,0x1F,0xFC,0x00,0x00,0x00,0x3F,0xF8,0x00,0x00,0x00,0x7F,0xF0,0x00,0x00,0x00,0xFF,
  0xE0,0x00,0x00,0x00,0xFF,0xE0,0x00,0x00,0x01,0xFF,0xC0,0x00,0x00,0x03,0xFF,0x80,0x00,0x00,0x07,0xFF,0x00,0x00,0x00,0x07,
  0xFF,0x00,0x00,0x00,0x0F,0xFE,0x00,0x00,0x00,0x1F,0xFC,0x00,0x00,0x00,0x3F,0xF8,0x00,0x00,0x00,0x3F,0xF8,0x00,0x00,0x00,
  0x7F,0xF0,0x00,0x00,0x00,0xFF,0xE0,0x00,0x00,0x01,0xFF,0xC0,0x00,0x00,0x03,0xFF,0x80,0x00,0x00,0x03,0xFF,0x80,0x00,0x00,
  0x07,0xFF,0x00,0x00,0x00,0x0F,0xFE,0x00,0x00,0x00,0x1F,0xFC,0x00,0x00,0x00,0x1F,0xFC,0x00,0x00,0x00,0x3F,0xF8,0x00,0x00,
  0x00,0x7F,0xF0,0x00,0x00,0x00,0xFF,0xFF,0xFF,0xFF,0xFF,0xFF,0xFF,0xFF,0xFF,0xFF,0xFF,0xFF,0xFF,0xFF,0xFF,0xFF,0xFF,0xFF,
  0xFF,0xFF,0xFF,0xFF,0xFF,0xFF,0xFF,0xFF,0xFF,0xFF,0xFF,0xFF,0xFF,0xFF,0xFF,0xFF,0xFF,0xFF,0xFF,0xFF,0xFF,0xFF,0xFF,0xFF,
  0xFF,0xFF,0xFF,0xFF,0xFF,0xFF,0xFF,0xFF,0xFF,0xFF,0xFF,0xFF,0xFF,0xFF,0xFF,0xFC,0x00,0xFF,0x80,0x1F,0xF0,0x03,0xFE,0x00,
  0x7F,0xC0,0x0F,0xF8,0x01,0xFF,0x00,0x3F,0xE0,0x07,0xFC,0x00,0xFF,0x80,0x1F,0xF0,0x03,0xFE,0x00,0x7F,0xC0,0x0F,0xF8,0x01,
  0xFF,0x00,0x3F,0xE0,0x07,0xFC,0x00,0xFF,0x80,0x1F,0xF0,0x03,0xFE,0x00,0x7F,0xC0,0x0F,0xF8,0x01,0xFF,0x00,0x3F,0xE0,0x07,
  0xFC,0x00,0xFF,0x80,0x1F,0xF0,0x03,0xFE,0x00,0x7F,0xC0,0x0F,0xF8,0x01,0xFF,0x00,0x3F,0xE0,0x07,0xFC,0x00,0xFF,0x80,0x1F,
  0xF0,0x03,0xFE,0x00,0x7F,0xC0,0x0F,0xF8,0x01,0xFF,0x00,0x3F,0xE0,0x07,0xFC,0x00,0xFF,0x80,0x1F,0xF0,0x03,0xFE,0x00,0x7F,
  0xC0,0x0F,0xF8,0x01,0xFF,0x00,0x3F,0xE0,0x07,0xFC,0x00,0xFF,0x80,0x1F,0xF0,0x03,0xFE,0x00,0x7F,0xC0,0x0F,0xFF,0xFF,0xFF,
  0xFF,0xFF,0xFF,0xFF,0xFF,0xFF,0xFF,0xFF,0xFF,0xFF,0xFF,0xFF,0xFF,0x80,0xFF,0x00,0x3F,0xC0,0x0F,0xF8,0x03,0xFE,0x00,0x7F,
  0x80,0x1F,0xE0,0x07,0xF8,0x01,0xFF,0x00,0x7F,0xC0,0x1F,0xF0,0x03,0xFC,0x00,0xFF,0x00,0x3F,0xE0,0x0F,0xF8,0x03,0xFE,0x00,
  0x7F,0x80,0x1F,0xE0,0x07,0xFC,0x01,0xFF,0x00,0x7F,0xC0,0x0F,0xF0,0x03,0xFC,0x00,0xFF,0x80,0x3F,0xE0,0x0F,0xF8,0x01,0xFE,
  0x00,0x7F,0x80,0x1F,0xE0,0x07,0xFC,0x01,0xFF,0x00,0x7F,0xC0,0x0F,0xF0,0x03,0xFC,0x00,0xFF,0x80,0x3F,0xE0,0x0F,0xF8,0x01,
  0xFE,0x00,0x7F,0x80,0x1F,0xF0,0x07,0xFC,0x01,0xFF,0x00,0x3F,0xC0,0x0F,0xF0,0x03,0xFE,0x00,0xFF,0x80,0x3F,0xE0,0x0F,0xF8,
  0x01,0xFE,0x00,0x7F,0xC0,0x1F,0xF0,0x07,0xFC,0x01,0xFF,0x00,0x3F,0xC0,0xFF,0xFF,0xFF,0xFF,0xFF,0xFF,0xFF,0xFF,0xFF,0xFF,
  0xFF,0xFF,0xFF,0xFF,0xFF,0xFF,0xF8,0x01,0xFF,0x00,0x3F,0xE0,0x07,0xFC,0x00,0xFF,0x80,0x1F,0xF0,0x03,0xFE,0x00,0x7F,0xC0,
  0x0F,0xF8,0x01,0xFF,0x00,0x3F,0xE0,0x07,0xFC,0x00,0xFF,0x80,0x1F,0xF0,0x03,0xFE,0x00,0x7F,0xC0,0x0F,0xF8,0x01,0xFF,0x00,
  0x3F,0xE0,0x07,0xFC,0x00,0xFF,0x80,0x1F,0xF0,0x03,0xFE,0x00,0x7F,0xC0,0x0F,0xF8,0x01,0xFF,0x00,0x3F,0xE0,0x07,0xFC,0x00,
  0xFF,0x80,0x1F,0xF0,0x03,0xFE,0x00,0x7F,0xC0,0x0F,0xF8,0x01,0xFF,0x00,0x3F,0xE0,0x07,0xFC,0x00,0xFF,0x80,0x1F,0xF0,0x03,
  0xFE,0x00,0x7F,0xC0,0x0F,0xF8,0x01,0xFF,0x00,0x3F,0xE0,0x07,0xFC,0x00,0xFF,0x80,0x1F,0xF0,0x03,0xFE,0x00,0x7F,0xC0,0x0F,
  0xF8,0x01,0xFF,0x00,0x3F,0xE0,0x07,0xFC,0x00,0xFF,0x80,0x1F,0xFF,0xFF,0xFF,0xFF,0xFF,0xFF,0xFF,0xFF,0xFF,0xFF,0xFF,0xFF,
  0xFF,0xFF,0xFF,0xFF,0xFF,0x80,0x00,0x07,0xFF,0x80,0x00,0x00,0x1F,0xFE,0x00,0x00,0x00,0xFF,0xFC,0x00,0x00,0x03,0xFF,0xF0,
  0x00,0x00,0x1F,0xFF,0xE0,0x00,0x00,0x7F,0xFF,0x80,0x00,0x03,0xFC,0xFF,0x00,0x00,0x0F,0xF3,0xFC,0x00,0x00,0x7F,0x8F,0xF8,
  0x00,0x01,0xFE,0x1F,0xE0,0x00,0x07,0xF8,0x7F,0x80,0x00,0x3F,0xC0,0xFF,0x00,0x00,0xFF,0x03,0xFC,0x00,0x07,0xF8,0x07,0xF8,
  0x00,0x1F,0xE0,0x1F,0xE0,0x00,0xFF,0x00,0x3F,0xC0,0x03,0xFC,0x00,0xFF,0x00,0x1F,0xF0,0x03,0xFE,0x00,0x7F,0x80,0x07,0xF8,
  0x01,0xFE,0x00,0x1F,0xE0,0x0F,0xF0,0x00,0x3F,0xC0,0x3F,0xC0,0x00,0xFF,0x01,0xFE,0x00,0x01,0xFE,0x07,0xF8,0x00,0x07,0xF8,
  0x3F,0xC0,0x00,0x1F,0xF0,0xFF,0x00,0x00,0x3F,0xC3,0xFC,0x00,0x00,0xFF,0x9F,0xE0,0x00,0x01,0xFE,0x7F,0x80,0x00,0x07,0xFB,
  0xFC,0x00,0x00,0x0F,0xFF,0xF0,0x00,0x00,0x3F,0xC0,0xFF,0xFF,0xFF,0xFF,0xFF,0xFF,0xFF,0xFF,0xFF,0xFF,0xFF,0xFF,0xFF,0xFF,
  0xFF,0xFC,0xFF,0xC0,0x3F,0xF8,0x03,0xFF,0x00,0x7F,0xE0,0x0F,0xF8,0x01,0xFF,0x00,0x1F,0xE0,0x03,0xFC,0x00,0x7F,0x80,0x0F,
  0xF0,0x00,0xFC,0x00,0x07,0xFE,0x00,0x00,0x00,0xFF,0xFF,0x80,0x00,0x07,0xFF,0xFF,0xC0,0x00,0x1F,0xFF,0xFF,0xC0,0x00,0x7F,
  0xFF,0xFF,0xC0,0x01,0xFF,0xFF,0xFF,0xC0,0x07,0xFF,0xEF,0xFF,0xC0,0x0F,0xFE,0x03,0xFF,0x80,0x1F,0xF8,0x03,0xFF,0x00,0x7F,
  0xF0,0x03,0xFF,0x00,0xFF,0xC0,0x07,0xFE,0x00,0x3F,0x80,0x0F,0xFC,0x00,0x00,0x00,0x1F,0xF8,0x00,0x00,0x00,0x3F,0xF0,0x00,
  0x00,0x00,0x7F,0xE0,0x00,0x00,0x00,0xFF,0xC0,0x00,0x3F,0xFF,0xFF,0x80,0x03,0xFF,0xFF,0xFF,0x00,0x1F,0xFF,0xFF,0xFE,0x00,
  0x7F,0xFF,0xFF,0xFC,0x01,0xFF,0xFF,0xFF,0xF8,0x07,0xFF,0xF0,0x3F,0xF0,0x1F,0xFE,0x00,0x7F,0xE0,0x3F,0xF8,0x00,0xFF,0xC0,
  0x7F,0xE0,0x01,0xFF,0x81,0xFF,0xC0,0x03,0xFF,0x03,0xFF,0x80,0x07,0xFE,0x07,0xFE,0x00,0x1F,0xFC,0x0F,0xFE,0x00,0x3F,0xF8,
  0x1F,0xFC,0x00,0xFF,0xF0,0x3F,0xF8,0x01,0xFF,0xE0,0x7F,0xF8,0x0F,0xFF,0xE0,0x7F,0xF8,0x3F,0xFF,0xC0,0xFF,0xFF,0xFE,0xFF,
  0xE9,0xFF,0xFF,0xF9,0xFF,0xF9,0xFF,0xFF,0xE3,0xFF,0xF1,0xFF,0xFF,0x83,0xFF,0xE1,0xFF,0xFE,0x07,0xFF,0xC1,0xFF,0xF8,0x07,
  0xFF,0x80,0x7F,0x80,0x01,0xF8,0xFF,0xC0,0x00,0x00,0x0F,0xFC,0x00,0x00,0x00,0xFF,0xC0,0x00,0x00,0x0F,0xFC,0x00,0x00,0x00,
  0xFF,0xC0,0x00,0x00,0x0F,0xFC,0x00,0x00,0x00,0xFF,0xC0,0x00,0x00,0x0F,0xFC,0x00,0x00,0x00,0xFF,0xC0,0x00,0x00,0x0F,0xFC,
  0x00,0x00,0x00,0xFF,0xC0,0x00,0x00,0x0F,0xFC,0x00,0x00,0x00,0xFF,0xC0,0x00,0x00,0x0F,0xFC,0x03,0xFC,0x00,0xFF,0xC1,0xFF,
  0xF8,0x0F,0xFC,0x3F,0xFF,0xC0,0xFF,0xCF,0xFF,0xFE,0x0F,0xFC,0xFF,0xFF,0xF0,0xFF,0xDF,0xFF,0xFF,0x8F,0xFF,0xFF,0xFF,0xF8,
  0xFF,0xFE,0x07,0xFF,0xCF,0xFF,0xC0,0x3F,0xFC,0xFF,0xF8,0x01,0xFF,0xEF,0xFF,0x00,0x0F,0xFE,0xFF,0xE0,0x00,0xFF,0xEF,0xFE,
  0x00,0x07,0xFE,0xFF,0xE0,0x00,0x7F,0xFF,0xFC,0x00,0x07,0xFF,0xFF,0xC0,0x00,0x7F,0xFF,0xFC,0x00,0x03,0xFF,0xFF,0xC0,0x00,
  0x3F,0xFF,0xFC,0x00,0x03,0xFF,0xFF,0xC0,0x00,0x3F,0xFF,0xFC,0x00,0x03,0xFF,0xFF,0xC0,0x00,0x3F,0xFF,0xFC,0x00,0x03,0xFF,
  0xFF,0xC0,0x00,0x7F,0xFF,0xFC,0x00,0x07,0xFF,0xFF,0xC0,0x00,0x7F,0xFF,0xFE,0x00,0x07,0xFF,0xFF,0xE0,0x00,0x7F,0xEF,0xFE,
  0x00,0x0F,0xFE,0xFF,0xF0,0x00,0xFF,0xEF,0xFF,0x00,0x1F,0xFC,0xFF,0xF8,0x03,0xFF,0xCF,0xFF,0xE0,0x7F,0xFC,0xFF,0xFF,0xFF,
  0xFF,0x8F,0xFD,0xFF,0xFF,0xF0,0xFF,0xDF,0xFF,0xFF,0x0F,0xFC,0xFF,0xFF,0xE0,0xFF,0xC7,0xFF,0xFC,0x0F,0xFC,0x1F,0xFF,0x00,
  0x00,0x00,0x7F,0xC0,0x00,0x00,0x07,0xFE,0x00,0x00,0x07,0xFF,0xF8,0x00,0x03,0xFF,0xFF,0xC0,0x01,0xFF,0xFF,0xFC,0x00,0x7F,
  0xFF,0xFF,0xC0,0x1F,0xFF,0xFF,0xFC,0x03,0xFF,0xFF,0xFF,0xC0,0xFF,0xF0,0x3F,0xFC,0x3F,0xF8,0x01,0xFF,0x87,0xFF,0x00,0x3F,
  0xF9,0xFF,0xC0,0x03,0xFF,0x3F,0xF0,0x00,0x7F,0xE7,0xFE,0x00,0x07,0xFD,0xFF,0xC0,0x00,0x00,0x3F,0xF8,0x00,0x00,0x07,0xFF,
  0x00,0x00,0x00,0xFF,0xC0,0x00,0x00,0x1F,0xF8,0x00,0x00,0x03,0xFF,0x00,0x00,0x00,0x7F,0xE0,0x00,0x00,0x0F,0xFC,0x00,0x00,
  0x01,0xFF,0x80,0x00,0x00,0x3F,0xF0,0x00,0x00,0x07,0xFE,0x00,0x00,0x00,0xFF,0xE0,0x00,0x00,0x1F,0xFC,0x00,0x00,0x03,0xFF,
  0x80,0x01,0xFF,0xBF,0xF0,0x00,0x3F,0xF7,0xFF,0x00,0x0F,0xFE,0xFF,0xE0,0x01,0xFF,0x8F,0xFE,0x00,0x7F,0xF1,0xFF,0xC0,0x1F,
  0xFC,0x1F,0xFE,0x07,0xFF,0x83,0xFF,0xFF,0xFF,0xE0,0x3F,0xFF,0xFF,0xF8,0x03,0xFF,0xFF,0xFE,0x00,0x3F,0xFF,0xFF,0x80,0x01,
  0xFF,0xFF,0xE0,0x00,0x0F,0xFF,0xF0,0x00,0x00,0x3F,0xF0,0x00,0x00,0x00,0x00,0x3F,0xF0,0x00,0x00,0x03,0xFF,0x00,0x00,0x00,
  0x3F,0xF0,0x00,0x00,0x03,0xFF,0x00,0x00,0x00,0x3F,0xF0,0x00,0x00,0x03,0xFF,0x00,0x00,0x00,0x3F,0xF0,0x00,0x00,0x03,0xFF,
  0x00,0x00,0x00,0x3F,0xF0,0x00,0x00,0x03,0xFF,0x00,0x00,0x00,0x3F,0xF0,0x00,0x00,0x03,0xFF,0x00,0x00,0x00,0x3F,0xF0,0x03,
  0xFE,0x03,0xFF,0x00,0xFF,0xF8,0x3F,0xF0,0x3F,0xFF,0xE3,0xFF,0x07,0xFF,0xFF,0x3F,0xF0,0xFF,0xFF,0xFB,0xFF,0x0F,0xFF,0xFF,
  0xBF,0xF1,0xFF,0xFF,0xFF,0xFF,0x3F,0xFE,0x07,0xFF,0xF3,0xFF,0x80,0x1F,0xFF,0x7F,0xF8,0x00,0xFF,0xF7,0xFF,0x00,0x0F,0xFF,
  0x7F,0xF0,0x00,0x7F,0xF7,0xFE,0x00,0x07,0xFF,0xFF,0xE0,0x00,0x7F,0xFF,0xFE,0x00,0x03,0xFF,0xFF,0xE0,0x00,0x3F,0xFF,0xFC,
  0x00,0x03,0xFF,0xFF,0xC0,0x00,0x3F,0xFF,0xFC,0x00,0x03,0xFF,0xFF,0xC0,0x00,0x3F,0xFF,0xFC,0x00,0x03,0xFF,0xFF,0xC0,0x00,
  0x3F,0xFF,0xFC,0x00,0x03,0xFF,0xFF,0xC0,0x00,0x3F,0xFF,0xFE,0x00,0x03,0xFF,0xFF,0xE0,0x00,0x3F,0xFF,0xFE,0x00,0x07,0xFF,
  0x7F,0xE0,0x00,0x7F,0xF7,0xFF,0x00,0x07,0xFF,0x7F,0xF0,0x00,0xFF,0xF7,0xFF,0x80,0x1F,0xFF,0x3F,0xFC,0x01,0xFF,0xF3,0xFF,
  0xE0,0x7F,0xFF,0x1F,0xFF,0xFF,0xFF,0xF1,0xFF,0xFF,0xFB,0xFF,0x0F,0xFF,0xFF,0xBF,0xF0,0x7F,0xFF,0xF3,0xFF,0x03,0xFF,0xFE,
  0x3F,0xF0,0x0F,0xFF,0x81,0xFF,0x00,0x3F,0xC0,0x00,0x00,0x00,0x07,0xFC,0x00,0x00,0x07,0xFF,0xF0,0x00,0x03,0xFF,0xFF,0x80,
  0x01,0xFF,0xFF,0xF8,0x00,0x7F,0xFF,0xFF,0x80,0x1F,0xFF,0xFF,0xF8,0x07,0xFF,0xC7,0xFF,0x80,0xFF,0xE0,0x3F,0xF8,0x3F,0xF8,
  0x01,0xFF,0x07,0xFE,0x00,0x3F,0xF1,0xFF,0x80,0x03,0xFE,0x3F,0xF0,0x00,0x7F,0xC7,0xFE,0x00,0x0F,0xFD,0xFF,0xC0,0x00,0xFF,
  0xBF,0xF0,0x00,0x1F,0xF7,0xFE,0x00,0x03,0xFE,0xFF,0xFF,0xFF,0xFF,0xDF,0xFF,0xFF,0xFF,0xFB,0xFF,0xFF,0xFF,0xFF,0xFF,0xFF,
  0xFF,0xFF,0xFF,0xFF,0xFF,0xFF,0xFF,0xFF,0xFF,0xFF,0xFF,0xFF,0xF0,0x00,0x00,0x07,0xFE,0x00,0x00,0x00,0xFF,0xC0,0x00,0x00,
  0x1F,0xFC,0x00,0x00,0x03,0xFF,0x80,0x00,0x00,0x3F,0xF0,0x00,0x00,0x07,0xFE,0x00,0x00,0x00,0xFF,0xE0,0x01,0xFC,0x0F,0xFC,
  0x00,0x3F,0xF1,0xFF,0xC0,0x0F,0xFC,0x1F,0xFE,0x03,0xFF,0x83,0xFF,0xFF,0xFF,0xE0,0x3F,0xFF,0xFF,0xF8,0x03,0xFF,0xFF,0xFE,
  0x00,0x3F,0xFF,0xFF,0x80,0x03,0xFF,0xFF,0xE0,0x00,0x1F,0xFF,0xF0,0x00,0x00,0x7F,0xF0,0x00,0x00,0x0F,0xFE,0x00,0x7F,0xFC,
  0x03,0xFF,0xF8,0x07,0xFF,0xF0,0x1F,0xFF,0xE0,0x7F,0xFF,0xC0,0xFF,0xFF,0x81,0xFF,0xC0,0x03,0xFF,0x00,0x07,0xFE,0x00,0x0F,
  0xFC,0x00,0x1F,0xF8,0x00,0x3F,0xF0,0x00,0x7F,0xE0,0x3F,0xFF,0xFF,0xFF,0xFF,0xFF,0xFF,0xFF,0xFF,0xFF,0xFF,0xFF,0xFF,0xFF,
  0xFF,0xFF,0xFF,0xFF,0xFF,0xFF,0xE0,0x7F,0xE0,0x00,0xFF,0xC0,0x01,0xFF,0x80,0x03,0xFF,0x00,0x07,0xFE,0x00,0x0F,0xFC,0x00,
  0x1F,0xF8,0x00,0x3F,0xF0,0x00,0x7F,0xE0,0x00,0xFF,0xC0,0x01,0xFF,0x80,0x03,0xFF,0x00,0x07,0xFE,0x00,0x0F,0xFC,0x00,0x1F,
  0xF8,0x00,0x3F,0xF0,0x00,0x7F,0xE0,0x00,0xFF,0xC0,0x01,0xFF,0x80,0x03,0xFF,0x00,0x07,0xFE,0x00,0x0F,0xFC,0x00,0x1F,0xF8,
  0x00,0x3F,0xF0,0x00,0x7F,0xE0,0x00,0xFF,0xC0,0x01,0xFF,0x80,0x03,0xFF,0x00,0x07,0xFE,0x00,0x0F,0xFC,0x00,0x1F,0xF8,0x00,
  0x00,0x3F,0xE0,0x00,0x00,0x0F,0xFF,0x81,0xFF,0x03,0xFF,0xFE,0x1F,0xF0,0x7F,0xFF,0xF3,0xFF,0x0F,0xFF,0xFF,0xBF,0xF1,0xFF,
  0xFF,0xFB,0xFF,0x1F,0xFF,0xFF,0xFF,0xF3,0xFF,0xE0,0x7F,0xFF,0x3F,0xFC,0x01,0xFF,0xF7,0xFF,0x80,0x0F,0xFF,0x7F,0xF0,0x00,
  0xFF,0xF7,0xFF,0x00,0x07,0xFF,0x7F,0xE0,0x00,0x7F,0xFF,0xFE,0x00,0x07,0xFF,0xFF,0xE0,0x00,0x3F,0xFF,0xFE,0x00,0x03,0xFF,
  0xFF,0xC0,0x00,0x3F,0xFF,0xFC,0x00,0x03,0xFF,0xFF,0xC0,0x00,0x3F,0xFF,0xFC,0x00,0x03,0xFF,0xFF,0xC0,0x00,0x3F,0xFF,0xFC,
  0x00,0x03,0xFF,0xFF,0xC0,0x00,0x3F,0xFF,0xFE,0x00,0x03,0xFF,0xFF,0xE0,0x00,0x3F,0xFF,0xFE,0x00,0x07,0xFF,0x7F,0xE0,0x00,
  0x7F,0xF7,0xFF,0x00,0x07,0xFF,0x7F,0xF0,0x00,0xFF,0xF7,0xFF,0x80,0x0F,0xFF,0x3F,0xFC,0x01,0xFF,0xF3,0xFF,0xE0,0x7F,0xFF,
  0x1F,0xFF,0xFF,0xFF,0xF1,0xFF,0xFF,0xFB,0xFF,0x0F,0xFF,0xFF,0xBF,0xF0,0x7F,0xFF,0xF3,0xFF,0x03,0xFF,0xFE,0x3F,0xF0,0x1F,
  0xFF,0x83,0xFF,0x00,0x3F,0xC0,0x3F,0xF0,0x00,0x00,0x03,0xFF,0x00,0x00,0x00,0x3F,0xF0,0x00,0x00,0x03,0xFF,0x00,0x00,0x00,
  0x7F,0xF1,0xFF,0x00,0x07,0xFE,0x3F,0xF0,0x00,0xFF,0xE3,0xFF,0x80,0x0F,0xFE,0x3F,0xFC,0x03,0xFF,0xC1,0xFF,0xFF,0xFF,0xF8,
  0x0F,0xFF,0xFF,0xFF,0x80,0xFF,0xFF,0xFF,0xF0,0x03,0xFF,0xFF,0xFE,0x00,0x1F,0xFF,0xFF,0x80,0x00,0x7F,0xFF,0xE0,0x00,0x00,
  0xFF,0xF0,0x00,0xFF,0xC0,0x00,0x00,0x1F,0xF8,0x00,0x00,0x03,0xFF,0x00,0x00,0x00,0x7F,0xE0,0x00,0x00,0x0F,0xFC,0x00,0x00,
  0x01,0xFF,0x80,0x00,0x00,0x3F,0xF0,0x00,0x00,0x07,0xFE,0x00,0x00,0x00,0xFF,0xC0,0x00,0x00,0x1F,0xF8,0x00,0x00,0x03,0xFF,
  0x00,0x00,0x00,0x7F,0xE0,0x00,0x00,0x0F,0xFC,0x00,0x00,0x01,0xFF,0x80,0x7F,0x80,0x3F,0xF0,0x3F,0xFE,0x07,0xFE,0x1F,0xFF,
  0xE0,0xFF,0xC7,0xFF,0xFE,0x1F,0xF9,0xFF,0xFF,0xE3,0xFF,0x7F,0xFF,0xFE,0x7F,0xEF,0xFF,0xFF,0xCF,0xFF,0xFF,0xFF,0xF9,0xFF,
  0xF8,0x0F,0xFF,0xBF,0xFE,0x00,0x7F,0xF7,0xFF,0x80,0x0F,0xFE,0xFF,0xF0,0x00,0xFF,0xDF,0xFC,0x00,0x1F,0xFB,0xFF,0x80,0x03,
  0xFF,0xFF,0xE0,0x00,0x7F,0xFF,0xFC,0x00,0x07,0xFF,0xFF,0x80,0x00,0xFF,0xFF,0xF0,0x00,0x1F,0xFF,0xFE,0x00,0x03,0xFF,0xFF,
  0xC0,0x00,0x7F,0xFF,0xF8,0x00,0x0F,0xFF,0xFF,0x00,0x01,0xFF,0xFF,0xE0,0x00,0x3F,0xFF,0xFC,0x00,0x07,0xFF,0xFF,0x80,0x00,
  0xFF,0xFF,0xF0,0x00,0x1F,0xFF,0xFE,0x00,0x03,0xFF,0xFF,0xC0,0x00,0x7F,0xFF,0xF8,0x00,0x0F,0xFF,0xFF,0x00,0x01,0xFF,0xFF,
  0xE0,0x00,0x3F,0xFF,0xFC,0x00,0x07,0xFF,0xFF,0x80,0x00,0xFF,0xFF,0xF0,0x00,0x1F,0xFF,0xFE,0x00,0x03,0xFF,0xFF,0xC0,0x00,
  0x7F,0xFF,0xF8,0x00,0x0F,0xFF,0xFF,0x00,0x01,0xFF,0xFF,0xE0,0x00,0x3F,0xF0,0xFF,0xFF,0xFF,0xFF,0xFF,0xFF,0xFF,0xFF,0xFC,
  0x00,0x00,0x00,0x00,0x00,0x00,0x00,0x00,0x0F,0xFF,0xFF,0xFF,0xFF,0xFF,0xFF,0xFF,0xFF,0xFF,0xFF,0xFF,0xFF,0xFF,0xFF,0xFF,
  0xFF,0xFF,0xFF,0xFF,0xFF,0xFF,0xFF,0xFF,0xFF,0xFF,0xFF,0xFF,0xFF,0xFF,0xFF,0xFF,0xFF,0xFF,0xFF,0xFF,0xFF,0xFF,0xFF,0xFF,
  0xFF,0xFF,0xFF,0xFF,0xFF,0xFF,0xFF,0xFF,0x03,0xFF,0x03,0xFF,0x03,0xFF,0x03,0xFF,0x03,0xFF,0x03,0xFF,0x03,0xFF,0x00,0x00,
  0x00,0x00,0x00,0x00,0x00,0x00,0x00,0x00,0x00,0x00,0x00,0x00,0x03,0xFF,0x03,0xFF,0x03,0xFF,0x03,0xFF,0x03,0xFF,0x03,0xFF,
  0x03,0xFF,0x03,0xFF,0x03,0xFF,0x03,0xFF,0x03,0xFF,0x03,0xFF,0x03,0xFF,0x03,0xFF,0x03,0xFF,0x03,0xFF,0x03,0xFF,0x03,0xFF,
  0x03,0xFF,0x03,0xFF,0x03,0xFF,0x03,0xFF,0x03,0xFF,0x03,0xFF,0x03,0xFF,0x03,0xFF,0x03,0xFF,0x03,0xFF,0x03,0xFF,0x03,0xFF,
  0x03,0xFF,0x03,0xFF,0x03,0xFF,0x03,0xFF,0x03,0xFF,0x03,0xFF,0x03,0xFF,0x03,0xFF,0x03,0xFF,0x03,0xFF,0x03,0xFF,0x03,0xFF,
  0x03,0xFF,0x03,0xFF,0x07,0xFF,0x0F,0xFF,0xFF,0xFE,0xFF,0xFE,0xFF,0xFE,0xFF,0xFC,0xFF,0xF8,0xFF,0xF0,0xFF,0xC0,0xFF,0xC0,
  0x00,0x00,0x1F,0xF8,0x00,0x00,0x03,0xFF,0x00,0x00,0x00,0x7F,0xE0,0x00,0x00,0x0F,0xFC,0x00,0x00,0x01,0xFF,0x80,0x00,0x00,
  0x3F,0xF0,0x00,0x00,0x07,0xFE,0x00,0x00,0x00,0xFF,0xC0,0x00,0x00,0x1F,0xF8,0x00,0x00,0x03,0xFF,0x00,0x00,0x00,0x7F,0xE0,
  0x00,0x00,0x0F,0xFC,0x00,0x00,0x01,0xFF,0x80,0x00,0x00,0x3F,0xF0,0x00,0x7F,0xF7,0xFE,0x00,0x1F,0xFC,0xFF,0xC0,0x07,0xFF,
  0x1F,0xF8,0x01,0xFF,0xC3,0xFF,0x00,0x3F,0xF0,0x7F,0xE0,0x0F,0xFC,0x0F,0xFC,0x03,0xFF,0x01,0xFF,0x80,0xFF,0xC0,0x3F,0xF0,
  0x3F,0xF8,0x07,0xFE,0x0F,0xFE,0x00,0xFF,0xC3,0xFF,0x80,0x1F,0xF8,0xFF,0xE0,0x03,0xFF,0x1F,0xF8,0x00,0x7F,0xE7,0xFE,0x00,
  0x0F,0xFD,0xFF,0x80,0x01,0xFF,0xFF,0xF0,0x00,0x3F,0xFF,0xFF,0x00,0x07,0xFF,0xFF,0xE0,0x00,0xFF,0xFF,0xFE,0x00,0x1F,0xFF,
  0xFF,0xE0,0x03,0xFF,0xFF,0xFC,0x00,0x7F,0xFD,0xFF,0xC0,0x0F,0xFF,0x1F,0xFC,0x01,0xFF,0x81,0xFF,0x80,0x3F,0xF0,0x3F,0xF8,
  0x07,0xFE,0x03,0xFF,0x00,0xFF,0xC0,0x7F,0xF0,0x1F,0xF8,0x07,0xFF,0x03,0xFF,0x00,0x7F,0xE0,0x7F,0xE0,0x0F,0xFE,0x0F,0xFC,
  0x00,0xFF,0xE1,0xFF,0x80,0x1F,0xFC,0x3F,0xF0,0x01,0xFF,0xC7,0xFE,0x00,0x1F,0xF8,0xFF,0xC0,0x03,0xFF,0x9F,0xF8,0x00,0x3F,
  0xFB,0xFF,0x00,0x07,0xFF,0x7F,0xE0,0x00,0x7F,0xF0,0xFF,0xFF,0xFF,0xFF,0xFF,0xFF,0xFF,0xFF,0xFF,0xFF,0xFF,0xFF,0xFF,0xFF,
  0xFF,0xFF,0xFF,0xFF,0xFF,0xFF,0xFF,0xFF,0xFF,0xFF,0xFF,0xFF,0xFF,0xFF,0xFF,0xFF,0xFF,0xFF,0xFF,0xFF,0xFF,0xFF,0xFF,0xFF,
  0xFF,0xFF,0xFF,0xFF,0xFF,0xFF,0xFF,0xFF,0xFF,0xFF,0xFF,0xFF,0xFF,0xFF,0xFF,0xFF,0xFF,0xFF,0xFF,0xFF,0xFF,0xFF,0xFF,0xFF,
  0xFF,0xFF,0xFF,0x00,0x00,0x7F,0x80,0x01,0xFE,0x01,0xFF,0x03,0xFF,0xC0,0x0F,0xFF,0x03,0xFE,0x0F,0xFF,0xC0,0x3F,0xFF,0x07,
  0xFC,0x3F,0xFF,0xC0,0xFF,0xFF,0x0F,0xFC,0xFF,0xFF,0xC3,0xFF,0xFF,0x1F,0xFB,0xFF,0xFF,0xCF,0xFF,0xFF,0x3F,0xF7,0xFF,0xFF,
  0xBF,0xFF,0xFE,0x7F,0xFF,0xFF,0xFF,0x7F,0xFF,0xFE,0xFF,0xFC,0x0F,0xFF,0xF0,0x3F,0xFD,0xFF,0xF0,0x0F,0xFF,0xC0,0x3F,0xFB,
  0xFF,0xC0,0x1F,0xFF,0x00,0x7F,0xF7,0xFF,0x00,0x1F,0xFE,0x00,0x7F,0xEF,0xFE,0x00,0x3F,0xF8,0x00,0xFF,0xFF,0xFC,0x00,0x7F,
  0xF0,0x01,0xFF,0xFF,0xF0,0x00,0xFF,0xE0,0x03,0xFF,0xFF,0xE0,0x01,0xFF,0xC0,0x03,0xFF,0xFF,0xC0,0x03,0xFF,0x00,0x07,0xFF,
  0xFF,0x80,0x07,0xFE,0x00,0x0F,0xFF,0xFF,0x00,0x0F,0xFC,0x00,0x1F,0xFF,0xFE,0x00,0x1F,0xF8,0x00,0x3F,0xFF,0xFC,0x00,0x3F,
  0xF0,0x00,0x7F,0xFF,0xF8,0x00,0x7F,0xE0,0x00,0xFF,0xFF,0xF0,0x00,0xFF,0xC0,0x01,0xFF,0xFF,0xE0,0x01,0xFF,0x80,0x03,0xFF,
  0xFF,0xC0,0x03,0xFF,0x00,0x07,0xFF,0xFF,0x80,0x07,0xFE,0x00,0x0F,0xFF,0xFF,0x00,0x0F,0xFC,0x00,0x1F,0xFF,0xFE,0x00,0x1F,
  0xF8,0x00,0x3F,0xFF,0xFC,0x00,0x3F,0xF0,0x00,0x7F,0xFF,0xF8,0x00,0x7F,0xE0,0x00,0xFF,0xFF,0xF0,0x00,0xFF,0xC0,0x01,0xFF,
  0xFF,0xE0,0x01,0xFF,0x80,0x03,0xFF,0xFF,0xC0,0x03,0xFF,0x00,0x07,0xFF,0xFF,0x80,0x07,0xFE,0x00,0x0F,0xFF,0xFF,0x00,0x0F,
  0xFC,0x00,0x1F,0xFF,0xFE,0x00,0x1F,0xF8,0x00,0x3F,0xFF,0xFC,0x00,0x3F,0xF0,0x00,0x7F,0xFF,0xF8,0x00,0x7F,0xE0,0x00,0xFF,
  0xFF,0xF0,0x00,0xFF,0xC0,0x01,0xFF,0x80,0x00,0x00,0x3F,0xC0,0x1F,0xF0,0x1F,0xFF,0x03,0xFE,0x0F,0xFF,0xF0,0x7F,0xC3,0xFF,
  0xFF,0x0F,0xFC,0xFF,0xFF,0xF1,0xFF,0xBF,0xFF,0xFF,0x3F,0xF7,0xFF,0xFF,0xE7,0xFF,0xFF,0xFF,0xFC,0xFF,0xFC,0x07,0xFF,0xDF,
  0xFF,0x00,0x3F,0xFB,0xFF,0xC0,0x07,0xFF,0x7F,0xF8,0x00,0x7F,0xEF,0xFE,0x00,0x0F,0xFD,0xFF,0xC0,0x01,0xFF,0xFF,0xF0,0x00,
  0x3F,0xFF,0xFE,0x00,0x03,0xFF,0xFF,0xC0,0x00,0x7F,0xFF,0xF8,0x00,0x0F,0xFF,0xFF,0x00,0x01,0xFF,0xFF,0xE0,0x00,0x3F,0xFF,
  0xFC,0x00,0x07,0xFF,0xFF,0x80,0x00,0xFF,0xFF,0xF0,0x00,0x1F,0xFF,0xFE,0x00,0x03,0xFF,0xFF,0xC0,0x00,0x7F,0xFF,0xF8,0x00,
  0x0F,0xFF,0xFF,0x00,0x01,0xFF,0xFF,0xE0,0x00,0x3F,0xFF,0xFC,0x00,0x07,0xFF,0xFF,0x80,0x00,0xFF,0xFF,0xF0,0x00,0x1F,0xFF,
  0xFE,0x00,0x03,0xFF,0xFF,0xC0,0x00,0x7F,0xFF,0xF8,0x00,0x0F,0xFF,0xFF,0x00,0x01,0xFF,0xFF,0xE0,0x00,0x3F,0xFF,0xFC,0x00,
  0x07,0xFF,0xFF,0x80,0x00,0xFF,0xFF,0xF0,0x00,0x1F,0xF8,0x00,0x03,0xFF,0x80,0x00,0x00,0xFF,0xFF,0xC0,0x00,0x0F,0xFF,0xFF,
  0xC0,0x00,0x7F,0xFF,0xFF,0x80,0x03,0xFF,0xFF,0xFF,0x80,0x1F,0xFF,0xFF,0xFF,0x00,0xFF,0xFF,0xFF,0xFC,0x07,0xFF,0xC0,0x7F,
  0xF8,0x3F,0xFC,0x00,0xFF,0xF0,0xFF,0xE0,0x01,0xFF,0xC7,0xFF,0x00,0x03,0xFF,0x9F,0xFC,0x00,0x0F,0xFE,0x7F,0xE0,0x00,0x1F,
  0xFB,0xFF,0x80,0x00,0x7F,0xFF,0xFE,0x00,0x01,0xFF,0xFF,0xF8,0x00,0x07,0xFF,0xFF,0xC0,0x00,0x0F,0xFF,0xFF,0x00,0x00,0x3F,
  0xFF,0xFC,0x00,0x00,0xFF,0xFF,0xF0,0x00,0x03,0xFF,0xFF,0xC0,0x00,0x0F,0xFF,0xFF,0x00,0x00,0x3F,0xFF,0xFC,0x00,0x00,0xFF,
  0xFF,0xF0,0x00,0x03,0xFF,0xFF,0xE0,0x00,0x1F,0xFF,0xFF,0x80,0x00,0x7F,0xFF,0xFE,0x00,0x01,0xFF,0x9F,0xF8,0x00,0x07,0xFE,
  0x7F,0xF0,0x00,0x3F,0xF9,0xFF,0xC0,0x00,0xFF,0xC3,0xFF,0x80,0x07,0xFF,0x0F,0xFF,0x00,0x3F,0xF8,0x1F,0xFF,0x03,0xFF,0xE0,
  0x3F,0xFF,0xFF,0xFF,0x00,0x7F,0xFF,0xFF,0xF8,0x00,0xFF,0xFF,0xFF,0xC0,0x01,0xFF,0xFF,0xFE,0x00,0x03,0xFF,0xFF,0xE0,0x00,
  0x03,0xFF,0xFE,0x00,0x00,0x00,0xFF,0xC0,0x00,0x00,0x00,0x3F,0xC0,0x0F,0xFC,0x1F,0xFF,0x00,0xFF,0xC7,0xFF,0xFC,0x0F,0xFC,
  0xFF,0xFF,0xE0,0xFF,0xDF,0xFF,0xFF,0x0F,0xFD,0xFF,0xFF,0xF8,0xFF,0xFF,0xFF,0xFF,0x8F,0xFF,0xE0,0x7F,0xFC,0xFF,0xFC,0x03,
  0xFF,0xCF,0xFF,0x80,0x1F,0xFE,0xFF,0xF0,0x00,0xFF,0xEF,0xFE,0x00,0x0F,0xFE,0xFF,0xE0,0x00,0x7F,0xEF,0xFE,0x00,0x07,0xFF,
  0xFF,0xC0,0x00,0x7F,0xFF,0xFC,0x00,0x07,0xFF,0xFF,0xC0,0x00,0x7F,0xFF,0xFC,0x00,0x03,0xFF,0xFF,0xC0,0x00,0x3F,0xFF,0xFC,
  0x00,0x03,0xFF,0xFF,0xC0,0x00,0x3F,0xFF,0xFC,0x00,0x03,0xFF,0xFF,0xC0,0x00,0x3F,0xFF,0xFC,0x00,0x07,0xFF,0xFF,0xC0,0x00,
  0x7F,0xFF,0xFC,0x00,0x07,0xFF,0xFF,0xE0,0x00,0x7F,0xFF,0xFE,0x00,0x07,0xFE,0xFF,0xE0,0x00,0xFF,0xEF,0xFF,0x00,0x0F,0xFE,
  0xFF,0xF0,0x01,0xFF,0xCF,0xFF,0x80,0x3F,0xFC,0xFF,0xFE,0x07,0xFF,0xCF,0xFF,0xFF,0xFF,0xF8,0xFF,0xDF,0xFF,0xFF,0x0F,0xFD,
  0xFF,0xFF,0xF0,0xFF,0xCF,0xFF,0xFE,0x0F,0xFC,0x7F,0xFF,0xC0,0xFF,0xC1,0xFF,0xF0,0x0F,0xFC,0x07,0xFC,0x00,0xFF,0xC0,0x00,
  0x00,0x0F,0xFC,0x00,0x00,0x00,0xFF,0xC0,0x00,0x00,0x0F,0xFC,0x00,0x00,0x00,0xFF,0xC0,0x00,0x00,0x0F,0xFC,0x00,0x00,0x00,
  0xFF,0xC0,0x00,0x00,0x0F,0xFC,0x00,0x00,0x00,0xFF,0xC0,0x00,0x00,0x0F,0xFC,0x00,0x00,0x00,0xFF,0xC0,0x00,0x00,0x0F,0xFC,
  0x00,0x00,0x00,0xFF,0xC0,0x00,0x00,0x0F,0xFC,0x00,0x00,0x00,0x00,0x3F,0xE0,0x00,0x00,0x0F,0xFF,0x81,0xFF,0x03,0xFF,0xFE,
  0x3F,0xF0,0x7F,0xFF,0xF3,0xFF,0x0F,0xFF,0xFF,0xBF,0xF0,0xFF,0xFF,0xFB,0xFF,0x1F,0xFF,0xFF,0xFF,0xF3,0xFF,0xE0,0x7F,0xFF,
  0x3F,0xFC,0x01,0xFF,0xF3,0xFF,0x80,0x0F,0xFF,0x7F,0xF0,0x00,0xFF,0xF7,0xFF,0x00,0x07,0xFF,0x7F,0xE0,0x00,0x7F,0xFF,0xFE,
  0x00,0x07,0xFF,0xFF,0xE0,0x00,0x3F,0xFF,0xFE,0x00,0x03,0xFF,0xFF,0xE0,0x00,0x3F,0xFF,0xFC,0x00,0x03,0xFF,0xFF,0xC0,0x00,
  0x3F,0xFF,0xFC,0x00,0x03,0xFF,0xFF,0xC0,0x00,0x3F,0xFF,0xFC,0x00,0x03,0xFF,0xFF,0xC0,0x00,0x3F,0xFF,0xFC,0x00,0x03,0xFF,
  0xFF,0xE0,0x00,0x3F,0xFF,0xFE,0x00,0x03,0xFF,0xFF,0xE0,0x00,0x7F,0xF7,0xFE,0x00,0x07,0xFF,0x7F,0xF0,0x00,0x7F,0xF7,0xFF,
  0x00,0x0F,0xFF,0x7F,0xF8,0x01,0xFF,0xF3,0xFF,0xC0,0x1F,0xFF,0x3F,0xFE,0x07,0xFF,0xF1,0xFF,0xFF,0xFF,0xFF,0x1F,0xFF,0xFF,
  0xBF,0xF0,0xFF,0xFF,0xFB,0xFF,0x07,0xFF,0xFF,0x3F,0xF0,0x3F,0xFF,0xE3,0xFF,0x00,0xFF,0xF8,0x3F,0xF0,0x03,0xFC,0x03,0xFF,
  0x00,0x00,0x00,0x3F,0xF0,0x00,0x00,0x03,0xFF,0x00,0x00,0x00,0x3F,0xF0,0x00,0x00,0x03,0xFF,0x00,0x00,0x00,0x3F,0xF0,0x00,
  0x00,0x03,0xFF,0x00,0x00,0x00,0x3F,0xF0,0x00,0x00,0x03,0xFF,0x00,0x00,0x00,0x3F,0xF0,0x00,0x00,0x03,0xFF,0x00,0x00,0x00,
  0x3F,0xF0,0x00,0x00,0x03,0xFF,0x00,0x00,0x00,0x3F,0xF0,0x00,0x00,0x03,0xFF,0x00,0x00,0xFF,0xFE,0x0F,0xFF,0xF8,0x7F,0xFF,
  0xE3,0xFF,0xFF,0xCF,0xFF,0xFF,0x7F,0xFF,0xFD,0xFF,0xFF,0xFF,0xFF,0xFF,0xFF,0x0F,0xFF,0xF0,0x0F,0xFF,0x80,0x3F,0xFC,0x00,
  0xFF,0xE0,0x03,0xFF,0x80,0x0F,0xFE,0x00,0x3F,0xF0,0x00,0xFF,0xC0,0x03,0xFF,0x00,0x0F,0xFC,0x00,0x3F,0xF0,0x00,0xFF,0xC0,
  0x03,0xFF,0x00,0x0F,0xFC,0x00,0x3F,0xF0,0x00,0xFF,0xC0,0x03,0xFF,0x00,0x0F,0xFC,0x00,0x3F,0xF0,0x00,0xFF,0xC0,0x03,0xFF,
  0x00,0x0F,0xFC,0x00,0x3F,0xF0,0x00,0xFF,0xC0,0x03,0xFF,0x00,0x0F,0xFC,0x00,0x3F,0xF0,0x00,0xFF,0xC0,0x03,0xFF,0x00,0x0F,
  0xFC,0x00,0x00,0x00,0x1F,0xFE,0x00,0x00,0x3F,0xFF,0xF0,0x00,0x3F,0xFF,0xFF,0x00,0x1F,0xFF,0xFF,0xE0,0x0F,0xFF,0xFF,0xFC,
  0x07,0xFF,0xFF,0xFF,0x83,0xFF,0xFF,0xFF,0xF0,0xFF,0xC0,0x0F,0xFC,0x7F,0xE0,0x01,0xFF,0x9F,0xF0,0x00,0x3F,0xE7,0xFC,0x00,
  0x0F,0xC1,0xFF,0x00,0x00,0x00,0x7F,0xE0,0x00,0x00,0x1F,0xFC,0x00,0x00,0x07,0xFF,0xE0,0x00,0x00,0xFF,0xFF,0x80,0x00,0x3F,
  0xFF,0xFE,0x00,0x07,0xFF,0xFF,0xF0,0x01,0xFF,0xFF,0xFF,0x80,0x1F,0xFF,0xFF,0xF0,0x03,0xFF,0xFF,0xFE,0x00,0x3F,0xFF,0xFF,
  0xC0,0x01,0xFF,0xFF,0xF8,0x00,0x07,0xFF,0xFE,0x00,0x00,0x1F,0xFF,0xC0,0x00,0x00,0xFF,0xF0,0x00,0x00,0x0F,0xFC,0x00,0x00,
  0x01,0xFF,0x07,0x00,0x00,0x7F,0xFF,0xE0,0x00,0x1F,0xFF,0xF8,0x00,0x07,0xFF,0xFF,0x00,0x03,0xFF,0x7F,0xE0,0x01,0xFF,0x9F,
  0xFF,0xFF,0xFF,0xE3,0xFF,0xFF,0xFF,0xF0,0x7F,0xFF,0xFF,0xF8,0x0F,0xFF,0xFF,0xFC,0x01,0xFF,0xFF,0xFC,0x00,0x1F,0xFF,0xFC,
  0x00,0x00,0x7F,0xF8,0x00,0x00,0xFE,0x00,0x03,0xF8,0x00,0x1F,0xE0,0x00,0x7F,0x80,0x01,0xFE,0x00,0x0F,0xF8,0x00,0x3F,0xE0,
  0x00,0xFF,0x80,0x07,0xFE,0x03,0xFF,0xFF,0xFF,0xFF,0xFF,0xFF,0xFF,0xFF,0xFF,0xFF,0xFF,0xFF,0xFF,0xFF,0xFF,0xFF,0xFF,0xFF,
  0xFF,0x07,0xFE,0x00,0x1F,0xF8,0x00,0x7F,0xE0,0x01,0xFF,0x80,0x07,0xFE,0x00,0x1F,0xF8,0x00,0x7F,0xE0,0x01,0xFF,0x80,0x07,
  0xFE,0x00,0x1F,0xF8,0x00,0x7F,0xE0,0x01,0xFF,0x80,0x07,0xFE,0x00,0x1F,0xF8,0x00,0x7F,0xE0,0x01,0xFF,0x80,0x07,0xFE,0x00,
  0x1F,0xF8,0x00,0x7F,0xE0,0x01,0xFF,0x80,0x07,0xFE,0x00,0x1F,0xF8,0x00,0x7F,0xE0,0x01,0xFF,0x80,0x07,0xFF,0x00,0x1F,0xFF,
  0xF0,0x7F,0xFF,0xC0,0xFF,0xFF,0x03,0xFF,0xFC,0x07,0xFF,0xF0,0x0F,0xFF,0xC0,0x0F,0xFC,0xFF,0xC0,0x00,0x7F,0xFF,0xF8,0x00,
  0x0F,0xFF,0xFF,0x00,0x01,0xFF,0xFF,0xE0,0x00,0x3F,0xFF,0xFC,0x00,0x07,0xFF,0xFF,0x80,0x00,0xFF,0xFF,0xF0,0x00,0x1F,0xFF,
  0xFE,0x00,0x03,0xFF,0xFF,0xC0,0x00,0x7F,0xFF,0xF8,0x00,0x0F,0xFF,0xFF,0x00,0x01,0xFF,0xFF,0xE0,0x00,0x3F,0xFF,0xFC,0x00,
  0x07,0xFF,0xFF,0x80,0x00,0xFF,0xFF,0xF0,0x00,0x1F,0xFF,0xFE,0x00,0x03,0xFF,0xFF,0xC0,0x00,0x7F,0xFF,0xF8,0x00,0x0F,0xFF,
  0xFF,0x00,0x01,0xFF,0xFF,0xE0,0x00,0x3F,0xFF,0xFC,0x00,0x07,0xFF,0xFF,0x80,0x00,0xFF,0xFF,0xF0,0x00,0x1F,0xFF,0xFF,0x00,
  0x03,0xFF,0xFF,0xE0,0x00,0x7F,0xFF,0xFC,0x00,0x1F,0xFD,0xFF,0x80,0x03,0xFF,0xBF,0xF0,0x00,0xFF,0xF7,0xFF,0x00,0x1F,0xFE,
  0xFF,0xE0,0x07,0xFF,0xDF,0xFF,0x01,0xFF,0xF9,0xFF,0xFF,0xFF,0xFF,0x3F,0xFF,0xFF,0x7F,0xE7,0xFF,0xFF,0xEF,0xFC,0x7F,0xFF,
  0xF9,0xFF,0x87,0xFF,0xFE,0x1F,0xF0,0x7F,0xFF,0x83,0xFE,0x07,0xFF,0xC0,0x7F,0xC0,0x1F,0xE0,0x00,0x00,0xFF,0xE0,0x00,0x07,
  0xFF,0x7F,0xE0,0x00,0x07,0xFE,0x7F,0xF0,0x00,0x0F,0xFE,0x7F,0xF0,0x00,0x0F,0xFE,0x3F,0xF0,0x00,0x0F,0xFC,0x3F,0xF8,0x00,
  0x0F,0xFC,0x1F,0xF8,0x00,0x1F,0xF8,0x1F,0xF8,0x00,0x1F,0xF8,0x1F,0xF8,0x00,0x1F,0xF8,0x0F,0xFC,0x00,0x3F,0xF0,0x0F,0xFC,
  0x00,0x3F,0xF0,0x0F,0xFC,0x00,0x3F,0xF0,0x07,0xFE,0x00,0x7F,0xE0,0x07,0xFE,0x00,0x7F,0xE0,0x07,0xFE,0x00,0x7F,0xC0,0x03,
  0xFF,0x00,0xFF,0xC0,0x03,0xFF,0x00,0xFF,0xC0,0x03,0xFF,0x00,0xFF,0x80,0x01,0xFF,0x81,0xFF,0x80,0x01,0xFF,0x81,0xFF,0x80,
  0x00,0xFF,0x81,0xFF,0x00,0x00,0xFF,0xC3,0xFF,0x00,0x00,0xFF,0xC3,0xFE,0x00,0x00,0x7F,0xC3,0xFE,0x00,0x00,0x7F,0xC7,0xFE,
  0x00,0x00,0x7F,0xE7,0xFC,0x00,0x00,0x3F,0xE7,0xFC,0x00,0x00,0x3F,0xEF,0xFC,0x00,0x00,0x3F,0xFF,0xF8,0x00,0x00,0x1F,0xFF,
  0xF8,0x00,0x00,0x1F,0xFF,0xF8,0x00,0x00,0x1F,0xFF,0xF0,0x00,0x00,0x0F,0xFF,0xF0,0x00,0x00,0x0F,0xFF,0xE0,0x00,0x00,0x07,
  0xFF,0xE0,0x00,0x00,0x07,0xFF,0xE0,0x00,0x00,0x07,0xFF,0xC0,0x00,0x00,0x03,0xFF,0xC0,0x00,0xFF,0x80,0x03,0xFF,0x80,0x01,
  0xFF,0xFF,0x80,0x03,0xFF,0xC0,0x01,0xFF,0xFF,0xC0,0x03,0xFF,0xC0,0x03,0xFF,0x7F,0xC0,0x03,0xFF,0xC0,0x03,0xFE,0x7F,0xC0,
  0x07,0xFF,0xE0,0x03,0xFE,0x7F,0xC0,0x07,0xFF,0xE0,0x03,0xFE,0x7F,0xE0,0x07,0xFF,0xE0,0x07,0xFE,0x3F,0xE0,0x07,0xFF,0xE0,
  0x07,0xFC,0x3F,0xE0,0x0F,0xFF,0xF0,0x07,0xFC,0x3F,0xE0,0x0F,0xFF,0xF0,0x07,0xFC,0x3F,0xE0,0x0F,0xE7,0xF0,0x07,0xF8,0x1F,
  0xF0,0x0F,0xE7,0xF0,0x0F,0xF8,0x1F,0xF0,0x1F,0xE7,0xF8,0x0F,0xF8,0x1F,0xF0,0x1F,0xE7,0xF8,0x0F,0xF8,0x1F,0xF0,0x1F,0xC3,
  0xF8,0x0F,0xF0,0x0F,0xF0,0x3F,0xC3,0xF8,0x1F,0xF0,0x0F,0xF8,0x3F,0xC3,0xFC,0x1F,0xF0,0x0F,0xF8,0x3F,0xC3,0xFC,0x1F,0xF0,
  0x07,0xF8,0x3F,0x81,0xFC,0x1F,0xE0,0x07,0xF8,0x7F,0x81,0xFC,0x1F,0xE0,0x07,0xFC,0x7F,0x81,0xFE,0x3F,0xE0,0x07,0xFC,0x7F,
  0x81,0xFE,0x3F,0xE0,0x03,0xFC,0x7F,0x00,0xFE,0x3F,0xC0,0x03,0xFC,0xFF,0x00,0xFE,0x3F,0xC0,0x03,0xFC,0xFF,0x00,0xFF,0x7F,
  0xC0,0x03,0xFE,0xFE,0x00,0xFF,0x7F,0xC0,0x01,0xFE,0xFE,0x00,0x7F,0x7F,0x80,0x01,0xFE,0xFE,0x00,0x7F,0x7F,0x80,0x01,0xFF,
  0xFE,0x00,0x7F,0xFF,0x80,0x01,0xFF,0xFC,0x00,0x7F,0xFF,0x00,0x00,0xFF,0xFC,0x00,0x3F,0xFF,0x00,0x00,0xFF,0xFC,0x00,0x3F,
  0xFF,0x00,0x00,0xFF,0xFC,0x00,0x3F,0xFF,0x00,0x00,0xFF,0xF8,0x00,0x3F,0xFE,0x00,0x00,0x7F,0xF8,0x00,0x1F,0xFE,0x00,0x00,
  0x7F,0xF8,0x00,0x1F,0xFE,0x00,0x00,0x7F,0xF8,0x00,0x1F,0xFE,0x00,0x00,0x7F,0xF0,0x00,0x0F,0xFC,0x00,0xFF,0xE0,0x00,0x1F,
  0xF9,0xFF,0xC0,0x00,0xFF,0xE3,0xFF,0x80,0x07,0xFF,0x07,0xFE,0x00,0x1F,0xF8,0x1F,0xFC,0x00,0xFF,0xE0,0x3F,0xF0,0x07,0xFF,
  0x00,0x7F,0xE0,0x1F,0xF8,0x01,0xFF,0xC0,0xFF,0xC0,0x03,0xFF,0x07,0xFF,0x00,0x07,0xFE,0x1F,0xF8,0x00,0x0F,0xFC,0xFF,0xC0,
  0x00,0x3F,0xF7,0xFE,0x00,0x00,0x7F,0xFF,0xF8,0x00,0x00,0xFF,0xFF,0xC0,0x00,0x01,0xFF,0xFE,0x00,0x00,0x07,0xFF,0xF8,0x00,
  0x00,0x0F,0xFF,0xC0,0x00,0x00,0x1F,0xFE,0x00,0x00,0x00,0x7F,0xF8,0x00,0x00,0x01,0xFF,0xE0,0x00,0x00,0x0F,0xFF,0xC0,0x00,
  0x00,0x7F,0xFF,0x80,0x00,0x03,0xFF,0xFF,0x00,0x00,0x0F,0xFF,0xFC,0x00,0x00,0x7F,0xFF,0xF8,0x00,0x03,0xFF,0x3F,0xF0,0x00,
  0x0F,0xFC,0xFF,0xC0,0x00,0x7F,0xE1,0xFF,0x80,0x03,0xFF,0x03,0xFF,0x00,0x1F,0xFC,0x0F,0xFE,0x00,0x7F,0xE0,0x1F,0xF8,0x03,
  0xFF,0x00,0x3F,0xF0,0x1F,0xFC,0x00,0xFF,0xE0,0x7F,0xE0,0x01,0xFF,0x83,0xFF,0x00,0x07,0xFF,0x1F,0xFC,0x00,0x0F,0xFE,0xFF,
  0xE0,0x00,0x1F,0xFF,0xFF,0x00,0x00,0x7F,0xF0,0xFF,0xC0,0x00,0x0F,0xFF,0xFF,0xC0,0x00,0x1F,0xFB,0xFF,0x80,0x00,0x7F,0xF3,
  0xFF,0x00,0x00,0xFF,0xC7,0xFF,0x00,0x01,0xFF,0x87,0xFE,0x00,0x03,0xFF,0x0F,0xFC,0x00,0x0F,0xFC,0x1F,0xFC,0x00,0x1F,0xF8,
  0x1F,0xF8,0x00,0x3F,0xF0,0x3F,0xF0,0x00,0xFF,0xC0,0x3F,0xF0,0x01,0xFF,0x80,0x7F,0xE0,0x03,0xFE,0x00,0xFF,0xC0,0x0F,0xFC,
  0x00,0xFF,0xC0,0x1F,0xF8,0x01,0xFF,0x80,0x3F,0xE0,0x01,0xFF,0x00,0xFF,0xC0,0x03,0xFF,0x01,0xFF,0x80,0x07,0xFE,0x03,0xFE,
  0x00,0x07,0xFC,0x07,0xFC,0x00,0x0F,0xFC,0x1F,0xF0,0x00,0x0F,0xF8,0x3F,0xE0,0x00,0x1F,0xF0,0x7F,0xC0,0x00,0x3F,0xF1,0xFF,
  0x00,0x00,0x3F,0xE3,0xFE,0x00,0x00,0x7F,0xC7,0xFC,0x00,0x00,0x7F,0x8F,0xF0,0x00,0x00,0xFF,0xBF,0xE0,0x00,0x01,0xFF,0x7F,
  0x80,0x00,0x01,0xFE,0xFF,0x00,0x00,0x03,0xFF,0xFE,0x00,0x00,0x03,0xFF,0xF8,0x00,0x00,0x07,0xFF,0xF0,0x00,0x00,0x0F,0xFF,
  0xE0,0x00,0x00,0x0F,0xFF,0x80,0x00,0x00,0x1F,0xFF,0x00,0x00,0x00,0x1F,0xFE,0x00,0x00,0x00,0x3F,0xF8,0x00,0x00,0x00,0x7F,
  0xF0,0x00,0x00,0x00,0xFF,0xC0,0x00,0x00,0x01,0xFF,0x80,0x00,0x00,0x07,0xFF,0x00,0x00,0x00,0x0F,0xFC,0x00,0x00,0x00,0x3F,
  0xF8,0x00,0x00,0x00,0x7F,0xE0,0x00,0x00,0x01,0xFF,0xC0,0x00,0x00,0x1F,0xFF,0x00,0x00,0x07,0xFF,0xFE,0x00,0x00,0x0F,0xFF,
  0xF8,0x00,0x00,0x1F,0xFF,0xE0,0x00,0x00,0x3F,0xFF,0x80,0x00,0x00,0x7F,0xFE,0x00,0x00,0x00,0xFF,0xF8,0x00,0x00,0x01,0xFF,
  0x80,0x00,0x00,0x00,0x7F,0xFF,0xFF,0xF9,0xFF,0xFF,0xFF,0xE7,0xFF,0xFF,0xFF,0x9F,0xFF,0xFF,0xFE,0x7F,0xFF,0xFF,0xF9,0xFF,
  0xFF,0xFF,0xE7,0xFF,0xFF,0xFF,0x80,0x00,0x1F,0xFC,0x00,0x00,0x7F,0xF0,0x00,0x03,0xFF,0x80,0x00,0x1F,0xFC,0x00,0x00,0xFF,
  0xE0,0x00,0x03,0xFF,0x80,0x00,0x1F,0xFC,0x00,0x00,0xFF,0xE0,0x00,0x07,0xFF,0x00,0x00,0x1F,0xFC,0x00,0x00,0xFF,0xE0,0x00,
  0x07,0xFF,0x00,0x00,0x3F,0xF8,0x00,0x00,0xFF,0xE0,0x00,0x07,0xFF,0x00,0x00,0x3F,0xF8,0x00,0x01,0xFF,0xC0,0x00,0x07,0xFF,
  0x00,0x00,0x3F,0xF8,0x00,0x01,0xFF,0xC0,0x00,0x0F,0xFE,0x00,0x00,0x3F,0xF8,0x00,0x01,0xFF,0xC0,0x00,0x0F,0xFE,0x00,0x00,
  0x3F,0xFF,0xFF,0xFF,0xFF,0xFF,0xFF,0xFF,0xFF,0xFF,0xFF,0xFF,0xFF,0xFF,0xFF,0xFF,0xFF,0xFF,0xFF,0xFF,0xFF,0xFF,0xFF,0xFF,
  0xFF,0xFF,0xF0,0x00,0x01,0xFF,0xC0,0x03,0xFF,0xF0,0x01,0xFF,0xFC,0x00,0xFF,0xFF,0x00,0x3F,0xFF,0xC0,0x1F,0xFF,0xF0,0x07,
  0xFF,0xF8,0x03,0xFF,0xC0,0x00,0xFF,0xE0,0x00,0x3F,0xF0,0x00,0x0F,0xFC,0x00,0x03,0xFF,0x00,0x00,0xFF,0xC0,0x00,0x3F,0xF0,
  0x00,0x0F,0xF8,0x00,0x03,0xFE,0x00,0x00,0xFF,0x80,0x00,0x3F,0xE0,0x00,0x0F,0xF8,0x00,0x03,0xFE,0x00,0x00,0xFF,0x80,0x00,
  0x3F,0xE0,0x00,0x0F,0xF8,0x00,0x03,0xFE,0x00,0x00,0xFF,0x80,0x00,0x3F,0xE0,0x00,0x1F,0xF8,0x00,0x07,0xFE,0x00,0x07,0xFF,
  0x80,0x07,0xFF,0xC0,0x0F,0xFF,0xE0,0x03,0xFF,0xF0,0x00,0xFF,0xF8,0x00,0x3F,0xF8,0x00,0x0F,0xFF,0x80,0x03,0xFF,0xF0,0x00,
  0xFF,0xFE,0x00,0x03,0xFF,0xC0,0x00,0x3F,0xF8,0x00,0x07,0xFE,0x00,0x01,0xFF,0x80,0x00,0x3F,0xE0,0x00,0x0F,0xF8,0x00,0x03,
  0xFE,0x00,0x00,0xFF,0x80,0x00,0x3F,0xE0,0x00,0x0F,0xF8,0x00,0x03,0xFE,0x00,0x00,0xFF,0x80,0x00,0x3F,0xE0,0x00,0x0F,0xF8,
  0x00,0x03,0xFE,0x00,0x00,0xFF,0x80,0x00,0x3F,0xF0,0x00,0x0F,0xFC,0x00,0x03,0xFF,0x00,0x00,0xFF,0xC0,0x00,0x3F,0xF0,0x00,
  0x0F,0xFE,0x00,0x03,0xFF,0xC0,0x00,0x7F,0xFF,0x80,0x1F,0xFF,0xF0,0x03,0xFF,0xFC,0x00,0xFF,0xFF,0x00,0x1F,0xFF,0xC0,0x01,
  0xFF,0xF0,0x00,0x1F,0xFC,0xFF,0xFF,0xFF,0xFF,0xFF,0xFF,0xFF,0xFF,0xFF,0xFF,0xFF,0xFF,0xFF,0xFF,0xFF,0xFF,0xFF,0xFF,0xFF,
  0xFF,0xFF,0xFF,0xFF,0xFF,0xFF,0xFF,0xFF,0xFF,0xFF,0xFF,0xFF,0xFF,0xFF,0xFF,0xFF,0xFF,0xFF,0xFF,0xFF,0xFF,0xFF,0xFF,0xFF,
  0xFF,0xFF,0xFF,0xFF,0xFF,0xFF,0xFF,0xFF,0xFF,0xFF,0xFF,0xFF,0xFF,0xFF,0xFF,0xFF,0xFF,0xFF,0xFF,0xFF,0xFF,0xFF,0xFF,0xFF,
  0xFF,0xFF,0xFF,0xFF,0xFF,0xFF,0xFF,0xFF,0xFF,0xFF,0xFF,0xFF,0xFF,0xFF,0xFF,0xFF,0xFF,0xFF,0xFF,0xE0,0x00,0x3F,0xFF,0x00,
  0x0F,0xFF,0xE0,0x03,0xFF,0xFC,0x00,0xFF,0xFF,0x00,0x3F,0xFF,0xE0,0x07,0xFF,0xF8,0x00,0x0F,0xFF,0x00,0x01,0xFF,0xC0,0x00,
  0x3F,0xF0,0x00,0x0F,0xFC,0x00,0x03,0xFF,0x00,0x00,0xFF,0xC0,0x00,0x3F,0xF0,0x00,0x0F,0xFC,0x00,0x03,0xFF,0x00,0x00,0xFF,
  0xC0,0x00,0x3F,0xF0,0x00,0x0F,0xFC,0x00,0x03,0xFF,0x00,0x00,0xFF,0xC0,0x00,0x3F,0xF0,0x00,0x0F,0xFC,0x00,0x03,0xFF,0x00,
  0x00,0x7F,0xC0,0x00,0x1F,0xF0,0x00,0x07,0xFE,0x00,0x01,0xFF,0xC0,0x00,0x7F,0xF8,0x00,0x0F,0xFF,0x80,0x01,0xFF,0xFC,0x00,
  0x3F,0xFF,0x00,0x07,0xFF,0xC0,0x00,0x7F,0xF0,0x00,0x7F,0xFC,0x00,0x3F,0xFF,0x00,0x1F,0xFF,0xC0,0x0F,0xFF,0x00,0x07,0xFF,
  0x00,0x01,0xFF,0x80,0x00,0x7F,0xE0,0x00,0x1F,0xF0,0x00,0x0F,0xFC,0x00,0x03,0xFF,0x00,0x00,0xFF,0xC0,0x00,0x3F,0xF0,0x00,
  0x0F,0xFC,0x00,0x03,0xFF,0x00,0x00,0xFF,0xC0,0x00,0x3F,0xF0,0x00,0x0F,0xFC,0x00,0x03,0xFF,0x00,0x00,0xFF,0xC0,0x00,0x3F,
  0xF0,0x00,0x0F,0xFC,0x00,0x03,0xFF,0x00,0x00,0xFF,0xC0,0x00,0x3F,0xF0,0x00,0x1F,0xFC,0x00,0x0F,0xFF,0x00,0x7F,0xFF,0x80,
  0x3F,0xFF,0xE0,0x0F,0xFF,0xF0,0x03,0xFF,0xFC,0x00,0xFF,0xFE,0x00,0x3F,0xFE,0x00,0x0F,0xFE,0x00,0x00,0x07,0xFC,0x00,0x00,
  0x03,0xFF,0xFC,0x00,0x01,0xFF,0xFF,0xF8,0x00,0x7F,0xFF,0xFF,0xFC,0x3F,0xFF,0xFF,0xFF,0xFF,0xFF,0xFF,0xFF,0xFF,0xFF,0xFF,
  0xFF,0xFF,0xFF,0xFF,0xF3,0xFF,0xFF,0xFF,0xE0,0x01,0xFF,0xFF,0xF8,0x00,0x01,0xFF,0xFC,0x00,0x00,0x03,0xFF,0x00,0x00,0xFE,
  0x00,0x07,0xFF,0x00,0x3F,0xFF,0x80,0xFF,0xFF,0x83,0xFF,0xFF,0x87,0xF8,0xFF,0x1F,0xC0,0x7F,0x3F,0x00,0x7E,0xFC,0x00,0x7D,
  0xF8,0x00,0xFF,0xF0,0x01,0xFF,0xE0,0x03,0xFF,0xC0,0x07,0xFF,0x80,0x0F,0x9F,0x80,0x3F,0x3F,0x80,0xFE,0x3F,0xC7,0xF8,0x7F,
  0xFF,0xF0,0x7F,0xFF,0xC0,0x7F,0xFF,0x00,0x3F,0xF8,0x00,0x1F,0xC0,0x00,0x00,0xFF,0x80,0x00,0x00,0x00,0xFF,0xC0,0x00,0x00,
  0x00,0x7F,0xE0,0x00,0x00,0x00,0x3F,0xF0,0x00,0x00,0x00,0x0F,0xF8,0x00,0x00,0x00,0x07,0xFC,0x00,0x00,0x00,0x01,0xFE,0x00,
  0x00,0x00,0x00,0xFF,0x00,0x00,0x00,0x00,0x3F,0x80,0x00,0x00,0x00,0x1F,0xC0,0x00,0x00,0x00,0x00,0x00,0x00,0x00,0x00,0x00,
  0x00,0x00,0x00,0x00,0x00,0x00,0x00,0x00,0x00,0x00,0x00,0x00,0xFF,0xFF,0xFF,0xFF,0xFE,0xFF,0xFF,0xFF,0xFF,0xFE,0xFF,0xFF,
  0xFF,0xFF,0xFE,0xFF,0xFF,0xFF,0xFF,0xFE,0xFF,0xFF,0xFF,0xFF,0xFE,0xFF,0xFF,0xFF,0xFF,0xFE,0xFF,0xFF,0xFF,0xFF,0xFE,0xFF,
  0xFF,0xFF,0xFF,0xFE,0xFF,0xC0,0x00,0x00,0x00,0xFF,0xC0,0x00,0x00,0x00,0xFF,0xC0,0x00,0x00,0x00,0xFF,0xC0,0x00,0x00,0x00,
  0xFF,0xC0,0x00,0x00,0x00,0xFF,0xC0,0x00,0x00,0x00,0xFF,0xC0,0x00,0x00,0x00,0xFF,0xC0,0x00,0x00,0x00,0xFF,0xC0,0x00,0x00,
  0x00,0xFF,0xC0,0x00,0x00,0x00,0xFF,0xC0,0x00,0x00,0x00,0xFF,0xC0,0x00,0x00,0x00,0xFF,0xC0,0x00,0x00,0x00,0xFF,0xFF,0xFF,
  0xFF,0xF8,0xFF,0xFF,0xFF,0xFF,0xF8,0xFF,0xFF,0xFF,0xFF,0xF8,0xFF,0xFF,0xFF,0xFF,0xF8,0xFF,0xFF,0xFF,0xFF,0xF8,0xFF,0xFF,
  0xFF,0xFF,0xF8,0xFF,0xFF,0xFF,0xFF,0xF8,0xFF,0xFF,0xFF,0xFF,0xF8,0xFF,0xC0,0x00,0x00,0x00,0xFF,0xC0,0x00,0x00,0x00,0xFF,
  0xC0,0x00,0x00,0x00,0xFF,0xC0,0x00,0x00,0x00,0xFF,0xC0,0x00,0x00,0x00,0xFF,0xC0,0x00,0x00,0x00,0xFF,0xC0,0x00,0x00,0x00,
  0xFF,0xC0,0x00,0x00,0x00,0xFF,0xC0,0x00,0x00,0x00,0xFF,0xC0,0x00,0x00,0x00,0xFF,0xC0,0x00,0x00,0x00,0xFF,0xC0,0x00,0x00,
  0x00,0xFF,0xC0,0x00,0x00,0x00,0xFF,0xFF,0xFF,0xFF,0xFF,0xFF,0xFF,0xFF,0xFF,0xFF,0xFF,0xFF,0xFF,0xFF,0xFF,0xFF,0xFF,0xFF,
  0xFF,0xFF,0xFF,0xFF,0xFF,0xFF,0xFF,0xFF,0xFF,0xFF,0xFF,0xFF,0xFF,0xFF,0xFF,0xFF,0xFF,0xFF,0xFF,0xFF,0xFF,0xFF,0x00,0x7F,
  0x00,0x7F,0x00,0x00,0x7F,0x00,0x7F,0x00,0x00,0x7F,0x00,0x7F,0x00,0x00,0x7F,0x00,0x7F,0x00,0x00,0x7F,0x00,0x7F,0x00,0x00,
  0x7F,0x00,0x7F,0x00,0x00,0x7F,0x00,0x7F,0x00,0x00,0x7F,0x00,0x7F,0x00,0x00,0x00,0x00,0x00,0x00,0x00,0x00,0x00,0x00,0x00,
  0x00,0x00,0x00,0x00,0x00,0x00,0x00,0x00,0x00,0x00,0xFF,0xFF,0xFF,0xFF,0xFE,0xFF,0xFF,0xFF,0xFF,0xFE,0xFF,0xFF,0xFF,0xFF,
  0xFE,0xFF,0xFF,0xFF,0xFF,0xFE,0xFF,0xFF,0xFF,0xFF,0xFE,0xFF,0xFF,0xFF,0xFF,0xFE,0xFF,0xFF,0xFF,0xFF,0xFE,0xFF,0xFF,0xFF,
  0xFF,0xFE,0xFF,0xC0,0x00,0x00,0x00,0xFF,0xC0,0x00,0x00,0x00,0xFF,0xC0,0x00,0x00,0x00,0xFF,0xC0,0x00,0x00,0x00,0xFF,0xC0,
  0x00,0x00,0x00,0xFF,0xC0,0x00,0x00,0x00,0xFF,0xC0,0x00,0x00,0x00,0xFF,0xC0,0x00,0x00,0x00,0xFF,0xC0,0x00,0x00,0x00,0xFF,
  0xC0,0x00,0x00,0x00,0xFF,0xC0,0x00,0x00,0x00,0xFF,0xC0,0x00,0x00,0x00,0xFF,0xC0,0x00,0x00,0x00,0xFF,0xFF,0xFF,0xFF,0xF8,
  0xFF,0xFF,0xFF,0xFF,0xF8,0xFF,0xFF,0xFF,0xFF,0xF8,0xFF,0xFF,0xFF,0xFF,0xF8,0xFF,0xFF,0xFF,0xFF,0xF8,0xFF,0xFF,0xFF,0xFF,
  0xF8,0xFF,0xFF,0xFF,0xFF,0xF8,0xFF,0xFF,0xFF,0xFF,0xF8,0xFF,0xC0,0x00,0x00,0x00,0xFF,0xC0,0x00,0x00,0x00,0xFF,0xC0,0x00,
  0x00,0x00,0xFF,0xC0,0x00,0x00,0x00,0xFF,0xC0,0x00,0x00,0x00,0xFF,0xC0,0x00,0x00,0x00,0xFF,0xC0,0x00,0x00,0x00,0xFF,0xC0,
  0x00,0x00,0x00,0xFF,0xC0,0x00,0x00,0x00,0xFF,0xC0,0x00,0x00,0x00,0xFF,0xC0,0x00,0x00,0x00,0xFF,0xC0,0x00,0x00,0x00,0xFF,
  0xC0,0x00,0x00,0x00,0xFF,0xFF,0xFF,0xFF,0xFF,0xFF,0xFF,0xFF,0xFF,0xFF,0xFF,0xFF,0xFF,0xFF,0xFF,0xFF,0xFF,0xFF,0xFF,0xFF,
  0xFF,0xFF,0xFF,0xFF,0xFF,0xFF,0xFF,0xFF,0xFF,0xFF,0xFF,0xFF,0xFF,0xFF,0xFF,0xFF,0xFF,0xFF,0xFF,0xFF,0xFF,0xFF,0xFF,0xFF,
  0xFF,0xC0,0x00,0x1F,0xFF,0xFF,0xFF,0xFF,0xF8,0x00,0x03,0xFF,0xFF,0xFF,0xFF,0xFF,0x00,0x00,0x7F,0xFF,0xFF,0xFF,0xFF,0xE0,
  0x00,0x0F,0xFF,0xFF,0xFF,0xFF,0xFC,0x00,0x01,0xFF,0xFF,0xFF,0xFF,0xFF,0x80,0x00,0x3F,0xFF,0xFF,0xFF,0xFF,0xF0,0x00,0x07,
  0xFF,0xFF,0xFF,0xFF,0xFE,0x00,0x00,0x00,0x00,0xFF,0xC0,0x00,0x00,0x00,0x00,0x00,0x1F,0xF8,0x00,0x00,0x00,0x00,0x00,0x03,
  0xFF,0x00,0x00,0x00,0x00,0x00,0x00,0x7F,0xE0,0x00,0x00,0x00,0x00,0x00,0x0F,0xFC,0x00,0x00,0x00,0x00,0x00,0x01,0xFF,0x80,
  0x00,0x00,0x00,0x00,0x00,0x3F,0xF0,0x00,0x00,0x00,0x00,0x00,0x07,0xFE,0x00,0x00,0x00,0x00,0x00,0x00,0xFF,0xC0,0x07,0xFF,
  0x80,0x00,0x00,0x1F,0xF8,0x1F,0xFF,0xFE,0x00,0x00,0x03,0xFF,0x1F,0xFF,0xFF,0xF0,0x00,0x00,0x7F,0xFF,0xFF,0xFF,0xFF,0x00,
  0x00,0x0F,0xFF,0xFF,0xFF,0xFF,0xF0,0x00,0x01,0xFF,0xFF,0xFF,0xFF,0xFF,0x00,0x00,0x3F,0xFF,0xFF,0xFF,0xFF,0xE0,0x00,0x07,
  0xFF,0xFF,0xFF,0xFF,0xFE,0x00,0x00,0xFF,0xFF,0x80,0x0F,0xFF,0xC0,0x00,0x1F,0xFF,0x00,0x00,0x7F,0xF8,0x00,0x03,0xFF,0x00,
  0x00,0x07,0xFF,0x80,0x00,0x7F,0xE0,0x00,0x00,0x7F,0xF0,0x00,0x0F,0xFC,0x00,0x00,0x0F,0xFE,0x00,0x01,0xFF,0x80,0x00,0x00,
  0xFF,0xC0,0x00,0x3F,0xF0,0x00,0x00,0x1F,0xF8,0x00,0x07,0xFE,0x00,0x00,0x03,0xFF,0x00,0x00,0xFF,0xC0,0x00,0x00,0x7F,0xE0,
  0x00,0x1F,0xF8,0x00,0x00,0x0F,0xFC,0x00,0x03,0xFF,0x00,0x00,0x01,0xFF,0x80,0x00,0x7F,0xE0,0x00,0x00,0x3F,0xF0,0x00,0x0F,
  0xFC,0x00,0x00,0x07,0xFE,0x00,0x01,0xFF,0x80,0x00,0x00,0xFF,0xC0,0x00,0x3F,0xF0,0x00,0x00,0x1F,0xF8,0x00,0x07,0xFE,0x00,
  0x40,0x07,0xFF,0x00,0x00,0xFF,0xC0,0x1C,0x00,0xFF,0xC0,0x00,0x1F,0xF8,0x07,0xC0,0x3F,0xF8,0x00,0x03,0xFF,0x03,0xFE,0x1F,
  0xFF,0x00,0x00,0x7F,0xE0,0xFF,0xFF,0xFF,0xE0,0x00,0x0F,0xFC,0x3F,0xFF,0xFF,0xF8,0x00,0x01,0xFF,0x87,0xFF,0xFF,0xFF,0x00,
  0x00,0x3F,0xF0,0x7F,0xFF,0xFF,0xC0,0x00,0x07,0xFE,0x07,0xFF,0xFF,0xF0,0x00,0x00,0xFF,0xC0,0x7F,0xFF,0xFC,0x00,0x00,0x1F,
  0xF8,0x03,0xFF,0xFE,0x00,0x00,0x00,0x00,0x00,0x0F,0xFE,0x00,0x00,0x00,0x00,0x1F,0xF8,0x00,0x00,0x0F,0xFE,0x00,0x00,0x07,
  0xFF,0x00,0x00,0x03,0xFF,0x00,0x00,0x01,0xFF,0x80,0x00,0x00,0xFF,0x80,0x00,0x00,0x7F,0xC0,0x00,0x00,0x3F,0xE0,0x00,0x00,
  0x1F,0xE0,0x00,0x00,0x07,0xF0,0x00,0x00,0x00,0x00,0x00,0x00,0x00,0x00,0x00,0x00,0x00,0x00,0x00,0x00,0x00,0x00,0x00,0x00,
  0x0F,0xFF,0xFF,0xFF,0xFF,0xFF,0xFF,0xFF,0xFF,0xFF,0xFF,0xFF,0xFF,0xFF,0xFF,0xFF,0xFF,0xFF,0xFF,0xFF,0xFF,0xFF,0xFF,0xFF,
  0xFF,0xFF,0xFF,0xFF,0xFF,0xFF,0xFF,0xFF,0xFF,0xFF,0xFF,0xFC,0x00,0x00,0x03,0xFF,0x00,0x00,0x00,0xFF,0xC0,0x00,0x00,0x3F,
  0xF0,0x00,0x00,0x0F,0xFC,0x00,0x00,0x03,0xFF,0x00,0x00,0x00,0xFF,0xC0,0x00,0x00,0x3F,0xF0,0x00,0x00,0x0F,0xFC,0x00,0x00,
  0x03,0xFF,0x00,0x00,0x00,0xFF,0xC0,0x00,0x00,0x3F,0xF0,0x00,0x00,0x0F,0xFC,0x00,0x00,0x03,0xFF,0x00,0x00,0x00,0xFF,0xC0,
  0x00,0x00,0x3F,0xF0,0x00,0x00,0x0F,0xFC,0x00,0x00,0x03,0xFF,0x00,0x00,0x00,0xFF,0xC0,0x00,0x00,0x3F,0xF0,0x00,0x00,0x0F,
  0xFC,0x00,0x00,0x03,0xFF,0x00,0x00,0x00,0xFF,0xC0,0x00,0x00,0x3F,0xF0,0x00,0x00,0x0F,0xFC,0x00,0x00,0x03,0xFF,0x00,0x00,
  0x00,0xFF,0xC0,0x00,0x00,0x3F,0xF0,0x00,0x00,0x0F,0xFC,0x00,0x00,0x03,0xFF,0x00,0x00,0x00,0xFF,0xC0,0x00,0x00,0x3F,0xF0,
  0x00,0x00,0x0F,0xFC,0x00,0x00,0x03,0xFF,0x00,0x00,0x00,0xFF,0xC0,0x00,0x00,0x3F,0xF0,0x00,0x00,0x0F,0xFC,0x00,0x00,0x03,
  0xFF,0x00,0x00,0x00,0xFF,0xC0,0x00,0x00,0x3F,0xF0,0x00,0x00,0x0F,0xFC,0x00,0x00,0x03,0xFF,0x00,0x00,0x00,0x00,0x00,0x3F,
  0xFC,0x00,0x00,0x00,0x0F,0xFF,0xFF,0x00,0x00,0x00,0xFF,0xFF,0xFF,0x00,0x00,0x0F,0xFF,0xFF,0xFF,0x00,0x00,0x7F,0xFF,0xFF,
  0xFF,0x00,0x07,0xFF,0xFF,0xFF,0xFE,0x00,0x3F,0xFF,0xFF,0xFF,0xFC,0x01,0xFF,0xFF,0xFF,0xFF,0xF8,0x07,0xFF,0xF8,0x1F,0xFF,
  0xE0,0x3F,0xFF,0x00,0x07,0xFF,0xC1,0xFF,0xF0,0x00,0x0F,0xFF,0x07,0xFF,0x80,0x00,0x0F,0xFE,0x3F,0xFC,0x00,0x00,0x1F,0xF8,
  0xFF,0xE0,0x00,0x00,0x7F,0xE3,0xFF,0x80,0x00,0x00,0xFC,0x1F,0xFC,0x00,0x00,0x03,0x80,0x7F,0xF0,0x00,0x00,0x00,0x01,0xFF,
  0x80,0x00,0x00,0x00,0x07,0xFE,0x00,0x00,0x00,0x00,0x3F,0xF8,0x00,0x00,0x00,0x00,0xFF,0xE0,0x00,0x00,0x00,0x03,0xFF,0x80,
  0x00,0x00,0x00,0x0F,0xFF,0xFF,0xFF,0xC0,0x00,0x3F,0xFF,0xFF,0xFF,0x00,0x00,0xFF,0xFF,0xFF,0xFC,0x00,0x03,0xFF,0xFF,0xFF,
  0xF0,0x00,0x0F,0xFF,0xFF,0xFF,0xC0,0x00,0x3F,0xFF,0xFF,0xFF,0x00,0x00,0xFF,0xFF,0xFF,0xFC,0x00,0x03,0xFF,0xFF,0xFF,0xF0,
  0x00,0x0F,0xFE,0x00,0x00,0x00,0x00,0x3F,0xF8,0x00,0x00,0x00,0x00,0xFF,0xE0,0x00,0x00,0x00,0x01,0xFF,0x80,0x00,0x00,0x00,
  0x07,0xFE,0x00,0x00,0x00,0x60,0x1F,0xFC,0x00,0x00,0x01,0xE0,0x7F,0xF0,0x00,0x00,0x0F,0xF0,0xFF,0xE0,0x00,0x00,0x3F,0xF3,
  0xFF,0x80,0x00,0x01,0xFF,0xC7,0xFF,0x00,0x00,0x0F,0xFE,0x1F,0xFE,0x00,0x00,0x7F,0xF8,0x3F,0xFC,0x00,0x03,0xFF,0xC0,0xFF,
  0xFC,0x00,0x3F,0xFF,0x01,0xFF,0xFF,0x07,0xFF,0xF8,0x03,0xFF,0xFF,0xFF,0xFF,0xC0,0x07,0xFF,0xFF,0xFF,0xFE,0x00,0x0F,0xFF,
  0xFF,0xFF,0xF0,0x00,0x1F,0xFF,0xFF,0xFF,0x80,0x00,0x3F,0xFF,0xFF,0xFC,0x00,0x00,0x3F,0xFF,0xFF,0xC0,0x00,0x00,0x1F,0xFF,
  0xFC,0x00,0x00,0x00,0x0F,0xFF,0x00,0x00,0x00,0x01,0xFF,0xF8,0x00,0x00,0x03,0xFF,0xFF,0xF0,0x00,0x01,0xFF,0xFF,0xFF,0x80,
  0x00,0x7F,0xFF,0xFF,0xFC,0x00,0x3F,0xFF,0xFF,0xFF,0xC0,0x0F,0xFF,0xFF,0xFF,0xFC,0x01,0xFF,0xFF,0xFF,0xFF,0xC0,0x7F,0xFF,
  0x87,0xFF,0xF8,0x1F,0xFF,0x00,0x0F,0xFF,0x83,0xFF,0x80,0x00,0xFF,0xF0,0x7F,0xE0,0x00,0x0F,0xFE,0x0F,0xFC,0x00,0x00,0xFF,
  0xE3,0xFF,0x80,0x00,0x1F,0xFC,0x7F,0xF0,0x00,0x01,0xE0,0x0F,0xFE,0x00,0x00,0x00,0x01,0xFF,0xC0,0x00,0x00,0x00,0x3F,0xF8,
  0x00,0x00,0x00,0x03,0xFF,0x80,0x00,0x00,0x00,0x7F,0xFC,0x00,0x00,0x00,0x0F,0xFF,0xE0,0x00,0x00,0x00,0xFF,0xFF,0xC0,0x00,
  0x00,0x1F,0xFF,0xFF,0xC0,0x00,0x01,0xFF,0xFF,0xFF,0x80,0x00,0x1F,0xFF,0xFF,0xFE,0x00,0x01,0xFF,0xFF,0xFF,0xF0,0x00,0x1F,
  0xFF,0xFF,0xFF,0x80,0x00,0xFF,0xFF,0xFF,0xF8,0x00,0x03,0xFF,0xFF,0xFF,0x80,0x00,0x07,0xFF,0xFF,0xF8,0x00,0x00,0x0F,0xFF,
  0xFF,0x00,0x00,0x00,0x1F,0xFF,0xF0,0x00,0x00,0x00,0x7F,0xFE,0x00,0x00,0x00,0x03,0xFF,0xE0,0x00,0x00,0x00,0x1F,0xFC,0x00,
  0x00,0x00,0x03,0xFF,0x80,0x00,0x00,0x00,0x3F,0xF0,0x00,0x00,0x00,0x07,0xFE,0x03,0x80,0x00,0x00,0xFF,0xDF,0xF8,0x00,0x00,
  0x1F,0xFF,0xFF,0x00,0x00,0x03,0xFF,0x7F,0xF0,0x00,0x00,0xFF,0xEF,0xFF,0x00,0x00,0x3F,0xFD,0xFF,0xF0,0x00,0x0F,0xFF,0x1F,
  0xFF,0xC0,0x07,0xFF,0xE1,0xFF,0xFF,0xFF,0xFF,0xF8,0x3F,0xFF,0xFF,0xFF,0xFF,0x03,0xFF,0xFF,0xFF,0xFF,0xC0,0x3F,0xFF,0xFF,
  0xFF,0xF0,0x01,0xFF,0xFF,0xFF,0xF8,0x00,0x1F,0xFF,0xFF,0xFE,0x00,0x00,0x7F,0xFF,0xFE,0x00,0x00,0x00,0xFF,0xFC,0x00,0x00,
  0xFF,0xFF,0xFF,0xFF,0xFF,0xFF,0xFF,0xFF,0xFF,0xFF,0xFF,0xFF,0xFF,0xFF,0xFF,0xFF,0xFF,0xFF,0xFF,0xFF,0xFF,0xFF,0xFF,0xFF,
  0xFF,0xFF,0xFF,0xFF,0xFF,0xFF,0xFF,0xFF,0xFF,0xFF,0xFF,0xFF,0xFF,0xFF,0xFF,0xFF,0xFF,0xFF,0xFF,0xFF,0xFF,0xFF,0xFF,0xFF,
  0xFF,0xFF,0xFF,0xFF,0xFF,0xFF,0xFF,0xFF,0xFF,0xFF,0xFF,0xFF,0xFF,0xFF,0xF0,0xFE,0x00,0xFF,0xFC,0x01,0xFF,0xF8,0x03,0xFF,
  0xF0,0x07,0xFF,0xE0,0x0F,0xFF,0xC0,0x1F,0xFF,0x80,0x3F,0xFF,0x00,0x7F,0x00,0x00,0x00,0x00,0x00,0x00,0x00,0x00,0x00,0x00,
  0x00,0x00,0x1F,0xF8,0x00,0x3F,0xF0,0x00,0x7F,0xE0,0x00,0xFF,0xC0,0x01,0xFF,0x80,0x03,0xFF,0x00,0x07,0xFE,0x00,0x0F,0xFC,
  0x00,0x1F,0xF8,0x00,0x3F,0xF0,0x00,0x7F,0xE0,0x00,0xFF,0xC0,0x01,0xFF,0x80,0x03,0xFF,0x00,0x07,0xFE,0x00,0x0F,0xFC,0x00,
  0x1F,0xF8,0x00,0x3F,0xF0,0x00,0x7F,0xE0,0x00,0xFF,0xC0,0x01,0xFF,0x80,0x03,0xFF,0x00,0x07,0xFE,0x00,0x0F,0xFC,0x00,0x1F,
  0xF8,0x00,0x3F,0xF0,0x00,0x7F,0xE0,0x00,0xFF,0xC0,0x01,0xFF,0x80,0x03,0xFF,0x00,0x07,0xFE,0x00,0x0F,0xFC,0x00,0x1F,0xF8,
  0x00,0x3F,0xF0,0x00,0x7F,0xE0,0x00,0xFF,0xC0,0x01,0xFF,0x80,0x03,0xFF,0x00,0x07,0xFE,0x00,0x0F,0xFC,0x00,0x1F,0xF8,0x00,
  0x3F,0xF0,0x00,0x7F,0xE0,0x00,0xFF,0xC0,0x01,0xFF,0x80,0x03,0xFF,0x00,0x07,0xFE,0x00,0x0F,0xFC,0x00,0x1F,0xF8,0x00,0x3F,
  0xF0,0x00,0x00,0x03,0xFF,0xFF,0xC0,0x00,0xFF,0xFF,0xF0,0x00,0x3F,0xFF,0xFC,0x00,0x0F,0xFF,0xFF,0x00,0x03,0xFF,0xFF,0xC0,
  0x00,0xFF,0xFF,0xF0,0x00,0x3F,0xFF,0xFC,0x00,0x0F,0xFF,0xFF,0x00,0x00,0x00,0xFF,0xC0,0x00,0x00,0x3F,0xF0,0x00,0x00,0x0F,
  0xFC,0x00,0x00,0x03,0xFF,0x00,0x00,0x00,0xFF,0xC0,0x00,0x00,0x3F,0xF0,0x00,0x00,0x0F,0xFC,0x00,0x00,0x03,0xFF,0x00,0x00,
  0x00,0xFF,0xC0,0x00,0x00,0x3F,0xF0,0x00,0x00,0x0F,0xFC,0x00,0x00,0x03,0xFF,0x00,0x00,0x00,0xFF,0xC0,0x00,0x00,0x3F,0xF0,
  0x00,0x00,0x0F,0xFC,0x00,0x00,0x03,0xFF,0x00,0x00,0x00,0xFF,0xC0,0x00,0x00,0x3F,0xF0,0x00,0x00,0x0F,0xFC,0x00,0x00,0x03,
  0xFF,0x00,0x00,0x00,0xFF,0xC0,0x00,0x00,0x3F,0xF0,0x00,0x00,0x0F,0xFC,0x00,0x00,0x03,0xFF,0x00,0x00,0x00,0xFF,0xC0,0x00,
  0x00,0x3F,0xF0,0x00,0x00,0x0F,0xFC,0x07,0x80,0x03,0xFF,0xFF,0xE0,0x00,0xFF,0xFF,0xF8,0x00,0x7F,0xFF,0xFE,0x00,0x1F,0xFD,
  0xFF,0xC0,0x07,0xFF,0x7F,0xF0,0x03,0xFF,0x9F,0xFE,0x01,0xFF,0xE3,0xFF,0xE1,0xFF,0xF8,0xFF,0xFF,0xFF,0xFC,0x1F,0xFF,0xFF,
  0xFF,0x03,0xFF,0xFF,0xFF,0x80,0xFF,0xFF,0xFF,0xC0,0x1F,0xFF,0xFF,0xE0,0x01,0xFF,0xFF,0xE0,0x00,0x1F,0xFF,0xF0,0x00,0x00,
  0xFF,0xE0,0x00,0x00,0x0F,0xFF,0xFF,0xFF,0xF0,0x00,0x00,0x00,0x00,0x00,0xFF,0xFF,0xFF,0xFF,0x00,0x00,0x00,0x00,0x00,0x0F,
  0xFF,0xFF,0xFF,0xF0,0x00,0x00,0x00,0x00,0x00,0xFF,0xFF,0xFF,0xFF,0x00,0x00,0x00,0x00,0x00,0x0F,0xFF,0xFF,0xFF,0xF0,0x00,
  0x00,0x00,0x00,0x01,0xFF,0xFF,0xFF,0xFF,0x00,0x00,0x00,0x00,0x00,0x1F,0xFF,0xFF,0xFF,0xF0,0x00,0x00,0x00,0x00,0x01,0xFF,
  0xFF,0xFF,0xFF,0x00,0x00,0x00,0x00,0x00,0x1F,0xFF,0xFF,0xFF,0xF0,0x00,0x00,0x00,0x00,0x01,0xFF,0x80,0x03,0xFF,0x00,0x00,
  0x00,0x00,0x00,0x1F,0xF8,0x00,0x3F,0xF0,0x00,0x00,0x00,0x00,0x01,0xFF,0x80,0x03,0xFF,0x00,0x00,0x00,0x00,0x00,0x3F,0xF8,
  0x00,0x3F,0xF0,0x00,0x00,0x00,0x00,0x03,0xFF,0x80,0x03,0xFF,0x00,0x00,0x00,0x00,0x00,0x3F,0xF8,0x00,0x3F,0xF0,0x00,0x00,
  0x00,0x00,0x03,0xFF,0x80,0x03,0xFF,0x00,0x00,0x00,0x00,0x00,0x3F,0xF0,0x00,0x3F,0xF0,0x00,0x00,0x00,0x00,0x03,0xFF,0x00,
  0x03,0xFF,0x00,0x00,0x00,0x00,0x00,0x3F,0xF0,0x00,0x3F,0xF0,0x00,0x00,0x00,0x00,0x07,0xFF,0x00,0x03,0xFF,0x00,0x00,0x00,
  0x00,0x00,0x7F,0xF0,0x00,0x3F,0xFF,0xFF,0xFF,0x00,0x00,0x07,0xFF,0x00,0x03,0xFF,0xFF,0xFF,0xFF,0x00,0x00,0x7F,0xF0,0x00,
  0x3F,0xFF,0xFF,0xFF,0xFC,0x00,0x07,0xFE,0x00,0x03,0xFF,0xFF,0xFF,0xFF,0xE0,0x00,0x7F,0xE0,0x00,0x3F,0xFF,0xFF,0xFF,0xFF,
  0x00,0x07,0xFE,0x00,0x03,0xFF,0xFF,0xFF,0xFF,0xF8,0x00,0xFF,0xE0,0x00,0x3F,0xFF,0xFF,0xFF,0xFF,0xC0,0x0F,0xFE,0x00,0x03,
  0xFF,0xFF,0xFF,0xFF,0xFE,0x00,0xFF,0xE0,0x00,0x3F,0xF0,0x00,0x0F,0xFF,0xE0,0x0F,0xFC,0x00,0x03,0xFF,0x00,0x00,0x1F,0xFF,
  0x00,0xFF,0xC0,0x00,0x3F,0xF0,0x00,0x00,0xFF,0xF0,0x1F,0xFC,0x00,0x03,0xFF,0x00,0x00,0x07,0xFF,0x01,0xFF,0xC0,0x00,0x3F,
  0xF0,0x00,0x00,0x7F,0xF0,0x1F,0xFC,0x00,0x03,0xFF,0x00,0x00,0x03,0xFF,0x01,0xFF,0xC0,0x00,0x3F,0xF0,0x00,0x00,0x3F,0xF0,
  0x3F,0xF8,0x00,0x03,0xFF,0x00,0x00,0x03,0xFF,0x03,0xFF,0x80,0x00,0x3F,0xF0,0x00,0x00,0x3F,0xF0,0x3F,0xF8,0x00,0x03,0xFF,
  0x00,0x00,0x07,0xFF,0x07,0xFF,0x80,0x00,0x3F,0xF0,0x00,0x00,0x7F,0xF0,0x7F,0xF0,0x00,0x03,0xFF,0x00,0x00,0x0F,0xFF,0x0F,
  0xFF,0x00,0x00,0x3F,0xF0,0x00,0x01,0xFF,0xE1,0xFF,0xF0,0x00,0x03,0xFF,0x00,0x00,0xFF,0xFE,0xFF,0xFE,0x00,0x00,0x3F,0xFF,
  0xFF,0xFF,0xFF,0xCF,0xFF,0xE0,0x00,0x03,0xFF,0xFF,0xFF,0xFF,0xFC,0xFF,0xFC,0x00,0x00,0x3F,0xFF,0xFF,0xFF,0xFF,0x8F,0xFF,
  0xC0,0x00,0x03,0xFF,0xFF,0xFF,0xFF,0xF0,0xFF,0xF8,0x00,0x00,0x3F,0xFF,0xFF,0xFF,0xFE,0x0F,0xFF,0x00,0x00,0x03,0xFF,0xFF,
  0xFF,0xFF,0x80,0xFF,0xF0,0x00,0x00,0x3F,0xFF,0xFF,0xFF,0xE0,0x0F,0xFC,0x00,0x00,0x03,0xFF,0xFF,0xFF,0xF0,0x00,0x7F,0x00,
  0x00,0x00,0x00,0x00,0x00,0x00,0x00,0x00,0xFF,0xC0,0x00,0x07,0xFF,0x00,0x00,0x00,0x07,0xFE,0x00,0x00,0x3F,0xF8,0x00,0x00,
  0x00,0x3F,0xF0,0x00,0x01,0xFF,0xC0,0x00,0x00,0x01,0xFF,0x80,0x00,0x0F,0xFE,0x00,0x00,0x00,0x0F,0xFC,0x00,0x00,0x7F,0xF0,
  0x00,0x00,0x00,0x7F,0xE0,0x00,0x03,0xFF,0x80,0x00,0x00,0x03,0xFF,0x00,0x00,0x1F,0xFC,0x00,0x00,0x00,0x1F,0xF8,0x00,0x00,
  0xFF,0xE0,0x00,0x00,0x00,0xFF,0xC0,0x00,0x07,0xFF,0x00,0x00,0x00,0x07,0xFE,0x00,0x00,0x3F,0xF8,0x00,0x00,0x00,0x3F,0xF0,
  0x00,0x01,0xFF,0xC0,0x00,0x00,0x01,0xFF,0x80,0x00,0x0F,0xFE,0x00,0x00,0x00,0x0F,0xFC,0x00,0x00,0x7F,0xF0,0x00,0x00,0x00,
  0x7F,0xE0,0x00,0x03,0xFF,0x80,0x00,0x00,0x03,0xFF,0x00,0x00,0x1F,0xFC,0x00,0x00,0x00,0x1F,0xF8,0x00,0x00,0xFF,0xE0,0x00,
  0x00,0x00,0xFF,0xC0,0x00,0x07,0xFF,0x00,0x00,0x00,0x07,0xFE,0x00,0x00,0x3F,0xF8,0x00,0x00,0x00,0x3F,0xF0,0x00,0x01,0xFF,
  0xC0,0x00,0x00,0x01,0xFF,0x80,0x00,0x0F,0xFE,0x00,0x00,0x00,0x0F,0xFF,0xFF,0xFF,0xFF,0xFF,0xFF,0xF8,0x00,0x7F,0xFF,0xFF,
  0xFF,0xFF,0xFF,0xFF,0xF8,0x03,0xFF,0xFF,0xFF,0xFF,0xFF,0xFF,0xFF,0xF8,0x1F,0xFF,0xFF,0xFF,0xFF,0xFF,0xFF,0xFF,0xE0,0xFF,
  0xFF,0xFF,0xFF,0xFF,0xFF,0xFF,0xFF,0x87,0xFF,0xFF,0xFF,0xFF,0xFF,0xFF,0xFF,0xFE,0x3F,0xFF,0xFF,0xFF,0xFF,0xFF,0xFF,0xFF,
  0xF9,0xFF,0xFF,0xFF,0xFF,0xFF,0xFF,0xFF,0xFF,0xCF,0xFF,0xFF,0xFF,0xFF,0xF0,0x00,0x7F,0xFF,0x7F,0xE0,0x00,0x03,0xFF,0x80,
  0x00,0xFF,0xFB,0xFF,0x00,0x00,0x1F,0xFC,0x00,0x01,0xFF,0xDF,0xF8,0x00,0x00,0xFF,0xE0,0x00,0x0F,0xFF,0xFF,0xC0,0x00,0x07,
  0xFF,0x00,0x00,0x3F,0xFF,0xFE,0x00,0x00,0x3F,0xF8,0x00,0x01,0xFF,0xFF,0xF0,0x00,0x01,0xFF,0xC0,0x00,0x0F,0xFF,0xFF,0x80,
  0x00,0x0F,0xFE,0x00,0x00,0x7F,0xFF,0xFC,0x00,0x00,0x7F,0xF0,0x00,0x03,0xFF,0xFF,0xE0,0x00,0x03,0xFF,0x80,0x00,0x1F,0xFF,
  0xFF,0x00,0x00,0x1F,0xFC,0x00,0x01,0xFF,0xFF,0xF8,0x00,0x00,0xFF,0xE0,0x00,0x0F,0xFE,0xFF,0xC0,0x00,0x07,0xFF,0x00,0x01,
  0xFF,0xF7,0xFE,0x00,0x00,0x3F,0xF8,0x00,0x7F,0xFF,0x3F,0xF0,0x00,0x01,0xFF,0xFF,0xFF,0xFF,0xF9,0xFF,0x80,0x00,0x0F,0xFF,
  0xFF,0xFF,0xFF,0x8F,0xFC,0x00,0x00,0x7F,0xFF,0xFF,0xFF,0xF8,0x7F,0xE0,0x00,0x03,0xFF,0xFF,0xFF,0xFF,0x83,0xFF,0x00,0x00,
  0x1F,0xFF,0xFF,0xFF,0xF8,0x1F,0xF8,0x00,0x00,0xFF,0xFF,0xFF,0xFF,0x80,0xFF,0xC0,0x00,0x07,0xFF,0xFF,0xFF,0xF0,0x07,0xFE,
  0x00,0x00,0x3F,0xFF,0xFF,0xF8,0x00,0x00,0xFF,0xFF,0xFF,0xFF,0xFF,0xC0,0x00,0x7F,0xFF,0xFF,0xFF,0xFF,0xE0,0x00,0x3F,0xFF,
  0xFF,0xFF,0xFF,0xF0,0x00,0x1F,0xFF,0xFF,0xFF,0xFF,0xF8,0x00,0x0F,0xFF,0xFF,0xFF,0xFF,0xFC,0x00,0x07,0xFF,0xFF,0xFF,0xFF,
  0xFE,0x00,0x03,0xFF,0xFF,0xFF,0xFF,0xFF,0x00,0x01,0xFF,0xFF,0xFF,0xFF,0xFF,0x80,0x00,0x00,0x00,0xFF,0xC0,0x00,0x00,0x00,
  0x00,0x00,0x7F,0xE0,0x00,0x00,0x00,0x00,0x00,0x3F,0xF0,0x00,0x00,0x00,0x00,0x00,0x1F,0xF8,0x00,0x00,0x00,0x00,0x00,0x0F,
  0xFC,0x00,0x00,0x00,0x00,0x00,0x07,0xFE,0x00,0x00,0x00,0x00,0x00,0x03,0xFF,0x00,0x00,0x00,0x00,0x00,0x01,0xFF,0x80,0x00,
  0x00,0x00,0x00,0x00,0xFF,0xC0,0x1F,0xFC,0x00,0x00,0x00,0x7F,0xE1,0xFF,0xFF,0xC0,0x00,0x00,0x3F,0xF7,0xFF,0xFF,0xF8,0x00,
  0x00,0x1F,0xFF,0xFF,0xFF,0xFF,0x00,0x00,0x0F,0xFF,0xFF,0xFF,0xFF,0xC0,0x00,0x07,0xFF,0xFF,0xFF,0xFF,0xE0,0x00,0x03,0xFF,
  0xFF,0xFF,0xFF,0xF8,0x00,0x01,0xFF,0xFF,0xFF,0xFF,0xFE,0x00,0x00,0xFF,0xFE,0x00,0x3F,0xFF,0x00,0x00,0x7F,0xF0,0x00,0x07,
  0xFF,0x80,0x00,0x3F,0xF0,0x00,0x01,0xFF,0xE0,0x00,0x1F,0xF8,0x00,0x00,0x7F,0xF0,0x00,0x0F,0xFC,0x00,0x00,0x3F,0xF8,0x00,
  0x07,0xFE,0x00,0x00,0x0F,0xFC,0x00,0x03,0xFF,0x00,0x00,0x07,0xFE,0x00,0x01,0xFF,0x80,0x00,0x03,0xFF,0x00,0x00,0xFF,0xC0,
  0x00,0x01,0xFF,0x80,0x00,0x7F,0xE0,0x00,0x00,0xFF,0xC0,0x00,0x3F,0xF0,0x00,0x00,0x7F,0xE0,0x00,0x1F,0xF8,0x00,0x00,0x3F,
  0xF0,0x00,0x0F,0xFC,0x00,0x00,0x1F,0xF8,0x00,0x07,0xFE,0x00,0x00,0x0F,0xFC,0x00,0x03,0xFF,0x00,0x00,0x07,0xFE,0x00,0x01,
  0xFF,0x80,0x00,0x03,0xFF,0x00,0x00,0xFF,0xC0,0x00,0x01,0xFF,0x80,0x00,0x7F,0xE0,0x00,0x00,0xFF,0xC0,0x00,0x3F,0xF0,0x00,
  0x00,0x7F,0xE0,0x00,0x1F,0xF8,0x00,0x00,0x3F,0xF0,0x00,0x0F,0xFC,0x00,0x00,0x1F,0xF8,0x00,0x07,0xFE,0x00,0x00,0x0F,0xFC,
  0x00,0x03,0xFF,0x00,0x00,0x07,0xFE,0x00,0x01,0xFF,0x80,0x00,0x03,0xFF,0x00,0x00,0xFF,0xC0,0x00,0x01,0xFF,0x80,0x00,0x7F,
  0xE0,0x00,0x00,0xFF,0xC0,0x00,0x00,0x07,0xFE,0x00,0x00,0x00,0x1F,0xFC,0x00,0x00,0x00,0x7F,0xF0,0x00,0x00,0x01,0xFF,0x80,
  0x00,0x00,0x07,0xFE,0x00,0x00,0x00,0x1F,0xF8,0x00,0x00,0x00,0x7F,0xC0,0x00,0x00,0x01,0xFF,0x00,0x00,0x00,0x07,0xF8,0x00,
  0x00,0x00,0x0F,0xE0,0x00,0x00,0x00,0x00,0x00,0x00,0x00,0x00,0x00,0x00,0x00,0x00,0x00,0x00,0x00,0x00,0x00,0x00,0x00,0x00,
  0x00,0x3F,0xF0,0x00,0x0F,0xFE,0x7F,0xE0,0x00,0x1F,0xF8,0xFF,0xC0,0x00,0x7F,0xF1,0xFF,0x80,0x01,0xFF,0xC3,0xFF,0x00,0x03,
  0xFF,0x07,0xFE,0x00,0x0F,0xFE,0x0F,0xFC,0x00,0x1F,0xF8,0x1F,0xF8,0x00,0x7F,0xE0,0x3F,0xF0,0x01,0xFF,0xC0,0x7F,0xE0,0x03,
  0xFF,0x00,0xFF,0xC0,0x0F,0xFE,0x01,0xFF,0x80,0x3F,0xF8,0x03,0xFF,0x00,0x7F,0xE0,0x07,0xFE,0x01,0xFF,0xC0,0x0F,0xFC,0x07,
  0xFF,0x00,0x1F,0xF8,0x0F,0xFC,0x00,0x3F,0xF0,0x3F,0xF8,0x00,0x7F,0xE0,0xFF,0xE0,0x00,0xFF,0xC3,0xFF,0x80,0x01,0xFF,0x8F,
  0xFE,0x00,0x03,0xFF,0x3F,0xFC,0x00,0x07,0xFF,0xFF,0xF0,0x00,0x0F,0xFF,0xFF,0xC0,0x00,0x1F,0xFF,0xFF,0xC0,0x00,0x3F,0xFF,
  0xFF,0xC0,0x00,0x7F,0xFF,0xFF,0x80,0x00,0xFF,0xFF,0xFF,0x80,0x01,0xFF,0xFB,0xFF,0x00,0x03,0xFF,0x07,0xFF,0x00,0x07,0xFE,
  0x07,0xFF,0x00,0x0F,0xFC,0x07,0xFE,0x00,0x1F,0xF8,0x0F,0xFE,0x00,0x3F,0xF0,0x0F,0xFC,0x00,0x7F,0xE0,0x1F,0xFC,0x00,0xFF,
  0xC0,0x1F,0xFC,0x01,0xFF,0x80,0x3F,0xF8,0x03,0xFF,0x00,0x3F,0xF8,0x07,0xFE,0x00,0x3F,0xF0,0x0F,0xFC,0x00,0x7F,0xF0,0x1F,
  0xF8,0x00,0x7F,0xF0,0x3F,0xF0,0x00,0xFF,0xE0,0x7F,0xE0,0x00,0xFF,0xE0,0xFF,0xC0,0x01,0xFF,0xE1,0xFF,0x80,0x01,0xFF,0xC3,
  0xFF,0x00,0x01,0xFF,0xC7,0xFE,0x00,0x03,0xFF,0x8F,0xFC,0x00,0x03,0xFF,0x9F,0xF8,0x00,0x07,0xFF,0xBF,0xF0,0x00,0x07,0xFF,
  0x7F,0xE0,0x00,0x0F,0xFF,0x00,0xFF,0xC0,0x00,0x00,0x00,0x3F,0xF8,0x00,0x00,0x00,0x03,0xFF,0x00,0x00,0x00,0x00,0x7F,0xE0,
  0x00,0x00,0x00,0x0F,0xFC,0x00,0x00,0x00,0x00,0xFF,0x80,0x00,0x00,0x00,0x1F,0xF0,0x00,0x00,0x00,0x01,0xFE,0x00,0x00,0x00,
  0x00,0x3F,0xC0,0x00,0x00,0x00,0x07,0xF0,0x00,0x00,0x00,0x00,0x00,0x00,0x00,0x00,0x00,0x00,0x00,0x00,0x00,0x00,0x00,0x00,
  0x00,0x00,0x00,0x00,0x00,0x00,0x0F,0xF8,0x00,0x00,0x3F,0xFF,0xFE,0x00,0x00,0x1F,0xFF,0xFF,0x80,0x00,0x07,0xFF,0xFF,0xE0,
  0x00,0x03,0xFF,0xFF,0xF8,0x00,0x00,0xFF,0xFF,0xFE,0x00,0x00,0x7F,0xFF,0xFF,0x80,0x00,0x1F,0xFF,0xFF,0xE0,0x00,0x0F,0xFF,
  0xFF,0xF8,0x00,0x07,0xFF,0xFF,0xFE,0x00,0x01,0xFF,0xFF,0xFF,0x80,0x00,0xFF,0xFF,0xFF,0xE0,0x00,0x3F,0xFF,0xFF,0xF8,0x00,
  0x1F,0xF7,0xFF,0xFE,0x00,0x07,0xFD,0xFF,0xFF,0x80,0x03,0xFE,0x7F,0xFF,0xE0,0x00,0xFF,0x9F,0xFF,0xF8,0x00,0x7F,0xC7,0xFF,
  0xFE,0x00,0x1F,0xF1,0xFF,0xFF,0x80,0x0F,0xF8,0x7F,0xFF,0xE0,0x07,0xFC,0x1F,0xFF,0xF8,0x01,0xFF,0x07,0xFF,0xFE,0x00,0xFF,
  0x81,0xFF,0xFF,0x80,0x3F,0xE0,0x7F,0xFF,0xE0,0x1F,0xF0,0x1F,0xFF,0xF8,0x07,0xFC,0x07,0xFF,0xFE,0x03,0xFE,0x01,0xFF,0xFF,
  0x80,0xFF,0x80,0x7F,0xFF,0xE0,0x7F,0xC0,0x1F,0xFF,0xF8,0x3F,0xE0,0x07,0xFF,0xFE,0x0F,0xF8,0x01,0xFF,0xFF,0x87,0xFC,0x00,
  0x7F,0xFF,0xE1,0xFF,0x00,0x1F,0xFF,0xF8,0xFF,0x80,0x07,0xFF,0xFE,0x3F,0xE0,0x01,0xFF,0xFF,0x9F,0xF0,0x00,0x7F,0xFF,0xE7,
  0xFC,0x00,0x1F,0xFF,0xFB,0xFE,0x00,0x07,0xFF,0xFF,0xFF,0x80,0x01,0xFF,0xFF,0xFF,0xC0,0x00,0x7F,0xFF,0xFF,0xE0,0x00,0x1F,
  0xFF,0xFF,0xF8,0x00,0x07,0xFF,0xFF,0xFC,0x00,0x01,0xFF,0xFF,0xFF,0x00,0x00,0x7F,0xFF,0xFF,0x80,0x00,0x1F,0xFF,0xFF,0xE0,
  0x00,0x07,0xFF,0xFF,0xF0,0x00,0x01,0xFF,0xFF,0xFC,0x00,0x00,0x7F,0xFF,0xFE,0x00,0x00,0x1F,0xFF,0xFF,0x00,0x00,0x07,0xFF,
  0xFF,0xC0,0x00,0x01,0xFF,0x00,0xFF,0x00,0x0F,0xF0,0x00,0x07,0xF8,0x00,0x7F,0x80,0x00,0x3F,0xC0,0x03,0xFC,0x00,0x01,0xFE,
  0x00,0x1F,0xE0,0x00,0x0F,0xF8,0x01,0xFF,0x00,0x00,0x3F,0xE0,0x1F,0xF0,0x00,0x01,0xFF,0x81,0xFF,0x80,0x00,0x07,0xFF,0xFF,
  0xF8,0x00,0x00,0x1F,0xFF,0xFF,0x80,0x00,0x00,0x7F,0xFF,0xF8,0x00,0x00,0x00,0xFF,0xFF,0x00,0x00,0x00,0x00,0xFF,0xC0,0x00,
  0x00,0x00,0x00,0x00,0x00,0x00,0x00,0x00,0x00,0x00,0x00,0x00,0x00,0x00,0x00,0x00,0x00,0x00,0x00,0x00,0x00,0x00,0x00,0xFF,
  0xE0,0x00,0x00,0x3F,0xFB,0xFF,0x00,0x00,0x01,0xFF,0xDF,0xFC,0x00,0x00,0x0F,0xFC,0x7F,0xF0,0x00,0x00,0xFF,0xE3,0xFF,0x80,
  0x00,0x07,0xFE,0x0F,0xFE,0x00,0x00,0x7F,0xF0,0x3F,0xF0,0x00,0x03,0xFF,0x01,0xFF,0xC0,0x00,0x3F,0xF8,0x07,0xFE,0x00,0x01,
  0xFF,0x80,0x3F,0xF8,0x00,0x1F,0xFC,0x00,0xFF,0xE0,0x00,0xFF,0xC0,0x07,0xFF,0x00,0x07,0xFE,0x00,0x1F,0xFC,0x00,0x7F,0xE0,
  0x00,0x7F,0xE0,0x03,0xFF,0x00,0x03,0xFF,0x80,0x3F,0xF0,0x00,0x0F,0xFC,0x01,0xFF,0x80,0x00,0x7F,0xF0,0x1F,0xF8,0x00,0x01,
  0xFF,0xC0,0xFF,0xC0,0x00,0x07,0xFE,0x07,0xFC,0x00,0x00,0x3F,0xF8,0x7F,0xE0,0x00,0x00,0xFF,0xC3,0xFF,0x00,0x00,0x07,0xFF,
  0x3F,0xF0,0x00,0x00,0x1F,0xF9,0xFF,0x80,0x00,0x00,0x7F,0xFF,0xF8,0x00,0x00,0x03,0xFF,0xFF,0xC0,0x00,0x00,0x0F,0xFF,0xFC,
  0x00,0x00,0x00,0x7F,0xFF,0xE0,0x00,0x00,0x01,0xFF,0xFE,0x00,0x00,0x00,0x07,0xFF,0xF0,0x00,0x00,0x00,0x3F,0xFF,0x00,0x00,
  0x00,0x00,0xFF,0xF8,0x00,0x00,0x00,0x07,0xFF,0x80,0x00,0x00,0x00,0x1F,0xFC,0x00,0x00,0x00,0x00,0xFF,0xC0,0x00,0x00,0x00,
  0x07,0xFE,0x00,0x00,0x00,0x00,0x7F,0xE0,0x00,0x00,0x00,0x03,0xFF,0x00,0x00,0x00,0x00,0x3F,0xF0,0x00,0x00,0x00,0x01,0xFF,
  0x80,0x00,0x00,0x00,0x1F,0xFC,0x00,0x00,0x00,0x01,0xFF,0xC0,0x00,0x00,0x3E,0x3F,0xFE,0x00,0x00,0x01,0xFF,0xFF,0xE0,0x00,
  0x00,0x0F,0xFF,0xFE,0x00,0x00,0x00,0xFF,0xFF,0xF0,0x00,0x00,0x07,0xFF,0xFF,0x00,0x00,0x00,0x3F,0xFF,0xF0,0x00,0x00,0x03,
  0xFF,0xFF,0x00,0x00,0x00,0x1F,0xFF,0xF0,0x00,0x00,0x00,0x7F,0xFF,0x00,0x00,0x00,0x00,0x7F,0xC0,0x00,0x00,0x00,0xFF,0xC0,
  0x00,0x00,0xFF,0xFF,0xF0,0x00,0x00,0x3F,0xFF,0xFC,0x00,0x00,0x0F,0xFF,0xFF,0x00,0x00,0x03,0xFF,0xFF,0xC0,0x00,0x00,0xFF,
  0xFF,0xF0,0x00,0x00,0x3F,0xFF,0xFC,0x00,0x00,0x0F,0xFF,0xFF,0x00,0x00,0x03,0xFF,0xFF,0xC0,0x00,0x00,0xFF,0xFF,0xF0,0x00,
  0x00,0x3F,0xFF,0xFC,0x00,0x00,0x0F,0xFF,0xFF,0x00,0x00,0x03,0xFF,0xFF,0xC0,0x00,0x00,0xFF,0xFF,0xF0,0x00,0x00,0x3F,0xFF,
  0xFC,0x00,0x00,0x0F,0xFF,0xFF,0x00,0x00,0x03,0xFF,0xFF,0xC0,0x00,0x00,0xFF,0xFF,0xF0,0x00,0x00,0x3F,0xFF,0xFC,0x00,0x00,
  0x0F,0xFF,0xFF,0x00,0x00,0x03,0xFF,0xFF,0xC0,0x00,0x00,0xFF,0xFF,0xF0,0x00,0x00,0x3F,0xFF,0xFC,0x00,0x00,0x0F,0xFF,0xFF,
  0x00,0x00,0x03,0xFF,0xFF,0xC0,0x00,0x00,0xFF,0xFF,0xF0,0x00,0x00,0x3F,0xFF,0xFC,0x00,0x00,0x0F,0xFF,0xFF,0x00,0x00,0x03,
  0xFF,0xFF,0xC0,0x00,0x00,0xFF,0xFF,0xF0,0x00,0x00,0x3F,0xFF,0xFC,0x00,0x00,0x0F,0xFF,0xFF,0x00,0x00,0x03,0xFF,0xFF,0xC0,
  0x00,0x00,0xFF,0xFF,0xF0,0x00,0x00,0x3F,0xFF,0xFC,0x00,0x00,0x0F,0xFF,0xFF,0x00,0x00,0x03,0xFF,0xFF,0xC0,0x00,0x00,0xFF,
  0xFF,0xF0,0x00,0x00,0x3F,0xFF,0xFC,0x00,0x00,0x0F,0xFF,0xFF,0x00,0x00,0x03,0xFF,0xFF,0xC0,0x00,0x00,0xFF,0xFF,0xFF,0xFF,
  0xFF,0xFF,0xFF,0xFF,0xFF,0xFF,0xFF,0xFF,0xFF,0xFF,0xFF,0xFF,0xFF,0xFF,0xFF,0xFF,0xFF,0xFF,0xFF,0xFF,0xFF,0xFF,0xFF,0xFF,
  0xFF,0xFF,0xFF,0xFF,0xFF,0xFF,0xFF,0xFF,0xFF,0xFF,0xFF,0xFF,0xFF,0xFF,0xFF,0xFF,0xFF,0xFF,0xFF,0xFF,0xF0,0x00,0x0F,0xF8,
  0x00,0x00,0x00,0x03,0xFE,0x00,0x00,0x00,0x00,0xFF,0x80,0x00,0x00,0x00,0x3F,0xE0,0x00,0x00,0x00,0x0F,0xF8,0x00,0x00,0x00,
  0x03,0xFE,0x00,0x00,0x00,0x00,0xFF,0x80,0x00,0x00,0x00,0x3F,0xE0,0x00,0x00,0x00,0x0F,0xF8,0x00,0x00,0x00,0x03,0xFE,0x00,
  0x00,0x00,0x00,0xFF,0x80,0x00,0x00,0x00,0x3F,0xE0,0x00,0x00,0x00,0x0F,0xF8,0x00,0x00,0x00,0x03,0xFE,0x00,0x00,0x00,0x00,
  0x3F,0xFC,0x00,0x00,0x00,0x00,0x7F,0xFE,0x00,0x00,0x00,0x00,0x7F,0xFE,0x00,0x00,0x00,0x00,0x7F,0xFE,0x00,0x00,0x00,0x00,
  0xFF,0xFF,0x00,0x00,0x00,0x00,0xFF,0xFF,0x00,0x00,0x00,0x01,0xFF,0xFF,0x80,0x00,0x00,0x01,0xFF,0xFF,0x80,0x00,0x00,0x01,
  0xFF,0xFF,0x80,0x00,0x00,0x03,0xFF,0xFF,0xC0,0x00,0x00,0x03,0xFE,0x7F,0xC0,0x00,0x00,0x03,0xFE,0x7F,0xC0,0x00,0x00,0x07,
  0xFE,0x7F,0xE0,0x00,0x00,0x07,0xFC,0x3F,0xE0,0x00,0x00,0x07,0xFC,0x3F,0xE0,0x00,0x00,0x0F,0xFC,0x3F,0xF0,0x00,0x00,0x0F,
  0xF8,0x1F,0xF0,0x00,0x00,0x1F,0xF8,0x1F,0xF0,0x00,0x00,0x1F,0xF8,0x1F,0xF8,0x00,0x00,0x1F,0xF0,0x0F,0xF8,0x00,0x00,0x3F,
  0xF0,0x0F,0xFC,0x00,0x00,0x3F,0xF0,0x0F,0xFC,0x00,0x00,0x3F,0xE0,0x07,0xFC,0x00,0x00,0x7F,0xE0,0x07,0xFE,0x00,0x00,0x7F,
  0xC0,0x03,0xFE,0x00,0x00,0x7F,0xC0,0x03,0xFE,0x00,0x00,0xFF,0xC0,0x03,0xFF,0x00,0x00,0xFF,0x80,0x01,0xFF,0x00,0x01,0xFF,
  0x80,0x01,0xFF,0x00,0x01,0xFF,0xFF,0xFF,0xFF,0x80,0x01,0xFF,0xFF,0xFF,0xFF,0x80,0x03,0xFF,0xFF,0xFF,0xFF,0xC0,0x03,0xFF,
  0xFF,0xFF,0xFF,0xC0,0x03,0xFF,0xFF,0xFF,0xFF,0xC0,0x07,0xFF,0xFF,0xFF,0xFF,0xE0,0x07,0xFF,0xFF,0xFF,0xFF,0xE0,0x07,0xFF,
  0xFF,0xFF,0xFF,0xE0,0x0F,0xFC,0x00,0x00,0x3F,0xF0,0x0F,0xFC,0x00,0x00,0x3F,0xF0,0x0F,0xFC,0x00,0x00,0x3F,0xF0,0x1F,0xF8,
  0x00,0x00,0x1F,0xF8,0x1F,0xF8,0x00,0x00,0x1F,0xF8,0x3F,0xF8,0x00,0x00,0x1F,0xF8,0x3F,0xF0,0x00,0x00,0x0F,0xFC,0x3F,0xF0,
  0x00,0x00,0x0F,0xFC,0x7F,0xF0,0x00,0x00,0x0F,0xFE,0x7F,0xE0,0x00,0x00,0x07,0xFE,0x7F,0xE0,0x00,0x00,0x07,0xFE,0xFF,0xE0,
  0x00,0x00,0x07,0xFF,0xFF,0xC0,0x00,0x00,0x03,0xFF,0xFF,0xFF,0xFF,0xFF,0xF8,0x0F,0xFF,0xFF,0xFF,0xFF,0x80,0xFF,0xFF,0xFF,
  0xFF,0xF8,0x0F,0xFF,0xFF,0xFF,0xFF,0x80,0xFF,0xFF,0xFF,0xFF,0xF8,0x0F,0xFF,0xFF,0xFF,0xFF,0x80,0xFF,0xFF,0xFF,0xFF,0xF8,
  0x0F,0xFF,0xFF,0xFF,0xFF,0x80,0xFF,0xC0,0x00,0x00,0x00,0x0F,0xFC,0x00,0x00,0x00,0x00,0xFF,0xC0,0x00,0x00,0x00,0x0F,0xFC,
  0x00,0x00,0x00,0x00,0xFF,0xC0,0x00,0x00,0x00,0x0F,0xFC,0x00,0x00,0x00,0x00,0xFF,0xC0,0x00,0x00,0x00,0x0F,0xFC,0x00,0x00,
  0x00,0x00,0xFF,0xC0,0x00,0x00,0x00,0x0F,0xFC,0x00,0x00,0x00,0x00,0xFF,0xC0,0x00,0x00,0x00,0x0F,0xFC,0x00,0x00,0x00,0x00,
  0xFF,0xFF,0xFF,0xFF,0x00,0x0F,0xFF,0xFF,0xFF,0xFF,0x00,0xFF,0xFF,0xFF,0xFF,0xFC,0x0F,0xFF,0xFF,0xFF,0xFF,0xE0,0xFF,0xFF,
  0xFF,0xFF,0xFF,0x0F,0xFF,0xFF,0xFF,0xFF,0xF8,0xFF,0xFF,0xFF,0xFF,0xFF,0xCF,0xFF,0xFF,0xFF,0xFF,0xFE,0xFF,0xC0,0x00,0x0F,
  0xFF,0xEF,0xFC,0x00,0x00,0x1F,0xFE,0xFF,0xC0,0x00,0x00,0xFF,0xFF,0xFC,0x00,0x00,0x07,0xFF,0xFF,0xC0,0x00,0x00,0x7F,0xFF,
  0xFC,0x00,0x00,0x07,0xFF,0xFF,0xC0,0x00,0x00,0x3F,0xFF,0xFC,0x00,0x00,0x03,0xFF,0xFF,0xC0,0x00,0x00,0x7F,0xFF,0xFC,0x00,
  0x00,0x07,0xFF,0xFF,0xC0,0x00,0x00,0x7F,0xFF,0xFC,0x00,0x00,0x0F,0xFF,0xFF,0xC0,0x00,0x01,0xFF,0xEF,0xFC,0x00,0x00,0xFF,
  0xFE,0xFF,0xFF,0xFF,0xFF,0xFF,0xCF,0xFF,0xFF,0xFF,0xFF,0xFC,0xFF,0xFF,0xFF,0xFF,0xFF,0x8F,0xFF,0xFF,0xFF,0xFF,0xF0,0xFF,
  0xFF,0xFF,0xFF,0xFC,0x0F,0xFF,0xFF,0xFF,0xFF,0x80,0xFF,0xFF,0xFF,0xFF,0xE0,0x0F,0xFF,0xFF,0xFF,0xF0,0x00,0xFF,0xFF,0xFF,
  0xF8,0x00,0x0F,0xFF,0xFF,0xFF,0xF8,0x00,0xFF,0xFF,0xFF,0xFF,0xE0,0x0F,0xFF,0xFF,0xFF,0xFF,0x80,0xFF,0xFF,0xFF,0xFF,0xFC,
  0x0F,0xFF,0xFF,0xFF,0xFF,0xE0,0xFF,0xFF,0xFF,0xFF,0xFE,0x0F,0xFF,0xFF,0xFF,0xFF,0xF0,0xFF,0xC0,0x00,0x1F,0xFF,0x0F,0xFC,
  0x00,0x00,0x7F,0xF8,0xFF,0xC0,0x00,0x03,0xFF,0x8F,0xFC,0x00,0x00,0x3F,0xF8,0xFF,0xC0,0x00,0x03,0xFF,0x8F,0xFC,0x00,0x00,
  0x3F,0xF8,0xFF,0xC0,0x00,0x03,0xFF,0x8F,0xFC,0x00,0x00,0x3F,0xF8,0xFF,0xC0,0x00,0x03,0xFF,0x0F,0xFC,0x00,0x00,0x7F,0xF0,
  0xFF,0xC0,0x00,0x0F,0xFE,0x0F,0xFC,0x00,0x03,0xFF,0xE0,0xFF,0xFF,0xFF,0xFF,0xFC,0x0F,0xFF,0xFF,0xFF,0xFF,0x00,0xFF,0xFF,
  0xFF,0xFF,0xE0,0x0F,0xFF,0xFF,0xFF,0xF8,0x00,0xFF,0xFF,0xFF,0xFF,0xF0,0x0F,0xFF,0xFF,0xFF,0xFF,0xC0,0xFF,0xFF,0xFF,0xFF,
  0xFF,0x0F,0xFF,0xFF,0xFF,0xFF,0xF8,0xFF,0xC0,0x00,0x07,0xFF,0xCF,0xFC,0x00,0x00,0x1F,0xFC,0xFF,0xC0,0x00,0x00,0xFF,0xEF,
  0xFC,0x00,0x00,0x0F,0xFE,0xFF,0xC0,0x00,0x00,0x7F,0xEF,0xFC,0x00,0x00,0x07,0xFF,0xFF,0xC0,0x00,0x00,0x7F,0xFF,0xFC,0x00,
  0x00,0x07,0xFF,0xFF,0xC0,0x00,0x00,0x7F,0xFF,0xFC,0x00,0x00,0x07,0xFF,0xFF,0xC0,0x00,0x00,0xFF,0xFF,0xFC,0x00,0x00,0x0F,
  0xFE,0xFF,0xC0,0x00,0x01,0xFF,0xEF,0xFC,0x00,0x00,0x7F,0xFE,0xFF,0xFF,0xFF,0xFF,0xFF,0xCF,0xFF,0xFF,0xFF,0xFF,0xF8,0xFF,
  0xFF,0xFF,0xFF,0xFF,0x8F,0xFF,0xFF,0xFF,0xFF,0xF0,0xFF,0xFF,0xFF,0xFF,0xFC,0x0F,0xFF,0xFF,0xFF,0xFF,0x80,0xFF,0xFF,0xFF,
  0xFF,0xC0,0x0F,0xFF,0xFF,0xFF,0xE0,0x00,0xFF,0xFF,0xFF,0xFF,0xFF,0xFF,0xFF,0xFF,0xFF,0xFF,0xFF,0xFF,0xFF,0xFF,0xFF,0xFF,
  0xFF,0xFF,0xFF,0xFF,0xFF,0xFF,0xFF,0xFF,0xFF,0xFF,0xFF,0xFF,0xFF,0xFF,0xFF,0xFF,0xFF,0xFF,0xFF,0xC0,0x00,0x00,0x3F,0xF0,
  0x00,0x00,0x0F,0xFC,0x00,0x00,0x03,0xFF,0x00,0x00,0x00,0xFF,0xC0,0x00,0x00,0x3F,0xF0,0x00,0x00,0x0F,0xFC,0x00,0x00,0x03,
  0xFF,0x00,0x00,0x00,0xFF,0xC0,0x00,0x00,0x3F,0xF0,0x00,0x00,0x0F,0xFC,0x00,0x00,0x03,0xFF,0x00,0x00,0x00,0xFF,0xC0,0x00,
  0x00,0x3F,0xF0,0x00,0x00,0x0F,0xFC,0x00,0x00,0x03,0xFF,0x00,0x00,0x00,0xFF,0xC0,0x00,0x00,0x3F,0xF0,0x00,0x00,0x0F,0xFC,
  0x00,0x00,0x03,0xFF,0x00,0x00,0x00,0xFF,0xC0,0x00,0x00,0x3F,0xF0,0x00,0x00,0x0F,0xFC,0x00,0x00,0x03,0xFF,0x00,0x00,0x00,
  0xFF,0xC0,0x00,0x00,0x3F,0xF0,0x00,0x00,0x0F,0xFC,0x00,0x00,0x03,0xFF,0x00,0x00,0x00,0xFF,0xC0,0x00,0x00,0x3F,0xF0,0x00,
  0x00,0x0F,0xFC,0x00,0x00,0x03,0xFF,0x00,0x00,0x00,0xFF,0xC0,0x00,0x00,0x3F,0xF0,0x00,0x00,0x0F,0xFC,0x00,0x00,0x03,0xFF,
  0x00,0x00,0x00,0xFF,0xC0,0x00,0x00,0x3F,0xF0,0x00,0x00,0x0F,0xFC,0x00,0x00,0x03,0xFF,0x00,0x00,0x00,0xFF,0xC0,0x00,0x00,
  0x3F,0xF0,0x00,0x00,0x00,0x00,0x01,0xFF,0xFF,0xFF,0xE0,0x00,0x01,0xFF,0xFF,0xFF,0xF0,0x00,0x00,0xFF,0xFF,0xFF,0xF8,0x00,
  0x00,0x7F,0xFF,0xFF,0xFC,0x00,0x00,0x3F,0xFF,0xFF,0xFE,0x00,0x00,0x1F,0xFF,0xFF,0xFF,0x00,0x00,0x0F,0xFF,0xFF,0xFF,0x80,
  0x00,0x07,0xFF,0xFF,0xFF,0xC0,0x00,0x03,0xFF,0xFF,0xFF,0xE0,0x00,0x03,0xFF,0x00,0x7F,0xF0,0x00,0x01,0xFF,0x80,0x3F,0xF8,
  0x00,0x00,0xFF,0xC0,0x1F,0xFC,0x00,0x00,0x7F,0xE0,0x0F,0xFE,0x00,0x00,0x3F,0xF0,0x07,0xFF,0x00,0x00,0x1F,0xF8,0x03,0xFF,
  0x80,0x00,0x0F,0xF8,0x01,0xFF,0xC0,0x00,0x0F,0xFC,0x00,0xFF,0xE0,0x00,0x07,0xFE,0x00,0x7F,0xF0,0x00,0x03,0xFF,0x00,0x3F,
  0xF8,0x00,0x01,0xFF,0x80,0x1F,0xFC,0x00,0x00,0xFF,0xC0,0x0F,0xFE,0x00,0x00,0x7F,0xC0,0x07,0xFF,0x00,0x00,0x7F,0xE0,0x03,
  0xFF,0x80,0x00,0x3F,0xF0,0x01,0xFF,0xC0,0x00,0x1F,0xF8,0x00,0xFF,0xE0,0x00,0x0F,0xFC,0x00,0x7F,0xF0,0x00,0x0F,0xFE,0x00,
  0x3F,0xF8,0x00,0x07,0xFE,0x00,0x1F,0xFC,0x00,0x03,0xFF,0x00,0x0F,0xFE,0x00,0x01,0xFF,0x80,0x07,0xFF,0x00,0x01,0xFF,0xC0,
  0x03,0xFF,0x80,0x00,0xFF,0xC0,0x01,0xFF,0xC0,0x00,0x7F,0xE0,0x00,0xFF,0xE0,0x00,0x7F,0xF0,0x00,0x7F,0xF0,0x00,0x3F,0xF8,
  0x00,0x3F,0xF8,0x00,0x1F,0xF8,0x00,0x1F,0xFC,0x00,0x1F,0xFC,0x00,0x0F,0xFE,0x00,0x0F,0xFE,0x00,0x07,0xFF,0x00,0x0F,0xFE,
  0x00,0x03,0xFF,0x80,0x07,0xFF,0x00,0x01,0xFF,0xC0,0x03,0xFF,0x00,0x00,0xFF,0xE0,0x7F,0xFF,0xFF,0xFF,0xFF,0xFF,0xFF,0xFF,
  0xFF,0xFF,0xFF,0xFF,0xFF,0xFF,0xFF,0xFF,0xFF,0xFF,0xFF,0xFF,0xFF,0xFF,0xFF,0xFF,0xFF,0xFF,0xFF,0xFF,0xFF,0xFF,0xFF,0xFF,
  0xFF,0xFF,0xFF,0xFF,0xFF,0xFF,0xFF,0xFF,0xFF,0xFF,0xFF,0xFF,0xFF,0xFF,0xFF,0xFF,0xFF,0xFF,0xFF,0xFF,0xFF,0xFF,0xFF,0xFF,
  0xC0,0x00,0x00,0x00,0x3F,0xFF,0xE0,0x00,0x00,0x00,0x1F,0xFF,0xF0,0x00,0x00,0x00,0x0F,0xFF,0xF8,0x00,0x00,0x00,0x07,0xFF,
  0xFC,0x00,0x00,0x00,0x03,0xFF,0xFE,0x00,0x00,0x00,0x01,0xFF,0xFF,0x00,0x00,0x00,0x00,0xFF,0xFF,0x80,0x00,0x00,0x00,0x7F,
  0xFF,0xC0,0x00,0x00,0x00,0x3F,0xFF,0xE0,0x00,0x00,0x00,0x1F,0xFF,0xF0,0x00,0x00,0x00,0x0F,0xFF,0xF8,0x00,0x00,0x00,0x07,
  0xFF,0xFC,0x00,0x00,0x00,0x03,0xFF,0xFE,0x00,0x00,0x00,0x01,0xFF,0xFF,0xFF,0xFF,0xFF,0xFE,0xFF,0xFF,0xFF,0xFF,0xFE,0xFF,
  0xFF,0xFF,0xFF,0xFE,0xFF,0xFF,0xFF,0xFF,0xFE,0xFF,0xFF,0xFF,0xFF,0xFE,0xFF,0xFF,0xFF,0xFF,0xFE,0xFF,0xFF,0xFF,0xFF,0xFE,
  0xFF,0xFF,0xFF,0xFF,0xFE,0xFF,0xC0,0x00,0x00,0x00,0xFF,0xC0,0x00,0x00,0x00,0xFF,0xC0,0x00,0x00,0x00,0xFF,0xC0,0x00,0x00,
  0x00,0xFF,0xC0,0x00,0x00,0x00,0xFF,0xC0,0x00,0x00,0x00,0xFF,0xC0,0x00,0x00,0x00,0xFF,0xC0,0x00,0x00,0x00,0xFF,0xC0,0x00,
  0x00,0x00,0xFF,0xC0,0x00,0x00,0x00,0xFF,0xC0,0x00,0x00,0x00,0xFF,0xC0,0x00,0x00,0x00,0xFF,0xC0,0x00,0x00,0x00,0xFF,0xFF,
  0xFF,0xFF,0xF8,0xFF,0xFF,0xFF,0xFF,0xF8,0xFF,0xFF,0xFF,0xFF,0xF8,0xFF,0xFF,0xFF,0xFF,0xF8,0xFF,0xFF,0xFF,0xFF,0xF8,0xFF,
  0xFF,0xFF,0xFF,0xF8,0xFF,0xFF,0xFF,0xFF,0xF8,0xFF,0xFF,0xFF,0xFF,0xF8,0xFF,0xC0,0x00,0x00,0x00,0xFF,0xC0,0x00,0x00,0x00,
  0xFF,0xC0,0x00,0x00,0x00,0xFF,0xC0,0x00,0x00,0x00,0xFF,0xC0,0x00,0x00,0x00,0xFF,0xC0,0x00,0x00,0x00,0xFF,0xC0,0x00,0x00,
  0x00,0xFF,0xC0,0x00,0x00,0x00,0xFF,0xC0,0x00,0x00,0x00,0xFF,0xC0,0x00,0x00,0x00,0xFF,0xC0,0x00,0x00,0x00,0xFF,0xC0,0x00,
  0x00,0x00,0xFF,0xC0,0x00,0x00,0x00,0xFF,0xFF,0xFF,0xFF,0xFF,0xFF,0xFF,0xFF,0xFF,0xFF,0xFF,0xFF,0xFF,0xFF,0xFF,0xFF,0xFF,
  0xFF,0xFF,0xFF,0xFF,0xFF,0xFF,0xFF,0xFF,0xFF,0xFF,0xFF,0xFF,0xFF,0xFF,0xFF,0xFF,0xFF,0xFF,0xFF,0xFF,0xFF,0xFF,0xFF,0x3F,
  0xF0,0x00,0x0F,0xFC,0x00,0x07,0xFF,0x1F,0xFC,0x00,0x07,0xFE,0x00,0x07,0xFF,0x07,0xFE,0x00,0x03,0xFF,0x00,0x03,0xFF,0x03,
  0xFF,0x80,0x01,0xFF,0x80,0x03,0xFF,0x80,0xFF,0xE0,0x00,0xFF,0xC0,0x01,0xFF,0x80,0x3F,0xF0,0x00,0x7F,0xE0,0x01,0xFF,0xC0,
  0x1F,0xFC,0x00,0x3F,0xF0,0x01,0xFF,0xC0,0x07,0xFF,0x00,0x1F,0xF8,0x00,0xFF,0xC0,0x01,0xFF,0x80,0x0F,0xFC,0x00,0xFF,0xE0,
  0x00,0xFF,0xE0,0x07,0xFE,0x00,0xFF,0xE0,0x00,0x3F,0xF0,0x03,0xFF,0x00,0x7F,0xE0,0x00,0x1F,0xFC,0x01,0xFF,0x80,0x7F,0xF0,
  0x00,0x07,0xFF,0x00,0xFF,0xC0,0x3F,0xF0,0x00,0x01,0xFF,0x80,0x7F,0xE0,0x3F,0xF8,0x00,0x00,0xFF,0xE0,0x3F,0xF0,0x3F,0xF8,
  0x00,0x00,0x3F,0xF8,0x1F,0xF8,0x1F,0xF8,0x00,0x00,0x1F,0xFC,0x0F,0xFC,0x1F,0xFC,0x00,0x00,0x07,0xFF,0x07,0xFE,0x1F,0xFC,
  0x00,0x00,0x01,0xFF,0xC3,0xFF,0x1F,0xFC,0x00,0x00,0x00,0x7F,0xF1,0xFF,0x8F,0xFE,0x00,0x00,0x00,0x3F,0xFC,0xFF,0xDF,0xFE,
  0x00,0x00,0x00,0x0F,0xFF,0xFF,0xFF,0xFE,0x00,0x00,0x00,0x07,0xFF,0xFF,0xFF,0xFF,0x00,0x00,0x00,0x03,0xFF,0xFF,0xFF,0xFF,
  0x80,0x00,0x00,0x03,0xFF,0xFF,0xFF,0xFF,0xE0,0x00,0x00,0x01,0xFF,0xFF,0xFF,0xFF,0xF0,0x00,0x00,0x01,0xFF,0xFF,0xFF,0xFF,
  0xFC,0x00,0x00,0x00,0xFF,0xDF,0xFF,0xF7,0xFF,0x00,0x00,0x00,0xFF,0xC0,0xFF,0xC1,0xFF,0x80,0x00,0x00,0xFF,0xE0,0x7F,0xE0,
  0xFF,0xE0,0x00,0x00,0x7F,0xE0,0x3F,0xF0,0x3F,0xF0,0x00,0x00,0x7F,0xF0,0x1F,0xF8,0x1F,0xFC,0x00,0x00,0x3F,0xF0,0x0F,0xFC,
  0x07,0xFE,0x00,0x00,0x3F,0xF8,0x07,0xFE,0x03,0xFF,0x80,0x00,0x1F,0xF8,0x03,0xFF,0x00,0xFF,0xE0,0x00,0x1F,0xFC,0x01,0xFF,
  0x80,0x3F,0xF0,0x00,0x1F,0xFC,0x00,0xFF,0xC0,0x1F,0xFC,0x00,0x0F,0xFE,0x00,0x7F,0xE0,0x07,0xFE,0x00,0x0F,0xFE,0x00,0x3F,
  0xF0,0x03,0xFF,0x80,0x07,0xFF,0x00,0x1F,0xF8,0x00,0xFF,0xC0,0x07,0xFF,0x00,0x0F,0xFC,0x00,0x7F,0xF0,0x03,0xFF,0x80,0x07,
  0xFE,0x00,0x1F,0xFC,0x03,0xFF,0x80,0x03,0xFF,0x00,0x0F,0xFE,0x03,0xFF,0x80,0x01,0xFF,0x80,0x03,0xFF,0x81,0xFF,0xC0,0x00,
  0xFF,0xC0,0x01,0xFF,0xC1,0xFF,0xC0,0x00,0x7F,0xE0,0x00,0x7F,0xF0,0xFF,0xE0,0x00,0x3F,0xF0,0x00,0x3F,0xF8,0xFF,0xE0,0x00,
  0x1F,0xF8,0x00,0x0F,0xFE,0x7F,0xF0,0x00,0x0F,0xFC,0x00,0x07,0xFF,0xFF,0xF0,0x00,0x07,0xFE,0x00,0x01,0xFF,0xC0,0x00,0x01,
  0xFF,0xC0,0x00,0x00,0x0F,0xFF,0xFC,0x00,0x00,0x3F,0xFF,0xFF,0x00,0x00,0xFF,0xFF,0xFF,0x80,0x01,0xFF,0xFF,0xFF,0xE0,0x03,
  0xFF,0xFF,0xFF,0xF0,0x07,0xFF,0xFF,0xFF,0xF8,0x0F,0xFF,0xFF,0xFF,0xF8,0x1F,0xFF,0x00,0x7F,0xFC,0x1F,0xFE,0x00,0x3F,0xFC,
  0x3F,0xF8,0x00,0x1F,0xFC,0x3F,0xF8,0x00,0x0F,0xFC,0x7F,0xF0,0x00,0x0F,0xFE,0x7F,0xE0,0x00,0x0F,0xFE,0x1F,0xE0,0x00,0x0F,
  0xFE,0x00,0xE0,0x00,0x0F,0xFC,0x00,0x00,0x00,0x0F,0xFC,0x00,0x00,0x00,0x0F,0xFC,0x00,0x00,0x00,0x1F,0xFC,0x00,0x00,0x00,
  0x1F,0xF8,0x00,0x00,0x00,0x7F,0xF8,0x00,0x00,0x01,0xFF,0xF0,0x00,0x00,0xFF,0xFF,0xE0,0x00,0x00,0xFF,0xFF,0xC0,0x00,0x00,
  0xFF,0xFF,0x00,0x00,0x00,0xFF,0xFC,0x00,0x00,0x00,0xFF,0xFF,0x00,0x00,0x00,0xFF,0xFF,0xC0,0x00,0x00,0xFF,0xFF,0xF0,0x00,
  0x00,0xFF,0xFF,0xF8,0x00,0x00,0x01,0xFF,0xFC,0x00,0x00,0x00,0x1F,0xFC,0x00,0x00,0x00,0x0F,0xFE,0x00,0x00,0x00,0x07,0xFE,
  0x00,0x00,0x00,0x07,0xFF,0x01,0x80,0x00,0x07,0xFF,0x0F,0xC0,0x00,0x03,0xFF,0x3F,0xC0,0x00,0x03,0xFF,0xFF,0xE0,0x00,0x07,
  0xFF,0xFF,0xE0,0x00,0x07,0xFF,0xFF,0xF0,0x00,0x07,0xFE,0x7F,0xF8,0x00,0x0F,0xFE,0x7F,0xFE,0x00,0x1F,0xFE,0x3F,0xFF,0x80,
  0xFF,0xFC,0x1F,0xFF,0xFF,0xFF,0xFC,0x0F,0xFF,0xFF,0xFF,0xF8,0x0F,0xFF,0xFF,0xFF,0xF0,0x03,0xFF,0xFF,0xFF,0xE0,0x01,0xFF,
  0xFF,0xFF,0xC0,0x00,0x7F,0xFF,0xFF,0x00,0x00,0x1F,0xFF,0xFC,0x00,0x00,0x03,0xFF,0xC0,0x00,0xFF,0x80,0x00,0x03,0xFF,0xFF,
  0xE0,0x00,0x01,0xFF,0xFF,0xF8,0x00,0x00,0x7F,0xFF,0xFE,0x00,0x00,0x3F,0xFF,0xFF,0x80,0x00,0x0F,0xFF,0xFF,0xE0,0x00,0x07,
  0xFF,0xFF,0xF8,0x00,0x01,0xFF,0xFF,0xFE,0x00,0x00,0xFF,0xFF,0xFF,0x80,0x00,0x7F,0xFF,0xFF,0xE0,0x00,0x1F,0xFF,0xFF,0xF8,
  0x00,0x0F,0xFF,0xFF,0xFE,0x00,0x03,0xFF,0xFF,0xFF,0x80,0x01,0xFF,0x7F,0xFF,0xE0,0x00,0x7F,0xDF,0xFF,0xF8,0x00,0x3F,0xE7,
  0xFF,0xFE,0x00,0x0F,0xF9,0xFF,0xFF,0x80,0x07,0xFC,0x7F,0xFF,0xE0,0x01,0xFF,0x1F,0xFF,0xF8,0x00,0xFF,0x87,0xFF,0xFE,0x00,
  0x7F,0xC1,0xFF,0xFF,0x80,0x1F,0xF0,0x7F,0xFF,0xE0,0x0F,0xF8,0x1F,0xFF,0xF8,0x03,0xFE,0x07,0xFF,0xFE,0x01,0xFF,0x01,0xFF,
  0xFF,0x80,0x7F,0xC0,0x7F,0xFF,0xE0,0x3F,0xE0,0x1F,0xFF,0xF8,0x0F,0xF8,0x07,0xFF,0xFE,0x07,0xFC,0x01,0xFF,0xFF,0x83,0xFE,
  0x00,0x7F,0xFF,0xE0,0xFF,0x80,0x1F,0xFF,0xF8,0x7F,0xC0,0x07,0xFF,0xFE,0x1F,0xF0,0x01,0xFF,0xFF,0x8F,0xF8,0x00,0x7F,0xFF,
  0xE3,0xFE,0x00,0x1F,0xFF,0xF9,0xFF,0x00,0x07,0xFF,0xFE,0x7F,0xC0,0x01,0xFF,0xFF,0xBF,0xE0,0x00,0x7F,0xFF,0xFF,0xF8,0x00,
  0x1F,0xFF,0xFF,0xFC,0x00,0x07,0xFF,0xFF,0xFE,0x00,0x01,0xFF,0xFF,0xFF,0x80,0x00,0x7F,0xFF,0xFF,0xC0,0x00,0x1F,0xFF,0xFF,
  0xF0,0x00,0x07,0xFF,0xFF,0xF8,0x00,0x01,0xFF,0xFF,0xFE,0x00,0x00,0x7F,0xFF,0xFF,0x00,0x00,0x1F,0xFF,0xFF,0xC0,0x00,0x07,
  0xFF,0xFF,0xE0,0x00,0x01,0xFF,0xFF,0xF0,0x00,0x00,0x7F,0xFF,0xFC,0x00,0x00,0x1F,0xF0,0x01,0xFE,0x00,0x1F,0xE0,0x00,0x7F,
  0x80,0x07,0xF8,0x00,0x1F,0xE0,0x01,0xFE,0x00,0x07,0xF8,0x00,0x7F,0x80,0x00,0xFF,0x00,0x3F,0xE0,0x00,0x3F,0xE0,0x1F,0xF0,
  0x00,0x0F,0xFC,0x0F,0xFC,0x00,0x01,0xFF,0xFF,0xFE,0x00,0x00,0x3F,0xFF,0xFF,0x00,0x00,0x07,0xFF,0xFF,0x80,0x00,0x00,0x7F,
  0xFF,0x80,0x00,0x00,0x03,0xFF,0x00,0x00,0x00,0x00,0x00,0x00,0x00,0x00,0x00,0x00,0x00,0x00,0x00,0x00,0x00,0x00,0x00,0x00,
  0x00,0x00,0x00,0x00,0x00,0xFF,0x80,0x00,0x03,0xFF,0xFF,0xE0,0x00,0x01,0xFF,0xFF,0xF8,0x00,0x00,0x7F,0xFF,0xFE,0x00,0x00,
  0x3F,0xFF,0xFF,0x80,0x00,0x0F,0xFF,0xFF,0xE0,0x00,0x07,0xFF,0xFF,0xF8,0x00,0x01,0xFF,0xFF,0xFE,0x00,0x00,0xFF,0xFF,0xFF,
  0x80,0x00,0x7F,0xFF,0xFF,0xE0,0x00,0x1F,0xFF,0xFF,0xF8,0x00,0x0F,0xFF,0xFF,0xFE,0x00,0x03,0xFF,0xFF,0xFF,0x80,0x01,0xFF,
  0x7F,0xFF,0xE0,0x00,0x7F,0xDF,0xFF,0xF8,0x00,0x3F,0xE7,0xFF,0xFE,0x00,0x0F,0xF9,0xFF,0xFF,0x80,0x07,0xFC,0x7F,0xFF,0xE0,
  0x01,0xFF,0x1F,0xFF,0xF8,0x00,0xFF,0x87,0xFF,0xFE,0x00,0x7F,0xC1,0xFF,0xFF,0x80,0x1F,0xF0,0x7F,0xFF,0xE0,0x0F,0xF8,0x1F,
  0xFF,0xF8,0x03,0xFE,0x07,0xFF,0xFE,0x01,0xFF,0x01,0xFF,0xFF,0x80,0x7F,0xC0,0x7F,0xFF,0xE0,0x3F,0xE0,0x1F,0xFF,0xF8,0x0F,
  0xF8,0x07,0xFF,0xFE,0x07,0xFC,0x01,0xFF,0xFF,0x83,0xFE,0x00,0x7F,0xFF,0xE0,0xFF,0x80,0x1F,0xFF,0xF8,0x7F,0xC0,0x07,0xFF,
  0xFE,0x1F,0xF0,0x01,0xFF,0xFF,0x8F,0xF8,0x00,0x7F,0xFF,0xE3,0xFE,0x00,0x1F,0xFF,0xF9,0xFF,0x00,0x07,0xFF,0xFE,0x7F,0xC0,
  0x01,0xFF,0xFF,0xBF,0xE0,0x00,0x7F,0xFF,0xFF,0xF8,0x00,0x1F,0xFF,0xFF,0xFC,0x00,0x07,0xFF,0xFF,0xFE,0x00,0x01,0xFF,0xFF,
  0xFF,0x80,0x00,0x7F,0xFF,0xFF,0xC0,0x00,0x1F,0xFF,0xFF,0xF0,0x00,0x07,0xFF,0xFF,0xF8,0x00,0x01,0xFF,0xFF,0xFE,0x00,0x00,
  0x7F,0xFF,0xFF,0x00,0x00,0x1F,0xFF,0xFF,0xC0,0x00,0x07,0xFF,0xFF,0xE0,0x00,0x01,0xFF,0xFF,0xF0,0x00,0x00,0x7F,0xFF,0xFC,
  0x00,0x00,0x1F,0xF0,0xFF,0xC0,0x00,0x3F,0xF9,0xFF,0x80,0x00,0x7F,0xE3,0xFF,0x00,0x01,0xFF,0xC7,0xFE,0x00,0x07,0xFF,0x0F,
  0xFC,0x00,0x0F,0xFC,0x1F,0xF8,0x00,0x3F,0xF8,0x3F,0xF0,0x00,0x7F,0xE0,0x7F,0xE0,0x01,0xFF,0x80,0xFF,0xC0,0x07,0xFF,0x01,
  0xFF,0x80,0x0F,0xFC,0x03,0xFF,0x00,0x3F,0xF8,0x07,0xFE,0x00,0xFF,0xE0,0x0F,0xFC,0x01,0xFF,0x80,0x1F,0xF8,0x07,0xFF,0x00,
  0x3F,0xF0,0x1F,0xFC,0x00,0x7F,0xE0,0x3F,0xF0,0x00,0xFF,0xC0,0xFF,0xE0,0x01,0xFF,0x83,0xFF,0x80,0x03,0xFF,0x0F,0xFE,0x00,
  0x07,0xFE,0x3F,0xF8,0x00,0x0F,0xFC,0xFF,0xF0,0x00,0x1F,0xFF,0xFF,0xC0,0x00,0x3F,0xFF,0xFF,0x00,0x00,0x7F,0xFF,0xFF,0x00,
  0x00,0xFF,0xFF,0xFF,0x00,0x01,0xFF,0xFF,0xFE,0x00,0x03,0xFF,0xFF,0xFE,0x00,0x07,0xFF,0xEF,0xFC,0x00,0x0F,0xFC,0x1F,0xFC,
  0x00,0x1F,0xF8,0x1F,0xFC,0x00,0x3F,0xF0,0x1F,0xF8,0x00,0x7F,0xE0,0x3F,0xF8,0x00,0xFF,0xC0,0x3F,0xF0,0x01,0xFF,0x80,0x7F,
  0xF0,0x03,0xFF,0x00,0x7F,0xF0,0x07,0xFE,0x00,0xFF,0xE0,0x0F,0xFC,0x00,0xFF,0xE0,0x1F,0xF8,0x00,0xFF,0xC0,0x3F,0xF0,0x01,
  0xFF,0xC0,0x7F,0xE0,0x01,0xFF,0xC0,0xFF,0xC0,0x03,0xFF,0x81,0xFF,0x80,0x03,0xFF,0x83,0xFF,0x00,0x07,0xFF,0x87,0xFE,0x00,
  0x07,0xFF,0x0F,0xFC,0x00,0x07,0xFF,0x1F,0xF8,0x00,0x0F,0xFE,0x3F,0xF0,0x00,0x0F,0xFE,0x7F,0xE0,0x00,0x1F,0xFE,0xFF,0xC0,
  0x00,0x1F,0xFD,0xFF,0x80,0x00,0x3F,0xFC,0x00,0x0F,0xFF,0xFF,0xFF,0xFC,0x00,0x3F,0xFF,0xFF,0xFF,0xF0,0x00,0xFF,0xFF,0xFF,
  0xFF,0xC0,0x03,0xFF,0xFF,0xFF,0xFF,0x00,0x0F,0xFF,0xFF,0xFF,0xFC,0x00,0x7F,0xFF,0xFF,0xFF,0xF0,0x01,0xFF,0xFF,0xFF,0xFF,
  0xC0,0x07,0xFF,0xFF,0xFF,0xFF,0x00,0x1F,0xFF,0xFF,0xFF,0xFC,0x00,0x7F,0xE0,0x00,0x3F,0xF0,0x01,0xFF,0x80,0x00,0xFF,0xC0,
  0x07,0xFE,0x00,0x03,0xFF,0x00,0x3F,0xF8,0x00,0x0F,0xFC,0x00,0xFF,0xE0,0x00,0x3F,0xF0,0x03,0xFF,0x80,0x00,0xFF,0xC0,0x0F,
  0xFE,0x00,0x03,0xFF,0x00,0x3F,0xF0,0x00,0x0F,0xFC,0x00,0xFF,0xC0,0x00,0x3F,0xF0,0x03,0xFF,0x00,0x00,0xFF,0xC0,0x1F,0xFC,
  0x00,0x03,0xFF,0x00,0x7F,0xF0,0x00,0x0F,0xFC,0x01,0xFF,0xC0,0x00,0x3F,0xF0,0x07,0xFF,0x00,0x00,0xFF,0xC0,0x1F,0xF8,0x00,
  0x03,0xFF,0x00,0x7F,0xE0,0x00,0x0F,0xFC,0x01,0xFF,0x80,0x00,0x3F,0xF0,0x0F,0xFE,0x00,0x00,0xFF,0xC0,0x3F,0xF8,0x00,0x03,
  0xFF,0x00,0xFF,0xE0,0x00,0x0F,0xFC,0x03,0xFF,0x00,0x00,0x3F,0xF0,0x0F,0xFC,0x00,0x00,0xFF,0xC0,0x7F,0xF0,0x00,0x03,0xFF,
  0x01,0xFF,0xC0,0x00,0x0F,0xFC,0x07,0xFF,0x00,0x00,0x3F,0xF0,0x1F,0xFC,0x00,0x00,0xFF,0xC0,0xFF,0xE0,0x00,0x03,0xFF,0x03,
  0xFF,0x80,0x00,0x0F,0xFC,0x0F,0xFE,0x00,0x00,0x3F,0xF0,0x7F,0xF8,0x00,0x00,0xFF,0xC1,0xFF,0xC0,0x00,0x03,0xFF,0x0F,0xFF,
  0x00,0x00,0x0F,0xFC,0x7F,0xFC,0x00,0x00,0x3F,0xFF,0xFF,0xE0,0x00,0x00,0xFF,0xFF,0xFF,0x80,0x00,0x03,0xFF,0xFF,0xFC,0x00,
  0x00,0x0F,0xFF,0xFF,0xF0,0x00,0x00,0x3F,0xFF,0xFF,0x80,0x00,0x00,0xFF,0xFF,0xFC,0x00,0x00,0x03,0xFF,0xFF,0xF0,0x00,0x00,
  0x0F,0xFF,0xFF,0x00,0x00,0x00,0x3F,0xF7,0xF0,0x00,0x00,0x00,0x00,0x00,0xFF,0xFC,0x00,0x00,0x0F,0xFF,0xFF,0xFF,0x00,0x00,
  0x03,0xFF,0xFF,0xFF,0xE0,0x00,0x01,0xFF,0xFF,0xFF,0xF8,0x00,0x00,0x7F,0xFF,0xFF,0xFE,0x00,0x00,0x1F,0xFF,0xFF,0xFF,0xC0,
  0x00,0x07,0xFF,0xFF,0xFF,0xF0,0x00,0x03,0xFF,0xFF,0xFF,0xFC,0x00,0x00,0xFF,0xFF,0xFF,0xFF,0x00,0x00,0x3F,0xFF,0xFF,0xFF,
  0xE0,0x00,0x1F,0xFF,0xFF,0xFF,0xF8,0x00,0x07,0xFF,0xFF,0xFF,0xFE,0x00,0x01,0xFF,0xFF,0xFF,0xBF,0xC0,0x00,0xFF,0x7F,0xFF,
  0xEF,0xF0,0x00,0x3F,0xDF,0xFF,0xFB,0xFC,0x00,0x0F,0xF7,0xFF,0xFE,0xFF,0x80,0x07,0xFD,0xFF,0xFF,0x9F,0xE0,0x01,0xFE,0x7F,
  0xFF,0xE7,0xF8,0x00,0x7F,0x9F,0xFF,0xF9,0xFF,0x00,0x1F,0xE7,0xFF,0xFE,0x3F,0xC0,0x0F,0xF1,0xFF,0xFF,0x8F,0xF0,0x03,0xFC,
  0x7F,0xFF,0xE3,0xFE,0x00,0xFF,0x1F,0xFF,0xF8,0xFF,0x80,0x7F,0xC7,0xFF,0xFE,0x1F,0xE0,0x1F,0xE1,0xFF,0xFF,0x87,0xFC,0x07,
  0xF8,0x7F,0xFF,0xE1,0xFF,0x03,0xFE,0x1F,0xFF,0xF8,0x3F,0xC0,0xFF,0x07,0xFF,0xFE,0x0F,0xF0,0x3F,0xC1,0xFF,0xFF,0x83,0xFE,
  0x1F,0xF0,0x7F,0xFF,0xE0,0x7F,0x87,0xF8,0x1F,0xFF,0xF8,0x1F,0xE1,0xFE,0x07,0xFF,0xFE,0x07,0xFC,0x7F,0x81,0xFF,0xFF,0x80,
  0xFF,0x3F,0xC0,0x7F,0xFF,0xE0,0x3F,0xCF,0xF0,0x1F,0xFF,0xF8,0x0F,0xF3,0xFC,0x07,0xFF,0xFE,0x01,0xFF,0xFE,0x01,0xFF,0xFF,
  0x80,0x7F,0xFF,0x80,0x7F,0xFF,0xE0,0x1F,0xFF,0xE0,0x1F,0xFF,0xF8,0x03,0xFF,0xF0,0x07,0xFF,0xFE,0x00,0xFF,0xFC,0x01,0xFF,
  0xFF,0x80,0x3F,0xFF,0x00,0x7F,0xFF,0xE0,0x07,0xFF,0x80,0x1F,0xFF,0xF8,0x01,0xFF,0xE0,0x07,0xFF,0xFE,0x00,0x7F,0xF8,0x01,
  0xFF,0xFF,0x80,0x1F,0xFE,0x00,0x7F,0xFF,0xE0,0x03,0xFF,0x00,0x1F,0xFF,0xF8,0x00,0xFF,0xC0,0x07,0xFF,0xFE,0x00,0x3F,0xF0,
  0x01,0xFF,0xFF,0x80,0x07,0xF8,0x00,0x7F,0xFF,0xE0,0x01,0xFE,0x00,0x1F,0xF0,0xFF,0xC0,0x00,0x00,0xFF,0xFF,0xF0,0x00,0x00,
  0x3F,0xFF,0xFC,0x00,0x00,0x0F,0xFF,0xFF,0x00,0x00,0x03,0xFF,0xFF,0xC0,0x00,0x00,0xFF,0xFF,0xF0,0x00,0x00,0x3F,0xFF,0xFC,
  0x00,0x00,0x0F,0xFF,0xFF,0x00,0x00,0x03,0xFF,0xFF,0xC0,0x00,0x00,0xFF,0xFF,0xF0,0x00,0x00,0x3F,0xFF,0xFC,0x00,0x00,0x0F,
  0xFF,0xFF,0x00,0x00,0x03,0xFF,0xFF,0xC0,0x00,0x00,0xFF,0xFF,0xF0,0x00,0x00,0x3F,0xFF,0xFC,0x00,0x00,0x0F,0xFF,0xFF,0x00,
  0x00,0x03,0xFF,0xFF,0xC0,0x00,0x00,0xFF,0xFF,0xF0,0x00,0x00,0x3F,0xFF,0xFC,0x00,0x00,0x0F,0xFF,0xFF,0x00,0x00,0x03,0xFF,
  0xFF,0xFF,0xFF,0xFF,0xFF,0xFF,0xFF,0xFF,0xFF,0xFF,0xFF,0xFF,0xFF,0xFF,0xFF,0xFF,0xFF,0xFF,0xFF,0xFF,0xFF,0xFF,0xFF,0xFF,
  0xFF,0xFF,0xFF,0xFF,0xFF,0xFF,0xFF,0xFF,0xFF,0xFF,0xFF,0xFF,0xFF,0xFF,0xFF,0xFF,0xFF,0xFF,0xFF,0xFF,0xFF,0xFF,0xFF,0xFF,
  0xF0,0x00,0x00,0x3F,0xFF,0xFC,0x00,0x00,0x0F,0xFF,0xFF,0x00,0x00,0x03,0xFF,0xFF,0xC0,0x00,0x00,0xFF,0xFF,0xF0,0x00,0x00,
  0x3F,0xFF,0xFC,0x00,0x00,0x0F,0xFF,0xFF,0x00,0x00,0x03,0xFF,0xFF,0xC0,0x00,0x00,0xFF,0xFF,0xF0,0x00,0x00,0x3F,0xFF,0xFC,
  0x00,0x00,0x0F,0xFF,0xFF,0x00,0x00,0x03,0xFF,0xFF,0xC0,0x00,0x00,0xFF,0xFF,0xF0,0x00,0x00,0x3F,0xFF,0xFC,0x00,0x00,0x0F,
  0xFF,0xFF,0x00,0x00,0x03,0xFF,0xFF,0xC0,0x00,0x00,0xFF,0xFF,0xF0,0x00,0x00,0x3F,0xFF,0xFC,0x00,0x00,0x0F,0xFF,0xFF,0x00,
  0x00,0x03,0xFF,0xFF,0xC0,0x00,0x00,0xFF,0xFF,0xF0,0x00,0x00,0x3F,0xF0,0x00,0x00,0x1F,0xFE,0x00,0x00,0x00,0x00,0x7F,0xFF,
  0xF8,0x00,0x00,0x00,0xFF,0xFF,0xFF,0x80,0x00,0x00,0x7F,0xFF,0xFF,0xF8,0x00,0x00,0x7F,0xFF,0xFF,0xFF,0x80,0x00,0x3F,0xFF,
  0xFF,0xFF,0xF0,0x00,0x1F,0xFF,0xFF,0xFF,0xFE,0x00,0x0F,0xFF,0xFF,0xFF,0xFF,0xC0,0x07,0xFF,0xFC,0x0F,0xFF,0xF8,0x03,0xFF,
  0xF8,0x00,0x7F,0xFF,0x00,0xFF,0xF8,0x00,0x07,0xFF,0xC0,0x7F,0xFC,0x00,0x00,0xFF,0xF8,0x1F,0xFE,0x00,0x00,0x1F,0xFE,0x0F,
  0xFF,0x00,0x00,0x03,0xFF,0xC3,0xFF,0x80,0x00,0x00,0x7F,0xF1,0xFF,0xE0,0x00,0x00,0x1F,0xFE,0x7F,0xF0,0x00,0x00,0x03,0xFF,
  0x9F,0xFC,0x00,0x00,0x00,0xFF,0xE7,0xFE,0x00,0x00,0x00,0x3F,0xFB,0xFF,0x80,0x00,0x00,0x07,0xFF,0xFF,0xE0,0x00,0x00,0x01,
  0xFF,0xFF,0xF8,0x00,0x00,0x00,0x7F,0xFF,0xFE,0x00,0x00,0x00,0x1F,0xFF,0xFF,0x80,0x00,0x00,0x07,0xFF,0xFF,0xE0,0x00,0x00,
  0x01,0xFF,0xFF,0xF0,0x00,0x00,0x00,0x7F,0xFF,0xFE,0x00,0x00,0x00,0x1F,0xFF,0xFF,0x80,0x00,0x00,0x07,0xFF,0xFF,0xE0,0x00,
  0x00,0x01,0xFF,0xFF,0xF8,0x00,0x00,0x00,0x7F,0xFF,0xFE,0x00,0x00,0x00,0x1F,0xFF,0xFF,0x80,0x00,0x00,0x07,0xFF,0xFF,0xE0,
  0x00,0x00,0x01,0xFF,0x9F,0xFC,0x00,0x00,0x00,0xFF,0xE7,0xFF,0x00,0x00,0x00,0x3F,0xF9,0xFF,0xC0,0x00,0x00,0x0F,0xFE,0x7F,
  0xF8,0x00,0x00,0x07,0xFF,0x0F,0xFE,0x00,0x00,0x01,0xFF,0xC3,0xFF,0xC0,0x00,0x00,0xFF,0xE0,0x7F,0xF8,0x00,0x00,0x7F,0xF8,
  0x1F,0xFF,0x00,0x00,0x3F,0xFC,0x03,0xFF,0xE0,0x00,0x1F,0xFF,0x00,0x7F,0xFE,0x00,0x1F,0xFF,0x80,0x1F,0xFF,0xF0,0x3F,0xFF,
  0xC0,0x03,0xFF,0xFF,0xFF,0xFF,0xF0,0x00,0x7F,0xFF,0xFF,0xFF,0xF8,0x00,0x0F,0xFF,0xFF,0xFF,0xFC,0x00,0x01,0xFF,0xFF,0xFF,
  0xFC,0x00,0x00,0x1F,0xFF,0xFF,0xFE,0x00,0x00,0x01,0xFF,0xFF,0xFE,0x00,0x00,0x00,0x1F,0xFF,0xFE,0x00,0x00,0x00,0x00,0x7F,
  0xF8,0x00,0x00,0xFF,0xFF,0xFF,0xFF,0xFF,0xFF,0xFF,0xFF,0xFF,0xFF,0xFF,0xFF,0xFF,0xFF,0xFF,0xFF,0xFF,0xFF,0xFF,0xFF,0xFF,
  0xFF,0xFF,0xFF,0xFF,0xFF,0xFF,0xFF,0xFF,0xFF,0xFF,0xFF,0xFF,0xFF,0xFF,0xFF,0xFF,0xFF,0xFF,0xFF,0xFF,0xFF,0xFF,0xFF,0xFF,
  0xFF,0xFF,0xFF,0xF0,0x00,0x00,0x3F,0xFF,0xFC,0x00,0x00,0x0F,0xFF,0xFF,0x00,0x00,0x03,0xFF,0xFF,0xC0,0x00,0x00,0xFF,0xFF,
  0xF0,0x00,0x00,0x3F,0xFF,0xFC,0x00,0x00,0x0F,0xFF,0xFF,0x00,0x00,0x03,0xFF,0xFF,0xC0,0x00,0x00,0xFF,0xFF,0xF0,0x00,0x00,
  0x3F,0xFF,0xFC,0x00,0x00,0x0F,0xFF,0xFF,0x00,0x00,0x03,0xFF,0xFF,0xC0,0x00,0x00,0xFF,0xFF,0xF0,0x00,0x00,0x3F,0xFF,0xFC,
  0x00,0x00,0x0F,0xFF,0xFF,0x00,0x00,0x03,0xFF,0xFF,0xC0,0x00,0x00,0xFF,0xFF,0xF0,0x00,0x00,0x3F,0xFF,0xFC,0x00,0x00,0x0F,
  0xFF,0xFF,0x00,0x00,0x03,0xFF,0xFF,0xC0,0x00,0x00,0xFF,0xFF,0xF0,0x00,0x00,0x3F,0xFF,0xFC,0x00,0x00,0x0F,0xFF,0xFF,0x00,
  0x00,0x03,0xFF,0xFF,0xC0,0x00,0x00,0xFF,0xFF,0xF0,0x00,0x00,0x3F,0xFF,0xFC,0x00,0x00,0x0F,0xFF,0xFF,0x00,0x00,0x03,0xFF,
  0xFF,0xC0,0x00,0x00,0xFF,0xFF,0xF0,0x00,0x00,0x3F,0xFF,0xFC,0x00,0x00,0x0F,0xFF,0xFF,0x00,0x00,0x03,0xFF,0xFF,0xC0,0x00,
  0x00,0xFF,0xFF,0xF0,0x00,0x00,0x3F,0xFF,0xFC,0x00,0x00,0x0F,0xFF,0xFF,0x00,0x00,0x03,0xFF,0xFF,0xC0,0x00,0x00,0xFF,0xFF,
  0xF0,0x00,0x00,0x3F,0xFF,0xFC,0x00,0x00,0x0F,0xFF,0xFF,0x00,0x00,0x03,0xFF,0xFF,0xC0,0x00,0x00,0xFF,0xFF,0xF0,0x00,0x00,
  0x3F,0xF0,0xFF,0xFF,0xFF,0xF0,0x00,0x7F,0xFF,0xFF,0xFF,0x00,0x3F,0xFF,0xFF,0xFF,0xF0,0x1F,0xFF,0xFF,0xFF,0xFC,0x0F,0xFF,
  0xFF,0xFF,0xFF,0x07,0xFF,0xFF,0xFF,0xFF,0xC3,0xFF,0xFF,0xFF,0xFF,0xF1,0xFF,0xFF,0xFF,0xFF,0xFC,0xFF,0xC0,0x00,0xFF,0xFE,
  0x7F,0xE0,0x00,0x0F,0xFF,0xBF,0xF0,0x00,0x03,0xFF,0xDF,0xF8,0x00,0x00,0xFF,0xEF,0xFC,0x00,0x00,0x7F,0xF7,0xFE,0x00,0x00,
  0x1F,0xFF,0xFF,0x00,0x00,0x0F,0xFF,0xFF,0x80,0x00,0x07,0xFF,0xFF,0xC0,0x00,0x03,0xFF,0xFF,0xE0,0x00,0x01,0xFF,0xFF,0xF0,
  0x00,0x00,0xFF,0xDF,0xF8,0x00,0x00,0xFF,0xEF,0xFC,0x00,0x00,0x7F,0xF7,0xFE,0x00,0x00,0x7F,0xFB,0xFF,0x00,0x00,0x7F,0xF9,
  0xFF,0x80,0x00,0xFF,0xFC,0xFF,0xFF,0xFF,0xFF,0xFC,0x7F,0xFF,0xFF,0xFF,0xFE,0x3F,0xFF,0xFF,0xFF,0xFE,0x1F,0xFF,0xFF,0xFF,
  0xFE,0x0F,0xFF,0xFF,0xFF,0xFE,0x07,0xFF,0xFF,0xFF,0xFC,0x03,0xFF,0xFF,0xFF,0xF8,0x01,0xFF,0xFF,0xFF,0xE0,0x00,0xFF,0xC0,
  0x00,0x00,0x00,0x7F,0xE0,0x00,0x00,0x00,0x3F,0xF0,0x00,0x00,0x00,0x1F,0xF8,0x00,0x00,0x00,0x0F,0xFC,0x00,0x00,0x00,0x07,
  0xFE,0x00,0x00,0x00,0x03,0xFF,0x00,0x00,0x00,0x01,0xFF,0x80,0x00,0x00,0x00,0xFF,0xC0,0x00,0x00,0x00,0x7F,0xE0,0x00,0x00,
  0x00,0x3F,0xF0,0x00,0x00,0x00,0x1F,0xF8,0x00,0x00,0x00,0x0F,0xFC,0x00,0x00,0x00,0x07,0xFE,0x00,0x00,0x00,0x03,0xFF,0x00,
  0x00,0x00,0x01,0xFF,0x80,0x00,0x00,0x00,0xFF,0xC0,0x00,0x00,0x00,0x7F,0xE0,0x00,0x00,0x00,0x00,0x00,0x00,0x3F,0xFE,0x00,
  0x00,0x00,0x07,0xFF,0xFF,0xC0,0x00,0x00,0x3F,0xFF,0xFF,0xE0,0x00,0x01,0xFF,0xFF,0xFF,0xF0,0x00,0x07,0xFF,0xFF,0xFF,0xF0,
  0x00,0x3F,0xFF,0xFF,0xFF,0xF0,0x00,0xFF,0xFF,0xFF,0xFF,0xF0,0x03,0xFF,0xFF,0xFF,0xFF,0xF0,0x07,0xFF,0xFC,0x0F,0xFF,0xF0,
  0x1F,0xFF,0x80,0x03,0xFF,0xF0,0x7F,0xFC,0x00,0x01,0xFF,0xE0,0xFF,0xF0,0x00,0x01,0xFF,0xE3,0xFF,0xC0,0x00,0x01,0xFF,0xC7,
  0xFF,0x00,0x00,0x01,0xFF,0x8F,0xFE,0x00,0x00,0x01,0xF8,0x3F,0xF8,0x00,0x00,0x03,0x00,0x7F,0xF0,0x00,0x00,0x00,0x00,0xFF,
  0xE0,0x00,0x00,0x00,0x01,0xFF,0x80,0x00,0x00,0x00,0x07,0xFF,0x00,0x00,0x00,0x00,0x0F,0xFE,0x00,0x00,0x00,0x00,0x1F,0xFC,
  0x00,0x00,0x00,0x00,0x3F,0xF8,0x00,0x00,0x00,0x00,0x7F,0xF0,0x00,0x00,0x00,0x00,0xFF,0xC0,0x00,0x00,0x00,0x01,0xFF,0x80,
  0x00,0x00,0x00,0x03,0xFF,0x00,0x00,0x00,0x00,0x07,0xFF,0x00,0x00,0x00,0x00,0x0F,0xFE,0x00,0x00,0x00,0x00,0x1F,0xFC,0x00,
  0x00,0x00,0x00,0x3F,0xF8,0x00,0x00,0x00,0x00,0x7F,0xF0,0x00,0x00,0x00,0x00,0xFF,0xE0,0x00,0x00,0x00,0x00,0xFF,0xC0,0x00,
  0x00,0x00,0x01,0xFF,0xC0,0x00,0x00,0x08,0x03,0xFF,0x80,0x00,0x00,0x3E,0x07,0xFF,0x80,0x00,0x00,0x7F,0x87,0xFF,0x00,0x00,
  0x01,0xFF,0xCF,0xFF,0x00,0x00,0x03,0xFF,0x8F,0xFE,0x00,0x00,0x0F,0xFE,0x1F,0xFE,0x00,0x00,0x3F,0xFC,0x1F,0xFF,0x00,0x00,
  0xFF,0xF0,0x3F,0xFF,0x00,0x07,0xFF,0xC0,0x3F,0xFF,0xE0,0x7F,0xFF,0x80,0x3F,0xFF,0xFF,0xFF,0xFE,0x00,0x3F,0xFF,0xFF,0xFF,
  0xF8,0x00,0x3F,0xFF,0xFF,0xFF,0xE0,0x00,0x3F,0xFF,0xFF,0xFF,0x80,0x00,0x1F,0xFF,0xFF,0xFC,0x00,0x00,0x1F,0xFF,0xFF,0xF0,
  0x00,0x00,0x07,0xFF,0xFF,0x00,0x00,0x00,0x00,0xFF,0xF0,0x00,0x00,0xFF,0xFF,0xFF,0xFF,0xFF,0xFF,0xFF,0xFF,0xFF,0xFF,0xFF,
  0xFF,0xFF,0xFF,0xFF,0xFF,0xFF,0xFF,0xFF,0xFF,0xFF,0xFF,0xFF,0xFF,0xFF,0xFF,0xFF,0xFF,0xFF,0xFF,0xFF,0xFF,0xFF,0xFF,0xFF,
  0xFF,0xFF,0xFF,0xFF,0xFF,0xFF,0xFF,0x00,0x00,0xFF,0xC0,0x00,0x00,0x00,0x3F,0xF0,0x00,0x00,0x00,0x0F,0xFC,0x00,0x00,0x00,
  0x03,0xFF,0x00,0x00,0x00,0x00,0xFF,0xC0,0x00,0x00,0x00,0x3F,0xF0,0x00,0x00,0x00,0x0F,0xFC,0x00,0x00,0x00,0x03,0xFF,0x00,
  0x00,0x00,0x00,0xFF,0xC0,0x00,0x00,0x00,0x3F,0xF0,0x00,0x00,0x00,0x0F,0xFC,0x00,0x00,0x00,0x03,0xFF,0x00,0x00,0x00,0x00,
  0xFF,0xC0,0x00,0x00,0x00,0x3F,0xF0,0x00,0x00,0x00,0x0F,0xFC,0x00,0x00,0x00,0x03,0xFF,0x00,0x00,0x00,0x00,0xFF,0xC0,0x00,
  0x00,0x00,0x3F,0xF0,0x00,0x00,0x00,0x0F,0xFC,0x00,0x00,0x00,0x03,0xFF,0x00,0x00,0x00,0x00,0xFF,0xC0,0x00,0x00,0x00,0x3F,
  0xF0,0x00,0x00,0x00,0x0F,0xFC,0x00,0x00,0x00,0x03,0xFF,0x00,0x00,0x00,0x00,0xFF,0xC0,0x00,0x00,0x00,0x3F,0xF0,0x00,0x00,
  0x00,0x0F,0xFC,0x00,0x00,0x00,0x03,0xFF,0x00,0x00,0x00,0x00,0xFF,0xC0,0x00,0x00,0x00,0x3F,0xF0,0x00,0x00,0x00,0x0F,0xFC,
  0x00,0x00,0x00,0x03,0xFF,0x00,0x00,0x00,0x00,0xFF,0xC0,0x00,0x00,0x00,0x3F,0xF0,0x00,0x00,0x00,0x0F,0xFC,0x00,0x00,0x00,
  0x03,0xFF,0x00,0x00,0x00,0x00,0xFF,0xC0,0x00,0x00,0x00,0x3F,0xF0,0x00,0x00,0x00,0x0F,0xFC,0x00,0x00,0x00,0x03,0xFF,0x00,
  0x00,0x00,0x00,0xFF,0xC0,0x00,0x00,0x00,0x3F,0xF0,0x00,0x00,0xFF,0xE0,0x00,0x00,0x1F,0xFB,0xFF,0x80,0x00,0x01,0xFF,0xDF,
  0xFC,0x00,0x00,0x0F,0xFC,0x7F,0xF0,0x00,0x00,0xFF,0xE1,0xFF,0x80,0x00,0x07,0xFE,0x0F,0xFE,0x00,0x00,0x7F,0xF0,0x3F,0xF8,
  0x00,0x03,0xFF,0x01,0xFF,0xC0,0x00,0x1F,0xF8,0x07,0xFF,0x00,0x01,0xFF,0x80,0x1F,0xF8,0x00,0x0F,0xFC,0x00,0xFF,0xE0,0x00,
  0xFF,0xE0,0x03,0xFF,0x00,0x07,0xFE,0x00,0x1F,0xFC,0x00,0x7F,0xF0,0x00,0x7F,0xF0,0x03,0xFF,0x00,0x01,0xFF,0x80,0x1F,0xF8,
  0x00,0x0F,0xFE,0x01,0xFF,0x80,0x00,0x3F,0xF0,0x0F,0xFC,0x00,0x01,0xFF,0xC0,0xFF,0xC0,0x00,0x07,0xFE,0x07,0xFE,0x00,0x00,
  0x1F,0xF8,0x7F,0xE0,0x00,0x00,0xFF,0xC3,0xFF,0x00,0x00,0x03,0xFF,0x1F,0xF0,0x00,0x00,0x1F,0xFD,0xFF,0x80,0x00,0x00,0x7F,
  0xEF,0xF8,0x00,0x00,0x03,0xFF,0xFF,0xC0,0x00,0x00,0x0F,0xFF,0xFC,0x00,0x00,0x00,0x3F,0xFF,0xE0,0x00,0x00,0x01,0xFF,0xFE,
  0x00,0x00,0x00,0x07,0xFF,0xF0,0x00,0x00,0x00,0x3F,0xFF,0x80,0x00,0x00,0x00,0xFF,0xF8,0x00,0x00,0x00,0x03,0xFF,0xC0,0x00,
  0x00,0x00,0x1F,0xFC,0x00,0x00,0x00,0x00,0xFF,0xE0,0x00,0x00,0x00,0x07,0xFE,0x00,0x00,0x00,0x00,0x7F,0xF0,0x00,0x00,0x00,
  0x03,0xFF,0x00,0x00,0x00,0x00,0x3F,0xF8,0x00,0x00,0x00,0x01,0xFF,0x80,0x00,0x00,0x00,0x1F,0xFC,0x00,0x00,0x02,0x01,0xFF,
  0xC0,0x00,0x00,0x3E,0x3F,0xFE,0x00,0x00,0x01,0xFF,0xFF,0xE0,0x00,0x00,0x0F,0xFF,0xFF,0x00,0x00,0x00,0xFF,0xFF,0xF0,0x00,
  0x00,0x07,0xFF,0xFF,0x00,0x00,0x00,0x3F,0xFF,0xF8,0x00,0x00,0x03,0xFF,0xFF,0x80,0x00,0x00,0x1F,0xFF,0xF0,0x00,0x00,0x00,
  0x7F,0xFF,0x00,0x00,0x00,0x00,0x7F,0xE0,0x00,0x00,0x00,0x00,0x00,0x00,0xFF,0xC0,0x00,0x00,0x00,0x00,0x00,0x7F,0xE0,0x00,
  0x00,0x00,0x00,0x00,0x3F,0xF0,0x00,0x00,0x00,0x00,0x00,0x1F,0xF8,0x00,0x00,0x00,0x00,0x00,0x0F,0xFC,0x00,0x00,0x00,0x00,
  0x00,0x07,0xFE,0x00,0x00,0x00,0x00,0x07,0xFF,0xFF,0xFF,0x00,0x00,0x00,0x1F,0xFF,0xFF,0xFF,0xF8,0x00,0x00,0x7F,0xFF,0xFF,
  0xFF,0xFF,0x00,0x00,0x7F,0xFF,0xFF,0xFF,0xFF,0xE0,0x00,0xFF,0xFF,0xFF,0xFF,0xFF,0xF8,0x00,0xFF,0xFF,0xFF,0xFF,0xFF,0xFE,
  0x00,0xFF,0xFF,0xFF,0xFF,0xFF,0xFF,0x80,0x7F,0xFF,0xCF,0xFE,0x7F,0xFF,0xE0,0x7F,0xFE,0x03,0xFF,0x01,0xFF,0xF0,0x3F,0xFC,
  0x01,0xFF,0x80,0x7F,0xFC,0x3F,0xFC,0x00,0xFF,0xC0,0x0F,0xFE,0x1F,0xFC,0x00,0x7F,0xE0,0x07,0xFF,0x9F,0xFC,0x00,0x3F,0xF0,
  0x01,0xFF,0xCF,0xFE,0x00,0x1F,0xF8,0x00,0xFF,0xE7,0xFF,0x00,0x0F,0xFC,0x00,0x3F,0xFB,0xFF,0x00,0x07,0xFE,0x00,0x1F,0xFD,
  0xFF,0x80,0x03,0xFF,0x00,0x0F,0xFF,0xFF,0xC0,0x01,0xFF,0x80,0x07,0xFF,0xFF,0xE0,0x00,0xFF,0xC0,0x03,0xFF,0xFF,0xF0,0x00,
  0x7F,0xE0,0x01,0xFF,0xFF,0xF8,0x00,0x3F,0xF0,0x00,0xFF,0xEF,0xFC,0x00,0x1F,0xF8,0x00,0x7F,0xF7,0xFE,0x00,0x0F,0xFC,0x00,
  0x3F,0xFB,0xFF,0x00,0x07,0xFE,0x00,0x1F,0xFD,0xFF,0xC0,0x03,0xFF,0x00,0x0F,0xFC,0xFF,0xE0,0x01,0xFF,0x80,0x0F,0xFE,0x3F,
  0xF8,0x00,0xFF,0xC0,0x07,0xFF,0x1F,0xFC,0x00,0x7F,0xE0,0x07,0xFF,0x0F,0xFF,0x00,0x3F,0xF0,0x07,0xFF,0x83,0xFF,0xC0,0x1F,
  0xF8,0x07,0xFF,0xC0,0xFF,0xF8,0x0F,0xFC,0x07,0xFF,0xC0,0x7F,0xFF,0xCF,0xFE,0x7F,0xFF,0xC0,0x1F,0xFF,0xFF,0xFF,0xFF,0xFF,
  0xC0,0x07,0xFF,0xFF,0xFF,0xFF,0xFF,0xE0,0x01,0xFF,0xFF,0xFF,0xFF,0xFF,0xC0,0x00,0x7F,0xFF,0xFF,0xFF,0xFF,0xC0,0x00,0x0F,
  0xFF,0xFF,0xFF,0xFF,0x80,0x00,0x01,0xFF,0xFF,0xFF,0xFF,0x00,0x00,0x00,0x1F,0xFF,0xFF,0xFC,0x00,0x00,0x00,0x00,0x07,0xFE,
  0x00,0x00,0x00,0x00,0x00,0x03,0xFF,0x00,0x00,0x00,0x00,0x00,0x01,0xFF,0x80,0x00,0x00,0x00,0x00,0x00,0xFF,0xC0,0x00,0x00,
  0x00,0x00,0x00,0x7F,0xE0,0x00,0x00,0x00,0x00,0x00,0x3F,0xF0,0x00,0x00,0x00,0x00,0x00,0x1F,0xF8,0x00,0x00,0x00,0x7F,0xF0,
  0x00,0x00,0x3F,0xF8,0xFF,0xE0,0x00,0x01,0xFF,0xC1,0xFF,0xC0,0x00,0x0F,0xFE,0x07,0xFF,0x00,0x00,0x3F,0xF8,0x0F,0xFE,0x00,
  0x01,0xFF,0xC0,0x1F,0xFC,0x00,0x07,0xFF,0x00,0x7F,0xF0,0x00,0x3F,0xF8,0x00,0xFF,0xE0,0x01,0xFF,0xC0,0x01,0xFF,0x80,0x07,
  0xFF,0x00,0x07,0xFF,0x00,0x3F,0xF8,0x00,0x0F,0xFE,0x01,0xFF,0xC0,0x00,0x1F,0xF8,0x07,0xFF,0x00,0x00,0x7F,0xF0,0x3F,0xF8,
  0x00,0x00,0xFF,0xE0,0xFF,0xC0,0x00,0x01,0xFF,0x87,0xFF,0x00,0x00,0x07,0xFF,0x3F,0xF8,0x00,0x00,0x0F,0xFC,0xFF,0xE0,0x00,
  0x00,0x1F,0xFF,0xFF,0x00,0x00,0x00,0x7F,0xFF,0xF8,0x00,0x00,0x00,0xFF,0xFF,0xE0,0x00,0x00,0x01,0xFF,0xFF,0x00,0x00,0x00,
  0x07,0xFF,0xF8,0x00,0x00,0x00,0x0F,0xFF,0xE0,0x00,0x00,0x00,0x1F,0xFF,0x00,0x00,0x00,0x00,0xFF,0xFC,0x00,0x00,0x00,0x03,
  0xFF,0xF8,0x00,0x00,0x00,0x1F,0xFF,0xF0,0x00,0x00,0x00,0xFF,0xFF,0xC0,0x00,0x00,0x03,0xFF,0xFF,0x80,0x00,0x00,0x1F,0xFF,
  0xFF,0x00,0x00,0x00,0xFF,0xFF,0xFC,0x00,0x00,0x03,0xFF,0x3F,0xF8,0x00,0x00,0x1F,0xFC,0xFF,0xE0,0x00,0x00,0xFF,0xE1,0xFF,
  0xC0,0x00,0x03,0xFF,0x03,0xFF,0x80,0x00,0x1F,0xFC,0x0F,0xFE,0x00,0x00,0xFF,0xE0,0x1F,0xFC,0x00,0x03,0xFF,0x00,0x3F,0xF8,
  0x00,0x1F,0xFC,0x00,0xFF,0xE0,0x00,0xFF,0xE0,0x01,0xFF,0xC0,0x03,0xFF,0x80,0x07,0xFF,0x80,0x1F,0xFC,0x00,0x0F,0xFE,0x00,
  0xFF,0xE0,0x00,0x1F,0xFC,0x03,0xFF,0x80,0x00,0x7F,0xF0,0x1F,0xFC,0x00,0x00,0xFF,0xE0,0x7F,0xE0,0x00,0x01,0xFF,0xC3,0xFF,
  0x80,0x00,0x07,0xFF,0x1F,0xFC,0x00,0x00,0x0F,0xFE,0x7F,0xF0,0x00,0x00,0x3F,0xFF,0xFF,0x80,0x00,0x00,0x7F,0xF0,0xFF,0xC0,
  0x00,0x03,0xFF,0x01,0xFF,0x80,0x00,0x07,0xFE,0x03,0xFF,0x00,0x00,0x0F,0xFC,0x07,0xFE,0x00,0x00,0x1F,0xF8,0x0F,0xFC,0x00,
  0x00,0x3F,0xF0,0x1F,0xF8,0x00,0x00,0x7F,0xE0,0x3F,0xF0,0x00,0x00,0xFF,0xC0,0x7F,0xE0,0x00,0x01,0xFF,0x80,0xFF,0xC0,0x00,
  0x03,0xFF,0x01,0xFF,0x80,0x00,0x07,0xFE,0x03,0xFF,0x00,0x00,0x0F,0xFC,0x07,0xFE,0x00,0x00,0x1F,0xF8,0x0F,0xFC,0x00,0x00,
  0x3F,0xF0,0x1F,0xF8,0x00,0x00,0x7F,0xE0,0x3F,0xF0,0x00,0x00,0xFF,0xC0,0x7F,0xE0,0x00,0x01,0xFF,0x80,0xFF,0xC0,0x00,0x03,
  0xFF,0x01,0xFF,0x80,0x00,0x07,0xFE,0x03,0xFF,0x00,0x00,0x0F,0xFC,0x07,0xFE,0x00,0x00,0x1F,0xF8,0x0F,0xFC,0x00,0x00,0x3F,
  0xF0,0x1F,0xF8,0x00,0x00,0x7F,0xE0,0x3F,0xF0,0x00,0x00,0xFF,0xC0,0x7F,0xE0,0x00,0x01,0xFF,0x80,0xFF,0xC0,0x00,0x03,0xFF,
  0x01,0xFF,0x80,0x00,0x07,0xFE,0x03,0xFF,0x00,0x00,0x0F,0xFC,0x07,0xFE,0x00,0x00,0x1F,0xF8,0x0F,0xFC,0x00,0x00,0x3F,0xF0,
  0x1F,0xF8,0x00,0x00,0x7F,0xE0,0x3F,0xF0,0x00,0x00,0xFF,0xC0,0x7F,0xE0,0x00,0x01,0xFF,0x80,0xFF,0xC0,0x00,0x03,0xFF,0x01,
  0xFF,0x80,0x00,0x07,0xFE,0x03,0xFF,0x00,0x00,0x0F,0xFC,0x07,0xFE,0x00,0x00,0x1F,0xF8,0x0F,0xFC,0x00,0x00,0x3F,0xF0,0x1F,
  0xF8,0x00,0x00,0x7F,0xE0,0x3F,0xF0,0x00,0x00,0xFF,0xC0,0x7F,0xE0,0x00,0x01,0xFF,0x80,0xFF,0xC0,0x00,0x03,0xFF,0x01,0xFF,
  0xFF,0xFF,0xFF,0xFF,0xFF,0xFF,0xFF,0xFF,0xFF,0xFF,0xFF,0xFF,0xFF,0xFF,0xFF,0xFF,0xFF,0xFF,0xFF,0xFF,0xFF,0xFF,0xFF,0xFF,
  0xFF,0xFF,0xFF,0xFF,0xFF,0xFF,0xFF,0xFF,0xFF,0xFF,0xFF,0xFF,0xFF,0xFF,0xFF,0xFF,0xFF,0xFF,0xFF,0xFF,0xFF,0xFF,0xFF,0xFF,
  0xFF,0xFF,0xFF,0xFC,0x00,0x00,0x00,0x00,0x0F,0xF8,0x00,0x00,0x00,0x00,0x1F,0xF0,0x00,0x00,0x00,0x00,0x3F,0xE0,0x00,0x00,
  0x00,0x00,0x7F,0xC0,0x00,0x00,0x00,0x00,0xFF,0x80,0x00,0x00,0x00,0x01,0xFF,0x00,0x00,0x00,0x00,0x03,0xFE,0x00,0x00,0x00,
  0x00,0x07,0xFC,0x00,0x00,0x00,0x00,0x0F,0xF8,0x00,0x00,0x00,0x00,0x1F,0xF0,0x00,0x00,0x00,0x00,0x3F,0xE0,0x00,0x00,0x00,
  0x00,0x7F,0xC0,0x00,0x00,0x00,0x00,0xFF,0x80,0x00,0x00,0x00,0x01,0xFF,0xFF,0xC0,0x00,0x01,0xFF,0xFF,0xF0,0x00,0x00,0x7F,
  0xFF,0xFC,0x00,0x00,0x1F,0xFF,0xFF,0x00,0x00,0x07,0xFF,0xFF,0xC0,0x00,0x01,0xFF,0xFF,0xF0,0x00,0x00,0x7F,0xFF,0xFC,0x00,
  0x00,0x1F,0xFF,0xFF,0x00,0x00,0x07,0xFF,0xFF,0xC0,0x00,0x01,0xFF,0xFF,0xF0,0x00,0x00,0x7F,0xFF,0xFC,0x00,0x00,0x1F,0xFF,
  0xFF,0x00,0x00,0x07,0xFF,0xFF,0xC0,0x00,0x01,0xFF,0xFF,0xF0,0x00,0x00,0x7F,0xFF,0xFC,0x00,0x00,0x1F,0xFF,0xFF,0x00,0x00,
  0x07,0xFF,0xFF,0xC0,0x00,0x01,0xFF,0xFF,0xF0,0x00,0x00,0x7F,0xFF,0xFC,0x00,0x00,0x1F,0xFF,0xFF,0x00,0x00,0x07,0xFF,0xFF,
  0xC0,0x00,0x01,0xFF,0xFF,0xF8,0x00,0x00,0x7F,0xFF,0xFE,0x00,0x00,0x1F,0xFF,0xFF,0xC0,0x00,0x07,0xFF,0x7F,0xF8,0x00,0x01,
  0xFF,0xDF,0xFF,0x80,0x07,0xFF,0xF7,0xFF,0xFF,0xFF,0xFF,0xFC,0xFF,0xFF,0xFF,0xFF,0xFF,0x1F,0xFF,0xFF,0xFF,0xFF,0xC7,0xFF,
  0xFF,0xFF,0xFF,0xF0,0xFF,0xFF,0xFF,0xFF,0xFC,0x0F,0xFF,0xFF,0xF7,0xFF,0x01,0xFF,0xFF,0xE1,0xFF,0xC0,0x0F,0xFF,0x00,0x7F,
  0xF0,0x00,0x00,0x00,0x1F,0xFC,0x00,0x00,0x00,0x07,0xFF,0x00,0x00,0x00,0x01,0xFF,0xC0,0x00,0x00,0x00,0x7F,0xF0,0x00,0x00,
  0x00,0x1F,0xFC,0x00,0x00,0x00,0x07,0xFF,0x00,0x00,0x00,0x01,0xFF,0xC0,0x00,0x00,0x00,0x7F,0xF0,0x00,0x00,0x00,0x1F,0xFC,
  0x00,0x00,0x00,0x07,0xFF,0x00,0x00,0x00,0x01,0xFF,0xC0,0x00,0x00,0x00,0x7F,0xF0,0x00,0x00,0x00,0x1F,0xFC,0x00,0x00,0x00,
  0x07,0xFF,0x00,0x00,0x00,0x01,0xFF,0xC0,0x00,0x00,0x00,0x7F,0xF0,0xFF,0xC0,0x00,0x3F,0xF0,0x00,0x0F,0xFF,0xFF,0x80,0x00,
  0x7F,0xE0,0x00,0x1F,0xFF,0xFF,0x00,0x00,0xFF,0xC0,0x00,0x3F,0xFF,0xFE,0x00,0x01,0xFF,0x80,0x00,0x7F,0xFF,0xFC,0x00,0x03,
  0xFF,0x00,0x00,0xFF,0xFF,0xF8,0x00,0x07,0xFE,0x00,0x01,0xFF,0xFF,0xF0,0x00,0x0F,0xFC,0x00,0x03,0xFF,0xFF,0xE0,0x00,0x1F,
  0xF8,0x00,0x07,0xFF,0xFF,0xC0,0x00,0x3F,0xF0,0x00,0x0F,0xFF,0xFF,0x80,0x00,0x7F,0xE0,0x00,0x1F,0xFF,0xFF,0x00,0x00,0xFF,
  0xC0,0x00,0x3F,0xFF,0xFE,0x00,0x01,0xFF,0x80,0x00,0x7F,0xFF,0xFC,0x00,0x03,0xFF,0x00,0x00,0xFF,0xFF,0xF8,0x00,0x07,0xFE,
  0x00,0x01,0xFF,0xFF,0xF0,0x00,0x0F,0xFC,0x00,0x03,0xFF,0xFF,0xE0,0x00,0x1F,0xF8,0x00,0x07,0xFF,0xFF,0xC0,0x00,0x3F,0xF0,
  0x00,0x0F,0xFF,0xFF,0x80,0x00,0x7F,0xE0,0x00,0x1F,0xFF,0xFF,0x00,0x00,0xFF,0xC0,0x00,0x3F,0xFF,0xFE,0x00,0x01,0xFF,0x80,
  0x00,0x7F,0xFF,0xFC,0x00,0x03,0xFF,0x00,0x00,0xFF,0xFF,0xF8,0x00,0x07,0xFE,0x00,0x01,0xFF,0xFF,0xF0,0x00,0x0F,0xFC,0x00,
  0x03,0xFF,0xFF,0xE0,0x00,0x1F,0xF8,0x00,0x07,0xFF,0xFF,0xC0,0x00,0x3F,0xF0,0x00,0x0F,0xFF,0xFF,0x80,0x00,0x7F,0xE0,0x00,
  0x1F,0xFF,0xFF,0x00,0x00,0xFF,0xC0,0x00,0x3F,0xFF,0xFE,0x00,0x01,0xFF,0x80,0x00,0x7F,0xFF,0xFC,0x00,0x03,0xFF,0x00,0x00,
  0xFF,0xFF,0xF8,0x00,0x07,0xFE,0x00,0x01,0xFF,0xFF,0xF0,0x00,0x0F,0xFC,0x00,0x03,0xFF,0xFF,0xE0,0x00,0x1F,0xF8,0x00,0x07,
  0xFF,0xFF,0xC0,0x00,0x3F,0xF0,0x00,0x0F,0xFF,0xFF,0x80,0x00,0x7F,0xE0,0x00,0x1F,0xFF,0xFF,0x00,0x00,0xFF,0xC0,0x00,0x3F,
  0xFF,0xFE,0x00,0x01,0xFF,0x80,0x00,0x7F,0xFF,0xFC,0x00,0x03,0xFF,0x00,0x00,0xFF,0xFF,0xF8,0x00,0x07,0xFE,0x00,0x01,0xFF,
  0xFF,0xF0,0x00,0x0F,0xFC,0x00,0x03,0xFF,0xFF,0xE0,0x00,0x1F,0xF8,0x00,0x07,0xFF,0xFF,0xC0,0x00,0x3F,0xF0,0x00,0x0F,0xFF,
  0xFF,0xFF,0xFF,0xFF,0xFF,0xFF,0xFF,0xFF,0xFF,0xFF,0xFF,0xFF,0xFF,0xFF,0xFF,0xFF,0xFF,0xFF,0xFF,0xFF,0xFF,0xFF,0xFF,0xFF,
  0xFF,0xFF,0xFF,0xFF,0xFF,0xFF,0xFF,0xFF,0xFF,0xFF,0xFF,0xFF,0xFF,0xFF,0xFF,0xFF,0xFF,0xFF,0xFF,0xFF,0xFF,0xFF,0xFF,0xFF,
  0xFF,0xFF,0xFF,0xFF,0xFF,0xFF,0xFF,0xFF,0xFF,0xFF,0xFF,0xFF,0xFF,0xFF,0xFF,0xFF,0xFF,0xFF,0xFF,0xFF,0xFF,0xFF,0xFC,0xFF,
  0xC0,0x00,0x7F,0xF0,0x00,0x1F,0xF8,0x0F,0xFC,0x00,0x07,0xFF,0x00,0x01,0xFF,0x80,0xFF,0xC0,0x00,0x7F,0xF0,0x00,0x1F,0xF8,
  0x0F,0xFC,0x00,0x07,0xFF,0x00,0x01,0xFF,0x80,0xFF,0xC0,0x00,0x7F,0xF0,0x00,0x1F,0xF8,0x0F,0xFC,0x00,0x07,0xFF,0x00,0x01,
  0xFF,0x80,0xFF,0xC0,0x00,0x7F,0xF0,0x00,0x1F,0xF8,0x0F,0xFC,0x00,0x07,0xFF,0x00,0x01,0xFF,0x80,0xFF,0xC0,0x00,0x7F,0xF0,
  0x00,0x1F,0xF8,0x0F,0xFC,0x00,0x07,0xFF,0x00,0x01,0xFF,0x80,0xFF,0xC0,0x00,0x7F,0xF0,0x00,0x1F,0xF8,0x0F,0xFC,0x00,0x07,
  0xFF,0x00,0x01,0xFF,0x80,0xFF,0xC0,0x00,0x7F,0xF0,0x00,0x1F,0xF8,0x0F,0xFC,0x00,0x07,0xFF,0x00,0x01,0xFF,0x80,0xFF,0xC0,
  0x00,0x7F,0xF0,0x00,0x1F,0xF8,0x0F,0xFC,0x00,0x07,0xFF,0x00,0x01,0xFF,0x80,0xFF,0xC0,0x00,0x7F,0xF0,0x00,0x1F,0xF8,0x0F,
  0xFC,0x00,0x07,0xFF,0x00,0x01,0xFF,0x80,0xFF,0xC0,0x00,0x7F,0xF0,0x00,0x1F,0xF8,0x0F,0xFC,0x00,0x07,0xFF,0x00,0x01,0xFF,
  0x80,0xFF,0xC0,0x00,0x7F,0xF0,0x00,0x1F,0xF8,0x0F,0xFC,0x00,0x07,0xFF,0x00,0x01,0xFF,0x80,0xFF,0xC0,0x00,0x7F,0xF0,0x00,
  0x1F,0xF8,0x0F,0xFC,0x00,0x07,0xFF,0x00,0x01,0xFF,0x80,0xFF,0xC0,0x00,0x7F,0xF0,0x00,0x1F,0xF8,0x0F,0xFC,0x00,0x07,0xFF,
  0x00,0x01,0xFF,0x80,0xFF,0xC0,0x00,0x7F,0xF0,0x00,0x1F,0xF8,0x0F,0xFC,0x00,0x07,0xFF,0x00,0x01,0xFF,0x80,0xFF,0xC0,0x00,
  0x7F,0xF0,0x00,0x1F,0xF8,0x0F,0xFC,0x00,0x07,0xFF,0x00,0x01,0xFF,0x80,0xFF,0xC0,0x00,0x7F,0xF0,0x00,0x1F,0xF8,0x0F,0xFC,
  0x00,0x07,0xFF,0x00,0x01,0xFF,0x80,0xFF,0xC0,0x00,0x7F,0xF0,0x00,0x1F,0xF8,0x0F,0xFC,0x00,0x07,0xFF,0x00,0x01,0xFF,0x80,
  0xFF,0xC0,0x00,0x7F,0xF0,0x00,0x1F,0xF8,0x0F,0xFC,0x00,0x07,0xFF,0x00,0x01,0xFF,0x80,0xFF,0xC0,0x00,0x7F,0xF0,0x00,0x1F,
  0xF8,0x0F,0xFC,0x00,0x07,0xFF,0x00,0x01,0xFF,0x80,0xFF,0xC0,0x00,0x7F,0xF0,0x00,0x1F,0xF8,0x0F,0xFC,0x00,0x07,0xFF,0x00,
  0x01,0xFF,0x80,0xFF,0xC0,0x00,0x7F,0xF0,0x00,0x1F,0xF8,0x0F,0xFF,0xFF,0xFF,0xFF,0xFF,0xFF,0xFF,0xFF,0xFF,0xFF,0xFF,0xFF,
  0xFF,0xFF,0xFF,0xFF,0xFF,0xFF,0xFF,0xFF,0xFF,0xFF,0xFF,0xFF,0xFF,0xFF,0xFF,0xFF,0xFF,0xFF,0xFF,0xFF,0xFF,0xFF,0xFF,0xFF,
  0xFF,0xFF,0xFF,0xFF,0xFF,0xFF,0xFF,0xFF,0xFF,0xFF,0xFF,0xFF,0xFF,0xFF,0xFF,0xFF,0xFF,0xFF,0xFF,0xFF,0xFF,0xFF,0xFF,0xFF,
  0xFF,0xFF,0xFF,0xFF,0xFF,0xFF,0xFF,0xFF,0xFF,0xFF,0xFF,0xFF,0xFF,0xFF,0xFF,0xFF,0x00,0x00,0x00,0x00,0x00,0x00,0x00,0x1F,
  0xF0,0x00,0x00,0x00,0x00,0x00,0x00,0x01,0xFF,0x00,0x00,0x00,0x00,0x00,0x00,0x00,0x1F,0xF0,0x00,0x00,0x00,0x00,0x00,0x00,
  0x01,0xFF,0x00,0x00,0x00,0x00,0x00,0x00,0x00,0x1F,0xF0,0x00,0x00,0x00,0x00,0x00,0x00,0x01,0xFF,0x00,0x00,0x00,0x00,0x00,
  0x00,0x00,0x1F,0xF0,0x00,0x00,0x00,0x00,0x00,0x00,0x01,0xFF,0x00,0x00,0x00,0x00,0x00,0x00,0x00,0x1F,0xF0,0x00,0x00,0x00,
  0x00,0x00,0x00,0x01,0xFF,0x00,0x00,0x00,0x00,0x00,0x00,0x00,0x1F,0xF0,0x00,0x00,0x00,0x00,0x00,0x00,0x01,0xFF,0x00,0x00,
  0x00,0x00,0x00,0x00,0x00,0x1F,0xF0,0x00,0x00,0x00,0x00,0x00,0x00,0x01,0xFF,0xFF,0xFF,0xFF,0xC0,0x00,0x00,0x00,0x1F,0xFF,
  0xFF,0xF8,0x00,0x00,0x00,0x03,0xFF,0xFF,0xFF,0x00,0x00,0x00,0x00,0x7F,0xFF,0xFF,0xE0,0x00,0x00,0x00,0x0F,0xFF,0xFF,0xFC,
  0x00,0x00,0x00,0x01,0xFF,0xFF,0xFF,0x80,0x00,0x00,0x00,0x3F,0xFF,0xFF,0xF0,0x00,0x00,0x00,0x07,0xFF,0xFF,0xFE,0x00,0x00,
  0x00,0x00,0x00,0x00,0xFF,0xC0,0x00,0x00,0x00,0x00,0x00,0x1F,0xF8,0x00,0x00,0x00,0x00,0x00,0x03,0xFF,0x00,0x00,0x00,0x00,
  0x00,0x00,0x7F,0xE0,0x00,0x00,0x00,0x00,0x00,0x0F,0xFC,0x00,0x00,0x00,0x00,0x00,0x01,0xFF,0x80,0x00,0x00,0x00,0x00,0x00,
  0x3F,0xF0,0x00,0x00,0x00,0x00,0x00,0x07,0xFE,0x00,0x00,0x00,0x00,0x00,0x00,0xFF,0xC0,0x00,0x00,0x00,0x00,0x00,0x1F,0xF8,
  0x00,0x00,0x00,0x00,0x00,0x03,0xFF,0x00,0x00,0x00,0x00,0x00,0x00,0x7F,0xE0,0x00,0x00,0x00,0x00,0x00,0x0F,0xFF,0xFF,0xFF,
  0xE0,0x00,0x00,0x01,0xFF,0xFF,0xFF,0xFF,0xC0,0x00,0x00,0x3F,0xFF,0xFF,0xFF,0xFE,0x00,0x00,0x07,0xFF,0xFF,0xFF,0xFF,0xE0,
  0x00,0x00,0xFF,0xFF,0xFF,0xFF,0xFE,0x00,0x00,0x1F,0xFF,0xFF,0xFF,0xFF,0xE0,0x00,0x03,0xFF,0xFF,0xFF,0xFF,0xFE,0x00,0x00,
  0x7F,0xFF,0xFF,0xFF,0xFF,0xC0,0x00,0x0F,0xFC,0x00,0x01,0xFF,0xFC,0x00,0x01,0xFF,0x80,0x00,0x07,0xFF,0x80,0x00,0x3F,0xF0,
  0x00,0x00,0x7F,0xF8,0x00,0x07,0xFE,0x00,0x00,0x07,0xFF,0x00,0x00,0xFF,0xC0,0x00,0x00,0xFF,0xE0,0x00,0x1F,0xF8,0x00,0x00,
  0x1F,0xFC,0x00,0x03,0xFF,0x00,0x00,0x03,0xFF,0x80,0x00,0x7F,0xE0,0x00,0x00,0x7F,0xF0,0x00,0x0F,0xFC,0x00,0x00,0x0F,0xFE,
  0x00,0x01,0xFF,0x80,0x00,0x01,0xFF,0xC0,0x00,0x3F,0xF0,0x00,0x00,0x3F,0xF8,0x00,0x07,0xFE,0x00,0x00,0x0F,0xFE,0x00,0x00,
  0xFF,0xC0,0x00,0x07,0xFF,0xC0,0x00,0x1F,0xF8,0x00,0x03,0xFF,0xF8,0x00,0x03,0xFF,0xFF,0xFF,0xFF,0xFE,0x00,0x00,0x7F,0xFF,
  0xFF,0xFF,0xFF,0x80,0x00,0x0F,0xFF,0xFF,0xFF,0xFF,0xF0,0x00,0x01,0xFF,0xFF,0xFF,0xFF,0xFC,0x00,0x00,0x3F,0xFF,0xFF,0xFF,
  0xFE,0x00,0x00,0x07,0xFF,0xFF,0xFF,0xFF,0x80,0x00,0x00,0xFF,0xFF,0xFF,0xFF,0xC0,0x00,0x00,0x1F,0xFF,0xFF,0xFF,0x80,0x00,
  0xFF,0xC0,0x00,0x00,0x00,0x00,0x3F,0xFF,0xFE,0x00,0x00,0x00,0x00,0x01,0xFF,0xFF,0xF0,0x00,0x00,0x00,0x00,0x0F,0xFF,0xFF,
  0x80,0x00,0x00,0x00,0x00,0x7F,0xFF,0xFC,0x00,0x00,0x00,0x00,0x03,0xFF,0xFF,0xE0,0x00,0x00,0x00,0x00,0x1F,0xFF,0xFF,0x00,
  0x00,0x00,0x00,0x00,0xFF,0xFF,0xF8,0x00,0x00,0x00,0x00,0x07,0xFF,0xFF,0xC0,0x00,0x00,0x00,0x00,0x3F,0xFF,0xFE,0x00,0x00,
  0x00,0x00,0x01,0xFF,0xFF,0xF0,0x00,0x00,0x00,0x00,0x0F,0xFF,0xFF,0x80,0x00,0x00,0x00,0x00,0x7F,0xFF,0xFC,0x00,0x00,0x00,
  0x00,0x03,0xFF,0xFF,0xE0,0x00,0x00,0x00,0x00,0x1F,0xFF,0xFF,0x00,0x00,0x00,0x00,0x00,0xFF,0xFF,0xF8,0x00,0x00,0x00,0x00,
  0x07,0xFF,0xFF,0xC0,0x00,0x00,0x00,0x00,0x3F,0xFF,0xFE,0x00,0x00,0x00,0x00,0x01,0xFF,0xFF,0xF0,0x00,0x00,0x00,0x00,0x0F,
  0xFF,0xFF,0x80,0x00,0x00,0x00,0x00,0x7F,0xFF,0xFF,0xFF,0xFF,0xE0,0x00,0x03,0xFF,0xFF,0xFF,0xFF,0xFF,0xE0,0x00,0x1F,0xFF,
  0xFF,0xFF,0xFF,0xFF,0xC0,0x00,0xFF,0xFF,0xFF,0xFF,0xFF,0xFF,0x80,0x07,0xFF,0xFF,0xFF,0xFF,0xFF,0xFE,0x00,0x3F,0xFF,0xFF,
  0xFF,0xFF,0xFF,0xF8,0x01,0xFF,0xFF,0xFF,0xFF,0xFF,0xFF,0xE0,0x0F,0xFF,0xFF,0xFF,0xFF,0xFF,0xFF,0x00,0x7F,0xFF,0xFC,0x00,
  0x01,0xFF,0xFC,0x03,0xFF,0xFF,0xE0,0x00,0x03,0xFF,0xE0,0x1F,0xFF,0xFF,0x00,0x00,0x07,0xFF,0x00,0xFF,0xFF,0xF8,0x00,0x00,
  0x3F,0xFC,0x07,0xFF,0xFF,0xC0,0x00,0x00,0xFF,0xE0,0x3F,0xFF,0xFE,0x00,0x00,0x07,0xFF,0x01,0xFF,0xFF,0xF0,0x00,0x00,0x3F,
  0xF8,0x0F,0xFF,0xFF,0x80,0x00,0x01,0xFF,0xC0,0x7F,0xFF,0xFC,0x00,0x00,0x0F,0xFE,0x03,0xFF,0xFF,0xE0,0x00,0x00,0x7F,0xF0,
  0x1F,0xFF,0xFF,0x00,0x00,0x07,0xFF,0x00,0xFF,0xFF,0xF8,0x00,0x00,0x3F,0xF8,0x07,0xFF,0xFF,0xC0,0x00,0x07,0xFF,0xC0,0x3F,
  0xFF,0xFE,0x00,0x01,0xFF,0xFC,0x01,0xFF,0xFF,0xFF,0xFF,0xFF,0xFF,0xE0,0x0F,0xFF,0xFF,0xFF,0xFF,0xFF,0xFE,0x00,0x7F,0xFF,
  0xFF,0xFF,0xFF,0xFF,0xE0,0x03,0xFF,0xFF,0xFF,0xFF,0xFF,0xFE,0x00,0x1F,0xFF,0xFF,0xFF,0xFF,0xFF,0xE0,0x00,0xFF,0xFF,0xFF,
  0xFF,0xFF,0xFE,0x00,0x07,0xFF,0xFF,0xFF,0xFF,0xFF,0x80,0x00,0x3F,0xFF,0xFF,0xFF,0xFF,0xE0,0x00,0x01,0xFF,0xC0,0xFF,0xC0,
  0x00,0x00,0x00,0x0F,0xFC,0x00,0x00,0x00,0x00,0xFF,0xC0,0x00,0x00,0x00,0x0F,0xFC,0x00,0x00,0x00,0x00,0xFF,0xC0,0x00,0x00,
  0x00,0x0F,0xFC,0x00,0x00,0x00,0x00,0xFF,0xC0,0x00,0x00,0x00,0x0F,0xFC,0x00,0x00,0x00,0x00,0xFF,0xC0,0x00,0x00,0x00,0x0F,
  0xFC,0x00,0x00,0x00,0x00,0xFF,0xC0,0x00,0x00,0x00,0x0F,0xFC,0x00,0x00,0x00,0x00,0xFF,0xC0,0x00,0x00,0x00,0x0F,0xFC,0x00,
  0x00,0x00,0x00,0xFF,0xC0,0x00,0x00,0x00,0x0F,0xFC,0x00,0x00,0x00,0x00,0xFF,0xC0,0x00,0x00,0x00,0x0F,0xFC,0x00,0x00,0x00,
  0x00,0xFF,0xC0,0x00,0x00,0x00,0x0F,0xFC,0x00,0x00,0x00,0x00,0xFF,0xFF,0xFF,0xFF,0x00,0x0F,0xFF,0xFF,0xFF,0xFF,0x00,0xFF,
  0xFF,0xFF,0xFF,0xFC,0x0F,0xFF,0xFF,0xFF,0xFF,0xE0,0xFF,0xFF,0xFF,0xFF,0xFF,0x0F,0xFF,0xFF,0xFF,0xFF,0xF8,0xFF,0xFF,0xFF,
  0xFF,0xFF,0xCF,0xFF,0xFF,0xFF,0xFF,0xFE,0xFF,0xC0,0x00,0x0F,0xFF,0xEF,0xFC,0x00,0x00,0x1F,0xFE,0xFF,0xC0,0x00,0x00,0xFF,
  0xFF,0xFC,0x00,0x00,0x07,0xFF,0xFF,0xC0,0x00,0x00,0x7F,0xFF,0xFC,0x00,0x00,0x07,0xFF,0xFF,0xC0,0x00,0x00,0x3F,0xFF,0xFC,
  0x00,0x00,0x03,0xFF,0xFF,0xC0,0x00,0x00,0x7F,0xFF,0xFC,0x00,0x00,0x07,0xFF,0xFF,0xC0,0x00,0x00,0x7F,0xFF,0xFC,0x00,0x00,
  0x0F,0xFF,0xFF,0xC0,0x00,0x01,0xFF,0xEF,0xFC,0x00,0x00,0xFF,0xFE,0xFF,0xFF,0xFF,0xFF,0xFF,0xCF,0xFF,0xFF,0xFF,0xFF,0xFC,
  0xFF,0xFF,0xFF,0xFF,0xFF,0x8F,0xFF,0xFF,0xFF,0xFF,0xF0,0xFF,0xFF,0xFF,0xFF,0xFC,0x0F,0xFF,0xFF,0xFF,0xFF,0x80,0xFF,0xFF,
  0xFF,0xFF,0xE0,0x0F,0xFF,0xFF,0xFF,0xF0,0x00,0x00,0x00,0xFF,0xF0,0x00,0x00,0x00,0x3F,0xFF,0xFC,0x00,0x00,0x03,0xFF,0xFF,
  0xFE,0x00,0x00,0x3F,0xFF,0xFF,0xFC,0x00,0x01,0xFF,0xFF,0xFF,0xFC,0x00,0x1F,0xFF,0xFF,0xFF,0xF8,0x00,0x7F,0xFF,0xFF,0xFF,
  0xF0,0x03,0xFF,0xFF,0xFF,0xFF,0xE0,0x1F,0xFF,0xE0,0x7F,0xFF,0xC0,0xFF,0xFC,0x00,0x3F,0xFF,0x03,0xFF,0xC0,0x00,0x3F,0xFE,
  0x1F,0xFC,0x00,0x00,0x7F,0xF8,0x7F,0xF0,0x00,0x00,0xFF,0xF1,0xFF,0x80,0x00,0x01,0xFF,0xC0,0xFC,0x00,0x00,0x03,0xFF,0x80,
  0x70,0x00,0x00,0x0F,0xFE,0x00,0x00,0x00,0x00,0x3F,0xF8,0x00,0x00,0x00,0x00,0x7F,0xF0,0x00,0x00,0x00,0x01,0xFF,0xC0,0x00,
  0x00,0x00,0x07,0xFF,0x00,0x00,0x00,0x00,0x1F,0xFC,0x00,0x00,0x00,0x00,0x7F,0xF0,0x00,0x0F,0xFF,0xFF,0xFF,0xC0,0x00,0x3F,
  0xFF,0xFF,0xFF,0x00,0x00,0xFF,0xFF,0xFF,0xFC,0x00,0x03,0xFF,0xFF,0xFF,0xF0,0x00,0x0F,0xFF,0xFF,0xFF,0xC0,0x00,0x3F,0xFF,
  0xFF,0xFF,0x00,0x00,0xFF,0xFF,0xFF,0xFC,0x00,0x03,0xFF,0xFF,0xFF,0xF0,0x00,0x00,0x00,0x00,0xFF,0xC0,0x00,0x00,0x00,0x07,
  0xFF,0x00,0x00,0x00,0x00,0x1F,0xFC,0x00,0x00,0x00,0x00,0x7F,0xF0,0x18,0x00,0x00,0x01,0xFF,0x81,0xE0,0x00,0x00,0x0F,0xFE,
  0x3F,0xC0,0x00,0x00,0x3F,0xFB,0xFF,0x80,0x00,0x00,0xFF,0xCF,0xFE,0x00,0x00,0x07,0xFF,0x1F,0xFC,0x00,0x00,0x3F,0xFC,0x7F,
  0xF8,0x00,0x01,0xFF,0xE0,0xFF,0xF0,0x00,0x0F,0xFF,0x83,0xFF,0xF0,0x00,0xFF,0xFC,0x07,0xFF,0xF8,0x1F,0xFF,0xE0,0x0F,0xFF,
  0xFF,0xFF,0xFF,0x00,0x1F,0xFF,0xFF,0xFF,0xF8,0x00,0x3F,0xFF,0xFF,0xFF,0xC0,0x00,0x7F,0xFF,0xFF,0xFE,0x00,0x00,0xFF,0xFF,
  0xFF,0xF0,0x00,0x00,0xFF,0xFF,0xFF,0x00,0x00,0x00,0xFF,0xFF,0xF0,0x00,0x00,0x00,0x3F,0xFC,0x00,0x00,0x00,0x00,0x00,0x00,
  0x07,0xFF,0x80,0x00,0x3F,0xF0,0x00,0x00,0x0F,0xFF,0xFC,0x00,0x0F,0xFC,0x00,0x00,0x0F,0xFF,0xFF,0xE0,0x03,0xFF,0x00,0x00,
  0x0F,0xFF,0xFF,0xFC,0x00,0xFF,0xC0,0x00,0x0F,0xFF,0xFF,0xFF,0xC0,0x3F,0xF0,0x00,0x07,0xFF,0xFF,0xFF,0xF8,0x0F,0xFC,0x00,
  0x03,0xFF,0xFF,0xFF,0xFF,0x03,0xFF,0x00,0x01,0xFF,0xFF,0xFF,0xFF,0xE0,0xFF,0xC0,0x00,0x7F,0xFF,0x03,0xFF,0xF8,0x3F,0xF0,
  0x00,0x3F,0xFE,0x00,0x1F,0xFF,0x0F,0xFC,0x00,0x1F,0xFF,0x00,0x03,0xFF,0xE3,0xFF,0x00,0x07,0xFF,0x80,0x00,0x7F,0xF8,0xFF,
  0xC0,0x03,0xFF,0xC0,0x00,0x0F,0xFF,0x3F,0xF0,0x00,0xFF,0xE0,0x00,0x01,0xFF,0xCF,0xFC,0x00,0x3F,0xF8,0x00,0x00,0x7F,0xFB,
  0xFF,0x00,0x1F,0xFC,0x00,0x00,0x0F,0xFE,0xFF,0xC0,0x07,0xFF,0x00,0x00,0x03,0xFF,0xBF,0xF0,0x01,0xFF,0x80,0x00,0x00,0xFF,
  0xEF,0xFC,0x00,0xFF,0xE0,0x00,0x00,0x1F,0xFF,0xFF,0x00,0x3F,0xF8,0x00,0x00,0x07,0xFF,0xFF,0xC0,0x0F,0xFE,0x00,0x00,0x01,
  0xFF,0xFF,0xFF,0xFF,0xFF,0x80,0x00,0x00,0x7F,0xFF,0xFF,0xFF,0xFF,0xE0,0x00,0x00,0x1F,0xFF,0xFF,0xFF,0xFF,0xF8,0x00,0x00,
  0x07,0xFF,0xFF,0xFF,0xFF,0xFC,0x00,0x00,0x00,0xFF,0xFF,0xFF,0xFF,0xFF,0x00,0x00,0x00,0x3F,0xFF,0xFF,0xFF,0xFF,0xC0,0x00,
  0x00,0x0F,0xFF,0xFF,0xFF,0xFF,0xF0,0x00,0x00,0x03,0xFF,0xFF,0xFF,0xFF,0xFE,0x00,0x00,0x01,0xFF,0xFF,0xFF,0xFF,0xFF,0x80,
  0x00,0x00,0x7F,0xFF,0xFC,0x00,0xFF,0xE0,0x00,0x00,0x1F,0xFF,0xFF,0x00,0x3F,0xF8,0x00,0x00,0x07,0xFF,0xFF,0xC0,0x0F,0xFE,
  0x00,0x00,0x01,0xFF,0xFF,0xF0,0x01,0xFF,0x80,0x00,0x00,0x7F,0xFF,0xFC,0x00,0x7F,0xF0,0x00,0x00,0x3F,0xFB,0xFF,0x00,0x1F,
  0xFC,0x00,0x00,0x0F,0xFE,0xFF,0xC0,0x07,0xFF,0x00,0x00,0x03,0xFF,0xBF,0xF0,0x00,0xFF,0xE0,0x00,0x01,0xFF,0xCF,0xFC,0x00,
  0x3F,0xF8,0x00,0x00,0x7F,0xF3,0xFF,0x00,0x0F,0xFF,0x00,0x00,0x3F,0xFC,0xFF,0xC0,0x01,0xFF,0xE0,0x00,0x1F,0xFE,0x3F,0xF0,
  0x00,0x7F,0xFC,0x00,0x0F,0xFF,0x0F,0xFC,0x00,0x0F,0xFF,0xC0,0x07,0xFF,0xC3,0xFF,0x00,0x01,0xFF,0xFC,0x0F,0xFF,0xE0,0xFF,
  0xC0,0x00,0x3F,0xFF,0xFF,0xFF,0xF0,0x3F,0xF0,0x00,0x0F,0xFF,0xFF,0xFF,0xF8,0x0F,0xFC,0x00,0x01,0xFF,0xFF,0xFF,0xFC,0x03,
  0xFF,0x00,0x00,0x1F,0xFF,0xFF,0xFE,0x00,0xFF,0xC0,0x00,0x03,0xFF,0xFF,0xFF,0x00,0x3F,0xF0,0x00,0x00,0x3F,0xFF,0xFF,0x00,
  0x0F,0xFC,0x00,0x00,0x03,0xFF,0xFF,0x00,0x00,0x00,0x00,0x00,0x00,0x1F,0xFC,0x00,0x00,0x00,0x01,0xFF,0xFF,0xFF,0xFC,0x00,
  0x3F,0xFF,0xFF,0xFF,0xF0,0x03,0xFF,0xFF,0xFF,0xFF,0xC0,0x3F,0xFF,0xFF,0xFF,0xFF,0x01,0xFF,0xFF,0xFF,0xFF,0xFC,0x0F,0xFF,
  0xFF,0xFF,0xFF,0xF0,0x7F,0xFF,0xFF,0xFF,0xFF,0xC3,0xFF,0xFF,0xFF,0xFF,0xFF,0x0F,0xFF,0xE0,0x00,0x1F,0xFC,0x7F,0xFC,0x00,
  0x00,0x7F,0xF1,0xFF,0xE0,0x00,0x01,0xFF,0xC7,0xFF,0x00,0x00,0x07,0xFF,0x1F,0xFC,0x00,0x00,0x1F,0xFC,0x7F,0xE0,0x00,0x00,
  0x7F,0xF1,0xFF,0x80,0x00,0x01,0xFF,0xC7,0xFE,0x00,0x00,0x07,0xFF,0x1F,0xF8,0x00,0x00,0x1F,0xFC,0x7F,0xE0,0x00,0x00,0x7F,
  0xF1,0xFF,0xC0,0x00,0x01,0xFF,0xC7,0xFF,0x00,0x00,0x07,0xFF,0x0F,0xFE,0x00,0x00,0x1F,0xFC,0x3F,0xFC,0x00,0x00,0x7F,0xF0,
  0x7F,0xFE,0x00,0x01,0xFF,0xC1,0xFF,0xFF,0xFF,0xFF,0xFF,0x03,0xFF,0xFF,0xFF,0xFF,0xFC,0x07,0xFF,0xFF,0xFF,0xFF,0xF0,0x0F,
  0xFF,0xFF,0xFF,0xFF,0xC0,0x0F,0xFF,0xFF,0xFF,0xFF,0x00,0x0F,0xFF,0xFF,0xFF,0xFC,0x00,0x1F,0xFF,0xFF,0xFF,0xF0,0x00,0x7F,
  0xFF,0xFF,0xFF,0xC0,0x03,0xFF,0x80,0x07,0xFF,0x00,0x1F,0xFE,0x00,0x1F,0xFC,0x00,0x7F,0xF0,0x00,0x7F,0xF0,0x03,0xFF,0x80,
  0x01,0xFF,0xC0,0x1F,0xFE,0x00,0x07,0xFF,0x00,0x7F,0xF0,0x00,0x1F,0xFC,0x03,0xFF,0xC0,0x00,0x7F,0xF0,0x0F,0xFE,0x00,0x01,
  0xFF,0xC0,0x7F,0xF0,0x00,0x07,0xFF,0x03,0xFF,0xC0,0x00,0x1F,0xFC,0x0F,0xFE,0x00,0x00,0x7F,0xF0,0x7F,0xF8,0x00,0x01,0xFF,
  0xC3,0xFF,0xC0,0x00,0x07,0xFF,0x0F,0xFE,0x00,0x00,0x1F,0xFC,0x7F,0xF8,0x00,0x00,0x7F,0xF3,0xFF,0xC0,0x00,0x01,0xFF,0xCF,
  0xFE,0x00,0x00,0x07,0xFF,0x7F,0xF8,0x00,0x00,0x1F,0xFF,0xFF,0xC0,0x00,0x00,0x7F,0xF0,0x00,0x07,0xFE,0x00,0x00,0x00,0xFF,
  0xFF,0x80,0x00,0x07,0xFF,0xFF,0xC0,0x00,0x1F,0xFF,0xFF,0xC0,0x00,0x7F,0xFF,0xFF,0xC0,0x01,0xFF,0xFF,0xFF,0xC0,0x07,0xFF,
  0xEF,0xFF,0xC0,0x0F,0xFE,0x03,0xFF,0x80,0x1F,0xF8,0x03,0xFF,0x00,0x7F,0xF0,0x03,0xFF,0x00,0xFF,0xC0,0x07,0xFE,0x00,0x3F,
  0x80,0x0F,0xFC,0x00,0x00,0x00,0x1F,0xF8,0x00,0x00,0x00,0x3F,0xF0,0x00,0x00,0x00,0x7F,0xE0,0x00,0x00,0x00,0xFF,0xC0,0x00,
  0x3F,0xFF,0xFF,0x80,0x03,0xFF,0xFF,0xFF,0x00,0x1F,0xFF,0xFF,0xFE,0x00,0x7F,0xFF,0xFF,0xFC,0x01,0xFF,0xFF,0xFF,0xF8,0x07,
  0xFF,0xF0,0x3F,0xF0,0x1F,0xFE,0x00,0x7F,0xE0,0x3F,0xF8,0x00,0xFF,0xC0,0x7F,0xE0,0x01,0xFF,0x81,0xFF,0xC0,0x03,0xFF,0x03,
  0xFF,0x80,0x07,0xFE,0x07,0xFE,0x00,0x1F,0xFC,0x0F,0xFE,0x00,0x3F,0xF8,0x1F,0xFC,0x00,0xFF,0xF0,0x3F,0xF8,0x01,0xFF,0xE0,
  0x7F,0xF8,0x0F,0xFF,0xE0,0x7F,0xF8,0x3F,0xFF,0xC0,0xFF,0xFF,0xFE,0xFF,0xE9,0xFF,0xFF,0xF9,0xFF,0xF9,0xFF,0xFF,0xE3,0xFF,
  0xF1,0xFF,0xFF,0x83,0xFF,0xE1,0xFF,0xFE,0x07,0xFF,0xC1,0xFF,0xF8,0x07,0xFF,0x80,0x7F,0x80,0x01,0xF8,0x00,0x00,0x00,0x00,
  0xF8,0x00,0x00,0x00,0xFF,0xF0,0x00,0x00,0x7F,0xFF,0xE0,0x00,0x07,0xFF,0xFF,0xC0,0x00,0x7F,0xFF,0xFF,0x80,0x03,0xFF,0xFF,
  0xFF,0x00,0x1F,0xFF,0xFF,0xFE,0x00,0x7F,0xFF,0xFF,0xFC,0x01,0xFF,0xFF,0xFF,0xF0,0x07,0xFF,0xFF,0xE0,0x00,0x1F,0xFF,0xE0,
  0x00,0x00,0x7F,0xFC,0x00,0x00,0x00,0xFF,0xC0,0x00,0x00,0x03,0xFE,0x00,0x00,0x00,0x07,0xF0,0x00,0x00,0x00,0x1F,0xC0,0x00,
  0x00,0x00,0x3F,0x80,0x00,0x00,0x00,0x7E,0x00,0xFF,0xC0,0x01,0xFC,0x0F,0xFF,0xF0,0x03,0xF0,0x7F,0xFF,0xF8,0x07,0xE1,0xFF,
  0xFF,0xF8,0x0F,0xC7,0xFF,0xFF,0xFC,0x1F,0x9F,0xFF,0xFF,0xF8,0x3F,0x7F,0xFF,0xFF,0xF8,0xFC,0xFF,0x00,0xFF,0xF9,0xFB,0xF8,
  0x00,0xFF,0xF3,0xFF,0xE0,0x00,0xFF,0xE7,0xFF,0x80,0x00,0xFF,0xEF,0xFF,0x00,0x01,0xFF,0xDF,0xFE,0x00,0x01,0xFF,0xBF,0xF8,
  0x00,0x03,0xFF,0x7F,0xF0,0x00,0x07,0xFF,0xFF,0xE0,0x00,0x0F,0xFF,0xFF,0xC0,0x00,0x1F,0xFF,0xFF,0x80,0x00,0x3F,0xFB,0xFF,
  0x00,0x00,0x7F,0xF7,0xFE,0x00,0x00,0xFF,0xEF,0xFC,0x00,0x01,0xFF,0xDF,0xF8,0x00,0x03,0xFF,0x3F,0xF0,0x00,0x07,0xFE,0x7F,
  0xE0,0x00,0x0F,0xFC,0x7F,0xE0,0x00,0x3F,0xF8,0xFF,0xC0,0x00,0x7F,0xF0,0xFF,0xC0,0x01,0xFF,0xC1,0xFF,0xC0,0x07,0xFF,0x81,
  0xFF,0xE0,0x3F,0xFE,0x03,0xFF,0xFF,0xFF,0xFC,0x03,0xFF,0xFF,0xFF,0xF0,0x03,0xFF,0xFF,0xFF,0xC0,0x03,0xFF,0xFF,0xFF,0x00,
  0x01,0xFF,0xFF,0xF8,0x00,0x01,0xFF,0xFF,0xC0,0x00,0x00,0x3F,0xF8,0x00,0x00,0xFF,0xFF,0xFF,0xC0,0x0F,0xFF,0xFF,0xFF,0xC0,
  0xFF,0xFF,0xFF,0xFF,0x0F,0xFF,0xFF,0xFF,0xF8,0xFF,0xFF,0xFF,0xFF,0xCF,0xFF,0xFF,0xFF,0xFE,0xFF,0xC0,0x07,0xFF,0xEF,0xFC,
  0x00,0x0F,0xFE,0xFF,0xC0,0x00,0x7F,0xEF,0xFC,0x00,0x07,0xFE,0xFF,0xC0,0x00,0x7F,0xEF,0xFC,0x00,0x07,0xFE,0xFF,0xC0,0x00,
  0x7F,0xEF,0xFC,0x00,0x0F,0xFC,0xFF,0xC0,0x03,0xFF,0x8F,0xFF,0xFF,0xFF,0xF0,0xFF,0xFF,0xFF,0xFE,0x0F,0xFF,0xFF,0xFF,0x00,
  0xFF,0xFF,0xFF,0xFC,0x0F,0xFF,0xFF,0xFF,0xF0,0xFF,0xFF,0xFF,0xFF,0xCF,0xFC,0x00,0x3F,0xFE,0xFF,0xC0,0x00,0xFF,0xEF,0xFC,
  0x00,0x07,0xFF,0xFF,0xC0,0x00,0x3F,0xFF,0xFC,0x00,0x03,0xFF,0xFF,0xC0,0x00,0x3F,0xFF,0xFC,0x00,0x03,0xFF,0xFF,0xC0,0x00,
  0x3F,0xFF,0xFC,0x00,0x07,0xFF,0xFF,0xC0,0x00,0xFF,0xFF,0xFC,0x00,0x3F,0xFF,0xFF,0xFF,0xFF,0xFF,0xEF,0xFF,0xFF,0xFF,0xFC,
  0xFF,0xFF,0xFF,0xFF,0x8F,0xFF,0xFF,0xFF,0xF0,0xFF,0xFF,0xFF,0xFC,0x0F,0xFF,0xFF,0xFC,0x00,0xFF,0xFF,0xFF,0xFF,0xFF,0xFF,
  0xFF,0xFF,0xFF,0xFF,0xFF,0xFF,0xFF,0xFF,0xFF,0xFF,0xFF,0xFF,0xFF,0xFF,0xFF,0xE0,0x00,0xFF,0xC0,0x01,0xFF,0x80,0x03,0xFF,
  0x00,0x07,0xFE,0x00,0x0F,0xFC,0x00,0x1F,0xF8,0x00,0x3F,0xF0,0x00,0x7F,0xE0,0x00,0xFF,0xC0,0x01,0xFF,0x80,0x03,0xFF,0x00,
  0x07,0xFE,0x00,0x0F,0xFC,0x00,0x1F,0xF8,0x00,0x3F,0xF0,0x00,0x7F,0xE0,0x00,0xFF,0xC0,0x01,0xFF,0x80,0x03,0xFF,0x00,0x07,
  0xFE,0x00,0x0F,0xFC,0x00,0x1F,0xF8,0x00,0x3F,0xF0,0x00,0x7F,0xE0,0x00,0xFF,0xC0,0x01,0xFF,0x80,0x03,0xFF,0x00,0x07,0xFE,
  0x00,0x0F,0xFC,0x00,0x1F,0xF8,0x00,0x00,0x00,0x07,0xFF,0xFF,0xFE,0x00,0x00,0xFF,0xFF,0xFF,0xE0,0x00,0x0F,0xFF,0xFF,0xFE,
  0x00,0x00,0xFF,0xFF,0xFF,0xE0,0x00,0x0F,0xFF,0xFF,0xFE,0x00,0x00,0xFF,0xFF,0xFF,0xE0,0x00,0x0F,0xFF,0xFF,0xFE,0x00,0x00,
  0xFF,0x80,0x7F,0xE0,0x00,0x1F,0xF8,0x07,0xFE,0x00,0x01,0xFF,0x80,0x7F,0xE0,0x00,0x1F,0xF8,0x07,0xFE,0x00,0x01,0xFF,0x00,
  0x7F,0xE0,0x00,0x1F,0xF0,0x07,0xFE,0x00,0x01,0xFF,0x00,0x7F,0xE0,0x00,0x3F,0xF0,0x07,0xFE,0x00,0x03,0xFF,0x00,0x7F,0xE0,
  0x00,0x3F,0xF0,0x07,0xFE,0x00,0x03,0xFE,0x00,0x7F,0xE0,0x00,0x3F,0xE0,0x07,0xFE,0x00,0x07,0xFE,0x00,0x7F,0xE0,0x00,0x7F,
  0xE0,0x07,0xFE,0x00,0x07,0xFE,0x00,0x7F,0xE0,0x00,0xFF,0xC0,0x07,0xFE,0x00,0x0F,0xFC,0x00,0x7F,0xE0,0x00,0xFF,0xC0,0x07,
  0xFE,0x00,0x0F,0xF8,0x00,0x7F,0xE0,0x01,0xFF,0x80,0x07,0xFE,0x00,0x1F,0xF8,0x00,0x7F,0xE0,0x03,0xFF,0x00,0x07,0xFE,0x00,
  0x3F,0xF0,0x00,0x7F,0xE0,0x07,0xFF,0x00,0x07,0xFE,0x07,0xFF,0xFF,0xFF,0xFF,0xFF,0xFF,0xFF,0xFF,0xFF,0xFF,0xFF,0xFF,0xFF,
  0xFF,0xFF,0xFF,0xFF,0xFF,0xFF,0xFF,0xFF,0xFF,0xFF,0xFF,0xFF,0xFF,0xFF,0xFF,0xFF,0xFF,0xFF,0xFF,0xFF,0xFF,0xFF,0xFF,0xFF,
  0xFF,0xFF,0x80,0x00,0x00,0x0F,0xFF,0xF8,0x00,0x00,0x00,0xFF,0xFF,0x80,0x00,0x00,0x0F,0xFF,0xF8,0x00,0x00,0x00,0xFF,0xFF,
  0x80,0x00,0x00,0x0F,0xFF,0xF8,0x00,0x00,0x00,0xFF,0xFF,0x80,0x00,0x00,0x0F,0xFF,0xF8,0x00,0x00,0x00,0xFF,0xFF,0x80,0x00,
  0x00,0x0F,0xFF,0xF8,0x00,0x00,0x00,0xFF,0xFF,0x80,0x00,0x00,0x0F,0xFF,0xF8,0x00,0x00,0x00,0xFF,0xFF,0x80,0x00,0x00,0x0F,
  0xFF,0xF8,0x00,0x00,0x00,0xFF,0x00,0x07,0xFC,0x00,0x00,0x07,0xFF,0xF0,0x00,0x03,0xFF,0xFF,0x80,0x01,0xFF,0xFF,0xF8,0x00,
  0x7F,0xFF,0xFF,0x80,0x1F,0xFF,0xFF,0xF8,0x07,0xFF,0xC7,0xFF,0x80,0xFF,0xE0,0x3F,0xF8,0x3F,0xF8,0x01,0xFF,0x07,0xFE,0x00,
  0x3F,0xF1,0xFF,0x80,0x03,0xFE,0x3F,0xF0,0x00,0x7F,0xC7,0xFE,0x00,0x0F,0xFD,0xFF,0xC0,0x00,0xFF,0xBF,0xF0,0x00,0x1F,0xF7,
  0xFE,0x00,0x03,0xFE,0xFF,0xFF,0xFF,0xFF,0xDF,0xFF,0xFF,0xFF,0xFB,0xFF,0xFF,0xFF,0xFF,0xFF,0xFF,0xFF,0xFF,0xFF,0xFF,0xFF,
  0xFF,0xFF,0xFF,0xFF,0xFF,0xFF,0xFF,0xF0,0x00,0x00,0x07,0xFE,0x00,0x00,0x00,0xFF,0xC0,0x00,0x00,0x1F,0xFC,0x00,0x00,0x03,
  0xFF,0x80,0x00,0x00,0x3F,0xF0,0x00,0x00,0x07,0xFE,0x00,0x00,0x00,0xFF,0xE0,0x01,0xFC,0x0F,0xFC,0x00,0x3F,0xF1,0xFF,0xC0,
  0x0F,0xFC,0x1F,0xFE,0x03,0xFF,0x83,0xFF,0xFF,0xFF,0xE0,0x3F,0xFF,0xFF,0xF8,0x03,0xFF,0xFF,0xFE,0x00,0x3F,0xFF,0xFF,0x80,
  0x03,0xFF,0xFF,0xE0,0x00,0x1F,0xFF,0xF0,0x00,0x00,0x7F,0xF0,0x00,0xFF,0xC0,0x07,0xFC,0x00,0x7F,0xEF,0xF8,0x00,0xFF,0x80,
  0x0F,0xFD,0xFF,0x80,0x1F,0xF0,0x03,0xFF,0x1F,0xF0,0x03,0xFE,0x00,0x7F,0xC3,0xFF,0x00,0x7F,0xC0,0x1F,0xF8,0x3F,0xE0,0x0F,
  0xF8,0x03,0xFE,0x07,0xFE,0x01,0xFF,0x00,0xFF,0xC0,0x7F,0xC0,0x3F,0xE0,0x1F,0xF0,0x07,0xFC,0x07,0xFC,0x07,0xFE,0x00,0xFF,
  0x80,0xFF,0x80,0xFF,0x80,0x0F,0xF8,0x1F,0xF0,0x3F,0xE0,0x01,0xFF,0x83,0xFE,0x0F,0xFC,0x00,0x1F,0xF0,0x7F,0xC1,0xFF,0x00,
  0x03,0xFF,0x0F,0xF8,0x7F,0xE0,0x00,0x3F,0xF1,0xFF,0x1F,0xF8,0x00,0x03,0xFE,0x3F,0xE3,0xFF,0x00,0x00,0x7F,0xFF,0xFF,0xFF,
  0xC0,0x00,0x07,0xFF,0xFF,0xFF,0xF0,0x00,0x00,0xFF,0xFF,0xFF,0xFE,0x00,0x00,0x1F,0xFF,0xFF,0xFF,0xC0,0x00,0x07,0xFF,0xFF,
  0xFF,0xFC,0x00,0x00,0xFF,0xFF,0xFF,0xFF,0xC0,0x00,0x3F,0xE1,0xFF,0x0F,0xF8,0x00,0x0F,0xFC,0x3F,0xE1,0xFF,0x80,0x01,0xFF,
  0x07,0xFC,0x1F,0xF0,0x00,0x7F,0xE0,0xFF,0x83,0xFF,0x00,0x0F,0xF8,0x1F,0xF0,0x3F,0xE0,0x03,0xFF,0x03,0xFE,0x07,0xFE,0x00,
  0x7F,0xC0,0x7F,0xC0,0x7F,0xC0,0x1F,0xF8,0x0F,0xF8,0x0F,0xFC,0x03,0xFE,0x01,0xFF,0x00,0xFF,0xC0,0xFF,0xC0,0x3F,0xE0,0x1F,
  0xF8,0x3F,0xF8,0x07,0xFC,0x01,0xFF,0x87,0xFE,0x00,0xFF,0x80,0x3F,0xF1,0xFF,0xC0,0x1F,0xF0,0x07,0xFF,0x3F,0xF0,0x03,0xFE,
  0x00,0x7F,0xEF,0xFE,0x00,0x7F,0xC0,0x0F,0xFF,0xFF,0x80,0x0F,0xF8,0x00,0xFF,0xC0,0x00,0x1F,0xF8,0x00,0x01,0xFF,0xFE,0x00,
  0x0F,0xFF,0xFF,0x00,0x7F,0xFF,0xFF,0x01,0xFF,0xFF,0xFF,0x03,0xFF,0xFF,0xFF,0x0F,0xFF,0x1F,0xFF,0x3F,0xF0,0x0F,0xFE,0x7F,
  0xC0,0x0F,0xFC,0xFF,0x80,0x0F,0xF8,0x7E,0x00,0x1F,0xF0,0x00,0x00,0x3F,0xE0,0x00,0x00,0xFF,0xC0,0x00,0x01,0xFF,0x00,0x00,
  0x07,0xFE,0x00,0x00,0x7F,0xF8,0x00,0x1F,0xFF,0xE0,0x00,0x3F,0xFF,0x80,0x00,0x7F,0xF8,0x00,0x00,0xFF,0xF8,0x00,0x01,0xFF,
  0xFE,0x00,0x03,0xFF,0xFE,0x00,0x00,0xFF,0xFE,0x00,0x00,0x1F,0xFE,0x00,0x00,0x0F,0xFE,0x00,0x00,0x0F,0xFC,0x00,0x00,0x1F,
  0xF8,0x00,0x00,0x3F,0xF0,0x78,0x00,0x7F,0xFF,0xF0,0x00,0xFF,0xFF,0xF0,0x01,0xFF,0xBF,0xE0,0x07,0xFF,0x7F,0xF0,0x1F,0xFE,
  0x7F,0xFF,0xFF,0xF8,0xFF,0xFF,0xFF,0xF0,0xFF,0xFF,0xFF,0xC0,0xFF,0xFF,0xFF,0x00,0xFF,0xFF,0xF8,0x00,0x7F,0xFF,0xC0,0x00,
  0x1F,0xFC,0x00,0xFF,0x80,0x00,0xFF,0xFF,0xE0,0x00,0x7F,0xFF,0xF8,0x00,0x1F,0xFF,0xFE,0x00,0x0F,0xFF,0xFF,0x80,0x03,0xFF,
  0xFF,0xE0,0x01,0xFF,0xFF,0xF8,0x00,0xFF,0xFF,0xFE,0x00,0x3F,0xFF,0xFF,0x80,0x1F,0xFF,0xFF,0xE0,0x07,0xFF,0xFF,0xF8,0x03,
  0xFF,0xFF,0xFE,0x00,0xFF,0xFF,0xFF,0x80,0x7F,0xFF,0xFF,0xE0,0x3F,0xDF,0xFF,0xF8,0x0F,0xF7,0xFF,0xFE,0x07,0xF9,0xFF,0xFF,
  0x81,0xFE,0x7F,0xFF,0xE0,0xFF,0x1F,0xFF,0xF8,0x7F,0xC7,0xFF,0xFE,0x1F,0xE1,0xFF,0xFF,0x8F,0xF0,0x7F,0xFF,0xE3,0xFC,0x1F,
  0xFF,0xF9,0xFE,0x07,0xFF,0xFE,0x7F,0x81,0xFF,0xFF,0xBF,0xC0,0x7F,0xFF,0xFF,0xF0,0x1F,0xFF,0xFF,0xF8,0x07,0xFF,0xFF,0xFE,
  0x01,0xFF,0xFF,0xFF,0x00,0x7F,0xFF,0xFF,0x80,0x1F,0xFF,0xFF,0xE0,0x07,0xFF,0xFF,0xF0,0x01,0xFF,0xFF,0xFC,0x00,0x7F,0xFF,
  0xFE,0x00,0x1F,0xFF,0xFF,0x80,0x07,0xFF,0xFF,0xC0,0x01,0xFF,0xFF,0xE0,0x00,0x7F,0xFF,0xF8,0x00,0x1F,0xF0,0x1F,0xE0,0x00,
  0xFF,0x07,0xF8,0x00,0x3F,0xC1,0xFE,0x00,0x1F,0xF0,0x3F,0xC0,0x07,0xF8,0x0F,0xF0,0x01,0xFE,0x03,0xFE,0x00,0xFF,0x80,0x7F,
  0xE0,0xFF,0xC0,0x1F,0xFF,0xFF,0xF0,0x03,0xFF,0xFF,0xF8,0x00,0x7F,0xFF,0xF8,0x00,0x07,0xFF,0xFC,0x00,0x00,0x3F,0xF8,0x00,
  0x00,0x00,0x00,0x00,0x00,0x00,0x00,0x00,0x00,0x00,0x00,0x00,0x00,0x00,0x00,0x00,0x00,0xFF,0x80,0x00,0xFF,0xFF,0xE0,0x00,
  0x7F,0xFF,0xF8,0x00,0x1F,0xFF,0xFE,0x00,0x0F,0xFF,0xFF,0x80,0x03,0xFF,0xFF,0xE0,0x01,0xFF,0xFF,0xF8,0x00,0xFF,0xFF,0xFE,
  0x00,0x3F,0xFF,0xFF,0x80,0x1F,0xFF,0xFF,0xE0,0x07,0xFF,0xFF,0xF8,0x03,0xFF,0xFF,0xFE,0x00,0xFF,0xFF,0xFF,0x80,0x7F,0xFF,
  0xFF,0xE0,0x3F,0xDF,0xFF,0xF8,0x0F,0xF7,0xFF,0xFE,0x07,0xF9,0xFF,0xFF,0x81,0xFE,0x7F,0xFF,0xE0,0xFF,0x1F,0xFF,0xF8,0x7F,
  0xC7,0xFF,0xFE,0x1F,0xE1,0xFF,0xFF,0x8F,0xF0,0x7F,0xFF,0xE3,0xFC,0x1F,0xFF,0xF9,0xFE,0x07,0xFF,0xFE,0x7F,0x81,0xFF,0xFF,
  0xBF,0xC0,0x7F,0xFF,0xFF,0xF0,0x1F,0xFF,0xFF,0xF8,0x07,0xFF,0xFF,0xFE,0x01,0xFF,0xFF,0xFF,0x00,0x7F,0xFF,0xFF,0x80,0x1F,
  0xFF,0xFF,0xE0,0x07,0xFF,0xFF,0xF0,0x01,0xFF,0xFF,0xFC,0x00,0x7F,0xFF,0xFE,0x00,0x1F,0xFF,0xFF,0x80,0x07,0xFF,0xFF,0xC0,
  0x01,0xFF,0xFF,0xE0,0x00,0x7F,0xFF,0xF8,0x00,0x1F,0xF0,0xFF,0xC0,0x07,0xFF,0xFF,0x80,0x1F,0xFB,0xFF,0x00,0x3F,0xE7,0xFE,
  0x00,0xFF,0xCF,0xFC,0x01,0xFF,0x1F,0xF8,0x07,0xFE,0x3F,0xF0,0x0F,0xF8,0x7F,0xE0,0x3F,0xF0,0xFF,0xC0,0x7F,0xC1,0xFF,0x81,
  0xFF,0x83,0xFF,0x03,0xFE,0x07,0xFE,0x0F,0xFC,0x0F,0xFC,0x1F,0xF0,0x1F,0xF8,0x7F,0xC0,0x3F,0xF1,0xFF,0x80,0x7F,0xE7,0xFE,
  0x00,0xFF,0xFF,0xF8,0x01,0xFF,0xFF,0xE0,0x03,0xFF,0xFF,0xC0,0x07,0xFF,0xFF,0xC0,0x0F,0xFF,0xFF,0x80,0x1F,0xFF,0xFF,0x80,
  0x3F,0xF1,0xFF,0x00,0x7F,0xE1,0xFF,0x00,0xFF,0xC3,0xFF,0x01,0xFF,0x83,0xFE,0x03,0xFF,0x07,0xFE,0x07,0xFE,0x07,0xFC,0x0F,
  0xFC,0x0F,0xFC,0x1F,0xF8,0x0F,0xF8,0x3F,0xF0,0x1F,0xF8,0x7F,0xE0,0x1F,0xF8,0xFF,0xC0,0x3F,0xF1,0xFF,0x80,0x3F,0xF3,0xFF,
  0x00,0x7F,0xE7,0xFE,0x00,0x7F,0xEF,0xFC,0x00,0xFF,0xDF,0xF8,0x00,0xFF,0xC0,0x00,0x3F,0xFF,0xFF,0xFF,0x00,0x3F,0xFF,0xFF,
  0xFF,0x00,0x3F,0xFF,0xFF,0xFF,0x00,0x3F,0xFF,0xFF,0xFF,0x00,0x3F,0xFF,0xFF,0xFF,0x00,0x3F,0xFF,0xFF,0xFF,0x00,0x3F,0xFF,
  0xFF,0xFF,0x00,0x3F,0xE0,0x03,0xFF,0x00,0x7F,0xE0,0x03,0xFF,0x00,0x7F,0xE0,0x03,0xFF,0x00,0x7F,0xC0,0x03,0xFF,0x00,0x7F,
  0xC0,0x03,0xFF,0x00,0x7F,0xC0,0x03,0xFF,0x00,0x7F,0xC0,0x03,0xFF,0x00,0x7F,0xC0,0x03,0xFF,0x00,0xFF,0xC0,0x03,0xFF,0x00,
  0xFF,0xC0,0x03,0xFF,0x00,0xFF,0x80,0x03,0xFF,0x00,0xFF,0x80,0x03,0xFF,0x00,0xFF,0x80,0x03,0xFF,0x00,0xFF,0x80,0x03,0xFF,
  0x01,0xFF,0x80,0x03,0xFF,0x01,0xFF,0x80,0x03,0xFF,0x01,0xFF,0x00,0x03,0xFF,0x01,0xFF,0x00,0x03,0xFF,0x01,0xFF,0x00,0x03,
  0xFF,0x03,0xFF,0x00,0x03,0xFF,0x03,0xFF,0x00,0x03,0xFF,0x03,0xFE,0x00,0x03,0xFF,0x07,0xFE,0x00,0x03,0xFF,0x07,0xFE,0x00,
  0x03,0xFF,0x0F,0xFE,0x00,0x03,0xFF,0xFF,0xFC,0x00,0x03,0xFF,0xFF,0xFC,0x00,0x03,0xFF,0xFF,0xF8,0x00,0x03,0xFF,0xFF,0xF8,
  0x00,0x03,0xFF,0xFF,0xF0,0x00,0x03,0xFF,0xFF,0xE0,0x00,0x03,0xFF,0xFF,0x80,0x00,0x00,0x00,0xFF,0xF8,0x00,0x03,0xFF,0xFF,
  0xFF,0x80,0x00,0x7F,0xFF,0xFF,0xF0,0x00,0x0F,0xFF,0xFF,0xFE,0x00,0x03,0xFF,0xFF,0xFF,0xE0,0x00,0x7F,0xFF,0xFF,0xFC,0x00,
  0x0F,0xFF,0xFF,0xFF,0x80,0x03,0xFF,0xFF,0xFF,0xF8,0x00,0x7F,0xFF,0xFF,0xFF,0x00,0x0F,0xFF,0xFF,0xEF,0xE0,0x03,0xFF,0xFF,
  0xFD,0xFE,0x00,0x7F,0x7F,0xFF,0xDF,0xC0,0x0F,0xEF,0xFF,0xFB,0xF8,0x03,0xFD,0xFF,0xFF,0x7F,0x80,0x7F,0x3F,0xFF,0xEF,0xF0,
  0x0F,0xE7,0xFF,0xFC,0xFE,0x03,0xFC,0xFF,0xFF,0x9F,0xC0,0x7F,0x1F,0xFF,0xF3,0xFC,0x0F,0xE3,0xFF,0xFE,0x3F,0x81,0xFC,0x7F,
  0xFF,0xC7,0xF0,0x7F,0x0F,0xFF,0xF8,0xFF,0x0F,0xE1,0xFF,0xFF,0x0F,0xE1,0xFC,0x3F,0xFF,0xE1,0xFC,0x7F,0x07,0xFF,0xFC,0x3F,
  0xCF,0xE0,0xFF,0xFF,0x83,0xF9,0xFC,0x1F,0xFF,0xF0,0x7F,0x3F,0x83,0xFF,0xFE,0x0F,0xEF,0xE0,0x7F,0xFF,0xC0,0xFF,0xFC,0x0F,
  0xFF,0xF8,0x1F,0xFF,0x81,0xFF,0xFF,0x03,0xFF,0xE0,0x3F,0xFF,0xE0,0x3F,0xFC,0x07,0xFF,0xFC,0x07,0xFF,0x80,0xFF,0xFF,0x80,
  0xFF,0xE0,0x1F,0xFF,0xF0,0x0F,0xFC,0x03,0xFF,0xFE,0x01,0xFF,0x80,0x7F,0xFF,0xC0,0x3F,0xE0,0x0F,0xFF,0xF8,0x03,0xFC,0x01,
  0xFF,0xFF,0x00,0x7F,0x80,0x3F,0xC0,0xFF,0xC0,0x01,0xFF,0xFF,0xF0,0x00,0x7F,0xFF,0xFC,0x00,0x1F,0xFF,0xFF,0x00,0x07,0xFF,
  0xFF,0xC0,0x01,0xFF,0xFF,0xF0,0x00,0x7F,0xFF,0xFC,0x00,0x1F,0xFF,0xFF,0x00,0x07,0xFF,0xFF,0xC0,0x01,0xFF,0xFF,0xF0,0x00,
  0x7F,0xFF,0xFC,0x00,0x1F,0xFF,0xFF,0x00,0x07,0xFF,0xFF,0xC0,0x01,0xFF,0xFF,0xF0,0x00,0x7F,0xFF,0xFC,0x00,0x1F,0xFF,0xFF,
  0xFF,0xFF,0xFF,0xFF,0xFF,0xFF,0xFF,0xFF,0xFF,0xFF,0xFF,0xFF,0xFF,0xFF,0xFF,0xFF,0xFF,0xFF,0xFF,0xFF,0xFF,0xFF,0xFF,0xFF,
  0xFF,0xFF,0xFF,0xFF,0xFF,0xFC,0x00,0x1F,0xFF,0xFF,0x00,0x07,0xFF,0xFF,0xC0,0x01,0xFF,0xFF,0xF0,0x00,0x7F,0xFF,0xFC,0x00,
  0x1F,0xFF,0xFF,0x00,0x07,0xFF,0xFF,0xC0,0x01,0xFF,0xFF,0xF0,0x00,0x7F,0xFF,0xFC,0x00,0x1F,0xFF,0xFF,0x00,0x07,0xFF,0xFF,
  0xC0,0x01,0xFF,0xFF,0xF0,0x00,0x7F,0xFF,0xFC,0x00,0x1F,0xFF,0xFF,0x00,0x07,0xFF,0xFF,0xC0,0x01,0xFF,0xFF,0xF0,0x00,0x7F,
  0xF0,0x00,0x03,0xFF,0x80,0x00,0x00,0xFF,0xFF,0xC0,0x00,0x0F,0xFF,0xFF,0xC0,0x00,0x7F,0xFF,0xFF,0x80,0x03,0xFF,0xFF,0xFF,
  0x80,0x1F,0xFF,0xFF,0xFF,0x00,0xFF,0xFF,0xFF,0xFC,0x07,0xFF,0xC0,0x7F,0xF8,0x3F,0xFC,0x00,0xFF,0xF0,0xFF,0xE0,0x01,0xFF,
  0xC7,0xFF,0x00,0x03,0xFF,0x9F,0xFC,0x00,0x0F,0xFE,0x7F,0xE0,0x00,0x1F,0xFB,0xFF,0x80,0x00,0x7F,0xFF,0xFE,0x00,0x01,0xFF,
  0xFF,0xF8,0x00,0x07,0xFF,0xFF,0xC0,0x00,0x0F,0xFF,0xFF,0x00,0x00,0x3F,0xFF,0xFC,0x00,0x00,0xFF,0xFF,0xF0,0x00,0x03,0xFF,
  0xFF,0xC0,0x00,0x0F,0xFF,0xFF,0x00,0x00,0x3F,0xFF,0xFC,0x00,0x00,0xFF,0xFF,0xF0,0x00,0x03,0xFF,0xFF,0xE0,0x00,0x1F,0xFF,
  0xFF,0x80,0x00,0x7F,0xFF,0xFE,0x00,0x01,0xFF,0x9F,0xF8,0x00,0x07,0xFE,0x7F,0xF0,0x00,0x3F,0xF9,0xFF,0xC0,0x00,0xFF,0xC3,
  0xFF,0x80,0x07,0xFF,0x0F,0xFF,0x00,0x3F,0xF8,0x1F,0xFF,0x03,0xFF,0xE0,0x3F,0xFF,0xFF,0xFF,0x00,0x7F,0xFF,0xFF,0xF8,0x00,
  0xFF,0xFF,0xFF,0xC0,0x01,0xFF,0xFF,0xFE,0x00,0x03,0xFF,0xFF,0xE0,0x00,0x03,0xFF,0xFE,0x00,0x00,0x00,0xFF,0xC0,0x00,0xFF,
  0xFF,0xFF,0xFF,0xFF,0xFF,0xFF,0xFF,0xFF,0xFF,0xFF,0xFF,0xFF,0xFF,0xFF,0xFF,0xFF,0xFF,0xFF,0xFF,0xFF,0xFF,0xFF,0xFF,0xFF,
  0xFF,0xFF,0xFF,0xFF,0xFF,0xFF,0x00,0x07,0xFF,0xFF,0xC0,0x01,0xFF,0xFF,0xF0,0x00,0x7F,0xFF,0xFC,0x00,0x1F,0xFF,0xFF,0x00,
  0x07,0xFF,0xFF,0xC0,0x01,0xFF,0xFF,0xF0,0x00,0x7F,0xFF,0xFC,0x00,0x1F,0xFF,0xFF,0x00,0x07,0xFF,0xFF,0xC0,0x01,0xFF,0xFF,
  0xF0,0x00,0x7F,0xFF,0xFC,0x00,0x1F,0xFF,0xFF,0x00,0x07,0xFF,0xFF,0xC0,0x01,0xFF,0xFF,0xF0,0x00,0x7F,0xFF,0xFC,0x00,0x1F,
  0xFF,0xFF,0x00,0x07,0xFF,0xFF,0xC0,0x01,0xFF,0xFF,0xF0,0x00,0x7F,0xFF,0xFC,0x00,0x1F,0xFF,0xFF,0x00,0x07,0xFF,0xFF,0xC0,
  0x01,0xFF,0xFF,0xF0,0x00,0x7F,0xFF,0xFC,0x00,0x1F,0xFF,0xFF,0x00,0x07,0xFF,0xFF,0xC0,0x01,0xFF,0xFF,0xF0,0x00,0x7F,0xFF,
  0xFC,0x00,0x1F,0xFF,0xFF,0x00,0x07,0xFF,0xFF,0xC0,0x01,0xFF,0xFF,0xF0,0x00,0x7F,0xF0,0x00,0x00,0x3F,0xC0,0x0F,0xFC,0x1F,
  0xFF,0x00,0xFF,0xC7,0xFF,0xFC,0x0F,0xFC,0xFF,0xFF,0xE0,0xFF,0xDF,0xFF,0xFF,0x0F,0xFD,0xFF,0xFF,0xF8,0xFF,0xFF,0xFF,0xFF,
  0x8F,0xFF,0xE0,0x7F,0xFC,0xFF,0xFC,0x03,0xFF,0xCF,0xFF,0x80,0x1F,0xFE,0xFF,0xF0,0x00,0xFF,0xEF,0xFE,0x00,0x0F,0xFE,0xFF,
  0xE0,0x00,0x7F,0xEF,0xFE,0x00,0x07,0xFF,0xFF,0xC0,0x00,0x7F,0xFF,0xFC,0x00,0x07,0xFF,0xFF,0xC0,0x00,0x7F,0xFF,0xFC,0x00,
  0x03,0xFF,0xFF,0xC0,0x00,0x3F,0xFF,0xFC,0x00,0x03,0xFF,0xFF,0xC0,0x00,0x3F,0xFF,0xFC,0x00,0x03,0xFF,0xFF,0xC0,0x00,0x3F,
  0xFF,0xFC,0x00,0x07,0xFF,0xFF,0xC0,0x00,0x7F,0xFF,0xFC,0x00,0x07,0xFF,0xFF,0xE0,0x00,0x7F,0xFF,0xFE,0x00,0x07,0xFE,0xFF,
  0xE0,0x00,0xFF,0xEF,0xFF,0x00,0x0F,0xFE,0xFF,0xF0,0x01,0xFF,0xCF,0xFF,0x80,0x3F,0xFC,0xFF,0xFE,0x07,0xFF,0xCF,0xFF,0xFF,
  0xFF,0xF8,0xFF,0xDF,0xFF,0xFF,0x0F,0xFD,0xFF,0xFF,0xF0,0xFF,0xCF,0xFF,0xFE,0x0F,0xFC,0x7F,0xFF,0xC0,0xFF,0xC1,0xFF,0xF0,
  0x0F,0xFC,0x07,0xFC,0x00,0xFF,0xC0,0x00,0x00,0x0F,0xFC,0x00,0x00,0x00,0xFF,0xC0,0x00,0x00,0x0F,0xFC,0x00,0x00,0x00,0xFF,
  0xC0,0x00,0x00,0x0F,0xFC,0x00,0x00,0x00,0xFF,0xC0,0x00,0x00,0x0F,0xFC,0x00,0x00,0x00,0xFF,0xC0,0x00,0x00,0x0F,0xFC,0x00,
  0x00,0x00,0xFF,0xC0,0x00,0x00,0x0F,0xFC,0x00,0x00,0x00,0xFF,0xC0,0x00,0x00,0x0F,0xFC,0x00,0x00,0x00,0x00,0x07,0xFE,0x00,
  0x00,0x07,0xFF,0xF8,0x00,0x03,0xFF,0xFF,0xC0,0x01,0xFF,0xFF,0xFC,0x00,0x7F,0xFF,0xFF,0xC0,0x1F,0xFF,0xFF,0xFC,0x03,0xFF,
  0xFF,0xFF,0xC0,0xFF,0xF0,0x3F,0xFC,0x3F,0xF8,0x01,0xFF,0x87,0xFF,0x00,0x3F,0xF9,0xFF,0xC0,0x03,0xFF,0x3F,0xF0,0x00,0x7F,
  0xE7,0xFE,0x00,0x07,0xFD,0xFF,0xC0,0x00,0x00,0x3F,0xF8,0x00,0x00,0x07,0xFF,0x00,0x00,0x00,0xFF,0xC0,0x00,0x00,0x1F,0xF8,
  0x00,0x00,0x03,0xFF,0x00,0x00,0x00,0x7F,0xE0,0x00,0x00,0x0F,0xFC,0x00,0x00,0x01,0xFF,0x80,0x00,0x00,0x3F,0xF0,0x00,0x00,
  0x07,0xFE,0x00,0x00,0x00,0xFF,0xE0,0x00,0x00,0x1F,0xFC,0x00,0x00,0x03,0xFF,0x80,0x01,0xFF,0xBF,0xF0,0x00,0x3F,0xF7,0xFF,
  0x00,0x0F,0xFE,0xFF,0xE0,0x01,0xFF,0x8F,0xFE,0x00,0x7F,0xF1,0xFF,0xC0,0x1F,0xFC,0x1F,0xFE,0x07,0xFF,0x83,0xFF,0xFF,0xFF,
  0xE0,0x3F,0xFF,0xFF,0xF8,0x03,0xFF,0xFF,0xFE,0x00,0x3F,0xFF,0xFF,0x80,0x01,0xFF,0xFF,0xE0,0x00,0x0F,0xFF,0xF0,0x00,0x00,
  0x3F,0xF0,0x00,0xFF,0xFF,0xFF,0xFF,0xFF,0xFF,0xFF,0xFF,0xFF,0xFF,0xFF,0xFF,0xFF,0xFF,0xFF,0xFF,0xFF,0xFF,0xFF,0xFF,0xFF,
  0xFF,0xFF,0xFF,0xFF,0xFF,0xFF,0x80,0x0F,0xFC,0x00,0x00,0x1F,0xF8,0x00,0x00,0x3F,0xF0,0x00,0x00,0x7F,0xE0,0x00,0x00,0xFF,
  0xC0,0x00,0x01,0xFF,0x80,0x00,0x03,0xFF,0x00,0x00,0x07,0xFE,0x00,0x00,0x0F,0xFC,0x00,0x00,0x1F,0xF8,0x00,0x00,0x3F,0xF0,
  0x00,0x00,0x7F,0xE0,0x00,0x00,0xFF,0xC0,0x00,0x01,0xFF,0x80,0x00,0x03,0xFF,0x00,0x00,0x07,0xFE,0x00,0x00,0x0F,0xFC,0x00,
  0x00,0x1F,0xF8,0x00,0x00,0x3F,0xF0,0x00,0x00,0x7F,0xE0,0x00,0x00,0xFF,0xC0,0x00,0x01,0xFF,0x80,0x00,0x03,0xFF,0x00,0x00,
  0x07,0xFE,0x00,0x00,0x0F,0xFC,0x00,0x00,0x1F,0xF8,0x00,0x00,0x3F,0xF0,0x00,0x00,0x7F,0xE0,0x00,0x00,0xFF,0xC0,0x00,0x01,
  0xFF,0x80,0x00,0x03,0xFF,0x00,0x00,0xFF,0xC0,0x00,0x0F,0xFF,0xFF,0xC0,0x00,0x1F,0xFB,0xFF,0x80,0x00,0x7F,0xF3,0xFF,0x00,
  0x00,0xFF,0xC7,0xFF,0x00,0x01,0xFF,0x87,0xFE,0x00,0x03,0xFF,0x0F,0xFC,0x00,0x0F,0xFC,0x1F,0xFC,0x00,0x1F,0xF8,0x1F,0xF8,
  0x00,0x3F,0xF0,0x3F,0xF0,0x00,0xFF,0xC0,0x3F,0xF0,0x01,0xFF,0x80,0x7F,0xE0,0x03,0xFE,0x00,0xFF,0xC0,0x0F,0xFC,0x00,0xFF,
  0xC0,0x1F,0xF8,0x01,0xFF,0x80,0x3F,0xE0,0x01,0xFF,0x00,0xFF,0xC0,0x03,0xFF,0x01,0xFF,0x80,0x07,0xFE,0x03,0xFE,0x00,0x07,
  0xFC,0x07,0xFC,0x00,0x0F,0xFC,0x1F,0xF0,0x00,0x0F,0xF8,0x3F,0xE0,0x00,0x1F,0xF0,0x7F,0xC0,0x00,0x3F,0xF1,0xFF,0x00,0x00,
  0x3F,0xE3,0xFE,0x00,0x00,0x7F,0xC7,0xFC,0x00,0x00,0x7F,0x8F,0xF0,0x00,0x00,0xFF,0xBF,0xE0,0x00,0x01,0xFF,0x7F,0x80,0x00,
  0x01,0xFE,0xFF,0x00,0x00,0x03,0xFF,0xFE,0x00,0x00,0x03,0xFF,0xF8,0x00,0x00,0x07,0xFF,0xF0,0x00,0x00,0x0F,0xFF,0xE0,0x00,
  0x00,0x0F,0xFF,0x80,0x00,0x00,0x1F,0xFF,0x00,0x00,0x00,0x1F,0xFE,0x00,0x00,0x00,0x3F,0xF8,0x00,0x00,0x00,0x7F,0xF0,0x00,
  0x00,0x00,0xFF,0xC0,0x00,0x00,0x01,0xFF,0x80,0x00,0x00,0x07,0xFF,0x00,0x00,0x00,0x0F,0xFC,0x00,0x00,0x00,0x3F,0xF8,0x00,
  0x00,0x00,0x7F,0xE0,0x00,0x00,0x01,0xFF,0xC0,0x00,0x00,0x1F,0xFF,0x00,0x00,0x07,0xFF,0xFE,0x00,0x00,0x0F,0xFF,0xF8,0x00,
  0x00,0x1F,0xFF,0xE0,0x00,0x00,0x3F,0xFF,0x80,0x00,0x00,0x7F,0xFE,0x00,0x00,0x00,0xFF,0xF8,0x00,0x00,0x01,0xFF,0x80,0x00,
  0x00,0x00,0x00,0x00,0x00,0xFF,0x80,0x00,0x00,0x00,0x00,0x00,0x7F,0xC0,0x00,0x00,0x00,0x00,0x00,0x3F,0xE0,0x00,0x00,0x00,
  0x00,0x00,0x1F,0xF0,0x00,0x00,0x00,0x00,0x00,0x0F,0xF8,0x00,0x00,0x00,0x00,0x00,0x07,0xFC,0x00,0x00,0x00,0x00,0x00,0x03,
  0xFE,0x00,0x00,0x00,0x00,0x00,0x01,0xFF,0x00,0x00,0x00,0x00,0x00,0x00,0xFF,0x80,0x00,0x00,0x00,0x00,0x00,0x7F,0xC0,0x00,
  0x00,0x00,0x00,0x00,0x3F,0xE0,0x00,0x00,0x00,0x00,0x00,0x1F,0xF0,0x00,0x00,0x00,0x00,0x00,0x0F,0xF8,0x00,0x00,0x00,0x03,
  0xFC,0x07,0xFC,0x07,0xF8,0x00,0x07,0xFF,0x83,0xFE,0x0F,0xFF,0x00,0x07,0xFF,0xF1,0xFF,0x1F,0xFF,0xE0,0x07,0xFF,0xFC,0xFF,
  0x9F,0xFF,0xF8,0x07,0xFF,0xFF,0x7F,0xDF,0xFF,0xFC,0x07,0xFF,0xFF,0xBF,0xEF,0xFF,0xFF,0x03,0xFF,0xFF,0xFF,0xFF,0xFF,0xFF,
  0xC3,0xFF,0xC0,0xFF,0xFF,0x81,0xFF,0xE1,0xFF,0xC0,0x3F,0xFF,0x80,0x7F,0xF1,0xFF,0xC0,0x0F,0xFF,0x80,0x1F,0xFC,0xFF,0xE0,
  0x07,0xFF,0xC0,0x0F,0xFE,0x7F,0xE0,0x01,0xFF,0xC0,0x03,0xFF,0x3F,0xF0,0x00,0xFF,0xE0,0x01,0xFF,0xFF,0xF8,0x00,0x7F,0xF0,
  0x00,0xFF,0xFF,0xFC,0x00,0x1F,0xF0,0x00,0x7F,0xFF,0xFE,0x00,0x0F,0xF8,0x00,0x3F,0xFF,0xFE,0x00,0x07,0xFC,0x00,0x0F,0xFF,
  0xFF,0x00,0x03,0xFE,0x00,0x07,0xFF,0xFF,0x80,0x01,0xFF,0x00,0x03,0xFF,0xFF,0xC0,0x00,0xFF,0x80,0x01,0xFF,0xFF,0xE0,0x00,
  0x7F,0xC0,0x00,0xFF,0xFF,0xF0,0x00,0x3F,0xE0,0x00,0x7F,0xFF,0xF8,0x00,0x1F,0xF0,0x00,0x3F,0xFF,0xFC,0x00,0x0F,0xF8,0x00,
  0x1F,0xFF,0xFF,0x00,0x07,0xFC,0x00,0x1F,0xFF,0xFF,0x80,0x07,0xFE,0x00,0x0F,0xFF,0xFF,0xC0,0x03,0xFF,0x80,0x07,0xFF,0xFF,
  0xE0,0x01,0xFF,0xC0,0x03,0xFF,0x3F,0xF0,0x00,0xFF,0xE0,0x01,0xFF,0x9F,0xFC,0x00,0xFF,0xF8,0x01,0xFF,0xCF,0xFE,0x00,0x7F,
  0xFC,0x00,0xFF,0xE3,0xFF,0x80,0x7F,0xFF,0x00,0xFF,0xE1,0xFF,0xE0,0x7F,0xFF,0xC0,0xFF,0xF0,0xFF,0xFF,0xFF,0xFF,0xFF,0xFF,
  0xF0,0x3F,0xFF,0xFD,0xFF,0x7F,0xFF,0xF8,0x0F,0xFF,0xFE,0xFF,0xBF,0xFF,0xF8,0x07,0xFF,0xFE,0x7F,0xCF,0xFF,0xF8,0x01,0xFF,
  0xFE,0x3F,0xE3,0xFF,0xF8,0x00,0x3F,0xFC,0x1F,0xF0,0x7F,0xF8,0x00,0x07,0xF8,0x0F,0xF8,0x0F,0xE0,0x00,0x00,0x00,0x07,0xFC,
  0x00,0x00,0x00,0x00,0x00,0x03,0xFE,0x00,0x00,0x00,0x00,0x00,0x01,0xFF,0x00,0x00,0x00,0x00,0x00,0x00,0xFF,0x80,0x00,0x00,
  0x00,0x00,0x00,0x7F,0xC0,0x00,0x00,0x00,0x00,0x00,0x3F,0xE0,0x00,0x00,0x00,0x00,0x00,0x1F,0xF0,0x00,0x00,0x00,0x00,0x00,
  0x0F,0xF8,0x00,0x00,0x00,0x00,0x00,0x07,0xFC,0x00,0x00,0x00,0x00,0x00,0x03,0xFE,0x00,0x00,0x00,0x00,0x00,0x01,0xFF,0x00,
  0x00,0x00,0x00,0x00,0x00,0xFF,0x80,0x00,0x00,0x00,0x00,0x00,0x7F,0xC0,0x00,0x00,0x00,0x00,0x00,0x3F,0xE0,0x00,0x00,0x00,
  0xFF,0xE0,0x00,0x1F,0xF9,0xFF,0xC0,0x00,0xFF,0xE3,0xFF,0x80,0x07,0xFF,0x07,0xFE,0x00,0x1F,0xF8,0x1F,0xFC,0x00,0xFF,0xE0,
  0x3F,0xF0,0x07,0xFF,0x00,0x7F,0xE0,0x1F,0xF8,0x01,0xFF,0xC0,0xFF,0xC0,0x03,0xFF,0x07,0xFF,0x00,0x07,0xFE,0x1F,0xF8,0x00,
  0x0F,0xFC,0xFF,0xC0,0x00,0x3F,0xF7,0xFE,0x00,0x00,0x7F,0xFF,0xF8,0x00,0x00,0xFF,0xFF,0xC0,0x00,0x01,0xFF,0xFE,0x00,0x00,
  0x07,0xFF,0xF8,0x00,0x00,0x0F,0xFF,0xC0,0x00,0x00,0x1F,0xFE,0x00,0x00,0x00,0x7F,0xF8,0x00,0x00,0x01,0xFF,0xE0,0x00,0x00,
  0x0F,0xFF,0xC0,0x00,0x00,0x7F,0xFF,0x80,0x00,0x03,0xFF,0xFF,0x00,0x00,0x0F,0xFF,0xFC,0x00,0x00,0x7F,0xFF,0xF8,0x00,0x03,
  0xFF,0x3F,0xF0,0x00,0x0F,0xFC,0xFF,0xC0,0x00,0x7F,0xE1,0xFF,0x80,0x03,0xFF,0x03,0xFF,0x00,0x1F,0xFC,0x0F,0xFE,0x00,0x7F,
  0xE0,0x1F,0xF8,0x03,0xFF,0x00,0x3F,0xF0,0x1F,0xFC,0x00,0xFF,0xE0,0x7F,0xE0,0x01,0xFF,0x83,0xFF,0x00,0x07,0xFF,0x1F,0xFC,
  0x00,0x0F,0xFE,0xFF,0xE0,0x00,0x1F,0xFF,0xFF,0x00,0x00,0x7F,0xF0,0xFF,0xC0,0x01,0xFF,0xC1,0xFF,0x80,0x03,0xFF,0x83,0xFF,
  0x00,0x07,0xFF,0x07,0xFE,0x00,0x0F,0xFE,0x0F,0xFC,0x00,0x1F,0xFC,0x1F,0xF8,0x00,0x3F,0xF8,0x3F,0xF0,0x00,0x7F,0xF0,0x7F,
  0xE0,0x00,0xFF,0xE0,0xFF,0xC0,0x01,0xFF,0xC1,0xFF,0x80,0x03,0xFF,0x83,0xFF,0x00,0x07,0xFF,0x07,0xFE,0x00,0x0F,0xFE,0x0F,
  0xFC,0x00,0x1F,0xFC,0x1F,0xF8,0x00,0x3F,0xF8,0x3F,0xF0,0x00,0x7F,0xF0,0x7F,0xE0,0x00,0xFF,0xE0,0xFF,0xC0,0x01,0xFF,0xC1,
  0xFF,0x80,0x03,0xFF,0x83,0xFF,0x00,0x07,0xFF,0x07,0xFE,0x00,0x0F,0xFE,0x0F,0xFC,0x00,0x1F,0xFC,0x1F,0xF8,0x00,0x3F,0xF8,
  0x3F,0xF0,0x00,0x7F,0xF0,0x7F,0xE0,0x00,0xFF,0xE0,0xFF,0xC0,0x01,0xFF,0xC1,0xFF,0x80,0x03,0xFF,0x83,0xFF,0x00,0x07,0xFF,
  0x07,0xFE,0x00,0x0F,0xFE,0x0F,0xFC,0x00,0x1F,0xFC,0x1F,0xF8,0x00,0x3F,0xF8,0x3F,0xF0,0x00,0x7F,0xF0,0x7F,0xFF,0xFF,0xFF,
  0xFE,0xFF,0xFF,0xFF,0xFF,0xFF,0xFF,0xFF,0xFF,0xFF,0xFF,0xFF,0xFF,0xFF,0xFF,0xFF,0xFF,0xFF,0xFF,0xFF,0xFF,0xFF,0xFF,0xFF,
  0xFF,0xFF,0xFF,0xFF,0xFF,0xFF,0xC0,0x00,0x00,0x00,0xFF,0x80,0x00,0x00,0x01,0xFF,0x00,0x00,0x00,0x03,0xFE,0x00,0x00,0x00,
  0x07,0xFC,0x00,0x00,0x00,0x0F,0xF8,0x00,0x00,0x00,0x1F,0xF0,0x00,0x00,0x00,0x3F,0xE0,0x00,0x00,0x00,0x7F,0xC0,0x00,0x00,
  0x00,0xFF,0x80,0x00,0x00,0x01,0xFF,0x00,0x00,0x00,0x03,0xFE,0x00,0x00,0x00,0x07,0xFC,0x00,0x00,0x00,0x0F,0xF8,0x00,0x00,
  0x00,0x1F,0xF0,0xFF,0xC0,0x00,0xFF,0xFF,0xF0,0x00,0x3F,0xFF,0xFC,0x00,0x0F,0xFF,0xFF,0x00,0x03,0xFF,0xFF,0xC0,0x00,0xFF,
  0xFF,0xF0,0x00,0x3F,0xFF,0xFC,0x00,0x0F,0xFF,0xFF,0x00,0x03,0xFF,0xFF,0xC0,0x00,0xFF,0xFF,0xF0,0x00,0x3F,0xFF,0xFC,0x00,
  0x0F,0xFF,0xFF,0x00,0x03,0xFF,0xFF,0xC0,0x00,0xFF,0xFF,0xF0,0x00,0x3F,0xFF,0xFC,0x00,0x0F,0xFF,0xFF,0x00,0x03,0xFF,0xFF,
  0xE0,0x00,0xFF,0xFF,0xFC,0x00,0xFF,0xFF,0xFF,0xFF,0xFF,0xFD,0xFF,0xFF,0xFF,0xFF,0x7F,0xFF,0xFF,0xFF,0xDF,0xFF,0xFF,0xFF,
  0xF3,0xFF,0xFF,0xFF,0xFC,0x7F,0xFF,0xFB,0xFF,0x0F,0xFF,0xF0,0xFF,0xC0,0x7F,0xC0,0x3F,0xF0,0x00,0x00,0x0F,0xFC,0x00,0x00,
  0x03,0xFF,0x00,0x00,0x00,0xFF,0xC0,0x00,0x00,0x3F,0xF0,0x00,0x00,0x0F,0xFC,0x00,0x00,0x03,0xFF,0x00,0x00,0x00,0xFF,0xC0,
  0x00,0x00,0x3F,0xF0,0x00,0x00,0x0F,0xFC,0x00,0x00,0x03,0xFF,0x00,0x00,0x00,0xFF,0xC0,0x00,0x00,0x3F,0xF0,0xFF,0x80,0x0F,
  0xFC,0x00,0x7F,0xFF,0xE0,0x03,0xFF,0x00,0x1F,0xFF,0xF8,0x00,0xFF,0xC0,0x07,0xFF,0xFE,0x00,0x3F,0xF0,0x01,0xFF,0xFF,0x80,
  0x0F,0xFC,0x00,0x7F,0xFF,0xE0,0x03,0xFF,0x00,0x1F,0xFF,0xF8,0x00,0xFF,0xC0,0x07,0xFF,0xFE,0x00,0x3F,0xF0,0x01,0xFF,0xFF,
  0x80,0x0F,0xFC,0x00,0x7F,0xFF,0xE0,0x03,0xFF,0x00,0x1F,0xFF,0xF8,0x00,0xFF,0xC0,0x07,0xFF,0xFE,0x00,0x3F,0xF0,0x01,0xFF,
  0xFF,0x80,0x0F,0xFC,0x00,0x7F,0xFF,0xE0,0x03,0xFF,0x00,0x1F,0xFF,0xF8,0x00,0xFF,0xC0,0x07,0xFF,0xFE,0x00,0x3F,0xF0,0x01,
  0xFF,0xFF,0x80,0x0F,0xFC,0x00,0x7F,0xFF,0xE0,0x03,0xFF,0x00,0x1F,0xFF,0xF8,0x00,0xFF,0xC0,0x07,0xFF,0xFE,0x00,0x3F,0xF0,
  0x01,0xFF,0xFF,0x80,0x0F,0xFC,0x00,0x7F,0xFF,0xE0,0x03,0xFF,0x00,0x1F,0xFF,0xF8,0x00,0xFF,0xC0,0x07,0xFF,0xFE,0x00,0x3F,
  0xF0,0x01,0xFF,0xFF,0x80,0x0F,0xFC,0x00,0x7F,0xFF,0xE0,0x03,0xFF,0x00,0x1F,0xFF,0xF8,0x00,0xFF,0xC0,0x07,0xFF,0xFE,0x00,
  0x3F,0xF0,0x01,0xFF,0xFF,0x80,0x0F,0xFC,0x00,0x7F,0xFF,0xE0,0x03,0xFF,0x00,0x1F,0xFF,0xF8,0x00,0xFF,0xC0,0x07,0xFF,0xFF,
  0xFF,0xFF,0xFF,0xFF,0xFF,0xFF,0xFF,0xFF,0xFF,0xFF,0xFF,0xFF,0xFF,0xFF,0xFF,0xFF,0xFF,0xFF,0xFF,0xFF,0xFF,0xFF,0xFF,0xFF,
  0xFF,0xFF,0xFF,0xFF,0xFF,0xFF,0xFF,0xFF,0xFF,0xFF,0xFF,0xFF,0xFF,0xFF,0xFF,0xFF,0xFF,0xFF,0xF0,0xFF,0x80,0x0F,0xFC,0x00,
  0x7F,0xC1,0xFF,0x00,0x1F,0xF8,0x00,0xFF,0x83,0xFE,0x00,0x3F,0xF0,0x01,0xFF,0x07,0xFC,0x00,0x7F,0xE0,0x03,0xFE,0x0F,0xF8,
  0x00,0xFF,0xC0,0x07,0xFC,0x1F,0xF0,0x01,0xFF,0x80,0x0F,0xF8,0x3F,0xE0,0x03,0xFF,0x00,0x1F,0xF0,0x7F,0xC0,0x07,0xFE,0x00,
  0x3F,0xE0,0xFF,0x80,0x0F,0xFC,0x00,0x7F,0xC1,0xFF,0x00,0x1F,0xF8,0x00,0xFF,0x83,0xFE,0x00,0x3F,0xF0,0x01,0xFF,0x07,0xFC,
  0x00,0x7F,0xE0,0x03,0xFE,0x0F,0xF8,0x00,0xFF,0xC0,0x07,0xFC,0x1F,0xF0,0x01,0xFF,0x80,0x0F,0xF8,0x3F,0xE0,0x03,0xFF,0x00,
  0x1F,0xF0,0x7F,0xC0,0x07,0xFE,0x00,0x3F,0xE0,0xFF,0x80,0x0F,0xFC,0x00,0x7F,0xC1,0xFF,0x00,0x1F,0xF8,0x00,0xFF,0x83,0xFE,
  0x00,0x3F,0xF0,0x01,0xFF,0x07,0xFC,0x00,0x7F,0xE0,0x03,0xFE,0x0F,0xF8,0x00,0xFF,0xC0,0x07,0xFC,0x1F,0xF0,0x01,0xFF,0x80,
  0x0F,0xF8,0x3F,0xE0,0x03,0xFF,0x00,0x1F,0xF0,0x7F,0xC0,0x07,0xFE,0x00,0x3F,0xE0,0xFF,0x80,0x0F,0xFC,0x00,0x7F,0xC1,0xFF,
  0x00,0x1F,0xF8,0x00,0xFF,0x83,0xFE,0x00,0x3F,0xF0,0x01,0xFF,0x07,0xFC,0x00,0x7F,0xE0,0x03,0xFE,0x0F,0xF8,0x00,0xFF,0xC0,
  0x07,0xFC,0x1F,0xF0,0x01,0xFF,0x80,0x0F,0xF8,0x3F,0xE0,0x03,0xFF,0x00,0x1F,0xF0,0x7F,0xFF,0xFF,0xFF,0xFF,0xFF,0xFF,0xFF,
  0xFF,0xFF,0xFF,0xFF,0xFF,0xFF,0xFF,0xFF,0xFF,0xFF,0xFF,0xFF,0xFF,0xFF,0xFF,0xFF,0xFF,0xFF,0xFF,0xFF,0xFF,0xFF,0xFF,0xFF,
  0xFF,0xFF,0xFF,0xFF,0xFF,0xFF,0xFF,0xFF,0xFF,0xFF,0xFF,0xFF,0xFF,0xFF,0xFF,0xFF,0xC0,0x00,0x00,0x00,0x00,0x00,0xFF,0x80,
  0x00,0x00,0x00,0x00,0x01,0xFF,0x00,0x00,0x00,0x00,0x00,0x03,0xFE,0x00,0x00,0x00,0x00,0x00,0x07,0xFC,0x00,0x00,0x00,0x00,
  0x00,0x0F,0xF8,0x00,0x00,0x00,0x00,0x00,0x1F,0xF0,0x00,0x00,0x00,0x00,0x00,0x3F,0xE0,0x00,0x00,0x00,0x00,0x00,0x7F,0xC0,
  0x00,0x00,0x00,0x00,0x00,0xFF,0x80,0x00,0x00,0x00,0x00,0x01,0xFF,0x00,0x00,0x00,0x00,0x00,0x03,0xFE,0x00,0x00,0x00,0x00,
  0x00,0x07,0xFC,0x00,0x00,0x00,0x00,0x00,0x0F,0xF8,0x00,0x00,0x00,0x00,0x00,0x1F,0xF0,0xFF,0xFF,0xFE,0x00,0x00,0x00,0x7F,
  0xFF,0xFF,0x00,0x00,0x00,0x3F,0xFF,0xFF,0x80,0x00,0x00,0x1F,0xFF,0xFF,0xC0,0x00,0x00,0x0F,0xFF,0xFF,0xE0,0x00,0x00,0x07,
  0xFF,0xFF,0xF0,0x00,0x00,0x03,0xFF,0xFF,0xF8,0x00,0x00,0x00,0x00,0x0F,0xFC,0x00,0x00,0x00,0x00,0x07,0xFE,0x00,0x00,0x00,
  0x00,0x03,0xFF,0x00,0x00,0x00,0x00,0x01,0xFF,0x80,0x00,0x00,0x00,0x00,0xFF,0xC0,0x00,0x00,0x00,0x00,0x7F,0xE0,0x00,0x00,
  0x00,0x00,0x3F,0xF0,0x00,0x00,0x00,0x00,0x1F,0xF8,0x00,0x00,0x00,0x00,0x0F,0xFF,0xFF,0xFC,0x00,0x00,0x07,0xFF,0xFF,0xFF,
  0xC0,0x00,0x03,0xFF,0xFF,0xFF,0xF8,0x00,0x01,0xFF,0xFF,0xFF,0xFE,0x00,0x00,0xFF,0xFF,0xFF,0xFF,0x80,0x00,0x7F,0xFF,0xFF,
  0xFF,0xE0,0x00,0x3F,0xF0,0x01,0xFF,0xF8,0x00,0x1F,0xF8,0x00,0x1F,0xFC,0x00,0x0F,0xFC,0x00,0x07,0xFE,0x00,0x07,0xFE,0x00,
  0x03,0xFF,0x00,0x03,0xFF,0x00,0x01,0xFF,0xC0,0x01,0xFF,0x80,0x00,0xFF,0xE0,0x00,0xFF,0xC0,0x00,0x7F,0xF0,0x00,0x7F,0xE0,
  0x00,0x3F,0xF0,0x00,0x3F,0xF0,0x00,0x3F,0xF8,0x00,0x1F,0xF8,0x00,0x3F,0xFC,0x00,0x0F,0xFE,0x00,0xFF,0xFC,0x00,0x07,0xFF,
  0xFF,0xFF,0xFE,0x00,0x03,0xFF,0xFF,0xFF,0xFE,0x00,0x01,0xFF,0xFF,0xFF,0xFE,0x00,0x00,0xFF,0xFF,0xFF,0xFE,0x00,0x00,0x7F,
  0xFF,0xFF,0xFC,0x00,0x00,0x3F,0xFF,0xFF,0xE0,0x00,0xFF,0xC0,0x00,0x00,0x00,0x3F,0xFF,0xFC,0x00,0x00,0x00,0x03,0xFF,0xFF,
  0xC0,0x00,0x00,0x00,0x3F,0xFF,0xFC,0x00,0x00,0x00,0x03,0xFF,0xFF,0xC0,0x00,0x00,0x00,0x3F,0xFF,0xFC,0x00,0x00,0x00,0x03,
  0xFF,0xFF,0xC0,0x00,0x00,0x00,0x3F,0xFF,0xFC,0x00,0x00,0x00,0x03,0xFF,0xFF,0xC0,0x00,0x00,0x00,0x3F,0xFF,0xFC,0x00,0x00,
  0x00,0x03,0xFF,0xFF,0xC0,0x00,0x00,0x00,0x3F,0xFF,0xFC,0x00,0x00,0x00,0x03,0xFF,0xFF,0xC0,0x00,0x00,0x00,0x3F,0xFF,0xFC,
  0x00,0x00,0x00,0x03,0xFF,0xFF,0xC0,0x00,0x00,0x00,0x3F,0xFF,0xFF,0xFF,0xFC,0x00,0x03,0xFF,0xFF,0xFF,0xFF,0xFC,0x00,0x3F,
  0xFF,0xFF,0xFF,0xFF,0xF0,0x03,0xFF,0xFF,0xFF,0xFF,0xFF,0x80,0x3F,0xFF,0xFF,0xFF,0xFF,0xFC,0x03,0xFF,0xFF,0xFF,0xFF,0xFF,
  0xE0,0x3F,0xFF,0xFC,0x00,0x3F,0xFE,0x03,0xFF,0xFF,0xC0,0x00,0xFF,0xF0,0x3F,0xFF,0xFC,0x00,0x07,0xFF,0x03,0xFF,0xFF,0xC0,
  0x00,0x3F,0xF0,0x3F,0xFF,0xFC,0x00,0x03,0xFF,0x03,0xFF,0xFF,0xC0,0x00,0x3F,0xF0,0x3F,0xFF,0xFC,0x00,0x03,0xFF,0x03,0xFF,
  0xFF,0xC0,0x00,0x3F,0xF0,0x3F,0xFF,0xFC,0x00,0x07,0xFF,0x03,0xFF,0xFF,0xC0,0x00,0xFF,0xF0,0x3F,0xFF,0xFC,0x00,0x7F,0xFE,
  0x03,0xFF,0xFF,0xFF,0xFF,0xFF,0xE0,0x3F,0xFF,0xFF,0xFF,0xFF,0xFC,0x03,0xFF,0xFF,0xFF,0xFF,0xFF,0x80,0x3F,0xFF,0xFF,0xFF,
  0xFF,0xE0,0x03,0xFF,0xFF,0xFF,0xFF,0xF8,0x00,0x3F,0xFF,0xFF,0xFF,0xFC,0x00,0x03,0xFF,0xFF,0xC0,0x00,0x00,0x0F,0xFC,0x00,
  0x00,0x00,0xFF,0xC0,0x00,0x00,0x0F,0xFC,0x00,0x00,0x00,0xFF,0xC0,0x00,0x00,0x0F,0xFC,0x00,0x00,0x00,0xFF,0xC0,0x00,0x00,
  0x0F,0xFC,0x00,0x00,0x00,0xFF,0xC0,0x00,0x00,0x0F,0xFC,0x00,0x00,0x00,0xFF,0xC0,0x00,0x00,0x0F,0xFC,0x00,0x00,0x00,0xFF,
  0xC0,0x00,0x00,0x0F,0xFC,0x00,0x00,0x00,0xFF,0xC0,0x00,0x00,0x0F,0xFF,0xFF,0xFC,0x00,0xFF,0xFF,0xFF,0xFC,0x0F,0xFF,0xFF,
  0xFF,0xF0,0xFF,0xFF,0xFF,0xFF,0x8F,0xFF,0xFF,0xFF,0xFC,0xFF,0xFF,0xFF,0xFF,0xEF,0xFC,0x00,0x3F,0xFE,0xFF,0xC0,0x00,0xFF,
  0xFF,0xFC,0x00,0x07,0xFF,0xFF,0xC0,0x00,0x3F,0xFF,0xFC,0x00,0x03,0xFF,0xFF,0xC0,0x00,0x3F,0xFF,0xFC,0x00,0x03,0xFF,0xFF,
  0xC0,0x00,0x3F,0xFF,0xFC,0x00,0x07,0xFF,0xFF,0xC0,0x00,0xFF,0xFF,0xFC,0x00,0x7F,0xFE,0xFF,0xFF,0xFF,0xFF,0xEF,0xFF,0xFF,
  0xFF,0xFC,0xFF,0xFF,0xFF,0xFF,0x8F,0xFF,0xFF,0xFF,0xE0,0xFF,0xFF,0xFF,0xF8,0x0F,0xFF,0xFF,0xFC,0x00,0x00,0x0F,0xFC,0x00,
  0x00,0x0F,0xFF,0xF0,0x00,0x07,0xFF,0xFF,0x80,0x03,0xFF,0xFF,0xF8,0x00,0xFF,0xFF,0xFF,0x80,0x3F,0xFF,0xFF,0xF8,0x07,0xFF,
  0xFF,0xFF,0x81,0xFF,0xE0,0x7F,0xF8,0x7F,0xF0,0x03,0xFF,0x0F,0xFC,0x00,0x3F,0xF1,0xFF,0x80,0x07,0xFE,0x7F,0xE0,0x00,0x7F,
  0xEF,0xFC,0x00,0x0F,0xFC,0x00,0x00,0x01,0xFF,0x80,0x00,0x00,0x3F,0xF8,0x00,0x00,0x07,0xFF,0x00,0x03,0xFF,0xFF,0xE0,0x00,
  0x7F,0xFF,0xFC,0x00,0x0F,0xFF,0xFF,0x80,0x01,0xFF,0xFF,0xF0,0x00,0x3F,0xFF,0xFE,0x00,0x07,0xFF,0xFF,0xC0,0x00,0xFF,0xFF,
  0xF8,0x00,0x00,0x07,0xFF,0x00,0x00,0x00,0xFF,0xE0,0x00,0x00,0x1F,0xFF,0xFF,0x00,0x03,0xFF,0x7F,0xE0,0x00,0x7F,0xEF,0xFC,
  0x00,0x1F,0xFD,0xFF,0xC0,0x03,0xFF,0x1F,0xF8,0x00,0xFF,0xE3,0xFF,0x80,0x1F,0xFC,0x3F,0xFC,0x0F,0xFF,0x03,0xFF,0xFF,0xFF,
  0xC0,0x7F,0xFF,0xFF,0xF8,0x07,0xFF,0xFF,0xFE,0x00,0x7F,0xFF,0xFF,0x00,0x03,0xFF,0xFF,0xC0,0x00,0x1F,0xFF,0xE0,0x00,0x00,
  0x7F,0xE0,0x00,0x00,0x00,0x00,0x03,0xFF,0x80,0x03,0xFF,0x00,0x00,0x7F,0xFF,0xC0,0x0F,0xFC,0x00,0x07,0xFF,0xFF,0xC0,0x3F,
  0xF0,0x00,0x3F,0xFF,0xFF,0x80,0xFF,0xC0,0x03,0xFF,0xFF,0xFF,0x03,0xFF,0x00,0x1F,0xFF,0xFF,0xFE,0x0F,0xFC,0x00,0x7F,0xFF,
  0xFF,0xFC,0x3F,0xF0,0x03,0xFF,0xC0,0xFF,0xF8,0xFF,0xC0,0x1F,0xFE,0x00,0xFF,0xE3,0xFF,0x00,0x7F,0xF0,0x01,0xFF,0xCF,0xFC,
  0x03,0xFF,0x80,0x03,0xFF,0x3F,0xF0,0x0F,0xFE,0x00,0x0F,0xFE,0xFF,0xC0,0x3F,0xF0,0x00,0x3F,0xFB,0xFF,0x01,0xFF,0xC0,0x00,
  0x7F,0xEF,0xFC,0x07,0xFF,0x00,0x01,0xFF,0xBF,0xF0,0x1F,0xF8,0x00,0x07,0xFE,0xFF,0xFF,0xFF,0xE0,0x00,0x1F,0xFF,0xFF,0xFF,
  0xFF,0x80,0x00,0x7F,0xFF,0xFF,0xFF,0xFE,0x00,0x01,0xFF,0xFF,0xFF,0xFF,0xF8,0x00,0x07,0xFF,0xFF,0xFF,0xFF,0xE0,0x00,0x1F,
  0xFF,0xFF,0xFF,0xFF,0x80,0x00,0x7F,0xFF,0xFF,0xFF,0xFE,0x00,0x01,0xFF,0xFF,0xF0,0x1F,0xF8,0x00,0x07,0xFF,0xFF,0xC0,0x7F,
  0xE0,0x00,0x1F,0xFB,0xFF,0x01,0xFF,0xC0,0x00,0x7F,0xEF,0xFC,0x07,0xFF,0x00,0x01,0xFF,0xBF,0xF0,0x0F,0xFC,0x00,0x0F,0xFE,
  0xFF,0xC0,0x3F,0xF8,0x00,0x3F,0xF3,0xFF,0x00,0xFF,0xE0,0x01,0xFF,0xCF,0xFC,0x01,0xFF,0xC0,0x07,0xFF,0x3F,0xF0,0x07,0xFF,
  0x80,0x3F,0xF8,0xFF,0xC0,0x0F,0xFF,0x03,0xFF,0xC3,0xFF,0x00,0x1F,0xFF,0xFF,0xFF,0x0F,0xFC,0x00,0x7F,0xFF,0xFF,0xF8,0x3F,
  0xF0,0x00,0xFF,0xFF,0xFF,0xC0,0xFF,0xC0,0x00,0xFF,0xFF,0xFE,0x03,0xFF,0x00,0x01,0xFF,0xFF,0xE0,0x0F,0xFC,0x00,0x01,0xFF,
  0xFE,0x00,0x00,0x00,0x00,0x00,0xFF,0xC0,0x00,0x00,0x07,0xFF,0xFF,0xF8,0x01,0xFF,0xFF,0xFF,0xC0,0x3F,0xFF,0xFF,0xFE,0x07,
  0xFF,0xFF,0xFF,0xF0,0x7F,0xFF,0xFF,0xFF,0x83,0xFF,0xFF,0xFF,0xFC,0x3F,0xFF,0x00,0x7F,0xE1,0xFF,0xC0,0x03,0xFF,0x1F,0xFC,
  0x00,0x1F,0xF8,0xFF,0xE0,0x00,0xFF,0xC7,0xFE,0x00,0x07,0xFE,0x3F,0xF0,0x00,0x3F,0xF1,0xFF,0x80,0x01,0xFF,0x8F,0xFE,0x00,
  0x0F,0xFC,0x7F,0xF0,0x00,0x7F,0xE1,0xFF,0xC0,0x03,0xFF,0x0F,0xFF,0x80,0x1F,0xF8,0x3F,0xFF,0xFF,0xFF,0xC0,0xFF,0xFF,0xFF,
  0xFE,0x03,0xFF,0xFF,0xFF,0xF0,0x0F,0xFF,0xFF,0xFF,0x80,0x1F,0xFF,0xFF,0xFC,0x00,0x7F,0xFF,0xFF,0xE0,0x07,0xFE,0x03,0xFF,
  0x00,0x7F,0xE0,0x1F,0xF8,0x03,0xFF,0x00,0xFF,0xC0,0x3F,0xF0,0x07,0xFE,0x03,0xFF,0x80,0x3F,0xF0,0x1F,0xF8,0x01,0xFF,0x81,
  0xFF,0x80,0x0F,0xFC,0x1F,0xFC,0x00,0x7F,0xE1,0xFF,0xC0,0x03,0xFF,0x0F,0xFC,0x00,0x1F,0xF8,0xFF,0xE0,0x00,0xFF,0xCF,0xFE,
  0x00,0x07,0xFE,0x7F,0xE0,0x00,0x3F,0xF7,0xFF,0x00,0x01,0xFF,0xFF,0xF0,0x00,0x0F,0xFC,0x03,0xFF,0x00,0x00,0x00,0x7F,0xE0,
  0x00,0x00,0x07,0xFE,0x00,0x00,0x00,0x7F,0xE0,0x00,0x00,0x03,0xFE,0x00,0x00,0x00,0x3F,0xE0,0x00,0x00,0x03,0xFE,0x00,0x00,
  0x00,0x3F,0xE0,0x00,0x00,0x01,0xFE,0x00,0x00,0x00,0x1F,0xE0,0x00,0x00,0x01,0xFC,0x00,0x00,0x00,0x00,0x00,0x00,0x00,0x00,
  0x00,0x00,0x00,0x00,0x00,0x00,0x00,0x01,0xFF,0x00,0x00,0x01,0xFF,0xFC,0x00,0x00,0xFF,0xFF,0xE0,0x00,0x7F,0xFF,0xFE,0x00,
  0x1F,0xFF,0xFF,0xE0,0x07,0xFF,0xFF,0xFE,0x01,0xFF,0xF1,0xFF,0xE0,0x3F,0xF8,0x0F,0xFE,0x0F,0xFE,0x00,0x7F,0xC1,0xFF,0x80,
  0x0F,0xFC,0x7F,0xE0,0x00,0xFF,0x8F,0xFC,0x00,0x1F,0xF1,0xFF,0x80,0x03,0xFF,0x7F,0xF0,0x00,0x3F,0xEF,0xFC,0x00,0x07,0xFD,
  0xFF,0x80,0x00,0xFF,0xBF,0xFF,0xFF,0xFF,0xF7,0xFF,0xFF,0xFF,0xFE,0xFF,0xFF,0xFF,0xFF,0xFF,0xFF,0xFF,0xFF,0xFF,0xFF,0xFF,
  0xFF,0xFF,0xFF,0xFF,0xFF,0xFF,0xFF,0xFC,0x00,0x00,0x01,0xFF,0x80,0x00,0x00,0x3F,0xF0,0x00,0x00,0x07,0xFF,0x00,0x00,0x00,
  0xFF,0xE0,0x00,0x00,0x0F,0xFC,0x00,0x00,0x01,0xFF,0x80,0x00,0x00,0x3F,0xF8,0x00,0x7F,0x03,0xFF,0x00,0x0F,0xFC,0x7F,0xF0,
  0x03,0xFF,0x07,0xFF,0x80,0xFF,0xE0,0xFF,0xFF,0xFF,0xF8,0x0F,0xFF,0xFF,0xFE,0x00,0xFF,0xFF,0xFF,0x80,0x0F,0xFF,0xFF,0xE0,
  0x00,0xFF,0xFF,0xF8,0x00,0x07,0xFF,0xFC,0x00,0x00,0x1F,0xFC,0x00,0x00,0x03,0xFC,0x07,0xF8,0x00,0x7F,0x80,0xFF,0x00,0x0F,
  0xF0,0x1F,0xE0,0x01,0xFE,0x03,0xFC,0x00,0x3F,0xC0,0x7F,0x80,0x07,0xF8,0x0F,0xF0,0x00,0xFF,0x01,0xFE,0x00,0x1F,0xE0,0x3F,
  0xC0,0x00,0x00,0x00,0x00,0x00,0x00,0x00,0x00,0x00,0x00,0x00,0x00,0x00,0x00,0x03,0xFE,0x00,0x00,0x03,0xFF,0xF8,0x00,0x01,
  0xFF,0xFF,0xC0,0x00,0xFF,0xFF,0xFC,0x00,0x3F,0xFF,0xFF,0xC0,0x0F,0xFF,0xFF,0xFC,0x03,0xFF,0xE3,0xFF,0xC0,0x7F,0xF0,0x1F,
  0xFC,0x1F,0xFC,0x00,0xFF,0x83,0xFF,0x00,0x1F,0xF8,0xFF,0xC0,0x01,0xFF,0x1F,0xF8,0x00,0x3F,0xE3,0xFF,0x00,0x07,0xFE,0xFF,
  0xE0,0x00,0x7F,0xDF,0xF8,0x00,0x0F,0xFB,0xFF,0x00,0x01,0xFF,0x7F,0xFF,0xFF,0xFF,0xEF,0xFF,0xFF,0xFF,0xFD,0xFF,0xFF,0xFF,
  0xFF,0xFF,0xFF,0xFF,0xFF,0xFF,0xFF,0xFF,0xFF,0xFF,0xFF,0xFF,0xFF,0xFF,0xFF,0xF8,0x00,0x00,0x03,0xFF,0x00,0x00,0x00,0x7F,
  0xE0,0x00,0x00,0x0F,0xFE,0x00,0x00,0x01,0xFF,0xC0,0x00,0x00,0x1F,0xF8,0x00,0x00,0x03,0xFF,0x00,0x00,0x00,0x7F,0xF0,0x00,
  0xFE,0x07,0xFE,0x00,0x1F,0xF8,0xFF,0xE0,0x07,0xFE,0x0F,0xFF,0x01,0xFF,0xC1,0xFF,0xFF,0xFF,0xF0,0x1F,0xFF,0xFF,0xFC,0x01,
  0xFF,0xFF,0xFF,0x00,0x1F,0xFF,0xFF,0xC0,0x01,0xFF,0xFF,0xF0,0x00,0x0F,0xFF,0xF8,0x00,0x00,0x3F,0xF8,0x00,0x00,0x07,0xFE,
  0x00,0x00,0x00,0x07,0xFE,0x00,0x00,0x00,0x07,0xFE,0x00,0x00,0x00,0x07,0xFE,0x00,0x00,0x00,0x07,0xFE,0x00,0x00,0x00,0xFF,
  0xFF,0xFF,0xC0,0x00,0xFF,0xFF,0xFF,0xC0,0x00,0xFF,0xFF,0xFF,0xC0,0x00,0xFF,0xFF,0xFF,0xC0,0x00,0xFF,0xFF,0xFF,0xC0,0x00,
  0xFF,0xFF,0xFF,0xC0,0x00,0x07,0xFE,0x00,0x00,0x00,0x07,0xFE,0x00,0x00,0x00,0x07,0xFE,0x00,0x00,0x00,0x07,0xFE,0x00,0x00,
  0x00,0x07,0xFE,0x01,0xFE,0x00,0x07,0xFE,0x07,0xFF,0xC0,0x07,0xFE,0x1F,0xFF,0xE0,0x07,0xFE,0x3F,0xFF,0xF0,0x07,0xFE,0x7F,
  0xFF,0xF8,0x07,0xFE,0xFF,0xFF,0xFC,0x07,0xFE,0xFF,0xFF,0xFC,0x07,0xFF,0xFF,0xFF,0xFC,0x07,0xFF,0xE0,0x3F,0xFE,0x07,0xFF,
  0xC0,0x0F,0xFE,0x07,0xFF,0x80,0x0F,0xFE,0x07,0xFF,0x80,0x07,0xFE,0x07,0xFF,0x00,0x07,0xFE,0x07,0xFF,0x00,0x07,0xFF,0x07,
  0xFE,0x00,0x07,0xFF,0x07,0xFE,0x00,0x03,0xFF,0x07,0xFE,0x00,0x03,0xFF,0x07,0xFE,0x00,0x03,0xFF,0x07,0xFE,0x00,0x03,0xFF,
  0x07,0xFE,0x00,0x03,0xFF,0x07,0xFE,0x00,0x03,0xFF,0x07,0xFE,0x00,0x03,0xFF,0x07,0xFE,0x00,0x03,0xFF,0x07,0xFE,0x00,0x03,
  0xFF,0x07,0xFE,0x00,0x03,0xFF,0x07,0xFE,0x00,0x03,0xFF,0x07,0xFE,0x00,0x03,0xFF,0x07,0xFE,0x00,0x03,0xFF,0x07,0xFE,0x00,
  0x03,0xFF,0x07,0xFE,0x00,0x03,0xFF,0x07,0xFE,0x00,0x03,0xFF,0x07,0xFE,0x00,0x03,0xFF,0x07,0xFE,0x00,0x03,0xFF,0x07,0xFE,
  0x00,0x03,0xFF,0x07,0xFE,0x00,0x03,0xFF,0x07,0xFE,0x00,0x03,0xFF,0x07,0xFE,0x00,0x03,0xFF,0x00,0x00,0x00,0x03,0xFF,0x00,
  0x00,0x00,0x03,0xFF,0x00,0x00,0x00,0x03,0xFF,0x00,0x00,0x00,0x03,0xFF,0x00,0x00,0x00,0x07,0xFF,0x00,0x00,0x00,0x07,0xFF,
  0x00,0x00,0x00,0x07,0xFE,0x00,0x00,0x00,0x1F,0xFE,0x00,0x00,0x01,0xFF,0xFE,0x00,0x00,0x01,0xFF,0xFE,0x00,0x00,0x01,0xFF,
  0xFC,0x00,0x00,0x01,0xFF,0xFC,0x00,0x00,0x01,0xFF,0xF8,0x00,0x00,0x01,0xFF,0xF0,0x00,0x00,0x00,0xFF,0x80,0x00,0x03,0xFF,
  0x00,0x07,0xFE,0x00,0x0F,0xFC,0x00,0x1F,0xF8,0x00,0x3F,0xF0,0x00,0x3F,0xE0,0x00,0x7F,0x80,0x00,0xFF,0x00,0x01,0xFE,0x00,
  0x03,0xFC,0x00,0x03,0xF0,0x00,0x00,0x00,0x00,0x00,0x00,0x00,0x00,0x00,0x00,0x00,0x00,0x00,0xFF,0xFF,0xFE,0xFF,0xFF,0xFE,
  0xFF,0xFF,0xFE,0xFF,0xFF,0xFE,0xFF,0xFF,0xFE,0xFF,0xFF,0xFE,0xFF,0xFF,0xFE,0xFF,0xC0,0x00,0xFF,0xC0,0x00,0xFF,0xC0,0x00,
  0xFF,0xC0,0x00,0xFF,0xC0,0x00,0xFF,0xC0,0x00,0xFF,0xC0,0x00,0xFF,0xC0,0x00,0xFF,0xC0,0x00,0xFF,0xC0,0x00,0xFF,0xC0,0x00,
  0xFF,0xC0,0x00,0xFF,0xC0,0x00,0xFF,0xC0,0x00,0xFF,0xC0,0x00,0xFF,0xC0,0x00,0xFF,0xC0,0x00,0xFF,0xC0,0x00,0xFF,0xC0,0x00,
  0xFF,0xC0,0x00,0xFF,0xC0,0x00,0xFF,0xC0,0x00,0xFF,0xC0,0x00,0xFF,0xC0,0x00,0xFF,0xC0,0x00,0xFF,0xC0,0x00,0xFF,0xC0,0x00,
  0xFF,0xC0,0x00,0xFF,0xC0,0x00,0xFF,0xC0,0x00,0xFF,0xC0,0x00,0x00,0x07,0xFE,0x00,0x00,0x07,0xFF,0xF8,0x00,0x03,0xFF,0xFF,
  0xC0,0x01,0xFF,0xFF,0xFC,0x00,0x7F,0xFF,0xFF,0xC0,0x1F,0xFF,0xFF,0xFC,0x03,0xFF,0xFF,0xFF,0xC0,0xFF,0xF0,0x3F,0xFC,0x3F,
  0xF8,0x01,0xFF,0x87,0xFE,0x00,0x3F,0xF9,0xFF,0xC0,0x03,0xFF,0x3F,0xF0,0x00,0x7F,0xE7,0xFE,0x00,0x07,0xFD,0xFF,0xC0,0x00,
  0x00,0x3F,0xF8,0x00,0x00,0x07,0xFE,0x00,0x00,0x00,0xFF,0xFF,0xF8,0x00,0x1F,0xFF,0xFF,0x00,0x03,0xFF,0xFF,0xE0,0x00,0x7F,
  0xFF,0xFC,0x00,0x0F,0xFF,0xFF,0x80,0x01,0xFF,0xFF,0xF0,0x00,0x3F,0xFF,0xFE,0x00,0x07,0xFE,0x00,0x00,0x00,0xFF,0xE0,0x00,
  0x00,0x1F,0xFC,0x00,0x00,0x03,0xFF,0x80,0x01,0xFF,0xBF,0xF0,0x00,0x3F,0xF7,0xFE,0x00,0x0F,0xFE,0xFF,0xE0,0x01,0xFF,0x8F,
  0xFC,0x00,0x7F,0xF1,0xFF,0xC0,0x1F,0xFC,0x1F,0xFE,0x07,0xFF,0x83,0xFF,0xFF,0xFF,0xE0,0x3F,0xFF,0xFF,0xF8,0x03,0xFF,0xFF,
  0xFE,0x00,0x3F,0xFF,0xFF,0x80,0x01,0xFF,0xFF,0xE0,0x00,0x0F,0xFF,0xF0,0x00,0x00,0x3F,0xF0,0x00,0x00,0x1F,0xFE,0x00,0x00,
  0x3F,0xFF,0xF0,0x00,0x3F,0xFF,0xFF,0x00,0x1F,0xFF,0xFF,0xE0,0x0F,0xFF,0xFF,0xFC,0x07,0xFF,0xFF,0xFF,0x83,0xFF,0xFF,0xFF,
  0xF0,0xFF,0xC0,0x0F,0xFC,0x7F,0xE0,0x01,0xFF,0x9F,0xF0,0x00,0x3F,0xE7,0xFC,0x00,0x0F,0xC1,0xFF,0x00,0x00,0x00,0x7F,0xE0,
  0x00,0x00,0x1F,0xFC,0x00,0x00,0x07,0xFF,0xE0,0x00,0x00,0xFF,0xFF,0x80,0x00,0x3F,0xFF,0xFE,0x00,0x07,0xFF,0xFF,0xF0,0x01,
  0xFF,0xFF,0xFF,0x80,0x1F,0xFF,0xFF,0xF0,0x03,0xFF,0xFF,0xFE,0x00,0x3F,0xFF,0xFF,0xC0,0x01,0xFF,0xFF,0xF8,0x00,0x07,0xFF,
  0xFE,0x00,0x00,0x1F,0xFF,0xC0,0x00,0x00,0xFF,0xF0,0x00,0x00,0x0F,0xFC,0x00,0x00,0x01,0xFF,0x07,0x00,0x00,0x7F,0xFF,0xE0,
  0x00,0x1F,0xFF,0xF8,0x00,0x07,0xFF,0xFF,0x00,0x03,0xFF,0x7F,0xE0,0x01,0xFF,0x9F,0xFF,0xFF,0xFF,0xE3,0xFF,0xFF,0xFF,0xF0,
  0x7F,0xFF,0xFF,0xF8,0x0F,0xFF,0xFF,0xFC,0x01,0xFF,0xFF,0xFC,0x00,0x1F,0xFF,0xFC,0x00,0x00,0x7F,0xF8,0x00,0xFF,0xFF,0xFF,
  0xFF,0xFF,0xFF,0xFF,0xFF,0xFC,0x00,0x00,0x00,0x00,0x00,0x00,0x00,0x00,0x0F,0xFF,0xFF,0xFF,0xFF,0xFF,0xFF,0xFF,0xFF,0xFF,
  0xFF,0xFF,0xFF,0xFF,0xFF,0xFF,0xFF,0xFF,0xFF,0xFF,0xFF,0xFF,0xFF,0xFF,0xFF,0xFF,0xFF,0xFF,0xFF,0xFF,0xFF,0xFF,0xFF,0xFF,
  0xFF,0xFF,0xFF,0xFF,0xFF,0xFF,0xFF,0xFF,0xFF,0xFF,0xFF,0xFF,0xFF,0xFF,0xFE,0x01,0xFF,0xFC,0x03,0xFF,0xF8,0x07,0xFF,0xF0,
  0x0F,0xFF,0xE0,0x1F,0xFF,0xC0,0x3F,0xFF,0x80,0x7F,0xFF,0x00,0xFF,0x00,0x00,0x00,0x00,0x00,0x00,0x00,0x00,0x00,0x00,0x00,
  0x00,0x3F,0xF0,0x00,0x7F,0xE0,0x00,0xFF,0xC0,0x01,0xFF,0x80,0x03,0xFF,0x00,0x07,0xFE,0x00,0x0F,0xFC,0x00,0x1F,0xF8,0x00,
  0x3F,0xF0,0x00,0x7F,0xE0,0x00,0xFF,0xC0,0x01,0xFF,0x80,0x03,0xFF,0x00,0x07,0xFE,0x00,0x0F,0xFC,0x00,0x1F,0xF8,0x00,0x3F,
  0xF0,0x00,0x7F,0xE0,0x00,0xFF,0xC0,0x01,0xFF,0x80,0x03,0xFF,0x00,0x07,0xFE,0x00,0x0F,0xFC,0x00,0x1F,0xF8,0x00,0x3F,0xF0,
  0x00,0x7F,0xE0,0x00,0xFF,0xC0,0x01,0xFF,0x80,0x03,0xFF,0x00,0x07,0xFE,0x00,0x0F,0xFC,0x00,0x1F,0xF8,0x00,0x3F,0xF0,0x00,
  0x7F,0xE0,0x00,0xFF,0xC0,0x01,0xFF,0x80,0x03,0xFF,0x00,0x07,0xFE,0x00,0x03,0xFF,0x03,0xFF,0x03,0xFF,0x03,0xFF,0x03,0xFF,
  0x03,0xFF,0x03,0xFF,0x00,0x00,0x00,0x00,0x00,0x00,0x00,0x00,0x00,0x00,0x00,0x00,0x00,0x00,0x03,0xFF,0x03,0xFF,0x03,0xFF,
  0x03,0xFF,0x03,0xFF,0x03,0xFF,0x03,0xFF,0x03,0xFF,0x03,0xFF,0x03,0xFF,0x03,0xFF,0x03,0xFF,0x03,0xFF,0x03,0xFF,0x03,0xFF,
  0x03,0xFF,0x03,0xFF,0x03,0xFF,0x03,0xFF,0x03,0xFF,0x03,0xFF,0x03,0xFF,0x03,0xFF,0x03,0xFF,0x03,0xFF,0x03,0xFF,0x03,0xFF,
  0x03,0xFF,0x03,0xFF,0x03,0xFF,0x03,0xFF,0x03,0xFF,0x03,0xFF,0x03,0xFF,0x03,0xFF,0x03,0xFF,0x03,0xFF,0x03,0xFF,0x03,0xFF,
  0x03,0xFF,0x03,0xFF,0x03,0xFF,0x03,0xFF,0x03,0xFF,0x07,0xFF,0x0F,0xFF,0xFF,0xFE,0xFF,0xFE,0xFF,0xFE,0xFF,0xFC,0xFF,0xF8,
  0xFF,0xF0,0xFF,0xC0,0x00,0x3F,0xFF,0xFF,0xFF,0x00,0x00,0x00,0x00,0x0F,0xFF,0xFF,0xFF,0xC0,0x00,0x00,0x00,0x03,0xFF,0xFF,
  0xFF,0xF0,0x00,0x00,0x00,0x00,0xFF,0xFF,0xFF,0xFC,0x00,0x00,0x00,0x00,0x3F,0xFF,0xFF,0xFF,0x00,0x00,0x00,0x00,0x0F,0xFF,
  0xFF,0xFF,0xC0,0x00,0x00,0x00,0x03,0xFF,0xFF,0xFF,0xF0,0x00,0x00,0x00,0x00,0xFF,0x80,0x1F,0xFC,0x00,0x00,0x00,0x00,0x7F,
  0xE0,0x07,0xFF,0x00,0x00,0x00,0x00,0x1F,0xF8,0x01,0xFF,0xC0,0x00,0x00,0x00,0x07,0xFC,0x00,0x7F,0xF0,0x00,0x00,0x00,0x01,
  0xFF,0x00,0x1F,0xFC,0x00,0x00,0x00,0x00,0x7F,0xC0,0x07,0xFF,0x00,0x00,0x00,0x00,0x1F,0xF0,0x01,0xFF,0xC0,0x00,0x00,0x00,
  0x07,0xFC,0x00,0x7F,0xF0,0x00,0x00,0x00,0x03,0xFF,0x00,0x1F,0xFF,0xFF,0xFC,0x00,0x00,0xFF,0xC0,0x07,0xFF,0xFF,0xFF,0xE0,
  0x00,0x3F,0xE0,0x01,0xFF,0xFF,0xFF,0xFE,0x00,0x0F,0xF8,0x00,0x7F,0xFF,0xFF,0xFF,0xE0,0x03,0xFE,0x00,0x1F,0xFF,0xFF,0xFF,
  0xFC,0x00,0xFF,0x80,0x07,0xFF,0xFF,0xFF,0xFF,0x00,0x7F,0xE0,0x01,0xFF,0xC0,0x07,0xFF,0xE0,0x1F,0xF8,0x00,0x7F,0xF0,0x00,
  0x3F,0xF8,0x07,0xFC,0x00,0x1F,0xFC,0x00,0x07,0xFF,0x01,0xFF,0x00,0x07,0xFF,0x00,0x01,0xFF,0xC0,0x7F,0xC0,0x01,0xFF,0xC0,
  0x00,0x3F,0xF0,0x3F,0xF0,0x00,0x7F,0xF0,0x00,0x0F,0xFC,0x0F,0xFC,0x00,0x1F,0xFC,0x00,0x07,0xFF,0x03,0xFE,0x00,0x07,0xFF,
  0x00,0x01,0xFF,0xC1,0xFF,0x80,0x01,0xFF,0xC0,0x00,0x7F,0xE0,0x7F,0xE0,0x00,0x7F,0xF0,0x00,0x7F,0xF8,0x3F,0xF8,0x00,0x1F,
  0xFC,0x00,0xFF,0xFE,0xFF,0xFC,0x00,0x07,0xFF,0xFF,0xFF,0xFF,0x3F,0xFF,0x00,0x01,0xFF,0xFF,0xFF,0xFF,0x8F,0xFF,0x80,0x00,
  0x7F,0xFF,0xFF,0xFF,0xC3,0xFF,0xE0,0x00,0x1F,0xFF,0xFF,0xFF,0xE0,0xFF,0xF0,0x00,0x07,0xFF,0xFF,0xFF,0xE0,0x3F,0xF8,0x00,
  0x01,0xFF,0xFF,0xFF,0x80,0x0F,0xF8,0x00,0x00,0x00,0x00,0x00,0x00,0x00,0xFF,0xC0,0x03,0xFF,0x00,0x00,0x00,0x7F,0xE0,0x01,
  0xFF,0x80,0x00,0x00,0x3F,0xF0,0x00,0xFF,0xC0,0x00,0x00,0x1F,0xF8,0x00,0x7F,0xE0,0x00,0x00,0x0F,0xFC,0x00,0x3F,0xF0,0x00,
  0x00,0x07,0xFE,0x00,0x1F,0xF8,0x00,0x00,0x03,0xFF,0x00,0x0F,0xFC,0x00,0x00,0x01,0xFF,0x80,0x07,0xFE,0x00,0x00,0x00,0xFF,
  0xC0,0x03,0xFF,0x00,0x00,0x00,0x7F,0xE0,0x01,0xFF,0x80,0x00,0x00,0x3F,0xF0,0x00,0xFF,0xC0,0x00,0x00,0x1F,0xF8,0x00,0x7F,
  0xE0,0x00,0x00,0x0F,0xFC,0x00,0x3F,0xF0,0x00,0x00,0x07,0xFE,0x00,0x1F,0xF8,0x00,0x00,0x03,0xFF,0x00,0x0F,0xFC,0x00,0x00,
  0x01,0xFF,0xFF,0xFF,0xFF,0xFF,0xFC,0x00,0xFF,0xFF,0xFF,0xFF,0xFF,0xFF,0xE0,0x7F,0xFF,0xFF,0xFF,0xFF,0xFF,0xFC,0x3F,0xFF,
  0xFF,0xFF,0xFF,0xFF,0xFF,0x1F,0xFF,0xFF,0xFF,0xFF,0xFF,0xFF,0xCF,0xFF,0xFF,0xFF,0xFF,0xFF,0xFF,0xF7,0xFE,0x00,0x1F,0xF8,
  0x00,0xFF,0xFB,0xFF,0x00,0x0F,0xFC,0x00,0x1F,0xFF,0xFF,0x80,0x07,0xFE,0x00,0x07,0xFF,0xFF,0xC0,0x03,0xFF,0x00,0x01,0xFF,
  0xFF,0xE0,0x01,0xFF,0x80,0x00,0xFF,0xFF,0xF0,0x00,0xFF,0xC0,0x00,0x7F,0xFF,0xF8,0x00,0x7F,0xE0,0x00,0x3F,0xFF,0xFC,0x00,
  0x3F,0xF0,0x00,0x1F,0xFF,0xFE,0x00,0x1F,0xF8,0x00,0x1F,0xFF,0xFF,0x00,0x0F,0xFC,0x00,0x1F,0xFF,0xFF,0x80,0x07,0xFE,0x00,
  0x7F,0xFE,0xFF,0xC0,0x03,0xFF,0xFF,0xFF,0xFF,0x7F,0xE0,0x01,0xFF,0xFF,0xFF,0xFF,0x3F,0xF0,0x00,0xFF,0xFF,0xFF,0xFF,0x1F,
  0xF8,0x00,0x7F,0xFF,0xFF,0xFE,0x0F,0xFC,0x00,0x3F,0xFF,0xFF,0xFC,0x07,0xFE,0x00,0x1F,0xFF,0xFF,0xF0,0x00,0x07,0xFE,0x00,
  0x00,0x00,0x07,0xFE,0x00,0x00,0x00,0x07,0xFE,0x00,0x00,0x00,0x07,0xFE,0x00,0x00,0x00,0x07,0xFE,0x00,0x00,0x00,0xFF,0xFF,
  0xFF,0xC0,0x00,0xFF,0xFF,0xFF,0xC0,0x00,0xFF,0xFF,0xFF,0xC0,0x00,0xFF,0xFF,0xFF,0xC0,0x00,0xFF,0xFF,0xFF,0xC0,0x00,0xFF,
  0xFF,0xFF,0xC0,0x00,0x07,0xFE,0x00,0x00,0x00,0x07,0xFE,0x00,0x00,0x00,0x07,0xFE,0x00,0x00,0x00,0x07,0xFE,0x00,0x00,0x00,
  0x07,0xFE,0x01,0xFE,0x00,0x07,0xFE,0x07,0xFF,0xC0,0x07,0xFE,0x1F,0xFF,0xE0,0x07,0xFE,0x3F,0xFF,0xF0,0x07,0xFE,0x7F,0xFF,
  0xF8,0x07,0xFE,0xFF,0xFF,0xFC,0x07,0xFE,0xFF,0xFF,0xFC,0x07,0xFF,0xFF,0xFF,0xFC,0x07,0xFF,0xE0,0x3F,0xFE,0x07,0xFF,0xC0,
  0x0F,0xFE,0x07,0xFF,0x80,0x0F,0xFE,0x07,0xFF,0x80,0x07,0xFE,0x07,0xFF,0x00,0x07,0xFE,0x07,0xFF,0x00,0x07,0xFF,0x07,0xFE,
  0x00,0x07,0xFF,0x07,0xFE,0x00,0x03,0xFF,0x07,0xFE,0x00,0x03,0xFF,0x07,0xFE,0x00,0x03,0xFF,0x07,0xFE,0x00,0x03,0xFF,0x07,
  0xFE,0x00,0x03,0xFF,0x07,0xFE,0x00,0x03,0xFF,0x07,0xFE,0x00,0x03,0xFF,0x07,0xFE,0x00,0x03,0xFF,0x07,0xFE,0x00,0x03,0xFF,
  0x07,0xFE,0x00,0x03,0xFF,0x07,0xFE,0x00,0x03,0xFF,0x07,0xFE,0x00,0x03,0xFF,0x07,0xFE,0x00,0x03,0xFF,0x07,0xFE,0x00,0x03,
  0xFF,0x07,0xFE,0x00,0x03,0xFF,0x07,0xFE,0x00,0x03,0xFF,0x07,0xFE,0x00,0x03,0xFF,0x07,0xFE,0x00,0x03,0xFF,0x07,0xFE,0x00,
  0x03,0xFF,0x07,0xFE,0x00,0x03,0xFF,0x07,0xFE,0x00,0x03,0xFF,0x07,0xFE,0x00,0x03,0xFF,0x00,0x00,0x3F,0xE0,0x00,0x00,0xFF,
  0xC0,0x00,0x03,0xFF,0x00,0x00,0x0F,0xFC,0x00,0x00,0x3F,0xF0,0x00,0x00,0xFF,0x80,0x00,0x03,0xFE,0x00,0x00,0x0F,0xF8,0x00,
  0x00,0x3F,0xC0,0x00,0x00,0x7F,0x00,0x00,0x01,0xFC,0x00,0x00,0x00,0x00,0x00,0x00,0x00,0x00,0x00,0x00,0x00,0x00,0x00,0x00,
  0x00,0x00,0x00,0x7F,0xE0,0x03,0xFF,0xFF,0xC0,0x0F,0xFD,0xFF,0x80,0x1F,0xF3,0xFF,0x00,0x7F,0xE7,0xFE,0x00,0xFF,0x8F,0xFC,
  0x03,0xFF,0x1F,0xF8,0x07,0xFC,0x3F,0xF0,0x1F,0xF8,0x7F,0xE0,0x3F,0xE0,0xFF,0xC0,0xFF,0xC1,0xFF,0x81,0xFF,0x03,0xFF,0x07,
  0xFE,0x07,0xFE,0x0F,0xF8,0x0F,0xFC,0x3F,0xE0,0x1F,0xF8,0xFF,0xC0,0x3F,0xF3,0xFF,0x00,0x7F,0xFF,0xFC,0x00,0xFF,0xFF,0xF0,
  0x01,0xFF,0xFF,0xE0,0x03,0xFF,0xFF,0xE0,0x07,0xFF,0xFF,0xC0,0x0F,0xFF,0xFF,0xC0,0x1F,0xF8,0xFF,0x80,0x3F,0xF0,0xFF,0x80,
  0x7F,0xE1,0xFF,0x80,0xFF,0xC1,0xFF,0x01,0xFF,0x83,0xFF,0x03,0xFF,0x03,0xFE,0x07,0xFE,0x07,0xFE,0x0F,0xFC,0x07,0xFC,0x1F,
  0xF8,0x0F,0xFC,0x3F,0xF0,0x0F,0xFC,0x7F,0xE0,0x1F,0xF8,0xFF,0xC0,0x1F,0xF9,0xFF,0x80,0x3F,0xF3,0xFF,0x00,0x3F,0xF7,0xFE,
  0x00,0x7F,0xEF,0xFC,0x00,0x7F,0xE0,0x07,0xFC,0x00,0x00,0x01,0xFF,0x80,0x00,0x00,0x3F,0xF0,0x00,0x00,0x07,0xFE,0x00,0x00,
  0x00,0xFF,0xC0,0x00,0x00,0x0F,0xF8,0x00,0x00,0x01,0xFF,0x00,0x00,0x00,0x3F,0xE0,0x00,0x00,0x07,0xF8,0x00,0x00,0x00,0x7F,
  0x00,0x00,0x00,0x0F,0xE0,0x00,0x00,0x00,0x00,0x00,0x00,0x00,0x00,0x00,0x00,0x00,0x00,0x00,0x00,0x00,0x00,0x00,0x03,0xFE,
  0x00,0x03,0xFF,0xFF,0x80,0x01,0xFF,0xFF,0xE0,0x00,0x7F,0xFF,0xF8,0x00,0x3F,0xFF,0xFE,0x00,0x0F,0xFF,0xFF,0x80,0x07,0xFF,
  0xFF,0xE0,0x03,0xFF,0xFF,0xF8,0x00,0xFF,0xFF,0xFE,0x00,0x7F,0xFF,0xFF,0x80,0x1F,0xFF,0xFF,0xE0,0x0F,0xFF,0xFF,0xF8,0x03,
  0xFF,0xFF,0xFE,0x01,0xFF,0xFF,0xFF,0x80,0xFF,0x7F,0xFF,0xE0,0x3F,0xDF,0xFF,0xF8,0x1F,0xE7,0xFF,0xFE,0x07,0xF9,0xFF,0xFF,
  0x83,0xFC,0x7F,0xFF,0xE1,0xFF,0x1F,0xFF,0xF8,0x7F,0x87,0xFF,0xFE,0x3F,0xC1,0xFF,0xFF,0x8F,0xF0,0x7F,0xFF,0xE7,0xF8,0x1F,
  0xFF,0xF9,0xFE,0x07,0xFF,0xFE,0xFF,0x01,0xFF,0xFF,0xFF,0xC0,0x7F,0xFF,0xFF,0xE0,0x1F,0xFF,0xFF,0xF8,0x07,0xFF,0xFF,0xFC,
  0x01,0xFF,0xFF,0xFE,0x00,0x7F,0xFF,0xFF,0x80,0x1F,0xFF,0xFF,0xC0,0x07,0xFF,0xFF,0xF0,0x01,0xFF,0xFF,0xF8,0x00,0x7F,0xFF,
  0xFE,0x00,0x1F,0xFF,0xFF,0x00,0x07,0xFF,0xFF,0x80,0x01,0xFF,0xFF,0xE0,0x00,0x7F,0xC0,0x07,0xF8,0x00,0x7F,0x80,0x0F,0xF0,
  0x00,0xFF,0x00,0x1F,0xE0,0x01,0xFE,0x00,0x3F,0xC0,0x03,0xFC,0x00,0x7F,0xC0,0x0F,0xF8,0x00,0x7F,0xC0,0x3F,0xE0,0x00,0xFF,
  0xC0,0xFF,0xC0,0x00,0xFF,0xFF,0xFF,0x00,0x00,0xFF,0xFF,0xFC,0x00,0x00,0xFF,0xFF,0xF0,0x00,0x00,0x7F,0xFF,0x80,0x00,0x00,
  0x1F,0xF8,0x00,0x00,0x00,0x00,0x00,0x00,0x00,0x00,0x00,0x00,0x00,0x00,0x00,0x00,0x00,0x00,0x00,0x00,0x00,0x00,0x00,0xFF,
  0xC0,0x00,0x0F,0xFF,0xFF,0xC0,0x00,0x1F,0xFB,0xFF,0x80,0x00,0x7F,0xF3,0xFF,0x00,0x00,0xFF,0xC7,0xFF,0x00,0x01,0xFF,0x87,
  0xFE,0x00,0x03,0xFF,0x0F,0xFC,0x00,0x0F,0xFC,0x1F,0xFC,0x00,0x1F,0xF8,0x1F,0xF8,0x00,0x3F,0xF0,0x3F,0xF0,0x00,0xFF,0xC0,
  0x3F,0xF0,0x01,0xFF,0x80,0x7F,0xE0,0x03,0xFE,0x00,0xFF,0xC0,0x0F,0xFC,0x00,0xFF,0xC0,0x1F,0xF8,0x01,0xFF,0x80,0x3F,0xE0,
  0x01,0xFF,0x00,0xFF,0xC0,0x03,0xFF,0x01,0xFF,0x80,0x07,0xFE,0x03,0xFE,0x00,0x07,0xFC,0x07,0xFC,0x00,0x0F,0xFC,0x1F,0xF0,
  0x00,0x0F,0xF8,0x3F,0xE0,0x00,0x1F,0xF0,0x7F,0xC0,0x00,0x3F,0xF1,0xFF,0x00,0x00,0x3F,0xE3,0xFE,0x00,0x00,0x7F,0xC7,0xFC,
  0x00,0x00,0x7F,0x8F,0xF0,0x00,0x00,0xFF,0xBF,0xE0,0x00,0x01,0xFF,0x7F,0x80,0x00,0x01,0xFE,0xFF,0x00,0x00,0x03,0xFF,0xFE,
  0x00,0x00,0x03,0xFF,0xF8,0x00,0x00,0x07,0xFF,0xF0,0x00,0x00,0x0F,0xFF,0xE0,0x00,0x00,0x0F,0xFF,0x80,0x00,0x00,0x1F,0xFF,
  0x00,0x00,0x00,0x1F,0xFE,0x00,0x00,0x00,0x3F,0xF8,0x00,0x00,0x00,0x7F,0xF0,0x00,0x00,0x00,0xFF,0xC0,0x00,0x00,0x01,0xFF,
  0x80,0x00,0x00,0x07,0xFF,0x00,0x00,0x00,0x0F,0xFC,0x00,0x00,0x00,0x3F,0xF8,0x00,0x00,0x00,0x7F,0xE0,0x00,0x00,0x01,0xFF,
  0xC0,0x00,0x00,0x1F,0xFF,0x00,0x00,0x07,0xFF,0xFE,0x00,0x00,0x0F,0xFF,0xF8,0x00,0x00,0x1F,0xFF,0xE0,0x00,0x00,0x3F,0xFF,
  0x80,0x00,0x00,0x7F,0xFE,0x00,0x00,0x00,0xFF,0xF8,0x00,0x00,0x01,0xFF,0x80,0x00,0x00,0x00,0xFF,0xC0,0x01,0xFF,0xFF,0xF0,
  0x00,0x7F,0xFF,0xFC,0x00,0x1F,0xFF,0xFF,0x00,0x07,0xFF,0xFF,0xC0,0x01,0xFF,0xFF,0xF0,0x00,0x7F,0xFF,0xFC,0x00,0x1F,0xFF,
  0xFF,0x00,0x07,0xFF,0xFF,0xC0,0x01,0xFF,0xFF,0xF0,0x00,0x7F,0xFF,0xFC,0x00,0x1F,0xFF,0xFF,0x00,0x07,0xFF,0xFF,0xC0,0x01,
  0xFF,0xFF,0xF0,0x00,0x7F,0xFF,0xFC,0x00,0x1F,0xFF,0xFF,0x00,0x07,0xFF,0xFF,0xC0,0x01,0xFF,0xFF,0xF0,0x00,0x7F,0xFF,0xFC,
  0x00,0x1F,0xFF,0xFF,0x00,0x07,0xFF,0xFF,0xC0,0x01,0xFF,0xFF,0xF0,0x00,0x7F,0xFF,0xFC,0x00,0x1F,0xFF,0xFF,0x00,0x07,0xFF,
  0xFF,0xC0,0x01,0xFF,0xFF,0xF0,0x00,0x7F,0xFF,0xFC,0x00,0x1F,0xFF,0xFF,0x00,0x07,0xFF,0xFF,0xC0,0x01,0xFF,0xFF,0xF0,0x00,
  0x7F,0xFF,0xFC,0x00,0x1F,0xFF,0xFF,0xFF,0xFF,0xFF,0xFF,0xFF,0xFF,0xFF,0xFF,0xFF,0xFF,0xFF,0xFF,0xFF,0xFF,0xFF,0xFF,0xFF,
  0xFF,0xFF,0xFF,0xFF,0xFF,0xFF,0xFF,0xFF,0xFF,0xFF,0xFF,0xF0,0x00,0xFF,0x80,0x00,0x00,0x3F,0xE0,0x00,0x00,0x0F,0xF8,0x00,
  0x00,0x03,0xFE,0x00,0x00,0x00,0xFF,0x80,0x00,0x00,0x3F,0xE0,0x00,0x00,0x0F,0xF8,0x00,0x00,0x03,0xFE,0x00,0x00,0x00,0xFF,
  0x80,0x00,0x00,0x3F,0xE0,0x00,0x00,0x0F,0xF8,0x00,0x00,0x03,0xFE,0x00,0x00,0x00,0xFF,0x80,0x00,0x00,0x3F,0xE0,0x00,
  0x00};
static const lgfx::GFXglyph LibSans50_glyphs[] PROGMEM = {
  {0,0,0,20,0,0},
  {0,10,50,24,7,-50},
  {63,24,18,34,5,-50},
  {117,38,49,40,1,-49},
  {350,38,59,40,1,-54},
  {631,60,52,64,2,-51},
  {1021,47,52,52,3,-51},
  {1327,9,18,17,4,-50},
  {1348,20,67,24,4,-52},
  {1516,20,67,24,0,-52},
  {1684,28,27,28,0,-50},
  {1779,36,36,42,3,-42},
  {1941,10,22,20,5,-11},
  {1969,18,9,24,3,-23},
  {1990,10,11,20,5,-11},
  {2004,18,53,20,1,-52},
  {2124,34,52,40,3,-51},
  {2345,34,50,40,4,-50},
  {2558,35,51,40,2,-51},
  {2782,35,52,40,2,-51},
  {3010,39,50,40,1,-50},
  {3254,36,51,40,2,-50},
  {3484,34,52,40,3,-51},
  {3705,34,50,40,3,-50},
  {3918,36,52,40,2,-51},
  {4152,35,52,40,2,-51},
  {4380,10,36,24,7,-36},
  {4425,10,47,24,7,-36},
  {4484,36,39,42,3,-43},
  {4660,36,27,42,3,-37},
  {4782,36,39,42,3,-43},
  {4958,37,51,44,3,-51},
  {5194,62,62,70,4,-51},
  {5675,48,50,52,2,-50},
  {5975,44,50,52,5,-50},
  {6250,47,52,52,3,-51},
  {6556,44,50,52,5,-50},
  {6831,40,50,48,5,-50},
  {7081,36,50,44,5,-50},
  {7306,49,52,56,3,-51},
  {7625,42,50,52,5,-50},
  {7888,10,50,20,5,-50},
  {7951,34,51,40,1,-50},
  {8168,46,50,52,5,-50},
  {8456,37,50,44,5,-50},
  {8688,50,50,60,5,-50},
  {9001,42,50,52,5,-50},
  {9264,50,52,56,3,-51},
  {9589,41,50,48,5,-50},
  {9846,50,66,56,3,-51},
  {10259,45,50,52,5,-50},
  {10541,43,52,48,2,-51},
  {10821,42,50,44,1,-50},
  {11084,44,51,52,4,-50},
  {11365,46,50,48,1,-50},
  {11653,68,50,68,0,-50},
  {12078,46,50,48,1,-50},
  {12366,46,51,48,1,-51},
  {12660,40,50,44,2,-50},
  {12910,19,67,24,4,-52},
  {13070,18,53,20,1,-52},
  {13190,19,67,24,1,-52},
  {13350,38,31,42,2,-50},
  {13498,42,3,40,-1,6},
  {13514,18,11,24,2,-53},
  {13539,39,40,40,2,-39},
  {13734,36,53,44,5,-52},
  {13973,35,40,40,3,-39},
  {14148,36,53,44,3,-52},
  {14387,35,40,40,3,-39},
  {14562,23,52,24,1,-52},
  {14712,36,54,44,3,-39},
  {14955,35,52,44,5,-52},
  {15183,10,52,20,5,-52},
  {15248,16,67,20,-1,-52},
  {15382,35,52,40,5,-52},
  {15610,10,52,20,5,-52},
  {15675,55,39,64,5,-39},
  {15944,35,39,44,5,-39},
  {16115,38,40,44,3,-39},
  {16305,36,54,44,5,-39},
  {16548,36,54,44,3,-39},
  {16791,22,39,28,5,-39},
  {16899,34,40,40,3,-39},
  {17069,22,48,24,1,-47},
  {17201,35,39,44,4,-38},
  {17372,40,38,40,0,-38},
  {17562,56,38,56,0,-38},
  {17828,38,38,40,1,-38},
  {18009,39,53,40,1,-38},
  {18268,30,38,36,3,-38},
  {18411,26,67,28,1,-52},
  {18629,10,68,20,5,-52},
  {18714,26,67,28,1,-52},
  {18932,36,11,42,3,-29},
  {0,0,0,0,0,0},
  {0,0,0,0,0,0},
  {0,0,0,0,0,0},
  {0,0,0,0,0,0},
  {0,0,0,0,0,0},
  {0,0,0,0,0,0},
  {0,0,0,0,0,0},
  {0,0,0,0,0,0},
  {0,0,0,0,0,0},
  {0,0,0,0,0,0},
  {0,0,0,0,0,0},
  {0,0,0,0,0,0},
  {0,0,0,0,0,0},
  {0,0,0,0,0,0},
  {0,0,0,0,0,0},
  {0,0,0,0,0,0},
  {0,0,0,0,0,0},
  {0,0,0,0,0,0},
  {0,0,0,0,0,0},
  {0,0,0,0,0,0},
  {0,0,0,0,0,0},
  {0,0,0,0,0,0},
  {0,0,0,0,0,0},
  {0,0,0,0,0,0},
  {0,0,0,0,0,0},
  {0,0,0,0,0,0},
  {0,0,0,0,0,0},
  {0,0,0,0,0,0},
  {0,0,0,0,0,0},
  {0,0,0,0,0,0},
  {0,0,0,0,0,0},
  {0,0,0,0,0,0},
  {0,0,0,0,0,0},
  {0,0,0,0,0,0},
  {0,0,0,0,0,0},
  {0,0,0,0,0,0},
  {0,0,0,0,0,0},
  {0,0,0,0,0,0},
  {0,0,0,0,0,0},
  {0,0,0,0,0,0},
  {0,0,0,0,0,0},
  {0,0,0,0,0,0},
  {0,0,0,0,0,0},
  {0,0,0,0,0,0},
  {0,0,0,0,0,0},
  {0,0,0,0,0,0},
  {0,0,0,0,0,0},
  {0,0,0,0,0,0},
  {0,0,0,0,0,0},
  {18982,23,22,29,3,-51},
  {0,0,0,0,0,0},
  {0,0,0,0,0,0},
  {0,0,0,0,0,0},
  {0,0,0,0,0,0},
  {0,0,0,0,0,0},
  {0,0,0,0,0,0},
  {0,0,0,0,0,0},
  {0,0,0,0,0,0},
  {0,0,0,0,0,0},
  {0,0,0,0,0,0},
  {0,0,0,0,0,0},
  {0,0,0,0,0,0},
  {0,0,0,0,0,0},
  {0,0,0,0,0,0},
  {0,0,0,0,0,0},
  {0,0,0,0,0,0},
  {0,0,0,0,0,0},
  {0,0,0,0,0,0},
  {0,0,0,0,0,0},
  {0,0,0,0,0,0},
  {0,0,0,0,0,0},
  {0,0,0,0,0,0},
  {0,0,0,0,0,0},
  {0,0,0,0,0,0},
  {0,0,0,0,0,0},
  {0,0,0,0,0,0},
  {0,0,0,0,0,0},
  {0,0,0,0,0,0},
  {0,0,0,0,0,0},
  {0,0,0,0,0,0},
  {0,0,0,0,0,0},
  {0,0,0,0,0,0},
  {0,0,0,0,0,0},
  {0,0,0,0,0,0},
  {0,0,0,0,0,0},
  {0,0,0,0,0,0},
  {0,0,0,0,0,0},
  {0,0,0,0,0,0},
  {0,0,0,0,0,0},
  {0,0,0,0,0,0},
  {0,0,0,0,0,0},
  {0,0,0,0,0,0},
  {0,0,0,0,0,0},
  {0,0,0,0,0,0},
  {0,0,0,0,0,0},
  {0,0,0,0,0,0},
  {0,0,0,0,0,0},
  {0,0,0,0,0,0},
  {0,0,0,0,0,0},
  {0,0,0,0,0,0},
  {0,0,0,0,0,0},
  {0,0,0,0,0,0},
  {0,0,0,0,0,0},
  {0,0,0,0,0,0},
  {0,0,0,0,0,0},
  {0,0,0,0,0,0},
  {0,0,0,0,0,0},
  {0,0,0,0,0,0},
  {0,0,0,0,0,0},
  {0,0,0,0,0,0},
  {0,0,0,0,0,0},
  {0,0,0,0,0,0},
  {0,0,0,0,0,0},
  {0,0,0,0,0,0},
  {0,0,0,0,0,0},
  {0,0,0,0,0,0},
  {0,0,0,0,0,0},
  {0,0,0,0,0,0},
  {0,0,0,0,0,0},
  {0,0,0,0,0,0},
  {0,0,0,0,0,0},
  {0,0,0,0,0,0},
  {0,0,0,0,0,0},
  {0,0,0,0,0,0},
  {0,0,0,0,0,0},
  {0,0,0,0,0,0},
  {0,0,0,0,0,0},
  {0,0,0,0,0,0},
  {0,0,0,0,0,0},
  {0,0,0,0,0,0},
  {0,0,0,0,0,0},
  {0,0,0,0,0,0},
  {0,0,0,0,0,0},
  {0,0,0,0,0,0},
  {0,0,0,0,0,0},
  {0,0,0,0,0,0},
  {0,0,0,0,0,0},
  {0,0,0,0,0,0},
  {0,0,0,0,0,0},
  {0,0,0,0,0,0},
  {0,0,0,0,0,0},
  {0,0,0,0,0,0},
  {0,0,0,0,0,0},
  {0,0,0,0,0,0},
  {0,0,0,0,0,0},
  {0,0,0,0,0,0},
  {0,0,0,0,0,0},
  {0,0,0,0,0,0},
  {0,0,0,0,0,0},
  {0,0,0,0,0,0},
  {0,0,0,0,0,0},
  {0,0,0,0,0,0},
  {0,0,0,0,0,0},
  {0,0,0,0,0,0},
  {0,0,0,0,0,0},
  {0,0,0,0,0,0},
  {0,0,0,0,0,0},
  {0,0,0,0,0,0},
  {0,0,0,0,0,0},
  {0,0,0,0,0,0},
  {0,0,0,0,0,0},
  {0,0,0,0,0,0},
  {0,0,0,0,0,0},
  {0,0,0,0,0,0},
  {0,0,0,0,0,0},
  {0,0,0,0,0,0},
  {0,0,0,0,0,0},
  {0,0,0,0,0,0},
  {0,0,0,0,0,0},
  {0,0,0,0,0,0},
  {0,0,0,0,0,0},
  {0,0,0,0,0,0},
  {0,0,0,0,0,0},
  {0,0,0,0,0,0},
  {0,0,0,0,0,0},
  {0,0,0,0,0,0},
  {0,0,0,0,0,0},
  {0,0,0,0,0,0},
  {0,0,0,0,0,0},
  {0,0,0,0,0,0},
  {0,0,0,0,0,0},
  {0,0,0,0,0,0},
  {0,0,0,0,0,0},
  {0,0,0,0,0,0},
  {0,0,0,0,0,0},
  {0,0,0,0,0,0},
  {0,0,0,0,0,0},
  {0,0,0,0,0,0},
  {0,0,0,0,0,0},
  {0,0,0,0,0,0},
  {0,0,0,0,0,0},
  {0,0,0,0,0,0},
  {0,0,0,0,0,0},
  {0,0,0,0,0,0},
  {0,0,0,0,0,0},
  {0,0,0,0,0,0},
  {0,0,0,0,0,0},
  {0,0,0,0,0,0},
  {0,0,0,0,0,0},
  {0,0,0,0,0,0},
  {0,0,0,0,0,0},
  {0,0,0,0,0,0},
  {0,0,0,0,0,0},
  {0,0,0,0,0,0},
  {0,0,0,0,0,0},
  {0,0,0,0,0,0},
  {0,0,0,0,0,0},
  {0,0,0,0,0,0},
  {0,0,0,0,0,0},
  {0,0,0,0,0,0},
  {0,0,0,0,0,0},
  {0,0,0,0,0,0},
  {0,0,0,0,0,0},
  {0,0,0,0,0,0},
  {0,0,0,0,0,0},
  {0,0,0,0,0,0},
  {0,0,0,0,0,0},
  {0,0,0,0,0,0},
  {0,0,0,0,0,0},
  {0,0,0,0,0,0},
  {0,0,0,0,0,0},
  {0,0,0,0,0,0},
  {0,0,0,0,0,0},
  {0,0,0,0,0,0},
  {0,0,0,0,0,0},
  {0,0,0,0,0,0},
  {0,0,0,0,0,0},
  {0,0,0,0,0,0},
  {0,0,0,0,0,0},
  {0,0,0,0,0,0},
  {0,0,0,0,0,0},
  {0,0,0,0,0,0},
  {0,0,0,0,0,0},
  {0,0,0,0,0,0},
  {0,0,0,0,0,0},
  {0,0,0,0,0,0},
  {0,0,0,0,0,0},
  {0,0,0,0,0,0},
  {0,0,0,0,0,0},
  {0,0,0,0,0,0},
  {0,0,0,0,0,0},
  {0,0,0,0,0,0},
  {0,0,0,0,0,0},
  {0,0,0,0,0,0},
  {0,0,0,0,0,0},
  {0,0,0,0,0,0},
  {0,0,0,0,0,0},
  {0,0,0,0,0,0},
  {0,0,0,0,0,0},
  {0,0,0,0,0,0},
  {0,0,0,0,0,0},
  {0,0,0,0,0,0},
  {0,0,0,0,0,0},
  {0,0,0,0,0,0},
  {0,0,0,0,0,0},
  {0,0,0,0,0,0},
  {0,0,0,0,0,0},
  {0,0,0,0,0,0},
  {0,0,0,0,0,0},
  {0,0,0,0,0,0},
  {0,0,0,0,0,0},
  {0,0,0,0,0,0},
  {0,0,0,0,0,0},
  {0,0,0,0,0,0},
  {0,0,0,0,0,0},
  {0,0,0,0,0,0},
  {0,0,0,0,0,0},
  {0,0,0,0,0,0},
  {0,0,0,0,0,0},
  {0,0,0,0,0,0},
  {0,0,0,0,0,0},
  {0,0,0,0,0,0},
  {0,0,0,0,0,0},
  {0,0,0,0,0,0},
  {0,0,0,0,0,0},
  {0,0,0,0,0,0},
  {0,0,0,0,0,0},
  {0,0,0,0,0,0},
  {0,0,0,0,0,0},
  {0,0,0,0,0,0},
  {0,0,0,0,0,0},
  {0,0,0,0,0,0},
  {0,0,0,0,0,0},
  {0,0,0,0,0,0},
  {0,0,0,0,0,0},
  {0,0,0,0,0,0},
  {0,0,0,0,0,0},
  {0,0,0,0,0,0},
  {0,0,0,0,0,0},
  {0,0,0,0,0,0},
  {0,0,0,0,0,0},
  {0,0,0,0,0,0},
  {0,0,0,0,0,0},
  {0,0,0,0,0,0},
  {0,0,0,0,0,0},
  {0,0,0,0,0,0},
  {0,0,0,0,0,0},
  {0,0,0,0,0,0},
  {0,0,0,0,0,0},
  {0,0,0,0,0,0},
  {0,0,0,0,0,0},
  {0,0,0,0,0,0},
  {0,0,0,0,0,0},
  {0,0,0,0,0,0},
  {0,0,0,0,0,0},
  {0,0,0,0,0,0},
  {0,0,0,0,0,0},
  {0,0,0,0,0,0},
  {0,0,0,0,0,0},
  {0,0,0,0,0,0},
  {0,0,0,0,0,0},
  {0,0,0,0,0,0},
  {0,0,0,0,0,0},
  {0,0,0,0,0,0},
  {0,0,0,0,0,0},
  {0,0,0,0,0,0},
  {0,0,0,0,0,0},
  {0,0,0,0,0,0},
  {0,0,0,0,0,0},
  {0,0,0,0,0,0},
  {0,0,0,0,0,0},
  {0,0,0,0,0,0},
  {0,0,0,0,0,0},
  {0,0,0,0,0,0},
  {0,0,0,0,0,0},
  {0,0,0,0,0,0},
  {0,0,0,0,0,0},
  {0,0,0,0,0,0},
  {0,0,0,0,0,0},
  {0,0,0,0,0,0},
  {0,0,0,0,0,0},
  {0,0,0,0,0,0},
  {0,0,0,0,0,0},
  {0,0,0,0,0,0},
  {0,0,0,0,0,0},
  {0,0,0,0,0,0},
  {0,0,0,0,0,0},
  {0,0,0,0,0,0},
  {0,0,0,0,0,0},
  {0,0,0,0,0,0},
  {0,0,0,0,0,0},
  {0,0,0,0,0,0},
  {0,0,0,0,0,0},
  {0,0,0,0,0,0},
  {0,0,0,0,0,0},
  {0,0,0,0,0,0},
  {0,0,0,0,0,0},
  {0,0,0,0,0,0},
  {0,0,0,0,0,0},
  {0,0,0,0,0,0},
  {0,0,0,0,0,0},
  {0,0,0,0,0,0},
  {0,0,0,0,0,0},
  {0,0,0,0,0,0},
  {0,0,0,0,0,0},
  {0,0,0,0,0,0},
  {0,0,0,0,0,0},
  {0,0,0,0,0,0},
  {0,0,0,0,0,0},
  {0,0,0,0,0,0},
  {0,0,0,0,0,0},
  {0,0,0,0,0,0},
  {0,0,0,0,0,0},
  {0,0,0,0,0,0},
  {0,0,0,0,0,0},
  {0,0,0,0,0,0},
  {0,0,0,0,0,0},
  {0,0,0,0,0,0},
  {0,0,0,0,0,0},
  {0,0,0,0,0,0},
  {0,0,0,0,0,0},
  {0,0,0,0,0,0},
  {0,0,0,0,0,0},
  {0,0,0,0,0,0},
  {0,0,0,0,0,0},
  {0,0,0,0,0,0},
  {0,0,0,0,0,0},
  {0,0,0,0,0,0},
  {0,0,0,0,0,0},
  {0,0,0,0,0,0},
  {0,0,0,0,0,0},
  {0,0,0,0,0,0},
  {0,0,0,0,0,0},
  {0,0,0,0,0,0},
  {0,0,0,0,0,0},
  {0,0,0,0,0,0},
  {0,0,0,0,0,0},
  {0,0,0,0,0,0},
  {0,0,0,0,0,0},
  {0,0,0,0,0,0},
  {0,0,0,0,0,0},
  {0,0,0,0,0,0},
  {0,0,0,0,0,0},
  {0,0,0,0,0,0},
  {0,0,0,0,0,0},
  {0,0,0,0,0,0},
  {0,0,0,0,0,0},
  {0,0,0,0,0,0},
  {0,0,0,0,0,0},
  {0,0,0,0,0,0},
  {0,0,0,0,0,0},
  {0,0,0,0,0,0},
  {0,0,0,0,0,0},
  {0,0,0,0,0,0},
  {0,0,0,0,0,0},
  {0,0,0,0,0,0},
  {0,0,0,0,0,0},
  {0,0,0,0,0,0},
  {0,0,0,0,0,0},
  {0,0,0,0,0,0},
  {0,0,0,0,0,0},
  {0,0,0,0,0,0},
  {0,0,0,0,0,0},
  {0,0,0,0,0,0},
  {0,0,0,0,0,0},
  {0,0,0,0,0,0},
  {0,0,0,0,0,0},
  {0,0,0,0,0,0},
  {0,0,0,0,0,0},
  {0,0,0,0,0,0},
  {0,0,0,0,0,0},
  {0,0,0,0,0,0},
  {0,0,0,0,0,0},
  {0,0,0,0,0,0},
  {0,0,0,0,0,0},
  {0,0,0,0,0,0},
  {0,0,0,0,0,0},
  {0,0,0,0,0,0},
  {0,0,0,0,0,0},
  {0,0,0,0,0,0},
  {0,0,0,0,0,0},
  {0,0,0,0,0,0},
  {0,0,0,0,0,0},
  {0,0,0,0,0,0},
  {0,0,0,0,0,0},
  {0,0,0,0,0,0},
  {0,0,0,0,0,0},
  {0,0,0,0,0,0},
  {0,0,0,0,0,0},
  {0,0,0,0,0,0},
  {0,0,0,0,0,0},
  {0,0,0,0,0,0},
  {0,0,0,0,0,0},
  {0,0,0,0,0,0},
  {0,0,0,0,0,0},
  {0,0,0,0,0,0},
  {0,0,0,0,0,0},
  {0,0,0,0,0,0},
  {0,0,0,0,0,0},
  {0,0,0,0,0,0},
  {0,0,0,0,0,0},
  {0,0,0,0,0,0},
  {0,0,0,0,0,0},
  {0,0,0,0,0,0},
  {0,0,0,0,0,0},
  {0,0,0,0,0,0},
  {0,0,0,0,0,0},
  {0,0,0,0,0,0},
  {0,0,0,0,0,0},
  {0,0,0,0,0,0},
  {0,0,0,0,0,0},
  {0,0,0,0,0,0},
  {0,0,0,0,0,0},
  {0,0,0,0,0,0},
  {0,0,0,0,0,0},
  {0,0,0,0,0,0},
  {0,0,0,0,0,0},
  {0,0,0,0,0,0},
  {0,0,0,0,0,0},
  {0,0,0,0,0,0},
  {0,0,0,0,0,0},
  {0,0,0,0,0,0},
  {0,0,0,0,0,0},
  {0,0,0,0,0,0},
  {0,0,0,0,0,0},
  {0,0,0,0,0,0},
  {0,0,0,0,0,0},
  {0,0,0,0,0,0},
  {0,0,0,0,0,0},
  {0,0,0,0,0,0},
  {0,0,0,0,0,0},
  {0,0,0,0,0,0},
  {0,0,0,0,0,0},
  {0,0,0,0,0,0},
  {0,0,0,0,0,0},
  {0,0,0,0,0,0},
  {0,0,0,0,0,0},
  {0,0,0,0,0,0},
  {0,0,0,0,0,0},
  {0,0,0,0,0,0},
  {0,0,0,0,0,0},
  {0,0,0,0,0,0},
  {0,0,0,0,0,0},
  {0,0,0,0,0,0},
  {0,0,0,0,0,0},
  {0,0,0,0,0,0},
  {0,0,0,0,0,0},
  {0,0,0,0,0,0},
  {0,0,0,0,0,0},
  {0,0,0,0,0,0},
  {0,0,0,0,0,0},
  {0,0,0,0,0,0},
  {0,0,0,0,0,0},
  {0,0,0,0,0,0},
  {0,0,0,0,0,0},
  {0,0,0,0,0,0},
  {0,0,0,0,0,0},
  {0,0,0,0,0,0},
  {0,0,0,0,0,0},
  {0,0,0,0,0,0},
  {0,0,0,0,0,0},
  {0,0,0,0,0,0},
  {0,0,0,0,0,0},
  {0,0,0,0,0,0},
  {0,0,0,0,0,0},
  {0,0,0,0,0,0},
  {0,0,0,0,0,0},
  {0,0,0,0,0,0},
  {0,0,0,0,0,0},
  {0,0,0,0,0,0},
  {0,0,0,0,0,0},
  {0,0,0,0,0,0},
  {0,0,0,0,0,0},
  {0,0,0,0,0,0},
  {0,0,0,0,0,0},
  {0,0,0,0,0,0},
  {0,0,0,0,0,0},
  {0,0,0,0,0,0},
  {0,0,0,0,0,0},
  {0,0,0,0,0,0},
  {0,0,0,0,0,0},
  {0,0,0,0,0,0},
  {0,0,0,0,0,0},
  {0,0,0,0,0,0},
  {0,0,0,0,0,0},
  {0,0,0,0,0,0},
  {0,0,0,0,0,0},
  {0,0,0,0,0,0},
  {0,0,0,0,0,0},
  {0,0,0,0,0,0},
  {0,0,0,0,0,0},
  {0,0,0,0,0,0},
  {0,0,0,0,0,0},
  {0,0,0,0,0,0},
  {0,0,0,0,0,0},
  {0,0,0,0,0,0},
  {0,0,0,0,0,0},
  {0,0,0,0,0,0},
  {0,0,0,0,0,0},
  {0,0,0,0,0,0},
  {0,0,0,0,0,0},
  {0,0,0,0,0,0},
  {0,0,0,0,0,0},
  {0,0,0,0,0,0},
  {0,0,0,0,0,0},
  {0,0,0,0,0,0},
  {0,0,0,0,0,0},
  {0,0,0,0,0,0},
  {0,0,0,0,0,0},
  {0,0,0,0,0,0},
  {0,0,0,0,0,0},
  {0,0,0,0,0,0},
  {0,0,0,0,0,0},
  {0,0,0,0,0,0},
  {0,0,0,0,0,0},
  {0,0,0,0,0,0},
  {0,0,0,0,0,0},
  {0,0,0,0,0,0},
  {0,0,0,0,0,0},
  {0,0,0,0,0,0},
  {0,0,0,0,0,0},
  {0,0,0,0,0,0},
  {0,0,0,0,0,0},
  {0,0,0,0,0,0},
  {0,0,0,0,0,0},
  {0,0,0,0,0,0},
  {0,0,0,0,0,0},
  {0,0,0,0,0,0},
  {0,0,0,0,0,0},
  {0,0,0,0,0,0},
  {0,0,0,0,0,0},
  {0,0,0,0,0,0},
  {0,0,0,0,0,0},
  {0,0,0,0,0,0},
  {0,0,0,0,0,0},
  {0,0,0,0,0,0},
  {0,0,0,0,0,0},
  {0,0,0,0,0,0},
  {0,0,0,0,0,0},
  {0,0,0,0,0,0},
  {0,0,0,0,0,0},
  {0,0,0,0,0,0},
  {0,0,0,0,0,0},
  {0,0,0,0,0,0},
  {0,0,0,0,0,0},
  {0,0,0,0,0,0},
  {0,0,0,0,0,0},
  {0,0,0,0,0,0},
  {0,0,0,0,0,0},
  {0,0,0,0,0,0},
  {0,0,0,0,0,0},
  {0,0,0,0,0,0},
  {0,0,0,0,0,0},
  {0,0,0,0,0,0},
  {0,0,0,0,0,0},
  {0,0,0,0,0,0},
  {0,0,0,0,0,0},
  {0,0,0,0,0,0},
  {0,0,0,0,0,0},
  {0,0,0,0,0,0},
  {0,0,0,0,0,0},
  {0,0,0,0,0,0},
  {0,0,0,0,0,0},
  {0,0,0,0,0,0},
  {0,0,0,0,0,0},
  {0,0,0,0,0,0},
  {0,0,0,0,0,0},
  {0,0,0,0,0,0},
  {0,0,0,0,0,0},
  {0,0,0,0,0,0},
  {0,0,0,0,0,0},
  {0,0,0,0,0,0},
  {0,0,0,0,0,0},
  {0,0,0,0,0,0},
  {0,0,0,0,0,0},
  {0,0,0,0,0,0},
  {0,0,0,0,0,0},
  {0,0,0,0,0,0},
  {0,0,0,0,0,0},
  {0,0,0,0,0,0},
  {0,0,0,0,0,0},
  {0,0,0,0,0,0},
  {0,0,0,0,0,0},
  {0,0,0,0,0,0},
  {0,0,0,0,0,0},
  {0,0,0,0,0,0},
  {0,0,0,0,0,0},
  {0,0,0,0,0,0},
  {0,0,0,0,0,0},
  {0,0,0,0,0,0},
  {0,0,0,0,0,0},
  {0,0,0,0,0,0},
  {0,0,0,0,0,0},
  {0,0,0,0,0,0},
  {0,0,0,0,0,0},
  {0,0,0,0,0,0},
  {0,0,0,0,0,0},
  {0,0,0,0,0,0},
  {0,0,0,0,0,0},
  {0,0,0,0,0,0},
  {0,0,0,0,0,0},
  {0,0,0,0,0,0},
  {0,0,0,0,0,0},
  {0,0,0,0,0,0},
  {0,0,0,0,0,0},
  {0,0,0,0,0,0},
  {0,0,0,0,0,0},
  {0,0,0,0,0,0},
  {0,0,0,0,0,0},
  {0,0,0,0,0,0},
  {0,0,0,0,0,0},
  {0,0,0,0,0,0},
  {0,0,0,0,0,0},
  {0,0,0,0,0,0},
  {0,0,0,0,0,0},
  {0,0,0,0,0,0},
  {0,0,0,0,0,0},
  {0,0,0,0,0,0},
  {0,0,0,0,0,0},
  {0,0,0,0,0,0},
  {0,0,0,0,0,0},
  {0,0,0,0,0,0},
  {0,0,0,0,0,0},
  {0,0,0,0,0,0},
  {0,0,0,0,0,0},
  {0,0,0,0,0,0},
  {0,0,0,0,0,0},
  {0,0,0,0,0,0},
  {0,0,0,0,0,0},
  {0,0,0,0,0,0},
  {0,0,0,0,0,0},
  {0,0,0,0,0,0},
  {0,0,0,0,0,0},
  {0,0,0,0,0,0},
  {0,0,0,0,0,0},
  {0,0,0,0,0,0},
  {0,0,0,0,0,0},
  {0,0,0,0,0,0},
  {0,0,0,0,0,0},
  {0,0,0,0,0,0},
  {0,0,0,0,0,0},
  {0,0,0,0,0,0},
  {0,0,0,0,0,0},
  {0,0,0,0,0,0},
  {0,0,0,0,0,0},
  {0,0,0,0,0,0},
  {0,0,0,0,0,0},
  {0,0,0,0,0,0},
  {0,0,0,0,0,0},
  {0,0,0,0,0,0},
  {0,0,0,0,0,0},
  {0,0,0,0,0,0},
  {0,0,0,0,0,0},
  {0,0,0,0,0,0},
  {0,0,0,0,0,0},
  {0,0,0,0,0,0},
  {0,0,0,0,0,0},
  {0,0,0,0,0,0},
  {0,0,0,0,0,0},
  {0,0,0,0,0,0},
  {0,0,0,0,0,0},
  {0,0,0,0,0,0},
  {0,0,0,0,0,0},
  {0,0,0,0,0,0},
  {0,0,0,0,0,0},
  {0,0,0,0,0,0},
  {0,0,0,0,0,0},
  {0,0,0,0,0,0},
  {0,0,0,0,0,0},
  {0,0,0,0,0,0},
  {0,0,0,0,0,0},
  {0,0,0,0,0,0},
  {0,0,0,0,0,0},
  {0,0,0,0,0,0},
  {0,0,0,0,0,0},
  {0,0,0,0,0,0},
  {0,0,0,0,0,0},
  {0,0,0,0,0,0},
  {0,0,0,0,0,0},
  {0,0,0,0,0,0},
  {0,0,0,0,0,0},
  {0,0,0,0,0,0},
  {0,0,0,0,0,0},
  {0,0,0,0,0,0},
  {0,0,0,0,0,0},
  {0,0,0,0,0,0},
  {0,0,0,0,0,0},
  {0,0,0,0,0,0},
  {0,0,0,0,0,0},
  {0,0,0,0,0,0},
  {0,0,0,0,0,0},
  {0,0,0,0,0,0},
  {0,0,0,0,0,0},
  {0,0,0,0,0,0},
  {0,0,0,0,0,0},
  {0,0,0,0,0,0},
  {0,0,0,0,0,0},
  {0,0,0,0,0,0},
  {0,0,0,0,0,0},
  {0,0,0,0,0,0},
  {0,0,0,0,0,0},
  {0,0,0,0,0,0},
  {0,0,0,0,0,0},
  {0,0,0,0,0,0},
  {0,0,0,0,0,0},
  {0,0,0,0,0,0},
  {0,0,0,0,0,0},
  {0,0,0,0,0,0},
  {0,0,0,0,0,0},
  {0,0,0,0,0,0},
  {0,0,0,0,0,0},
  {0,0,0,0,0,0},
  {0,0,0,0,0,0},
  {0,0,0,0,0,0},
  {0,0,0,0,0,0},
  {0,0,0,0,0,0},
  {0,0,0,0,0,0},
  {0,0,0,0,0,0},
  {0,0,0,0,0,0},
  {0,0,0,0,0,0},
  {0,0,0,0,0,0},
  {0,0,0,0,0,0},
  {0,0,0,0,0,0},
  {0,0,0,0,0,0},
  {0,0,0,0,0,0},
  {0,0,0,0,0,0},
  {0,0,0,0,0,0},
  {0,0,0,0,0,0},
  {0,0,0,0,0,0},
  {0,0,0,0,0,0},
  {0,0,0,0,0,0},
  {0,0,0,0,0,0},
  {0,0,0,0,0,0},
  {0,0,0,0,0,0},
  {0,0,0,0,0,0},
  {0,0,0,0,0,0},
  {0,0,0,0,0,0},
  {0,0,0,0,0,0},
  {0,0,0,0,0,0},
  {0,0,0,0,0,0},
  {0,0,0,0,0,0},
  {0,0,0,0,0,0},
  {0,0,0,0,0,0},
  {0,0,0,0,0,0},
  {0,0,0,0,0,0},
  {0,0,0,0,0,0},
  {0,0,0,0,0,0},
  {0,0,0,0,0,0},
  {0,0,0,0,0,0},
  {0,0,0,0,0,0},
  {0,0,0,0,0,0},
  {0,0,0,0,0,0},
  {0,0,0,0,0,0},
  {0,0,0,0,0,0},
  {0,0,0,0,0,0},
  {0,0,0,0,0,0},
  {0,0,0,0,0,0},
  {0,0,0,0,0,0},
  {0,0,0,0,0,0},
  {0,0,0,0,0,0},
  {0,0,0,0,0,0},
  {0,0,0,0,0,0},
  {0,0,0,0,0,0},
  {0,0,0,0,0,0},
  {0,0,0,0,0,0},
  {0,0,0,0,0,0},
  {0,0,0,0,0,0},
  {0,0,0,0,0,0},
  {0,0,0,0,0,0},
  {0,0,0,0,0,0},
  {0,0,0,0,0,0},
  {0,0,0,0,0,0},
  {0,0,0,0,0,0},
  {0,0,0,0,0,0},
  {0,0,0,0,0,0},
  {0,0,0,0,0,0},
  {0,0,0,0,0,0},
  {0,0,0,0,0,0},
  {0,0,0,0,0,0},
  {0,0,0,0,0,0},
  {0,0,0,0,0,0},
  {0,0,0,0,0,0},
  {0,0,0,0,0,0},
  {0,0,0,0,0,0},
  {0,0,0,0,0,0},
  {0,0,0,0,0,0},
  {0,0,0,0,0,0},
  {0,0,0,0,0,0},
  {0,0,0,0,0,0},
  {0,0,0,0,0,0},
  {0,0,0,0,0,0},
  {0,0,0,0,0,0},
  {0,0,0,0,0,0},
  {0,0,0,0,0,0},
  {0,0,0,0,0,0},
  {0,0,0,0,0,0},
  {0,0,0,0,0,0},
  {0,0,0,0,0,0},
  {0,0,0,0,0,0},
  {0,0,0,0,0,0},
  {0,0,0,0,0,0},
  {0,0,0,0,0,0},
  {0,0,0,0,0,0},
  {0,0,0,0,0,0},
  {0,0,0,0,0,0},
  {0,0,0,0,0,0},
  {0,0,0,0,0,0},
  {0,0,0,0,0,0},
  {0,0,0,0,0,0},
  {0,0,0,0,0,0},
  {0,0,0,0,0,0},
  {0,0,0,0,0,0},
  {0,0,0,0,0,0},
  {0,0,0,0,0,0},
  {0,0,0,0,0,0},
  {0,0,0,0,0,0},
  {0,0,0,0,0,0},
  {0,0,0,0,0,0},
  {0,0,0,0,0,0},
  {0,0,0,0,0,0},
  {0,0,0,0,0,0},
  {0,0,0,0,0,0},
  {0,0,0,0,0,0},
  {0,0,0,0,0,0},
  {0,0,0,0,0,0},
  {0,0,0,0,0,0},
  {0,0,0,0,0,0},
  {0,0,0,0,0,0},
  {0,0,0,0,0,0},
  {0,0,0,0,0,0},
  {0,0,0,0,0,0},
  {0,0,0,0,0,0},
  {0,0,0,0,0,0},
  {0,0,0,0,0,0},
  {0,0,0,0,0,0},
  {0,0,0,0,0,0},
  {0,0,0,0,0,0},
  {0,0,0,0,0,0},
  {0,0,0,0,0,0},
  {0,0,0,0,0,0},
  {0,0,0,0,0,0},
  {0,0,0,0,0,0},
  {0,0,0,0,0,0},
  {0,0,0,0,0,0},
  {0,0,0,0,0,0},
  {0,0,0,0,0,0},
  {0,0,0,0,0,0},
  {19046,40,64,48,5,-64},
  {19366,40,62,48,5,-62},
  {19676,59,51,64,1,-50},
  {20053,34,64,41,5,-64},
  {20325,46,52,51,3,-51},
  {20624,43,52,48,2,-51},
  {20904,10,50,20,5,-50},
  {20967,23,62,20,-2,-62},
  {21146,34,51,40,1,-50},
  {21363,76,51,79,0,-50},
  {21848,69,50,76,5,-50},
  {22280,57,50,63,1,-50},
  {22637,39,64,44,5,-64},
  {22949,42,64,52,5,-64},
  {23285,45,67,45,0,-66},
  {23662,42,64,52,5,-50},
  {23998,48,50,52,2,-50},
  {24298,44,50,52,5,-50},
  {24573,44,50,52,5,-50},
  {24848,34,50,41,5,-50},
  {25061,49,64,51,1,-50},
  {25453,40,50,48,5,-50},
  {25703,65,50,65,0,-50},
  {26110,40,52,45,2,-51},
  {26370,42,50,52,5,-50},
  {26633,42,66,52,5,-66},
  {26980,39,50,44,5,-50},
  {27224,46,51,51,0,-50},
  {27518,50,50,60,5,-50},
  {27831,42,50,52,5,-50},
  {28094,50,52,56,3,-51},
  {28419,42,50,52,5,-50},
  {28682,41,50,48,5,-50},
  {28939,47,52,52,3,-51},
  {29245,42,50,44,1,-50},
  {29508,45,51,45,0,-50},
  {29795,57,52,61,2,-51},
  {30166,46,50,48,1,-50},
  {30454,47,64,53,5,-50},
  {30830,42,50,51,4,-50},
  {31093,63,50,72,5,-50},
  {31487,68,64,73,5,-50},
  {32031,59,50,63,1,-50},
  {32400,61,50,70,5,-50},
  {32782,44,50,52,5,-50},
  {33057,46,52,51,2,-51},
  {33356,66,52,74,5,-51},
  {33785,46,50,52,1,-50},
  {34073,39,40,40,2,-39},
  {34268,39,53,44,3,-52},
  {34527,36,38,44,5,-38},
  {34698,23,38,30,5,-38},
  {34808,44,52,46,0,-38},
  {35094,35,40,40,3,-39},
  {35269,51,38,51,0,-38},
  {35512,31,40,36,2,-39},
  {35667,34,38,44,5,-38},
  {35829,34,54,44,5,-54},
  {36059,31,38,36,5,-38},
  {36207,40,39,46,1,-38},
  {36402,43,38,53,5,-38},
  {36607,34,38,43,5,-38},
  {36769,38,40,44,3,-39},
  {36959,34,38,43,5,-38},
  {37121,36,54,44,5,-39},
  {37364,35,40,40,3,-39},
  {37539,31,38,35,2,-38},
  {37687,39,53,40,1,-38},
  {37946,57,67,63,3,-52},
  {38424,38,38,40,1,-38},
  {38605,39,52,44,5,-38},
  {38859,34,38,42,3,-38},
  {39021,50,38,60,5,-38},
  {39259,55,52,61,5,-38},
  {39617,49,38,52,1,-38},
  {39850,52,38,61,5,-38},
  {40097,36,38,44,5,-38},
  {40268,35,40,40,2,-39},
  {40443,54,40,61,5,-39},
  {40713,37,38,42,0,-38},
  {40889,35,54,40,3,-53},
  {41126,35,51,40,3,-50},
  {41350,40,67,44,0,-52},
  {41685,24,53,30,5,-53},
  {41844,35,40,40,3,-39},
  {42019,34,40,40,3,-39},
  {42189,10,52,20,5,-52},
  {42254,23,50,20,-1,-50},
  {42398,16,67,20,-1,-52},
  {42532,66,39,70,1,-38},
  {42854,57,38,65,5,-38},
  {43125,40,52,44,0,-52},
  {43385,31,53,36,5,-53},
  {43591,34,53,44,5,-53},
  {43817,39,69,40,1,-54},
  {44154,34,52,43,5,-38},
};
static const lgfx::GFXfont LibSans50((uint8_t *)LibSans50_bitmap, (lgfx::GFXglyph *)LibSans50_glyphs, 0x20, 0x45F, 82);
